device,pop_n,m,rep,step,recorded,radio_up,established,conn_idx,ms_to_establish,in_flight,peripheral_links,total_links,ms_to_identified,ms_to_session,ms_to_converged,mtu_establish,mtu_identified
18130c0f5a36449cc5c1d5e0c17e83ba4d248625655035b08e971693fb29ae40,2,1,1,N=2 M=1 t1,1,True,1,1,854.0,1.0,1.0,2.0,1546.0,,854.0,,
18130c0f5a36449cc5c1d5e0c17e83ba4d248625655035b08e971693fb29ae40,2,1,2,N=2 M=1 t2,0,True,0,0,,,,,,,,,
18130c0f5a36449cc5c1d5e0c17e83ba4d248625655035b08e971693fb29ae40,3,1,1,N=3 M=1 t1,2,True,2,1,1268.0,1.0,1.0,2.0,2054.0,,3489.0,,
18130c0f5a36449cc5c1d5e0c17e83ba4d248625655035b08e971693fb29ae40,3,1,1,N=3 M=1 t1,2,True,2,2,78829.0,1.0,2.0,4.0,,,,,
18130c0f5a36449cc5c1d5e0c17e83ba4d248625655035b08e971693fb29ae40,3,1,2,N=3 M=1 t2,2,True,2,1,82.0,1.0,1.0,2.0,820.0,,82.0,,
18130c0f5a36449cc5c1d5e0c17e83ba4d248625655035b08e971693fb29ae40,3,1,2,N=3 M=1 t2,2,True,2,2,98123.0,1.0,1.0,3.0,,,,,
18130c0f5a36449cc5c1d5e0c17e83ba4d248625655035b08e971693fb29ae40,3,2,1,N=3 M=2 t1,1,True,1,1,19208.0,1.0,2.0,4.0,19925.0,20162.0,20714.0,,
18130c0f5a36449cc5c1d5e0c17e83ba4d248625655035b08e971693fb29ae40,3,2,2,N=3 M=2 t2,3,True,3,1,2533.0,1.0,0.0,1.0,3313.0,,3951.0,,
18130c0f5a36449cc5c1d5e0c17e83ba4d248625655035b08e971693fb29ae40,3,2,2,N=3 M=2 t2,3,True,3,2,18981.0,1.0,2.0,4.0,19865.0,,20674.0,,
18130c0f5a36449cc5c1d5e0c17e83ba4d248625655035b08e971693fb29ae40,3,2,2,N=3 M=2 t2,3,True,3,3,31213.0,1.0,2.0,4.0,32429.0,,,,
18130c0f5a36449cc5c1d5e0c17e83ba4d248625655035b08e971693fb29ae40,4,1,1,N=4 M=1 t1,2,True,2,1,560.0,1.0,1.0,2.0,1411.0,,560.0,,
18130c0f5a36449cc5c1d5e0c17e83ba4d248625655035b08e971693fb29ae40,4,1,1,N=4 M=1 t1,2,True,2,2,19061.0,1.0,2.0,4.0,19783.0,,20475.0,,
18130c0f5a36449cc5c1d5e0c17e83ba4d248625655035b08e971693fb29ae40,4,1,2,N=4 M=1 t2,2,True,2,1,289.0,1.0,1.0,2.0,973.0,,289.0,,
18130c0f5a36449cc5c1d5e0c17e83ba4d248625655035b08e971693fb29ae40,4,1,2,N=4 M=1 t2,2,True,2,2,80574.0,1.0,2.0,4.0,81280.0,,81970.0,,
18130c0f5a36449cc5c1d5e0c17e83ba4d248625655035b08e971693fb29ae40,4,2,1,N=4 M=2 t1,2,True,2,1,11145.0,1.0,1.0,3.0,19021.0,,19728.0,,
18130c0f5a36449cc5c1d5e0c17e83ba4d248625655035b08e971693fb29ae40,4,2,1,N=4 M=2 t1,2,True,2,2,18161.0,1.0,2.0,4.0,19021.0,,19728.0,,
18130c0f5a36449cc5c1d5e0c17e83ba4d248625655035b08e971693fb29ae40,4,2,2,N=4 M=2 t2,6,True,6,1,1733.0,2.0,1.0,2.0,43829.0,,3324.0,,
18130c0f5a36449cc5c1d5e0c17e83ba4d248625655035b08e971693fb29ae40,4,2,2,N=4 M=2 t2,6,True,6,2,21057.0,2.0,3.0,5.0,68467.0,,69086.0,,
18130c0f5a36449cc5c1d5e0c17e83ba4d248625655035b08e971693fb29ae40,4,2,2,N=4 M=2 t2,6,True,6,3,21554.0,2.0,3.0,5.0,,,21554.0,,
18130c0f5a36449cc5c1d5e0c17e83ba4d248625655035b08e971693fb29ae40,4,2,2,N=4 M=2 t2,6,True,6,4,43071.0,1.0,0.0,1.0,43829.0,,44491.0,,
18130c0f5a36449cc5c1d5e0c17e83ba4d248625655035b08e971693fb29ae40,4,2,2,N=4 M=2 t2,6,True,6,5,67574.0,1.0,2.0,4.0,68467.0,,69086.0,,
18130c0f5a36449cc5c1d5e0c17e83ba4d248625655035b08e971693fb29ae40,4,2,2,N=4 M=2 t2,6,True,6,6,86028.0,1.0,2.0,4.0,87381.0,,,,
18130c0f5a36449cc5c1d5e0c17e83ba4d248625655035b08e971693fb29ae40,4,3,1,N=4 M=3 t1,1,True,1,1,679.0,1.0,1.0,2.0,1329.0,,679.0,,
18130c0f5a36449cc5c1d5e0c17e83ba4d248625655035b08e971693fb29ae40,4,3,2,N=4 M=3 t2,3,True,3,1,3610.0,2.0,1.0,2.0,,,,,
18130c0f5a36449cc5c1d5e0c17e83ba4d248625655035b08e971693fb29ae40,4,3,2,N=4 M=3 t2,3,True,3,2,5192.0,1.0,2.0,3.0,5868.0,,5192.0,,
18130c0f5a36449cc5c1d5e0c17e83ba4d248625655035b08e971693fb29ae40,4,3,2,N=4 M=3 t2,3,True,3,3,37068.0,1.0,1.0,3.0,,,,,
18130c0f5a36449cc5c1d5e0c17e83ba4d248625655035b08e971693fb29ae40,5,1,1,N=5 M=1 t1,1,True,1,1,45289.0,1.0,2.0,4.0,,,,,
18130c0f5a36449cc5c1d5e0c17e83ba4d248625655035b08e971693fb29ae40,5,1,2,N=5 M=1 t2,2,True,2,1,54.0,1.0,1.0,2.0,691.0,,54.0,,
18130c0f5a36449cc5c1d5e0c17e83ba4d248625655035b08e971693fb29ae40,5,1,2,N=5 M=1 t2,2,True,2,2,114879.0,1.0,1.0,3.0,,,,,
18130c0f5a36449cc5c1d5e0c17e83ba4d248625655035b08e971693fb29ae40,5,2,1,N=5 M=2 t1,1,True,1,1,32901.0,1.0,2.0,4.0,,,,,
18130c0f5a36449cc5c1d5e0c17e83ba4d248625655035b08e971693fb29ae40,5,2,2,N=5 M=2 t2,2,True,2,1,4458.0,2.0,2.0,3.0,5524.0,,17657.0,,
18130c0f5a36449cc5c1d5e0c17e83ba4d248625655035b08e971693fb29ae40,5,2,2,N=5 M=2 t2,2,True,2,2,85115.0,1.0,2.0,4.0,,,,,
18130c0f5a36449cc5c1d5e0c17e83ba4d248625655035b08e971693fb29ae40,5,3,1,N=5 M=3 t1,2,True,2,1,2559.0,1.0,2.0,3.0,3303.0,,16365.0,,
18130c0f5a36449cc5c1d5e0c17e83ba4d248625655035b08e971693fb29ae40,5,3,1,N=5 M=3 t1,2,True,2,2,67129.0,1.0,2.0,4.0,,,,,
18130c0f5a36449cc5c1d5e0c17e83ba4d248625655035b08e971693fb29ae40,5,3,2,N=5 M=3 t2,2,True,2,1,4791.0,2.0,2.0,3.0,,,,,
18130c0f5a36449cc5c1d5e0c17e83ba4d248625655035b08e971693fb29ae40,5,3,2,N=5 M=3 t2,2,True,2,2,24077.0,1.0,2.0,3.0,24856.0,,24077.0,,
18130c0f5a36449cc5c1d5e0c17e83ba4d248625655035b08e971693fb29ae40,5,4,1,N=5 M=4 t1,5,True,5,1,3282.0,1.0,1.0,2.0,3894.0,,3282.0,,
18130c0f5a36449cc5c1d5e0c17e83ba4d248625655035b08e971693fb29ae40,5,4,1,N=5 M=4 t1,5,True,5,2,46087.0,1.0,1.0,3.0,,,,,
18130c0f5a36449cc5c1d5e0c17e83ba4d248625655035b08e971693fb29ae40,5,4,1,N=5 M=4 t1,5,True,5,3,53548.0,1.0,1.0,3.0,,,,,
18130c0f5a36449cc5c1d5e0c17e83ba4d248625655035b08e971693fb29ae40,5,4,1,N=5 M=4 t1,5,True,5,4,57070.0,1.0,1.0,3.0,,,,,
18130c0f5a36449cc5c1d5e0c17e83ba4d248625655035b08e971693fb29ae40,5,4,1,N=5 M=4 t1,5,True,5,5,113503.0,1.0,2.0,4.0,,,,,
18130c0f5a36449cc5c1d5e0c17e83ba4d248625655035b08e971693fb29ae40,5,4,2,N=5 M=4 t2,1,True,2,1,2671.0,1.0,2.0,3.0,3453.0,,19007.0,,
18130c0f5a36449cc5c1d5e0c17e83ba4d248625655035b08e971693fb29ae40,5,4,2,N=5 M=4 t2,1,True,2,2,116216.0,1.0,2.0,4.0,,,,,
18130c0f5a36449cc5c1d5e0c17e83ba4d248625655035b08e971693fb29ae40,6,1,1,N=6 M=1 t1,4,True,4,1,283.0,1.0,2.0,4.0,913.0,,283.0,,
18130c0f5a36449cc5c1d5e0c17e83ba4d248625655035b08e971693fb29ae40,6,1,1,N=6 M=1 t1,4,True,4,2,39604.0,1.0,3.0,6.0,40331.0,,41119.0,,
18130c0f5a36449cc5c1d5e0c17e83ba4d248625655035b08e971693fb29ae40,6,1,1,N=6 M=1 t1,4,True,4,3,49991.0,1.0,3.0,6.0,56148.0,,53735.0,,
18130c0f5a36449cc5c1d5e0c17e83ba4d248625655035b08e971693fb29ae40,6,1,1,N=6 M=1 t1,4,True,4,4,54214.0,1.0,4.0,7.0,56148.0,,54214.0,,
18130c0f5a36449cc5c1d5e0c17e83ba4d248625655035b08e971693fb29ae40,6,1,2,N=6 M=1 t2,2,True,2,1,40377.0,1.0,2.0,4.0,41161.0,,48752.0,,
18130c0f5a36449cc5c1d5e0c17e83ba4d248625655035b08e971693fb29ae40,6,1,2,N=6 M=1 t2,2,True,2,2,55621.0,1.0,3.0,5.0,56474.0,,55621.0,,
18130c0f5a36449cc5c1d5e0c17e83ba4d248625655035b08e971693fb29ae40,6,2,1,N=6 M=2 t1,4,True,4,1,351.0,1.0,2.0,4.0,977.0,,351.0,,
18130c0f5a36449cc5c1d5e0c17e83ba4d248625655035b08e971693fb29ae40,6,2,1,N=6 M=2 t1,4,True,4,2,12762.0,1.0,2.0,4.0,13476.0,,14190.0,,
18130c0f5a36449cc5c1d5e0c17e83ba4d248625655035b08e971693fb29ae40,6,2,1,N=6 M=2 t1,4,True,4,3,34396.0,2.0,3.0,5.0,36057.0,,34396.0,,
18130c0f5a36449cc5c1d5e0c17e83ba4d248625655035b08e971693fb29ae40,6,2,1,N=6 M=2 t1,4,True,4,4,110669.0,1.0,4.0,7.0,,,,,
18130c0f5a36449cc5c1d5e0c17e83ba4d248625655035b08e971693fb29ae40,6,2,2,N=6 M=2 t2,8,True,8,1,3766.0,2.0,2.0,3.0,,,,,
18130c0f5a36449cc5c1d5e0c17e83ba4d248625655035b08e971693fb29ae40,6,2,2,N=6 M=2 t2,8,True,8,2,4755.0,2.0,4.0,6.0,20800.0,,24948.0,,
18130c0f5a36449cc5c1d5e0c17e83ba4d248625655035b08e971693fb29ae40,6,2,2,N=6 M=2 t2,8,True,8,3,8669.0,2.0,3.0,4.0,20800.0,,24948.0,,
18130c0f5a36449cc5c1d5e0c17e83ba4d248625655035b08e971693fb29ae40,6,2,2,N=6 M=2 t2,8,True,8,4,9430.0,2.0,4.0,6.0,,,,,
18130c0f5a36449cc5c1d5e0c17e83ba4d248625655035b08e971693fb29ae40,6,2,2,N=6 M=2 t2,8,True,8,5,14254.0,2.0,3.0,4.0,,,,,
18130c0f5a36449cc5c1d5e0c17e83ba4d248625655035b08e971693fb29ae40,6,2,2,N=6 M=2 t2,8,True,8,6,14568.0,2.0,4.0,6.0,20800.0,,24948.0,,
18130c0f5a36449cc5c1d5e0c17e83ba4d248625655035b08e971693fb29ae40,6,2,2,N=6 M=2 t2,8,True,8,7,16505.0,1.0,5.0,7.0,17413.0,,18104.0,,
18130c0f5a36449cc5c1d5e0c17e83ba4d248625655035b08e971693fb29ae40,6,2,2,N=6 M=2 t2,8,True,8,8,19503.0,1.0,4.0,7.0,20800.0,,24948.0,,
18130c0f5a36449cc5c1d5e0c17e83ba4d248625655035b08e971693fb29ae40,6,3,1,N=6 M=3 t1,3,True,3,1,1022.0,1.0,2.0,4.0,1767.0,,1022.0,,
18130c0f5a36449cc5c1d5e0c17e83ba4d248625655035b08e971693fb29ae40,6,3,1,N=6 M=3 t1,3,True,3,2,59343.0,1.0,2.0,5.0,,,,,
18130c0f5a36449cc5c1d5e0c17e83ba4d248625655035b08e971693fb29ae40,6,3,1,N=6 M=3 t1,3,True,3,3,96876.0,1.0,3.0,6.0,,,,,
18130c0f5a36449cc5c1d5e0c17e83ba4d248625655035b08e971693fb29ae40,6,3,2,N=6 M=3 t2,5,True,5,1,3104.0,2.0,2.0,3.0,,,,,
18130c0f5a36449cc5c1d5e0c17e83ba4d248625655035b08e971693fb29ae40,6,3,2,N=6 M=3 t2,5,True,5,2,3831.0,2.0,3.0,5.0,10843.0,,3831.0,,
18130c0f5a36449cc5c1d5e0c17e83ba4d248625655035b08e971693fb29ae40,6,3,2,N=6 M=3 t2,5,True,5,3,6857.0,1.0,4.0,5.0,11772.0,,6857.0,,
18130c0f5a36449cc5c1d5e0c17e83ba4d248625655035b08e971693fb29ae40,6,3,2,N=6 M=3 t2,5,True,5,4,10143.0,2.0,3.0,5.0,10843.0,,10143.0,,
18130c0f5a36449cc5c1d5e0c17e83ba4d248625655035b08e971693fb29ae40,6,3,2,N=6 M=3 t2,5,True,5,5,55385.0,1.0,3.0,6.0,,,,,
18130c0f5a36449cc5c1d5e0c17e83ba4d248625655035b08e971693fb29ae40,6,4,1,N=6 M=4 t1,5,True,5,1,2967.0,2.0,3.0,5.0,84780.0,,20886.0,,
18130c0f5a36449cc5c1d5e0c17e83ba4d248625655035b08e971693fb29ae40,6,4,1,N=6 M=4 t1,5,True,5,2,22248.0,2.0,3.0,5.0,23091.0,,22248.0,,
18130c0f5a36449cc5c1d5e0c17e83ba4d248625655035b08e971693fb29ae40,6,4,1,N=6 M=4 t1,5,True,5,3,84032.0,1.0,2.0,4.0,84780.0,,85679.0,,
18130c0f5a36449cc5c1d5e0c17e83ba4d248625655035b08e971693fb29ae40,6,4,1,N=6 M=4 t1,5,True,5,4,100682.0,1.0,2.0,4.0,,,104403.0,,
18130c0f5a36449cc5c1d5e0c17e83ba4d248625655035b08e971693fb29ae40,6,4,1,N=6 M=4 t1,5,True,5,5,104513.0,1.0,2.0,4.0,105450.0,,104513.0,,
18130c0f5a36449cc5c1d5e0c17e83ba4d248625655035b08e971693fb29ae40,6,4,2,N=6 M=4 t2,4,True,4,1,1143.0,1.0,1.0,2.0,1880.0,,2102.0,,
18130c0f5a36449cc5c1d5e0c17e83ba4d248625655035b08e971693fb29ae40,6,4,2,N=6 M=4 t2,4,True,4,2,4009.0,1.0,3.0,5.0,5720.0,,33840.0,,
18130c0f5a36449cc5c1d5e0c17e83ba4d248625655035b08e971693fb29ae40,6,4,2,N=6 M=4 t2,4,True,4,3,31573.0,1.0,3.0,5.0,35604.0,,33840.0,,
18130c0f5a36449cc5c1d5e0c17e83ba4d248625655035b08e971693fb29ae40,6,4,2,N=6 M=4 t2,4,True,4,4,80360.0,1.0,3.0,5.0,81326.0,,80360.0,,
18130c0f5a36449cc5c1d5e0c17e83ba4d248625655035b08e971693fb29ae40,6,5,1,N=6 M=5 t1,3,True,3,1,3694.0,1.0,1.0,2.0,4873.0,,6778.0,,
18130c0f5a36449cc5c1d5e0c17e83ba4d248625655035b08e971693fb29ae40,6,5,1,N=6 M=5 t1,3,True,3,2,8045.0,1.0,4.0,6.0,9534.0,,8216.0,,
18130c0f5a36449cc5c1d5e0c17e83ba4d248625655035b08e971693fb29ae40,6,5,1,N=6 M=5 t1,3,True,3,3,48310.0,2.0,3.0,5.0,48975.0,,48310.0,,
18130c0f5a36449cc5c1d5e0c17e83ba4d248625655035b08e971693fb29ae40,6,5,2,N=6 M=5 t2,4,True,4,1,103.0,1.0,1.0,2.0,728.0,,103.0,,
18130c0f5a36449cc5c1d5e0c17e83ba4d248625655035b08e971693fb29ae40,6,5,2,N=6 M=5 t2,4,True,4,2,2643.0,1.0,2.0,4.0,3878.0,,4420.0,,
18130c0f5a36449cc5c1d5e0c17e83ba4d248625655035b08e971693fb29ae40,6,5,2,N=6 M=5 t2,4,True,4,3,81541.0,1.0,4.0,7.0,82248.0,,82992.0,,
18130c0f5a36449cc5c1d5e0c17e83ba4d248625655035b08e971693fb29ae40,6,5,2,N=6 M=5 t2,4,True,4,4,90935.0,1.0,3.0,6.0,91838.0,,90935.0,,
18130c0f5a36449cc5c1d5e0c17e83ba4d248625655035b08e971693fb29ae40,7,1,1,N=7 M=1 t1,3,True,3,1,2715.0,1.0,2.0,4.0,3338.0,,27831.0,,
18130c0f5a36449cc5c1d5e0c17e83ba4d248625655035b08e971693fb29ae40,7,1,1,N=7 M=1 t1,3,True,3,2,5051.0,1.0,3.0,6.0,6037.0,,19595.0,,
18130c0f5a36449cc5c1d5e0c17e83ba4d248625655035b08e971693fb29ae40,7,1,1,N=7 M=1 t1,3,True,3,3,24906.0,1.0,3.0,7.0,,,,,
18130c0f5a36449cc5c1d5e0c17e83ba4d248625655035b08e971693fb29ae40,7,1,2,N=7 M=1 t2,3,True,3,1,1440.0,1.0,2.0,4.0,2420.0,,1440.0,,
18130c0f5a36449cc5c1d5e0c17e83ba4d248625655035b08e971693fb29ae40,7,1,2,N=7 M=1 t2,3,True,3,2,3911.0,1.0,3.0,6.0,4616.0,,3911.0,,
18130c0f5a36449cc5c1d5e0c17e83ba4d248625655035b08e971693fb29ae40,7,1,2,N=7 M=1 t2,3,True,3,3,77284.0,1.0,3.0,7.0,,,,,
18130c0f5a36449cc5c1d5e0c17e83ba4d248625655035b08e971693fb29ae40,7,2,1,N=7 M=2 t1,4,True,4,1,232.0,1.0,3.0,5.0,998.0,,232.0,,
18130c0f5a36449cc5c1d5e0c17e83ba4d248625655035b08e971693fb29ae40,7,2,1,N=7 M=2 t1,4,True,4,2,3295.0,1.0,3.0,6.0,3904.0,,5345.0,,
18130c0f5a36449cc5c1d5e0c17e83ba4d248625655035b08e971693fb29ae40,7,2,1,N=7 M=2 t1,4,True,4,3,24318.0,2.0,3.0,6.0,39230.0,,24318.0,,
18130c0f5a36449cc5c1d5e0c17e83ba4d248625655035b08e971693fb29ae40,7,2,1,N=7 M=2 t1,4,True,4,4,86519.0,1.0,3.0,6.0,87229.0,,87834.0,,
18130c0f5a36449cc5c1d5e0c17e83ba4d248625655035b08e971693fb29ae40,7,2,2,N=7 M=2 t2,6,True,6,1,1131.0,1.0,2.0,4.0,2570.0,,21938.0,,
18130c0f5a36449cc5c1d5e0c17e83ba4d248625655035b08e971693fb29ae40,7,2,2,N=7 M=2 t2,6,True,6,2,4288.0,2.0,4.0,7.0,5412.0,,4288.0,,
18130c0f5a36449cc5c1d5e0c17e83ba4d248625655035b08e971693fb29ae40,7,2,2,N=7 M=2 t2,6,True,6,3,20247.0,1.0,3.0,6.0,22272.0,,21938.0,,
18130c0f5a36449cc5c1d5e0c17e83ba4d248625655035b08e971693fb29ae40,7,2,2,N=7 M=2 t2,6,True,6,4,47286.0,1.0,4.0,7.0,47908.0,,54678.0,,
18130c0f5a36449cc5c1d5e0c17e83ba4d248625655035b08e971693fb29ae40,7,2,2,N=7 M=2 t2,6,True,6,5,54387.0,1.0,5.0,9.0,,,,,
18130c0f5a36449cc5c1d5e0c17e83ba4d248625655035b08e971693fb29ae40,7,2,2,N=7 M=2 t2,6,True,6,6,55739.0,1.0,4.0,7.0,56680.0,,55739.0,,
18130c0f5a36449cc5c1d5e0c17e83ba4d248625655035b08e971693fb29ae40,7,3,1,N=7 M=3 t1,6,True,6,1,71.0,1.0,3.0,5.0,1760.0,,3136.0,,
18130c0f5a36449cc5c1d5e0c17e83ba4d248625655035b08e971693fb29ae40,7,3,1,N=7 M=3 t1,6,True,6,2,4936.0,2.0,3.0,6.0,29279.0,,30703.0,,
18130c0f5a36449cc5c1d5e0c17e83ba4d248625655035b08e971693fb29ae40,7,3,1,N=7 M=3 t1,6,True,6,3,28466.0,1.0,4.0,7.0,29279.0,,30703.0,,
18130c0f5a36449cc5c1d5e0c17e83ba4d248625655035b08e971693fb29ae40,7,3,1,N=7 M=3 t1,6,True,6,4,50830.0,1.0,3.0,6.0,52439.0,,51693.0,,
18130c0f5a36449cc5c1d5e0c17e83ba4d248625655035b08e971693fb29ae40,7,3,1,N=7 M=3 t1,6,True,6,5,69078.0,1.0,4.0,7.0,70463.0,,71798.0,,
18130c0f5a36449cc5c1d5e0c17e83ba4d248625655035b08e971693fb29ae40,7,3,1,N=7 M=3 t1,6,True,6,6,110277.0,1.0,4.0,7.0,111057.0,,110277.0,,
18130c0f5a36449cc5c1d5e0c17e83ba4d248625655035b08e971693fb29ae40,7,3,2,N=7 M=3 t2,4,True,4,1,4250.0,1.0,2.0,4.0,4691.0,,4250.0,,
18130c0f5a36449cc5c1d5e0c17e83ba4d248625655035b08e971693fb29ae40,7,3,2,N=7 M=3 t2,4,True,4,2,5047.0,1.0,3.0,6.0,6487.0,,7871.0,,
18130c0f5a36449cc5c1d5e0c17e83ba4d248625655035b08e971693fb29ae40,7,3,2,N=7 M=3 t2,4,True,4,3,53670.0,1.0,4.0,7.0,55148.0,,53670.0,,
18130c0f5a36449cc5c1d5e0c17e83ba4d248625655035b08e971693fb29ae40,7,3,2,N=7 M=3 t2,4,True,4,4,95068.0,1.0,3.0,6.0,95639.0,,95068.0,,
18130c0f5a36449cc5c1d5e0c17e83ba4d248625655035b08e971693fb29ae40,7,4,1,N=7 M=4 t1,3,True,3,1,3575.0,1.0,2.0,3.0,4134.0,,24231.0,,
18130c0f5a36449cc5c1d5e0c17e83ba4d248625655035b08e971693fb29ae40,7,4,1,N=7 M=4 t1,3,True,3,2,5319.0,1.0,4.0,6.0,6046.0,,21953.0,,
18130c0f5a36449cc5c1d5e0c17e83ba4d248625655035b08e971693fb29ae40,7,4,1,N=7 M=4 t1,3,True,3,3,11143.0,1.0,6.0,9.0,13020.0,,24395.0,,
18130c0f5a36449cc5c1d5e0c17e83ba4d248625655035b08e971693fb29ae40,7,4,2,N=7 M=4 t2,2,True,2,1,1979.0,1.0,2.0,4.0,10581.0,,4885.0,,
18130c0f5a36449cc5c1d5e0c17e83ba4d248625655035b08e971693fb29ae40,7,4,2,N=7 M=4 t2,2,True,2,2,4354.0,1.0,3.0,6.0,5148.0,,5881.0,,
18130c0f5a36449cc5c1d5e0c17e83ba4d248625655035b08e971693fb29ae40,7,5,1,N=7 M=5 t1,7,True,7,1,1885.0,1.0,4.0,6.0,2468.0,,52801.0,,
18130c0f5a36449cc5c1d5e0c17e83ba4d248625655035b08e971693fb29ae40,7,5,1,N=7 M=5 t1,7,True,7,2,7921.0,1.0,4.0,6.0,8536.0,,71557.0,,
18130c0f5a36449cc5c1d5e0c17e83ba4d248625655035b08e971693fb29ae40,7,5,1,N=7 M=5 t1,7,True,7,3,10627.0,1.0,5.0,8.0,11821.0,,10627.0,,
18130c0f5a36449cc5c1d5e0c17e83ba4d248625655035b08e971693fb29ae40,7,5,1,N=7 M=5 t1,7,True,7,4,27037.0,1.0,2.0,4.0,37128.0,,52801.0,,
18130c0f5a36449cc5c1d5e0c17e83ba4d248625655035b08e971693fb29ae40,7,5,1,N=7 M=5 t1,7,True,7,5,51466.0,1.0,3.0,5.0,52137.0,,52801.0,,
18130c0f5a36449cc5c1d5e0c17e83ba4d248625655035b08e971693fb29ae40,7,5,1,N=7 M=5 t1,7,True,7,6,67633.0,2.0,4.0,7.0,68393.0,,71557.0,,
18130c0f5a36449cc5c1d5e0c17e83ba4d248625655035b08e971693fb29ae40,7,5,1,N=7 M=5 t1,7,True,7,7,68464.0,1.0,4.0,8.0,,,,,
18130c0f5a36449cc5c1d5e0c17e83ba4d248625655035b08e971693fb29ae40,7,5,2,N=7 M=5 t2,4,True,4,1,1487.0,1.0,3.0,5.0,2329.0,,1487.0,,
18130c0f5a36449cc5c1d5e0c17e83ba4d248625655035b08e971693fb29ae40,7,5,2,N=7 M=5 t2,4,True,4,2,4463.0,1.0,4.0,7.0,5851.0,,19539.0,,
18130c0f5a36449cc5c1d5e0c17e83ba4d248625655035b08e971693fb29ae40,7,5,2,N=7 M=5 t2,4,True,4,3,27069.0,1.0,3.0,7.0,85325.0,,86148.0,,
18130c0f5a36449cc5c1d5e0c17e83ba4d248625655035b08e971693fb29ae40,7,5,2,N=7 M=5 t2,4,True,4,4,84489.0,1.0,4.0,8.0,85325.0,,86148.0,,
18130c0f5a36449cc5c1d5e0c17e83ba4d248625655035b08e971693fb29ae40,7,6,1,N=7 M=6 t1,3,True,3,1,3623.0,2.0,3.0,6.0,,,,,
18130c0f5a36449cc5c1d5e0c17e83ba4d248625655035b08e971693fb29ae40,7,6,1,N=7 M=6 t1,3,True,3,2,24696.0,1.0,3.0,6.0,25647.0,,24696.0,,
18130c0f5a36449cc5c1d5e0c17e83ba4d248625655035b08e971693fb29ae40,7,6,1,N=7 M=6 t1,3,True,3,3,49162.0,1.0,3.0,6.0,50472.0,,65640.0,,
18130c0f5a36449cc5c1d5e0c17e83ba4d248625655035b08e971693fb29ae40,7,6,2,N=7 M=6 t2,6,True,6,1,1407.0,1.0,4.0,6.0,2364.0,,3775.0,,
18130c0f5a36449cc5c1d5e0c17e83ba4d248625655035b08e971693fb29ae40,7,6,2,N=7 M=6 t2,6,True,6,2,2161.0,2.0,3.0,6.0,2709.0,,2161.0,,
18130c0f5a36449cc5c1d5e0c17e83ba4d248625655035b08e971693fb29ae40,7,6,2,N=7 M=6 t2,6,True,6,3,14248.0,1.0,4.0,7.0,14984.0,,31696.0,,
18130c0f5a36449cc5c1d5e0c17e83ba4d248625655035b08e971693fb29ae40,7,6,2,N=7 M=6 t2,6,True,6,4,52244.0,1.0,4.0,7.0,53573.0,,,,
18130c0f5a36449cc5c1d5e0c17e83ba4d248625655035b08e971693fb29ae40,7,6,2,N=7 M=6 t2,6,True,6,5,62818.0,1.0,5.0,9.0,,,,,
18130c0f5a36449cc5c1d5e0c17e83ba4d248625655035b08e971693fb29ae40,7,6,2,N=7 M=6 t2,6,True,6,6,75108.0,2.0,5.0,9.0,76089.0,,94195.0,,
18130c0f5a36449cc5c1d5e0c17e83ba4d248625655035b08e971693fb29ae40,8,1,1,N=8 M=1 t1,5,True,5,1,610.0,1.0,2.0,4.0,6145.0,,610.0,,
18130c0f5a36449cc5c1d5e0c17e83ba4d248625655035b08e971693fb29ae40,8,1,1,N=8 M=1 t1,5,True,5,2,21272.0,1.0,3.0,6.0,22623.0,,62871.0,,
18130c0f5a36449cc5c1d5e0c17e83ba4d248625655035b08e971693fb29ae40,8,1,1,N=8 M=1 t1,5,True,5,3,24164.0,1.0,4.0,8.0,24747.0,,25360.0,,
18130c0f5a36449cc5c1d5e0c17e83ba4d248625655035b08e971693fb29ae40,8,1,1,N=8 M=1 t1,5,True,5,4,44807.0,1.0,4.0,8.0,46635.0,,62871.0,,
18130c0f5a36449cc5c1d5e0c17e83ba4d248625655035b08e971693fb29ae40,8,1,1,N=8 M=1 t1,5,True,5,5,60888.0,1.0,5.0,10.0,61573.0,,62113.0,,
18130c0f5a36449cc5c1d5e0c17e83ba4d248625655035b08e971693fb29ae40,8,1,2,N=8 M=1 t2,5,True,5,1,2850.0,1.0,2.0,4.0,3828.0,,27085.0,,
18130c0f5a36449cc5c1d5e0c17e83ba4d248625655035b08e971693fb29ae40,8,1,2,N=8 M=1 t2,5,True,5,2,8344.0,1.0,3.0,6.0,12094.0,,8344.0,,
18130c0f5a36449cc5c1d5e0c17e83ba4d248625655035b08e971693fb29ae40,8,1,2,N=8 M=1 t2,5,True,5,3,30905.0,1.0,4.0,8.0,52573.0,,53546.0,,
18130c0f5a36449cc5c1d5e0c17e83ba4d248625655035b08e971693fb29ae40,8,1,2,N=8 M=1 t2,5,True,5,4,50948.0,1.0,3.0,6.0,52573.0,,53546.0,,
18130c0f5a36449cc5c1d5e0c17e83ba4d248625655035b08e971693fb29ae40,8,1,2,N=8 M=1 t2,5,True,5,5,84907.0,1.0,4.0,8.0,86694.0,,88262.0,,
18130c0f5a36449cc5c1d5e0c17e83ba4d248625655035b08e971693fb29ae40,8,2,1,N=8 M=2 t1,11,True,2,1,2932.0,2.0,2.0,4.0,5301.0,,10923.0,,
18130c0f5a36449cc5c1d5e0c17e83ba4d248625655035b08e971693fb29ae40,8,2,1,N=8 M=2 t1,11,True,2,2,17571.0,2.0,4.0,7.0,,,,,
18130c0f5a36449cc5c1d5e0c17e83ba4d248625655035b08e971693fb29ae40,8,2,2,N=8 M=2 t2,12,True,12,1,2083.0,2.0,3.0,5.0,3068.0,,4468.0,,
18130c0f5a36449cc5c1d5e0c17e83ba4d248625655035b08e971693fb29ae40,8,2,2,N=8 M=2 t2,12,True,12,2,3513.0,2.0,4.0,7.0,4140.0,,3513.0,,
18130c0f5a36449cc5c1d5e0c17e83ba4d248625655035b08e971693fb29ae40,8,2,2,N=8 M=2 t2,12,True,12,3,11432.0,1.0,4.0,7.0,13402.0,,25749.0,,
18130c0f5a36449cc5c1d5e0c17e83ba4d248625655035b08e971693fb29ae40,8,2,2,N=8 M=2 t2,12,True,12,4,12340.0,2.0,4.0,8.0,14538.0,,27060.0,,
18130c0f5a36449cc5c1d5e0c17e83ba4d248625655035b08e971693fb29ae40,8,2,2,N=8 M=2 t2,12,True,12,5,23937.0,1.0,6.0,11.0,24735.0,,25535.0,,
18130c0f5a36449cc5c1d5e0c17e83ba4d248625655035b08e971693fb29ae40,8,2,2,N=8 M=2 t2,12,True,12,6,30256.0,1.0,6.0,11.0,31784.0,,52979.0,,
18130c0f5a36449cc5c1d5e0c17e83ba4d248625655035b08e971693fb29ae40,8,2,2,N=8 M=2 t2,12,True,12,7,32783.0,1.0,6.0,11.0,34304.0,,32783.0,,
18130c0f5a36449cc5c1d5e0c17e83ba4d248625655035b08e971693fb29ae40,8,2,2,N=8 M=2 t2,12,True,12,8,49964.0,1.0,6.0,11.0,51162.0,,49964.0,,
18130c0f5a36449cc5c1d5e0c17e83ba4d248625655035b08e971693fb29ae40,8,2,2,N=8 M=2 t2,12,True,12,9,66514.0,1.0,5.0,9.0,71474.0,,77344.0,,
18130c0f5a36449cc5c1d5e0c17e83ba4d248625655035b08e971693fb29ae40,8,2,2,N=8 M=2 t2,12,True,12,10,74614.0,1.0,5.0,9.0,75621.0,,,,
18130c0f5a36449cc5c1d5e0c17e83ba4d248625655035b08e971693fb29ae40,8,2,2,N=8 M=2 t2,12,True,12,11,81025.0,1.0,6.0,11.0,83129.0,,89133.0,,
18130c0f5a36449cc5c1d5e0c17e83ba4d248625655035b08e971693fb29ae40,8,2,2,N=8 M=2 t2,12,True,12,12,109914.0,1.0,6.0,11.0,111608.0,,,,
18130c0f5a36449cc5c1d5e0c17e83ba4d248625655035b08e971693fb29ae40,8,3,1,N=8 M=3 t1,11,True,11,1,27812.0,2.0,4.0,6.0,75321.0,,27812.0,,
18130c0f5a36449cc5c1d5e0c17e83ba4d248625655035b08e971693fb29ae40,8,3,1,N=8 M=3 t1,11,True,11,2,28437.0,2.0,5.0,8.0,,,,,
18130c0f5a36449cc5c1d5e0c17e83ba4d248625655035b08e971693fb29ae40,8,3,1,N=8 M=3 t1,11,True,11,3,34966.0,2.0,4.0,7.0,35782.0,,34966.0,,
18130c0f5a36449cc5c1d5e0c17e83ba4d248625655035b08e971693fb29ae40,8,3,1,N=8 M=3 t1,11,True,11,4,51356.0,1.0,4.0,7.0,,,,,
18130c0f5a36449cc5c1d5e0c17e83ba4d248625655035b08e971693fb29ae40,8,3,1,N=8 M=3 t1,11,True,11,5,65204.0,3.0,5.0,9.0,,,,,
18130c0f5a36449cc5c1d5e0c17e83ba4d248625655035b08e971693fb29ae40,8,3,1,N=8 M=3 t1,11,True,11,6,74575.0,2.0,4.0,7.0,75321.0,,76293.0,,
18130c0f5a36449cc5c1d5e0c17e83ba4d248625655035b08e971693fb29ae40,8,3,1,N=8 M=3 t1,11,True,11,7,80781.0,3.0,6.0,10.0,,,,,
18130c0f5a36449cc5c1d5e0c17e83ba4d248625655035b08e971693fb29ae40,8,3,1,N=8 M=3 t1,11,True,11,8,81326.0,3.0,6.0,11.0,,,,,
18130c0f5a36449cc5c1d5e0c17e83ba4d248625655035b08e971693fb29ae40,8,3,1,N=8 M=3 t1,11,True,11,9,82211.0,2.0,6.0,10.0,85488.0,,82211.0,,
18130c0f5a36449cc5c1d5e0c17e83ba4d248625655035b08e971693fb29ae40,8,3,1,N=8 M=3 t1,11,True,11,10,105805.0,1.0,4.0,7.0,,,,,
18130c0f5a36449cc5c1d5e0c17e83ba4d248625655035b08e971693fb29ae40,8,3,1,N=8 M=3 t1,11,True,11,11,109645.0,3.0,5.0,9.0,,,,,
18130c0f5a36449cc5c1d5e0c17e83ba4d248625655035b08e971693fb29ae40,8,3,2,N=8 M=3 t2,3,True,1,1,14878.0,3.0,2.0,3.0,,,,,
18130c0f5a36449cc5c1d5e0c17e83ba4d248625655035b08e971693fb29ae40,8,4,1,N=8 M=4 t1,3,True,3,1,23738.0,2.0,3.0,5.0,,,,,
18130c0f5a36449cc5c1d5e0c17e83ba4d248625655035b08e971693fb29ae40,8,4,1,N=8 M=4 t1,3,True,3,2,34818.0,4.0,2.0,4.0,37581.0,,34818.0,,
18130c0f5a36449cc5c1d5e0c17e83ba4d248625655035b08e971693fb29ae40,8,4,1,N=8 M=4 t1,3,True,3,3,34970.0,4.0,3.0,6.0,36528.0,,40774.0,,
18130c0f5a36449cc5c1d5e0c17e83ba4d248625655035b08e971693fb29ae40,8,4,2,N=8 M=4 t2,6,True,7,1,3286.0,3.0,2.0,3.0,5773.0,,3286.0,,
18130c0f5a36449cc5c1d5e0c17e83ba4d248625655035b08e971693fb29ae40,8,4,2,N=8 M=4 t2,6,True,7,2,25223.0,1.0,3.0,5.0,,,,,
18130c0f5a36449cc5c1d5e0c17e83ba4d248625655035b08e971693fb29ae40,8,4,2,N=8 M=4 t2,6,True,7,3,27145.0,4.0,3.0,6.0,27963.0,,27145.0,,
18130c0f5a36449cc5c1d5e0c17e83ba4d248625655035b08e971693fb29ae40,8,4,2,N=8 M=4 t2,6,True,7,4,46951.0,1.0,3.0,6.0,,,,,
18130c0f5a36449cc5c1d5e0c17e83ba4d248625655035b08e971693fb29ae40,8,4,2,N=8 M=4 t2,6,True,7,5,71313.0,1.0,3.0,6.0,,,,,
18130c0f5a36449cc5c1d5e0c17e83ba4d248625655035b08e971693fb29ae40,8,4,2,N=8 M=4 t2,6,True,7,6,93065.0,1.0,3.0,6.0,,,,,
18130c0f5a36449cc5c1d5e0c17e83ba4d248625655035b08e971693fb29ae40,8,4,2,N=8 M=4 t2,6,True,7,7,116224.0,1.0,3.0,6.0,,,,,
18130c0f5a36449cc5c1d5e0c17e83ba4d248625655035b08e971693fb29ae40,8,5,1,N=8 M=5 t1,3,True,3,1,1083.0,1.0,1.0,2.0,2531.0,,3303.0,,
18130c0f5a36449cc5c1d5e0c17e83ba4d248625655035b08e971693fb29ae40,8,5,1,N=8 M=5 t1,3,True,3,2,5072.0,3.0,3.0,5.0,5961.0,,5072.0,,
18130c0f5a36449cc5c1d5e0c17e83ba4d248625655035b08e971693fb29ae40,8,5,1,N=8 M=5 t1,3,True,3,3,5226.0,4.0,3.0,6.0,7639.0,,5226.0,,
18130c0f5a36449cc5c1d5e0c17e83ba4d248625655035b08e971693fb29ae40,8,5,2,N=8 M=5 t2,1,True,1,1,2623.0,1.0,3.0,6.0,4426.0,,26409.0,,
18130c0f5a36449cc5c1d5e0c17e83ba4d248625655035b08e971693fb29ae40,8,6,1,N=8 M=6 t1,3,True,3,1,1420.0,1.0,3.0,5.0,14606.0,,1420.0,,
18130c0f5a36449cc5c1d5e0c17e83ba4d248625655035b08e971693fb29ae40,8,6,1,N=8 M=6 t1,3,True,3,2,23141.0,1.0,4.0,7.0,24668.0,,41811.0,,
18130c0f5a36449cc5c1d5e0c17e83ba4d248625655035b08e971693fb29ae40,8,6,1,N=8 M=6 t1,3,True,3,3,49194.0,1.0,4.0,7.0,53193.0,,49194.0,,
18130c0f5a36449cc5c1d5e0c17e83ba4d248625655035b08e971693fb29ae40,8,6,2,N=8 M=6 t2,7,True,7,1,398.0,2.0,3.0,5.0,2622.0,,3803.0,,
18130c0f5a36449cc5c1d5e0c17e83ba4d248625655035b08e971693fb29ae40,8,6,2,N=8 M=6 t2,7,True,7,2,1920.0,2.0,4.0,7.0,2811.0,,,,
18130c0f5a36449cc5c1d5e0c17e83ba4d248625655035b08e971693fb29ae40,8,6,2,N=8 M=6 t2,7,True,7,3,5524.0,2.0,5.0,9.0,,,,,
18130c0f5a36449cc5c1d5e0c17e83ba4d248625655035b08e971693fb29ae40,8,6,2,N=8 M=6 t2,7,True,7,4,28918.0,3.0,4.0,7.0,,,,,
18130c0f5a36449cc5c1d5e0c17e83ba4d248625655035b08e971693fb29ae40,8,6,2,N=8 M=6 t2,7,True,7,5,58853.0,1.0,4.0,7.0,,,,,
18130c0f5a36449cc5c1d5e0c17e83ba4d248625655035b08e971693fb29ae40,8,6,2,N=8 M=6 t2,7,True,7,6,84154.0,1.0,4.0,7.0,,,,,
18130c0f5a36449cc5c1d5e0c17e83ba4d248625655035b08e971693fb29ae40,8,6,2,N=8 M=6 t2,7,True,7,7,107598.0,2.0,4.0,7.0,,,,,
18130c0f5a36449cc5c1d5e0c17e83ba4d248625655035b08e971693fb29ae40,8,7,1,N=8 M=7 t1,4,True,4,1,2394.0,1.0,2.0,3.0,10478.0,,4163.0,,
18130c0f5a36449cc5c1d5e0c17e83ba4d248625655035b08e971693fb29ae40,8,7,1,N=8 M=7 t1,4,True,4,2,25099.0,1.0,2.0,4.0,,,,,
18130c0f5a36449cc5c1d5e0c17e83ba4d248625655035b08e971693fb29ae40,8,7,1,N=8 M=7 t1,4,True,4,3,33167.0,4.0,2.0,4.0,42908.0,,33167.0,,
18130c0f5a36449cc5c1d5e0c17e83ba4d248625655035b08e971693fb29ae40,8,7,1,N=8 M=7 t1,4,True,4,4,99143.0,3.0,2.0,4.0,102653.0,,99143.0,,
18130c0f5a36449cc5c1d5e0c17e83ba4d248625655035b08e971693fb29ae40,8,7,2,N=8 M=7 t2,4,True,4,1,2018.0,1.0,2.0,3.0,5576.0,,,,
18130c0f5a36449cc5c1d5e0c17e83ba4d248625655035b08e971693fb29ae40,8,7,2,N=8 M=7 t2,4,True,4,2,3454.0,2.0,3.0,5.0,,,,,
18130c0f5a36449cc5c1d5e0c17e83ba4d248625655035b08e971693fb29ae40,8,7,2,N=8 M=7 t2,4,True,4,3,61184.0,4.0,2.0,3.0,,,,,
18130c0f5a36449cc5c1d5e0c17e83ba4d248625655035b08e971693fb29ae40,8,7,2,N=8 M=7 t2,4,True,4,4,61201.0,5.0,2.0,4.0,64353.0,,61201.0,,
18130c0f5a36449cc5c1d5e0c17e83ba4d248625655035b08e971693fb29ae40,9,1,1,N=9 M=1 t1,5,True,5,1,11518.0,1.0,2.0,3.0,13014.0,,22351.0,,
18130c0f5a36449cc5c1d5e0c17e83ba4d248625655035b08e971693fb29ae40,9,1,1,N=9 M=1 t1,5,True,5,2,13130.0,1.0,2.0,4.0,15852.0,,13130.0,,
18130c0f5a36449cc5c1d5e0c17e83ba4d248625655035b08e971693fb29ae40,9,1,1,N=9 M=1 t1,5,True,5,3,19284.0,1.0,3.0,6.0,20915.0,,45350.0,,
18130c0f5a36449cc5c1d5e0c17e83ba4d248625655035b08e971693fb29ae40,9,1,1,N=9 M=1 t1,5,True,5,4,44718.0,1.0,3.0,7.0,,,,,
18130c0f5a36449cc5c1d5e0c17e83ba4d248625655035b08e971693fb29ae40,9,1,1,N=9 M=1 t1,5,True,5,5,67197.0,1.0,4.0,8.0,,,,,
18130c0f5a36449cc5c1d5e0c17e83ba4d248625655035b08e971693fb29ae40,9,1,2,N=9 M=1 t2,7,True,7,1,2600.0,1.0,1.0,2.0,3342.0,,2600.0,,
18130c0f5a36449cc5c1d5e0c17e83ba4d248625655035b08e971693fb29ae40,9,1,2,N=9 M=1 t2,7,True,7,2,6962.0,1.0,2.0,4.0,7897.0,,24489.0,,
18130c0f5a36449cc5c1d5e0c17e83ba4d248625655035b08e971693fb29ae40,9,1,2,N=9 M=1 t2,7,True,7,3,11949.0,1.0,3.0,6.0,15355.0,,27136.0,,
18130c0f5a36449cc5c1d5e0c17e83ba4d248625655035b08e971693fb29ae40,9,1,2,N=9 M=1 t2,7,True,7,4,16926.0,1.0,4.0,8.0,,,,,
18130c0f5a36449cc5c1d5e0c17e83ba4d248625655035b08e971693fb29ae40,9,1,2,N=9 M=1 t2,7,True,7,5,38120.0,1.0,4.0,8.0,41703.0,,43288.0,,
18130c0f5a36449cc5c1d5e0c17e83ba4d248625655035b08e971693fb29ae40,9,1,2,N=9 M=1 t2,7,True,7,6,57496.0,1.0,5.0,10.0,,,,,
18130c0f5a36449cc5c1d5e0c17e83ba4d248625655035b08e971693fb29ae40,9,1,2,N=9 M=1 t2,7,True,7,7,93800.0,1.0,4.0,8.0,,,,,
18130c0f5a36449cc5c1d5e0c17e83ba4d248625655035b08e971693fb29ae40,9,2,1,N=9 M=2 t1,3,True,3,1,44770.0,2.0,2.0,5.0,,,,,
18130c0f5a36449cc5c1d5e0c17e83ba4d248625655035b08e971693fb29ae40,9,2,1,N=9 M=2 t1,3,True,3,2,67643.0,1.0,3.0,6.0,68232.0,,77460.0,,
18130c0f5a36449cc5c1d5e0c17e83ba4d248625655035b08e971693fb29ae40,9,2,1,N=9 M=2 t1,3,True,3,3,108944.0,2.0,3.0,6.0,,,,,
18130c0f5a36449cc5c1d5e0c17e83ba4d248625655035b08e971693fb29ae40,9,2,2,N=9 M=2 t2,3,True,3,1,402.0,2.0,2.0,4.0,1105.0,,402.0,,
18130c0f5a36449cc5c1d5e0c17e83ba4d248625655035b08e971693fb29ae40,9,2,2,N=9 M=2 t2,3,True,3,2,79100.0,1.0,2.0,4.0,82571.0,,79100.0,,
18130c0f5a36449cc5c1d5e0c17e83ba4d248625655035b08e971693fb29ae40,9,2,2,N=9 M=2 t2,3,True,3,3,105742.0,2.0,2.0,4.0,,,,,
18130c0f5a36449cc5c1d5e0c17e83ba4d248625655035b08e971693fb29ae40,9,3,1,N=9 M=3 t1,2,True,3,1,25702.0,3.0,1.0,2.0,26578.0,,25702.0,,
18130c0f5a36449cc5c1d5e0c17e83ba4d248625655035b08e971693fb29ae40,9,3,1,N=9 M=3 t1,2,True,3,2,65778.0,3.0,2.0,4.0,,,,,
18130c0f5a36449cc5c1d5e0c17e83ba4d248625655035b08e971693fb29ae40,9,3,1,N=9 M=3 t1,2,True,3,3,116830.0,3.0,2.0,4.0,,,,,
18130c0f5a36449cc5c1d5e0c17e83ba4d248625655035b08e971693fb29ae40,9,3,2,N=9 M=3 t2,4,True,4,1,263.0,2.0,1.0,2.0,623.0,,263.0,,
18130c0f5a36449cc5c1d5e0c17e83ba4d248625655035b08e971693fb29ae40,9,3,2,N=9 M=3 t2,4,True,4,2,23845.0,3.0,2.0,4.0,25346.0,,29588.0,,
18130c0f5a36449cc5c1d5e0c17e83ba4d248625655035b08e971693fb29ae40,9,3,2,N=9 M=3 t2,4,True,4,3,46759.0,3.0,3.0,6.0,47341.0,,48087.0,,
18130c0f5a36449cc5c1d5e0c17e83ba4d248625655035b08e971693fb29ae40,9,3,2,N=9 M=3 t2,4,True,4,4,77779.0,3.0,3.0,6.0,,,99847.0,,
18130c0f5a36449cc5c1d5e0c17e83ba4d248625655035b08e971693fb29ae40,9,4,1,N=9 M=4 t1,1,True,0,0,,,,,,,,,
18130c0f5a36449cc5c1d5e0c17e83ba4d248625655035b08e971693fb29ae40,9,4,2,N=9 M=4 t2,1,True,1,1,46143.0,4.0,2.0,4.0,48125.0,,46143.0,,
18130c0f5a36449cc5c1d5e0c17e83ba4d248625655035b08e971693fb29ae40,9,5,1,N=9 M=5 t1,1,True,1,1,5526.0,3.0,3.0,6.0,,,,,
18130c0f5a36449cc5c1d5e0c17e83ba4d248625655035b08e971693fb29ae40,9,5,2,N=9 M=5 t2,1,True,1,1,1583.0,2.0,2.0,4.0,2927.0,,3615.0,,
18130c0f5a36449cc5c1d5e0c17e83ba4d248625655035b08e971693fb29ae40,9,6,1,N=9 M=6 t1,2,True,0,0,,,,,,,,,
18130c0f5a36449cc5c1d5e0c17e83ba4d248625655035b08e971693fb29ae40,9,6,2,N=9 M=6 t2,1,True,1,1,72595.0,1.0,3.0,5.0,76193.0,,77516.0,,
18130c0f5a36449cc5c1d5e0c17e83ba4d248625655035b08e971693fb29ae40,9,7,1,N=9 M=7 t1,1,True,1,1,92.0,1.0,2.0,3.0,2421.0,,3859.0,,
18130c0f5a36449cc5c1d5e0c17e83ba4d248625655035b08e971693fb29ae40,9,7,2,N=9 M=7 t2,4,True,4,1,26025.0,2.0,2.0,3.0,,,,,
18130c0f5a36449cc5c1d5e0c17e83ba4d248625655035b08e971693fb29ae40,9,7,2,N=9 M=7 t2,4,True,4,2,26801.0,3.0,2.0,4.0,30433.0,,26801.0,,
18130c0f5a36449cc5c1d5e0c17e83ba4d248625655035b08e971693fb29ae40,9,7,2,N=9 M=7 t2,4,True,4,3,49175.0,2.0,2.0,4.0,,,,,
18130c0f5a36449cc5c1d5e0c17e83ba4d248625655035b08e971693fb29ae40,9,7,2,N=9 M=7 t2,4,True,4,4,62154.0,5.0,2.0,4.0,,,,,
18130c0f5a36449cc5c1d5e0c17e83ba4d248625655035b08e971693fb29ae40,9,8,1,N=9 M=8 t1,1,True,1,1,27008.0,1.0,3.0,5.0,28275.0,,42436.0,,
18130c0f5a36449cc5c1d5e0c17e83ba4d248625655035b08e971693fb29ae40,9,8,2,N=9 M=8 t2,2,True,2,1,1794.0,2.0,2.0,3.0,,,,,
18130c0f5a36449cc5c1d5e0c17e83ba4d248625655035b08e971693fb29ae40,9,8,2,N=9 M=8 t2,2,True,2,2,29274.0,5.0,2.0,4.0,32951.0,,29274.0,,
18130c0f5a36449cc5c1d5e0c17e83ba4d248625655035b08e971693fb29ae40,10,1,1,N=10 M=1 t1,3,True,0,0,,,,,,,,,
18130c0f5a36449cc5c1d5e0c17e83ba4d248625655035b08e971693fb29ae40,10,1,2,N=10 M=1 t2,4,True,4,1,142.0,1.0,4.0,6.0,2233.0,,142.0,,
18130c0f5a36449cc5c1d5e0c17e83ba4d248625655035b08e971693fb29ae40,10,1,2,N=10 M=1 t2,4,True,4,2,3092.0,1.0,4.0,7.0,3817.0,,3092.0,,
18130c0f5a36449cc5c1d5e0c17e83ba4d248625655035b08e971693fb29ae40,10,1,2,N=10 M=1 t2,4,True,4,3,44148.0,1.0,4.0,7.0,45336.0,,44148.0,,
18130c0f5a36449cc5c1d5e0c17e83ba4d248625655035b08e971693fb29ae40,10,1,2,N=10 M=1 t2,4,True,4,4,45509.0,1.0,4.0,8.0,46394.0,,45509.0,,
18130c0f5a36449cc5c1d5e0c17e83ba4d248625655035b08e971693fb29ae40,10,2,1,N=10 M=2 t1,3,True,3,1,21545.0,2.0,3.0,4.0,24968.0,,21545.0,,
18130c0f5a36449cc5c1d5e0c17e83ba4d248625655035b08e971693fb29ae40,10,2,1,N=10 M=2 t1,3,True,3,2,21810.0,2.0,3.0,5.0,22807.0,,21810.0,,
18130c0f5a36449cc5c1d5e0c17e83ba4d248625655035b08e971693fb29ae40,10,2,1,N=10 M=2 t1,3,True,3,3,79006.0,2.0,4.0,7.0,,,,,
18130c0f5a36449cc5c1d5e0c17e83ba4d248625655035b08e971693fb29ae40,10,2,2,N=10 M=2 t2,4,True,4,1,1226.0,2.0,2.0,3.0,2772.0,,1226.0,,
18130c0f5a36449cc5c1d5e0c17e83ba4d248625655035b08e971693fb29ae40,10,2,2,N=10 M=2 t2,4,True,4,2,1247.0,2.0,3.0,5.0,,,,,
18130c0f5a36449cc5c1d5e0c17e83ba4d248625655035b08e971693fb29ae40,10,2,2,N=10 M=2 t2,4,True,4,3,4625.0,1.0,3.0,5.0,8370.0,,4625.0,,
18130c0f5a36449cc5c1d5e0c17e83ba4d248625655035b08e971693fb29ae40,10,2,2,N=10 M=2 t2,4,True,4,4,8863.0,2.0,4.0,7.0,,,,,
18130c0f5a36449cc5c1d5e0c17e83ba4d248625655035b08e971693fb29ae40,10,3,1,N=10 M=3 t1,8,True,9,1,3835.0,1.0,2.0,3.0,6576.0,,3835.0,,
18130c0f5a36449cc5c1d5e0c17e83ba4d248625655035b08e971693fb29ae40,10,3,1,N=10 M=3 t1,8,True,9,2,24981.0,2.0,2.0,4.0,75100.0,,97069.0,,
18130c0f5a36449cc5c1d5e0c17e83ba4d248625655035b08e971693fb29ae40,10,3,1,N=10 M=3 t1,8,True,9,3,26692.0,3.0,3.0,6.0,27520.0,,26692.0,,
18130c0f5a36449cc5c1d5e0c17e83ba4d248625655035b08e971693fb29ae40,10,3,1,N=10 M=3 t1,8,True,9,4,40671.0,2.0,3.0,6.0,,,,,
18130c0f5a36449cc5c1d5e0c17e83ba4d248625655035b08e971693fb29ae40,10,3,1,N=10 M=3 t1,8,True,9,5,41373.0,3.0,4.0,8.0,75100.0,,97069.0,,
18130c0f5a36449cc5c1d5e0c17e83ba4d248625655035b08e971693fb29ae40,10,3,1,N=10 M=3 t1,8,True,9,6,42689.0,3.0,5.0,10.0,43606.0,,46809.0,,
18130c0f5a36449cc5c1d5e0c17e83ba4d248625655035b08e971693fb29ae40,10,3,1,N=10 M=3 t1,8,True,9,7,63493.0,3.0,4.0,8.0,,,,,
18130c0f5a36449cc5c1d5e0c17e83ba4d248625655035b08e971693fb29ae40,10,3,1,N=10 M=3 t1,8,True,9,8,73245.0,1.0,5.0,9.0,75100.0,,97069.0,,
18130c0f5a36449cc5c1d5e0c17e83ba4d248625655035b08e971693fb29ae40,10,3,1,N=10 M=3 t1,8,True,9,9,115982.0,2.0,5.0,10.0,,,,,
18130c0f5a36449cc5c1d5e0c17e83ba4d248625655035b08e971693fb29ae40,10,3,2,N=10 M=3 t2,2,True,2,1,21195.0,3.0,2.0,3.0,22042.0,,21195.0,,
18130c0f5a36449cc5c1d5e0c17e83ba4d248625655035b08e971693fb29ae40,10,3,2,N=10 M=3 t2,2,True,2,2,86429.0,2.0,3.0,5.0,,,,,
18130c0f5a36449cc5c1d5e0c17e83ba4d248625655035b08e971693fb29ae40,10,4,1,N=10 M=4 t1,5,True,6,1,24204.0,3.0,2.0,3.0,,,,,
18130c0f5a36449cc5c1d5e0c17e83ba4d248625655035b08e971693fb29ae40,10,4,1,N=10 M=4 t1,5,True,6,2,26206.0,4.0,2.0,3.0,32609.0,,26206.0,,
18130c0f5a36449cc5c1d5e0c17e83ba4d248625655035b08e971693fb29ae40,10,4,1,N=10 M=4 t1,5,True,6,3,33610.0,4.0,3.0,5.0,35102.0,,39639.0,,
18130c0f5a36449cc5c1d5e0c17e83ba4d248625655035b08e971693fb29ae40,10,4,1,N=10 M=4 t1,5,True,6,4,45125.0,3.0,3.0,6.0,46004.0,,45125.0,,
18130c0f5a36449cc5c1d5e0c17e83ba4d248625655035b08e971693fb29ae40,10,4,1,N=10 M=4 t1,5,True,6,5,77918.0,1.0,4.0,8.0,,,,,
18130c0f5a36449cc5c1d5e0c17e83ba4d248625655035b08e971693fb29ae40,10,4,1,N=10 M=4 t1,5,True,6,6,118551.0,1.0,4.0,8.0,,,,,
18130c0f5a36449cc5c1d5e0c17e83ba4d248625655035b08e971693fb29ae40,10,4,2,N=10 M=4 t2,1,True,1,1,8044.0,4.0,3.0,5.0,9289.0,,8044.0,,
18130c0f5a36449cc5c1d5e0c17e83ba4d248625655035b08e971693fb29ae40,10,5,1,N=10 M=5 t1,3,True,3,1,102.0,1.0,3.0,4.0,,,,,
18130c0f5a36449cc5c1d5e0c17e83ba4d248625655035b08e971693fb29ae40,10,5,1,N=10 M=5 t1,3,True,3,2,3611.0,3.0,3.0,5.0,4030.0,,3611.0,,
18130c0f5a36449cc5c1d5e0c17e83ba4d248625655035b08e971693fb29ae40,10,5,1,N=10 M=5 t1,3,True,3,3,28944.0,2.0,3.0,6.0,30433.0,,28944.0,,
18130c0f5a36449cc5c1d5e0c17e83ba4d248625655035b08e971693fb29ae40,10,5,2,N=10 M=5 t2,2,True,2,1,2926.0,2.0,3.0,5.0,,,,,
18130c0f5a36449cc5c1d5e0c17e83ba4d248625655035b08e971693fb29ae40,10,5,2,N=10 M=5 t2,2,True,2,2,99305.0,3.0,4.0,7.0,,,,,
18130c0f5a36449cc5c1d5e0c17e83ba4d248625655035b08e971693fb29ae40,10,6,1,N=10 M=6 t1,5,True,5,1,1489.0,3.0,2.0,3.0,,,1489.0,,
18130c0f5a36449cc5c1d5e0c17e83ba4d248625655035b08e971693fb29ae40,10,6,1,N=10 M=6 t1,5,True,5,2,24570.0,3.0,2.0,3.0,,,24570.0,,
18130c0f5a36449cc5c1d5e0c17e83ba4d248625655035b08e971693fb29ae40,10,6,1,N=10 M=6 t1,5,True,5,3,34697.0,6.0,2.0,4.0,,,,,
18130c0f5a36449cc5c1d5e0c17e83ba4d248625655035b08e971693fb29ae40,10,6,1,N=10 M=6 t1,5,True,5,4,61570.0,5.0,1.0,2.0,,,,,
18130c0f5a36449cc5c1d5e0c17e83ba4d248625655035b08e971693fb29ae40,10,6,1,N=10 M=6 t1,5,True,5,5,107261.0,3.0,2.0,3.0,111307.0,,107261.0,,
18130c0f5a36449cc5c1d5e0c17e83ba4d248625655035b08e971693fb29ae40,10,6,2,N=10 M=6 t2,1,True,1,1,41176.0,4.0,2.0,3.0,41805.0,,41176.0,,
18130c0f5a36449cc5c1d5e0c17e83ba4d248625655035b08e971693fb29ae40,10,7,1,N=10 M=7 t1,1,True,0,0,,,,,,,,,
18130c0f5a36449cc5c1d5e0c17e83ba4d248625655035b08e971693fb29ae40,10,7,2,N=10 M=7 t2,1,True,1,1,102208.0,4.0,2.0,3.0,104847.0,,102208.0,,
18130c0f5a36449cc5c1d5e0c17e83ba4d248625655035b08e971693fb29ae40,10,8,1,N=10 M=8 t1,1,True,1,1,26536.0,5.0,1.0,2.0,27222.0,,26536.0,,
18130c0f5a36449cc5c1d5e0c17e83ba4d248625655035b08e971693fb29ae40,10,8,2,N=10 M=8 t2,1,True,1,1,26626.0,4.0,1.0,2.0,34381.0,,26626.0,,
18130c0f5a36449cc5c1d5e0c17e83ba4d248625655035b08e971693fb29ae40,10,9,1,N=10 M=9 t1,0,True,0,0,,,,,,,,,
18130c0f5a36449cc5c1d5e0c17e83ba4d248625655035b08e971693fb29ae40,10,9,2,N=10 M=9 t2,1,True,1,1,27326.0,5.0,1.0,2.0,29985.0,,27326.0,,
18130c0f5a36449cc5c1d5e0c17e83ba4d248625655035b08e971693fb29ae40,11,1,1,N=11 M=1 t1,1,True,1,1,39650.0,1.0,1.0,2.0,40281.0,,39650.0,,
18130c0f5a36449cc5c1d5e0c17e83ba4d248625655035b08e971693fb29ae40,11,1,2,N=11 M=1 t2,1,True,1,1,23320.0,1.0,1.0,2.0,23968.0,,23320.0,,
18130c0f5a36449cc5c1d5e0c17e83ba4d248625655035b08e971693fb29ae40,11,2,1,N=11 M=2 t1,1,True,1,1,17758.0,2.0,1.0,2.0,18611.0,,17758.0,,
18130c0f5a36449cc5c1d5e0c17e83ba4d248625655035b08e971693fb29ae40,11,2,2,N=11 M=2 t2,0,True,0,0,,,,,,,,,
18130c0f5a36449cc5c1d5e0c17e83ba4d248625655035b08e971693fb29ae40,11,3,1,N=11 M=3 t1,1,True,1,1,42321.0,2.0,1.0,2.0,45042.0,,42321.0,,
18130c0f5a36449cc5c1d5e0c17e83ba4d248625655035b08e971693fb29ae40,11,3,2,N=11 M=3 t2,1,True,1,1,233.0,3.0,1.0,2.0,2613.0,,233.0,,
18130c0f5a36449cc5c1d5e0c17e83ba4d248625655035b08e971693fb29ae40,11,4,1,N=11 M=4 t1,1,True,1,1,2233.0,3.0,1.0,2.0,2712.0,,2233.0,,
18130c0f5a36449cc5c1d5e0c17e83ba4d248625655035b08e971693fb29ae40,11,4,2,N=11 M=4 t2,0,True,0,0,,,,,,,,,
18130c0f5a36449cc5c1d5e0c17e83ba4d248625655035b08e971693fb29ae40,11,5,1,N=11 M=5 t1,0,True,0,0,,,,,,,,,
18130c0f5a36449cc5c1d5e0c17e83ba4d248625655035b08e971693fb29ae40,11,5,2,N=11 M=5 t2,1,True,1,1,961.0,3.0,1.0,2.0,1923.0,,961.0,,
18130c0f5a36449cc5c1d5e0c17e83ba4d248625655035b08e971693fb29ae40,11,6,1,N=11 M=6 t1,0,True,0,0,,,,,,,,,
18130c0f5a36449cc5c1d5e0c17e83ba4d248625655035b08e971693fb29ae40,11,6,2,N=11 M=6 t2,2,True,2,1,5.0,3.0,1.0,2.0,7580.0,,5.0,,
18130c0f5a36449cc5c1d5e0c17e83ba4d248625655035b08e971693fb29ae40,11,6,2,N=11 M=6 t2,2,True,2,2,48141.0,4.0,1.0,2.0,48725.0,,48141.0,,
18130c0f5a36449cc5c1d5e0c17e83ba4d248625655035b08e971693fb29ae40,11,7,1,N=11 M=7 t1,1,True,1,1,22631.0,4.0,1.0,2.0,23324.0,,22631.0,,
18130c0f5a36449cc5c1d5e0c17e83ba4d248625655035b08e971693fb29ae40,11,7,2,N=11 M=7 t2,1,True,1,1,4436.0,3.0,1.0,2.0,5251.0,,4436.0,,
18130c0f5a36449cc5c1d5e0c17e83ba4d248625655035b08e971693fb29ae40,11,8,1,N=11 M=8 t1,0,True,0,0,,,,,,,,,
18130c0f5a36449cc5c1d5e0c17e83ba4d248625655035b08e971693fb29ae40,11,8,2,N=11 M=8 t2,2,True,2,1,23080.0,3.0,1.0,2.0,23444.0,,23080.0,,
18130c0f5a36449cc5c1d5e0c17e83ba4d248625655035b08e971693fb29ae40,11,8,2,N=11 M=8 t2,2,True,2,2,91554.0,2.0,1.0,2.0,100448.0,,91554.0,,
18130c0f5a36449cc5c1d5e0c17e83ba4d248625655035b08e971693fb29ae40,11,9,1,N=11 M=9 t1,0,True,0,0,,,,,,,,,
18130c0f5a36449cc5c1d5e0c17e83ba4d248625655035b08e971693fb29ae40,11,9,2,N=11 M=9 t2,1,True,1,1,11004.0,5.0,1.0,2.0,18774.0,,11004.0,,
18130c0f5a36449cc5c1d5e0c17e83ba4d248625655035b08e971693fb29ae40,11,10,1,N=11 M=10 t1,1,True,1,1,20825.0,4.0,1.0,2.0,21737.0,,20825.0,,
18130c0f5a36449cc5c1d5e0c17e83ba4d248625655035b08e971693fb29ae40,11,10,2,N=11 M=10 t2,0,True,0,0,,,,,,,,,
44a266c4c9912ec34ea7934fbbffae1745ab82df0229f8972440ae3f43862fa4,2,1,1,N=2 M=1 t1,0,False,0,0,,,,,,,,,
44a266c4c9912ec34ea7934fbbffae1745ab82df0229f8972440ae3f43862fa4,2,1,2,N=2 M=1 t2,0,False,0,0,,,,,,,,,
44a266c4c9912ec34ea7934fbbffae1745ab82df0229f8972440ae3f43862fa4,3,1,1,N=3 M=1 t1,0,True,0,0,,,,,,,,,
44a266c4c9912ec34ea7934fbbffae1745ab82df0229f8972440ae3f43862fa4,3,1,2,N=3 M=1 t2,0,True,0,0,,,,,,,,,
44a266c4c9912ec34ea7934fbbffae1745ab82df0229f8972440ae3f43862fa4,3,2,1,N=3 M=2 t1,1,True,1,1,19691.0,1.0,1.0,2.0,20518.0,19932.0,19691.0,,
44a266c4c9912ec34ea7934fbbffae1745ab82df0229f8972440ae3f43862fa4,3,2,2,N=3 M=2 t2,1,True,0,0,,,,,,,,,
44a266c4c9912ec34ea7934fbbffae1745ab82df0229f8972440ae3f43862fa4,4,1,1,N=4 M=1 t1,1,True,1,1,19569.0,1.0,1.0,2.0,20225.0,,19569.0,,
44a266c4c9912ec34ea7934fbbffae1745ab82df0229f8972440ae3f43862fa4,4,1,2,N=4 M=1 t2,1,True,1,1,80983.0,1.0,1.0,2.0,81618.0,,80983.0,,
44a266c4c9912ec34ea7934fbbffae1745ab82df0229f8972440ae3f43862fa4,4,2,1,N=4 M=2 t1,1,True,1,1,18765.0,1.0,1.0,2.0,22948.0,,18765.0,,
44a266c4c9912ec34ea7934fbbffae1745ab82df0229f8972440ae3f43862fa4,4,2,2,N=4 M=2 t2,1,True,1,1,67998.0,1.0,1.0,2.0,68770.0,,67998.0,,
44a266c4c9912ec34ea7934fbbffae1745ab82df0229f8972440ae3f43862fa4,4,3,1,N=4 M=3 t1,1,True,1,1,19656.0,1.0,1.0,2.0,20301.0,,19656.0,,
44a266c4c9912ec34ea7934fbbffae1745ab82df0229f8972440ae3f43862fa4,4,3,2,N=4 M=3 t2,1,True,1,1,100.0,1.0,1.0,2.0,812.0,,100.0,,
44a266c4c9912ec34ea7934fbbffae1745ab82df0229f8972440ae3f43862fa4,5,1,1,N=5 M=1 t1,1,True,1,1,188.0,1.0,1.0,2.0,1874.0,,188.0,,
44a266c4c9912ec34ea7934fbbffae1745ab82df0229f8972440ae3f43862fa4,5,1,2,N=5 M=1 t2,0,True,0,0,,,,,,,,,
44a266c4c9912ec34ea7934fbbffae1745ab82df0229f8972440ae3f43862fa4,5,2,1,N=5 M=2 t1,1,True,1,1,109.0,1.0,1.0,2.0,724.0,,109.0,,
44a266c4c9912ec34ea7934fbbffae1745ab82df0229f8972440ae3f43862fa4,5,2,2,N=5 M=2 t2,1,True,1,1,61058.0,1.0,1.0,2.0,61662.0,,61058.0,,
44a266c4c9912ec34ea7934fbbffae1745ab82df0229f8972440ae3f43862fa4,5,3,1,N=5 M=3 t1,1,True,1,1,40947.0,1.0,1.0,2.0,41643.0,,40947.0,,
44a266c4c9912ec34ea7934fbbffae1745ab82df0229f8972440ae3f43862fa4,5,3,2,N=5 M=3 t2,1,True,1,1,20481.0,1.0,1.0,2.0,21266.0,,20481.0,,
44a266c4c9912ec34ea7934fbbffae1745ab82df0229f8972440ae3f43862fa4,5,4,1,N=5 M=4 t1,1,True,1,1,65165.0,1.0,1.0,2.0,65735.0,,65165.0,,
44a266c4c9912ec34ea7934fbbffae1745ab82df0229f8972440ae3f43862fa4,5,4,2,N=5 M=4 t2,1,True,1,1,29359.0,1.0,1.0,2.0,30002.0,,29359.0,,
44a266c4c9912ec34ea7934fbbffae1745ab82df0229f8972440ae3f43862fa4,6,1,1,N=6 M=1 t1,2,True,2,1,40156.0,1.0,1.0,2.0,40928.0,,40156.0,,
44a266c4c9912ec34ea7934fbbffae1745ab82df0229f8972440ae3f43862fa4,6,1,1,N=6 M=1 t1,2,True,2,2,72973.0,1.0,1.0,2.0,75732.0,73240.0,72973.0,,
44a266c4c9912ec34ea7934fbbffae1745ab82df0229f8972440ae3f43862fa4,6,1,2,N=6 M=1 t2,1,True,1,1,62152.0,1.0,1.0,2.0,62773.0,,62152.0,,
44a266c4c9912ec34ea7934fbbffae1745ab82df0229f8972440ae3f43862fa4,6,2,1,N=6 M=2 t1,1,True,1,1,61180.0,1.0,1.0,2.0,61754.0,,61180.0,,
44a266c4c9912ec34ea7934fbbffae1745ab82df0229f8972440ae3f43862fa4,6,2,2,N=6 M=2 t2,2,True,2,1,17136.0,1.0,1.0,2.0,17875.0,,17136.0,,
44a266c4c9912ec34ea7934fbbffae1745ab82df0229f8972440ae3f43862fa4,6,2,2,N=6 M=2 t2,2,True,2,2,63721.0,1.0,1.0,2.0,64451.0,,63721.0,,
44a266c4c9912ec34ea7934fbbffae1745ab82df0229f8972440ae3f43862fa4,6,3,1,N=6 M=3 t1,1,True,1,1,19962.0,1.0,1.0,2.0,20790.0,,19962.0,,
44a266c4c9912ec34ea7934fbbffae1745ab82df0229f8972440ae3f43862fa4,6,3,2,N=6 M=3 t2,1,True,1,1,40860.0,1.0,1.0,2.0,41876.0,,40860.0,,
44a266c4c9912ec34ea7934fbbffae1745ab82df0229f8972440ae3f43862fa4,6,4,1,N=6 M=4 t1,1,True,1,1,62569.0,1.0,1.0,2.0,63227.0,,62569.0,,
44a266c4c9912ec34ea7934fbbffae1745ab82df0229f8972440ae3f43862fa4,6,4,2,N=6 M=4 t2,0,True,1,1,115624.0,1.0,1.0,2.0,,,115624.0,,
44a266c4c9912ec34ea7934fbbffae1745ab82df0229f8972440ae3f43862fa4,6,5,1,N=6 M=5 t1,1,True,0,0,,,,,,,,,
44a266c4c9912ec34ea7934fbbffae1745ab82df0229f8972440ae3f43862fa4,6,5,2,N=6 M=5 t2,1,True,1,1,82004.0,1.0,1.0,2.0,87147.0,,82004.0,,
44a266c4c9912ec34ea7934fbbffae1745ab82df0229f8972440ae3f43862fa4,7,1,1,N=7 M=1 t1,0,True,0,0,,,,,,,,,
44a266c4c9912ec34ea7934fbbffae1745ab82df0229f8972440ae3f43862fa4,7,1,2,N=7 M=1 t2,0,True,0,0,,,,,,,,,
44a266c4c9912ec34ea7934fbbffae1745ab82df0229f8972440ae3f43862fa4,7,2,1,N=7 M=2 t1,2,True,2,1,879.0,1.0,1.0,2.0,2092.0,952.0,879.0,,
44a266c4c9912ec34ea7934fbbffae1745ab82df0229f8972440ae3f43862fa4,7,2,1,N=7 M=2 t1,2,True,2,2,29467.0,1.0,1.0,2.0,33931.0,,29467.0,,
44a266c4c9912ec34ea7934fbbffae1745ab82df0229f8972440ae3f43862fa4,7,2,2,N=7 M=2 t2,2,True,2,1,26376.0,1.0,1.0,2.0,27378.0,,26376.0,,
44a266c4c9912ec34ea7934fbbffae1745ab82df0229f8972440ae3f43862fa4,7,2,2,N=7 M=2 t2,2,True,2,2,43738.0,1.0,1.0,2.0,44354.0,,43738.0,,
44a266c4c9912ec34ea7934fbbffae1745ab82df0229f8972440ae3f43862fa4,7,3,1,N=7 M=3 t1,1,True,1,1,39761.0,1.0,1.0,2.0,40476.0,,39761.0,,
44a266c4c9912ec34ea7934fbbffae1745ab82df0229f8972440ae3f43862fa4,7,3,2,N=7 M=3 t2,1,True,1,1,21258.0,1.0,1.0,2.0,21983.0,,21258.0,,
44a266c4c9912ec34ea7934fbbffae1745ab82df0229f8972440ae3f43862fa4,7,4,1,N=7 M=4 t1,1,True,1,1,19792.0,1.0,1.0,2.0,20376.0,,19792.0,,
44a266c4c9912ec34ea7934fbbffae1745ab82df0229f8972440ae3f43862fa4,7,4,2,N=7 M=4 t2,1,True,1,1,41527.0,1.0,1.0,2.0,42015.0,,41527.0,,
44a266c4c9912ec34ea7934fbbffae1745ab82df0229f8972440ae3f43862fa4,7,5,1,N=7 M=5 t1,1,True,1,1,88061.0,1.0,1.0,2.0,88815.0,,88061.0,,
44a266c4c9912ec34ea7934fbbffae1745ab82df0229f8972440ae3f43862fa4,7,5,2,N=7 M=5 t2,1,True,1,1,85146.0,1.0,1.0,2.0,85934.0,,85146.0,,
44a266c4c9912ec34ea7934fbbffae1745ab82df0229f8972440ae3f43862fa4,7,6,1,N=7 M=6 t1,1,True,1,1,81648.0,1.0,1.0,2.0,83426.0,,81648.0,,
44a266c4c9912ec34ea7934fbbffae1745ab82df0229f8972440ae3f43862fa4,7,6,2,N=7 M=6 t2,1,True,1,1,65165.0,1.0,1.0,2.0,66070.0,,65165.0,,
44a266c4c9912ec34ea7934fbbffae1745ab82df0229f8972440ae3f43862fa4,8,1,1,N=8 M=1 t1,1,True,1,1,61426.0,1.0,1.0,2.0,62165.0,,61426.0,,
44a266c4c9912ec34ea7934fbbffae1745ab82df0229f8972440ae3f43862fa4,8,1,2,N=8 M=1 t2,1,True,1,1,26966.0,1.0,1.0,2.0,28190.0,,26966.0,,
44a266c4c9912ec34ea7934fbbffae1745ab82df0229f8972440ae3f43862fa4,8,2,1,N=8 M=2 t1,2,True,2,1,28365.0,1.0,1.0,2.0,32569.0,,28365.0,,
44a266c4c9912ec34ea7934fbbffae1745ab82df0229f8972440ae3f43862fa4,8,2,1,N=8 M=2 t1,2,True,2,2,69551.0,1.0,1.0,2.0,72176.0,,69551.0,,
44a266c4c9912ec34ea7934fbbffae1745ab82df0229f8972440ae3f43862fa4,8,2,2,N=8 M=2 t2,1,True,1,1,24488.0,1.0,1.0,2.0,25217.0,,24488.0,,
44a266c4c9912ec34ea7934fbbffae1745ab82df0229f8972440ae3f43862fa4,8,3,1,N=8 M=3 t1,0,True,0,0,,,,,,,,,
44a266c4c9912ec34ea7934fbbffae1745ab82df0229f8972440ae3f43862fa4,8,3,2,N=8 M=3 t2,1,True,1,1,73499.0,1.0,1.0,2.0,74356.0,,73499.0,,
44a266c4c9912ec34ea7934fbbffae1745ab82df0229f8972440ae3f43862fa4,8,4,1,N=8 M=4 t1,0,True,0,0,,,,,,,,,
44a266c4c9912ec34ea7934fbbffae1745ab82df0229f8972440ae3f43862fa4,8,4,2,N=8 M=4 t2,0,True,0,0,,,,,,,,,
44a266c4c9912ec34ea7934fbbffae1745ab82df0229f8972440ae3f43862fa4,8,5,1,N=8 M=5 t1,0,True,0,0,,,,,,,,,
44a266c4c9912ec34ea7934fbbffae1745ab82df0229f8972440ae3f43862fa4,8,5,2,N=8 M=5 t2,0,True,0,0,,,,,,,,,
44a266c4c9912ec34ea7934fbbffae1745ab82df0229f8972440ae3f43862fa4,8,6,1,N=8 M=6 t1,1,True,1,1,27564.0,1.0,1.0,2.0,30250.0,27891.0,27564.0,,
44a266c4c9912ec34ea7934fbbffae1745ab82df0229f8972440ae3f43862fa4,8,6,2,N=8 M=6 t2,1,True,1,1,105321.0,1.0,1.0,2.0,107305.0,,105321.0,,
44a266c4c9912ec34ea7934fbbffae1745ab82df0229f8972440ae3f43862fa4,8,7,1,N=8 M=7 t1,0,True,0,0,,,,,,,,,
44a266c4c9912ec34ea7934fbbffae1745ab82df0229f8972440ae3f43862fa4,8,7,2,N=8 M=7 t2,0,True,0,0,,,,,,,,,
44a266c4c9912ec34ea7934fbbffae1745ab82df0229f8972440ae3f43862fa4,9,1,1,N=9 M=1 t1,1,True,1,1,82171.0,1.0,1.0,2.0,85114.0,,82171.0,,
44a266c4c9912ec34ea7934fbbffae1745ab82df0229f8972440ae3f43862fa4,9,1,2,N=9 M=1 t2,1,True,1,1,60581.0,1.0,1.0,2.0,70192.0,,60581.0,,
44a266c4c9912ec34ea7934fbbffae1745ab82df0229f8972440ae3f43862fa4,9,2,1,N=9 M=2 t1,1,True,1,1,53143.0,1.0,1.0,2.0,60477.0,,53143.0,,
44a266c4c9912ec34ea7934fbbffae1745ab82df0229f8972440ae3f43862fa4,9,2,2,N=9 M=2 t2,1,True,1,1,45395.0,1.0,1.0,2.0,46710.0,45860.0,45395.0,,
44a266c4c9912ec34ea7934fbbffae1745ab82df0229f8972440ae3f43862fa4,9,3,1,N=9 M=3 t1,0,True,0,0,,,,,,,,,
44a266c4c9912ec34ea7934fbbffae1745ab82df0229f8972440ae3f43862fa4,9,3,2,N=9 M=3 t2,1,True,1,1,20226.0,1.0,1.0,2.0,21339.0,,20226.0,,
44a266c4c9912ec34ea7934fbbffae1745ab82df0229f8972440ae3f43862fa4,9,4,1,N=9 M=4 t1,1,True,1,1,2274.0,1.0,1.0,2.0,3247.0,,2274.0,,
44a266c4c9912ec34ea7934fbbffae1745ab82df0229f8972440ae3f43862fa4,9,4,2,N=9 M=4 t2,1,True,0,0,,,,,,,,,
44a266c4c9912ec34ea7934fbbffae1745ab82df0229f8972440ae3f43862fa4,9,5,1,N=9 M=5 t1,1,True,1,1,42181.0,1.0,1.0,2.0,43070.0,,42181.0,,
44a266c4c9912ec34ea7934fbbffae1745ab82df0229f8972440ae3f43862fa4,9,5,2,N=9 M=5 t2,0,True,0,0,,,,,,,,,
44a266c4c9912ec34ea7934fbbffae1745ab82df0229f8972440ae3f43862fa4,9,6,1,N=9 M=6 t1,1,True,1,1,26575.0,1.0,1.0,2.0,30503.0,,26575.0,,
44a266c4c9912ec34ea7934fbbffae1745ab82df0229f8972440ae3f43862fa4,9,6,2,N=9 M=6 t2,1,True,1,1,426.0,3.0,1.0,2.0,1463.0,,426.0,,
44a266c4c9912ec34ea7934fbbffae1745ab82df0229f8972440ae3f43862fa4,9,7,1,N=9 M=7 t1,1,True,1,1,81791.0,1.0,1.0,2.0,82857.0,,81791.0,,
44a266c4c9912ec34ea7934fbbffae1745ab82df0229f8972440ae3f43862fa4,9,7,2,N=9 M=7 t2,1,True,1,1,61135.0,1.0,1.0,2.0,62468.0,,61135.0,,
44a266c4c9912ec34ea7934fbbffae1745ab82df0229f8972440ae3f43862fa4,9,8,1,N=9 M=8 t1,0,True,0,0,,,,,,,,,
44a266c4c9912ec34ea7934fbbffae1745ab82df0229f8972440ae3f43862fa4,9,8,2,N=9 M=8 t2,1,True,1,1,30738.0,1.0,1.0,2.0,31352.0,,30738.0,,
44a266c4c9912ec34ea7934fbbffae1745ab82df0229f8972440ae3f43862fa4,10,1,1,N=10 M=1 t1,1,True,1,1,71094.0,1.0,1.0,2.0,73121.0,,71094.0,,
44a266c4c9912ec34ea7934fbbffae1745ab82df0229f8972440ae3f43862fa4,10,1,2,N=10 M=1 t2,1,True,1,1,64655.0,1.0,1.0,2.0,65186.0,,64655.0,,
44a266c4c9912ec34ea7934fbbffae1745ab82df0229f8972440ae3f43862fa4,10,2,1,N=10 M=2 t1,1,True,1,1,19215.0,1.0,1.0,2.0,20393.0,,19215.0,,
44a266c4c9912ec34ea7934fbbffae1745ab82df0229f8972440ae3f43862fa4,10,2,2,N=10 M=2 t2,0,True,0,0,,,,,,,,,
44a266c4c9912ec34ea7934fbbffae1745ab82df0229f8972440ae3f43862fa4,10,3,1,N=10 M=3 t1,1,True,1,1,82534.0,1.0,1.0,2.0,85646.0,,82534.0,,
44a266c4c9912ec34ea7934fbbffae1745ab82df0229f8972440ae3f43862fa4,10,3,2,N=10 M=3 t2,0,True,0,0,,,,,,,,,
44a266c4c9912ec34ea7934fbbffae1745ab82df0229f8972440ae3f43862fa4,10,4,1,N=10 M=4 t1,1,True,1,1,52860.0,1.0,1.0,2.0,55491.0,,52860.0,,
44a266c4c9912ec34ea7934fbbffae1745ab82df0229f8972440ae3f43862fa4,10,4,2,N=10 M=4 t2,0,True,0,0,,,,,,,,,
44a266c4c9912ec34ea7934fbbffae1745ab82df0229f8972440ae3f43862fa4,10,5,1,N=10 M=5 t1,1,True,1,1,66883.0,1.0,1.0,2.0,69202.0,,66883.0,,
44a266c4c9912ec34ea7934fbbffae1745ab82df0229f8972440ae3f43862fa4,10,5,2,N=10 M=5 t2,1,True,1,1,39278.0,1.0,1.0,2.0,47894.0,,39278.0,,
44a266c4c9912ec34ea7934fbbffae1745ab82df0229f8972440ae3f43862fa4,10,6,1,N=10 M=6 t1,0,True,0,0,,,,,,,,,
44a266c4c9912ec34ea7934fbbffae1745ab82df0229f8972440ae3f43862fa4,10,6,2,N=10 M=6 t2,1,True,1,1,819.0,1.0,1.0,2.0,1688.0,,819.0,,
44a266c4c9912ec34ea7934fbbffae1745ab82df0229f8972440ae3f43862fa4,10,7,1,N=10 M=7 t1,1,True,0,0,,,,,,,,,
44a266c4c9912ec34ea7934fbbffae1745ab82df0229f8972440ae3f43862fa4,10,7,2,N=10 M=7 t2,1,True,1,1,59065.0,1.0,1.0,2.0,60904.0,,59065.0,,
44a266c4c9912ec34ea7934fbbffae1745ab82df0229f8972440ae3f43862fa4,10,8,1,N=10 M=8 t1,1,True,1,1,40558.0,1.0,1.0,2.0,41467.0,,40558.0,,
44a266c4c9912ec34ea7934fbbffae1745ab82df0229f8972440ae3f43862fa4,10,8,2,N=10 M=8 t2,1,True,1,1,23492.0,1.0,1.0,2.0,26996.0,,23492.0,,
44a266c4c9912ec34ea7934fbbffae1745ab82df0229f8972440ae3f43862fa4,10,9,1,N=10 M=9 t1,0,True,0,0,,,,,,,,,
44a266c4c9912ec34ea7934fbbffae1745ab82df0229f8972440ae3f43862fa4,10,9,2,N=10 M=9 t2,0,True,0,0,,,,,,,,,
44a266c4c9912ec34ea7934fbbffae1745ab82df0229f8972440ae3f43862fa4,11,1,1,N=11 M=1 t1,1,True,1,1,39960.0,1.0,1.0,2.0,43958.0,,39960.0,,
44a266c4c9912ec34ea7934fbbffae1745ab82df0229f8972440ae3f43862fa4,11,1,2,N=11 M=1 t2,0,True,0,0,,,,,,,,,
44a266c4c9912ec34ea7934fbbffae1745ab82df0229f8972440ae3f43862fa4,11,2,1,N=11 M=2 t1,1,True,1,1,60156.0,1.0,1.0,2.0,60712.0,60195.0,60156.0,,
44a266c4c9912ec34ea7934fbbffae1745ab82df0229f8972440ae3f43862fa4,11,2,2,N=11 M=2 t2,0,True,0,0,,,,,,,,,
44a266c4c9912ec34ea7934fbbffae1745ab82df0229f8972440ae3f43862fa4,11,3,1,N=11 M=3 t1,1,True,1,1,59355.0,1.0,1.0,2.0,60298.0,,59355.0,,
44a266c4c9912ec34ea7934fbbffae1745ab82df0229f8972440ae3f43862fa4,11,3,2,N=11 M=3 t2,0,True,0,0,,,,,,,,,
44a266c4c9912ec34ea7934fbbffae1745ab82df0229f8972440ae3f43862fa4,11,4,1,N=11 M=4 t1,0,True,0,0,,,,,,,,,
44a266c4c9912ec34ea7934fbbffae1745ab82df0229f8972440ae3f43862fa4,11,4,2,N=11 M=4 t2,1,True,1,1,38266.0,1.0,1.0,2.0,39564.0,,38266.0,,
44a266c4c9912ec34ea7934fbbffae1745ab82df0229f8972440ae3f43862fa4,11,5,1,N=11 M=5 t1,1,True,1,1,62532.0,1.0,1.0,2.0,64983.0,,62532.0,,
44a266c4c9912ec34ea7934fbbffae1745ab82df0229f8972440ae3f43862fa4,11,5,2,N=11 M=5 t2,1,True,1,1,82806.0,1.0,1.0,2.0,83415.0,,82806.0,,
44a266c4c9912ec34ea7934fbbffae1745ab82df0229f8972440ae3f43862fa4,11,6,1,N=11 M=6 t1,1,True,1,1,38815.0,1.0,1.0,2.0,45571.0,,38815.0,,
44a266c4c9912ec34ea7934fbbffae1745ab82df0229f8972440ae3f43862fa4,11,6,2,N=11 M=6 t2,0,True,0,0,,,,,,,,,
44a266c4c9912ec34ea7934fbbffae1745ab82df0229f8972440ae3f43862fa4,11,7,1,N=11 M=7 t1,1,True,1,1,30840.0,1.0,1.0,2.0,31916.0,,30840.0,,
44a266c4c9912ec34ea7934fbbffae1745ab82df0229f8972440ae3f43862fa4,11,7,2,N=11 M=7 t2,1,True,1,1,40216.0,1.0,1.0,2.0,42700.0,,40216.0,,
44a266c4c9912ec34ea7934fbbffae1745ab82df0229f8972440ae3f43862fa4,11,8,1,N=11 M=8 t1,1,True,1,1,59648.0,1.0,1.0,2.0,62275.0,,59648.0,,
44a266c4c9912ec34ea7934fbbffae1745ab82df0229f8972440ae3f43862fa4,11,8,2,N=11 M=8 t2,1,True,1,1,61232.0,1.0,1.0,2.0,70496.0,,61232.0,,
44a266c4c9912ec34ea7934fbbffae1745ab82df0229f8972440ae3f43862fa4,11,9,1,N=11 M=9 t1,1,True,0,0,,,,,,,,,
44a266c4c9912ec34ea7934fbbffae1745ab82df0229f8972440ae3f43862fa4,11,9,2,N=11 M=9 t2,1,True,1,1,20275.0,1.0,1.0,2.0,22289.0,,20275.0,,
44a266c4c9912ec34ea7934fbbffae1745ab82df0229f8972440ae3f43862fa4,11,10,1,N=11 M=10 t1,1,True,1,1,67407.0,1.0,1.0,2.0,76014.0,,67407.0,,
44a266c4c9912ec34ea7934fbbffae1745ab82df0229f8972440ae3f43862fa4,11,10,2,N=11 M=10 t2,1,True,1,1,62110.0,1.0,1.0,2.0,70035.0,,62110.0,,
4fecd00f49905e9e223cf26515451b2700e5f3a5455f4d53a9a007b298081033,2,1,1,N=2 M=1 t1,0,False,0,0,,,,,,,,,
4fecd00f49905e9e223cf26515451b2700e5f3a5455f4d53a9a007b298081033,2,1,2,N=2 M=1 t2,0,False,0,0,,,,,,,,,
4fecd00f49905e9e223cf26515451b2700e5f3a5455f4d53a9a007b298081033,3,1,1,N=3 M=1 t1,0,False,0,0,,,,,,,,,
4fecd00f49905e9e223cf26515451b2700e5f3a5455f4d53a9a007b298081033,3,1,2,N=3 M=1 t2,0,False,0,0,,,,,,,,,
4fecd00f49905e9e223cf26515451b2700e5f3a5455f4d53a9a007b298081033,3,2,1,N=3 M=2 t1,0,False,0,0,,,,,,,,,
4fecd00f49905e9e223cf26515451b2700e5f3a5455f4d53a9a007b298081033,3,2,2,N=3 M=2 t2,0,False,0,0,,,,,,,,,
4fecd00f49905e9e223cf26515451b2700e5f3a5455f4d53a9a007b298081033,4,1,1,N=4 M=1 t1,0,False,0,0,,,,,,,,,
4fecd00f49905e9e223cf26515451b2700e5f3a5455f4d53a9a007b298081033,4,1,2,N=4 M=1 t2,0,False,0,0,,,,,,,,,
4fecd00f49905e9e223cf26515451b2700e5f3a5455f4d53a9a007b298081033,4,2,1,N=4 M=2 t1,0,False,0,0,,,,,,,,,
4fecd00f49905e9e223cf26515451b2700e5f3a5455f4d53a9a007b298081033,4,2,2,N=4 M=2 t2,0,False,0,0,,,,,,,,,
4fecd00f49905e9e223cf26515451b2700e5f3a5455f4d53a9a007b298081033,4,3,1,N=4 M=3 t1,0,False,0,0,,,,,,,,,
4fecd00f49905e9e223cf26515451b2700e5f3a5455f4d53a9a007b298081033,4,3,2,N=4 M=3 t2,0,False,0,0,,,,,,,,,
4fecd00f49905e9e223cf26515451b2700e5f3a5455f4d53a9a007b298081033,5,1,1,N=5 M=1 t1,0,False,0,0,,,,,,,,,
4fecd00f49905e9e223cf26515451b2700e5f3a5455f4d53a9a007b298081033,5,1,2,N=5 M=1 t2,0,False,0,0,,,,,,,,,
4fecd00f49905e9e223cf26515451b2700e5f3a5455f4d53a9a007b298081033,5,2,1,N=5 M=2 t1,0,False,0,0,,,,,,,,,
4fecd00f49905e9e223cf26515451b2700e5f3a5455f4d53a9a007b298081033,5,2,2,N=5 M=2 t2,0,False,0,0,,,,,,,,,
4fecd00f49905e9e223cf26515451b2700e5f3a5455f4d53a9a007b298081033,5,3,1,N=5 M=3 t1,0,False,0,0,,,,,,,,,
4fecd00f49905e9e223cf26515451b2700e5f3a5455f4d53a9a007b298081033,5,3,2,N=5 M=3 t2,0,False,0,0,,,,,,,,,
4fecd00f49905e9e223cf26515451b2700e5f3a5455f4d53a9a007b298081033,5,4,1,N=5 M=4 t1,0,False,0,0,,,,,,,,,
4fecd00f49905e9e223cf26515451b2700e5f3a5455f4d53a9a007b298081033,5,4,2,N=5 M=4 t2,0,False,0,0,,,,,,,,,
4fecd00f49905e9e223cf26515451b2700e5f3a5455f4d53a9a007b298081033,6,1,1,N=6 M=1 t1,0,False,0,0,,,,,,,,,
4fecd00f49905e9e223cf26515451b2700e5f3a5455f4d53a9a007b298081033,6,1,2,N=6 M=1 t2,0,False,0,0,,,,,,,,,
4fecd00f49905e9e223cf26515451b2700e5f3a5455f4d53a9a007b298081033,6,2,1,N=6 M=2 t1,0,False,0,0,,,,,,,,,
4fecd00f49905e9e223cf26515451b2700e5f3a5455f4d53a9a007b298081033,6,2,2,N=6 M=2 t2,0,False,0,0,,,,,,,,,
4fecd00f49905e9e223cf26515451b2700e5f3a5455f4d53a9a007b298081033,6,3,1,N=6 M=3 t1,0,False,0,0,,,,,,,,,
4fecd00f49905e9e223cf26515451b2700e5f3a5455f4d53a9a007b298081033,6,3,2,N=6 M=3 t2,0,False,0,0,,,,,,,,,
4fecd00f49905e9e223cf26515451b2700e5f3a5455f4d53a9a007b298081033,6,4,1,N=6 M=4 t1,0,False,0,0,,,,,,,,,
4fecd00f49905e9e223cf26515451b2700e5f3a5455f4d53a9a007b298081033,6,4,2,N=6 M=4 t2,0,False,0,0,,,,,,,,,
4fecd00f49905e9e223cf26515451b2700e5f3a5455f4d53a9a007b298081033,6,5,1,N=6 M=5 t1,0,False,0,0,,,,,,,,,
4fecd00f49905e9e223cf26515451b2700e5f3a5455f4d53a9a007b298081033,6,5,2,N=6 M=5 t2,0,False,0,0,,,,,,,,,
4fecd00f49905e9e223cf26515451b2700e5f3a5455f4d53a9a007b298081033,7,1,1,N=7 M=1 t1,0,False,0,0,,,,,,,,,
4fecd00f49905e9e223cf26515451b2700e5f3a5455f4d53a9a007b298081033,7,1,2,N=7 M=1 t2,0,False,0,0,,,,,,,,,
4fecd00f49905e9e223cf26515451b2700e5f3a5455f4d53a9a007b298081033,7,2,1,N=7 M=2 t1,0,False,0,0,,,,,,,,,
4fecd00f49905e9e223cf26515451b2700e5f3a5455f4d53a9a007b298081033,7,2,2,N=7 M=2 t2,0,False,0,0,,,,,,,,,
4fecd00f49905e9e223cf26515451b2700e5f3a5455f4d53a9a007b298081033,7,3,1,N=7 M=3 t1,0,False,0,0,,,,,,,,,
4fecd00f49905e9e223cf26515451b2700e5f3a5455f4d53a9a007b298081033,7,3,2,N=7 M=3 t2,0,False,0,0,,,,,,,,,
4fecd00f49905e9e223cf26515451b2700e5f3a5455f4d53a9a007b298081033,7,4,1,N=7 M=4 t1,0,False,0,0,,,,,,,,,
4fecd00f49905e9e223cf26515451b2700e5f3a5455f4d53a9a007b298081033,7,4,2,N=7 M=4 t2,0,False,0,0,,,,,,,,,
4fecd00f49905e9e223cf26515451b2700e5f3a5455f4d53a9a007b298081033,7,5,1,N=7 M=5 t1,0,False,0,0,,,,,,,,,
4fecd00f49905e9e223cf26515451b2700e5f3a5455f4d53a9a007b298081033,7,5,2,N=7 M=5 t2,0,False,0,0,,,,,,,,,
4fecd00f49905e9e223cf26515451b2700e5f3a5455f4d53a9a007b298081033,7,6,1,N=7 M=6 t1,0,False,0,0,,,,,,,,,
4fecd00f49905e9e223cf26515451b2700e5f3a5455f4d53a9a007b298081033,7,6,2,N=7 M=6 t2,0,False,0,0,,,,,,,,,
4fecd00f49905e9e223cf26515451b2700e5f3a5455f4d53a9a007b298081033,8,1,1,N=8 M=1 t1,0,False,0,0,,,,,,,,,
4fecd00f49905e9e223cf26515451b2700e5f3a5455f4d53a9a007b298081033,8,1,2,N=8 M=1 t2,0,False,0,0,,,,,,,,,
4fecd00f49905e9e223cf26515451b2700e5f3a5455f4d53a9a007b298081033,8,2,1,N=8 M=2 t1,0,False,0,0,,,,,,,,,
4fecd00f49905e9e223cf26515451b2700e5f3a5455f4d53a9a007b298081033,8,2,2,N=8 M=2 t2,0,False,0,0,,,,,,,,,
4fecd00f49905e9e223cf26515451b2700e5f3a5455f4d53a9a007b298081033,8,3,1,N=8 M=3 t1,0,False,0,0,,,,,,,,,
4fecd00f49905e9e223cf26515451b2700e5f3a5455f4d53a9a007b298081033,8,3,2,N=8 M=3 t2,0,False,0,0,,,,,,,,,
4fecd00f49905e9e223cf26515451b2700e5f3a5455f4d53a9a007b298081033,8,4,1,N=8 M=4 t1,0,False,0,0,,,,,,,,,
4fecd00f49905e9e223cf26515451b2700e5f3a5455f4d53a9a007b298081033,8,4,2,N=8 M=4 t2,0,False,0,0,,,,,,,,,
4fecd00f49905e9e223cf26515451b2700e5f3a5455f4d53a9a007b298081033,8,5,1,N=8 M=5 t1,0,False,0,0,,,,,,,,,
4fecd00f49905e9e223cf26515451b2700e5f3a5455f4d53a9a007b298081033,8,5,2,N=8 M=5 t2,0,False,0,0,,,,,,,,,
4fecd00f49905e9e223cf26515451b2700e5f3a5455f4d53a9a007b298081033,8,6,1,N=8 M=6 t1,0,False,0,0,,,,,,,,,
4fecd00f49905e9e223cf26515451b2700e5f3a5455f4d53a9a007b298081033,8,6,2,N=8 M=6 t2,0,False,0,0,,,,,,,,,
4fecd00f49905e9e223cf26515451b2700e5f3a5455f4d53a9a007b298081033,8,7,1,N=8 M=7 t1,0,False,0,0,,,,,,,,,
4fecd00f49905e9e223cf26515451b2700e5f3a5455f4d53a9a007b298081033,8,7,2,N=8 M=7 t2,0,False,0,0,,,,,,,,,
4fecd00f49905e9e223cf26515451b2700e5f3a5455f4d53a9a007b298081033,9,1,1,N=9 M=1 t1,0,False,0,0,,,,,,,,,
4fecd00f49905e9e223cf26515451b2700e5f3a5455f4d53a9a007b298081033,9,1,2,N=9 M=1 t2,0,False,0,0,,,,,,,,,
4fecd00f49905e9e223cf26515451b2700e5f3a5455f4d53a9a007b298081033,9,2,1,N=9 M=2 t1,0,False,0,0,,,,,,,,,
4fecd00f49905e9e223cf26515451b2700e5f3a5455f4d53a9a007b298081033,9,2,2,N=9 M=2 t2,0,False,0,0,,,,,,,,,
4fecd00f49905e9e223cf26515451b2700e5f3a5455f4d53a9a007b298081033,9,3,1,N=9 M=3 t1,0,False,0,0,,,,,,,,,
4fecd00f49905e9e223cf26515451b2700e5f3a5455f4d53a9a007b298081033,9,3,2,N=9 M=3 t2,0,False,0,0,,,,,,,,,
4fecd00f49905e9e223cf26515451b2700e5f3a5455f4d53a9a007b298081033,9,4,1,N=9 M=4 t1,0,False,0,0,,,,,,,,,
4fecd00f49905e9e223cf26515451b2700e5f3a5455f4d53a9a007b298081033,9,4,2,N=9 M=4 t2,0,False,0,0,,,,,,,,,
4fecd00f49905e9e223cf26515451b2700e5f3a5455f4d53a9a007b298081033,9,5,1,N=9 M=5 t1,0,False,0,0,,,,,,,,,
4fecd00f49905e9e223cf26515451b2700e5f3a5455f4d53a9a007b298081033,9,5,2,N=9 M=5 t2,0,False,0,0,,,,,,,,,
4fecd00f49905e9e223cf26515451b2700e5f3a5455f4d53a9a007b298081033,9,6,1,N=9 M=6 t1,0,False,0,0,,,,,,,,,
4fecd00f49905e9e223cf26515451b2700e5f3a5455f4d53a9a007b298081033,9,6,2,N=9 M=6 t2,0,False,0,0,,,,,,,,,
4fecd00f49905e9e223cf26515451b2700e5f3a5455f4d53a9a007b298081033,9,7,1,N=9 M=7 t1,0,False,0,0,,,,,,,,,
4fecd00f49905e9e223cf26515451b2700e5f3a5455f4d53a9a007b298081033,9,7,2,N=9 M=7 t2,0,False,0,0,,,,,,,,,
4fecd00f49905e9e223cf26515451b2700e5f3a5455f4d53a9a007b298081033,9,8,1,N=9 M=8 t1,0,False,0,0,,,,,,,,,
4fecd00f49905e9e223cf26515451b2700e5f3a5455f4d53a9a007b298081033,9,8,2,N=9 M=8 t2,0,False,0,0,,,,,,,,,
4fecd00f49905e9e223cf26515451b2700e5f3a5455f4d53a9a007b298081033,10,1,1,N=10 M=1 t1,5,True,5,1,130.0,1.0,4.0,7.0,1043.0,,130.0,,
4fecd00f49905e9e223cf26515451b2700e5f3a5455f4d53a9a007b298081033,10,1,1,N=10 M=1 t1,5,True,5,2,4664.0,1.0,5.0,9.0,5403.0,,20782.0,,
4fecd00f49905e9e223cf26515451b2700e5f3a5455f4d53a9a007b298081033,10,1,1,N=10 M=1 t1,5,True,5,3,60692.0,1.0,5.0,9.0,61636.0,,60692.0,,
4fecd00f49905e9e223cf26515451b2700e5f3a5455f4d53a9a007b298081033,10,1,1,N=10 M=1 t1,5,True,5,4,69775.0,1.0,6.0,11.0,71104.0,,72971.0,,
4fecd00f49905e9e223cf26515451b2700e5f3a5455f4d53a9a007b298081033,10,1,1,N=10 M=1 t1,5,True,5,5,107527.0,1.0,6.0,11.0,108341.0,,,,
4fecd00f49905e9e223cf26515451b2700e5f3a5455f4d53a9a007b298081033,10,1,2,N=10 M=1 t2,5,True,5,1,1218.0,1.0,3.0,4.0,2506.0,,13273.0,,
4fecd00f49905e9e223cf26515451b2700e5f3a5455f4d53a9a007b298081033,10,1,2,N=10 M=1 t2,5,True,5,2,2547.0,1.0,3.0,5.0,3291.0,,2547.0,,
4fecd00f49905e9e223cf26515451b2700e5f3a5455f4d53a9a007b298081033,10,1,2,N=10 M=1 t2,5,True,5,3,34581.0,1.0,4.0,7.0,35374.0,,44785.0,,
4fecd00f49905e9e223cf26515451b2700e5f3a5455f4d53a9a007b298081033,10,1,2,N=10 M=1 t2,5,True,5,4,44816.0,1.0,4.0,7.0,45911.0,,44816.0,,
4fecd00f49905e9e223cf26515451b2700e5f3a5455f4d53a9a007b298081033,10,1,2,N=10 M=1 t2,5,True,5,5,68627.0,1.0,5.0,9.0,68916.0,,68627.0,,
4fecd00f49905e9e223cf26515451b2700e5f3a5455f4d53a9a007b298081033,10,2,1,N=10 M=2 t1,3,True,3,1,11626.0,2.0,3.0,4.0,12515.0,,11626.0,,
4fecd00f49905e9e223cf26515451b2700e5f3a5455f4d53a9a007b298081033,10,2,1,N=10 M=2 t1,3,True,3,2,11757.0,2.0,4.0,6.0,12580.0,,20643.0,,
4fecd00f49905e9e223cf26515451b2700e5f3a5455f4d53a9a007b298081033,10,2,1,N=10 M=2 t1,3,True,3,3,25793.0,2.0,5.0,8.0,26838.0,,28425.0,,
4fecd00f49905e9e223cf26515451b2700e5f3a5455f4d53a9a007b298081033,10,2,2,N=10 M=2 t2,3,True,3,1,349.0,1.0,3.0,4.0,5708.0,,349.0,,
4fecd00f49905e9e223cf26515451b2700e5f3a5455f4d53a9a007b298081033,10,2,2,N=10 M=2 t2,3,True,3,2,19570.0,2.0,4.0,6.0,21280.0,,34795.0,,
4fecd00f49905e9e223cf26515451b2700e5f3a5455f4d53a9a007b298081033,10,2,2,N=10 M=2 t2,3,True,3,3,44004.0,2.0,5.0,8.0,44742.0,,46128.0,,
4fecd00f49905e9e223cf26515451b2700e5f3a5455f4d53a9a007b298081033,10,3,1,N=10 M=3 t1,3,True,3,1,4197.0,3.0,4.0,6.0,6046.0,,9101.0,,
4fecd00f49905e9e223cf26515451b2700e5f3a5455f4d53a9a007b298081033,10,3,1,N=10 M=3 t1,3,True,3,2,81643.0,1.0,5.0,8.0,82505.0,,85385.0,,
4fecd00f49905e9e223cf26515451b2700e5f3a5455f4d53a9a007b298081033,10,3,1,N=10 M=3 t1,3,True,3,3,113809.0,2.0,6.0,10.0,114291.0,,115323.0,,
4fecd00f49905e9e223cf26515451b2700e5f3a5455f4d53a9a007b298081033,10,3,2,N=10 M=3 t2,3,True,3,1,15129.0,3.0,5.0,8.0,,,,,
4fecd00f49905e9e223cf26515451b2700e5f3a5455f4d53a9a007b298081033,10,3,2,N=10 M=3 t2,3,True,3,2,19171.0,2.0,6.0,10.0,19984.0,,21934.0,,
4fecd00f49905e9e223cf26515451b2700e5f3a5455f4d53a9a007b298081033,10,3,2,N=10 M=3 t2,3,True,3,3,70955.0,1.0,6.0,10.0,,,,,
4fecd00f49905e9e223cf26515451b2700e5f3a5455f4d53a9a007b298081033,10,4,1,N=10 M=4 t1,6,True,6,1,2825.0,2.0,3.0,4.0,3196.0,,2825.0,,
4fecd00f49905e9e223cf26515451b2700e5f3a5455f4d53a9a007b298081033,10,4,1,N=10 M=4 t1,6,True,6,2,4776.0,5.0,4.0,6.0,5622.0,,,,
4fecd00f49905e9e223cf26515451b2700e5f3a5455f4d53a9a007b298081033,10,4,1,N=10 M=4 t1,6,True,6,3,5051.0,5.0,5.0,8.0,,,,,
4fecd00f49905e9e223cf26515451b2700e5f3a5455f4d53a9a007b298081033,10,4,1,N=10 M=4 t1,6,True,6,4,24361.0,3.0,5.0,8.0,25699.0,,40439.0,,
4fecd00f49905e9e223cf26515451b2700e5f3a5455f4d53a9a007b298081033,10,4,1,N=10 M=4 t1,6,True,6,5,58693.0,1.0,5.0,8.0,,,,,
4fecd00f49905e9e223cf26515451b2700e5f3a5455f4d53a9a007b298081033,10,4,1,N=10 M=4 t1,6,True,6,6,93605.0,3.0,4.0,6.0,,,,,
4fecd00f49905e9e223cf26515451b2700e5f3a5455f4d53a9a007b298081033,10,4,2,N=10 M=4 t2,6,True,6,1,1118.0,1.0,4.0,6.0,2073.0,,1118.0,,
4fecd00f49905e9e223cf26515451b2700e5f3a5455f4d53a9a007b298081033,10,4,2,N=10 M=4 t2,6,True,6,2,31619.0,1.0,4.0,6.0,92685.0,,94701.0,,
4fecd00f49905e9e223cf26515451b2700e5f3a5455f4d53a9a007b298081033,10,4,2,N=10 M=4 t2,6,True,6,3,65396.0,4.0,4.0,6.0,92685.0,,94701.0,,
4fecd00f49905e9e223cf26515451b2700e5f3a5455f4d53a9a007b298081033,10,4,2,N=10 M=4 t2,6,True,6,4,90889.0,3.0,4.0,6.0,92685.0,,94701.0,,
4fecd00f49905e9e223cf26515451b2700e5f3a5455f4d53a9a007b298081033,10,4,2,N=10 M=4 t2,6,True,6,5,103543.0,2.0,5.0,8.0,,,,,
4fecd00f49905e9e223cf26515451b2700e5f3a5455f4d53a9a007b298081033,10,4,2,N=10 M=4 t2,6,True,6,6,113447.0,3.0,6.0,10.0,114908.0,,116374.0,,
4fecd00f49905e9e223cf26515451b2700e5f3a5455f4d53a9a007b298081033,10,5,1,N=10 M=5 t1,5,True,5,1,620.0,1.0,4.0,6.0,1703.0,,620.0,,
4fecd00f49905e9e223cf26515451b2700e5f3a5455f4d53a9a007b298081033,10,5,1,N=10 M=5 t1,5,True,5,2,15854.0,3.0,5.0,8.0,16278.0,,19184.0,,
4fecd00f49905e9e223cf26515451b2700e5f3a5455f4d53a9a007b298081033,10,5,1,N=10 M=5 t1,5,True,5,3,26782.0,2.0,6.0,10.0,28740.0,,30268.0,,
4fecd00f49905e9e223cf26515451b2700e5f3a5455f4d53a9a007b298081033,10,5,1,N=10 M=5 t1,5,True,5,4,31145.0,1.0,7.0,12.0,,,,,
4fecd00f49905e9e223cf26515451b2700e5f3a5455f4d53a9a007b298081033,10,5,1,N=10 M=5 t1,5,True,5,5,112493.0,2.0,6.0,10.0,,,,,
4fecd00f49905e9e223cf26515451b2700e5f3a5455f4d53a9a007b298081033,10,5,2,N=10 M=5 t2,2,True,2,1,1168.0,1.0,4.0,5.0,1994.0,,4316.0,,
4fecd00f49905e9e223cf26515451b2700e5f3a5455f4d53a9a007b298081033,10,5,2,N=10 M=5 t2,2,True,2,2,74292.0,3.0,5.0,7.0,,,,,
4fecd00f49905e9e223cf26515451b2700e5f3a5455f4d53a9a007b298081033,10,6,1,N=10 M=6 t1,3,True,3,1,2339.0,1.0,4.0,5.0,3680.0,,5200.0,,
4fecd00f49905e9e223cf26515451b2700e5f3a5455f4d53a9a007b298081033,10,6,1,N=10 M=6 t1,3,True,3,2,63980.0,2.0,5.0,7.0,,,,,
4fecd00f49905e9e223cf26515451b2700e5f3a5455f4d53a9a007b298081033,10,6,1,N=10 M=6 t1,3,True,3,3,97664.0,3.0,5.0,7.0,,,,,
4fecd00f49905e9e223cf26515451b2700e5f3a5455f4d53a9a007b298081033,10,6,2,N=10 M=6 t2,4,True,5,1,3997.0,2.0,4.0,5.0,5139.0,,7311.0,,
4fecd00f49905e9e223cf26515451b2700e5f3a5455f4d53a9a007b298081033,10,6,2,N=10 M=6 t2,4,True,5,2,16286.0,2.0,5.0,7.0,,,,,
4fecd00f49905e9e223cf26515451b2700e5f3a5455f4d53a9a007b298081033,10,6,2,N=10 M=6 t2,4,True,5,3,31953.0,1.0,5.0,7.0,,,,,
4fecd00f49905e9e223cf26515451b2700e5f3a5455f4d53a9a007b298081033,10,6,2,N=10 M=6 t2,4,True,5,4,78492.0,4.0,5.0,7.0,,,,,
4fecd00f49905e9e223cf26515451b2700e5f3a5455f4d53a9a007b298081033,10,6,2,N=10 M=6 t2,4,True,5,5,116614.0,2.0,5.0,7.0,117179.0,,118303.0,,
4fecd00f49905e9e223cf26515451b2700e5f3a5455f4d53a9a007b298081033,10,7,1,N=10 M=7 t1,3,True,3,1,10938.0,1.0,5.0,7.0,,,,,
4fecd00f49905e9e223cf26515451b2700e5f3a5455f4d53a9a007b298081033,10,7,1,N=10 M=7 t1,3,True,3,2,30774.0,3.0,5.0,7.0,,,,,
4fecd00f49905e9e223cf26515451b2700e5f3a5455f4d53a9a007b298081033,10,7,1,N=10 M=7 t1,3,True,3,3,79648.0,5.0,5.0,7.0,80404.0,,82271.0,,
4fecd00f49905e9e223cf26515451b2700e5f3a5455f4d53a9a007b298081033,10,7,2,N=10 M=7 t2,3,True,0,0,,,,,,,,,
4fecd00f49905e9e223cf26515451b2700e5f3a5455f4d53a9a007b298081033,10,8,1,N=10 M=8 t1,5,True,5,1,1411.0,1.0,4.0,5.0,,,,,
4fecd00f49905e9e223cf26515451b2700e5f3a5455f4d53a9a007b298081033,10,8,1,N=10 M=8 t1,5,True,5,2,7350.0,3.0,5.0,7.0,8673.0,,13018.0,,
4fecd00f49905e9e223cf26515451b2700e5f3a5455f4d53a9a007b298081033,10,8,1,N=10 M=8 t1,5,True,5,3,19933.0,4.0,5.0,7.0,,,,,
4fecd00f49905e9e223cf26515451b2700e5f3a5455f4d53a9a007b298081033,10,8,1,N=10 M=8 t1,5,True,5,4,51263.0,2.0,5.0,7.0,,,,,
4fecd00f49905e9e223cf26515451b2700e5f3a5455f4d53a9a007b298081033,10,8,1,N=10 M=8 t1,5,True,5,5,85039.0,2.0,5.0,7.0,85522.0,,86590.0,,
4fecd00f49905e9e223cf26515451b2700e5f3a5455f4d53a9a007b298081033,10,8,2,N=10 M=8 t2,5,True,6,1,3447.0,1.0,4.0,5.0,4563.0,,8249.0,,
4fecd00f49905e9e223cf26515451b2700e5f3a5455f4d53a9a007b298081033,10,8,2,N=10 M=8 t2,5,True,6,2,12833.0,1.0,5.0,7.0,,,,,
4fecd00f49905e9e223cf26515451b2700e5f3a5455f4d53a9a007b298081033,10,8,2,N=10 M=8 t2,5,True,6,3,35696.0,3.0,5.0,7.0,,,,,
4fecd00f49905e9e223cf26515451b2700e5f3a5455f4d53a9a007b298081033,10,8,2,N=10 M=8 t2,5,True,6,4,51459.0,2.0,5.0,7.0,,,,,
4fecd00f49905e9e223cf26515451b2700e5f3a5455f4d53a9a007b298081033,10,8,2,N=10 M=8 t2,5,True,6,5,84126.0,2.0,5.0,7.0,,,,,
4fecd00f49905e9e223cf26515451b2700e5f3a5455f4d53a9a007b298081033,10,8,2,N=10 M=8 t2,5,True,6,6,119708.0,3.0,5.0,7.0,,,,,
4fecd00f49905e9e223cf26515451b2700e5f3a5455f4d53a9a007b298081033,10,9,1,N=10 M=9 t1,5,True,5,1,39289.0,2.0,5.0,7.0,,,,,
4fecd00f49905e9e223cf26515451b2700e5f3a5455f4d53a9a007b298081033,10,9,1,N=10 M=9 t1,5,True,5,2,58363.0,3.0,5.0,7.0,,,,,
4fecd00f49905e9e223cf26515451b2700e5f3a5455f4d53a9a007b298081033,10,9,1,N=10 M=9 t1,5,True,5,3,76185.0,1.0,5.0,7.0,,,,,
4fecd00f49905e9e223cf26515451b2700e5f3a5455f4d53a9a007b298081033,10,9,1,N=10 M=9 t1,5,True,5,4,92241.0,3.0,5.0,7.0,,,,,
4fecd00f49905e9e223cf26515451b2700e5f3a5455f4d53a9a007b298081033,10,9,1,N=10 M=9 t1,5,True,5,5,109216.0,2.0,5.0,7.0,109784.0,,110841.0,,
4fecd00f49905e9e223cf26515451b2700e5f3a5455f4d53a9a007b298081033,10,9,2,N=10 M=9 t2,3,True,3,1,35249.0,2.0,5.0,7.0,,,,,
4fecd00f49905e9e223cf26515451b2700e5f3a5455f4d53a9a007b298081033,10,9,2,N=10 M=9 t2,3,True,3,2,68014.0,5.0,5.0,7.0,,,,,
4fecd00f49905e9e223cf26515451b2700e5f3a5455f4d53a9a007b298081033,10,9,2,N=10 M=9 t2,3,True,3,3,108390.0,3.0,5.0,7.0,108883.0,,110015.0,,
4fecd00f49905e9e223cf26515451b2700e5f3a5455f4d53a9a007b298081033,11,1,1,N=11 M=1 t1,6,True,6,1,8487.0,1.0,5.0,7.0,8888.0,,20740.0,,
4fecd00f49905e9e223cf26515451b2700e5f3a5455f4d53a9a007b298081033,11,1,1,N=11 M=1 t1,6,True,6,2,28871.0,1.0,6.0,9.0,29693.0,,39948.0,,
4fecd00f49905e9e223cf26515451b2700e5f3a5455f4d53a9a007b298081033,11,1,1,N=11 M=1 t1,6,True,6,3,36241.0,1.0,7.0,11.0,39993.0,,43553.0,,
4fecd00f49905e9e223cf26515451b2700e5f3a5455f4d53a9a007b298081033,11,1,1,N=11 M=1 t1,6,True,6,4,44150.0,1.0,8.0,13.0,45066.0,,,,
4fecd00f49905e9e223cf26515451b2700e5f3a5455f4d53a9a007b298081033,11,1,1,N=11 M=1 t1,6,True,6,5,46541.0,1.0,9.0,15.0,,,,,
4fecd00f49905e9e223cf26515451b2700e5f3a5455f4d53a9a007b298081033,11,1,1,N=11 M=1 t1,6,True,6,6,104408.0,1.0,9.0,15.0,,,,,
4fecd00f49905e9e223cf26515451b2700e5f3a5455f4d53a9a007b298081033,11,1,2,N=11 M=1 t2,5,True,5,1,11291.0,1.0,5.0,7.0,11864.0,,,,
4fecd00f49905e9e223cf26515451b2700e5f3a5455f4d53a9a007b298081033,11,1,2,N=11 M=1 t2,5,True,5,2,19209.0,1.0,6.0,9.0,20038.0,,21208.0,,
4fecd00f49905e9e223cf26515451b2700e5f3a5455f4d53a9a007b298081033,11,1,2,N=11 M=1 t2,5,True,5,3,55470.0,1.0,7.0,11.0,56069.0,,72199.0,,
4fecd00f49905e9e223cf26515451b2700e5f3a5455f4d53a9a007b298081033,11,1,2,N=11 M=1 t2,5,True,5,4,87369.0,1.0,8.0,13.0,,,,,
4fecd00f49905e9e223cf26515451b2700e5f3a5455f4d53a9a007b298081033,11,1,2,N=11 M=1 t2,5,True,5,5,114817.0,1.0,8.0,13.0,,,,,
4fecd00f49905e9e223cf26515451b2700e5f3a5455f4d53a9a007b298081033,11,2,1,N=11 M=2 t1,4,True,4,1,4667.0,2.0,5.0,7.0,5134.0,,26702.0,,
4fecd00f49905e9e223cf26515451b2700e5f3a5455f4d53a9a007b298081033,11,2,1,N=11 M=2 t1,4,True,4,2,8937.0,2.0,6.0,9.0,,,,,
4fecd00f49905e9e223cf26515451b2700e5f3a5455f4d53a9a007b298081033,11,2,1,N=11 M=2 t1,4,True,4,3,52778.0,2.0,6.0,9.0,,,,,
4fecd00f49905e9e223cf26515451b2700e5f3a5455f4d53a9a007b298081033,11,2,1,N=11 M=2 t1,4,True,4,4,73108.0,2.0,6.0,9.0,73540.0,,86120.0,,
4fecd00f49905e9e223cf26515451b2700e5f3a5455f4d53a9a007b298081033,11,2,2,N=11 M=2 t2,6,True,6,1,19048.0,2.0,4.0,5.0,,,,,
4fecd00f49905e9e223cf26515451b2700e5f3a5455f4d53a9a007b298081033,11,2,2,N=11 M=2 t2,6,True,6,2,34751.0,2.0,4.0,5.0,35143.0,,40387.0,,
4fecd00f49905e9e223cf26515451b2700e5f3a5455f4d53a9a007b298081033,11,2,2,N=11 M=2 t2,6,True,6,3,35229.0,2.0,5.0,7.0,,,,,
4fecd00f49905e9e223cf26515451b2700e5f3a5455f4d53a9a007b298081033,11,2,2,N=11 M=2 t2,6,True,6,4,42326.0,2.0,6.0,9.0,,,,,
4fecd00f49905e9e223cf26515451b2700e5f3a5455f4d53a9a007b298081033,11,2,2,N=11 M=2 t2,6,True,6,5,60339.0,2.0,5.0,7.0,,,,,
4fecd00f49905e9e223cf26515451b2700e5f3a5455f4d53a9a007b298081033,11,2,2,N=11 M=2 t2,6,True,6,6,107853.0,2.0,5.0,7.0,,,,,
4fecd00f49905e9e223cf26515451b2700e5f3a5455f4d53a9a007b298081033,11,3,1,N=11 M=3 t1,6,True,0,0,,,,,,,,,
4fecd00f49905e9e223cf26515451b2700e5f3a5455f4d53a9a007b298081033,11,3,2,N=11 M=3 t2,8,True,8,1,7227.0,3.0,4.0,5.0,,,,,
4fecd00f49905e9e223cf26515451b2700e5f3a5455f4d53a9a007b298081033,11,3,2,N=11 M=3 t2,8,True,8,2,10236.0,2.0,5.0,7.0,10646.0,,21409.0,,
4fecd00f49905e9e223cf26515451b2700e5f3a5455f4d53a9a007b298081033,11,3,2,N=11 M=3 t2,8,True,8,3,11507.0,2.0,6.0,9.0,12388.0,,20903.0,,
4fecd00f49905e9e223cf26515451b2700e5f3a5455f4d53a9a007b298081033,11,3,2,N=11 M=3 t2,8,True,8,4,23304.0,3.0,6.0,9.0,,,,,
4fecd00f49905e9e223cf26515451b2700e5f3a5455f4d53a9a007b298081033,11,3,2,N=11 M=3 t2,8,True,8,5,42312.0,2.0,6.0,9.0,,,,,
4fecd00f49905e9e223cf26515451b2700e5f3a5455f4d53a9a007b298081033,11,3,2,N=11 M=3 t2,8,True,8,6,69964.0,2.0,6.0,9.0,70397.0,,71965.0,,
4fecd00f49905e9e223cf26515451b2700e5f3a5455f4d53a9a007b298081033,11,3,2,N=11 M=3 t2,8,True,8,7,86031.0,2.0,7.0,11.0,,,,,
4fecd00f49905e9e223cf26515451b2700e5f3a5455f4d53a9a007b298081033,11,3,2,N=11 M=3 t2,8,True,8,8,105149.0,2.0,7.0,11.0,,,,,
4fecd00f49905e9e223cf26515451b2700e5f3a5455f4d53a9a007b298081033,11,4,1,N=11 M=4 t1,5,True,0,0,,,,,,,,,
4fecd00f49905e9e223cf26515451b2700e5f3a5455f4d53a9a007b298081033,11,4,2,N=11 M=4 t2,5,True,5,1,9021.0,3.0,5.0,7.0,9424.0,,13025.0,,
4fecd00f49905e9e223cf26515451b2700e5f3a5455f4d53a9a007b298081033,11,4,2,N=11 M=4 t2,5,True,5,2,18332.0,2.0,5.0,7.0,89620.0,,91992.0,,
4fecd00f49905e9e223cf26515451b2700e5f3a5455f4d53a9a007b298081033,11,4,2,N=11 M=4 t2,5,True,5,3,45713.0,2.0,5.0,7.0,89620.0,,91992.0,,
4fecd00f49905e9e223cf26515451b2700e5f3a5455f4d53a9a007b298081033,11,4,2,N=11 M=4 t2,5,True,5,4,63509.0,4.0,5.0,7.0,89620.0,,91992.0,,
4fecd00f49905e9e223cf26515451b2700e5f3a5455f4d53a9a007b298081033,11,4,2,N=11 M=4 t2,5,True,5,5,87980.0,4.0,5.0,7.0,89620.0,,91992.0,,
4fecd00f49905e9e223cf26515451b2700e5f3a5455f4d53a9a007b298081033,11,5,1,N=11 M=5 t1,6,True,6,1,8518.0,2.0,4.0,5.0,,,,,
4fecd00f49905e9e223cf26515451b2700e5f3a5455f4d53a9a007b298081033,11,5,1,N=11 M=5 t1,6,True,6,2,9316.0,2.0,5.0,7.0,9658.0,,25212.0,,
4fecd00f49905e9e223cf26515451b2700e5f3a5455f4d53a9a007b298081033,11,5,1,N=11 M=5 t1,6,True,6,3,24143.0,2.0,4.0,5.0,24569.0,,25212.0,,
4fecd00f49905e9e223cf26515451b2700e5f3a5455f4d53a9a007b298081033,11,5,1,N=11 M=5 t1,6,True,6,4,32976.0,3.0,5.0,7.0,,,,,
4fecd00f49905e9e223cf26515451b2700e5f3a5455f4d53a9a007b298081033,11,5,1,N=11 M=5 t1,6,True,6,5,75458.0,4.0,5.0,7.0,,,,,
4fecd00f49905e9e223cf26515451b2700e5f3a5455f4d53a9a007b298081033,11,5,1,N=11 M=5 t1,6,True,6,6,102535.0,3.0,5.0,7.0,,,,,
4fecd00f49905e9e223cf26515451b2700e5f3a5455f4d53a9a007b298081033,11,5,2,N=11 M=5 t2,5,True,5,1,9232.0,1.0,4.0,5.0,9572.0,,11460.0,,
4fecd00f49905e9e223cf26515451b2700e5f3a5455f4d53a9a007b298081033,11,5,2,N=11 M=5 t2,5,True,5,2,24417.0,1.0,5.0,7.0,88680.0,,91646.0,,
4fecd00f49905e9e223cf26515451b2700e5f3a5455f4d53a9a007b298081033,11,5,2,N=11 M=5 t2,5,True,5,3,45699.0,2.0,5.0,7.0,88680.0,,91646.0,,
4fecd00f49905e9e223cf26515451b2700e5f3a5455f4d53a9a007b298081033,11,5,2,N=11 M=5 t2,5,True,5,4,65959.0,3.0,5.0,7.0,88680.0,,91646.0,,
4fecd00f49905e9e223cf26515451b2700e5f3a5455f4d53a9a007b298081033,11,5,2,N=11 M=5 t2,5,True,5,5,86365.0,4.0,5.0,7.0,88680.0,,91646.0,,
4fecd00f49905e9e223cf26515451b2700e5f3a5455f4d53a9a007b298081033,11,6,1,N=11 M=6 t1,3,True,3,1,9047.0,1.0,4.0,5.0,9488.0,,10279.0,,
4fecd00f49905e9e223cf26515451b2700e5f3a5455f4d53a9a007b298081033,11,6,1,N=11 M=6 t1,3,True,3,2,15649.0,3.0,5.0,7.0,17193.0,,19156.0,,
4fecd00f49905e9e223cf26515451b2700e5f3a5455f4d53a9a007b298081033,11,6,1,N=11 M=6 t1,3,True,3,3,17793.0,1.0,6.0,9.0,18568.0,,20589.0,,
4fecd00f49905e9e223cf26515451b2700e5f3a5455f4d53a9a007b298081033,11,6,2,N=11 M=6 t2,8,True,8,1,2438.0,2.0,5.0,7.0,3425.0,,20796.0,,
4fecd00f49905e9e223cf26515451b2700e5f3a5455f4d53a9a007b298081033,11,6,2,N=11 M=6 t2,8,True,8,2,8136.0,3.0,6.0,9.0,8625.0,,45044.0,,
4fecd00f49905e9e223cf26515451b2700e5f3a5455f4d53a9a007b298081033,11,6,2,N=11 M=6 t2,8,True,8,3,26113.0,2.0,6.0,9.0,,,,,
4fecd00f49905e9e223cf26515451b2700e5f3a5455f4d53a9a007b298081033,11,6,2,N=11 M=6 t2,8,True,8,4,43741.0,2.0,5.0,7.0,44191.0,,45044.0,,
4fecd00f49905e9e223cf26515451b2700e5f3a5455f4d53a9a007b298081033,11,6,2,N=11 M=6 t2,8,True,8,5,48736.0,3.0,6.0,9.0,,,,,
4fecd00f49905e9e223cf26515451b2700e5f3a5455f4d53a9a007b298081033,11,6,2,N=11 M=6 t2,8,True,8,6,66543.0,3.0,6.0,9.0,,,,,
4fecd00f49905e9e223cf26515451b2700e5f3a5455f4d53a9a007b298081033,11,6,2,N=11 M=6 t2,8,True,8,7,97448.0,2.0,6.0,9.0,,,,,
4fecd00f49905e9e223cf26515451b2700e5f3a5455f4d53a9a007b298081033,11,6,2,N=11 M=6 t2,8,True,8,8,113695.0,2.0,6.0,9.0,,,,,
4fecd00f49905e9e223cf26515451b2700e5f3a5455f4d53a9a007b298081033,11,7,1,N=11 M=7 t1,2,True,2,1,33.0,1.0,4.0,5.0,1160.0,,2892.0,,
4fecd00f49905e9e223cf26515451b2700e5f3a5455f4d53a9a007b298081033,11,7,1,N=11 M=7 t1,2,True,2,2,11343.0,4.0,5.0,7.0,11768.0,,12763.0,,
4fecd00f49905e9e223cf26515451b2700e5f3a5455f4d53a9a007b298081033,11,7,2,N=11 M=7 t2,7,True,8,1,10146.0,2.0,4.0,5.0,,,,,
4fecd00f49905e9e223cf26515451b2700e5f3a5455f4d53a9a007b298081033,11,7,2,N=11 M=7 t2,7,True,8,2,30171.0,3.0,4.0,5.0,,,,,
4fecd00f49905e9e223cf26515451b2700e5f3a5455f4d53a9a007b298081033,11,7,2,N=11 M=7 t2,7,True,8,3,34375.0,3.0,5.0,7.0,71707.0,,72794.0,,
4fecd00f49905e9e223cf26515451b2700e5f3a5455f4d53a9a007b298081033,11,7,2,N=11 M=7 t2,7,True,8,4,34611.0,3.0,5.0,7.0,35361.0,,36857.0,,
4fecd00f49905e9e223cf26515451b2700e5f3a5455f4d53a9a007b298081033,11,7,2,N=11 M=7 t2,7,True,8,5,36149.0,3.0,6.0,9.0,71707.0,,72794.0,,
4fecd00f49905e9e223cf26515451b2700e5f3a5455f4d53a9a007b298081033,11,7,2,N=11 M=7 t2,7,True,8,6,71228.0,2.0,5.0,7.0,71707.0,,72794.0,,
4fecd00f49905e9e223cf26515451b2700e5f3a5455f4d53a9a007b298081033,11,7,2,N=11 M=7 t2,7,True,8,7,78489.0,1.0,6.0,9.0,,,,,
4fecd00f49905e9e223cf26515451b2700e5f3a5455f4d53a9a007b298081033,11,7,2,N=11 M=7 t2,7,True,8,8,117281.0,2.0,6.0,9.0,,,,,
4fecd00f49905e9e223cf26515451b2700e5f3a5455f4d53a9a007b298081033,11,8,1,N=11 M=8 t1,7,True,7,1,2337.0,2.0,4.0,5.0,2852.0,,3576.0,,
4fecd00f49905e9e223cf26515451b2700e5f3a5455f4d53a9a007b298081033,11,8,1,N=11 M=8 t1,7,True,7,2,3132.0,2.0,5.0,7.0,4909.0,,6625.0,,
4fecd00f49905e9e223cf26515451b2700e5f3a5455f4d53a9a007b298081033,11,8,1,N=11 M=8 t1,7,True,7,3,9146.0,2.0,6.0,9.0,,,,,
4fecd00f49905e9e223cf26515451b2700e5f3a5455f4d53a9a007b298081033,11,8,1,N=11 M=8 t1,7,True,7,4,39929.0,2.0,6.0,9.0,,,,,
4fecd00f49905e9e223cf26515451b2700e5f3a5455f4d53a9a007b298081033,11,8,1,N=11 M=8 t1,7,True,7,5,57949.0,3.0,5.0,7.0,,,,,
4fecd00f49905e9e223cf26515451b2700e5f3a5455f4d53a9a007b298081033,11,8,1,N=11 M=8 t1,7,True,7,6,88519.0,4.0,5.0,7.0,,,,,
4fecd00f49905e9e223cf26515451b2700e5f3a5455f4d53a9a007b298081033,11,8,1,N=11 M=8 t1,7,True,7,7,88763.0,4.0,6.0,9.0,89510.0,,93954.0,,
4fecd00f49905e9e223cf26515451b2700e5f3a5455f4d53a9a007b298081033,11,8,2,N=11 M=8 t2,2,True,2,1,11814.0,2.0,5.0,7.0,12595.0,,13380.0,,
4fecd00f49905e9e223cf26515451b2700e5f3a5455f4d53a9a007b298081033,11,8,2,N=11 M=8 t2,2,True,2,2,88941.0,2.0,6.0,9.0,89868.0,,91951.0,,
4fecd00f49905e9e223cf26515451b2700e5f3a5455f4d53a9a007b298081033,11,9,1,N=11 M=9 t1,5,True,5,1,10633.0,1.0,4.0,5.0,10970.0,,51088.0,,
4fecd00f49905e9e223cf26515451b2700e5f3a5455f4d53a9a007b298081033,11,9,1,N=11 M=9 t1,5,True,5,2,17211.0,3.0,4.0,5.0,74167.0,,76545.0,,
4fecd00f49905e9e223cf26515451b2700e5f3a5455f4d53a9a007b298081033,11,9,1,N=11 M=9 t1,5,True,5,3,42065.0,2.0,4.0,5.0,74167.0,,76545.0,,
4fecd00f49905e9e223cf26515451b2700e5f3a5455f4d53a9a007b298081033,11,9,1,N=11 M=9 t1,5,True,5,4,48797.0,2.0,5.0,7.0,49237.0,,51088.0,,
4fecd00f49905e9e223cf26515451b2700e5f3a5455f4d53a9a007b298081033,11,9,1,N=11 M=9 t1,5,True,5,5,71597.0,2.0,5.0,7.0,74167.0,,76545.0,,
4fecd00f49905e9e223cf26515451b2700e5f3a5455f4d53a9a007b298081033,11,9,2,N=11 M=9 t2,7,True,7,1,2299.0,1.0,4.0,5.0,3740.0,,5558.0,,
4fecd00f49905e9e223cf26515451b2700e5f3a5455f4d53a9a007b298081033,11,9,2,N=11 M=9 t2,7,True,7,2,15229.0,2.0,5.0,7.0,,,,,
4fecd00f49905e9e223cf26515451b2700e5f3a5455f4d53a9a007b298081033,11,9,2,N=11 M=9 t2,7,True,7,3,16246.0,1.0,5.0,7.0,,,,,
4fecd00f49905e9e223cf26515451b2700e5f3a5455f4d53a9a007b298081033,11,9,2,N=11 M=9 t2,7,True,7,4,19199.0,2.0,5.0,7.0,20349.0,,22370.0,,
4fecd00f49905e9e223cf26515451b2700e5f3a5455f4d53a9a007b298081033,11,9,2,N=11 M=9 t2,7,True,7,5,32479.0,2.0,6.0,9.0,33289.0,,34478.0,,
4fecd00f49905e9e223cf26515451b2700e5f3a5455f4d53a9a007b298081033,11,9,2,N=11 M=9 t2,7,True,7,6,60809.0,2.0,7.0,11.0,,,,,
4fecd00f49905e9e223cf26515451b2700e5f3a5455f4d53a9a007b298081033,11,9,2,N=11 M=9 t2,7,True,7,7,112661.0,1.0,7.0,11.0,,,,,
4fecd00f49905e9e223cf26515451b2700e5f3a5455f4d53a9a007b298081033,11,10,1,N=11 M=10 t1,12,True,12,1,2515.0,3.0,4.0,5.0,,,,,
4fecd00f49905e9e223cf26515451b2700e5f3a5455f4d53a9a007b298081033,11,10,1,N=11 M=10 t1,12,True,12,2,8634.0,2.0,5.0,7.0,,,,,
4fecd00f49905e9e223cf26515451b2700e5f3a5455f4d53a9a007b298081033,11,10,1,N=11 M=10 t1,12,True,12,3,11089.0,2.0,5.0,7.0,,,,,
4fecd00f49905e9e223cf26515451b2700e5f3a5455f4d53a9a007b298081033,11,10,1,N=11 M=10 t1,12,True,12,4,21965.0,2.0,4.0,5.0,,,,,
4fecd00f49905e9e223cf26515451b2700e5f3a5455f4d53a9a007b298081033,11,10,1,N=11 M=10 t1,12,True,12,5,26465.0,2.0,4.0,5.0,,,,,
4fecd00f49905e9e223cf26515451b2700e5f3a5455f4d53a9a007b298081033,11,10,1,N=11 M=10 t1,12,True,12,6,28174.0,4.0,5.0,7.0,,,,,
4fecd00f49905e9e223cf26515451b2700e5f3a5455f4d53a9a007b298081033,11,10,1,N=11 M=10 t1,12,True,12,7,46596.0,3.0,4.0,5.0,,,,,
4fecd00f49905e9e223cf26515451b2700e5f3a5455f4d53a9a007b298081033,11,10,1,N=11 M=10 t1,12,True,12,8,54340.0,3.0,5.0,7.0,,,,,
4fecd00f49905e9e223cf26515451b2700e5f3a5455f4d53a9a007b298081033,11,10,1,N=11 M=10 t1,12,True,12,9,67872.0,3.0,4.0,5.0,,,,,
4fecd00f49905e9e223cf26515451b2700e5f3a5455f4d53a9a007b298081033,11,10,1,N=11 M=10 t1,12,True,12,10,76069.0,3.0,5.0,7.0,,,,,
4fecd00f49905e9e223cf26515451b2700e5f3a5455f4d53a9a007b298081033,11,10,1,N=11 M=10 t1,12,True,12,11,90766.0,3.0,4.0,5.0,,,,,
4fecd00f49905e9e223cf26515451b2700e5f3a5455f4d53a9a007b298081033,11,10,1,N=11 M=10 t1,12,True,12,12,99181.0,3.0,4.0,5.0,,,,,
4fecd00f49905e9e223cf26515451b2700e5f3a5455f4d53a9a007b298081033,11,10,2,N=11 M=10 t2,1,True,1,1,12951.0,3.0,4.0,5.0,13390.0,,14119.0,,
6b819f64b80724df3023daf45b665c8a7b8554b7084fb1c0a2479c0fb08738a3,2,1,1,N=2 M=1 t1,0,False,0,0,,,,,,,,,
6b819f64b80724df3023daf45b665c8a7b8554b7084fb1c0a2479c0fb08738a3,2,1,2,N=2 M=1 t2,0,False,0,0,,,,,,,,,
6b819f64b80724df3023daf45b665c8a7b8554b7084fb1c0a2479c0fb08738a3,3,1,1,N=3 M=1 t1,0,False,0,0,,,,,,,,,
6b819f64b80724df3023daf45b665c8a7b8554b7084fb1c0a2479c0fb08738a3,3,1,2,N=3 M=1 t2,0,False,0,0,,,,,,,,,
6b819f64b80724df3023daf45b665c8a7b8554b7084fb1c0a2479c0fb08738a3,3,2,1,N=3 M=2 t1,0,False,0,0,,,,,,,,,
6b819f64b80724df3023daf45b665c8a7b8554b7084fb1c0a2479c0fb08738a3,3,2,2,N=3 M=2 t2,0,False,0,0,,,,,,,,,
6b819f64b80724df3023daf45b665c8a7b8554b7084fb1c0a2479c0fb08738a3,4,1,1,N=4 M=1 t1,0,False,0,0,,,,,,,,,
6b819f64b80724df3023daf45b665c8a7b8554b7084fb1c0a2479c0fb08738a3,4,1,2,N=4 M=1 t2,0,False,0,0,,,,,,,,,
6b819f64b80724df3023daf45b665c8a7b8554b7084fb1c0a2479c0fb08738a3,4,2,1,N=4 M=2 t1,0,False,0,0,,,,,,,,,
6b819f64b80724df3023daf45b665c8a7b8554b7084fb1c0a2479c0fb08738a3,4,2,2,N=4 M=2 t2,0,False,0,0,,,,,,,,,
6b819f64b80724df3023daf45b665c8a7b8554b7084fb1c0a2479c0fb08738a3,4,3,1,N=4 M=3 t1,0,False,0,0,,,,,,,,,
6b819f64b80724df3023daf45b665c8a7b8554b7084fb1c0a2479c0fb08738a3,4,3,2,N=4 M=3 t2,0,False,0,0,,,,,,,,,
6b819f64b80724df3023daf45b665c8a7b8554b7084fb1c0a2479c0fb08738a3,5,1,1,N=5 M=1 t1,0,False,0,0,,,,,,,,,
6b819f64b80724df3023daf45b665c8a7b8554b7084fb1c0a2479c0fb08738a3,5,1,2,N=5 M=1 t2,0,False,0,0,,,,,,,,,
6b819f64b80724df3023daf45b665c8a7b8554b7084fb1c0a2479c0fb08738a3,5,2,1,N=5 M=2 t1,0,False,0,0,,,,,,,,,
6b819f64b80724df3023daf45b665c8a7b8554b7084fb1c0a2479c0fb08738a3,5,2,2,N=5 M=2 t2,0,False,0,0,,,,,,,,,
6b819f64b80724df3023daf45b665c8a7b8554b7084fb1c0a2479c0fb08738a3,5,3,1,N=5 M=3 t1,0,False,0,0,,,,,,,,,
6b819f64b80724df3023daf45b665c8a7b8554b7084fb1c0a2479c0fb08738a3,5,3,2,N=5 M=3 t2,0,False,0,0,,,,,,,,,
6b819f64b80724df3023daf45b665c8a7b8554b7084fb1c0a2479c0fb08738a3,5,4,1,N=5 M=4 t1,0,False,0,0,,,,,,,,,
6b819f64b80724df3023daf45b665c8a7b8554b7084fb1c0a2479c0fb08738a3,5,4,2,N=5 M=4 t2,0,False,0,0,,,,,,,,,
6b819f64b80724df3023daf45b665c8a7b8554b7084fb1c0a2479c0fb08738a3,6,1,1,N=6 M=1 t1,0,False,0,0,,,,,,,,,
6b819f64b80724df3023daf45b665c8a7b8554b7084fb1c0a2479c0fb08738a3,6,1,2,N=6 M=1 t2,0,False,0,0,,,,,,,,,
6b819f64b80724df3023daf45b665c8a7b8554b7084fb1c0a2479c0fb08738a3,6,2,1,N=6 M=2 t1,0,False,0,0,,,,,,,,,
6b819f64b80724df3023daf45b665c8a7b8554b7084fb1c0a2479c0fb08738a3,6,2,2,N=6 M=2 t2,0,False,0,0,,,,,,,,,
6b819f64b80724df3023daf45b665c8a7b8554b7084fb1c0a2479c0fb08738a3,6,3,1,N=6 M=3 t1,0,False,0,0,,,,,,,,,
6b819f64b80724df3023daf45b665c8a7b8554b7084fb1c0a2479c0fb08738a3,6,3,2,N=6 M=3 t2,0,False,0,0,,,,,,,,,
6b819f64b80724df3023daf45b665c8a7b8554b7084fb1c0a2479c0fb08738a3,6,4,1,N=6 M=4 t1,0,False,0,0,,,,,,,,,
6b819f64b80724df3023daf45b665c8a7b8554b7084fb1c0a2479c0fb08738a3,6,4,2,N=6 M=4 t2,0,False,0,0,,,,,,,,,
6b819f64b80724df3023daf45b665c8a7b8554b7084fb1c0a2479c0fb08738a3,6,5,1,N=6 M=5 t1,0,False,0,0,,,,,,,,,
6b819f64b80724df3023daf45b665c8a7b8554b7084fb1c0a2479c0fb08738a3,6,5,2,N=6 M=5 t2,0,False,0,0,,,,,,,,,
6b819f64b80724df3023daf45b665c8a7b8554b7084fb1c0a2479c0fb08738a3,7,1,1,N=7 M=1 t1,0,False,0,0,,,,,,,,,
6b819f64b80724df3023daf45b665c8a7b8554b7084fb1c0a2479c0fb08738a3,7,1,2,N=7 M=1 t2,0,False,0,0,,,,,,,,,
6b819f64b80724df3023daf45b665c8a7b8554b7084fb1c0a2479c0fb08738a3,7,2,1,N=7 M=2 t1,0,False,0,0,,,,,,,,,
6b819f64b80724df3023daf45b665c8a7b8554b7084fb1c0a2479c0fb08738a3,7,2,2,N=7 M=2 t2,0,False,0,0,,,,,,,,,
6b819f64b80724df3023daf45b665c8a7b8554b7084fb1c0a2479c0fb08738a3,7,3,1,N=7 M=3 t1,0,False,0,0,,,,,,,,,
6b819f64b80724df3023daf45b665c8a7b8554b7084fb1c0a2479c0fb08738a3,7,3,2,N=7 M=3 t2,0,False,0,0,,,,,,,,,
6b819f64b80724df3023daf45b665c8a7b8554b7084fb1c0a2479c0fb08738a3,7,4,1,N=7 M=4 t1,0,False,0,0,,,,,,,,,
6b819f64b80724df3023daf45b665c8a7b8554b7084fb1c0a2479c0fb08738a3,7,4,2,N=7 M=4 t2,0,False,0,0,,,,,,,,,
6b819f64b80724df3023daf45b665c8a7b8554b7084fb1c0a2479c0fb08738a3,7,5,1,N=7 M=5 t1,0,False,0,0,,,,,,,,,
6b819f64b80724df3023daf45b665c8a7b8554b7084fb1c0a2479c0fb08738a3,7,5,2,N=7 M=5 t2,0,False,0,0,,,,,,,,,
6b819f64b80724df3023daf45b665c8a7b8554b7084fb1c0a2479c0fb08738a3,7,6,1,N=7 M=6 t1,0,False,0,0,,,,,,,,,
6b819f64b80724df3023daf45b665c8a7b8554b7084fb1c0a2479c0fb08738a3,7,6,2,N=7 M=6 t2,0,False,0,0,,,,,,,,,
6b819f64b80724df3023daf45b665c8a7b8554b7084fb1c0a2479c0fb08738a3,8,1,1,N=8 M=1 t1,0,False,0,0,,,,,,,,,
6b819f64b80724df3023daf45b665c8a7b8554b7084fb1c0a2479c0fb08738a3,8,1,2,N=8 M=1 t2,0,False,0,0,,,,,,,,,
6b819f64b80724df3023daf45b665c8a7b8554b7084fb1c0a2479c0fb08738a3,8,2,1,N=8 M=2 t1,0,False,0,0,,,,,,,,,
6b819f64b80724df3023daf45b665c8a7b8554b7084fb1c0a2479c0fb08738a3,8,2,2,N=8 M=2 t2,0,False,0,0,,,,,,,,,
6b819f64b80724df3023daf45b665c8a7b8554b7084fb1c0a2479c0fb08738a3,8,3,1,N=8 M=3 t1,0,False,0,0,,,,,,,,,
6b819f64b80724df3023daf45b665c8a7b8554b7084fb1c0a2479c0fb08738a3,8,3,2,N=8 M=3 t2,0,False,0,0,,,,,,,,,
6b819f64b80724df3023daf45b665c8a7b8554b7084fb1c0a2479c0fb08738a3,8,4,1,N=8 M=4 t1,0,False,0,0,,,,,,,,,
6b819f64b80724df3023daf45b665c8a7b8554b7084fb1c0a2479c0fb08738a3,8,4,2,N=8 M=4 t2,0,False,0,0,,,,,,,,,
6b819f64b80724df3023daf45b665c8a7b8554b7084fb1c0a2479c0fb08738a3,8,5,1,N=8 M=5 t1,0,False,0,0,,,,,,,,,
6b819f64b80724df3023daf45b665c8a7b8554b7084fb1c0a2479c0fb08738a3,8,5,2,N=8 M=5 t2,0,False,0,0,,,,,,,,,
6b819f64b80724df3023daf45b665c8a7b8554b7084fb1c0a2479c0fb08738a3,8,6,1,N=8 M=6 t1,0,False,0,0,,,,,,,,,
6b819f64b80724df3023daf45b665c8a7b8554b7084fb1c0a2479c0fb08738a3,8,6,2,N=8 M=6 t2,0,False,0,0,,,,,,,,,
6b819f64b80724df3023daf45b665c8a7b8554b7084fb1c0a2479c0fb08738a3,8,7,1,N=8 M=7 t1,0,False,0,0,,,,,,,,,
6b819f64b80724df3023daf45b665c8a7b8554b7084fb1c0a2479c0fb08738a3,8,7,2,N=8 M=7 t2,0,False,0,0,,,,,,,,,
6b819f64b80724df3023daf45b665c8a7b8554b7084fb1c0a2479c0fb08738a3,9,1,1,N=9 M=1 t1,0,False,0,0,,,,,,,,,
6b819f64b80724df3023daf45b665c8a7b8554b7084fb1c0a2479c0fb08738a3,9,1,2,N=9 M=1 t2,0,False,0,0,,,,,,,,,
6b819f64b80724df3023daf45b665c8a7b8554b7084fb1c0a2479c0fb08738a3,9,2,1,N=9 M=2 t1,0,False,0,0,,,,,,,,,
6b819f64b80724df3023daf45b665c8a7b8554b7084fb1c0a2479c0fb08738a3,9,2,2,N=9 M=2 t2,0,False,0,0,,,,,,,,,
6b819f64b80724df3023daf45b665c8a7b8554b7084fb1c0a2479c0fb08738a3,9,3,1,N=9 M=3 t1,0,False,0,0,,,,,,,,,
6b819f64b80724df3023daf45b665c8a7b8554b7084fb1c0a2479c0fb08738a3,9,3,2,N=9 M=3 t2,0,False,0,0,,,,,,,,,
6b819f64b80724df3023daf45b665c8a7b8554b7084fb1c0a2479c0fb08738a3,9,4,1,N=9 M=4 t1,0,False,0,0,,,,,,,,,
6b819f64b80724df3023daf45b665c8a7b8554b7084fb1c0a2479c0fb08738a3,9,4,2,N=9 M=4 t2,0,False,0,0,,,,,,,,,
6b819f64b80724df3023daf45b665c8a7b8554b7084fb1c0a2479c0fb08738a3,9,5,1,N=9 M=5 t1,0,False,0,0,,,,,,,,,
6b819f64b80724df3023daf45b665c8a7b8554b7084fb1c0a2479c0fb08738a3,9,5,2,N=9 M=5 t2,0,False,0,0,,,,,,,,,
6b819f64b80724df3023daf45b665c8a7b8554b7084fb1c0a2479c0fb08738a3,9,6,1,N=9 M=6 t1,0,False,0,0,,,,,,,,,
6b819f64b80724df3023daf45b665c8a7b8554b7084fb1c0a2479c0fb08738a3,9,6,2,N=9 M=6 t2,0,False,0,0,,,,,,,,,
6b819f64b80724df3023daf45b665c8a7b8554b7084fb1c0a2479c0fb08738a3,9,7,1,N=9 M=7 t1,0,False,0,0,,,,,,,,,
6b819f64b80724df3023daf45b665c8a7b8554b7084fb1c0a2479c0fb08738a3,9,7,2,N=9 M=7 t2,0,False,0,0,,,,,,,,,
6b819f64b80724df3023daf45b665c8a7b8554b7084fb1c0a2479c0fb08738a3,9,8,1,N=9 M=8 t1,0,False,0,0,,,,,,,,,
6b819f64b80724df3023daf45b665c8a7b8554b7084fb1c0a2479c0fb08738a3,9,8,2,N=9 M=8 t2,0,False,0,0,,,,,,,,,
6b819f64b80724df3023daf45b665c8a7b8554b7084fb1c0a2479c0fb08738a3,10,1,1,N=10 M=1 t1,0,False,0,0,,,,,,,,,
6b819f64b80724df3023daf45b665c8a7b8554b7084fb1c0a2479c0fb08738a3,10,1,2,N=10 M=1 t2,0,False,0,0,,,,,,,,,
6b819f64b80724df3023daf45b665c8a7b8554b7084fb1c0a2479c0fb08738a3,10,2,1,N=10 M=2 t1,0,False,0,0,,,,,,,,,
6b819f64b80724df3023daf45b665c8a7b8554b7084fb1c0a2479c0fb08738a3,10,2,2,N=10 M=2 t2,0,False,0,0,,,,,,,,,
6b819f64b80724df3023daf45b665c8a7b8554b7084fb1c0a2479c0fb08738a3,10,3,1,N=10 M=3 t1,0,False,0,0,,,,,,,,,
6b819f64b80724df3023daf45b665c8a7b8554b7084fb1c0a2479c0fb08738a3,10,3,2,N=10 M=3 t2,0,False,0,0,,,,,,,,,
6b819f64b80724df3023daf45b665c8a7b8554b7084fb1c0a2479c0fb08738a3,10,4,1,N=10 M=4 t1,0,False,0,0,,,,,,,,,
6b819f64b80724df3023daf45b665c8a7b8554b7084fb1c0a2479c0fb08738a3,10,4,2,N=10 M=4 t2,0,False,0,0,,,,,,,,,
6b819f64b80724df3023daf45b665c8a7b8554b7084fb1c0a2479c0fb08738a3,10,5,1,N=10 M=5 t1,0,False,0,0,,,,,,,,,
6b819f64b80724df3023daf45b665c8a7b8554b7084fb1c0a2479c0fb08738a3,10,5,2,N=10 M=5 t2,0,False,0,0,,,,,,,,,
6b819f64b80724df3023daf45b665c8a7b8554b7084fb1c0a2479c0fb08738a3,10,6,1,N=10 M=6 t1,0,False,0,0,,,,,,,,,
6b819f64b80724df3023daf45b665c8a7b8554b7084fb1c0a2479c0fb08738a3,10,6,2,N=10 M=6 t2,0,False,0,0,,,,,,,,,
6b819f64b80724df3023daf45b665c8a7b8554b7084fb1c0a2479c0fb08738a3,10,7,1,N=10 M=7 t1,0,False,0,0,,,,,,,,,
6b819f64b80724df3023daf45b665c8a7b8554b7084fb1c0a2479c0fb08738a3,10,7,2,N=10 M=7 t2,0,False,0,0,,,,,,,,,
6b819f64b80724df3023daf45b665c8a7b8554b7084fb1c0a2479c0fb08738a3,10,8,1,N=10 M=8 t1,0,False,0,0,,,,,,,,,
6b819f64b80724df3023daf45b665c8a7b8554b7084fb1c0a2479c0fb08738a3,10,8,2,N=10 M=8 t2,0,False,0,0,,,,,,,,,
6b819f64b80724df3023daf45b665c8a7b8554b7084fb1c0a2479c0fb08738a3,10,9,1,N=10 M=9 t1,0,False,0,0,,,,,,,,,
6b819f64b80724df3023daf45b665c8a7b8554b7084fb1c0a2479c0fb08738a3,10,9,2,N=10 M=9 t2,0,False,0,0,,,,,,,,,
6b819f64b80724df3023daf45b665c8a7b8554b7084fb1c0a2479c0fb08738a3,11,1,1,N=11 M=1 t1,4,True,4,1,19394.0,1.0,5.0,6.0,20572.0,,19394.0,,
6b819f64b80724df3023daf45b665c8a7b8554b7084fb1c0a2479c0fb08738a3,11,1,1,N=11 M=1 t1,4,True,4,2,20531.0,1.0,3.0,5.0,21263.0,,20531.0,,
6b819f64b80724df3023daf45b665c8a7b8554b7084fb1c0a2479c0fb08738a3,11,1,1,N=11 M=1 t1,4,True,4,3,25572.0,1.0,3.0,6.0,25716.0,,25572.0,,
6b819f64b80724df3023daf45b665c8a7b8554b7084fb1c0a2479c0fb08738a3,11,1,1,N=11 M=1 t1,4,True,4,4,100226.0,1.0,4.0,8.0,,,,,
6b819f64b80724df3023daf45b665c8a7b8554b7084fb1c0a2479c0fb08738a3,11,1,2,N=11 M=1 t2,11,True,11,1,40.0,1.0,1.0,2.0,497.0,,820.0,,
6b819f64b80724df3023daf45b665c8a7b8554b7084fb1c0a2479c0fb08738a3,11,1,2,N=11 M=1 t2,11,True,11,2,2643.0,1.0,2.0,4.0,3704.0,,2643.0,,
6b819f64b80724df3023daf45b665c8a7b8554b7084fb1c0a2479c0fb08738a3,11,1,2,N=11 M=1 t2,11,True,11,3,4009.0,1.0,3.0,6.0,4580.0,4726.0,24086.0,,
6b819f64b80724df3023daf45b665c8a7b8554b7084fb1c0a2479c0fb08738a3,11,1,2,N=11 M=1 t2,11,True,11,4,5393.0,1.0,4.0,8.0,,,,,
6b819f64b80724df3023daf45b665c8a7b8554b7084fb1c0a2479c0fb08738a3,11,1,2,N=11 M=1 t2,11,True,11,5,25538.0,1.0,5.0,9.0,26697.0,,25538.0,,
6b819f64b80724df3023daf45b665c8a7b8554b7084fb1c0a2479c0fb08738a3,11,1,2,N=11 M=1 t2,11,True,11,6,27127.0,1.0,5.0,10.0,,,,,
6b819f64b80724df3023daf45b665c8a7b8554b7084fb1c0a2479c0fb08738a3,11,1,2,N=11 M=1 t2,11,True,11,7,50319.0,1.0,5.0,10.0,,,,,
6b819f64b80724df3023daf45b665c8a7b8554b7084fb1c0a2479c0fb08738a3,11,1,2,N=11 M=1 t2,11,True,11,8,69838.0,1.0,6.0,11.0,73548.0,,69838.0,,
6b819f64b80724df3023daf45b665c8a7b8554b7084fb1c0a2479c0fb08738a3,11,1,2,N=11 M=1 t2,11,True,11,9,73995.0,1.0,6.0,12.0,,,,,
6b819f64b80724df3023daf45b665c8a7b8554b7084fb1c0a2479c0fb08738a3,11,1,2,N=11 M=1 t2,11,True,11,10,105011.0,1.0,6.0,11.0,105571.0,,105011.0,,
6b819f64b80724df3023daf45b665c8a7b8554b7084fb1c0a2479c0fb08738a3,11,1,2,N=11 M=1 t2,11,True,11,11,106407.0,1.0,7.0,13.0,,,,,
6b819f64b80724df3023daf45b665c8a7b8554b7084fb1c0a2479c0fb08738a3,11,2,1,N=11 M=2 t1,10,True,10,1,619.0,2.0,1.0,2.0,1512.0,,619.0,,
6b819f64b80724df3023daf45b665c8a7b8554b7084fb1c0a2479c0fb08738a3,11,2,1,N=11 M=2 t1,10,True,10,2,17608.0,2.0,3.0,5.0,60168.0,,17608.0,,
6b819f64b80724df3023daf45b665c8a7b8554b7084fb1c0a2479c0fb08738a3,11,2,1,N=11 M=2 t1,10,True,10,3,25610.0,2.0,3.0,6.0,27313.0,,25610.0,,
6b819f64b80724df3023daf45b665c8a7b8554b7084fb1c0a2479c0fb08738a3,11,2,1,N=11 M=2 t1,10,True,10,4,28186.0,2.0,4.0,8.0,64431.0,64664.0,65760.0,,
6b819f64b80724df3023daf45b665c8a7b8554b7084fb1c0a2479c0fb08738a3,11,2,1,N=11 M=2 t1,10,True,10,5,59341.0,1.0,4.0,7.0,59721.0,,63363.0,,
6b819f64b80724df3023daf45b665c8a7b8554b7084fb1c0a2479c0fb08738a3,11,2,1,N=11 M=2 t1,10,True,10,6,59425.0,2.0,4.0,8.0,60168.0,,59425.0,,
6b819f64b80724df3023daf45b665c8a7b8554b7084fb1c0a2479c0fb08738a3,11,2,1,N=11 M=2 t1,10,True,10,7,59964.0,2.0,5.0,10.0,60565.0,60825.0,61238.0,,
6b819f64b80724df3023daf45b665c8a7b8554b7084fb1c0a2479c0fb08738a3,11,2,1,N=11 M=2 t1,10,True,10,8,62712.0,2.0,6.0,12.0,64431.0,64664.0,65760.0,,
6b819f64b80724df3023daf45b665c8a7b8554b7084fb1c0a2479c0fb08738a3,11,2,1,N=11 M=2 t1,10,True,10,9,70008.0,2.0,7.0,14.0,,,,,
6b819f64b80724df3023daf45b665c8a7b8554b7084fb1c0a2479c0fb08738a3,11,2,1,N=11 M=2 t1,10,True,10,10,89207.0,2.0,7.0,14.0,,,,,
6b819f64b80724df3023daf45b665c8a7b8554b7084fb1c0a2479c0fb08738a3,11,2,2,N=11 M=2 t2,8,True,8,1,16144.0,2.0,2.0,4.0,18518.0,,16144.0,,
6b819f64b80724df3023daf45b665c8a7b8554b7084fb1c0a2479c0fb08738a3,11,2,2,N=11 M=2 t2,8,True,8,2,18874.0,1.0,3.0,6.0,19101.0,,18874.0,,
6b819f64b80724df3023daf45b665c8a7b8554b7084fb1c0a2479c0fb08738a3,11,2,2,N=11 M=2 t2,8,True,8,3,25567.0,2.0,4.0,8.0,43265.0,,83112.0,,
6b819f64b80724df3023daf45b665c8a7b8554b7084fb1c0a2479c0fb08738a3,11,2,2,N=11 M=2 t2,8,True,8,4,40271.0,2.0,4.0,8.0,40853.0,,40271.0,,
6b819f64b80724df3023daf45b665c8a7b8554b7084fb1c0a2479c0fb08738a3,11,2,2,N=11 M=2 t2,8,True,8,5,42031.0,2.0,4.0,9.0,,,,,
6b819f64b80724df3023daf45b665c8a7b8554b7084fb1c0a2479c0fb08738a3,11,2,2,N=11 M=2 t2,8,True,8,6,42645.0,1.0,5.0,10.0,43265.0,,83112.0,,
6b819f64b80724df3023daf45b665c8a7b8554b7084fb1c0a2479c0fb08738a3,11,2,2,N=11 M=2 t2,8,True,8,7,85776.0,2.0,5.0,10.0,86723.0,,85776.0,,
6b819f64b80724df3023daf45b665c8a7b8554b7084fb1c0a2479c0fb08738a3,11,2,2,N=11 M=2 t2,8,True,8,8,108907.0,1.0,5.0,11.0,,,,,
6b819f64b80724df3023daf45b665c8a7b8554b7084fb1c0a2479c0fb08738a3,11,3,1,N=11 M=3 t1,12,True,0,0,,,,,,,,,
6b819f64b80724df3023daf45b665c8a7b8554b7084fb1c0a2479c0fb08738a3,11,3,2,N=11 M=3 t2,7,True,7,1,18168.0,3.0,5.0,7.0,18725.0,,18168.0,,
6b819f64b80724df3023daf45b665c8a7b8554b7084fb1c0a2479c0fb08738a3,11,3,2,N=11 M=3 t2,7,True,7,2,20507.0,1.0,3.0,5.0,21959.0,,20507.0,,
6b819f64b80724df3023daf45b665c8a7b8554b7084fb1c0a2479c0fb08738a3,11,3,2,N=11 M=3 t2,7,True,7,3,25715.0,1.0,4.0,7.0,26875.0,,25715.0,,
6b819f64b80724df3023daf45b665c8a7b8554b7084fb1c0a2479c0fb08738a3,11,3,2,N=11 M=3 t2,7,True,7,4,58383.0,3.0,5.0,9.0,,,,,
6b819f64b80724df3023daf45b665c8a7b8554b7084fb1c0a2479c0fb08738a3,11,3,2,N=11 M=3 t2,7,True,7,5,88787.0,2.0,5.0,9.0,,,,,
6b819f64b80724df3023daf45b665c8a7b8554b7084fb1c0a2479c0fb08738a3,11,3,2,N=11 M=3 t2,7,True,7,6,111335.0,3.0,5.0,9.0,112118.0,,111335.0,,
6b819f64b80724df3023daf45b665c8a7b8554b7084fb1c0a2479c0fb08738a3,11,3,2,N=11 M=3 t2,7,True,7,7,112962.0,3.0,6.0,11.0,,,,,
6b819f64b80724df3023daf45b665c8a7b8554b7084fb1c0a2479c0fb08738a3,11,4,1,N=11 M=4 t1,10,True,11,1,1759.0,2.0,2.0,4.0,2361.0,,2902.0,,
6b819f64b80724df3023daf45b665c8a7b8554b7084fb1c0a2479c0fb08738a3,11,4,1,N=11 M=4 t1,10,True,11,2,3537.0,3.0,4.0,7.0,,,,,
6b819f64b80724df3023daf45b665c8a7b8554b7084fb1c0a2479c0fb08738a3,11,4,1,N=11 M=4 t1,10,True,11,3,5159.0,3.0,5.0,9.0,5792.0,,5159.0,,
6b819f64b80724df3023daf45b665c8a7b8554b7084fb1c0a2479c0fb08738a3,11,4,1,N=11 M=4 t1,10,True,11,4,16594.0,3.0,6.0,11.0,,,,,
6b819f64b80724df3023daf45b665c8a7b8554b7084fb1c0a2479c0fb08738a3,11,4,1,N=11 M=4 t1,10,True,11,5,16889.0,3.0,6.0,12.0,17059.0,,16889.0,,
6b819f64b80724df3023daf45b665c8a7b8554b7084fb1c0a2479c0fb08738a3,11,4,1,N=11 M=4 t1,10,True,11,6,36215.0,2.0,5.0,10.0,,,,,
6b819f64b80724df3023daf45b665c8a7b8554b7084fb1c0a2479c0fb08738a3,11,4,1,N=11 M=4 t1,10,True,11,7,44668.0,2.0,5.0,10.0,,,,,
6b819f64b80724df3023daf45b665c8a7b8554b7084fb1c0a2479c0fb08738a3,11,4,1,N=11 M=4 t1,10,True,11,8,74970.0,2.0,5.0,10.0,,,,,
6b819f64b80724df3023daf45b665c8a7b8554b7084fb1c0a2479c0fb08738a3,11,4,1,N=11 M=4 t1,10,True,11,9,97450.0,2.0,6.0,11.0,,,,,
6b819f64b80724df3023daf45b665c8a7b8554b7084fb1c0a2479c0fb08738a3,11,4,1,N=11 M=4 t1,10,True,11,10,113923.0,2.0,6.0,12.0,115032.0,,,,
6b819f64b80724df3023daf45b665c8a7b8554b7084fb1c0a2479c0fb08738a3,11,4,1,N=11 M=4 t1,10,True,11,11,119749.0,1.0,6.0,12.0,,,,,
6b819f64b80724df3023daf45b665c8a7b8554b7084fb1c0a2479c0fb08738a3,11,4,2,N=11 M=4 t2,13,True,13,1,375.0,4.0,2.0,4.0,,,,,
6b819f64b80724df3023daf45b665c8a7b8554b7084fb1c0a2479c0fb08738a3,11,4,2,N=11 M=4 t2,13,True,13,2,2292.0,4.0,3.0,6.0,,,,,
6b819f64b80724df3023daf45b665c8a7b8554b7084fb1c0a2479c0fb08738a3,11,4,2,N=11 M=4 t2,13,True,13,3,4215.0,3.0,2.0,4.0,,,,,
6b819f64b80724df3023daf45b665c8a7b8554b7084fb1c0a2479c0fb08738a3,11,4,2,N=11 M=4 t2,13,True,13,4,12783.0,4.0,4.0,7.0,13527.0,,12783.0,,
6b819f64b80724df3023daf45b665c8a7b8554b7084fb1c0a2479c0fb08738a3,11,4,2,N=11 M=4 t2,13,True,13,5,16050.0,3.0,4.0,8.0,16383.0,,16050.0,,
6b819f64b80724df3023daf45b665c8a7b8554b7084fb1c0a2479c0fb08738a3,11,4,2,N=11 M=4 t2,13,True,13,6,17832.0,2.0,5.0,10.0,,,,,
6b819f64b80724df3023daf45b665c8a7b8554b7084fb1c0a2479c0fb08738a3,11,4,2,N=11 M=4 t2,13,True,13,7,36586.0,3.0,4.0,8.0,,,,,
6b819f64b80724df3023daf45b665c8a7b8554b7084fb1c0a2479c0fb08738a3,11,4,2,N=11 M=4 t2,13,True,13,8,37852.0,4.0,5.0,10.0,38546.0,,39506.0,,
6b819f64b80724df3023daf45b665c8a7b8554b7084fb1c0a2479c0fb08738a3,11,4,2,N=11 M=4 t2,13,True,13,9,55769.0,3.0,5.0,10.0,,,,,
6b819f64b80724df3023daf45b665c8a7b8554b7084fb1c0a2479c0fb08738a3,11,4,2,N=11 M=4 t2,13,True,13,10,78309.0,3.0,5.0,10.0,,,,,
6b819f64b80724df3023daf45b665c8a7b8554b7084fb1c0a2479c0fb08738a3,11,4,2,N=11 M=4 t2,13,True,13,11,96992.0,3.0,6.0,11.0,,,,,
6b819f64b80724df3023daf45b665c8a7b8554b7084fb1c0a2479c0fb08738a3,11,4,2,N=11 M=4 t2,13,True,13,12,107949.0,3.0,6.0,11.0,,,,,
6b819f64b80724df3023daf45b665c8a7b8554b7084fb1c0a2479c0fb08738a3,11,4,2,N=11 M=4 t2,13,True,13,13,108992.0,2.0,6.0,12.0,109982.0,,108992.0,,
6b819f64b80724df3023daf45b665c8a7b8554b7084fb1c0a2479c0fb08738a3,11,5,1,N=11 M=5 t1,8,True,9,1,4385.0,4.0,1.0,2.0,,,,,
6b819f64b80724df3023daf45b665c8a7b8554b7084fb1c0a2479c0fb08738a3,11,5,1,N=11 M=5 t1,8,True,9,2,18922.0,5.0,4.0,6.0,,,,,
6b819f64b80724df3023daf45b665c8a7b8554b7084fb1c0a2479c0fb08738a3,11,5,1,N=11 M=5 t1,8,True,9,3,24930.0,2.0,3.0,4.0,25633.0,,24930.0,,
6b819f64b80724df3023daf45b665c8a7b8554b7084fb1c0a2479c0fb08738a3,11,5,1,N=11 M=5 t1,8,True,9,4,25539.0,3.0,3.0,5.0,25909.0,,25539.0,,
6b819f64b80724df3023daf45b665c8a7b8554b7084fb1c0a2479c0fb08738a3,11,5,1,N=11 M=5 t1,8,True,9,5,25915.0,2.0,3.0,6.0,26830.0,,25915.0,,
6b819f64b80724df3023daf45b665c8a7b8554b7084fb1c0a2479c0fb08738a3,11,5,1,N=11 M=5 t1,8,True,9,6,56455.0,1.0,5.0,9.0,57518.0,,56455.0,,
6b819f64b80724df3023daf45b665c8a7b8554b7084fb1c0a2479c0fb08738a3,11,5,1,N=11 M=5 t1,8,True,9,7,60547.0,3.0,6.0,11.0,,,,,
6b819f64b80724df3023daf45b665c8a7b8554b7084fb1c0a2479c0fb08738a3,11,5,1,N=11 M=5 t1,8,True,9,8,79980.0,2.0,6.0,11.0,82082.0,,79980.0,,
6b819f64b80724df3023daf45b665c8a7b8554b7084fb1c0a2479c0fb08738a3,11,5,1,N=11 M=5 t1,8,True,9,9,117887.0,3.0,6.0,11.0,118989.0,,117887.0,,
6b819f64b80724df3023daf45b665c8a7b8554b7084fb1c0a2479c0fb08738a3,11,5,2,N=11 M=5 t2,10,True,10,1,7484.0,5.0,4.0,7.0,,,,,
6b819f64b80724df3023daf45b665c8a7b8554b7084fb1c0a2479c0fb08738a3,11,5,2,N=11 M=5 t2,10,True,10,2,11255.0,5.0,5.0,9.0,11975.0,,11255.0,,
6b819f64b80724df3023daf45b665c8a7b8554b7084fb1c0a2479c0fb08738a3,11,5,2,N=11 M=5 t2,10,True,10,3,20605.0,2.0,4.0,8.0,30624.0,,20605.0,,
6b819f64b80724df3023daf45b665c8a7b8554b7084fb1c0a2479c0fb08738a3,11,5,2,N=11 M=5 t2,10,True,10,4,58320.0,2.0,4.0,8.0,,,,,
6b819f64b80724df3023daf45b665c8a7b8554b7084fb1c0a2479c0fb08738a3,11,5,2,N=11 M=5 t2,10,True,10,5,66648.0,3.0,4.0,9.0,83242.0,,83921.0,,
6b819f64b80724df3023daf45b665c8a7b8554b7084fb1c0a2479c0fb08738a3,11,5,2,N=11 M=5 t2,10,True,10,6,74502.0,3.0,3.0,7.0,83242.0,,83921.0,,
6b819f64b80724df3023daf45b665c8a7b8554b7084fb1c0a2479c0fb08738a3,11,5,2,N=11 M=5 t2,10,True,10,7,77315.0,3.0,4.0,8.0,,,,,
6b819f64b80724df3023daf45b665c8a7b8554b7084fb1c0a2479c0fb08738a3,11,5,2,N=11 M=5 t2,10,True,10,8,82458.0,3.0,5.0,10.0,83242.0,,83921.0,,
6b819f64b80724df3023daf45b665c8a7b8554b7084fb1c0a2479c0fb08738a3,11,5,2,N=11 M=5 t2,10,True,10,9,88270.0,2.0,5.0,10.0,,,,,
6b819f64b80724df3023daf45b665c8a7b8554b7084fb1c0a2479c0fb08738a3,11,5,2,N=11 M=5 t2,10,True,10,10,107014.0,3.0,5.0,10.0,,,,,
6b819f64b80724df3023daf45b665c8a7b8554b7084fb1c0a2479c0fb08738a3,11,6,1,N=11 M=6 t1,5,True,5,1,8574.0,4.0,3.0,6.0,,,,,
6b819f64b80724df3023daf45b665c8a7b8554b7084fb1c0a2479c0fb08738a3,11,6,1,N=11 M=6 t1,5,True,5,2,9886.0,4.0,4.0,7.0,10707.0,,9886.0,,
6b819f64b80724df3023daf45b665c8a7b8554b7084fb1c0a2479c0fb08738a3,11,6,1,N=11 M=6 t1,5,True,5,3,10906.0,3.0,4.0,7.0,12447.0,,10906.0,,
6b819f64b80724df3023daf45b665c8a7b8554b7084fb1c0a2479c0fb08738a3,11,6,1,N=11 M=6 t1,5,True,5,4,17402.0,2.0,4.0,8.0,17641.0,,17402.0,,
6b819f64b80724df3023daf45b665c8a7b8554b7084fb1c0a2479c0fb08738a3,11,6,1,N=11 M=6 t1,5,True,5,5,72558.0,3.0,5.0,10.0,,,72558.0,,
6b819f64b80724df3023daf45b665c8a7b8554b7084fb1c0a2479c0fb08738a3,11,6,2,N=11 M=6 t2,11,True,0,0,,,,,,,,,
6b819f64b80724df3023daf45b665c8a7b8554b7084fb1c0a2479c0fb08738a3,11,7,1,N=11 M=7 t1,6,True,6,1,704.0,3.0,3.0,6.0,1660.0,,704.0,,
6b819f64b80724df3023daf45b665c8a7b8554b7084fb1c0a2479c0fb08738a3,11,7,1,N=11 M=7 t1,6,True,6,2,12206.0,5.0,5.0,9.0,13259.0,,12206.0,,
6b819f64b80724df3023daf45b665c8a7b8554b7084fb1c0a2479c0fb08738a3,11,7,1,N=11 M=7 t1,6,True,6,3,18891.0,2.0,5.0,8.0,19231.0,,18891.0,,
6b819f64b80724df3023daf45b665c8a7b8554b7084fb1c0a2479c0fb08738a3,11,7,1,N=11 M=7 t1,6,True,6,4,23428.0,4.0,4.0,8.0,,,,,
6b819f64b80724df3023daf45b665c8a7b8554b7084fb1c0a2479c0fb08738a3,11,7,1,N=11 M=7 t1,6,True,6,5,30638.0,3.0,5.0,10.0,31208.0,,32046.0,,
6b819f64b80724df3023daf45b665c8a7b8554b7084fb1c0a2479c0fb08738a3,11,7,1,N=11 M=7 t1,6,True,6,6,55874.0,3.0,5.0,10.0,,,,,
6b819f64b80724df3023daf45b665c8a7b8554b7084fb1c0a2479c0fb08738a3,11,7,2,N=11 M=7 t2,6,True,6,1,2014.0,2.0,3.0,6.0,,,,,
6b819f64b80724df3023daf45b665c8a7b8554b7084fb1c0a2479c0fb08738a3,11,7,2,N=11 M=7 t2,6,True,6,2,16603.0,3.0,3.0,7.0,,,,,
6b819f64b80724df3023daf45b665c8a7b8554b7084fb1c0a2479c0fb08738a3,11,7,2,N=11 M=7 t2,6,True,6,3,27954.0,2.0,4.0,7.0,,,,,
6b819f64b80724df3023daf45b665c8a7b8554b7084fb1c0a2479c0fb08738a3,11,7,2,N=11 M=7 t2,6,True,6,4,46947.0,4.0,3.0,6.0,,,,,
6b819f64b80724df3023daf45b665c8a7b8554b7084fb1c0a2479c0fb08738a3,11,7,2,N=11 M=7 t2,6,True,6,5,72120.0,4.0,3.0,6.0,73256.0,,72120.0,,
6b819f64b80724df3023daf45b665c8a7b8554b7084fb1c0a2479c0fb08738a3,11,7,2,N=11 M=7 t2,6,True,6,6,81644.0,3.0,4.0,8.0,85230.0,,81644.0,,
6b819f64b80724df3023daf45b665c8a7b8554b7084fb1c0a2479c0fb08738a3,11,8,1,N=11 M=8 t1,3,True,3,1,966.0,3.0,3.0,6.0,2330.0,,3232.0,,
6b819f64b80724df3023daf45b665c8a7b8554b7084fb1c0a2479c0fb08738a3,11,8,1,N=11 M=8 t1,3,True,3,2,3484.0,3.0,4.0,8.0,4122.0,,3484.0,,
6b819f64b80724df3023daf45b665c8a7b8554b7084fb1c0a2479c0fb08738a3,11,8,1,N=11 M=8 t1,3,True,3,3,37635.0,3.0,4.0,8.0,45630.0,,37635.0,,
6b819f64b80724df3023daf45b665c8a7b8554b7084fb1c0a2479c0fb08738a3,11,8,2,N=11 M=8 t2,7,True,7,1,554.0,3.0,2.0,4.0,,,,,
6b819f64b80724df3023daf45b665c8a7b8554b7084fb1c0a2479c0fb08738a3,11,8,2,N=11 M=8 t2,7,True,7,2,12991.0,4.0,4.0,7.0,14205.0,,12991.0,,
6b819f64b80724df3023daf45b665c8a7b8554b7084fb1c0a2479c0fb08738a3,11,8,2,N=11 M=8 t2,7,True,7,3,17208.0,3.0,3.0,6.0,17407.0,,17208.0,,
6b819f64b80724df3023daf45b665c8a7b8554b7084fb1c0a2479c0fb08738a3,11,8,2,N=11 M=8 t2,7,True,7,4,21709.0,1.0,4.0,8.0,22208.0,,23587.0,,
6b819f64b80724df3023daf45b665c8a7b8554b7084fb1c0a2479c0fb08738a3,11,8,2,N=11 M=8 t2,7,True,7,5,63408.0,3.0,4.0,8.0,,,,,
6b819f64b80724df3023daf45b665c8a7b8554b7084fb1c0a2479c0fb08738a3,11,8,2,N=11 M=8 t2,7,True,7,6,82593.0,2.0,4.0,8.0,,,,,
6b819f64b80724df3023daf45b665c8a7b8554b7084fb1c0a2479c0fb08738a3,11,8,2,N=11 M=8 t2,7,True,7,7,109731.0,4.0,4.0,8.0,,,,,
6b819f64b80724df3023daf45b665c8a7b8554b7084fb1c0a2479c0fb08738a3,11,9,1,N=11 M=9 t1,11,True,12,1,946.0,4.0,2.0,4.0,2199.0,,946.0,,
6b819f64b80724df3023daf45b665c8a7b8554b7084fb1c0a2479c0fb08738a3,11,9,1,N=11 M=9 t1,11,True,12,2,11420.0,6.0,3.0,6.0,,,,,
6b819f64b80724df3023daf45b665c8a7b8554b7084fb1c0a2479c0fb08738a3,11,9,1,N=11 M=9 t1,11,True,12,3,11968.0,5.0,4.0,8.0,,,,,
6b819f64b80724df3023daf45b665c8a7b8554b7084fb1c0a2479c0fb08738a3,11,9,1,N=11 M=9 t1,11,True,12,4,19285.0,4.0,4.0,7.0,19732.0,,19285.0,,
6b819f64b80724df3023daf45b665c8a7b8554b7084fb1c0a2479c0fb08738a3,11,9,1,N=11 M=9 t1,11,True,12,5,22637.0,3.0,4.0,8.0,,,,,
6b819f64b80724df3023daf45b665c8a7b8554b7084fb1c0a2479c0fb08738a3,11,9,1,N=11 M=9 t1,11,True,12,6,33301.0,2.0,3.0,6.0,,,,,
6b819f64b80724df3023daf45b665c8a7b8554b7084fb1c0a2479c0fb08738a3,11,9,1,N=11 M=9 t1,11,True,12,7,47400.0,4.0,3.0,6.0,,,,,
6b819f64b80724df3023daf45b665c8a7b8554b7084fb1c0a2479c0fb08738a3,11,9,1,N=11 M=9 t1,11,True,12,8,50959.0,4.0,4.0,8.0,51617.0,,50959.0,,
6b819f64b80724df3023daf45b665c8a7b8554b7084fb1c0a2479c0fb08738a3,11,9,1,N=11 M=9 t1,11,True,12,9,58682.0,3.0,4.0,8.0,,,,,
6b819f64b80724df3023daf45b665c8a7b8554b7084fb1c0a2479c0fb08738a3,11,9,1,N=11 M=9 t1,11,True,12,10,81354.0,4.0,4.0,8.0,,,,,
6b819f64b80724df3023daf45b665c8a7b8554b7084fb1c0a2479c0fb08738a3,11,9,1,N=11 M=9 t1,11,True,12,11,100077.0,4.0,4.0,8.0,,,,,
6b819f64b80724df3023daf45b665c8a7b8554b7084fb1c0a2479c0fb08738a3,11,9,1,N=11 M=9 t1,11,True,12,12,119358.0,3.0,4.0,8.0,,,119358.0,,
6b819f64b80724df3023daf45b665c8a7b8554b7084fb1c0a2479c0fb08738a3,11,9,2,N=11 M=9 t2,8,True,8,1,7258.0,3.0,3.0,5.0,,,,,
6b819f64b80724df3023daf45b665c8a7b8554b7084fb1c0a2479c0fb08738a3,11,9,2,N=11 M=9 t2,8,True,8,2,10586.0,4.0,4.0,7.0,11282.0,,10586.0,,
6b819f64b80724df3023daf45b665c8a7b8554b7084fb1c0a2479c0fb08738a3,11,9,2,N=11 M=9 t2,8,True,8,3,18157.0,3.0,4.0,8.0,19515.0,,18157.0,,
6b819f64b80724df3023daf45b665c8a7b8554b7084fb1c0a2479c0fb08738a3,11,9,2,N=11 M=9 t2,8,True,8,4,29671.0,3.0,4.0,8.0,,,,,
6b819f64b80724df3023daf45b665c8a7b8554b7084fb1c0a2479c0fb08738a3,11,9,2,N=11 M=9 t2,8,True,8,5,48187.0,3.0,4.0,8.0,,,,,
6b819f64b80724df3023daf45b665c8a7b8554b7084fb1c0a2479c0fb08738a3,11,9,2,N=11 M=9 t2,8,True,8,6,58869.0,2.0,4.0,8.0,,,,,
6b819f64b80724df3023daf45b665c8a7b8554b7084fb1c0a2479c0fb08738a3,11,9,2,N=11 M=9 t2,8,True,8,7,72749.0,3.0,4.0,8.0,,,,,
6b819f64b80724df3023daf45b665c8a7b8554b7084fb1c0a2479c0fb08738a3,11,9,2,N=11 M=9 t2,8,True,8,8,104689.0,2.0,4.0,8.0,,,,,
6b819f64b80724df3023daf45b665c8a7b8554b7084fb1c0a2479c0fb08738a3,11,10,1,N=11 M=10 t1,3,True,3,1,17149.0,3.0,4.0,7.0,17420.0,,17149.0,,
6b819f64b80724df3023daf45b665c8a7b8554b7084fb1c0a2479c0fb08738a3,11,10,1,N=11 M=10 t1,3,True,3,2,20911.0,2.0,4.0,7.0,22193.0,,44302.0,,
6b819f64b80724df3023daf45b665c8a7b8554b7084fb1c0a2479c0fb08738a3,11,10,1,N=11 M=10 t1,3,True,3,3,53105.0,2.0,4.0,8.0,53707.0,,54386.0,,
6b819f64b80724df3023daf45b665c8a7b8554b7084fb1c0a2479c0fb08738a3,11,10,2,N=11 M=10 t2,4,True,4,1,2304.0,2.0,3.0,6.0,2946.0,,3674.0,,
6b819f64b80724df3023daf45b665c8a7b8554b7084fb1c0a2479c0fb08738a3,11,10,2,N=11 M=10 t2,4,True,4,2,13904.0,2.0,4.0,8.0,14635.0,,13904.0,,
6b819f64b80724df3023daf45b665c8a7b8554b7084fb1c0a2479c0fb08738a3,11,10,2,N=11 M=10 t2,4,True,4,3,32322.0,1.0,4.0,8.0,33286.0,,32322.0,,
6b819f64b80724df3023daf45b665c8a7b8554b7084fb1c0a2479c0fb08738a3,11,10,2,N=11 M=10 t2,4,True,4,4,69993.0,3.0,4.0,8.0,70756.0,,69993.0,,
929a022c32a603e468f7e8d6f049c13afafcedfd8bc87530ce14862acf478208,2,1,1,N=2 M=1 t1,0,False,0,0,,,,,,,,,
929a022c32a603e468f7e8d6f049c13afafcedfd8bc87530ce14862acf478208,2,1,2,N=2 M=1 t2,0,False,0,0,,,,,,,,,
929a022c32a603e468f7e8d6f049c13afafcedfd8bc87530ce14862acf478208,3,1,1,N=3 M=1 t1,0,False,0,0,,,,,,,,,
929a022c32a603e468f7e8d6f049c13afafcedfd8bc87530ce14862acf478208,3,1,2,N=3 M=1 t2,0,False,0,0,,,,,,,,,
929a022c32a603e468f7e8d6f049c13afafcedfd8bc87530ce14862acf478208,3,2,1,N=3 M=2 t1,0,False,0,0,,,,,,,,,
929a022c32a603e468f7e8d6f049c13afafcedfd8bc87530ce14862acf478208,3,2,2,N=3 M=2 t2,0,False,0,0,,,,,,,,,
b7d04acb9336998acae81afd20b42895b035f3fea83f1e2dd73d0f54799e7997,2,1,1,N=2 M=1 t1,0,True,0,0,,,,,,,,,
b7d04acb9336998acae81afd20b42895b035f3fea83f1e2dd73d0f54799e7997,2,1,2,N=2 M=1 t2,0,True,0,0,,,,,,,,,
b7d04acb9336998acae81afd20b42895b035f3fea83f1e2dd73d0f54799e7997,3,1,1,N=3 M=1 t1,2,True,2,1,1762.0,1.0,2.0,4.0,3607.0,,1769.0,,
b7d04acb9336998acae81afd20b42895b035f3fea83f1e2dd73d0f54799e7997,3,1,1,N=3 M=1 t1,2,True,2,2,41858.0,1.0,2.0,4.0,42542.0,,41858.0,,
b7d04acb9336998acae81afd20b42895b035f3fea83f1e2dd73d0f54799e7997,3,1,2,N=3 M=1 t2,0,True,0,0,,,,,,,,,
b7d04acb9336998acae81afd20b42895b035f3fea83f1e2dd73d0f54799e7997,3,2,1,N=3 M=2 t1,2,True,2,1,28891.0,1.0,2.0,4.0,,,,,
b7d04acb9336998acae81afd20b42895b035f3fea83f1e2dd73d0f54799e7997,3,2,1,N=3 M=2 t1,2,True,2,2,39053.0,1.0,1.0,3.0,,,,,
b7d04acb9336998acae81afd20b42895b035f3fea83f1e2dd73d0f54799e7997,3,2,2,N=3 M=2 t2,1,True,1,1,3181.0,1.0,1.0,2.0,3799.0,,3181.0,,
b7d04acb9336998acae81afd20b42895b035f3fea83f1e2dd73d0f54799e7997,4,1,1,N=4 M=1 t1,0,True,0,0,,,,,,,,,
b7d04acb9336998acae81afd20b42895b035f3fea83f1e2dd73d0f54799e7997,4,1,2,N=4 M=1 t2,0,True,0,0,,,,,,,,,
b7d04acb9336998acae81afd20b42895b035f3fea83f1e2dd73d0f54799e7997,4,2,1,N=4 M=2 t1,1,True,1,1,98981.0,1.0,2.0,4.0,,,,,
b7d04acb9336998acae81afd20b42895b035f3fea83f1e2dd73d0f54799e7997,4,2,2,N=4 M=2 t2,3,True,3,1,2400.0,1.0,2.0,3.0,3153.0,,43594.0,,
b7d04acb9336998acae81afd20b42895b035f3fea83f1e2dd73d0f54799e7997,4,2,2,N=4 M=2 t2,3,True,3,2,13445.0,1.0,2.0,4.0,,,,,
b7d04acb9336998acae81afd20b42895b035f3fea83f1e2dd73d0f54799e7997,4,2,2,N=4 M=2 t2,3,True,3,3,43710.0,1.0,1.0,2.0,44318.0,,43710.0,,
b7d04acb9336998acae81afd20b42895b035f3fea83f1e2dd73d0f54799e7997,4,3,1,N=4 M=3 t1,1,True,1,1,18976.0,1.0,2.0,4.0,19743.0,,20391.0,,
b7d04acb9336998acae81afd20b42895b035f3fea83f1e2dd73d0f54799e7997,4,3,2,N=4 M=3 t2,1,True,1,1,4072.0,1.0,3.0,5.0,4832.0,,5532.0,,
b7d04acb9336998acae81afd20b42895b035f3fea83f1e2dd73d0f54799e7997,5,1,1,N=5 M=1 t1,0,True,0,0,,,,,,,,,
b7d04acb9336998acae81afd20b42895b035f3fea83f1e2dd73d0f54799e7997,5,1,2,N=5 M=1 t2,0,True,0,0,,,,,,,,,
b7d04acb9336998acae81afd20b42895b035f3fea83f1e2dd73d0f54799e7997,5,2,1,N=5 M=2 t1,0,True,0,0,,,,,,,,,
b7d04acb9336998acae81afd20b42895b035f3fea83f1e2dd73d0f54799e7997,5,2,2,N=5 M=2 t2,2,True,2,1,16814.0,2.0,2.0,3.0,17482.0,,16814.0,,
b7d04acb9336998acae81afd20b42895b035f3fea83f1e2dd73d0f54799e7997,5,2,2,N=5 M=2 t2,2,True,2,2,60405.0,1.0,2.0,4.0,61150.0,,61833.0,,
b7d04acb9336998acae81afd20b42895b035f3fea83f1e2dd73d0f54799e7997,5,3,1,N=5 M=3 t1,2,True,2,1,15365.0,1.0,2.0,3.0,16124.0,,15365.0,,
b7d04acb9336998acae81afd20b42895b035f3fea83f1e2dd73d0f54799e7997,5,3,1,N=5 M=3 t1,2,True,2,2,40192.0,1.0,1.0,3.0,40917.0,,41688.0,,
b7d04acb9336998acae81afd20b42895b035f3fea83f1e2dd73d0f54799e7997,5,3,2,N=5 M=3 t2,2,True,2,1,19823.0,1.0,2.0,3.0,20553.0,,21341.0,,
b7d04acb9336998acae81afd20b42895b035f3fea83f1e2dd73d0f54799e7997,5,3,2,N=5 M=3 t2,2,True,2,2,22617.0,1.0,3.0,5.0,23465.0,,24572.0,,
b7d04acb9336998acae81afd20b42895b035f3fea83f1e2dd73d0f54799e7997,5,4,1,N=5 M=4 t1,2,True,2,1,2128.0,1.0,1.0,2.0,2879.0,,3584.0,,
b7d04acb9336998acae81afd20b42895b035f3fea83f1e2dd73d0f54799e7997,5,4,1,N=5 M=4 t1,2,True,2,2,64382.0,1.0,2.0,4.0,65180.0,,65813.0,,
b7d04acb9336998acae81afd20b42895b035f3fea83f1e2dd73d0f54799e7997,5,4,2,N=5 M=4 t2,2,True,3,1,18141.0,1.0,1.0,2.0,18823.0,,18141.0,,
b7d04acb9336998acae81afd20b42895b035f3fea83f1e2dd73d0f54799e7997,5,4,2,N=5 M=4 t2,2,True,3,2,28592.0,1.0,2.0,4.0,29416.0,,30048.0,,
b7d04acb9336998acae81afd20b42895b035f3fea83f1e2dd73d0f54799e7997,5,4,2,N=5 M=4 t2,2,True,3,3,117105.0,1.0,3.0,6.0,118829.0,119154.0,,,
b7d04acb9336998acae81afd20b42895b035f3fea83f1e2dd73d0f54799e7997,6,1,1,N=6 M=1 t1,3,True,3,1,6722.0,1.0,2.0,4.0,8379.0,,9290.0,,
b7d04acb9336998acae81afd20b42895b035f3fea83f1e2dd73d0f54799e7997,6,1,1,N=6 M=1 t1,3,True,3,2,65407.0,1.0,2.0,5.0,,,,,
b7d04acb9336998acae81afd20b42895b035f3fea83f1e2dd73d0f54799e7997,6,1,1,N=6 M=1 t1,3,True,3,3,108190.0,1.0,2.0,5.0,,,,,
b7d04acb9336998acae81afd20b42895b035f3fea83f1e2dd73d0f54799e7997,6,1,2,N=6 M=1 t2,6,True,6,1,975.0,1.0,2.0,4.0,2626.0,,3378.0,,
b7d04acb9336998acae81afd20b42895b035f3fea83f1e2dd73d0f54799e7997,6,1,2,N=6 M=1 t2,6,True,6,2,8916.0,1.0,3.0,6.0,62169.0,,62844.0,,
b7d04acb9336998acae81afd20b42895b035f3fea83f1e2dd73d0f54799e7997,6,1,2,N=6 M=1 t2,6,True,6,3,47793.0,1.0,3.0,5.0,48523.0,,,,
b7d04acb9336998acae81afd20b42895b035f3fea83f1e2dd73d0f54799e7997,6,1,2,N=6 M=1 t2,6,True,6,4,61281.0,1.0,4.0,7.0,62169.0,,62844.0,,
b7d04acb9336998acae81afd20b42895b035f3fea83f1e2dd73d0f54799e7997,6,1,2,N=6 M=1 t2,6,True,6,5,75522.0,1.0,4.0,7.0,77224.0,,,,
b7d04acb9336998acae81afd20b42895b035f3fea83f1e2dd73d0f54799e7997,6,1,2,N=6 M=1 t2,6,True,6,6,85862.0,1.0,4.0,7.0,,,,,
b7d04acb9336998acae81afd20b42895b035f3fea83f1e2dd73d0f54799e7997,6,2,1,N=6 M=2 t1,2,True,2,1,13435.0,1.0,2.0,3.0,14058.0,,13435.0,,
b7d04acb9336998acae81afd20b42895b035f3fea83f1e2dd73d0f54799e7997,6,2,1,N=6 M=2 t1,2,True,2,2,20486.0,1.0,3.0,5.0,22000.0,,22986.0,,
b7d04acb9336998acae81afd20b42895b035f3fea83f1e2dd73d0f54799e7997,6,2,2,N=6 M=2 t2,3,True,3,1,3714.0,2.0,3.0,5.0,5058.0,,6259.0,,
b7d04acb9336998acae81afd20b42895b035f3fea83f1e2dd73d0f54799e7997,6,2,2,N=6 M=2 t2,3,True,3,2,15583.0,1.0,3.0,5.0,16374.0,,15583.0,,
b7d04acb9336998acae81afd20b42895b035f3fea83f1e2dd73d0f54799e7997,6,2,2,N=6 M=2 t2,3,True,3,3,62932.0,1.0,3.0,6.0,63755.0,,64409.0,,
b7d04acb9336998acae81afd20b42895b035f3fea83f1e2dd73d0f54799e7997,6,3,1,N=6 M=3 t1,3,True,3,1,10095.0,1.0,2.0,4.0,12386.0,,10095.0,,
b7d04acb9336998acae81afd20b42895b035f3fea83f1e2dd73d0f54799e7997,6,3,1,N=6 M=3 t1,3,True,3,2,19257.0,1.0,3.0,6.0,19990.0,,20751.0,,
b7d04acb9336998acae81afd20b42895b035f3fea83f1e2dd73d0f54799e7997,6,3,1,N=6 M=3 t1,3,True,3,3,64092.0,1.0,3.0,6.0,65583.0,,64092.0,,
b7d04acb9336998acae81afd20b42895b035f3fea83f1e2dd73d0f54799e7997,6,3,2,N=6 M=3 t2,5,True,5,1,7900.0,2.0,2.0,3.0,17248.0,,10592.0,,
b7d04acb9336998acae81afd20b42895b035f3fea83f1e2dd73d0f54799e7997,6,3,2,N=6 M=3 t2,5,True,5,2,50436.0,1.0,3.0,5.0,81407.0,,50436.0,,
b7d04acb9336998acae81afd20b42895b035f3fea83f1e2dd73d0f54799e7997,6,3,2,N=6 M=3 t2,5,True,5,3,54709.0,2.0,2.0,4.0,55478.0,,54709.0,,
b7d04acb9336998acae81afd20b42895b035f3fea83f1e2dd73d0f54799e7997,6,3,2,N=6 M=3 t2,5,True,5,4,72977.0,1.0,3.0,5.0,75040.0,,72977.0,,
b7d04acb9336998acae81afd20b42895b035f3fea83f1e2dd73d0f54799e7997,6,3,2,N=6 M=3 t2,5,True,5,5,80179.0,1.0,2.0,4.0,81407.0,,80179.0,,
b7d04acb9336998acae81afd20b42895b035f3fea83f1e2dd73d0f54799e7997,6,4,1,N=6 M=4 t1,4,True,4,1,16586.0,1.0,4.0,5.0,17604.0,,16586.0,,
b7d04acb9336998acae81afd20b42895b035f3fea83f1e2dd73d0f54799e7997,6,4,1,N=6 M=4 t1,4,True,4,2,19861.0,1.0,3.0,5.0,20658.0,,22739.0,,
b7d04acb9336998acae81afd20b42895b035f3fea83f1e2dd73d0f54799e7997,6,4,1,N=6 M=4 t1,4,True,4,3,61728.0,1.0,3.0,6.0,62470.0,,63225.0,,
b7d04acb9336998acae81afd20b42895b035f3fea83f1e2dd73d0f54799e7997,6,4,1,N=6 M=4 t1,4,True,4,4,84737.0,1.0,3.0,6.0,85473.0,,84737.0,,
b7d04acb9336998acae81afd20b42895b035f3fea83f1e2dd73d0f54799e7997,6,4,2,N=6 M=4 t2,3,True,3,1,1074.0,2.0,3.0,5.0,1853.0,,1540.0,,
b7d04acb9336998acae81afd20b42895b035f3fea83f1e2dd73d0f54799e7997,6,4,2,N=6 M=4 t2,3,True,3,2,9305.0,2.0,5.0,8.0,10468.0,,38081.0,,
b7d04acb9336998acae81afd20b42895b035f3fea83f1e2dd73d0f54799e7997,6,4,2,N=6 M=4 t2,3,True,3,3,35259.0,1.0,3.0,5.0,36790.0,,38081.0,,
b7d04acb9336998acae81afd20b42895b035f3fea83f1e2dd73d0f54799e7997,6,5,1,N=6 M=5 t1,4,True,4,1,5844.0,1.0,1.0,2.0,6949.0,,5844.0,,
b7d04acb9336998acae81afd20b42895b035f3fea83f1e2dd73d0f54799e7997,6,5,1,N=6 M=5 t1,4,True,4,2,7310.0,1.0,2.0,4.0,8091.0,,9254.0,,
b7d04acb9336998acae81afd20b42895b035f3fea83f1e2dd73d0f54799e7997,6,5,1,N=6 M=5 t1,4,True,4,3,100553.0,1.0,3.0,6.0,101338.0,,102072.0,,
b7d04acb9336998acae81afd20b42895b035f3fea83f1e2dd73d0f54799e7997,6,5,1,N=6 M=5 t1,4,True,4,4,110902.0,1.0,3.0,6.0,112206.0,,,,
b7d04acb9336998acae81afd20b42895b035f3fea83f1e2dd73d0f54799e7997,6,5,2,N=6 M=5 t2,4,True,5,1,4418.0,1.0,2.0,4.0,5132.0,,4418.0,,
b7d04acb9336998acae81afd20b42895b035f3fea83f1e2dd73d0f54799e7997,6,5,2,N=6 M=5 t2,4,True,5,2,71238.0,1.0,2.0,5.0,,,,,
b7d04acb9336998acae81afd20b42895b035f3fea83f1e2dd73d0f54799e7997,6,5,2,N=6 M=5 t2,4,True,5,3,95072.0,1.0,2.0,5.0,,,,,
b7d04acb9336998acae81afd20b42895b035f3fea83f1e2dd73d0f54799e7997,6,5,2,N=6 M=5 t2,4,True,5,4,110007.0,1.0,2.0,4.0,111056.0,,111865.0,,
b7d04acb9336998acae81afd20b42895b035f3fea83f1e2dd73d0f54799e7997,6,5,2,N=6 M=5 t2,4,True,5,5,118157.0,2.0,3.0,6.0,118767.0,,118157.0,,
b7d04acb9336998acae81afd20b42895b035f3fea83f1e2dd73d0f54799e7997,7,1,1,N=7 M=1 t1,5,True,5,1,179.0,2.0,2.0,3.0,,,,,
b7d04acb9336998acae81afd20b42895b035f3fea83f1e2dd73d0f54799e7997,7,1,1,N=7 M=1 t1,5,True,5,2,19141.0,1.0,4.0,5.0,20242.0,,19141.0,,
b7d04acb9336998acae81afd20b42895b035f3fea83f1e2dd73d0f54799e7997,7,1,1,N=7 M=1 t1,5,True,5,3,20230.0,1.0,3.0,5.0,21229.0,,20230.0,,
b7d04acb9336998acae81afd20b42895b035f3fea83f1e2dd73d0f54799e7997,7,1,1,N=7 M=1 t1,5,True,5,4,27150.0,1.0,3.0,6.0,27709.0,,27150.0,,
b7d04acb9336998acae81afd20b42895b035f3fea83f1e2dd73d0f54799e7997,7,1,1,N=7 M=1 t1,5,True,5,5,45943.0,1.0,3.0,7.0,,,,,
b7d04acb9336998acae81afd20b42895b035f3fea83f1e2dd73d0f54799e7997,7,1,2,N=7 M=1 t2,5,True,5,1,2761.0,1.0,0.0,1.0,3562.0,,4365.0,,
b7d04acb9336998acae81afd20b42895b035f3fea83f1e2dd73d0f54799e7997,7,1,2,N=7 M=1 t2,5,True,5,2,5748.0,1.0,3.0,5.0,7091.0,,5748.0,,
b7d04acb9336998acae81afd20b42895b035f3fea83f1e2dd73d0f54799e7997,7,1,2,N=7 M=1 t2,5,True,5,3,11419.0,1.0,4.0,7.0,12261.0,,11419.0,,
b7d04acb9336998acae81afd20b42895b035f3fea83f1e2dd73d0f54799e7997,7,1,2,N=7 M=1 t2,5,True,5,4,53604.0,1.0,3.0,7.0,,,,,
b7d04acb9336998acae81afd20b42895b035f3fea83f1e2dd73d0f54799e7997,7,1,2,N=7 M=1 t2,5,True,5,5,107973.0,1.0,4.0,8.0,,,,,
b7d04acb9336998acae81afd20b42895b035f3fea83f1e2dd73d0f54799e7997,7,2,1,N=7 M=2 t1,7,True,7,1,2014.0,1.0,1.0,2.0,2537.0,,2014.0,,
b7d04acb9336998acae81afd20b42895b035f3fea83f1e2dd73d0f54799e7997,7,2,1,N=7 M=2 t1,7,True,7,2,4143.0,2.0,3.0,5.0,37513.0,,4143.0,,
b7d04acb9336998acae81afd20b42895b035f3fea83f1e2dd73d0f54799e7997,7,2,1,N=7 M=2 t1,7,True,7,3,4881.0,2.0,4.0,7.0,,,,,
b7d04acb9336998acae81afd20b42895b035f3fea83f1e2dd73d0f54799e7997,7,2,1,N=7 M=2 t1,7,True,7,4,10564.0,1.0,4.0,7.0,11883.0,,10564.0,,
b7d04acb9336998acae81afd20b42895b035f3fea83f1e2dd73d0f54799e7997,7,2,1,N=7 M=2 t1,7,True,7,5,25731.0,1.0,3.0,6.0,97173.0,,25731.0,,
b7d04acb9336998acae81afd20b42895b035f3fea83f1e2dd73d0f54799e7997,7,2,1,N=7 M=2 t1,7,True,7,6,29674.0,1.0,3.0,6.0,37513.0,,38856.0,,
b7d04acb9336998acae81afd20b42895b035f3fea83f1e2dd73d0f54799e7997,7,2,1,N=7 M=2 t1,7,True,7,7,87074.0,2.0,3.0,6.0,97173.0,,87074.0,,
b7d04acb9336998acae81afd20b42895b035f3fea83f1e2dd73d0f54799e7997,7,2,2,N=7 M=2 t2,6,True,6,1,1277.0,2.0,2.0,3.0,2889.0,,11929.0,,
b7d04acb9336998acae81afd20b42895b035f3fea83f1e2dd73d0f54799e7997,7,2,2,N=7 M=2 t2,6,True,6,2,1282.0,2.0,2.0,4.0,2072.0,,1282.0,,
b7d04acb9336998acae81afd20b42895b035f3fea83f1e2dd73d0f54799e7997,7,2,2,N=7 M=2 t2,6,True,6,3,3165.0,1.0,3.0,6.0,4004.0,,4999.0,,
b7d04acb9336998acae81afd20b42895b035f3fea83f1e2dd73d0f54799e7997,7,2,2,N=7 M=2 t2,6,True,6,4,10277.0,1.0,3.0,6.0,11288.0,,11929.0,,
b7d04acb9336998acae81afd20b42895b035f3fea83f1e2dd73d0f54799e7997,7,2,2,N=7 M=2 t2,6,True,6,5,53887.0,1.0,4.0,7.0,54403.0,,,,
b7d04acb9336998acae81afd20b42895b035f3fea83f1e2dd73d0f54799e7997,7,2,2,N=7 M=2 t2,6,True,6,6,69011.0,1.0,4.0,8.0,,,,,
b7d04acb9336998acae81afd20b42895b035f3fea83f1e2dd73d0f54799e7997,7,3,1,N=7 M=3 t1,5,True,5,1,499.0,2.0,2.0,4.0,1133.0,,499.0,,
b7d04acb9336998acae81afd20b42895b035f3fea83f1e2dd73d0f54799e7997,7,3,1,N=7 M=3 t1,5,True,5,2,8689.0,2.0,3.0,6.0,,,,,
b7d04acb9336998acae81afd20b42895b035f3fea83f1e2dd73d0f54799e7997,7,3,1,N=7 M=3 t1,5,True,5,3,27410.0,1.0,4.0,7.0,28231.0,,27410.0,,
b7d04acb9336998acae81afd20b42895b035f3fea83f1e2dd73d0f54799e7997,7,3,1,N=7 M=3 t1,5,True,5,4,77506.0,1.0,3.0,7.0,,,,,
b7d04acb9336998acae81afd20b42895b035f3fea83f1e2dd73d0f54799e7997,7,3,1,N=7 M=3 t1,5,True,5,5,106341.0,1.0,3.0,7.0,,,,,
b7d04acb9336998acae81afd20b42895b035f3fea83f1e2dd73d0f54799e7997,7,3,2,N=7 M=3 t2,6,True,6,1,780.0,1.0,2.0,3.0,1218.0,,780.0,,
b7d04acb9336998acae81afd20b42895b035f3fea83f1e2dd73d0f54799e7997,7,3,2,N=7 M=3 t2,6,True,6,2,3220.0,1.0,2.0,4.0,3825.0,,4407.0,,
b7d04acb9336998acae81afd20b42895b035f3fea83f1e2dd73d0f54799e7997,7,3,2,N=7 M=3 t2,6,True,6,3,6879.0,1.0,3.0,6.0,,,6879.0,,
b7d04acb9336998acae81afd20b42895b035f3fea83f1e2dd73d0f54799e7997,7,3,2,N=7 M=3 t2,6,True,6,4,17866.0,1.0,3.0,6.0,19019.0,,19676.0,,
b7d04acb9336998acae81afd20b42895b035f3fea83f1e2dd73d0f54799e7997,7,3,2,N=7 M=3 t2,6,True,6,5,20407.0,1.0,4.0,8.0,21136.0,,21853.0,,
b7d04acb9336998acae81afd20b42895b035f3fea83f1e2dd73d0f54799e7997,7,3,2,N=7 M=3 t2,6,True,6,6,30416.0,1.0,4.0,8.0,42321.0,,,,
b7d04acb9336998acae81afd20b42895b035f3fea83f1e2dd73d0f54799e7997,7,4,1,N=7 M=4 t1,7,True,7,1,2414.0,1.0,1.0,2.0,2853.0,,2414.0,,
b7d04acb9336998acae81afd20b42895b035f3fea83f1e2dd73d0f54799e7997,7,4,1,N=7 M=4 t1,7,True,7,2,3991.0,2.0,4.0,6.0,,,,,
b7d04acb9336998acae81afd20b42895b035f3fea83f1e2dd73d0f54799e7997,7,4,1,N=7 M=4 t1,7,True,7,3,4094.0,3.0,4.0,7.0,5056.0,,4094.0,,
b7d04acb9336998acae81afd20b42895b035f3fea83f1e2dd73d0f54799e7997,7,4,1,N=7 M=4 t1,7,True,7,4,23301.0,1.0,4.0,7.0,24022.0,,23301.0,,
b7d04acb9336998acae81afd20b42895b035f3fea83f1e2dd73d0f54799e7997,7,4,1,N=7 M=4 t1,7,True,7,5,62837.0,1.0,3.0,7.0,,,,,
b7d04acb9336998acae81afd20b42895b035f3fea83f1e2dd73d0f54799e7997,7,4,1,N=7 M=4 t1,7,True,7,6,92469.0,1.0,4.0,8.0,,,,,
b7d04acb9336998acae81afd20b42895b035f3fea83f1e2dd73d0f54799e7997,7,4,1,N=7 M=4 t1,7,True,7,7,106575.0,1.0,3.0,7.0,,,,,
b7d04acb9336998acae81afd20b42895b035f3fea83f1e2dd73d0f54799e7997,7,4,2,N=7 M=4 t2,3,True,3,1,8628.0,2.0,3.0,5.0,9738.0,,8628.0,,
b7d04acb9336998acae81afd20b42895b035f3fea83f1e2dd73d0f54799e7997,7,4,2,N=7 M=4 t2,3,True,3,2,27861.0,2.0,3.0,6.0,28453.0,,27861.0,,
b7d04acb9336998acae81afd20b42895b035f3fea83f1e2dd73d0f54799e7997,7,4,2,N=7 M=4 t2,3,True,3,3,40958.0,1.0,4.0,8.0,41504.0,,42097.0,,
b7d04acb9336998acae81afd20b42895b035f3fea83f1e2dd73d0f54799e7997,7,5,1,N=7 M=5 t1,6,True,6,1,1197.0,2.0,2.0,4.0,,,,,
b7d04acb9336998acae81afd20b42895b035f3fea83f1e2dd73d0f54799e7997,7,5,1,N=7 M=5 t1,6,True,6,2,20399.0,3.0,4.0,6.0,52575.0,,20399.0,,
b7d04acb9336998acae81afd20b42895b035f3fea83f1e2dd73d0f54799e7997,7,5,1,N=7 M=5 t1,6,True,6,3,27667.0,2.0,4.0,7.0,28570.0,,27667.0,,
b7d04acb9336998acae81afd20b42895b035f3fea83f1e2dd73d0f54799e7997,7,5,1,N=7 M=5 t1,6,True,6,4,52026.0,1.0,3.0,5.0,52575.0,,52026.0,,
b7d04acb9336998acae81afd20b42895b035f3fea83f1e2dd73d0f54799e7997,7,5,1,N=7 M=5 t1,6,True,6,5,68109.0,1.0,4.0,7.0,68902.0,,68109.0,,
b7d04acb9336998acae81afd20b42895b035f3fea83f1e2dd73d0f54799e7997,7,5,1,N=7 M=5 t1,6,True,6,6,87263.0,1.0,4.0,8.0,88021.0,,88818.0,,
b7d04acb9336998acae81afd20b42895b035f3fea83f1e2dd73d0f54799e7997,7,5,2,N=7 M=5 t2,6,True,6,1,282.0,1.0,1.0,2.0,2151.0,,1955.0,,
b7d04acb9336998acae81afd20b42895b035f3fea83f1e2dd73d0f54799e7997,7,5,2,N=7 M=5 t2,6,True,6,2,3823.0,1.0,2.0,4.0,,,,,
b7d04acb9336998acae81afd20b42895b035f3fea83f1e2dd73d0f54799e7997,7,5,2,N=7 M=5 t2,6,True,6,3,26106.0,1.0,2.0,4.0,35082.0,,26106.0,,
b7d04acb9336998acae81afd20b42895b035f3fea83f1e2dd73d0f54799e7997,7,5,2,N=7 M=5 t2,6,True,6,4,34066.0,2.0,2.0,5.0,,,,,
b7d04acb9336998acae81afd20b42895b035f3fea83f1e2dd73d0f54799e7997,7,5,2,N=7 M=5 t2,6,True,6,5,38104.0,1.0,3.0,6.0,39276.0,,40078.0,,
b7d04acb9336998acae81afd20b42895b035f3fea83f1e2dd73d0f54799e7997,7,5,2,N=7 M=5 t2,6,True,6,6,64095.0,1.0,3.0,7.0,,,,,
b7d04acb9336998acae81afd20b42895b035f3fea83f1e2dd73d0f54799e7997,7,6,1,N=7 M=6 t1,6,True,6,1,3110.0,2.0,2.0,3.0,5169.0,,7013.0,,
b7d04acb9336998acae81afd20b42895b035f3fea83f1e2dd73d0f54799e7997,7,6,1,N=7 M=6 t1,6,True,6,2,3146.0,3.0,2.0,4.0,3763.0,,3146.0,,
b7d04acb9336998acae81afd20b42895b035f3fea83f1e2dd73d0f54799e7997,7,6,1,N=7 M=6 t1,6,True,6,3,3563.0,3.0,4.0,7.0,,,,,
b7d04acb9336998acae81afd20b42895b035f3fea83f1e2dd73d0f54799e7997,7,6,1,N=7 M=6 t1,6,True,6,4,9862.0,2.0,6.0,10.0,10927.0,,25196.0,,
b7d04acb9336998acae81afd20b42895b035f3fea83f1e2dd73d0f54799e7997,7,6,1,N=7 M=6 t1,6,True,6,5,69563.0,1.0,4.0,7.0,71221.0,,72506.0,,
b7d04acb9336998acae81afd20b42895b035f3fea83f1e2dd73d0f54799e7997,7,6,1,N=7 M=6 t1,6,True,6,6,110621.0,2.0,4.0,7.0,111268.0,,110621.0,,
b7d04acb9336998acae81afd20b42895b035f3fea83f1e2dd73d0f54799e7997,7,6,2,N=7 M=6 t2,9,True,9,1,8113.0,2.0,2.0,3.0,9564.0,,31909.0,,
b7d04acb9336998acae81afd20b42895b035f3fea83f1e2dd73d0f54799e7997,7,6,2,N=7 M=6 t2,9,True,9,2,13238.0,3.0,4.0,6.0,,,,,
b7d04acb9336998acae81afd20b42895b035f3fea83f1e2dd73d0f54799e7997,7,6,2,N=7 M=6 t2,9,True,9,3,17171.0,3.0,6.0,9.0,18129.0,,17171.0,,
b7d04acb9336998acae81afd20b42895b035f3fea83f1e2dd73d0f54799e7997,7,6,2,N=7 M=6 t2,9,True,9,4,30601.0,1.0,5.0,8.0,32142.0,,30601.0,,
b7d04acb9336998acae81afd20b42895b035f3fea83f1e2dd73d0f54799e7997,7,6,2,N=7 M=6 t2,9,True,9,5,52167.0,1.0,4.0,7.0,52704.0,,69409.0,,
b7d04acb9336998acae81afd20b42895b035f3fea83f1e2dd73d0f54799e7997,7,6,2,N=7 M=6 t2,9,True,9,6,64703.0,1.0,5.0,9.0,65270.0,,66136.0,,
b7d04acb9336998acae81afd20b42895b035f3fea83f1e2dd73d0f54799e7997,7,6,2,N=7 M=6 t2,9,True,9,7,92845.0,1.0,5.0,8.0,94124.0,,97081.0,,
b7d04acb9336998acae81afd20b42895b035f3fea83f1e2dd73d0f54799e7997,7,6,2,N=7 M=6 t2,9,True,9,8,93391.0,2.0,5.0,9.0,94178.0,,93391.0,,
b7d04acb9336998acae81afd20b42895b035f3fea83f1e2dd73d0f54799e7997,7,6,2,N=7 M=6 t2,9,True,9,9,108289.0,1.0,5.0,9.0,108941.0,,,,
b7d04acb9336998acae81afd20b42895b035f3fea83f1e2dd73d0f54799e7997,8,1,1,N=8 M=1 t1,6,True,6,1,21688.0,1.0,1.0,2.0,23837.0,,21688.0,,
b7d04acb9336998acae81afd20b42895b035f3fea83f1e2dd73d0f54799e7997,8,1,1,N=8 M=1 t1,6,True,6,2,24623.0,1.0,2.0,4.0,25269.0,,24623.0,,
b7d04acb9336998acae81afd20b42895b035f3fea83f1e2dd73d0f54799e7997,8,1,1,N=8 M=1 t1,6,True,6,3,30410.0,1.0,3.0,6.0,31641.0,,41508.0,,
b7d04acb9336998acae81afd20b42895b035f3fea83f1e2dd73d0f54799e7997,8,1,1,N=8 M=1 t1,6,True,6,4,41031.0,1.0,4.0,8.0,42475.0,,47328.0,,
b7d04acb9336998acae81afd20b42895b035f3fea83f1e2dd73d0f54799e7997,8,1,1,N=8 M=1 t1,6,True,6,5,84658.0,2.0,3.0,7.0,,,,,
b7d04acb9336998acae81afd20b42895b035f3fea83f1e2dd73d0f54799e7997,8,1,1,N=8 M=1 t1,6,True,6,6,93219.0,1.0,4.0,8.0,94727.0,,103436.0,,
b7d04acb9336998acae81afd20b42895b035f3fea83f1e2dd73d0f54799e7997,8,1,2,N=8 M=1 t2,7,True,7,1,19884.0,1.0,3.0,5.0,20700.0,,19884.0,,
b7d04acb9336998acae81afd20b42895b035f3fea83f1e2dd73d0f54799e7997,8,1,2,N=8 M=1 t2,7,True,7,2,21152.0,1.0,3.0,6.0,23696.0,,21152.0,,
b7d04acb9336998acae81afd20b42895b035f3fea83f1e2dd73d0f54799e7997,8,1,2,N=8 M=1 t2,7,True,7,3,43131.0,1.0,4.0,7.0,44715.0,,53194.0,,
b7d04acb9336998acae81afd20b42895b035f3fea83f1e2dd73d0f54799e7997,8,1,2,N=8 M=1 t2,7,True,7,4,44763.0,1.0,4.0,8.0,46423.0,,44763.0,,
b7d04acb9336998acae81afd20b42895b035f3fea83f1e2dd73d0f54799e7997,8,1,2,N=8 M=1 t2,7,True,7,5,80299.0,1.0,3.0,6.0,83271.0,,84240.0,,
b7d04acb9336998acae81afd20b42895b035f3fea83f1e2dd73d0f54799e7997,8,1,2,N=8 M=1 t2,7,True,7,6,84608.0,1.0,3.0,6.0,85968.0,,86915.0,,
b7d04acb9336998acae81afd20b42895b035f3fea83f1e2dd73d0f54799e7997,8,1,2,N=8 M=1 t2,7,True,7,7,109810.0,1.0,4.0,7.0,111895.0,,109810.0,,
b7d04acb9336998acae81afd20b42895b035f3fea83f1e2dd73d0f54799e7997,8,2,1,N=8 M=2 t1,11,True,11,1,2026.0,2.0,2.0,4.0,2701.0,,2026.0,,
b7d04acb9336998acae81afd20b42895b035f3fea83f1e2dd73d0f54799e7997,8,2,1,N=8 M=2 t1,11,True,11,2,4197.0,2.0,3.0,6.0,,,,,
b7d04acb9336998acae81afd20b42895b035f3fea83f1e2dd73d0f54799e7997,8,2,1,N=8 M=2 t1,11,True,11,3,7552.0,1.0,3.0,6.0,9245.0,,21894.0,,
b7d04acb9336998acae81afd20b42895b035f3fea83f1e2dd73d0f54799e7997,8,2,1,N=8 M=2 t1,11,True,11,4,10663.0,2.0,4.0,8.0,,,,,
b7d04acb9336998acae81afd20b42895b035f3fea83f1e2dd73d0f54799e7997,8,2,1,N=8 M=2 t1,11,True,11,5,28853.0,2.0,3.0,6.0,30549.0,,33643.0,,
b7d04acb9336998acae81afd20b42895b035f3fea83f1e2dd73d0f54799e7997,8,2,1,N=8 M=2 t1,11,True,11,6,37971.0,1.0,5.0,9.0,,,,,
b7d04acb9336998acae81afd20b42895b035f3fea83f1e2dd73d0f54799e7997,8,2,1,N=8 M=2 t1,11,True,11,7,52421.0,1.0,4.0,7.0,53274.0,,52421.0,,
b7d04acb9336998acae81afd20b42895b035f3fea83f1e2dd73d0f54799e7997,8,2,1,N=8 M=2 t1,11,True,11,8,66281.0,1.0,4.0,8.0,110259.0,,111255.0,,
b7d04acb9336998acae81afd20b42895b035f3fea83f1e2dd73d0f54799e7997,8,2,1,N=8 M=2 t1,11,True,11,9,67791.0,2.0,4.0,8.0,71921.0,,85019.0,,
b7d04acb9336998acae81afd20b42895b035f3fea83f1e2dd73d0f54799e7997,8,2,1,N=8 M=2 t1,11,True,11,10,80047.0,2.0,4.0,8.0,80939.0,,96381.0,,
b7d04acb9336998acae81afd20b42895b035f3fea83f1e2dd73d0f54799e7997,8,2,1,N=8 M=2 t1,11,True,11,11,108771.0,1.0,4.0,8.0,110259.0,,111255.0,,
b7d04acb9336998acae81afd20b42895b035f3fea83f1e2dd73d0f54799e7997,8,2,2,N=8 M=2 t2,4,True,2,1,2198.0,2.0,2.0,3.0,,,2685.0,,
b7d04acb9336998acae81afd20b42895b035f3fea83f1e2dd73d0f54799e7997,8,2,2,N=8 M=2 t2,4,True,2,2,39980.0,2.0,2.0,4.0,,,39980.0,,
b7d04acb9336998acae81afd20b42895b035f3fea83f1e2dd73d0f54799e7997,8,3,1,N=8 M=3 t1,4,True,4,1,19743.0,2.0,2.0,3.0,22230.0,,19743.0,,
b7d04acb9336998acae81afd20b42895b035f3fea83f1e2dd73d0f54799e7997,8,3,1,N=8 M=3 t1,4,True,4,2,25949.0,2.0,2.0,4.0,,,,,
b7d04acb9336998acae81afd20b42895b035f3fea83f1e2dd73d0f54799e7997,8,3,1,N=8 M=3 t1,4,True,4,3,68707.0,1.0,4.0,7.0,71189.0,,72787.0,,
b7d04acb9336998acae81afd20b42895b035f3fea83f1e2dd73d0f54799e7997,8,3,1,N=8 M=3 t1,4,True,4,4,75316.0,2.0,3.0,5.0,76275.0,,75316.0,,
b7d04acb9336998acae81afd20b42895b035f3fea83f1e2dd73d0f54799e7997,8,3,2,N=8 M=3 t2,5,True,5,1,23738.0,3.0,2.0,4.0,,,,,
b7d04acb9336998acae81afd20b42895b035f3fea83f1e2dd73d0f54799e7997,8,3,2,N=8 M=3 t2,5,True,5,2,24493.0,3.0,3.0,6.0,,,,,
b7d04acb9336998acae81afd20b42895b035f3fea83f1e2dd73d0f54799e7997,8,3,2,N=8 M=3 t2,5,True,5,3,47998.0,2.0,1.0,2.0,,,47998.0,,
b7d04acb9336998acae81afd20b42895b035f3fea83f1e2dd73d0f54799e7997,8,3,2,N=8 M=3 t2,5,True,5,4,48037.0,2.0,2.0,4.0,,,,,
b7d04acb9336998acae81afd20b42895b035f3fea83f1e2dd73d0f54799e7997,8,3,2,N=8 M=3 t2,5,True,5,5,76361.0,1.0,1.0,2.0,76985.0,,76361.0,,
b7d04acb9336998acae81afd20b42895b035f3fea83f1e2dd73d0f54799e7997,8,4,1,N=8 M=4 t1,6,True,6,1,2144.0,4.0,2.0,4.0,2844.0,,2144.0,,
b7d04acb9336998acae81afd20b42895b035f3fea83f1e2dd73d0f54799e7997,8,4,1,N=8 M=4 t1,6,True,6,2,37896.0,4.0,2.0,4.0,40638.0,,37896.0,,
b7d04acb9336998acae81afd20b42895b035f3fea83f1e2dd73d0f54799e7997,8,4,1,N=8 M=4 t1,6,True,6,3,58395.0,1.0,3.0,6.0,107955.0,,108956.0,,
b7d04acb9336998acae81afd20b42895b035f3fea83f1e2dd73d0f54799e7997,8,4,1,N=8 M=4 t1,6,True,6,4,83619.0,1.0,3.0,6.0,107955.0,,108956.0,,
b7d04acb9336998acae81afd20b42895b035f3fea83f1e2dd73d0f54799e7997,8,4,1,N=8 M=4 t1,6,True,6,5,105329.0,2.0,2.0,5.0,,,,,
b7d04acb9336998acae81afd20b42895b035f3fea83f1e2dd73d0f54799e7997,8,4,1,N=8 M=4 t1,6,True,6,6,105961.0,2.0,4.0,8.0,107955.0,,108956.0,,
b7d04acb9336998acae81afd20b42895b035f3fea83f1e2dd73d0f54799e7997,8,4,2,N=8 M=4 t2,6,True,6,1,19355.0,4.0,1.0,2.0,22088.0,,19355.0,,
b7d04acb9336998acae81afd20b42895b035f3fea83f1e2dd73d0f54799e7997,8,4,2,N=8 M=4 t2,6,True,6,2,25996.0,4.0,2.0,4.0,26766.0,,27658.0,,
b7d04acb9336998acae81afd20b42895b035f3fea83f1e2dd73d0f54799e7997,8,4,2,N=8 M=4 t2,6,True,6,3,26453.0,4.0,3.0,6.0,,,,,
b7d04acb9336998acae81afd20b42895b035f3fea83f1e2dd73d0f54799e7997,8,4,2,N=8 M=4 t2,6,True,6,4,56777.0,1.0,3.0,6.0,,,,,
b7d04acb9336998acae81afd20b42895b035f3fea83f1e2dd73d0f54799e7997,8,4,2,N=8 M=4 t2,6,True,6,5,62302.0,2.0,3.0,6.0,,,,,
b7d04acb9336998acae81afd20b42895b035f3fea83f1e2dd73d0f54799e7997,8,4,2,N=8 M=4 t2,6,True,6,6,86294.0,2.0,3.0,6.0,,,,,
b7d04acb9336998acae81afd20b42895b035f3fea83f1e2dd73d0f54799e7997,8,5,1,N=8 M=5 t1,0,True,0,0,,,,,,,,,
b7d04acb9336998acae81afd20b42895b035f3fea83f1e2dd73d0f54799e7997,8,5,2,N=8 M=5 t2,5,True,5,1,19547.0,2.0,2.0,3.0,,,,,
b7d04acb9336998acae81afd20b42895b035f3fea83f1e2dd73d0f54799e7997,8,5,2,N=8 M=5 t2,5,True,5,2,38316.0,5.0,1.0,2.0,40994.0,,38316.0,,
b7d04acb9336998acae81afd20b42895b035f3fea83f1e2dd73d0f54799e7997,8,5,2,N=8 M=5 t2,5,True,5,3,66670.0,1.0,2.0,4.0,,,,,
b7d04acb9336998acae81afd20b42895b035f3fea83f1e2dd73d0f54799e7997,8,5,2,N=8 M=5 t2,5,True,5,4,88889.0,1.0,2.0,4.0,,,,,
b7d04acb9336998acae81afd20b42895b035f3fea83f1e2dd73d0f54799e7997,8,5,2,N=8 M=5 t2,5,True,5,5,113555.0,1.0,2.0,4.0,,,,,
b7d04acb9336998acae81afd20b42895b035f3fea83f1e2dd73d0f54799e7997,8,6,1,N=8 M=6 t1,1,True,1,1,36612.0,4.0,1.0,2.0,38556.0,,36612.0,,
b7d04acb9336998acae81afd20b42895b035f3fea83f1e2dd73d0f54799e7997,8,6,2,N=8 M=6 t2,8,True,8,1,717.0,2.0,1.0,2.0,,,,,
b7d04acb9336998acae81afd20b42895b035f3fea83f1e2dd73d0f54799e7997,8,6,2,N=8 M=6 t2,8,True,8,2,22514.0,4.0,1.0,2.0,48220.0,,22514.0,,
b7d04acb9336998acae81afd20b42895b035f3fea83f1e2dd73d0f54799e7997,8,6,2,N=8 M=6 t2,8,True,8,3,28117.0,5.0,1.0,2.0,,,,,
b7d04acb9336998acae81afd20b42895b035f3fea83f1e2dd73d0f54799e7997,8,6,2,N=8 M=6 t2,8,True,8,4,45989.0,4.0,1.0,2.0,48220.0,,45989.0,,
b7d04acb9336998acae81afd20b42895b035f3fea83f1e2dd73d0f54799e7997,8,6,2,N=8 M=6 t2,8,True,8,5,85412.0,2.0,3.0,5.0,94779.0,,100059.0,,
b7d04acb9336998acae81afd20b42895b035f3fea83f1e2dd73d0f54799e7997,8,6,2,N=8 M=6 t2,8,True,8,6,85570.0,2.0,3.0,6.0,,,,,
b7d04acb9336998acae81afd20b42895b035f3fea83f1e2dd73d0f54799e7997,8,6,2,N=8 M=6 t2,8,True,8,7,91641.0,4.0,3.0,6.0,,,,,
b7d04acb9336998acae81afd20b42895b035f3fea83f1e2dd73d0f54799e7997,8,6,2,N=8 M=6 t2,8,True,8,8,92608.0,3.0,4.0,8.0,94779.0,,100059.0,,
b7d04acb9336998acae81afd20b42895b035f3fea83f1e2dd73d0f54799e7997,8,7,1,N=8 M=7 t1,10,True,10,1,19134.0,2.0,2.0,3.0,30735.0,,44005.0,,
b7d04acb9336998acae81afd20b42895b035f3fea83f1e2dd73d0f54799e7997,8,7,1,N=8 M=7 t1,10,True,10,2,19308.0,2.0,3.0,5.0,,,,,
b7d04acb9336998acae81afd20b42895b035f3fea83f1e2dd73d0f54799e7997,8,7,1,N=8 M=7 t1,10,True,10,3,24590.0,4.0,4.0,7.0,,,,,
b7d04acb9336998acae81afd20b42895b035f3fea83f1e2dd73d0f54799e7997,8,7,1,N=8 M=7 t1,10,True,10,4,24969.0,4.0,5.0,9.0,,,,,
b7d04acb9336998acae81afd20b42895b035f3fea83f1e2dd73d0f54799e7997,8,7,1,N=8 M=7 t1,10,True,10,5,25619.0,3.0,5.0,8.0,28610.0,,25619.0,,
b7d04acb9336998acae81afd20b42895b035f3fea83f1e2dd73d0f54799e7997,8,7,1,N=8 M=7 t1,10,True,10,6,29532.0,1.0,2.0,4.0,30735.0,,44005.0,,
b7d04acb9336998acae81afd20b42895b035f3fea83f1e2dd73d0f54799e7997,8,7,1,N=8 M=7 t1,10,True,10,7,75906.0,2.0,3.0,5.0,,,,,
b7d04acb9336998acae81afd20b42895b035f3fea83f1e2dd73d0f54799e7997,8,7,1,N=8 M=7 t1,10,True,10,8,76047.0,2.0,4.0,7.0,,,,,
b7d04acb9336998acae81afd20b42895b035f3fea83f1e2dd73d0f54799e7997,8,7,1,N=8 M=7 t1,10,True,10,9,77070.0,1.0,4.0,6.0,78493.0,,77070.0,,
b7d04acb9336998acae81afd20b42895b035f3fea83f1e2dd73d0f54799e7997,8,7,1,N=8 M=7 t1,10,True,10,10,99557.0,1.0,3.0,6.0,102957.0,,109207.0,,
b7d04acb9336998acae81afd20b42895b035f3fea83f1e2dd73d0f54799e7997,8,7,2,N=8 M=7 t2,6,True,6,1,17669.0,3.0,1.0,2.0,20423.0,,17669.0,,
b7d04acb9336998acae81afd20b42895b035f3fea83f1e2dd73d0f54799e7997,8,7,2,N=8 M=7 t2,6,True,6,2,21435.0,2.0,2.0,4.0,44369.0,,51837.0,,
b7d04acb9336998acae81afd20b42895b035f3fea83f1e2dd73d0f54799e7997,8,7,2,N=8 M=7 t2,6,True,6,3,25014.0,4.0,3.0,6.0,,,,,
b7d04acb9336998acae81afd20b42895b035f3fea83f1e2dd73d0f54799e7997,8,7,2,N=8 M=7 t2,6,True,6,4,42270.0,2.0,2.0,4.0,,,,,
b7d04acb9336998acae81afd20b42895b035f3fea83f1e2dd73d0f54799e7997,8,7,2,N=8 M=7 t2,6,True,6,5,42329.0,2.0,3.0,6.0,44369.0,,51837.0,,
b7d04acb9336998acae81afd20b42895b035f3fea83f1e2dd73d0f54799e7997,8,7,2,N=8 M=7 t2,6,True,6,6,113696.0,1.0,3.0,6.0,,,,,
b7d04acb9336998acae81afd20b42895b035f3fea83f1e2dd73d0f54799e7997,9,1,1,N=9 M=1 t1,6,True,6,1,50.0,2.0,2.0,4.0,1613.0,,5090.0,,
b7d04acb9336998acae81afd20b42895b035f3fea83f1e2dd73d0f54799e7997,9,1,1,N=9 M=1 t1,6,True,6,2,4601.0,1.0,3.0,6.0,6171.0,,15905.0,,
b7d04acb9336998acae81afd20b42895b035f3fea83f1e2dd73d0f54799e7997,9,1,1,N=9 M=1 t1,6,True,6,3,27025.0,1.0,5.0,9.0,,,,,
b7d04acb9336998acae81afd20b42895b035f3fea83f1e2dd73d0f54799e7997,9,1,1,N=9 M=1 t1,6,True,6,4,42333.0,1.0,4.0,8.0,45220.0,,42333.0,,
b7d04acb9336998acae81afd20b42895b035f3fea83f1e2dd73d0f54799e7997,9,1,1,N=9 M=1 t1,6,True,6,5,46705.0,1.0,4.0,8.0,,,,,
b7d04acb9336998acae81afd20b42895b035f3fea83f1e2dd73d0f54799e7997,9,1,1,N=9 M=1 t1,6,True,6,6,84009.0,1.0,4.0,8.0,,,,,
b7d04acb9336998acae81afd20b42895b035f3fea83f1e2dd73d0f54799e7997,9,1,2,N=9 M=1 t2,7,True,0,0,,,,,,,,,
b7d04acb9336998acae81afd20b42895b035f3fea83f1e2dd73d0f54799e7997,9,2,1,N=9 M=2 t1,6,True,1,1,20544.0,2.0,3.0,6.0,,,,,
b7d04acb9336998acae81afd20b42895b035f3fea83f1e2dd73d0f54799e7997,9,2,2,N=9 M=2 t2,3,True,4,1,16533.0,2.0,3.0,5.0,24534.0,,16533.0,,
b7d04acb9336998acae81afd20b42895b035f3fea83f1e2dd73d0f54799e7997,9,2,2,N=9 M=2 t2,3,True,4,2,22269.0,2.0,3.0,6.0,23191.0,,22269.0,,
b7d04acb9336998acae81afd20b42895b035f3fea83f1e2dd73d0f54799e7997,9,2,2,N=9 M=2 t2,3,True,4,3,46845.0,2.0,4.0,8.0,48288.0,,46845.0,,
b7d04acb9336998acae81afd20b42895b035f3fea83f1e2dd73d0f54799e7997,9,2,2,N=9 M=2 t2,3,True,4,4,65547.0,2.0,4.0,8.0,,,65547.0,,
b7d04acb9336998acae81afd20b42895b035f3fea83f1e2dd73d0f54799e7997,9,3,1,N=9 M=3 t1,6,True,0,0,,,,,,,,,
b7d04acb9336998acae81afd20b42895b035f3fea83f1e2dd73d0f54799e7997,9,3,2,N=9 M=3 t2,7,True,7,1,18790.0,2.0,3.0,4.0,19206.0,,18790.0,,
b7d04acb9336998acae81afd20b42895b035f3fea83f1e2dd73d0f54799e7997,9,3,2,N=9 M=3 t2,7,True,7,2,19006.0,2.0,3.0,5.0,29289.0,,19006.0,,
b7d04acb9336998acae81afd20b42895b035f3fea83f1e2dd73d0f54799e7997,9,3,2,N=9 M=3 t2,7,True,7,3,19980.0,2.0,3.0,6.0,21117.0,,19980.0,,
b7d04acb9336998acae81afd20b42895b035f3fea83f1e2dd73d0f54799e7997,9,3,2,N=9 M=3 t2,7,True,7,4,47115.0,1.0,3.0,6.0,52055.0,,47115.0,,
b7d04acb9336998acae81afd20b42895b035f3fea83f1e2dd73d0f54799e7997,9,3,2,N=9 M=3 t2,7,True,7,5,71296.0,3.0,3.0,6.0,75285.0,,71296.0,,
b7d04acb9336998acae81afd20b42895b035f3fea83f1e2dd73d0f54799e7997,9,3,2,N=9 M=3 t2,7,True,7,6,79217.0,1.0,4.0,8.0,81623.0,,82812.0,,
b7d04acb9336998acae81afd20b42895b035f3fea83f1e2dd73d0f54799e7997,9,3,2,N=9 M=3 t2,7,True,7,7,104970.0,1.0,5.0,9.0,109243.0,,110716.0,,
b7d04acb9336998acae81afd20b42895b035f3fea83f1e2dd73d0f54799e7997,9,4,1,N=9 M=4 t1,3,True,3,1,17761.0,3.0,2.0,3.0,20319.0,,17761.0,,
b7d04acb9336998acae81afd20b42895b035f3fea83f1e2dd73d0f54799e7997,9,4,1,N=9 M=4 t1,3,True,3,2,39556.0,4.0,2.0,4.0,40485.0,,39556.0,,
b7d04acb9336998acae81afd20b42895b035f3fea83f1e2dd73d0f54799e7997,9,4,1,N=9 M=4 t1,3,True,3,3,65835.0,1.0,3.0,6.0,,,,,
b7d04acb9336998acae81afd20b42895b035f3fea83f1e2dd73d0f54799e7997,9,4,2,N=9 M=4 t2,1,True,1,1,20915.0,4.0,2.0,3.0,23610.0,,20915.0,,
b7d04acb9336998acae81afd20b42895b035f3fea83f1e2dd73d0f54799e7997,9,5,1,N=9 M=5 t1,1,True,0,0,,,,,,,,,
b7d04acb9336998acae81afd20b42895b035f3fea83f1e2dd73d0f54799e7997,9,5,2,N=9 M=5 t2,2,True,2,1,18401.0,5.0,1.0,2.0,18898.0,,18401.0,,
b7d04acb9336998acae81afd20b42895b035f3fea83f1e2dd73d0f54799e7997,9,5,2,N=9 M=5 t2,2,True,2,2,104614.0,4.0,2.0,3.0,,,,,
b7d04acb9336998acae81afd20b42895b035f3fea83f1e2dd73d0f54799e7997,9,6,1,N=9 M=6 t1,1,True,1,1,39742.0,5.0,1.0,2.0,41679.0,,39742.0,,
b7d04acb9336998acae81afd20b42895b035f3fea83f1e2dd73d0f54799e7997,9,6,2,N=9 M=6 t2,2,True,2,1,22274.0,5.0,1.0,2.0,22776.0,,22274.0,,
b7d04acb9336998acae81afd20b42895b035f3fea83f1e2dd73d0f54799e7997,9,6,2,N=9 M=6 t2,2,True,2,2,59250.0,4.0,1.0,2.0,62752.0,,59250.0,,
b7d04acb9336998acae81afd20b42895b035f3fea83f1e2dd73d0f54799e7997,9,7,1,N=9 M=7 t1,1,True,1,1,104904.0,3.0,2.0,3.0,,,,,
b7d04acb9336998acae81afd20b42895b035f3fea83f1e2dd73d0f54799e7997,9,7,2,N=9 M=7 t2,3,True,3,1,41151.0,3.0,2.0,3.0,,,,,
b7d04acb9336998acae81afd20b42895b035f3fea83f1e2dd73d0f54799e7997,9,7,2,N=9 M=7 t2,3,True,3,2,73215.0,5.0,2.0,3.0,,,,,
b7d04acb9336998acae81afd20b42895b035f3fea83f1e2dd73d0f54799e7997,9,7,2,N=9 M=7 t2,3,True,3,3,96851.0,5.0,2.0,3.0,,,,,
b7d04acb9336998acae81afd20b42895b035f3fea83f1e2dd73d0f54799e7997,9,8,1,N=9 M=8 t1,3,True,4,1,41640.0,3.0,2.0,3.0,,,,,
b7d04acb9336998acae81afd20b42895b035f3fea83f1e2dd73d0f54799e7997,9,8,1,N=9 M=8 t1,3,True,4,2,46456.0,5.0,2.0,3.0,49108.0,,46456.0,,
b7d04acb9336998acae81afd20b42895b035f3fea83f1e2dd73d0f54799e7997,9,8,1,N=9 M=8 t1,3,True,4,3,102780.0,5.0,1.0,2.0,105565.0,,102780.0,,
b7d04acb9336998acae81afd20b42895b035f3fea83f1e2dd73d0f54799e7997,9,8,1,N=9 M=8 t1,3,True,4,4,115422.0,3.0,3.0,5.0,,,,,
b7d04acb9336998acae81afd20b42895b035f3fea83f1e2dd73d0f54799e7997,9,8,2,N=9 M=8 t2,1,True,1,1,17163.0,3.0,2.0,4.0,19946.0,,17163.0,,
b7d04acb9336998acae81afd20b42895b035f3fea83f1e2dd73d0f54799e7997,10,1,1,N=10 M=1 t1,5,True,5,1,19984.0,1.0,3.0,5.0,20794.0,,19984.0,,
b7d04acb9336998acae81afd20b42895b035f3fea83f1e2dd73d0f54799e7997,10,1,1,N=10 M=1 t1,5,True,5,2,26455.0,1.0,4.0,7.0,27366.0,,32821.0,,
b7d04acb9336998acae81afd20b42895b035f3fea83f1e2dd73d0f54799e7997,10,1,1,N=10 M=1 t1,5,True,5,3,28217.0,1.0,4.0,8.0,30263.0,,28217.0,,
b7d04acb9336998acae81afd20b42895b035f3fea83f1e2dd73d0f54799e7997,10,1,1,N=10 M=1 t1,5,True,5,4,52046.0,1.0,5.0,10.0,53374.0,,52046.0,,
b7d04acb9336998acae81afd20b42895b035f3fea83f1e2dd73d0f54799e7997,10,1,1,N=10 M=1 t1,5,True,5,5,95264.0,1.0,5.0,10.0,,,,,
b7d04acb9336998acae81afd20b42895b035f3fea83f1e2dd73d0f54799e7997,10,1,2,N=10 M=1 t2,4,True,4,1,954.0,1.0,2.0,4.0,1713.0,,3193.0,,
b7d04acb9336998acae81afd20b42895b035f3fea83f1e2dd73d0f54799e7997,10,1,2,N=10 M=1 t2,4,True,4,2,23760.0,1.0,4.0,6.0,24956.0,,23760.0,,
b7d04acb9336998acae81afd20b42895b035f3fea83f1e2dd73d0f54799e7997,10,1,2,N=10 M=1 t2,4,True,4,3,24781.0,2.0,4.0,7.0,31094.0,,24781.0,,
b7d04acb9336998acae81afd20b42895b035f3fea83f1e2dd73d0f54799e7997,10,1,2,N=10 M=1 t2,4,True,4,4,24783.0,2.0,4.0,8.0,37447.0,,24783.0,,
b7d04acb9336998acae81afd20b42895b035f3fea83f1e2dd73d0f54799e7997,10,2,1,N=10 M=2 t1,5,True,0,0,,,,,,,,,
b7d04acb9336998acae81afd20b42895b035f3fea83f1e2dd73d0f54799e7997,10,2,2,N=10 M=2 t2,4,True,4,1,19464.0,1.0,2.0,3.0,20570.0,,19464.0,,
b7d04acb9336998acae81afd20b42895b035f3fea83f1e2dd73d0f54799e7997,10,2,2,N=10 M=2 t2,4,True,4,2,19757.0,2.0,2.0,4.0,22510.0,,19757.0,,
b7d04acb9336998acae81afd20b42895b035f3fea83f1e2dd73d0f54799e7997,10,2,2,N=10 M=2 t2,4,True,4,3,22037.0,2.0,3.0,6.0,24102.0,,32371.0,,
b7d04acb9336998acae81afd20b42895b035f3fea83f1e2dd73d0f54799e7997,10,2,2,N=10 M=2 t2,4,True,4,4,45413.0,2.0,4.0,8.0,54883.0,,45413.0,,
b7d04acb9336998acae81afd20b42895b035f3fea83f1e2dd73d0f54799e7997,10,3,1,N=10 M=3 t1,6,True,2,1,18393.0,2.0,2.0,3.0,,,18393.0,,
b7d04acb9336998acae81afd20b42895b035f3fea83f1e2dd73d0f54799e7997,10,3,1,N=10 M=3 t1,6,True,2,2,18546.0,3.0,2.0,4.0,,,,,
b7d04acb9336998acae81afd20b42895b035f3fea83f1e2dd73d0f54799e7997,10,3,2,N=10 M=3 t2,5,True,5,1,18225.0,1.0,2.0,3.0,19310.0,,18225.0,,
b7d04acb9336998acae81afd20b42895b035f3fea83f1e2dd73d0f54799e7997,10,3,2,N=10 M=3 t2,5,True,5,2,19925.0,2.0,3.0,5.0,,,,,
b7d04acb9336998acae81afd20b42895b035f3fea83f1e2dd73d0f54799e7997,10,3,2,N=10 M=3 t2,5,True,5,3,55020.0,2.0,4.0,7.0,,,,,
b7d04acb9336998acae81afd20b42895b035f3fea83f1e2dd73d0f54799e7997,10,3,2,N=10 M=3 t2,5,True,5,4,85417.0,3.0,4.0,7.0,,,,,
b7d04acb9336998acae81afd20b42895b035f3fea83f1e2dd73d0f54799e7997,10,3,2,N=10 M=3 t2,5,True,5,5,113518.0,3.0,4.0,7.0,,,,,
b7d04acb9336998acae81afd20b42895b035f3fea83f1e2dd73d0f54799e7997,10,4,1,N=10 M=4 t1,5,True,5,1,704.0,4.0,2.0,3.0,10717.0,,704.0,,
b7d04acb9336998acae81afd20b42895b035f3fea83f1e2dd73d0f54799e7997,10,4,1,N=10 M=4 t1,5,True,5,2,38541.0,4.0,2.0,3.0,39708.0,,38541.0,,
b7d04acb9336998acae81afd20b42895b035f3fea83f1e2dd73d0f54799e7997,10,4,1,N=10 M=4 t1,5,True,5,3,40030.0,4.0,2.0,4.0,40460.0,,40030.0,,
b7d04acb9336998acae81afd20b42895b035f3fea83f1e2dd73d0f54799e7997,10,4,1,N=10 M=4 t1,5,True,5,4,41898.0,2.0,3.0,6.0,,,,,
b7d04acb9336998acae81afd20b42895b035f3fea83f1e2dd73d0f54799e7997,10,4,1,N=10 M=4 t1,5,True,5,5,96008.0,4.0,4.0,7.0,,,,,
b7d04acb9336998acae81afd20b42895b035f3fea83f1e2dd73d0f54799e7997,10,4,2,N=10 M=4 t2,3,True,3,1,15587.0,4.0,3.0,4.0,16584.0,,15587.0,,
b7d04acb9336998acae81afd20b42895b035f3fea83f1e2dd73d0f54799e7997,10,4,2,N=10 M=4 t2,3,True,3,2,39332.0,4.0,2.0,4.0,42078.0,,39332.0,,
b7d04acb9336998acae81afd20b42895b035f3fea83f1e2dd73d0f54799e7997,10,4,2,N=10 M=4 t2,3,True,3,3,78398.0,3.0,3.0,6.0,,,,,
b7d04acb9336998acae81afd20b42895b035f3fea83f1e2dd73d0f54799e7997,10,5,1,N=10 M=5 t1,4,True,4,1,18463.0,5.0,2.0,3.0,,,,,
b7d04acb9336998acae81afd20b42895b035f3fea83f1e2dd73d0f54799e7997,10,5,1,N=10 M=5 t1,4,True,4,2,32391.0,5.0,3.0,5.0,,,,,
b7d04acb9336998acae81afd20b42895b035f3fea83f1e2dd73d0f54799e7997,10,5,1,N=10 M=5 t1,4,True,4,3,47500.0,5.0,2.0,3.0,50116.0,,47500.0,,
b7d04acb9336998acae81afd20b42895b035f3fea83f1e2dd73d0f54799e7997,10,5,1,N=10 M=5 t1,4,True,4,4,80481.0,5.0,3.0,5.0,,,,,
b7d04acb9336998acae81afd20b42895b035f3fea83f1e2dd73d0f54799e7997,10,5,2,N=10 M=5 t2,1,True,1,1,85951.0,4.0,2.0,3.0,,,,,
b7d04acb9336998acae81afd20b42895b035f3fea83f1e2dd73d0f54799e7997,10,6,1,N=10 M=6 t1,1,True,1,1,79046.0,4.0,2.0,3.0,,,,,
b7d04acb9336998acae81afd20b42895b035f3fea83f1e2dd73d0f54799e7997,10,6,2,N=10 M=6 t2,3,True,3,1,35131.0,6.0,2.0,3.0,,,,,
b7d04acb9336998acae81afd20b42895b035f3fea83f1e2dd73d0f54799e7997,10,6,2,N=10 M=6 t2,3,True,3,2,105047.0,6.0,2.0,3.0,,,,,
b7d04acb9336998acae81afd20b42895b035f3fea83f1e2dd73d0f54799e7997,10,6,2,N=10 M=6 t2,3,True,3,3,110179.0,5.0,2.0,3.0,,,,,
b7d04acb9336998acae81afd20b42895b035f3fea83f1e2dd73d0f54799e7997,10,7,1,N=10 M=7 t1,0,True,0,0,,,,,,,,,
b7d04acb9336998acae81afd20b42895b035f3fea83f1e2dd73d0f54799e7997,10,7,2,N=10 M=7 t2,3,True,3,1,39189.0,6.0,1.0,2.0,,,,,
b7d04acb9336998acae81afd20b42895b035f3fea83f1e2dd73d0f54799e7997,10,7,2,N=10 M=7 t2,3,True,3,2,40940.0,7.0,2.0,4.0,43263.0,,40940.0,,
b7d04acb9336998acae81afd20b42895b035f3fea83f1e2dd73d0f54799e7997,10,7,2,N=10 M=7 t2,3,True,3,3,68107.0,1.0,2.0,4.0,,,,,
b7d04acb9336998acae81afd20b42895b035f3fea83f1e2dd73d0f54799e7997,10,8,1,N=10 M=8 t1,5,True,0,0,,,,,,,,,
b7d04acb9336998acae81afd20b42895b035f3fea83f1e2dd73d0f54799e7997,10,8,2,N=10 M=8 t2,2,True,2,1,2871.0,5.0,2.0,3.0,3695.0,,2871.0,,
b7d04acb9336998acae81afd20b42895b035f3fea83f1e2dd73d0f54799e7997,10,8,2,N=10 M=8 t2,2,True,2,2,44509.0,4.0,2.0,4.0,47470.0,,44509.0,,
b7d04acb9336998acae81afd20b42895b035f3fea83f1e2dd73d0f54799e7997,10,9,1,N=10 M=9 t1,4,True,4,1,506.0,6.0,2.0,3.0,1467.0,,506.0,,
b7d04acb9336998acae81afd20b42895b035f3fea83f1e2dd73d0f54799e7997,10,9,1,N=10 M=9 t1,4,True,4,2,26236.0,5.0,2.0,4.0,28868.0,,26236.0,,
b7d04acb9336998acae81afd20b42895b035f3fea83f1e2dd73d0f54799e7997,10,9,1,N=10 M=9 t1,4,True,4,3,67008.0,2.0,3.0,6.0,,,,,
b7d04acb9336998acae81afd20b42895b035f3fea83f1e2dd73d0f54799e7997,10,9,1,N=10 M=9 t1,4,True,4,4,97026.0,4.0,3.0,6.0,,,,,
b7d04acb9336998acae81afd20b42895b035f3fea83f1e2dd73d0f54799e7997,10,9,2,N=10 M=9 t2,2,True,2,1,48845.0,5.0,3.0,5.0,,,,,
b7d04acb9336998acae81afd20b42895b035f3fea83f1e2dd73d0f54799e7997,10,9,2,N=10 M=9 t2,2,True,2,2,51402.0,5.0,4.0,7.0,,,,,
b7d04acb9336998acae81afd20b42895b035f3fea83f1e2dd73d0f54799e7997,11,1,1,N=11 M=1 t1,6,True,6,1,18390.0,1.0,3.0,4.0,,,,,
b7d04acb9336998acae81afd20b42895b035f3fea83f1e2dd73d0f54799e7997,11,1,1,N=11 M=1 t1,6,True,6,2,20053.0,1.0,3.0,4.0,20993.0,,20053.0,,
b7d04acb9336998acae81afd20b42895b035f3fea83f1e2dd73d0f54799e7997,11,1,1,N=11 M=1 t1,6,True,6,3,22123.0,1.0,3.0,5.0,,,,,
b7d04acb9336998acae81afd20b42895b035f3fea83f1e2dd73d0f54799e7997,11,1,1,N=11 M=1 t1,6,True,6,4,39020.0,1.0,2.0,4.0,41663.0,,39020.0,,
b7d04acb9336998acae81afd20b42895b035f3fea83f1e2dd73d0f54799e7997,11,1,1,N=11 M=1 t1,6,True,6,5,62749.0,2.0,3.0,6.0,,,,,
b7d04acb9336998acae81afd20b42895b035f3fea83f1e2dd73d0f54799e7997,11,1,1,N=11 M=1 t1,6,True,6,6,106218.0,1.0,3.0,6.0,,,,,
b7d04acb9336998acae81afd20b42895b035f3fea83f1e2dd73d0f54799e7997,11,1,2,N=11 M=1 t2,7,True,7,1,19534.0,1.0,2.0,3.0,20474.0,,19534.0,,
b7d04acb9336998acae81afd20b42895b035f3fea83f1e2dd73d0f54799e7997,11,1,2,N=11 M=1 t2,7,True,7,2,20550.0,1.0,2.0,4.0,21281.0,,20550.0,,
b7d04acb9336998acae81afd20b42895b035f3fea83f1e2dd73d0f54799e7997,11,1,2,N=11 M=1 t2,7,True,7,3,21678.0,1.0,3.0,6.0,22830.0,23584.0,25980.0,,
b7d04acb9336998acae81afd20b42895b035f3fea83f1e2dd73d0f54799e7997,11,1,2,N=11 M=1 t2,7,True,7,4,24105.0,1.0,4.0,8.0,,,,,
b7d04acb9336998acae81afd20b42895b035f3fea83f1e2dd73d0f54799e7997,11,1,2,N=11 M=1 t2,7,True,7,5,60875.0,1.0,4.0,8.0,64114.0,,,,
b7d04acb9336998acae81afd20b42895b035f3fea83f1e2dd73d0f54799e7997,11,1,2,N=11 M=1 t2,7,True,7,6,64831.0,1.0,5.0,10.0,,,,,
b7d04acb9336998acae81afd20b42895b035f3fea83f1e2dd73d0f54799e7997,11,1,2,N=11 M=1 t2,7,True,7,7,100278.0,1.0,4.0,8.0,101204.0,,105043.0,,
b7d04acb9336998acae81afd20b42895b035f3fea83f1e2dd73d0f54799e7997,11,2,1,N=11 M=2 t1,12,True,0,0,,,,,,,,,
b7d04acb9336998acae81afd20b42895b035f3fea83f1e2dd73d0f54799e7997,11,2,2,N=11 M=2 t2,3,True,3,1,20585.0,1.0,3.0,5.0,21878.0,,20585.0,,
b7d04acb9336998acae81afd20b42895b035f3fea83f1e2dd73d0f54799e7997,11,2,2,N=11 M=2 t2,3,True,3,2,50816.0,2.0,3.0,6.0,,,50816.0,,
b7d04acb9336998acae81afd20b42895b035f3fea83f1e2dd73d0f54799e7997,11,2,2,N=11 M=2 t2,3,True,3,3,80487.0,2.0,4.0,7.0,,,,,
b7d04acb9336998acae81afd20b42895b035f3fea83f1e2dd73d0f54799e7997,11,3,1,N=11 M=3 t1,2,True,2,1,16454.0,2.0,2.0,3.0,17108.0,,16454.0,,
b7d04acb9336998acae81afd20b42895b035f3fea83f1e2dd73d0f54799e7997,11,3,1,N=11 M=3 t1,2,True,2,2,37645.0,2.0,2.0,4.0,38632.0,,37645.0,,
b7d04acb9336998acae81afd20b42895b035f3fea83f1e2dd73d0f54799e7997,11,3,2,N=11 M=3 t2,7,True,7,1,18622.0,3.0,2.0,3.0,19446.0,,18622.0,,
b7d04acb9336998acae81afd20b42895b035f3fea83f1e2dd73d0f54799e7997,11,3,2,N=11 M=3 t2,7,True,7,2,20147.0,2.0,2.0,4.0,21017.0,,20147.0,,
b7d04acb9336998acae81afd20b42895b035f3fea83f1e2dd73d0f54799e7997,11,3,2,N=11 M=3 t2,7,True,7,3,48748.0,3.0,3.0,6.0,97532.0,,111531.0,,
b7d04acb9336998acae81afd20b42895b035f3fea83f1e2dd73d0f54799e7997,11,3,2,N=11 M=3 t2,7,True,7,4,49271.0,3.0,4.0,8.0,,,,,
b7d04acb9336998acae81afd20b42895b035f3fea83f1e2dd73d0f54799e7997,11,3,2,N=11 M=3 t2,7,True,7,5,72801.0,3.0,3.0,6.0,97532.0,,111531.0,,
b7d04acb9336998acae81afd20b42895b035f3fea83f1e2dd73d0f54799e7997,11,3,2,N=11 M=3 t2,7,True,7,6,73338.0,3.0,4.0,8.0,,,,,
b7d04acb9336998acae81afd20b42895b035f3fea83f1e2dd73d0f54799e7997,11,3,2,N=11 M=3 t2,7,True,7,7,96478.0,1.0,3.0,6.0,97532.0,,111531.0,,
b7d04acb9336998acae81afd20b42895b035f3fea83f1e2dd73d0f54799e7997,11,4,1,N=11 M=4 t1,0,True,5,1,478.0,2.0,1.0,2.0,,,,,
b7d04acb9336998acae81afd20b42895b035f3fea83f1e2dd73d0f54799e7997,11,4,1,N=11 M=4 t1,0,True,5,2,20983.0,4.0,2.0,3.0,23067.0,,20983.0,,
b7d04acb9336998acae81afd20b42895b035f3fea83f1e2dd73d0f54799e7997,11,4,1,N=11 M=4 t1,0,True,5,3,25247.0,3.0,2.0,4.0,26956.0,,25247.0,,
b7d04acb9336998acae81afd20b42895b035f3fea83f1e2dd73d0f54799e7997,11,4,1,N=11 M=4 t1,0,True,5,4,68207.0,4.0,3.0,6.0,,,,,
b7d04acb9336998acae81afd20b42895b035f3fea83f1e2dd73d0f54799e7997,11,4,1,N=11 M=4 t1,0,True,5,5,92620.0,2.0,3.0,6.0,,,,,
b7d04acb9336998acae81afd20b42895b035f3fea83f1e2dd73d0f54799e7997,11,4,2,N=11 M=4 t2,8,True,8,1,17740.0,4.0,3.0,5.0,18502.0,,17740.0,,
b7d04acb9336998acae81afd20b42895b035f3fea83f1e2dd73d0f54799e7997,11,4,2,N=11 M=4 t2,8,True,8,2,18078.0,3.0,4.0,7.0,88957.0,,109307.0,,
b7d04acb9336998acae81afd20b42895b035f3fea83f1e2dd73d0f54799e7997,11,4,2,N=11 M=4 t2,8,True,8,3,39516.0,3.0,3.0,6.0,42897.0,,39516.0,,
b7d04acb9336998acae81afd20b42895b035f3fea83f1e2dd73d0f54799e7997,11,4,2,N=11 M=4 t2,8,True,8,4,39565.0,3.0,4.0,8.0,88957.0,,109307.0,,
b7d04acb9336998acae81afd20b42895b035f3fea83f1e2dd73d0f54799e7997,11,4,2,N=11 M=4 t2,8,True,8,5,39576.0,3.0,5.0,10.0,,,,,
b7d04acb9336998acae81afd20b42895b035f3fea83f1e2dd73d0f54799e7997,11,4,2,N=11 M=4 t2,8,True,8,6,45783.0,2.0,5.0,9.0,,,,,
b7d04acb9336998acae81afd20b42895b035f3fea83f1e2dd73d0f54799e7997,11,4,2,N=11 M=4 t2,8,True,8,7,47072.0,4.0,5.0,10.0,88957.0,,109307.0,,
b7d04acb9336998acae81afd20b42895b035f3fea83f1e2dd73d0f54799e7997,11,4,2,N=11 M=4 t2,8,True,8,8,87863.0,1.0,4.0,8.0,88957.0,,109307.0,,
b7d04acb9336998acae81afd20b42895b035f3fea83f1e2dd73d0f54799e7997,11,5,1,N=11 M=5 t1,5,True,5,1,339.0,1.0,1.0,2.0,,,,,
b7d04acb9336998acae81afd20b42895b035f3fea83f1e2dd73d0f54799e7997,11,5,1,N=11 M=5 t1,5,True,5,2,11935.0,5.0,2.0,3.0,14695.0,,11935.0,,
b7d04acb9336998acae81afd20b42895b035f3fea83f1e2dd73d0f54799e7997,11,5,1,N=11 M=5 t1,5,True,5,3,21854.0,4.0,3.0,5.0,,,,,
b7d04acb9336998acae81afd20b42895b035f3fea83f1e2dd73d0f54799e7997,11,5,1,N=11 M=5 t1,5,True,5,4,53311.0,4.0,3.0,5.0,,,,,
b7d04acb9336998acae81afd20b42895b035f3fea83f1e2dd73d0f54799e7997,11,5,1,N=11 M=5 t1,5,True,5,5,109767.0,3.0,3.0,5.0,,,,,
b7d04acb9336998acae81afd20b42895b035f3fea83f1e2dd73d0f54799e7997,11,5,2,N=11 M=5 t2,4,True,1,1,38570.0,5.0,1.0,2.0,,,38570.0,,
b7d04acb9336998acae81afd20b42895b035f3fea83f1e2dd73d0f54799e7997,11,6,1,N=11 M=6 t1,4,True,4,1,18492.0,2.0,2.0,3.0,20509.0,,18492.0,,
b7d04acb9336998acae81afd20b42895b035f3fea83f1e2dd73d0f54799e7997,11,6,1,N=11 M=6 t1,4,True,4,2,40098.0,4.0,2.0,4.0,43293.0,,40098.0,,
b7d04acb9336998acae81afd20b42895b035f3fea83f1e2dd73d0f54799e7997,11,6,1,N=11 M=6 t1,4,True,4,3,49193.0,4.0,3.0,6.0,52208.0,,,,
b7d04acb9336998acae81afd20b42895b035f3fea83f1e2dd73d0f54799e7997,11,6,1,N=11 M=6 t1,4,True,4,4,111731.0,2.0,3.0,6.0,113044.0,,,,
b7d04acb9336998acae81afd20b42895b035f3fea83f1e2dd73d0f54799e7997,11,6,2,N=11 M=6 t2,5,True,6,1,18053.0,4.0,2.0,3.0,,,,,
b7d04acb9336998acae81afd20b42895b035f3fea83f1e2dd73d0f54799e7997,11,6,2,N=11 M=6 t2,5,True,6,2,19929.0,4.0,3.0,4.0,20750.0,,19929.0,,
b7d04acb9336998acae81afd20b42895b035f3fea83f1e2dd73d0f54799e7997,11,6,2,N=11 M=6 t2,5,True,6,3,38493.0,5.0,2.0,4.0,41480.0,,38493.0,,
b7d04acb9336998acae81afd20b42895b035f3fea83f1e2dd73d0f54799e7997,11,6,2,N=11 M=6 t2,5,True,6,4,46921.0,2.0,3.0,6.0,,,,,
b7d04acb9336998acae81afd20b42895b035f3fea83f1e2dd73d0f54799e7997,11,6,2,N=11 M=6 t2,5,True,6,5,70587.0,2.0,3.0,6.0,,,,,
b7d04acb9336998acae81afd20b42895b035f3fea83f1e2dd73d0f54799e7997,11,6,2,N=11 M=6 t2,5,True,6,6,114828.0,2.0,3.0,6.0,,,,,
b7d04acb9336998acae81afd20b42895b035f3fea83f1e2dd73d0f54799e7997,11,7,1,N=11 M=7 t1,5,True,5,1,20733.0,3.0,2.0,4.0,,,,,
b7d04acb9336998acae81afd20b42895b035f3fea83f1e2dd73d0f54799e7997,11,7,1,N=11 M=7 t1,5,True,5,2,60326.0,3.0,3.0,6.0,63260.0,,60326.0,,
b7d04acb9336998acae81afd20b42895b035f3fea83f1e2dd73d0f54799e7997,11,7,1,N=11 M=7 t1,5,True,5,3,81134.0,2.0,4.0,8.0,,,,,
b7d04acb9336998acae81afd20b42895b035f3fea83f1e2dd73d0f54799e7997,11,7,1,N=11 M=7 t1,5,True,5,4,102754.0,2.0,4.0,8.0,,,,,
b7d04acb9336998acae81afd20b42895b035f3fea83f1e2dd73d0f54799e7997,11,7,1,N=11 M=7 t1,5,True,5,5,103993.0,1.0,4.0,8.0,,,,,
b7d04acb9336998acae81afd20b42895b035f3fea83f1e2dd73d0f54799e7997,11,7,2,N=11 M=7 t2,8,True,8,1,2367.0,6.0,1.0,2.0,,,,,
b7d04acb9336998acae81afd20b42895b035f3fea83f1e2dd73d0f54799e7997,11,7,2,N=11 M=7 t2,8,True,8,2,4234.0,6.0,2.0,4.0,5088.0,,4234.0,,
b7d04acb9336998acae81afd20b42895b035f3fea83f1e2dd73d0f54799e7997,11,7,2,N=11 M=7 t2,8,True,8,3,34143.0,3.0,3.0,6.0,81309.0,,83634.0,,
b7d04acb9336998acae81afd20b42895b035f3fea83f1e2dd73d0f54799e7997,11,7,2,N=11 M=7 t2,8,True,8,4,34562.0,2.0,4.0,7.0,,,,,
b7d04acb9336998acae81afd20b42895b035f3fea83f1e2dd73d0f54799e7997,11,7,2,N=11 M=7 t2,8,True,8,5,35308.0,3.0,4.0,8.0,37073.0,,35308.0,,
b7d04acb9336998acae81afd20b42895b035f3fea83f1e2dd73d0f54799e7997,11,7,2,N=11 M=7 t2,8,True,8,6,79703.0,2.0,4.0,8.0,81309.0,,83634.0,,
b7d04acb9336998acae81afd20b42895b035f3fea83f1e2dd73d0f54799e7997,11,7,2,N=11 M=7 t2,8,True,8,7,80612.0,3.0,5.0,10.0,,,,,
b7d04acb9336998acae81afd20b42895b035f3fea83f1e2dd73d0f54799e7997,11,7,2,N=11 M=7 t2,8,True,8,8,81601.0,2.0,6.0,12.0,,,,,
b7d04acb9336998acae81afd20b42895b035f3fea83f1e2dd73d0f54799e7997,11,8,1,N=11 M=8 t1,9,True,9,1,2746.0,2.0,2.0,4.0,,,,,
b7d04acb9336998acae81afd20b42895b035f3fea83f1e2dd73d0f54799e7997,11,8,1,N=11 M=8 t1,9,True,9,2,3946.0,2.0,4.0,7.0,,,,,
b7d04acb9336998acae81afd20b42895b035f3fea83f1e2dd73d0f54799e7997,11,8,1,N=11 M=8 t1,9,True,9,3,4845.0,4.0,4.0,8.0,6635.0,,4845.0,,
b7d04acb9336998acae81afd20b42895b035f3fea83f1e2dd73d0f54799e7997,11,8,1,N=11 M=8 t1,9,True,9,4,38512.0,2.0,5.0,9.0,,,,,
b7d04acb9336998acae81afd20b42895b035f3fea83f1e2dd73d0f54799e7997,11,8,1,N=11 M=8 t1,9,True,9,5,58071.0,3.0,4.0,7.0,59068.0,,58071.0,,
b7d04acb9336998acae81afd20b42895b035f3fea83f1e2dd73d0f54799e7997,11,8,1,N=11 M=8 t1,9,True,9,6,69349.0,2.0,5.0,9.0,,,,,
b7d04acb9336998acae81afd20b42895b035f3fea83f1e2dd73d0f54799e7997,11,8,1,N=11 M=8 t1,9,True,9,7,89629.0,2.0,5.0,9.0,,,,,
b7d04acb9336998acae81afd20b42895b035f3fea83f1e2dd73d0f54799e7997,11,8,1,N=11 M=8 t1,9,True,9,8,91380.0,1.0,5.0,9.0,,,,,
b7d04acb9336998acae81afd20b42895b035f3fea83f1e2dd73d0f54799e7997,11,8,1,N=11 M=8 t1,9,True,9,9,107455.0,4.0,4.0,8.0,110190.0,,107455.0,,
b7d04acb9336998acae81afd20b42895b035f3fea83f1e2dd73d0f54799e7997,11,8,2,N=11 M=8 t2,5,True,5,1,3758.0,7.0,2.0,4.0,4572.0,,3758.0,,
b7d04acb9336998acae81afd20b42895b035f3fea83f1e2dd73d0f54799e7997,11,8,2,N=11 M=8 t2,5,True,5,2,38015.0,5.0,2.0,4.0,40890.0,,38015.0,,
b7d04acb9336998acae81afd20b42895b035f3fea83f1e2dd73d0f54799e7997,11,8,2,N=11 M=8 t2,5,True,5,3,50897.0,1.0,3.0,6.0,,,,,
b7d04acb9336998acae81afd20b42895b035f3fea83f1e2dd73d0f54799e7997,11,8,2,N=11 M=8 t2,5,True,5,4,66972.0,5.0,3.0,6.0,,,,,
b7d04acb9336998acae81afd20b42895b035f3fea83f1e2dd73d0f54799e7997,11,8,2,N=11 M=8 t2,5,True,5,5,98662.0,4.0,3.0,6.0,,,,,
b7d04acb9336998acae81afd20b42895b035f3fea83f1e2dd73d0f54799e7997,11,9,1,N=11 M=9 t1,6,True,7,1,39969.0,3.0,1.0,2.0,42309.0,,39969.0,,
b7d04acb9336998acae81afd20b42895b035f3fea83f1e2dd73d0f54799e7997,11,9,1,N=11 M=9 t1,6,True,7,2,43644.0,3.0,2.0,4.0,44465.0,,43644.0,,
b7d04acb9336998acae81afd20b42895b035f3fea83f1e2dd73d0f54799e7997,11,9,1,N=11 M=9 t1,6,True,7,3,55687.0,4.0,3.0,6.0,,,,,
b7d04acb9336998acae81afd20b42895b035f3fea83f1e2dd73d0f54799e7997,11,9,1,N=11 M=9 t1,6,True,7,4,66654.0,3.0,4.0,8.0,117454.0,,,,
b7d04acb9336998acae81afd20b42895b035f3fea83f1e2dd73d0f54799e7997,11,9,1,N=11 M=9 t1,6,True,7,5,90302.0,3.0,3.0,6.0,117454.0,,,,
b7d04acb9336998acae81afd20b42895b035f3fea83f1e2dd73d0f54799e7997,11,9,1,N=11 M=9 t1,6,True,7,6,107237.0,4.0,3.0,6.0,117454.0,,,,
b7d04acb9336998acae81afd20b42895b035f3fea83f1e2dd73d0f54799e7997,11,9,1,N=11 M=9 t1,6,True,7,7,115831.0,2.0,3.0,6.0,117454.0,,,,
b7d04acb9336998acae81afd20b42895b035f3fea83f1e2dd73d0f54799e7997,11,9,2,N=11 M=9 t2,7,True,2,1,957.0,5.0,2.0,4.0,,,,,
b7d04acb9336998acae81afd20b42895b035f3fea83f1e2dd73d0f54799e7997,11,9,2,N=11 M=9 t2,7,True,2,2,1050.0,5.0,3.0,6.0,,,,,
b7d04acb9336998acae81afd20b42895b035f3fea83f1e2dd73d0f54799e7997,11,10,1,N=11 M=10 t1,3,True,3,1,222.0,6.0,2.0,3.0,1278.0,,222.0,,
b7d04acb9336998acae81afd20b42895b035f3fea83f1e2dd73d0f54799e7997,11,10,1,N=11 M=10 t1,3,True,3,2,18442.0,2.0,2.0,4.0,21146.0,,18442.0,,
b7d04acb9336998acae81afd20b42895b035f3fea83f1e2dd73d0f54799e7997,11,10,1,N=11 M=10 t1,3,True,3,3,53187.0,2.0,3.0,6.0,53911.0,,53187.0,,
b7d04acb9336998acae81afd20b42895b035f3fea83f1e2dd73d0f54799e7997,11,10,2,N=11 M=10 t2,4,True,2,1,2391.0,5.0,2.0,4.0,3240.0,,2391.0,,
b7d04acb9336998acae81afd20b42895b035f3fea83f1e2dd73d0f54799e7997,11,10,2,N=11 M=10 t2,4,True,2,2,18807.0,2.0,3.0,6.0,,,18807.0,,
be3a5ef56240eb49764a9be72930f5a2fbc0c2fe99dbd04a13a19944a26ec4d8,2,1,1,N=2 M=1 t1,0,False,0,0,,,,,,,,,
be3a5ef56240eb49764a9be72930f5a2fbc0c2fe99dbd04a13a19944a26ec4d8,2,1,2,N=2 M=1 t2,0,False,0,0,,,,,,,,,
be3a5ef56240eb49764a9be72930f5a2fbc0c2fe99dbd04a13a19944a26ec4d8,3,1,1,N=3 M=1 t1,0,False,0,0,,,,,,,,,
be3a5ef56240eb49764a9be72930f5a2fbc0c2fe99dbd04a13a19944a26ec4d8,3,1,2,N=3 M=1 t2,0,False,0,0,,,,,,,,,
be3a5ef56240eb49764a9be72930f5a2fbc0c2fe99dbd04a13a19944a26ec4d8,3,2,1,N=3 M=2 t1,0,False,0,0,,,,,,,,,
be3a5ef56240eb49764a9be72930f5a2fbc0c2fe99dbd04a13a19944a26ec4d8,3,2,2,N=3 M=2 t2,0,False,0,0,,,,,,,,,
be3a5ef56240eb49764a9be72930f5a2fbc0c2fe99dbd04a13a19944a26ec4d8,4,1,1,N=4 M=1 t1,0,False,0,0,,,,,,,,,
be3a5ef56240eb49764a9be72930f5a2fbc0c2fe99dbd04a13a19944a26ec4d8,4,1,2,N=4 M=1 t2,0,False,0,0,,,,,,,,,
be3a5ef56240eb49764a9be72930f5a2fbc0c2fe99dbd04a13a19944a26ec4d8,4,2,1,N=4 M=2 t1,0,False,0,0,,,,,,,,,
be3a5ef56240eb49764a9be72930f5a2fbc0c2fe99dbd04a13a19944a26ec4d8,4,2,2,N=4 M=2 t2,0,False,0,0,,,,,,,,,
be3a5ef56240eb49764a9be72930f5a2fbc0c2fe99dbd04a13a19944a26ec4d8,4,3,1,N=4 M=3 t1,0,False,0,0,,,,,,,,,
be3a5ef56240eb49764a9be72930f5a2fbc0c2fe99dbd04a13a19944a26ec4d8,4,3,2,N=4 M=3 t2,0,False,0,0,,,,,,,,,
be3a5ef56240eb49764a9be72930f5a2fbc0c2fe99dbd04a13a19944a26ec4d8,5,1,1,N=5 M=1 t1,0,False,0,0,,,,,,,,,
be3a5ef56240eb49764a9be72930f5a2fbc0c2fe99dbd04a13a19944a26ec4d8,5,1,2,N=5 M=1 t2,0,False,0,0,,,,,,,,,
be3a5ef56240eb49764a9be72930f5a2fbc0c2fe99dbd04a13a19944a26ec4d8,5,2,1,N=5 M=2 t1,0,False,0,0,,,,,,,,,
be3a5ef56240eb49764a9be72930f5a2fbc0c2fe99dbd04a13a19944a26ec4d8,5,2,2,N=5 M=2 t2,0,False,0,0,,,,,,,,,
be3a5ef56240eb49764a9be72930f5a2fbc0c2fe99dbd04a13a19944a26ec4d8,5,3,1,N=5 M=3 t1,0,False,0,0,,,,,,,,,
be3a5ef56240eb49764a9be72930f5a2fbc0c2fe99dbd04a13a19944a26ec4d8,5,3,2,N=5 M=3 t2,0,False,0,0,,,,,,,,,
be3a5ef56240eb49764a9be72930f5a2fbc0c2fe99dbd04a13a19944a26ec4d8,5,4,1,N=5 M=4 t1,0,False,0,0,,,,,,,,,
be3a5ef56240eb49764a9be72930f5a2fbc0c2fe99dbd04a13a19944a26ec4d8,5,4,2,N=5 M=4 t2,0,False,0,0,,,,,,,,,
be3a5ef56240eb49764a9be72930f5a2fbc0c2fe99dbd04a13a19944a26ec4d8,6,1,1,N=6 M=1 t1,5,True,5,1,357.0,1.0,1.0,2.0,1245.0,,357.0,,
be3a5ef56240eb49764a9be72930f5a2fbc0c2fe99dbd04a13a19944a26ec4d8,6,1,1,N=6 M=1 t1,5,True,5,2,8896.0,1.0,2.0,4.0,9734.0,,8896.0,,
be3a5ef56240eb49764a9be72930f5a2fbc0c2fe99dbd04a13a19944a26ec4d8,6,1,1,N=6 M=1 t1,5,True,5,3,51097.0,1.0,3.0,6.0,73322.0,73684.0,75930.0,,
be3a5ef56240eb49764a9be72930f5a2fbc0c2fe99dbd04a13a19944a26ec4d8,6,1,1,N=6 M=1 t1,5,True,5,4,52448.0,1.0,2.0,4.0,53928.0,,56103.0,,
be3a5ef56240eb49764a9be72930f5a2fbc0c2fe99dbd04a13a19944a26ec4d8,6,1,1,N=6 M=1 t1,5,True,5,5,72529.0,1.0,4.0,7.0,73322.0,73684.0,75930.0,,
be3a5ef56240eb49764a9be72930f5a2fbc0c2fe99dbd04a13a19944a26ec4d8,6,1,2,N=6 M=1 t2,2,True,2,1,2940.0,1.0,2.0,4.0,3823.0,,2940.0,,
be3a5ef56240eb49764a9be72930f5a2fbc0c2fe99dbd04a13a19944a26ec4d8,6,1,2,N=6 M=1 t2,2,True,2,2,54952.0,1.0,2.0,4.0,55583.0,,56403.0,,
be3a5ef56240eb49764a9be72930f5a2fbc0c2fe99dbd04a13a19944a26ec4d8,6,2,1,N=6 M=2 t1,6,True,0,0,,,,,,,,,
be3a5ef56240eb49764a9be72930f5a2fbc0c2fe99dbd04a13a19944a26ec4d8,6,2,2,N=6 M=2 t2,3,True,3,1,4758.0,2.0,3.0,4.0,,,,,
be3a5ef56240eb49764a9be72930f5a2fbc0c2fe99dbd04a13a19944a26ec4d8,6,2,2,N=6 M=2 t2,3,True,3,2,5683.0,2.0,3.0,5.0,6782.0,,5683.0,,
be3a5ef56240eb49764a9be72930f5a2fbc0c2fe99dbd04a13a19944a26ec4d8,6,2,2,N=6 M=2 t2,3,True,3,3,24240.0,1.0,3.0,5.0,25092.0,,24240.0,,
be3a5ef56240eb49764a9be72930f5a2fbc0c2fe99dbd04a13a19944a26ec4d8,6,3,1,N=6 M=3 t1,4,True,4,1,1012.0,1.0,1.0,2.0,1897.0,,1012.0,,
be3a5ef56240eb49764a9be72930f5a2fbc0c2fe99dbd04a13a19944a26ec4d8,6,3,1,N=6 M=3 t1,4,True,4,2,8778.0,1.0,2.0,4.0,10345.0,,12638.0,,
be3a5ef56240eb49764a9be72930f5a2fbc0c2fe99dbd04a13a19944a26ec4d8,6,3,1,N=6 M=3 t1,4,True,4,3,62821.0,1.0,2.0,4.0,64215.0,,65889.0,,
be3a5ef56240eb49764a9be72930f5a2fbc0c2fe99dbd04a13a19944a26ec4d8,6,3,1,N=6 M=3 t1,4,True,4,4,68987.0,1.0,3.0,6.0,,,,,
be3a5ef56240eb49764a9be72930f5a2fbc0c2fe99dbd04a13a19944a26ec4d8,6,3,2,N=6 M=3 t2,7,True,7,1,4413.0,1.0,3.0,4.0,6840.0,,11379.0,,
be3a5ef56240eb49764a9be72930f5a2fbc0c2fe99dbd04a13a19944a26ec4d8,6,3,2,N=6 M=3 t2,7,True,7,2,9542.0,2.0,3.0,5.0,50571.0,,74892.0,,
be3a5ef56240eb49764a9be72930f5a2fbc0c2fe99dbd04a13a19944a26ec4d8,6,3,2,N=6 M=3 t2,7,True,7,3,38974.0,2.0,2.0,4.0,,,,,
be3a5ef56240eb49764a9be72930f5a2fbc0c2fe99dbd04a13a19944a26ec4d8,6,3,2,N=6 M=3 t2,7,True,7,4,39977.0,2.0,3.0,6.0,50571.0,,74892.0,,
be3a5ef56240eb49764a9be72930f5a2fbc0c2fe99dbd04a13a19944a26ec4d8,6,3,2,N=6 M=3 t2,7,True,7,5,49140.0,2.0,2.0,4.0,50571.0,,74892.0,,
be3a5ef56240eb49764a9be72930f5a2fbc0c2fe99dbd04a13a19944a26ec4d8,6,3,2,N=6 M=3 t2,7,True,7,6,50179.0,2.0,3.0,6.0,67455.0,,,,
be3a5ef56240eb49764a9be72930f5a2fbc0c2fe99dbd04a13a19944a26ec4d8,6,3,2,N=6 M=3 t2,7,True,7,7,72229.0,1.0,3.0,6.0,72933.0,,74892.0,,
be3a5ef56240eb49764a9be72930f5a2fbc0c2fe99dbd04a13a19944a26ec4d8,6,4,1,N=6 M=4 t1,2,True,2,1,6104.0,1.0,3.0,5.0,6998.0,,17956.0,,
be3a5ef56240eb49764a9be72930f5a2fbc0c2fe99dbd04a13a19944a26ec4d8,6,4,1,N=6 M=4 t1,2,True,2,2,103846.0,1.0,2.0,4.0,104533.0,,105403.0,,
be3a5ef56240eb49764a9be72930f5a2fbc0c2fe99dbd04a13a19944a26ec4d8,6,4,2,N=6 M=4 t2,5,True,4,1,4682.0,3.0,2.0,3.0,,,,,
be3a5ef56240eb49764a9be72930f5a2fbc0c2fe99dbd04a13a19944a26ec4d8,6,4,2,N=6 M=4 t2,5,True,4,2,4859.0,3.0,3.0,5.0,,,5739.0,,
be3a5ef56240eb49764a9be72930f5a2fbc0c2fe99dbd04a13a19944a26ec4d8,6,4,2,N=6 M=4 t2,5,True,4,3,24434.0,2.0,4.0,6.0,,,24434.0,,
be3a5ef56240eb49764a9be72930f5a2fbc0c2fe99dbd04a13a19944a26ec4d8,6,4,2,N=6 M=4 t2,5,True,4,4,24919.0,2.0,4.0,6.0,,,24919.0,,
be3a5ef56240eb49764a9be72930f5a2fbc0c2fe99dbd04a13a19944a26ec4d8,6,5,1,N=6 M=5 t1,3,True,4,1,5448.0,2.0,2.0,3.0,6208.0,,7171.0,,
be3a5ef56240eb49764a9be72930f5a2fbc0c2fe99dbd04a13a19944a26ec4d8,6,5,1,N=6 M=5 t1,3,True,4,2,5760.0,2.0,3.0,5.0,6886.0,,5760.0,,
be3a5ef56240eb49764a9be72930f5a2fbc0c2fe99dbd04a13a19944a26ec4d8,6,5,1,N=6 M=5 t1,3,True,4,3,87818.0,1.0,2.0,4.0,88652.0,,87818.0,,
be3a5ef56240eb49764a9be72930f5a2fbc0c2fe99dbd04a13a19944a26ec4d8,6,5,1,N=6 M=5 t1,3,True,4,4,118123.0,1.0,3.0,6.0,,,,,
be3a5ef56240eb49764a9be72930f5a2fbc0c2fe99dbd04a13a19944a26ec4d8,6,5,2,N=6 M=5 t2,3,True,3,1,3711.0,2.0,2.0,3.0,4516.0,,5414.0,,
be3a5ef56240eb49764a9be72930f5a2fbc0c2fe99dbd04a13a19944a26ec4d8,6,5,2,N=6 M=5 t2,3,True,3,2,3801.0,2.0,3.0,5.0,4502.0,,3801.0,,
be3a5ef56240eb49764a9be72930f5a2fbc0c2fe99dbd04a13a19944a26ec4d8,6,5,2,N=6 M=5 t2,3,True,3,3,111487.0,1.0,2.0,4.0,112234.0,,111487.0,,
be3a5ef56240eb49764a9be72930f5a2fbc0c2fe99dbd04a13a19944a26ec4d8,7,1,1,N=7 M=1 t1,2,True,2,1,4739.0,1.0,3.0,5.0,5250.0,,20565.0,,
be3a5ef56240eb49764a9be72930f5a2fbc0c2fe99dbd04a13a19944a26ec4d8,7,1,1,N=7 M=1 t1,2,True,2,2,6064.0,1.0,4.0,7.0,6688.0,,20224.0,,
be3a5ef56240eb49764a9be72930f5a2fbc0c2fe99dbd04a13a19944a26ec4d8,7,1,2,N=7 M=1 t2,5,True,0,0,,,,,,,,,
be3a5ef56240eb49764a9be72930f5a2fbc0c2fe99dbd04a13a19944a26ec4d8,7,2,1,N=7 M=2 t1,3,True,3,1,143.0,1.0,3.0,5.0,639.0,,143.0,,
be3a5ef56240eb49764a9be72930f5a2fbc0c2fe99dbd04a13a19944a26ec4d8,7,2,1,N=7 M=2 t1,3,True,3,2,10067.0,1.0,3.0,6.0,11053.0,,12172.0,,
be3a5ef56240eb49764a9be72930f5a2fbc0c2fe99dbd04a13a19944a26ec4d8,7,2,1,N=7 M=2 t1,3,True,3,3,28564.0,1.0,4.0,8.0,29728.0,,34210.0,,
be3a5ef56240eb49764a9be72930f5a2fbc0c2fe99dbd04a13a19944a26ec4d8,7,2,2,N=7 M=2 t2,6,True,2,1,2694.0,2.0,4.0,5.0,,,2694.0,,
be3a5ef56240eb49764a9be72930f5a2fbc0c2fe99dbd04a13a19944a26ec4d8,7,2,2,N=7 M=2 t2,6,True,2,2,3357.0,2.0,3.0,5.0,,,3357.0,,
be3a5ef56240eb49764a9be72930f5a2fbc0c2fe99dbd04a13a19944a26ec4d8,7,3,1,N=7 M=3 t1,4,True,0,0,,,,,,,,,
be3a5ef56240eb49764a9be72930f5a2fbc0c2fe99dbd04a13a19944a26ec4d8,7,3,2,N=7 M=3 t2,3,True,3,1,1143.0,1.0,2.0,4.0,1868.0,,1143.0,,
be3a5ef56240eb49764a9be72930f5a2fbc0c2fe99dbd04a13a19944a26ec4d8,7,3,2,N=7 M=3 t2,3,True,3,2,6486.0,1.0,3.0,6.0,7118.0,,19344.0,,
be3a5ef56240eb49764a9be72930f5a2fbc0c2fe99dbd04a13a19944a26ec4d8,7,3,2,N=7 M=3 t2,3,True,3,3,19490.0,1.0,3.0,6.0,20074.0,,19490.0,,
be3a5ef56240eb49764a9be72930f5a2fbc0c2fe99dbd04a13a19944a26ec4d8,7,4,1,N=7 M=4 t1,3,True,4,1,3393.0,3.0,2.0,3.0,,,,,
be3a5ef56240eb49764a9be72930f5a2fbc0c2fe99dbd04a13a19944a26ec4d8,7,4,1,N=7 M=4 t1,3,True,4,2,23721.0,1.0,5.0,7.0,24530.0,,23721.0,,
be3a5ef56240eb49764a9be72930f5a2fbc0c2fe99dbd04a13a19944a26ec4d8,7,4,1,N=7 M=4 t1,3,True,4,3,23891.0,2.0,5.0,8.0,24457.0,,23891.0,,
be3a5ef56240eb49764a9be72930f5a2fbc0c2fe99dbd04a13a19944a26ec4d8,7,4,1,N=7 M=4 t1,3,True,4,4,115298.0,1.0,4.0,8.0,,,,,
be3a5ef56240eb49764a9be72930f5a2fbc0c2fe99dbd04a13a19944a26ec4d8,7,4,2,N=7 M=4 t2,4,True,4,1,2069.0,2.0,2.0,3.0,,,,,
be3a5ef56240eb49764a9be72930f5a2fbc0c2fe99dbd04a13a19944a26ec4d8,7,4,2,N=7 M=4 t2,4,True,4,2,4242.0,2.0,2.0,4.0,5171.0,,4242.0,,
be3a5ef56240eb49764a9be72930f5a2fbc0c2fe99dbd04a13a19944a26ec4d8,7,4,2,N=7 M=4 t2,4,True,4,3,5742.0,1.0,3.0,6.0,6469.0,,9961.0,,
be3a5ef56240eb49764a9be72930f5a2fbc0c2fe99dbd04a13a19944a26ec4d8,7,4,2,N=7 M=4 t2,4,True,4,4,48359.0,1.0,4.0,8.0,,,,,
be3a5ef56240eb49764a9be72930f5a2fbc0c2fe99dbd04a13a19944a26ec4d8,7,5,1,N=7 M=5 t1,6,True,6,1,899.0,1.0,3.0,4.0,1639.0,,899.0,,
be3a5ef56240eb49764a9be72930f5a2fbc0c2fe99dbd04a13a19944a26ec4d8,7,5,1,N=7 M=5 t1,6,True,6,2,1048.0,2.0,3.0,5.0,,,1048.0,,
be3a5ef56240eb49764a9be72930f5a2fbc0c2fe99dbd04a13a19944a26ec4d8,7,5,1,N=7 M=5 t1,6,True,6,3,4606.0,1.0,4.0,7.0,5295.0,,19954.0,,
be3a5ef56240eb49764a9be72930f5a2fbc0c2fe99dbd04a13a19944a26ec4d8,7,5,1,N=7 M=5 t1,6,True,6,4,10001.0,1.0,4.0,7.0,10692.0,,11885.0,,
be3a5ef56240eb49764a9be72930f5a2fbc0c2fe99dbd04a13a19944a26ec4d8,7,5,1,N=7 M=5 t1,6,True,6,5,60496.0,1.0,4.0,8.0,,,,,
be3a5ef56240eb49764a9be72930f5a2fbc0c2fe99dbd04a13a19944a26ec4d8,7,5,1,N=7 M=5 t1,6,True,6,6,66014.0,1.0,4.0,8.0,,,,,
be3a5ef56240eb49764a9be72930f5a2fbc0c2fe99dbd04a13a19944a26ec4d8,7,5,2,N=7 M=5 t2,6,True,6,1,98.0,1.0,1.0,2.0,739.0,,98.0,,
be3a5ef56240eb49764a9be72930f5a2fbc0c2fe99dbd04a13a19944a26ec4d8,7,5,2,N=7 M=5 t2,6,True,6,2,3885.0,2.0,2.0,4.0,,,,,
be3a5ef56240eb49764a9be72930f5a2fbc0c2fe99dbd04a13a19944a26ec4d8,7,5,2,N=7 M=5 t2,6,True,6,3,13560.0,2.0,4.0,7.0,,,,,
be3a5ef56240eb49764a9be72930f5a2fbc0c2fe99dbd04a13a19944a26ec4d8,7,5,2,N=7 M=5 t2,6,True,6,4,39792.0,1.0,3.0,6.0,40543.0,,39792.0,,
be3a5ef56240eb49764a9be72930f5a2fbc0c2fe99dbd04a13a19944a26ec4d8,7,5,2,N=7 M=5 t2,6,True,6,5,85409.0,1.0,4.0,8.0,,,,,
be3a5ef56240eb49764a9be72930f5a2fbc0c2fe99dbd04a13a19944a26ec4d8,7,5,2,N=7 M=5 t2,6,True,6,6,93111.0,1.0,4.0,8.0,,,,,
be3a5ef56240eb49764a9be72930f5a2fbc0c2fe99dbd04a13a19944a26ec4d8,7,6,1,N=7 M=6 t1,4,True,4,1,4645.0,2.0,4.0,7.0,,,,,
be3a5ef56240eb49764a9be72930f5a2fbc0c2fe99dbd04a13a19944a26ec4d8,7,6,1,N=7 M=6 t1,4,True,4,2,16709.0,1.0,5.0,9.0,82044.0,,83811.0,,
be3a5ef56240eb49764a9be72930f5a2fbc0c2fe99dbd04a13a19944a26ec4d8,7,6,1,N=7 M=6 t1,4,True,4,3,65236.0,1.0,4.0,7.0,65832.0,,65236.0,,
be3a5ef56240eb49764a9be72930f5a2fbc0c2fe99dbd04a13a19944a26ec4d8,7,6,1,N=7 M=6 t1,4,True,4,4,81209.0,1.0,5.0,9.0,82044.0,,83811.0,,
be3a5ef56240eb49764a9be72930f5a2fbc0c2fe99dbd04a13a19944a26ec4d8,7,6,2,N=7 M=6 t2,8,True,0,0,,,,,,,,,
be3a5ef56240eb49764a9be72930f5a2fbc0c2fe99dbd04a13a19944a26ec4d8,8,1,1,N=8 M=1 t1,6,True,6,1,785.0,1.0,2.0,3.0,41965.0,,785.0,,
be3a5ef56240eb49764a9be72930f5a2fbc0c2fe99dbd04a13a19944a26ec4d8,8,1,1,N=8 M=1 t1,6,True,6,2,3289.0,1.0,3.0,5.0,5667.0,,3289.0,,
be3a5ef56240eb49764a9be72930f5a2fbc0c2fe99dbd04a13a19944a26ec4d8,8,1,1,N=8 M=1 t1,6,True,6,3,26320.0,1.0,4.0,6.0,26956.0,,26320.0,,
be3a5ef56240eb49764a9be72930f5a2fbc0c2fe99dbd04a13a19944a26ec4d8,8,1,1,N=8 M=1 t1,6,True,6,4,31393.0,1.0,5.0,8.0,63166.0,,31393.0,,
be3a5ef56240eb49764a9be72930f5a2fbc0c2fe99dbd04a13a19944a26ec4d8,8,1,1,N=8 M=1 t1,6,True,6,5,41318.0,1.0,4.0,7.0,41965.0,,41318.0,,
be3a5ef56240eb49764a9be72930f5a2fbc0c2fe99dbd04a13a19944a26ec4d8,8,1,1,N=8 M=1 t1,6,True,6,6,62402.0,1.0,5.0,9.0,63166.0,,62402.0,,
be3a5ef56240eb49764a9be72930f5a2fbc0c2fe99dbd04a13a19944a26ec4d8,8,1,2,N=8 M=1 t2,6,True,6,1,1507.0,1.0,2.0,3.0,3773.0,,1507.0,,
be3a5ef56240eb49764a9be72930f5a2fbc0c2fe99dbd04a13a19944a26ec4d8,8,1,2,N=8 M=1 t2,6,True,6,2,5372.0,1.0,4.0,6.0,6246.0,,25676.0,,
be3a5ef56240eb49764a9be72930f5a2fbc0c2fe99dbd04a13a19944a26ec4d8,8,1,2,N=8 M=1 t2,6,True,6,3,26568.0,1.0,5.0,8.0,27512.0,,28576.0,,
be3a5ef56240eb49764a9be72930f5a2fbc0c2fe99dbd04a13a19944a26ec4d8,8,1,2,N=8 M=1 t2,6,True,6,4,28554.0,1.0,6.0,10.0,29397.0,,46833.0,,
be3a5ef56240eb49764a9be72930f5a2fbc0c2fe99dbd04a13a19944a26ec4d8,8,1,2,N=8 M=1 t2,6,True,6,5,52869.0,1.0,7.0,12.0,53908.0,,52869.0,,
be3a5ef56240eb49764a9be72930f5a2fbc0c2fe99dbd04a13a19944a26ec4d8,8,1,2,N=8 M=1 t2,6,True,6,6,86528.0,1.0,7.0,12.0,87565.0,,86528.0,,
be3a5ef56240eb49764a9be72930f5a2fbc0c2fe99dbd04a13a19944a26ec4d8,8,2,1,N=8 M=2 t1,9,True,9,1,3252.0,1.0,3.0,4.0,7017.0,,3252.0,,
be3a5ef56240eb49764a9be72930f5a2fbc0c2fe99dbd04a13a19944a26ec4d8,8,2,1,N=8 M=2 t1,9,True,9,2,21017.0,2.0,4.0,6.0,22354.0,,21017.0,,
be3a5ef56240eb49764a9be72930f5a2fbc0c2fe99dbd04a13a19944a26ec4d8,8,2,1,N=8 M=2 t1,9,True,9,3,27767.0,1.0,5.0,8.0,28800.0,,29817.0,,
be3a5ef56240eb49764a9be72930f5a2fbc0c2fe99dbd04a13a19944a26ec4d8,8,2,1,N=8 M=2 t1,9,True,9,4,30434.0,1.0,6.0,10.0,62265.0,,30434.0,,
be3a5ef56240eb49764a9be72930f5a2fbc0c2fe99dbd04a13a19944a26ec4d8,8,2,1,N=8 M=2 t1,9,True,9,5,31416.0,2.0,7.0,12.0,33676.0,,41014.0,,
be3a5ef56240eb49764a9be72930f5a2fbc0c2fe99dbd04a13a19944a26ec4d8,8,2,1,N=8 M=2 t1,9,True,9,6,61446.0,2.0,5.0,8.0,62265.0,,61446.0,,
be3a5ef56240eb49764a9be72930f5a2fbc0c2fe99dbd04a13a19944a26ec4d8,8,2,1,N=8 M=2 t1,9,True,9,7,67862.0,2.0,6.0,10.0,,,72309.0,,
be3a5ef56240eb49764a9be72930f5a2fbc0c2fe99dbd04a13a19944a26ec4d8,8,2,1,N=8 M=2 t1,9,True,9,8,110612.0,1.0,7.0,11.0,111759.0,,110612.0,,
be3a5ef56240eb49764a9be72930f5a2fbc0c2fe99dbd04a13a19944a26ec4d8,8,2,1,N=8 M=2 t1,9,True,9,9,112692.0,1.0,7.0,12.0,113490.0,,112692.0,,
be3a5ef56240eb49764a9be72930f5a2fbc0c2fe99dbd04a13a19944a26ec4d8,8,2,2,N=8 M=2 t2,6,True,6,1,1566.0,1.0,4.0,5.0,4196.0,,1566.0,,
be3a5ef56240eb49764a9be72930f5a2fbc0c2fe99dbd04a13a19944a26ec4d8,8,2,2,N=8 M=2 t2,6,True,6,2,24777.0,1.0,4.0,6.0,25924.0,,24777.0,,
be3a5ef56240eb49764a9be72930f5a2fbc0c2fe99dbd04a13a19944a26ec4d8,8,2,2,N=8 M=2 t2,6,True,6,3,24930.0,2.0,4.0,7.0,26024.0,,24930.0,,
be3a5ef56240eb49764a9be72930f5a2fbc0c2fe99dbd04a13a19944a26ec4d8,8,2,2,N=8 M=2 t2,6,True,6,4,37510.0,2.0,5.0,9.0,,,,,
be3a5ef56240eb49764a9be72930f5a2fbc0c2fe99dbd04a13a19944a26ec4d8,8,2,2,N=8 M=2 t2,6,True,6,5,62111.0,1.0,5.0,9.0,62938.0,,73926.0,,
be3a5ef56240eb49764a9be72930f5a2fbc0c2fe99dbd04a13a19944a26ec4d8,8,2,2,N=8 M=2 t2,6,True,6,6,88544.0,1.0,5.0,9.0,89623.0,,88544.0,,
be3a5ef56240eb49764a9be72930f5a2fbc0c2fe99dbd04a13a19944a26ec4d8,8,3,1,N=8 M=3 t1,4,True,4,1,1807.0,1.0,4.0,5.0,12487.0,,1807.0,,
be3a5ef56240eb49764a9be72930f5a2fbc0c2fe99dbd04a13a19944a26ec4d8,8,3,1,N=8 M=3 t1,4,True,4,2,3461.0,2.0,3.0,5.0,7913.0,,3461.0,,
be3a5ef56240eb49764a9be72930f5a2fbc0c2fe99dbd04a13a19944a26ec4d8,8,3,1,N=8 M=3 t1,4,True,4,3,4567.0,2.0,4.0,7.0,5339.0,,6638.0,,
be3a5ef56240eb49764a9be72930f5a2fbc0c2fe99dbd04a13a19944a26ec4d8,8,3,1,N=8 M=3 t1,4,True,4,4,72474.0,2.0,5.0,9.0,73349.0,,72474.0,,
be3a5ef56240eb49764a9be72930f5a2fbc0c2fe99dbd04a13a19944a26ec4d8,8,3,2,N=8 M=3 t2,6,True,6,1,25827.0,1.0,5.0,7.0,26903.0,,28717.0,,
be3a5ef56240eb49764a9be72930f5a2fbc0c2fe99dbd04a13a19944a26ec4d8,8,3,2,N=8 M=3 t2,6,True,6,2,26266.0,2.0,6.0,9.0,27597.0,,26266.0,,
be3a5ef56240eb49764a9be72930f5a2fbc0c2fe99dbd04a13a19944a26ec4d8,8,3,2,N=8 M=3 t2,6,True,6,3,30415.0,1.0,7.0,11.0,,,,,
be3a5ef56240eb49764a9be72930f5a2fbc0c2fe99dbd04a13a19944a26ec4d8,8,3,2,N=8 M=3 t2,6,True,6,4,61466.0,1.0,5.0,8.0,,,,,
be3a5ef56240eb49764a9be72930f5a2fbc0c2fe99dbd04a13a19944a26ec4d8,8,3,2,N=8 M=3 t2,6,True,6,5,85047.0,1.0,5.0,8.0,,,,,
be3a5ef56240eb49764a9be72930f5a2fbc0c2fe99dbd04a13a19944a26ec4d8,8,3,2,N=8 M=3 t2,6,True,6,6,105922.0,2.0,4.0,6.0,106673.0,,,,
be3a5ef56240eb49764a9be72930f5a2fbc0c2fe99dbd04a13a19944a26ec4d8,8,4,1,N=8 M=4 t1,5,True,5,1,1614.0,1.0,3.0,4.0,7057.0,,1614.0,,
be3a5ef56240eb49764a9be72930f5a2fbc0c2fe99dbd04a13a19944a26ec4d8,8,4,1,N=8 M=4 t1,5,True,5,2,45739.0,3.0,4.0,6.0,,,,,
be3a5ef56240eb49764a9be72930f5a2fbc0c2fe99dbd04a13a19944a26ec4d8,8,4,1,N=8 M=4 t1,5,True,5,3,75860.0,2.0,5.0,7.0,,,,,
be3a5ef56240eb49764a9be72930f5a2fbc0c2fe99dbd04a13a19944a26ec4d8,8,4,1,N=8 M=4 t1,5,True,5,4,107898.0,2.0,6.0,8.0,,,,,
be3a5ef56240eb49764a9be72930f5a2fbc0c2fe99dbd04a13a19944a26ec4d8,8,4,1,N=8 M=4 t1,5,True,5,5,108175.0,3.0,6.0,9.0,109423.0,,108175.0,,
be3a5ef56240eb49764a9be72930f5a2fbc0c2fe99dbd04a13a19944a26ec4d8,8,4,2,N=8 M=4 t2,2,True,2,1,356.0,1.0,4.0,5.0,9688.0,,356.0,,
be3a5ef56240eb49764a9be72930f5a2fbc0c2fe99dbd04a13a19944a26ec4d8,8,4,2,N=8 M=4 t2,2,True,2,2,18295.0,3.0,4.0,6.0,19241.0,,18295.0,,
be3a5ef56240eb49764a9be72930f5a2fbc0c2fe99dbd04a13a19944a26ec4d8,8,5,1,N=8 M=5 t1,4,True,0,0,,,,,,,,,
be3a5ef56240eb49764a9be72930f5a2fbc0c2fe99dbd04a13a19944a26ec4d8,8,5,2,N=8 M=5 t2,5,True,5,1,3411.0,1.0,5.0,6.0,,,,,
be3a5ef56240eb49764a9be72930f5a2fbc0c2fe99dbd04a13a19944a26ec4d8,8,5,2,N=8 M=5 t2,5,True,5,2,4576.0,4.0,5.0,7.0,12829.0,,4576.0,,
be3a5ef56240eb49764a9be72930f5a2fbc0c2fe99dbd04a13a19944a26ec4d8,8,5,2,N=8 M=5 t2,5,True,5,3,20331.0,3.0,4.0,6.0,21166.0,,20331.0,,
be3a5ef56240eb49764a9be72930f5a2fbc0c2fe99dbd04a13a19944a26ec4d8,8,5,2,N=8 M=5 t2,5,True,5,4,25676.0,2.0,4.0,7.0,26685.0,,25676.0,,
be3a5ef56240eb49764a9be72930f5a2fbc0c2fe99dbd04a13a19944a26ec4d8,8,5,2,N=8 M=5 t2,5,True,5,5,96169.0,2.0,5.0,8.0,107973.0,,96169.0,,
be3a5ef56240eb49764a9be72930f5a2fbc0c2fe99dbd04a13a19944a26ec4d8,8,6,1,N=8 M=6 t1,3,True,3,1,2982.0,1.0,6.0,8.0,,,,,
be3a5ef56240eb49764a9be72930f5a2fbc0c2fe99dbd04a13a19944a26ec4d8,8,6,1,N=8 M=6 t1,3,True,3,2,4192.0,3.0,6.0,9.0,12332.0,,4192.0,,
be3a5ef56240eb49764a9be72930f5a2fbc0c2fe99dbd04a13a19944a26ec4d8,8,6,1,N=8 M=6 t1,3,True,3,3,68614.0,3.0,6.0,9.0,,,,,
be3a5ef56240eb49764a9be72930f5a2fbc0c2fe99dbd04a13a19944a26ec4d8,8,6,2,N=8 M=6 t2,4,True,0,0,,,,,,,,,
be3a5ef56240eb49764a9be72930f5a2fbc0c2fe99dbd04a13a19944a26ec4d8,8,7,1,N=8 M=7 t1,5,True,5,1,3677.0,1.0,4.0,6.0,4501.0,,3677.0,,
be3a5ef56240eb49764a9be72930f5a2fbc0c2fe99dbd04a13a19944a26ec4d8,8,7,1,N=8 M=7 t1,5,True,5,2,4391.0,2.0,5.0,8.0,74245.0,,93188.0,,
be3a5ef56240eb49764a9be72930f5a2fbc0c2fe99dbd04a13a19944a26ec4d8,8,7,1,N=8 M=7 t1,5,True,5,3,32021.0,2.0,5.0,8.0,74245.0,,93188.0,,
be3a5ef56240eb49764a9be72930f5a2fbc0c2fe99dbd04a13a19944a26ec4d8,8,7,1,N=8 M=7 t1,5,True,5,4,56831.0,2.0,5.0,8.0,58210.0,,78863.0,,
be3a5ef56240eb49764a9be72930f5a2fbc0c2fe99dbd04a13a19944a26ec4d8,8,7,1,N=8 M=7 t1,5,True,5,5,72711.0,2.0,6.0,10.0,74245.0,,93188.0,,
be3a5ef56240eb49764a9be72930f5a2fbc0c2fe99dbd04a13a19944a26ec4d8,8,7,2,N=8 M=7 t2,4,True,4,1,19538.0,3.0,5.0,7.0,,,,,
be3a5ef56240eb49764a9be72930f5a2fbc0c2fe99dbd04a13a19944a26ec4d8,8,7,2,N=8 M=7 t2,4,True,4,2,24465.0,4.0,4.0,6.0,,,24465.0,,
be3a5ef56240eb49764a9be72930f5a2fbc0c2fe99dbd04a13a19944a26ec4d8,8,7,2,N=8 M=7 t2,4,True,4,3,51287.0,3.0,3.0,5.0,52419.0,,51287.0,,
be3a5ef56240eb49764a9be72930f5a2fbc0c2fe99dbd04a13a19944a26ec4d8,8,7,2,N=8 M=7 t2,4,True,4,4,104600.0,2.0,5.0,8.0,,,,,
be3a5ef56240eb49764a9be72930f5a2fbc0c2fe99dbd04a13a19944a26ec4d8,9,1,1,N=9 M=1 t1,5,True,0,0,,,,,,,,,
be3a5ef56240eb49764a9be72930f5a2fbc0c2fe99dbd04a13a19944a26ec4d8,9,1,2,N=9 M=1 t2,5,True,5,1,407.0,1.0,4.0,5.0,1533.0,,407.0,,
be3a5ef56240eb49764a9be72930f5a2fbc0c2fe99dbd04a13a19944a26ec4d8,9,1,2,N=9 M=1 t2,5,True,5,2,5360.0,1.0,4.0,6.0,6158.0,,5360.0,,
be3a5ef56240eb49764a9be72930f5a2fbc0c2fe99dbd04a13a19944a26ec4d8,9,1,2,N=9 M=1 t2,5,True,5,3,26593.0,1.0,4.0,7.0,27519.0,,26593.0,,
be3a5ef56240eb49764a9be72930f5a2fbc0c2fe99dbd04a13a19944a26ec4d8,9,1,2,N=9 M=1 t2,5,True,5,4,30660.0,1.0,5.0,9.0,35630.0,,44948.0,,
be3a5ef56240eb49764a9be72930f5a2fbc0c2fe99dbd04a13a19944a26ec4d8,9,1,2,N=9 M=1 t2,5,True,5,5,35665.0,1.0,6.0,11.0,36811.0,,35665.0,,
be3a5ef56240eb49764a9be72930f5a2fbc0c2fe99dbd04a13a19944a26ec4d8,9,2,1,N=9 M=2 t1,5,True,5,1,769.0,1.0,3.0,5.0,1457.0,,769.0,,
be3a5ef56240eb49764a9be72930f5a2fbc0c2fe99dbd04a13a19944a26ec4d8,9,2,1,N=9 M=2 t1,5,True,5,2,2741.0,1.0,4.0,7.0,,,,,
be3a5ef56240eb49764a9be72930f5a2fbc0c2fe99dbd04a13a19944a26ec4d8,9,2,1,N=9 M=2 t1,5,True,5,3,19301.0,2.0,5.0,8.0,20608.0,,19301.0,,
be3a5ef56240eb49764a9be72930f5a2fbc0c2fe99dbd04a13a19944a26ec4d8,9,2,1,N=9 M=2 t1,5,True,5,4,44199.0,1.0,6.0,10.0,,,,,
be3a5ef56240eb49764a9be72930f5a2fbc0c2fe99dbd04a13a19944a26ec4d8,9,2,1,N=9 M=2 t1,5,True,5,5,82506.0,2.0,6.0,10.0,,,,,
be3a5ef56240eb49764a9be72930f5a2fbc0c2fe99dbd04a13a19944a26ec4d8,9,2,2,N=9 M=2 t2,2,True,2,1,1072.0,2.0,6.0,9.0,1986.0,,1072.0,,
be3a5ef56240eb49764a9be72930f5a2fbc0c2fe99dbd04a13a19944a26ec4d8,9,2,2,N=9 M=2 t2,2,True,2,2,46062.0,1.0,7.0,11.0,47180.0,,48574.0,,
be3a5ef56240eb49764a9be72930f5a2fbc0c2fe99dbd04a13a19944a26ec4d8,9,3,1,N=9 M=3 t1,4,True,0,0,,,,,,,,,
be3a5ef56240eb49764a9be72930f5a2fbc0c2fe99dbd04a13a19944a26ec4d8,9,3,2,N=9 M=3 t2,5,True,5,1,3766.0,2.0,2.0,3.0,13422.0,,3766.0,,
be3a5ef56240eb49764a9be72930f5a2fbc0c2fe99dbd04a13a19944a26ec4d8,9,3,2,N=9 M=3 t2,5,True,5,2,3947.0,2.0,3.0,5.0,5652.0,,7904.0,,
be3a5ef56240eb49764a9be72930f5a2fbc0c2fe99dbd04a13a19944a26ec4d8,9,3,2,N=9 M=3 t2,5,True,5,3,28978.0,2.0,4.0,7.0,29841.0,,28978.0,,
be3a5ef56240eb49764a9be72930f5a2fbc0c2fe99dbd04a13a19944a26ec4d8,9,3,2,N=9 M=3 t2,5,True,5,4,81772.0,2.0,5.0,8.0,83540.0,,81772.0,,
be3a5ef56240eb49764a9be72930f5a2fbc0c2fe99dbd04a13a19944a26ec4d8,9,3,2,N=9 M=3 t2,5,True,5,5,99252.0,2.0,5.0,9.0,100156.0,,99252.0,,
be3a5ef56240eb49764a9be72930f5a2fbc0c2fe99dbd04a13a19944a26ec4d8,9,4,1,N=9 M=4 t1,2,True,2,1,24905.0,1.0,3.0,5.0,29131.0,,24905.0,,
be3a5ef56240eb49764a9be72930f5a2fbc0c2fe99dbd04a13a19944a26ec4d8,9,4,1,N=9 M=4 t1,2,True,2,2,30134.0,2.0,4.0,7.0,31692.0,,30134.0,,
be3a5ef56240eb49764a9be72930f5a2fbc0c2fe99dbd04a13a19944a26ec4d8,9,4,2,N=9 M=4 t2,3,True,0,0,,,,,,,,,
be3a5ef56240eb49764a9be72930f5a2fbc0c2fe99dbd04a13a19944a26ec4d8,9,5,1,N=9 M=5 t1,4,True,4,1,596.0,1.0,3.0,4.0,1534.0,,596.0,,
be3a5ef56240eb49764a9be72930f5a2fbc0c2fe99dbd04a13a19944a26ec4d8,9,5,1,N=9 M=5 t1,4,True,4,2,2175.0,1.0,4.0,6.0,3264.0,,2175.0,,
be3a5ef56240eb49764a9be72930f5a2fbc0c2fe99dbd04a13a19944a26ec4d8,9,5,1,N=9 M=5 t1,4,True,4,3,3625.0,1.0,4.0,7.0,10820.0,,3625.0,,
be3a5ef56240eb49764a9be72930f5a2fbc0c2fe99dbd04a13a19944a26ec4d8,9,5,1,N=9 M=5 t1,4,True,4,4,66698.0,3.0,4.0,7.0,68775.0,,66698.0,,
be3a5ef56240eb49764a9be72930f5a2fbc0c2fe99dbd04a13a19944a26ec4d8,9,5,2,N=9 M=5 t2,2,True,2,1,2062.0,2.0,4.0,6.0,3011.0,,2062.0,,
be3a5ef56240eb49764a9be72930f5a2fbc0c2fe99dbd04a13a19944a26ec4d8,9,5,2,N=9 M=5 t2,2,True,2,2,3090.0,1.0,4.0,7.0,3916.0,,3090.0,,
be3a5ef56240eb49764a9be72930f5a2fbc0c2fe99dbd04a13a19944a26ec4d8,9,6,1,N=9 M=6 t1,1,True,1,1,48337.0,1.0,4.0,7.0,49429.0,,48337.0,,
be3a5ef56240eb49764a9be72930f5a2fbc0c2fe99dbd04a13a19944a26ec4d8,9,6,2,N=9 M=6 t2,2,True,0,0,,,,,,,,,
be3a5ef56240eb49764a9be72930f5a2fbc0c2fe99dbd04a13a19944a26ec4d8,9,7,1,N=9 M=7 t1,4,True,4,1,578.0,1.0,3.0,4.0,10789.0,,578.0,,
be3a5ef56240eb49764a9be72930f5a2fbc0c2fe99dbd04a13a19944a26ec4d8,9,7,1,N=9 M=7 t1,4,True,4,2,2665.0,2.0,3.0,5.0,4133.0,,2665.0,,
be3a5ef56240eb49764a9be72930f5a2fbc0c2fe99dbd04a13a19944a26ec4d8,9,7,1,N=9 M=7 t1,4,True,4,3,55149.0,3.0,3.0,5.0,61938.0,,55149.0,,
be3a5ef56240eb49764a9be72930f5a2fbc0c2fe99dbd04a13a19944a26ec4d8,9,7,1,N=9 M=7 t1,4,True,4,4,65463.0,3.0,4.0,7.0,67092.0,,65463.0,,
be3a5ef56240eb49764a9be72930f5a2fbc0c2fe99dbd04a13a19944a26ec4d8,9,7,2,N=9 M=7 t2,3,True,3,1,5731.0,4.0,2.0,3.0,12655.0,,5731.0,,
be3a5ef56240eb49764a9be72930f5a2fbc0c2fe99dbd04a13a19944a26ec4d8,9,7,2,N=9 M=7 t2,3,True,3,2,51109.0,2.0,4.0,6.0,52787.0,,51109.0,,
be3a5ef56240eb49764a9be72930f5a2fbc0c2fe99dbd04a13a19944a26ec4d8,9,7,2,N=9 M=7 t2,3,True,3,3,78614.0,3.0,4.0,7.0,,,,,
be3a5ef56240eb49764a9be72930f5a2fbc0c2fe99dbd04a13a19944a26ec4d8,9,8,1,N=9 M=8 t1,1,True,0,0,,,,,,,,,
be3a5ef56240eb49764a9be72930f5a2fbc0c2fe99dbd04a13a19944a26ec4d8,9,8,2,N=9 M=8 t2,3,True,3,1,2606.0,3.0,5.0,6.0,9875.0,,2606.0,,
be3a5ef56240eb49764a9be72930f5a2fbc0c2fe99dbd04a13a19944a26ec4d8,9,8,2,N=9 M=8 t2,3,True,3,2,5135.0,5.0,4.0,6.0,6455.0,,5135.0,,
be3a5ef56240eb49764a9be72930f5a2fbc0c2fe99dbd04a13a19944a26ec4d8,9,8,2,N=9 M=8 t2,3,True,3,3,30303.0,2.0,4.0,7.0,32151.0,,30303.0,,
be3a5ef56240eb49764a9be72930f5a2fbc0c2fe99dbd04a13a19944a26ec4d8,10,1,1,N=10 M=1 t1,3,True,3,1,1557.0,1.0,5.0,7.0,2710.0,,1557.0,,
be3a5ef56240eb49764a9be72930f5a2fbc0c2fe99dbd04a13a19944a26ec4d8,10,1,1,N=10 M=1 t1,3,True,3,2,2803.0,1.0,5.0,8.0,4594.0,,2803.0,,
be3a5ef56240eb49764a9be72930f5a2fbc0c2fe99dbd04a13a19944a26ec4d8,10,1,1,N=10 M=1 t1,3,True,3,3,5209.0,1.0,5.0,9.0,6315.0,,5209.0,,
be3a5ef56240eb49764a9be72930f5a2fbc0c2fe99dbd04a13a19944a26ec4d8,10,1,2,N=10 M=1 t2,4,True,0,0,,,,,,,,,
be3a5ef56240eb49764a9be72930f5a2fbc0c2fe99dbd04a13a19944a26ec4d8,10,2,1,N=10 M=2 t1,5,True,3,1,147.0,1.0,3.0,4.0,1884.0,,147.0,,
be3a5ef56240eb49764a9be72930f5a2fbc0c2fe99dbd04a13a19944a26ec4d8,10,2,1,N=10 M=2 t1,5,True,3,2,21763.0,2.0,5.0,7.0,,,21763.0,,
be3a5ef56240eb49764a9be72930f5a2fbc0c2fe99dbd04a13a19944a26ec4d8,10,2,1,N=10 M=2 t1,5,True,3,3,22758.0,2.0,5.0,8.0,,,,,
be3a5ef56240eb49764a9be72930f5a2fbc0c2fe99dbd04a13a19944a26ec4d8,10,2,2,N=10 M=2 t2,4,True,4,1,934.0,1.0,2.0,3.0,10631.0,,934.0,,
be3a5ef56240eb49764a9be72930f5a2fbc0c2fe99dbd04a13a19944a26ec4d8,10,2,2,N=10 M=2 t2,4,True,4,2,32082.0,1.0,5.0,7.0,32906.0,,32082.0,,
be3a5ef56240eb49764a9be72930f5a2fbc0c2fe99dbd04a13a19944a26ec4d8,10,2,2,N=10 M=2 t2,4,True,4,3,32451.0,2.0,5.0,8.0,33406.0,,32451.0,,
be3a5ef56240eb49764a9be72930f5a2fbc0c2fe99dbd04a13a19944a26ec4d8,10,2,2,N=10 M=2 t2,4,True,4,4,33985.0,1.0,5.0,9.0,35192.0,,33985.0,,
be3a5ef56240eb49764a9be72930f5a2fbc0c2fe99dbd04a13a19944a26ec4d8,10,3,1,N=10 M=3 t1,3,True,3,1,7907.0,3.0,4.0,6.0,9481.0,,7907.0,,
be3a5ef56240eb49764a9be72930f5a2fbc0c2fe99dbd04a13a19944a26ec4d8,10,3,1,N=10 M=3 t1,3,True,3,2,9937.0,3.0,4.0,7.0,12429.0,,9937.0,,
be3a5ef56240eb49764a9be72930f5a2fbc0c2fe99dbd04a13a19944a26ec4d8,10,3,1,N=10 M=3 t1,3,True,3,3,96439.0,2.0,5.0,9.0,97426.0,,96439.0,,
be3a5ef56240eb49764a9be72930f5a2fbc0c2fe99dbd04a13a19944a26ec4d8,10,3,2,N=10 M=3 t2,0,True,0,0,,,,,,,,,
be3a5ef56240eb49764a9be72930f5a2fbc0c2fe99dbd04a13a19944a26ec4d8,10,4,1,N=10 M=4 t1,2,True,2,1,48232.0,3.0,2.0,3.0,49595.0,,48232.0,,
be3a5ef56240eb49764a9be72930f5a2fbc0c2fe99dbd04a13a19944a26ec4d8,10,4,1,N=10 M=4 t1,2,True,2,2,75005.0,4.0,3.0,5.0,87522.0,,75005.0,,
be3a5ef56240eb49764a9be72930f5a2fbc0c2fe99dbd04a13a19944a26ec4d8,10,4,2,N=10 M=4 t2,5,True,5,1,499.0,1.0,4.0,5.0,5435.0,,499.0,,
be3a5ef56240eb49764a9be72930f5a2fbc0c2fe99dbd04a13a19944a26ec4d8,10,4,2,N=10 M=4 t2,5,True,5,2,4546.0,2.0,5.0,7.0,12592.0,,4546.0,,
be3a5ef56240eb49764a9be72930f5a2fbc0c2fe99dbd04a13a19944a26ec4d8,10,4,2,N=10 M=4 t2,5,True,5,3,8156.0,3.0,5.0,8.0,9805.0,,8156.0,,
be3a5ef56240eb49764a9be72930f5a2fbc0c2fe99dbd04a13a19944a26ec4d8,10,4,2,N=10 M=4 t2,5,True,5,4,61003.0,3.0,4.0,6.0,,,,,
be3a5ef56240eb49764a9be72930f5a2fbc0c2fe99dbd04a13a19944a26ec4d8,10,4,2,N=10 M=4 t2,5,True,5,5,93300.0,3.0,4.0,6.0,95283.0,,93300.0,,
be3a5ef56240eb49764a9be72930f5a2fbc0c2fe99dbd04a13a19944a26ec4d8,10,5,1,N=10 M=5 t1,3,True,3,1,61.0,1.0,4.0,5.0,10523.0,,61.0,,
be3a5ef56240eb49764a9be72930f5a2fbc0c2fe99dbd04a13a19944a26ec4d8,10,5,1,N=10 M=5 t1,3,True,3,2,2962.0,1.0,5.0,7.0,4928.0,,2962.0,,
be3a5ef56240eb49764a9be72930f5a2fbc0c2fe99dbd04a13a19944a26ec4d8,10,5,1,N=10 M=5 t1,3,True,3,3,24476.0,1.0,5.0,8.0,25239.0,,24476.0,,
be3a5ef56240eb49764a9be72930f5a2fbc0c2fe99dbd04a13a19944a26ec4d8,10,5,2,N=10 M=5 t2,2,True,2,1,2401.0,1.0,3.0,4.0,4708.0,,2401.0,,
be3a5ef56240eb49764a9be72930f5a2fbc0c2fe99dbd04a13a19944a26ec4d8,10,5,2,N=10 M=5 t2,2,True,2,2,6260.0,3.0,4.0,6.0,7842.0,,6260.0,,
be3a5ef56240eb49764a9be72930f5a2fbc0c2fe99dbd04a13a19944a26ec4d8,10,6,1,N=10 M=6 t1,2,True,2,1,4064.0,3.0,4.0,5.0,5604.0,,4064.0,,
be3a5ef56240eb49764a9be72930f5a2fbc0c2fe99dbd04a13a19944a26ec4d8,10,6,1,N=10 M=6 t1,2,True,2,2,6388.0,3.0,4.0,6.0,10029.0,,6388.0,,
be3a5ef56240eb49764a9be72930f5a2fbc0c2fe99dbd04a13a19944a26ec4d8,10,6,2,N=10 M=6 t2,2,True,0,0,,,,,,,,,
be3a5ef56240eb49764a9be72930f5a2fbc0c2fe99dbd04a13a19944a26ec4d8,10,7,1,N=10 M=7 t1,1,True,1,1,6791.0,3.0,4.0,6.0,10126.0,,6791.0,,
be3a5ef56240eb49764a9be72930f5a2fbc0c2fe99dbd04a13a19944a26ec4d8,10,7,2,N=10 M=7 t2,1,True,1,1,24900.0,2.0,5.0,7.0,31894.0,,24900.0,,
be3a5ef56240eb49764a9be72930f5a2fbc0c2fe99dbd04a13a19944a26ec4d8,10,8,1,N=10 M=8 t1,2,True,2,1,2700.0,1.0,6.0,8.0,16575.0,,2700.0,,
be3a5ef56240eb49764a9be72930f5a2fbc0c2fe99dbd04a13a19944a26ec4d8,10,8,1,N=10 M=8 t1,2,True,2,2,9130.0,2.0,6.0,9.0,20576.0,,9130.0,,
be3a5ef56240eb49764a9be72930f5a2fbc0c2fe99dbd04a13a19944a26ec4d8,10,8,2,N=10 M=8 t2,6,True,6,1,1052.0,1.0,5.0,6.0,18363.0,,1052.0,,
be3a5ef56240eb49764a9be72930f5a2fbc0c2fe99dbd04a13a19944a26ec4d8,10,8,2,N=10 M=8 t2,6,True,6,2,1806.0,2.0,5.0,7.0,2492.0,,1806.0,,
be3a5ef56240eb49764a9be72930f5a2fbc0c2fe99dbd04a13a19944a26ec4d8,10,8,2,N=10 M=8 t2,6,True,6,3,4947.0,2.0,6.0,9.0,8743.0,,4947.0,,
be3a5ef56240eb49764a9be72930f5a2fbc0c2fe99dbd04a13a19944a26ec4d8,10,8,2,N=10 M=8 t2,6,True,6,4,32245.0,1.0,7.0,11.0,,,,,
be3a5ef56240eb49764a9be72930f5a2fbc0c2fe99dbd04a13a19944a26ec4d8,10,8,2,N=10 M=8 t2,6,True,6,5,68608.0,1.0,7.0,11.0,,,,,
be3a5ef56240eb49764a9be72930f5a2fbc0c2fe99dbd04a13a19944a26ec4d8,10,8,2,N=10 M=8 t2,6,True,6,6,105772.0,1.0,7.0,11.0,,,,,
be3a5ef56240eb49764a9be72930f5a2fbc0c2fe99dbd04a13a19944a26ec4d8,10,9,1,N=10 M=9 t1,4,True,4,1,377.0,2.0,6.0,8.0,1502.0,,377.0,,
be3a5ef56240eb49764a9be72930f5a2fbc0c2fe99dbd04a13a19944a26ec4d8,10,9,1,N=10 M=9 t1,4,True,4,2,1746.0,2.0,6.0,9.0,5048.0,,1746.0,,
be3a5ef56240eb49764a9be72930f5a2fbc0c2fe99dbd04a13a19944a26ec4d8,10,9,1,N=10 M=9 t1,4,True,4,3,4777.0,3.0,7.0,11.0,,,,,
be3a5ef56240eb49764a9be72930f5a2fbc0c2fe99dbd04a13a19944a26ec4d8,10,9,1,N=10 M=9 t1,4,True,4,4,43207.0,1.0,7.0,11.0,,,,,
be3a5ef56240eb49764a9be72930f5a2fbc0c2fe99dbd04a13a19944a26ec4d8,10,9,2,N=10 M=9 t2,3,True,4,1,4023.0,2.0,6.0,8.0,5220.0,,4023.0,,
be3a5ef56240eb49764a9be72930f5a2fbc0c2fe99dbd04a13a19944a26ec4d8,10,9,2,N=10 M=9 t2,3,True,4,2,4812.0,2.0,7.0,10.0,,,,,
be3a5ef56240eb49764a9be72930f5a2fbc0c2fe99dbd04a13a19944a26ec4d8,10,9,2,N=10 M=9 t2,3,True,4,3,64973.0,2.0,6.0,9.0,,,,,
be3a5ef56240eb49764a9be72930f5a2fbc0c2fe99dbd04a13a19944a26ec4d8,10,9,2,N=10 M=9 t2,3,True,4,4,117893.0,2.0,6.0,9.0,,,,,
be3a5ef56240eb49764a9be72930f5a2fbc0c2fe99dbd04a13a19944a26ec4d8,11,1,1,N=11 M=1 t1,4,True,4,1,810.0,1.0,7.0,8.0,3504.0,,810.0,,
be3a5ef56240eb49764a9be72930f5a2fbc0c2fe99dbd04a13a19944a26ec4d8,11,1,1,N=11 M=1 t1,4,True,4,2,5948.0,1.0,7.0,9.0,7010.0,,5948.0,,
be3a5ef56240eb49764a9be72930f5a2fbc0c2fe99dbd04a13a19944a26ec4d8,11,1,1,N=11 M=1 t1,4,True,4,3,24745.0,1.0,7.0,10.0,,,,,
be3a5ef56240eb49764a9be72930f5a2fbc0c2fe99dbd04a13a19944a26ec4d8,11,1,1,N=11 M=1 t1,4,True,4,4,62155.0,1.0,7.0,10.0,,,,,
be3a5ef56240eb49764a9be72930f5a2fbc0c2fe99dbd04a13a19944a26ec4d8,11,1,2,N=11 M=1 t2,2,True,2,1,2666.0,1.0,7.0,9.0,3890.0,,2666.0,,
be3a5ef56240eb49764a9be72930f5a2fbc0c2fe99dbd04a13a19944a26ec4d8,11,1,2,N=11 M=1 t2,2,True,2,2,3871.0,1.0,7.0,10.0,5235.0,,3871.0,,
be3a5ef56240eb49764a9be72930f5a2fbc0c2fe99dbd04a13a19944a26ec4d8,11,2,1,N=11 M=2 t1,4,True,0,0,,,,,,,,,
be3a5ef56240eb49764a9be72930f5a2fbc0c2fe99dbd04a13a19944a26ec4d8,11,2,2,N=11 M=2 t2,4,True,4,1,1762.0,1.0,5.0,6.0,2974.0,,18445.0,,
be3a5ef56240eb49764a9be72930f5a2fbc0c2fe99dbd04a13a19944a26ec4d8,11,2,2,N=11 M=2 t2,4,True,4,2,6168.0,2.0,6.0,8.0,,,,,
be3a5ef56240eb49764a9be72930f5a2fbc0c2fe99dbd04a13a19944a26ec4d8,11,2,2,N=11 M=2 t2,4,True,4,3,79449.0,1.0,6.0,8.0,80996.0,,79449.0,,
be3a5ef56240eb49764a9be72930f5a2fbc0c2fe99dbd04a13a19944a26ec4d8,11,2,2,N=11 M=2 t2,4,True,4,4,106022.0,1.0,7.0,10.0,112122.0,,,,
be3a5ef56240eb49764a9be72930f5a2fbc0c2fe99dbd04a13a19944a26ec4d8,11,3,1,N=11 M=3 t1,3,True,3,1,597.0,1.0,7.0,8.0,9614.0,,597.0,,
be3a5ef56240eb49764a9be72930f5a2fbc0c2fe99dbd04a13a19944a26ec4d8,11,3,1,N=11 M=3 t1,3,True,3,2,2054.0,2.0,7.0,9.0,3040.0,,2054.0,,
be3a5ef56240eb49764a9be72930f5a2fbc0c2fe99dbd04a13a19944a26ec4d8,11,3,1,N=11 M=3 t1,3,True,3,3,2115.0,3.0,7.0,10.0,4348.0,,2115.0,,
be3a5ef56240eb49764a9be72930f5a2fbc0c2fe99dbd04a13a19944a26ec4d8,11,3,2,N=11 M=3 t2,2,True,2,1,162.0,1.0,6.0,7.0,4512.0,,162.0,,
be3a5ef56240eb49764a9be72930f5a2fbc0c2fe99dbd04a13a19944a26ec4d8,11,3,2,N=11 M=3 t2,2,True,2,2,6668.0,1.0,7.0,9.0,9327.0,,6668.0,,
be3a5ef56240eb49764a9be72930f5a2fbc0c2fe99dbd04a13a19944a26ec4d8,11,4,1,N=11 M=4 t1,1,True,0,0,,,,,,,,,
be3a5ef56240eb49764a9be72930f5a2fbc0c2fe99dbd04a13a19944a26ec4d8,11,4,2,N=11 M=4 t2,3,True,4,1,3875.0,1.0,7.0,8.0,20643.0,,3875.0,,
be3a5ef56240eb49764a9be72930f5a2fbc0c2fe99dbd04a13a19944a26ec4d8,11,4,2,N=11 M=4 t2,3,True,4,2,5525.0,2.0,7.0,9.0,,,,,
be3a5ef56240eb49764a9be72930f5a2fbc0c2fe99dbd04a13a19944a26ec4d8,11,4,2,N=11 M=4 t2,3,True,4,3,90165.0,2.0,6.0,7.0,92417.0,,90165.0,,
be3a5ef56240eb49764a9be72930f5a2fbc0c2fe99dbd04a13a19944a26ec4d8,11,4,2,N=11 M=4 t2,3,True,4,4,117275.0,1.0,7.0,9.0,,,,,
be3a5ef56240eb49764a9be72930f5a2fbc0c2fe99dbd04a13a19944a26ec4d8,11,5,1,N=11 M=5 t1,2,True,2,1,1235.0,1.0,6.0,7.0,6110.0,,1235.0,,
be3a5ef56240eb49764a9be72930f5a2fbc0c2fe99dbd04a13a19944a26ec4d8,11,5,1,N=11 M=5 t1,2,True,2,2,76675.0,1.0,7.0,9.0,79912.0,,82079.0,,
be3a5ef56240eb49764a9be72930f5a2fbc0c2fe99dbd04a13a19944a26ec4d8,11,5,2,N=11 M=5 t2,1,True,1,1,89062.0,1.0,7.0,9.0,92275.0,,89062.0,,
be3a5ef56240eb49764a9be72930f5a2fbc0c2fe99dbd04a13a19944a26ec4d8,11,6,1,N=11 M=6 t1,2,True,2,1,4211.0,1.0,7.0,8.0,5271.0,,12381.0,,
be3a5ef56240eb49764a9be72930f5a2fbc0c2fe99dbd04a13a19944a26ec4d8,11,6,1,N=11 M=6 t1,2,True,2,2,17613.0,1.0,7.0,9.0,19580.0,,17613.0,,
be3a5ef56240eb49764a9be72930f5a2fbc0c2fe99dbd04a13a19944a26ec4d8,11,6,2,N=11 M=6 t2,2,True,2,1,1694.0,1.0,6.0,7.0,10906.0,,1694.0,,
be3a5ef56240eb49764a9be72930f5a2fbc0c2fe99dbd04a13a19944a26ec4d8,11,6,2,N=11 M=6 t2,2,True,2,2,88444.0,1.0,7.0,9.0,89800.0,,88444.0,,
be3a5ef56240eb49764a9be72930f5a2fbc0c2fe99dbd04a13a19944a26ec4d8,11,7,1,N=11 M=7 t1,2,True,2,1,1575.0,1.0,7.0,8.0,3349.0,,1575.0,,
be3a5ef56240eb49764a9be72930f5a2fbc0c2fe99dbd04a13a19944a26ec4d8,11,7,1,N=11 M=7 t1,2,True,2,2,2882.0,2.0,7.0,9.0,13608.0,,2882.0,,
be3a5ef56240eb49764a9be72930f5a2fbc0c2fe99dbd04a13a19944a26ec4d8,11,7,2,N=11 M=7 t2,1,True,0,0,,,,,,,,,
be3a5ef56240eb49764a9be72930f5a2fbc0c2fe99dbd04a13a19944a26ec4d8,11,8,1,N=11 M=8 t1,1,True,1,1,2362.0,2.0,7.0,9.0,3252.0,,2362.0,,
be3a5ef56240eb49764a9be72930f5a2fbc0c2fe99dbd04a13a19944a26ec4d8,11,8,2,N=11 M=8 t2,1,True,1,1,1649.0,1.0,7.0,9.0,13505.0,,1649.0,,
be3a5ef56240eb49764a9be72930f5a2fbc0c2fe99dbd04a13a19944a26ec4d8,11,9,1,N=11 M=9 t1,1,True,1,1,74991.0,2.0,6.0,7.0,76971.0,,74991.0,,
be3a5ef56240eb49764a9be72930f5a2fbc0c2fe99dbd04a13a19944a26ec4d8,11,9,2,N=11 M=9 t2,1,True,1,1,4164.0,1.0,6.0,7.0,6047.0,,4164.0,,
be3a5ef56240eb49764a9be72930f5a2fbc0c2fe99dbd04a13a19944a26ec4d8,11,10,1,N=11 M=10 t1,3,True,3,1,111.0,1.0,7.0,8.0,,,,,
be3a5ef56240eb49764a9be72930f5a2fbc0c2fe99dbd04a13a19944a26ec4d8,11,10,1,N=11 M=10 t1,3,True,3,2,19297.0,2.0,6.0,7.0,,,,,
be3a5ef56240eb49764a9be72930f5a2fbc0c2fe99dbd04a13a19944a26ec4d8,11,10,1,N=11 M=10 t1,3,True,3,3,43519.0,1.0,6.0,7.0,44274.0,,43519.0,,
be3a5ef56240eb49764a9be72930f5a2fbc0c2fe99dbd04a13a19944a26ec4d8,11,10,2,N=11 M=10 t2,1,True,1,1,107903.0,1.0,6.0,7.0,,,,,
c3cba74287fbc882e762e4746064c773a2c0aed36d1130c887e453fc29921e33,2,1,1,N=2 M=1 t1,0,False,0,0,,,,,,,,,
c3cba74287fbc882e762e4746064c773a2c0aed36d1130c887e453fc29921e33,2,1,2,N=2 M=1 t2,0,False,0,0,,,,,,,,,
c3cba74287fbc882e762e4746064c773a2c0aed36d1130c887e453fc29921e33,3,1,1,N=3 M=1 t1,0,False,0,0,,,,,,,,,
c3cba74287fbc882e762e4746064c773a2c0aed36d1130c887e453fc29921e33,3,1,2,N=3 M=1 t2,0,False,0,0,,,,,,,,,
c3cba74287fbc882e762e4746064c773a2c0aed36d1130c887e453fc29921e33,3,2,1,N=3 M=2 t1,0,False,0,0,,,,,,,,,
c3cba74287fbc882e762e4746064c773a2c0aed36d1130c887e453fc29921e33,3,2,2,N=3 M=2 t2,0,False,0,0,,,,,,,,,
c3cba74287fbc882e762e4746064c773a2c0aed36d1130c887e453fc29921e33,4,1,1,N=4 M=1 t1,0,False,0,0,,,,,,,,,
c3cba74287fbc882e762e4746064c773a2c0aed36d1130c887e453fc29921e33,4,1,2,N=4 M=1 t2,0,False,0,0,,,,,,,,,
c3cba74287fbc882e762e4746064c773a2c0aed36d1130c887e453fc29921e33,4,2,1,N=4 M=2 t1,0,False,0,0,,,,,,,,,
c3cba74287fbc882e762e4746064c773a2c0aed36d1130c887e453fc29921e33,4,2,2,N=4 M=2 t2,0,False,0,0,,,,,,,,,
c3cba74287fbc882e762e4746064c773a2c0aed36d1130c887e453fc29921e33,4,3,1,N=4 M=3 t1,0,False,0,0,,,,,,,,,
c3cba74287fbc882e762e4746064c773a2c0aed36d1130c887e453fc29921e33,4,3,2,N=4 M=3 t2,0,False,0,0,,,,,,,,,
c3cba74287fbc882e762e4746064c773a2c0aed36d1130c887e453fc29921e33,5,1,1,N=5 M=1 t1,0,False,0,0,,,,,,,,,
c3cba74287fbc882e762e4746064c773a2c0aed36d1130c887e453fc29921e33,5,1,2,N=5 M=1 t2,0,False,0,0,,,,,,,,,
c3cba74287fbc882e762e4746064c773a2c0aed36d1130c887e453fc29921e33,5,2,1,N=5 M=2 t1,0,False,0,0,,,,,,,,,
c3cba74287fbc882e762e4746064c773a2c0aed36d1130c887e453fc29921e33,5,2,2,N=5 M=2 t2,0,False,0,0,,,,,,,,,
c3cba74287fbc882e762e4746064c773a2c0aed36d1130c887e453fc29921e33,5,3,1,N=5 M=3 t1,0,False,0,0,,,,,,,,,
c3cba74287fbc882e762e4746064c773a2c0aed36d1130c887e453fc29921e33,5,3,2,N=5 M=3 t2,0,False,0,0,,,,,,,,,
c3cba74287fbc882e762e4746064c773a2c0aed36d1130c887e453fc29921e33,5,4,1,N=5 M=4 t1,0,False,0,0,,,,,,,,,
c3cba74287fbc882e762e4746064c773a2c0aed36d1130c887e453fc29921e33,5,4,2,N=5 M=4 t2,0,False,0,0,,,,,,,,,
c3cba74287fbc882e762e4746064c773a2c0aed36d1130c887e453fc29921e33,6,1,1,N=6 M=1 t1,0,False,0,0,,,,,,,,,
c3cba74287fbc882e762e4746064c773a2c0aed36d1130c887e453fc29921e33,6,1,2,N=6 M=1 t2,0,False,0,0,,,,,,,,,
c3cba74287fbc882e762e4746064c773a2c0aed36d1130c887e453fc29921e33,6,2,1,N=6 M=2 t1,0,False,0,0,,,,,,,,,
c3cba74287fbc882e762e4746064c773a2c0aed36d1130c887e453fc29921e33,6,2,2,N=6 M=2 t2,0,False,0,0,,,,,,,,,
c3cba74287fbc882e762e4746064c773a2c0aed36d1130c887e453fc29921e33,6,3,1,N=6 M=3 t1,0,False,0,0,,,,,,,,,
c3cba74287fbc882e762e4746064c773a2c0aed36d1130c887e453fc29921e33,6,3,2,N=6 M=3 t2,0,False,0,0,,,,,,,,,
c3cba74287fbc882e762e4746064c773a2c0aed36d1130c887e453fc29921e33,6,4,1,N=6 M=4 t1,0,False,0,0,,,,,,,,,
c3cba74287fbc882e762e4746064c773a2c0aed36d1130c887e453fc29921e33,6,4,2,N=6 M=4 t2,0,False,0,0,,,,,,,,,
c3cba74287fbc882e762e4746064c773a2c0aed36d1130c887e453fc29921e33,6,5,1,N=6 M=5 t1,0,False,0,0,,,,,,,,,
c3cba74287fbc882e762e4746064c773a2c0aed36d1130c887e453fc29921e33,6,5,2,N=6 M=5 t2,0,False,0,0,,,,,,,,,
c3cba74287fbc882e762e4746064c773a2c0aed36d1130c887e453fc29921e33,7,1,1,N=7 M=1 t1,2,True,2,1,19072.0,1.0,3.0,5.0,19779.0,,19072.0,,
c3cba74287fbc882e762e4746064c773a2c0aed36d1130c887e453fc29921e33,7,1,1,N=7 M=1 t1,2,True,2,2,19743.0,1.0,3.0,6.0,20500.0,,19743.0,,
c3cba74287fbc882e762e4746064c773a2c0aed36d1130c887e453fc29921e33,7,1,2,N=7 M=1 t2,4,True,4,1,307.0,1.0,1.0,3.0,,,,,
c3cba74287fbc882e762e4746064c773a2c0aed36d1130c887e453fc29921e33,7,1,2,N=7 M=1 t2,4,True,4,2,771.0,1.0,2.0,4.0,1411.0,,2377.0,,
c3cba74287fbc882e762e4746064c773a2c0aed36d1130c887e453fc29921e33,7,1,2,N=7 M=1 t2,4,True,4,3,10124.0,1.0,3.0,6.0,10710.0,,12227.0,,
c3cba74287fbc882e762e4746064c773a2c0aed36d1130c887e453fc29921e33,7,1,2,N=7 M=1 t2,4,True,4,4,73895.0,1.0,4.0,7.0,74845.0,,73976.0,,
c3cba74287fbc882e762e4746064c773a2c0aed36d1130c887e453fc29921e33,7,2,1,N=7 M=2 t1,3,True,3,1,279.0,1.0,3.0,6.0,1102.0,1308.0,2268.0,,
c3cba74287fbc882e762e4746064c773a2c0aed36d1130c887e453fc29921e33,7,2,1,N=7 M=2 t1,3,True,3,2,1621.0,1.0,4.0,8.0,2161.0,,2776.0,,
c3cba74287fbc882e762e4746064c773a2c0aed36d1130c887e453fc29921e33,7,2,1,N=7 M=2 t1,3,True,3,3,104279.0,1.0,3.0,7.0,,,,,
c3cba74287fbc882e762e4746064c773a2c0aed36d1130c887e453fc29921e33,7,2,2,N=7 M=2 t2,5,True,5,1,889.0,2.0,3.0,5.0,1450.0,,2335.0,,
c3cba74287fbc882e762e4746064c773a2c0aed36d1130c887e453fc29921e33,7,2,2,N=7 M=2 t2,5,True,5,2,1243.0,2.0,3.0,6.0,,,,,
c3cba74287fbc882e762e4746064c773a2c0aed36d1130c887e453fc29921e33,7,2,2,N=7 M=2 t2,5,True,5,3,8962.0,1.0,3.0,6.0,9699.0,,10312.0,,
c3cba74287fbc882e762e4746064c773a2c0aed36d1130c887e453fc29921e33,7,2,2,N=7 M=2 t2,5,True,5,4,39713.0,1.0,3.0,7.0,43966.0,,44657.0,,
c3cba74287fbc882e762e4746064c773a2c0aed36d1130c887e453fc29921e33,7,2,2,N=7 M=2 t2,5,True,5,5,43268.0,1.0,4.0,8.0,43966.0,,44657.0,,
c3cba74287fbc882e762e4746064c773a2c0aed36d1130c887e453fc29921e33,7,3,1,N=7 M=3 t1,6,True,6,1,3231.0,2.0,3.0,6.0,110121.0,,29112.0,,
c3cba74287fbc882e762e4746064c773a2c0aed36d1130c887e453fc29921e33,7,3,1,N=7 M=3 t1,6,True,6,2,20186.0,2.0,3.0,5.0,22304.0,,20186.0,,
c3cba74287fbc882e762e4746064c773a2c0aed36d1130c887e453fc29921e33,7,3,1,N=7 M=3 t1,6,True,6,3,29917.0,1.0,4.0,7.0,30839.0,,29917.0,,
c3cba74287fbc882e762e4746064c773a2c0aed36d1130c887e453fc29921e33,7,3,1,N=7 M=3 t1,6,True,6,4,39112.0,1.0,4.0,8.0,39968.0,,40716.0,,
c3cba74287fbc882e762e4746064c773a2c0aed36d1130c887e453fc29921e33,7,3,1,N=7 M=3 t1,6,True,6,5,70440.0,1.0,4.0,8.0,71851.0,,70440.0,,
c3cba74287fbc882e762e4746064c773a2c0aed36d1130c887e453fc29921e33,7,3,1,N=7 M=3 t1,6,True,6,6,109441.0,1.0,4.0,8.0,110121.0,,110944.0,,
c3cba74287fbc882e762e4746064c773a2c0aed36d1130c887e453fc29921e33,7,3,2,N=7 M=3 t2,3,True,3,1,280.0,1.0,2.0,4.0,872.0,,1417.0,,
c3cba74287fbc882e762e4746064c773a2c0aed36d1130c887e453fc29921e33,7,3,2,N=7 M=3 t2,3,True,3,2,6595.0,1.0,3.0,6.0,7916.0,,6595.0,,
c3cba74287fbc882e762e4746064c773a2c0aed36d1130c887e453fc29921e33,7,3,2,N=7 M=3 t2,3,True,3,3,52312.0,2.0,3.0,6.0,52926.0,,55009.0,,
c3cba74287fbc882e762e4746064c773a2c0aed36d1130c887e453fc29921e33,7,4,1,N=7 M=4 t1,4,True,4,1,2031.0,3.0,2.0,4.0,2572.0,,3127.0,,
c3cba74287fbc882e762e4746064c773a2c0aed36d1130c887e453fc29921e33,7,4,1,N=7 M=4 t1,4,True,4,2,10217.0,2.0,4.0,6.0,11117.0,,24339.0,,
c3cba74287fbc882e762e4746064c773a2c0aed36d1130c887e453fc29921e33,7,4,1,N=7 M=4 t1,4,True,4,3,19526.0,2.0,5.0,8.0,20117.0,,20690.0,,
c3cba74287fbc882e762e4746064c773a2c0aed36d1130c887e453fc29921e33,7,4,1,N=7 M=4 t1,4,True,4,4,21451.0,1.0,5.0,9.0,22035.0,,21451.0,,
c3cba74287fbc882e762e4746064c773a2c0aed36d1130c887e453fc29921e33,7,4,2,N=7 M=4 t2,5,True,5,1,1060.0,1.0,1.0,2.0,28033.0,,28700.0,,
c3cba74287fbc882e762e4746064c773a2c0aed36d1130c887e453fc29921e33,7,4,2,N=7 M=4 t2,5,True,5,2,3715.0,3.0,2.0,4.0,4734.0,,3715.0,,
c3cba74287fbc882e762e4746064c773a2c0aed36d1130c887e453fc29921e33,7,4,2,N=7 M=4 t2,5,True,5,3,5229.0,2.0,3.0,6.0,5945.0,,5229.0,,
c3cba74287fbc882e762e4746064c773a2c0aed36d1130c887e453fc29921e33,7,4,2,N=7 M=4 t2,5,True,5,4,27454.0,1.0,3.0,6.0,28033.0,,28700.0,,
c3cba74287fbc882e762e4746064c773a2c0aed36d1130c887e453fc29921e33,7,4,2,N=7 M=4 t2,5,True,5,5,51066.0,1.0,3.0,7.0,,,,,
c3cba74287fbc882e762e4746064c773a2c0aed36d1130c887e453fc29921e33,7,5,1,N=7 M=5 t1,7,True,7,1,2983.0,3.0,3.0,6.0,24026.0,,28774.0,,
c3cba74287fbc882e762e4746064c773a2c0aed36d1130c887e453fc29921e33,7,5,1,N=7 M=5 t1,7,True,7,2,18993.0,2.0,5.0,7.0,19908.0,,18993.0,,
c3cba74287fbc882e762e4746064c773a2c0aed36d1130c887e453fc29921e33,7,5,1,N=7 M=5 t1,7,True,7,3,19346.0,3.0,5.0,8.0,71625.0,,19346.0,,
c3cba74287fbc882e762e4746064c773a2c0aed36d1130c887e453fc29921e33,7,5,1,N=7 M=5 t1,7,True,7,4,23345.0,2.0,3.0,6.0,24026.0,,28774.0,,
c3cba74287fbc882e762e4746064c773a2c0aed36d1130c887e453fc29921e33,7,5,1,N=7 M=5 t1,7,True,7,5,67520.0,2.0,2.0,4.0,68367.0,,69057.0,,
c3cba74287fbc882e762e4746064c773a2c0aed36d1130c887e453fc29921e33,7,5,1,N=7 M=5 t1,7,True,7,6,71049.0,1.0,3.0,6.0,71625.0,,71049.0,,
c3cba74287fbc882e762e4746064c773a2c0aed36d1130c887e453fc29921e33,7,5,1,N=7 M=5 t1,7,True,7,7,75835.0,1.0,3.0,7.0,,,,,
c3cba74287fbc882e762e4746064c773a2c0aed36d1130c887e453fc29921e33,7,5,2,N=7 M=5 t2,5,True,5,1,2514.0,3.0,2.0,4.0,26307.0,,26862.0,,
c3cba74287fbc882e762e4746064c773a2c0aed36d1130c887e453fc29921e33,7,5,2,N=7 M=5 t2,5,True,5,2,4832.0,3.0,4.0,7.0,6519.0,,4832.0,,
c3cba74287fbc882e762e4746064c773a2c0aed36d1130c887e453fc29921e33,7,5,2,N=7 M=5 t2,5,True,5,3,18877.0,2.0,4.0,7.0,19620.0,,18877.0,,
c3cba74287fbc882e762e4746064c773a2c0aed36d1130c887e453fc29921e33,7,5,2,N=7 M=5 t2,5,True,5,4,25643.0,1.0,3.0,6.0,26307.0,,26862.0,,
c3cba74287fbc882e762e4746064c773a2c0aed36d1130c887e453fc29921e33,7,5,2,N=7 M=5 t2,5,True,5,5,42792.0,1.0,3.0,7.0,,,,,
c3cba74287fbc882e762e4746064c773a2c0aed36d1130c887e453fc29921e33,7,6,1,N=7 M=6 t1,3,True,3,1,2638.0,1.0,3.0,6.0,3349.0,,3967.0,,
c3cba74287fbc882e762e4746064c773a2c0aed36d1130c887e453fc29921e33,7,6,1,N=7 M=6 t1,3,True,3,2,71492.0,1.0,3.0,6.0,72842.0,,71492.0,,
c3cba74287fbc882e762e4746064c773a2c0aed36d1130c887e453fc29921e33,7,6,1,N=7 M=6 t1,3,True,3,3,110173.0,2.0,3.0,6.0,110761.0,,111436.0,,
c3cba74287fbc882e762e4746064c773a2c0aed36d1130c887e453fc29921e33,7,6,2,N=7 M=6 t2,4,True,4,1,585.0,1.0,2.0,3.0,1442.0,,2137.0,,
c3cba74287fbc882e762e4746064c773a2c0aed36d1130c887e453fc29921e33,7,6,2,N=7 M=6 t2,4,True,4,2,1379.0,1.0,3.0,5.0,2082.0,,2743.0,,
c3cba74287fbc882e762e4746064c773a2c0aed36d1130c887e453fc29921e33,7,6,2,N=7 M=6 t2,4,True,4,3,30310.0,1.0,3.0,6.0,32677.0,,30310.0,,
c3cba74287fbc882e762e4746064c773a2c0aed36d1130c887e453fc29921e33,7,6,2,N=7 M=6 t2,4,True,4,4,68937.0,2.0,3.0,6.0,69863.0,,68937.0,,
c3cba74287fbc882e762e4746064c773a2c0aed36d1130c887e453fc29921e33,8,1,1,N=8 M=1 t1,4,True,4,1,19050.0,1.0,3.0,5.0,21443.0,,19050.0,,
c3cba74287fbc882e762e4746064c773a2c0aed36d1130c887e453fc29921e33,8,1,1,N=8 M=1 t1,4,True,4,2,22744.0,1.0,3.0,6.0,24360.0,,26786.0,,
c3cba74287fbc882e762e4746064c773a2c0aed36d1130c887e453fc29921e33,8,1,1,N=8 M=1 t1,4,True,4,3,46158.0,1.0,4.0,8.0,47743.0,,46158.0,,
c3cba74287fbc882e762e4746064c773a2c0aed36d1130c887e453fc29921e33,8,1,1,N=8 M=1 t1,4,True,4,4,102309.0,1.0,4.0,8.0,103769.0,,102309.0,,
c3cba74287fbc882e762e4746064c773a2c0aed36d1130c887e453fc29921e33,8,1,2,N=8 M=1 t2,6,True,6,1,2098.0,1.0,1.0,2.0,2706.0,,20895.0,,
c3cba74287fbc882e762e4746064c773a2c0aed36d1130c887e453fc29921e33,8,1,2,N=8 M=1 t2,6,True,6,2,24173.0,1.0,3.0,4.0,25808.0,,24173.0,,
c3cba74287fbc882e762e4746064c773a2c0aed36d1130c887e453fc29921e33,8,1,2,N=8 M=1 t2,6,True,6,3,25958.0,1.0,2.0,4.0,27360.0,,25958.0,,
c3cba74287fbc882e762e4746064c773a2c0aed36d1130c887e453fc29921e33,8,1,2,N=8 M=1 t2,6,True,6,4,52167.0,1.0,2.0,4.0,53579.0,,52167.0,,
c3cba74287fbc882e762e4746064c773a2c0aed36d1130c887e453fc29921e33,8,1,2,N=8 M=1 t2,6,True,6,5,86851.0,1.0,2.0,4.0,88544.0,,86851.0,,
c3cba74287fbc882e762e4746064c773a2c0aed36d1130c887e453fc29921e33,8,1,2,N=8 M=1 t2,6,True,6,6,89596.0,1.0,3.0,6.0,97984.0,,111499.0,,
c3cba74287fbc882e762e4746064c773a2c0aed36d1130c887e453fc29921e33,8,2,1,N=8 M=2 t1,5,True,5,1,1357.0,2.0,1.0,2.0,2102.0,,2901.0,,
c3cba74287fbc882e762e4746064c773a2c0aed36d1130c887e453fc29921e33,8,2,1,N=8 M=2 t1,5,True,5,2,2681.0,2.0,2.0,4.0,9254.0,,25807.0,,
c3cba74287fbc882e762e4746064c773a2c0aed36d1130c887e453fc29921e33,8,2,1,N=8 M=2 t1,5,True,5,3,9431.0,2.0,3.0,6.0,11135.0,,9431.0,,
c3cba74287fbc882e762e4746064c773a2c0aed36d1130c887e453fc29921e33,8,2,1,N=8 M=2 t1,5,True,5,4,31804.0,2.0,3.0,5.0,32386.0,,53341.0,,
c3cba74287fbc882e762e4746064c773a2c0aed36d1130c887e453fc29921e33,8,2,1,N=8 M=2 t1,5,True,5,5,39309.0,2.0,3.0,6.0,41370.0,,39309.0,,
c3cba74287fbc882e762e4746064c773a2c0aed36d1130c887e453fc29921e33,8,2,2,N=8 M=2 t2,6,True,7,1,1585.0,2.0,1.0,2.0,2225.0,,4114.0,,
c3cba74287fbc882e762e4746064c773a2c0aed36d1130c887e453fc29921e33,8,2,2,N=8 M=2 t2,6,True,7,2,3540.0,2.0,2.0,4.0,5176.0,,25729.0,,
c3cba74287fbc882e762e4746064c773a2c0aed36d1130c887e453fc29921e33,8,2,2,N=8 M=2 t2,6,True,7,3,20482.0,2.0,3.0,6.0,25129.0,,26164.0,,
c3cba74287fbc882e762e4746064c773a2c0aed36d1130c887e453fc29921e33,8,2,2,N=8 M=2 t2,6,True,7,4,51700.0,2.0,3.0,5.0,53100.0,,51700.0,,
c3cba74287fbc882e762e4746064c773a2c0aed36d1130c887e453fc29921e33,8,2,2,N=8 M=2 t2,6,True,7,5,73311.0,2.0,2.0,4.0,,,73311.0,,
c3cba74287fbc882e762e4746064c773a2c0aed36d1130c887e453fc29921e33,8,2,2,N=8 M=2 t2,6,True,7,6,91046.0,2.0,3.0,6.0,,,91046.0,,
c3cba74287fbc882e762e4746064c773a2c0aed36d1130c887e453fc29921e33,8,2,2,N=8 M=2 t2,6,True,7,7,117441.0,2.0,3.0,5.0,,,117441.0,,
c3cba74287fbc882e762e4746064c773a2c0aed36d1130c887e453fc29921e33,8,3,1,N=8 M=3 t1,1,True,1,1,5259.0,3.0,2.0,4.0,6561.0,,5259.0,,
c3cba74287fbc882e762e4746064c773a2c0aed36d1130c887e453fc29921e33,8,3,2,N=8 M=3 t2,4,True,4,1,16981.0,3.0,2.0,4.0,20387.0,,16981.0,,
c3cba74287fbc882e762e4746064c773a2c0aed36d1130c887e453fc29921e33,8,3,2,N=8 M=3 t2,4,True,4,2,27730.0,2.0,2.0,4.0,28680.0,,27730.0,,
c3cba74287fbc882e762e4746064c773a2c0aed36d1130c887e453fc29921e33,8,3,2,N=8 M=3 t2,4,True,4,3,50556.0,1.0,2.0,4.0,,,50556.0,,
c3cba74287fbc882e762e4746064c773a2c0aed36d1130c887e453fc29921e33,8,3,2,N=8 M=3 t2,4,True,4,4,56987.0,3.0,2.0,4.0,57664.0,,77138.0,,
c3cba74287fbc882e762e4746064c773a2c0aed36d1130c887e453fc29921e33,8,4,1,N=8 M=4 t1,3,True,3,1,1480.0,4.0,2.0,4.0,2354.0,,3046.0,,
c3cba74287fbc882e762e4746064c773a2c0aed36d1130c887e453fc29921e33,8,4,1,N=8 M=4 t1,3,True,3,2,21258.0,4.0,1.0,2.0,24933.0,,26286.0,,
c3cba74287fbc882e762e4746064c773a2c0aed36d1130c887e453fc29921e33,8,4,1,N=8 M=4 t1,3,True,3,3,39989.0,3.0,2.0,4.0,41114.0,,39989.0,,
c3cba74287fbc882e762e4746064c773a2c0aed36d1130c887e453fc29921e33,8,4,2,N=8 M=4 t2,3,True,3,1,4526.0,4.0,2.0,4.0,6243.0,,18956.0,,
c3cba74287fbc882e762e4746064c773a2c0aed36d1130c887e453fc29921e33,8,4,2,N=8 M=4 t2,3,True,3,2,23225.0,4.0,2.0,4.0,,,,,
c3cba74287fbc882e762e4746064c773a2c0aed36d1130c887e453fc29921e33,8,4,2,N=8 M=4 t2,3,True,3,3,47235.0,4.0,2.0,4.0,57456.0,,71589.0,,
c3cba74287fbc882e762e4746064c773a2c0aed36d1130c887e453fc29921e33,8,5,1,N=8 M=5 t1,2,True,2,1,3207.0,4.0,2.0,4.0,,,,,
c3cba74287fbc882e762e4746064c773a2c0aed36d1130c887e453fc29921e33,8,5,1,N=8 M=5 t1,2,True,2,2,46693.0,3.0,2.0,4.0,47928.0,,46693.0,,
c3cba74287fbc882e762e4746064c773a2c0aed36d1130c887e453fc29921e33,8,5,2,N=8 M=5 t2,1,True,1,1,2672.0,4.0,2.0,4.0,4237.0,,20929.0,,
c3cba74287fbc882e762e4746064c773a2c0aed36d1130c887e453fc29921e33,8,6,1,N=8 M=6 t1,4,True,4,1,4122.0,5.0,2.0,4.0,54903.0,,4122.0,,
c3cba74287fbc882e762e4746064c773a2c0aed36d1130c887e453fc29921e33,8,6,1,N=8 M=6 t1,4,True,4,2,40503.0,3.0,2.0,3.0,41939.0,,40503.0,,
c3cba74287fbc882e762e4746064c773a2c0aed36d1130c887e453fc29921e33,8,6,1,N=8 M=6 t1,4,True,4,3,46681.0,4.0,2.0,4.0,54903.0,,46681.0,,
c3cba74287fbc882e762e4746064c773a2c0aed36d1130c887e453fc29921e33,8,6,1,N=8 M=6 t1,4,True,4,4,70020.0,1.0,2.0,4.0,71761.0,,70020.0,,
c3cba74287fbc882e762e4746064c773a2c0aed36d1130c887e453fc29921e33,8,6,2,N=8 M=6 t2,5,True,5,1,819.0,2.0,1.0,2.0,1911.0,,2628.0,,
c3cba74287fbc882e762e4746064c773a2c0aed36d1130c887e453fc29921e33,8,6,2,N=8 M=6 t2,5,True,5,2,5119.0,4.0,2.0,4.0,,,,,
c3cba74287fbc882e762e4746064c773a2c0aed36d1130c887e453fc29921e33,8,6,2,N=8 M=6 t2,5,True,5,3,25448.0,2.0,2.0,4.0,,,,,
c3cba74287fbc882e762e4746064c773a2c0aed36d1130c887e453fc29921e33,8,6,2,N=8 M=6 t2,5,True,5,4,50608.0,4.0,2.0,4.0,,,,,
c3cba74287fbc882e762e4746064c773a2c0aed36d1130c887e453fc29921e33,8,6,2,N=8 M=6 t2,5,True,5,5,79966.0,3.0,2.0,4.0,83755.0,,88166.0,,
c3cba74287fbc882e762e4746064c773a2c0aed36d1130c887e453fc29921e33,8,7,1,N=8 M=7 t1,3,True,3,1,22855.0,4.0,1.0,2.0,26978.0,,27968.0,,
c3cba74287fbc882e762e4746064c773a2c0aed36d1130c887e453fc29921e33,8,7,1,N=8 M=7 t1,3,True,3,2,43420.0,3.0,2.0,4.0,44431.0,,43420.0,,
c3cba74287fbc882e762e4746064c773a2c0aed36d1130c887e453fc29921e33,8,7,1,N=8 M=7 t1,3,True,3,3,91471.0,2.0,3.0,6.0,93201.0,,91471.0,,
c3cba74287fbc882e762e4746064c773a2c0aed36d1130c887e453fc29921e33,8,7,2,N=8 M=7 t2,8,True,8,1,1345.0,5.0,1.0,2.0,,,,,
c3cba74287fbc882e762e4746064c773a2c0aed36d1130c887e453fc29921e33,8,7,2,N=8 M=7 t2,8,True,8,2,1607.0,5.0,2.0,4.0,,,,,
c3cba74287fbc882e762e4746064c773a2c0aed36d1130c887e453fc29921e33,8,7,2,N=8 M=7 t2,8,True,8,3,17926.0,4.0,3.0,5.0,19429.0,,17926.0,,
c3cba74287fbc882e762e4746064c773a2c0aed36d1130c887e453fc29921e33,8,7,2,N=8 M=7 t2,8,True,8,4,43753.0,3.0,1.0,2.0,,,,,
c3cba74287fbc882e762e4746064c773a2c0aed36d1130c887e453fc29921e33,8,7,2,N=8 M=7 t2,8,True,8,5,48817.0,3.0,1.0,2.0,,,,,
c3cba74287fbc882e762e4746064c773a2c0aed36d1130c887e453fc29921e33,8,7,2,N=8 M=7 t2,8,True,8,6,53812.0,5.0,2.0,4.0,57231.0,,58131.0,,
c3cba74287fbc882e762e4746064c773a2c0aed36d1130c887e453fc29921e33,8,7,2,N=8 M=7 t2,8,True,8,7,75291.0,4.0,2.0,4.0,,,,,
c3cba74287fbc882e762e4746064c773a2c0aed36d1130c887e453fc29921e33,8,7,2,N=8 M=7 t2,8,True,8,8,98555.0,4.0,2.0,4.0,,,,,
c3cba74287fbc882e762e4746064c773a2c0aed36d1130c887e453fc29921e33,9,1,1,N=9 M=1 t1,2,True,0,0,,,,,,,,,
c3cba74287fbc882e762e4746064c773a2c0aed36d1130c887e453fc29921e33,9,1,2,N=9 M=1 t2,1,True,1,1,2141.0,1.0,2.0,4.0,5953.0,,18721.0,,
c3cba74287fbc882e762e4746064c773a2c0aed36d1130c887e453fc29921e33,9,2,1,N=9 M=2 t1,1,True,1,1,32921.0,2.0,2.0,4.0,34093.0,,34959.0,,
c3cba74287fbc882e762e4746064c773a2c0aed36d1130c887e453fc29921e33,9,2,2,N=9 M=2 t2,2,True,0,0,,,,,,,,,
c3cba74287fbc882e762e4746064c773a2c0aed36d1130c887e453fc29921e33,9,3,1,N=9 M=3 t1,4,True,4,1,257.0,4.0,1.0,2.0,,,,,
c3cba74287fbc882e762e4746064c773a2c0aed36d1130c887e453fc29921e33,9,3,1,N=9 M=3 t1,4,True,4,2,19202.0,2.0,2.0,3.0,,,,,
c3cba74287fbc882e762e4746064c773a2c0aed36d1130c887e453fc29921e33,9,3,1,N=9 M=3 t1,4,True,4,3,21787.0,3.0,2.0,4.0,25578.0,,31488.0,,
c3cba74287fbc882e762e4746064c773a2c0aed36d1130c887e453fc29921e33,9,3,1,N=9 M=3 t1,4,True,4,4,65771.0,3.0,2.0,4.0,66792.0,,65771.0,,
c3cba74287fbc882e762e4746064c773a2c0aed36d1130c887e453fc29921e33,9,3,2,N=9 M=3 t2,4,True,4,1,223.0,2.0,2.0,3.0,1065.0,,19530.0,,
c3cba74287fbc882e762e4746064c773a2c0aed36d1130c887e453fc29921e33,9,3,2,N=9 M=3 t2,4,True,4,2,6312.0,3.0,2.0,4.0,7896.0,,6312.0,,
c3cba74287fbc882e762e4746064c773a2c0aed36d1130c887e453fc29921e33,9,3,2,N=9 M=3 t2,4,True,4,3,64393.0,3.0,2.0,4.0,,,,,
c3cba74287fbc882e762e4746064c773a2c0aed36d1130c887e453fc29921e33,9,3,2,N=9 M=3 t2,4,True,4,4,88633.0,3.0,2.0,4.0,,,,,
c3cba74287fbc882e762e4746064c773a2c0aed36d1130c887e453fc29921e33,9,4,1,N=9 M=4 t1,1,True,1,1,54.0,4.0,1.0,2.0,957.0,,54.0,,
c3cba74287fbc882e762e4746064c773a2c0aed36d1130c887e453fc29921e33,9,4,2,N=9 M=4 t2,1,True,1,1,22478.0,4.0,1.0,2.0,23451.0,,22478.0,,
c3cba74287fbc882e762e4746064c773a2c0aed36d1130c887e453fc29921e33,9,5,1,N=9 M=5 t1,4,True,4,1,7346.0,5.0,1.0,2.0,,,,,
c3cba74287fbc882e762e4746064c773a2c0aed36d1130c887e453fc29921e33,9,5,1,N=9 M=5 t1,4,True,4,2,24239.0,3.0,1.0,2.0,25118.0,,24239.0,,
c3cba74287fbc882e762e4746064c773a2c0aed36d1130c887e453fc29921e33,9,5,1,N=9 M=5 t1,4,True,4,3,97608.0,5.0,1.0,2.0,99835.0,,97608.0,,
c3cba74287fbc882e762e4746064c773a2c0aed36d1130c887e453fc29921e33,9,5,1,N=9 M=5 t1,4,True,4,4,110281.0,5.0,1.0,2.0,113315.0,,110281.0,,
c3cba74287fbc882e762e4746064c773a2c0aed36d1130c887e453fc29921e33,9,5,2,N=9 M=5 t2,3,True,3,1,138.0,1.0,1.0,2.0,1559.0,,138.0,,
c3cba74287fbc882e762e4746064c773a2c0aed36d1130c887e453fc29921e33,9,5,2,N=9 M=5 t2,3,True,3,2,51099.0,2.0,1.0,2.0,,,51099.0,,
c3cba74287fbc882e762e4746064c773a2c0aed36d1130c887e453fc29921e33,9,5,2,N=9 M=5 t2,3,True,3,3,74254.0,5.0,1.0,2.0,77072.0,,74254.0,,
c3cba74287fbc882e762e4746064c773a2c0aed36d1130c887e453fc29921e33,9,6,1,N=9 M=6 t1,2,True,0,0,,,,,,,,,
c3cba74287fbc882e762e4746064c773a2c0aed36d1130c887e453fc29921e33,9,6,2,N=9 M=6 t2,1,True,1,1,36876.0,6.0,1.0,2.0,39532.0,,36876.0,,
c3cba74287fbc882e762e4746064c773a2c0aed36d1130c887e453fc29921e33,9,7,1,N=9 M=7 t1,3,True,3,1,25336.0,4.0,1.0,2.0,,,,,
c3cba74287fbc882e762e4746064c773a2c0aed36d1130c887e453fc29921e33,9,7,1,N=9 M=7 t1,3,True,3,2,45938.0,4.0,1.0,2.0,,,,,
c3cba74287fbc882e762e4746064c773a2c0aed36d1130c887e453fc29921e33,9,7,1,N=9 M=7 t1,3,True,3,3,68121.0,3.0,1.0,2.0,75525.0,,78650.0,,
c3cba74287fbc882e762e4746064c773a2c0aed36d1130c887e453fc29921e33,9,7,2,N=9 M=7 t2,1,True,1,1,1707.0,4.0,1.0,2.0,11510.0,,21687.0,,
c3cba74287fbc882e762e4746064c773a2c0aed36d1130c887e453fc29921e33,9,8,1,N=9 M=8 t1,2,True,2,1,41488.0,4.0,1.0,2.0,42557.0,,41488.0,,
c3cba74287fbc882e762e4746064c773a2c0aed36d1130c887e453fc29921e33,9,8,1,N=9 M=8 t1,2,True,2,2,71662.0,6.0,1.0,2.0,72539.0,,71662.0,,
c3cba74287fbc882e762e4746064c773a2c0aed36d1130c887e453fc29921e33,9,8,2,N=9 M=8 t2,0,True,0,0,,,,,,,,,
c3cba74287fbc882e762e4746064c773a2c0aed36d1130c887e453fc29921e33,10,1,1,N=10 M=1 t1,0,True,0,0,,,,,,,,,
c3cba74287fbc882e762e4746064c773a2c0aed36d1130c887e453fc29921e33,10,1,2,N=10 M=1 t2,0,True,0,0,,,,,,,,,
c3cba74287fbc882e762e4746064c773a2c0aed36d1130c887e453fc29921e33,10,2,1,N=10 M=2 t1,0,True,0,0,,,,,,,,,
c3cba74287fbc882e762e4746064c773a2c0aed36d1130c887e453fc29921e33,10,2,2,N=10 M=2 t2,0,True,0,0,,,,,,,,,
c3cba74287fbc882e762e4746064c773a2c0aed36d1130c887e453fc29921e33,10,3,1,N=10 M=3 t1,0,True,0,0,,,,,,,,,
c3cba74287fbc882e762e4746064c773a2c0aed36d1130c887e453fc29921e33,10,3,2,N=10 M=3 t2,0,True,0,0,,,,,,,,,
c3cba74287fbc882e762e4746064c773a2c0aed36d1130c887e453fc29921e33,10,4,1,N=10 M=4 t1,0,True,0,0,,,,,,,,,
c3cba74287fbc882e762e4746064c773a2c0aed36d1130c887e453fc29921e33,10,4,2,N=10 M=4 t2,0,True,0,0,,,,,,,,,
c3cba74287fbc882e762e4746064c773a2c0aed36d1130c887e453fc29921e33,10,5,1,N=10 M=5 t1,0,True,0,0,,,,,,,,,
c3cba74287fbc882e762e4746064c773a2c0aed36d1130c887e453fc29921e33,10,5,2,N=10 M=5 t2,0,True,0,0,,,,,,,,,
c3cba74287fbc882e762e4746064c773a2c0aed36d1130c887e453fc29921e33,10,6,1,N=10 M=6 t1,0,True,0,0,,,,,,,,,
c3cba74287fbc882e762e4746064c773a2c0aed36d1130c887e453fc29921e33,10,6,2,N=10 M=6 t2,0,True,0,0,,,,,,,,,
c3cba74287fbc882e762e4746064c773a2c0aed36d1130c887e453fc29921e33,10,7,1,N=10 M=7 t1,0,True,0,0,,,,,,,,,
c3cba74287fbc882e762e4746064c773a2c0aed36d1130c887e453fc29921e33,10,7,2,N=10 M=7 t2,0,True,0,0,,,,,,,,,
c3cba74287fbc882e762e4746064c773a2c0aed36d1130c887e453fc29921e33,10,8,1,N=10 M=8 t1,0,True,0,0,,,,,,,,,
c3cba74287fbc882e762e4746064c773a2c0aed36d1130c887e453fc29921e33,10,8,2,N=10 M=8 t2,0,True,0,0,,,,,,,,,
c3cba74287fbc882e762e4746064c773a2c0aed36d1130c887e453fc29921e33,10,9,1,N=10 M=9 t1,0,True,0,0,,,,,,,,,
c3cba74287fbc882e762e4746064c773a2c0aed36d1130c887e453fc29921e33,10,9,2,N=10 M=9 t2,0,True,0,0,,,,,,,,,
c3cba74287fbc882e762e4746064c773a2c0aed36d1130c887e453fc29921e33,11,1,1,N=11 M=1 t1,0,True,0,0,,,,,,,,,
c3cba74287fbc882e762e4746064c773a2c0aed36d1130c887e453fc29921e33,11,1,2,N=11 M=1 t2,0,True,0,0,,,,,,,,,
c3cba74287fbc882e762e4746064c773a2c0aed36d1130c887e453fc29921e33,11,2,1,N=11 M=2 t1,0,True,0,0,,,,,,,,,
c3cba74287fbc882e762e4746064c773a2c0aed36d1130c887e453fc29921e33,11,2,2,N=11 M=2 t2,0,True,0,0,,,,,,,,,
c3cba74287fbc882e762e4746064c773a2c0aed36d1130c887e453fc29921e33,11,3,1,N=11 M=3 t1,0,True,0,0,,,,,,,,,
c3cba74287fbc882e762e4746064c773a2c0aed36d1130c887e453fc29921e33,11,3,2,N=11 M=3 t2,0,True,0,0,,,,,,,,,
c3cba74287fbc882e762e4746064c773a2c0aed36d1130c887e453fc29921e33,11,4,1,N=11 M=4 t1,0,True,0,0,,,,,,,,,
c3cba74287fbc882e762e4746064c773a2c0aed36d1130c887e453fc29921e33,11,4,2,N=11 M=4 t2,0,True,0,0,,,,,,,,,
c3cba74287fbc882e762e4746064c773a2c0aed36d1130c887e453fc29921e33,11,5,1,N=11 M=5 t1,0,True,0,0,,,,,,,,,
c3cba74287fbc882e762e4746064c773a2c0aed36d1130c887e453fc29921e33,11,5,2,N=11 M=5 t2,0,True,0,0,,,,,,,,,
c3cba74287fbc882e762e4746064c773a2c0aed36d1130c887e453fc29921e33,11,6,1,N=11 M=6 t1,0,True,0,0,,,,,,,,,
c3cba74287fbc882e762e4746064c773a2c0aed36d1130c887e453fc29921e33,11,6,2,N=11 M=6 t2,0,True,0,0,,,,,,,,,
c3cba74287fbc882e762e4746064c773a2c0aed36d1130c887e453fc29921e33,11,7,1,N=11 M=7 t1,0,True,0,0,,,,,,,,,
c3cba74287fbc882e762e4746064c773a2c0aed36d1130c887e453fc29921e33,11,7,2,N=11 M=7 t2,0,True,0,0,,,,,,,,,
c3cba74287fbc882e762e4746064c773a2c0aed36d1130c887e453fc29921e33,11,8,1,N=11 M=8 t1,0,True,0,0,,,,,,,,,
c3cba74287fbc882e762e4746064c773a2c0aed36d1130c887e453fc29921e33,11,8,2,N=11 M=8 t2,0,True,0,0,,,,,,,,,
c3cba74287fbc882e762e4746064c773a2c0aed36d1130c887e453fc29921e33,11,9,1,N=11 M=9 t1,0,True,0,0,,,,,,,,,
c3cba74287fbc882e762e4746064c773a2c0aed36d1130c887e453fc29921e33,11,9,2,N=11 M=9 t2,0,True,0,0,,,,,,,,,
c3cba74287fbc882e762e4746064c773a2c0aed36d1130c887e453fc29921e33,11,10,1,N=11 M=10 t1,0,True,0,0,,,,,,,,,
c3cba74287fbc882e762e4746064c773a2c0aed36d1130c887e453fc29921e33,11,10,2,N=11 M=10 t2,0,True,0,0,,,,,,,,,
d5aedd63c7ff00e66c30d6b4274c2ec79b2c6e1afcb5553017621423d348ee12,2,1,1,N=2 M=1 t1,0,False,0,0,,,,,,,,,
d5aedd63c7ff00e66c30d6b4274c2ec79b2c6e1afcb5553017621423d348ee12,2,1,2,N=2 M=1 t2,0,False,0,0,,,,,,,,,
d5aedd63c7ff00e66c30d6b4274c2ec79b2c6e1afcb5553017621423d348ee12,3,1,1,N=3 M=1 t1,0,False,0,0,,,,,,,,,
d5aedd63c7ff00e66c30d6b4274c2ec79b2c6e1afcb5553017621423d348ee12,3,1,2,N=3 M=1 t2,0,False,0,0,,,,,,,,,
d5aedd63c7ff00e66c30d6b4274c2ec79b2c6e1afcb5553017621423d348ee12,3,2,1,N=3 M=2 t1,0,False,0,0,,,,,,,,,
d5aedd63c7ff00e66c30d6b4274c2ec79b2c6e1afcb5553017621423d348ee12,3,2,2,N=3 M=2 t2,0,False,0,0,,,,,,,,,
d5aedd63c7ff00e66c30d6b4274c2ec79b2c6e1afcb5553017621423d348ee12,4,1,1,N=4 M=1 t1,0,False,0,0,,,,,,,,,
d5aedd63c7ff00e66c30d6b4274c2ec79b2c6e1afcb5553017621423d348ee12,4,1,2,N=4 M=1 t2,0,False,0,0,,,,,,,,,
d5aedd63c7ff00e66c30d6b4274c2ec79b2c6e1afcb5553017621423d348ee12,4,2,1,N=4 M=2 t1,0,False,0,0,,,,,,,,,
d5aedd63c7ff00e66c30d6b4274c2ec79b2c6e1afcb5553017621423d348ee12,4,2,2,N=4 M=2 t2,0,False,0,0,,,,,,,,,
d5aedd63c7ff00e66c30d6b4274c2ec79b2c6e1afcb5553017621423d348ee12,4,3,1,N=4 M=3 t1,0,False,0,0,,,,,,,,,
d5aedd63c7ff00e66c30d6b4274c2ec79b2c6e1afcb5553017621423d348ee12,4,3,2,N=4 M=3 t2,0,False,0,0,,,,,,,,,
d5aedd63c7ff00e66c30d6b4274c2ec79b2c6e1afcb5553017621423d348ee12,5,1,1,N=5 M=1 t1,0,False,0,0,,,,,,,,,
d5aedd63c7ff00e66c30d6b4274c2ec79b2c6e1afcb5553017621423d348ee12,5,1,2,N=5 M=1 t2,0,False,0,0,,,,,,,,,
d5aedd63c7ff00e66c30d6b4274c2ec79b2c6e1afcb5553017621423d348ee12,5,2,1,N=5 M=2 t1,0,False,0,0,,,,,,,,,
d5aedd63c7ff00e66c30d6b4274c2ec79b2c6e1afcb5553017621423d348ee12,5,2,2,N=5 M=2 t2,0,False,0,0,,,,,,,,,
d5aedd63c7ff00e66c30d6b4274c2ec79b2c6e1afcb5553017621423d348ee12,5,3,1,N=5 M=3 t1,0,False,0,0,,,,,,,,,
d5aedd63c7ff00e66c30d6b4274c2ec79b2c6e1afcb5553017621423d348ee12,5,3,2,N=5 M=3 t2,0,False,0,0,,,,,,,,,
d5aedd63c7ff00e66c30d6b4274c2ec79b2c6e1afcb5553017621423d348ee12,5,4,1,N=5 M=4 t1,0,False,0,0,,,,,,,,,
d5aedd63c7ff00e66c30d6b4274c2ec79b2c6e1afcb5553017621423d348ee12,5,4,2,N=5 M=4 t2,0,False,0,0,,,,,,,,,
d5aedd63c7ff00e66c30d6b4274c2ec79b2c6e1afcb5553017621423d348ee12,6,1,1,N=6 M=1 t1,0,False,0,0,,,,,,,,,
d5aedd63c7ff00e66c30d6b4274c2ec79b2c6e1afcb5553017621423d348ee12,6,1,2,N=6 M=1 t2,0,False,0,0,,,,,,,,,
d5aedd63c7ff00e66c30d6b4274c2ec79b2c6e1afcb5553017621423d348ee12,6,2,1,N=6 M=2 t1,0,False,0,0,,,,,,,,,
d5aedd63c7ff00e66c30d6b4274c2ec79b2c6e1afcb5553017621423d348ee12,6,2,2,N=6 M=2 t2,0,False,0,0,,,,,,,,,
d5aedd63c7ff00e66c30d6b4274c2ec79b2c6e1afcb5553017621423d348ee12,6,3,1,N=6 M=3 t1,0,False,0,0,,,,,,,,,
d5aedd63c7ff00e66c30d6b4274c2ec79b2c6e1afcb5553017621423d348ee12,6,3,2,N=6 M=3 t2,0,False,0,0,,,,,,,,,
d5aedd63c7ff00e66c30d6b4274c2ec79b2c6e1afcb5553017621423d348ee12,6,4,1,N=6 M=4 t1,0,False,0,0,,,,,,,,,
d5aedd63c7ff00e66c30d6b4274c2ec79b2c6e1afcb5553017621423d348ee12,6,4,2,N=6 M=4 t2,0,False,0,0,,,,,,,,,
d5aedd63c7ff00e66c30d6b4274c2ec79b2c6e1afcb5553017621423d348ee12,6,5,1,N=6 M=5 t1,0,False,0,0,,,,,,,,,
d5aedd63c7ff00e66c30d6b4274c2ec79b2c6e1afcb5553017621423d348ee12,6,5,2,N=6 M=5 t2,0,False,0,0,,,,,,,,,
d5aedd63c7ff00e66c30d6b4274c2ec79b2c6e1afcb5553017621423d348ee12,7,1,1,N=7 M=1 t1,0,False,0,0,,,,,,,,,
d5aedd63c7ff00e66c30d6b4274c2ec79b2c6e1afcb5553017621423d348ee12,7,1,2,N=7 M=1 t2,0,False,0,0,,,,,,,,,
d5aedd63c7ff00e66c30d6b4274c2ec79b2c6e1afcb5553017621423d348ee12,7,2,1,N=7 M=2 t1,0,False,0,0,,,,,,,,,
d5aedd63c7ff00e66c30d6b4274c2ec79b2c6e1afcb5553017621423d348ee12,7,2,2,N=7 M=2 t2,0,False,0,0,,,,,,,,,
d5aedd63c7ff00e66c30d6b4274c2ec79b2c6e1afcb5553017621423d348ee12,7,3,1,N=7 M=3 t1,0,False,0,0,,,,,,,,,
d5aedd63c7ff00e66c30d6b4274c2ec79b2c6e1afcb5553017621423d348ee12,7,3,2,N=7 M=3 t2,0,False,0,0,,,,,,,,,
d5aedd63c7ff00e66c30d6b4274c2ec79b2c6e1afcb5553017621423d348ee12,7,4,1,N=7 M=4 t1,0,False,0,0,,,,,,,,,
d5aedd63c7ff00e66c30d6b4274c2ec79b2c6e1afcb5553017621423d348ee12,7,4,2,N=7 M=4 t2,0,False,0,0,,,,,,,,,
d5aedd63c7ff00e66c30d6b4274c2ec79b2c6e1afcb5553017621423d348ee12,7,5,1,N=7 M=5 t1,0,False,0,0,,,,,,,,,
d5aedd63c7ff00e66c30d6b4274c2ec79b2c6e1afcb5553017621423d348ee12,7,5,2,N=7 M=5 t2,0,False,0,0,,,,,,,,,
d5aedd63c7ff00e66c30d6b4274c2ec79b2c6e1afcb5553017621423d348ee12,7,6,1,N=7 M=6 t1,0,False,0,0,,,,,,,,,
d5aedd63c7ff00e66c30d6b4274c2ec79b2c6e1afcb5553017621423d348ee12,7,6,2,N=7 M=6 t2,0,False,0,0,,,,,,,,,
d5aedd63c7ff00e66c30d6b4274c2ec79b2c6e1afcb5553017621423d348ee12,8,1,1,N=8 M=1 t1,0,False,0,0,,,,,,,,,
d5aedd63c7ff00e66c30d6b4274c2ec79b2c6e1afcb5553017621423d348ee12,8,1,2,N=8 M=1 t2,0,False,0,0,,,,,,,,,
d5aedd63c7ff00e66c30d6b4274c2ec79b2c6e1afcb5553017621423d348ee12,8,2,1,N=8 M=2 t1,0,False,0,0,,,,,,,,,
d5aedd63c7ff00e66c30d6b4274c2ec79b2c6e1afcb5553017621423d348ee12,8,2,2,N=8 M=2 t2,0,False,0,0,,,,,,,,,
d5aedd63c7ff00e66c30d6b4274c2ec79b2c6e1afcb5553017621423d348ee12,8,3,1,N=8 M=3 t1,0,False,0,0,,,,,,,,,
d5aedd63c7ff00e66c30d6b4274c2ec79b2c6e1afcb5553017621423d348ee12,8,3,2,N=8 M=3 t2,0,False,0,0,,,,,,,,,
d5aedd63c7ff00e66c30d6b4274c2ec79b2c6e1afcb5553017621423d348ee12,8,4,1,N=8 M=4 t1,0,False,0,0,,,,,,,,,
d5aedd63c7ff00e66c30d6b4274c2ec79b2c6e1afcb5553017621423d348ee12,8,4,2,N=8 M=4 t2,0,False,0,0,,,,,,,,,
d5aedd63c7ff00e66c30d6b4274c2ec79b2c6e1afcb5553017621423d348ee12,8,5,1,N=8 M=5 t1,0,False,0,0,,,,,,,,,
d5aedd63c7ff00e66c30d6b4274c2ec79b2c6e1afcb5553017621423d348ee12,8,5,2,N=8 M=5 t2,0,False,0,0,,,,,,,,,
d5aedd63c7ff00e66c30d6b4274c2ec79b2c6e1afcb5553017621423d348ee12,8,6,1,N=8 M=6 t1,0,False,0,0,,,,,,,,,
d5aedd63c7ff00e66c30d6b4274c2ec79b2c6e1afcb5553017621423d348ee12,8,6,2,N=8 M=6 t2,0,False,0,0,,,,,,,,,
d5aedd63c7ff00e66c30d6b4274c2ec79b2c6e1afcb5553017621423d348ee12,8,7,1,N=8 M=7 t1,0,False,0,0,,,,,,,,,
d5aedd63c7ff00e66c30d6b4274c2ec79b2c6e1afcb5553017621423d348ee12,8,7,2,N=8 M=7 t2,0,False,0,0,,,,,,,,,
d5aedd63c7ff00e66c30d6b4274c2ec79b2c6e1afcb5553017621423d348ee12,9,1,1,N=9 M=1 t1,0,False,0,0,,,,,,,,,
d5aedd63c7ff00e66c30d6b4274c2ec79b2c6e1afcb5553017621423d348ee12,9,1,2,N=9 M=1 t2,0,False,0,0,,,,,,,,,
d5aedd63c7ff00e66c30d6b4274c2ec79b2c6e1afcb5553017621423d348ee12,9,2,1,N=9 M=2 t1,0,False,0,0,,,,,,,,,
d5aedd63c7ff00e66c30d6b4274c2ec79b2c6e1afcb5553017621423d348ee12,9,2,2,N=9 M=2 t2,0,False,0,0,,,,,,,,,
d5aedd63c7ff00e66c30d6b4274c2ec79b2c6e1afcb5553017621423d348ee12,9,3,1,N=9 M=3 t1,0,False,0,0,,,,,,,,,
d5aedd63c7ff00e66c30d6b4274c2ec79b2c6e1afcb5553017621423d348ee12,9,3,2,N=9 M=3 t2,0,False,0,0,,,,,,,,,
d5aedd63c7ff00e66c30d6b4274c2ec79b2c6e1afcb5553017621423d348ee12,9,4,1,N=9 M=4 t1,0,False,0,0,,,,,,,,,
d5aedd63c7ff00e66c30d6b4274c2ec79b2c6e1afcb5553017621423d348ee12,9,4,2,N=9 M=4 t2,0,False,0,0,,,,,,,,,
d5aedd63c7ff00e66c30d6b4274c2ec79b2c6e1afcb5553017621423d348ee12,9,5,1,N=9 M=5 t1,0,False,0,0,,,,,,,,,
d5aedd63c7ff00e66c30d6b4274c2ec79b2c6e1afcb5553017621423d348ee12,9,5,2,N=9 M=5 t2,0,False,0,0,,,,,,,,,
d5aedd63c7ff00e66c30d6b4274c2ec79b2c6e1afcb5553017621423d348ee12,9,6,1,N=9 M=6 t1,0,False,0,0,,,,,,,,,
d5aedd63c7ff00e66c30d6b4274c2ec79b2c6e1afcb5553017621423d348ee12,9,6,2,N=9 M=6 t2,0,False,0,0,,,,,,,,,
d5aedd63c7ff00e66c30d6b4274c2ec79b2c6e1afcb5553017621423d348ee12,9,7,1,N=9 M=7 t1,0,False,0,0,,,,,,,,,
d5aedd63c7ff00e66c30d6b4274c2ec79b2c6e1afcb5553017621423d348ee12,9,7,2,N=9 M=7 t2,0,False,0,0,,,,,,,,,
d5aedd63c7ff00e66c30d6b4274c2ec79b2c6e1afcb5553017621423d348ee12,9,8,1,N=9 M=8 t1,0,False,0,0,,,,,,,,,
d5aedd63c7ff00e66c30d6b4274c2ec79b2c6e1afcb5553017621423d348ee12,9,8,2,N=9 M=8 t2,0,False,0,0,,,,,,,,,
d5aedd63c7ff00e66c30d6b4274c2ec79b2c6e1afcb5553017621423d348ee12,10,1,1,N=10 M=1 t1,0,False,0,0,,,,,,,,,
d5aedd63c7ff00e66c30d6b4274c2ec79b2c6e1afcb5553017621423d348ee12,10,1,2,N=10 M=1 t2,0,False,0,0,,,,,,,,,
d5aedd63c7ff00e66c30d6b4274c2ec79b2c6e1afcb5553017621423d348ee12,10,2,1,N=10 M=2 t1,0,False,0,0,,,,,,,,,
d5aedd63c7ff00e66c30d6b4274c2ec79b2c6e1afcb5553017621423d348ee12,10,2,2,N=10 M=2 t2,0,False,0,0,,,,,,,,,
d5aedd63c7ff00e66c30d6b4274c2ec79b2c6e1afcb5553017621423d348ee12,10,3,1,N=10 M=3 t1,0,False,0,0,,,,,,,,,
d5aedd63c7ff00e66c30d6b4274c2ec79b2c6e1afcb5553017621423d348ee12,10,3,2,N=10 M=3 t2,0,False,0,0,,,,,,,,,
d5aedd63c7ff00e66c30d6b4274c2ec79b2c6e1afcb5553017621423d348ee12,10,4,1,N=10 M=4 t1,0,False,0,0,,,,,,,,,
d5aedd63c7ff00e66c30d6b4274c2ec79b2c6e1afcb5553017621423d348ee12,10,4,2,N=10 M=4 t2,0,False,0,0,,,,,,,,,
d5aedd63c7ff00e66c30d6b4274c2ec79b2c6e1afcb5553017621423d348ee12,10,5,1,N=10 M=5 t1,0,False,0,0,,,,,,,,,
d5aedd63c7ff00e66c30d6b4274c2ec79b2c6e1afcb5553017621423d348ee12,10,5,2,N=10 M=5 t2,0,False,0,0,,,,,,,,,
d5aedd63c7ff00e66c30d6b4274c2ec79b2c6e1afcb5553017621423d348ee12,10,6,1,N=10 M=6 t1,0,False,0,0,,,,,,,,,
d5aedd63c7ff00e66c30d6b4274c2ec79b2c6e1afcb5553017621423d348ee12,10,6,2,N=10 M=6 t2,0,False,0,0,,,,,,,,,
d5aedd63c7ff00e66c30d6b4274c2ec79b2c6e1afcb5553017621423d348ee12,10,7,1,N=10 M=7 t1,0,False,0,0,,,,,,,,,
d5aedd63c7ff00e66c30d6b4274c2ec79b2c6e1afcb5553017621423d348ee12,10,7,2,N=10 M=7 t2,0,False,0,0,,,,,,,,,
d5aedd63c7ff00e66c30d6b4274c2ec79b2c6e1afcb5553017621423d348ee12,10,8,1,N=10 M=8 t1,0,False,0,0,,,,,,,,,
d5aedd63c7ff00e66c30d6b4274c2ec79b2c6e1afcb5553017621423d348ee12,10,8,2,N=10 M=8 t2,0,False,0,0,,,,,,,,,
d5aedd63c7ff00e66c30d6b4274c2ec79b2c6e1afcb5553017621423d348ee12,10,9,1,N=10 M=9 t1,0,False,0,0,,,,,,,,,
d5aedd63c7ff00e66c30d6b4274c2ec79b2c6e1afcb5553017621423d348ee12,10,9,2,N=10 M=9 t2,0,False,0,0,,,,,,,,,
d5aedd63c7ff00e66c30d6b4274c2ec79b2c6e1afcb5553017621423d348ee12,11,1,1,N=11 M=1 t1,0,False,0,0,,,,,,,,,
d5aedd63c7ff00e66c30d6b4274c2ec79b2c6e1afcb5553017621423d348ee12,11,1,2,N=11 M=1 t2,0,False,0,0,,,,,,,,,
d5aedd63c7ff00e66c30d6b4274c2ec79b2c6e1afcb5553017621423d348ee12,11,2,1,N=11 M=2 t1,0,False,0,0,,,,,,,,,
d5aedd63c7ff00e66c30d6b4274c2ec79b2c6e1afcb5553017621423d348ee12,11,2,2,N=11 M=2 t2,0,False,0,0,,,,,,,,,
d5aedd63c7ff00e66c30d6b4274c2ec79b2c6e1afcb5553017621423d348ee12,11,3,1,N=11 M=3 t1,0,False,0,0,,,,,,,,,
d5aedd63c7ff00e66c30d6b4274c2ec79b2c6e1afcb5553017621423d348ee12,11,3,2,N=11 M=3 t2,0,False,0,0,,,,,,,,,
d5aedd63c7ff00e66c30d6b4274c2ec79b2c6e1afcb5553017621423d348ee12,11,4,1,N=11 M=4 t1,0,False,0,0,,,,,,,,,
d5aedd63c7ff00e66c30d6b4274c2ec79b2c6e1afcb5553017621423d348ee12,11,4,2,N=11 M=4 t2,0,False,0,0,,,,,,,,,
d5aedd63c7ff00e66c30d6b4274c2ec79b2c6e1afcb5553017621423d348ee12,11,5,1,N=11 M=5 t1,0,False,0,0,,,,,,,,,
d5aedd63c7ff00e66c30d6b4274c2ec79b2c6e1afcb5553017621423d348ee12,11,5,2,N=11 M=5 t2,0,False,0,0,,,,,,,,,
d5aedd63c7ff00e66c30d6b4274c2ec79b2c6e1afcb5553017621423d348ee12,11,6,1,N=11 M=6 t1,0,False,0,0,,,,,,,,,
d5aedd63c7ff00e66c30d6b4274c2ec79b2c6e1afcb5553017621423d348ee12,11,6,2,N=11 M=6 t2,0,False,0,0,,,,,,,,,
d5aedd63c7ff00e66c30d6b4274c2ec79b2c6e1afcb5553017621423d348ee12,11,7,1,N=11 M=7 t1,0,False,0,0,,,,,,,,,
d5aedd63c7ff00e66c30d6b4274c2ec79b2c6e1afcb5553017621423d348ee12,11,7,2,N=11 M=7 t2,0,False,0,0,,,,,,,,,
d5aedd63c7ff00e66c30d6b4274c2ec79b2c6e1afcb5553017621423d348ee12,11,8,1,N=11 M=8 t1,0,False,0,0,,,,,,,,,
d5aedd63c7ff00e66c30d6b4274c2ec79b2c6e1afcb5553017621423d348ee12,11,8,2,N=11 M=8 t2,0,False,0,0,,,,,,,,,
d5aedd63c7ff00e66c30d6b4274c2ec79b2c6e1afcb5553017621423d348ee12,11,9,1,N=11 M=9 t1,0,False,0,0,,,,,,,,,
d5aedd63c7ff00e66c30d6b4274c2ec79b2c6e1afcb5553017621423d348ee12,11,9,2,N=11 M=9 t2,0,False,0,0,,,,,,,,,
d5aedd63c7ff00e66c30d6b4274c2ec79b2c6e1afcb5553017621423d348ee12,11,10,1,N=11 M=10 t1,0,False,0,0,,,,,,,,,
d5aedd63c7ff00e66c30d6b4274c2ec79b2c6e1afcb5553017621423d348ee12,11,10,2,N=11 M=10 t2,0,False,0,0,,,,,,,,,
dbac04ef34aafdafa11efab6d97e02a98e208d310239517c321d1fe02e268fef,2,1,1,N=2 M=1 t1,0,False,0,0,,,,,,,,,
dbac04ef34aafdafa11efab6d97e02a98e208d310239517c321d1fe02e268fef,2,1,2,N=2 M=1 t2,0,False,0,0,,,,,,,,,
dbac04ef34aafdafa11efab6d97e02a98e208d310239517c321d1fe02e268fef,3,1,1,N=3 M=1 t1,0,False,0,0,,,,,,,,,
dbac04ef34aafdafa11efab6d97e02a98e208d310239517c321d1fe02e268fef,3,1,2,N=3 M=1 t2,0,False,0,0,,,,,,,,,
dbac04ef34aafdafa11efab6d97e02a98e208d310239517c321d1fe02e268fef,3,2,1,N=3 M=2 t1,0,False,0,0,,,,,,,,,
dbac04ef34aafdafa11efab6d97e02a98e208d310239517c321d1fe02e268fef,3,2,2,N=3 M=2 t2,0,False,0,0,,,,,,,,,
dbac04ef34aafdafa11efab6d97e02a98e208d310239517c321d1fe02e268fef,4,1,1,N=4 M=1 t1,0,False,0,0,,,,,,,,,
dbac04ef34aafdafa11efab6d97e02a98e208d310239517c321d1fe02e268fef,4,1,2,N=4 M=1 t2,0,False,0,0,,,,,,,,,
dbac04ef34aafdafa11efab6d97e02a98e208d310239517c321d1fe02e268fef,4,2,1,N=4 M=2 t1,0,False,0,0,,,,,,,,,
dbac04ef34aafdafa11efab6d97e02a98e208d310239517c321d1fe02e268fef,4,2,2,N=4 M=2 t2,0,False,0,0,,,,,,,,,
dbac04ef34aafdafa11efab6d97e02a98e208d310239517c321d1fe02e268fef,4,3,1,N=4 M=3 t1,0,False,0,0,,,,,,,,,
dbac04ef34aafdafa11efab6d97e02a98e208d310239517c321d1fe02e268fef,4,3,2,N=4 M=3 t2,0,False,0,0,,,,,,,,,
dbac04ef34aafdafa11efab6d97e02a98e208d310239517c321d1fe02e268fef,5,1,1,N=5 M=1 t1,0,False,0,0,,,,,,,,,
dbac04ef34aafdafa11efab6d97e02a98e208d310239517c321d1fe02e268fef,5,1,2,N=5 M=1 t2,0,False,0,0,,,,,,,,,
dbac04ef34aafdafa11efab6d97e02a98e208d310239517c321d1fe02e268fef,5,2,1,N=5 M=2 t1,0,False,0,0,,,,,,,,,
dbac04ef34aafdafa11efab6d97e02a98e208d310239517c321d1fe02e268fef,5,2,2,N=5 M=2 t2,0,False,0,0,,,,,,,,,
dbac04ef34aafdafa11efab6d97e02a98e208d310239517c321d1fe02e268fef,5,3,1,N=5 M=3 t1,0,False,0,0,,,,,,,,,
dbac04ef34aafdafa11efab6d97e02a98e208d310239517c321d1fe02e268fef,5,3,2,N=5 M=3 t2,0,False,0,0,,,,,,,,,
dbac04ef34aafdafa11efab6d97e02a98e208d310239517c321d1fe02e268fef,5,4,1,N=5 M=4 t1,0,False,0,0,,,,,,,,,
dbac04ef34aafdafa11efab6d97e02a98e208d310239517c321d1fe02e268fef,5,4,2,N=5 M=4 t2,0,False,0,0,,,,,,,,,
dbac04ef34aafdafa11efab6d97e02a98e208d310239517c321d1fe02e268fef,6,1,1,N=6 M=1 t1,0,False,0,0,,,,,,,,,
dbac04ef34aafdafa11efab6d97e02a98e208d310239517c321d1fe02e268fef,6,1,2,N=6 M=1 t2,0,False,0,0,,,,,,,,,
dbac04ef34aafdafa11efab6d97e02a98e208d310239517c321d1fe02e268fef,6,2,1,N=6 M=2 t1,0,False,0,0,,,,,,,,,
dbac04ef34aafdafa11efab6d97e02a98e208d310239517c321d1fe02e268fef,6,2,2,N=6 M=2 t2,0,False,0,0,,,,,,,,,
dbac04ef34aafdafa11efab6d97e02a98e208d310239517c321d1fe02e268fef,6,3,1,N=6 M=3 t1,0,False,0,0,,,,,,,,,
dbac04ef34aafdafa11efab6d97e02a98e208d310239517c321d1fe02e268fef,6,3,2,N=6 M=3 t2,0,False,0,0,,,,,,,,,
dbac04ef34aafdafa11efab6d97e02a98e208d310239517c321d1fe02e268fef,6,4,1,N=6 M=4 t1,0,False,0,0,,,,,,,,,
dbac04ef34aafdafa11efab6d97e02a98e208d310239517c321d1fe02e268fef,6,4,2,N=6 M=4 t2,0,False,0,0,,,,,,,,,
dbac04ef34aafdafa11efab6d97e02a98e208d310239517c321d1fe02e268fef,6,5,1,N=6 M=5 t1,0,False,0,0,,,,,,,,,
dbac04ef34aafdafa11efab6d97e02a98e208d310239517c321d1fe02e268fef,6,5,2,N=6 M=5 t2,0,False,0,0,,,,,,,,,
dbac04ef34aafdafa11efab6d97e02a98e208d310239517c321d1fe02e268fef,7,1,1,N=7 M=1 t1,0,False,0,0,,,,,,,,,
dbac04ef34aafdafa11efab6d97e02a98e208d310239517c321d1fe02e268fef,7,1,2,N=7 M=1 t2,0,False,0,0,,,,,,,,,
dbac04ef34aafdafa11efab6d97e02a98e208d310239517c321d1fe02e268fef,7,2,1,N=7 M=2 t1,0,False,0,0,,,,,,,,,
dbac04ef34aafdafa11efab6d97e02a98e208d310239517c321d1fe02e268fef,7,2,2,N=7 M=2 t2,0,False,0,0,,,,,,,,,
dbac04ef34aafdafa11efab6d97e02a98e208d310239517c321d1fe02e268fef,7,3,1,N=7 M=3 t1,0,False,0,0,,,,,,,,,
dbac04ef34aafdafa11efab6d97e02a98e208d310239517c321d1fe02e268fef,7,3,2,N=7 M=3 t2,0,False,0,0,,,,,,,,,
dbac04ef34aafdafa11efab6d97e02a98e208d310239517c321d1fe02e268fef,7,4,1,N=7 M=4 t1,0,False,0,0,,,,,,,,,
dbac04ef34aafdafa11efab6d97e02a98e208d310239517c321d1fe02e268fef,7,4,2,N=7 M=4 t2,0,False,0,0,,,,,,,,,
dbac04ef34aafdafa11efab6d97e02a98e208d310239517c321d1fe02e268fef,7,5,1,N=7 M=5 t1,0,False,0,0,,,,,,,,,
dbac04ef34aafdafa11efab6d97e02a98e208d310239517c321d1fe02e268fef,7,5,2,N=7 M=5 t2,0,False,0,0,,,,,,,,,
dbac04ef34aafdafa11efab6d97e02a98e208d310239517c321d1fe02e268fef,7,6,1,N=7 M=6 t1,0,False,0,0,,,,,,,,,
dbac04ef34aafdafa11efab6d97e02a98e208d310239517c321d1fe02e268fef,7,6,2,N=7 M=6 t2,0,False,0,0,,,,,,,,,
dbac04ef34aafdafa11efab6d97e02a98e208d310239517c321d1fe02e268fef,8,1,1,N=8 M=1 t1,0,False,0,0,,,,,,,,,
dbac04ef34aafdafa11efab6d97e02a98e208d310239517c321d1fe02e268fef,8,1,2,N=8 M=1 t2,0,False,0,0,,,,,,,,,
dbac04ef34aafdafa11efab6d97e02a98e208d310239517c321d1fe02e268fef,8,2,1,N=8 M=2 t1,0,False,0,0,,,,,,,,,
dbac04ef34aafdafa11efab6d97e02a98e208d310239517c321d1fe02e268fef,8,2,2,N=8 M=2 t2,0,False,0,0,,,,,,,,,
dbac04ef34aafdafa11efab6d97e02a98e208d310239517c321d1fe02e268fef,8,3,1,N=8 M=3 t1,0,False,0,0,,,,,,,,,
dbac04ef34aafdafa11efab6d97e02a98e208d310239517c321d1fe02e268fef,8,3,2,N=8 M=3 t2,0,False,0,0,,,,,,,,,
dbac04ef34aafdafa11efab6d97e02a98e208d310239517c321d1fe02e268fef,8,4,1,N=8 M=4 t1,0,False,0,0,,,,,,,,,
dbac04ef34aafdafa11efab6d97e02a98e208d310239517c321d1fe02e268fef,8,4,2,N=8 M=4 t2,0,False,0,0,,,,,,,,,
dbac04ef34aafdafa11efab6d97e02a98e208d310239517c321d1fe02e268fef,8,5,1,N=8 M=5 t1,0,False,0,0,,,,,,,,,
dbac04ef34aafdafa11efab6d97e02a98e208d310239517c321d1fe02e268fef,8,5,2,N=8 M=5 t2,0,False,0,0,,,,,,,,,
dbac04ef34aafdafa11efab6d97e02a98e208d310239517c321d1fe02e268fef,8,6,1,N=8 M=6 t1,0,False,0,0,,,,,,,,,
dbac04ef34aafdafa11efab6d97e02a98e208d310239517c321d1fe02e268fef,8,6,2,N=8 M=6 t2,0,False,0,0,,,,,,,,,
dbac04ef34aafdafa11efab6d97e02a98e208d310239517c321d1fe02e268fef,8,7,1,N=8 M=7 t1,0,False,0,0,,,,,,,,,
dbac04ef34aafdafa11efab6d97e02a98e208d310239517c321d1fe02e268fef,8,7,2,N=8 M=7 t2,0,False,0,0,,,,,,,,,
dbac04ef34aafdafa11efab6d97e02a98e208d310239517c321d1fe02e268fef,9,1,1,N=9 M=1 t1,4,True,4,1,14470.0,1.0,4.0,5.0,16169.0,,14470.0,,
dbac04ef34aafdafa11efab6d97e02a98e208d310239517c321d1fe02e268fef,9,1,1,N=9 M=1 t1,4,True,4,2,16133.0,1.0,4.0,6.0,18692.0,,16133.0,,
dbac04ef34aafdafa11efab6d97e02a98e208d310239517c321d1fe02e268fef,9,1,1,N=9 M=1 t1,4,True,4,3,71818.0,1.0,5.0,7.0,,,,,
dbac04ef34aafdafa11efab6d97e02a98e208d310239517c321d1fe02e268fef,9,1,1,N=9 M=1 t1,4,True,4,4,104197.0,1.0,6.0,8.0,106867.0,,,,
dbac04ef34aafdafa11efab6d97e02a98e208d310239517c321d1fe02e268fef,9,1,2,N=9 M=1 t2,6,True,6,1,858.0,2.0,6.0,8.0,1198.0,,20780.0,,
dbac04ef34aafdafa11efab6d97e02a98e208d310239517c321d1fe02e268fef,9,1,2,N=9 M=1 t2,6,True,6,2,1435.0,1.0,7.0,10.0,2414.0,,3225.0,,
dbac04ef34aafdafa11efab6d97e02a98e208d310239517c321d1fe02e268fef,9,1,2,N=9 M=1 t2,6,True,6,3,3793.0,1.0,8.0,12.0,,,,,
dbac04ef34aafdafa11efab6d97e02a98e208d310239517c321d1fe02e268fef,9,1,2,N=9 M=1 t2,6,True,6,4,49410.0,1.0,8.0,12.0,51939.0,,49410.0,,
dbac04ef34aafdafa11efab6d97e02a98e208d310239517c321d1fe02e268fef,9,1,2,N=9 M=1 t2,6,True,6,5,67958.0,1.0,8.0,12.0,,,,,
dbac04ef34aafdafa11efab6d97e02a98e208d310239517c321d1fe02e268fef,9,1,2,N=9 M=1 t2,6,True,6,6,84260.0,1.0,8.0,12.0,86017.0,,84260.0,,
dbac04ef34aafdafa11efab6d97e02a98e208d310239517c321d1fe02e268fef,9,2,1,N=9 M=2 t1,7,True,7,1,11264.0,2.0,6.0,7.0,13800.0,,20322.0,,
dbac04ef34aafdafa11efab6d97e02a98e208d310239517c321d1fe02e268fef,9,2,1,N=9 M=2 t1,7,True,7,2,28781.0,2.0,7.0,9.0,,,,,
dbac04ef34aafdafa11efab6d97e02a98e208d310239517c321d1fe02e268fef,9,2,1,N=9 M=2 t1,7,True,7,3,34695.0,2.0,9.0,12.0,35698.0,,56458.0,,
dbac04ef34aafdafa11efab6d97e02a98e208d310239517c321d1fe02e268fef,9,2,1,N=9 M=2 t1,7,True,7,4,35907.0,2.0,9.0,13.0,36967.0,,35907.0,,
dbac04ef34aafdafa11efab6d97e02a98e208d310239517c321d1fe02e268fef,9,2,1,N=9 M=2 t1,7,True,7,5,66906.0,2.0,9.0,13.0,,,,,
dbac04ef34aafdafa11efab6d97e02a98e208d310239517c321d1fe02e268fef,9,2,1,N=9 M=2 t1,7,True,7,6,97354.0,2.0,9.0,13.0,,,,,
dbac04ef34aafdafa11efab6d97e02a98e208d310239517c321d1fe02e268fef,9,2,1,N=9 M=2 t1,7,True,7,7,114288.0,2.0,9.0,13.0,,,,,
dbac04ef34aafdafa11efab6d97e02a98e208d310239517c321d1fe02e268fef,9,2,2,N=9 M=2 t2,3,True,3,1,3176.0,2.0,9.0,13.0,4175.0,,23173.0,,
dbac04ef34aafdafa11efab6d97e02a98e208d310239517c321d1fe02e268fef,9,2,2,N=9 M=2 t2,3,True,3,2,44237.0,2.0,10.0,15.0,45559.0,46026.0,46573.0,,
dbac04ef34aafdafa11efab6d97e02a98e208d310239517c321d1fe02e268fef,9,2,2,N=9 M=2 t2,3,True,3,3,97037.0,2.0,10.0,15.0,98028.0,,101100.0,,
dbac04ef34aafdafa11efab6d97e02a98e208d310239517c321d1fe02e268fef,9,3,1,N=9 M=3 t1,5,True,5,1,1266.0,3.0,6.0,7.0,2313.0,,3080.0,,
dbac04ef34aafdafa11efab6d97e02a98e208d310239517c321d1fe02e268fef,9,3,1,N=9 M=3 t1,5,True,5,2,3991.0,3.0,7.0,9.0,5030.0,,,,
dbac04ef34aafdafa11efab6d97e02a98e208d310239517c321d1fe02e268fef,9,3,1,N=9 M=3 t1,5,True,5,3,7300.0,3.0,8.0,11.0,8708.0,,7300.0,,
dbac04ef34aafdafa11efab6d97e02a98e208d310239517c321d1fe02e268fef,9,3,1,N=9 M=3 t1,5,True,5,4,10273.0,1.0,9.0,13.0,10595.0,,26795.0,,
dbac04ef34aafdafa11efab6d97e02a98e208d310239517c321d1fe02e268fef,9,3,1,N=9 M=3 t1,5,True,5,5,17595.0,2.0,10.0,15.0,18740.0,,26283.0,,
dbac04ef34aafdafa11efab6d97e02a98e208d310239517c321d1fe02e268fef,9,3,2,N=9 M=3 t2,4,True,4,1,1751.0,3.0,8.0,11.0,2071.0,,2975.0,,
dbac04ef34aafdafa11efab6d97e02a98e208d310239517c321d1fe02e268fef,9,3,2,N=9 M=3 t2,4,True,4,2,2039.0,2.0,9.0,13.0,2886.0,,7611.0,,
dbac04ef34aafdafa11efab6d97e02a98e208d310239517c321d1fe02e268fef,9,3,2,N=9 M=3 t2,4,True,4,3,5376.0,3.0,10.0,15.0,10788.0,,5376.0,,
dbac04ef34aafdafa11efab6d97e02a98e208d310239517c321d1fe02e268fef,9,3,2,N=9 M=3 t2,4,True,4,4,19373.0,1.0,11.0,17.0,20355.0,,21353.0,,
dbac04ef34aafdafa11efab6d97e02a98e208d310239517c321d1fe02e268fef,9,4,1,N=9 M=4 t1,4,True,4,1,1293.0,4.0,8.0,11.0,2324.0,,3260.0,,
dbac04ef34aafdafa11efab6d97e02a98e208d310239517c321d1fe02e268fef,9,4,1,N=9 M=4 t1,4,True,4,2,8579.0,3.0,9.0,13.0,29562.0,,,,
dbac04ef34aafdafa11efab6d97e02a98e208d310239517c321d1fe02e268fef,9,4,1,N=9 M=4 t1,4,True,4,3,25877.0,1.0,9.0,13.0,26716.0,,40484.0,,
dbac04ef34aafdafa11efab6d97e02a98e208d310239517c321d1fe02e268fef,9,4,1,N=9 M=4 t1,4,True,4,4,28398.0,2.0,10.0,15.0,29562.0,,,,
dbac04ef34aafdafa11efab6d97e02a98e208d310239517c321d1fe02e268fef,9,4,2,N=9 M=4 t2,3,True,3,1,112.0,3.0,6.0,7.0,1622.0,,2445.0,,
dbac04ef34aafdafa11efab6d97e02a98e208d310239517c321d1fe02e268fef,9,4,2,N=9 M=4 t2,3,True,3,2,945.0,4.0,7.0,9.0,2017.0,,23139.0,,
dbac04ef34aafdafa11efab6d97e02a98e208d310239517c321d1fe02e268fef,9,4,2,N=9 M=4 t2,3,True,3,3,12148.0,3.0,9.0,12.0,12591.0,,31576.0,,
dbac04ef34aafdafa11efab6d97e02a98e208d310239517c321d1fe02e268fef,9,5,1,N=9 M=5 t1,7,True,7,1,3072.0,3.0,8.0,10.0,4076.0,,4950.0,,
dbac04ef34aafdafa11efab6d97e02a98e208d310239517c321d1fe02e268fef,9,5,1,N=9 M=5 t1,7,True,7,2,18190.0,3.0,9.0,12.0,18683.0,,26171.0,,
dbac04ef34aafdafa11efab6d97e02a98e208d310239517c321d1fe02e268fef,9,5,1,N=9 M=5 t1,7,True,7,3,21070.0,2.0,10.0,14.0,22171.0,,24896.0,,
dbac04ef34aafdafa11efab6d97e02a98e208d310239517c321d1fe02e268fef,9,5,1,N=9 M=5 t1,7,True,7,4,32609.0,2.0,10.0,15.0,42261.0,,43212.0,,
dbac04ef34aafdafa11efab6d97e02a98e208d310239517c321d1fe02e268fef,9,5,1,N=9 M=5 t1,7,True,7,5,40875.0,2.0,11.0,16.0,42261.0,,43212.0,,
dbac04ef34aafdafa11efab6d97e02a98e208d310239517c321d1fe02e268fef,9,5,1,N=9 M=5 t1,7,True,7,6,52639.0,1.0,11.0,16.0,56996.0,,68120.0,,
dbac04ef34aafdafa11efab6d97e02a98e208d310239517c321d1fe02e268fef,9,5,1,N=9 M=5 t1,7,True,7,7,79115.0,1.0,11.0,16.0,80508.0,,99550.0,,
dbac04ef34aafdafa11efab6d97e02a98e208d310239517c321d1fe02e268fef,9,5,2,N=9 M=5 t2,3,True,3,1,129.0,4.0,8.0,10.0,1542.0,,2521.0,,
dbac04ef34aafdafa11efab6d97e02a98e208d310239517c321d1fe02e268fef,9,5,2,N=9 M=5 t2,3,True,3,2,3583.0,4.0,9.0,12.0,4462.0,,18860.0,,
dbac04ef34aafdafa11efab6d97e02a98e208d310239517c321d1fe02e268fef,9,5,2,N=9 M=5 t2,3,True,3,3,9091.0,2.0,10.0,14.0,18461.0,,24544.0,,
dbac04ef34aafdafa11efab6d97e02a98e208d310239517c321d1fe02e268fef,9,6,1,N=9 M=6 t1,1,True,0,0,,,,,,,,,
dbac04ef34aafdafa11efab6d97e02a98e208d310239517c321d1fe02e268fef,9,6,2,N=9 M=6 t2,3,True,3,1,881.0,4.0,10.0,14.0,,,,,
dbac04ef34aafdafa11efab6d97e02a98e208d310239517c321d1fe02e268fef,9,6,2,N=9 M=6 t2,3,True,3,2,1669.0,4.0,11.0,16.0,2672.0,,22700.0,,
dbac04ef34aafdafa11efab6d97e02a98e208d310239517c321d1fe02e268fef,9,6,2,N=9 M=6 t2,3,True,3,3,104735.0,4.0,9.0,12.0,107288.0,,119009.0,,
dbac04ef34aafdafa11efab6d97e02a98e208d310239517c321d1fe02e268fef,9,7,1,N=9 M=7 t1,8,True,8,1,5570.0,4.0,7.0,8.0,,,,,
dbac04ef34aafdafa11efab6d97e02a98e208d310239517c321d1fe02e268fef,9,7,1,N=9 M=7 t1,8,True,8,2,9643.0,3.0,8.0,10.0,65137.0,,66668.0,,
dbac04ef34aafdafa11efab6d97e02a98e208d310239517c321d1fe02e268fef,9,7,1,N=9 M=7 t1,8,True,8,3,36956.0,4.0,7.0,8.0,65137.0,,66668.0,,
dbac04ef34aafdafa11efab6d97e02a98e208d310239517c321d1fe02e268fef,9,7,1,N=9 M=7 t1,8,True,8,4,62507.0,5.0,7.0,8.0,65137.0,,66668.0,,
dbac04ef34aafdafa11efab6d97e02a98e208d310239517c321d1fe02e268fef,9,7,1,N=9 M=7 t1,8,True,8,5,64463.0,4.0,8.0,10.0,65004.0,,65950.0,,
dbac04ef34aafdafa11efab6d97e02a98e208d310239517c321d1fe02e268fef,9,7,1,N=9 M=7 t1,8,True,8,6,80991.0,2.0,9.0,12.0,82023.0,,82987.0,,
dbac04ef34aafdafa11efab6d97e02a98e208d310239517c321d1fe02e268fef,9,7,1,N=9 M=7 t1,8,True,8,7,88590.0,2.0,10.0,14.0,,,,,
dbac04ef34aafdafa11efab6d97e02a98e208d310239517c321d1fe02e268fef,9,7,1,N=9 M=7 t1,8,True,8,8,110775.0,2.0,10.0,14.0,,,,,
dbac04ef34aafdafa11efab6d97e02a98e208d310239517c321d1fe02e268fef,9,7,2,N=9 M=7 t2,9,True,0,0,,,,,,,,,
dbac04ef34aafdafa11efab6d97e02a98e208d310239517c321d1fe02e268fef,9,8,1,N=9 M=8 t1,5,True,5,1,7859.0,5.0,8.0,10.0,30647.0,,32381.0,,
dbac04ef34aafdafa11efab6d97e02a98e208d310239517c321d1fe02e268fef,9,8,1,N=9 M=8 t1,5,True,5,2,19823.0,5.0,8.0,10.0,20397.0,,24304.0,,
dbac04ef34aafdafa11efab6d97e02a98e208d310239517c321d1fe02e268fef,9,8,1,N=9 M=8 t1,5,True,5,3,26641.0,4.0,8.0,10.0,27646.0,,47304.0,,
dbac04ef34aafdafa11efab6d97e02a98e208d310239517c321d1fe02e268fef,9,8,1,N=9 M=8 t1,5,True,5,4,27624.0,3.0,9.0,12.0,30647.0,,32381.0,,
dbac04ef34aafdafa11efab6d97e02a98e208d310239517c321d1fe02e268fef,9,8,1,N=9 M=8 t1,5,True,5,5,70331.0,3.0,10.0,14.0,71201.0,,72295.0,,
dbac04ef34aafdafa11efab6d97e02a98e208d310239517c321d1fe02e268fef,9,8,2,N=9 M=8 t2,3,True,3,1,1889.0,4.0,9.0,12.0,5226.0,,31662.0,,
dbac04ef34aafdafa11efab6d97e02a98e208d310239517c321d1fe02e268fef,9,8,2,N=9 M=8 t2,3,True,3,2,14690.0,2.0,10.0,14.0,15071.0,,22394.0,,
dbac04ef34aafdafa11efab6d97e02a98e208d310239517c321d1fe02e268fef,9,8,2,N=9 M=8 t2,3,True,3,3,29914.0,2.0,11.0,16.0,30811.0,,31255.0,,
dbac04ef34aafdafa11efab6d97e02a98e208d310239517c321d1fe02e268fef,10,1,1,N=10 M=1 t1,2,True,2,1,34911.0,2.0,8.0,10.0,35381.0,,46917.0,,
dbac04ef34aafdafa11efab6d97e02a98e208d310239517c321d1fe02e268fef,10,1,1,N=10 M=1 t1,2,True,2,2,46204.0,1.0,9.0,12.0,47534.0,,53240.0,,
dbac04ef34aafdafa11efab6d97e02a98e208d310239517c321d1fe02e268fef,10,1,2,N=10 M=1 t2,6,True,6,1,9989.0,1.0,7.0,8.0,11003.0,,24727.0,,
dbac04ef34aafdafa11efab6d97e02a98e208d310239517c321d1fe02e268fef,10,1,2,N=10 M=1 t2,6,True,6,2,12262.0,1.0,8.0,10.0,13892.0,,14928.0,,
dbac04ef34aafdafa11efab6d97e02a98e208d310239517c321d1fe02e268fef,10,1,2,N=10 M=1 t2,6,True,6,3,27996.0,1.0,9.0,12.0,28953.0,,46210.0,,
dbac04ef34aafdafa11efab6d97e02a98e208d310239517c321d1fe02e268fef,10,1,2,N=10 M=1 t2,6,True,6,4,41993.0,1.0,10.0,14.0,43140.0,,45946.0,,
dbac04ef34aafdafa11efab6d97e02a98e208d310239517c321d1fe02e268fef,10,1,2,N=10 M=1 t2,6,True,6,5,45648.0,1.0,11.0,16.0,50298.0,,67887.0,,
dbac04ef34aafdafa11efab6d97e02a98e208d310239517c321d1fe02e268fef,10,1,2,N=10 M=1 t2,6,True,6,6,63834.0,1.0,12.0,18.0,64841.0,,65268.0,,
dbac04ef34aafdafa11efab6d97e02a98e208d310239517c321d1fe02e268fef,10,2,1,N=10 M=2 t1,8,True,8,1,7212.0,2.0,8.0,10.0,8396.0,,21562.0,,
dbac04ef34aafdafa11efab6d97e02a98e208d310239517c321d1fe02e268fef,10,2,1,N=10 M=2 t1,8,True,8,2,10327.0,2.0,9.0,12.0,11412.0,,12402.0,,
dbac04ef34aafdafa11efab6d97e02a98e208d310239517c321d1fe02e268fef,10,2,1,N=10 M=2 t1,8,True,8,3,12322.0,1.0,10.0,14.0,13337.0,,22516.0,,
dbac04ef34aafdafa11efab6d97e02a98e208d310239517c321d1fe02e268fef,10,2,1,N=10 M=2 t1,8,True,8,4,13492.0,1.0,11.0,16.0,16172.0,,32237.0,,
dbac04ef34aafdafa11efab6d97e02a98e208d310239517c321d1fe02e268fef,10,2,1,N=10 M=2 t1,8,True,8,5,18161.0,2.0,12.0,18.0,19232.0,,20199.0,,
dbac04ef34aafdafa11efab6d97e02a98e208d310239517c321d1fe02e268fef,10,2,1,N=10 M=2 t1,8,True,8,6,29597.0,2.0,13.0,19.0,,,,,
dbac04ef34aafdafa11efab6d97e02a98e208d310239517c321d1fe02e268fef,10,2,1,N=10 M=2 t1,8,True,8,7,29620.0,2.0,13.0,20.0,31234.0,,32237.0,,
dbac04ef34aafdafa11efab6d97e02a98e208d310239517c321d1fe02e268fef,10,2,1,N=10 M=2 t1,8,True,8,8,100221.0,1.0,13.0,20.0,,,,,
dbac04ef34aafdafa11efab6d97e02a98e208d310239517c321d1fe02e268fef,10,2,2,N=10 M=2 t2,4,True,4,1,3693.0,2.0,9.0,12.0,,,,,
dbac04ef34aafdafa11efab6d97e02a98e208d310239517c321d1fe02e268fef,10,2,2,N=10 M=2 t2,4,True,4,2,13810.0,2.0,10.0,14.0,14859.0,,20425.0,,
dbac04ef34aafdafa11efab6d97e02a98e208d310239517c321d1fe02e268fef,10,2,2,N=10 M=2 t2,4,True,4,3,19083.0,1.0,10.0,14.0,19441.0,,25811.0,,
dbac04ef34aafdafa11efab6d97e02a98e208d310239517c321d1fe02e268fef,10,2,2,N=10 M=2 t2,4,True,4,4,23869.0,2.0,11.0,16.0,25612.0,,32788.0,,
dbac04ef34aafdafa11efab6d97e02a98e208d310239517c321d1fe02e268fef,10,3,1,N=10 M=3 t1,10,True,0,0,,,,,,,,,
dbac04ef34aafdafa11efab6d97e02a98e208d310239517c321d1fe02e268fef,10,3,2,N=10 M=3 t2,3,True,3,1,1537.0,3.0,10.0,14.0,2076.0,,24490.0,,
dbac04ef34aafdafa11efab6d97e02a98e208d310239517c321d1fe02e268fef,10,3,2,N=10 M=3 t2,3,True,3,2,3359.0,3.0,11.0,16.0,4697.0,,19238.0,,
dbac04ef34aafdafa11efab6d97e02a98e208d310239517c321d1fe02e268fef,10,3,2,N=10 M=3 t2,3,True,3,3,103085.0,2.0,11.0,16.0,,,,,
dbac04ef34aafdafa11efab6d97e02a98e208d310239517c321d1fe02e268fef,10,4,1,N=10 M=4 t1,5,True,5,1,3936.0,4.0,8.0,11.0,,,,,
dbac04ef34aafdafa11efab6d97e02a98e208d310239517c321d1fe02e268fef,10,4,1,N=10 M=4 t1,5,True,5,2,14460.0,4.0,9.0,13.0,37355.0,,49150.0,,
dbac04ef34aafdafa11efab6d97e02a98e208d310239517c321d1fe02e268fef,10,4,1,N=10 M=4 t1,5,True,5,3,23897.0,2.0,9.0,13.0,,,,,
dbac04ef34aafdafa11efab6d97e02a98e208d310239517c321d1fe02e268fef,10,4,1,N=10 M=4 t1,5,True,5,4,27597.0,4.0,9.0,13.0,28679.0,,45668.0,,
dbac04ef34aafdafa11efab6d97e02a98e208d310239517c321d1fe02e268fef,10,4,1,N=10 M=4 t1,5,True,5,5,34823.0,4.0,9.0,13.0,37355.0,,49150.0,,
dbac04ef34aafdafa11efab6d97e02a98e208d310239517c321d1fe02e268fef,10,4,2,N=10 M=4 t2,9,True,0,0,,,,,,,,,
dbac04ef34aafdafa11efab6d97e02a98e208d310239517c321d1fe02e268fef,10,5,1,N=10 M=5 t1,5,True,5,1,2486.0,4.0,9.0,13.0,,,,,
dbac04ef34aafdafa11efab6d97e02a98e208d310239517c321d1fe02e268fef,10,5,1,N=10 M=5 t1,5,True,5,2,2525.0,4.0,10.0,15.0,3430.0,,3826.0,,
dbac04ef34aafdafa11efab6d97e02a98e208d310239517c321d1fe02e268fef,10,5,1,N=10 M=5 t1,5,True,5,3,4023.0,3.0,11.0,17.0,5676.0,,,,
dbac04ef34aafdafa11efab6d97e02a98e208d310239517c321d1fe02e268fef,10,5,1,N=10 M=5 t1,5,True,5,4,49881.0,2.0,10.0,15.0,,,,,
dbac04ef34aafdafa11efab6d97e02a98e208d310239517c321d1fe02e268fef,10,5,1,N=10 M=5 t1,5,True,5,5,96920.0,2.0,10.0,15.0,,,,,
dbac04ef34aafdafa11efab6d97e02a98e208d310239517c321d1fe02e268fef,10,5,2,N=10 M=5 t2,6,True,6,1,15456.0,3.0,6.0,7.0,,,,,
dbac04ef34aafdafa11efab6d97e02a98e208d310239517c321d1fe02e268fef,10,5,2,N=10 M=5 t2,6,True,6,2,23149.0,5.0,7.0,9.0,23543.0,,24678.0,,
dbac04ef34aafdafa11efab6d97e02a98e208d310239517c321d1fe02e268fef,10,5,2,N=10 M=5 t2,6,True,6,3,35238.0,5.0,7.0,9.0,,,,,
dbac04ef34aafdafa11efab6d97e02a98e208d310239517c321d1fe02e268fef,10,5,2,N=10 M=5 t2,6,True,6,4,58545.0,3.0,7.0,9.0,,,,,
dbac04ef34aafdafa11efab6d97e02a98e208d310239517c321d1fe02e268fef,10,5,2,N=10 M=5 t2,6,True,6,5,78160.0,4.0,7.0,9.0,,,,,
dbac04ef34aafdafa11efab6d97e02a98e208d310239517c321d1fe02e268fef,10,5,2,N=10 M=5 t2,6,True,6,6,102049.0,5.0,7.0,9.0,,,,,
dbac04ef34aafdafa11efab6d97e02a98e208d310239517c321d1fe02e268fef,10,6,1,N=10 M=6 t1,10,True,0,0,,,,,,,,,
dbac04ef34aafdafa11efab6d97e02a98e208d310239517c321d1fe02e268fef,10,6,2,N=10 M=6 t2,8,True,8,1,70.0,5.0,6.0,8.0,1067.0,,1627.0,,
dbac04ef34aafdafa11efab6d97e02a98e208d310239517c321d1fe02e268fef,10,6,2,N=10 M=6 t2,8,True,8,2,3960.0,5.0,7.0,10.0,6024.0,,27462.0,,
dbac04ef34aafdafa11efab6d97e02a98e208d310239517c321d1fe02e268fef,10,6,2,N=10 M=6 t2,8,True,8,3,11757.0,3.0,8.0,12.0,12353.0,,25212.0,,
dbac04ef34aafdafa11efab6d97e02a98e208d310239517c321d1fe02e268fef,10,6,2,N=10 M=6 t2,8,True,8,4,39556.0,2.0,8.0,12.0,40984.0,,41366.0,,
dbac04ef34aafdafa11efab6d97e02a98e208d310239517c321d1fe02e268fef,10,6,2,N=10 M=6 t2,8,True,8,5,49609.0,3.0,9.0,14.0,,,,,
dbac04ef34aafdafa11efab6d97e02a98e208d310239517c321d1fe02e268fef,10,6,2,N=10 M=6 t2,8,True,8,6,69257.0,2.0,9.0,14.0,,,,,
dbac04ef34aafdafa11efab6d97e02a98e208d310239517c321d1fe02e268fef,10,6,2,N=10 M=6 t2,8,True,8,7,93911.0,2.0,9.0,14.0,,,,,
dbac04ef34aafdafa11efab6d97e02a98e208d310239517c321d1fe02e268fef,10,6,2,N=10 M=6 t2,8,True,8,8,112155.0,3.0,9.0,14.0,,,,,
dbac04ef34aafdafa11efab6d97e02a98e208d310239517c321d1fe02e268fef,10,7,1,N=10 M=7 t1,8,True,9,1,39130.0,4.0,5.0,6.0,39860.0,,47442.0,,
dbac04ef34aafdafa11efab6d97e02a98e208d310239517c321d1fe02e268fef,10,7,1,N=10 M=7 t1,8,True,9,2,42796.0,6.0,5.0,7.0,,,,,
dbac04ef34aafdafa11efab6d97e02a98e208d310239517c321d1fe02e268fef,10,7,1,N=10 M=7 t1,8,True,9,3,46381.0,3.0,6.0,8.0,,,,,
dbac04ef34aafdafa11efab6d97e02a98e208d310239517c321d1fe02e268fef,10,7,1,N=10 M=7 t1,8,True,9,4,50975.0,4.0,7.0,10.0,,,,,
dbac04ef34aafdafa11efab6d97e02a98e208d310239517c321d1fe02e268fef,10,7,1,N=10 M=7 t1,8,True,9,5,62476.0,3.0,7.0,10.0,,,,,
dbac04ef34aafdafa11efab6d97e02a98e208d310239517c321d1fe02e268fef,10,7,1,N=10 M=7 t1,8,True,9,6,79424.0,2.0,6.0,8.0,,,,,
dbac04ef34aafdafa11efab6d97e02a98e208d310239517c321d1fe02e268fef,10,7,1,N=10 M=7 t1,8,True,9,7,83635.0,5.0,7.0,10.0,,,,,
dbac04ef34aafdafa11efab6d97e02a98e208d310239517c321d1fe02e268fef,10,7,1,N=10 M=7 t1,8,True,9,8,99947.0,4.0,6.0,8.0,,,,,
dbac04ef34aafdafa11efab6d97e02a98e208d310239517c321d1fe02e268fef,10,7,1,N=10 M=7 t1,8,True,9,9,118762.0,4.0,6.0,8.0,,,,,
dbac04ef34aafdafa11efab6d97e02a98e208d310239517c321d1fe02e268fef,10,7,2,N=10 M=7 t2,9,True,10,1,8876.0,4.0,7.0,9.0,9307.0,,29173.0,,
dbac04ef34aafdafa11efab6d97e02a98e208d310239517c321d1fe02e268fef,10,7,2,N=10 M=7 t2,9,True,10,2,10439.0,4.0,8.0,11.0,,,,,
dbac04ef34aafdafa11efab6d97e02a98e208d310239517c321d1fe02e268fef,10,7,2,N=10 M=7 t2,9,True,10,3,17387.0,4.0,8.0,11.0,,,,,
dbac04ef34aafdafa11efab6d97e02a98e208d310239517c321d1fe02e268fef,10,7,2,N=10 M=7 t2,9,True,10,4,29995.0,3.0,8.0,11.0,,,,,
dbac04ef34aafdafa11efab6d97e02a98e208d310239517c321d1fe02e268fef,10,7,2,N=10 M=7 t2,9,True,10,5,50314.0,3.0,7.0,9.0,,,,,
dbac04ef34aafdafa11efab6d97e02a98e208d310239517c321d1fe02e268fef,10,7,2,N=10 M=7 t2,9,True,10,6,57728.0,5.0,8.0,11.0,,,,,
dbac04ef34aafdafa11efab6d97e02a98e208d310239517c321d1fe02e268fef,10,7,2,N=10 M=7 t2,9,True,10,7,85091.0,5.0,6.0,8.0,,,,,
dbac04ef34aafdafa11efab6d97e02a98e208d310239517c321d1fe02e268fef,10,7,2,N=10 M=7 t2,9,True,10,8,89587.0,6.0,7.0,10.0,,,,,
dbac04ef34aafdafa11efab6d97e02a98e208d310239517c321d1fe02e268fef,10,7,2,N=10 M=7 t2,9,True,10,9,104974.0,4.0,6.0,8.0,,,,,
dbac04ef34aafdafa11efab6d97e02a98e208d310239517c321d1fe02e268fef,10,7,2,N=10 M=7 t2,9,True,10,10,118250.0,5.0,7.0,10.0,,,,,
dbac04ef34aafdafa11efab6d97e02a98e208d310239517c321d1fe02e268fef,10,8,1,N=10 M=8 t1,9,True,9,1,1680.0,4.0,6.0,8.0,,,,,
dbac04ef34aafdafa11efab6d97e02a98e208d310239517c321d1fe02e268fef,10,8,1,N=10 M=8 t1,9,True,9,2,10352.0,5.0,7.0,10.0,10848.0,,23203.0,,
dbac04ef34aafdafa11efab6d97e02a98e208d310239517c321d1fe02e268fef,10,8,1,N=10 M=8 t1,9,True,9,3,18852.0,2.0,6.0,9.0,40672.0,,41478.0,,
dbac04ef34aafdafa11efab6d97e02a98e208d310239517c321d1fe02e268fef,10,8,1,N=10 M=8 t1,9,True,9,4,30251.0,2.0,7.0,10.0,31230.0,,32072.0,,
dbac04ef34aafdafa11efab6d97e02a98e208d310239517c321d1fe02e268fef,10,8,1,N=10 M=8 t1,9,True,9,5,35760.0,2.0,8.0,12.0,,,,,
dbac04ef34aafdafa11efab6d97e02a98e208d310239517c321d1fe02e268fef,10,8,1,N=10 M=8 t1,9,True,9,6,39781.0,2.0,9.0,14.0,40672.0,,41478.0,,
dbac04ef34aafdafa11efab6d97e02a98e208d310239517c321d1fe02e268fef,10,8,1,N=10 M=8 t1,9,True,9,7,68105.0,1.0,9.0,14.0,,,,,
dbac04ef34aafdafa11efab6d97e02a98e208d310239517c321d1fe02e268fef,10,8,1,N=10 M=8 t1,9,True,9,8,93831.0,2.0,9.0,14.0,,,,,
dbac04ef34aafdafa11efab6d97e02a98e208d310239517c321d1fe02e268fef,10,8,1,N=10 M=8 t1,9,True,9,9,114333.0,2.0,9.0,14.0,,,,,
dbac04ef34aafdafa11efab6d97e02a98e208d310239517c321d1fe02e268fef,10,8,2,N=10 M=8 t2,8,True,8,1,930.0,5.0,6.0,8.0,,,,,
dbac04ef34aafdafa11efab6d97e02a98e208d310239517c321d1fe02e268fef,10,8,2,N=10 M=8 t2,8,True,8,2,1696.0,4.0,7.0,10.0,2675.0,,3768.0,,
dbac04ef34aafdafa11efab6d97e02a98e208d310239517c321d1fe02e268fef,10,8,2,N=10 M=8 t2,8,True,8,3,13803.0,3.0,8.0,12.0,14198.0,,26742.0,,
dbac04ef34aafdafa11efab6d97e02a98e208d310239517c321d1fe02e268fef,10,8,2,N=10 M=8 t2,8,True,8,4,20518.0,3.0,8.0,12.0,,,,,
dbac04ef34aafdafa11efab6d97e02a98e208d310239517c321d1fe02e268fef,10,8,2,N=10 M=8 t2,8,True,8,5,48477.0,3.0,8.0,12.0,,,,,
dbac04ef34aafdafa11efab6d97e02a98e208d310239517c321d1fe02e268fef,10,8,2,N=10 M=8 t2,8,True,8,6,64059.0,2.0,8.0,12.0,,,,,
dbac04ef34aafdafa11efab6d97e02a98e208d310239517c321d1fe02e268fef,10,8,2,N=10 M=8 t2,8,True,8,7,83994.0,3.0,8.0,12.0,,,,,
dbac04ef34aafdafa11efab6d97e02a98e208d310239517c321d1fe02e268fef,10,8,2,N=10 M=8 t2,8,True,8,8,104294.0,2.0,8.0,12.0,,,,,
dbac04ef34aafdafa11efab6d97e02a98e208d310239517c321d1fe02e268fef,10,9,1,N=10 M=9 t1,8,True,0,0,,,,,,,,,
dbac04ef34aafdafa11efab6d97e02a98e208d310239517c321d1fe02e268fef,10,9,2,N=10 M=9 t2,7,True,8,1,1747.0,5.0,7.0,10.0,3694.0,,4778.0,,
dbac04ef34aafdafa11efab6d97e02a98e208d310239517c321d1fe02e268fef,10,9,2,N=10 M=9 t2,7,True,8,2,17340.0,3.0,7.0,10.0,,,,,
dbac04ef34aafdafa11efab6d97e02a98e208d310239517c321d1fe02e268fef,10,9,2,N=10 M=9 t2,7,True,8,3,28118.0,3.0,8.0,12.0,37409.0,,46506.0,,
dbac04ef34aafdafa11efab6d97e02a98e208d310239517c321d1fe02e268fef,10,9,2,N=10 M=9 t2,7,True,8,4,37041.0,3.0,8.0,12.0,,,,,
dbac04ef34aafdafa11efab6d97e02a98e208d310239517c321d1fe02e268fef,10,9,2,N=10 M=9 t2,7,True,8,5,63464.0,4.0,8.0,12.0,,,,,
dbac04ef34aafdafa11efab6d97e02a98e208d310239517c321d1fe02e268fef,10,9,2,N=10 M=9 t2,7,True,8,6,85982.0,3.0,8.0,12.0,,,,,
dbac04ef34aafdafa11efab6d97e02a98e208d310239517c321d1fe02e268fef,10,9,2,N=10 M=9 t2,7,True,8,7,105735.0,2.0,8.0,12.0,,,,,
dbac04ef34aafdafa11efab6d97e02a98e208d310239517c321d1fe02e268fef,10,9,2,N=10 M=9 t2,7,True,8,8,117753.0,3.0,8.0,13.0,118008.0,,118917.0,,
dbac04ef34aafdafa11efab6d97e02a98e208d310239517c321d1fe02e268fef,11,1,1,N=11 M=1 t1,4,True,5,1,103.0,5.0,6.0,8.0,1257.0,,20884.0,,
dbac04ef34aafdafa11efab6d97e02a98e208d310239517c321d1fe02e268fef,11,1,1,N=11 M=1 t1,4,True,5,2,824.0,5.0,7.0,10.0,2422.0,,6479.0,,
dbac04ef34aafdafa11efab6d97e02a98e208d310239517c321d1fe02e268fef,11,1,1,N=11 M=1 t1,4,True,5,3,22740.0,2.0,8.0,12.0,,,,,
dbac04ef34aafdafa11efab6d97e02a98e208d310239517c321d1fe02e268fef,11,1,1,N=11 M=1 t1,4,True,5,4,49296.0,1.0,8.0,12.0,,,,,
dbac04ef34aafdafa11efab6d97e02a98e208d310239517c321d1fe02e268fef,11,1,1,N=11 M=1 t1,4,True,5,5,116385.0,1.0,8.0,12.0,,,,,
dbac04ef34aafdafa11efab6d97e02a98e208d310239517c321d1fe02e268fef,11,1,2,N=11 M=1 t2,7,True,7,1,1744.0,2.0,6.0,8.0,2195.0,,2999.0,,
dbac04ef34aafdafa11efab6d97e02a98e208d310239517c321d1fe02e268fef,11,1,2,N=11 M=1 t2,7,True,7,2,3146.0,1.0,7.0,10.0,4345.0,,20368.0,,
dbac04ef34aafdafa11efab6d97e02a98e208d310239517c321d1fe02e268fef,11,1,2,N=11 M=1 t2,7,True,7,3,4974.0,1.0,8.0,12.0,,,,,
dbac04ef34aafdafa11efab6d97e02a98e208d310239517c321d1fe02e268fef,11,1,2,N=11 M=1 t2,7,True,7,4,33485.0,1.0,8.0,12.0,,,,,
dbac04ef34aafdafa11efab6d97e02a98e208d310239517c321d1fe02e268fef,11,1,2,N=11 M=1 t2,7,True,7,5,61693.0,1.0,8.0,12.0,,,,,
dbac04ef34aafdafa11efab6d97e02a98e208d310239517c321d1fe02e268fef,11,1,2,N=11 M=1 t2,7,True,7,6,87457.0,1.0,8.0,12.0,87777.0,,104810.0,,
dbac04ef34aafdafa11efab6d97e02a98e208d310239517c321d1fe02e268fef,11,1,2,N=11 M=1 t2,7,True,7,7,90740.0,1.0,9.0,14.0,,,,,
dbac04ef34aafdafa11efab6d97e02a98e208d310239517c321d1fe02e268fef,11,2,1,N=11 M=2 t1,7,True,7,1,961.0,2.0,6.0,8.0,1906.0,,3656.0,,
dbac04ef34aafdafa11efab6d97e02a98e208d310239517c321d1fe02e268fef,11,2,1,N=11 M=2 t1,7,True,7,2,13312.0,2.0,7.0,10.0,18095.0,,42074.0,,
dbac04ef34aafdafa11efab6d97e02a98e208d310239517c321d1fe02e268fef,11,2,1,N=11 M=2 t1,7,True,7,3,13541.0,2.0,8.0,12.0,,,,,
dbac04ef34aafdafa11efab6d97e02a98e208d310239517c321d1fe02e268fef,11,2,1,N=11 M=2 t1,7,True,7,4,31517.0,1.0,8.0,12.0,,,,,
dbac04ef34aafdafa11efab6d97e02a98e208d310239517c321d1fe02e268fef,11,2,1,N=11 M=2 t1,7,True,7,5,33237.0,2.0,9.0,14.0,,,,,
dbac04ef34aafdafa11efab6d97e02a98e208d310239517c321d1fe02e268fef,11,2,1,N=11 M=2 t1,7,True,7,6,87111.0,2.0,8.0,12.0,,,,,
dbac04ef34aafdafa11efab6d97e02a98e208d310239517c321d1fe02e268fef,11,2,1,N=11 M=2 t1,7,True,7,7,107457.0,3.0,8.0,12.0,,,,,
dbac04ef34aafdafa11efab6d97e02a98e208d310239517c321d1fe02e268fef,11,2,2,N=11 M=2 t2,6,True,6,1,1446.0,2.0,7.0,10.0,,,,,
dbac04ef34aafdafa11efab6d97e02a98e208d310239517c321d1fe02e268fef,11,2,2,N=11 M=2 t2,6,True,6,2,17806.0,2.0,7.0,10.0,79184.0,,80615.0,,
dbac04ef34aafdafa11efab6d97e02a98e208d310239517c321d1fe02e268fef,11,2,2,N=11 M=2 t2,6,True,6,3,24129.0,2.0,8.0,12.0,24621.0,,43201.0,,
dbac04ef34aafdafa11efab6d97e02a98e208d310239517c321d1fe02e268fef,11,2,2,N=11 M=2 t2,6,True,6,4,36465.0,1.0,8.0,12.0,,,,,
dbac04ef34aafdafa11efab6d97e02a98e208d310239517c321d1fe02e268fef,11,2,2,N=11 M=2 t2,6,True,6,5,54087.0,2.0,8.0,12.0,79184.0,,80615.0,,
dbac04ef34aafdafa11efab6d97e02a98e208d310239517c321d1fe02e268fef,11,2,2,N=11 M=2 t2,6,True,6,6,77289.0,1.0,8.0,12.0,79184.0,,80615.0,,
dbac04ef34aafdafa11efab6d97e02a98e208d310239517c321d1fe02e268fef,11,3,1,N=11 M=3 t1,3,True,3,1,875.0,3.0,7.0,10.0,4979.0,,27290.0,,
dbac04ef34aafdafa11efab6d97e02a98e208d310239517c321d1fe02e268fef,11,3,1,N=11 M=3 t1,3,True,3,2,19498.0,3.0,8.0,12.0,,,,,
dbac04ef34aafdafa11efab6d97e02a98e208d310239517c321d1fe02e268fef,11,3,1,N=11 M=3 t1,3,True,3,3,25410.0,3.0,9.0,14.0,26412.0,,38670.0,,
dbac04ef34aafdafa11efab6d97e02a98e208d310239517c321d1fe02e268fef,11,3,2,N=11 M=3 t2,5,True,5,1,859.0,4.0,7.0,10.0,2035.0,,19486.0,,
dbac04ef34aafdafa11efab6d97e02a98e208d310239517c321d1fe02e268fef,11,3,2,N=11 M=3 t2,5,True,5,2,4592.0,3.0,8.0,12.0,6301.0,,8755.0,,
dbac04ef34aafdafa11efab6d97e02a98e208d310239517c321d1fe02e268fef,11,3,2,N=11 M=3 t2,5,True,5,3,10414.0,3.0,9.0,14.0,10891.0,,32130.0,,
dbac04ef34aafdafa11efab6d97e02a98e208d310239517c321d1fe02e268fef,11,3,2,N=11 M=3 t2,5,True,5,4,24922.0,3.0,8.0,12.0,25220.0,,26305.0,,
dbac04ef34aafdafa11efab6d97e02a98e208d310239517c321d1fe02e268fef,11,3,2,N=11 M=3 t2,5,True,5,5,102062.0,3.0,8.0,13.0,,,,,
dbac04ef34aafdafa11efab6d97e02a98e208d310239517c321d1fe02e268fef,11,4,1,N=11 M=4 t1,7,True,8,1,15650.0,3.0,6.0,8.0,,,,,
dbac04ef34aafdafa11efab6d97e02a98e208d310239517c321d1fe02e268fef,11,4,1,N=11 M=4 t1,7,True,8,2,18722.0,3.0,7.0,10.0,19162.0,,26505.0,,
dbac04ef34aafdafa11efab6d97e02a98e208d310239517c321d1fe02e268fef,11,4,1,N=11 M=4 t1,7,True,8,3,24111.0,4.0,8.0,12.0,25274.0,,26069.0,,
dbac04ef34aafdafa11efab6d97e02a98e208d310239517c321d1fe02e268fef,11,4,1,N=11 M=4 t1,7,True,8,4,36236.0,2.0,8.0,12.0,,,,,
dbac04ef34aafdafa11efab6d97e02a98e208d310239517c321d1fe02e268fef,11,4,1,N=11 M=4 t1,7,True,8,5,59986.0,2.0,8.0,12.0,,,,,
dbac04ef34aafdafa11efab6d97e02a98e208d310239517c321d1fe02e268fef,11,4,1,N=11 M=4 t1,7,True,8,6,81284.0,1.0,8.0,12.0,,,,,
dbac04ef34aafdafa11efab6d97e02a98e208d310239517c321d1fe02e268fef,11,4,1,N=11 M=4 t1,7,True,8,7,102045.0,4.0,7.0,10.0,102970.0,,,,
dbac04ef34aafdafa11efab6d97e02a98e208d310239517c321d1fe02e268fef,11,4,1,N=11 M=4 t1,7,True,8,8,119738.0,1.0,1.0,4.0,,,,,
dbac04ef34aafdafa11efab6d97e02a98e208d310239517c321d1fe02e268fef,11,4,2,N=11 M=4 t2,7,True,7,1,6503.0,3.0,6.0,8.0,7490.0,,18605.0,,
dbac04ef34aafdafa11efab6d97e02a98e208d310239517c321d1fe02e268fef,11,4,2,N=11 M=4 t2,7,True,7,2,6663.0,3.0,7.0,10.0,11374.0,,22416.0,,
dbac04ef34aafdafa11efab6d97e02a98e208d310239517c321d1fe02e268fef,11,4,2,N=11 M=4 t2,7,True,7,3,18729.0,3.0,8.0,12.0,,,,,
dbac04ef34aafdafa11efab6d97e02a98e208d310239517c321d1fe02e268fef,11,4,2,N=11 M=4 t2,7,True,7,4,38002.0,2.0,8.0,12.0,,,,,
dbac04ef34aafdafa11efab6d97e02a98e208d310239517c321d1fe02e268fef,11,4,2,N=11 M=4 t2,7,True,7,5,58402.0,3.0,8.0,12.0,,,,,
dbac04ef34aafdafa11efab6d97e02a98e208d310239517c321d1fe02e268fef,11,4,2,N=11 M=4 t2,7,True,7,6,78166.0,3.0,8.0,12.0,,,,,
dbac04ef34aafdafa11efab6d97e02a98e208d310239517c321d1fe02e268fef,11,4,2,N=11 M=4 t2,7,True,7,7,110775.0,3.0,8.0,12.0,,,,,
dbac04ef34aafdafa11efab6d97e02a98e208d310239517c321d1fe02e268fef,11,5,1,N=11 M=5 t1,7,True,7,1,273.0,4.0,6.0,8.0,,,,,
dbac04ef34aafdafa11efab6d97e02a98e208d310239517c321d1fe02e268fef,11,5,1,N=11 M=5 t1,7,True,7,2,4665.0,5.0,6.0,8.0,5055.0,,26437.0,,
dbac04ef34aafdafa11efab6d97e02a98e208d310239517c321d1fe02e268fef,11,5,1,N=11 M=5 t1,7,True,7,3,19424.0,3.0,6.0,8.0,,,,,
dbac04ef34aafdafa11efab6d97e02a98e208d310239517c321d1fe02e268fef,11,5,1,N=11 M=5 t1,7,True,7,4,43755.0,3.0,6.0,8.0,51636.0,,52601.0,,
dbac04ef34aafdafa11efab6d97e02a98e208d310239517c321d1fe02e268fef,11,5,1,N=11 M=5 t1,7,True,7,5,44541.0,3.0,7.0,10.0,,,,,
dbac04ef34aafdafa11efab6d97e02a98e208d310239517c321d1fe02e268fef,11,5,1,N=11 M=5 t1,7,True,7,6,78433.0,3.0,7.0,10.0,,,,,
dbac04ef34aafdafa11efab6d97e02a98e208d310239517c321d1fe02e268fef,11,5,1,N=11 M=5 t1,7,True,7,7,102330.0,2.0,7.0,10.0,,,,,
dbac04ef34aafdafa11efab6d97e02a98e208d310239517c321d1fe02e268fef,11,5,2,N=11 M=5 t2,7,True,8,1,4007.0,2.0,7.0,10.0,,,,,
dbac04ef34aafdafa11efab6d97e02a98e208d310239517c321d1fe02e268fef,11,5,2,N=11 M=5 t2,7,True,8,2,8142.0,4.0,8.0,12.0,8808.0,,26821.0,,
dbac04ef34aafdafa11efab6d97e02a98e208d310239517c321d1fe02e268fef,11,5,2,N=11 M=5 t2,7,True,8,3,23794.0,3.0,8.0,12.0,,,,,
dbac04ef34aafdafa11efab6d97e02a98e208d310239517c321d1fe02e268fef,11,5,2,N=11 M=5 t2,7,True,8,4,47639.0,3.0,8.0,12.0,,,,,
dbac04ef34aafdafa11efab6d97e02a98e208d310239517c321d1fe02e268fef,11,5,2,N=11 M=5 t2,7,True,8,5,67326.0,2.0,8.0,12.0,,,,,
dbac04ef34aafdafa11efab6d97e02a98e208d310239517c321d1fe02e268fef,11,5,2,N=11 M=5 t2,7,True,8,6,69036.0,2.0,9.0,14.0,69956.0,,90408.0,,
dbac04ef34aafdafa11efab6d97e02a98e208d310239517c321d1fe02e268fef,11,5,2,N=11 M=5 t2,7,True,8,7,89029.0,2.0,9.0,14.0,,,,,
dbac04ef34aafdafa11efab6d97e02a98e208d310239517c321d1fe02e268fef,11,5,2,N=11 M=5 t2,7,True,8,8,118010.0,3.0,9.0,14.0,,,,,
dbac04ef34aafdafa11efab6d97e02a98e208d310239517c321d1fe02e268fef,11,6,1,N=11 M=6 t1,7,True,8,1,2916.0,4.0,6.0,8.0,,,,,
dbac04ef34aafdafa11efab6d97e02a98e208d310239517c321d1fe02e268fef,11,6,1,N=11 M=6 t1,7,True,8,2,8443.0,3.0,7.0,10.0,,,,,
dbac04ef34aafdafa11efab6d97e02a98e208d310239517c321d1fe02e268fef,11,6,1,N=11 M=6 t1,7,True,8,3,37934.0,4.0,6.0,8.0,38205.0,,49765.0,,
dbac04ef34aafdafa11efab6d97e02a98e208d310239517c321d1fe02e268fef,11,6,1,N=11 M=6 t1,7,True,8,4,37968.0,4.0,7.0,10.0,38820.0,,40839.0,,
dbac04ef34aafdafa11efab6d97e02a98e208d310239517c321d1fe02e268fef,11,6,1,N=11 M=6 t1,7,True,8,5,44457.0,2.0,8.0,12.0,,,,,
dbac04ef34aafdafa11efab6d97e02a98e208d310239517c321d1fe02e268fef,11,6,1,N=11 M=6 t1,7,True,8,6,63629.0,2.0,8.0,12.0,,,,,
dbac04ef34aafdafa11efab6d97e02a98e208d310239517c321d1fe02e268fef,11,6,1,N=11 M=6 t1,7,True,8,7,86972.0,2.0,8.0,12.0,,,,,
dbac04ef34aafdafa11efab6d97e02a98e208d310239517c321d1fe02e268fef,11,6,1,N=11 M=6 t1,7,True,8,8,116307.0,2.0,8.0,12.0,,,,,
dbac04ef34aafdafa11efab6d97e02a98e208d310239517c321d1fe02e268fef,11,6,2,N=11 M=6 t2,6,True,0,0,,,,,,,,,
dbac04ef34aafdafa11efab6d97e02a98e208d310239517c321d1fe02e268fef,11,7,1,N=11 M=7 t1,6,True,7,1,466.0,4.0,7.0,10.0,,,,,
dbac04ef34aafdafa11efab6d97e02a98e208d310239517c321d1fe02e268fef,11,7,1,N=11 M=7 t1,6,True,7,2,9564.0,5.0,8.0,12.0,,,,,
dbac04ef34aafdafa11efab6d97e02a98e208d310239517c321d1fe02e268fef,11,7,1,N=11 M=7 t1,6,True,7,3,25818.0,2.0,7.0,10.0,26264.0,,27575.0,,
dbac04ef34aafdafa11efab6d97e02a98e208d310239517c321d1fe02e268fef,11,7,1,N=11 M=7 t1,6,True,7,4,32801.0,3.0,8.0,12.0,,,,,
dbac04ef34aafdafa11efab6d97e02a98e208d310239517c321d1fe02e268fef,11,7,1,N=11 M=7 t1,6,True,7,5,57017.0,2.0,8.0,12.0,,,,,
dbac04ef34aafdafa11efab6d97e02a98e208d310239517c321d1fe02e268fef,11,7,1,N=11 M=7 t1,6,True,7,6,85158.0,2.0,8.0,12.0,,,,,
dbac04ef34aafdafa11efab6d97e02a98e208d310239517c321d1fe02e268fef,11,7,1,N=11 M=7 t1,6,True,7,7,116856.0,3.0,8.0,12.0,,,,,
dbac04ef34aafdafa11efab6d97e02a98e208d310239517c321d1fe02e268fef,11,7,2,N=11 M=7 t2,6,True,6,1,3312.0,3.0,6.0,8.0,4344.0,,5175.0,,
dbac04ef34aafdafa11efab6d97e02a98e208d310239517c321d1fe02e268fef,11,7,2,N=11 M=7 t2,6,True,6,2,8125.0,4.0,7.0,10.0,,,,,
dbac04ef34aafdafa11efab6d97e02a98e208d310239517c321d1fe02e268fef,11,7,2,N=11 M=7 t2,6,True,6,3,30708.0,2.0,7.0,10.0,,,,,
dbac04ef34aafdafa11efab6d97e02a98e208d310239517c321d1fe02e268fef,11,7,2,N=11 M=7 t2,6,True,6,4,34879.0,4.0,8.0,12.0,35222.0,,51905.0,,
dbac04ef34aafdafa11efab6d97e02a98e208d310239517c321d1fe02e268fef,11,7,2,N=11 M=7 t2,6,True,6,5,64564.0,4.0,8.0,12.0,,,,,
dbac04ef34aafdafa11efab6d97e02a98e208d310239517c321d1fe02e268fef,11,7,2,N=11 M=7 t2,6,True,6,6,89314.0,3.0,8.0,12.0,,,,,
dbac04ef34aafdafa11efab6d97e02a98e208d310239517c321d1fe02e268fef,11,8,1,N=11 M=8 t1,5,True,5,1,2608.0,3.0,6.0,8.0,,,,,
dbac04ef34aafdafa11efab6d97e02a98e208d310239517c321d1fe02e268fef,11,8,1,N=11 M=8 t1,5,True,5,2,7945.0,4.0,7.0,10.0,8490.0,,9661.0,,
dbac04ef34aafdafa11efab6d97e02a98e208d310239517c321d1fe02e268fef,11,8,1,N=11 M=8 t1,5,True,5,3,44033.0,2.0,7.0,10.0,45117.0,,59077.0,,
dbac04ef34aafdafa11efab6d97e02a98e208d310239517c321d1fe02e268fef,11,8,1,N=11 M=8 t1,5,True,5,4,77578.0,4.0,8.0,12.0,,,,,
dbac04ef34aafdafa11efab6d97e02a98e208d310239517c321d1fe02e268fef,11,8,1,N=11 M=8 t1,5,True,5,5,98231.0,2.0,8.0,12.0,,,,,
dbac04ef34aafdafa11efab6d97e02a98e208d310239517c321d1fe02e268fef,11,8,2,N=11 M=8 t2,5,True,5,1,2846.0,4.0,7.0,10.0,4013.0,,4710.0,,
dbac04ef34aafdafa11efab6d97e02a98e208d310239517c321d1fe02e268fef,11,8,2,N=11 M=8 t2,5,True,5,2,39615.0,3.0,7.0,10.0,40138.0,,46911.0,,
dbac04ef34aafdafa11efab6d97e02a98e208d310239517c321d1fe02e268fef,11,8,2,N=11 M=8 t2,5,True,5,3,44873.0,2.0,8.0,12.0,,,,,
dbac04ef34aafdafa11efab6d97e02a98e208d310239517c321d1fe02e268fef,11,8,2,N=11 M=8 t2,5,True,5,4,70488.0,3.0,8.0,12.0,,,,,
dbac04ef34aafdafa11efab6d97e02a98e208d310239517c321d1fe02e268fef,11,8,2,N=11 M=8 t2,5,True,5,5,90296.0,2.0,8.0,12.0,,,,,
dbac04ef34aafdafa11efab6d97e02a98e208d310239517c321d1fe02e268fef,11,9,1,N=11 M=9 t1,7,True,7,1,185.0,3.0,5.0,6.0,474.0,,1473.0,,
dbac04ef34aafdafa11efab6d97e02a98e208d310239517c321d1fe02e268fef,11,9,1,N=11 M=9 t1,7,True,7,2,7986.0,3.0,6.0,8.0,,,,,
dbac04ef34aafdafa11efab6d97e02a98e208d310239517c321d1fe02e268fef,11,9,1,N=11 M=9 t1,7,True,7,3,14759.0,4.0,7.0,10.0,15110.0,,26615.0,,
dbac04ef34aafdafa11efab6d97e02a98e208d310239517c321d1fe02e268fef,11,9,1,N=11 M=9 t1,7,True,7,4,42778.0,2.0,7.0,10.0,43691.0,,44526.0,,
dbac04ef34aafdafa11efab6d97e02a98e208d310239517c321d1fe02e268fef,11,9,1,N=11 M=9 t1,7,True,7,5,47498.0,2.0,8.0,12.0,,,,,
dbac04ef34aafdafa11efab6d97e02a98e208d310239517c321d1fe02e268fef,11,9,1,N=11 M=9 t1,7,True,7,6,66654.0,2.0,8.0,12.0,,,,,
dbac04ef34aafdafa11efab6d97e02a98e208d310239517c321d1fe02e268fef,11,9,1,N=11 M=9 t1,7,True,7,7,91862.0,2.0,8.0,12.0,,,,,
dbac04ef34aafdafa11efab6d97e02a98e208d310239517c321d1fe02e268fef,11,9,2,N=11 M=9 t2,7,True,8,1,8365.0,3.0,7.0,10.0,13935.0,,28215.0,,
dbac04ef34aafdafa11efab6d97e02a98e208d310239517c321d1fe02e268fef,11,9,2,N=11 M=9 t2,7,True,8,2,9682.0,4.0,7.0,10.0,,,,,
dbac04ef34aafdafa11efab6d97e02a98e208d310239517c321d1fe02e268fef,11,9,2,N=11 M=9 t2,7,True,8,3,12381.0,5.0,8.0,12.0,13336.0,,14530.0,,
dbac04ef34aafdafa11efab6d97e02a98e208d310239517c321d1fe02e268fef,11,9,2,N=11 M=9 t2,7,True,8,4,29931.0,1.0,8.0,12.0,,,,,
dbac04ef34aafdafa11efab6d97e02a98e208d310239517c321d1fe02e268fef,11,9,2,N=11 M=9 t2,7,True,8,5,55407.0,2.0,8.0,12.0,,,,,
dbac04ef34aafdafa11efab6d97e02a98e208d310239517c321d1fe02e268fef,11,9,2,N=11 M=9 t2,7,True,8,6,79860.0,3.0,8.0,12.0,,,,,
dbac04ef34aafdafa11efab6d97e02a98e208d310239517c321d1fe02e268fef,11,9,2,N=11 M=9 t2,7,True,8,7,99544.0,2.0,8.0,12.0,,,,,
dbac04ef34aafdafa11efab6d97e02a98e208d310239517c321d1fe02e268fef,11,9,2,N=11 M=9 t2,7,True,8,8,119528.0,3.0,8.0,12.0,,,,,
dbac04ef34aafdafa11efab6d97e02a98e208d310239517c321d1fe02e268fef,11,10,1,N=11 M=10 t1,4,True,4,1,19591.0,1.0,8.0,12.0,20550.0,,21418.0,,
dbac04ef34aafdafa11efab6d97e02a98e208d310239517c321d1fe02e268fef,11,10,1,N=11 M=10 t1,4,True,4,2,55687.0,2.0,9.0,14.0,,,,,
dbac04ef34aafdafa11efab6d97e02a98e208d310239517c321d1fe02e268fef,11,10,1,N=11 M=10 t1,4,True,4,3,75134.0,2.0,9.0,14.0,,,,,
dbac04ef34aafdafa11efab6d97e02a98e208d310239517c321d1fe02e268fef,11,10,1,N=11 M=10 t1,4,True,4,4,105775.0,3.0,9.0,14.0,,,,,
dbac04ef34aafdafa11efab6d97e02a98e208d310239517c321d1fe02e268fef,11,10,2,N=11 M=10 t2,4,True,4,1,17581.0,3.0,7.0,10.0,21871.0,,22771.0,,
dbac04ef34aafdafa11efab6d97e02a98e208d310239517c321d1fe02e268fef,11,10,2,N=11 M=10 t2,4,True,4,2,32735.0,2.0,7.0,10.0,33600.0,,34067.0,,
dbac04ef34aafdafa11efab6d97e02a98e208d310239517c321d1fe02e268fef,11,10,2,N=11 M=10 t2,4,True,4,3,92831.0,3.0,6.0,9.0,107485.0,,,,
dbac04ef34aafdafa11efab6d97e02a98e208d310239517c321d1fe02e268fef,11,10,2,N=11 M=10 t2,4,True,4,4,106412.0,3.0,7.0,10.0,107485.0,,,,
f5aee069c6a61bf8ad6c908af35356d89cdaf26ec0246f69993a9cf9414a619c,2,1,1,N=2 M=1 t1,0,False,0,0,,,,,,,,,
f5aee069c6a61bf8ad6c908af35356d89cdaf26ec0246f69993a9cf9414a619c,2,1,2,N=2 M=1 t2,0,False,0,0,,,,,,,,,
f5aee069c6a61bf8ad6c908af35356d89cdaf26ec0246f69993a9cf9414a619c,3,1,1,N=3 M=1 t1,0,False,0,0,,,,,,,,,
f5aee069c6a61bf8ad6c908af35356d89cdaf26ec0246f69993a9cf9414a619c,3,1,2,N=3 M=1 t2,0,False,0,0,,,,,,,,,
f5aee069c6a61bf8ad6c908af35356d89cdaf26ec0246f69993a9cf9414a619c,3,2,1,N=3 M=2 t1,0,False,0,0,,,,,,,,,
f5aee069c6a61bf8ad6c908af35356d89cdaf26ec0246f69993a9cf9414a619c,3,2,2,N=3 M=2 t2,0,False,0,0,,,,,,,,,
f5aee069c6a61bf8ad6c908af35356d89cdaf26ec0246f69993a9cf9414a619c,4,1,1,N=4 M=1 t1,0,False,0,0,,,,,,,,,
f5aee069c6a61bf8ad6c908af35356d89cdaf26ec0246f69993a9cf9414a619c,4,1,2,N=4 M=1 t2,0,False,0,0,,,,,,,,,
f5aee069c6a61bf8ad6c908af35356d89cdaf26ec0246f69993a9cf9414a619c,4,2,1,N=4 M=2 t1,0,False,0,0,,,,,,,,,
f5aee069c6a61bf8ad6c908af35356d89cdaf26ec0246f69993a9cf9414a619c,4,2,2,N=4 M=2 t2,0,False,0,0,,,,,,,,,
f5aee069c6a61bf8ad6c908af35356d89cdaf26ec0246f69993a9cf9414a619c,4,3,1,N=4 M=3 t1,0,False,0,0,,,,,,,,,
f5aee069c6a61bf8ad6c908af35356d89cdaf26ec0246f69993a9cf9414a619c,4,3,2,N=4 M=3 t2,0,False,0,0,,,,,,,,,
f5aee069c6a61bf8ad6c908af35356d89cdaf26ec0246f69993a9cf9414a619c,5,1,1,N=5 M=1 t1,0,False,0,0,,,,,,,,,
f5aee069c6a61bf8ad6c908af35356d89cdaf26ec0246f69993a9cf9414a619c,5,1,2,N=5 M=1 t2,0,False,0,0,,,,,,,,,
f5aee069c6a61bf8ad6c908af35356d89cdaf26ec0246f69993a9cf9414a619c,5,2,1,N=5 M=2 t1,0,False,0,0,,,,,,,,,
f5aee069c6a61bf8ad6c908af35356d89cdaf26ec0246f69993a9cf9414a619c,5,2,2,N=5 M=2 t2,0,False,0,0,,,,,,,,,
f5aee069c6a61bf8ad6c908af35356d89cdaf26ec0246f69993a9cf9414a619c,5,3,1,N=5 M=3 t1,0,False,0,0,,,,,,,,,
f5aee069c6a61bf8ad6c908af35356d89cdaf26ec0246f69993a9cf9414a619c,5,3,2,N=5 M=3 t2,0,False,0,0,,,,,,,,,
f5aee069c6a61bf8ad6c908af35356d89cdaf26ec0246f69993a9cf9414a619c,5,4,1,N=5 M=4 t1,0,False,0,0,,,,,,,,,
f5aee069c6a61bf8ad6c908af35356d89cdaf26ec0246f69993a9cf9414a619c,5,4,2,N=5 M=4 t2,0,False,0,0,,,,,,,,,
f5aee069c6a61bf8ad6c908af35356d89cdaf26ec0246f69993a9cf9414a619c,6,1,1,N=6 M=1 t1,0,False,0,0,,,,,,,,,
f5aee069c6a61bf8ad6c908af35356d89cdaf26ec0246f69993a9cf9414a619c,6,1,2,N=6 M=1 t2,0,False,0,0,,,,,,,,,
f5aee069c6a61bf8ad6c908af35356d89cdaf26ec0246f69993a9cf9414a619c,6,2,1,N=6 M=2 t1,0,False,0,0,,,,,,,,,
f5aee069c6a61bf8ad6c908af35356d89cdaf26ec0246f69993a9cf9414a619c,6,2,2,N=6 M=2 t2,0,False,0,0,,,,,,,,,
f5aee069c6a61bf8ad6c908af35356d89cdaf26ec0246f69993a9cf9414a619c,6,3,1,N=6 M=3 t1,0,False,0,0,,,,,,,,,
f5aee069c6a61bf8ad6c908af35356d89cdaf26ec0246f69993a9cf9414a619c,6,3,2,N=6 M=3 t2,0,False,0,0,,,,,,,,,
f5aee069c6a61bf8ad6c908af35356d89cdaf26ec0246f69993a9cf9414a619c,6,4,1,N=6 M=4 t1,0,False,0,0,,,,,,,,,
f5aee069c6a61bf8ad6c908af35356d89cdaf26ec0246f69993a9cf9414a619c,6,4,2,N=6 M=4 t2,0,False,0,0,,,,,,,,,
f5aee069c6a61bf8ad6c908af35356d89cdaf26ec0246f69993a9cf9414a619c,6,5,1,N=6 M=5 t1,0,False,0,0,,,,,,,,,
f5aee069c6a61bf8ad6c908af35356d89cdaf26ec0246f69993a9cf9414a619c,6,5,2,N=6 M=5 t2,0,False,0,0,,,,,,,,,
f5aee069c6a61bf8ad6c908af35356d89cdaf26ec0246f69993a9cf9414a619c,7,1,1,N=7 M=1 t1,0,False,0,0,,,,,,,,,
f5aee069c6a61bf8ad6c908af35356d89cdaf26ec0246f69993a9cf9414a619c,7,1,2,N=7 M=1 t2,0,False,0,0,,,,,,,,,
f5aee069c6a61bf8ad6c908af35356d89cdaf26ec0246f69993a9cf9414a619c,7,2,1,N=7 M=2 t1,0,False,0,0,,,,,,,,,
f5aee069c6a61bf8ad6c908af35356d89cdaf26ec0246f69993a9cf9414a619c,7,2,2,N=7 M=2 t2,0,False,0,0,,,,,,,,,
f5aee069c6a61bf8ad6c908af35356d89cdaf26ec0246f69993a9cf9414a619c,7,3,1,N=7 M=3 t1,0,False,0,0,,,,,,,,,
f5aee069c6a61bf8ad6c908af35356d89cdaf26ec0246f69993a9cf9414a619c,7,3,2,N=7 M=3 t2,0,False,0,0,,,,,,,,,
f5aee069c6a61bf8ad6c908af35356d89cdaf26ec0246f69993a9cf9414a619c,7,4,1,N=7 M=4 t1,0,False,0,0,,,,,,,,,
f5aee069c6a61bf8ad6c908af35356d89cdaf26ec0246f69993a9cf9414a619c,7,4,2,N=7 M=4 t2,0,False,0,0,,,,,,,,,
f5aee069c6a61bf8ad6c908af35356d89cdaf26ec0246f69993a9cf9414a619c,7,5,1,N=7 M=5 t1,0,False,0,0,,,,,,,,,
f5aee069c6a61bf8ad6c908af35356d89cdaf26ec0246f69993a9cf9414a619c,7,5,2,N=7 M=5 t2,0,False,0,0,,,,,,,,,
f5aee069c6a61bf8ad6c908af35356d89cdaf26ec0246f69993a9cf9414a619c,7,6,1,N=7 M=6 t1,0,False,0,0,,,,,,,,,
f5aee069c6a61bf8ad6c908af35356d89cdaf26ec0246f69993a9cf9414a619c,7,6,2,N=7 M=6 t2,0,False,0,0,,,,,,,,,
f5aee069c6a61bf8ad6c908af35356d89cdaf26ec0246f69993a9cf9414a619c,8,1,1,N=8 M=1 t1,3,True,3,1,2414.0,1.0,1.0,3.0,3286.0,,5669.0,,
f5aee069c6a61bf8ad6c908af35356d89cdaf26ec0246f69993a9cf9414a619c,8,1,1,N=8 M=1 t1,3,True,3,2,4664.0,1.0,2.0,5.0,5634.0,,21570.0,,
f5aee069c6a61bf8ad6c908af35356d89cdaf26ec0246f69993a9cf9414a619c,8,1,1,N=8 M=1 t1,3,True,3,3,6441.0,1.0,3.0,7.0,7901.0,,24166.0,,
f5aee069c6a61bf8ad6c908af35356d89cdaf26ec0246f69993a9cf9414a619c,8,1,2,N=8 M=1 t2,6,True,6,1,401.0,1.0,0.0,1.0,1493.0,,3697.0,,
f5aee069c6a61bf8ad6c908af35356d89cdaf26ec0246f69993a9cf9414a619c,8,1,2,N=8 M=1 t2,6,True,6,2,3158.0,1.0,1.0,3.0,4204.0,,24062.0,,
f5aee069c6a61bf8ad6c908af35356d89cdaf26ec0246f69993a9cf9414a619c,8,1,2,N=8 M=1 t2,6,True,6,3,5768.0,1.0,2.0,5.0,6731.0,,12266.0,,
f5aee069c6a61bf8ad6c908af35356d89cdaf26ec0246f69993a9cf9414a619c,8,1,2,N=8 M=1 t2,6,True,6,4,84014.0,1.0,3.0,6.0,84804.0,,84014.0,,
f5aee069c6a61bf8ad6c908af35356d89cdaf26ec0246f69993a9cf9414a619c,8,1,2,N=8 M=1 t2,6,True,6,5,107830.0,1.0,3.0,6.0,108963.0,,112245.0,,
f5aee069c6a61bf8ad6c908af35356d89cdaf26ec0246f69993a9cf9414a619c,8,1,2,N=8 M=1 t2,6,True,6,6,110438.0,1.0,4.0,8.0,111834.0,,110438.0,,
f5aee069c6a61bf8ad6c908af35356d89cdaf26ec0246f69993a9cf9414a619c,8,2,1,N=8 M=2 t1,5,True,5,1,3409.0,1.0,4.0,7.0,4452.0,,3409.0,,
f5aee069c6a61bf8ad6c908af35356d89cdaf26ec0246f69993a9cf9414a619c,8,2,1,N=8 M=2 t1,5,True,5,2,4954.0,1.0,4.0,8.0,,,,,
f5aee069c6a61bf8ad6c908af35356d89cdaf26ec0246f69993a9cf9414a619c,8,2,1,N=8 M=2 t1,5,True,5,3,25343.0,1.0,5.0,9.0,26015.0,,25343.0,,
f5aee069c6a61bf8ad6c908af35356d89cdaf26ec0246f69993a9cf9414a619c,8,2,1,N=8 M=2 t1,5,True,5,4,29324.0,1.0,4.0,8.0,30509.0,,33531.0,,
f5aee069c6a61bf8ad6c908af35356d89cdaf26ec0246f69993a9cf9414a619c,8,2,1,N=8 M=2 t1,5,True,5,5,84275.0,1.0,4.0,8.0,85507.0,,84275.0,,
f5aee069c6a61bf8ad6c908af35356d89cdaf26ec0246f69993a9cf9414a619c,8,2,2,N=8 M=2 t2,6,True,6,1,309.0,2.0,0.0,1.0,1584.0,,4148.0,,
f5aee069c6a61bf8ad6c908af35356d89cdaf26ec0246f69993a9cf9414a619c,8,2,2,N=8 M=2 t2,6,True,6,2,25631.0,1.0,3.0,5.0,26351.0,,25631.0,,
f5aee069c6a61bf8ad6c908af35356d89cdaf26ec0246f69993a9cf9414a619c,8,2,2,N=8 M=2 t2,6,True,6,3,25786.0,2.0,3.0,6.0,27320.0,,25786.0,,
f5aee069c6a61bf8ad6c908af35356d89cdaf26ec0246f69993a9cf9414a619c,8,2,2,N=8 M=2 t2,6,True,6,4,52768.0,2.0,4.0,8.0,53755.0,,52768.0,,
f5aee069c6a61bf8ad6c908af35356d89cdaf26ec0246f69993a9cf9414a619c,8,2,2,N=8 M=2 t2,6,True,6,5,53736.0,1.0,3.0,7.0,55086.0,,,,
f5aee069c6a61bf8ad6c908af35356d89cdaf26ec0246f69993a9cf9414a619c,8,2,2,N=8 M=2 t2,6,True,6,6,76270.0,1.0,4.0,8.0,77854.0,,76270.0,,
f5aee069c6a61bf8ad6c908af35356d89cdaf26ec0246f69993a9cf9414a619c,8,3,1,N=8 M=3 t1,4,True,4,1,1750.0,2.0,1.0,2.0,2419.0,,1750.0,,
f5aee069c6a61bf8ad6c908af35356d89cdaf26ec0246f69993a9cf9414a619c,8,3,1,N=8 M=3 t1,4,True,4,2,1846.0,2.0,1.0,3.0,3408.0,,7922.0,,
f5aee069c6a61bf8ad6c908af35356d89cdaf26ec0246f69993a9cf9414a619c,8,3,1,N=8 M=3 t1,4,True,4,3,5137.0,2.0,2.0,5.0,6390.0,,22618.0,,
f5aee069c6a61bf8ad6c908af35356d89cdaf26ec0246f69993a9cf9414a619c,8,3,1,N=8 M=3 t1,4,True,4,4,75023.0,1.0,3.0,6.0,76147.0,,85763.0,,
f5aee069c6a61bf8ad6c908af35356d89cdaf26ec0246f69993a9cf9414a619c,8,3,2,N=8 M=3 t2,3,True,3,1,2540.0,1.0,2.0,4.0,3410.0,,20439.0,,
f5aee069c6a61bf8ad6c908af35356d89cdaf26ec0246f69993a9cf9414a619c,8,3,2,N=8 M=3 t2,3,True,3,2,27680.0,3.0,3.0,6.0,29329.0,,,,
f5aee069c6a61bf8ad6c908af35356d89cdaf26ec0246f69993a9cf9414a619c,8,3,2,N=8 M=3 t2,3,True,3,3,36498.0,1.0,4.0,8.0,37611.0,,50687.0,,
f5aee069c6a61bf8ad6c908af35356d89cdaf26ec0246f69993a9cf9414a619c,8,4,1,N=8 M=4 t1,5,True,5,1,458.0,1.0,0.0,1.0,1591.0,,7035.0,,
f5aee069c6a61bf8ad6c908af35356d89cdaf26ec0246f69993a9cf9414a619c,8,4,1,N=8 M=4 t1,5,True,5,2,2546.0,2.0,1.0,3.0,,,,,
f5aee069c6a61bf8ad6c908af35356d89cdaf26ec0246f69993a9cf9414a619c,8,4,1,N=8 M=4 t1,5,True,5,3,18046.0,4.0,2.0,5.0,19188.0,,40950.0,,
f5aee069c6a61bf8ad6c908af35356d89cdaf26ec0246f69993a9cf9414a619c,8,4,1,N=8 M=4 t1,5,True,5,4,18353.0,4.0,3.0,7.0,19595.0,,37644.0,,
f5aee069c6a61bf8ad6c908af35356d89cdaf26ec0246f69993a9cf9414a619c,8,4,1,N=8 M=4 t1,5,True,5,5,25152.0,2.0,5.0,9.0,26554.0,,25152.0,,
f5aee069c6a61bf8ad6c908af35356d89cdaf26ec0246f69993a9cf9414a619c,8,4,2,N=8 M=4 t2,5,True,5,1,2509.0,1.0,1.0,3.0,3315.0,,5850.0,,
f5aee069c6a61bf8ad6c908af35356d89cdaf26ec0246f69993a9cf9414a619c,8,4,2,N=8 M=4 t2,5,True,5,2,6487.0,2.0,2.0,5.0,7689.0,,22391.0,,
f5aee069c6a61bf8ad6c908af35356d89cdaf26ec0246f69993a9cf9414a619c,8,4,2,N=8 M=4 t2,5,True,5,3,29582.0,2.0,5.0,9.0,,,,,
f5aee069c6a61bf8ad6c908af35356d89cdaf26ec0246f69993a9cf9414a619c,8,4,2,N=8 M=4 t2,5,True,5,4,50417.0,1.0,5.0,9.0,,,,,
f5aee069c6a61bf8ad6c908af35356d89cdaf26ec0246f69993a9cf9414a619c,8,4,2,N=8 M=4 t2,5,True,5,5,70484.0,2.0,5.0,9.0,71795.0,,70484.0,,
f5aee069c6a61bf8ad6c908af35356d89cdaf26ec0246f69993a9cf9414a619c,8,5,1,N=8 M=5 t1,6,True,6,1,1851.0,1.0,2.0,4.0,2514.0,,1851.0,,
f5aee069c6a61bf8ad6c908af35356d89cdaf26ec0246f69993a9cf9414a619c,8,5,1,N=8 M=5 t1,6,True,6,2,4044.0,1.0,2.0,5.0,5292.0,,7767.0,,
f5aee069c6a61bf8ad6c908af35356d89cdaf26ec0246f69993a9cf9414a619c,8,5,1,N=8 M=5 t1,6,True,6,3,29806.0,2.0,2.0,5.0,,,,,
f5aee069c6a61bf8ad6c908af35356d89cdaf26ec0246f69993a9cf9414a619c,8,5,1,N=8 M=5 t1,6,True,6,4,54858.0,2.0,2.0,5.0,,,,,
f5aee069c6a61bf8ad6c908af35356d89cdaf26ec0246f69993a9cf9414a619c,8,5,1,N=8 M=5 t1,6,True,6,5,84432.0,2.0,3.0,6.0,,,,,
f5aee069c6a61bf8ad6c908af35356d89cdaf26ec0246f69993a9cf9414a619c,8,5,1,N=8 M=5 t1,6,True,6,6,107953.0,3.0,3.0,6.0,,,,,
f5aee069c6a61bf8ad6c908af35356d89cdaf26ec0246f69993a9cf9414a619c,8,5,2,N=8 M=5 t2,8,True,8,1,2097.0,1.0,2.0,4.0,4541.0,,12784.0,,
f5aee069c6a61bf8ad6c908af35356d89cdaf26ec0246f69993a9cf9414a619c,8,5,2,N=8 M=5 t2,8,True,8,2,25518.0,1.0,2.0,5.0,26500.0,,41174.0,,
f5aee069c6a61bf8ad6c908af35356d89cdaf26ec0246f69993a9cf9414a619c,8,5,2,N=8 M=5 t2,8,True,8,3,27298.0,1.0,4.0,8.0,,,,,
f5aee069c6a61bf8ad6c908af35356d89cdaf26ec0246f69993a9cf9414a619c,8,5,2,N=8 M=5 t2,8,True,8,4,50373.0,1.0,5.0,9.0,,,,,
f5aee069c6a61bf8ad6c908af35356d89cdaf26ec0246f69993a9cf9414a619c,8,5,2,N=8 M=5 t2,8,True,8,5,76563.0,2.0,5.0,9.0,,,,,
f5aee069c6a61bf8ad6c908af35356d89cdaf26ec0246f69993a9cf9414a619c,8,5,2,N=8 M=5 t2,8,True,8,6,85232.0,3.0,6.0,10.0,94457.0,,107950.0,,
f5aee069c6a61bf8ad6c908af35356d89cdaf26ec0246f69993a9cf9414a619c,8,5,2,N=8 M=5 t2,8,True,8,7,90908.0,3.0,5.0,9.0,94457.0,,107950.0,,
f5aee069c6a61bf8ad6c908af35356d89cdaf26ec0246f69993a9cf9414a619c,8,5,2,N=8 M=5 t2,8,True,8,8,100099.0,2.0,5.0,9.0,,,,,
f5aee069c6a61bf8ad6c908af35356d89cdaf26ec0246f69993a9cf9414a619c,8,6,1,N=8 M=6 t1,6,True,6,1,783.0,2.0,2.0,4.0,3546.0,,12317.0,,
f5aee069c6a61bf8ad6c908af35356d89cdaf26ec0246f69993a9cf9414a619c,8,6,1,N=8 M=6 t1,6,True,6,2,2404.0,2.0,3.0,6.0,3876.0,,54960.0,,
f5aee069c6a61bf8ad6c908af35356d89cdaf26ec0246f69993a9cf9414a619c,8,6,1,N=8 M=6 t1,6,True,6,3,18586.0,2.0,4.0,8.0,19645.0,,38877.0,,
f5aee069c6a61bf8ad6c908af35356d89cdaf26ec0246f69993a9cf9414a619c,8,6,1,N=8 M=6 t1,6,True,6,4,26619.0,1.0,2.0,5.0,27822.0,28398.0,30350.0,,
f5aee069c6a61bf8ad6c908af35356d89cdaf26ec0246f69993a9cf9414a619c,8,6,1,N=8 M=6 t1,6,True,6,5,30891.0,1.0,3.0,7.0,32439.0,,54960.0,,
f5aee069c6a61bf8ad6c908af35356d89cdaf26ec0246f69993a9cf9414a619c,8,6,1,N=8 M=6 t1,6,True,6,6,48227.0,1.0,4.0,9.0,49288.0,,53338.0,,
f5aee069c6a61bf8ad6c908af35356d89cdaf26ec0246f69993a9cf9414a619c,8,6,2,N=8 M=6 t2,7,True,7,1,13066.0,1.0,3.0,6.0,14307.0,,48382.0,,
f5aee069c6a61bf8ad6c908af35356d89cdaf26ec0246f69993a9cf9414a619c,8,6,2,N=8 M=6 t2,7,True,7,2,14160.0,2.0,4.0,8.0,,,,,
f5aee069c6a61bf8ad6c908af35356d89cdaf26ec0246f69993a9cf9414a619c,8,6,2,N=8 M=6 t2,7,True,7,3,34907.0,1.0,4.0,7.0,36309.0,,48382.0,,
f5aee069c6a61bf8ad6c908af35356d89cdaf26ec0246f69993a9cf9414a619c,8,6,2,N=8 M=6 t2,7,True,7,4,37579.0,1.0,5.0,9.0,,,,,
f5aee069c6a61bf8ad6c908af35356d89cdaf26ec0246f69993a9cf9414a619c,8,6,2,N=8 M=6 t2,7,True,7,5,68121.0,1.0,4.0,8.0,,,,,
f5aee069c6a61bf8ad6c908af35356d89cdaf26ec0246f69993a9cf9414a619c,8,6,2,N=8 M=6 t2,7,True,7,6,87474.0,2.0,5.0,9.0,88343.0,,87474.0,,
f5aee069c6a61bf8ad6c908af35356d89cdaf26ec0246f69993a9cf9414a619c,8,6,2,N=8 M=6 t2,7,True,7,7,104345.0,1.0,5.0,10.0,105641.0,,107719.0,,
f5aee069c6a61bf8ad6c908af35356d89cdaf26ec0246f69993a9cf9414a619c,8,7,1,N=8 M=7 t1,6,True,6,1,2297.0,1.0,2.0,4.0,3005.0,,2297.0,,
f5aee069c6a61bf8ad6c908af35356d89cdaf26ec0246f69993a9cf9414a619c,8,7,1,N=8 M=7 t1,6,True,6,2,20441.0,3.0,3.0,6.0,21863.0,,28975.0,,
f5aee069c6a61bf8ad6c908af35356d89cdaf26ec0246f69993a9cf9414a619c,8,7,1,N=8 M=7 t1,6,True,6,3,27203.0,2.0,3.0,6.0,28193.0,,27203.0,,
f5aee069c6a61bf8ad6c908af35356d89cdaf26ec0246f69993a9cf9414a619c,8,7,1,N=8 M=7 t1,6,True,6,4,31028.0,2.0,4.0,8.0,33129.0,,42980.0,,
f5aee069c6a61bf8ad6c908af35356d89cdaf26ec0246f69993a9cf9414a619c,8,7,1,N=8 M=7 t1,6,True,6,5,77686.0,2.0,3.0,6.0,78872.0,,102751.0,,
f5aee069c6a61bf8ad6c908af35356d89cdaf26ec0246f69993a9cf9414a619c,8,7,1,N=8 M=7 t1,6,True,6,6,108411.0,1.0,4.0,8.0,109747.0,,108411.0,,
f5aee069c6a61bf8ad6c908af35356d89cdaf26ec0246f69993a9cf9414a619c,8,7,2,N=8 M=7 t2,5,True,0,0,,,,,,,,,
f5aee069c6a61bf8ad6c908af35356d89cdaf26ec0246f69993a9cf9414a619c,9,1,1,N=9 M=1 t1,6,True,6,1,38.0,1.0,1.0,2.0,1596.0,,4491.0,,
f5aee069c6a61bf8ad6c908af35356d89cdaf26ec0246f69993a9cf9414a619c,9,1,1,N=9 M=1 t1,6,True,6,2,2053.0,1.0,3.0,5.0,2950.0,,2053.0,,
f5aee069c6a61bf8ad6c908af35356d89cdaf26ec0246f69993a9cf9414a619c,9,1,1,N=9 M=1 t1,6,True,6,3,3189.0,1.0,3.0,6.0,4235.0,,15927.0,,
f5aee069c6a61bf8ad6c908af35356d89cdaf26ec0246f69993a9cf9414a619c,9,1,1,N=9 M=1 t1,6,True,6,4,5582.0,1.0,4.0,8.0,10084.0,,22798.0,,
f5aee069c6a61bf8ad6c908af35356d89cdaf26ec0246f69993a9cf9414a619c,9,1,1,N=9 M=1 t1,6,True,6,5,10956.0,1.0,5.0,10.0,12236.0,,18990.0,,
f5aee069c6a61bf8ad6c908af35356d89cdaf26ec0246f69993a9cf9414a619c,9,1,1,N=9 M=1 t1,6,True,6,6,81173.0,1.0,6.0,12.0,82521.0,,85141.0,,
f5aee069c6a61bf8ad6c908af35356d89cdaf26ec0246f69993a9cf9414a619c,9,1,2,N=9 M=1 t2,6,True,0,0,,,,,,,,,
f5aee069c6a61bf8ad6c908af35356d89cdaf26ec0246f69993a9cf9414a619c,9,2,1,N=9 M=2 t1,5,True,5,1,18308.0,2.0,4.0,7.0,,,,,
f5aee069c6a61bf8ad6c908af35356d89cdaf26ec0246f69993a9cf9414a619c,9,2,1,N=9 M=2 t1,5,True,5,2,25945.0,1.0,5.0,8.0,26952.0,,25945.0,,
f5aee069c6a61bf8ad6c908af35356d89cdaf26ec0246f69993a9cf9414a619c,9,2,1,N=9 M=2 t1,5,True,5,3,33480.0,1.0,4.0,8.0,35232.0,,36404.0,,
f5aee069c6a61bf8ad6c908af35356d89cdaf26ec0246f69993a9cf9414a619c,9,2,1,N=9 M=2 t1,5,True,5,4,34303.0,2.0,5.0,10.0,36399.0,,34303.0,,
f5aee069c6a61bf8ad6c908af35356d89cdaf26ec0246f69993a9cf9414a619c,9,2,1,N=9 M=2 t1,5,True,5,5,52375.0,1.0,5.0,11.0,53514.0,,60805.0,,
f5aee069c6a61bf8ad6c908af35356d89cdaf26ec0246f69993a9cf9414a619c,9,2,2,N=9 M=2 t2,6,True,6,1,2717.0,2.0,2.0,4.0,3654.0,,2717.0,,
f5aee069c6a61bf8ad6c908af35356d89cdaf26ec0246f69993a9cf9414a619c,9,2,2,N=9 M=2 t2,6,True,6,2,4668.0,2.0,2.0,5.0,6364.0,,24820.0,,
f5aee069c6a61bf8ad6c908af35356d89cdaf26ec0246f69993a9cf9414a619c,9,2,2,N=9 M=2 t2,6,True,6,3,31903.0,2.0,4.0,8.0,32787.0,,31903.0,,
f5aee069c6a61bf8ad6c908af35356d89cdaf26ec0246f69993a9cf9414a619c,9,2,2,N=9 M=2 t2,6,True,6,4,49907.0,2.0,4.0,8.0,53486.0,,99972.0,,
f5aee069c6a61bf8ad6c908af35356d89cdaf26ec0246f69993a9cf9414a619c,9,2,2,N=9 M=2 t2,6,True,6,5,77905.0,1.0,4.0,8.0,79138.0,,82625.0,,
f5aee069c6a61bf8ad6c908af35356d89cdaf26ec0246f69993a9cf9414a619c,9,2,2,N=9 M=2 t2,6,True,6,6,93590.0,2.0,5.0,10.0,94618.0,,99972.0,,
f5aee069c6a61bf8ad6c908af35356d89cdaf26ec0246f69993a9cf9414a619c,9,3,1,N=9 M=3 t1,3,True,3,1,4991.0,3.0,1.0,3.0,5629.0,,21830.0,,
f5aee069c6a61bf8ad6c908af35356d89cdaf26ec0246f69993a9cf9414a619c,9,3,1,N=9 M=3 t1,3,True,3,2,26191.0,3.0,4.0,7.0,27328.0,,26191.0,,
f5aee069c6a61bf8ad6c908af35356d89cdaf26ec0246f69993a9cf9414a619c,9,3,1,N=9 M=3 t1,3,True,3,3,30513.0,2.0,4.0,8.0,31738.0,,30513.0,,
f5aee069c6a61bf8ad6c908af35356d89cdaf26ec0246f69993a9cf9414a619c,9,3,2,N=9 M=3 t2,5,True,5,1,2138.0,1.0,3.0,4.0,3678.0,,13419.0,,
f5aee069c6a61bf8ad6c908af35356d89cdaf26ec0246f69993a9cf9414a619c,9,3,2,N=9 M=3 t2,5,True,5,2,2496.0,3.0,3.0,5.0,3430.0,,2496.0,,
f5aee069c6a61bf8ad6c908af35356d89cdaf26ec0246f69993a9cf9414a619c,9,3,2,N=9 M=3 t2,5,True,5,3,4849.0,3.0,3.0,6.0,7041.0,,29543.0,,
f5aee069c6a61bf8ad6c908af35356d89cdaf26ec0246f69993a9cf9414a619c,9,3,2,N=9 M=3 t2,5,True,5,4,50103.0,2.0,2.0,5.0,51304.0,,75362.0,,
f5aee069c6a61bf8ad6c908af35356d89cdaf26ec0246f69993a9cf9414a619c,9,3,2,N=9 M=3 t2,5,True,5,5,109876.0,3.0,3.0,6.0,111459.0,,109876.0,,
f5aee069c6a61bf8ad6c908af35356d89cdaf26ec0246f69993a9cf9414a619c,9,4,1,N=9 M=4 t1,2,True,2,1,3517.0,3.0,1.0,3.0,4148.0,,20759.0,,
f5aee069c6a61bf8ad6c908af35356d89cdaf26ec0246f69993a9cf9414a619c,9,4,1,N=9 M=4 t1,2,True,2,2,6255.0,4.0,2.0,5.0,7875.0,,29109.0,,
f5aee069c6a61bf8ad6c908af35356d89cdaf26ec0246f69993a9cf9414a619c,9,4,2,N=9 M=4 t2,5,True,0,0,,,,,,,,,
f5aee069c6a61bf8ad6c908af35356d89cdaf26ec0246f69993a9cf9414a619c,9,5,1,N=9 M=5 t1,4,True,4,1,2194.0,2.0,1.0,2.0,3637.0,,10795.0,,
f5aee069c6a61bf8ad6c908af35356d89cdaf26ec0246f69993a9cf9414a619c,9,5,1,N=9 M=5 t1,4,True,4,2,2913.0,3.0,2.0,4.0,4672.0,,2913.0,,
f5aee069c6a61bf8ad6c908af35356d89cdaf26ec0246f69993a9cf9414a619c,9,5,1,N=9 M=5 t1,4,True,4,3,25512.0,2.0,4.0,7.0,26807.0,,25512.0,,
f5aee069c6a61bf8ad6c908af35356d89cdaf26ec0246f69993a9cf9414a619c,9,5,1,N=9 M=5 t1,4,True,4,4,108477.0,3.0,5.0,9.0,109633.0,,113377.0,,
f5aee069c6a61bf8ad6c908af35356d89cdaf26ec0246f69993a9cf9414a619c,9,5,2,N=9 M=5 t2,2,True,2,1,23986.0,2.0,3.0,6.0,25179.0,,23986.0,,
f5aee069c6a61bf8ad6c908af35356d89cdaf26ec0246f69993a9cf9414a619c,9,5,2,N=9 M=5 t2,2,True,2,2,54415.0,1.0,3.0,7.0,55757.0,,77224.0,,
f5aee069c6a61bf8ad6c908af35356d89cdaf26ec0246f69993a9cf9414a619c,9,6,1,N=9 M=6 t1,6,True,0,0,,,,,,,,,
f5aee069c6a61bf8ad6c908af35356d89cdaf26ec0246f69993a9cf9414a619c,9,6,2,N=9 M=6 t2,5,True,5,1,286.0,2.0,2.0,3.0,2336.0,,10219.0,,
f5aee069c6a61bf8ad6c908af35356d89cdaf26ec0246f69993a9cf9414a619c,9,6,2,N=9 M=6 t2,5,True,5,2,3064.0,2.0,2.0,4.0,4002.0,,3064.0,,
f5aee069c6a61bf8ad6c908af35356d89cdaf26ec0246f69993a9cf9414a619c,9,6,2,N=9 M=6 t2,5,True,5,3,17891.0,3.0,2.0,5.0,19260.0,,39632.0,,
f5aee069c6a61bf8ad6c908af35356d89cdaf26ec0246f69993a9cf9414a619c,9,6,2,N=9 M=6 t2,5,True,5,4,47941.0,3.0,4.0,8.0,49195.0,,62842.0,,
f5aee069c6a61bf8ad6c908af35356d89cdaf26ec0246f69993a9cf9414a619c,9,6,2,N=9 M=6 t2,5,True,5,5,76387.0,2.0,5.0,10.0,77799.0,,76387.0,,
f5aee069c6a61bf8ad6c908af35356d89cdaf26ec0246f69993a9cf9414a619c,9,7,1,N=9 M=7 t1,7,True,7,1,21225.0,3.0,1.0,2.0,,,,,
f5aee069c6a61bf8ad6c908af35356d89cdaf26ec0246f69993a9cf9414a619c,9,7,1,N=9 M=7 t1,7,True,7,2,25002.0,4.0,1.0,3.0,50794.0,,61889.0,,
f5aee069c6a61bf8ad6c908af35356d89cdaf26ec0246f69993a9cf9414a619c,9,7,1,N=9 M=7 t1,7,True,7,3,28452.0,5.0,2.0,4.0,,,,,
f5aee069c6a61bf8ad6c908af35356d89cdaf26ec0246f69993a9cf9414a619c,9,7,1,N=9 M=7 t1,7,True,7,4,49374.0,3.0,2.0,3.0,50794.0,,61889.0,,
f5aee069c6a61bf8ad6c908af35356d89cdaf26ec0246f69993a9cf9414a619c,9,7,1,N=9 M=7 t1,7,True,7,5,52836.0,3.0,2.0,4.0,,,,,
f5aee069c6a61bf8ad6c908af35356d89cdaf26ec0246f69993a9cf9414a619c,9,7,1,N=9 M=7 t1,7,True,7,6,65381.0,5.0,4.0,7.0,66351.0,,65381.0,,
f5aee069c6a61bf8ad6c908af35356d89cdaf26ec0246f69993a9cf9414a619c,9,7,1,N=9 M=7 t1,7,True,7,7,76449.0,2.0,4.0,7.0,78966.0,,76449.0,,
f5aee069c6a61bf8ad6c908af35356d89cdaf26ec0246f69993a9cf9414a619c,9,7,2,N=9 M=7 t2,4,True,4,1,2246.0,2.0,2.0,3.0,3478.0,,12655.0,,
f5aee069c6a61bf8ad6c908af35356d89cdaf26ec0246f69993a9cf9414a619c,9,7,2,N=9 M=7 t2,4,True,4,2,5248.0,3.0,3.0,5.0,6434.0,,5248.0,,
f5aee069c6a61bf8ad6c908af35356d89cdaf26ec0246f69993a9cf9414a619c,9,7,2,N=9 M=7 t2,4,True,4,3,21058.0,2.0,3.0,6.0,21953.0,,21058.0,,
f5aee069c6a61bf8ad6c908af35356d89cdaf26ec0246f69993a9cf9414a619c,9,7,2,N=9 M=7 t2,4,True,4,4,25607.0,3.0,3.0,7.0,26889.0,,29555.0,,
f5aee069c6a61bf8ad6c908af35356d89cdaf26ec0246f69993a9cf9414a619c,9,8,1,N=9 M=8 t1,3,True,3,1,13288.0,4.0,2.0,4.0,,,,,
f5aee069c6a61bf8ad6c908af35356d89cdaf26ec0246f69993a9cf9414a619c,9,8,1,N=9 M=8 t1,3,True,3,2,23724.0,1.0,3.0,5.0,24694.0,,23724.0,,
f5aee069c6a61bf8ad6c908af35356d89cdaf26ec0246f69993a9cf9414a619c,9,8,1,N=9 M=8 t1,3,True,3,3,94726.0,3.0,2.0,5.0,95763.0,,105792.0,,
f5aee069c6a61bf8ad6c908af35356d89cdaf26ec0246f69993a9cf9414a619c,9,8,2,N=9 M=8 t2,4,True,4,1,1224.0,2.0,0.0,1.0,2625.0,,9871.0,,
f5aee069c6a61bf8ad6c908af35356d89cdaf26ec0246f69993a9cf9414a619c,9,8,2,N=9 M=8 t2,4,True,4,2,2235.0,5.0,1.0,3.0,2994.0,,20317.0,,
f5aee069c6a61bf8ad6c908af35356d89cdaf26ec0246f69993a9cf9414a619c,9,8,2,N=9 M=8 t2,4,True,4,3,21942.0,2.0,3.0,6.0,23021.0,,21942.0,,
f5aee069c6a61bf8ad6c908af35356d89cdaf26ec0246f69993a9cf9414a619c,9,8,2,N=9 M=8 t2,4,True,4,4,25425.0,2.0,3.0,7.0,26671.0,,33014.0,,
f5aee069c6a61bf8ad6c908af35356d89cdaf26ec0246f69993a9cf9414a619c,10,1,1,N=10 M=1 t1,5,True,5,1,3113.0,1.0,2.0,4.0,4301.0,,12152.0,,
f5aee069c6a61bf8ad6c908af35356d89cdaf26ec0246f69993a9cf9414a619c,10,1,1,N=10 M=1 t1,5,True,5,2,24732.0,1.0,2.0,5.0,25757.0,,30612.0,,
f5aee069c6a61bf8ad6c908af35356d89cdaf26ec0246f69993a9cf9414a619c,10,1,1,N=10 M=1 t1,5,True,5,3,26504.0,1.0,3.0,7.0,,,,,
f5aee069c6a61bf8ad6c908af35356d89cdaf26ec0246f69993a9cf9414a619c,10,1,1,N=10 M=1 t1,5,True,5,4,46277.0,1.0,5.0,9.0,47320.0,,46277.0,,
f5aee069c6a61bf8ad6c908af35356d89cdaf26ec0246f69993a9cf9414a619c,10,1,1,N=10 M=1 t1,5,True,5,5,67729.0,1.0,4.0,9.0,,,,,
f5aee069c6a61bf8ad6c908af35356d89cdaf26ec0246f69993a9cf9414a619c,10,1,2,N=10 M=1 t2,3,True,3,1,22672.0,1.0,3.0,6.0,23711.0,,31082.0,,
f5aee069c6a61bf8ad6c908af35356d89cdaf26ec0246f69993a9cf9414a619c,10,1,2,N=10 M=1 t2,3,True,3,2,65565.0,1.0,5.0,9.0,66856.0,,69255.0,,
f5aee069c6a61bf8ad6c908af35356d89cdaf26ec0246f69993a9cf9414a619c,10,1,2,N=10 M=1 t2,3,True,3,3,67207.0,1.0,5.0,10.0,68308.0,,67207.0,,
f5aee069c6a61bf8ad6c908af35356d89cdaf26ec0246f69993a9cf9414a619c,10,2,1,N=10 M=2 t1,7,True,0,0,,,,,,,,,
f5aee069c6a61bf8ad6c908af35356d89cdaf26ec0246f69993a9cf9414a619c,10,2,2,N=10 M=2 t2,8,True,8,1,3881.0,1.0,1.0,3.0,4663.0,,7479.0,,
f5aee069c6a61bf8ad6c908af35356d89cdaf26ec0246f69993a9cf9414a619c,10,2,2,N=10 M=2 t2,8,True,8,2,5385.0,2.0,2.0,5.0,6519.0,,22936.0,,
f5aee069c6a61bf8ad6c908af35356d89cdaf26ec0246f69993a9cf9414a619c,10,2,2,N=10 M=2 t2,8,True,8,3,19408.0,2.0,3.0,7.0,,,,,
f5aee069c6a61bf8ad6c908af35356d89cdaf26ec0246f69993a9cf9414a619c,10,2,2,N=10 M=2 t2,8,True,8,4,25375.0,2.0,5.0,10.0,26436.0,,25375.0,,
f5aee069c6a61bf8ad6c908af35356d89cdaf26ec0246f69993a9cf9414a619c,10,2,2,N=10 M=2 t2,8,True,8,5,33150.0,1.0,5.0,10.0,,,,,
f5aee069c6a61bf8ad6c908af35356d89cdaf26ec0246f69993a9cf9414a619c,10,2,2,N=10 M=2 t2,8,True,8,6,56526.0,1.0,6.0,11.0,,,,,
f5aee069c6a61bf8ad6c908af35356d89cdaf26ec0246f69993a9cf9414a619c,10,2,2,N=10 M=2 t2,8,True,8,7,79537.0,2.0,5.0,10.0,,,,,
f5aee069c6a61bf8ad6c908af35356d89cdaf26ec0246f69993a9cf9414a619c,10,2,2,N=10 M=2 t2,8,True,8,8,102908.0,1.0,5.0,10.0,,,,,
f5aee069c6a61bf8ad6c908af35356d89cdaf26ec0246f69993a9cf9414a619c,10,3,1,N=10 M=3 t1,6,True,6,1,2916.0,1.0,3.0,5.0,3954.0,,6747.0,,
f5aee069c6a61bf8ad6c908af35356d89cdaf26ec0246f69993a9cf9414a619c,10,3,1,N=10 M=3 t1,6,True,6,2,7905.0,3.0,4.0,7.0,9159.0,,29215.0,,
f5aee069c6a61bf8ad6c908af35356d89cdaf26ec0246f69993a9cf9414a619c,10,3,1,N=10 M=3 t1,6,True,6,3,28320.0,2.0,4.0,7.0,29528.0,,28320.0,,
f5aee069c6a61bf8ad6c908af35356d89cdaf26ec0246f69993a9cf9414a619c,10,3,1,N=10 M=3 t1,6,True,6,4,29455.0,2.0,4.0,8.0,30925.0,,29455.0,,
f5aee069c6a61bf8ad6c908af35356d89cdaf26ec0246f69993a9cf9414a619c,10,3,1,N=10 M=3 t1,6,True,6,5,74572.0,1.0,5.0,10.0,,,,,
f5aee069c6a61bf8ad6c908af35356d89cdaf26ec0246f69993a9cf9414a619c,10,3,1,N=10 M=3 t1,6,True,6,6,114794.0,2.0,6.0,11.0,115872.0,,114794.0,,
f5aee069c6a61bf8ad6c908af35356d89cdaf26ec0246f69993a9cf9414a619c,10,3,2,N=10 M=3 t2,5,True,5,1,23957.0,2.0,4.0,6.0,25170.0,,23957.0,,
f5aee069c6a61bf8ad6c908af35356d89cdaf26ec0246f69993a9cf9414a619c,10,3,2,N=10 M=3 t2,5,True,5,2,27938.0,2.0,4.0,7.0,30970.0,,31077.0,,
f5aee069c6a61bf8ad6c908af35356d89cdaf26ec0246f69993a9cf9414a619c,10,3,2,N=10 M=3 t2,5,True,5,3,31306.0,2.0,5.0,9.0,,,,,
f5aee069c6a61bf8ad6c908af35356d89cdaf26ec0246f69993a9cf9414a619c,10,3,2,N=10 M=3 t2,5,True,5,4,71977.0,3.0,3.0,6.0,73070.0,,71977.0,,
f5aee069c6a61bf8ad6c908af35356d89cdaf26ec0246f69993a9cf9414a619c,10,3,2,N=10 M=3 t2,5,True,5,5,111079.0,2.0,4.0,8.0,,,,,
f5aee069c6a61bf8ad6c908af35356d89cdaf26ec0246f69993a9cf9414a619c,10,4,1,N=10 M=4 t1,10,True,11,1,2010.0,2.0,3.0,5.0,3224.0,,3549.0,,
f5aee069c6a61bf8ad6c908af35356d89cdaf26ec0246f69993a9cf9414a619c,10,4,1,N=10 M=4 t1,10,True,11,2,2763.0,3.0,4.0,7.0,75036.0,,87370.0,,
f5aee069c6a61bf8ad6c908af35356d89cdaf26ec0246f69993a9cf9414a619c,10,4,1,N=10 M=4 t1,10,True,11,3,25441.0,1.0,5.0,8.0,26355.0,,32708.0,,
f5aee069c6a61bf8ad6c908af35356d89cdaf26ec0246f69993a9cf9414a619c,10,4,1,N=10 M=4 t1,10,True,11,4,27634.0,3.0,5.0,9.0,75036.0,,87370.0,,
f5aee069c6a61bf8ad6c908af35356d89cdaf26ec0246f69993a9cf9414a619c,10,4,1,N=10 M=4 t1,10,True,11,5,47281.0,2.0,7.0,12.0,,,,,
f5aee069c6a61bf8ad6c908af35356d89cdaf26ec0246f69993a9cf9414a619c,10,4,1,N=10 M=4 t1,10,True,11,6,52041.0,3.0,6.0,11.0,53111.0,,55920.0,,
f5aee069c6a61bf8ad6c908af35356d89cdaf26ec0246f69993a9cf9414a619c,10,4,1,N=10 M=4 t1,10,True,11,7,70085.0,1.0,7.0,12.0,,,,,
f5aee069c6a61bf8ad6c908af35356d89cdaf26ec0246f69993a9cf9414a619c,10,4,1,N=10 M=4 t1,10,True,11,8,71384.0,2.0,7.0,13.0,75036.0,,87370.0,,
f5aee069c6a61bf8ad6c908af35356d89cdaf26ec0246f69993a9cf9414a619c,10,4,1,N=10 M=4 t1,10,True,11,9,71393.0,3.0,8.0,15.0,72380.0,,71393.0,,
f5aee069c6a61bf8ad6c908af35356d89cdaf26ec0246f69993a9cf9414a619c,10,4,1,N=10 M=4 t1,10,True,11,10,93506.0,1.0,7.0,14.0,,,,,
f5aee069c6a61bf8ad6c908af35356d89cdaf26ec0246f69993a9cf9414a619c,10,4,1,N=10 M=4 t1,10,True,11,11,116869.0,1.0,8.0,15.0,,,,,
f5aee069c6a61bf8ad6c908af35356d89cdaf26ec0246f69993a9cf9414a619c,10,4,2,N=10 M=4 t2,10,True,12,1,3247.0,2.0,1.0,2.0,4469.0,,12568.0,,
f5aee069c6a61bf8ad6c908af35356d89cdaf26ec0246f69993a9cf9414a619c,10,4,2,N=10 M=4 t2,10,True,12,2,6042.0,3.0,2.0,4.0,,,,,
f5aee069c6a61bf8ad6c908af35356d89cdaf26ec0246f69993a9cf9414a619c,10,4,2,N=10 M=4 t2,10,True,12,3,28798.0,3.0,4.0,6.0,,,,,
f5aee069c6a61bf8ad6c908af35356d89cdaf26ec0246f69993a9cf9414a619c,10,4,2,N=10 M=4 t2,10,True,12,4,29249.0,3.0,4.0,7.0,30443.0,,42408.0,,
f5aee069c6a61bf8ad6c908af35356d89cdaf26ec0246f69993a9cf9414a619c,10,4,2,N=10 M=4 t2,10,True,12,5,51967.0,3.0,4.0,6.0,,,,,
f5aee069c6a61bf8ad6c908af35356d89cdaf26ec0246f69993a9cf9414a619c,10,4,2,N=10 M=4 t2,10,True,12,6,66147.0,3.0,4.0,7.0,67159.0,,66147.0,,
f5aee069c6a61bf8ad6c908af35356d89cdaf26ec0246f69993a9cf9414a619c,10,4,2,N=10 M=4 t2,10,True,12,7,70166.0,3.0,4.0,8.0,,,,,
f5aee069c6a61bf8ad6c908af35356d89cdaf26ec0246f69993a9cf9414a619c,10,4,2,N=10 M=4 t2,10,True,12,8,79587.0,4.0,4.0,7.0,,,,,
f5aee069c6a61bf8ad6c908af35356d89cdaf26ec0246f69993a9cf9414a619c,10,4,2,N=10 M=4 t2,10,True,12,9,80022.0,4.0,5.0,9.0,,,,,
f5aee069c6a61bf8ad6c908af35356d89cdaf26ec0246f69993a9cf9414a619c,10,4,2,N=10 M=4 t2,10,True,12,10,102470.0,3.0,4.0,7.0,,,,,
f5aee069c6a61bf8ad6c908af35356d89cdaf26ec0246f69993a9cf9414a619c,10,4,2,N=10 M=4 t2,10,True,12,11,115358.0,4.0,4.0,8.0,116941.0,,115358.0,,
f5aee069c6a61bf8ad6c908af35356d89cdaf26ec0246f69993a9cf9414a619c,10,4,2,N=10 M=4 t2,10,True,12,12,119290.0,3.0,5.0,10.0,,,,,
f5aee069c6a61bf8ad6c908af35356d89cdaf26ec0246f69993a9cf9414a619c,10,5,1,N=10 M=5 t1,10,True,0,0,,,,,,,,,
f5aee069c6a61bf8ad6c908af35356d89cdaf26ec0246f69993a9cf9414a619c,10,5,2,N=10 M=5 t2,16,True,17,1,13420.0,4.0,3.0,6.0,,,,,
f5aee069c6a61bf8ad6c908af35356d89cdaf26ec0246f69993a9cf9414a619c,10,5,2,N=10 M=5 t2,16,True,17,2,23042.0,3.0,3.0,6.0,,,,,
f5aee069c6a61bf8ad6c908af35356d89cdaf26ec0246f69993a9cf9414a619c,10,5,2,N=10 M=5 t2,16,True,17,3,23988.0,3.0,5.0,8.0,25145.0,,23988.0,,
f5aee069c6a61bf8ad6c908af35356d89cdaf26ec0246f69993a9cf9414a619c,10,5,2,N=10 M=5 t2,16,True,17,4,25542.0,2.0,5.0,9.0,,,,,
f5aee069c6a61bf8ad6c908af35356d89cdaf26ec0246f69993a9cf9414a619c,10,5,2,N=10 M=5 t2,16,True,17,5,26553.0,2.0,6.0,10.0,,,,,
f5aee069c6a61bf8ad6c908af35356d89cdaf26ec0246f69993a9cf9414a619c,10,5,2,N=10 M=5 t2,16,True,17,6,28769.0,3.0,5.0,10.0,,,,,
f5aee069c6a61bf8ad6c908af35356d89cdaf26ec0246f69993a9cf9414a619c,10,5,2,N=10 M=5 t2,16,True,17,7,38807.0,4.0,5.0,11.0,39810.0,,48277.0,,
f5aee069c6a61bf8ad6c908af35356d89cdaf26ec0246f69993a9cf9414a619c,10,5,2,N=10 M=5 t2,16,True,17,8,46382.0,4.0,7.0,13.0,,,,,
f5aee069c6a61bf8ad6c908af35356d89cdaf26ec0246f69993a9cf9414a619c,10,5,2,N=10 M=5 t2,16,True,17,9,49968.0,2.0,7.0,12.0,,,,,
f5aee069c6a61bf8ad6c908af35356d89cdaf26ec0246f69993a9cf9414a619c,10,5,2,N=10 M=5 t2,16,True,17,10,51892.0,3.0,7.0,13.0,,,,,
f5aee069c6a61bf8ad6c908af35356d89cdaf26ec0246f69993a9cf9414a619c,10,5,2,N=10 M=5 t2,16,True,17,11,69973.0,2.0,7.0,12.0,,,,,
f5aee069c6a61bf8ad6c908af35356d89cdaf26ec0246f69993a9cf9414a619c,10,5,2,N=10 M=5 t2,16,True,17,12,75057.0,3.0,5.0,10.0,,,,,
f5aee069c6a61bf8ad6c908af35356d89cdaf26ec0246f69993a9cf9414a619c,10,5,2,N=10 M=5 t2,16,True,17,13,89868.0,3.0,6.0,12.0,,,,,
f5aee069c6a61bf8ad6c908af35356d89cdaf26ec0246f69993a9cf9414a619c,10,5,2,N=10 M=5 t2,16,True,17,14,93737.0,3.0,7.0,13.0,,,,,
f5aee069c6a61bf8ad6c908af35356d89cdaf26ec0246f69993a9cf9414a619c,10,5,2,N=10 M=5 t2,16,True,17,15,97267.0,2.0,7.0,12.0,98300.0,,97267.0,,
f5aee069c6a61bf8ad6c908af35356d89cdaf26ec0246f69993a9cf9414a619c,10,5,2,N=10 M=5 t2,16,True,17,16,98846.0,3.0,7.0,13.0,,,,,
f5aee069c6a61bf8ad6c908af35356d89cdaf26ec0246f69993a9cf9414a619c,10,5,2,N=10 M=5 t2,16,True,17,17,118957.0,1.0,7.0,12.0,,,,,
f5aee069c6a61bf8ad6c908af35356d89cdaf26ec0246f69993a9cf9414a619c,10,6,1,N=10 M=6 t1,6,True,6,1,3721.0,2.0,3.0,6.0,6344.0,,9923.0,,
f5aee069c6a61bf8ad6c908af35356d89cdaf26ec0246f69993a9cf9414a619c,10,6,1,N=10 M=6 t1,6,True,6,2,39225.0,4.0,2.0,5.0,,,,,
f5aee069c6a61bf8ad6c908af35356d89cdaf26ec0246f69993a9cf9414a619c,10,6,1,N=10 M=6 t1,6,True,6,3,39694.0,5.0,3.0,7.0,42563.0,,,,
f5aee069c6a61bf8ad6c908af35356d89cdaf26ec0246f69993a9cf9414a619c,10,6,1,N=10 M=6 t1,6,True,6,4,61929.0,2.0,3.0,6.0,,,,,
f5aee069c6a61bf8ad6c908af35356d89cdaf26ec0246f69993a9cf9414a619c,10,6,1,N=10 M=6 t1,6,True,6,5,86885.0,3.0,2.0,5.0,,,,,
f5aee069c6a61bf8ad6c908af35356d89cdaf26ec0246f69993a9cf9414a619c,10,6,1,N=10 M=6 t1,6,True,6,6,111364.0,4.0,3.0,6.0,,,,,
f5aee069c6a61bf8ad6c908af35356d89cdaf26ec0246f69993a9cf9414a619c,10,6,2,N=10 M=6 t2,5,True,0,0,,,,,,,,,
f5aee069c6a61bf8ad6c908af35356d89cdaf26ec0246f69993a9cf9414a619c,10,7,1,N=10 M=7 t1,7,True,7,1,2246.0,2.0,3.0,5.0,6670.0,,10092.0,,
f5aee069c6a61bf8ad6c908af35356d89cdaf26ec0246f69993a9cf9414a619c,10,7,1,N=10 M=7 t1,7,True,7,2,5871.0,4.0,2.0,5.0,,,,,
f5aee069c6a61bf8ad6c908af35356d89cdaf26ec0246f69993a9cf9414a619c,10,7,1,N=10 M=7 t1,7,True,7,3,36201.0,3.0,3.0,6.0,,,,,
f5aee069c6a61bf8ad6c908af35356d89cdaf26ec0246f69993a9cf9414a619c,10,7,1,N=10 M=7 t1,7,True,7,4,46795.0,3.0,5.0,9.0,47772.0,,46795.0,,
f5aee069c6a61bf8ad6c908af35356d89cdaf26ec0246f69993a9cf9414a619c,10,7,1,N=10 M=7 t1,7,True,7,5,59332.0,3.0,4.0,8.0,,,,,
f5aee069c6a61bf8ad6c908af35356d89cdaf26ec0246f69993a9cf9414a619c,10,7,1,N=10 M=7 t1,7,True,7,6,99686.0,3.0,5.0,9.0,,,,,
f5aee069c6a61bf8ad6c908af35356d89cdaf26ec0246f69993a9cf9414a619c,10,7,1,N=10 M=7 t1,7,True,7,7,110569.0,3.0,5.0,9.0,,,,,
f5aee069c6a61bf8ad6c908af35356d89cdaf26ec0246f69993a9cf9414a619c,10,7,2,N=10 M=7 t2,8,True,8,1,2733.0,3.0,2.0,4.0,,,,,
f5aee069c6a61bf8ad6c908af35356d89cdaf26ec0246f69993a9cf9414a619c,10,7,2,N=10 M=7 t2,8,True,8,2,21842.0,5.0,2.0,4.0,24897.0,,31909.0,,
f5aee069c6a61bf8ad6c908af35356d89cdaf26ec0246f69993a9cf9414a619c,10,7,2,N=10 M=7 t2,8,True,8,3,28572.0,1.0,3.0,5.0,29592.0,,28572.0,,
f5aee069c6a61bf8ad6c908af35356d89cdaf26ec0246f69993a9cf9414a619c,10,7,2,N=10 M=7 t2,8,True,8,4,39059.0,3.0,3.0,6.0,,,,,
f5aee069c6a61bf8ad6c908af35356d89cdaf26ec0246f69993a9cf9414a619c,10,7,2,N=10 M=7 t2,8,True,8,5,40232.0,2.0,4.0,8.0,41258.0,,43605.0,,
f5aee069c6a61bf8ad6c908af35356d89cdaf26ec0246f69993a9cf9414a619c,10,7,2,N=10 M=7 t2,8,True,8,6,68694.0,2.0,3.0,7.0,,,,,
f5aee069c6a61bf8ad6c908af35356d89cdaf26ec0246f69993a9cf9414a619c,10,7,2,N=10 M=7 t2,8,True,8,7,95190.0,3.0,4.0,8.0,,,,,
f5aee069c6a61bf8ad6c908af35356d89cdaf26ec0246f69993a9cf9414a619c,10,7,2,N=10 M=7 t2,8,True,8,8,101175.0,3.0,4.0,9.0,102234.0,,105016.0,,
f5aee069c6a61bf8ad6c908af35356d89cdaf26ec0246f69993a9cf9414a619c,10,8,1,N=10 M=8 t1,10,True,10,1,698.0,1.0,3.0,4.0,2655.0,,16471.0,,
f5aee069c6a61bf8ad6c908af35356d89cdaf26ec0246f69993a9cf9414a619c,10,8,1,N=10 M=8 t1,10,True,10,2,2595.0,3.0,4.0,6.0,,,,,
f5aee069c6a61bf8ad6c908af35356d89cdaf26ec0246f69993a9cf9414a619c,10,8,1,N=10 M=8 t1,10,True,10,3,16924.0,3.0,4.0,6.0,,,,,
f5aee069c6a61bf8ad6c908af35356d89cdaf26ec0246f69993a9cf9414a619c,10,8,1,N=10 M=8 t1,10,True,10,4,22657.0,2.0,4.0,7.0,23649.0,,22657.0,,
f5aee069c6a61bf8ad6c908af35356d89cdaf26ec0246f69993a9cf9414a619c,10,8,1,N=10 M=8 t1,10,True,10,5,27535.0,3.0,3.0,7.0,28636.0,,50754.0,,
f5aee069c6a61bf8ad6c908af35356d89cdaf26ec0246f69993a9cf9414a619c,10,8,1,N=10 M=8 t1,10,True,10,6,32417.0,2.0,4.0,8.0,,,,,
f5aee069c6a61bf8ad6c908af35356d89cdaf26ec0246f69993a9cf9414a619c,10,8,1,N=10 M=8 t1,10,True,10,7,62878.0,3.0,4.0,8.0,,,,,
f5aee069c6a61bf8ad6c908af35356d89cdaf26ec0246f69993a9cf9414a619c,10,8,1,N=10 M=8 t1,10,True,10,8,85952.0,3.0,6.0,10.0,87115.0,,85952.0,,
f5aee069c6a61bf8ad6c908af35356d89cdaf26ec0246f69993a9cf9414a619c,10,8,1,N=10 M=8 t1,10,True,10,9,88890.0,2.0,5.0,10.0,,,,,
f5aee069c6a61bf8ad6c908af35356d89cdaf26ec0246f69993a9cf9414a619c,10,8,1,N=10 M=8 t1,10,True,10,10,112003.0,2.0,6.0,11.0,,,,,
f5aee069c6a61bf8ad6c908af35356d89cdaf26ec0246f69993a9cf9414a619c,10,8,2,N=10 M=8 t2,9,True,9,1,22576.0,4.0,3.0,5.0,23961.0,,27329.0,,
f5aee069c6a61bf8ad6c908af35356d89cdaf26ec0246f69993a9cf9414a619c,10,8,2,N=10 M=8 t2,9,True,9,2,25356.0,2.0,4.0,7.0,26508.0,,34457.0,,
f5aee069c6a61bf8ad6c908af35356d89cdaf26ec0246f69993a9cf9414a619c,10,8,2,N=10 M=8 t2,9,True,9,3,25918.0,2.0,5.0,9.0,,,,,
f5aee069c6a61bf8ad6c908af35356d89cdaf26ec0246f69993a9cf9414a619c,10,8,2,N=10 M=8 t2,9,True,9,4,26069.0,3.0,5.0,10.0,27222.0,,26069.0,,
f5aee069c6a61bf8ad6c908af35356d89cdaf26ec0246f69993a9cf9414a619c,10,8,2,N=10 M=8 t2,9,True,9,5,26623.0,3.0,5.0,11.0,27822.0,,47942.0,,
f5aee069c6a61bf8ad6c908af35356d89cdaf26ec0246f69993a9cf9414a619c,10,8,2,N=10 M=8 t2,9,True,9,6,43431.0,1.0,6.0,12.0,,,,,
f5aee069c6a61bf8ad6c908af35356d89cdaf26ec0246f69993a9cf9414a619c,10,8,2,N=10 M=8 t2,9,True,9,7,66447.0,1.0,7.0,13.0,,,,,
f5aee069c6a61bf8ad6c908af35356d89cdaf26ec0246f69993a9cf9414a619c,10,8,2,N=10 M=8 t2,9,True,9,8,90460.0,1.0,7.0,13.0,,,,,
f5aee069c6a61bf8ad6c908af35356d89cdaf26ec0246f69993a9cf9414a619c,10,8,2,N=10 M=8 t2,9,True,9,9,113918.0,1.0,7.0,13.0,,,,,
f5aee069c6a61bf8ad6c908af35356d89cdaf26ec0246f69993a9cf9414a619c,10,9,1,N=10 M=9 t1,7,True,7,1,3515.0,2.0,3.0,5.0,,,,,
f5aee069c6a61bf8ad6c908af35356d89cdaf26ec0246f69993a9cf9414a619c,10,9,1,N=10 M=9 t1,7,True,7,2,25523.0,4.0,4.0,6.0,26487.0,,29256.0,,
f5aee069c6a61bf8ad6c908af35356d89cdaf26ec0246f69993a9cf9414a619c,10,9,1,N=10 M=9 t1,7,True,7,3,30391.0,3.0,4.0,7.0,,,,,
f5aee069c6a61bf8ad6c908af35356d89cdaf26ec0246f69993a9cf9414a619c,10,9,1,N=10 M=9 t1,7,True,7,4,55029.0,4.0,2.0,5.0,,,,,
f5aee069c6a61bf8ad6c908af35356d89cdaf26ec0246f69993a9cf9414a619c,10,9,1,N=10 M=9 t1,7,True,7,5,84594.0,4.0,4.0,7.0,,,,,
f5aee069c6a61bf8ad6c908af35356d89cdaf26ec0246f69993a9cf9414a619c,10,9,1,N=10 M=9 t1,7,True,7,6,86623.0,4.0,5.0,9.0,87573.0,,86623.0,,
f5aee069c6a61bf8ad6c908af35356d89cdaf26ec0246f69993a9cf9414a619c,10,9,1,N=10 M=9 t1,7,True,7,7,110257.0,3.0,5.0,9.0,111348.0,,110257.0,,
f5aee069c6a61bf8ad6c908af35356d89cdaf26ec0246f69993a9cf9414a619c,10,9,2,N=10 M=9 t2,10,True,11,1,6470.0,5.0,1.0,3.0,,,,,
f5aee069c6a61bf8ad6c908af35356d89cdaf26ec0246f69993a9cf9414a619c,10,9,2,N=10 M=9 t2,10,True,11,2,25800.0,5.0,2.0,4.0,,,,,
f5aee069c6a61bf8ad6c908af35356d89cdaf26ec0246f69993a9cf9414a619c,10,9,2,N=10 M=9 t2,10,True,11,3,25944.0,5.0,3.0,6.0,27331.0,,30027.0,,
f5aee069c6a61bf8ad6c908af35356d89cdaf26ec0246f69993a9cf9414a619c,10,9,2,N=10 M=9 t2,10,True,11,4,32039.0,5.0,4.0,7.0,,,,,
f5aee069c6a61bf8ad6c908af35356d89cdaf26ec0246f69993a9cf9414a619c,10,9,2,N=10 M=9 t2,10,True,11,5,46041.0,3.0,5.0,8.0,47007.0,,46041.0,,
f5aee069c6a61bf8ad6c908af35356d89cdaf26ec0246f69993a9cf9414a619c,10,9,2,N=10 M=9 t2,10,True,11,6,48852.0,3.0,5.0,9.0,,,,,
f5aee069c6a61bf8ad6c908af35356d89cdaf26ec0246f69993a9cf9414a619c,10,9,2,N=10 M=9 t2,10,True,11,7,75144.0,5.0,4.0,7.0,,,,,
f5aee069c6a61bf8ad6c908af35356d89cdaf26ec0246f69993a9cf9414a619c,10,9,2,N=10 M=9 t2,10,True,11,8,79033.0,4.0,5.0,9.0,,,,,
f5aee069c6a61bf8ad6c908af35356d89cdaf26ec0246f69993a9cf9414a619c,10,9,2,N=10 M=9 t2,10,True,11,9,98480.0,2.0,4.0,7.0,,,,,
f5aee069c6a61bf8ad6c908af35356d89cdaf26ec0246f69993a9cf9414a619c,10,9,2,N=10 M=9 t2,10,True,11,10,109328.0,4.0,5.0,9.0,110575.0,,109328.0,,
f5aee069c6a61bf8ad6c908af35356d89cdaf26ec0246f69993a9cf9414a619c,10,9,2,N=10 M=9 t2,10,True,11,11,119015.0,1.0,8.0,12.0,,,,,
f5aee069c6a61bf8ad6c908af35356d89cdaf26ec0246f69993a9cf9414a619c,11,1,1,N=11 M=1 t1,3,True,3,1,19287.0,1.0,2.0,3.0,19632.0,,25617.0,,
f5aee069c6a61bf8ad6c908af35356d89cdaf26ec0246f69993a9cf9414a619c,11,1,1,N=11 M=1 t1,3,True,3,2,30590.0,1.0,1.0,3.0,31465.0,,42044.0,,
f5aee069c6a61bf8ad6c908af35356d89cdaf26ec0246f69993a9cf9414a619c,11,1,1,N=11 M=1 t1,3,True,3,3,92344.0,1.0,3.0,6.0,,,,,
f5aee069c6a61bf8ad6c908af35356d89cdaf26ec0246f69993a9cf9414a619c,11,1,2,N=11 M=1 t2,3,True,3,1,509.0,1.0,3.0,5.0,851.0,,509.0,,
f5aee069c6a61bf8ad6c908af35356d89cdaf26ec0246f69993a9cf9414a619c,11,1,2,N=11 M=1 t2,3,True,3,2,3777.0,1.0,3.0,6.0,,,,,
f5aee069c6a61bf8ad6c908af35356d89cdaf26ec0246f69993a9cf9414a619c,11,1,2,N=11 M=1 t2,3,True,3,3,104229.0,1.0,5.0,8.0,105262.0,,104229.0,,
f5aee069c6a61bf8ad6c908af35356d89cdaf26ec0246f69993a9cf9414a619c,11,2,1,N=11 M=2 t1,9,True,9,1,1010.0,2.0,2.0,4.0,2384.0,,1010.0,,
f5aee069c6a61bf8ad6c908af35356d89cdaf26ec0246f69993a9cf9414a619c,11,2,1,N=11 M=2 t1,9,True,9,2,23426.0,2.0,2.0,4.0,,,,,
f5aee069c6a61bf8ad6c908af35356d89cdaf26ec0246f69993a9cf9414a619c,11,2,1,N=11 M=2 t1,9,True,9,3,41189.0,3.0,2.0,4.0,42876.0,,41189.0,,
f5aee069c6a61bf8ad6c908af35356d89cdaf26ec0246f69993a9cf9414a619c,11,2,1,N=11 M=2 t1,9,True,9,4,63166.0,2.0,3.0,5.0,63905.0,,63166.0,,
f5aee069c6a61bf8ad6c908af35356d89cdaf26ec0246f69993a9cf9414a619c,11,2,1,N=11 M=2 t1,9,True,9,5,63181.0,2.0,4.0,7.0,,,,,
f5aee069c6a61bf8ad6c908af35356d89cdaf26ec0246f69993a9cf9414a619c,11,2,1,N=11 M=2 t1,9,True,9,6,63487.0,2.0,4.0,8.0,64445.0,,63487.0,,
f5aee069c6a61bf8ad6c908af35356d89cdaf26ec0246f69993a9cf9414a619c,11,2,1,N=11 M=2 t1,9,True,9,7,65229.0,2.0,5.0,10.0,,,,,
f5aee069c6a61bf8ad6c908af35356d89cdaf26ec0246f69993a9cf9414a619c,11,2,1,N=11 M=2 t1,9,True,9,8,85486.0,2.0,6.0,10.0,86707.0,,85486.0,,
f5aee069c6a61bf8ad6c908af35356d89cdaf26ec0246f69993a9cf9414a619c,11,2,1,N=11 M=2 t1,9,True,9,9,103842.0,2.0,6.0,11.0,106264.0,,103842.0,,
f5aee069c6a61bf8ad6c908af35356d89cdaf26ec0246f69993a9cf9414a619c,11,2,2,N=11 M=2 t2,8,True,8,1,16793.0,2.0,3.0,4.0,17459.0,,19004.0,,
f5aee069c6a61bf8ad6c908af35356d89cdaf26ec0246f69993a9cf9414a619c,11,2,2,N=11 M=2 t2,8,True,8,2,17346.0,1.0,4.0,6.0,18402.0,,17346.0,,
f5aee069c6a61bf8ad6c908af35356d89cdaf26ec0246f69993a9cf9414a619c,11,2,2,N=11 M=2 t2,8,True,8,3,21731.0,2.0,3.0,6.0,,,,,
f5aee069c6a61bf8ad6c908af35356d89cdaf26ec0246f69993a9cf9414a619c,11,2,2,N=11 M=2 t2,8,True,8,4,38956.0,2.0,5.0,9.0,,,,,
f5aee069c6a61bf8ad6c908af35356d89cdaf26ec0246f69993a9cf9414a619c,11,2,2,N=11 M=2 t2,8,True,8,5,42564.0,2.0,6.0,10.0,43649.0,,42564.0,,
f5aee069c6a61bf8ad6c908af35356d89cdaf26ec0246f69993a9cf9414a619c,11,2,2,N=11 M=2 t2,8,True,8,6,64420.0,1.0,3.0,7.0,,,,,
f5aee069c6a61bf8ad6c908af35356d89cdaf26ec0246f69993a9cf9414a619c,11,2,2,N=11 M=2 t2,8,True,8,7,87622.0,2.0,5.0,9.0,,,,,
f5aee069c6a61bf8ad6c908af35356d89cdaf26ec0246f69993a9cf9414a619c,11,2,2,N=11 M=2 t2,8,True,8,8,110772.0,1.0,5.0,9.0,,,,,
f5aee069c6a61bf8ad6c908af35356d89cdaf26ec0246f69993a9cf9414a619c,11,3,1,N=11 M=3 t1,5,True,5,1,25573.0,3.0,4.0,6.0,26312.0,,40398.0,,
f5aee069c6a61bf8ad6c908af35356d89cdaf26ec0246f69993a9cf9414a619c,11,3,1,N=11 M=3 t1,5,True,5,2,25650.0,3.0,5.0,8.0,26721.0,,45041.0,,
f5aee069c6a61bf8ad6c908af35356d89cdaf26ec0246f69993a9cf9414a619c,11,3,1,N=11 M=3 t1,5,True,5,3,26705.0,2.0,5.0,9.0,27779.0,,26705.0,,
f5aee069c6a61bf8ad6c908af35356d89cdaf26ec0246f69993a9cf9414a619c,11,3,1,N=11 M=3 t1,5,True,5,4,75888.0,2.0,6.0,11.0,77201.0,,75888.0,,
f5aee069c6a61bf8ad6c908af35356d89cdaf26ec0246f69993a9cf9414a619c,11,3,1,N=11 M=3 t1,5,True,5,5,104737.0,2.0,5.0,10.0,,,,,
f5aee069c6a61bf8ad6c908af35356d89cdaf26ec0246f69993a9cf9414a619c,11,3,2,N=11 M=3 t2,4,True,4,1,3540.0,2.0,4.0,7.0,4061.0,,18204.0,,
f5aee069c6a61bf8ad6c908af35356d89cdaf26ec0246f69993a9cf9414a619c,11,3,2,N=11 M=3 t2,4,True,4,2,5387.0,3.0,5.0,9.0,,,,,
f5aee069c6a61bf8ad6c908af35356d89cdaf26ec0246f69993a9cf9414a619c,11,3,2,N=11 M=3 t2,4,True,4,3,31186.0,2.0,5.0,9.0,32674.0,,31186.0,,
f5aee069c6a61bf8ad6c908af35356d89cdaf26ec0246f69993a9cf9414a619c,11,3,2,N=11 M=3 t2,4,True,4,4,70851.0,2.0,5.0,10.0,72544.0,,70851.0,,
f5aee069c6a61bf8ad6c908af35356d89cdaf26ec0246f69993a9cf9414a619c,11,4,1,N=11 M=4 t1,5,True,5,1,666.0,1.0,1.0,2.0,1894.0,,9217.0,,
f5aee069c6a61bf8ad6c908af35356d89cdaf26ec0246f69993a9cf9414a619c,11,4,1,N=11 M=4 t1,5,True,5,2,3247.0,4.0,2.0,4.0,3635.0,,16957.0,,
f5aee069c6a61bf8ad6c908af35356d89cdaf26ec0246f69993a9cf9414a619c,11,4,1,N=11 M=4 t1,5,True,5,3,3331.0,4.0,3.0,6.0,4310.0,,23443.0,,
f5aee069c6a61bf8ad6c908af35356d89cdaf26ec0246f69993a9cf9414a619c,11,4,1,N=11 M=4 t1,5,True,5,4,13521.0,3.0,4.0,8.0,14861.0,,13521.0,,
f5aee069c6a61bf8ad6c908af35356d89cdaf26ec0246f69993a9cf9414a619c,11,4,1,N=11 M=4 t1,5,True,5,5,26075.0,2.0,6.0,11.0,27027.0,,26075.0,,
f5aee069c6a61bf8ad6c908af35356d89cdaf26ec0246f69993a9cf9414a619c,11,4,2,N=11 M=4 t2,7,True,7,1,253.0,1.0,1.0,2.0,3818.0,,10513.0,,
f5aee069c6a61bf8ad6c908af35356d89cdaf26ec0246f69993a9cf9414a619c,11,4,2,N=11 M=4 t2,7,True,7,2,4565.0,3.0,2.0,4.0,5024.0,,16227.0,,
f5aee069c6a61bf8ad6c908af35356d89cdaf26ec0246f69993a9cf9414a619c,11,4,2,N=11 M=4 t2,7,True,7,3,21853.0,3.0,3.0,6.0,22896.0,,21853.0,,
f5aee069c6a61bf8ad6c908af35356d89cdaf26ec0246f69993a9cf9414a619c,11,4,2,N=11 M=4 t2,7,True,7,4,30666.0,2.0,4.0,8.0,31826.0,,43240.0,,
f5aee069c6a61bf8ad6c908af35356d89cdaf26ec0246f69993a9cf9414a619c,11,4,2,N=11 M=4 t2,7,True,7,5,55413.0,3.0,4.0,8.0,,,,,
f5aee069c6a61bf8ad6c908af35356d89cdaf26ec0246f69993a9cf9414a619c,11,4,2,N=11 M=4 t2,7,True,7,6,78419.0,3.0,4.0,8.0,,,,,
f5aee069c6a61bf8ad6c908af35356d89cdaf26ec0246f69993a9cf9414a619c,11,4,2,N=11 M=4 t2,7,True,7,7,106568.0,3.0,4.0,8.0,,,,,
f5aee069c6a61bf8ad6c908af35356d89cdaf26ec0246f69993a9cf9414a619c,11,5,1,N=11 M=5 t1,4,True,4,1,5469.0,1.0,3.0,6.0,6667.0,,15234.0,,
f5aee069c6a61bf8ad6c908af35356d89cdaf26ec0246f69993a9cf9414a619c,11,5,1,N=11 M=5 t1,4,True,4,2,13030.0,2.0,3.0,7.0,13670.0,,25801.0,,
f5aee069c6a61bf8ad6c908af35356d89cdaf26ec0246f69993a9cf9414a619c,11,5,1,N=11 M=5 t1,4,True,4,3,52045.0,1.0,6.0,11.0,53047.0,,52045.0,,
f5aee069c6a61bf8ad6c908af35356d89cdaf26ec0246f69993a9cf9414a619c,11,5,1,N=11 M=5 t1,4,True,4,4,61771.0,1.0,6.0,12.0,63052.0,,65491.0,,
f5aee069c6a61bf8ad6c908af35356d89cdaf26ec0246f69993a9cf9414a619c,11,5,2,N=11 M=5 t2,4,True,4,1,4881.0,2.0,2.0,4.0,5580.0,,20694.0,,
f5aee069c6a61bf8ad6c908af35356d89cdaf26ec0246f69993a9cf9414a619c,11,5,2,N=11 M=5 t2,4,True,4,2,25597.0,4.0,4.0,7.0,26988.0,,71067.0,,
f5aee069c6a61bf8ad6c908af35356d89cdaf26ec0246f69993a9cf9414a619c,11,5,2,N=11 M=5 t2,4,True,4,3,26090.0,4.0,4.0,8.0,27592.0,,26090.0,,
f5aee069c6a61bf8ad6c908af35356d89cdaf26ec0246f69993a9cf9414a619c,11,5,2,N=11 M=5 t2,4,True,4,4,56003.0,2.0,4.0,8.0,57048.0,,71067.0,,
f5aee069c6a61bf8ad6c908af35356d89cdaf26ec0246f69993a9cf9414a619c,11,6,1,N=11 M=6 t1,8,True,8,1,9610.0,3.0,3.0,5.0,,,,,
f5aee069c6a61bf8ad6c908af35356d89cdaf26ec0246f69993a9cf9414a619c,11,6,1,N=11 M=6 t1,8,True,8,2,14644.0,4.0,4.0,7.0,15170.0,,17614.0,,
f5aee069c6a61bf8ad6c908af35356d89cdaf26ec0246f69993a9cf9414a619c,11,6,1,N=11 M=6 t1,8,True,8,3,25758.0,3.0,4.0,8.0,26865.0,,43737.0,,
f5aee069c6a61bf8ad6c908af35356d89cdaf26ec0246f69993a9cf9414a619c,11,6,1,N=11 M=6 t1,8,True,8,4,34394.0,2.0,3.0,7.0,,,,,
f5aee069c6a61bf8ad6c908af35356d89cdaf26ec0246f69993a9cf9414a619c,11,6,1,N=11 M=6 t1,8,True,8,5,49301.0,3.0,6.0,11.0,50292.0,,49301.0,,
f5aee069c6a61bf8ad6c908af35356d89cdaf26ec0246f69993a9cf9414a619c,11,6,1,N=11 M=6 t1,8,True,8,6,61238.0,2.0,5.0,10.0,,,,,
f5aee069c6a61bf8ad6c908af35356d89cdaf26ec0246f69993a9cf9414a619c,11,6,1,N=11 M=6 t1,8,True,8,7,89214.0,1.0,5.0,10.0,,,,,
f5aee069c6a61bf8ad6c908af35356d89cdaf26ec0246f69993a9cf9414a619c,11,6,1,N=11 M=6 t1,8,True,8,8,111957.0,2.0,6.0,11.0,,,,,
f5aee069c6a61bf8ad6c908af35356d89cdaf26ec0246f69993a9cf9414a619c,11,6,2,N=11 M=6 t2,4,True,4,1,6.0,2.0,2.0,4.0,1712.0,,9301.0,,
f5aee069c6a61bf8ad6c908af35356d89cdaf26ec0246f69993a9cf9414a619c,11,6,2,N=11 M=6 t2,4,True,4,2,3432.0,2.0,3.0,6.0,3865.0,,16937.0,,
f5aee069c6a61bf8ad6c908af35356d89cdaf26ec0246f69993a9cf9414a619c,11,6,2,N=11 M=6 t2,4,True,4,3,19821.0,2.0,5.0,9.0,21020.0,,41958.0,,
f5aee069c6a61bf8ad6c908af35356d89cdaf26ec0246f69993a9cf9414a619c,11,6,2,N=11 M=6 t2,4,True,4,4,46970.0,2.0,5.0,9.0,48153.0,,46970.0,,
f5aee069c6a61bf8ad6c908af35356d89cdaf26ec0246f69993a9cf9414a619c,11,7,1,N=11 M=7 t1,3,True,3,1,10144.0,3.0,2.0,4.0,10653.0,,18982.0,,
f5aee069c6a61bf8ad6c908af35356d89cdaf26ec0246f69993a9cf9414a619c,11,7,1,N=11 M=7 t1,3,True,3,2,27121.0,3.0,3.0,6.0,28113.0,,27121.0,,
f5aee069c6a61bf8ad6c908af35356d89cdaf26ec0246f69993a9cf9414a619c,11,7,1,N=11 M=7 t1,3,True,3,3,45676.0,2.0,4.0,8.0,46961.0,,63512.0,,
f5aee069c6a61bf8ad6c908af35356d89cdaf26ec0246f69993a9cf9414a619c,11,7,2,N=11 M=7 t2,2,True,2,1,39708.0,4.0,3.0,6.0,40677.0,,43134.0,,
f5aee069c6a61bf8ad6c908af35356d89cdaf26ec0246f69993a9cf9414a619c,11,7,2,N=11 M=7 t2,2,True,2,2,51042.0,3.0,4.0,8.0,52415.0,,51042.0,,
f5aee069c6a61bf8ad6c908af35356d89cdaf26ec0246f69993a9cf9414a619c,11,8,1,N=11 M=8 t1,5,True,5,1,5475.0,4.0,3.0,5.0,6654.0,,13672.0,,
f5aee069c6a61bf8ad6c908af35356d89cdaf26ec0246f69993a9cf9414a619c,11,8,1,N=11 M=8 t1,5,True,5,2,8894.0,2.0,5.0,8.0,10159.0,,8894.0,,
f5aee069c6a61bf8ad6c908af35356d89cdaf26ec0246f69993a9cf9414a619c,11,8,1,N=11 M=8 t1,5,True,5,3,32716.0,2.0,5.0,9.0,33080.0,,37735.0,,
f5aee069c6a61bf8ad6c908af35356d89cdaf26ec0246f69993a9cf9414a619c,11,8,1,N=11 M=8 t1,5,True,5,4,58796.0,2.0,6.0,11.0,60023.0,,62733.0,,
f5aee069c6a61bf8ad6c908af35356d89cdaf26ec0246f69993a9cf9414a619c,11,8,1,N=11 M=8 t1,5,True,5,5,92950.0,1.0,7.0,13.0,94516.0,,92950.0,,
f5aee069c6a61bf8ad6c908af35356d89cdaf26ec0246f69993a9cf9414a619c,11,8,2,N=11 M=8 t2,7,True,7,1,205.0,1.0,0.0,1.0,1643.0,,13271.0,,
f5aee069c6a61bf8ad6c908af35356d89cdaf26ec0246f69993a9cf9414a619c,11,8,2,N=11 M=8 t2,7,True,7,2,8450.0,5.0,1.0,3.0,8776.0,,17229.0,,
f5aee069c6a61bf8ad6c908af35356d89cdaf26ec0246f69993a9cf9414a619c,11,8,2,N=11 M=8 t2,7,True,7,3,29687.0,3.0,3.0,6.0,30806.0,,41286.0,,
f5aee069c6a61bf8ad6c908af35356d89cdaf26ec0246f69993a9cf9414a619c,11,8,2,N=11 M=8 t2,7,True,7,4,46391.0,1.0,4.0,8.0,47383.0,,46391.0,,
f5aee069c6a61bf8ad6c908af35356d89cdaf26ec0246f69993a9cf9414a619c,11,8,2,N=11 M=8 t2,7,True,7,5,60264.0,2.0,5.0,10.0,61652.0,,70932.0,,
f5aee069c6a61bf8ad6c908af35356d89cdaf26ec0246f69993a9cf9414a619c,11,8,2,N=11 M=8 t2,7,True,7,6,89059.0,1.0,4.0,9.0,,,,,
f5aee069c6a61bf8ad6c908af35356d89cdaf26ec0246f69993a9cf9414a619c,11,8,2,N=11 M=8 t2,7,True,7,7,95776.0,2.0,4.0,9.0,,,,,
f5aee069c6a61bf8ad6c908af35356d89cdaf26ec0246f69993a9cf9414a619c,11,9,1,N=11 M=9 t1,9,True,9,1,6607.0,2.0,1.0,3.0,,,,,
f5aee069c6a61bf8ad6c908af35356d89cdaf26ec0246f69993a9cf9414a619c,11,9,1,N=11 M=9 t1,9,True,9,2,17513.0,4.0,4.0,7.0,17982.0,,19495.0,,
f5aee069c6a61bf8ad6c908af35356d89cdaf26ec0246f69993a9cf9414a619c,11,9,1,N=11 M=9 t1,9,True,9,3,18601.0,3.0,5.0,9.0,19737.0,,42776.0,,
f5aee069c6a61bf8ad6c908af35356d89cdaf26ec0246f69993a9cf9414a619c,11,9,1,N=11 M=9 t1,9,True,9,4,25462.0,2.0,5.0,10.0,27224.0,,25462.0,,
f5aee069c6a61bf8ad6c908af35356d89cdaf26ec0246f69993a9cf9414a619c,11,9,1,N=11 M=9 t1,9,True,9,5,32382.0,2.0,5.0,10.0,,,,,
f5aee069c6a61bf8ad6c908af35356d89cdaf26ec0246f69993a9cf9414a619c,11,9,1,N=11 M=9 t1,9,True,9,6,55232.0,1.0,5.0,10.0,,,,,
f5aee069c6a61bf8ad6c908af35356d89cdaf26ec0246f69993a9cf9414a619c,11,9,1,N=11 M=9 t1,9,True,9,7,62561.0,2.0,5.0,11.0,63707.0,,66269.0,,
f5aee069c6a61bf8ad6c908af35356d89cdaf26ec0246f69993a9cf9414a619c,11,9,1,N=11 M=9 t1,9,True,9,8,78277.0,1.0,6.0,12.0,,,,,
f5aee069c6a61bf8ad6c908af35356d89cdaf26ec0246f69993a9cf9414a619c,11,9,1,N=11 M=9 t1,9,True,9,9,101320.0,1.0,6.0,12.0,,,,,
f5aee069c6a61bf8ad6c908af35356d89cdaf26ec0246f69993a9cf9414a619c,11,9,2,N=11 M=9 t2,10,True,11,1,3657.0,1.0,2.0,3.0,3871.0,,18452.0,,
f5aee069c6a61bf8ad6c908af35356d89cdaf26ec0246f69993a9cf9414a619c,11,9,2,N=11 M=9 t2,10,True,11,2,4504.0,3.0,3.0,5.0,,,,,
f5aee069c6a61bf8ad6c908af35356d89cdaf26ec0246f69993a9cf9414a619c,11,9,2,N=11 M=9 t2,10,True,11,3,9059.0,4.0,5.0,8.0,,,,,
f5aee069c6a61bf8ad6c908af35356d89cdaf26ec0246f69993a9cf9414a619c,11,9,2,N=11 M=9 t2,10,True,11,4,10088.0,4.0,4.0,7.0,11116.0,,18911.0,,
f5aee069c6a61bf8ad6c908af35356d89cdaf26ec0246f69993a9cf9414a619c,11,9,2,N=11 M=9 t2,10,True,11,5,27168.0,3.0,4.0,8.0,28762.0,,27168.0,,
f5aee069c6a61bf8ad6c908af35356d89cdaf26ec0246f69993a9cf9414a619c,11,9,2,N=11 M=9 t2,10,True,11,6,30264.0,2.0,4.0,8.0,32248.0,,59220.0,,
f5aee069c6a61bf8ad6c908af35356d89cdaf26ec0246f69993a9cf9414a619c,11,9,2,N=11 M=9 t2,10,True,11,7,39436.0,2.0,5.0,10.0,,,,,
f5aee069c6a61bf8ad6c908af35356d89cdaf26ec0246f69993a9cf9414a619c,11,9,2,N=11 M=9 t2,10,True,11,8,64537.0,2.0,5.0,10.0,,,,,
f5aee069c6a61bf8ad6c908af35356d89cdaf26ec0246f69993a9cf9414a619c,11,9,2,N=11 M=9 t2,10,True,11,9,79416.0,3.0,4.0,9.0,80464.0,,98205.0,,
f5aee069c6a61bf8ad6c908af35356d89cdaf26ec0246f69993a9cf9414a619c,11,9,2,N=11 M=9 t2,10,True,11,10,87513.0,2.0,6.0,11.0,,,,,
f5aee069c6a61bf8ad6c908af35356d89cdaf26ec0246f69993a9cf9414a619c,11,9,2,N=11 M=9 t2,10,True,11,11,119877.0,2.0,4.0,9.0,,,,,
f5aee069c6a61bf8ad6c908af35356d89cdaf26ec0246f69993a9cf9414a619c,11,10,1,N=11 M=10 t1,8,True,8,1,2405.0,4.0,2.0,4.0,3114.0,,17263.0,,
f5aee069c6a61bf8ad6c908af35356d89cdaf26ec0246f69993a9cf9414a619c,11,10,1,N=11 M=10 t1,8,True,8,2,3612.0,4.0,3.0,6.0,4809.0,,21645.0,,
f5aee069c6a61bf8ad6c908af35356d89cdaf26ec0246f69993a9cf9414a619c,11,10,1,N=11 M=10 t1,8,True,8,3,23005.0,2.0,4.0,7.0,,,,,
f5aee069c6a61bf8ad6c908af35356d89cdaf26ec0246f69993a9cf9414a619c,11,10,1,N=11 M=10 t1,8,True,8,4,26012.0,3.0,5.0,9.0,27282.0,,26012.0,,
f5aee069c6a61bf8ad6c908af35356d89cdaf26ec0246f69993a9cf9414a619c,11,10,1,N=11 M=10 t1,8,True,8,5,47786.0,4.0,4.0,8.0,,,,,
f5aee069c6a61bf8ad6c908af35356d89cdaf26ec0246f69993a9cf9414a619c,11,10,1,N=11 M=10 t1,8,True,8,6,66707.0,2.0,4.0,9.0,67800.0,,76407.0,,
f5aee069c6a61bf8ad6c908af35356d89cdaf26ec0246f69993a9cf9414a619c,11,10,1,N=11 M=10 t1,8,True,8,7,73102.0,2.0,4.0,9.0,,,,,
f5aee069c6a61bf8ad6c908af35356d89cdaf26ec0246f69993a9cf9414a619c,11,10,1,N=11 M=10 t1,8,True,8,8,96986.0,2.0,4.0,9.0,,,,,
f5aee069c6a61bf8ad6c908af35356d89cdaf26ec0246f69993a9cf9414a619c,11,10,2,N=11 M=10 t2,5,True,5,1,2945.0,3.0,3.0,6.0,4949.0,,57945.0,,
f5aee069c6a61bf8ad6c908af35356d89cdaf26ec0246f69993a9cf9414a619c,11,10,2,N=11 M=10 t2,5,True,5,2,22296.0,2.0,4.0,8.0,23263.0,,22296.0,,
f5aee069c6a61bf8ad6c908af35356d89cdaf26ec0246f69993a9cf9414a619c,11,10,2,N=11 M=10 t2,5,True,5,3,36375.0,1.0,4.0,8.0,38236.0,,57945.0,,
f5aee069c6a61bf8ad6c908af35356d89cdaf26ec0246f69993a9cf9414a619c,11,10,2,N=11 M=10 t2,5,True,5,4,61437.0,1.0,5.0,10.0,62583.0,,65071.0,,
f5aee069c6a61bf8ad6c908af35356d89cdaf26ec0246f69993a9cf9414a619c,11,10,2,N=11 M=10 t2,5,True,5,5,79803.0,1.0,4.0,9.0,82316.0,,,,
