messageId,sentAt,path,relayHops,delivered,deliveredAt,latencyMs,recvRelayHops,carried
1073dcdf-be4e-5fcd-88aa-2d49c379ec84,1785277036049,sender,0,False,,,,False
7e8f3b75-ac42-51d2-8c99-2a40a7bbee24,1785277036051,sender,0,False,,,,False
912eef9e-3247-547f-ad48-0e97d9129a82,1785277036053,sender,0,False,,,,False
09e23217-4729-5f4b-8764-e459c7fe3cd3,1785277036055,sender,0,False,,,,False
1f3badd6-4129-5ce8-a9d4-19e701993397,1785277036056,sender,0,False,,,,False
ce4621f1-6c27-5d5b-a9ce-69f61bc41f60,1785277036058,sender,0,False,,,,False
20c7d32d-d8e0-5f85-9859-1dddb79de89d,1785277036072,sender,0,False,,,,False
4a2d6afb-79e2-5f03-ab33-1d47342403d5,1785277036074,sender,0,False,,,,False
bb50bb18-a4f8-5ceb-8b4c-0f6ba2d7368b,1785277036224,sender,0,False,,,,False
0d3d5c84-4764-55ed-aa86-467ed7ad9c97,1785277036245,sender,0,False,,,,False
dca25cef-281c-595e-944d-98556fbfd053,1785277036311,sender,0,False,,,,False
db33aeb9-d81e-5d63-8113-cf3b9f051d8c,1785277036313,sender,0,False,,,,False
63008787-82ae-535d-84b4-f7c2fc88cc77,1785277036315,sender,0,False,,,,False
47a5f6b0-9589-502d-8f89-86e9112c13fe,1785277036317,sender,0,False,,,,False
358d3f47-2d28-5867-b25d-cccbd74ba2a9,1785277036318,sender,0,False,,,,False
94dd6a46-7909-5bbb-9099-e5c6e6535fff,1785277036319,sender,0,False,,,,False
aa6c6e00-9f03-5141-af82-bff51ed69859,1785277036356,sender,0,False,,,,False
b604c6e5-0ed6-58af-9e02-ba0743b24baf,1785277036361,sender,0,False,,,,False
6c8587ae-6c08-59a4-8441-56c789fd4eb2,1785277036374,sender,0,False,,,,False
64131f1b-a108-509c-bfdc-e5e26581f5b3,1785277036404,sender,0,False,,,,False
5b6b1130-ab75-58c9-9968-1497f37302bd,1785277036446,sender,0,False,,,,False
59d85417-f3b2-5e12-9858-1fbdb1cb9f64,1785277036490,sender,0,False,,,,False
b4cdfb82-7e9d-5005-860e-0799a5e75b04,1785277036496,sender,0,False,,,,False
f7bcd2ac-6f89-5727-858d-d0804fa40cab,1785277036502,sender,0,False,,,,False
40b8b74d-1261-58bf-ac96-fb1cb88b56ee,1785277036506,sender,0,False,,,,False
c24fa6a7-8027-56db-8ec2-037fec0ef673,1785277036525,sender,0,False,,,,False
49f60cdc-1199-5f92-9153-887aed6157e4,1785277036537,sender,0,False,,,,False
b00f3550-d201-5100-aad4-4c0d89ca7531,1785277036554,sender,0,False,,,,False
008d85a1-12b9-5277-9862-f67532f4813c,1785277036559,sender,0,False,,,,False
c4a71f87-6ac0-5231-b88a-12a6309c5538,1785277036598,sender,0,False,,,,False
4272c75e-9bf5-5143-847d-1d760814a6e3,1785277036600,sender,0,False,,,,False
09c8bc46-f4ae-56fb-b9ce-cf99baeee382,1785277036625,sender,0,False,,,,False
367398d2-0ac0-5ff5-b405-5389b3195f39,1785277036629,sender,0,False,,,,False
0c573e33-9569-5572-b78e-1e7b7070412c,1785277036633,sender,0,False,,,,False
f57fcb74-dd1c-504e-b6be-6244c57d8906,1785277036669,sender,0,False,,,,False
92916f08-9cef-5684-8a8c-03612ee54182,1785277036688,sender,0,False,,,,False
d3d47a4b-90c0-5e8a-b437-01153781ad29,1785277036701,sender,0,False,,,,False
499a9256-666b-5b3f-973f-77843c80794f,1785277036702,sender,0,False,,,,False
3e51fea1-a65c-533a-93ac-6f7a046fab48,1785277036703,sender,0,False,,,,False
7c4556b7-b702-55eb-95df-2ffa48f9e793,1785277036705,sender,0,False,,,,False
25b4dcba-aee7-56cb-a7d7-7048d91fbe8e,1785277036707,sender,0,False,,,,False
aa8f4c70-2e71-5dcd-92b1-7fc5d05d65af,1785277036758,sender,0,False,,,,False
d138f17d-4c0e-5d40-9840-88a89f7d84a3,1785277036762,sender,0,False,,,,False
bfdf8db2-dfb1-544c-ae37-7ccf5f81ae5b,1785277036792,sender,0,False,,,,False
0716f7ed-6b30-50fe-abba-dcae05c01eb9,1785277036805,sender,0,False,,,,False
69b3dda0-2cd2-56e2-9fd9-462aa91c4af8,1785277036896,sender,0,False,,,,False
e5539a59-dd5d-53ba-aaf3-5b36a520783b,1785277036902,sender,0,False,,,,False
996c6a31-3105-5b12-b8c6-8ece26720aa1,1785277036930,sender,0,False,,,,False
0be7b541-c596-5e2e-ba21-3b4f57f88395,1785277036932,sender,0,False,,,,False
fae154a3-8419-5f82-a84f-4631c713ed5a,1785277036934,sender,0,False,,,,False
b60eabaf-f347-5bee-a558-160c68f1a0f7,1785277036959,sender,0,False,,,,False
00a721b4-be7b-5436-ac85-e988432d867e,1785277036961,sender,0,False,,,,False
9c9da9df-32d0-5695-8c04-23c675d28466,1785277036966,sender,0,False,,,,False
20fc563e-42a7-583d-aaf5-7781dfdfb7cf,1785277036985,sender,0,False,,,,False
3dae3b5c-77ea-5a10-a479-16060b1a1515,1785277036988,sender,0,False,,,,False
6af58599-b995-5cab-9d4b-bce13fcfe6a4,1785277037005,sender,0,False,,,,False
0c4cf040-ba70-5130-b46b-516be1a0e6cf,1785277037015,sender,0,False,,,,False
bc602cda-089e-5e23-ac9d-5ec5f2d45296,1785277037017,sender,0,False,,,,False
3b9a455d-b20d-5762-93d3-50a7c330ee25,1785277037033,sender,0,False,,,,False
9e03ac9f-e947-5aa0-92d2-a4e9562e7b2d,1785277037036,sender,0,False,,,,False
72795883-ed35-50b8-95e3-513fa7773b08,1785277037039,sender,0,False,,,,False
eac8cf70-1483-54bd-b471-881579ee6331,1785277037081,sender,0,False,,,,False
6009252c-8603-5938-aa76-351a3fe41795,1785277037086,sender,0,False,,,,False
d67067d1-ef30-5de3-a951-d8f8e26f902e,1785277037087,sender,0,False,,,,False
0d26bf7e-8780-5bd4-b90c-51cf07a766b6,1785277037099,sender,0,False,,,,False
d820f471-f373-570f-84ab-820539f4f48f,1785277037104,sender,0,False,,,,False
463b6377-7bc6-5a0a-9d29-bae1d9766e53,1785277037121,sender,0,False,,,,False
818159e0-9d1d-5be8-9139-ef91ff5f37ec,1785277037168,sender,0,False,,,,False
0d5aa2e3-b8bc-582d-879b-1decd70f812a,1785277037172,sender,0,False,,,,False
7cc567b6-33ad-5378-98e9-577e8155a64f,1785277037175,sender,0,False,,,,False
10a0c3c0-9b51-5f8e-8c2c-b95e93bb97fd,1785277037261,sender,0,False,,,,False
48bfb3e7-5403-54eb-857a-8d7c87fca8f4,1785277037306,sender,0,False,,,,False
4ce0217f-af47-5800-9bb3-0c0eaf37b22c,1785277037311,sender,0,False,,,,False
1e13afca-8987-5764-bccc-7954fd0f89cf,1785277037316,sender,0,False,,,,False
c53e7e62-08f6-5b71-a92a-518a955b242f,1785277037337,sender,0,False,,,,False
ea65c417-4850-588e-aec6-6d0fbaaf5fda,1785277037339,sender,0,False,,,,False
436bd3ac-c753-56fa-8c09-3534a7dbae44,1785277037349,sender,0,False,,,,False
67d8784a-c34b-5276-bb3b-ef526565dd3a,1785277037352,sender,0,False,,,,False
c12a2b12-e355-5321-891a-98f6bebfdb2c,1785277037368,sender,0,False,,,,False
78ed894d-b214-5df0-9dfa-c9e3ff78ed66,1785277037392,sender,0,False,,,,False
10150b41-74d0-55d5-ae6e-ca501540eb7f,1785277037396,sender,0,False,,,,False
edf20e3b-37fd-58c1-aa63-d4953c1fd473,1785277037485,sender,0,False,,,,False
b0e0afd8-80a9-5f35-8f3e-8af932d4afaa,1785277037489,sender,0,False,,,,False
b50b3b7d-435a-5302-ab73-6679fe5e84ec,1785277037495,sender,0,False,,,,False
1910700f-6b27-55a2-828a-5001974f8072,1785277037496,sender,0,False,,,,False
26be4464-1470-570f-ab83-a4acba4fcdad,1785277037502,sender,0,False,,,,False
31d226ef-75be-5c91-8d4c-53273c094370,1785277037503,sender,0,False,,,,False
2dd52a06-ebe9-584a-8eb3-f04e43d1b5f5,1785277037528,sender,0,False,,,,False
ce1e6c59-1c98-5635-bdc4-78f802a107ca,1785277037535,sender,0,False,,,,False
96b1882f-f1e3-507f-8efd-47e7a084db22,1785277037582,sender,0,False,,,,False
45ba393a-ca7f-5ec6-a04c-56e9f9bd3c3c,1785277037596,sender,0,False,,,,False
036e36cd-f6c8-55ae-b170-f9d6171676cd,1785277037601,sender,0,False,,,,False
1cda2c4e-689d-5c52-992f-52fe0b22ea22,1785277037616,sender,0,False,,,,False
a4ca5d3b-86df-5b33-af99-911cfb455e16,1785277037633,sender,0,False,,,,False
b7ffaeff-3eeb-538a-bd40-df40947ef6bd,1785277037636,sender,0,False,,,,False
ed1f1e3e-4639-5c14-ab66-54ffa6009efe,1785277037656,sender,0,False,,,,False
a552de5e-54f9-5c1a-90a6-bc4c66ea2e31,1785277037657,sender,0,False,,,,False
e3e4924d-9764-5597-bdd6-f708a95e0c79,1785277037661,sender,0,False,,,,False
f80e0f85-ff45-5e45-bf64-e780e9baa486,1785277037665,sender,0,False,,,,False
7cec0cb5-a563-57c8-baf9-6a1cec265667,1785277037682,sender,0,False,,,,False
0225f05c-6ec2-5f26-83c2-400678a88f82,1785277037686,sender,0,False,,,,False
d9969501-d06b-514e-9566-6228b8ef94d8,1785277037706,sender,0,False,,,,False
571b5760-b63f-580c-9fcb-ea5231b16d71,1785277037714,sender,0,False,,,,False
0d392451-734f-58f9-9f13-9f17c42f281f,1785277037802,sender,0,False,,,,False
ff2639eb-6b8c-5af0-a423-faac85e68d72,1785277037807,sender,0,False,,,,False
8ac6a712-66ba-5b3a-9784-e1e77eb3234e,1785277037842,sender,0,False,,,,False
6bae44ee-3533-5462-afce-b4d7aa172c22,1785277037844,sender,0,False,,,,False
ee2d8194-0e58-536e-9bc5-7b5e21fb776a,1785277037846,sender,0,False,,,,False
8c739e13-20d5-54e3-b866-8f625309291f,1785277037847,sender,0,False,,,,False
4b962441-d929-512e-8b01-ef4e70e6694a,1785277037852,sender,0,False,,,,False
3272e311-97e4-507c-9c57-5eaaaf6958b5,1785277037885,sender,0,False,,,,False
2915e81d-a28f-5859-88cc-3fc924bce899,1785277037890,sender,0,False,,,,False
3686ced4-2d32-5774-be69-25995dd1ffa4,1785277037902,sender,0,False,,,,False
8dd09ed8-32b9-5c25-8952-970405e5c7d7,1785277037976,sender,0,False,,,,False
4abc0664-048c-54b0-8f71-2a87683f8afb,1785277038021,sender,0,False,,,,False
21b7858b-347f-58c6-b0e4-bd9bfb014872,1785277038025,sender,0,False,,,,False
519c74da-eaaf-5df1-bed4-11ea62660d53,1785277038029,sender,0,False,,,,False
0e343bc1-35b4-59f9-8132-8c1179768036,1785277038034,sender,0,False,,,,False
5dfd17fb-afec-529d-a6d7-ffd0f21f94f0,1785277038046,sender,0,False,,,,False
5ce8b7e2-610a-507e-b438-0bd3cab2e9c1,1785277038111,sender,0,False,,,,False
9b971bcd-f3ca-5226-9cfd-be886693217f,1785277038157,sender,0,False,,,,False
b060a836-72d2-5e8f-bc71-8f0e14cf17a2,1785277038161,sender,0,False,,,,False
d0b702e2-442a-5c6b-92b8-d302e2df884a,1785277038167,sender,0,False,,,,False
f631fa05-6be0-59bc-a9f2-b17feba47fa9,1785277038200,sender,0,False,,,,False
50c04586-e269-5933-bf55-82b08719f58f,1785277038253,sender,0,False,,,,False
624dc307-9a75-50e7-bb28-9fdf912c9e0f,1785277038292,sender,0,False,,,,False
2a45a871-07f5-5ec8-85a2-a9f2238e71a1,1785277038296,sender,0,False,,,,False
e0789d2e-d626-5fb0-98ff-e5cce81fc87e,1785277038314,sender,0,False,,,,False
69b72886-36a5-58dc-a2a5-ed13c1fea6af,1785277038331,sender,0,False,,,,False
cff3069f-6315-5008-92ec-cf22ebbc66cf,1785277038333,sender,0,False,,,,False
6ea5479f-5936-538e-adde-e98a69526a27,1785277038338,sender,0,False,,,,False
d6c3b2d0-9e76-555f-9b47-9441c1e8fd07,1785277038340,sender,0,False,,,,False
7f5b7ddb-9442-5160-83d4-8c5af8317d81,1785277038343,sender,0,False,,,,False
f4d1c286-96d1-5ce0-a576-52765e9e0a45,1785277038347,sender,0,False,,,,False
f09b9373-d086-5f46-a522-0e21beda99cc,1785277038351,sender,0,False,,,,False
2fbd82f6-c32c-5461-9410-32711d785eda,1785277038382,sender,0,False,,,,False
db08c87e-aa9b-50df-933d-977dc59b6196,1785277038386,sender,0,False,,,,False
0dcbe516-9413-5b8f-8b00-54c0d23cbf7a,1785277038392,sender,0,False,,,,False
837523e9-3999-5f99-ab0b-ec93f962fa44,1785277038396,sender,0,False,,,,False
55ba3e22-007f-556a-af46-c4c6a69f17c0,1785277038473,sender,0,False,,,,False
89095865-7add-5b74-add5-11e877a023d2,1785277038474,sender,0,False,,,,False
904e329a-34a9-5575-b63d-8199ef690012,1785277038479,sender,0,False,,,,False
803e710f-0675-53c4-ab5e-6b8123426c3d,1785277038480,sender,0,False,,,,False
28ef777e-3ed0-5ad5-9575-11a70b3dc335,1785277038494,sender,0,False,,,,False
b61b5bba-21ea-51ff-a29c-79ff4c0df0aa,1785277038496,sender,0,False,,,,False
885d6b6f-e4d3-5995-9839-f8121831fe35,1785277038516,sender,0,False,,,,False
72ead50b-7549-51ad-a99e-3856f6334871,1785277038522,sender,0,False,,,,False
58afd97b-0334-5d4d-b08a-1e479d0d6dc9,1785277038529,sender,0,False,,,,False
3f9f0b69-139a-5c2e-aa4b-da811f37e681,1785277038610,sender,0,False,,,,False
f349b3b1-695d-5b73-a35e-1ec094cd9245,1785277038640,sender,0,False,,,,False
6bf6b760-4690-51b9-adb0-66fbf5ac31bf,1785277038645,sender,0,False,,,,False
c85dbcc4-250e-5195-b95a-1b37af7b0205,1785277038646,sender,0,False,,,,False
6a74ffc0-3fe7-50a8-a93b-c0de1e63893d,1785277038677,sender,0,False,,,,False
d1b5fbed-f00a-5132-acd9-123fa1cc998d,1785277038678,sender,0,False,,,,False
56e90832-4674-5d98-ba11-e7e1f17bfc1c,1785277038680,sender,0,False,,,,False
c437321e-8518-5f57-b67b-b2c50e8ed54f,1785277038699,sender,0,False,,,,False
d21414ee-5957-510a-a223-d38acb022293,1785277038704,sender,0,False,,,,False
f292409f-b62e-59e4-9e79-d14b48c670c8,1785277038709,sender,0,False,,,,False
db035188-a8a0-5689-b6fc-c4ff1e67ace5,1785277038714,sender,0,False,,,,False
4edef4a4-76c0-5a06-9d54-d1d26eff8ff0,1785277038726,sender,0,False,,,,False
cb347e8c-99d8-5c95-88a4-efe46542279c,1785277038731,sender,0,False,,,,False
ed7cda3a-3c78-526c-acf2-28908157ae31,1785277038745,sender,0,False,,,,False
cf229530-8926-5d05-8715-b3891baf93fa,1785277038795,sender,0,False,,,,False
f8b28dad-1037-5ad0-9f18-e4e5d1a442ba,1785277038808,sender,0,False,,,,False
a89533f4-f66b-56b9-8645-614e50c23e86,1785277038814,sender,0,False,,,,False
a46b233a-f00e-5e2a-aa09-8cf84f1421cd,1785277038827,sender,0,False,,,,False
f8bfba2c-af7e-5ec2-b269-c0f9e73c38b5,1785277038836,sender,0,False,,,,False
23408149-a7a7-5937-a2ab-0777eae2e885,1785277038838,sender,0,False,,,,False
c56f7630-5e36-5074-b16d-6231dfb6f633,1785277038839,sender,0,False,,,,False
906e7b82-75c1-53b2-8ebb-f1aeb853735e,1785277038846,sender,0,False,,,,False
595746a2-e144-5c9e-9a8d-430950d9007d,1785277038847,sender,0,False,,,,False
226a5190-f64e-5ebf-8276-5a0c64b2e883,1785277038876,sender,0,False,,,,False
49d71c56-e4f1-54bb-8539-2311cc11fd2a,1785277038880,sender,0,False,,,,False
04c54a48-755c-5861-a49c-7266a93a1421,1785277038898,sender,0,False,,,,False
fc059149-f895-58e7-b1d7-b18b430f57c0,1785277038910,sender,0,False,,,,False
1bb3b27b-ed3a-5459-9f78-a9bed5e8aaa0,1785277038915,sender,0,False,,,,False
aba8df63-0f4a-5e04-83eb-84d69a1160e0,1785277038968,sender,0,False,,,,False
77ec55d3-dcdc-58be-a867-cc14a71187a9,1785277039023,sender,0,False,,,,False
8e7f53c7-c3ab-558b-8fe4-930756bfe99f,1785277039024,sender,0,False,,,,False
5f5955f2-a819-57c8-ab1c-037b2cc1c9ee,1785277039026,sender,0,False,,,,False
0eed5b35-cbba-5d08-808d-77c362eeeb08,1785277039043,sender,0,False,,,,False
9eec43dc-d605-5dd1-9d49-859741566f61,1785277039045,sender,0,False,,,,False
117dc31d-2092-5f3d-b705-cd75cae55b59,1785277039046,sender,0,False,,,,False
05169e4b-36fe-5df5-82bc-d9de3f4a5d3a,1785277039047,sender,0,False,,,,False
ea40086a-0438-503a-9daf-20a70dce1e97,1785277039059,sender,0,False,,,,False
7be52332-4542-5589-a688-57f64c076e28,1785277039102,sender,0,False,,,,False
0588ca3f-56d6-5abd-ba58-9ba9f9863ac2,1785277039115,sender,0,False,,,,False
eab30c6d-3ad9-52fc-80cf-20081b0d1b68,1785277039147,sender,0,False,,,,False
fa880210-7487-521e-85cf-ac20c851e9ea,1785277039209,sender,0,False,,,,False
af235d96-afff-571f-98f9-2e1a0eb532a0,1785277039236,sender,0,False,,,,False
c6c89672-7ec5-59b1-8839-47990bfb1f3f,1785277039240,sender,0,False,,,,False
88ca84b2-ca33-59c6-97e2-0ed169474fd7,1785277039246,sender,0,False,,,,False
f18773fb-0eaf-569d-96b9-6683ddec89ff,1785277039263,sender,0,False,,,,False
ef283bba-bd64-5609-be17-616dee9d9dd3,1785277039270,sender,0,False,,,,False
ca55b137-d427-58f3-8207-76f75a5e7ceb,1785277039271,sender,0,False,,,,False
6f1a1cf7-017e-501e-a336-82a97aa47875,1785277039331,sender,0,False,,,,False
e03e78cd-c715-53d9-aab0-de031295da24,1785277039335,sender,0,False,,,,False
ca5cc1b5-af41-5088-bed9-b66449175ac9,1785277039339,sender,0,False,,,,False
74ac9374-1755-5c86-a4fd-804832f6d3c7,1785277039346,sender,0,False,,,,False
a0809e87-60b3-585a-bd9a-8f9a21d492e9,1785277039358,sender,0,False,,,,False
24d67807-f561-5fcc-aedc-81f60041d7a9,1785277039362,sender,0,False,,,,False
3030e2b5-eee5-5a0f-b1e2-329479894627,1785277039376,sender,0,False,,,,False
cf3149c5-2d81-58e9-b4f0-36c1c0524ca7,1785277039415,sender,0,False,,,,False
7edb3c15-c020-51de-b4a0-740b90f05e77,1785277039421,sender,0,False,,,,False
8bce60d5-762e-5432-afb6-47faae739fd0,1785277039432,sender,0,False,,,,False
d9c5d8b9-201b-5ed5-81a8-02de3f42e6fc,1785277039452,sender,0,False,,,,False
2d40a7bd-1d1a-5822-8da1-56e597a6d925,1785277039460,sender,0,False,,,,False
20b05211-d7e4-58b3-a9f2-7c04508eb451,1785277039478,sender,0,False,,,,False
e52d3813-6871-54ee-8bcd-37ed64a92fe9,1785277039479,sender,0,False,,,,False
92acdc63-a572-57c3-b977-5c30f5a727b8,1785277039494,sender,0,False,,,,False
f2e67c66-64e4-5a15-a87f-c88b8001919e,1785277039506,sender,0,False,,,,False
be7c3f6a-08c1-565e-8db0-816ec00f37e2,1785277039512,sender,0,False,,,,False
d8bd854b-cd11-5e4c-8768-89bbbae31f7d,1785277039528,sender,0,False,,,,False
d3934e4e-56a1-521a-b505-8a0d4ac5beb6,1785277039543,sender,0,False,,,,False
e365ad31-6ab5-5bc0-b41a-99d78dc4a3fe,1785277039596,sender,0,False,,,,False
9237408d-950d-5918-a821-4372fbb378a8,1785277039600,sender,0,False,,,,False
58af8cd8-d7dc-5e68-aa65-cbc6b413450f,1785277039603,sender,0,False,,,,False
896f6e8a-b2de-5080-a31f-08bfe10fcca9,1785277039608,sender,0,False,,,,False
6ad0bce1-2f66-5978-83b6-a61b0656e388,1785277039609,sender,0,False,,,,False
857dda42-eb9d-5232-bd12-ce17e3146bf5,1785277039622,sender,0,False,,,,False
99fb0ad1-bd1c-5d00-b8aa-60cc22436fe4,1785277039626,sender,0,False,,,,False
30000056-b48d-5cfe-911d-43ed7adc7ca7,1785277039642,sender,0,False,,,,False
9b96942c-cb97-5a50-978c-dc50675a0e45,1785277039646,sender,0,False,,,,False
85d38e86-1572-584f-899b-f902ef7f354b,1785277039659,sender,0,False,,,,False
8bb1686b-48fc-5147-809a-2031cdb57fb3,1785277039684,sender,0,False,,,,False
9edb62e2-1197-5d72-991d-7c96e98130a2,1785277039731,sender,0,False,,,,False
8c9f818f-b32c-5431-9251-6346e133f0e2,1785277039736,sender,0,False,,,,False
d445e871-09f9-5527-b3b8-7f27d7cecb51,1785277039744,sender,0,False,,,,False
ec76609c-4e37-5c71-9a6b-7e0403200cb8,1785277039745,sender,0,False,,,,False
b82bd76f-88fb-53f3-9c13-fba5d863d6e4,1785277039766,sender,0,False,,,,False
da3e3d72-cbe6-5941-84cb-4fb21d46f148,1785277039777,sender,0,False,,,,False
f5a43e20-7276-51eb-bf8d-ea963daa9cff,1785277039778,sender,0,False,,,,False
d9198251-76ec-58ae-a93c-9d95b5c49fe3,1785277039789,sender,0,False,,,,False
4ffa620b-c0ec-5b7a-8ade-0e9e745fcefc,1785277039791,sender,0,False,,,,False
09f9b9ee-40aa-5ddb-a04b-68ec8fb25b36,1785277039806,sender,0,False,,,,False
874ddb2b-f7e1-5cf8-b8de-22b765c31888,1785277039824,sender,0,False,,,,False
fc3a96c6-c7f4-5bb8-917a-0cf908216d2f,1785277039831,sender,0,False,,,,False
3ea8b3f8-1262-5ee2-9327-f51d8b75f542,1785277039847,sender,0,False,,,,False
15a79c3f-96d9-5392-9eac-7e920b27d7fb,1785277039848,sender,0,False,,,,False
a228cfaf-c519-5d72-9a04-abc8e4e3821a,1785277039910,sender,0,False,,,,False
d18c7029-c73c-58dd-993c-e0b30e9c468d,1785277039914,sender,0,False,,,,False
cbf3ca33-18b1-5ca2-a30c-cf71cdada0f2,1785277039917,sender,0,False,,,,False
4bcd6ad2-7f06-5236-a260-7ede71203e6b,1785277039964,sender,0,False,,,,False
0433df49-54a9-5b22-800f-4d2c7db99f17,1785277039965,sender,0,False,,,,False
97cc4442-12ff-58b3-b292-dbd67685800d,1785277039969,sender,0,False,,,,False
8897492c-7e7d-5691-b403-a17c0b386c18,1785277039973,sender,0,False,,,,False
2608a31b-eee8-5814-a9f7-aef973d86e93,1785277040001,sender,0,False,,,,False
d0aa9f45-3566-5b62-abd8-ed026258f9cf,1785277040007,sender,0,False,,,,False
e4b5b37f-6fa3-5e1e-9321-4822af00e233,1785277040011,sender,0,False,,,,False
6afb823d-e411-5e55-bd45-b3e95dc83b6e,1785277040026,sender,0,False,,,,False
95402b3f-5e63-5de9-8ee6-b5f18052e98e,1785277040046,sender,0,False,,,,False
98fd087c-c663-5d8f-89da-0b733a164926,1785277040092,sender,0,False,,,,False
d8ff2de1-4853-5ea8-9701-8a7a6998208d,1785277040097,sender,0,False,,,,False
428c4f0d-cf89-52ab-9ab8-fbd9a9b52372,1785277040146,sender,0,False,,,,False
033871d2-1265-5de1-9093-f3d6b882afa5,1785277040147,sender,0,False,,,,False
aae3a545-6557-523f-82a8-8cdc1534cee3,1785277040157,sender,0,False,,,,False
b1338f64-7044-5654-a2f6-91ed72689639,1785277040163,sender,0,False,,,,False
90eb91f7-a61c-5394-878c-77b749677510,1785277040177,sender,0,False,,,,False
95d13c68-9063-5054-8936-83e17ee433eb,1785277040180,sender,0,False,,,,False
092f77f0-b3fc-5b9a-b69c-a0f02f97d491,1785277040185,sender,0,False,,,,False
60e3bcfe-c8a1-52ef-9d57-abb77caf8ba5,1785277040188,sender,0,False,,,,False
0f3415cf-0f5e-5fd7-94fe-606f17f1a71f,1785277040198,sender,0,False,,,,False
116446b5-c724-5032-89d4-b756b3e46368,1785277040228,sender,0,False,,,,False
7f12bb56-e553-54d1-98dd-420661207445,1785277040233,sender,0,False,,,,False
3f592104-e1e2-5d51-922c-e2e71cd22e86,1785277040239,sender,0,False,,,,False
21b73e02-279b-5e2e-a3ee-c246087e0ce2,1785277040274,sender,0,False,,,,False
70db9614-86fe-5fd5-8c15-486e2e61002b,1785277040278,sender,0,False,,,,False
20433e23-e833-5a1d-baa8-94f8e4e60967,1785277040294,sender,0,False,,,,False
88b65c48-9113-537a-a579-b44853645b97,1785277040330,sender,0,False,,,,False
e37d40cf-8b30-5ec4-ae62-8c6e638a7bac,1785277040332,sender,0,False,,,,False
0cf938a1-3132-5cfd-a419-dfe0b674d3fb,1785277040333,sender,0,False,,,,False
144138b1-977e-527d-ba1e-df2a83e81738,1785277040361,sender,0,False,,,,False
a4df85c0-292f-51cf-8193-691be65049da,1785277040365,sender,0,False,,,,False
069c4a4f-5619-5611-81df-18233072b24d,1785277040369,sender,0,False,,,,False
6f21f733-5092-5d75-9276-520e648fd84c,1785277040372,sender,0,False,,,,False
5ddd13f4-2a92-57b0-a94b-43c80b8b759a,1785277040378,sender,0,False,,,,False
0c48dc2c-4479-5181-a9f7-12820e9bf4ff,1785277040455,sender,0,False,,,,False
18c5a437-755f-5696-9ebb-98a7b64d1f20,1785277040460,sender,0,False,,,,False
72c52f77-077d-5425-a28b-e1f915b15c74,1785277040480,sender,0,False,,,,False
17772302-6a16-52f3-b0d8-799a81b84f92,1785277040481,sender,0,False,,,,False
c1b9ab50-f00e-55d5-a23f-a4977a768be2,1785277040493,sender,0,False,,,,False
7d4dcf23-f514-53ca-9bb2-5d8c68a201a2,1785277040504,sender,0,False,,,,False
01c8fe20-a6c9-5062-b28e-1cea757d7595,1785277040506,sender,0,False,,,,False
a1e63b0d-01c8-5a3f-8b45-01de76e83699,1785277040507,sender,0,False,,,,False
e1eaf2c4-8657-537b-9480-1596db212cfd,1785277040511,sender,0,False,,,,False
3ce06140-86fe-59c3-9b86-a26a75b78e72,1785277040544,sender,0,False,,,,False
727633ff-029f-503e-905c-fa5d2cd88fd8,1785277040561,sender,0,False,,,,False
34f43056-ac5a-5d7a-be6c-9b493ecffb34,1785277040565,sender,0,False,,,,False
a17e3f50-a005-5dbe-aa64-07d83fd6c54b,1785277040569,sender,0,False,,,,False
4c8318bd-fd69-5c96-942c-ba86d3f6d00d,1785277040571,sender,0,False,,,,False
3129b378-9f27-571c-9a6a-66fff9f42fa5,1785277040589,sender,0,False,,,,False
7e11bb1e-200e-5caf-96ad-d5f822800483,1785277040632,sender,0,False,,,,False
bf46184e-f50e-5d81-a307-e4df7dc8aa78,1785277040636,sender,0,False,,,,False
feef9422-e8a6-5518-b0f9-9710ef071469,1785277040642,sender,0,False,,,,False
d3ca1987-e51a-5837-b832-bcbe65ab8fd9,1785277040655,sender,0,False,,,,False
b3e30ba5-bf1e-5880-bcb2-573ad8b8d91b,1785277040659,sender,0,False,,,,False
a4da6f2b-dd70-5933-bca1-1513ba6be18e,1785277040722,sender,0,False,,,,False
a5b2081e-c81c-5b83-9455-505f16eb2fbe,1785277040772,sender,0,False,,,,False
fd113884-ab3d-55aa-a442-b2676ee63ac5,1785277040797,sender,0,False,,,,False
4233cd13-91b8-5f68-8a37-2f52ed25f460,1785277040802,sender,0,False,,,,False
fb0a0c91-730c-5b2d-bc2d-6e04ad3886ce,1785277040809,sender,0,False,,,,False
dfb12cff-4d63-54f7-9fce-8532d3cb5be6,1785277040823,sender,0,False,,,,False
e38c91e3-048b-5b55-858e-afe9ae86d91b,1785277040829,sender,0,False,,,,False
883b6ee6-aaf7-5b10-97d3-b1495eb27f28,1785277040858,sender,0,False,,,,False
8f40e39a-5a8d-527e-a22b-dcd9feda6ddf,1785277040906,sender,0,False,,,,False
d1022a96-d28d-5f53-b87f-2137ac2440f3,1785277040924,sender,0,False,,,,False
18d50c6d-6074-54e3-b1c1-a1c561976f9b,1785277040929,sender,0,False,,,,False
65ac98a3-6809-5585-9014-bb0310675ca2,1785277040989,sender,0,False,,,,False
db40cde2-d076-51c2-b864-728499979cf1,1785277040992,sender,0,False,,,,False
17c84903-3e64-569e-818a-f39bafccb860,1785277040993,sender,0,False,,,,False
3e553860-ca5f-5dbe-9ae6-28f3d8c0ce9b,1785277040995,sender,0,False,,,,False
763083c6-f25a-5c4d-af93-1d551913bebd,1785277040996,sender,0,False,,,,False
3c77f6df-a386-53d3-a8a8-12efbd82550a,1785277041008,sender,0,False,,,,False
fb0b6c3a-cc9f-5752-acad-a8ee04fac3b1,1785277041032,sender,0,False,,,,False
46837a21-3475-55d5-99cd-84cf5d1d64df,1785277041034,sender,0,False,,,,False
b06ba970-228e-5272-b824-16be271ab025,1785277041038,sender,0,False,,,,False
2a454fba-8de4-55da-a4cc-3987f76cc74a,1785277041055,sender,0,False,,,,False
359ed3a6-d905-5649-a520-518c27c90b1d,1785277041081,sender,0,False,,,,False
0628d329-75f4-57f0-b2aa-ef0798f35e97,1785277041086,sender,0,False,,,,False
6a9f5905-950f-5a36-b080-c94f5e1a2c42,1785277041128,sender,0,False,,,,False
5d77f6cf-95e9-5235-8287-e5491c4ea7ee,1785277041132,sender,0,False,,,,False
d054c4e2-92b2-55f2-a101-b8ebd654917b,1785277041135,sender,0,False,,,,False
6a856520-e423-5bf8-9e4e-d265b331e320,1785277041171,sender,0,False,,,,False
9f8f628d-fd06-5d4c-a7f7-54f0975788be,1785277041175,sender,0,False,,,,False
e65247e2-9ce8-5b78-89fd-df0733e4f134,1785277041180,sender,0,False,,,,False
6345e763-cf18-55aa-bfc4-09d0e3bbbcb6,1785277041184,sender,0,False,,,,False
a2fd80c6-529b-5592-9d0d-9cbc1aa54085,1785277041189,sender,0,False,,,,False
5bd8438f-dc0f-58ea-a31c-7866bdaeef9d,1785277041218,sender,0,False,,,,False
07cc0f35-b795-554b-9ffa-779db834aedb,1785277041222,sender,0,False,,,,False
c5fb378d-1877-5fea-ac43-0f520d136c7f,1785277041262,sender,0,False,,,,False
bda3ef34-8915-522e-9f0e-91ef06c0c949,1785277041266,sender,0,False,,,,False
2b3e9bf8-1e6c-5980-b3d8-ca7fc2a63b46,1785277041270,sender,0,False,,,,False
708588ad-6460-5749-a458-8e8f24f2f7cb,1785277041285,sender,0,False,,,,False
8f9c73a4-0465-58e9-8b96-25b60494e5f2,1785277041290,sender,0,False,,,,False
4081036b-220b-55d7-8579-bb9844e449d5,1785277041304,sender,0,False,,,,False
cdb74ba8-ec7e-52e7-8344-311e807f077a,1785277041308,sender,0,False,,,,False
af68118f-985b-52a1-8e36-0053c891fc62,1785277041325,sender,0,False,,,,False
4c6a4162-3d28-5920-8797-3e18a9efcce2,1785277041328,sender,0,False,,,,False
6e545867-df67-5927-8fe0-57465f9c5e8b,1785277041396,sender,0,False,,,,False
fd310a46-4276-5509-8dcc-8ea97feffa82,1785277041402,sender,0,False,,,,False
2de665e3-74a9-5b8e-9657-ba9ac8de0225,1785277041429,sender,0,False,,,,False
512ad9b1-e318-5199-99a1-5bb7d2470403,1785277041435,sender,0,False,,,,False
f0c414b4-dde1-53d2-86c7-b40d4ca6a61c,1785277041464,sender,0,False,,,,False
28a21b3f-5ca2-5f0e-b280-24a07e686309,1785277041465,sender,0,False,,,,False
26782651-fbb2-567a-a8ad-42d776c3dd5e,1785277041467,sender,0,False,,,,False
afdcb7c9-6048-552d-be2b-16ff58efc5d7,1785277041473,sender,0,False,,,,False
eb7cb794-92e9-5c91-adb3-cd492fd46d14,1785277041489,sender,0,False,,,,False
c4f75710-8fdc-5d88-9a0c-8676b75b3add,1785277041493,sender,0,False,,,,False
b1f85eb7-a05b-574c-9220-25032227baaf,1785277041497,sender,0,False,,,,False
6b195da3-3bc7-5b92-90f3-5ed5b1ac86cd,1785277041575,sender,0,False,,,,False
7612d302-ccaf-5909-8b78-3d813f33725a,1785277041579,sender,0,False,,,,False
2542ac7f-d95c-5dfa-ae22-4bace155c086,1785277041585,sender,0,False,,,,False
548597a8-4d96-5eb1-b732-10f69c87293b,1785277041586,sender,0,False,,,,False
dadc0594-cd78-557f-87f2-43ea601add17,1785277041604,sender,0,False,,,,False
d1ddc3fa-28fc-52ce-93f8-933942b3c046,1785277041615,sender,0,False,,,,False
295bd813-3453-5da0-8126-9769ce039e5d,1785277041639,sender,0,False,,,,False
793c9590-c44c-5408-8179-d2ca7cb08e41,1785277041642,sender,0,False,,,,False
575bfe34-bc28-5385-b47b-0362c1134e4c,1785277041646,sender,0,False,,,,False
b2b955a3-056b-5260-9940-7516f1fbfbc0,1785277041649,sender,0,False,,,,False
a254c92e-0bdd-550a-9cc5-f8855f3c507e,1785277041672,sender,0,False,,,,False
a9899b13-ffd3-5a41-843b-5ca8135d29eb,1785277041682,sender,0,False,,,,False
b17cd8cc-b381-5daf-bd1c-ea14ced0928a,1785277041687,sender,0,False,,,,False
454ced98-e9ec-52d7-8db2-b8958cc210b5,1785277041711,sender,0,False,,,,False
fd54e773-c6f1-514e-8563-de57dd9b551f,1785277041758,sender,0,False,,,,False
0d0155a9-0f36-50bc-9ff3-0f1d4d377f9c,1785277041764,sender,0,False,,,,False
c5167781-4506-5a4b-b2de-843c497825d8,1785277041770,sender,0,False,,,,False
5b9091a7-e264-501f-814a-4e28f0393b13,1785277041783,sender,0,False,,,,False
3a558a65-518a-5941-83e0-b05cb0afc34f,1785277041788,sender,0,False,,,,False
473947b3-f922-5124-a7ad-ee6998c99f21,1785277041802,sender,0,False,,,,False
4cfa44a0-a595-5b5f-8b15-6b3152e5acde,1785277041817,sender,0,False,,,,False
e645a6c4-1818-583f-808d-39e1ad2da363,1785277041821,sender,0,False,,,,False
e670f24b-1f96-586d-b8bf-346e00563aa1,1785277041839,sender,0,False,,,,False
882c1963-ef8f-533c-9625-27b92b798e44,1785277041849,sender,0,False,,,,False
9b0e6ebc-95e0-546e-9ef9-81898b6f200f,1785277041851,sender,0,False,,,,False
09aef9b8-d65f-5556-a1c2-96131bfea8bb,1785277041875,sender,0,False,,,,False
6a92e153-d7d0-51d5-967f-1d35ea2804f0,1785277041876,sender,0,False,,,,False
6323b0b0-66f1-5232-8ff5-b4fa5a8b53ed,1785277041877,sender,0,False,,,,False
b2959179-6a55-588e-933d-857855d2a391,1785277041881,sender,0,False,,,,False
f2d8c702-b173-5ec1-bbe3-7df9a81ccee2,1785277041900,sender,0,False,,,,False
f99f8be1-329e-59e3-9136-52de422d64e7,1785277041903,sender,0,False,,,,False
0ae8c506-f4fc-5ce8-b2f7-7568364084e0,1785277041935,sender,0,False,,,,False
707b639c-1243-5674-92fc-84dcd4a1aea5,1785277041982,sender,0,False,,,,False
d2994074-755e-5b70-adde-0a3447b7950f,1785277042000,sender,0,False,,,,False
68d079b5-26ee-5099-bd1a-59f5ed4554c2,1785277042002,sender,0,False,,,,False
e9c99735-4c61-537f-85e6-cc29c57bcc6c,1785277042014,sender,0,False,,,,False
755d1387-636f-57fc-996e-0c93bb127ed2,1785277042018,sender,0,False,,,,False
9b0072a5-8a2b-5bad-944c-8fa1c16336ef,1785277042036,sender,0,False,,,,False
2044c3e4-8228-5d04-8b70-6c5d5146a036,1785277042037,sender,0,False,,,,False
804c37db-4c00-5ec5-9d12-ca6576c6717b,1785277042052,sender,0,False,,,,False
d093f02c-9af8-5747-9bd4-8febeaf5a40b,1785277042054,sender,0,False,,,,False
0301eeda-584c-57ff-8cc6-4c5af3c7d20a,1785277042071,sender,0,False,,,,False
0b1cfdd4-fcd8-5c6e-a1ba-199ba9a778d1,1785277042084,sender,0,False,,,,False
84101221-a22c-5880-a79d-1cae5873417b,1785277042087,sender,0,False,,,,False
84395133-1bb6-50e0-8be5-e675c9973749,1785277042118,sender,0,False,,,,False
bcd06465-b5c7-5d5b-98e8-79faba01367a,1785277042123,sender,0,False,,,,False
3f1b2515-de89-5790-839d-9ff423701a6e,1785277042126,sender,0,False,,,,False
fefc1a44-c58b-57f1-ac7c-aac4af3f416f,1785277042160,sender,0,False,,,,False
61eea8e2-f6de-5f0b-b421-77329078ad4a,1785277042164,sender,0,False,,,,False
146ad2f7-3507-5889-aa75-c2220ae19be6,1785277042167,sender,0,False,,,,False
8e345e96-2009-5fae-86ed-d97d4dc87ba8,1785277042172,sender,0,False,,,,False
3df393ae-a3c8-5402-b577-a13f7c085bb9,1785277042186,sender,0,False,,,,False
61a44854-73b2-59dc-b511-c2c9df83bfa4,1785277042189,sender,0,False,,,,False
af9d5958-a711-5b26-9981-a322d4751278,1785277042302,sender,0,False,,,,False
2723f764-60b9-5c40-aaf8-002a90957a52,1785277042314,sender,0,False,,,,False
104e1351-182c-558d-bfe4-9a832639b272,1785277042316,sender,0,False,,,,False
bad20987-7323-599d-8522-32f9a99e2cc9,1785277042345,sender,0,False,,,,False
2fa8cf1d-8638-5f70-8049-a201d7fdaca3,1785277042347,sender,0,False,,,,False
f5e7735f-c0bb-568c-951e-7175b502ca88,1785277042350,sender,0,False,,,,False
0374936d-48c7-517c-927c-eb02b81d8392,1785277042352,sender,0,False,,,,False
260e7112-fae0-5de5-b685-ddee6fc78fd4,1785277042387,sender,0,False,,,,False
c7cfc2a0-d495-5e8a-8edb-eb8e5ba9690b,1785277042391,sender,0,False,,,,False
feab436f-cd4d-5c0e-b775-02a90bfc5819,1785277042503,sender,0,False,,,,False
e25d3f5f-622c-58a8-9557-e5d83b621a25,1785277042509,sender,0,False,,,,False
d99c1363-6872-5691-a8c7-5eb5a548564a,1785277042510,sender,0,False,,,,False
a05cc307-3488-527d-aee2-a654becf4c30,1785277042519,sender,0,False,,,,False
0a96ac13-d6f9-57b2-9e8d-d0ee3c9d1ad4,1785277042531,sender,0,False,,,,False
c2be7cf0-29c0-54e4-8347-101f933882ca,1785277042533,sender,0,False,,,,False
f9f2288f-3dd7-57a1-8c19-27f78df059b5,1785277042567,sender,0,False,,,,False
3a4c38de-c457-50a1-a1d2-7993c4dc4b9b,1785277042571,sender,0,False,,,,False
07cc3aac-3eed-503e-a17a-0953ff236ae6,1785277042596,sender,0,False,,,,False
43fd817b-20bc-5e92-8484-6a1be63a0d43,1785277042597,sender,0,False,,,,False
3a821092-0dd4-5be9-bf93-9cbb97096f07,1785277042615,sender,0,False,,,,False
ed991aa8-d8c0-5a76-9579-9cd4136ca96c,1785277042702,sender,0,False,,,,False
8bbcfd07-50ec-5258-84e0-4bc099352201,1785277042705,sender,0,False,,,,False
3b56a003-8671-5367-8e9e-ebd4268aef31,1785277042709,sender,0,False,,,,False
015fabd0-2b74-5a48-b6e3-b03c03335660,1785277042715,sender,0,False,,,,False
4587dd14-90ae-5785-9875-0b25a612e487,1785277042716,sender,0,False,,,,False
6532b317-7b47-5429-9643-d6df9c423527,1785277042730,sender,0,False,,,,False
bcce6a96-e226-5a16-ada9-10025e90b227,1785277042732,sender,0,False,,,,False
1c5760e4-658a-5c06-b74f-d6b3a57fb56f,1785277042736,sender,0,False,,,,False
aabf2b6c-1af1-575d-9f71-f8e2c8fafbd5,1785277042751,sender,0,False,,,,False
d4cc1bf7-2e90-5321-9be4-fafbd70a8ffa,1785277042797,sender,0,False,,,,False
dca19568-dbd2-51b6-a937-403790695493,1785277042798,sender,0,False,,,,False
e09afd76-4089-5deb-889e-8f17fb0fded6,1785277042802,sender,0,False,,,,False
81b97555-e291-5f53-aa68-b295c598aac3,1785277042839,sender,0,False,,,,False
49c7adf8-138e-531b-b02f-ce101f2f67c6,1785277042843,sender,0,False,,,,False
68b617cb-817e-5b7b-90c3-85f68091bfcb,1785277042885,sender,0,False,,,,False
625bbe70-6135-56d9-aebc-3e50545dcbf3,1785277042891,sender,0,False,,,,False
8ee13a09-63e9-5c27-b579-12abc4130641,1785277042898,sender,0,False,,,,False
30333185-81c9-5780-aebb-967623c50752,1785277042930,sender,0,False,,,,False
9ca6ac43-cdb2-5cf6-b2ae-0652c4c88faa,1785277042935,sender,0,False,,,,False
5a06e22a-a43a-5951-b71d-54e34003d7fa,1785277042971,sender,0,False,,,,False
1e61d587-e6b1-5ac4-8d0e-b1f0182572f3,1785277042976,sender,0,False,,,,False
9e9cb730-406a-5834-af03-16ed0c0ea5ed,1785277042982,sender,0,False,,,,False
c02fb15c-4cbf-580c-a824-e9a0b57428b1,1785277042997,sender,0,False,,,,False
648c062b-1dae-5041-8ee9-faf5f1e6b615,1785277043003,sender,0,False,,,,False
ec8651b3-a88c-51e1-943b-8ea409115155,1785277043009,sender,0,False,,,,False
9fa4e605-5a43-5357-96b6-42c320407b5e,1785277043010,sender,0,False,,,,False
a8a8eb89-d944-5305-82e2-39eeebe8b95d,1785277043066,sender,0,False,,,,False
60c8fa20-90ff-57b4-a82b-3aeea09914e0,1785277043109,sender,0,False,,,,False
d3b008cc-7753-5531-a1a8-21c8d11dd653,1785277043115,sender,0,False,,,,False
3c485e80-8675-518a-9977-5a61866ad630,1785277043142,sender,0,False,,,,False
086d1039-8812-5c16-a826-16413be38e3e,1785277043143,sender,0,False,,,,False
2dd65707-cee4-5949-8079-389798624caa,1785277043145,sender,0,False,,,,False
ff5a06f0-2681-55f7-aa23-08e8cc22ff8f,1785277043162,sender,0,False,,,,False
028a0227-ebd7-535f-b5e8-43c993ea0021,1785277043164,sender,0,False,,,,False
01c39d20-71bf-5177-ac0f-d82f8a63d244,1785277043183,sender,0,False,,,,False
7fd00025-eb89-55b5-926b-0811e6af5162,1785277043188,sender,0,False,,,,False
251c5b8e-ac92-54c6-8692-f8f7da0eac84,1785277043190,sender,0,False,,,,False
368ef8ff-f8fb-5c10-8573-0deb12055bca,1785277043196,sender,0,False,,,,False
5bf4b55c-5a0f-5b8f-8f84-1692606143ca,1785277043210,sender,0,False,,,,False
6eb2ed60-3729-51a6-b281-88f37c9e5789,1785277043214,sender,0,False,,,,False
9ba0401e-c25d-5439-8731-09d07cd0dfe0,1785277043295,sender,0,False,,,,False
865a0d25-2211-513b-850b-11020865c537,1785277043318,sender,0,False,,,,False
ea25e870-eea1-5d06-ab2d-31edb9a70570,1785277043322,sender,0,False,,,,False
4aa2278e-bd59-5e7f-abd2-bd817015545a,1785277043323,sender,0,False,,,,False
8bf0e4e0-be19-5510-adf5-532fe3d7ebe0,1785277043324,sender,0,False,,,,False
22d280b9-ae5a-58a9-b22d-37701b5bdee8,1785277043326,sender,0,False,,,,False
35c14786-3614-5394-ac19-75653782e51b,1785277043332,sender,0,False,,,,False
a82accf3-9f05-56d3-98a6-58203a8663ec,1785277043347,sender,0,False,,,,False
7988003e-3981-5844-8666-1d7a28128ca7,1785277043352,sender,0,False,,,,False
92aaf5ec-c44b-5384-ac27-a8459368857c,1785277043420,sender,0,False,,,,False
486fc90f-2337-5074-bbcb-2fa8fc9b1409,1785277043423,sender,0,False,,,,False
5ea366b8-6332-5564-8862-6e7349df6bfe,1785277043429,sender,0,False,,,,False
58d16da2-dbf5-5352-a241-4217d7e1b763,1785277043430,sender,0,False,,,,False
feef8de6-9929-587d-a600-1293a22ab150,1785277043450,sender,0,False,,,,False
662f2119-d36f-5145-946f-19cc6f5a6512,1785277043458,sender,0,False,,,,False
d09169b9-3600-522d-835d-a0cc24cd851a,1785277043462,sender,0,False,,,,False
54ca1ca9-b904-5ee7-947c-dc726ae69938,1785277043492,sender,0,False,,,,False
8fccb57b-0d6c-5b74-846d-fc651bea6b6c,1785277043494,sender,0,False,,,,False
4f74da05-9aac-5a19-91db-9891b7b39ec5,1785277043495,sender,0,False,,,,False
9c7b7f4f-efc3-51e3-849e-abbe3de7d9bb,1785277043511,sender,0,False,,,,False
e2a36bbd-ec87-5a4b-9e80-fae4b2e4cae3,1785277043515,sender,0,False,,,,False
92a49524-5f2a-58aa-b6f4-958baa14e153,1785277043527,sender,0,False,,,,False
2831ab7f-1911-55a3-a7f7-c2e2ce9e977a,1785277043534,sender,0,False,,,,False
731fb6b6-8a4f-5600-8dc5-7b1cdeeb53f5,1785277043544,sender,0,False,,,,False
d6940e42-9697-59f4-8ab3-098bc27108f1,1785277043563,sender,0,False,,,,False
2dbd4ceb-d28f-529f-804e-54908aaf0520,1785277043600,sender,0,False,,,,False
a13269a0-eb4c-5bc9-9555-a73bdaf88e62,1785277043604,sender,0,False,,,,False
d95acf74-9e93-5d71-9230-8bcc4da593bb,1785277043607,sender,0,False,,,,False
1cc24e0a-f398-51d6-b5ff-6b1c0ee94d6f,1785277043611,sender,0,False,,,,False
9d72e7a5-577c-5a96-aa60-02661ec5b50d,1785277043646,sender,0,False,,,,False
8d051ca5-d3bd-5de3-8822-ea2ff885d059,1785277043650,sender,0,False,,,,False
67a589c8-f70e-5674-8dc4-e995c1916ee8,1785277043658,sender,0,False,,,,False
7bc29409-ee78-545f-a964-727e9bca89f1,1785277043664,sender,0,False,,,,False
b6c473d7-d861-5850-a60e-b26e4dc911a5,1785277043696,sender,0,False,,,,False
6771d8ff-6688-5c59-bb5d-54c97fd1b8b4,1785277043736,sender,0,False,,,,False
5cd8fa69-ce9f-5b30-be46-a19020de9e7e,1785277043740,sender,0,False,,,,False
7ef11b63-f151-5ae2-b18f-fa05ed15f469,1785277043744,sender,0,False,,,,False
e4168bbc-e01d-5334-9aa2-bfb60e8d74e0,1785277043747,sender,0,False,,,,False
38885d0e-87a2-5d22-80f0-86b29e945f6a,1785277043780,sender,0,False,,,,False
8c2d55d1-c641-533c-ab1e-9c53c3385b19,1785277043830,sender,0,False,,,,False
874a5f1a-7671-57b8-8b07-7adbbe1ed65d,1785277043848,sender,0,False,,,,False
1ebe185d-210f-562c-b974-00d7917eb245,1785277043853,sender,0,False,,,,False
d8094246-1972-54c7-8d0e-5a5ad2050e88,1785277043860,sender,0,False,,,,False
957126f1-909f-5add-b215-ccb3640bf2a3,1785277043862,sender,0,False,,,,False
70a09e70-d4a0-5437-be88-cc46fc3acba8,1785277043882,sender,0,False,,,,False
624f021c-cfb0-5205-a393-2fbcbc4540d0,1785277043884,sender,0,False,,,,False
c5794a0c-1838-545e-8630-cb5b9bb216c1,1785277043965,sender,0,False,,,,False
b2e02892-e1cb-52e5-aa85-b8c25679cbb6,1785277043970,sender,0,False,,,,False
0b43af01-64c5-54fa-9673-54895adf9d62,1785277043975,sender,0,False,,,,False
6cced892-453c-592b-940b-ec0c417b9203,1785277044010,sender,0,False,,,,False
047e2058-fe71-53c4-a566-b6aecf94c637,1785277044028,sender,0,False,,,,False
da1a218d-2efe-5b4c-8792-c0819af5e814,1785277044035,sender,0,False,,,,False
a70c6ea0-09fe-52e7-b0db-701a6d9d0ede,1785277044042,sender,0,False,,,,False
fcddd64a-258e-553e-ad55-93c2a7db5cff,1785277044044,sender,0,False,,,,False
6f55c2d6-4ce2-5db8-bcce-2cb325c73b69,1785277044096,sender,0,False,,,,False
ee43c211-74b9-581d-8891-b20938046cdc,1785277044103,sender,0,False,,,,False
af984e05-9d29-521f-8b70-30357875b290,1785277044118,sender,0,False,,,,False
539452eb-0847-5703-b607-09b3eed5a6ab,1785277044131,sender,0,False,,,,False
a95d69b7-cd0c-53bd-9296-05402250ad18,1785277044133,sender,0,False,,,,False
616e0467-3090-5ab7-b306-d12ec5b95c46,1785277044142,sender,0,False,,,,False
1b470c19-42a5-5d3f-975d-3a1988717993,1785277044147,sender,0,False,,,,False
a1ea67a7-99e4-548e-ac56-a6cdd5a7b66e,1785277044163,sender,0,False,,,,False
31ebf5a2-412c-59b5-9cfd-c3316d0b31fd,1785277044170,sender,0,False,,,,False
6781503b-420b-58b3-91e2-f9e323d44a74,1785277044172,sender,0,False,,,,False
8d48279b-91b4-5321-9ee7-7a3b2959ff68,1785277044237,sender,0,False,,,,False
fcea233b-e0fa-5eb0-8c6e-3004ba186947,1785277044281,sender,0,False,,,,False
77d23c25-b991-5d94-b19a-708486cab6d0,1785277044334,sender,0,False,,,,False
fb9b6a3b-e86a-50dc-bf7d-72e002852f0c,1785277044337,sender,0,False,,,,False
86051676-4d91-527a-802b-681a35198473,1785277044345,sender,0,False,,,,False
7ae0f7ea-d00a-5a46-a014-9fc8becbdf05,1785277044347,sender,0,False,,,,False
62deb744-af8a-5f64-8ee6-cc0ef2971b28,1785277044362,sender,0,False,,,,False
09c1becc-5fd9-5f3a-b781-00390663eb16,1785277044367,sender,0,False,,,,False
a7f20771-7a3c-5489-9115-b872708a4ccc,1785277044373,sender,0,False,,,,False
bf008007-70ce-5b70-b172-16021381f584,1785277044392,sender,0,False,,,,False
81258c13-ad9b-5f3f-8f4c-b6f625334adb,1785277044416,sender,0,False,,,,False
6b205d11-0a45-5064-8716-5305edef5e7d,1785277044457,sender,0,False,,,,False
f98ba5b1-a9de-5b10-8cba-a0936055f479,1785277044570,sender,0,False,,,,False
f6afb29c-1d07-5fd1-a742-43ccf8028484,1785277044598,sender,0,False,,,,False
630e698e-1301-5eea-a832-46eeb4f38f62,1785277044603,sender,0,False,,,,False
6fbf2746-f2ba-505d-9110-e1eaec3658e0,1785277044628,sender,0,False,,,,False
e867d4de-3094-575e-a77e-45e2718c7c4b,1785277044631,sender,0,False,,,,False
0dd87e7d-974c-5501-914d-ef58ee896773,1785277044632,sender,0,False,,,,False
4cbf5456-5eb3-5e6a-b5b9-f58ac3c6041d,1785277044634,sender,0,False,,,,False
3bbb7de2-5619-58c8-a065-7683a0f49246,1785277044635,sender,0,False,,,,False
c8777ea1-21cc-5473-87f3-d13247c15af0,1785277044660,sender,0,False,,,,False
52cf02d9-cbf5-5607-bfb4-78bf6003417d,1785277044753,sender,0,False,,,,False
a81330d6-44d0-5773-ae62-f63761544269,1785277044762,sender,0,False,,,,False
39fd30e3-86e4-500a-8dbe-4ad8db7c1d7f,1785277044780,sender,0,False,,,,False
08badd32-d3ff-5ee1-99e9-74b87dc296b6,1785277044807,sender,0,False,,,,False
4d0b73cb-c17f-5ac8-bdcf-d8ae6872c802,1785277044809,sender,0,False,,,,False
1f8a7c19-f5be-5655-85f3-7b913221854a,1785277044811,sender,0,False,,,,False
88091f44-2014-5cec-b735-641e56ca5f7c,1785277044812,sender,0,False,,,,False
02b0058d-43f0-5631-976b-1291372451b6,1785277044825,sender,0,False,,,,False
3cc38c0e-f695-5296-ab59-4460718d9dde,1785277044837,sender,0,False,,,,False
86ed3f8e-2fde-5c2b-a008-85fd4a78512a,1785277044838,sender,0,False,,,,False
5130f69e-fd69-5f7c-9a3a-3b4dd8310f20,1785277044840,sender,0,False,,,,False
b6db9762-af04-5a37-bb8f-06a9e0142429,1785277044843,sender,0,False,,,,False
3917a418-cee9-5a4c-af6f-363470296d83,1785277044861,sender,0,False,,,,False
3b499bf5-9440-5edd-a51c-5d8fc27bb65b,1785277044914,sender,0,False,,,,False
2925a0b4-9864-58b5-9d5d-6cfd393a3e7f,1785277044916,sender,0,False,,,,False
c4cfcb5a-a72a-5803-9eec-5e51ebb3a2c9,1785277044963,sender,0,False,,,,False
8833ec0e-bbc4-520a-bbb5-85e00e1d4ef4,1785277044968,sender,0,False,,,,False
b7000a8c-f5ce-5772-8abe-98d66dfd05a5,1785277044975,sender,0,False,,,,False
c703bc66-350f-55b6-bf77-cea5ad2f00e4,1785277044976,sender,0,False,,,,False
c61530a2-97d8-5bd5-bfaa-c4f5ad682f4d,1785277044998,sender,0,False,,,,False
22f7564f-25b3-5472-9ef7-01468b45d754,1785277045002,sender,0,False,,,,False
94576607-f16d-55d0-a1f6-72cdedc53619,1785277045006,sender,0,False,,,,False
e22bc57e-f33c-5273-be60-bb6404ef1d54,1785277045041,sender,0,False,,,,False
c8077143-4d41-5066-be33-a59992fd2ab4,1785277045044,sender,0,False,,,,False
77746570-f71f-5d67-a1d8-f04ce540da11,1785277045059,sender,0,False,,,,False
b13e875b-bbb7-5cd6-a0a0-cab7eb84144d,1785277045074,sender,0,False,,,,False
9ff2f0dc-9239-59df-860e-9602783e741d,1785277045076,sender,0,False,,,,False
23b95f5a-e0aa-59e9-b2fa-dddf631452da,1785277045100,sender,0,False,,,,False
6d416a2c-a9b1-52c5-bfc4-00a0fefad42e,1785277045131,sender,0,False,,,,False
afc903fb-3671-50c5-834c-35080d080a82,1785277045134,sender,0,False,,,,False
8d97127b-9b37-5dc8-bae1-92132c1c3de9,1785277045138,sender,0,False,,,,False
9f1da979-9138-563a-bb27-086b7b78aace,1785277045142,sender,0,False,,,,False
e7be571a-0fda-5b08-baf1-a423976144e5,1785277045176,sender,0,False,,,,False
9bb4a23c-c4a9-5b1d-b877-c1ae84d07e8a,1785277045180,sender,0,False,,,,False
715e7aa5-e174-5e9c-b593-a7b1af29f7f6,1785277045184,sender,0,False,,,,False
6fb5ef41-4819-54e8-8c84-75f8cedbe4d7,1785277045188,sender,0,False,,,,False
9710f1e7-5a3d-5ca5-bb5a-9e2ffb3f0e6a,1785277045196,sender,0,False,,,,False
5c71b424-09d7-5403-ab45-2be2e81d616d,1785277045211,sender,0,False,,,,False
9960ce84-8a72-573f-9ccf-2cc79cb2c5df,1785277045265,sender,0,False,,,,False
85328e88-ce43-51c5-b513-266e31f6f532,1785277045317,sender,0,False,,,,False
fd35f2b8-49fd-5ffb-9537-526f825bf6ab,1785277045334,sender,0,False,,,,False
e3a343dd-f095-50a9-8fb8-0beb5cc470a0,1785277045421,sender,0,False,,,,False
1c1be71f-80ce-5b69-9abe-c3d3dbaf47ad,1785277045425,sender,0,False,,,,False
5652b7a9-075d-5b2f-b332-ff786362e205,1785277045428,sender,0,False,,,,False
bf1e77c3-c2f7-5d82-99fb-3da73f598834,1785277045431,sender,0,False,,,,False
2d90f8dd-3c3f-5662-b6ab-aece4bb6f00c,1785277045433,sender,0,False,,,,False
adda970c-8899-5e85-a438-9f561c0fbc37,1785277045436,sender,0,False,,,,False
65e73812-2b22-565e-b822-7ca298c172b3,1785277045476,sender,0,False,,,,False
4c2f01e2-4ec6-50ce-a4ae-c678c493800b,1785277045485,sender,0,False,,,,False
e5312550-5639-5a45-8631-49472329179e,1785277045508,sender,0,False,,,,False
6b117b55-3a51-50d0-a25e-c3d89ab0cae1,1785277045510,sender,0,False,,,,False
5edbd11c-7d56-5d73-8634-0c679d9b58d4,1785277045517,sender,0,False,,,,False
026b8e62-f018-5960-a035-e146b31585e2,1785277045519,sender,0,False,,,,False
af17208a-332f-5c9a-a33c-9748107f51ae,1785277045540,sender,0,False,,,,False
e21dc4ba-707e-54ed-a3ae-8a96912e5a19,1785277045555,sender,0,False,,,,False
85be083d-20ae-5a76-b7ef-95cc5450146c,1785277045560,sender,0,False,,,,False
6f896c5f-f402-5b7a-95f0-a6353db9d310,1785277045592,sender,0,False,,,,False
e32afb5d-0fe4-5098-b709-1284837fcd04,1785277045602,sender,0,False,,,,False
5e90479b-6350-5e7c-acd4-b8d99782bbf5,1785277045609,sender,0,False,,,,False
d1ad42cd-de82-5e2b-b13d-7c3cdf8250ce,1785277045671,sender,0,False,,,,False
bc5ce167-8aac-5210-b484-e0630e6e6f9c,1785277045675,sender,0,False,,,,False
878d75ce-e8f5-53d9-9a21-91bfa420dce7,1785277045689,sender,0,False,,,,False
a113a517-845d-5468-8823-fed3e5f3af0e,1785277045704,sender,0,False,,,,False
c8c14490-14a9-5064-b22a-d87e36bc3f2a,1785277045708,sender,0,False,,,,False
6e01ad0c-e396-5f39-bcac-22b9fe7d115e,1785277045722,sender,0,False,,,,False
9e50aa0c-4bb7-5122-86b5-475942503d32,1785277045725,sender,0,False,,,,False
a5fe0972-64d4-5409-b63c-55fd726f0437,1785277045736,sender,0,False,,,,False
db4d651a-285d-567b-b99e-bc482f272c81,1785277045737,sender,0,False,,,,False
de4eb6ef-d8f7-5de8-af84-00f1beb88581,1785277045739,sender,0,False,,,,False
e00d7e43-73a3-5713-b3b3-205b3f29f969,1785277045762,sender,0,False,,,,False
d0963f30-d5dd-57ea-92c6-0ff42fb5f0e0,1785277045767,sender,0,False,,,,False
1f4b717c-7cac-5c3d-b41a-68923765509d,1785277045807,sender,0,False,,,,False
aa65343f-4a2f-56c0-b17f-dcb725876aac,1785277045851,sender,0,False,,,,False
f4359134-a145-5857-aa96-9e82c05e460c,1785277045857,sender,0,False,,,,False
438a5550-95c1-504d-8edb-f4b8fc52fd8c,1785277045879,sender,0,False,,,,False
4255578d-7f69-537b-b3d7-46687a9bbe31,1785277045881,sender,0,False,,,,False
1dd25b6c-1da4-5b74-bfb4-0b97c48579a2,1785277045910,sender,0,False,,,,False
495aed7b-f38c-5e57-8d49-c96eccdff789,1785277045913,sender,0,False,,,,False
9b120391-a054-5ac6-b88b-ae99e7e309b2,1785277045915,sender,0,False,,,,False
af57c8b0-2608-579a-a062-d1785737a12d,1785277045922,sender,0,False,,,,False
e4e89604-9eec-539f-a1f7-b39771f111be,1785277045923,sender,0,False,,,,False
ed18cb4f-584e-5f38-ad19-6cc9e88dc26b,1785277045946,sender,0,False,,,,False
d379cc0f-0df2-5231-ae47-80a6772cac0f,1785277045950,sender,0,False,,,,False
ec3dc872-6145-5951-b2e4-16454be1f4f0,1785277045953,sender,0,False,,,,False
5a90ebed-bd41-5176-a0f4-20c1d8f071d8,1785277045957,sender,0,False,,,,False
71e88c45-bace-5827-84de-7db2538628c9,1785277046038,sender,0,False,,,,False
eec2a58c-1be7-5295-ba14-c20a92eacc98,1785277046042,sender,0,False,,,,False
1ce74273-185e-5bb9-965c-c7698545ec8e,1785277046083,sender,0,False,,,,False
436e32bb-1830-539d-9b06-1c135209e459,1785277046085,sender,0,False,,,,False
262baf15-4bee-5132-8a05-bdddf8cef74a,1785277046108,sender,0,False,,,,False
da702bbc-5b8d-57a2-8232-5ea464e56bc5,1785277046110,sender,0,False,,,,False
097589cf-64d7-50ee-8f9d-85b25e62800f,1785277046114,sender,0,False,,,,False
dec72e4e-48fd-5655-b861-45274e749eb9,1785277046118,sender,0,False,,,,False
3cb4ff98-c21a-5c59-bb28-cd6bd101f2cf,1785277046120,sender,0,False,,,,False
23ef0264-1e20-57f1-af97-b6f6f3c5a947,1785277046126,sender,0,False,,,,False
c9f36fd0-6c95-5851-a926-71dedf7dd59d,1785277046176,sender,0,False,,,,False
dcae3355-f341-5ab4-ad0b-8b3045ac47cd,1785277046178,sender,0,False,,,,False
6c5a1f14-fe9c-5046-bd17-e283b538182c,1785277046212,sender,0,False,,,,False
130cba79-c95d-541b-a547-6445f2e10c2f,1785277046217,sender,0,False,,,,False
7cc978df-ec4b-55bc-8c05-00479a54fa1a,1785277046222,sender,0,False,,,,False
6e711f08-6c5a-526f-9516-e00221af6f7e,1785277046257,sender,0,False,,,,False
700edfcf-89fd-52de-a347-945256363256,1785277046262,sender,0,False,,,,False
530b6f3c-3c4c-5007-8731-bddd30cc5437,1785277046267,sender,0,False,,,,False
9853df96-d2d1-5d84-a5ab-fcf5a7fa785b,1785277046272,sender,0,False,,,,False
6dd583ce-5fa2-5c68-bd9a-7c12871d6838,1785277046286,sender,0,False,,,,False
55b63ff9-6b1a-54b9-989c-d496e1c33a92,1785277046300,sender,0,False,,,,False
83fa0500-23c1-5696-a11a-4c146b8fa2ed,1785277046305,sender,0,False,,,,False
c0381ab5-6694-5cc5-97ac-8208dfa686ad,1785277046317,sender,0,False,,,,False
af54fdf3-8721-52ab-9911-3a34ae91513e,1785277046392,sender,0,False,,,,False
114f5974-2e07-5ef1-b2c9-40b9c2f10505,1785277046396,sender,0,False,,,,False
14dd10fd-f132-5ff0-b009-51246c06769f,1785277046403,sender,0,False,,,,False
fbd172e7-d36e-5057-bdcc-4623bdac6189,1785277046405,sender,0,False,,,,False
314b1acf-d209-510f-8af9-c80e884e2b85,1785277046424,sender,0,False,,,,False
bf6bf380-b842-5764-b9d1-a09c2ed4fa01,1785277046427,sender,0,False,,,,False
2f683e94-4a51-59ee-ae04-b0e86e1a05cd,1785277046437,sender,0,False,,,,False
5343b00a-a837-5ff4-839d-73d16e75aba3,1785277046440,sender,0,False,,,,False
3f146114-f3ca-5f12-a3ba-28fd30e9cacd,1785277046484,sender,0,False,,,,False
96f9cef0-a615-5120-a088-cf7d4936112e,1785277046488,sender,0,False,,,,False
ad25f5f5-d41e-52be-9a24-50a548206ab7,1785277046502,sender,0,False,,,,False
666f3d4b-6608-5e4d-ae95-02c83ef66253,1785277046516,sender,0,False,,,,False
da3fce2c-65b9-507b-99f6-e9f4966bbb2b,1785277046523,sender,0,False,,,,False
8d5911df-a094-5e4c-8905-4ffe67795dd9,1785277046534,sender,0,False,,,,False
683e0213-0c8f-51fb-863f-b82fa6727687,1785277046539,sender,0,False,,,,False
4fdbc9ca-fd92-5ca5-9d82-85d2dbcc315e,1785277046555,sender,0,False,,,,False
32c3056d-16a2-51c4-aa77-6e2c949e8abd,1785277046566,sender,0,False,,,,False
6e3045fa-3e5a-5613-8255-20d3cfdf01af,1785277046591,sender,0,False,,,,False
53c1be96-0e2e-5ce9-af75-01681a7adf08,1785277046596,sender,0,False,,,,False
d0e835ef-2984-5894-89ad-caa1805c3a70,1785277046621,sender,0,False,,,,False
c85e440a-bbd4-51f2-8fe9-f8a14d2aab1d,1785277046633,sender,0,False,,,,False
7428c9a5-1edc-5f56-a724-aece5f6fa91d,1785277046649,sender,0,False,,,,False
20a9e389-a456-5f87-b72e-3688d8a2b8bb,1785277046651,sender,0,False,,,,False
e60c626b-b9d6-59cc-83b4-3c9edab7d049,1785277046670,sender,0,False,,,,False
407ebce6-b56a-5961-abd7-6f99e0cf483a,1785277046671,sender,0,False,,,,False
30cc5d6a-c867-53d5-bce7-bc3b3ebcfa7e,1785277046687,sender,0,False,,,,False
b2caa828-d69a-549b-958b-b853c1a0ee3e,1785277046689,sender,0,False,,,,False
25452389-a539-5501-9105-cbd32c5613d5,1785277046703,sender,0,False,,,,False
7d6cd5dd-558d-5705-8fd2-10c51caed196,1785277046710,sender,0,False,,,,False
3cba769e-41a2-5e2f-9bdd-134750a52f86,1785277046714,sender,0,False,,,,False
3fc601a3-a073-5faf-8f88-cfd45df67ea8,1785277046751,sender,0,False,,,,False
a63c026e-5a95-58dc-b762-1f69be3a45f9,1785277046798,sender,0,False,,,,False
89365e09-4334-5950-b061-ec244c95d84a,1785277046802,sender,0,False,,,,False
9186dd23-e8a3-5a57-a583-d299fde9432a,1785277046819,sender,0,False,,,,False
240d6670-b2fa-5367-badb-0a70868f5837,1785277046825,sender,0,False,,,,False
15c5f452-360b-5aeb-9fd7-5aaf4829e927,1785277046829,sender,0,False,,,,False
33b6ea27-3d70-5f1a-be3a-b342b9e4a1f9,1785277046859,sender,0,False,,,,False
37d29808-84ad-5fc6-ba21-250b47cfcc76,1785277046860,sender,0,False,,,,False
304e47aa-2edc-5f65-a142-4bf4fa441e54,1785277046862,sender,0,False,,,,False
95ddc552-a729-5898-9568-80dc979320a6,1785277046889,sender,0,False,,,,False
8721c287-4851-5fe2-84c2-2828acbcc399,1785277046894,sender,0,False,,,,False
009e3038-a871-50ac-92c5-5e6b907d183f,1785277046898,sender,0,False,,,,False
5ca31d1b-ac75-5f26-baa1-23b05ea809d6,1785277047025,sender,0,False,,,,False
3c4455b7-71ef-5ad0-b185-c4a90fe4b525,1785277047037,sender,0,False,,,,False
4df3dd5f-a1cf-5acb-835d-50163bebcb2f,1785277047039,sender,0,False,,,,False
f830c0dc-2681-58be-8395-31b54d8c4c08,1785277047071,sender,0,False,,,,False
10eaab89-901f-51c0-81d5-616b2ce33f43,1785277047076,sender,0,False,,,,False
8d040454-95f0-5198-854f-ed6ed21b6220,1785277047081,sender,0,False,,,,False
612dcc51-09bb-50d5-8d57-1e10a4820331,1785277047089,sender,0,False,,,,False
2848e6d8-83c9-557b-a28b-978b4564c253,1785277047103,sender,0,False,,,,False
62d9b968-661f-5aa9-9a9a-9b9bf8509b97,1785277047107,sender,0,False,,,,False
9d0aa8fd-1d10-50da-9dcf-8ab07b08a47b,1785277047111,sender,0,False,,,,False
e5442abd-6d13-5c60-a972-a56e26040c0b,1785277047119,sender,0,False,,,,False
7fcfa160-a954-5009-b010-b632407be9e2,1785277047134,sender,0,False,,,,False
fcfe2e0f-965e-5869-97b0-1dffa39d6aa2,1785277047155,sender,0,False,,,,False
00456e39-cb1a-5239-a155-cb8b333a4ebf,1785277047232,sender,0,False,,,,False
6dbe5f99-bb94-5ad6-be5b-b859e3d31ab1,1785277047237,sender,0,False,,,,False
20abe2bb-439d-55a5-8587-c9ee46229222,1785277047248,sender,0,False,,,,False
7b779f84-429f-5fc8-aacd-864235a14147,1785277047251,sender,0,False,,,,False
7ba53cb1-d6d7-5768-9d88-f8065fbd7ace,1785277047266,sender,0,False,,,,False
e69a3d1c-a9e6-5a4d-85f9-ab0581a81f76,1785277047286,sender,0,False,,,,False
e0109d0a-a0dc-5499-9726-16ac6c665d27,1785277047288,sender,0,False,,,,False
cddffade-810c-5b71-b3d8-a4092a30dd84,1785277047290,sender,0,False,,,,False
eead9793-9519-5ccf-8bfc-8f83f85cf78b,1785277047294,sender,0,False,,,,False
95f9708d-40ff-5cf1-a6ef-29262672d5f6,1785277047298,sender,0,False,,,,False
edfad113-94c6-5a1a-8fe7-018353737dfb,1785277047316,sender,0,False,,,,False
bb97c461-15b7-5b7c-a2d1-9680777cc229,1785277047337,sender,0,False,,,,False
ece3304f-879e-5fc1-a300-fa775d06301b,1785277047344,sender,0,False,,,,False
12abe2e8-a940-5bc9-a469-0dcd8fb0347b,1785277047348,sender,0,False,,,,False
c3ec0a5d-5166-56c1-a61d-08acb0ad788f,1785277047352,sender,0,False,,,,False
4c2dcb93-9e08-5fd5-811b-1f9734d87e3b,1785277047389,sender,0,False,,,,False
84fa43fb-7689-5233-8641-32049b860728,1785277047396,sender,0,False,,,,False
ccf059dd-7114-51e3-b51c-857481c0cb11,1785277047397,sender,0,False,,,,False
3a604e58-81e7-5e9d-b021-7191dffa96a5,1785277047401,sender,0,False,,,,False
9d363101-9d90-57f5-a306-ec378c546248,1785277047435,sender,0,False,,,,False
aa1d5e12-7815-5a2d-a6a5-d55de4aaa635,1785277047519,sender,0,False,,,,False
9376b7ae-6d7b-5397-a7dc-adb55ab5c87d,1785277047525,sender,0,False,,,,False
ffeead91-25af-563f-9cd8-87600cc13afb,1785277047550,sender,0,False,,,,False
7b85ccd0-eefa-5297-81dd-60ec36c5457d,1785277047553,sender,0,False,,,,False
6c85b55f-ecb2-5d77-9b9b-3f249e29fac9,1785277047555,sender,0,False,,,,False
72264d27-ffdd-5814-99b1-6cffe62be734,1785277047561,sender,0,False,,,,False
f35ec544-fabe-597a-adce-65a452199e3a,1785277047565,sender,0,False,,,,False
1ec0d5ca-cc53-5b01-a8ba-93364adc3750,1785277047569,sender,0,False,,,,False
dd5bdb86-8075-5788-825a-12787d905019,1785277047621,sender,0,False,,,,False
d5573104-9ab9-5a84-b6e3-0fa8b83f93bf,1785277047622,sender,0,False,,,,False
998c3c62-a302-5ea6-b5f3-164b079bc7ef,1785277047624,sender,0,False,,,,False
21484b48-e489-5c8a-9161-a12afaf3cb9d,1785277047652,sender,0,False,,,,False
12270145-7f4e-56d3-bae2-ee1d8ad561f5,1785277047656,sender,0,False,,,,False
37fba68e-b678-5e4b-9be4-554f8e2a0ba2,1785277047669,sender,0,False,,,,False
f3fefd6b-d076-5388-81d2-6aacea00d0fd,1785277047679,sender,0,False,,,,False
80a0c032-0d36-5768-a4e2-a25abc35366a,1785277047699,sender,0,False,,,,False
b74556e5-0716-5a17-9329-88782bd8782c,1785277047713,sender,0,False,,,,False
39eeba65-7385-58ec-8335-8cd7531e1e9d,1785277047718,sender,0,False,,,,False
44dc9cc8-0dcd-55d8-b04f-5762d8e28d18,1785277047735,sender,0,False,,,,False
148992cd-6de9-5ffc-a17d-98c134b64a56,1785277047736,sender,0,False,,,,False
fb67ef53-84c4-5a98-ad38-baafaa8a1675,1785277047740,sender,0,False,,,,False
65a65161-d4f2-50e6-b6e5-77becf395eb0,1785277047788,sender,0,False,,,,False
92ddfb1e-30d1-56d9-b7a4-d6a59ba34b3f,1785277047792,sender,0,False,,,,False
fe399bd2-3bbf-57bc-99f4-94965b8a15fd,1785277047798,sender,0,False,,,,False
fb3a9d51-02ef-518b-831b-49203f490954,1785277047800,sender,0,False,,,,False
cf58c32b-d018-5729-8919-297dae1dac35,1785277047831,sender,0,False,,,,False
9d1ac07e-7c94-5bbb-be6f-927434e6dc68,1785277047844,sender,0,False,,,,False
73f33936-7db3-5953-9b31-518ded8961b5,1785277047859,sender,0,False,,,,False
d082a2d1-6db3-511d-818f-22cf4b252a37,1785277047861,sender,0,False,,,,False
59f44607-3538-5bee-97ef-099ca19d1000,1785277047944,sender,0,False,,,,False
2ee354fc-4f90-5c34-ba46-9be30c73fc6b,1785277047946,sender,0,False,,,,False
52e478a4-66c4-5790-99c7-e0be8bc9326c,1785277047952,sender,0,False,,,,False
1c93a5e9-a696-5ccd-9636-ce38b6401267,1785277047953,sender,0,False,,,,False
65801fd1-929c-5e66-a0b2-4a73ba829237,1785277047971,sender,0,False,,,,False
0e1ff49b-ac59-540c-80a4-3cd7ed38d076,1785277047976,sender,0,False,,,,False
2f6dbe6b-48b5-5e87-9f4a-b0012c27a5f9,1785277047980,sender,0,False,,,,False
d3366702-9ac0-55d5-9af5-844b8eb2783b,1785277048011,sender,0,False,,,,False
a73a4942-53e7-55c6-aca0-e76a5c5df1fd,1785277048015,sender,0,False,,,,False
45f90a48-c2de-56a2-b82b-4380c0d47f17,1785277048029,sender,0,False,,,,False
7385c33b-6a5a-5002-adc4-0d3a5217ca42,1785277048034,sender,0,False,,,,False
c5a819ab-85cb-53ee-9b77-86eca345a782,1785277048101,sender,0,False,,,,False
02a15cd2-3c1f-5a8d-961e-af7d21b10637,1785277048105,sender,0,False,,,,False
e1c47b54-cfc6-5910-a1e4-5f2f8a3e969f,1785277048109,sender,0,False,,,,False
e514c3aa-e120-5633-a789-1d10087e0d0d,1785277048115,sender,0,False,,,,False
cf2be1b5-2ca7-539b-b929-2acc5a8919f5,1785277048117,sender,0,False,,,,False
b747c83d-30ad-5a2f-93a3-bc21b13c109e,1785277048138,sender,0,False,,,,False
1fa66740-9aed-57f9-9869-944b4bc9b976,1785277048142,sender,0,False,,,,False
9da16404-6cdc-5092-94a9-a4ffe1f45289,1785277048143,sender,0,False,,,,False
bf515257-4809-581b-940b-e9c73485951b,1785277048151,sender,0,False,,,,False
6036fe2e-26fa-5440-bb67-e62c75884f80,1785277048164,sender,0,False,,,,False
8733c15b-d9bb-580a-8f63-87cb6e69527b,1785277048168,sender,0,False,,,,False
40ffea89-b037-5a57-b5ad-5c02c5a6de2f,1785277048238,sender,0,False,,,,False
0c4b8be1-6335-56bb-adab-f60b2d4735ff,1785277048242,sender,0,False,,,,False
a27b51e1-5450-5eb0-9d1c-ae5cd86305c8,1785277048246,sender,0,False,,,,False
59e66965-167a-57c8-a6d8-5c4832827d85,1785277048259,sender,0,False,,,,False
6227dada-09b8-5d7a-9948-efbeabe07bd3,1785277048264,sender,0,False,,,,False
9d7029b7-61bc-51cb-a642-b38ecbddc4a4,1785277048276,sender,0,False,,,,False
888ba11c-accd-5e1f-9efd-8aac543cb246,1785277048284,sender,0,False,,,,False
cad9bd16-085d-5d53-adc0-8df203e89787,1785277048330,sender,0,False,,,,False
7bf4b85b-ede7-57df-90fe-e352c5611658,1785277048343,sender,0,False,,,,False
d4e2ac65-0ea4-56f7-a0bb-6bfc78769dc0,1785277048350,sender,0,False,,,,False
5876e728-1aa0-5ef3-ac43-c63874ae6628,1785277048372,sender,0,False,,,,False
ca2ea488-2566-5a1c-876d-f42e17638246,1785277048374,sender,0,False,,,,False
d279641e-e064-5997-bfdc-fdad2c86e024,1785277048380,sender,0,False,,,,False
6a0cc327-86a9-5d85-8470-99a0e944cb8b,1785277048381,sender,0,False,,,,False
7a421ad8-797d-5667-a1de-994f44829014,1785277048478,sender,0,False,,,,False
9ad2b802-17c7-53db-8963-e368eec1d5fc,1785277048521,sender,0,False,,,,False
cba98752-e773-563f-b5d3-cfec8d431228,1785277048524,sender,0,False,,,,False
d16d771d-55a5-50b6-bf1b-2f10e8bf2284,1785277048527,sender,0,False,,,,False
ed3aba24-75a2-538e-aa81-d659619466a3,1785277048556,sender,0,False,,,,False
e4a5e195-7fff-5a0b-9c5d-916b5f03b180,1785277048565,sender,0,False,,,,False
b912f050-4083-5b1f-9078-a883b1304037,1785277048602,sender,0,False,,,,False
bdefbdfd-e14f-54c0-8295-7a7ba5ef80f2,1785277048605,sender,0,False,,,,False
b49a8cc0-02bb-5af3-81c4-d2dad01d8782,1785277048608,sender,0,False,,,,False
1e6f8e93-2860-5914-a5ec-be8c6aaa2cf7,1785277048645,sender,0,False,,,,False
eb02f0b4-6faa-5c18-baee-3806e7326f72,1785277048668,sender,0,False,,,,False
72b82e64-3990-5b72-b2e2-72b4b2615bd3,1785277048676,sender,0,False,,,,False
fdaaa04c-d8b1-5d8b-8198-828e303c9ec6,1785277048678,sender,0,False,,,,False
c759ca94-bdd8-50dd-af15-0c6ddf6daaac,1785277048695,sender,0,False,,,,False
5b3f716e-d9b9-58c2-8280-aea03a830483,1785277048697,sender,0,False,,,,False
8faf7a2f-2493-5a12-8fbd-7ff080cc46ab,1785277048718,sender,0,False,,,,False
b95402d1-e3b2-52f2-9123-25184e2cfbfa,1785277048726,sender,0,False,,,,False
08b61c19-cbfc-540b-a531-8f6900a31d28,1785277048727,sender,0,False,,,,False
9e00bd55-f68d-5ae1-8e28-9232d66f4582,1785277048732,sender,0,False,,,,False
ad742078-71e3-53e5-949e-c4d98b0d778a,1785277048746,sender,0,False,,,,False
7dd7e7fc-243b-5f28-822c-8f2a633c1413,1785277048750,sender,0,False,,,,False
046224a6-4ac1-5575-b86b-945d33ef640e,1785277048779,sender,0,False,,,,False
5ff642f8-0725-55df-9371-1c40070b9d34,1785277048834,sender,0,False,,,,False
cdae4b0c-36fd-5663-8066-14c50e30d62d,1785277048842,sender,0,False,,,,False
98004647-7534-50f5-8c52-df5577b6e517,1785277048869,sender,0,False,,,,False
010e1285-fedf-5d9a-9df7-a92b335e50f2,1785277048878,sender,0,False,,,,False
adf8c512-874e-5c3b-9d81-75169f469b54,1785277048893,sender,0,False,,,,False
c4520f93-4d6a-5db7-8644-5183911939fc,1785277048898,sender,0,False,,,,False
df57a312-fee5-5675-a654-d27a08ed24ea,1785277048903,sender,0,False,,,,False
d3580fe5-cc83-5617-ae08-9225c1a6eda2,1785277048905,sender,0,False,,,,False
47961c31-d4cf-5727-b001-ab6f6ac230af,1785277048911,sender,0,False,,,,False
869ee165-2b9d-5936-8711-7a15191e77b7,1785277048916,sender,0,False,,,,False
461dc36b-5a9e-5e7a-8e0e-52856cb63c41,1785277048931,sender,0,False,,,,False
f9a122c0-6a6c-54ff-a3b6-2ef73ef409b5,1785277048978,sender,0,False,,,,False
815bba03-0585-58d5-bc58-1ccd268eb8b2,1785277048980,sender,0,False,,,,False
f0b135cc-f67a-5a87-b6e8-1aa6f6059c1c,1785277048981,sender,0,False,,,,False
ef132eff-7e38-5b88-8c54-7da91180f38b,1785277048991,sender,0,False,,,,False
f368ecac-4510-58ea-9974-1c0579ebdabf,1785277048993,sender,0,False,,,,False
43c085b0-a715-5dd7-ac6f-3b4bc0655d61,1785277049011,sender,0,False,,,,False
99406ddf-69be-5331-b173-a02d0104409f,1785277049046,sender,0,False,,,,False
891c0624-d1c1-5112-8cdb-6b0e7750f897,1785277049142,sender,0,False,,,,False
ab7aaa4c-acb0-5cf0-a678-e4429ffdb89e,1785277049208,sender,0,False,,,,False
add2511f-8dde-5287-99a0-f36c135c9cab,1785277049231,sender,0,False,,,,False
f2eca929-525c-5ecc-9925-fd7e9b142ada,1785277049233,sender,0,False,,,,False
6e9a8457-3e6b-5f7b-a555-aa5e7adfe1f0,1785277049241,sender,0,False,,,,False
44a532c6-462d-59ed-a6f5-aafecf21d5d8,1785277049243,sender,0,False,,,,False
aaf41cc7-2cd3-57eb-aa72-769b75b4da6b,1785277049273,sender,0,False,,,,False
a5cb35dc-4e7e-5446-8a8a-ace2d9ac756b,1785277049291,sender,0,False,,,,False
509e88d7-097b-50ce-8742-22eec6974aae,1785277049304,sender,0,False,,,,False
81069530-278e-5644-8061-5789d693c43b,1785277049309,sender,0,False,,,,False
568c7768-aab1-5ec1-a684-3e0c4b63f2e0,1785277049314,sender,0,False,,,,False
479f5e43-2ef2-51c9-9176-8431739a3f8a,1785277049331,sender,0,False,,,,False
72d26e70-f4b2-563c-a808-7bc540dd7541,1785277049332,sender,0,False,,,,False
8c2dfd25-4ba7-595a-bbd7-5f3c2bb78e19,1785277049361,sender,0,False,,,,False
436a4542-4f0e-5d2c-a48c-d70094ad734a,1785277049366,sender,0,False,,,,False
12618386-d53d-57f7-873c-c0a274e4e0e9,1785277049370,sender,0,False,,,,False
8ba43bf6-5ba2-5be0-96ea-118eee69f1ad,1785277049375,sender,0,False,,,,False
a7a66490-3ffd-5f15-b845-be215f71ab2a,1785277049409,sender,0,False,,,,False
ab225fdf-af0e-5257-9146-0b2188727ed8,1785277049414,sender,0,False,,,,False
737ffba1-38cb-5c13-9652-5091018b1e9d,1785277049497,sender,0,False,,,,False
9ebbe69d-dfc2-57cc-a6f5-56abae8c6ed9,1785277049503,sender,0,False,,,,False
25027090-87d8-568a-a030-9986c6984ec9,1785277049507,sender,0,False,,,,False
2a0252ef-787d-5587-bc7a-3d303bb849d3,1785277049511,sender,0,False,,,,False
32c06555-78cf-5045-8bf6-f7ab2e32e440,1785277049524,sender,0,False,,,,False
f4affff0-0727-5921-a44d-5357da059a44,1785277049545,sender,0,False,,,,False
5189f7f4-e411-558c-9cdd-dbf885861310,1785277049556,sender,0,False,,,,False
a5eb4634-019c-5e79-8a6c-7d7d9ccc14d7,1785277049575,sender,0,False,,,,False
43b24fc9-9c4f-5076-a8fc-ef52b3d912f4,1785277049576,sender,0,False,,,,False
ff6d75b7-b058-57ee-983c-5cd1f7918f4e,1785277049577,sender,0,False,,,,False
94c27fec-c595-5166-a989-263afe313424,1785277049604,sender,0,False,,,,False
8204e44f-9e7a-50d2-97bc-841b859133d2,1785277049606,sender,0,False,,,,False
7584816f-4eef-531c-aab8-9deb112f9fde,1785277049610,sender,0,False,,,,False
c62e551e-5a7f-59e5-ae70-d76360c539db,1785277049623,sender,0,False,,,,False
203133ad-0f62-54e6-9f75-068428b84188,1785277049640,sender,0,False,,,,False
e76b9874-d863-5994-8aba-144a5c26c341,1785277049656,sender,0,False,,,,False
ad33da9d-dc34-50ad-820d-51185232307c,1785277049658,sender,0,False,,,,False
15b5c11e-802a-567b-af47-1625db6bcd4d,1785277049683,sender,0,False,,,,False
2c7eecfa-00c4-534a-967e-4dd844b0410d,1785277049684,sender,0,False,,,,False
b4e6c5dd-84fd-5d7d-8b72-8e3583550a3a,1785277049688,sender,0,False,,,,False
7baf1050-b855-503a-81ee-5b22fa1396fd,1785277049695,sender,0,False,,,,False
eedd2b61-70ef-57cc-ac52-5bdebfdb43fb,1785277049705,sender,0,False,,,,False
9ad3f609-99d8-5a6b-af8c-a6e61969b070,1785277049791,sender,0,False,,,,False
f4263a67-593b-58f7-ba1d-acab4304318f,1785277049793,sender,0,False,,,,False
70b66a12-5777-5f85-9eb0-2d273a55fa8d,1785277049795,sender,0,False,,,,False
cf1a41d1-c48b-58c1-9926-d79fc5f9ab34,1785277049814,sender,0,False,,,,False
f9425c41-925c-5bd4-9d6e-8bb5bc03a9a0,1785277049827,sender,0,False,,,,False
2f1b0f88-a7b3-5b0d-b9b1-a59c8239b22e,1785277049842,sender,0,False,,,,False
e77c9717-c4c7-5322-90f3-39811017fc9f,1785277049844,sender,0,False,,,,False
1eb266e5-3466-51ce-bce4-93c3b7600a01,1785277049906,sender,0,False,,,,False
beb918be-82dc-51af-ac39-e8957f8937aa,1785277049931,sender,0,False,,,,False
9303bc20-ea4a-5b92-9043-1b50d8982548,1785277049939,sender,0,False,,,,False
4c4bcfa8-ca36-59f1-b05c-1257f6c78bb1,1785277049972,sender,0,False,,,,False
e29c5f84-9bf7-5bad-b377-5abf302d0b5d,1785277049974,sender,0,False,,,,False
80d391fb-2132-54a7-87aa-d7ee781a044c,1785277049976,sender,0,False,,,,False
96ce1b81-1e63-57a7-8d3c-1a2524441107,1785277049997,sender,0,False,,,,False
804b52ba-4938-559a-8874-491d712a78b4,1785277049999,sender,0,False,,,,False
c39cc480-2828-5b39-906f-bfedc7ddbe22,1785277050008,sender,0,False,,,,False
56679d09-d558-5a45-9cdc-2cb7d79e0eab,1785277050010,sender,0,False,,,,False
f827aa99-0cdd-5376-a1ba-193bc1029aef,1785277050023,sender,0,False,,,,False
87d8b702-d89e-5cfc-bf90-a6332dcd3b6a,1785277050052,sender,0,False,,,,False
2e1566c1-ef27-5ba6-8754-011025a5816f,1785277050053,sender,0,False,,,,False
50ba6d5a-f641-5352-812e-8f738614999b,1785277050054,sender,0,False,,,,False
f9efc8de-a136-5d2e-8bdd-66a8ba708cfc,1785277050058,sender,0,False,,,,False
9effb0cd-8cc1-5563-8877-d5724f8344be,1785277050082,sender,0,False,,,,False
d109308d-a616-5194-b81d-342c9faaaec6,1785277050125,sender,0,False,,,,False
6cf65536-8425-5f74-a65e-391ac485b830,1785277050130,sender,0,False,,,,False
b89f124f-1b00-5fac-92e8-0080c5587ea5,1785277050134,sender,0,False,,,,False
3f8b355b-64f6-5712-9b14-9230329f9e87,1785277050175,sender,0,False,,,,False
bc6de2e9-71d2-5f74-a957-568a7582f82f,1785277050189,sender,0,False,,,,False
c16684f2-3306-5afa-99d5-4393325ed13d,1785277050195,sender,0,False,,,,False
d1eaf01f-0832-57d2-8a0f-a212d88d5cd2,1785277050208,sender,0,False,,,,False
ec63ea04-d75c-530c-9be6-ad7244483254,1785277050209,sender,0,False,,,,False
68bd494d-e7e8-5f9b-b3b6-6c58f9f13e0b,1785277050220,sender,0,False,,,,False
f7189840-0eff-5a58-980a-9217d8717460,1785277050222,sender,0,False,,,,False
98139fb8-445d-5132-b04e-5e8832b07c25,1785277050262,sender,0,False,,,,False
4e995315-893a-559f-865d-af2b63d72667,1785277050269,sender,0,False,,,,False
365cbb4a-ef87-5304-8693-d37abec96653,1785277050273,sender,0,False,,,,False
7e650342-f1ee-5bc3-8477-4dbe459970e4,1785277050308,sender,0,False,,,,False
2fa4f125-67c2-5324-a9d1-c9c7bf97abdf,1785277050374,sender,0,False,,,,False
febbc554-0845-5379-9f85-7e8638fd72ab,1785277050379,sender,0,False,,,,False
aa766d90-ae00-57c8-abf0-4a3d0d78a52f,1785277050391,sender,0,False,,,,False
7bada8fd-969d-5339-89ab-86678d884c7a,1785277050394,sender,0,False,,,,False
80370186-ff46-5121-b871-f3730e078857,1785277050402,sender,0,False,,,,False
c7a75533-f108-547a-870e-c0bfad99858e,1785277050409,sender,0,False,,,,False
ec4a6c61-d499-5a36-9fe7-528168d102ba,1785277050411,sender,0,False,,,,False
0437d336-6212-566a-93eb-857b8768df40,1785277050427,sender,0,False,,,,False
c3ed1882-966d-5c86-bb48-106ed50b88c6,1785277050507,sender,0,False,,,,False
04dd88f6-ad33-53b8-8750-cf4b7b6a2a27,1785277050509,sender,0,False,,,,False
8a7b9042-ba4e-5075-8f69-37105bad3045,1785277050523,sender,0,False,,,,False
82c78746-3a5e-537d-ae20-59ab6062c125,1785277050533,sender,0,False,,,,False
6a6ca2e0-f0a7-55a5-8eae-b538e0c43730,1785277050534,sender,0,False,,,,False
eb96714f-eb19-5d20-8007-5b9164e6e201,1785277050539,sender,0,False,,,,False
b577e796-04d2-5f43-b0a9-0eb792cc1c75,1785277050557,sender,0,False,,,,False
68bd4783-74e4-5957-940e-45278ee78094,1785277050559,sender,0,False,,,,False
0b0dea40-be06-5bff-9779-c07a3cdab769,1785277050627,sender,0,False,,,,False
a99e59cd-df9a-53b1-ad3b-2124e7dfb1d6,1785277050632,sender,0,False,,,,False
ca7435cd-b4d0-58cd-a505-113f0358fdcb,1785277050641,sender,0,False,,,,False
df836b38-ae11-5741-9527-dd45d052d9f6,1785277050674,sender,0,False,,,,False
b3401c46-0455-573a-92c2-fd4fd67af22f,1785277050681,sender,0,False,,,,False
03a9cca6-7aca-57f0-be9e-13a2eeb04e58,1785277050683,sender,0,False,,,,False
65c68fad-3ea6-5104-ae22-2ccd64930eeb,1785277050715,sender,0,False,,,,False
48f2612d-f696-5e38-8d98-97556ec34d13,1785277050764,sender,0,False,,,,False
43de6362-c50f-56cb-a4f2-b92bef64f245,1785277050789,sender,0,False,,,,False
a0ce6975-71da-5a8a-acc1-4402de7b49ca,1785277050792,sender,0,False,,,,False
9ea0a3d3-391a-5c58-8e8e-dc4ddad8c4d2,1785277050816,sender,0,False,,,,False
f021fe0d-a534-5e3a-b76c-9a6f7e887b29,1785277050818,sender,0,False,,,,False
d42ed7ec-99a2-5950-8f68-03fbf908a49c,1785277050820,sender,0,False,,,,False
d84f93a4-3906-58b1-a9a3-c778eb27d15b,1785277050824,sender,0,False,,,,False
7af7e26e-f3b2-5154-9e31-31e60d885e1e,1785277050848,sender,0,False,,,,False
563cb1f1-666b-5fd7-8e67-e5b381e5e0cb,1785277050910,sender,0,False,,,,False
cbb5920b-33ab-5d07-a1b3-3af7a4814edc,1785277050912,sender,0,False,,,,False
2fe69e5b-99ba-5a59-b638-4e9e83c5ee03,1785277050919,sender,0,False,,,,False
010c56b9-1bfb-5bbb-b71a-886c3ec6b157,1785277050923,sender,0,False,,,,False
e6747f7a-9595-5c5f-a473-2d5debf43389,1785277050948,sender,0,False,,,,False
809dc8a5-0ed7-5aed-a0a7-2a8408623868,1785277050982,sender,0,False,,,,False
0b42fb9f-ee00-5c7b-a227-3a4dea825cf9,1785277051035,sender,0,False,,,,False
e71321e0-3aaa-5f8f-ae39-ca32da30c138,1785277051086,sender,0,False,,,,False
3487e908-27ef-501f-bc24-816a072dfd13,1785277051090,sender,0,False,,,,False
7dd87be1-b959-57f1-a6d4-4e78ec55b61d,1785277051157,sender,0,False,,,,False
772ce81a-3710-504a-8349-722a27f0fcd4,1785277051163,sender,0,False,,,,False
eaff7df3-1922-5e44-9718-788c72b5bd5e,1785277051165,sender,0,False,,,,False
cd0785ef-bd60-5734-920f-249183eab42d,1785277051167,sender,0,False,,,,False
5bc0eb0e-b346-5d9d-b199-ae8f5dff081e,1785277051169,sender,0,False,,,,False
d2d82a70-b193-5844-a9de-b3a44cb98cfd,1785277051172,sender,0,False,,,,False
a8093f5e-6fb9-576a-b4fc-d420b3048777,1785277051206,sender,0,False,,,,False
d08600bc-a66d-5ec8-a8b3-9a06c7b9397f,1785277051211,sender,0,False,,,,False
cc2bd0af-0a8f-510c-ad51-0a45ff492b2d,1785277051243,sender,0,False,,,,False
89a552b2-5279-5c5d-859e-0b1609643c93,1785277051305,sender,0,False,,,,False
b8c9730f-fdfe-524b-bc5b-5ad8170e7add,1785277051324,sender,0,False,,,,False
6819657e-ec37-5c06-89a8-dd397275a7b6,1785277051339,sender,0,False,,,,False
c40f2688-1e26-5034-b400-50bdee31128c,1785277051350,sender,0,False,,,,False
bade22d5-a07b-5c58-964a-09472307a0e9,1785277051355,sender,0,False,,,,False
e8a6a9f7-a206-5821-8683-a832fef81bf8,1785277051385,sender,0,False,,,,False
a023a57e-7e37-5d55-900d-72ee614abbb5,1785277051389,sender,0,False,,,,False
809bc215-5bae-5e00-8c19-0ea39cb2027b,1785277051405,sender,0,False,,,,False
faf6062e-2628-5d68-8b4a-b8cc1632677d,1785277051414,sender,0,False,,,,False
1770f1f8-05b4-5d23-a7b1-a98d32c8f2f9,1785277051478,sender,0,False,,,,False
b35b5ef0-dcb1-5af1-b960-dfd0db6d40ec,1785277051487,sender,0,False,,,,False
2fe44d73-b9f7-5a0b-b9d6-41d8cfd397df,1785277051490,sender,0,False,,,,False
aadcaf72-7110-5c7f-84eb-6b099af8e143,1785277051510,sender,0,False,,,,False
cc8e08a7-dd48-5f4e-8c81-b1be30ca7192,1785277051511,sender,0,False,,,,False
086208f5-b272-51ed-82ff-eeb5a8851f9a,1785277051513,sender,0,False,,,,False
6200efdb-f98f-5eec-a302-26b8eb6d941a,1785277051522,sender,0,False,,,,False
dcedfbf8-3a98-5c37-b0ef-aeb7d409b5e9,1785277051535,sender,0,False,,,,False
a8fcfa8d-3a26-57f6-9baf-ee15ed1cc681,1785277051540,sender,0,False,,,,False
09a9ac06-2488-5385-9ec1-e20c51d2e303,1785277051545,sender,0,False,,,,False
87951503-d774-5555-84b3-6954f60fe4dc,1785277051611,sender,0,False,,,,False
0a45ea83-5849-5ba0-a966-831c3136a43d,1785277051616,sender,0,False,,,,False
61dc95da-d041-57af-ad35-4c0db14e89f9,1785277051620,sender,0,False,,,,False
7879abe6-784f-5e95-b2ab-0c53a8fce023,1785277051633,sender,0,False,,,,False
e6e9ecf0-3b93-5048-8689-882a4e1925be,1785277051638,sender,0,False,,,,False
dcc0ffa3-37ff-58eb-ac22-5afb6aa49658,1785277051704,sender,0,False,,,,False
c7f904db-03b1-5d2c-bfeb-2e08e30af98c,1785277051729,sender,0,False,,,,False
73a683ef-8c1c-57d9-b1e7-696e0255fddc,1785277051734,sender,0,False,,,,False
8e8cacbc-e996-5154-84b6-7a2f0f596879,1785277051764,sender,0,False,,,,False
01265974-97a1-56d4-a861-a36e275d281a,1785277051768,sender,0,False,,,,False
f3439abb-1666-52ba-a8a9-785a2cfb73db,1785277051769,sender,0,False,,,,False
9a526744-3e67-54ce-b82e-3df8f4e50230,1785277051771,sender,0,False,,,,False
5923f781-8ffd-5b3f-aa9f-dd8e4eb0aa3b,1785277051786,sender,0,False,,,,False
e34e6e30-0170-5216-bbf1-72969ccac769,1785277051792,sender,0,False,,,,False
71bb14d0-c74a-545b-b7fb-09fbe8e8267b,1785277051799,sender,0,False,,,,False
57e751b3-50a9-51a7-806b-d39c21024354,1785277051804,sender,0,False,,,,False
1189571d-ff1b-5dec-ae03-6dabd0d7b1ef,1785277051822,sender,0,False,,,,False
041d1cf6-93c5-50a6-b8e3-d9ce1acb6d29,1785277051825,sender,0,False,,,,False
32d6ef9b-d694-574b-9e42-2c79e0b57305,1785277051884,sender,0,False,,,,False
82185b1a-395b-5128-89ca-26ccaab468ae,1785277051917,sender,0,False,,,,False
482e06fe-7ffb-546a-8e9d-30f03a2a2845,1785277051920,sender,0,False,,,,False
06f2ed2c-f760-518f-a75c-47d59adb2923,1785277051930,sender,0,False,,,,False
6d501b16-aba3-5bd1-89fa-6a81fd776134,1785277051938,sender,0,False,,,,False
4d5f81a9-a549-5ec5-81c4-0e61ffad8363,1785277051982,sender,0,False,,,,False
c2f2511a-7164-5aa2-860d-790e77e9b22f,1785277051984,sender,0,False,,,,False
d61cd9b3-a946-51ed-8f0f-71c1ed487888,1785277051985,sender,0,False,,,,False
31956c38-335e-5bf7-94bf-9174c9984d06,1785277052004,sender,0,False,,,,False
9555a3e3-1bfa-5266-ba79-217f264e3ccd,1785277052006,sender,0,False,,,,False
3efb2fd6-a134-5a08-9b78-7733978dbbb1,1785277052018,sender,0,False,,,,False
bce4fa75-b1f8-5cf3-bcab-207e49bc9560,1785277052032,sender,0,False,,,,False
8f70c67a-08d1-5f09-b00c-325d6b0982be,1785277052039,sender,0,False,,,,False
f27e6bf3-5165-59bf-a607-9baca9024534,1785277052068,sender,0,False,,,,False
d5ef2d47-6b64-5bff-ac6c-30b7fe3c4733,1785277052109,sender,0,False,,,,False
fffe3727-649d-5374-954b-8f8cc1a96afb,1785277052122,sender,0,False,,,,False
e286f483-663f-5537-8cea-89796e21f6df,1785277052133,sender,0,False,,,,False
d4fceced-c226-59a3-a7f2-8d280c459c47,1785277052162,sender,0,False,,,,False
b4c7f4b4-dd33-5719-8014-f322be74ece7,1785277052172,sender,0,False,,,,False
c9a9c055-5e03-57df-a718-4a0ab236f684,1785277052181,sender,0,False,,,,False
3e3d00a5-c474-5281-95b2-d46e429d8a8f,1785277052203,sender,0,False,,,,False
1c219791-7cde-57f6-a5c4-2bd932651d74,1785277052210,sender,0,False,,,,False
e9ae6ef7-9b0f-5f75-9000-d641661cae33,1785277052245,sender,0,False,,,,False
7bea0542-3807-51d8-982c-fd999ed327b2,1785277052257,sender,0,False,,,,False
9658f9e8-a7b3-5c53-bea2-8dcd58e1fa38,1785277052268,sender,0,False,,,,False
da666414-8cb0-50cb-9c7f-1c2c80b11c6c,1785277052300,sender,0,False,,,,False
53a3e389-0fb5-51b4-aeeb-86c85c68c69a,1785277052307,sender,0,False,,,,False
ef2a5cd2-7cc5-5ea1-9f14-ab0d6f0fe45d,1785277052314,sender,0,False,,,,False
198e7600-e5de-5c95-838e-35adfe1cb56e,1785277052347,sender,0,False,,,,False
f0d32f09-2134-5790-bfb5-d46abe05b041,1785277052356,sender,0,False,,,,False
13c435c5-e21b-50fc-8a98-0e2396550293,1785277052378,sender,0,False,,,,False
95a08c90-dd72-5b68-95fe-fe4d38c3f88f,1785277052440,sender,0,False,,,,False
f929c067-d19c-5fa7-a280-e46ea0b7259f,1785277052449,sender,0,False,,,,False
401c7352-efe4-508c-afa7-943db905882a,1785277052472,sender,0,False,,,,False
d5acffa1-e930-598c-ba03-fa2f472c7cf0,1785277052516,sender,0,False,,,,False
89d46c77-0dcc-5377-ad91-24f41b2dbf99,1785277052544,sender,0,False,,,,False
6b3edd67-2fb5-562a-9712-bbd6038c27b4,1785277052546,sender,0,False,,,,False
10c9e932-a4b7-5959-a8b7-e016e3c4aa98,1785277052567,sender,0,False,,,,False
c0d64a12-9265-53b6-a317-167f764e2bb6,1785277052569,sender,0,False,,,,False
acde2b6a-d8bc-5eb3-a9fd-f2b2a9234469,1785277052575,sender,0,False,,,,False
1728d148-3aae-5703-ab0d-699dfe2a1dfb,1785277052614,sender,0,False,,,,False
7c15a322-e626-5f63-9c06-56ce3c563ab2,1785277052657,sender,0,False,,,,False
6842530e-71ca-5600-9a07-c8e149e794d6,1785277052746,sender,0,False,,,,False
ecce7ca3-e071-5a31-aa4e-eeb88843bceb,1785277052785,sender,0,False,,,,False
e5926ed4-c8fe-541c-9b47-4960f21b70cc,1785277052787,sender,0,False,,,,False
344725e3-da1f-5428-90ee-5894f7b2b48c,1785277052788,sender,0,False,,,,False
cd0238a9-ade8-558a-950e-409052102fb1,1785277052790,sender,0,False,,,,False
286c999a-4a98-5013-ac62-8234dc352243,1785277052825,sender,0,False,,,,False
f0e55f5f-59b6-53af-af99-c87efc40b4d4,1785277052827,sender,0,False,,,,False
5e6050e1-ae86-5f37-8772-07030875fd21,1785277052828,sender,0,False,,,,False
275cce4a-24e5-568d-a306-93ec997ef87c,1785277052856,sender,0,False,,,,False
8fa845eb-ac51-5228-b910-3ba09518ea0b,1785277052884,sender,0,False,,,,False
e19465f5-3354-5707-b694-0a33348cc785,1785277052925,sender,0,False,,,,False
b6a7f494-5752-5b6a-844f-7020096a0741,1785277052966,sender,0,False,,,,False
333b6aaf-9189-59e6-8c6c-72c09c37b1bc,1785277052978,sender,0,False,,,,False
cd0543fc-a17e-5100-9e45-f91ba2dd9541,1785277052980,sender,0,False,,,,False
8ec688e7-b610-5e28-b808-d665dc838219,1785277053010,sender,0,False,,,,False
44eac177-ed26-5c18-a0c0-fb298735c990,1785277053059,sender,0,False,,,,False
1098b2e8-1297-5606-8408-e73e2dc1b85f,1785277053069,sender,0,False,,,,False
f814d276-a80d-5962-851d-c050982752b5,1785277053101,sender,0,False,,,,False
3a231c7b-8efa-5f16-bfef-d956517f0ac8,1785277053165,sender,0,False,,,,False
25479688-1484-5852-9834-3af4a945e286,1785277053172,sender,0,False,,,,False
6075b853-a708-5ab0-a718-01490e1725f7,1785277053245,sender,0,False,,,,False
2cf148eb-d1c7-5b6c-808f-98ff5f45c27f,1785277053249,sender,0,False,,,,False
6f5b3ea0-d22b-5c0c-b151-ac16d433f1d8,1785277053284,sender,0,False,,,,False
904864a5-85ab-504e-bf8e-64f4ce29b6f2,1785277053293,sender,0,False,,,,False
02558694-571d-5b9f-84fa-b5105b62b4c8,1785277053328,sender,0,False,,,,False
d815a6ae-86e8-5f22-8473-023c96e0f8a0,1785277053330,sender,0,False,,,,False
fe8b4de0-1660-5d0d-9437-c56f97db7f7c,1785277053331,sender,0,False,,,,False
f43e40f6-ead8-5101-8acf-c0f06074b05d,1785277053333,sender,0,False,,,,False
f07cb562-392f-5d93-8362-b294019961a5,1785277053377,sender,0,False,,,,False
f035a85e-6466-556d-9797-a92e0df6a1a2,1785277053385,sender,0,False,,,,False
60ba788f-e09f-5145-9933-9fd2277bc40a,1785277053395,sender,0,False,,,,False
61976615-6275-578a-b70e-463d935df713,1785277053397,sender,0,False,,,,False
b40ba821-300c-5191-8db1-e14d7f89a0b7,1785277053459,sender,0,False,,,,False
4f6c50c7-ab59-531b-8a91-eececca4e2ae,1785277053516,sender,0,False,,,,False
31b6aeea-d01f-5852-b752-413f4702fa4e,1785277053546,sender,0,False,,,,False
07f474d4-f919-52c4-9cfc-aac328de7718,1785277053549,sender,0,False,,,,False
71368171-1001-54fc-94ea-d8731baa4a11,1785277053552,sender,0,False,,,,False
c89e1a9b-bcce-528d-855e-872607164bab,1785277053594,sender,0,False,,,,False
e2db0c9b-a1c2-55bd-bbd6-f51aa3ac90e9,1785277053650,sender,0,False,,,,False
84ce72fa-e9f7-5c19-837f-2bce2dee393c,1785277053678,sender,0,False,,,,False
7da8b681-1fbb-5704-8db8-07a09e992392,1785277053680,sender,0,False,,,,False
b20bf369-9d9b-5b1f-be33-2e1b38ba71c1,1785277053681,sender,0,False,,,,False
ae3f5400-6e5a-568c-888c-8e08bbbc998a,1785277053688,sender,0,False,,,,False
047445a8-c7a4-524a-9ebd-db816e8c1f89,1785277053713,sender,0,False,,,,False
6423bea8-0e03-59eb-b165-9488d22b5282,1785277053715,sender,0,False,,,,False
3ed445d9-946c-5ff7-9010-7fdb67f4822c,1785277053784,sender,0,False,,,,False
b38e3fd5-31c3-572b-81b6-d33a1965c090,1785277053785,sender,0,False,,,,False
2af339c0-65ac-5e53-9902-c8d0a3258aee,1785277053818,sender,0,False,,,,False
8f8e487b-d559-589a-b986-1e0a3aef22a2,1785277053866,sender,0,False,,,,False
bbccf288-a555-538b-9384-ca791fb3fe69,1785277053915,sender,0,False,,,,False
968d7448-aa89-5bd2-b33e-60dcae40412f,1785277053955,sender,0,False,,,,False
e7dbe0c0-45c5-544b-80d3-52e411b099db,1785277053957,sender,0,False,,,,False
0110dbaf-bd63-54b4-853d-5f967ad83b07,1785277053958,sender,0,False,,,,False
4a4b06af-916b-5bd9-aa64-c11bf7946fcd,1785277054010,sender,0,False,,,,False
18881c4f-57d2-5493-9207-7a999c3d37aa,1785277054029,sender,0,False,,,,False
91dcc518-c966-5485-9623-05a527388690,1785277054031,sender,0,False,,,,False
207903b0-7e75-5019-b77f-9ef25dd82595,1785277054061,sender,0,False,,,,False
4677da3a-bdf4-58fa-8862-9ed3bc2c2a9b,1785277054099,sender,0,False,,,,False
410ae529-38a7-5805-8256-7f0dd7ca044c,1785277054100,sender,0,False,,,,False
b8634a69-4a7a-5b61-a618-27fc8672b837,1785277054111,sender,0,False,,,,False
5a6b1f47-5541-5232-8832-0cda88c2b359,1785277054113,sender,0,False,,,,False
78abfe80-58c3-50c9-a616-273358064b5a,1785277054183,sender,0,False,,,,False
2eecce6f-cf55-5ad2-b61b-d0b996307528,1785277054190,sender,0,False,,,,False
1840bd6a-c105-569a-b1e1-5119cc93327e,1785277054211,sender,0,False,,,,False
3246e034-46ce-59db-b8ce-ca61004611ff,1785277054214,sender,0,False,,,,False
cfd0f2f3-24d5-544a-83f7-6421c6c6b655,1785277054223,sender,0,False,,,,False
3f26be0f-b4a8-59fd-b960-4ae2d9764903,1785277054313,sender,0,False,,,,False
1bf6375f-14f2-523c-91bd-957bc2c94ebf,1785277054324,sender,0,False,,,,False
c3fb3835-fe0b-516c-aaea-43fa3ed1714b,1785277054326,sender,0,False,,,,False
c9ac8804-b0da-5597-aedc-9cfab580355f,1785277054350,sender,0,False,,,,False
6c69badc-fb6f-56a7-a547-2d609da95a1a,1785277054352,sender,0,False,,,,False
0f14b9bf-f8f4-5aba-a0e9-41aa5a7bda95,1785277054353,sender,0,False,,,,False
7760298a-ba28-58c1-aea1-139b3cfa6984,1785277054360,sender,0,False,,,,False
2edf8748-7992-5886-9331-b62282832ed0,1785277054366,sender,0,False,,,,False
5d1ea4fe-9c83-5aa1-bbd1-8f1bb54be376,1785277054386,sender,0,False,,,,False
b1cc7b41-38b7-51dc-ae36-2059e8307702,1785277054519,sender,0,False,,,,False
45a98158-4cfe-5afc-a0a3-dff0f71b5569,1785277054520,sender,0,False,,,,False
630bb249-7dfe-5f03-8d11-ffa7e1ec426f,1785277054522,sender,0,False,,,,False
d0b2c418-d2c6-583e-97d7-4659e2c3fcd9,1785277054605,sender,0,False,,,,False
8cfeb0dc-a033-53d7-8fe3-0bfc51f971f0,1785277054642,sender,0,False,,,,False
dfd302ff-d73b-51d9-8dad-8ccfbd13a30f,1785277054648,sender,0,False,,,,False
deddcf50-6c54-5152-aac7-22f60b0ac3ca,1785277054650,sender,0,False,,,,False
8cd09d01-3378-59e2-9702-85ac10571da8,1785277054652,sender,0,False,,,,False
966ca513-1d86-57db-a6e1-0340451be07f,1785277054658,sender,0,False,,,,False
7c35f7f6-5fd0-50a6-9161-d700e819b1f5,1785277054694,sender,0,False,,,,False
12db8d8b-2cf9-567f-b42f-4bf394ef9995,1785277054704,sender,0,False,,,,False
aa0ae2b0-79ff-52fe-9513-1775bc1e26e1,1785277054707,sender,0,False,,,,False
9e5a9e21-7ff3-52b9-89ba-904e55af1a95,1785277054726,sender,0,False,,,,False
ab539b98-82a7-5576-8d89-2bfb82089447,1785277054826,sender,0,False,,,,False
5a8d80df-1004-53fb-b774-2a9f9bb5b209,1785277054828,sender,0,False,,,,False
3575f1f0-b282-555d-94df-1ff2a54c8148,1785277054842,sender,0,False,,,,False
7cd18092-b8fe-591a-ba59-5e3b451ecb05,1785277054843,sender,0,False,,,,False
9e7fb467-03ce-5d1e-b3b4-8f883fd68d4d,1785277054902,sender,0,False,,,,False
f39a341e-4b84-5032-b80c-6ff9485aa23b,1785277054940,sender,0,False,,,,False
2ff2c3b6-6c9f-5574-97bb-3685f15dd3b9,1785277054943,sender,0,False,,,,False
c2ec3769-8350-5557-8a5d-6a81ff56bab8,1785277054944,sender,0,False,,,,False
d45be1e4-a256-519f-88be-ea9051160c49,1785277054997,sender,0,False,,,,False
1632524d-2dfc-5a3b-b135-be81da163d3f,1785277055045,sender,0,False,,,,False
0b0b362b-e4fe-5904-b80d-eef9a78fc106,1785277055064,sender,0,False,,,,False
2cca6d32-8c19-577b-978c-585d48a3a16a,1785277055078,sender,0,False,,,,False
1b250007-1e5f-52db-8e92-7ad15f8f2583,1785277055109,sender,0,False,,,,False
fd4496e6-c820-5499-807c-6bde6122ec93,1785277055111,sender,0,False,,,,False
4587c695-62cc-5077-8f24-38e963e1f5bf,1785277055113,sender,0,False,,,,False
7dbcf492-20ac-5674-be00-1db7ef2d6e5b,1785277055127,sender,0,False,,,,False
81a07693-b93c-5be3-a606-012a05538e79,1785277055137,sender,0,False,,,,False
815821ad-4283-5bfb-abb5-3c4ca9f84451,1785277055173,sender,0,False,,,,False
8418e2b5-3c4f-58d8-94d9-d58407b55ca4,1785277055197,sender,0,False,,,,False
272a0d24-5568-5970-97e1-89045804104b,1785277055199,sender,0,False,,,,False
58a01cfa-1940-5c6c-a261-22b34576f5ce,1785277055206,sender,0,False,,,,False
3e8abbe5-30d0-5a84-9842-711af65201d7,1785277055222,sender,0,False,,,,False
4e246374-3b21-516e-a6bd-1afa39c29e14,1785277055229,sender,0,False,,,,False
3fbeef0d-9feb-515b-8ab6-2d8533570bca,1785277055258,sender,0,False,,,,False
bdf238cc-ad23-5bae-a424-dfc05b7fa0f7,1785277055273,sender,0,False,,,,False
566e00c9-a852-531e-8710-0bc6ba78d6f9,1785277055353,sender,0,False,,,,False
4081bc6e-6bcf-529f-bef5-9e25b2b45383,1785277055355,sender,0,False,,,,False
5f7d108e-5bee-53e0-a733-e5811d41238a,1785277055380,sender,0,False,,,,False
fd6b76c4-8beb-51c9-af75-741108ea6772,1785277055382,sender,0,False,,,,False
f6e5e29e-bbaa-5326-8fde-1ee8c08341d6,1785277055401,sender,0,False,,,,False
c0ba1c8b-d1ce-5b20-ad0b-d559d02f54f9,1785277055408,sender,0,False,,,,False
5277cb6e-2dcc-538c-a8d3-ac7a9db5c612,1785277055442,sender,0,False,,,,False
a24f4d52-8c84-5c8f-a16b-4c7002430953,1785277055448,sender,0,False,,,,False
48840708-12f0-5d8c-a1f9-8b6fa9188c49,1785277055550,sender,0,False,,,,False
beac45e0-91c6-59af-8965-9cd1893f4687,1785277055553,sender,0,False,,,,False
b87ada00-c061-525d-9fcd-efbf569e66e0,1785277055590,sender,0,False,,,,False
4a801c1f-4598-5cad-af22-59abbcb77332,1785277055593,sender,0,False,,,,False
d3fdf012-caf1-5f0e-9658-48d3e31fe904,1785277055596,sender,0,False,,,,False
bd8336e0-74e5-5898-88be-801fc6b7d2a7,1785277055604,sender,0,False,,,,False
7486c406-77fa-5f83-ae26-afc67416f71e,1785277055643,sender,0,False,,,,False
a9b48963-1761-51cd-b599-43d9a4ccf12d,1785277055646,sender,0,False,,,,False
ad0ae30d-e640-58fe-ad46-d1184a57e722,1785277055656,sender,0,False,,,,False
ecd307b0-f3b5-5486-a034-a3c12f2e23bd,1785277055657,sender,0,False,,,,False
74c1ebf5-9f4c-5cba-b9bf-1e166cd0aa0f,1785277055712,sender,0,False,,,,False
12765e05-fc76-5d8f-bdf9-340acb18c604,1785277055756,sender,0,False,,,,False
629376b8-9bea-594f-a71f-350ee154d98f,1785277055806,sender,0,False,,,,False
c49c961e-6dd5-5f74-80c7-fb0e89509dc3,1785277055852,sender,0,False,,,,False
faa55a3d-86dd-5923-9a51-fdf1c576dd57,1785277055881,sender,0,False,,,,False
1a10de54-a922-579d-ab2f-77c25987cc6f,1785277055911,sender,0,False,,,,False
43d9a9c4-1fac-5e51-97a2-234363700fb5,1785277055921,sender,0,False,,,,False
0cb2071e-3bde-5db0-a3c5-fd2624d68222,1785277055964,sender,0,False,,,,False
8ad1e541-5e00-5e07-8d44-bc3eca497e0a,1785277055987,sender,0,False,,,,False
abc2b992-eaa4-5906-a60f-43eeba02dbbc,1785277056007,sender,0,False,,,,False
36d9802f-b7f5-5b02-8589-b3ea55a06374,1785277056009,sender,0,False,,,,False
97112de0-fbea-5d2f-8a50-08409da77e31,1785277056033,sender,0,False,,,,False
732a5823-0d65-502a-be5c-104da78a5914,1785277056040,sender,0,False,,,,False
722f1cc5-b646-5ce4-b54c-a0cdf59ef0bd,1785277056050,sender,0,False,,,,False
e52d7fc1-2935-5017-8fbd-e667b75e994f,1785277056052,sender,0,False,,,,False
fe646d78-3bd8-5a3b-b3ec-59d8e9d45f49,1785277056073,sender,0,False,,,,False
229abd20-1875-584f-b17e-9d1f182b30ac,1785277056122,sender,0,False,,,,False
aa8c81cd-1b28-5703-8fe4-7a0d332da398,1785277056135,sender,0,False,,,,False
9df711b4-098d-530c-ba84-0d64f8765005,1785277056138,sender,0,False,,,,False
2e559471-29db-5a8e-b9d7-763c422c9d02,1785277056168,sender,0,False,,,,False
7f9b69bb-c87b-5dde-ab35-4539af41b64f,1785277056170,sender,0,False,,,,False
8732a459-d0bd-59f5-ae7a-5c4763b4cefb,1785277056188,sender,0,False,,,,False
ded0841d-db07-5098-bee6-03e5836e345f,1785277056204,sender,0,False,,,,False
e9850b07-c8db-56dc-bcbd-2e930c544989,1785277056221,sender,0,False,,,,False
f7872911-9b42-56d9-bcda-811f9be2cecc,1785277056260,sender,0,False,,,,False
ece3e334-6f50-5077-909d-ecaa20920225,1785277056262,sender,0,False,,,,False
5353ada6-6047-5cdb-a1a5-e77c45b2b8ae,1785277056268,sender,0,False,,,,False
65158cc0-19f6-57ef-8da3-5c3d4f109fde,1785277056339,sender,0,False,,,,False
5f825279-41ec-541f-91a3-940a807c9b13,1785277056357,sender,0,False,,,,False
e3af703c-e372-53a9-9531-42e100f251dd,1785277056369,sender,0,False,,,,False
435eec57-c1b2-5da9-879a-9a16d7ac3635,1785277056372,sender,0,False,,,,False
2e34db12-31d4-5c28-8a4b-5887b0bbe83f,1785277056443,sender,0,False,,,,False
c07ec552-5229-5ee6-a891-dd3a0492e308,1785277056449,sender,0,False,,,,False
5d240367-ab9f-521e-ad46-47b18ce5fb7a,1785277056456,sender,0,False,,,,False
ee384d3b-6c97-5471-9a1d-e725e73835c2,1785277056466,sender,0,False,,,,False
28d77636-a123-5376-ab8f-ab4a0321601a,1785277056475,sender,0,False,,,,False
b1520a75-a70e-5707-b085-b2786e585d47,1785277056520,sender,0,False,,,,False
51d3203d-5805-53c7-9deb-7afbbbf7c9fd,1785277056526,sender,0,False,,,,False
0c51c5df-081b-5188-a999-3489c37907be,1785277056532,sender,0,False,,,,False
ad547617-f04a-5a75-a4a2-778c65644d9b,1785277056566,sender,0,False,,,,False
1d9724e6-7da2-5c65-befc-42a60106ac7f,1785277056580,sender,0,False,,,,False
3a554822-3d39-50f2-8411-b64bf56ec4f2,1785277056587,sender,0,False,,,,False
27407946-a272-59fe-9317-c9fd65e53d43,1785277056609,sender,0,False,,,,False
4afd6a8c-af62-5542-90e9-b4951e47c5ae,1785277056615,sender,0,False,,,,False
5d47b021-69d1-56cb-a292-6380a1576437,1785277056655,sender,0,False,,,,False
1ab92d0f-e481-5c8c-9dae-54e7f07df891,1785277056661,sender,0,False,,,,False
666d7fb9-fded-5099-a6d9-0ae68a6d7e56,1785277056667,sender,0,False,,,,False
31a9a519-968d-5122-b5d9-c6f312c6729d,1785277056701,sender,0,False,,,,False
36793d93-d1a7-5895-ba5c-7bd8db6ced3c,1785277056744,sender,0,False,,,,False
c977e01f-6ec5-5c06-89f3-d0b138220eae,1785277056750,sender,0,False,,,,False
97820c78-eb30-56f2-9cff-f13a662dcf6e,1785277056839,sender,0,False,,,,False
2d9cc9f5-6099-53c0-882f-dc010f4214a4,1785277056864,sender,0,False,,,,False
641c544e-1cb1-5569-bfe1-0900efaf75c4,1785277056901,sender,0,False,,,,False
c15cdc5f-8264-5665-8eeb-e456ebe7d318,1785277056903,sender,0,False,,,,False
0df5fe46-f9d6-57a0-aff5-74d63d032183,1785277056904,sender,0,False,,,,False
a3b15292-089b-5b13-9b70-c3202071ae90,1785277056906,sender,0,False,,,,False
36c4ae9c-45ac-5a76-a68f-8c2fe9f185a4,1785277056917,sender,0,False,,,,False
225c88d9-bd42-5bd9-9cab-38d72167f7fe,1785277056919,sender,0,False,,,,False
46a3293d-b64f-5653-9b0e-d5197cda52f3,1785277056953,sender,0,False,,,,False
67925154-40fc-5fd8-a9b0-72862b13c7e2,1785277056963,sender,0,False,,,,False
ddd1b17d-48b5-5808-84df-d74a92d9da15,1785277057015,sender,0,False,,,,False
ee349964-d7c1-5a98-b948-e67b28eb122b,1785277057069,sender,0,False,,,,False
25748823-ae7e-59f1-9d2d-e638d7329ffb,1785277057071,sender,0,False,,,,False
19ed102a-4aeb-5762-8f3b-a179928c3849,1785277057088,sender,0,False,,,,False
d5ffd63b-8fcb-5865-a1f7-d8ad6d1d7698,1785277057102,sender,0,False,,,,False
3bb297dc-8e45-570d-9367-8d39020d5d0d,1785277057117,sender,0,False,,,,False
4e1e29cd-366e-51ab-a1c0-28a1a271e1c4,1785277057123,sender,0,False,,,,False
0a79b4cb-9bc8-53ea-ac2b-aa664a9bdc8d,1785277057144,sender,0,False,,,,False
ca9f653f-1f38-5983-8b07-fb4108463e3c,1785277057146,sender,0,False,,,,False
ea15d054-5c49-5bd6-87d0-8b04a4da35d4,1785277057153,sender,0,False,,,,False
04f8db80-681f-540d-a48f-0d39729249f5,1785277057193,sender,0,False,,,,False
21b8992d-895a-5402-9978-b92c92259054,1785277057199,sender,0,False,,,,False
4cb73f9f-03f0-51d8-aa98-a34c4828ed52,1785277057240,sender,0,False,,,,False
91e4dcce-3524-5439-8dc4-642b4a151f10,1785277057249,sender,0,False,,,,False
2e8870c5-0a4d-5a84-bee6-d8fc7ba9fd67,1785277057258,sender,0,False,,,,False
83daa8f7-5249-5b14-92cf-c7d2910e7bb1,1785277057286,sender,0,False,,,,False
1ee3697c-ad9b-59d8-82fd-b0eadd466dff,1785277057292,sender,0,False,,,,False
99c9678d-95c4-554d-82f1-a18f8b912b08,1785277057328,sender,0,False,,,,False
173d797f-c414-567c-8924-13e0fb38fff4,1785277057334,sender,0,False,,,,False
ecab05b1-4570-553a-b04e-cd23a63873af,1785277057349,sender,0,False,,,,False
db4b503d-7218-5331-b76a-91704cbc559f,1785277057382,sender,0,False,,,,False
0bcee759-4a13-5299-af8a-942d7c8c4ec2,1785277057431,sender,0,False,,,,False
03ce209a-ee12-59d8-9596-30a2d8511f5e,1785277057434,sender,0,False,,,,False
145a29ca-3370-5012-8181-4888f20a4994,1785277057469,sender,0,False,,,,False
93f49d8f-e174-52a9-9014-c5f2ad585b65,1785277057571,sender,0,False,,,,False
0df463de-0b67-5036-bb18-f5ae5e1a6086,1785277057578,sender,0,False,,,,False
546cbcf3-caec-52d0-9685-a9f382265a8e,1785277057602,sender,0,False,,,,False
b23a1872-3f65-5468-9e8c-04f606b1df90,1785277057604,sender,0,False,,,,False
f5153202-2bab-57f6-bc63-8f68e934f5c4,1785277057646,sender,0,False,,,,False
7e837eda-a96a-5a5c-bcb9-c7efa6e44fb7,1785277057661,sender,0,False,,,,False
18ff2731-5823-5246-a0d7-db1ee74107b9,1785277057682,sender,0,False,,,,False
194c7e03-58ac-5303-ac91-3504560bbcf1,1785277057684,sender,0,False,,,,False
13b79a91-2438-55c4-9ecd-a7a0989748f9,1785277057691,sender,0,False,,,,False
7b7ab382-d631-5f6e-87b9-8638b693aa0a,1785277057742,sender,0,False,,,,False
4ac9a2db-2d76-58b7-85a7-cfe6eeea2b3a,1785277057749,sender,0,False,,,,False
6449fa8e-d05e-57fd-a7c0-ee40872cdd38,1785277057763,sender,0,False,,,,False
9ec1c184-131a-54cf-b1b3-a68326496e21,1785277057781,sender,0,False,,,,False
47c7a928-9383-53ac-8735-c619103e5bf5,1785277057797,sender,0,False,,,,False
b5104a28-852c-593f-880e-e33f7e13c9ef,1785277057803,sender,0,False,,,,False
dd3fbad7-2aa5-5d0e-b2fd-957f3f69d63b,1785277057824,sender,0,False,,,,False
0ae58166-559a-5897-b40b-2e9d216fd046,1785277057831,sender,0,False,,,,False
92d094c1-b370-59a1-925c-1fc166ec8dbb,1785277057869,sender,0,False,,,,False
1ee84ea6-f076-5c14-b49b-105316eaa1c3,1785277057916,sender,0,False,,,,False
c866a059-a980-51a4-b994-4d3c3b72cbc2,1785277057973,sender,0,False,,,,False
9f0285cf-4e70-542d-bf7f-e067728e1a16,1785277057974,sender,0,False,,,,False
b1c5f9b5-54c0-5a79-8b56-614fba7c362b,1785277057981,sender,0,False,,,,False
a53bb2b5-4183-57a9-8434-d71715bfbebc,1785277058002,sender,0,False,,,,False
583ba22a-886f-58b3-a221-486776a7d6c0,1785277058014,sender,0,False,,,,False
e62bfba0-2728-59ed-8ae8-6d90909a5f9c,1785277058035,sender,0,False,,,,False
9ebff098-dd05-56e7-9131-6bfbc43b8aa0,1785277058036,sender,0,False,,,,False
88e972a8-9fcc-5087-8320-ee290ce5c934,1785277058048,sender,0,False,,,,False
9879c750-0cd9-5e99-a7e9-8cff5056a049,1785277058096,sender,0,False,,,,False
e4f60816-0a4a-52dd-8372-6ce3a1f80bc0,1785277058111,sender,0,False,,,,False
3193c910-df5e-50b7-976b-4aa93b75a1e7,1785277058118,sender,0,False,,,,False
f12f6e21-74c5-5818-8fcc-b38b520fb062,1785277058148,sender,0,False,,,,False
8ca48662-2437-57fc-9edc-df85f3755d1a,1785277058184,sender,0,False,,,,False
7e055ca6-745e-579e-97e3-bbcd2c69c0e4,1785277058190,sender,0,False,,,,False
e29e19c1-5dd7-5dc7-9a37-2d0b21399d4a,1785277058201,sender,0,False,,,,False
9da0a708-0190-5bfe-a813-8426d54f415f,1785277058216,sender,0,False,,,,False
4a83e26a-3928-5136-986d-47f103da2020,1785277058273,sender,0,False,,,,False
c326a8b6-52b1-5d3e-b4f6-978b96d9db63,1785277058280,sender,0,False,,,,False
bcfd241c-3010-5e88-be47-6981abd3b89c,1785277058309,sender,0,False,,,,False
688a9722-5c24-5333-8ad2-6322cfc11717,1785277058326,sender,0,False,,,,False
e10c4c62-fce8-5e5c-9b47-d0ecb9087d29,1785277058344,sender,0,False,,,,False
14512f60-5157-5d73-99cc-27f7d6490635,1785277058363,sender,0,False,,,,False
f2191f02-f2aa-59e1-bab6-f62d4acf2b88,1785277058378,sender,0,False,,,,False
3b482477-7ccf-5f25-a622-bd7e3e216c91,1785277058390,sender,0,False,,,,False
1423b9f5-99f8-5a90-bb56-85d5d4e062cf,1785277058393,sender,0,False,,,,False
97170124-5395-5770-b9c8-b3e5c65bc566,1785277058416,sender,0,False,,,,False
12f6064b-dfb1-5121-b717-6a4e9c0b5be3,1785277058464,sender,0,False,,,,False
c26d512d-f477-5fc3-b226-6348847afce4,1785277058474,sender,0,False,,,,False
fff6e4f2-c250-5e5a-8782-252bbcc6e298,1785277058493,sender,0,False,,,,False
b66ccc56-313f-5b12-98fc-90d9d1ccefd0,1785277058494,sender,0,False,,,,False
1c277bab-b160-5f96-8d04-3d450e32ec48,1785277058500,sender,0,False,,,,False
4df42db0-7a6d-5dbe-a2d7-0f05fa1817a4,1785277058546,sender,0,False,,,,False
6bfb7c8e-5107-5542-bf18-92f1c0ad616b,1785277058561,sender,0,False,,,,False
e6ad7504-e33b-575b-89b2-fadb829bb925,1785277058568,sender,0,False,,,,False
80c9c01a-9dbf-5730-92ce-756a059ed573,1785277058601,sender,0,False,,,,False
e4b57aea-8a7c-5691-ae97-760ea2a5719e,1785277058602,sender,0,False,,,,False
d71dcff2-9d72-5dd8-b4ec-05da849afa8e,1785277058679,sender,0,False,,,,False
76951570-6e61-5e18-a24e-be698bbc6093,1785277058686,sender,0,False,,,,False
a7ba74d5-5068-564e-be8d-efb76e99b4f2,1785277058713,sender,0,False,,,,False
dbeb3b71-b2b1-517c-a91a-b3314655abf2,1785277058715,sender,0,False,,,,False
9bd86151-e5a8-56b6-9c3a-6daddde2b941,1785277058740,sender,0,False,,,,False
6464e9a7-6ec8-5746-afd1-1684374cbe10,1785277058743,sender,0,False,,,,False
a50d64ce-43b8-5354-bab0-ef5694ad3afe,1785277058745,sender,0,False,,,,False
b8b03e11-5fea-51b9-af3e-f6e16f2a8b98,1785277058760,sender,0,False,,,,False
eb478fe6-cd64-526f-b7b4-cf3cc7c2b5ff,1785277058771,sender,0,False,,,,False
cffaa57d-8ff1-5609-bf37-f2e79d03cedf,1785277058777,sender,0,False,,,,False
e61f1ba8-0dbb-540c-bfe3-dd225b41b92a,1785277058814,sender,0,False,,,,False
490a2ba2-e984-5e73-ae4c-771d9089045c,1785277058820,sender,0,False,,,,False
80ad77c2-2a9c-53b1-bb02-69d51b914f95,1785277058945,sender,0,False,,,,False
547b50d1-5e1d-5dbf-a589-b34e97049061,1785277058966,sender,0,False,,,,False
80a51708-471e-55fd-a881-f29a20f6056c,1785277058968,sender,0,False,,,,False
c844a52c-9824-5ae4-9632-5bc745c4a74a,1785277058970,sender,0,False,,,,False
b0bcdc6a-87d2-5063-a08a-f2ed900eb448,1785277059004,sender,0,False,,,,False
f02d1099-fc3e-594d-924e-b09979974287,1785277059021,sender,0,False,,,,False
525854b7-aff6-5130-ae39-69ab713b971a,1785277059023,sender,0,False,,,,False
12a97efc-30dc-5e39-a5f9-eb2078b37cc8,1785277059025,sender,0,False,,,,False
9a676392-48f5-55c4-b718-4bed0ede60c8,1785277059090,sender,0,False,,,,False
a895a146-e5f9-564d-93b4-d890c788cca1,1785277059096,sender,0,False,,,,False
07064e6f-c8a5-50cc-b880-e8ca6398a46e,1785277059193,sender,0,False,,,,False
f7b3249f-12d6-53ea-a4cc-e88a5aded995,1785277059219,sender,0,False,,,,False
83a8a0de-cb81-558b-8e4c-3a4bfa885e7c,1785277059225,sender,0,False,,,,False
00c1eb54-7a7e-52e6-98ac-df105d2bf160,1785277059265,sender,0,False,,,,False
23a76a69-c5b0-53e0-bda1-f42454eecc92,1785277059272,sender,0,False,,,,False
3ee6e48c-700a-59ee-b220-379381648e43,1785277059279,sender,0,False,,,,False
b14013f7-f042-5834-94b5-0355c3344348,1785277059332,sender,0,False,,,,False
3ab44a82-c99f-5b78-86a5-a02533c818af,1785277059334,sender,0,False,,,,False
df9fb03f-0a40-53c1-b75d-d1628d216a36,1785277059338,sender,0,False,,,,False
93ebfd80-82e4-5e35-98b4-e7094e6eec15,1785277059401,sender,0,False,,,,False
be9100ff-e9fd-59d0-83b6-815071b394e6,1785277059409,sender,0,False,,,,False
8879ec30-5f1c-5945-900b-5ea1ce19fdfe,1785277059440,sender,0,False,,,,False
86b1eca0-26a6-567e-bec8-5bc9da2936f7,1785277059442,sender,0,False,,,,False
ab625430-8ea8-50d3-a272-c941d9a23c31,1785277059443,sender,0,False,,,,False
4360559d-b6b5-56ea-9d7e-2814c5674911,1785277059488,sender,0,False,,,,False
583a93cb-a146-5e48-8201-206b48e2d350,1785277059504,sender,0,False,,,,False
fac1f616-1d9a-5768-85ac-c7401df71f70,1785277059535,sender,0,False,,,,False
78ea02ea-ad6f-580d-94a8-405c31b98291,1785277059542,sender,0,False,,,,False
30bb790b-1dcf-5060-9e54-b5676af07de8,1785277059547,sender,0,False,,,,False
b8b01433-6c60-5818-af5f-d71b714025ba,1785277059554,sender,0,False,,,,False
1918d74a-6bcd-51bc-958a-52ff75008f96,1785277059579,sender,0,False,,,,False
5c267a7e-9618-5825-9ea7-14ab151c0b99,1785277059586,sender,0,False,,,,False
343f386c-63a7-5eb4-b6d2-b937a873e6bf,1785277059596,sender,0,False,,,,False
6e0d3649-b6c3-5040-bccf-f6d0be60c945,1785277059607,sender,0,False,,,,False
a817a594-82e3-52e6-9429-cb29ccb11b66,1785277059719,sender,0,False,,,,False
b38d4f7f-958e-5266-acd7-17fd887cd251,1785277059720,sender,0,False,,,,False
6dce12c3-2c9f-517d-b7b0-ef930f45c568,1785277059745,sender,0,False,,,,False
4d62f37d-5094-56f5-96e7-868e7e77d9a5,1785277059747,sender,0,False,,,,False
3e5824b5-875d-58be-b97d-6fef423f3daf,1785277059748,sender,0,False,,,,False
f94622b9-76b4-52db-85ea-2f7f542ef405,1785277059805,sender,0,False,,,,False
daba0831-6350-5644-aa33-9aab30c566e8,1785277059820,sender,0,False,,,,False
64256ab8-7b60-56bb-bc96-8f641eb01495,1785277059827,sender,0,False,,,,False
f7160f1f-24d6-57fa-ad55-6dec5b0ef91e,1785277059857,sender,0,False,,,,False
badc1854-eb5e-5389-8801-58d2bab2a40f,1785277059894,sender,0,False,,,,False
94db66f5-7305-5096-a11c-1e8d64be4d2c,1785277059905,sender,0,False,,,,False
79d11408-bc2d-5def-9e99-f681bc3dc743,1785277059906,sender,0,False,,,,False
1d525d5f-6aa4-5dab-ad93-0eb9f2ef113a,1785277059983,sender,0,False,,,,False
3b2150c0-1bd5-500c-aaa0-771a2e8304d7,1785277060002,sender,0,False,,,,False
f1e1f149-9292-560e-920f-61f9efd161ff,1785277060005,sender,0,False,,,,False
a8b67213-65b3-5136-9db3-e8315ccf0bdc,1785277060022,sender,0,False,,,,False
de95c2d2-56c0-56c9-a1ce-a4e1f6c36bb1,1785277060075,sender,0,False,,,,False
2029be89-d72e-59ef-bc62-6ce76001eb59,1785277060081,sender,0,False,,,,False
35cd96ad-ebfa-5eaa-b2b7-981ec6db5a47,1785277060088,sender,0,False,,,,False
f28f1d11-44fc-5129-807f-73833a806bba,1785277060094,sender,0,False,,,,False
07cdcb47-60f5-539a-a2e9-144a2ed6931f,1785277060217,sender,0,False,,,,False
78015118-eb2a-5a39-911b-409dd8c29ab5,1785277060269,sender,0,False,,,,False
1caa7eb4-4e61-5c3b-9a5a-fcfb0f4e57fc,1785277060272,sender,0,False,,,,False
a77146cb-a3dc-50ca-ae42-67510f47951d,1785277060274,sender,0,False,,,,False
ad172a59-c0f5-5009-8b1e-81b262c0b0ab,1785277060285,sender,0,False,,,,False
a8cbd370-b522-5d20-a103-8993ede64aa6,1785277060317,sender,0,False,,,,False
b2f9c58a-f6ef-584c-b1fa-e37d88878006,1785277060322,sender,0,False,,,,False
b343615d-eed9-578e-9c1c-3226fe0924c3,1785277060323,sender,0,False,,,,False
51f6349a-ab2a-59d3-9b65-e46e8e441f82,1785277060343,sender,0,False,,,,False
1aa2619e-e787-55bb-9087-beed34e7aefa,1785277060389,sender,0,False,,,,False
a39d5fcc-1b39-51bd-91f5-95885d8fafdc,1785277060399,sender,0,False,,,,False
539d1e21-0b7d-5829-a20d-2ba4a2563f75,1785277060401,sender,0,False,,,,False
ec168d00-229e-5b05-bd05-41341eca9453,1785277060526,sender,0,False,,,,False
738d2039-78de-5d94-8dd9-6d175c7faac5,1785277060556,sender,0,False,,,,False
fd295be8-43ae-5b5a-b211-d0a88a2b29c1,1785277060558,sender,0,False,,,,False
0ef0dca0-9942-5923-b686-59e84dd33356,1785277060560,sender,0,False,,,,False
ac897c51-d104-5860-9126-702c484a78bb,1785277060562,sender,0,False,,,,False
4af57a3a-3e4a-54a4-8674-f0510f5d62d3,1785277060569,sender,0,False,,,,False
bb4d6309-1495-53bc-a1e4-0143ace90c4b,1785277060584,sender,0,False,,,,False
048a6fb3-9488-5efb-996c-641b8c1e6de1,1785277060591,sender,0,False,,,,False
fba5389c-5a15-592a-9385-3231c982ae28,1785277060627,sender,0,False,,,,False
4028d54e-93f3-5843-95df-36741f6d11c7,1785277060629,sender,0,False,,,,False
765fce58-2412-5667-8245-acdf511868d6,1785277060660,sender,0,False,,,,False
689b3a7d-2d77-5516-ad08-bd65dbe64122,1785277060739,sender,0,False,,,,False
0c1baf33-43fe-5dca-b339-cd74d3ad3ea7,1785277060741,sender,0,False,,,,False
be485781-0b77-53e6-b73a-e5837f8a1edd,1785277060743,sender,0,False,,,,False
984172ea-bd5d-577b-a75f-8354a8870429,1785277060800,sender,0,False,,,,False
9dd7974c-df54-56b9-afa4-4274ae3d5f87,1785277060844,sender,0,False,,,,False
0e574aeb-6a79-559a-9872-90aa2c51030b,1785277060891,sender,0,False,,,,False
cb4f6905-75d6-58a4-9fde-572366133bc8,1785277060936,sender,0,False,,,,False
cab30563-4306-58f4-937d-591ee8c7f960,1785277060979,sender,0,False,,,,False
69c74484-c752-5d2f-93a5-56ab8b0949c4,1785277060981,sender,0,False,,,,False
34fd5519-16cc-5a25-80b8-4d1f72aab497,1785277061005,sender,0,False,,,,False
a620d636-7229-5671-b13e-6b754059fce0,1785277061007,sender,0,False,,,,False
67cc198e-7def-5072-880a-b60d5b5d5f60,1785277061019,sender,0,False,,,,False
20817814-9364-5d7f-bd61-769498f8d4a3,1785277061034,sender,0,False,,,,False
732635ae-548d-5f38-ad04-6b54886f9948,1785277061054,sender,0,False,,,,False
e266131e-076a-5c78-a7e1-e3e2558eb4e2,1785277061056,sender,0,False,,,,False
4687dbf1-a4d8-5c38-81f6-c62ca136ea63,1785277061065,sender,0,False,,,,False
630e8042-2cf7-5856-b28c-de9795d34bd6,1785277061125,sender,0,False,,,,False
9cfbd192-fea7-5286-b755-8e80ffccd745,1785277061127,sender,0,False,,,,False
cfc1acde-6c85-5557-a409-848ad43442b1,1785277061267,sender,0,False,,,,False
34991923-7135-5cf0-a5ee-ff2e9db21857,1785277061269,sender,0,False,,,,False
cec2f673-e04b-5714-94e1-aafddbd4a23d,1785277061270,sender,0,False,,,,False
80480db0-32f1-5772-9718-d3e775b0bbbe,1785277061289,sender,0,False,,,,False
02a4314c-2768-526d-9a9f-6dcc2afa7598,1785277061304,sender,0,False,,,,False
8bf07a2d-9fd1-5378-b2f7-49f418a937cf,1785277061314,sender,0,False,,,,False
7a91a80d-c11a-52ce-bcc5-2d9a9e7b5093,1785277061388,sender,0,False,,,,False
850b5d33-9f11-56e6-a591-9513aa6ed356,1785277061427,sender,0,False,,,,False
7ed52606-f7e3-5ce3-828b-1fe1e1e0a18f,1785277061430,sender,0,False,,,,False
61a45750-ac67-50b2-9655-1c096f4e8267,1785277061460,sender,0,False,,,,False
200c2cc2-ae71-5518-84df-104917d3d0a1,1785277061483,sender,0,False,,,,False
02de9d2d-8852-53a2-91b6-d3db530c9152,1785277061490,sender,0,False,,,,False
f29afeb4-a2f3-5755-943a-71789e09d462,1785277061500,sender,0,False,,,,False
0af8c481-7be4-5d27-9f32-0fb1f474e822,1785277061502,sender,0,False,,,,False
710e7d9d-ed96-5308-8ac6-a2eab822bc08,1785277061520,sender,0,False,,,,False
a06c98a9-39a2-5ed8-9c7a-c32ec51da40c,1785277061526,sender,0,False,,,,False
6043f90d-53b0-5b0f-9371-c1b6a3f8d472,1785277061718,sender,0,False,,,,False
e6ad97bc-c56a-5d1a-b4eb-da1196c3daa8,1785277061719,sender,0,False,,,,False
6be52385-9d32-56e5-b4ab-28f623f4aaa2,1785277061730,sender,0,False,,,,False
c054effc-07bc-55f1-a869-89502e45c048,1785277061733,sender,0,False,,,,False
5c7791cb-c6fa-5e92-a2d5-55d38a0783b6,1785277061735,sender,0,False,,,,False
529d85d9-97b0-5422-9974-3fb5001e88ff,1785277061746,sender,0,False,,,,False
ae9cf74d-439b-5fe2-ba4f-663a08710198,1785277061771,sender,0,False,,,,False
ddd25750-748a-591a-9b1e-cad5dbffa43d,1785277061773,sender,0,False,,,,False
8642266c-c15f-53e4-ba80-27de9b4bbc83,1785277061782,sender,0,False,,,,False
24012f3d-717a-53f7-a0f7-78a47e6f445f,1785277061789,sender,0,False,,,,False
76c04eea-37b2-5eea-a68f-e3aed2af80bb,1785277061873,sender,0,False,,,,False
9906340c-2c38-5b4a-a86f-61f914836eb2,1785277061929,sender,0,False,,,,False
73dcbdfc-0332-5169-a095-bec2ae5ee54b,1785277061976,sender,0,False,,,,False
f3c2ed23-1cc3-5093-bae5-af062521d4ed,1785277061978,sender,0,False,,,,False
576c5325-b3ed-5f70-988a-89bbd831778e,1785277061980,sender,0,False,,,,False
7968a78f-41d8-5731-9ab1-24bab384e937,1785277061984,sender,0,False,,,,False
19dc1f9a-2906-54f5-9316-5daf8d8e126c,1785277062022,sender,0,False,,,,False
1d515aa0-4885-58cd-b7a1-2358e5fab2b8,1785277062053,sender,0,False,,,,False
4e1dc1a6-d522-50a2-a360-c027523dff6a,1785277062058,sender,0,False,,,,False
1f17634c-c2a2-5319-a767-5972b5fe9f70,1785277062065,sender,0,False,,,,False
cc79c03f-7aec-5851-a5fd-0fca05e25747,1785277062079,sender,0,False,,,,False
33fa319a-42d1-5f1d-8d2b-7a4ba1ca74a3,1785277062086,sender,0,False,,,,False
d778d825-d38c-5a9e-811f-9243fb2326b4,1785277062149,sender,0,False,,,,False
8c3662b8-1cef-5c17-b171-7beef90fcfce,1785277062164,sender,0,False,,,,False
2f13b23b-6e20-5c42-bc3d-91c9e22eb6a6,1785277062204,sender,0,False,,,,False
9a8cfdc0-3b16-503e-aefd-3479f3d531ac,1785277062238,sender,0,False,,,,False
3de4f94c-4a63-5af0-8447-b9d7c52421a3,1785277062241,sender,0,False,,,,False
ace467f6-d8c4-5985-aaeb-7f3030e4a76f,1785277062242,sender,0,False,,,,False
0b2bdbe7-8b7e-5234-a55f-a5443856e0e8,1785277062279,sender,0,False,,,,False
3aa19532-4f1c-58e5-b43b-cbd6a19bfd99,1785277062285,sender,0,False,,,,False
b88fc8cb-2a16-58d6-9d3e-be4d07c62d1f,1785277062327,sender,0,False,,,,False
14612508-d143-5f10-8a15-4a08de386fa6,1785277062347,sender,0,False,,,,False
ac45e862-9632-5877-8529-360c02793ccb,1785277062357,sender,0,False,,,,False
4bc0f9f8-ffcf-5b21-8ac0-54eb486c2f9d,1785277062384,sender,0,False,,,,False
4bb9f5df-b7fd-5e6f-a10b-192597d048a4,1785277062391,sender,0,False,,,,False
4871d1cd-7144-563b-94cb-c24706117598,1785277062418,sender,0,False,,,,False
da69d3cb-78fb-5857-80d7-c2303ebc3a6d,1785277062466,sender,0,False,,,,False
c9b0d5ee-afe3-52ae-a425-4350c086a71c,1785277062473,sender,0,False,,,,False
108f1962-6027-512b-be9c-091e575c04d7,1785277062503,sender,0,False,,,,False
609d8e9f-76a7-569d-afcd-4fcabdda5aaf,1785277062576,sender,0,False,,,,False
1c4bae38-d64c-5b02-9aaf-7691d9daccc3,1785277062612,sender,0,False,,,,False
4b278017-3801-5e68-a9b7-0abb2b0dffb1,1785277062615,sender,0,False,,,,False
be61959e-8600-5edf-802e-6488183d85d1,1785277062617,sender,0,False,,,,False
e0ae30d1-8bdc-5bfd-a151-764196e57d0e,1785277062633,sender,0,False,,,,False
ddb066b9-43fd-58ee-aefd-561285e5a2cf,1785277062650,sender,0,False,,,,False
c6624c16-cdc7-5e6d-b343-5ec7ca093984,1785277062666,sender,0,False,,,,False
66e55836-a99d-5cc0-a6cd-5ee3b217c682,1785277062679,sender,0,False,,,,False
e282c522-92b6-5572-add1-02dfdc7a213e,1785277062681,sender,0,False,,,,False
a94b3bee-922a-523d-b1d0-4c90b609f5bb,1785277062776,sender,0,False,,,,False
ba6d55fd-f4e7-5c7c-abb7-857e78cb6121,1785277062805,sender,0,False,,,,False
1dd149ea-e605-5162-870f-b6020ca03919,1785277062815,sender,0,False,,,,False
cf9fb16d-2d38-577c-93ca-24f13b2ccb34,1785277062845,sender,0,False,,,,False
263bcc5a-1064-5db8-ac5f-cd028f42ed1c,1785277062847,sender,0,False,,,,False
978bc8f9-1b10-5ee8-bf6a-dbe34f2cc1cf,1785277062857,sender,0,False,,,,False
912a49f9-cb08-51d3-b16b-a2ca535e26b5,1785277062877,sender,0,False,,,,False
ae469dce-a044-55ef-bb69-1179d989f1dc,1785277062880,sender,0,False,,,,False
8ede5082-ce59-5a2a-a0ff-edc7c64c710f,1785277062903,sender,0,False,,,,False
bbbf6643-b97c-5ce8-b5ac-f12f3ae99d07,1785277062904,sender,0,False,,,,False
fa036f9d-abcc-5302-bc2e-0b6e140e8918,1785277062917,sender,0,False,,,,False
fbe9f2b2-f13a-53e7-ae96-ac463ccd11a5,1785277062954,sender,0,False,,,,False
84a892c7-00e0-51a0-a6ad-e1be725f1aca,1785277063001,sender,0,False,,,,False
824d3c57-f503-5795-9707-42a55fa06c63,1785277063081,sender,0,False,,,,False
62f4ba1a-ec00-5110-b8e6-9ccab30d70a0,1785277063083,sender,0,False,,,,False
507fb38b-6561-52e1-b25a-69fc5e43fa15,1785277063085,sender,0,False,,,,False
32b7eded-1d8a-54c8-9800-b3f4c42064a5,1785277063089,sender,0,False,,,,False
3fcbb024-2b97-54f4-bcc9-e71b9381a1c3,1785277063090,sender,0,False,,,,False
d93860a6-5224-53fc-9a5e-a4a9b56115cb,1785277063105,sender,0,False,,,,False
8ee923cb-67d5-565f-b384-80da27319b1e,1785277063127,sender,0,False,,,,False
8dea0c57-1c21-5ec7-992f-4b3d5768680a,1785277063134,sender,0,False,,,,False
75d60dd4-ff04-5fb7-a47c-c96ccd7eadec,1785277063180,sender,0,False,,,,False
9ed2fede-f6cf-5ba1-af85-0695ef8ec3e5,1785277063210,sender,0,False,,,,False
6ff6004c-2783-5bb2-821b-ecef6a991963,1785277063284,sender,0,False,,,,False
425e1674-1b22-598c-8639-05e928c8659a,1785277063323,sender,0,False,,,,False
1a7aff09-1c8f-5235-a61c-2518d92d9b68,1785277063325,sender,0,False,,,,False
42dcf421-f430-565e-aea1-3787b9e1878c,1785277063327,sender,0,False,,,,False
d0927e0c-c593-5571-88a6-ca1fb8270bfc,1785277063366,sender,0,False,,,,False
3fa76a28-283a-50cf-a3a7-0f19a820965f,1785277063382,sender,0,False,,,,False
21e14fcb-6451-5f0c-b705-ad6540bbd24c,1785277063393,sender,0,False,,,,False
50a46baa-9c36-5e63-9e26-6943a124cfd5,1785277063405,sender,0,False,,,,False
828b00f1-2ba7-532e-9360-1a26aaaca26a,1785277063411,sender,0,False,,,,False
ea223d48-60e8-5558-8702-423092fdb854,1785277063494,sender,0,False,,,,False
7aefc3dc-1b67-5c83-b9e4-f331545d55af,1785277063500,sender,0,False,,,,False
fad512eb-3fc1-5a58-b98b-525b195a8e8b,1785277063506,sender,0,False,,,,False
433cbd8d-e3bf-55d0-ac64-51495438fc09,1785277063541,sender,0,False,,,,False
99946374-59d1-5fe9-88b6-0a665b99f8a2,1785277063558,sender,0,False,,,,False
e0096385-e5a4-5937-9830-b718720ae62c,1785277063566,sender,0,False,,,,False
5a80a27c-302b-51dd-b874-06a70ec1fa52,1785277063630,sender,0,False,,,,False
620396ae-bd95-5bff-811e-21048d0ca0b7,1785277063639,sender,0,False,,,,False
c334f354-e0ba-544d-b1a2-83e212aded2d,1785277063655,sender,0,False,,,,False
12a8d12c-360b-5572-8212-03c0ec4709d3,1785277063677,sender,0,False,,,,False
46e390ab-095d-5e1f-bd8d-5c8b4eaa213e,1785277063679,sender,0,False,,,,False
74f0245a-2547-5407-b2f4-23b9239c5522,1785277063691,sender,0,False,,,,False
c979a3a1-60c4-5769-ac0e-a913ba288088,1785277063692,sender,0,False,,,,False
98c4d427-6c0b-5e76-a0ad-7ae0b14e5c1e,1785277063726,sender,0,False,,,,False
167c841e-f694-5cf2-b5be-8bf5f54d16d5,1785277063741,sender,0,False,,,,False
a7d79aad-2824-5d2d-a329-b8c999078183,1785277063756,sender,0,False,,,,False
8f5a43fb-bc0e-525f-9250-374f36a99e3d,1785277063769,sender,0,False,,,,False
1dd94ece-5291-5e32-a7ae-4ae14eb6ae31,1785277063810,sender,0,False,,,,False
2cd2441a-4c61-59c7-a9bd-0510ae2cb904,1785277063829,sender,0,False,,,,False
df415455-711d-5cb5-ac9f-4972f9fa2867,1785277063840,sender,0,False,,,,False
abbda35e-b260-5b17-874a-b1ebb28c4584,1785277063842,sender,0,False,,,,False
381b1ac9-1d88-50fd-9723-0b05ac29fd6c,1785277063900,sender,0,False,,,,False
9ba88b0b-f8f7-58b9-8456-8db8ddf44b5c,1785277063906,sender,0,False,,,,False
ae254d78-4aab-5207-8fc8-87098c2eca4d,1785277063926,sender,0,False,,,,False
26857916-1cc9-5a0d-bd42-b384dddf8ec9,1785277063929,sender,0,False,,,,False
3b6f50c7-a908-589a-968f-6085bb2b527f,1785277063945,sender,0,False,,,,False
07bf4823-16aa-5eb1-b192-411f9a08f1b7,1785277064042,sender,0,False,,,,False
2051b75e-51c9-53de-a8d7-fef6b05c5c74,1785277064043,sender,0,False,,,,False
f438846a-767c-5027-888a-6ac73bdd98b5,1785277064069,sender,0,False,,,,False
64b7f6ec-d735-51e0-8373-fa1bc878727e,1785277064071,sender,0,False,,,,False
4db62782-2c7e-5135-8b3a-e19e05b8815b,1785277064090,sender,0,False,,,,False
35fac2a6-287f-5c78-9e11-007a37eb1a39,1785277064099,sender,0,False,,,,False
5b5bd496-58ac-5660-a3ee-4769eda31f42,1785277064106,sender,0,False,,,,False
bcae99d4-013e-544f-8a1c-fd902b55708c,1785277064125,sender,0,False,,,,False
2503a4af-57e8-502b-8f85-1498ce7c191c,1785277064169,sender,0,False,,,,False
55f9abdc-895e-5106-b174-30d4a9e485b3,1785277064221,sender,0,False,,,,False
39cb46e7-5287-5eb0-8cf5-ac5dc311adc6,1785277064272,sender,0,False,,,,False
ecc8227e-c1b3-5ed0-b5e3-8d7463d54c39,1785277064274,sender,0,False,,,,False
5ec70df5-2fbf-5efb-85c9-8b645f21244f,1785277064285,sender,0,False,,,,False
110be764-a699-5e14-8a41-851884cbd9ca,1785277064289,sender,0,False,,,,False
0f25d4fa-a12b-5ee7-bd93-f3630829b846,1785277064309,sender,0,False,,,,False
27dd0493-4f70-5fd6-9843-59099d520a50,1785277064311,sender,0,False,,,,False
68951cd0-c22c-5427-81c4-1b0c46bc96c0,1785277064322,sender,0,False,,,,False
00e6d728-951d-5fa6-8687-c72bf54f34ad,1785277064324,sender,0,False,,,,False
538df509-e3db-5db4-9b92-b1f9ce2ba8b2,1785277064349,sender,0,False,,,,False
f5bf462a-637e-5855-9f4b-93204ec17bf0,1785277064394,sender,0,False,,,,False
b118361d-8926-595b-a616-5b1da801f99f,1785277064449,sender,0,False,,,,False
54038394-24a5-5d7e-b8b5-0f4c8c3e5e35,1785277064451,sender,0,False,,,,False
8f44d5d6-a7af-5043-ace4-910eddfca25d,1785277064484,sender,0,False,,,,False
5531b3a3-84c6-585f-92d8-cf4172a88c9b,1785277064490,sender,0,False,,,,False
3296a77e-2522-5694-a89b-63472ea16c17,1785277064537,sender,0,False,,,,False
089850d4-2f93-532b-bf5a-1f068125b3cc,1785277064549,sender,0,False,,,,False
78309140-c551-5ab0-a2fe-886b8f366727,1785277064555,sender,0,False,,,,False
81f0dccc-cfc7-568d-9a9c-918d1ad1e653,1785277064620,sender,0,False,,,,False
7bc14430-6044-518b-8696-e3154ce5be0e,1785277064637,sender,0,False,,,,False
18a54673-ca18-52d2-bbce-78198c316a39,1785277064657,sender,0,False,,,,False
d6135269-f876-5e61-9ba4-a2cac203f359,1785277064659,sender,0,False,,,,False
2d9628e6-1175-5b94-9997-81e04594944f,1785277064665,sender,0,False,,,,False
7f8977c7-08f8-5dc9-9a0b-9b7f79073efd,1785277064714,sender,0,False,,,,False
e6869483-6dd9-5899-a46a-c584f12484c0,1785277064756,sender,0,False,,,,False
bba092f2-a037-5284-9682-2e8dd43dc177,1785277064764,sender,0,False,,,,False
82738c7c-1b94-5e8c-9dfc-d9827e0f1e46,1785277064784,sender,0,False,,,,False
f334c95a-c420-5037-a315-6e5cfc03c919,1785277064786,sender,0,False,,,,False
44b8546c-a680-5d64-847f-7f651de0b025,1785277064803,sender,0,False,,,,False
687f836a-ac18-566a-84ca-52c086827a3d,1785277064843,sender,0,False,,,,False
d2571373-b3c8-5b2c-88d3-fbba0a67a39c,1785277064849,sender,0,False,,,,False
ab74268c-7452-57df-bc90-2f2da61fcc09,1785277064855,sender,0,False,,,,False
cbde403c-009b-5341-b8d1-a8967cf000c9,1785277064870,sender,0,False,,,,False
1890a4d8-907f-5f6e-a86a-c6583f2a7ac8,1785277064889,sender,0,False,,,,False
c269e747-6f24-56c7-93ae-ff554e186285,1785277064980,sender,0,False,,,,False
91b38028-4e29-533f-9799-ddc5f4ba7ba8,1785277064989,sender,0,False,,,,False
e917969d-328f-5b06-86f0-2b5ed4ab58ee,1785277065028,sender,0,False,,,,False
4f072136-8cf9-529a-ad44-f9df9cbf815f,1785277065055,sender,0,False,,,,False
4deb5b31-f7ce-5b88-9804-63094e80b6e6,1785277065057,sender,0,False,,,,False
19a63566-3242-57b5-9698-a681103a41ea,1785277065059,sender,0,False,,,,False
6562f482-f547-58e3-b9e8-629403134abf,1785277065071,sender,0,False,,,,False
e85a6d11-4963-5234-8989-da9bde9b1811,1785277065081,sender,0,False,,,,False
624fd7f6-aa29-598b-a2ce-c2e50a9ca478,1785277065093,sender,0,False,,,,False
b8e4496d-bf9b-5c2b-8c55-e0eb9c12a6ea,1785277065103,sender,0,False,,,,False
3dccbe67-e6cd-5d4a-9a81-fe563f3f1b2d,1785277065119,sender,0,False,,,,False
dfdd518f-dafa-5151-9895-44b3eb9fdcdb,1785277065125,sender,0,False,,,,False
5427bd80-0d80-5163-a4ca-34164f752546,1785277065156,sender,0,False,,,,False
336d2d39-aa40-57c8-883f-a36aef960230,1785277065162,sender,0,False,,,,False
c8e37ca0-b166-5179-86b4-1724d6d47ae2,1785277065301,sender,0,False,,,,False
30a414ed-22d6-596a-8bd1-5bc318f24eb1,1785277065350,sender,0,False,,,,False
8271a46b-dd43-5a11-902d-b1faa9eccc3a,1785277065351,sender,0,False,,,,False
952db8ad-55e9-5fdb-a59a-f78929355f64,1785277065353,sender,0,False,,,,False
fa8a23ec-511a-5946-93f4-4be9e31c7861,1785277065363,sender,0,False,,,,False
52bcd3e5-c778-55d1-a0ab-a0599e01ab2a,1785277065365,sender,0,False,,,,False
d6531ca0-6670-5826-a172-8359dcd2bfc5,1785277065393,sender,0,False,,,,False
dfb3868f-80de-56a2-936a-add3ed3569f0,1785277065395,sender,0,False,,,,False
bd6cd4f9-89a8-5fe9-8d0a-8d433eaf1f28,1785277065404,sender,0,False,,,,False
28f8b1ec-f5d7-5d0b-974e-c12970933b4a,1785277065437,sender,0,False,,,,False
74adc3ff-8a5a-57c4-9172-395e1009513d,1785277065475,sender,0,False,,,,False
9e6fef41-b348-552b-b936-51dc7f6f8fbb,1785277065618,sender,0,False,,,,False
305935cf-c463-5e84-8cc6-00f0ba6578ce,1785277065725,sender,0,False,,,,False
bdd300c8-a970-562d-bc38-6844bd1caf47,1785277065728,sender,0,False,,,,False
e7bdee65-ca04-55a8-91f6-e59aaa601be0,1785277065729,sender,0,False,,,,False
3ec26bd0-6661-5b43-b454-74b56e6d9b54,1785277065731,sender,0,False,,,,False
0c314c1f-eade-579e-8060-3c71b7825942,1785277065733,sender,0,False,,,,False
0a62fb52-0b6e-585d-b28d-7837975d9a0a,1785277065765,sender,0,False,,,,False
2b0d593e-30a2-5949-bec8-585d86e61e17,1785277065767,sender,0,False,,,,False
f58d5ae4-36e0-557b-9e63-d09156fffa9f,1785277065784,sender,0,False,,,,False
f67638c6-2bfd-587d-9a3b-9ae525cfb4de,1785277065837,sender,0,False,,,,False
d5dee9f3-8ccd-5118-ba25-76d87fe32d47,1785277065843,sender,0,False,,,,False
e2ecb3f8-7799-580b-b5e9-877c61ad2bc8,1785277065849,sender,0,False,,,,False
b36ddc16-d9f9-53e3-9846-a8a4627ba7fe,1785277065855,sender,0,False,,,,False
29d10994-fd0c-5d56-97f6-f513b431290f,1785277065880,sender,0,False,,,,False
cb19bde1-2503-5d9d-b961-b7b2f7c02286,1785277066018,sender,0,False,,,,False
2dd06d06-2234-5270-ba2b-28c82023f9d0,1785277066077,sender,0,False,,,,False
6bfbdae9-2e38-50f4-b14f-d70d1308688b,1785277066078,sender,0,False,,,,False
5ab70997-4930-5972-8d91-12e9170a820a,1785277066080,sender,0,False,,,,False
6c104c65-825f-5535-8675-1aec0f6ec7e8,1785277066082,sender,0,False,,,,False
cfdc7d25-fa10-51e1-a5e9-31f0c6046803,1785277066109,sender,0,False,,,,False
583c2f66-0a6f-525e-b70b-01740c476912,1785277066111,sender,0,False,,,,False
b37aaa7f-259c-5273-b623-f542fb6ca170,1785277066112,sender,0,False,,,,False
912d31fd-5dc6-5acd-8eec-4da4b6cab4da,1785277066118,sender,0,False,,,,False
9405d9d8-2281-577b-9993-c3c3b3240c98,1785277066150,sender,0,False,,,,False
ab9b13bd-b425-507c-9997-230bba7d4bf0,1785277066200,sender,0,False,,,,False
0d5bc755-914e-5cb4-9502-cf7347aaf8ea,1785277066240,sender,0,False,,,,False
7d21bd62-3889-530c-8109-3422550f5371,1785277066292,sender,0,False,,,,False
d5a48000-b5c9-5cc9-82ae-be4a178db287,1785277066386,sender,0,False,,,,False
40bcfe03-52ea-5108-9431-bafdaea93449,1785277066388,sender,0,False,,,,False
dfd7fdb3-3fbf-598d-a248-3218e600be29,1785277066390,sender,0,False,,,,False
89714745-319e-59a0-94eb-4a1d4a9b2c62,1785277066395,sender,0,False,,,,False
aec0ccdb-6d0e-5d57-8d6b-d0d117866f50,1785277066396,sender,0,False,,,,False
c0e0b3dd-0a8c-540b-9c55-3aa09e98335d,1785277066415,sender,0,False,,,,False
b56cf41c-6264-522e-9fa7-c6973c1b1649,1785277066466,sender,0,False,,,,False
0b745da1-3ee8-5235-b2c1-dba5ee0eef97,1785277066472,sender,0,False,,,,False
9ef70f40-23c1-5617-918d-c0af56b53df6,1785277066509,sender,0,False,,,,False
adf7794e-0de9-56f9-abfc-220ad9a5fb1c,1785277066617,sender,0,False,,,,False
20fdd278-8956-5641-abe3-e4a4e0354145,1785277066645,sender,0,False,,,,False
ed557555-effd-565a-968f-012ddcc9a751,1785277066670,sender,0,False,,,,False
026b250b-ae9e-52b6-a172-62e0846dca68,1785277066672,sender,0,False,,,,False
1ee1a581-af09-57df-b1d0-3d5bd3278455,1785277066684,sender,0,False,,,,False
3a68df29-b625-5c94-a5d9-0709ff024d0d,1785277066696,sender,0,False,,,,False
637668af-4597-5ab2-bc3a-a85f7cce1cba,1785277066712,sender,0,False,,,,False
60a39c7b-3587-53fc-8f33-f8f4b3679ce9,1785277066730,sender,0,False,,,,False
ade33cdf-096e-5552-9c04-bb12725f436d,1785277066747,sender,0,False,,,,False
2e127563-2610-55ee-8014-01392d94fc30,1785277066890,sender,0,False,,,,False
7a8bf181-c284-59fe-9ad6-480cef415a44,1785277066935,sender,0,False,,,,False
6bb41544-0e66-5229-9248-01113fc8fbd5,1785277066969,sender,0,False,,,,False
32a65bc6-d3da-5038-8cdc-64bdbe4451aa,1785277066976,sender,0,False,,,,False
998a67fe-90aa-50a5-bbcb-47a4b801acfd,1785277066977,sender,0,False,,,,False
bbd0e686-4094-5cf7-a3af-768a00504ceb,1785277066978,sender,0,False,,,,False
3d469234-7ac1-51d9-8c99-e356c416e291,1785277066980,sender,0,False,,,,False
13093a33-8d48-5eb8-bbd5-fdf5d728e57d,1785277066993,sender,0,False,,,,False
41b58f53-937e-5e09-a2b6-203118cc06ca,1785277067009,sender,0,False,,,,False
e5a2db23-f382-579a-bb6e-c830f3e404f5,1785277067016,sender,0,False,,,,False
87ebbdc4-d3e0-5207-b40c-328cb0b03c9b,1785277067050,sender,0,False,,,,False
a7accc8f-24d7-5756-8ba8-f3f2425a3ae5,1785277067056,sender,0,False,,,,False
1852d0f5-7945-5aad-bd36-5921b260db1d,1785277067096,sender,0,False,,,,False
7d70e1b5-7274-5e52-8979-4de858e2c182,1785277067186,sender,0,False,,,,False
0a4ff659-ac29-5eda-ac51-c3f00fde330e,1785277067221,sender,0,False,,,,False
86e9c0ea-acb1-5eb8-bab1-b8a3e31313d5,1785277067223,sender,0,False,,,,False
553041ed-1eb0-50e0-87ad-f00ce4386e47,1785277067225,sender,0,False,,,,False
501c6bf0-ceb7-5edc-bded-e7af749ef9d2,1785277067250,sender,0,False,,,,False
50cebc6b-c967-5209-9974-e7e939f29bb4,1785277067256,sender,0,False,,,,False
549c7a46-1451-5a8e-9ab4-4ea730c610af,1785277067258,sender,0,False,,,,False
1805ab5c-3bbc-5d91-bca4-09bba10ca817,1785277067260,sender,0,False,,,,False
127a2255-936b-58cf-a51a-bfaf98674ce0,1785277067282,sender,0,False,,,,False
70363647-9cad-5c4a-8094-53a3f6e99443,1785277067320,sender,0,False,,,,False
cfa87a7d-ec50-557e-9a34-5157ef343901,1785277067398,sender,0,False,,,,False
5a4834d2-8dc2-5e2d-8431-b28cbac13c07,1785277067409,sender,0,False,,,,False
288df43b-a28b-5f54-bc70-0f2f0b883491,1785277067411,sender,0,False,,,,False
89b4f47f-433f-5cb0-8411-939de80b0fe3,1785277067413,sender,0,False,,,,False
4c52102e-369f-5d6b-bed2-2a65cb6b7ed1,1785277067458,sender,0,False,,,,False
ec22c996-714c-5713-a4f7-0667f336f0d4,1785277067460,sender,0,False,,,,False
8dc84aed-b30c-5477-9048-d371420e02b1,1785277067461,sender,0,False,,,,False
e7034744-6646-5915-b412-9ff05e38c0bd,1785277067479,sender,0,False,,,,False
1ee562e3-63b6-5285-b3c6-9cec8ba6816c,1785277067500,sender,0,False,,,,False
27824d4d-1d90-51e7-a953-372ebdafec73,1785277067529,sender,0,False,,,,False
70c4b199-fb56-54c5-bb38-4e2349519409,1785277067590,sender,0,False,,,,False
fcf0b0d3-b234-5875-9cc0-82b9e15299b7,1785277067613,sender,0,False,,,,False
884f97e5-58e5-502b-b99d-9b69220822de,1785277067619,sender,0,False,,,,False
9f22e91a-8fe8-5deb-a415-3343f8502161,1785277067631,sender,0,False,,,,False
7afc73a6-c24f-5141-93e4-1a543d29c69e,1785277067642,sender,0,False,,,,False
e4b0787a-7fe7-53de-b668-84dc5db4126f,1785277067662,sender,0,False,,,,False
b61838a4-9738-5564-a4e4-e0050b585863,1785277067665,sender,0,False,,,,False
2780ad63-d4d3-5134-b636-123fbbdf2035,1785277067680,sender,0,False,,,,False
c942e160-b2d6-58cf-b5a6-e338c89c06d9,1785277067733,sender,0,False,,,,False
605e52b2-b950-5866-ad07-aa5864899f56,1785277067734,sender,0,False,,,,False
12c7a8cf-2e00-5f3d-b617-7751f8cc2ace,1785277067740,sender,0,False,,,,False
0727b54e-2280-5bc3-b656-28c93573f6e1,1785277067823,sender,0,False,,,,False
c32bc732-984c-5f58-bba4-f3174c72d166,1785277067825,sender,0,False,,,,False
9148a5a0-ff92-58c2-b7ac-ad621f3cbda1,1785277067844,sender,0,False,,,,False
a84b7159-41c7-538e-b6d0-5e27df77eade,1785277067846,sender,0,False,,,,False
2e5d56a4-2047-5b17-97fa-7085ae6ce60a,1785277067859,sender,0,False,,,,False
4acd85c5-3be2-5866-8b58-20fea8ace9c9,1785277067874,sender,0,False,,,,False
9c21f45c-e546-5203-9e98-d032469ad1bb,1785277067881,sender,0,False,,,,False
a0b4a514-0a1e-57c7-9da3-48d7e69f5778,1785277067887,sender,0,False,,,,False
f1c9f3f5-53d9-575a-bfdf-f4a8022a0c6e,1785277067910,sender,0,False,,,,False
84fd4a6e-2cba-54f7-9ba9-330f8b05361a,1785277067950,sender,0,False,,,,False
984e3742-2b79-51d9-97d7-c4ca2380ebab,1785277068002,sender,0,False,,,,False
56715565-a386-5491-a698-49f08e42b0e0,1785277068044,sender,0,False,,,,False
4febdf48-ed1c-5ad0-8a78-76494645687d,1785277068052,sender,0,False,,,,False
49e0f2d4-c973-5200-b283-1b2bb849c17b,1785277068096,sender,0,False,,,,False
fd4721f9-2e56-52f7-a6d4-f044d6fc6d83,1785277068114,sender,0,False,,,,False
da1383ae-a30b-526a-9ccd-879a25424876,1785277068125,sender,0,False,,,,False
af6f4d6e-099d-5d99-90cf-64424aea529a,1785277068127,sender,0,False,,,,False
c4dd465f-5d5c-5d98-96b5-8b42577988e9,1785277068133,sender,0,False,,,,False
5b2fdff6-4d05-5115-8f14-0d8a176f3aa3,1785277068174,sender,0,False,,,,False
383ff3af-6738-591e-9ad2-938e9d46c94b,1785277068190,sender,0,False,,,,False
7403c331-859a-5dd4-bfdb-b1ef5dc64f7a,1785277068207,sender,0,False,,,,False
436e55cf-f18b-5c2d-9b37-20169a27231e,1785277068226,sender,0,False,,,,False
67e6389f-14c0-50cb-aaf3-c1f5f18e7b1d,1785277068264,sender,0,False,,,,False
1586c94d-8d48-509c-946e-7403fe345d48,1785277068270,sender,0,False,,,,False
2c29b85f-c840-5cce-b55e-92d6d4e14a9e,1785277068295,sender,0,False,,,,False
8cd60629-fbde-58d4-8774-8da688c005c4,1785277068297,sender,0,False,,,,False
531e97aa-8655-5e04-8dfe-1f876f9514c5,1785277068299,sender,0,False,,,,False
ffdbd45a-70ae-54f9-ac99-eb1318a69486,1785277068332,sender,0,False,,,,False
c0e46212-6f82-5fb6-8491-93425294a06f,1785277068333,sender,0,False,,,,False
7b5e6e1c-a7d5-5aa4-b4c5-204e12d05c6c,1785277068398,sender,0,False,,,,False
deac657e-84d2-5fdb-9e6e-e60d2af9f26f,1785277068448,sender,0,False,,,,False
4e9bf5b5-3948-5fe7-802e-8d743d61e265,1785277068455,sender,0,False,,,,False
96cf7c8a-06da-5b0e-a857-5e1b78860b3a,1785277068489,sender,0,False,,,,False
1b5cee28-f9ab-5e46-9e21-c8c731555e66,1785277068509,sender,0,False,,,,False
02ac73f4-b174-5fa9-a7a6-1f6a1ab3d41e,1785277068518,sender,0,False,,,,False
9068ca9a-91ad-5d6f-812c-059a8296d586,1785277068543,sender,0,False,,,,False
52fff91a-7b3d-5e8f-b4d6-3ef8531040e1,1785277068555,sender,0,False,,,,False
9fbd1fb4-561c-531c-ad39-6ab1a4cac8af,1785277068556,sender,0,False,,,,False
71bf48b0-2efc-5fdb-a07c-9eb7addf038b,1785277068577,sender,0,False,,,,False
f5a5e513-27d4-570d-8dbd-b21cedcf80b5,1785277068583,sender,0,False,,,,False
4f56e1b0-d002-58c9-825f-1991316cef58,1785277068623,sender,0,False,,,,False
0388a9e6-4792-55cf-9af3-c3ea2393b93a,1785277068638,sender,0,False,,,,False
5f24faf2-0515-5ea9-9265-04647657179e,1785277068645,sender,0,False,,,,False
857c24d1-ad57-5806-9d47-bcf72ec4426b,1785277068714,sender,0,False,,,,False
a0c89052-0ab6-5fb4-9fa1-bec2559a5046,1785277068721,sender,0,False,,,,False
51293e12-fd6a-5aa7-9142-6460c1426484,1785277068740,sender,0,False,,,,False
0f1e4ed9-8dd5-54b0-9be9-456031356aba,1785277068744,sender,0,False,,,,False
d20d36f0-823e-5741-a5dd-a17766394632,1785277068751,sender,0,False,,,,False
a5e1bc9f-eb3f-58a3-a5d2-e9597da66f2c,1785277068759,sender,0,False,,,,False
5bda0b7f-0851-5011-b289-aad671840ae7,1785277068811,sender,0,False,,,,False
6623a800-4b9b-5048-bcb0-5679feb38e67,1785277068813,sender,0,False,,,,False
86458a58-9bc0-592e-8110-8a1226ced4b6,1785277068819,sender,0,False,,,,False
25e343c3-fec9-5b7e-b7d1-a04447a47eea,1785277069006,sender,0,False,,,,False
6a427ebe-d773-5961-9fcb-49d433446add,1785277069007,sender,0,False,,,,False
d5a878e4-f713-54bf-87a2-7ff8c09bf0be,1785277069009,sender,0,False,,,,False
12952bf9-69b0-50aa-b5f3-1684300bf96c,1785277069010,sender,0,False,,,,False
2a126529-66d2-5b0b-ad15-60d4c1d91964,1785277069011,sender,0,False,,,,False
2e451157-cc97-5f8d-8163-f6e1acacaf55,1785277069013,sender,0,False,,,,False
2e4c1880-ce23-537f-a3df-8a3fa2475378,1785277069014,sender,0,False,,,,False
0a9dbba1-d740-5e9a-b714-fa4c01d2b2eb,1785277069020,sender,0,False,,,,False
07b9f4e5-dabc-5f15-9c76-9984c8316c05,1785277069049,sender,0,False,,,,False
c51a7883-0516-5b85-86a0-0b501f8c1f93,1785277069119,sender,0,False,,,,False
6cbe2d3e-423c-5c74-babc-6ad18c602da9,1785277069126,sender,0,False,,,,False
158c2275-8a2f-5349-906b-5d19ce9e8fa3,1785277069168,sender,0,False,,,,False
ba632e30-c86e-575d-ab4f-703d4ca5e71e,1785277069188,sender,0,False,,,,False
66f1df46-a55c-5310-9862-12c78b091de8,1785277069211,sender,0,False,,,,False
1a888ec5-22e5-517c-bd2d-f44cb058e6da,1785277069217,sender,0,False,,,,False
78c4b1f1-363d-55dd-a299-023e5f76e5b2,1785277069224,sender,0,False,,,,False
c4eef252-0ef7-512d-95e4-a37c1209b0e8,1785277069256,sender,0,False,,,,False
7d742440-197e-51b3-9eeb-ae1b3b3f0b5c,1785277069299,sender,0,False,,,,False
01804fc6-635b-5d4f-8078-7e36f25cde4d,1785277069310,sender,0,False,,,,False
a4c49e60-2a12-5c3b-8090-932974000359,1785277069320,sender,0,False,,,,False
a25e443b-39c1-54c5-a748-3386ab8d15de,1785277069363,sender,0,False,,,,False
8288cc7e-29ff-5c0b-94c9-d69c7a9aa28b,1785277069484,sender,0,False,,,,False
c862dfcf-f448-5c51-96e9-e1180683d6d1,1785277069486,sender,0,False,,,,False
f7266e39-5224-5fa4-98bd-a2acc0c2df6d,1785277069488,sender,0,False,,,,False
3772f575-0c3a-58e3-8251-0dde8803b031,1785277069499,sender,0,False,,,,False
227c97c7-ae73-5352-be95-be7b991b6670,1785277069532,sender,0,False,,,,False
4126b544-6e2b-5b6f-b51c-1f14f75492f8,1785277069534,sender,0,False,,,,False
f167e3d2-55b1-586d-90b7-f4757e720f20,1785277069535,sender,0,False,,,,False
98c0e350-be08-5119-a3f4-5387cd228cf7,1785277069537,sender,0,False,,,,False
59580a63-6ba1-5d9f-b2a7-c36a16fd487b,1785277069570,sender,0,False,,,,False
6092de3a-f1e0-5a3e-a7de-2f86f3391c63,1785277069591,sender,0,False,,,,False
24ffcac1-72bd-5043-a25e-60bdc85de09d,1785277069624,sender,0,False,,,,False
82a0f1b8-49a0-5960-b6c7-3e26ec8ccc4c,1785277069625,sender,0,False,,,,False
cd1b4641-01d3-54a5-9f56-1931ef6e4e5b,1785277069659,sender,0,False,,,,False
ba527af0-1254-5d04-b3f1-54667ba0b51e,1785277069665,sender,0,False,,,,False
a003e436-d9c4-5426-8830-573614f1eb8c,1785277069685,sender,0,False,,,,False
290fe509-3633-55cf-b93c-de05954fcf89,1785277069687,sender,0,False,,,,False
26cd5e7f-db5b-582c-a953-8ad7ac83e8a1,1785277069707,sender,0,False,,,,False
ebcd49ba-060c-562c-b31e-371e84a16b3e,1785277069713,sender,0,False,,,,False
7947da02-8382-54d3-92e0-4c5ad8a85702,1785277069748,sender,0,False,,,,False
8354b2a3-8323-5f49-912f-f1c3de0d8fac,1785277069754,sender,0,False,,,,False
9d2d2ac0-6db4-5558-be93-a3b9e4e8f8f7,1785277069849,sender,0,False,,,,False
db62a085-f221-5c4a-bba7-06515466ab41,1785277069904,sender,0,False,,,,False
6c87e7ba-10e3-58a3-9e1e-54744f35061f,1785277069906,sender,0,False,,,,False
6f3839c9-55d0-59a1-89ab-70d40b6d1401,1785277069907,sender,0,False,,,,False
d02a03d3-b741-586b-addc-7cc3a4b63fe9,1785277069909,sender,0,False,,,,False
69ccc829-75a0-53dc-b043-9ea30ecff9d9,1785277069910,sender,0,False,,,,False
e07b5bd1-8616-5021-9bba-39e8aed9434b,1785277069922,sender,0,False,,,,False
6ed948ff-d8e1-5416-8527-81d93b08c356,1785277069934,sender,0,False,,,,False
24e9ccc3-2a71-5da9-af0d-8131b742f7b2,1785277069941,sender,0,False,,,,False
d34022b2-2032-5b3d-add1-5551bfc0e750,1785277069985,sender,0,False,,,,False
b0c83e40-be79-5377-bc09-0b88bc1ea0a7,1785277070082,sender,0,False,,,,False
0d5e7818-b95d-5d51-a386-25366fb2d5e3,1785277070084,sender,0,False,,,,False
46fd10ca-d97b-500f-89d3-932bf5bdc24d,1785277070126,sender,0,False,,,,False
be465c0f-848f-5de7-95ca-9ac9377176c9,1785277070128,sender,0,False,,,,False
bc577960-707c-51de-a80d-e61f17b0192f,1785277070129,sender,0,False,,,,False
69449cfe-5e16-5923-98be-cae1cba37e82,1785277070130,sender,0,False,,,,False
93016e02-b939-5b05-8472-4bdbc4458501,1785277070132,sender,0,False,,,,False
e27b1bea-e428-5e90-b9f1-adf23ab98430,1785277070148,sender,0,False,,,,False
0d1677ba-710b-5622-b7df-2d681ca99060,1785277070166,sender,0,False,,,,False
6ed1897a-0fdf-5d7f-90ff-dfad06edef29,1785277070173,sender,0,False,,,,False
a686d4fa-c2f4-5162-a195-66b8dc96ea32,1785277070203,sender,0,False,,,,False
3b54676d-e5fe-5ef2-82e3-1a80912b50d4,1785277070254,sender,0,False,,,,False
8dbf5d53-87af-58b2-8a8a-b3b37f335f2c,1785277070273,sender,0,False,,,,False
beb37f1d-1b39-5fe5-8017-bef2257536f1,1785277070304,sender,0,False,,,,False
773c9a40-7a32-5057-a5c4-85d0e19eea87,1785277070311,sender,0,False,,,,False
f1183c7a-fce6-5c50-9c80-f2849bbf4d0e,1785277070337,sender,0,False,,,,False
b8455731-46a0-50d1-b2f5-6b7da2d0c29c,1785277070347,sender,0,False,,,,False
08618f30-811e-5683-aefc-dc57cff229bb,1785277070353,sender,0,False,,,,False
06b8868b-9950-5481-821e-d12654eeb04f,1785277070363,sender,0,False,,,,False
d4db5628-aaf3-5fed-93fe-c72e3c0886dc,1785277070389,sender,0,False,,,,False
2d18ef3a-d6e4-5a8c-88e8-a3fcc0eb0e17,1785277070390,sender,0,False,,,,False
ae7e4bea-f65b-59d3-928c-a507c73fb7e4,1785277070479,sender,0,False,,,,False
66485ab4-df3c-581f-887a-a21b3ae89edb,1785277070551,sender,0,False,,,,False
798bf7be-76cf-5113-9543-7a2ee5ff3ff8,1785277070593,sender,0,False,,,,False
5a7d69a7-436d-5534-8b0a-20b1634045b9,1785277070664,sender,0,False,,,,False
f45045a7-45bd-5b7e-86ea-ec0ef3ca8b93,1785277070666,sender,0,False,,,,False
6050d942-7ec3-5d7b-887e-425e0656a933,1785277070670,sender,0,False,,,,False
08f2b339-380d-5066-81e4-6aa9539d8a4a,1785277070680,sender,0,False,,,,False
db924d78-8172-5775-b631-8825b68adcdb,1785277070683,sender,0,False,,,,False
4c2f423f-c7dd-5b38-a3ea-0a070a5315db,1785277070709,sender,0,False,,,,False
d5eda657-773c-5c01-bf9f-0132e4ca9cfc,1785277070711,sender,0,False,,,,False
b7605e8f-ce84-5ea3-a365-5035ae70db9f,1785277070713,sender,0,False,,,,False
4ccf093e-1bad-517c-a3b7-df5783f6e253,1785277070748,sender,0,False,,,,False
62884439-b111-51d3-ac52-550db85be688,1785277070785,sender,0,False,,,,False
4808491e-2b4d-59fc-81da-ad749fc8f4e5,1785277070792,sender,0,False,,,,False
49efb0ff-94a9-5630-b949-c10abe0811d7,1785277070829,sender,0,False,,,,False
d05cb1c7-792d-5b72-b5a1-c2853fe8ac25,1785277070836,sender,0,False,,,,False
4b048d02-d933-5b87-94d6-2ad44ce2288c,1785277070874,sender,0,False,,,,False
a7acb4dd-8565-5660-8cd0-49163b62b638,1785277070880,sender,0,False,,,,False
790ddabd-b1b2-5397-a615-85142aedbcfc,1785277070902,sender,0,False,,,,False
57826f88-42fb-59d7-8064-04531d881872,1785277070904,sender,0,False,,,,False
5a2154f6-e2d7-5658-ae47-53a5c1969402,1785277070918,sender,0,False,,,,False
72171c0f-6b66-5177-8a27-51d5fdc0af3a,1785277070978,sender,0,False,,,,False
6012d637-963e-5931-a008-eed6c49ba5c9,1785277070980,sender,0,False,,,,False
5ecd7fdb-e6cf-5570-85d1-143a2768e705,1785277070986,sender,0,False,,,,False
a413349e-a399-5d98-9dc4-ccc246f23b78,1785277071010,sender,0,False,,,,False
3f8ea9c2-61fb-5f3a-a8ce-fd3b9431f1f7,1785277071053,sender,0,False,,,,False
2607ee28-280d-57b1-80c8-7fbb19df1119,1785277071059,sender,0,False,,,,False
8bca823d-c6a4-5892-8da3-34609f0606ac,1785277071070,sender,0,False,,,,False
d8d61c52-d0fc-5384-8483-0c45f0caaf9e,1785277071082,sender,0,False,,,,False
18031b36-3a57-5d72-a036-d573ce2df3a2,1785277071195,sender,0,False,,,,False
997c8c2b-4dd7-5da7-a877-0cdf85ebd433,1785277071197,sender,0,False,,,,False
c5e14f2c-039f-5d44-998e-8c3d4fad462a,1785277071233,sender,0,False,,,,False
42abfb07-841f-59de-a60f-377d34269c37,1785277071243,sender,0,False,,,,False
b74ff8b1-5def-5821-8a77-46453892cc8b,1785277071250,sender,0,False,,,,False
ef255709-6271-5907-9aa4-27fa1e5a8334,1785277071251,sender,0,False,,,,False
92447756-da2e-51a3-9731-11ff76fca215,1785277071253,sender,0,False,,,,False
f274a5d6-0e24-5402-ad1d-b16eec93a2c9,1785277071254,sender,0,False,,,,False
c6277740-52a1-5070-889f-5b12b9e44a24,1785277071282,sender,0,False,,,,False
47206358-0db8-5a28-81e3-fbca082b6f60,1785277071289,sender,0,False,,,,False
10f5a148-23d3-5330-b49f-3dfb91d65e69,1785277071326,sender,0,False,,,,False
f61210e5-8916-5246-bfc3-9e2130567790,1785277071393,sender,0,False,,,,False
a36aeae3-9582-56fd-8c07-e0e27931457e,1785277071395,sender,0,False,,,,False
b5c51d08-6de6-57b6-ba5e-e18593cbc35c,1785277071523,sender,0,False,,,,False
01cf7207-a039-509a-b29e-7d9f4a84356e,1785277071525,sender,0,False,,,,False
6c56faff-d66e-5d31-ac77-3d4685b2e3c9,1785277071564,sender,0,False,,,,False
0aaf2288-2daf-5a44-a774-0e779ae4436c,1785277071566,sender,0,False,,,,False
a5263f46-8b9f-5810-8124-c56cc8f6e77a,1785277071568,sender,0,False,,,,False
5b09b893-b327-5252-8569-ed14459cf914,1785277071603,sender,0,False,,,,False
ae93ead8-eab0-5149-ac1b-c409807fd7fb,1785277071606,sender,0,False,,,,False
c3d48f06-f351-5636-883e-19ae09897e13,1785277071612,sender,0,False,,,,False
199ce686-3963-5d57-8e00-c1c07caccad5,1785277071636,sender,0,False,,,,False
9f748a8a-2de4-5dab-abd7-3636c72a88bf,1785277071638,sender,0,False,,,,False
160119ce-5fd5-5acf-9486-900f18673a8a,1785277071684,sender,0,False,,,,False
c65e0607-d44c-5bba-9662-629017e1b252,1785277071692,sender,0,False,,,,False
2b573afe-3b48-5e61-b8b2-259b8a9ce33d,1785277071698,sender,0,False,,,,False
6f6749b2-4fbf-561d-971d-68586fdebf0d,1785277071729,sender,0,False,,,,False
b633298d-6306-5629-8f4e-a461979b9ee5,1785277071776,sender,0,False,,,,False
c4ab7999-a7c9-503b-a5ac-d0e82fd6ba28,1785277071791,sender,0,False,,,,False
dcb50c0b-b16b-5837-951c-8cb475548a91,1785277071798,sender,0,False,,,,False
2e5373de-331e-566a-9d02-88973b18dce7,1785277071827,sender,0,False,,,,False
8fd854f2-5ceb-52b0-a670-b51014af65b0,1785277071834,sender,0,False,,,,False
44ac2d9e-044f-575b-b794-809fd4effe66,1785277071863,sender,0,False,,,,False
fceb4b03-0971-573e-b7ca-6b806e81c92f,1785277071876,sender,0,False,,,,False
40c9909a-a44c-5feb-b643-331ffecfbef5,1785277071895,sender,0,False,,,,False
59e04542-3af2-5df5-9759-1c072f0610c1,1785277071897,sender,0,False,,,,False
bdef87db-ef85-554e-9b98-a399ad05eb59,1785277071913,sender,0,False,,,,False
d051bb31-81e7-5a9e-9244-bf203cfd5ae6,1785277071953,sender,0,False,,,,False
9e5725ee-b8dc-5aa1-b055-0cdad1bf9483,1785277071965,sender,0,False,,,,False
74ba41b1-9640-589f-ba28-e0dd27102d79,1785277071975,sender,0,False,,,,False
047782a0-3db4-58bd-ba3c-9beb3f1c6116,1785277072045,sender,0,False,,,,False
4a0e57d4-cbc5-52e1-8271-ccdf1b842f43,1785277072052,sender,0,False,,,,False
dbc20ffa-73b0-55c2-b1ad-51b1b0812413,1785277072088,sender,0,False,,,,False
ca304a11-dca9-512f-9f83-1856ae3dd5a6,1785277072105,sender,0,False,,,,False
3d5abc0b-e33f-59a9-9160-26266d7da412,1785277072144,sender,0,False,,,,False
ce7f8b1c-ba4c-5af1-b62a-2ce94e530120,1785277072146,sender,0,False,,,,False
61cbbcef-ea75-5a9d-9c8c-0db8f8707335,1785277072147,sender,0,False,,,,False
e9a88489-b7aa-5795-b51c-812b5e0ad9d9,1785277072163,sender,0,False,,,,False
ca45280e-7bd5-5d50-b86b-eb2894f65510,1785277072178,sender,0,False,,,,False
56fc5a92-756f-5999-bd1f-f5b1a8f2ccbd,1785277072193,sender,0,False,,,,False
0cce1300-1df8-522d-98d7-0b769a5b5663,1785277072200,sender,0,False,,,,False
50cb140c-c002-5bcb-91e9-2c8b44ee9a4e,1785277072273,sender,0,False,,,,False
3d039501-70be-5ba5-8019-5a29ab8e2dc2,1785277072275,sender,0,False,,,,False
9239618f-7bb0-535b-9d0e-93da4cf67983,1785277072304,sender,0,False,,,,False
072fba54-2efe-5c67-bd60-e31e6d2053b2,1785277072308,sender,0,False,,,,False
d7796062-ad52-5351-a48b-3ae787447dce,1785277072338,sender,0,False,,,,False
9e0ff0a5-c659-51cc-95ce-15138659024a,1785277072340,sender,0,False,,,,False
a6938e98-9743-566d-8fb7-4fc009f86955,1785277072361,sender,0,False,,,,False
2e6e6ea6-ddd3-5f97-8239-5780c81729a5,1785277072364,sender,0,False,,,,False
f615741f-074f-57bf-84f1-2dfff64c0dc7,1785277072415,sender,0,False,,,,False
dd8ecfcb-51b7-55db-8eb8-73ffa8471c90,1785277072448,sender,0,False,,,,False
9301bdf6-0eb8-5b22-839c-098cba5d4d9b,1785277072449,sender,0,False,,,,False
a71d4e6d-2dd6-5aae-a22f-0b77c0eb56d2,1785277072457,sender,0,False,,,,False
5a3ca328-0a2d-588f-8ec1-df22ee2c0ef2,1785277072540,sender,0,False,,,,False
8c040284-3dfd-5366-9620-1168748f5df7,1785277072576,sender,0,False,,,,False
f1bab7d3-ba5e-5168-9f1a-059f4ae3d396,1785277072579,sender,0,False,,,,False
a32ada86-179a-5176-87c1-6e016fda5db1,1785277072589,sender,0,False,,,,False
651e8393-887f-5d89-bfbb-bb1a97e60758,1785277072618,sender,0,False,,,,False
eb65b38a-f74c-5b64-abdb-099c10713fad,1785277072642,sender,0,False,,,,False
dc6472d9-d921-512b-9e66-64efd0b77b1f,1785277072655,sender,0,False,,,,False
3a2ace30-cf75-5d6e-ab88-80fd491995d4,1785277072657,sender,0,False,,,,False
9749f9d7-3d75-51a9-a56f-c3d0a9f1275a,1785277072717,sender,0,False,,,,False
1350792e-99e5-5948-8415-67a964a37618,1785277072737,sender,0,False,,,,False
ab7621d8-3037-5857-93c1-d625e0dbdf43,1785277072739,sender,0,False,,,,False
1f04010c-1448-5aa3-ba11-8c1e3acc2cd7,1785277072759,sender,0,False,,,,False
21b785f4-386c-5d05-9450-8ffc0ea2392f,1785277072761,sender,0,False,,,,False
cbf23a1c-8034-5e4d-b335-7c056c8757d9,1785277072807,sender,0,False,,,,False
3667a789-89c8-5a72-b70d-f7dce3976683,1785277072823,sender,0,False,,,,False
85e86a03-ea37-59d8-a2af-01e2451e1c83,1785277072830,sender,0,False,,,,False
dfbbac18-65cb-5578-a904-2f92e5f57163,1785277072862,sender,0,False,,,,False
68a99a0c-9287-503e-8e2f-6a95bf56daa8,1785277072909,sender,0,False,,,,False
5b5f89ee-57bc-50e2-abf5-aea1d8c53009,1785277072939,sender,0,False,,,,False
7cc4390c-7085-5399-93b4-496c76e253ac,1785277072967,sender,0,False,,,,False
bc377f19-24bd-5b54-87b2-23a32544e2a4,1785277072969,sender,0,False,,,,False
128f82ab-1427-5d73-9ded-2c3018b73ace,1785277073002,sender,0,False,,,,False
20a2eaf4-c489-5071-b0c7-f49a69927162,1785277073004,sender,0,False,,,,False
5ca196ee-42bf-5dd7-81df-f7b8c4ab786d,1785277073005,sender,0,False,,,,False
7823da8e-c0e0-54ce-b980-7d4cf1bae0c7,1785277073025,sender,0,False,,,,False
bdddba7e-5378-5d05-9d71-06e5110b083e,1785277073027,sender,0,False,,,,False
81388362-9a0e-5165-8a87-38d395783056,1785277073042,sender,0,False,,,,False
4e1ee921-795a-576e-8738-5c389f85d22e,1785277073058,sender,0,False,,,,False
51fe0e2b-934d-58b4-be94-7b634e065507,1785277073091,sender,0,False,,,,False
e5301fed-13a4-5eda-8b44-70fba8bf8e4c,1785277073185,sender,0,False,,,,False
59153fbc-b460-5ba9-98c0-65e392533987,1785277073187,sender,0,False,,,,False
bf3d37cf-557e-53d2-b928-43d3dfebbe68,1785277073195,sender,0,False,,,,False
75604674-ea13-5de2-8fd0-7ea827530d2f,1785277073215,sender,0,False,,,,False
bf1e65cf-cc3a-5cb2-b941-a7475f610530,1785277073222,sender,0,False,,,,False
425993b2-cff1-59d2-9ff8-33a366e5d73a,1785277073238,sender,0,False,,,,False
192ccae4-6217-5169-bad6-f41684857321,1785277073259,sender,0,False,,,,False
38cfa65c-ef35-5955-8f41-711c1ba69f51,1785277073261,sender,0,False,,,,False
1913bd43-fbeb-5b58-b928-365ad6865cea,1785277073267,sender,0,False,,,,False
6af88152-cc45-5176-b60c-9dcb267e773d,1785277073312,sender,0,False,,,,False
543f5147-1ca1-5123-891f-f4e18e762017,1785277073318,sender,0,False,,,,False
913b5de1-97ff-55e8-b29e-f3f4a8c8556d,1785277073354,sender,0,False,,,,False
b1a03cd7-0219-5fa8-8586-1fa371de8a4c,1785277073381,sender,0,False,,,,False
39566b47-2ee6-5158-89a8-040624cb05eb,1785277073383,sender,0,False,,,,False
db0d5da8-bcf7-53c0-bdde-828970fdde59,1785277073385,sender,0,False,,,,False
c6012175-423d-558d-9ceb-3377d31db978,1785277073403,sender,0,False,,,,False
ceabb556-4737-5ab4-afea-ff2577463198,1785277073410,sender,0,False,,,,False
a13159d4-dba9-5105-93da-f1fc26f1c1da,1785277073417,sender,0,False,,,,False
e96173ac-dd05-598c-99e4-b9468625ffcb,1785277073459,sender,0,False,,,,False
aaa1a1dd-08ff-5b42-a279-df2b9facc8eb,1785277073529,sender,0,False,,,,False
e705da9d-623b-52e8-88aa-04dc06e39eff,1785277073535,sender,0,False,,,,False
6b1b835b-6b86-53db-9a27-dcde2090ec42,1785277073574,sender,0,False,,,,False
5e7db46e-25c4-55e8-b1b8-6147c3977129,1785277073590,sender,0,False,,,,False
4350651f-02e5-530f-9694-065f1d5e26bf,1785277073597,sender,0,False,,,,False
6ad86279-67cb-5aef-b3a4-fb5ca421ec82,1785277073628,sender,0,False,,,,False
b6808635-1990-592f-bcf0-0c82858e69f1,1785277073635,sender,0,False,,,,False
82f53d5e-2511-5220-ac9f-250c81fc2b9f,1785277073660,sender,0,False,,,,False
4274800d-b43b-51d4-9e31-2bfca16905b6,1785277073662,sender,0,False,,,,False
3e5a5903-d3d7-58e9-8af7-e7cfc5817e7d,1785277073663,sender,0,False,,,,False
51da68dc-d13b-5cd9-a87d-8c126fcbf396,1785277073717,sender,0,False,,,,False
4eb9a672-da3e-5f66-bd61-c758a3cea7b0,1785277073724,sender,0,False,,,,False
7f170ec2-3cf4-5726-b9a0-75305e871528,1785277073739,sender,0,False,,,,False
12b7e48e-8769-5615-a924-b62f79409a0e,1785277073740,sender,0,False,,,,False
abf6902d-0f3a-50c3-ab08-7a7d2d759ebc,1785277073750,sender,0,False,,,,False
24a06497-0870-5f77-a116-104c5f559fca,1785277073759,sender,0,False,,,,False
7f928b89-9e2b-5a6b-a53e-cef12ed13fda,1785277073799,sender,0,False,,,,False
54919a36-1634-586b-88dd-73010ca5c297,1785277073805,sender,0,False,,,,False
06280792-89ee-5f8e-9ca3-2370e34415c2,1785277073849,sender,0,False,,,,False
955b8dfe-afd5-5e1c-a4ac-00eb91f55981,1785277073880,sender,0,False,,,,False
a0093ef1-2d70-5cd0-881c-f75643d214ca,1785277073883,sender,0,False,,,,False
9f22ff9d-b292-589a-b2ad-1509761aadfa,1785277073884,sender,0,False,,,,False
9bfe9d6e-924c-5197-8596-1350eae51c22,1785277073911,sender,0,False,,,,False
5a17d834-7433-5f49-8210-f7234f692494,1785277073919,sender,0,False,,,,False
e680a0d8-1c50-581c-bf3b-503a636cb6f0,1785277073983,sender,0,False,,,,False
bbac5451-111b-5c73-a666-f02566da7202,1785277074006,sender,0,False,,,,False
4333ce08-0169-5d45-926e-f93a3d163040,1785277074019,sender,0,False,,,,False
fd04b185-ac26-51cb-9aa4-76eaee3762bc,1785277074036,sender,0,False,,,,False
08057c24-d85a-55ea-b192-ee0831d36c82,1785277074043,sender,0,False,,,,False
e1e792f7-7007-5879-b44a-ddd0edf7b40f,1785277074071,sender,0,False,,,,False
7c6744ae-d4fd-5eed-ae6b-981f8d8b21c2,1785277074113,sender,0,False,,,,False
10d87e69-c8ab-584e-8168-3272be207eec,1785277074173,sender,0,False,,,,False
6722ba05-75be-51bc-802a-c45da8d520f2,1785277074183,sender,0,False,,,,False
71b5ba40-aa16-5840-b050-4d004cc08ec2,1785277074216,sender,0,False,,,,False
16c5360b-45e8-5d3a-91d5-cc8b3baec45a,1785277074217,sender,0,False,,,,False
8f7e9e4d-08a1-5a24-b86e-24e025763c95,1785277074219,sender,0,False,,,,False
48e90fec-94ef-5930-9bf2-063780cfa077,1785277074220,sender,0,False,,,,False
867a5492-8e09-53fd-92ba-64cd845df8cb,1785277074240,sender,0,False,,,,False
e5275bc5-2bd3-549c-8050-99b788c926d0,1785277074242,sender,0,False,,,,False
6ba7859b-4e5e-5944-8d50-20c62fee1162,1785277074251,sender,0,False,,,,False
8edc9afe-8b73-5c7d-8947-9ab4a54955bd,1785277074257,sender,0,False,,,,False
95d2f68c-6cdf-5055-bd7c-f0fd045c7aad,1785277074442,sender,0,False,,,,False
798c3e34-d6d2-5765-b3be-cd8c2c5b9218,1785277074463,sender,0,False,,,,False
8d9815e5-3066-57d5-883b-0a4577994d97,1785277074465,sender,0,False,,,,False
534bb4e1-b005-5d0f-b78e-a91adf19494a,1785277074467,sender,0,False,,,,False
47f61b18-8aea-549d-8169-b6ee9356b462,1785277074496,sender,0,False,,,,False
8d0fae4f-f943-5e85-ae66-2001054f4392,1785277074498,sender,0,False,,,,False
cb570bb9-34f6-5e1e-832a-aff8791d37c5,1785277074500,sender,0,False,,,,False
dcf86b43-30be-5406-8adc-9465a656c6d8,1785277074506,sender,0,False,,,,False
a77138aa-1fe5-5dfe-97af-52426b7ea3a9,1785277074524,sender,0,False,,,,False
59eb1bb7-5434-5871-8017-8ce074967d78,1785277074562,sender,0,False,,,,False
bd0b55a2-4fb3-570f-a628-a9ab605f4196,1785277074666,sender,0,False,,,,False
09e16cb3-1759-5c11-a04a-57abb1cff587,1785277074738,sender,0,False,,,,False
7ec9fe5e-6d60-574e-8ec1-221349919404,1785277074741,sender,0,False,,,,False
a32627d0-42ed-55c1-bc80-c9d7fba11d5c,1785277074745,sender,0,False,,,,False
494193a5-19d0-5e43-9960-e207c38a1b04,1785277074809,sender,0,False,,,,False
3063e1ad-df66-5394-961f-58bb95216560,1785277074811,sender,0,False,,,,False
8857524e-dd10-5109-bb30-afea61e5470c,1785277074813,sender,0,False,,,,False
861791f9-046f-51cb-b313-148da1bc244d,1785277074814,sender,0,False,,,,False
22372a9e-d5a4-5b86-8d2f-b0b2689234d7,1785277074816,sender,0,False,,,,False
fc46e7b6-2ccd-59d6-9bed-c28c53ec1b9f,1785277074880,sender,0,False,,,,False
3e721d58-b675-5e0b-bbb9-20baf67b5a90,1785277074896,sender,0,False,,,,False
fc2c8207-c1fa-5cdd-abcf-8e48d39a0543,1785277074903,sender,0,False,,,,False
9dd3b947-35c9-5fb6-a06c-ec3cf26cb465,1785277074943,sender,0,False,,,,False
d1fbd416-d7d2-5372-a751-4cc7ad593705,1785277074981,sender,0,False,,,,False
8fbc5c86-d9d8-5bb4-8689-986459185357,1785277074982,sender,0,False,,,,False
e508780a-b140-56f4-ad1c-aaf35955470e,1785277075013,sender,0,False,,,,False
a832be37-2cec-59fb-99da-e48b13a68c5e,1785277075065,sender,0,False,,,,False
0ef56292-1bc6-5739-b4e6-8b6a2c12a304,1785277075072,sender,0,False,,,,False
af63de57-0030-5df2-ac61-3d6d3015fab3,1785277075107,sender,0,False,,,,False
cb3ed1a5-7c82-5020-b6f9-7f5e4900dccd,1785277075122,sender,0,False,,,,False
16a02b41-1300-5924-b39c-2ecae4815f4f,1785277075135,sender,0,False,,,,False
5457d206-b47d-51a9-be7f-2badeadf3bc1,1785277075150,sender,0,False,,,,False
76db7139-8cb3-582b-96c6-dfa023c4bca7,1785277075168,sender,0,False,,,,False
f6845ba2-91f9-5365-9c97-af41bcffb59c,1785277075181,sender,0,False,,,,False
0ae97d82-c9de-5827-b119-ae0a4022d3ae,1785277075184,sender,0,False,,,,False
5b26d301-a68a-5f75-87dc-ec0af9022921,1785277075201,sender,0,False,,,,False
b512e336-b3a4-594f-9eba-1568a5b6a7d1,1785277075238,sender,0,False,,,,False
c7c9eb27-196b-5553-83dd-7a72b8cd7003,1785277075244,sender,0,False,,,,False
eb418aee-4d21-5ac0-b735-1c2988e1bc58,1785277075287,sender,0,False,,,,False
c9ca7bd6-97ef-5e30-8d44-5837aeeaa96a,1785277075325,sender,0,False,,,,False
2e30af1a-aa21-5d3f-8ffd-c22dab3774ec,1785277075327,sender,0,False,,,,False
e16816a1-c4fa-5fa2-9737-5b6d8ec542b6,1785277075374,sender,0,False,,,,False
07b594a5-26b8-5b69-9349-73d5820f2468,1785277075381,sender,0,False,,,,False
10a5ef33-8adf-582e-b865-cadc8d14c6fe,1785277075402,sender,0,False,,,,False
1ee395ed-7b21-54b1-931e-da9e0bebd7a8,1785277075408,sender,0,False,,,,False
fec7bb80-3337-5e90-8387-27227c7802db,1785277075410,sender,0,False,,,,False
9a1fc954-f827-5049-acf0-935c30ddca20,1785277075473,sender,0,False,,,,False
97d4346a-ed6e-537f-a908-cf72c5d91d61,1785277075475,sender,0,False,,,,False
ab331438-2d72-52b1-8da1-1d1f56f451e4,1785277075481,sender,0,False,,,,False
db60722b-22ff-57c4-b6d9-70d7f46021d4,1785277075509,sender,0,False,,,,False
fb6720c8-4a8a-59fc-bedc-862dc6d15634,1785277075565,sender,0,False,,,,False
be5fd3e3-00e9-58ca-985b-7ac78f9035d7,1785277075573,sender,0,False,,,,False
67c1dd17-5b45-5180-b7b6-5a357bd8eda5,1785277075589,sender,0,False,,,,False
e90d0873-048d-5839-be2f-140e1d188ce0,1785277075599,sender,0,False,,,,False
57c482bd-691f-54ba-80fd-1e623406f24b,1785277075601,sender,0,False,,,,False
ed71afdf-ced6-5665-ba22-d5cb2296bb25,1785277075644,sender,0,False,,,,False
a094f836-2e66-5acf-8a56-b178b08b7bc5,1785277075650,sender,0,False,,,,False
0bf2270a-6807-5094-bbc8-2d4d58d22269,1785277075683,sender,0,False,,,,False
d3ebe4cf-ebfe-5559-9b4b-7b05f0fa6b97,1785277075685,sender,0,False,,,,False
b2c1b782-b7b6-5676-8e8d-e0b6228b63c9,1785277075691,sender,0,False,,,,False
4fc7c8f0-df21-5476-a9b4-81361a7dd6e7,1785277075779,sender,0,False,,,,False
7b9cd4a2-3544-5067-acdf-d6355a335d51,1785277075795,sender,0,False,,,,False
2b43986b-cef3-5c3e-8f5c-8cb2ad1ba776,1785277075803,sender,0,False,,,,False
8dbb3398-f1d6-56ec-b1c4-7049a40e3b42,1785277075815,sender,0,False,,,,False
9ce6459d-efb0-5384-a0a7-99c90dbd16d6,1785277075825,sender,0,False,,,,False
ead87d6a-bea9-5fae-a9b1-57f69411e351,1785277075834,sender,0,False,,,,False
44814daf-4676-5097-a1c1-d6cbb7251d4f,1785277075870,sender,0,False,,,,False
fcf7b0e5-6f45-50f7-99c7-baab9ebf953e,1785277075877,sender,0,False,,,,False
ca87d2bf-3dcc-5d09-93d8-44e547b5f854,1785277075901,sender,0,False,,,,False
e3fe42a5-5d95-5548-963a-43855dcc14f2,1785277075903,sender,0,False,,,,False
7a3a2948-1b19-5b69-95f7-e20b0914627f,1785277075916,sender,0,False,,,,False
ba9b4694-f645-55e4-971d-70c361b921ca,1785277076004,sender,0,False,,,,False
45e8fe48-7db6-54c8-855d-259385e336d5,1785277076015,sender,0,False,,,,False
976c0048-d6ec-5f9a-a581-32588b11f561,1785277076025,sender,0,False,,,,False
0ad8461e-fbac-5449-a6dc-e678fa82bbfe,1785277076043,sender,0,False,,,,False
e1fa0ac3-ef9f-5fff-bd96-7e2fff14119c,1785277076045,sender,0,False,,,,False
adf4fa3b-f3a3-5e21-90b5-90fb3d83def1,1785277076046,sender,0,False,,,,False
0d957747-4246-5495-9200-ced50668d77b,1785277076096,sender,0,False,,,,False
0a62cadc-4bab-5acc-ad03-53b9847e4677,1785277076111,sender,0,False,,,,False
264498d4-519d-531b-9707-6d94be47816a,1785277076118,sender,0,False,,,,False
3732f2d8-1590-5c3d-99a7-f07734bfc004,1785277076156,sender,0,False,,,,False
db118315-b034-5b27-83f3-7e25e5634bca,1785277076184,sender,0,False,,,,False
27f02f92-d291-56e8-8cde-f84789c7b6ee,1785277076190,sender,0,False,,,,False
35163c01-4c3f-5a93-8356-338b0a1609b8,1785277076196,sender,0,False,,,,False
851aa30a-b078-5581-a39f-00eaff6e1bf3,1785277076214,sender,0,False,,,,False
18e89527-fe8b-576a-80db-659cf5df6a00,1785277076216,sender,0,False,,,,False
56de1920-1edf-5a3e-a846-497aa464195a,1785277076272,sender,0,False,,,,False
3bc7f72d-8e5c-5f06-880c-d23b4c9ee0b7,1785277076278,sender,0,False,,,,False
b586faea-d9e8-5d17-98df-63df96030db8,1785277076298,sender,0,False,,,,False
81af5c9e-cadd-5795-842e-650ef2e7b2a3,1785277076301,sender,0,False,,,,False
c61f4fcd-293c-515f-ac90-a4726e650b72,1785277076318,sender,0,False,,,,False
eccee137-ad75-538d-9d47-04fb56568332,1785277076378,sender,0,False,,,,False
7d5409e7-0fe4-5df9-83af-e72f22905e41,1785277076379,sender,0,False,,,,False
1a2347fb-52ec-54c6-a317-5230bc93f8ca,1785277076381,sender,0,False,,,,False
edee6e32-4018-5866-8fd4-5f6e901de7c7,1785277076414,sender,0,False,,,,False
a5429f01-783e-510c-874b-0e5df7081457,1785277076425,sender,0,False,,,,False
6efbac68-af97-5042-b1ee-32e04215ed15,1785277076427,sender,0,False,,,,False
82bc6020-d598-5fde-b23e-0d5b6c975e8d,1785277076499,sender,0,False,,,,False
43ece105-e846-511d-9c78-e64e1db2e435,1785277076505,sender,0,False,,,,False
bbf0dead-de04-5431-8994-6ea4f7fab767,1785277076562,sender,0,False,,,,False
5832a088-f4b2-5df0-a75e-d8403d4ed627,1785277076578,sender,0,False,,,,False
e9f33592-1f49-5ce8-8ee6-5664a51d8079,1785277076579,sender,0,False,,,,False
4ebc8077-1cab-54cc-a31c-34179a6e5cf9,1785277076638,sender,0,False,,,,False
ae215321-f943-5a00-9d93-ab1280dda62c,1785277076661,sender,0,False,,,,False
a60f0974-6e22-5da1-a6fa-436e1f333424,1785277076681,sender,0,False,,,,False
a1d604f0-e5f3-560c-b425-8198d5ab57bc,1785277076700,sender,0,False,,,,False
4ecac834-bd41-51af-bdad-b67b2f1ca751,1785277076703,sender,0,False,,,,False
357ebf7e-8b67-5926-9269-64a8b2681aa5,1785277076732,sender,0,False,,,,False
905b956c-1c2a-5a3e-b69b-3603ca1041fa,1785277076733,sender,0,False,,,,False
46217741-1025-5b50-beef-e6f8364ffc45,1785277076750,sender,0,False,,,,False
0819a973-eb71-5d1a-a64d-17e6bfb72ea4,1785277076760,sender,0,False,,,,False
7ef2d019-76e2-5741-a5b7-e5aedd66c0d4,1785277076762,sender,0,False,,,,False
44810cd1-f9cd-56ad-8c31-335492e54299,1785277076778,sender,0,False,,,,False
c6975e0d-5a6f-5311-97cd-937f58c58f6a,1785277076814,sender,0,False,,,,False
7a4615b7-dc5a-5d83-ada4-d0d21c8e6ada,1785277076820,sender,0,False,,,,False
20659055-b9e1-52f9-ba95-ecb3a51ea799,1785277076908,sender,0,False,,,,False
e5ccee86-70e0-56a9-9e98-35288685fa8e,1785277076940,sender,0,False,,,,False
a2b6d530-8fd4-588b-9b2d-8982c1e0fcc2,1785277076942,sender,0,False,,,,False
955fbc9f-63a6-58c0-a538-c5de7efe1956,1785277076948,sender,0,False,,,,False
8afbe5b7-fa9c-5be1-80de-d78ddc3a43dd,1785277076971,sender,0,False,,,,False
89031d61-8d71-52f9-9b03-c05431b9d557,1785277076973,sender,0,False,,,,False
9c3b4b59-3806-585b-a691-32816cbfe649,1785277076995,sender,0,False,,,,False
e979c463-1cb2-579a-8452-a953f0820dba,1785277076997,sender,0,False,,,,False
f7e3468c-144e-55da-89c9-815cc34a6ad4,1785277077017,sender,0,False,,,,False
f46dfa2b-4435-5474-a2a4-28aa4dda9e5e,1785277077134,sender,0,False,,,,False
3d269df5-f4fe-5c27-b43a-ccc4d9820ee7,1785277077135,sender,0,False,,,,False
2c0a55a4-9ebf-5c37-849d-244638536b8b,1785277077155,sender,0,False,,,,False
a81b0f48-0c04-5575-b5a5-245a1a2a3111,1785277077158,sender,0,False,,,,False
7030d9bb-be9c-51b9-a819-8098060a2564,1785277077178,sender,0,False,,,,False
8d938d80-e4c8-5b57-b128-d27605955844,1785277077185,sender,0,False,,,,False
06236095-78ac-58cd-b438-917fbff1b092,1785277077191,sender,0,False,,,,False
f5a9bf6f-34f1-5302-99e1-c07bc05afb88,1785277077206,sender,0,False,,,,False
50e67064-3384-5380-834d-bbe7b16607bd,1785277077263,sender,0,False,,,,False
ceed934e-9950-5c9a-adbd-4b5b5b062870,1785277077284,sender,0,False,,,,False
bb8e5921-52c0-57e4-b1ed-75e023867313,1785277077294,sender,0,False,,,,False
ad3502f8-d945-5683-86f0-20f0ebca151d,1785277077309,sender,0,False,,,,False
ca61688f-6049-5cfe-87ed-d50bbbcf6d31,1785277077366,sender,0,False,,,,False
16d69dd4-c165-51fa-9f30-261a8fb03831,1785277077409,sender,0,False,,,,False
a77b7595-332f-5ed6-b30d-df66c681abb2,1785277077411,sender,0,False,,,,False
06f7f859-5b1d-5dca-9fa5-6f6a7f451afe,1785277077414,sender,0,False,,,,False
c9779c11-f949-573d-8ce8-584de4d320c9,1785277077454,sender,0,False,,,,False
4ad6f4eb-a7f8-5414-9216-6b82fdc0ea4d,1785277077455,sender,0,False,,,,False
cc3e6850-db8e-5158-8049-875aadacbac5,1785277077457,sender,0,False,,,,False
bea54522-15b5-5199-b873-7018f793c726,1785277077479,sender,0,False,,,,False
725df524-e0fc-5988-90ac-ba849511fd7b,1785277077480,sender,0,False,,,,False
1f5bd0f3-cf5f-541c-bc02-82f111079278,1785277077490,sender,0,False,,,,False
1482c9e6-4759-525b-a468-e4d7b2dec4a7,1785277077513,sender,0,False,,,,False
1684505f-9792-58f2-9170-e70a551dea2a,1785277077521,sender,0,False,,,,False
4e349bd3-5b1d-5a0c-8d71-24b69fe25c41,1785277077632,sender,0,False,,,,False
1fe69a34-d5e8-581e-8d41-05e4a51c893f,1785277077683,sender,0,False,,,,False
095dce8b-d622-5b45-afef-33b5a8b27ccb,1785277077686,sender,0,False,,,,False
e0396321-bddd-52ca-811a-228c4b14065d,1785277077688,sender,0,False,,,,False
dc48042d-1b3e-521d-8647-5ebe31adee11,1785277077689,sender,0,False,,,,False
95fd4499-b7df-56db-9f88-48dc063cb703,1785277077691,sender,0,False,,,,False
33cfb85c-271a-599f-9565-63c405442777,1785277077714,sender,0,False,,,,False
e133ad2b-7610-5d73-84b3-d2578e9a904b,1785277077717,sender,0,False,,,,False
ca5b50c0-3fa6-5da7-ac9a-e66bf622b85a,1785277077724,sender,0,False,,,,False
04dc4ed7-6d01-5a1f-89d6-fb5ddc14b1ee,1785277077758,sender,0,False,,,,False
86aca71f-894a-5ad0-871e-b7378c7d7cd8,1785277077805,sender,0,False,,,,False
6d0100bf-9bcc-5390-a8ab-ecb776bfab80,1785277077821,sender,0,False,,,,False
f39d776d-d246-5e94-bbc9-4e10281691af,1785277077848,sender,0,False,,,,False
0ce74474-d66b-5099-a506-8c41ddc72206,1785277077855,sender,0,False,,,,False
23f73d18-c9c9-5826-9c20-65cb8629d868,1785277077893,sender,0,False,,,,False
fbafb44a-60a1-5939-9f42-a56c48893cba,1785277077899,sender,0,False,,,,False
99fb80cd-6150-50ae-b7a1-7822010531b4,1785277077905,sender,0,False,,,,False
b7d4cf87-e1aa-5510-a55d-0954ba70b2fd,1785277077943,sender,0,False,,,,False
5d15c22f-f0bb-5d5c-a9c6-cb890a05f696,1785277077983,sender,0,False,,,,False
f9edc51e-1181-587b-9052-d1dee4b3060a,1785277078071,sender,0,False,,,,False
2e891e09-8dd2-5d6a-84ea-a58b557ab0df,1785277078073,sender,0,False,,,,False
11f0f725-0f6c-5c03-a64f-f9f3fc0e6bf4,1785277078075,sender,0,False,,,,False
f341b414-d0c2-57e9-b7bc-d42c4770c664,1785277078086,sender,0,False,,,,False
18fa40ed-970f-598b-b464-c2341c35001b,1785277078109,sender,0,False,,,,False
22b3717c-0fee-5ae6-8b34-cbde4f79aca3,1785277078111,sender,0,False,,,,False
b4d7d017-5057-5816-9e2f-9623accc5fd6,1785277078123,sender,0,False,,,,False
41c11b83-dabc-559b-8dfb-8184d8667f48,1785277078125,sender,0,False,,,,False
ea109b50-12fb-575e-b413-ad92f627f5c2,1785277078163,sender,0,False,,,,False
3cb05594-5bd5-5267-ac1e-b432fb8a027e,1785277078210,sender,0,False,,,,False
18570155-e5bb-512f-8f60-0e4ef43504e5,1785277078223,sender,0,False,,,,False
5d113b0b-e0ed-541d-9dbf-5ff31e27a62b,1785277078249,sender,0,False,,,,False
c1095279-010e-5580-8641-88d401604750,1785277078254,sender,0,False,,,,False
11c3ef29-2d9e-563a-8892-4e6a75d14da6,1785277078260,sender,0,False,,,,False
58187735-0fa3-58e9-969a-592d37be7726,1785277078346,sender,0,False,,,,False
f8c9ccef-683c-5110-8fba-16cda5d198c9,1785277078357,sender,0,False,,,,False
ce67b93d-36f0-5d65-b9b8-c3728f1a7ecf,1785277078396,sender,0,False,,,,False
fabf737e-206d-5573-ad17-201541a31edb,1785277078398,sender,0,False,,,,False
d7f74f63-e4a9-5387-bede-58802f1bc599,1785277078400,sender,0,False,,,,False
43a5db20-8f9d-5779-8353-a27b6867a64c,1785277078401,sender,0,False,,,,False
8307a695-0723-5602-bdcf-84ad67acd216,1785277078423,sender,0,False,,,,False
99fabdaf-1d13-5e98-a516-105dc2b0d269,1785277078425,sender,0,False,,,,False
9ed6fdcd-7ba9-542b-894c-fb735b6571d0,1785277078434,sender,0,False,,,,False
e9547ddb-7913-55db-b17e-35d7f3cadeed,1785277078441,sender,0,False,,,,False
c1ebf0e8-5e46-5f88-b823-a0a248ceb32d,1785277078530,sender,0,False,,,,False
41f1a006-53d1-547a-bfe6-3dfb33273508,1785277078533,sender,0,False,,,,False
93a90398-3f40-5f6c-a340-196e585b3f1f,1785277078541,sender,0,False,,,,False
443ec8fd-3ac2-53ad-adfd-133deb9555c9,1785277078574,sender,0,False,,,,False
e0505895-fd1d-51d2-ac8a-de4b81a5a959,1785277078585,sender,0,False,,,,False
42bd6a4f-4899-5ff8-b75c-3d613d66ab91,1785277078587,sender,0,False,,,,False
35fdfa15-37ea-5d62-a8e0-bf53c66d7eb4,1785277078606,sender,0,False,,,,False
4b6e11c3-47f6-5715-afec-84e572e4a574,1785277078608,sender,0,False,,,,False
da78aa3a-45af-574f-b2ed-9d1b0ad7feb1,1785277078620,sender,0,False,,,,False
188bf5d0-4d2b-5548-8bc8-1dd7053c0456,1785277078635,sender,0,False,,,,False
dfc8e264-8292-5f6f-a55d-f01333ea9258,1785277078642,sender,0,False,,,,False
77429795-ad0b-5851-927c-2d3987894308,1785277078751,sender,0,False,,,,False
aeff3217-5dab-5ccf-8f65-6a46cadf04aa,1785277078787,sender,0,False,,,,False
78e33588-dd7c-5ad4-9a16-2cba4c8274be,1785277078789,sender,0,False,,,,False
2c6cca74-78d2-5bfb-a04d-571884232f53,1785277078791,sender,0,False,,,,False
91d8b4f4-6b9e-5c10-9301-840f42449447,1785277078792,sender,0,False,,,,False
41e1fc9f-2bb9-5da1-b4a0-2b71d84147d6,1785277078804,sender,0,False,,,,False
42ec1757-5cfc-51d8-8393-120ad3f4a098,1785277078806,sender,0,False,,,,False
4e16ef9e-bfde-5640-9532-3b088bbe70df,1785277078821,sender,0,False,,,,False
8e570392-47b2-53ce-8548-739ad7f2fa1f,1785277078838,sender,0,False,,,,False
46d470ac-acbe-5693-b1ba-08f3ba443b8d,1785277078890,sender,0,False,,,,False
557c10ff-a05d-5d8e-a1c5-b85530f70f81,1785277078939,sender,0,False,,,,False
d3a1ca79-b81f-537c-b3b6-e1b14d8c6116,1785277078966,sender,0,False,,,,False
e94dc405-3708-5896-aef6-7d925820a3d5,1785277078994,sender,0,False,,,,False
7e2aa62b-5078-5ed0-90c0-da97a886e9d5,1785277078995,sender,0,False,,,,False
192e8948-3446-5ab7-8006-6193f398d638,1785277079021,sender,0,False,,,,False
b46ec797-dc60-521a-9b0c-e653de12dd6c,1785277079042,sender,0,False,,,,False
d8eda92d-4eef-53f9-8331-53cf6bf93139,1785277079043,sender,0,False,,,,False
e4ab57b3-bea1-5fc6-a6cb-09741a9642e5,1785277079075,sender,0,False,,,,False
074629e7-b2c3-58cc-bd78-c57981cacb64,1785277079077,sender,0,False,,,,False
93fa47ff-6fa9-5b0d-aa28-37edf6bc949a,1785277079099,sender,0,False,,,,False
335533a0-9cb2-55de-9527-358576c8823c,1785277079108,sender,0,False,,,,False
6e463351-5636-5428-a79d-24c7c48776eb,1785277079151,sender,0,False,,,,False
dd5e155a-4467-5f7e-8305-0708f2f9aa99,1785277079168,sender,0,False,,,,False
cdd9114d-a169-5a04-932c-b842e19920fe,1785277079203,sender,0,False,,,,False
7941305a-0f69-5939-8c2c-7adf83edb433,1785277079219,sender,0,False,,,,False
5c091abe-9f2a-5e05-9003-5530697048ec,1785277079230,sender,0,False,,,,False
f505a353-d440-57ec-bb5a-ee5ee1ceb8bc,1785277079252,sender,0,False,,,,False
f8621c06-65e6-5c73-bf18-84e703c7e8eb,1785277079284,sender,0,False,,,,False
dc1934dc-d3bb-56d4-bd57-f2c531d4419f,1785277079286,sender,0,False,,,,False
b9be11f8-75e3-5f4e-9234-6a58a03b6228,1785277079287,sender,0,False,,,,False
2964837b-2ff3-51b0-bcc8-7adcdd060fb9,1785277079293,sender,0,False,,,,False
7e503aea-396e-5529-8ac3-1132920071ae,1785277079335,sender,0,False,,,,False
a05f698f-9b31-5ff7-b58b-bc56b4593fcd,1785277079344,sender,0,False,,,,False
bab93c8e-2b63-518f-9811-e51607ad0bf0,1785277079365,sender,0,False,,,,False
a59f7897-c753-5b2e-a347-3f1b8e43ef78,1785277079368,sender,0,False,,,,False
be6e12b7-4637-54d0-a2be-3a062af6a7ae,1785277079513,sender,0,False,,,,False
00a35bc0-cbe6-5f2e-aa7c-59da6520ce41,1785277079533,sender,0,False,,,,False
dcb86560-4a16-55a9-bcc2-7f5b55b5904e,1785277079535,sender,0,False,,,,False
84639b49-cab6-5c11-a767-c1010454a1df,1785277079547,sender,0,False,,,,False
cdb41ad0-fe82-5ceb-923b-56c52dbbb497,1785277079549,sender,0,False,,,,False
079536a6-6f34-5c0f-b7c9-29c687063dea,1785277079579,sender,0,False,,,,False
a88f8b4f-25ea-579d-af7c-328cbb3d8250,1785277079580,sender,0,False,,,,False
e7c62cc5-813e-50fa-a75c-7914d4d3887a,1785277079582,sender,0,False,,,,False
a3965b5e-d4e8-59ef-89d7-78c4cb2cf5c9,1785277079604,sender,0,False,,,,False
cc587e2b-e437-5270-95d5-6f147451e733,1785277079706,sender,0,False,,,,False
dc5c088a-faa3-5132-86a2-38b2efffb317,1785277079760,sender,0,False,,,,False
58a52663-4bcb-5da0-b025-6cdd643747fe,1785277079762,sender,0,False,,,,False
e88f4dd9-5002-5a40-acdf-98aeda6d89f4,1785277079763,sender,0,False,,,,False
618872f6-7846-53d8-8810-157812d3757d,1785277079765,sender,0,False,,,,False
c8042544-5788-58a6-af22-a9cf75fed34f,1785277079766,sender,0,False,,,,False
41f4b613-ac6d-5261-9986-ab33764606fd,1785277079788,sender,0,False,,,,False
cb8e3730-b109-5000-a539-31059816cdd8,1785277079790,sender,0,False,,,,False
311659ef-6299-54e3-b5ed-2bc7f14d8dbb,1785277079796,sender,0,False,,,,False
463ce176-82bc-54db-9c41-5d6b85b4e9e9,1785277079871,sender,0,False,,,,False
89a8f3f3-4870-52ec-9430-c14127ebc8b5,1785277079878,sender,0,False,,,,False
26a5c0e0-6c62-5539-add4-3fe5f71088bb,1785277079889,sender,0,False,,,,False
d788a4dc-f0c2-5a6c-ad2d-13baca763c74,1785277079899,sender,0,False,,,,False
c31e0b75-3ed5-5c69-a9e6-cafc9f28d64c,1785277079957,sender,0,False,,,,False
8b2a733a-5a5e-5bf6-b0e9-4f64ee1f0142,1785277079959,sender,0,False,,,,False
e8fe06c6-a9ff-530e-9ef3-0f9b086d4b72,1785277079960,sender,0,False,,,,False
64cdac3c-68b1-5417-b7d0-9828aaac9c5c,1785277079969,sender,0,False,,,,False
af839192-595d-5a72-b066-ff5aa7b28399,1785277080009,sender,0,False,,,,False
e790538f-17e4-5819-b793-47a50c6b8d32,1785277080062,sender,0,False,,,,False
1b21c93b-d8e7-5161-b399-787e012b1687,1785277080095,sender,0,False,,,,False
b108b4ae-435a-52ea-b011-9de503452ec0,1785277080097,sender,0,False,,,,False
c3a1e4b4-22fd-5ece-a1e9-467decec8c94,1785277080099,sender,0,False,,,,False
be8d52b0-4e93-5267-b2df-3b548cc8c479,1785277080116,sender,0,False,,,,False
2241099d-10d8-5d96-b454-dc2b226d9796,1785277080118,sender,0,False,,,,False
ef2fee4b-f01b-5ee3-9265-386128a60318,1785277080138,sender,0,False,,,,False
27e8642d-2edc-5bb0-bf1a-a5042f6f2a6d,1785277080146,sender,0,False,,,,False
77ce7910-dddb-5c49-8091-060b78a89fcd,1785277080153,sender,0,False,,,,False
89df509a-9983-5728-8d99-e6f8b4a80e27,1785277080188,sender,0,False,,,,False
823f69ab-e34e-58bb-8d71-17dacbab6e35,1785277080286,sender,0,False,,,,False
f1f7c807-1b0e-5109-9abe-2332a320c56d,1785277080312,sender,0,False,,,,False
e85df92c-e800-5614-a8f3-465effef0752,1785277080361,sender,0,False,,,,False
0f323ed2-3c5f-5cca-a320-bf4c4b02dfc5,1785277080363,sender,0,False,,,,False
a7e9235b-6412-5719-9f46-721294e97cbf,1785277080364,sender,0,False,,,,False
2cc38bb9-3d30-55ea-9843-3f27f3f82864,1785277080366,sender,0,False,,,,False
b87dddbb-3403-586a-85cc-b0c2d4b86b6b,1785277080393,sender,0,False,,,,False
53eb0177-9177-5794-a8ed-e120bc001fd4,1785277080394,sender,0,False,,,,False
37a4b93a-84f7-5ac3-8ae6-795fde783922,1785277080410,sender,0,False,,,,False
fad24ce1-c763-52f6-8f9e-a2311623e9bb,1785277080420,sender,0,False,,,,False
06b6eda5-dd3e-5412-b3c9-dafdf75b0fbe,1785277080445,sender,0,False,,,,False
faf8c46f-32de-5d6b-929e-55c0dd25a448,1785277080506,sender,0,False,,,,False
b6c38c48-5776-5301-a0dd-e4dc32377724,1785277080516,sender,0,False,,,,False
8947a55c-0d9a-50b0-8042-d3115cdbed41,1785277080527,sender,0,False,,,,False
0aa92f0c-447c-5c28-a5eb-cbc7d5229671,1785277080593,sender,0,False,,,,False
0c97ab9a-b415-575d-90ff-452c67ce0c8e,1785277080608,sender,0,False,,,,False
dfcfd831-c12f-5ecb-8d4a-3365755af67b,1785277080615,sender,0,False,,,,False
3b2eefba-0921-590a-9c17-4c69388f8dd0,1785277080626,sender,0,False,,,,False
49c412db-cab3-58c8-9435-3724bc180e74,1785277080628,sender,0,False,,,,False
aeba472e-2f87-5f3c-ad5a-d5e7b4491cd3,1785277080648,sender,0,False,,,,False
9d918ca8-0eed-5078-965e-c78044ec8989,1785277080729,sender,0,False,,,,False
a3d7e06a-1212-5fe7-8429-2688a6e79d91,1785277080745,sender,0,False,,,,False
ba45a917-0765-57af-a5c5-90c19128b7b4,1785277080766,sender,0,False,,,,False
83125286-c663-51b0-9180-9463d60f07fa,1785277080768,sender,0,False,,,,False
ac435b96-526a-5c3c-8e27-7918d9c7e8d6,1785277080803,sender,0,False,,,,False
29b9b94b-3098-5952-8231-4493b432b85c,1785277080805,sender,0,False,,,,False
049a360d-54a4-5ed7-b8b1-914c5db9c439,1785277080807,sender,0,False,,,,False
3e83e50b-3011-54a7-ba47-8a85eef0ea24,1785277080812,sender,0,False,,,,False
4d921ebf-5656-5670-b567-aac16b4b51c9,1785277080830,sender,0,False,,,,False
ec3aaa0e-98d0-5f46-a9b7-1db7610f7978,1785277080838,sender,0,False,,,,False
d51f6b5d-15fa-5146-9302-3b78839bdb64,1785277080965,sender,0,False,,,,False
b710dd5a-5c9b-5ec3-a041-d257f82b6447,1785277081005,sender,0,False,,,,False
82d847a7-ac66-539c-9aa0-052e47378b49,1785277081042,sender,0,False,,,,False
b7e0cc10-a1b5-523b-a6ab-044d942cf58c,1785277081058,sender,0,False,,,,False
e64a723b-3f47-58ca-a4d1-b28525d0a41c,1785277081068,sender,0,False,,,,False
02192c51-5adb-5a44-b9fe-4bbec26e5f05,1785277081070,sender,0,False,,,,False
b9d7cf52-060f-56af-9b57-3108e08a57fd,1785277081072,sender,0,False,,,,False
83972bfa-9450-5a21-bdd6-9737c02565a1,1785277081083,sender,0,False,,,,False
bd401f57-5066-50dc-984c-27547685b1ab,1785277081093,sender,0,False,,,,False
5be7725e-c7db-5559-9b32-e0d7150da3e2,1785277081101,sender,0,False,,,,False
863a5ae1-10cb-551c-947f-99d23629aa74,1785277081134,sender,0,False,,,,False
66ccf2af-2992-5177-98ea-6076c032d078,1785277081180,sender,0,False,,,,False
05ff75e4-f938-583f-badf-10db44bb42a5,1785277081191,sender,0,False,,,,False
8bd7369a-7283-5232-b65a-8c58b5758d0a,1785277081193,sender,0,False,,,,False
2ebf6241-1e0e-5624-8141-cf6c9f4678e6,1785277081223,sender,0,False,,,,False
fe75081f-0868-5214-aff0-9214fd8f5352,1785277081229,sender,0,False,,,,False
75bf00ed-2827-5d60-9ee0-1fd72b70a8e3,1785277081244,sender,0,False,,,,False
801451fd-4842-5b85-bd64-827514b7066e,1785277081262,sender,0,False,,,,False
48d9e4e3-ffce-5a91-aad1-73f2abfb78f9,1785277081279,sender,0,False,,,,False
cafd275c-9d31-518f-90e1-3f4f1aac75ca,1785277081320,sender,0,False,,,,False
527edac5-3510-5011-9b60-e4046175a8f8,1785277081322,sender,0,False,,,,False
9db18634-27ba-5634-9251-e1674615317b,1785277081373,sender,0,False,,,,False
b2052aca-561b-53a8-abb6-a9f3a4a8becf,1785277081408,sender,0,False,,,,False
e012f7d2-82ff-5fc4-b180-c9f4765b6ff4,1785277081442,sender,0,False,,,,False
645219a3-1ca0-5866-bfaa-c18a408dff21,1785277081444,sender,0,False,,,,False
b78de21b-3ef3-5e4f-b698-4f04608586db,1785277081445,sender,0,False,,,,False
c50ade55-d0ed-5462-9ea8-bb59f518f797,1785277081495,sender,0,False,,,,False
4566b17c-bd62-55ea-b9a0-bca7371f0d58,1785277081505,sender,0,False,,,,False
37b3829a-3d78-5d56-9f61-f7e326c225bb,1785277081530,sender,0,False,,,,False
3da1dfaa-b7b1-588c-ae71-25fd304a6397,1785277081537,sender,0,False,,,,False
ea49d199-a89e-5da4-b6cd-429eb7785ac1,1785277081538,sender,0,False,,,,False
b37a5f27-2160-5862-9a94-ad50c837a713,1785277081545,sender,0,False,,,,False
0a44415a-92b0-5247-bba6-0524bf7446c5,1785277081579,sender,0,False,,,,False
b0683e79-0c1b-56c4-9ac8-5dca8c9b90b3,1785277081581,sender,0,False,,,,False
8bf86a1a-2dee-559a-a2d9-a2da79307107,1785277081628,sender,0,False,,,,False
84820bb7-8d64-5fa4-b917-8814c7666bf4,1785277081643,sender,0,False,,,,False
defeb524-c2ed-5428-af2f-83ae4b1f4cf6,1785277081725,sender,0,False,,,,False
1e51b459-feed-527a-9f92-bc1d7b598089,1785277081745,sender,0,False,,,,False
7e2b8c27-fd40-53a4-b82d-0a1198987979,1785277081748,sender,0,False,,,,False
8acb5c87-1b9b-5ac5-8165-ba808f8a04a3,1785277081777,sender,0,False,,,,False
93ed6497-baa1-5fed-9f69-bee7ed57ad9f,1785277081780,sender,0,False,,,,False
8e1146a3-9eed-5ad3-8e38-cd0c0c21ff4a,1785277081782,sender,0,False,,,,False
9bf99f70-0d30-523e-b69e-dd3405424d53,1785277081793,sender,0,False,,,,False
680e7f31-eda2-5b34-9b2d-4667a81ec18f,1785277081798,sender,0,False,,,,False
056d78d5-4628-50de-8b13-55102a4de719,1785277081833,sender,0,False,,,,False
5feb1d34-df9c-5174-9cec-da62ebc14c2a,1785277081834,sender,0,False,,,,False
1f8af807-08bc-533c-a868-49c29862a8f4,1785277081859,sender,0,False,,,,False
f9d89a4e-0800-5a19-a7bb-754954cfc88a,1785277081943,sender,0,False,,,,False
9942c1cb-56d2-54ed-9d46-f6deb7eb7e48,1785277081963,sender,0,False,,,,False
c0c8bb3d-7d19-5d92-8348-af91b4fca32d,1785277081965,sender,0,False,,,,False
f1f29a2d-3940-5bb9-a852-c584194c9f8f,1785277081977,sender,0,False,,,,False
fca4d7c0-5b1f-5d85-8529-eb9c9e8e88a0,1785277081979,sender,0,False,,,,False
e7cc5fa8-4980-5a4c-b6c9-fe28fb82302c,1785277081996,sender,0,False,,,,False
4e32677e-06bb-5b08-8988-b5a0b3af9826,1785277082033,sender,0,False,,,,False
3104959e-2b54-5c6c-b45e-3b51ea85e87d,1785277082079,sender,0,False,,,,False
20224058-3b69-5f8c-b302-e78df75d0dd6,1785277082128,sender,0,False,,,,False
34f25e9c-0af7-5e59-b44d-ab4f27ec3526,1785277082167,sender,0,False,,,,False
8a7152c4-3e0e-534b-a47f-defb2b8e7db8,1785277082170,sender,0,False,,,,False
d2c4f4af-e709-5bfe-bc36-f2f1ee2f7845,1785277082173,sender,0,False,,,,False
a55130bf-d09d-5424-85cc-b97833883628,1785277082200,sender,0,False,,,,False
9d3efef8-1d56-5bf9-9099-fc56f30c08f2,1785277082207,sender,0,False,,,,False
4a63ca0f-f6ee-5f26-ab02-87a87db3afa1,1785277082209,sender,0,False,,,,False
319efb5b-21e6-5f38-a246-adf1235b2dd2,1785277082236,sender,0,False,,,,False
1b58ca2b-c29b-5f09-9f8b-7e1730134945,1785277082245,sender,0,False,,,,False
1eeb40b2-b975-5399-b8a3-940f57e5830b,1785277082271,sender,0,False,,,,False
700225ef-2bcc-5655-a659-be1550d4eae6,1785277082303,sender,0,False,,,,False
ebf15539-c88d-5e98-af53-4297cd8b81bc,1785277082348,sender,0,False,,,,False
2da8a9b8-5ac9-5029-841b-87816cb1335a,1785277082359,sender,0,False,,,,False
b2ca182c-17a5-5944-b79c-b7bd701ba9f1,1785277082369,sender,0,False,,,,False
2a09c3fa-cc62-5992-a326-f25d5f84c406,1785277082395,sender,0,False,,,,False
b93eb515-11b3-5c18-8007-645d7eeda8a3,1785277082402,sender,0,False,,,,False
2d27cc84-4fb5-54b2-af3b-4b057b2a7ae8,1785277082408,sender,0,False,,,,False
7f1caf9b-88e3-5902-b20b-c3a4ff263bc9,1785277082442,sender,0,False,,,,False
9c516bcb-70e6-5f6b-81aa-26b0989608f3,1785277082540,sender,0,False,,,,False
442a8af6-6840-5d45-bcee-85eba54d39dd,1785277082619,sender,0,False,,,,False
b3760c58-e7d5-5978-9bb8-8967e9fe6896,1785277082622,sender,0,False,,,,False
f197b5b6-d7e0-5e2c-a880-8d3caf6921fd,1785277082625,sender,0,False,,,,False
4744f29f-b07c-5574-a9d8-9db3d17676e8,1785277082690,sender,0,False,,,,False
43621a6d-62c1-5c0c-b10a-0c24a4caab96,1785277082692,sender,0,False,,,,False
c97de470-406e-55f1-9b98-ec4f2d6b6abd,1785277082694,sender,0,False,,,,False
e721ef8d-4a24-583b-9640-6eedee03a580,1785277082708,sender,0,False,,,,False
976eee52-001d-5564-a4c0-2660bf83503b,1785277082710,sender,0,False,,,,False
c35df0d2-83d8-504f-a9be-8e0f0a1f328f,1785277082725,sender,0,False,,,,False
84c8405d-19e5-5c80-949f-43edf7560ae4,1785277082757,sender,0,False,,,,False
07dd33d9-4817-58cb-a6a6-717378ccc47a,1785277082787,sender,0,False,,,,False
0490485b-2609-5138-b09e-ae2dd867f20a,1785277082863,sender,0,False,,,,False
8f430e77-6239-59ed-8e78-a5b482d8dd9c,1785277082895,sender,0,False,,,,False
2754d7c2-0f54-5472-babe-08ed8d447941,1785277082897,sender,0,False,,,,False
23004c7b-327f-5880-8a14-391edfcb358b,1785277082919,sender,0,False,,,,False
477297fd-3f65-50d5-872e-d4754595727e,1785277082921,sender,0,False,,,,False
aeceab2f-9ce2-541f-8765-b6f477c5b262,1785277082922,sender,0,False,,,,False
6bf04425-3e18-5041-b793-0a0b83a40655,1785277082956,sender,0,False,,,,False
0e48acd5-2a3a-5d90-aed1-a009b0335dbe,1785277082958,sender,0,False,,,,False
0acfe7b4-12e4-5934-8377-b2e119a90e1a,1785277082967,sender,0,False,,,,False
e4365230-47d8-540a-aeba-0dbe0c92dca4,1785277082986,sender,0,False,,,,False
f5147037-62e3-54d1-b260-b72e61f471ef,1785277082993,sender,0,False,,,,False
fc9839ab-416a-5aa8-bb02-86a1a431219d,1785277083023,sender,0,False,,,,False
46dde497-de5b-533c-b407-aed5fd4eb1ab,1785277083029,sender,0,False,,,,False
7faa3ae5-4af8-508b-8f70-22b3afb56cad,1785277083035,sender,0,False,,,,False
7010de0a-fcb6-5aad-8854-d812f7b6e743,1785277083068,sender,0,False,,,,False
b143cae4-316d-5359-9698-06e4238c5ddd,1785277083083,sender,0,False,,,,False
06a90e20-7608-545e-a296-26231807e152,1785277083091,sender,0,False,,,,False
6303f2cb-b5a4-5d4a-9818-ea8d8aae3b91,1785277083123,sender,0,False,,,,False
7443f5a1-a8de-5f38-8bf0-909e0ad5fedc,1785277083146,sender,0,False,,,,False
39287d7b-ffcf-5e9d-b7d3-5f9f4f58d1f9,1785277083168,sender,0,False,,,,False
b1b907fe-bba4-58cb-b8bf-da7768795bd4,1785277083175,sender,0,False,,,,False
7b05f31b-8d47-55be-ab20-df7cbdb2c6ee,1785277083181,sender,0,False,,,,False
555f8fe7-cd4a-58bd-976b-72a7c82f3652,1785277083208,sender,0,False,,,,False
0d9c2db4-4b1e-51aa-806c-ee21a34e0fab,1785277083252,sender,0,False,,,,False
1f2c6c9f-a0f9-5e52-aa49-5cddbe9f9cfb,1785277083277,sender,0,False,,,,False
437b3322-6eba-5693-995c-fae42c440752,1785277083282,sender,0,False,,,,False
f1186a59-e5da-58aa-802f-b97d3ccd0a2e,1785277083295,sender,0,False,,,,False
3d6edcd5-7dbd-57e6-acdd-80a2271b9a76,1785277083307,sender,0,False,,,,False
a1efcb9b-9d4b-5b8c-99cc-469edbdd77dc,1785277083319,sender,0,False,,,,False
6a94b44a-8a99-5922-8e00-4894ce731c72,1785277083333,sender,0,False,,,,False
4b517637-eee4-59f4-83ae-9a2675271528,1785277083344,sender,0,False,,,,False
679cd667-f474-56a6-916a-b5c36a817c7b,1785277083384,sender,0,False,,,,False
119a53e1-c7e7-5947-b1f1-b98cffbb939e,1785277083398,sender,0,False,,,,False
9970a6cb-3d8e-5e77-979a-9c522de9c068,1785277083405,sender,0,False,,,,False
a05f45f0-2879-5570-b9fe-276935b012e6,1785277083419,sender,0,False,,,,False
1e68971a-276b-575e-992a-61c054391ba1,1785277083473,sender,0,False,,,,False
c25b4a1c-64c5-5d83-8e30-80af4ffd5024,1785277083483,sender,0,False,,,,False
da81e79f-16ea-5c38-8785-41b5ba4deda0,1785277083484,sender,0,False,,,,False
47452f6f-326a-566e-866a-4c528ead0df7,1785277083573,sender,0,False,,,,False
0c3fd302-4d5a-55d6-bf24-0bba4f78531a,1785277083588,sender,0,False,,,,False
a1b22e1a-c43d-5956-b4a7-73148a16b353,1785277083604,sender,0,False,,,,False
1bcc7b18-0c91-5238-a7db-f7795ab1611b,1785277083615,sender,0,False,,,,False
d6d7ae09-4da9-500b-9886-df70c9dc99ec,1785277083617,sender,0,False,,,,False
a36cb63e-cbf3-55b0-98fe-c156c24f4947,1785277083637,sender,0,False,,,,False
a9de704b-386a-52f6-82d0-c42ccd4df70a,1785277083640,sender,0,False,,,,False
b7d3e5b7-9fb9-520f-93fd-fa7189f58d0e,1785277083659,sender,0,False,,,,False
a8f3be82-2586-588b-b3b3-38e326addacc,1785277083703,sender,0,False,,,,False
39398560-76d3-5667-81de-471424f789e0,1785277083719,sender,0,False,,,,False
ee47feca-b81f-59ed-9dd7-0e57a4ac363d,1785277083769,sender,0,False,,,,False
b1e14700-7b3a-5890-a870-8b95cc6a813b,1785277083770,sender,0,False,,,,False
c5fcc4b6-c640-53b8-9afa-98df645fee4c,1785277083788,sender,0,False,,,,False
0455bc8f-9c76-5f06-89fc-5e8f2995ec0f,1785277083794,sender,0,False,,,,False
25b947f6-7784-5bed-a015-185014890246,1785277083801,sender,0,False,,,,False
9a84766c-af96-5062-8cbd-ee82e0a6a6d1,1785277083881,sender,0,False,,,,False
b4babe02-3c0c-5901-9d40-94207c5e2090,1785277083897,sender,0,False,,,,False
a600dabb-ef42-551f-ade9-670768d5df54,1785277083925,sender,0,False,,,,False
b027c1ee-d55f-5b8a-aa2a-cc28abab1b7e,1785277083928,sender,0,False,,,,False
c78e1614-6b28-59d3-a000-f7d53025c0a5,1785277083930,sender,0,False,,,,False
f2a6fb68-3499-54d8-a28d-e8d12da893d8,1785277083974,sender,0,False,,,,False
25ce175b-6291-56f9-a1ac-49a444018016,1785277083980,sender,0,False,,,,False
48e856fb-60a7-5ab4-8230-aaba1f604b00,1785277084000,sender,0,False,,,,False
f6e563f9-f14f-5309-8b6c-dc773eb78f36,1785277084002,sender,0,False,,,,False
1d91ba7e-33b5-56f7-93f0-f5cfb70f32db,1785277084013,sender,0,False,,,,False
d7ca0514-0cc8-5f56-862b-8a207beaa658,1785277084131,sender,0,False,,,,False
ae77c373-39d1-569f-95f6-af116d9b5c28,1785277084134,sender,0,False,,,,False
84653d75-53ce-521b-810a-f9c7ac282650,1785277084136,sender,0,False,,,,False
b92848ef-41c6-5e7b-a3a6-613bc2e08dd4,1785277084169,sender,0,False,,,,False
7bf3862a-b078-5c6e-9a19-92caf62c9920,1785277084213,sender,0,False,,,,False
adcffb58-e479-56b1-bec3-1ca003de3b12,1785277084215,sender,0,False,,,,False
768f33a9-5725-5127-a0e7-f925224d7ddc,1785277084216,sender,0,False,,,,False
7072eb04-6975-5a58-bd1b-7e27786e7cc3,1785277084223,sender,0,False,,,,False
9afd1ca9-1f8d-5cb5-ab20-eb112c5ec6f8,1785277084284,sender,0,False,,,,False
d03d2ace-2cb0-5156-9fc3-4b8da3052e5f,1785277084293,sender,0,False,,,,False
9fcaccc6-60f5-5d69-9133-d6e9822cd0e2,1785277084315,sender,0,False,,,,False
96657fee-6afc-5c66-bee9-201f089c5654,1785277084317,sender,0,False,,,,False
dde64fe9-3124-555d-a6de-847be6a37c7d,1785277084387,sender,0,False,,,,False
173beac5-cc96-5480-b32c-412cab1dc8ee,1785277084388,sender,0,False,,,,False
27d07784-f428-5398-9088-0d0b5fac0a8b,1785277084432,sender,0,False,,,,False
e1f38578-1119-5bbf-a633-998a82cda3b2,1785277084460,sender,0,False,,,,False
530f98e3-b591-587d-b29e-ac43bd609b06,1785277084462,sender,0,False,,,,False
256fd8ef-3cee-5092-b8c2-3ba4f3112e80,1785277084496,sender,0,False,,,,False
87bbcf9b-5600-5df1-b6db-42d3684a31cc,1785277084498,sender,0,False,,,,False
6c120c82-53ee-58c4-b247-cf81eb71066f,1785277084500,sender,0,False,,,,False
59552203-61e4-5e6e-8dee-550efbcba65e,1785277084533,sender,0,False,,,,False
631e2a88-f2d0-57c3-947e-95da1192af2a,1785277084535,sender,0,False,,,,False
b9aeb46a-0674-56d3-b065-26877326cafe,1785277084571,sender,0,False,,,,False
9154f74a-88eb-57ac-8f86-ea738c24ebe6,1785277084578,sender,0,False,,,,False
ed8a1afa-b639-5797-b82e-d889fecb8987,1785277084605,sender,0,False,,,,False
80c2bdc5-9f6c-517d-909c-50a540c3657f,1785277084695,sender,0,False,,,,False
79539880-05e0-5f2e-8330-2fd82e8473da,1785277084733,sender,0,False,,,,False
76173341-1d9d-5ab0-8c84-31571594d949,1785277084741,sender,0,False,,,,False
b739eeb7-4237-51ff-b424-d71774c4294d,1785277084742,sender,0,False,,,,False
957cc955-53fb-5518-b7c0-a295b6a39f0b,1785277084754,sender,0,False,,,,False
163b5599-d91c-528a-b52a-0139705d4cf9,1785277084770,sender,0,False,,,,False
f9a8447e-3787-50bf-85a3-3112b5f9a5ef,1785277084775,sender,0,False,,,,False
dd81f26e-7bf2-5c6f-a3a7-dec26a12725b,1785277084777,sender,0,False,,,,False
48fc521e-4109-5e97-a178-ccb0118363a6,1785277084803,sender,0,False,,,,False
bb5331f3-0041-538d-aa6b-e1aeef0bd880,1785277084924,sender,0,False,,,,False
ba4f541b-5e86-521c-8fd8-5e62699ce71a,1785277084979,sender,0,False,,,,False
2ae4c113-04aa-51d9-b748-3af2d539b603,1785277084981,sender,0,False,,,,False
19b7648f-e535-57f0-935a-5f95d9e783cc,1785277084982,sender,0,False,,,,False
6e2466b6-5389-5b2e-8f9e-8e091ec9cd09,1785277084993,sender,0,False,,,,False
7804c522-9762-5b85-8116-9f1a600f8651,1785277085001,sender,0,False,,,,False
78a04b45-e217-55a8-80f2-f17af64fb9db,1785277085022,sender,0,False,,,,False
fdd4dd96-30b7-523d-a138-72d9c47bfaad,1785277085023,sender,0,False,,,,False
8d120c96-4138-593d-ad48-58f4f2063cbe,1785277085030,sender,0,False,,,,False
4d4327a7-9abf-552d-9e7f-5c33e308d722,1785277085052,sender,0,False,,,,False
4046a170-071b-5e8b-8f25-06dda95f5556,1785277085096,sender,0,False,,,,False
f63fd897-a98c-5f41-8bf2-c80a64106e1b,1785277085112,sender,0,False,,,,False
3e14b629-93c3-5afc-a535-9056d7f5c3bf,1785277085119,sender,0,False,,,,False
c27a5c47-5aea-5c08-b2c7-6ccc9179f3e1,1785277085184,sender,0,False,,,,False
e827f4da-06fa-54f4-94c6-3a59af6086ac,1785277085190,sender,0,False,,,,False
4e7a0697-cd2d-5ddb-8d4d-d280918a2e53,1785277085213,sender,0,False,,,,False
5c53580c-b8bd-5459-b6c8-a779dd914bad,1785277085219,sender,0,False,,,,False
06de2584-3602-5c62-98e8-ee8493c00ef7,1785277085226,sender,0,False,,,,False
7aa39776-927d-5b8a-8492-758a318410b6,1785277085232,sender,0,False,,,,False
7e24efbd-e189-521e-a3f7-14da6ebbfaaa,1785277085302,sender,0,False,,,,False
c86ee21f-a690-5f5e-8e37-078d6afe5b60,1785277085316,sender,0,False,,,,False
3626b4a8-cf09-5d5a-a2d4-97d59ae46371,1785277085318,sender,0,False,,,,False
03d10167-adcf-5557-95f0-4975e51060aa,1785277085355,sender,0,False,,,,False
c27936a7-5eb6-5124-bc90-f9e1e56b44f9,1785277085356,sender,0,False,,,,False
af0176e8-898c-577a-a3b4-b4792b5d6450,1785277085358,sender,0,False,,,,False
748e6f65-d5f9-5c12-9221-85007cf0c95b,1785277085377,sender,0,False,,,,False
dc8ded91-a48d-59e8-aa7f-4a4de12756a4,1785277085384,sender,0,False,,,,False
20579851-bb8f-5d76-90c8-106138487896,1785277085391,sender,0,False,,,,False
d4fab9db-a9f1-5f4e-8fa7-3fd1b17e740f,1785277085416,sender,0,False,,,,False
726eb069-f667-5a98-903c-c7873ebd061e,1785277085470,sender,0,False,,,,False
c93056d4-3b1f-55f1-a255-e3a2b55c43b5,1785277085472,sender,0,False,,,,False
614b8312-4352-5a58-9f3e-0885a625d7b1,1785277085543,sender,0,False,,,,False
1af40fe0-8d35-5709-b624-3f36ee86dc8f,1785277085569,sender,0,False,,,,False
4d02a292-8e77-544a-943d-482fb5ed120d,1785277085571,sender,0,False,,,,False
3613b4a6-8853-52cf-a341-4e015b9667d5,1785277085583,sender,0,False,,,,False
a6e579f1-e3c4-5c5f-a758-f05a44881019,1785277085595,sender,0,False,,,,False
39ea2dd3-f56f-5b5d-a920-67e397675caf,1785277085631,sender,0,False,,,,False
0c202f37-fe1e-5529-96b6-2da5a7452553,1785277085632,sender,0,False,,,,False
8c30977b-f1af-5636-a6bf-ba986787f6ca,1785277085634,sender,0,False,,,,False
49ad169b-a4d5-5696-bc5f-4062237af8b0,1785277085683,sender,0,False,,,,False
c2e17d21-0744-5217-94f0-dd2785fce021,1785277085690,sender,0,False,,,,False
b4c89c34-8574-5070-9ece-1526e935dcab,1785277085719,sender,0,False,,,,False
58e55d0b-32d2-5d8c-808e-820b02362690,1785277085722,sender,0,False,,,,False
272c60ed-f547-5eca-b124-5b2d34dcc216,1785277085724,sender,0,False,,,,False
03b6f17e-7511-5ea9-a95a-ae717989b898,1785277085741,sender,0,False,,,,False
ebb0b71b-44d0-5162-bedd-3f91068524d3,1785277085815,sender,0,False,,,,False
b5efb16b-0ad5-5bc0-a166-49212549c060,1785277085822,sender,0,False,,,,False
4d3f75fc-95a9-5873-894c-4ca671b23131,1785277085841,sender,0,False,,,,False
5fdb5ad1-1596-5454-9cd0-0550bf20773f,1785277085843,sender,0,False,,,,False
678dcc05-289e-5593-bba3-8916e37e1393,1785277085860,sender,0,False,,,,False
ec8821db-d8e7-5041-b95e-df3f77609475,1785277085867,sender,0,False,,,,False
290da9c3-964a-5d6a-b40f-db90faa5b0fc,1785277085908,sender,0,False,,,,False
1450def7-92b7-58bd-8b17-3aa453f78265,1785277085924,sender,0,False,,,,False
e5e174a5-d65e-59aa-b27d-ce5d440613f2,1785277085931,sender,0,False,,,,False
8b035cdf-b8e8-5a1a-8e24-225cd18d1bca,1785277085996,sender,0,False,,,,False
39655789-a3ea-5aef-8697-416775bdec26,1785277086042,sender,0,False,,,,False
57424555-4f24-5dcb-9ea9-9cb3378716dd,1785277086072,sender,0,False,,,,False
4ba40fb3-0030-58eb-af23-efc1ed3d03c5,1785277086074,sender,0,False,,,,False
1e03ed19-1f7e-5d56-8069-f7a23b35c6ad,1785277086076,sender,0,False,,,,False
e8bc0784-b48e-5c9a-bf67-7ca595053dc0,1785277086093,sender,0,False,,,,False
849ee97c-f223-58f1-afe3-846dfecad726,1785277086100,sender,0,False,,,,False
10e623f0-935b-59ac-b4f0-11cff4d4c1f9,1785277086137,sender,0,False,,,,False
af2143f8-e8d3-59c1-81cd-6468e1b67760,1785277086143,sender,0,False,,,,False
61ed3ea1-3e02-5837-af0a-2f9e8284c296,1785277086216,sender,0,False,,,,False
c01792a6-c7da-5b44-a053-04e4715ddcfe,1785277086223,sender,0,False,,,,False
f807e0f9-b280-5fe7-bce3-b8e28c705aaa,1785277086244,sender,0,False,,,,False
951f7bd7-85bd-5f58-a06a-a88a4371fbc8,1785277086247,sender,0,False,,,,False
52d80216-8f40-57dd-85ef-690b16c2d305,1785277086277,sender,0,False,,,,False
b2558242-f356-5c9c-96f1-38db746fa2fa,1785277086284,sender,0,False,,,,False
f3337bcf-9be2-5d20-9605-427cc2a9fc90,1785277086296,sender,0,False,,,,False
dbd31a5c-df02-5f71-b77c-ca3f7ff23284,1785277086306,sender,0,False,,,,False
e9da6eb5-373a-5ad5-bf67-b04c91cf0db8,1785277086327,sender,0,False,,,,False
fd885596-6a4e-5465-abf0-022c61042614,1785277086334,sender,0,False,,,,False
1dd882ae-458b-592f-9543-ec2843556cdc,1785277086409,sender,0,False,,,,False
90321cac-5c84-5ad3-a19b-e150df689087,1785277086410,sender,0,False,,,,False
2f9c44ee-993a-5c12-82b2-628b78844dd1,1785277086454,sender,0,False,,,,False
4262a060-3b42-5e7d-9335-cb0d0f92b0ca,1785277086456,sender,0,False,,,,False
ab7af80c-ba60-54ae-b533-ad12de05b95e,1785277086481,sender,0,False,,,,False
9f011802-6812-5473-921a-d234f7f86927,1785277086488,sender,0,False,,,,False
670868ac-7a48-53ea-92da-377e41bb1d5b,1785277086490,sender,0,False,,,,False
6a67a29a-9679-598d-95ea-f7cbde4da4ef,1785277086534,sender,0,False,,,,False
ddf4797c-982f-5b81-b68f-5dac0e26a63e,1785277086541,sender,0,False,,,,False
895bc941-2ef9-5992-816f-2516f5f86eca,1785277086547,sender,0,False,,,,False
d79edf58-00c0-5b54-b090-dc797f8a1280,1785277086586,sender,0,False,,,,False
6d89c8c5-2029-57b2-9aca-442b3de0963e,1785277086639,sender,0,False,,,,False
b852b50c-3d45-59f8-991d-d40a56d05217,1785277086640,sender,0,False,,,,False
283cb8f8-1333-512a-84b8-e3cd85ae0d50,1785277086641,sender,0,False,,,,False
f2369d58-597f-5695-97e6-599a2f3d1cf4,1785277086648,sender,0,False,,,,False
24c99586-893b-59a5-8000-c0b6dec56563,1785277086713,sender,0,False,,,,False
e8ddfd29-d1a6-5d24-b1ab-83ba01ccdd6a,1785277086723,sender,0,False,,,,False
15726140-bfa2-5e0e-8def-5200498c1c7f,1785277086726,sender,0,False,,,,False
382222e0-a47f-5f64-bccd-5c516557ad04,1785277086760,sender,0,False,,,,False
efa60397-6a0f-5974-92e3-1e707d2da7ae,1785277086804,sender,0,False,,,,False
fd42da0a-f03b-52ef-9e09-4c1ec4d50ba5,1785277086821,sender,0,False,,,,False
18344247-da74-54ce-88d2-0fe8fd55e3be,1785277086852,sender,0,False,,,,False
2b937e1a-90b1-5346-b2b4-5d02a6661a7b,1785277086854,sender,0,False,,,,False
a623a518-a004-5da5-adfc-354abb8a0640,1785277086894,sender,0,False,,,,False
c14195fd-460c-5e9a-ab1d-6179ca10513e,1785277086952,sender,0,False,,,,False
11d45d38-2bde-550a-b717-56f3b75dd5f1,1785277086954,sender,0,False,,,,False
9ff47042-fded-5587-abfc-fcc7095f1e64,1785277086980,sender,0,False,,,,False
376d2847-21a5-568d-b537-2cb353dc2a12,1785277086985,sender,0,False,,,,False
127d5669-c225-58eb-b798-d0d1b2bc306e,1785277086987,sender,0,False,,,,False
44d1feeb-9c67-57c7-84b1-5c05f96de66c,1785277087029,sender,0,False,,,,False
eb3653d6-552a-5813-844f-f59b7b5fea1d,1785277087035,sender,0,False,,,,False
2a100792-afa3-50c8-af54-7a46eb12c8f0,1785277087041,sender,0,False,,,,False
ad90bfb9-a96d-5ee9-b3f9-fa6d08d464cf,1785277087083,sender,0,False,,,,False
eaaad579-2653-51c0-a209-9dd6dac59491,1785277087090,sender,0,False,,,,False
0042a434-74e3-557d-a422-59d18c9bd5bf,1785277087163,sender,0,False,,,,False
cecf5349-aa00-5b07-86d9-446e4421df6a,1785277087170,sender,0,False,,,,False
4242e908-95ea-5ddb-856c-637e5f1c6527,1785277087198,sender,0,False,,,,False
dc000053-d0f7-5e07-8e5b-8a3ac2a66429,1785277087200,sender,0,False,,,,False
9e6cc523-842c-5ed5-8e9c-28b69c8fc383,1785277087202,sender,0,False,,,,False
67bf395d-6c6c-5a1b-9f80-5915aaea31f7,1785277087220,sender,0,False,,,,False
d5a26cc1-8297-5678-92a0-59a6ca71e803,1785277087241,sender,0,False,,,,False
0b020e52-4849-52ed-8f3f-ae11b85a3655,1785277087243,sender,0,False,,,,False
c783bef7-9ef7-515d-b24d-77b1e0468669,1785277087254,sender,0,False,,,,False
bb119ab8-08bf-518c-9485-7389dcc36f7d,1785277087315,sender,0,False,,,,False
f63b82c6-756c-5e1e-b70e-d1a49801c521,1785277087317,sender,0,False,,,,False
5ceb2ae5-4e7b-5978-9da7-139b66a0170b,1785277087346,sender,0,False,,,,False
251c288c-a118-55eb-925a-c1209142cc69,1785277087354,sender,0,False,,,,False
fd2e7189-c196-5684-836b-9ca504b7f512,1785277087393,sender,0,False,,,,False
a0003953-bee3-5dbc-a750-71b9c3187e21,1785277087408,sender,0,False,,,,False
4bfcdbaa-5a2b-5cc6-bb36-8e8d44383b60,1785277087437,sender,0,False,,,,False
7a8f4ed1-f701-52b9-b344-161df33dcbea,1785277087503,sender,0,False,,,,False
64540053-02f7-5faa-9ca1-dd2bf6387e47,1785277087505,sender,0,False,,,,False
1af81b41-75c1-5b81-bc08-0135f47b27ca,1785277087527,sender,0,False,,,,False
10369e51-d4e3-545e-994c-166f7fad3ffa,1785277087534,sender,0,False,,,,False
a90f0890-d62a-5e99-9bd5-935291e37b4e,1785277087571,sender,0,False,,,,False
d185e2da-67b4-5de2-8ea5-f4dc163f80fd,1785277087601,sender,0,False,,,,False
04bd7d88-61bf-5337-9d3c-085ea799ef21,1785277087604,sender,0,False,,,,False
55149eb8-3509-5416-856f-803cf2ab6f4f,1785277087624,sender,0,False,,,,False
fe1e8901-c920-5f67-8070-985db71c54ca,1785277087662,sender,0,False,,,,False
51b94ccd-cb48-5268-93eb-b39360bfce3e,1785277087702,sender,0,False,,,,False
ce4be9b4-b435-54b8-ad69-75ed106d09ce,1785277087704,sender,0,False,,,,False
ed285db1-6795-588d-a143-b083a4e2d7ce,1785277087723,sender,0,False,,,,False
6def6c59-c3cb-59c0-be06-cfc71c88568c,1785277087730,sender,0,False,,,,False
55e5c03b-bf4c-5c4c-b02d-a4b4349a52d1,1785277087766,sender,0,False,,,,False
bd45d811-951c-500f-850b-c4ec6d221e37,1785277087777,sender,0,False,,,,False
66e9d07f-5a81-5e8d-b263-bf5db346ff36,1785277087787,sender,0,False,,,,False
32c6e84d-24a3-5eff-8d6c-343e02ec9160,1785277087802,sender,0,False,,,,False
4efa7d7d-2adb-5c68-82d1-a5e7b97ffb45,1785277087809,sender,0,False,,,,False
e0f4ded0-2d5c-58cb-8a73-b2971b6729ed,1785277087838,sender,0,False,,,,False
647a273c-94ef-5551-8d89-a32387e53daf,1785277087853,sender,0,False,,,,False
c9699ed4-dad5-5bb4-a17f-2d54ebbb0238,1785277087878,sender,0,False,,,,False
17af9a7e-d9a8-5239-a802-04fee2383a67,1785277087885,sender,0,False,,,,False
bd9cbb35-4b03-5a38-ae26-f16c1f8d14b2,1785277087899,sender,0,False,,,,False
c4e016ad-f4c2-58d9-b9b0-759b4d4f835c,1785277087939,sender,0,False,,,,False
58268340-1663-53d4-bf03-7ae4c7d6c92e,1785277087973,sender,0,False,,,,False
1d017628-3a95-5ffc-8132-4c6ad13bbc57,1785277087979,sender,0,False,,,,False
43ce89f2-311f-541d-9c7d-e506e19e24f7,1785277088026,sender,0,False,,,,False
3bf88040-c902-5241-97e8-6280a6d34118,1785277088082,sender,0,False,,,,False
319bb397-7b00-55fc-8184-e1d64f63e31d,1785277088085,sender,0,False,,,,False
2e297d11-1931-5392-bb27-a9a4493e9b77,1785277088110,sender,0,False,,,,False
6c467347-1980-543b-80df-3d6a25eb195a,1785277088113,sender,0,False,,,,False
6faea624-809b-542f-9fa8-eb7bb9a997f1,1785277088143,sender,0,False,,,,False
3f748405-2f15-5e9b-b4b9-8893216e531f,1785277088145,sender,0,False,,,,False
37ef3afc-af97-55e6-a8a2-741febd95b31,1785277088148,sender,0,False,,,,False
86026e02-1c2e-5678-a0b5-4f625ef3e817,1785277088160,sender,0,False,,,,False
b56461b2-6a28-5215-94a7-9044dbae1b7b,1785277088170,sender,0,False,,,,False
298788a2-1499-5046-9864-d405b33d3eb9,1785277088204,sender,0,False,,,,False
9855bf22-ab3f-5f1b-a4f3-c280d40a22d4,1785277088219,sender,0,False,,,,False
de2a2fe5-248c-5b80-98cb-dda8c9a3f6d5,1785277088262,sender,0,False,,,,False
2b1f44c4-5e8a-5775-a390-677bb61e6381,1785277088288,sender,0,False,,,,False
5145cc92-8a58-5a08-b282-eb4645801acb,1785277088294,sender,0,False,,,,False
f174fd76-5e7a-545c-a112-2b5398111fa0,1785277088317,sender,0,False,,,,False
903e13ca-52d9-5311-888a-e98cc49afbe1,1785277088319,sender,0,False,,,,False
6f12fc2f-cfa5-5f6a-90bf-e674e217643f,1785277088321,sender,0,False,,,,False
406c885c-6fd2-5916-9020-ddabf2f29018,1785277088336,sender,0,False,,,,False
11745b78-36f9-5fff-b644-830fa35a46a4,1785277088351,sender,0,False,,,,False
6fd8a460-bb61-54ce-a7c5-043fceeb7ac1,1785277088379,sender,0,False,,,,False
40c5c599-f9f9-5ef4-ad36-90e90a39df31,1785277088438,sender,0,False,,,,False
5eaee755-2c4d-5098-9cf9-4c95774c3d9c,1785277088479,sender,0,False,,,,False
a26724bd-782e-5a24-b393-ab5e15ed26e4,1785277088485,sender,0,False,,,,False
f91908b1-b696-5992-ab75-1a3766543fd8,1785277088503,sender,0,False,,,,False
c89d3aa0-c339-57ef-8cb5-df3700708fa5,1785277088520,sender,0,False,,,,False
bcd1b030-3671-5612-a7d5-2da2c6a42995,1785277088568,sender,0,False,,,,False
67b66193-b01d-5b56-88f8-6457f0fe1e06,1785277088576,sender,0,False,,,,False
5010520a-9322-5d88-a2b7-e2e1c56b3169,1785277088587,sender,0,False,,,,False
32ae5d3f-c90a-54ed-a9ee-c17f5060c4c6,1785277088592,sender,0,False,,,,False
4e85f6e7-8c5c-5f6d-b931-1f36da498628,1785277088608,sender,0,False,,,,False
1ddd001a-d0b4-559f-a8bf-978d56ca6655,1785277088649,sender,0,False,,,,False
d0a8c91d-46ce-5feb-b3c6-2dcf712ec045,1785277088700,sender,0,False,,,,False
671c5d30-9393-51ac-af4c-63c1585e922f,1785277088731,sender,0,False,,,,False
1b44c0eb-0160-5d27-ae41-cfc9c2c75d0d,1785277088734,sender,0,False,,,,False
4f6825d7-f540-557a-8b69-f0e91de135d8,1785277088793,sender,0,False,,,,False
345f90f2-6ad2-5947-af00-a5c806f838a8,1785277088828,sender,0,False,,,,False
35d61131-6808-508c-8e92-457a317cf667,1785277088831,sender,0,False,,,,False
c7123d97-64ed-5a2a-864c-4f3b55cf5a02,1785277088832,sender,0,False,,,,False
ea9581a1-cfe4-57d5-91f0-060fb3720318,1785277088849,sender,0,False,,,,False
999ad774-3a9a-56a0-b819-ac476ad56375,1785277088866,sender,0,False,,,,False
d7a05cad-b23e-5054-8eda-9e18c5027328,1785277088903,sender,0,False,,,,False
2ba6cd42-1770-5570-b772-1aa436ed7e65,1785277088913,sender,0,False,,,,False
56a98fd7-b50b-5f80-bd48-ac2da1697621,1785277088917,sender,0,False,,,,False
fa239045-30d3-5855-b6e1-3c3fa7d8f717,1785277089008,sender,0,False,,,,False
7f719516-3b33-57a3-a964-61fb838cb8dc,1785277089028,sender,0,False,,,,False
82abb353-d8aa-5b3c-bad7-33910f4a2fe3,1785277089030,sender,0,False,,,,False
6cd4e7c0-93ca-5083-85f2-08cb0a82ef50,1785277089050,sender,0,False,,,,False
d7aeb555-e1b2-5d35-ac8e-a1a49e3d3ae5,1785277089052,sender,0,False,,,,False
d5bb0d0f-1ed5-5c3c-b49c-f9be8b81b7cd,1785277089064,sender,0,False,,,,False
278bebf3-324b-5aed-b493-b913fc254d14,1785277089066,sender,0,False,,,,False
5c7f9d39-5844-5ae8-8685-5f8d93b7c334,1785277089094,sender,0,False,,,,False
8611ed76-5e83-5d40-beda-1aa4a22b69c8,1785277089101,sender,0,False,,,,False
ffc22f74-4bbd-5c7e-b5a7-b9a15567b053,1785277089195,sender,0,False,,,,False
f31a0c90-f6f3-5385-b712-c107e435ac1d,1785277089223,sender,0,False,,,,False
92a6ec6b-de34-519d-931d-918c80ca69ef,1785277089225,sender,0,False,,,,False
c0982807-8a6b-5ea3-86d6-481a5d9ad973,1785277089227,sender,0,False,,,,False
58ce3e50-6b1f-530a-a413-69a082edeeed,1785277089235,sender,0,False,,,,False
ebb3a8b7-2442-565f-948b-16ffa51ce7be,1785277089250,sender,0,False,,,,False
2de667c1-c320-5f73-8e77-225aa1c9a9ac,1785277089262,sender,0,False,,,,False
b6e7c336-32f5-5fc0-a6a0-d45bfa8ee0ca,1785277089264,sender,0,False,,,,False
fafbc92f-f4a5-5282-be9a-313315b5e675,1785277089287,sender,0,False,,,,False
5ace10c7-b6d3-565d-92b9-c678f5923e2d,1785277089422,sender,0,False,,,,False
4f5a1973-6ec3-59c4-bfdc-788ab3e6f147,1785277089473,sender,0,False,,,,False
20a88c0c-5745-516f-b400-efb14a7b22d1,1785277089475,sender,0,False,,,,False
cf786297-3e34-540b-944f-ec412f9018c4,1785277089476,sender,0,False,,,,False
77066680-b771-5adf-b6fb-7187abf52ecc,1785277089478,sender,0,False,,,,False
2674874e-3c39-58f1-aeff-dc35591a04e8,1785277089505,sender,0,False,,,,False
cf3c2c16-1b04-5944-bed3-a8576dbfe6e2,1785277089512,sender,0,False,,,,False
71c1b6ba-c576-5b14-b4f8-61a0363e9fb5,1785277089519,sender,0,False,,,,False
7851f49f-329c-593e-9c05-c843a701162e,1785277089551,sender,0,False,,,,False
71e56e42-3b3f-5086-8e69-91a4483a0b0a,1785277089615,sender,0,False,,,,False
4d2bb19b-d4c2-5763-9f62-a32b4d883b0c,1785277089616,sender,0,False,,,,False
58a8d231-7e3d-5b88-a7b6-8acb3bc9bfb8,1785277089618,sender,0,False,,,,False
8f318931-7509-59cc-b28e-814c001e0e1a,1785277089640,sender,0,False,,,,False
f5a66db0-80cf-5eca-a938-b5ef03b88c6d,1785277089689,sender,0,False,,,,False
ac785cef-2792-5d65-acf2-6ad4fabc0eb8,1785277089733,sender,0,False,,,,False
231cb43c-09b2-5a29-b896-9b9676bbe6f3,1785277089782,sender,0,False,,,,False
1e16c0ff-af01-5cc4-b33d-4e7ab3b9b235,1785277089784,sender,0,False,,,,False
25fc186b-80d9-58aa-8494-59ff53686079,1785277089785,sender,0,False,,,,False
6a84cd8f-81aa-5dc7-be84-ff2b301e5d2c,1785277089787,sender,0,False,,,,False
88565e64-1327-5a06-a6c3-fa3b8e0d440b,1785277089798,sender,0,False,,,,False
a5923699-3181-5b4a-b4e7-c9cf7a5d56ba,1785277089799,sender,0,False,,,,False
902f096b-4a4a-5394-9090-8c6b21f1125d,1785277089830,sender,0,False,,,,False
3d472e84-b2f5-5bf6-9e6a-7724dbbe775a,1785277089835,sender,0,False,,,,False
a53c6dc1-8983-51eb-966c-f366dfec90a3,1785277089863,sender,0,False,,,,False
771b351f-5ac4-52d0-96d3-64da9ed12a31,1785277089919,sender,0,False,,,,False
3fcb1d65-278f-55c2-9ce3-5b95f11789d5,1785277089981,sender,0,False,,,,False
433259da-9528-5e33-8f1b-b3cd452eda58,1785277089983,sender,0,False,,,,False
90e3178e-79d6-5a2a-a615-d34aa3fa564f,1785277089984,sender,0,False,,,,False
b26c4730-dc5f-546a-be5c-e7e145e6eaf8,1785277089994,sender,0,False,,,,False
78b0acb6-96e0-5e2b-b50d-6f4d388fd596,1785277090012,sender,0,False,,,,False
94dfd886-2d84-5457-9be0-2619cd30eafa,1785277090025,sender,0,False,,,,False
d56f54bd-49ca-5512-884a-9c7c34330e76,1785277090026,sender,0,False,,,,False
17479b48-ea6e-5887-8927-8a3e404aaab6,1785277090054,sender,0,False,,,,False
de95aeb5-77bf-550e-8adf-a0c1a711d85b,1785277090056,sender,0,False,,,,False
b767107b-1201-51de-acd5-6c98559a5584,1785277090135,sender,0,False,,,,False
19ab65ee-325a-589e-8071-335e2b94dfc7,1785277090142,sender,0,False,,,,False
f3e96aa3-2407-5f97-a0af-52b02a5fa232,1785277090172,sender,0,False,,,,False
c9a22a17-52a7-59e0-85d0-edee7e2bb1d5,1785277090174,sender,0,False,,,,False
abc22e9b-c4a0-583b-9984-4d8392deb07e,1785277090176,sender,0,False,,,,False
4a7d3a04-d60e-55c4-9403-cd34084078c2,1785277090193,sender,0,False,,,,False
c056459f-39d1-559c-aa38-277da4852f54,1785277090223,sender,0,False,,,,False
5b5fa576-ab2a-5c65-ad5c-f7737f01ac38,1785277090230,sender,0,False,,,,False
0f34c26c-1eb5-5686-82a6-0688384d8bed,1785277090245,sender,0,False,,,,False
8dc21ba2-cfc1-5c55-bbb0-458b947dc668,1785277090269,sender,0,False,,,,False
9274997c-96a5-5dce-95a7-5d9fbe061216,1785277090359,sender,0,False,,,,False
fcc7c17c-fbe6-5930-ac5f-56907fbc9a23,1785277090382,sender,0,False,,,,False
8359890b-2281-535b-8596-3358485ccb78,1785277090392,sender,0,False,,,,False
87a2c7ec-ca12-54f1-99b3-8015a8594f60,1785277090399,sender,0,False,,,,False
53e5813a-bce1-5b25-8cf8-6331506b888d,1785277090410,sender,0,False,,,,False
4f25973a-9b70-5570-9e15-971e606dcab9,1785277090428,sender,0,False,,,,False
a2a511ae-1a8f-5845-82fe-5f049e294b3e,1785277090440,sender,0,False,,,,False
4c2334ad-9fb5-5d03-9b04-5fbb0fe448e0,1785277090441,sender,0,False,,,,False
3294bc50-61aa-5f08-ae9e-f7a703571fa0,1785277090477,sender,0,False,,,,False
ec0b0541-1273-5373-b86c-118d0dc8f58b,1785277090491,sender,0,False,,,,False
d424f3e8-f92e-5c9d-9c27-6a26d46a6fe8,1785277090493,sender,0,False,,,,False
0c5185f0-83d8-55b0-85a2-2b2a91589367,1785277090499,sender,0,False,,,,False
30456ec0-09bd-52c4-a690-91c7766b94a4,1785277090539,sender,0,False,,,,False
376d7e5b-4d0c-588b-8454-5852e532bf5f,1785277090545,sender,0,False,,,,False
2d0b4a9c-aec3-5efb-846c-d046b93b73f4,1785277090562,sender,0,False,,,,False
a1bb7d72-ed1d-528e-a576-c6d9fd65d4ac,1785277090576,sender,0,False,,,,False
89d3844f-3415-5993-aa13-3f11579088ce,1785277090578,sender,0,False,,,,False
781fb51a-c781-5c27-be2c-349833590f01,1785277090629,sender,0,False,,,,False
04659e23-acb7-5a4d-b54b-890a94926b6d,1785277090645,sender,0,False,,,,False
25e049c6-7034-5e8f-9fa7-07f81451bbe3,1785277090662,sender,0,False,,,,False
d6370728-1952-5127-9db0-6464eb40ee31,1785277090673,sender,0,False,,,,False
fd494485-badd-5dbc-8093-9dceef33e66e,1785277090719,sender,0,False,,,,False
ec06dfa9-11ae-5bb9-bddf-b1a8efbddc2f,1785277090725,sender,0,False,,,,False
63879b5f-0331-59d2-b62a-8bf63dafc2e7,1785277090763,sender,0,False,,,,False
a9f2ab80-ac43-5c0c-91eb-3760f299ba0c,1785277090810,sender,0,False,,,,False
0e02c70d-d343-5bfc-bf4e-ad38ba220c5c,1785277090825,sender,0,False,,,,False
38b34ede-5e95-5b75-afb8-6d1d4245ad47,1785277090858,sender,0,False,,,,False
0d1f67da-2f27-535e-8973-8a0508213d80,1785277090860,sender,0,False,,,,False
4880b7b5-6804-5b65-a564-a94aac6c2471,1785277090872,sender,0,False,,,,False
c0148593-4b69-5fb7-98f9-acf6ccac8ca0,1785277090873,sender,0,False,,,,False
9b2ad87f-3773-56a3-8fe2-f0dcf8ca2bae,1785277090893,sender,0,False,,,,False
c74861d2-b6ff-5f41-a5d0-669e6b37a7ff,1785277090895,sender,0,False,,,,False
58c7d51d-09bc-59d4-81ef-701ad9c439b3,1785277090907,sender,0,False,,,,False
6f44da30-0b7b-581e-9a69-7ed7223317ec,1785277090908,sender,0,False,,,,False
77a625df-c3fc-508d-b958-e0ff933819d3,1785277091043,sender,0,False,,,,False
6a80817d-6483-5dc7-8ad5-0006fb239f07,1785277091092,sender,0,False,,,,False
58fe6cf0-7aa5-547e-832e-5914a500fb77,1785277091150,sender,0,False,,,,False
8c7eeff4-5d23-5d9f-9ad1-ff04675c0ad7,1785277091152,sender,0,False,,,,False
237148f7-4924-52ea-a77c-8c96a60104e7,1785277091163,sender,0,False,,,,False
48e2a3d3-885d-5a77-ba66-b76dc1558ff1,1785277091166,sender,0,False,,,,False
c1d11591-4406-5724-9f0f-ca42e504f387,1785277091167,sender,0,False,,,,False
bb3207d6-0129-5c13-827d-7cf449a70cb6,1785277091192,sender,0,False,,,,False
eada0dbf-23d5-525a-82c2-117e6965237e,1785277091194,sender,0,False,,,,False
02abe58e-4c55-5a3e-a0b9-0d6d169ac726,1785277091196,sender,0,False,,,,False
8a327a34-8acd-5fb3-9352-2b46c13503cc,1785277091213,sender,0,False,,,,False
c31d7493-7d38-592c-8ffd-3cfcbf97ae39,1785277091228,sender,0,False,,,,False
1b202e22-7512-5d6d-8efd-06e5738c6877,1785277091242,sender,0,False,,,,False
e8b5018a-aa0e-5f4e-abfa-7818e5bba5ac,1785277091258,sender,0,False,,,,False
c2f3e121-122f-5413-8bf1-ab259997d693,1785277091264,sender,0,False,,,,False
acb74ae1-7b0d-5766-8544-788786e5341d,1785277091320,sender,0,False,,,,False
9928b4d7-a340-5912-bc6a-87a9d4b17aac,1785277091321,sender,0,False,,,,False
3acde15e-3deb-501f-aacd-16bfde4dd112,1785277091357,sender,0,False,,,,False
7594132a-582a-5c86-a712-644f719061c6,1785277091359,sender,0,False,,,,False
ddb8f31b-c22b-5180-a43e-ee2655075077,1785277091371,sender,0,False,,,,False
88e98666-c5c4-5ba3-b4a0-afe0650f4dbf,1785277091373,sender,0,False,,,,False
355f3052-21af-596c-b98a-0c139946d311,1785277091393,sender,0,False,,,,False
08ca13ce-9d1a-58e8-ad41-1047931ce477,1785277091409,sender,0,False,,,,False
45ca0c83-df8b-51bb-a657-ed1793fcd95e,1785277091470,sender,0,False,,,,False
9544b5e3-ed74-5ded-a4d7-d51e67aac1b9,1785277091472,sender,0,False,,,,False
b8b50e36-5f02-5ac5-a5b9-1e95e7ea0866,1785277091473,sender,0,False,,,,False
39ac345b-5ece-506b-a213-7fcf4bda0281,1785277091497,sender,0,False,,,,False
5789ea53-831f-528f-84f6-e99cf6a18d1f,1785277091498,sender,0,False,,,,False
f8469150-2677-59fd-8b56-86bc17cd0069,1785277091528,sender,0,False,,,,False
8deae1c3-78f6-5402-8f97-8684594719b6,1785277091536,sender,0,False,,,,False
96836b9e-8d5b-5752-9750-b938ee2d8cac,1785277091543,sender,0,False,,,,False
cd694208-1863-5ad0-9bdf-e1bf70587004,1785277091574,sender,0,False,,,,False
ffcbe62b-3887-5e3b-948e-c4597a68bca7,1785277091589,sender,0,False,,,,False
54317325-e647-5cec-a18c-1bb881c11488,1785277091596,sender,0,False,,,,False
4f3a942e-c983-5ac3-ba75-81b331c6e4b2,1785277091639,sender,0,False,,,,False
c6b96425-c989-5faf-afab-728393f467ed,1785277091645,sender,0,False,,,,False
b7da8a50-d97b-57bb-b14d-15a6bf94454a,1785277091663,sender,0,False,,,,False
520b42cb-ed9e-55cf-b27d-78250e1f97c1,1785277091669,sender,0,False,,,,False
318a3588-8acb-5130-96ed-7e17d22a16af,1785277091675,sender,0,False,,,,False
0b775a0a-ccaa-57e9-8711-18258c469d61,1785277091786,sender,0,False,,,,False
bdc845c5-bbbf-5ed4-bad5-26bae7517dd3,1785277091793,sender,0,False,,,,False
5eeed8a3-7466-5958-88ef-6af8dbd3aff7,1785277091801,sender,0,False,,,,False
060c845f-f751-5399-991b-f00b20fb4744,1785277091863,sender,0,False,,,,False
e2de3526-bb5a-5b60-86f6-6c67a2fb268d,1785277091866,sender,0,False,,,,False
27b6f021-cfe2-52bb-98dc-0a9c66817ef8,1785277091936,sender,0,False,,,,False
9d104775-5cf5-5ad5-a5ac-032478d1f3b7,1785277091939,sender,0,False,,,,False
7e1cc3c8-cd66-57dc-81fb-06de7f87d499,1785277091973,sender,0,False,,,,False
6236073a-1949-594e-ad21-b8c30a46d699,1785277092012,sender,0,False,,,,False
1cd60839-b0c6-56af-a4e8-6e7b44edd475,1785277092022,sender,0,False,,,,False
8b03fc2c-de2f-53de-ba6c-152831809117,1785277092025,sender,0,False,,,,False
e6a3e4a1-ccea-55c7-b7ba-95de9f7113a8,1785277092031,sender,0,False,,,,False
8e7c43ec-a8bd-5e4b-ac0e-cb39f2000248,1785277092033,sender,0,False,,,,False
cfb627ee-362a-5084-90f9-85c2dff5e768,1785277092044,sender,0,False,,,,False
4c405dfb-fbbb-5566-9295-7b9fa9823eb7,1785277092054,sender,0,False,,,,False
31857d5f-726e-5299-9780-0f1ecd8cb65b,1785277092073,sender,0,False,,,,False
5e611d8e-fa71-5142-bf15-dea0de365496,1785277092126,sender,0,False,,,,False
c25303bb-9a1f-5853-a89c-c24d6c90fd39,1785277092157,sender,0,False,,,,False
940f15ab-d281-5f68-88fa-95727869a166,1785277092177,sender,0,False,,,,False
7c4a6d9b-9c6e-5027-be28-0640c533f46a,1785277092179,sender,0,False,,,,False
56efe58e-d746-5045-88b9-0028da1f780c,1785277092206,sender,0,False,,,,False
cd054d31-edc9-56bd-bcea-69d3f46ae439,1785277092222,sender,0,False,,,,False
082c1583-e0d4-59ab-b071-5374e928a3f1,1785277092229,sender,0,False,,,,False
e39e17eb-f07c-5c5f-83f8-6982538b0963,1785277092236,sender,0,False,,,,False
3cd881da-b20b-5491-99eb-89cbcae1eba2,1785277092256,sender,0,False,,,,False
4da83b73-dffb-54e5-9d50-cc94413c8dfb,1785277092293,sender,0,False,,,,False
a90facb8-dcbd-5c58-8809-f5af342e3b52,1785277092316,sender,0,False,,,,False
6b51e7ac-81a9-5039-9d1e-0ff60fc42c08,1785277092327,sender,0,False,,,,False
0b050af4-93a3-5602-9f00-8fd5d0f2aec8,1785277092386,sender,0,False,,,,False
2eecd71a-ded0-5de7-ad39-d12283f57489,1785277092419,sender,0,False,,,,False
e61efa09-e516-56b3-8d35-bb1b07557e30,1785277092422,sender,0,False,,,,False
9f793e9d-507d-528d-94bc-1bf6cc2511b1,1785277092424,sender,0,False,,,,False
a04ca1cd-1fb0-5d83-b9a0-76357535586e,1785277092492,sender,0,False,,,,False
9af60032-66f1-5545-904b-124f023cfe87,1785277092503,sender,0,False,,,,False
ff3b499c-6268-5615-9f5d-8bda27147cc2,1785277092527,sender,0,False,,,,False
331e9353-ea3a-54eb-b0c8-eeb10daebf9b,1785277092529,sender,0,False,,,,False
d33b344d-c863-53c5-8649-79dc82cb98f1,1785277092536,sender,0,False,,,,False
b9d40087-dfc4-58d1-b444-b052ae5538b5,1785277092564,sender,0,False,,,,False
a63f525f-b01e-5418-bf59-1c8e22b1a256,1785277092571,sender,0,False,,,,False
c1beeb3a-a799-532f-ab99-1542b5ac8b29,1785277092618,sender,0,False,,,,False
e5b7dd41-8b53-5533-b11e-ef096926c00e,1785277092658,sender,0,False,,,,False
725864cd-be4d-5750-aa5c-3557a09a56a8,1785277092660,sender,0,False,,,,False
06a473cd-d599-51f4-8dda-d5d34755b59e,1785277092704,sender,0,False,,,,False
076d5a9c-0896-5077-b5d1-f8ecd07aa244,1785277092725,sender,0,False,,,,False
ae87cc91-10d9-55ce-8823-83054c8988a3,1785277092737,sender,0,False,,,,False
3a34b62c-82e1-53f3-b955-64f58f397eed,1785277092739,sender,0,False,,,,False
5411a426-b056-5dbf-85b3-549d7e711109,1785277092746,sender,0,False,,,,False
f15df69e-d729-525d-87dc-a24f8ba023ad,1785277092753,sender,0,False,,,,False
e09193c4-b1d2-59fc-8d13-d898d0e67fc2,1785277092788,sender,0,False,,,,False
c643c7f6-24d6-5830-b6fa-41153847ff8e,1785277092794,sender,0,False,,,,False
fb5c0b42-a8cc-5036-9ddb-a49cca751045,1785277092915,sender,0,False,,,,False
d6e39765-6c09-5847-a6c0-51fef894f469,1785277092918,sender,0,False,,,,False
bb5696b0-0518-5ca2-a400-d83931a6485f,1785277092919,sender,0,False,,,,False
bedec54d-145c-51cd-b315-8e218e945765,1785277092957,sender,0,False,,,,False
c2bb68be-fcb9-55bb-ae66-3ba60c85a7d5,1785277092959,sender,0,False,,,,False
c3f8feb3-e54a-5f24-9ee2-e50c9890861a,1785277092961,sender,0,False,,,,False
6a79f6b3-4fe6-546d-8ff4-4515f2238c79,1785277092987,sender,0,False,,,,False
1156d450-4ed8-5584-8e5c-271d923c3c11,1785277092989,sender,0,False,,,,False
6b3806de-d73d-5730-94e1-c8bdb8281360,1785277093020,sender,0,False,,,,False
8d28e797-d561-5937-82b6-278e561ac362,1785277093061,sender,0,False,,,,False
6a0baec9-dc3a-565e-8a16-ba766c8777c1,1785277093086,sender,0,False,,,,False
4fe17f27-7e0f-5b97-8b01-407a86a274d8,1785277093088,sender,0,False,,,,False
e2cff7e2-e261-58ca-964e-dfcae745a900,1785277093095,sender,0,False,,,,False
b607be52-be6a-5068-ba58-a8482588dd98,1785277093149,sender,0,False,,,,False
cb8715be-ce73-5b74-9aef-3223b05dd4aa,1785277093187,sender,0,False,,,,False
66dc8b54-f106-53b7-aa4c-ac4d6cb46977,1785277093189,sender,0,False,,,,False
0aca8997-c5c2-57fc-9359-6a0b917e3ef5,1785277093191,sender,0,False,,,,False
0b7608be-7a3e-569a-b253-f5bc40d29e3f,1785277093239,sender,0,False,,,,False
ef53d025-2620-5b1c-82ca-9be6bcd716e9,1785277093246,sender,0,False,,,,False
19a91aa5-b022-5bf8-8041-4228e9b27222,1785277093289,sender,0,False,,,,False
f1e8a285-9ccc-531c-a95c-9a6cb272adf0,1785277093297,sender,0,False,,,,False
4f1d8e9c-9ec3-5f9d-b7d3-f94fff18d55e,1785277093314,sender,0,False,,,,False
158dd6d1-fd4b-59ae-a5d9-375551ec2180,1785277093337,sender,0,False,,,,False
a9b4475e-ca54-51c0-93d4-b902d99e56ad,1785277093344,sender,0,False,,,,False
720f60f1-b29e-5355-bf15-043f7cb09c44,1785277093449,sender,0,False,,,,False
a88a50cb-2e10-5ec0-846e-d78a109e0f49,1785277093451,sender,0,False,,,,False
f3baf2ec-cf53-5f76-a090-68f557153fb7,1785277093452,sender,0,False,,,,False
791d58bb-80c1-5524-b427-b07868bb7c22,1785277093508,sender,0,False,,,,False
ed2c602e-457f-589d-b465-8a2d53fbe1a1,1785277093520,sender,0,False,,,,False
f023fd68-2bb0-5f90-bb2e-f0b854c5f841,1785277093534,sender,0,False,,,,False
cc6b46f2-65ca-5383-bf6c-f1cbc4b00015,1785277093630,sender,0,False,,,,False
bcc14230-d745-535c-b5eb-7198d2eb55d7,1785277093633,sender,0,False,,,,False
bccabeb0-40db-56ab-badf-c662b4434d27,1785277093634,sender,0,False,,,,False
c3aeb580-9ca1-5e52-954f-529ebccc7fba,1785277093650,sender,0,False,,,,False
f546f197-acee-5715-8801-a2d146aee4e5,1785277093663,sender,0,False,,,,False
b1866953-e80b-5e34-a45e-307b34231408,1785277093670,sender,0,False,,,,False
5fb54d18-d5b0-5a2c-a868-fd743f25bb5f,1785277093681,sender,0,False,,,,False
b9af9543-52c5-5ca5-89b2-64edda13226e,1785277093698,sender,0,False,,,,False
cb073324-4fda-5151-b0db-3aa371934d9f,1785277093705,sender,0,False,,,,False
63a8dee7-e32a-5f05-a641-629ca14c5ddf,1785277093717,sender,0,False,,,,False
225918fa-bf08-5ef9-9862-96a606f48695,1785277093728,sender,0,False,,,,False
6da6132f-4f27-5620-89ee-dd39b351f431,1785277093826,sender,0,False,,,,False
8f928980-69fb-5453-8746-2048af8d7e41,1785277093861,sender,0,False,,,,False
d9242298-919a-5101-964f-16ecc2086462,1785277093880,sender,0,False,,,,False
2c9b056d-42b8-5665-9257-6c371ca8cd08,1785277093893,sender,0,False,,,,False
f0f6a5f8-7dd3-542c-b5a5-6d72b0de9237,1785277093894,sender,0,False,,,,False
2035d247-a785-59ea-a590-b7f9ce30bf1b,1785277093896,sender,0,False,,,,False
0ea9ad77-50d6-515a-a63c-12eef5a8537b,1785277093929,sender,0,False,,,,False
bd0c9e22-35f8-5360-8a1d-3d87a0a2123b,1785277093932,sender,0,False,,,,False
320af2e6-2c09-5fcf-b763-4b556df11b82,1785277093957,sender,0,False,,,,False
244798b5-edcc-5e31-af2f-4df5ffc10380,1785277093966,sender,0,False,,,,False
0da5475a-694d-5f5f-8cbf-5081a42b0e5f,1785277094007,sender,0,False,,,,False
082be2bd-332f-5619-a326-61ff079f1790,1785277094014,sender,0,False,,,,False
138c7461-581f-5cf8-a4ec-416fbe746265,1785277094038,sender,0,False,,,,False
0cf95aaa-8115-5f0c-aa61-463fae094364,1785277094041,sender,0,False,,,,False
2aefda2e-1571-5ccf-9a7a-8ebbd1f4f4b4,1785277094064,sender,0,False,,,,False
68aacb28-0626-5ebf-a9b0-a1acc22c2fc1,1785277094072,sender,0,False,,,,False
dc35420a-e983-549c-a131-b16a36520f01,1785277094109,sender,0,False,,,,False
8ce31423-a0e4-5127-a17a-a37d4802fc76,1785277094111,sender,0,False,,,,False
2bdfab29-1070-5912-aa9b-6f6dc4f5de5f,1785277094144,sender,0,False,,,,False
222c2112-6f46-5d76-b13e-56b44f74e29b,1785277094151,sender,0,False,,,,False
5b4d01bc-ebda-5757-acef-6a1a8d411c60,1785277094187,sender,0,False,,,,False
09e3203d-2bce-5580-8fbe-ca1ddfcd2889,1785277094203,sender,0,False,,,,False
5abc396b-529d-5b8f-b428-6a5d406db298,1785277094216,sender,0,False,,,,False
3157f488-4fc2-5df4-8bdf-479ec6f52e95,1785277094224,sender,0,False,,,,False
87da8aa9-0234-5370-abb2-481eadaeab34,1785277094231,sender,0,False,,,,False
496617f1-58d6-5a45-b29e-4e6f62a96992,1785277094253,sender,0,False,,,,False
abd02a14-c9ef-5002-9be2-31e2907bb67e,1785277094255,sender,0,False,,,,False
61be8911-7cd9-57ce-a02d-54d8f0f75c5e,1785277094282,sender,0,False,,,,False
9edabdf8-2622-5228-8987-14f7f57e6344,1785277094322,sender,0,False,,,,False
b341e403-6a86-5834-af2d-b73a6f152a81,1785277094366,sender,0,False,,,,False
acbc6808-a02e-5b7c-ab89-38061472a522,1785277094377,sender,0,False,,,,False
b13d4cea-a0e1-579e-ba79-ae7c1e2b9d10,1785277094410,sender,0,False,,,,False
63c087c8-436e-58ce-b8b1-c01b147a2c59,1785277094436,sender,0,False,,,,False
e0f088d4-7d28-5243-a353-783a84f4652c,1785277094439,sender,0,False,,,,False
2156cbd0-0bcd-5b75-92fc-a46502a60f2c,1785277094475,sender,0,False,,,,False
02f58244-2622-520f-b7f8-dad552f2536a,1785277094478,sender,0,False,,,,False
b14df02d-1eda-56f3-bde7-f5ea20054b51,1785277094479,sender,0,False,,,,False
ac4a3dc2-dc5e-59b4-9d2d-f33f8499584e,1785277094544,sender,0,False,,,,False
1de5d965-9048-5069-8401-be0532e62039,1785277094565,sender,0,False,,,,False
6cd9d235-cf1a-5648-8dd8-6f81037adabd,1785277094573,sender,0,False,,,,False
3042dc05-5f24-5083-800e-7fdca04eb64c,1785277094610,sender,0,False,,,,False
7c929f05-3f37-56b4-8103-80d1dfc70f00,1785277094612,sender,0,False,,,,False
ebd8bb46-f034-5fbf-adf6-9dfd0f8ed0ec,1785277094614,sender,0,False,,,,False
1a513d5d-7a2a-5a05-b2fa-7832b9c66fc6,1785277094620,sender,0,False,,,,False
44e0194b-dbf9-5e6d-aba9-e764e8911b48,1785277094640,sender,0,False,,,,False
ef223f92-ff27-5bec-aa67-9a5119879fc3,1785277094736,sender,0,False,,,,False
ba4cf728-bbbc-5e35-b0a1-0fe0ac4258a8,1785277094738,sender,0,False,,,,False
0bd89946-dc80-55af-9dd9-c0e50904f1f1,1785277094747,sender,0,False,,,,False
f48b20be-f598-53fd-ba38-1f2d770e47fe,1785277094772,sender,0,False,,,,False
bdbb2cef-5afe-5b3d-899e-fa0db6c444e7,1785277094784,sender,0,False,,,,False
f9d2ae78-9694-5ab4-b0b7-0ef1610c16f4,1785277094794,sender,0,False,,,,False
bb019095-2316-5858-b894-e946c92f802d,1785277094814,sender,0,False,,,,False
c5dfa454-266b-52e0-b7b2-b322c2a35366,1785277094821,sender,0,False,,,,False
0238fd6e-8ae0-51ae-baa4-e393fa1b2625,1785277094870,sender,0,False,,,,False
cf3d2998-ad94-58e0-bbf2-740432ec8fb9,1785277094872,sender,0,False,,,,False
03ab9619-d2a8-50b5-a69c-24fbf341caf2,1785277094879,sender,0,False,,,,False
16211d1d-74fc-55d8-9ecd-54cc116884e4,1785277094963,sender,0,False,,,,False
cf26d7df-5b2a-5b1a-a5ae-5114e1a557eb,1785277094965,sender,0,False,,,,False
e5b051ec-3069-5ed9-9c90-53c974f4c19b,1785277094989,sender,0,False,,,,False
ce074fe3-5b46-5ca8-9ed6-022ba2edf0e9,1785277095011,sender,0,False,,,,False
2faed31f-87fa-5bb6-a5b2-f6c48d366b98,1785277095036,sender,0,False,,,,False
5057125a-e391-57b3-9b71-59a763e54d23,1785277095038,sender,0,False,,,,False
385f36ce-e41c-5852-bd58-3f2b9e13e0f6,1785277095051,sender,0,False,,,,False
8a70bd8d-a9e5-5894-aa86-69060f63e85a,1785277095063,sender,0,False,,,,False
73594c31-cffb-5dbf-9013-b0cd6b75ac3f,1785277095089,sender,0,False,,,,False
f4738205-1bf3-5778-b261-361bc54d474b,1785277095131,sender,0,False,,,,False
930de133-8df9-5077-b69c-996b18eca5a9,1785277095138,sender,0,False,,,,False
66d943bd-f96f-5f79-8941-7db009199f29,1785277095151,sender,0,False,,,,False
a15c3764-4388-54e2-a479-ecce8254107e,1785277095163,sender,0,False,,,,False
d80b0c44-72e6-5732-8bb9-c5900d974770,1785277095204,sender,0,False,,,,False
62f08001-8f1c-5226-9f30-0f33a69b4e00,1785277095229,sender,0,False,,,,False
d4ecc2c3-b005-5242-b548-2cb10f17877a,1785277095242,sender,0,False,,,,False
4a4b0989-1203-5cfa-b4d4-bc6d3f7c0503,1785277095243,sender,0,False,,,,False
bf4998e8-fc52-5b92-b401-8d8c80afcbc6,1785277095250,sender,0,False,,,,False
2abb7533-e483-5339-925f-8dfcdec8e380,1785277095277,sender,0,False,,,,False
f7ee3daf-559b-594e-a4a5-b52570809179,1785277095311,sender,0,False,,,,False
666d0e92-2ed8-5c02-96cc-c0642f9a14c0,1785277095318,sender,0,False,,,,False
f25660ae-5591-5f77-8c1a-96bb2e161409,1785277095368,sender,0,False,,,,False
b64c4268-9c64-5de5-bf24-c263f6131f53,1785277095401,sender,0,False,,,,False
d4932b03-745d-5ff9-ba2e-71a2643043cc,1785277095438,sender,0,False,,,,False
3fa2d3b2-e572-5f32-8c58-7c8eeae5bb92,1785277095440,sender,0,False,,,,False
dbc757b7-0b28-5b19-9a9f-c7a9c5df6c76,1785277095467,sender,0,False,,,,False
a16d0eef-28a1-57a8-9128-dd30cb59b10e,1785277095477,sender,0,False,,,,False
b85e8e26-ed4b-5c8f-8cc5-edcbe310f102,1785277095502,sender,0,False,,,,False
7fdec309-cddf-5f80-8b8f-b24c8853141f,1785277095508,sender,0,False,,,,False
c0bede84-9371-5ac2-b356-255599b6869e,1785277095534,sender,0,False,,,,False
61613c55-f0cc-5a58-b2f6-d956e913ada7,1785277095541,sender,0,False,,,,False
6b6c384c-0643-564b-bc83-e05ea5758377,1785277101153,sender,0,False,,,,False
9f4c55cb-3e05-5c5e-b41c-62105eb16ff6,1785277101159,sender,0,False,,,,False
35c90849-f50d-5db0-8daa-2822718318c9,1785277101166,sender,0,False,,,,False
97ec4293-8a97-59fb-9f07-3331e2b53a2a,1785277101192,sender,0,False,,,,False
75c2ed46-2c89-5519-9400-7a9a02edb01c,1785277101198,sender,0,False,,,,False
efbba4d8-d768-5e9c-9c41-06b52efac70e,1785277101202,sender,0,False,,,,False
b8e0e6d3-f172-511e-a1aa-af8e0acae605,1785277101206,sender,0,False,,,,False
3301f72e-02a0-5b7b-ba99-b4fa1a9c9b16,1785277101210,sender,0,False,,,,False
d629696b-9852-5021-80dc-aa5c4a1bb0d9,1785277101251,sender,0,False,,,,False
0f114f74-6188-554f-b3e0-b5db7abdd5ef,1785277101391,sender,0,False,,,,False
48632849-d0a4-5eec-948c-855ddfe30682,1785277101452,sender,0,False,,,,False
475584dc-b61f-5865-99e2-86eb97215ca8,1785277101454,sender,0,False,,,,False
cc65eb30-5ddd-5355-a1e8-d1424d156331,1785277101457,sender,0,False,,,,False
a15f7e0e-8bec-5c7d-bdbd-e438a18966dc,1785277101459,sender,0,False,,,,False
fe1a7d2f-a439-542a-8209-11ce1ab35914,1785277101486,sender,0,False,,,,False
87748238-272b-5641-8e5d-d72b3aeeb48f,1785277101523,sender,0,False,,,,False
f3f4c337-c5ee-5870-9fcd-13f86848d983,1785277101526,sender,0,False,,,,False
14ec9d30-7a24-525f-b4fe-2d322b2d2eec,1785277101561,sender,0,False,,,,False
af46ab5a-9e1e-590a-9105-be7b6164bfde,1785277101567,sender,0,False,,,,False
1de31c09-7eb0-50db-8d81-ccd4a38349d3,1785277101625,sender,0,False,,,,False
f291671c-41e7-52c5-a2a2-b123f1860666,1785277101627,sender,0,False,,,,False
afb504b6-8d11-53a7-b304-73a3561a0868,1785277101629,sender,0,False,,,,False
7c86e8c2-8a65-5e3b-aebe-9831655efbcf,1785277101669,sender,0,False,,,,False
0530cfcb-fefd-5b93-8fa4-b72a90ee3ae4,1785277101674,sender,0,False,,,,False
d7ba376d-2a69-5a0f-926c-91eeedae1deb,1785277101716,sender,0,False,,,,False
99d9d909-256c-583b-bd83-aef7a8fb41df,1785277101719,sender,0,False,,,,False
5b8d545a-14cb-54cf-aa00-aa780d0cc4c8,1785277101722,sender,0,False,,,,False
00084a85-ff6d-58fd-9625-a0e995be9430,1785277101756,sender,0,False,,,,False
d42d897b-fd50-5445-97e9-1b5809f2d1bd,1785277101759,sender,0,False,,,,False
8138f24a-330a-5fbc-b91c-53abe0a97d84,1785277101816,sender,0,False,,,,False
0fbe3db4-4a74-51dd-ac51-088c5a3e6453,1785277101818,sender,0,False,,,,False
fed2a4f3-3a21-55d0-ba0c-ed24cce357ef,1785277101820,sender,0,False,,,,False
d5b3dbe7-a126-544f-95fe-e43ab9e5c18b,1785277101865,sender,0,False,,,,False
0ce659c0-f4b4-5389-8460-444d46a1e39a,1785277101897,sender,0,False,,,,False
0066a84d-4354-578f-8e88-e89aa6cfebba,1785277101940,sender,0,False,,,,False
ffeb625e-4c26-5d1d-bfe2-57b8442ce9b4,1785277101942,sender,0,False,,,,False
d5501dc1-51b8-58e1-be89-fa79fdeded85,1785277101945,sender,0,False,,,,False
03f60596-ff7b-504f-a19f-6160b5762a9f,1785277102026,sender,0,False,,,,False
ffd88d0b-c17a-52a7-becd-1eaf9abd24ba,1785277102033,sender,0,False,,,,False
38c30184-aef5-5b85-8591-76fdbdbe6187,1785277102035,sender,0,False,,,,False
54092aed-2e54-55fc-8cd8-cbba7822d407,1785277102072,sender,0,False,,,,False
ce853e0c-3b93-55d2-b102-e7b7f887828b,1785277102075,sender,0,False,,,,False
7fa50f1d-ef6d-5e2a-95d9-cb262259ffec,1785277102116,sender,0,False,,,,False
2b18f0e3-6772-550c-9a46-8c9b52ce0825,1785277102139,sender,0,False,,,,False
39461787-dccc-59a4-ac8c-74d73303a2e9,1785277102178,sender,0,False,,,,False
966af466-95e4-548a-bd1e-dccc29d2bbcb,1785277102181,sender,0,False,,,,False
262a98b2-9d76-5fe0-8b9c-6d04333cd5de,1785277102184,sender,0,False,,,,False
ba78c386-d25b-5ab6-8388-599103db7e2b,1785277102211,sender,0,False,,,,False
c27adf0d-a093-575e-9c9a-982599ba48d6,1785277102251,sender,0,False,,,,False
809fd19d-dbda-573f-866f-a2ecf3eba0a3,1785277102253,sender,0,False,,,,False
9894781c-32bc-5ccb-9317-2c5878e46ff5,1785277102256,sender,0,False,,,,False
df7b8be6-443b-56ce-b5d2-9adca804a517,1785277102334,sender,0,False,,,,False
102613af-7f66-5225-a072-32e39c904432,1785277102371,sender,0,False,,,,False
4a73c895-9bc2-532e-a8d9-966d4c40bf79,1785277102373,sender,0,False,,,,False
6efb567f-4e9d-5238-93db-623b0997d53b,1785277102394,sender,0,False,,,,False
78931e3e-7489-550f-9717-53530573b288,1785277102411,sender,0,False,,,,False
1cfe23b0-6927-5b56-b5ea-7bda7c474c0f,1785277102451,sender,0,False,,,,False
8c2868f1-e8f9-5d28-8a9f-04423a49a3cb,1785277102488,sender,0,False,,,,False
905f11c6-5045-52fd-b5a3-b7815de85efc,1785277102491,sender,0,False,,,,False
8a97027a-5d74-5029-b6da-6df182e0c52a,1785277102525,sender,0,False,,,,False
49cfd1bd-59b8-5573-85b6-416fa3817412,1785277102536,sender,0,False,,,,False
0944ba9e-87cb-55c0-9b83-73905218cae7,1785277102589,sender,0,False,,,,False
f123bd3d-366f-5414-8bc4-f545e3124832,1785277102592,sender,0,False,,,,False
8a8309cd-e225-5757-939e-7418740f8af3,1785277102594,sender,0,False,,,,False
fcc44a5d-70c6-57f9-8347-56ddc1e8fbd6,1785277102640,sender,0,False,,,,False
61e05a33-a327-5e03-960f-cb424e4b570b,1785277102642,sender,0,False,,,,False
17ee5077-7b93-5cef-a744-c556f2c91857,1785277102672,sender,0,False,,,,False
264cc6ae-8758-5bc3-9d31-36a29e5b30ea,1785277102675,sender,0,False,,,,False
50161e45-b3bd-543d-88a1-a7a9343fd21f,1785277102685,sender,0,False,,,,False
1ef3128e-b3cf-500a-8224-1500fd28e0e6,1785277102724,sender,0,False,,,,False
2ee19183-8d10-5975-b784-d7a3d09a5ede,1785277102739,sender,0,False,,,,False
0b749f86-e073-52a4-a14f-eb06ea7f4b40,1785277102742,sender,0,False,,,,False
f9d0c03b-db88-50d2-8ce5-438d5b553662,1785277102761,sender,0,False,,,,False
ce39e6fa-3714-583a-85f4-c04551d0af91,1785277102784,sender,0,False,,,,False
bf435158-8ca7-5b35-a207-a1657b937068,1785277102823,sender,0,False,,,,False
be47ebb5-ec28-5dce-9ae1-453ebc36ff8c,1785277102827,sender,0,False,,,,False
ddf9b668-bbba-53fc-a037-c68328950e58,1785277102829,sender,0,False,,,,False
a9071a47-ca9c-559d-9b60-44076517e166,1785277102839,sender,0,False,,,,False
6c683c38-12d2-525b-bf6d-54bbd71ba47a,1785277102919,sender,0,False,,,,False
138d875b-1d48-5559-b46a-9daf98d25b18,1785277102951,sender,0,False,,,,False
ba3b7fb7-7931-51c8-b593-3e6eda6bbedb,1785277102984,sender,0,False,,,,False
74a27450-b09f-52fb-804c-f85e34b46a27,1785277102988,sender,0,False,,,,False
09a2c420-5d6a-5ab2-b8a8-b9dca8b953b3,1785277103020,sender,0,False,,,,False
f3a73806-ddae-53d2-a2e1-952d500f36ad,1785277103082,sender,0,False,,,,False
4703fea9-32f0-54de-944b-77c67b8afbdb,1785277103085,sender,0,False,,,,False
42589e88-ab16-5b2a-bf54-09169aa11b7e,1785277103087,sender,0,False,,,,False
a0be33ab-335e-5947-8744-615904d1e955,1785277103090,sender,0,False,,,,False
ff3d7a19-54a0-5212-834d-b36f96820f75,1785277103137,sender,0,False,,,,False
c94aa62a-0749-5166-887c-70cacae55f08,1785277103141,sender,0,False,,,,False
9a78cca9-2da2-54c4-b470-df0587af65d6,1785277103143,sender,0,False,,,,False
e50c3b63-b02d-5f27-80e8-f9a9b4b80fd9,1785277103171,sender,0,False,,,,False
6426221e-1f63-5a55-8598-bf8d2ef58d7a,1785277103292,sender,0,False,,,,False
dd05cb4e-105b-56cb-a7c9-9faa27ffdf4a,1785277103321,sender,0,False,,,,False
f628fbbd-7296-5992-8354-2c42af4c6908,1785277103324,sender,0,False,,,,False
6ac9c7b2-57fb-5491-a6fe-1ed79768e265,1785277103400,sender,0,False,,,,False
b7a037f8-cbaf-5642-82ec-183d4f68293a,1785277103402,sender,0,False,,,,False
a91ccc91-4895-5eef-bee3-577fa5589a4a,1785277103405,sender,0,False,,,,False
30c6e4f7-0310-5dc8-bcc2-19792a8aa6b2,1785277103407,sender,0,False,,,,False
e1e5ac36-3ef5-5530-991a-a688436ac1a4,1785277103409,sender,0,False,,,,False
d3e6f849-1b44-5fee-a1bd-dd82d1638999,1785277103435,sender,0,False,,,,False
643af3d4-3014-507f-b7ff-0b67b67d1585,1785277103483,sender,0,False,,,,False
ec237c76-ddc4-5a3c-b927-63e67a8f95c2,1785277103516,sender,0,False,,,,False
5bbcdebe-7984-58bc-81c1-50b359d6bafa,1785277103529,sender,0,False,,,,False
c05583c5-4746-588c-8a21-7056fa076358,1785277103605,sender,0,False,,,,False
2c027cea-5181-52a5-aa8a-b7cff89ed50a,1785277103608,sender,0,False,,,,False
27ee4381-2352-5e46-bc4f-d9ad0c87f116,1785277103611,sender,0,False,,,,False
4645ce6a-9084-57be-8498-c78506c698ec,1785277103655,sender,0,False,,,,False
e31c51cc-2590-514c-9373-608f6ca5b7dd,1785277103658,sender,0,False,,,,False
891f38c6-eef8-5f4c-94a5-db87f48f15a6,1785277103702,sender,0,False,,,,False
add2d914-fd5e-5bf6-be6c-3c1cbad2cc0c,1785277103705,sender,0,False,,,,False
50c8f57a-187e-5c39-9143-0618dda50402,1785277103707,sender,0,False,,,,False
65e4faf6-69a9-504d-a6d8-ca6d4015d521,1785277103719,sender,0,False,,,,False
432322e9-c9d7-540b-a31d-adc4c8d498c2,1785277103748,sender,0,False,,,,False
415f210e-a892-5a11-a1da-cd701488be9e,1785277103803,sender,0,False,,,,False
6c5ab66e-d2bc-59f3-aa9c-29275597c3f0,1785277103806,sender,0,False,,,,False
ecdbb475-535d-55dd-90d7-a7ceeed3b28c,1785277103809,sender,0,False,,,,False
06a9e8fd-a129-5014-98ea-3d581a118a0a,1785277103847,sender,0,False,,,,False
9cd29b18-f09c-55c2-8e26-927cadee7c97,1785277103850,sender,0,False,,,,False
a90d62d5-5c59-56c2-a760-366a509d2a8f,1785277103894,sender,0,False,,,,False
86fd1121-6e41-5ce6-b56f-4f0e2efa3515,1785277103898,sender,0,False,,,,False
d56c175f-d5c7-5179-bf52-337c81c2854a,1785277103901,sender,0,False,,,,False
64cf8a65-a04d-5d22-910d-652db51f1335,1785277103975,sender,0,False,,,,False
41183964-6693-51b9-bf31-796bf31f1e86,1785277103977,sender,0,False,,,,False
5584436c-ae4b-50ad-9eb7-670e981156e5,1785277103998,sender,0,False,,,,False
50281f88-cd92-5427-85ae-0c1d909e2221,1785277104011,sender,0,False,,,,False
6bea5d64-4816-5ab7-99a5-c654102139e7,1785277104044,sender,0,False,,,,False
8ed877c6-ee89-5502-b160-50393a0a260a,1785277104093,sender,0,False,,,,False
a3ab9a88-378c-5fa4-9eb6-c3d4c90ed525,1785277104097,sender,0,False,,,,False
d650ec53-b50e-57cd-aef9-c93d32054403,1785277104122,sender,0,False,,,,False
9d78a57a-9f70-5787-8a7f-0c83d85278f4,1785277104195,sender,0,False,,,,False
b264311e-717b-5c19-b120-21e054eaabc5,1785277104198,sender,0,False,,,,False
d3736559-582b-503b-bd15-786af403e697,1785277104246,sender,0,False,,,,False
ced3b763-eb10-596c-836b-3aa4e9577f00,1785277104249,sender,0,False,,,,False
7c766252-a3e2-57ca-9f58-0281946ee41c,1785277104268,sender,0,False,,,,False
157cdb79-b4e7-58b3-b971-c2491cf9ffbe,1785277104312,sender,0,False,,,,False
531c00b7-50bf-5bf8-9686-c56f3f4cbed6,1785277104316,sender,0,False,,,,False
f320e1db-2964-52e6-9ff6-0aa7ceb15b0b,1785277104318,sender,0,False,,,,False
e0a2587c-2ac1-5006-bfc0-6f4582790914,1785277104369,sender,0,False,,,,False
b8c59664-21a0-5688-819d-f577d874ee51,1785277104381,sender,0,False,,,,False
90043b6f-d172-58a7-9f48-5c78efce83aa,1785277104396,sender,0,False,,,,False
be899e20-2fc9-504a-8d4a-d8f892ed28b8,1785277104434,sender,0,False,,,,False
f0f110f0-c371-55d0-9632-cd56600aa2df,1785277104437,sender,0,False,,,,False
75b28aae-7750-533f-a914-aa94e1f20c82,1785277104477,sender,0,False,,,,False
9a18b00c-634f-53e0-b71a-07b3c063bbcc,1785277104519,sender,0,False,,,,False
f1199607-a7ae-5c80-bc95-17fc475daa41,1785277104522,sender,0,False,,,,False
b066ac5f-0756-52f0-a4ca-d649fab9eeb6,1785277104561,sender,0,False,,,,False
477de818-1090-58ac-a557-820c95a6fa67,1785277104563,sender,0,False,,,,False
9ab047ea-585f-5749-93f5-5293cf4547f9,1785277104643,sender,0,False,,,,False
6b11d8e5-8549-5ecd-85d2-a05e14cf8cc7,1785277104645,sender,0,False,,,,False
7d5ccaea-d6b6-5eb0-9947-10f60c73b376,1785277104648,sender,0,False,,,,False
ef2e6fcd-12f3-514e-8a34-cf98ad20bc5d,1785277104701,sender,0,False,,,,False
fcdcf299-fa1c-5072-809e-ccbf3040e3cd,1785277104704,sender,0,False,,,,False
050a887b-94ac-5378-a59d-08ff72f4bbca,1785277104706,sender,0,False,,,,False
71d66705-be77-5b58-a168-bdd830970bc5,1785277104708,sender,0,False,,,,False
740cb224-a9e7-597c-900d-50ba84c70651,1785277104720,sender,0,False,,,,False
e8ed8865-fa6c-57f1-a9da-eca298ae3ed6,1785277104768,sender,0,False,,,,False
5eabf600-5e65-5762-bfdd-48ea4e9508b1,1785277104802,sender,0,False,,,,False
603d7c0d-6687-50e3-8cf0-1fe3fd962db3,1785277104806,sender,0,False,,,,False
69f96fd5-bf6f-5db1-999d-f328ad65f24f,1785277104835,sender,0,False,,,,False
ac188a29-bf60-58c0-811f-90135096c1d1,1785277104875,sender,0,False,,,,False
ccccedbe-c86d-5db0-a886-c345fd93e534,1785277104910,sender,0,False,,,,False
14528319-21a0-5e3c-b2c4-55d349bb7fe1,1785277104915,sender,0,False,,,,False
dbdc9d97-6223-55b1-b1cf-2b93496ce5d2,1785277104985,sender,0,False,,,,False
cf22137e-9dd2-5b71-b167-a301a4b7df5d,1785277104990,sender,0,False,,,,False
2cdfaaac-c5df-5b89-9b38-a0412876060f,1785277104992,sender,0,False,,,,False
8ef65b31-f2cd-5346-bc2f-bf5ba175bcd2,1785277105042,sender,0,False,,,,False
f9e696bb-da37-5d7b-b3fc-9c63208eaa0e,1785277105045,sender,0,False,,,,False
b575e456-9be4-5db1-b2cc-3f8f86888ed6,1785277105064,sender,0,False,,,,False
f399ee57-af85-51de-9378-ac8e022e8f4d,1785277105112,sender,0,False,,,,False
bcf27ad5-3147-5034-8194-acc30120ddaa,1785277105120,sender,0,False,,,,False
7e79f933-3731-5eb7-bebc-24fbad2769b4,1785277105123,sender,0,False,,,,False
b8520ff2-5387-5cf5-a156-1fae187da9c0,1785277105159,sender,0,False,,,,False
63444204-bc33-585e-ac8e-2c78849683ff,1785277105165,sender,0,False,,,,False
aff164d3-8fc9-59f6-8b76-369e5fe26f6f,1785277105200,sender,0,False,,,,False
0dfc07bc-dd27-5e50-8fed-2d0ea13de107,1785277105204,sender,0,False,,,,False
8613a60d-1602-5f34-87e3-26cce42d36af,1785277105243,sender,0,False,,,,False
6b2ba633-760e-5136-bcc5-4471e5acbfcb,1785277105258,sender,0,False,,,,False
38323cea-afe9-597a-91a9-bb4243faf4c7,1785277105308,sender,0,False,,,,False
8beb07c6-e326-5373-8722-975aa4155b3e,1785277105310,sender,0,False,,,,False
014f48c6-b214-57de-8ae0-9489cb308b9c,1785277105327,sender,0,False,,,,False
c761e7a7-9505-5fe2-ba26-5a7389153377,1785277105331,sender,0,False,,,,False
25b1c191-4b27-5627-91fb-8eab245cfe2f,1785277105382,sender,0,False,,,,False
07197954-4327-57a3-bfb1-ad32796bb5a2,1785277105384,sender,0,False,,,,False
010ea04c-7cac-5e72-a1e3-26666c2d1a75,1785277105387,sender,0,False,,,,False
ef0a8e46-bfb1-526d-be03-9ca3a48a34bd,1785277105412,sender,0,False,,,,False
987b1ddb-2ce1-56f6-8b35-95c20e820aeb,1785277105433,sender,0,False,,,,False
3fd28afb-056b-5423-a538-2e55749a21fd,1785277105470,sender,0,False,,,,False
3dbfcbce-4c21-58c9-b0ed-70c26bb7d188,1785277105510,sender,0,False,,,,False
5021bef5-e1e8-56da-a947-51bafe7c499e,1785277105512,sender,0,False,,,,False
e725e87f-a87a-53ca-8c94-e8d66217dfab,1785277105541,sender,0,False,,,,False
85fff203-25e8-5feb-8d9b-f37dc1fae9db,1785277105576,sender,0,False,,,,False
068f5d27-122a-53a6-8047-2ab8c934161d,1785277105581,sender,0,False,,,,False
e2edc718-3d32-52b4-a4ee-10b684203db9,1785277105652,sender,0,False,,,,False
18b7275e-6bdf-5430-b145-2cefb491039d,1785277105654,sender,0,False,,,,False
88eb9048-7026-5f71-b0d2-64a1759f422e,1785277105656,sender,0,False,,,,False
f95ae490-25aa-5ccc-a021-18597a3cfce7,1785277105659,sender,0,False,,,,False
b655ca8d-0fd7-52ea-b132-80547a9d2b96,1785277105736,sender,0,False,,,,False
0d941c07-37eb-5458-a8b2-2599b99d1ab3,1785277105740,sender,0,False,,,,False
81531048-25c1-5373-8183-3810ef682371,1785277105743,sender,0,False,,,,False
5c2a42e8-e0a9-53ec-a09f-6f382cb0fbdf,1785277105759,sender,0,False,,,,False
4302bc10-1fd1-5d63-8a01-a6a972ac7d9b,1785277105775,sender,0,False,,,,False
c94423da-70b2-5894-84e3-5a237414a714,1785277105801,sender,0,False,,,,False
ab4a5475-135e-5bbd-b980-e178a092d125,1785277105963,sender,0,False,,,,False
8be5417e-5f38-51d9-a9a2-53bdbcbc7d20,1785277105966,sender,0,False,,,,False
477acbb3-9c59-5538-ac6b-ed271aaffce6,1785277105968,sender,0,False,,,,False
3f51e102-7a2b-5150-b808-a087e57b0183,1785277105971,sender,0,False,,,,False
74090a12-7aaf-51cc-aad7-c4f654593598,1785277105973,sender,0,False,,,,False
5a586b9d-fa52-5f5d-b039-2a99522d67a1,1785277105976,sender,0,False,,,,False
a6cf1ae3-82b5-50d4-b0fa-94fa510350da,1785277106019,sender,0,False,,,,False
d352b9f7-1718-50fe-bd2e-7d42ef984148,1785277106051,sender,0,False,,,,False
c246f52a-b604-54a8-812c-530d64724db0,1785277106095,sender,0,False,,,,False
840ae6c9-9654-50ee-b14f-a8dcd53de5cd,1785277106098,sender,0,False,,,,False
004a0c68-1e6f-5a95-b9ae-29293e80737a,1785277106117,sender,0,False,,,,False
c83e8e5f-8760-5e10-9f55-ca505076888c,1785277106206,sender,0,False,,,,False
6d9517a7-8789-5477-9980-3cd6e46e142e,1785277106299,sender,0,False,,,,False
d22b3375-73e3-5845-9038-434c3c43fb7f,1785277106365,sender,0,False,,,,False
e76ec465-6a70-5381-be98-ff60b38d535c,1785277106377,sender,0,False,,,,False
8a28b419-1b1f-55f6-b645-51d76d4020c7,1785277106395,sender,0,False,,,,False
357bc7a1-62da-543b-98cd-1c28a3864445,1785277106399,sender,0,False,,,,False
b001b37a-839f-5cce-95f2-68d7d371752c,1785277106403,sender,0,False,,,,False
4a1055d4-91f6-538d-b55e-a2d1d4d46dd3,1785277106444,sender,0,False,,,,False
267da8f2-3e21-52ef-8ad8-fd3d3dcb22db,1785277106447,sender,0,False,,,,False
bbc17d82-39a0-555c-b662-a6cdb30c1f49,1785277106516,sender,0,False,,,,False
c76ce104-3f52-587f-b0e1-f0c2d4b4941e,1785277106521,sender,0,False,,,,False
6dc64640-75e6-56a3-87cd-02372e0236c8,1785277106604,sender,0,False,,,,False
a0b30712-e084-5c28-b5d8-83b2d866eb03,1785277106607,sender,0,False,,,,False
91f909dd-660a-5e36-9fff-e837d83d4032,1785277106610,sender,0,False,,,,False
e8975565-3b02-5a01-a3ff-8aa468a1d0ab,1785277106612,sender,0,False,,,,False
b73c9cad-d731-566f-ba6e-68dddffccd02,1785277106615,sender,0,False,,,,False
616d9bb9-2c7a-575d-a649-c662edcfac3f,1785277106641,sender,0,False,,,,False
eaf2740a-ab89-5f44-bd55-681f21efb96d,1785277106654,sender,0,False,,,,False
9c415bec-3cca-56dd-84ef-5e1190150257,1785277106680,sender,0,False,,,,False
48b6fd4a-ad7a-5b16-8c58-6be12bd52dd7,1785277106746,sender,0,False,,,,False
4a6e27a4-7769-55bd-a9fd-573680b3bfea,1785277106792,sender,0,False,,,,False
fa22c7ae-2249-53a9-8ff8-a9625bb17dc8,1785277106795,sender,0,False,,,,False
d459c5db-211b-50c2-9e64-749e4810cef0,1785277106806,sender,0,False,,,,False
a4f460a5-3e35-532b-8a69-cba293c21509,1785277106833,sender,0,False,,,,False
799904d7-5b7a-58b0-a143-b9bb87a258d7,1785277106868,sender,0,False,,,,False
8f123a42-7e0f-54a2-8e6c-ddfed0f29707,1785277106871,sender,0,False,,,,False
3cc5f906-17e2-5503-b78c-2c2db113b092,1785277106890,sender,0,False,,,,False
37a8984c-c0c6-564a-ab45-536b00e12cfb,1785277106906,sender,0,False,,,,False
3ad76860-c11f-5cfd-9dbb-cf0753b25083,1785277106948,sender,0,False,,,,False
a896dab9-046f-5feb-a25b-b91d1cd0e92a,1785277106988,sender,0,False,,,,False
f0bd5e1e-d840-5c9c-a1eb-5375bf72fc43,1785277107013,sender,0,False,,,,False
9d9c33b4-8570-5172-bc9d-0f8e31f081b4,1785277107033,sender,0,False,,,,False
fc0b4d7d-6fae-520c-bd2f-3a7bc5c91d2a,1785277107045,sender,0,False,,,,False
c3add4ed-dd84-54f6-9a0e-3865deaa2080,1785277107074,sender,0,False,,,,False
9729af3c-f0e2-5ee0-9e91-1b1846bd3515,1785277107110,sender,0,False,,,,False
84f3c0cd-fa19-5028-abe9-68449183ca47,1785277107113,sender,0,False,,,,False
d8c0d13b-a2c1-5147-86de-bd79782c3201,1785277107150,sender,0,False,,,,False
2cee70d0-163f-58a1-b58f-9b7895a55969,1785277107186,sender,0,False,,,,False
6e1c19a0-1a18-5ee8-a5b8-d70d4994b7b1,1785277107193,sender,0,False,,,,False
acbf1fff-c422-51d1-bcd8-838dd8c9b961,1785277107195,sender,0,False,,,,False
5c3ee107-6b24-5d52-af9e-3956bde67cce,1785277107230,sender,0,False,,,,False
0a0c8819-0f93-5467-867c-76cb080f8431,1785277107271,sender,0,False,,,,False
7ab17547-9839-5c69-be4e-d3197369ff96,1785277107283,sender,0,False,,,,False
a3f291ab-856a-51c6-b321-55b1c547c381,1785277107307,sender,0,False,,,,False
fedee99c-d92e-52b1-969d-09bc7f87cbbb,1785277107322,sender,0,False,,,,False
cecdfcb9-0de5-5e6f-90a3-e66b90940287,1785277107347,sender,0,False,,,,False
c0458817-247d-5ee6-b808-28a4764241be,1785277107350,sender,0,False,,,,False
6e4d5b3e-b75e-59be-9b5c-75f24c73f204,1785277107394,sender,0,False,,,,False
a8ee582e-5b98-5d50-88f0-b92913c9557d,1785277107396,sender,0,False,,,,False
6a640f6e-a72e-5703-be24-aa0eec7befd8,1785277107400,sender,0,False,,,,False
2af10128-b4a1-5400-b56a-773045ac376d,1785277107428,sender,0,False,,,,False
e93b48e2-9d08-5340-9c5c-9600ba5f1256,1785277107475,sender,0,False,,,,False
8098bd79-1563-5368-9f44-f06eef40f7be,1785277107575,sender,0,False,,,,False
4dd09e42-e146-55a0-ab68-b3bdc40bb915,1785277107655,sender,0,False,,,,False
5e148037-3995-5af8-b29e-27afe15b69d4,1785277107659,sender,0,False,,,,False
bea5a66c-f335-5627-b6dd-ee1a8ca0e0be,1785277107661,sender,0,False,,,,False
f391fe10-6cbe-5961-838e-d8468e6fd808,1785277107664,sender,0,False,,,,False
b567a818-ab6b-5fdd-9f5c-0518ae13b84e,1785277107666,sender,0,False,,,,False
7c9917bd-8dc2-59d0-952e-870b882c33e9,1785277107711,sender,0,False,,,,False
1652fa0f-6f0e-5b23-a300-0603cf1d0ff8,1785277107713,sender,0,False,,,,False
c5b8afbd-7810-5c90-ae2f-9ec87491eecd,1785277107716,sender,0,False,,,,False
d9405953-8460-5658-b310-6b026b1d953a,1785277107829,sender,0,False,,,,False
5c934cc9-0417-5a9d-a0c5-0c96870fc001,1785277107916,sender,0,False,,,,False
df06ba0e-43d6-5ed0-90c1-e255fc60ba81,1785277107996,sender,0,False,,,,False
16ea0665-17fa-5502-af69-72f639332d53,1785277107999,sender,0,False,,,,False
94159023-48c2-5ba8-95ed-47d5cb44b104,1785277108033,sender,0,False,,,,False
b983b9f2-fe9c-5722-84bc-5a2209f0c75e,1785277108036,sender,0,False,,,,False
7ce82367-3119-5597-91be-0797da973e09,1785277108038,sender,0,False,,,,False
d302734c-03e7-5f77-97e1-7d591c0b0fd3,1785277108084,sender,0,False,,,,False
08f59def-e357-5d7c-8df4-debd8b14a948,1785277108086,sender,0,False,,,,False
111faef7-127c-5462-84a2-e32b1d69761e,1785277108092,sender,0,False,,,,False
09303368-4030-56a2-bfa8-638d5a64b27a,1785277108108,sender,0,False,,,,False
6f29cd2b-579c-5331-9364-7d6c5a4c68cb,1785277108140,sender,0,False,,,,False
75a334b4-8a93-5f9c-82cf-26b7916bde66,1785277108152,sender,0,False,,,,False
855150d5-e433-58fe-940a-3727aa43a660,1785277108229,sender,0,False,,,,False
bb4b9822-c4a7-5d26-8d47-9f987da78857,1785277108265,sender,0,False,,,,False
e25f7438-7e10-5103-80ac-0ae53f0bffe7,1785277108268,sender,0,False,,,,False
61c52f9f-daf8-5f34-97c2-4292e815db37,1785277108304,sender,0,False,,,,False
90c56428-3bac-57ca-a328-73e4437c750d,1785277108308,sender,0,False,,,,False
e986a1b8-8cf0-5fa7-a2f7-38bad29ce112,1785277108336,sender,0,False,,,,False
218a9592-0d9a-5674-badd-906221ae31d4,1785277108377,sender,0,False,,,,False
067f7c9e-de23-5608-b031-883e6873bb25,1785277108379,sender,0,False,,,,False
f19160de-4650-52bc-9b7b-8dc3e2eea4cc,1785277108424,sender,0,False,,,,False
3629f416-4b3c-582e-8850-15221bdceb3b,1785277108428,sender,0,False,,,,False
4fb8a918-9bfa-545a-a925-238daa5670fa,1785277108430,sender,0,False,,,,False
26284616-e7b7-58cf-9680-eff4e25c90e6,1785277108509,sender,0,False,,,,False
206ec7f8-04c3-547f-aa97-252cbc7c661f,1785277108512,sender,0,False,,,,False
4374a159-5ba9-5e97-860c-7f5ff9ad9d1f,1785277108514,sender,0,False,,,,False
7d341383-c493-55c7-9737-8021ea271d29,1785277108541,sender,0,False,,,,False
e904803b-cc6d-5ee4-97df-89ed855d6bb4,1785277108590,sender,0,False,,,,False
cdd5d98e-6ee9-57b1-b5c3-5c2533bd667f,1785277108593,sender,0,False,,,,False
7f8dbcc0-ca37-5ceb-b67f-1486670991f4,1785277108597,sender,0,False,,,,False
c0a8b403-e271-55ef-a54e-862c0c27f04a,1785277108635,sender,0,False,,,,False
450dbabb-f3b4-5caa-9805-ce2c5fbad50e,1785277108638,sender,0,False,,,,False
704bd9a0-04ed-570b-b14a-235bb1185553,1785277108675,sender,0,False,,,,False
2eebde56-868d-5aa5-b037-817bd1e512fa,1785277108678,sender,0,False,,,,False
12b72d1e-191f-5cd4-8b4b-cf56b5d32d11,1785277108736,sender,0,False,,,,False
0efd12bb-cb54-5bcf-8d97-0aab20b25033,1785277108739,sender,0,False,,,,False
feec5be5-6f2d-5297-9615-a6296a1fd70f,1785277108741,sender,0,False,,,,False
5630c246-9333-57b9-ab46-cb6af5431241,1785277108770,sender,0,False,,,,False
4788e611-decb-5252-9161-a5643c98958f,1785277108834,sender,0,False,,,,False
1d297866-9cf7-53dd-b6e3-cb9e97e8b996,1785277108836,sender,0,False,,,,False
34c7f000-2dd8-5cf1-bfba-1ea182e0726b,1785277108839,sender,0,False,,,,False
8a039bf4-4c22-5680-bbf7-80961840339f,1785277108841,sender,0,False,,,,False
f967f602-04f2-5ef0-913b-bbccc3f3b032,1785277108906,sender,0,False,,,,False
9f24c07d-1b6d-5fbf-8426-1178bc11283b,1785277108918,sender,0,False,,,,False
a0c96824-9b0e-54bc-bdd6-cee08aac6820,1785277108978,sender,0,False,,,,False
fbc781db-d50f-50a5-992c-8c39d1c23e52,1785277109019,sender,0,False,,,,False
755712c6-10af-5f72-94b7-6c5859dd6658,1785277109022,sender,0,False,,,,False
0f9c6c3c-3703-5f65-b285-bc0a69ed5d2e,1785277109091,sender,0,False,,,,False
58199c77-8d10-50a8-8526-4cb07741acee,1785277109134,sender,0,False,,,,False
ec5a5d93-c680-58ff-b299-f901c4133e3e,1785277109231,sender,0,False,,,,False
d8352a95-bd7a-5198-8c76-f6bad6ff20e6,1785277109234,sender,0,False,,,,False
3f86d2db-9b55-57e4-a737-3ce0fdd1c009,1785277109236,sender,0,False,,,,False
16c9c857-f24e-5acf-b3bb-dc7c7fa5b66f,1785277109293,sender,0,False,,,,False
b27b6909-1c5e-50ee-8a2a-43c5959001bd,1785277109337,sender,0,False,,,,False
1ed676ba-d72c-5d8e-a995-8e77dafaf415,1785277109340,sender,0,False,,,,False
2eec6f90-d4d1-5b06-8e57-6456e909fac4,1785277109342,sender,0,False,,,,False
184de8d4-3960-569b-8f51-6affcb9fd928,1785277109381,sender,0,False,,,,False
d39bde9d-4a6e-5e59-ba28-aa93b3fe42a0,1785277109383,sender,0,False,,,,False
59f3df2c-bfe3-5fd8-9184-0202fc8020a2,1785277109420,sender,0,False,,,,False
4ae2d6a4-66a9-5f9d-89dc-8563c28dc305,1785277109426,sender,0,False,,,,False
b3faa57b-cf2c-5f03-bbb3-72ba206a4135,1785277109502,sender,0,False,,,,False
af2b8a94-d5e2-5e6b-bb9e-387af21a5be3,1785277109505,sender,0,False,,,,False
d8596817-5ac4-5696-a783-9af2ef3eb41e,1785277109507,sender,0,False,,,,False
7c88d198-366d-531b-9a73-25e64ca1d45d,1785277109518,sender,0,False,,,,False
833221aa-0c8b-5a24-ae26-67565ea31d7a,1785277109634,sender,0,False,,,,False
e12df2b2-c7ec-5890-a4ba-f43c4a826ca5,1785277109638,sender,0,False,,,,False
20972b09-0fba-5b05-88cd-45c42fe2e415,1785277109640,sender,0,False,,,,False
eb4a4502-6a68-579e-9440-4cd6ffa181a4,1785277109672,sender,0,False,,,,False
68fffc25-73f7-54d3-bbb5-4a2b9c92b465,1785277109675,sender,0,False,,,,False
fa8b6188-35d0-5cb6-b764-f97e8cf821aa,1785277109716,sender,0,False,,,,False
ec4d639d-995e-5a4a-8c91-74318c9fe159,1785277109722,sender,0,False,,,,False
d460b343-5c8a-5e48-ad95-bff7096bb8b4,1785277109724,sender,0,False,,,,False
55903daa-0cff-5fb8-aa09-27f843e1cd88,1785277109761,sender,0,False,,,,False
de64c3c2-693e-5dcd-ba20-73d810c97aab,1785277109812,sender,0,False,,,,False
31c13361-f0af-505c-a6a1-b12796c15cea,1785277109815,sender,0,False,,,,False
2ae38bf6-71d6-5bbd-9c73-159383e40c38,1785277109817,sender,0,False,,,,False
c9dbe2e7-a6d4-555f-982c-d884323ac651,1785277109842,sender,0,False,,,,False
4e5485ff-2f1b-5501-911e-e6c056e876bc,1785277109879,sender,0,False,,,,False
1db2dc26-ef81-5008-bf01-4c0c6a805b4f,1785277109882,sender,0,False,,,,False
561698e2-9c17-5460-96bd-5c139cf5ab68,1785277109920,sender,0,False,,,,False
ea9e8f8e-71b6-5727-a2bf-9aa6f6fd43e7,1785277109923,sender,0,False,,,,False
8f602221-3b0f-5040-9d92-83299909d2d7,1785277109960,sender,0,False,,,,False
7430d1d6-fc34-55ac-b34a-a544af068cc1,1785277109977,sender,0,False,,,,False
96df8478-5299-50e5-aaee-c5a819d6c996,1785277110005,sender,0,False,,,,False
a6b54343-2d7c-5fdc-9a35-9ca68b10e6e1,1785277110016,sender,0,False,,,,False
3b1ffc73-e779-502a-b600-bd9e7021bc82,1785277110042,sender,0,False,,,,False
14dd542c-eab8-51b0-9fb5-fcc78ffac8c7,1785277110126,sender,0,False,,,,False
2b0ef969-107a-5f73-91a3-e33b57c2d4ed,1785277110144,sender,0,False,,,,False
5b5240d9-7625-52b0-a299-c5623401a352,1785277110147,sender,0,False,,,,False
b98e49fb-c64b-519c-9d34-319fed0f183b,1785277110206,sender,0,False,,,,False
943b268b-e45d-5f12-883d-8b37659986a8,1785277110209,sender,0,False,,,,False
45ddc66b-32bd-5f3b-9d2b-e9003205585c,1785277110211,sender,0,False,,,,False
0bdbbe30-1517-56f7-a9a7-ad21c46cf789,1785277110249,sender,0,False,,,,False
54b2d636-efa5-55ff-8344-988301563a78,1785277110253,sender,0,False,,,,False
be25b846-e087-5442-8ffa-eb3dc837e334,1785277110280,sender,0,False,,,,False
4473545d-cee6-5210-95de-6f5211cfdeeb,1785277110314,sender,0,False,,,,False
99f3b308-259c-51d8-9d71-f95dee43f125,1785277110326,sender,0,False,,,,False
3920385a-3e91-552f-a0e8-ce9a58ee61fa,1785277110345,sender,0,False,,,,False
dd8d4899-c722-5ded-80bf-e3a385987f7b,1785277110480,sender,0,False,,,,False
0f9b9317-aceb-57a5-89df-f1823e060e48,1785277110538,sender,0,False,,,,False
34eedcc0-3ac7-57c1-9a26-6aef7fc5417a,1785277110541,sender,0,False,,,,False
93eaf174-cd9a-5657-bfb1-e112094dda3d,1785277110559,sender,0,False,,,,False
3ef35f2a-d6b0-5f0c-8bfd-81cb950fa66e,1785277110562,sender,0,False,,,,False
c198bd6c-a652-57cf-8453-e11a81558e0d,1785277110613,sender,0,False,,,,False
c40e5472-fbd8-5148-8ec1-87ed1673e26b,1785277110632,sender,0,False,,,,False
345ba99b-8234-560b-8924-ed59ff1084ed,1785277110645,sender,0,False,,,,False
2e685145-7963-5779-a126-3612876e944f,1785277110648,sender,0,False,,,,False
191473dd-2192-5abd-ab54-d6fd78ef2b15,1785277110694,sender,0,False,,,,False
1994ed1c-c4b8-5a2d-988b-94580607c36c,1785277110697,sender,0,False,,,,False
f23352cf-1d3c-5ea4-9f3a-5b88977c5a4c,1785277110732,sender,0,False,,,,False
4a0cf1e4-cc06-5be5-b1e4-3b0cd3f8fad4,1785277110736,sender,0,False,,,,False
a33ce992-67b7-55ba-9076-51733584e54d,1785277110748,sender,0,False,,,,False
71ac86ea-6c60-514a-b38b-b4bd043ad957,1785277110795,sender,0,False,,,,False
b427c03b-8e76-51eb-9e15-99a93fbdcc54,1785277110816,sender,0,False,,,,False
461c368b-bf41-5176-bb7a-6105b2302d27,1785277110834,sender,0,False,,,,False
6f754bb1-fd61-5fdd-bff9-02ce63b2c3ba,1785277110872,sender,0,False,,,,False
08168978-c1d6-5d50-a97d-7b5dc8c64af1,1785277110875,sender,0,False,,,,False
8d7c99ae-feac-57c1-ad0f-c503c3b032fb,1785277110887,sender,0,False,,,,False
77ded7ad-b3ca-5a5d-a9d0-9d3ccd6a7b07,1785277110923,sender,0,False,,,,False
a54f95ac-e9b6-59e3-b845-d047abfe5192,1785277110927,sender,0,False,,,,False
58cbfdfc-c996-539e-b865-957f108cff9d,1785277110980,sender,0,False,,,,False
a90b5be9-3173-5001-b57d-eb6fe328ced1,1785277111021,sender,0,False,,,,False
249d53f4-3e05-50b0-a05c-300e5c642277,1785277111024,sender,0,False,,,,False
3ce1f15e-6769-582e-8cc1-9c13478c7eb1,1785277111086,sender,0,False,,,,False
73f67cff-2f70-566d-a9ce-d08c963f81d1,1785277111089,sender,0,False,,,,False
627ba615-c5af-55cc-a28e-03c81e4b65e9,1785277111091,sender,0,False,,,,False
6a2fdab2-7820-5610-bc01-68e8d0a77ae0,1785277111094,sender,0,False,,,,False
8e969f77-364a-5aef-879b-9edc39c10751,1785277111096,sender,0,False,,,,False
cb0e9918-1415-51dc-aa7d-2eb38b0ddc4c,1785277111122,sender,0,False,,,,False
1caee51e-3ee7-520e-a6db-a4433cef7f80,1785277111135,sender,0,False,,,,False
378cee35-696d-5363-9333-75b5751fee08,1785277111166,sender,0,False,,,,False
5811edea-3346-5ea0-bc33-a8450aff8803,1785277111225,sender,0,False,,,,False
045f238b-efda-500e-8de6-fc872ef6c26d,1785277111227,sender,0,False,,,,False
8288ca4a-4f5a-5138-bb95-63c7302ae54c,1785277111292,sender,0,False,,,,False
5ae927cc-c44b-5f11-9ffa-9619196f4ac9,1785277111350,sender,0,False,,,,False
7dbd6b24-ca2f-50a6-82db-1b1b70c8e9e0,1785277111355,sender,0,False,,,,False
438ec767-ab68-5720-8a1a-e95be720dae2,1785277111373,sender,0,False,,,,False
8aa769d6-eb3d-57ce-a90b-b4c8d19a5713,1785277111377,sender,0,False,,,,False
2d85f000-b3fa-5e69-97ed-c7468e77534a,1785277111439,sender,0,False,,,,False
161822fc-9678-5b59-bdb9-f6a1e4d3a6d8,1785277111442,sender,0,False,,,,False
6265d296-686b-5d63-8418-810c4ad07319,1785277111446,sender,0,False,,,,False
582def94-f78a-5bcb-8157-a82e66b7166b,1785277111485,sender,0,False,,,,False
e248dec1-39a5-5e7a-8c89-0901fcbdff38,1785277111501,sender,0,False,,,,False
4ae4e8cf-6c08-5a76-a4ac-ba56815a3df6,1785277111561,sender,0,False,,,,False
63a2b2d3-d597-5340-a464-3c479973bef3,1785277111606,sender,0,False,,,,False
27f92d83-d5fc-588b-bbe8-77d09393ee31,1785277111661,sender,0,False,,,,False
c87fd457-f768-5eb4-8490-0beb1923d979,1785277111664,sender,0,False,,,,False
3ce37cfd-f4e1-5ffa-bd8d-170d4ddda40b,1785277111667,sender,0,False,,,,False
cefe91bd-4dc0-5804-9ca0-a448057d68d1,1785277111669,sender,0,False,,,,False
118bbc75-ad64-5271-b85d-1d7e3f7bae9b,1785277111725,sender,0,False,,,,False
72d7793d-7018-53fb-858c-7f481df56a02,1785277111729,sender,0,False,,,,False
c54e06be-34ab-5e44-8e6f-f6ea3e595608,1785277111731,sender,0,False,,,,False
0cf7572b-cf34-5b2d-893f-ac8bd4fea0eb,1785277111760,sender,0,False,,,,False
f260169b-a6ef-546a-8709-ab5ddf72e62a,1785277111831,sender,0,False,,,,False
8881367f-722b-58bd-b6ad-f56d87c351ac,1785277111869,sender,0,False,,,,False
437c570d-fe23-5652-bfd6-e7bb1badb931,1785277111876,sender,0,False,,,,False
87a71a96-8613-5805-a89e-2c098201dce4,1785277111904,sender,0,False,,,,False
c182bca9-938d-5074-b182-b2da885a4720,1785277111919,sender,0,False,,,,False
4ae3df7c-55e1-5a2a-8f32-62a4b3f74159,1785277111966,sender,0,False,,,,False
808d5bf5-e85f-55ea-aa6b-8288ae9c8064,1785277111990,sender,0,False,,,,False
55d97a32-fc89-5e6d-bfff-1b9b1e9e325a,1785277112041,sender,0,False,,,,False
7dec3460-3009-5e5a-bb71-0c50e5866e50,1785277112044,sender,0,False,,,,False
395d518b-b605-5706-9b6f-a348aa5f9c8c,1785277112082,sender,0,False,,,,False
528627a7-6527-5c12-ab51-e85e9c7b9810,1785277112085,sender,0,False,,,,False
31bf3737-a671-5330-a56b-db9a91caa9ba,1785277112132,sender,0,False,,,,False
d814689f-c9d9-5cea-8c7b-5844c6a35da6,1785277112135,sender,0,False,,,,False
15d61505-dd71-5342-9cc4-4053cef77c98,1785277112137,sender,0,False,,,,False
197c71c2-4e1e-56c0-95cd-26f15b425621,1785277112150,sender,0,False,,,,False
ff2c6491-0bb0-5b47-a619-d444477d7afc,1785277112179,sender,0,False,,,,False
d0fc9013-51df-5859-b0fe-6e0fa0f3a18b,1785277112191,sender,0,False,,,,False
19e4b48a-9566-500d-8e4d-b1edba6a6b59,1785277112262,sender,0,False,,,,False
3a2e7dd1-5bc1-5e2a-b0eb-6ba8633f4b9f,1785277112265,sender,0,False,,,,False
2c63220e-3439-50f9-8d12-9379b52f1b7b,1785277112295,sender,0,False,,,,False
280d6aa1-0e73-5f68-a698-d30782b4918f,1785277112340,sender,0,False,,,,False
6e48312b-a581-58cf-a674-693a8788a58b,1785277112343,sender,0,False,,,,False
f5b25810-27b9-5840-bc1d-e36ae86f40db,1785277112388,sender,0,False,,,,False
831a6f34-a4d9-5928-b93c-c223c39272d9,1785277112392,sender,0,False,,,,False
d09e6075-b810-5841-98ef-06ba10218523,1785277112394,sender,0,False,,,,False
367dda8a-4964-5728-88a1-4e2d249c207c,1785277112430,sender,0,False,,,,False
81d28a1d-7445-5083-bc48-5b64e6ea1e03,1785277112434,sender,0,False,,,,False
d7b369a3-d707-555c-b9d4-aa24b9541bf8,1785277112503,sender,0,False,,,,False
07cb5889-6c6e-58e0-b82b-670a909aea6d,1785277112506,sender,0,False,,,,False
25054491-187e-5047-b8b2-1e3a666c7adf,1785277112509,sender,0,False,,,,False
9c80dbca-fb9c-5b2a-9c27-a3900c19ca56,1785277112596,sender,0,False,,,,False
a0169119-3e31-5ff6-979b-8455408be89a,1785277112622,sender,0,False,,,,False
ce5f46ed-cd6a-53b4-80d3-33e7f6d1a08d,1785277112653,sender,0,False,,,,False
98355a3a-31a5-52ba-b795-b6fb90d83698,1785277112699,sender,0,False,,,,False
1b471df2-3a92-5561-aad0-8089cb3ab1d1,1785277112765,sender,0,False,,,,False
e1877c0d-ffd7-573f-8f6e-8d9d7c8c4628,1785277112783,sender,0,False,,,,False
7be25b3a-5336-5ea6-ab7b-16949f8db09c,1785277112787,sender,0,False,,,,False
bb9a88c3-7de3-53ab-a9f2-9904fa547836,1785277112789,sender,0,False,,,,False
52f0981d-698d-5774-ad7d-c25c68aeeee7,1785277112845,sender,0,False,,,,False
f0b606d8-3fea-5653-b7ef-9c9913493f98,1785277112848,sender,0,False,,,,False
e6553c33-780b-536c-99ce-80e7a05fc992,1785277112850,sender,0,False,,,,False
afec5115-af25-5b9f-9a7f-f960b1c42cbc,1785277112868,sender,0,False,,,,False
118b80ac-d775-50c5-87e8-867f0fb2a049,1785277112916,sender,0,False,,,,False
6fa0b458-0184-52c4-a38e-3f9e587d8233,1785277112932,sender,0,False,,,,False
e21c47aa-6e32-5bb7-97fa-a5d5ac8fa300,1785277113003,sender,0,False,,,,False
4963c8c8-ef11-504e-83b5-b030a366b2cc,1785277113007,sender,0,False,,,,False
ab934a00-8abb-5683-824e-a463be7f1dce,1785277113034,sender,0,False,,,,False
145416fb-0839-5d6d-bd4b-05cdb7d45087,1785277113046,sender,0,False,,,,False
7131d39b-14f5-5ff0-8644-ec09bf26b306,1785277113081,sender,0,False,,,,False
0691ba9a-2f40-5740-bfed-196f167ab0c2,1785277113085,sender,0,False,,,,False
140950ff-55e6-5bf1-b85a-9cc07c192618,1785277113124,sender,0,False,,,,False
c5fae655-db90-5380-b4ed-3976a2f7a5ba,1785277113127,sender,0,False,,,,False
f83f47b6-f692-528a-b2ca-9c8f87cf61a9,1785277113184,sender,0,False,,,,False
282565a6-7a35-58f7-a1f0-f337486cd3df,1785277113187,sender,0,False,,,,False
1bc67c65-a5ea-5012-b659-935039e6e426,1785277113189,sender,0,False,,,,False
c7b2263d-6e20-5de6-9030-8cb56b450bc2,1785277113241,sender,0,False,,,,False
09072031-338e-55df-bf9d-05d758267ed7,1785277113244,sender,0,False,,,,False
2050eb55-d8ab-5283-8685-770915af3c46,1785277113246,sender,0,False,,,,False
3d610d53-fddf-5d4c-a729-37001b8d6e05,1785277113282,sender,0,False,,,,False
0d9263c8-ec96-586f-8247-661a389c07c1,1785277113285,sender,0,False,,,,False
11a1dbc0-1ddb-54fa-97d3-e09d43b9a116,1785277113323,sender,0,False,,,,False
dbce380e-2b5c-5108-8fb2-b3275b8b584f,1785277113326,sender,0,False,,,,False
119d28eb-f28c-5253-bacb-25feaee3ab2b,1785277113338,sender,0,False,,,,False
2d4cb515-ce95-5f49-9ab9-bc62ca6c936e,1785277113378,sender,0,False,,,,False
ad5532cb-538a-5adb-a527-3fa06d77b1c0,1785277113380,sender,0,False,,,,False
2442d688-ed8b-5a8d-a1cc-426adad60008,1785277113417,sender,0,False,,,,False
704de4d0-5c1c-5cbc-8e6a-d3ccfdaf3a16,1785277113466,sender,0,False,,,,False
600d90f8-e409-5b3b-827e-eae8f88312f6,1785277113473,sender,0,False,,,,False
bb0ff403-a7fc-5fe4-8144-8b274bb1d809,1785277113504,sender,0,False,,,,False
5c2432b5-b435-503c-81e3-8276279af722,1785277113543,sender,0,False,,,,False
baa6454c-74e9-5875-8404-c553c6559d55,1785277113547,sender,0,False,,,,False
07a41a46-b6fe-5445-9d7f-e6c2b7047ca9,1785277113592,sender,0,False,,,,False
014744da-4838-5771-8eb3-6f0a7fa2aa69,1785277113596,sender,0,False,,,,False
0c905596-d202-509c-a6ec-f96cfccaf403,1785277113602,sender,0,False,,,,False
8e5a8ab2-c010-59bb-b5c5-4791ef46296f,1785277113622,sender,0,False,,,,False
f669509a-e3c2-5525-915a-5b6f94e9b75f,1785277113640,sender,0,False,,,,False
dd0642c1-c2f0-5653-ac39-6535b17cdcba,1785277113683,sender,0,False,,,,False
e66c8046-ad6b-5eff-86d9-64068cc3d2f8,1785277113718,sender,0,False,,,,False
6983a521-952d-580d-9a4f-ba46ac44f314,1785277113725,sender,0,False,,,,False
357d4a6c-0803-5f05-b52d-b438653ad2f8,1785277113739,sender,0,False,,,,False
a890b7c7-8a6f-565d-bfef-472f993957a8,1785277113766,sender,0,False,,,,False
76f3f18a-d8d8-5ad6-b132-44d5d98658a5,1785277113777,sender,0,False,,,,False
e7618c99-ac06-576f-a914-eaa2acc8920f,1785277113808,sender,0,False,,,,False
5ade478a-7d6f-5d2c-b9fc-fb6ac034ad77,1785277113833,sender,0,False,,,,False
228cad84-3421-539d-b8b2-ea99df005222,1785277113867,sender,0,False,,,,False
34c94b36-6f15-5a93-86e5-bde38ed95e93,1785277113870,sender,0,False,,,,False
3fb31da0-19ad-51fb-8d87-9429b481e4d7,1785277113910,sender,0,False,,,,False
b3c3a1bf-313b-5610-a19e-78cd45677dc0,1785277113913,sender,0,False,,,,False
2ef0d3f3-01f7-5509-83b7-345fc3956a87,1785277113972,sender,0,False,,,,False
32554895-1a16-5dcb-8048-dcb6f24d6f61,1785277113974,sender,0,False,,,,False
42696ddb-74de-5a4c-b364-31c885079ccc,1785277113976,sender,0,False,,,,False
146105be-5b92-5851-825c-c0ef1a1fce80,1785277114046,sender,0,False,,,,False
50a88711-4442-52f6-ad2e-d34585c2513a,1785277114049,sender,0,False,,,,False
a3f39cbf-5520-59fb-ae67-7f0599da629a,1785277114051,sender,0,False,,,,False
75a33ba1-51c4-5dd1-a76f-3f3f9fd91ace,1785277114054,sender,0,False,,,,False
73c382d4-6d59-597f-b06f-0c2eed62a8fc,1785277114089,sender,0,False,,,,False
a38442ae-50a6-5e07-863d-695bf9c04949,1785277114125,sender,0,False,,,,False
7afa13d1-078e-51ba-9877-f5a65dd532ad,1785277114157,sender,0,False,,,,False
9cceeab1-228e-556e-beb8-8e34819614cb,1785277114178,sender,0,False,,,,False
17952532-368b-5084-b448-6695957896b9,1785277114180,sender,0,False,,,,False
000a59e4-f3b7-53b6-bd91-62b7d70c1037,1785277114205,sender,0,False,,,,False
44339323-7700-5627-ab93-2f41ba143a22,1785277114230,sender,0,False,,,,False
597f0de0-f7a5-5bbc-865f-95a66bf1f325,1785277114242,sender,0,False,,,,False
2ccb08af-043b-5086-b987-ef3803b845dc,1785277114318,sender,0,False,,,,False
9b8e254e-9bd0-5768-9ee8-0d58d3bc9510,1785277114355,sender,0,False,,,,False
a988d67d-ea84-52eb-bf84-e0feb18378f2,1785277114358,sender,0,False,,,,False
6427fe94-4c45-54f9-a3e3-8f21498fc02d,1785277114384,sender,0,False,,,,False
49180578-3377-5c40-acfe-1d8d0da4d243,1785277114424,sender,0,False,,,,False
70290439-23fd-59fd-8c17-29e8acac5233,1785277114474,sender,0,False,,,,False
28de2252-86c6-5492-bff2-a91d61a38c33,1785277114486,sender,0,False,,,,False
88bdab87-07f4-5285-ad95-88f775469de2,1785277114518,sender,0,False,,,,False
78b20762-d106-50c0-a853-013d293c2f0d,1785277114523,sender,0,False,,,,False
5e7bbf75-50f5-5a52-9aba-55d9d4d30162,1785277114577,sender,0,False,,,,False
1ce8f8ea-81e8-5d39-bc65-ae30142c03c3,1785277114580,sender,0,False,,,,False
5bf99667-6554-5bae-aeb3-adb14182b0db,1785277114585,sender,0,False,,,,False
1a4222b4-89ea-580a-a4de-3f0b12bbf2be,1785277114588,sender,0,False,,,,False
b11d364c-80f2-5369-a56b-6d01abea4cf7,1785277114650,sender,0,False,,,,False
b95ca914-6901-52e6-9559-b3923fdfc8d1,1785277114654,sender,0,False,,,,False
a784d67d-5754-5e73-80d8-e7156f214f45,1785277114691,sender,0,False,,,,False
4a4a580b-e7a8-5017-adea-cfb2dd1279a3,1785277114696,sender,0,False,,,,False
03adb583-f5b5-5521-914d-434bd74f49ca,1785277114728,sender,0,False,,,,False
df17bd88-2dfb-519f-b0c2-d988596dfe2a,1785277114764,sender,0,False,,,,False
a0f321a7-50ee-5124-93f7-eae3fdef0461,1785277114768,sender,0,False,,,,False
83742b89-f99d-5d32-9a0b-247592c9bfdf,1785277114779,sender,0,False,,,,False
89bc3725-0665-534e-a096-194bb2dc2c13,1785277114825,sender,0,False,,,,False
14e6058e-e6bb-5fbe-a677-6dc360caf435,1785277114829,sender,0,False,,,,False
b275df2b-6d6e-5a07-b4a6-1519434afbc0,1785277114847,sender,0,False,,,,False
7ab618b0-6831-590b-9450-b7cc40468676,1785277114859,sender,0,False,,,,False
140e1600-f5ad-5b5b-ac4b-5b266a9746f1,1785277114918,sender,0,False,,,,False
35f676ba-460b-5668-97e1-69b9e922f709,1785277114921,sender,0,False,,,,False
5c4f49dd-e2f5-5945-87b0-51d8327c1505,1785277114970,sender,0,False,,,,False
9b381a3f-557b-512d-b230-5c1417142167,1785277114973,sender,0,False,,,,False
7cf55f83-813a-5739-b829-4e525d239cf9,1785277115012,sender,0,False,,,,False
96619932-2818-5366-b791-f7296d815f36,1785277115015,sender,0,False,,,,False
2210506e-ff2c-58b7-abec-192360d34cdb,1785277115041,sender,0,False,,,,False
c4d7c49b-e2c5-5e7c-9ac1-65b8af8a0576,1785277115063,sender,0,False,,,,False
7e02ffb6-c4e5-5621-8154-067bd03ce5f0,1785277115080,sender,0,False,,,,False
eccc03db-92de-5e83-83bd-48ec917f1b73,1785277115193,sender,0,False,,,,False
2fa1adc8-4ff6-589d-96cc-79d33cf5c7f0,1785277115197,sender,0,False,,,,False
830dad3a-50ac-589e-8b39-19bad926f7bc,1785277115230,sender,0,False,,,,False
06649fd2-955b-5f22-9709-1607d53b0d08,1785277115233,sender,0,False,,,,False
f89aa824-4089-5c05-b560-184746fecb7b,1785277115284,sender,0,False,,,,False
f60a4c22-162e-5b7a-88db-1e5f61f792a3,1785277115286,sender,0,False,,,,False
63c37eeb-fd25-59ed-b893-38c99984e30c,1785277115289,sender,0,False,,,,False
547f1e28-2b97-58f6-a7a4-7255dbc1fe3f,1785277115291,sender,0,False,,,,False
2b0ed019-4012-5044-9975-8b8519ab5ef2,1785277115326,sender,0,False,,,,False
32f1b960-f007-5fb4-a2c2-e1599ac334bc,1785277115328,sender,0,False,,,,False
16678647-62f6-5064-aa6b-4c4ac78c6f3c,1785277115339,sender,0,False,,,,False
b03bc19c-59e5-575f-bd8b-744793ad390c,1785277115384,sender,0,False,,,,False
7c15a28c-07f5-534f-8217-907f3c52ab90,1785277115395,sender,0,False,,,,False
4fb42ce5-f821-5352-8e6f-ca97d2979367,1785277115455,sender,0,False,,,,False
0ed7080b-e029-5056-b189-f1f2bb8d369e,1785277115471,sender,0,False,,,,False
83cd55ad-f41e-5461-bf52-867423337953,1785277115497,sender,0,False,,,,False
a7869971-1078-5f5f-9e83-c1565c2eae9c,1785277115540,sender,0,False,,,,False
bd251814-df67-5c38-bce9-81963004460c,1785277115545,sender,0,False,,,,False
9458e6a7-69a7-508e-a400-f8b44d385ebb,1785277115594,sender,0,False,,,,False
371acc7c-f5d1-5538-8268-f2a210f076f9,1785277115615,sender,0,False,,,,False
863735ed-bb3e-5cbe-8854-3e70116b250b,1785277115632,sender,0,False,,,,False
29a55166-e505-52f8-9b2f-dbca403803a2,1785277115664,sender,0,False,,,,False
91a3e1dc-ce49-5a0b-a222-45119b7754e4,1785277115699,sender,0,False,,,,False
57d888a3-8d37-5155-8e4c-5b4b6ad6ca53,1785277115735,sender,0,False,,,,False
6d1a6494-9983-581f-a41e-b995830e3868,1785277115738,sender,0,False,,,,False
9f03a7b1-1696-5c70-bff8-1f4a03637a30,1785277115773,sender,0,False,,,,False
331ecbf1-493a-5c61-ac32-133a7179f9e6,1785277115785,sender,0,False,,,,False
80b39a48-281e-53cf-813c-152eef62a6c2,1785277115788,sender,0,False,,,,False
a5d19d53-d384-5b15-8a73-bda5a6c4657c,1785277115834,sender,0,False,,,,False
588ed268-6e78-5527-9c88-d5e332e518c9,1785277115837,sender,0,False,,,,False
f056f183-6981-5a33-b4e2-89c8a60e54df,1785277115883,sender,0,False,,,,False
122fcd36-f78b-5d13-9c8c-c7317bf3a5de,1785277115887,sender,0,False,,,,False
b7b23db2-d413-5630-84f7-73b6fce391a2,1785277115926,sender,0,False,,,,False
2e96cf20-03aa-51d0-880a-aa0454ae6476,1785277115992,sender,0,False,,,,False
12f9d29c-aaed-5355-99d4-53d582d1ebad,1785277115995,sender,0,False,,,,False
caf4fa58-c0bd-5df1-a85e-44e53637edd5,1785277116025,sender,0,False,,,,False
598ce47d-9855-596a-b4c9-abd5b3b004ce,1785277116070,sender,0,False,,,,False
f9ad3ece-647d-5f47-a58e-0f335a94839d,1785277116106,sender,0,False,,,,False
9581d65a-f3e0-58a6-840a-1c022948168f,1785277116110,sender,0,False,,,,False
a62575cb-b26f-5244-93de-2aef2156e1f1,1785277116112,sender,0,False,,,,False
5e01850e-93ce-58a8-8802-6f54f7b45c5d,1785277116118,sender,0,False,,,,False
bd7f0711-d34b-54ad-8164-67cd71a29e27,1785277116165,sender,0,False,,,,False
78d5df17-0b49-5f88-bdaf-3aaedce1a827,1785277116167,sender,0,False,,,,False
c1341e4c-f0b1-5653-a137-620006073a4e,1785277116175,sender,0,False,,,,False
4c3adc4e-f3cd-5721-9bbb-0606781bd5e3,1785277116205,sender,0,False,,,,False
0785c867-db26-5e89-9cbd-6945d635faf3,1785277116216,sender,0,False,,,,False
30df329b-58f7-5e61-871e-ed4df6ae5474,1785277116294,sender,0,False,,,,False
d38219b5-3d7e-5cc9-9897-42a6b16753ad,1785277116304,sender,0,False,,,,False
584f30a6-c4f1-542c-9648-b34b9e175a73,1785277116308,sender,0,False,,,,False
df826545-3cd6-5956-b970-7addf4f6eb63,1785277116346,sender,0,False,,,,False
13e22276-7823-5a19-a8d2-4f41c088b875,1785277116348,sender,0,False,,,,False
ee2377e8-0a55-5cad-88fe-76f4e1602c54,1785277116407,sender,0,False,,,,False
5e39ea43-227c-59a0-b093-8b5ce3ebc481,1785277116410,sender,0,False,,,,False
d91c4d87-4d5b-54bf-8ba5-c9eb42dddffe,1785277116413,sender,0,False,,,,False
0be2fcc3-dee9-5d60-86d7-dbac7af21be7,1785277116455,sender,0,False,,,,False
5d71c86f-cd07-56f3-bee5-b7235b639354,1785277116499,sender,0,False,,,,False
e049d7a5-fb0f-513c-86f5-62f9469776bf,1785277116502,sender,0,False,,,,False
1619e889-2d3b-5b65-aa4f-1704779ec417,1785277116543,sender,0,False,,,,False
a4d45316-2599-5535-9f32-db0defb37b93,1785277116545,sender,0,False,,,,False
8912b9f1-1491-59bd-bd8f-c36e49a9bd25,1785277116596,sender,0,False,,,,False
f0a14a2e-eab8-55cb-85f2-3511f000f088,1785277116605,sender,0,False,,,,False
a0d7b9e6-37ab-5c68-a991-1dc8355b5f5c,1785277116642,sender,0,False,,,,False
cee06bc6-4060-5d93-b84f-008995e07710,1785277116645,sender,0,False,,,,False
f78a4115-0f5f-5244-aad3-e0ef9e6530ba,1785277116689,sender,0,False,,,,False
487bc378-dd74-5b10-95d6-fa2ab51634b4,1785277116701,sender,0,False,,,,False
dbfdc87a-1bd4-5936-a34b-285572cfa3aa,1785277116755,sender,0,False,,,,False
214357ed-d6ea-5153-a591-0470b5447a27,1785277116783,sender,0,False,,,,False
571fd795-4f58-5857-8dbf-f08d0f329f5f,1785277116822,sender,0,False,,,,False
90e541d5-9a45-54b0-b471-2a741c69d7aa,1785277116825,sender,0,False,,,,False
f47e00d8-1800-50f0-b457-ca36f8b094f7,1785277116853,sender,0,False,,,,False
0be34eb8-2cf5-5f35-899b-185445640e5e,1785277116874,sender,0,False,,,,False
88376cf6-effa-59ac-b964-bec4ee7ed60c,1785277116891,sender,0,False,,,,False
e1c43302-821c-5d71-ac5e-614f962ca92d,1785277117005,sender,0,False,,,,False
d7c1d520-ca5a-5421-b52c-68414c14832e,1785277117022,sender,0,False,,,,False
3d1a6abe-9f70-5acc-9a0f-58e8422e55b2,1785277117026,sender,0,False,,,,False
806fee47-0e4e-5862-9c8b-984ed71d8fbc,1785277117028,sender,0,False,,,,False
cae256db-86ee-5dae-b64d-69df9c645ec0,1785277117056,sender,0,False,,,,False
55fc911b-f476-5844-a9c0-d7b053e20f79,1785277117070,sender,0,False,,,,False
659f3172-11b1-5ea5-bab6-55d2f4d8c042,1785277117106,sender,0,False,,,,False
ffb00634-3f6d-5697-a605-0b272ed53a58,1785277117110,sender,0,False,,,,False
311a1fec-bcf3-5913-8ddb-e6643796784c,1785277117138,sender,0,False,,,,False
66dd695d-fb03-5c99-ae73-481bc15552e0,1785277117208,sender,0,False,,,,False
ad999537-d425-5119-900f-f559f93cc32f,1785277117212,sender,0,False,,,,False
80ec965c-1c36-56a1-9666-bd640ebe40e1,1785277117214,sender,0,False,,,,False
1da21a42-c900-56ea-a5d2-c4e8f7f00f47,1785277117216,sender,0,False,,,,False
ad3f9564-30d1-57d7-9ab7-da6d20872110,1785277117245,sender,0,False,,,,False
00093473-9111-5608-ac3a-323f9fd9db0b,1785277117291,sender,0,False,,,,False
8198e1bd-a774-5f19-bc7c-1fc5a3e7f0bc,1785277117295,sender,0,False,,,,False
0aeda2ee-be7a-5f2d-b286-ca5a7e0dcf2f,1785277117297,sender,0,False,,,,False
4ce30481-2d67-5d17-8dcc-fa8e93c20d96,1785277117335,sender,0,False,,,,False
754b1d95-2c0e-5065-a3f9-d138d281ef4f,1785277117338,sender,0,False,,,,False
0547ef1e-d978-572f-8b06-0872e569ecc7,1785277117394,sender,0,False,,,,False
5fef0606-b844-55c9-b8b5-e577ba17f346,1785277117397,sender,0,False,,,,False
5caadedb-8d7b-5d76-a4a3-b13f77ae59b5,1785277117399,sender,0,False,,,,False
44d570ae-3319-54f8-bc16-56afed5f001a,1785277117427,sender,0,False,,,,False
361f8c4a-0cd2-56ff-962f-3f1f780f0c51,1785277117504,sender,0,False,,,,False
dce5685d-8423-5556-8932-7442fbb90433,1785277117507,sender,0,False,,,,False
3839a03a-8fc6-516d-b7c0-c1e13b54a663,1785277117518,sender,0,False,,,,False
5dd86ecf-1e9d-5f70-b6b0-0af1cb00da1b,1785277117557,sender,0,False,,,,False
7fd0523b-6f44-548b-b39e-6950b2a2673d,1785277117559,sender,0,False,,,,False
a6e30f05-5ca1-5d74-863a-947a28536f7f,1785277117570,sender,0,False,,,,False
fe5a21df-b874-583c-ab38-05744d42fe85,1785277117626,sender,0,False,,,,False
3fdcea55-ad51-5913-b880-d2ab6916d3e8,1785277117628,sender,0,False,,,,False
3ade237e-d763-563a-a35e-ff6ee7bcbec5,1785277117674,sender,0,False,,,,False
674bd2f5-e29e-5e38-afa8-7b9bf6c96061,1785277117677,sender,0,False,,,,False
3ccb5f33-f3c3-534b-a499-9cc7df1aa456,1785277117680,sender,0,False,,,,False
7ce828be-a45f-507d-b247-965615583882,1785277117727,sender,0,False,,,,False
3487c03f-256b-56e5-9f63-10ce70ef6d23,1785277117730,sender,0,False,,,,False
a0805f79-81c5-594b-bb2d-28ef7ecd87c8,1785277117733,sender,0,False,,,,False
6291232b-6f2a-5974-a68a-7604177904af,1785277117770,sender,0,False,,,,False
1ae82fed-f430-5a4d-9c66-37ad9387bb57,1785277117782,sender,0,False,,,,False
c24ea6e6-6fb0-531c-aad9-a0d254e2cb7f,1785277117829,sender,0,False,,,,False
b550ed03-cafb-5a0b-b3f8-392f46fe9e61,1785277117894,sender,0,False,,,,False
77e74074-04fa-58a2-be5e-ae10fd211e3e,1785277117897,sender,0,False,,,,False
312a4051-0545-59b7-8e43-b097ea0db051,1785277117915,sender,0,False,,,,False
c3e2d352-ae3f-5fe4-bd15-2489a4ab57a4,1785277117931,sender,0,False,,,,False
0f8a30bc-8f57-588e-b104-0f7c490dc3ab,1785277117992,sender,0,False,,,,False
e7c5e407-ab3d-5411-9417-5ace7127729a,1785277117995,sender,0,False,,,,False
36e22302-e8d6-5f72-bea7-06c5250ab5fa,1785277117997,sender,0,False,,,,False
590e19f9-e1b5-517c-8f1e-63ce846d7c5c,1785277118043,sender,0,False,,,,False
f7406ff3-082b-5280-a424-81e892bd4c3b,1785277118115,sender,0,False,,,,False
34d9c436-ada0-5fd1-98ad-97e8ae09c79c,1785277118134,sender,0,False,,,,False
1b02b307-0c34-57a8-9bdc-4d082f6d057f,1785277118137,sender,0,False,,,,False
a7a8865c-e290-5f47-a2f1-826d1d480b7b,1785277118140,sender,0,False,,,,False
5391245b-6735-53b2-96d6-79b6fa90aa9b,1785277118175,sender,0,False,,,,False
ec014388-da11-5afd-a7de-c5fab31742cb,1785277118178,sender,0,False,,,,False
04de611a-a93b-5421-a856-ddab25d9361c,1785277118214,sender,0,False,,,,False
daa9d38c-bc9a-5a2d-89ad-c87532ecd17d,1785277118217,sender,0,False,,,,False
36762f92-85bd-597b-8b3e-9bd86c52911c,1785277118265,sender,0,False,,,,False
ea01ea85-67af-5bdd-940d-19dd5e886451,1785277118301,sender,0,False,,,,False
de2b8ec0-7a96-5875-bb59-9bc7928ee729,1785277118304,sender,0,False,,,,False
cf0dc7ba-33ec-5d43-9621-d845c7b4f141,1785277118331,sender,0,False,,,,False
ed87dbae-a781-5ff3-b635-a815a5bee07f,1785277118374,sender,0,False,,,,False
27a9bbbf-fd61-5bb9-99c0-a4b4acbaa7d7,1785277118421,sender,0,False,,,,False
231969ec-d12b-5cf2-a415-51fee284086f,1785277118424,sender,0,False,,,,False
e9c2ba9f-afea-55ad-b19b-608f2a291cec,1785277118427,sender,0,False,,,,False
50961c98-9fcd-5ca7-82f1-242dabdf1755,1785277118484,sender,0,False,,,,False
c131fa18-ff62-5bad-bbc4-666d52f64585,1785277118487,sender,0,False,,,,False
388cd07a-23a4-5248-be8e-829bf4c92d97,1785277118530,sender,0,False,,,,False
a07088a3-08ce-5a38-94c0-b39e227c8fce,1785277118541,sender,0,False,,,,False
806e4dc3-316f-524c-90df-f9ec23b0ca9e,1785277118543,sender,0,False,,,,False
0bef3e07-93ab-55ea-aeb8-8ab981f8f1ff,1785277118596,sender,0,False,,,,False
cb2c46f1-577d-5a30-883f-db3019c22461,1785277118599,sender,0,False,,,,False
4bdea052-5443-5ba0-8a09-22709d4c20e4,1785277118664,sender,0,False,,,,False
ea553aa3-bdb7-518f-a2d9-708df09d3461,1785277118667,sender,0,False,,,,False
deeab5f0-c13e-513a-a5aa-ae1c798dc84a,1785277118669,sender,0,False,,,,False
2234f569-2f7e-5d1d-a403-981544c4b251,1785277118695,sender,0,False,,,,False
234daf4b-26fc-55e0-8c5e-6526de07f7f1,1785277118727,sender,0,False,,,,False
af87a42c-d98d-5fac-b342-003f965a1d7e,1785277118764,sender,0,False,,,,False
5ba20ca2-6325-54c6-9658-6553d8ac9e07,1785277118768,sender,0,False,,,,False
35cd14f6-325c-57e4-a3de-547405e813cc,1785277118805,sender,0,False,,,,False
d3f03d78-f299-5ffa-8f21-5e77c5375a32,1785277118807,sender,0,False,,,,False
11fd2480-aa2b-5317-bb58-1bf43a93bed1,1785277118872,sender,0,False,,,,False
3650257f-6152-5284-9412-388d7f199bd5,1785277118874,sender,0,False,,,,False
09b4d520-9270-5d8a-9e86-98c7b21d306b,1785277118877,sender,0,False,,,,False
6a72886e-bc3c-5b24-a638-5e7233610050,1785277118893,sender,0,False,,,,False
5fd3ecb1-6200-5772-bd17-d85ef360f504,1785277118917,sender,0,False,,,,False
aff5b258-44ab-53b9-8e3b-9682ab48a760,1785277118934,sender,0,False,,,,False
6aa83904-4cf0-59ed-b36a-0fe466e4c73b,1785277118971,sender,0,False,,,,False
893abfe6-7faa-525d-948f-711071572bb3,1785277118987,sender,0,False,,,,False
26ecb16e-4e49-50ba-af7b-fd4b5a63d28c,1785277119035,sender,0,False,,,,False
4a0190b9-6fa6-54ee-a7d4-3d892ccd9c8b,1785277119046,sender,0,False,,,,False
8d71238e-ecfc-5300-9809-5a960d0c3597,1785277119119,sender,0,False,,,,False
c134b060-cb9b-5aa3-80cf-69359fcf77e2,1785277119137,sender,0,False,,,,False
97883e67-1074-5488-a107-458d226d2302,1785277119141,sender,0,False,,,,False
0286c2ca-96b8-564f-899e-d4b33dbc3cd6,1785277119144,sender,0,False,,,,False
cd4448d7-9a0e-5eb2-b15e-42a313438e8d,1785277119220,sender,0,False,,,,False
064f9568-611e-5059-97be-da2eea726b28,1785277119276,sender,0,False,,,,False
7c2e9354-f8c6-5c2d-b5a0-76d0e4007228,1785277119294,sender,0,False,,,,False
877c8cd2-b3aa-560d-a17a-13a30a9e0417,1785277119308,sender,0,False,,,,False
a5c0405d-1818-5512-a689-0cdaf09d8bc5,1785277119347,sender,0,False,,,,False
e9d7b758-fd88-5bac-b283-55178b36bb63,1785277119350,sender,0,False,,,,False
ee58c6f5-73bd-592e-9bb8-d473bbf3a2f9,1785277119399,sender,0,False,,,,False
b6d11fe6-ab8b-5c82-b49a-5439e76dfc58,1785277119404,sender,0,False,,,,False
cc261b2d-539d-5dae-a4cc-2b634e2bf9a4,1785277119407,sender,0,False,,,,False
75f1b3b0-162f-58ac-8e6c-3381426da505,1785277119448,sender,0,False,,,,False
434baddc-b72c-5acd-8ace-e83b8ab1ccf8,1785277119460,sender,0,False,,,,False
1f10d9a8-39af-5da4-bb3b-3a07d79b9b5e,1785277119503,sender,0,False,,,,False
53efa68c-12dd-50bd-ab63-7b8b6aa7aad0,1785277119537,sender,0,False,,,,False
8bb29a2c-0528-5420-a39c-f4b89f251d9e,1785277119593,sender,0,False,,,,False
7be3d937-2a46-591d-ae21-47f9c30ef731,1785277119596,sender,0,False,,,,False
22f1c30b-baee-50c8-a667-fd5df2a6acb9,1785277119598,sender,0,False,,,,False
7086ad05-27f8-5278-94d9-bbadf06626c5,1785277119601,sender,0,False,,,,False
dabff93d-0e60-5192-92d8-9bdfe960d740,1785277119628,sender,0,False,,,,False
61cd4519-915e-5158-a1b8-6eeea3b87cd2,1785277119649,sender,0,False,,,,False
79b8509c-659b-51a6-a6a2-140d33850659,1785277119666,sender,0,False,,,,False
dcd4c233-47f0-548c-8bb6-def8635d5394,1785277119703,sender,0,False,,,,False
6bbb47df-cc4b-58ed-bf19-6c8a9e11581a,1785277119776,sender,0,False,,,,False
57cfe9cd-909e-57d5-b3be-236154353b53,1785277119814,sender,0,False,,,,False
1fee7545-9e88-58c9-86a4-f81fd4dcd1a1,1785277119818,sender,0,False,,,,False
2530af4c-5c68-5101-ae20-36a83beb8b53,1785277119869,sender,0,False,,,,False
8bb04e7f-ec4e-541f-a91d-f0e871a703bd,1785277119871,sender,0,False,,,,False
7f4cbe7a-4de5-55bf-a74e-09a627db60ae,1785277119873,sender,0,False,,,,False
c4fa0a0f-dd16-53ba-b3ce-5fb7275cd608,1785277119876,sender,0,False,,,,False
e708d729-48e5-5527-a55f-f2c42c7b30aa,1785277119911,sender,0,False,,,,False
54434c0e-98b5-5c98-8c80-47e41536b7cc,1785277119913,sender,0,False,,,,False
2fe7e8b6-5f92-57a6-911c-b440e61ba592,1785277119948,sender,0,False,,,,False
098efe35-ee9c-5b4d-a3ca-98552f44dd5b,1785277119951,sender,0,False,,,,False
a3c21d48-2c57-52b8-a8b5-060d7fc3b8ff,1785277119997,sender,0,False,,,,False
c148d81a-5671-5d6b-966b-31773c43127f,1785277120068,sender,0,False,,,,False
c8ae8c08-1ea3-574c-a33c-7c85d85a883c,1785277120070,sender,0,False,,,,False
2e678808-1f02-5217-a2f7-d9a35e6fda02,1785277120072,sender,0,False,,,,False
38136cbd-6535-5959-92d6-dc159e6e164b,1785277120102,sender,0,False,,,,False
6a7391df-3968-5ebc-b3a4-4272dc1c4a16,1785277120114,sender,0,False,,,,False
ed6fa7fb-5e19-58d0-b947-fe4ab381313a,1785277120180,sender,0,False,,,,False
d571c401-325d-5b34-8a0a-4747a9f308b2,1785277120198,sender,0,False,,,,False
e04fe339-c75a-58c0-b16a-da36f62ef300,1785277120202,sender,0,False,,,,False
79af98db-e1ad-55da-af6b-1974e18947d2,1785277120246,sender,0,False,,,,False
16f22e50-c947-5b35-82a0-9da76cbe3b26,1785277120249,sender,0,False,,,,False
d3767568-7fa7-50ff-abcf-1f62ed8df25c,1785277120252,sender,0,False,,,,False
b07ad7e4-a6ac-5770-a7a0-48f83226ad47,1785277120287,sender,0,False,,,,False
a565757d-69f7-5a04-b6a4-317757cb6a9e,1785277120291,sender,0,False,,,,False
ed10135f-2e42-5996-ad20-7badaf5b2ba7,1785277120335,sender,0,False,,,,False
40ec9deb-f988-5d14-95c8-1d898033e43b,1785277120338,sender,0,False,,,,False
3f3858eb-ca2c-51db-8929-5733b0aacc42,1785277120341,sender,0,False,,,,False
37d709a9-1b56-58b8-85a2-296c1d76956b,1785277120353,sender,0,False,,,,False
5b82cb2a-ae0d-5dee-912f-7050c13e1f69,1785277120392,sender,0,False,,,,False
f679aea2-4da2-5d44-b858-164057666bd7,1785277120404,sender,0,False,,,,False
b218cc78-9ea2-5ded-aa48-6835a73b5a59,1785277120445,sender,0,False,,,,False
395a4f29-b92b-5af2-9251-2e55d1012d35,1785277120447,sender,0,False,,,,False
7da00e86-14dc-56e3-ab59-e6108b758ce4,1785277120491,sender,0,False,,,,False
564af420-d90e-5033-8448-b6a72d6a0024,1785277120496,sender,0,False,,,,False
1f473cfe-df2a-5893-acdf-d2ff18559c53,1785277120528,sender,0,False,,,,False
6a93ee4a-2a62-5278-8b76-3318fb17e90f,1785277120613,sender,0,False,,,,False
cda466f2-ac9f-5b16-a31e-d91e81bcca9d,1785277120616,sender,0,False,,,,False
690897e7-d7d6-5c4c-bd7e-5a78337801fd,1785277120622,sender,0,False,,,,False
6a770fa9-bd28-5f8a-9c1c-8a48a95fc55a,1785277120652,sender,0,False,,,,False
c4b8e934-6da0-5f1c-8017-7b5a250f25b2,1785277120688,sender,0,False,,,,False
b2b5891a-24b4-51db-a616-2067cc7eba44,1785277120700,sender,0,False,,,,False
4dbc2274-1a8b-53b2-9931-bf67c50a358c,1785277120713,sender,0,False,,,,False
ae76e8a8-faf8-59ec-8c82-e08aa33afa55,1785277120731,sender,0,False,,,,False
6da06338-122d-5b0a-8811-f1b502208180,1785277120759,sender,0,False,,,,False
8db611f0-6919-58bd-a694-e06a863be000,1785277120814,sender,0,False,,,,False
d4f07fb9-5020-52f2-872b-218f7d75f991,1785277120817,sender,0,False,,,,False
d68f58a6-e2d8-5610-8537-dede924f4196,1785277120847,sender,0,False,,,,False
657b04c1-4ac5-55f4-8232-74baa76dc866,1785277120889,sender,0,False,,,,False
4a0ccce7-dfe1-5bd8-a6e7-20643cec6a3e,1785277120892,sender,0,False,,,,False
ea88e9e1-1be4-54ee-bb49-defc09e60aae,1785277120952,sender,0,False,,,,False
93016b1e-fafd-55b4-bfe9-2da02682c35d,1785277120956,sender,0,False,,,,False
6e1ff231-e4ce-5cdf-b71c-e054f7d8ac8d,1785277120958,sender,0,False,,,,False
4a1b15a3-d38c-5943-b7da-e46aea847501,1785277120961,sender,0,False,,,,False
3bfaa858-399e-527c-a7ec-21ef6aac57e9,1785277121008,sender,0,False,,,,False
8539cd65-72e1-531c-93d7-b98fa5fcf2b9,1785277121012,sender,0,False,,,,False
54d832b9-7bf6-5197-b47e-e4dbfebeb70e,1785277121051,sender,0,False,,,,False
319c3ed4-a380-52ac-a58a-8f1d19cbdcdf,1785277121054,sender,0,False,,,,False
bebb1e0f-3040-5f78-ba52-4a30914b07da,1785277121095,sender,0,False,,,,False
6c4d9a2c-3471-59ac-ba4c-1135dde51a4e,1785277121108,sender,0,False,,,,False
97065a5e-28c1-5821-9f9c-d1bf581aac8d,1785277121158,sender,0,False,,,,False
9c8eb2c2-a4af-586d-ad20-5ea946623d8f,1785277121170,sender,0,False,,,,False
8b1f0dae-9355-5662-bcd7-bab16b73f14a,1785277121211,sender,0,False,,,,False
1ce7bbe5-0953-513d-b228-21ef1782186a,1785277121214,sender,0,False,,,,False
d46f84c3-8e65-5cd1-bf1d-f30ee28818a8,1785277121217,sender,0,False,,,,False
075235fa-b41e-5b8f-ad85-0af58bf9b001,1785277121252,sender,0,False,,,,False
171f79c7-af77-59a2-96dc-0af260d15aa2,1785277121255,sender,0,False,,,,False
93064731-7574-51c7-8141-3cef329b0036,1785277121294,sender,0,False,,,,False
60ca352f-c2a5-575c-ab31-12f5c6b429c8,1785277121341,sender,0,False,,,,False
a25198d9-1f61-5fc7-a580-92489e0f289a,1785277121344,sender,0,False,,,,False
bdf5e82b-6725-53ca-afa0-a27d1782a5de,1785277121388,sender,0,False,,,,False
3033cf89-bc3e-5dfa-9c8d-2230a0c03b75,1785277121392,sender,0,False,,,,False
ad1c1973-d411-5656-b41b-e1eea60f119e,1785277121395,sender,0,False,,,,False
202d6438-31d3-535a-ba5d-76222293b819,1785277121432,sender,0,False,,,,False
131d2a66-a118-5499-b980-510369792adc,1785277121436,sender,0,False,,,,False
19266886-cc3e-5ebe-b05e-0c3955ffd721,1785277121501,sender,0,False,,,,False
95307bc9-52e7-581c-ad18-e8b9e7217c64,1785277121504,sender,0,False,,,,False
786391f4-53a3-5281-aa90-b398097ad19d,1785277121546,sender,0,False,,,,False
df4faf14-f172-51ce-825b-05e0fcfd3534,1785277121549,sender,0,False,,,,False
cb7714fd-0031-5f35-b441-975d0949cec8,1785277121597,sender,0,False,,,,False
15c00dd4-12c3-5355-afe5-ebf44faeb23d,1785277121600,sender,0,False,,,,False
5348506a-e371-5a20-987d-2b7e4afec33b,1785277121602,sender,0,False,,,,False
9a995b17-7e0b-5d2f-8208-be82017ba955,1785277121614,sender,0,False,,,,False
4b6b059c-f4f1-5b21-a162-abbe57a75d87,1785277121662,sender,0,False,,,,False
c4b18a29-7961-572b-89a0-2b62c0aed439,1785277121665,sender,0,False,,,,False
b9a80736-f98d-554b-b988-10882b396f41,1785277121668,sender,0,False,,,,False
45ff91ef-c29e-52b8-b48f-e108c0df8e15,1785277121696,sender,0,False,,,,False
69c2e185-ee7d-522d-9c16-7963e9fc5f9a,1785277121751,sender,0,False,,,,False
f38c6848-6a5d-5f26-a2df-151f32415ecf,1785277121842,sender,0,False,,,,False
e595d7b4-baa3-5be3-90e6-d04f929b9a59,1785277121845,sender,0,False,,,,False
e788ab90-98cb-5fdb-8f3a-8af12f1f03c7,1785277121848,sender,0,False,,,,False
6038912c-fe91-538c-8c94-046f75b0297e,1785277121850,sender,0,False,,,,False
92f49fc2-a3c4-50bd-a7c5-894944ae5a30,1785277121876,sender,0,False,,,,False
282d4eb4-816e-5454-977d-856384822448,1785277121937,sender,0,False,,,,False
711bb834-ed80-5571-8a91-32929080fc35,1785277121940,sender,0,False,,,,False
fe62a341-ac70-59fb-98a2-740bc91aed44,1785277121942,sender,0,False,,,,False
64298e88-78ed-50a8-9178-e32e63ca6849,1785277121990,sender,0,False,,,,False
b4071fba-7822-5db1-86fe-6d8c829051e0,1785277121993,sender,0,False,,,,False
056723a4-9075-5914-821b-d169ad1ed82d,1785277122043,sender,0,False,,,,False
62273042-1d26-5aad-831b-d005877f2f5a,1785277122046,sender,0,False,,,,False
ebe08efb-d0cb-598e-ad34-d4f773969a25,1785277122049,sender,0,False,,,,False
d0d5e86c-6eb6-5cb2-81cc-fc5d58fe01bd,1785277122089,sender,0,False,,,,False
f1348c1f-fd72-5740-be40-ac6dac8d9d7c,1785277122146,sender,0,False,,,,False
36175612-6dba-56d4-9358-a995873a99d4,1785277122148,sender,0,False,,,,False
3a0a953d-deee-55d1-adf5-5589d20b018e,1785277122150,sender,0,False,,,,False
a3a9fa08-97a0-50ec-8d2c-5d0f122ab221,1785277122168,sender,0,False,,,,False
f3241a04-a85e-584b-a95d-5f8e58c38005,1785277122181,sender,0,False,,,,False
7bca4388-9a54-5b85-8e2f-3cbbae90b470,1785277122226,sender,0,False,,,,False
d719e520-8baf-560b-838a-556563386436,1785277122228,sender,0,False,,,,False
0f150c17-e2ca-54b7-9168-e53d833928ad,1785277122231,sender,0,False,,,,False
82465fe5-f229-5c9c-8bce-36109b7fc10b,1785277122282,sender,0,False,,,,False
6030224e-5cf8-5b74-8786-ac9ef6859a23,1785277122330,sender,0,False,,,,False
1c68c6a7-4365-5583-bbbf-a6d46b0ba5d6,1785277122333,sender,0,False,,,,False
bcd86e06-893c-5ff9-9716-d01bf947a51a,1785277122346,sender,0,False,,,,False
bcbee3b3-f987-55b0-ad8e-26f62fd3c9f1,1785277122374,sender,0,False,,,,False
cdaffe3d-29c8-5587-a8d5-7284cd3c6cd6,1785277122433,sender,0,False,,,,False
89b74dc2-6538-578f-b0b5-d5900f277747,1785277122437,sender,0,False,,,,False
8965d1d6-d40d-50b5-b22e-a2248258f29c,1785277122439,sender,0,False,,,,False
c9301304-c78c-5396-ac70-0ed00cbf0d56,1785277122478,sender,0,False,,,,False
afd057f7-bb4d-5b59-82ce-94237400d0f9,1785277122498,sender,0,False,,,,False
02413543-2f69-5abf-92a5-ffa5f84666ba,1785277122545,sender,0,False,,,,False
f7abdf41-b7dc-53b9-9189-ee261a1a0dfe,1785277122547,sender,0,False,,,,False
4f2dc2e4-b32f-5913-9214-04d2af165efc,1785277122567,sender,0,False,,,,False
03e704a1-465a-5639-88d6-a6666656238f,1785277122618,sender,0,False,,,,False
99d6c72c-686c-57d9-bff7-514b0d58d87c,1785277122654,sender,0,False,,,,False
c17feff7-ae32-50e0-a33d-fd8e25faee5a,1785277122658,sender,0,False,,,,False
6c530be9-4402-51eb-b435-d25151bb3efe,1785277122685,sender,0,False,,,,False
6fe48c5e-22da-5184-adc4-c06cd4fe68d6,1785277122734,sender,0,False,,,,False
b0112839-6e6d-5d4c-b20e-e5bc638e6852,1785277122737,sender,0,False,,,,False
1ae8898f-76ac-5d03-a66d-92a07c1e97ad,1785277122778,sender,0,False,,,,False
6021d44e-9bad-53a2-8b7b-103997dd9e61,1785277122781,sender,0,False,,,,False
aee9d33e-559f-5e8f-8bdd-0b9fab70c54e,1785277122784,sender,0,False,,,,False
fa0670ac-3b97-51c8-88fd-fc85abcd63ea,1785277122826,sender,0,False,,,,False
db61b59b-ceff-59f0-9943-ce685180cb1f,1785277122832,sender,0,False,,,,False
f57f2876-cb17-5635-963c-7dc267b664f4,1785277122835,sender,0,False,,,,False
edf076b7-d4af-56bd-a034-87aded6b6dce,1785277122854,sender,0,False,,,,False
cfedb97e-fd96-5309-b6ba-1e194fed9036,1785277122872,sender,0,False,,,,False
d80fa26b-cad5-5467-a1c1-f4f285172bbc,1785277122915,sender,0,False,,,,False
d96812d4-b857-58e7-b625-13a56b4c3030,1785277122926,sender,0,False,,,,False
1c8098ab-b25b-54a4-94e6-d636b426c1e9,1785277122929,sender,0,False,,,,False
d574a239-57ee-5ef2-8a23-2053316d0ef6,1785277122989,sender,0,False,,,,False
585894f7-88b0-5843-992c-7797a097d12a,1785277123082,sender,0,False,,,,False
10ce432e-1c70-5365-8ce9-be39d6348fb1,1785277123094,sender,0,False,,,,False
65c6d25d-466a-5985-9115-d996222fd2d7,1785277123127,sender,0,False,,,,False
a1ec6e34-23b5-5ca6-90c5-7ef14a9c4058,1785277123163,sender,0,False,,,,False
0702dfe2-c0b9-53da-8d53-f1ef59cc7a12,1785277123168,sender,0,False,,,,False
40ee42a4-fbd3-5228-b2b2-37477a3bd144,1785277123207,sender,0,False,,,,False
1ea4b902-5e8a-5842-90ea-af87f7dafd21,1785277123210,sender,0,False,,,,False
5328e888-4989-548d-9e61-1701a246845c,1785277123307,sender,0,False,,,,False
57348db1-863c-5a0c-a1c4-909aaa42e915,1785277123309,sender,0,False,,,,False
ffa2a854-39de-5f37-bcda-d0d8028406c1,1785277123312,sender,0,False,,,,False
8728ea85-f8d4-5649-bda2-94c2c3716575,1785277123340,sender,0,False,,,,False
6dcde1d5-3361-55e3-8aa2-f923b3f5e828,1785277123351,sender,0,False,,,,False
0014a412-a5bf-5a34-b046-780b7fe5d355,1785277123393,sender,0,False,,,,False
fe64178f-ce0d-556b-a14d-f88bad98cc77,1785277123433,sender,0,False,,,,False
cd7dc9aa-dbe4-5cc7-8221-b6fd31f92c1e,1785277123483,sender,0,False,,,,False
20759093-aba5-5ced-b6a5-4b687c05b166,1785277123487,sender,0,False,,,,False
88b3a6ce-b526-5c91-bb3e-e7757e1a52a1,1785277123547,sender,0,False,,,,False
8816ebe4-a4c4-5766-a71a-76e6a679ff51,1785277123549,sender,0,False,,,,False
b22cfa9c-95db-5c7b-b71f-8d6719dc7ffe,1785277123552,sender,0,False,,,,False
eb0d9ce9-7a25-57f5-ae55-b6cabe1c83bd,1785277123555,sender,0,False,,,,False
7577a5ad-edd7-5cec-89c4-7e16b895d4ec,1785277123604,sender,0,False,,,,False
6833d2fd-3f00-5d04-a89d-a1f6cc97793f,1785277123607,sender,0,False,,,,False
98194c40-daae-51cf-93ee-cea02f34cba0,1785277123644,sender,0,False,,,,False
5b3c85e5-b564-5d8d-8899-2d2812c97211,1785277123647,sender,0,False,,,,False
435412b4-18a2-5819-8d8c-718c38c922de,1785277123662,sender,0,False,,,,False
be0deb99-a807-5d61-8f7d-fd29e7baf6b1,1785277123712,sender,0,False,,,,False
c44ccf44-4adf-52be-862c-e2d025347c39,1785277123762,sender,0,False,,,,False
4a162ff0-f297-588f-bd51-9813b7aafe8a,1785277123767,sender,0,False,,,,False
b7d9e343-4204-5d0c-9727-d7e3c9202299,1785277123802,sender,0,False,,,,False
3724ba37-b928-56c7-b7dc-af27bd7b3650,1785277123806,sender,0,False,,,,False
0e891606-4408-5b5a-8583-9d64f8f8e6f0,1785277123864,sender,0,False,,,,False
397fa79f-9401-52a0-91a2-69050920136c,1785277123867,sender,0,False,,,,False
9ead00f9-1fb7-5352-97e4-d854ee24679c,1785277123872,sender,0,False,,,,False
ca347a22-c214-5b9d-9ad0-5b6819d77508,1785277123901,sender,0,False,,,,False
6bc516c8-5de6-54b6-a0f8-02a20f987771,1785277123938,sender,0,False,,,,False
309e5a22-9728-508f-a770-4a1b6e77e5e9,1785277123942,sender,0,False,,,,False
503ac783-d059-5a66-8066-10c81449be7f,1785277123953,sender,0,False,,,,False
31bbfd50-af18-513e-82ee-bc411fcbe0d9,1785277123966,sender,0,False,,,,False
5be9dfbf-aa1f-5064-a2b7-1a4dac3df793,1785277124021,sender,0,False,,,,False
a651f320-46b8-5ae0-a191-2575f620ea46,1785277124065,sender,0,False,,,,False
cc957508-6def-55c7-9f1b-63ba49812ac1,1785277124068,sender,0,False,,,,False
77b7cff5-90e1-5c71-80fb-a7d633fef93e,1785277124071,sender,0,False,,,,False
85c22d52-b2aa-5278-bdc2-66306360546f,1785277124082,sender,0,False,,,,False
c8dc0925-dd31-5e8d-ad84-51785d9cf2b3,1785277124113,sender,0,False,,,,False
1e50db7d-56c3-57e3-bbc4-ba8ff6efa324,1785277124125,sender,0,False,,,,False
232e3c8b-4a63-5541-b779-53d44f62f7c7,1785277124175,sender,0,False,,,,False
684789f5-72ae-5a3d-88eb-f7696f38cbd5,1785277124178,sender,0,False,,,,False
5fd93e2e-8e79-5976-92f3-c36a32b9f706,1785277124193,sender,0,False,,,,False
4c28c7c5-f562-5fcb-adb1-32b09651f831,1785277124233,sender,0,False,,,,False
413370a3-c4d5-5e93-a0f6-5a6d884f1b89,1785277124251,sender,0,False,,,,False
cca4d054-751e-57de-8898-490bd6efb051,1785277124280,sender,0,False,,,,False
9f8ad6d7-84b0-5dfb-8cd1-fe534cfe2b59,1785277124325,sender,0,False,,,,False
b3005191-5cd7-576f-8fdb-1d9c91e499f1,1785277124362,sender,0,False,,,,False
1521c222-1bb4-59b4-a3d9-e216414e6025,1785277124369,sender,0,False,,,,False
5094d8e6-84ce-59d1-9535-25f41a2858d5,1785277124404,sender,0,False,,,,False
9d7fcc40-17ca-5ea5-b472-cd56abeeb7a0,1785277124407,sender,0,False,,,,False
8c481b66-5f27-576a-beca-f9368697e4ce,1785277124456,sender,0,False,,,,False
421c7827-078f-5513-bc06-61bfe3790c60,1785277124459,sender,0,False,,,,False
521fb2bf-d470-501f-b707-4d0382281a54,1785277124503,sender,0,False,,,,False
5faf16c9-adf0-5dbe-b727-d44979078b5b,1785277124547,sender,0,False,,,,False
20a6ab31-9b00-5d30-a3e7-6d1341b54836,1785277124550,sender,0,False,,,,False
081e7197-3bfe-5e4a-977c-54b1e52bf774,1785277124598,sender,0,False,,,,False
2f4b1b69-725e-5f36-95bd-7691855821d8,1785277124601,sender,0,False,,,,False
e51a577d-7663-5fc9-8a7f-fc1cf2823b4d,1785277124604,sender,0,False,,,,False
4ea144d0-496b-5e17-8aae-871953abb6e0,1785277124668,sender,0,False,,,,False
6ff50154-5e00-53c4-a2c0-cbea9f93fa25,1785277124671,sender,0,False,,,,False
36dd44cf-550d-543a-8780-1c73682bda92,1785277124722,sender,0,False,,,,False
c769e1b1-c874-5dc2-acd3-b2c96755f928,1785277124726,sender,0,False,,,,False
ce245956-cbb4-560c-b182-236d61b03cc3,1785277124728,sender,0,False,,,,False
f399909f-537d-55d8-8e94-d3867d8bff5f,1785277124762,sender,0,False,,,,False
c94dcc8b-5eaf-5e11-833a-b052c76e3195,1785277124765,sender,0,False,,,,False
49c9efbe-6d10-5cbc-b7bf-44f9cf18927a,1785277124807,sender,0,False,,,,False
e2d9a04c-69e3-5cee-82b1-276d4993851f,1785277124811,sender,0,False,,,,False
9bc277ac-fde2-53a8-88d5-ad25bd75579a,1785277124814,sender,0,False,,,,False
21ec0ab3-114d-59d8-9d0d-f389183d3a68,1785277124890,sender,0,False,,,,False
da3d51fc-cc44-5c37-8f25-ac6b4e415c1d,1785277124894,sender,0,False,,,,False
833c0302-0575-5a1d-b7cb-a84572ed1a6c,1785277124897,sender,0,False,,,,False
16cb828c-dc17-5ccf-938f-5447ead3b858,1785277124909,sender,0,False,,,,False
26741fbd-b033-502c-9c81-38ea4ac3331d,1785277124984,sender,0,False,,,,False
3c0129b4-5a67-554f-aa2e-757a0d696c26,1785277125043,sender,0,False,,,,False
5e961e6d-4f94-5da3-8a57-b3c70da77b99,1785277125046,sender,0,False,,,,False
9595534a-fa4e-5ed3-9b67-c9cb499d81fd,1785277125048,sender,0,False,,,,False
9299d3f1-b40c-5a70-8f47-086835f54a01,1785277125104,sender,0,False,,,,False
2a82f8dc-569b-508a-bb88-4e20b1b8120f,1785277125142,sender,0,False,,,,False
65a6373f-4d0d-59fd-b7f8-fe912b3c8356,1785277125146,sender,0,False,,,,False
bcb4773a-9a7a-5931-b140-fa3ef1f493e9,1785277125174,sender,0,False,,,,False
76d4ffa8-325d-5cdd-abc4-2a5c37fbc490,1785277125211,sender,0,False,,,,False
db8b3788-c284-51df-9d9d-e64917068c5b,1785277125215,sender,0,False,,,,False
2eea4791-1312-5029-be5e-4b3fec14036e,1785277125226,sender,0,False,,,,False
50006efc-1d4b-561e-a49a-1031c8e5e1ed,1785277125281,sender,0,False,,,,False
e0883b78-1f69-5429-a42c-5ed7d47700b9,1785277125313,sender,0,False,,,,False
a5ea56c1-02fb-50a8-9b05-18db66868b1c,1785277125316,sender,0,False,,,,False
046b6ef2-de06-59ec-90de-52ae7a6195f1,1785277125319,sender,0,False,,,,False
d161d993-f375-5010-bfa2-3a9f3050ecd0,1785277125363,sender,0,False,,,,False
7e024e30-308c-5756-8058-e793d86b9b72,1785277125366,sender,0,False,,,,False
a28dc376-3c0d-5736-99ad-a378bc33d047,1785277125368,sender,0,False,,,,False
7a1366b0-9421-5165-b2a0-b21f8c0e87da,1785277125379,sender,0,False,,,,False
ec964eda-15c0-5d86-8171-b5c4feca8238,1785277125419,sender,0,False,,,,False
17271299-358d-5b75-b521-a011295c006f,1785277125456,sender,0,False,,,,False
13b07c65-f490-546f-b095-ba69dbf70341,1785277125488,sender,0,False,,,,False
672a39dd-7a55-57d2-9f7d-f16c87ba098d,1785277125500,sender,0,False,,,,False
80f8b131-2e53-5c60-870a-eab5b378bdc6,1785277125554,sender,0,False,,,,False
95edee90-300b-5f76-bb90-8acfbdceed71,1785277125595,sender,0,False,,,,False
d49b00c1-3c5a-5dc5-abb1-0dfd842a2241,1785277125599,sender,0,False,,,,False
10221bdf-3e64-5cdd-b988-5a18e88265be,1785277125636,sender,0,False,,,,False
bbfa695b-98c2-518a-9e00-5818ff2d55e6,1785277125643,sender,0,False,,,,False
213a66e5-cd7c-5a8e-a0fc-28486fd0c5d4,1785277125680,sender,0,False,,,,False
224a658b-89f1-5d34-b40a-6f439d6ef5d9,1785277125684,sender,0,False,,,,False
1291c739-2338-5017-bcee-138501f2dff1,1785277125695,sender,0,False,,,,False
b7a91772-97b7-5644-91cb-96d409a82ced,1785277125752,sender,0,False,,,,False
c69793d6-fb1c-58be-b3e7-6b26e53ef016,1785277125755,sender,0,False,,,,False
21055de6-35dc-5f9b-8ba5-58ad071e6c3a,1785277125803,sender,0,False,,,,False
818abe8a-2276-5570-8fc7-201d84a6bddb,1785277125805,sender,0,False,,,,False
3d743357-c90a-566a-a415-042430e20d4c,1785277125817,sender,0,False,,,,False
e556c638-06bb-572b-be85-bef897bc6150,1785277125846,sender,0,False,,,,False
7f9368ab-43ce-57a8-948f-d7248fcecf41,1785277125881,sender,0,False,,,,False
817a6388-4678-5174-ad75-5b9f104b97b0,1785277125885,sender,0,False,,,,False
e0e105ec-ebd1-56e2-bc5c-2f41c9b7ef54,1785277125921,sender,0,False,,,,False
0fef505b-80f0-5753-8369-fa1a2c9999f0,1785277125924,sender,0,False,,,,False
e0b46b4f-e239-5b6d-bce1-9654a58b495a,1785277125936,sender,0,False,,,,False
7d00f24c-4b90-5680-88b3-528696018a38,1785277125997,sender,0,False,,,,False
15157d3f-eb2e-587e-97ad-66b3a24dd971,1785277125999,sender,0,False,,,,False
10d81d8a-1d96-58b0-b0f9-f6e6f237e00e,1785277126001,sender,0,False,,,,False
9b3e18eb-bc89-575a-a2e9-e186b854faa5,1785277126095,sender,0,False,,,,False
320df404-67ab-5aa7-a5eb-926605aeaf4f,1785277126097,sender,0,False,,,,False
e6ee573b-97f6-5295-8b60-40897ff40ca2,1785277126099,sender,0,False,,,,False
9a4023a8-684b-5716-9c3e-5c53f5b7396c,1785277126135,sender,0,False,,,,False
1f7006cb-3cd5-5a7a-855d-0dffb6801c4e,1785277126138,sender,0,False,,,,False
a36910ca-61aa-5467-92f4-048aa619a817,1785277126182,sender,0,False,,,,False
c0c842c5-0ccd-53bc-be85-7589afb2b8a1,1785277126185,sender,0,False,,,,False
6a7f974d-d89a-5d32-a106-86ff3ee25d03,1785277126188,sender,0,False,,,,False
0d67764d-057d-578b-9903-df58a9e02b30,1785277126224,sender,0,False,,,,False
54e45d78-9ebf-54cb-a398-6e8b6ea84c51,1785277126229,sender,0,False,,,,False
fe816be1-322e-5248-9079-8b00ea04a42f,1785277126240,sender,0,False,,,,False
f84ce1b9-a078-56a8-add1-5837b4e4dda4,1785277126274,sender,0,False,,,,False
691903cb-860f-5f51-8dca-2382b81313f1,1785277126305,sender,0,False,,,,False
f93c083f-c372-5605-abe1-c19eb0ebdf39,1785277126324,sender,0,False,,,,False
a234d8a1-c790-5d4a-8087-8a515686ebea,1785277126355,sender,0,False,,,,False
bb54837e-7e39-5978-a185-654734dbc8e3,1785277126390,sender,0,False,,,,False
486f9880-26ce-58be-8ffa-7652defb58b2,1785277126395,sender,0,False,,,,False
aa9fba94-9757-5db2-bcae-8ea5f2c1bfbf,1785277126430,sender,0,False,,,,False
cf5b1276-6092-59a7-80eb-35d0d1cd74e2,1785277126434,sender,0,False,,,,False
8398fe93-5057-5486-a5e2-7e2ca371c1c4,1785277126445,sender,0,False,,,,False
17b9e27a-da66-500a-af2d-a81997b7f7d9,1785277126498,sender,0,False,,,,False
d2cece9f-09a4-5601-a9eb-87d79270d785,1785277126539,sender,0,False,,,,False
0a8cd3c4-6979-5956-8ee6-3c5946a4d130,1785277126542,sender,0,False,,,,False
90d05ef7-d2ce-5b11-8bc0-7f2baf01e1ee,1785277126607,sender,0,False,,,,False
37a16252-ca47-5e25-90c4-755fc97f3bb7,1785277126610,sender,0,False,,,,False
c1ebb7fa-6d86-54ed-b34c-74d4bcb61942,1785277126612,sender,0,False,,,,False
3fa314b9-7b8c-5e6c-a210-927ab1b27238,1785277126614,sender,0,False,,,,False
7de475fc-1fba-566c-9bea-ea354deffe71,1785277126617,sender,0,False,,,,False
58963a25-675b-5c74-b902-3b0d7599cd6e,1785277126649,sender,0,False,,,,False
a741abba-2302-5a03-aa6c-87504f568e8b,1785277126679,sender,0,False,,,,False
42b0f4d4-83ff-5101-811e-86e8551ef666,1785277126691,sender,0,False,,,,False
f19d07e6-cffe-5acb-b9ca-7e0d062254e5,1785277126750,sender,0,False,,,,False
7e8a281e-67c9-592a-ad6c-0a5a2b27e032,1785277126856,sender,0,False,,,,False
69deb7ab-1553-5602-8006-daf636e5982b,1785277126861,sender,0,False,,,,False
52bb5b31-5f4c-58ee-9c82-5dda0580c16a,1785277126863,sender,0,False,,,,False
f856e7b9-7973-56b9-9566-cdb8f8b8175a,1785277126890,sender,0,False,,,,False
31aca893-ae42-5bac-99d7-e4434a70c5b4,1785277126904,sender,0,False,,,,False
1b94568b-84cc-5f28-99c0-957b55d3d8b5,1785277126990,sender,0,False,,,,False
1d93f5a0-4a64-5fe6-86e2-691136b6d3e4,1785277126994,sender,0,False,,,,False
bd9f1d80-95c2-528a-a627-4c547d4b3fbe,1785277127038,sender,0,False,,,,False
a4acdf37-4490-50e6-8793-4512cc22890f,1785277127041,sender,0,False,,,,False
97ddbfc3-12a7-565e-a0dd-f4a05c084007,1785277127073,sender,0,False,,,,False
078bc8e9-4e3f-597d-9382-02c79d88c89d,1785277127102,sender,0,False,,,,False
a487f0f8-23ca-59bd-9618-b6899d97ec8b,1785277127138,sender,0,False,,,,False
ed819d22-8914-554e-ac8d-a57974faba4c,1785277127141,sender,0,False,,,,False
f5df07a1-68eb-5e67-80e3-442fd6444c68,1785277127153,sender,0,False,,,,False
1d7933a2-b295-563b-9774-1be47087b515,1785277127214,sender,0,False,,,,False
96c6e3fa-ef14-58eb-b556-b82229dd28f0,1785277127231,sender,0,False,,,,False
ca5c4fce-0f17-5eee-9e1b-d5358f1d6bbd,1785277127234,sender,0,False,,,,False
955510b3-1d07-5218-8690-65bc38e12930,1785277127247,sender,0,False,,,,False
a7ad50ca-5712-5d41-beb5-3093eb60d846,1785277127289,sender,0,False,,,,False
93b88d69-7933-57b3-ab38-f9232304512a,1785277127292,sender,0,False,,,,False
fd7f9aa8-e494-527a-b143-46fbdcca7b39,1785277127294,sender,0,False,,,,False
023b3b4c-e50a-5d09-ae73-cd6d3287b20d,1785277127326,sender,0,False,,,,False
f7ebe222-4b78-5e41-889f-467ad3445891,1785277127399,sender,0,False,,,,False
6476a933-a887-5399-a6b4-e46f3e66d5ee,1785277127420,sender,0,False,,,,False
1abd822a-e50e-55c6-9e2f-ca98799291b1,1785277127442,sender,0,False,,,,False
6556be33-e866-5cdc-842c-3ab81d01c280,1785277127456,sender,0,False,,,,False
5e89172c-2534-5749-9b2d-a608abfaf676,1785277127519,sender,0,False,,,,False
65206aa4-fd27-5f1a-985f-c0abacf5c801,1785277127565,sender,0,False,,,,False
c2c6924e-f858-5209-b737-4ed99dee9bb7,1785277127568,sender,0,False,,,,False
8671b1ae-da2d-5afe-8944-b742826436d1,1785277127571,sender,0,False,,,,False
e5e53c79-b6b2-510e-b8e5-1caa15789158,1785277127609,sender,0,False,,,,False
1434856b-66d8-5b0a-b218-82126819bd55,1785277127611,sender,0,False,,,,False
abdae36b-078f-523e-88b2-2e721b9dbaf7,1785277127648,sender,0,False,,,,False
278c33c0-c978-5644-9e3f-0eb10d208a28,1785277127651,sender,0,False,,,,False
20131547-8255-5f83-ba5f-66bc618008b3,1785277127687,sender,0,False,,,,False
d424bf25-202a-558b-bd1e-66cebc37f37e,1785277127690,sender,0,False,,,,False
40cdbe6f-e7f5-5ca3-8f63-ec73b710de6d,1785277127732,sender,0,False,,,,False
9de57b06-ab18-595f-a662-8aed051bb0e4,1785277127734,sender,0,False,,,,False
a7fce53c-5812-524d-911b-0ce5054d4702,1785277127754,sender,0,False,,,,False
d738f917-dfce-59d2-975a-8db737d23b7d,1785277127772,sender,0,False,,,,False
c7781789-e240-546a-9dbd-6ce521bca81c,1785277127820,sender,0,False,,,,False
af8865af-e5b3-589b-b00b-e3521e32f196,1785277127867,sender,0,False,,,,False
3395d155-adec-550a-add6-3f79235bfbae,1785277127871,sender,0,False,,,,False
4da9fe86-95c8-5d11-b981-33853eeb5c22,1785277127873,sender,0,False,,,,False
cd5cc5c8-c3c7-5837-a044-309a818b8273,1785277127906,sender,0,False,,,,False
72c93e87-fc5b-53d6-add8-9c9005192580,1785277127943,sender,0,False,,,,False
765623ca-698b-5675-9596-80dc5742e617,1785277128012,sender,0,False,,,,False
c56415c9-493a-5aaf-b777-d01cc456a5e0,1785277128015,sender,0,False,,,,False
6673f91d-7e7f-52e2-9a04-3d3b765fdf93,1785277128017,sender,0,False,,,,False
ffd41ed6-c58f-5b2d-ae3b-f8f9067aa8d8,1785277128059,sender,0,False,,,,False
15fd830e-8705-5c40-bbf6-cce367ff424d,1785277128083,sender,0,False,,,,False
4b717566-b852-537a-85e8-840ba7415764,1785277128103,sender,0,False,,,,False
5e43d53f-db9b-5a3b-92b6-f03eb8d95525,1785277128106,sender,0,False,,,,False
beeb7f20-922f-56ca-8ca3-00407c844475,1785277128108,sender,0,False,,,,False
f9297267-0af6-5325-b93b-2e77baeb2a93,1785277128133,sender,0,False,,,,False
9f8e5ed6-b280-53f9-8881-ed85723197e7,1785277128152,sender,0,False,,,,False
5e28d788-8ea9-547c-b858-39a5633facee,1785277128168,sender,0,False,,,,False
d8dadc86-30a7-5f02-84aa-95765863ea5d,1785277128206,sender,0,False,,,,False
9407ced5-2db0-5422-a2bd-a2cc7599e59a,1785277128269,sender,0,False,,,,False
457211a1-a220-5675-a084-2fa67d190270,1785277128271,sender,0,False,,,,False
ce104bdf-179b-52d1-8e4e-10ea1aee5df3,1785277128304,sender,0,False,,,,False
ec79af84-bad0-5d2e-ace9-d89172a26276,1785277128308,sender,0,False,,,,False
d46cbf60-d4a2-5eaf-856b-7a0048e211dd,1785277128362,sender,0,False,,,,False
5eef5e77-28a5-54e7-a82c-7c5007e1cbb0,1785277128365,sender,0,False,,,,False
0ee5b0f1-be73-5145-b596-998291cf0e8a,1785277128367,sender,0,False,,,,False
0ad58783-fa92-5be1-ad60-71fb9fd230ee,1785277128369,sender,0,False,,,,False
2f60a3f5-2d73-5f9b-9ede-79b887f0c2d4,1785277128404,sender,0,False,,,,False
42303eb5-e0c5-5d39-b229-322af791c954,1785277128438,sender,0,False,,,,False
c24b6f51-4a85-5ab3-8fa8-9a59c3cbd2a6,1785277128442,sender,0,False,,,,False
f7a57ab0-909c-5231-a5db-909d8756365c,1785277128454,sender,0,False,,,,False
48272b4f-5e85-5ef6-ab80-8b7aad251dd2,1785277128525,sender,0,False,,,,False
498457b6-09f5-55be-92bb-724525f5c488,1785277128569,sender,0,False,,,,False
e8fa4a25-5dcb-55f1-a5ff-5979a8b45def,1785277128571,sender,0,False,,,,False
164b376d-6fa4-5a0a-b154-c20481749e71,1785277128574,sender,0,False,,,,False
ca2ce80f-d2c6-5d0e-8f5d-fbc643bd28d3,1785277128622,sender,0,False,,,,False
a6060412-a7fc-54b7-b017-c83cbe8ed32b,1785277128624,sender,0,False,,,,False
83da98a3-eaeb-5689-b27c-83ef4493a747,1785277128627,sender,0,False,,,,False
254f75ff-dd64-52d0-b936-bdc86eb75fd0,1785277128663,sender,0,False,,,,False
4e02d1b4-677c-5945-8f33-dc19400db669,1785277128666,sender,0,False,,,,False
3e413848-ebac-51c4-b0b2-61bced311bb7,1785277128677,sender,0,False,,,,False
69eff766-c782-52ca-abf9-36f15711b07c,1785277128708,sender,0,False,,,,False
7f6f98ef-0f5b-585b-a103-ce369f1b61d0,1785277128719,sender,0,False,,,,False
b9997ed5-23de-504a-ab6a-08dbb95cb193,1785277128792,sender,0,False,,,,False
48957c90-efaf-5d1d-af5e-97c526193cdf,1785277128810,sender,0,False,,,,False
2647ebad-3ad7-5056-bfbc-d11b68d49276,1785277128814,sender,0,False,,,,False
57d6eee7-6cce-5f62-b47b-d40f17b0627a,1785277128869,sender,0,False,,,,False
58e96b82-a997-59eb-addb-178c9848fec9,1785277128872,sender,0,False,,,,False
a71c2809-4772-5a0d-b6d9-c963e5d1cbcd,1785277128874,sender,0,False,,,,False
2a382a63-0753-5fa8-b92d-66a1ed4da06d,1785277128923,sender,0,False,,,,False
0f08dff8-1a60-589a-ad1c-5b35c6c23f26,1785277128926,sender,0,False,,,,False
0fc0281f-ecd7-5cc1-97ac-d57497ea43ba,1785277128981,sender,0,False,,,,False
1a514229-8bd1-5f49-82e2-e3e318fa5dfd,1785277128985,sender,0,False,,,,False
ca012c2d-c726-50dd-9bab-eeb5337ce337,1785277128987,sender,0,False,,,,False
fd573226-6c99-5903-ac78-33e1751fa24c,1785277129021,sender,0,False,,,,False
ed9ed8ce-036f-527a-abf7-ddc18099fa90,1785277129056,sender,0,False,,,,False
b15498e8-d1a0-5d81-97ba-e43828c9f460,1785277129060,sender,0,False,,,,False
598f61be-e621-5f64-8006-7a5060c595c1,1785277129073,sender,0,False,,,,False
0232f745-d468-5c77-a455-b83009d69c54,1785277129112,sender,0,False,,,,False
00bbfa24-f6c1-59f5-924c-a000afbde5d8,1785277129156,sender,0,False,,,,False
c54b929d-311a-574b-956e-8d2cc4776e7f,1785277129159,sender,0,False,,,,False
1d402366-b7e1-5d7f-a466-3932a11178c8,1785277129166,sender,0,False,,,,False
76c81737-3434-5d51-a8de-127559dda6a6,1785277129239,sender,0,False,,,,False
f43236f1-7434-56a0-a1be-80ccf75d5b87,1785277129254,sender,0,False,,,,False
3e4582c3-6e5a-5503-88fc-42ae72c0b0d9,1785277129312,sender,0,False,,,,False
112b5fb7-2b84-537b-9f53-04516ecfa5b5,1785277129315,sender,0,False,,,,False
fbe71a1c-859c-5cc6-8a38-4c10c2cbc25b,1785277129318,sender,0,False,,,,False
c77f76cd-2798-5755-a731-e1c29c256daa,1785277129321,sender,0,False,,,,False
05984abf-e8fd-5e2d-949d-6fcbbc9889cf,1785277129348,sender,0,False,,,,False
9fc50ac8-315d-5aef-a5d3-2a048328248b,1785277129383,sender,0,False,,,,False
f173ef38-0b93-534e-b5d0-2568d77c39f0,1785277129388,sender,0,False,,,,False
00e27f62-da21-582d-bdf4-54dc0aaa2776,1785277129399,sender,0,False,,,,False
2194f70f-0cf3-562a-a9dd-bc170cc3b654,1785277129485,sender,0,False,,,,False
92d2e916-42d6-55f2-9085-60a089f0deea,1785277129518,sender,0,False,,,,False
25419779-f870-54b9-8dfb-0661655e46a1,1785277129522,sender,0,False,,,,False
0344fdc4-c125-5440-87de-3ceffd86553b,1785277129556,sender,0,False,,,,False
8e881fbf-e627-5c09-9cbd-046f2143a698,1785277129558,sender,0,False,,,,False
d5828065-329b-542e-b553-d46a3248b3ef,1785277129569,sender,0,False,,,,False
a7ee0003-612c-5b4c-b800-da9f43ac9e75,1785277129650,sender,0,False,,,,False
95c0c015-9c6c-5f3a-8de9-11e5a10aa4c3,1785277129678,sender,0,False,,,,False
9cf64d0e-03e1-5261-853f-876476afe0f0,1785277129728,sender,0,False,,,,False
af886654-1c29-5a24-a85e-be94039a7316,1785277129731,sender,0,False,,,,False
ddf0a335-0925-5a03-9bdf-dfc6ee141006,1785277129734,sender,0,False,,,,False
d6f7ec71-b8da-58d9-b435-23f877d57a38,1785277129761,sender,0,False,,,,False
26b6fe2b-302c-5c56-98c3-4c8f90c669a7,1785277129808,sender,0,False,,,,False
a86c26b8-73b7-5b70-badf-5438c7925832,1785277129811,sender,0,False,,,,False
25ecfefb-c7e7-5478-8e99-4c4c2af1d4e6,1785277129814,sender,0,False,,,,False
d9d5d13c-23a9-575a-b14d-dc79085add96,1785277129846,sender,0,False,,,,False
c685657a-0a15-50b2-b831-f38963c447a4,1785277129859,sender,0,False,,,,False
f61f54d5-350e-5b02-8e74-7fef1e349b8a,1785277129910,sender,0,False,,,,False
b1c451c9-ea12-56b9-9e1a-5046bd0481a4,1785277129913,sender,0,False,,,,False
11326076-9844-5065-902a-c61c71ee5f27,1785277129963,sender,0,False,,,,False
80f07bf4-d13a-5160-ab57-243cd4d781de,1785277129968,sender,0,False,,,,False
af16248b-295f-5921-8aa3-d8e3a3898356,1785277129999,sender,0,False,,,,False
ec1edaf1-5f70-5ca2-8f77-2e75f3456398,1785277130028,sender,0,False,,,,False
8b4248db-7b81-5f1c-8ed9-bd5426338929,1785277130082,sender,0,False,,,,False
de847a5d-fa65-559c-9c80-b5ffb8f91efa,1785277130084,sender,0,False,,,,False
e543c3b9-6f62-54eb-a189-5e0b0cf03601,1785277130087,sender,0,False,,,,False
ce1db94e-44d0-5f57-9e12-1f62d833fafd,1785277130128,sender,0,False,,,,False
bcc824ba-db4b-5aec-bebf-b634cffb2eda,1785277130156,sender,0,False,,,,False
ec09dacc-7c8d-56b3-b99e-967499996001,1785277130201,sender,0,False,,,,False
647641a6-c1e8-55c6-a623-47d53efc5cd8,1785277130209,sender,0,False,,,,False
dc212f6f-bd01-57e1-ae71-a6493699616a,1785277130211,sender,0,False,,,,False
07ac1c1e-a480-5372-ac65-62b56b44e5b6,1785277130223,sender,0,False,,,,False
07132b74-08c9-5c18-97db-94e64399664d,1785277130251,sender,0,False,,,,False
deab6976-dd58-5660-9194-7419d2be6792,1785277130311,sender,0,False,,,,False
07e25f12-bac3-58e4-a84e-442e9b08c7ae,1785277130314,sender,0,False,,,,False
977b28b7-5c52-5431-9083-e8388ddede9e,1785277130317,sender,0,False,,,,False
d5d5462f-481d-584e-8351-37fcbf19d6a5,1785277130344,sender,0,False,,,,False
bca03b3c-1fd6-5405-ba55-7ded5a93426b,1785277130394,sender,0,False,,,,False
5da894c1-0c38-5898-a676-8233e1ed9db3,1785277130397,sender,0,False,,,,False
a1547fa3-9d5a-5e37-bfce-835af0a82d7c,1785277130451,sender,0,False,,,,False
23fb5d46-ff8b-52ab-b77d-256e42d53ef4,1785277130455,sender,0,False,,,,False
cf19a377-8f09-5c4e-b128-9e5afd533360,1785277130470,sender,0,False,,,,False
1d441f59-bda3-5fcc-a7be-764fde0c0f24,1785277130523,sender,0,False,,,,False
d64ff670-44f4-557d-a84c-c2d97d5d4c2e,1785277130526,sender,0,False,,,,False
78da6e45-3613-5c54-835d-5f7253ba51fb,1785277130573,sender,0,False,,,,False
ccd99186-4fd1-573f-bbd6-bbf189fcfe22,1785277130576,sender,0,False,,,,False
c806d82a-2cd1-579d-85c7-a5ab32389d8d,1785277130578,sender,0,False,,,,False
61d4e60d-a203-598d-8ed5-578961ccc615,1785277130608,sender,0,False,,,,False
f307a59b-f803-599e-993c-bd41b100d3fa,1785277130645,sender,0,False,,,,False
d655983e-ff59-5b82-a7c0-c160d270c38e,1785277130649,sender,0,False,,,,False
0d8e6a77-40c5-5979-8c5c-b0d2eb374188,1785277130713,sender,0,False,,,,False
fea74bd6-06aa-5d1c-b67a-976376e82d5b,1785277130716,sender,0,False,,,,False
ec0ddfc9-bf77-5ee2-ac75-ac0090de5080,1785277130718,sender,0,False,,,,False
c95ce5d6-8b91-5bc3-814d-387041d026cb,1785277130764,sender,0,False,,,,False
1e84e6d3-72c0-5044-b5ec-a779281f7523,1785277130776,sender,0,False,,,,False
e3e967c2-a64d-5a98-8467-2647e29ad7f2,1785277130779,sender,0,False,,,,False
082de32c-8b92-58c5-a247-004d5bc7b6d7,1785277130816,sender,0,False,,,,False
ef7fe583-72f0-5be8-ab45-bc77cb9b1d07,1785277130819,sender,0,False,,,,False
2dba1da9-9ac5-59ee-8b79-afe88ed0530a,1785277130832,sender,0,False,,,,False
f23b8dcd-c9db-52b0-ab3b-39e01a736508,1785277130864,sender,0,False,,,,False
6bb276d4-078d-5b90-a87b-96392be6d6e0,1785277130899,sender,0,False,,,,False
779300ce-948e-589c-a2e2-ecd75ac98f4f,1785277130903,sender,0,False,,,,False
8e453e55-c48e-5d9b-a76f-c9e961c624d1,1785277130940,sender,0,False,,,,False
9cbfe976-b409-5826-b2e8-af4bc65750ab,1785277130945,sender,0,False,,,,False
9515bd41-7d75-50bb-9b43-d85e5d3a7a5d,1785277130973,sender,0,False,,,,False
5f7b1b22-4d1a-5669-8605-c8bf1ec2243d,1785277131035,sender,0,False,,,,False
39d8f7b1-80e8-5f76-902c-389afa4f61ee,1785277131055,sender,0,False,,,,False
1031abee-aba1-5223-8b41-413a2d08ecca,1785277131130,sender,0,False,,,,False
3d612acd-d9c9-5d21-a355-e73e5106c03b,1785277131135,sender,0,False,,,,False
7201492c-5543-5b7c-97d7-ca2e7239baf1,1785277131154,sender,0,False,,,,False
f2e1085a-0c3b-581c-80a2-92a82771cd51,1785277131157,sender,0,False,,,,False
6e35cffe-d8c2-5516-a458-2d894d731c97,1785277131219,sender,0,False,,,,False
a5b2dfac-312c-5a80-904a-26b9ca7f7e55,1785277131223,sender,0,False,,,,False
4aefde56-0f21-5756-bb5c-6783174e6709,1785277131225,sender,0,False,,,,False
ee6cff93-83aa-5df5-8729-2ed4f330545f,1785277131228,sender,0,False,,,,False
017a363b-16d3-57e6-a71c-e1b7b71962c0,1785277131274,sender,0,False,,,,False
d37acd39-c596-5446-8fd9-7d4f5ac659d0,1785277131323,sender,0,False,,,,False
82dec426-401b-5c20-b332-33907d2d0bb4,1785277131329,sender,0,False,,,,False
8da6799f-20d5-5039-9536-5bd0d5fd174b,1785277131332,sender,0,False,,,,False
1b2420aa-0e11-51e0-a4fd-2030bb46c788,1785277131363,sender,0,False,,,,False
26ad46f9-5add-5c3b-9686-83961777bd81,1785277131417,sender,0,False,,,,False
0ac23062-411a-5536-9a10-cd48ea83cabb,1785277131420,sender,0,False,,,,False
bad02b54-0ae6-54db-b8ca-c76d141028f3,1785277131423,sender,0,False,,,,False
59379057-d711-5be2-81dc-ed35081d5766,1785277131436,sender,0,False,,,,False
cbb2a5b9-5ca6-51da-85a2-e505fb0e01a5,1785277131533,sender,0,False,,,,False
f5638c5f-7841-531b-b054-eb8189b17e60,1785277131537,sender,0,False,,,,False
323bdf27-3aad-5cec-8bb8-70427c249a59,1785277131542,sender,0,False,,,,False
e5fb9d16-2276-597c-8f9e-e9f12439e3b1,1785277131582,sender,0,False,,,,False
53c729bf-0190-5d08-aafb-b0dcbe3b81bf,1785277131642,sender,0,False,,,,False
c1d33bb2-9bf6-52d3-a16d-db47490417f4,1785277131645,sender,0,False,,,,False
623de265-3d53-50c4-9d8f-77ab7f0f31d0,1785277131648,sender,0,False,,,,False
077f104d-6c73-5982-9a29-d8245a0b6ba4,1785277131663,sender,0,False,,,,False
61013ad1-7430-5e3c-966b-2df695e22eb6,1785277131696,sender,0,False,,,,False
919b70c7-8232-5dfa-a0d0-369e410da117,1785277131735,sender,0,False,,,,False
d8338d07-68bc-5317-b114-3e2f1d517cf3,1785277131739,sender,0,False,,,,False
89c388db-8498-5c05-8b31-a0651bc53818,1785277131752,sender,0,False,,,,False
8505739e-cab1-5f36-a881-8c507e68e559,1785277131819,sender,0,False,,,,False
78779976-5126-54e2-b274-a52ceb6ff3d9,1785277131849,sender,0,False,,,,False
0b6f1b94-4159-59ca-bff3-d9150c06bc71,1785277131853,sender,0,False,,,,False
7b38785d-bffa-5f9a-a5f2-071068d4e822,1785277131856,sender,0,False,,,,False
2af16bcf-fe25-5a6e-869c-d1e979200027,1785277131901,sender,0,False,,,,False
7c9ad162-eb8f-5079-a83b-6bbd05354bfe,1785277131946,sender,0,False,,,,False
b0a2fea8-a896-5400-b47f-b3e488ed3e78,1785277131951,sender,0,False,,,,False
32d0464e-1319-5e43-bdf1-57d3cc916625,1785277131964,sender,0,False,,,,False
e9bbc116-86dc-5a84-9be7-615c24288877,1785277132059,sender,0,False,,,,False
6208eb27-9523-5302-82a7-5737889b52f8,1785277132063,sender,0,False,,,,False
fff19562-54f8-50c6-8555-0e2f371756ba,1785277132070,sender,0,False,,,,False
7266d74b-e1cc-5f5f-ba33-d8bf0a0b90b8,1785277132074,sender,0,False,,,,False
a714ac3c-3135-53eb-bb79-84a9497808c9,1785277132157,sender,0,False,,,,False
227e0a01-569c-597c-9269-3b90d621f7fb,1785277132191,sender,0,False,,,,False
9db812c6-b34b-5473-a29c-829caeba60b6,1785277132224,sender,0,False,,,,False
5646d666-bceb-5258-9275-8b0642d11b26,1785277132229,sender,0,False,,,,False
b82d90b9-ff77-5ea5-bb2b-eafa58e77f4d,1785277132299,sender,0,False,,,,False
7bb7a7fe-09e3-5205-a854-2061fec08bf3,1785277132303,sender,0,False,,,,False
d32d84d9-c927-52cd-b89a-9270dec662b0,1785277132308,sender,0,False,,,,False
5fe1fdfa-557c-5e5b-bc52-1f5f91413445,1785277132312,sender,0,False,,,,False
db4fb936-53ca-5050-9895-c99f9cf68dc3,1785277132378,sender,0,False,,,,False
cc672a5b-597a-55d1-ac18-1d46d481021b,1785277132397,sender,0,False,,,,False
82d5839b-4632-5a4f-bc07-27e3de084bfa,1785277132448,sender,0,False,,,,False
4f19ee77-90aa-51fb-bd55-dab1689ca02c,1785277132454,sender,0,False,,,,False
4a3fc36e-e9aa-592b-8576-8481784e1731,1785277132529,sender,0,False,,,,False
2ffd1051-dd41-5a34-b0cd-9c19bac2c313,1785277132534,sender,0,False,,,,False
286860ac-eb46-582f-86be-f2dc1d01707a,1785277132626,sender,0,False,,,,False
8705f9a9-e2d7-5785-a648-2504f60a576d,1785277132646,sender,0,False,,,,False
a4978900-051d-5359-8509-9f4fbb67060c,1785277132652,sender,0,False,,,,False
2248afae-2842-5024-b581-79f6aef5982e,1785277132656,sender,0,False,,,,False
d55ea80c-51a2-54ed-9e38-cffcf407c34a,1785277132660,sender,0,False,,,,False
86f820ac-4961-5e97-9346-3158fb63a1a7,1785277132748,sender,0,False,,,,False
04ac00df-9b9d-560a-92b6-94de4071c3f5,1785277132752,sender,0,False,,,,False
2e126ae8-60ef-5e77-9b33-2d4a096a4741,1785277132805,sender,0,False,,,,False
61bf06b9-1663-5608-87a5-7dd16ba2cc6a,1785277132808,sender,0,False,,,,False
0228140d-4806-5b08-942f-c07a608fba42,1785277132839,sender,0,False,,,,False
726ee4a1-89a7-5b80-8566-fd1073400df7,1785277132856,sender,0,False,,,,False
6b215995-2cfe-5ac9-91b4-a1b05a1365fd,1785277132884,sender,0,False,,,,False
2ca0b65f-d4e8-5488-8d10-fafef796eb7d,1785277132923,sender,0,False,,,,False
4c0081ed-0e4b-5cce-b4f6-8817ab1f25c5,1785277132929,sender,0,False,,,,False
3fca6fa8-f9b0-5788-99c1-fe2226bb8d56,1785277132934,sender,0,False,,,,False
ff90899a-c6e4-5f49-a020-557c0f49424d,1785277132984,sender,0,False,,,,False
6c37f2d1-da8a-51f2-973e-52b92cb3d599,1785277132988,sender,0,False,,,,False
611670d9-543f-5a64-adfd-04095ba639b5,1785277133052,sender,0,False,,,,False
f744c72b-2f4b-517b-9fb4-693c26f4177e,1785277133093,sender,0,False,,,,False
9ebefaf3-726f-500c-9fda-4d406d3f6499,1785277133098,sender,0,False,,,,False
b56d2d2b-adb7-527f-8445-1af6d2e743d6,1785277133140,sender,0,False,,,,False
8ddbf31a-f966-5247-b0af-172f8d5c2b59,1785277133148,sender,0,False,,,,False
94833a0c-426f-5d76-88a8-64f82f40366a,1785277133217,sender,0,False,,,,False
17f24ccc-4402-5e87-a8a1-8eadb1c9a99b,1785277133220,sender,0,False,,,,False
cb485b3b-2101-5954-b375-685657038fae,1785277133223,sender,0,False,,,,False
c5ec24e3-65f5-5569-9b7b-957bd3279240,1785277133322,sender,0,False,,,,False
167b1e8d-3906-5696-9c0d-a3d48abb1316,1785277133328,sender,0,False,,,,False
2bf6bc67-cf38-53d4-98a5-16fa223c0549,1785277133348,sender,0,False,,,,False
0c4ffb13-9996-5f26-b971-e2129a1511c9,1785277133353,sender,0,False,,,,False
e76cc719-ab05-58b6-a2f0-d6a528c1ba7a,1785277133357,sender,0,False,,,,False
04fa6bdf-1c26-5cbc-bda2-549d3d650816,1785277133428,sender,0,False,,,,False
260198b6-142a-5ecf-a1ef-83c1b8b4106c,1785277133434,sender,0,False,,,,False
bbe4a285-be6d-50ad-86c2-53b88bbd8b6b,1785277133437,sender,0,False,,,,False
d9e4dc0c-e6bb-558e-8e8d-b0094ebe92d6,1785277133475,sender,0,False,,,,False
46517ded-d8e1-55bd-9f9d-295471d98ac4,1785277133519,sender,0,False,,,,False
f62bfad9-2323-58dd-be4a-5d7518a36c59,1785277133576,sender,0,False,,,,False
8c46a4e6-5545-517c-9a61-19101d3a0d40,1785277133579,sender,0,False,,,,False
479f973b-dbee-5719-bed3-5552fc657eee,1785277133582,sender,0,False,,,,False
5487d7f7-4496-5e5a-80f7-24afcfa03827,1785277133630,sender,0,False,,,,False
5b2e0e91-5412-5add-9599-fc660098170a,1785277133633,sender,0,False,,,,False
f6c31916-1534-56b0-aa35-b7a33f64db19,1785277133703,sender,0,False,,,,False
875469c0-5d82-5b8b-92cc-937dd40785c2,1785277133708,sender,0,False,,,,False
94007a92-4449-59ff-8cbd-9b385e2a84ec,1785277133712,sender,0,False,,,,False
b2d51b15-8d72-5afa-a79e-031e38a08814,1785277133748,sender,0,False,,,,False
b36c3479-270e-57c0-9151-5ad9f96011fa,1785277133806,sender,0,False,,,,False
8c550f25-b7dc-5acb-9327-d33bc8837dcf,1785277133811,sender,0,False,,,,False
eb941467-68b2-5d72-beed-48c5895ae09b,1785277133815,sender,0,False,,,,False
62f40805-ece8-560a-8388-119341ecb18a,1785277133886,sender,0,False,,,,False
4e5ce690-0593-55d4-b305-0abce6681cba,1785277133890,sender,0,False,,,,False
d3d864bb-e45c-5adc-9ac2-779691f87f0d,1785277133895,sender,0,False,,,,False
c480bea6-e24a-55e8-8864-ec17aec4cda6,1785277133945,sender,0,False,,,,False
e5ba74d7-2592-5fc1-8865-d4788945e5ee,1785277133948,sender,0,False,,,,False
c4d53a0d-f8ac-53da-9e55-ea9d5aa972b3,1785277134013,sender,0,False,,,,False
29df82d5-abbd-5080-8f05-b0132c9153e1,1785277134017,sender,0,False,,,,False
dfe0c530-4863-560e-a38d-ad7f09a8aa10,1785277134020,sender,0,False,,,,False
8872dc02-dde0-5aab-83e8-2bd6c95bee57,1785277134092,sender,0,False,,,,False
59714e07-cc93-5f3b-b0a6-1ccd81c0caa8,1785277134097,sender,0,False,,,,False
f04233f7-d539-5902-960a-f361ec69f5ac,1785277134100,sender,0,False,,,,False
95afcf2d-c1ba-5d57-aeab-390e8f25017c,1785277134143,sender,0,False,,,,False
b3719fa0-eca1-508e-bfe2-220ed95f77e5,1785277134146,sender,0,False,,,,False
738488ff-df73-550c-890a-8770a3f65eed,1785277134210,sender,0,False,,,,False
e1845523-2087-5763-8ca2-be704beb9a18,1785277134212,sender,0,False,,,,False
48faee53-5740-548f-906b-2b94f4ddf164,1785277134215,sender,0,False,,,,False
b7c01ca6-59a2-5bd8-8137-23f5b7dd8184,1785277134266,sender,0,False,,,,False
f3fe0424-b40f-55e3-9255-997ddd8a3b77,1785277134270,sender,0,False,,,,False
f14cd16c-73b4-5e6d-8130-676f724450e6,1785277134273,sender,0,False,,,,False
cbe2e12c-a439-50a6-9da7-ce563f405ec8,1785277134299,sender,0,False,,,,False
052b7296-fb17-56c6-8709-c2882f26a64e,1785277134312,sender,0,False,,,,False
1c94d8ae-a354-5868-af89-324bb111b758,1785277134364,sender,0,False,,,,False
ee8f0d26-86dd-5984-a2c6-11392a3023ca,1785277134381,sender,0,False,,,,False
f9aad14b-0bd6-5147-991d-d45420773611,1785277134385,sender,0,False,,,,False
c50939f1-ede4-5e3f-b799-75c825e43952,1785277134436,sender,0,False,,,,False
39dcd3ca-2980-5804-837a-c3c065448244,1785277134440,sender,0,False,,,,False
64cf9da9-5b20-5272-98f5-d6dfcdaa9f88,1785277134510,sender,0,False,,,,False
dd742d76-f0c9-52d5-8653-ebf2454ecfaa,1785277134514,sender,0,False,,,,False
e659acb9-fdc7-538b-89e1-46cf74eaf1db,1785277134517,sender,0,False,,,,False
8cc687ed-ad54-5441-aecc-cdf5b6d15f18,1785277134630,sender,0,False,,,,False
b7851006-d184-5d66-ac93-43d5a96386d5,1785277134645,sender,0,False,,,,False
bfd3fd04-8ba7-5a22-abab-eddd62cc36d8,1785277134663,sender,0,False,,,,False
a96e0232-eaed-5497-9746-189a6a4d272b,1785277134679,sender,0,False,,,,False
b3ef8f11-abfe-54a0-863d-07a5bc908bd4,1785277134681,sender,0,False,,,,False
7ee94092-cc29-573f-9071-4a411bdafec9,1785277134725,sender,0,False,,,,False
771dda8e-fd4f-5a0d-93f8-1e74a3c574e5,1785277134740,sender,0,False,,,,False
ebddeea7-3350-5a0a-9d84-af4cfe40a7eb,1785277134759,sender,0,False,,,,False
ac8b49af-b2b9-551a-8d45-ab2cca698a4b,1785277134799,sender,0,False,,,,False
27b65490-6197-577a-b534-9050982d3cbf,1785277134866,sender,0,False,,,,False
c5c0a876-640c-524c-af47-8e27d76ff6f7,1785277134870,sender,0,False,,,,False
62806093-2284-57ed-b301-ce5543e4ec6d,1785277134894,sender,0,False,,,,False
9eda129b-05df-5f8b-9dd3-fc87b182cce9,1785277134915,sender,0,False,,,,False
ec5e33ba-db07-5f53-bf0d-6000c4307d94,1785277134932,sender,0,False,,,,False
af90d621-ebcd-561a-986a-b02c3188972f,1785277134980,sender,0,False,,,,False
1203ff39-f018-510b-be8d-49a65d04ad5b,1785277134984,sender,0,False,,,,False
a7ce0868-1839-5769-b2bd-bbed58c4bcac,1785277135020,sender,0,False,,,,False
8882d570-991b-56bc-ac5b-9b849a90f4a8,1785277135082,sender,0,False,,,,False
21093dfb-c18c-5ccc-84bc-96ef7f37d4f3,1785277135085,sender,0,False,,,,False
2bdec2a5-4d6f-516c-9a74-0454005d0f27,1785277135088,sender,0,False,,,,False
ad503338-bd48-5598-b735-2b0c2037cd69,1785277135128,sender,0,False,,,,False
451d9a00-3157-52d4-96a1-55317009375b,1785277135165,sender,0,False,,,,False
078cf163-5e36-521a-8a77-759951ad8567,1785277135180,sender,0,False,,,,False
31fe5029-e02a-570c-bb05-e16765fd3db1,1785277135183,sender,0,False,,,,False
23a537c6-dfb1-537b-80e2-40a86fbd5144,1785277135212,sender,0,False,,,,False
8005baa7-462b-588e-a727-7358e2340039,1785277135244,sender,0,False,,,,False
82079500-dae0-56fc-a225-233e035c9148,1785277135288,sender,0,False,,,,False
8462ee8e-def7-5e53-97d5-f63d3ce8df47,1785277135292,sender,0,False,,,,False
b7e01deb-d4d4-5bb7-bb1c-0fb86def505e,1785277135341,sender,0,False,,,,False
19b43a6c-b336-5794-ba51-35160b9206bd,1785277135343,sender,0,False,,,,False
04f4e6f7-ceda-523a-af88-7d001fc84d65,1785277135346,sender,0,False,,,,False
e2d1cf40-0964-5e5e-be01-20869f9b07f4,1785277135374,sender,0,False,,,,False
ac40ea6c-3ac6-50cf-9745-a7d3adf566d8,1785277135414,sender,0,False,,,,False
ccb83cfe-b02b-5e7d-9981-338b1678306e,1785277135418,sender,0,False,,,,False
ca2fd759-7bf1-59d9-a6af-e0ddebf72031,1785277135444,sender,0,False,,,,False
69de036a-50fc-5e37-8ec5-b62387b9fa32,1785277135471,sender,0,False,,,,False
85333a55-dd91-58a4-ae96-d2f4dd213280,1785277135503,sender,0,False,,,,False
3a356c22-9500-5e33-8ee0-638849bcc344,1785277135518,sender,0,False,,,,False
a2aa551a-ec19-57f3-b6d8-8262f8ba2b71,1785277135553,sender,0,False,,,,False
322726fa-7ba5-5a4f-bb81-6176d58fea62,1785277135575,sender,0,False,,,,False
0d663cd4-2943-57a0-afa2-e15eb62426e6,1785277135608,sender,0,False,,,,False
5e78eecb-e4d2-522d-85fa-134c8215595b,1785277135661,sender,0,False,,,,False
06a52d77-4556-570a-88f1-d363b33f6d46,1785277135664,sender,0,False,,,,False
56f5faed-b3c7-5cd1-9800-6377c077d2d8,1785277135680,sender,0,False,,,,False
606661ec-d2d6-53ae-b411-1a603edffcc1,1785277135712,sender,0,False,,,,False
8bd7e2a1-b68c-5452-888c-6d7dff3def77,1785277135765,sender,0,False,,,,False
e6f83120-90e7-5e3f-a697-dd4b6373d7e1,1785277135769,sender,0,False,,,,False
664be822-42e1-5453-8aea-8a10f9c0b697,1785277135772,sender,0,False,,,,False
ec87dfc9-af38-53e0-88b3-3b0c4852df3b,1785277135825,sender,0,False,,,,False
3a1fdd2c-289a-56de-80ed-375447e400be,1785277135830,sender,0,False,,,,False
791c36cf-d4cd-5d81-a6eb-b1bcf68042f6,1785277135894,sender,0,False,,,,False
a36e273a-194f-5d88-baaf-a363ba0139cd,1785277135897,sender,0,False,,,,False
d599f5cb-64b5-5c1e-abb6-3b6394a0b9ee,1785277135901,sender,0,False,,,,False
bf9db7e0-6aea-5c51-9c45-d647ec3ac0b6,1785277136013,sender,0,False,,,,False
5245d36c-2bb7-50db-ba54-b5db5b623d67,1785277136017,sender,0,False,,,,False
569a6b1c-e718-5da3-9259-ed3999ccc2e6,1785277136047,sender,0,False,,,,False
a255b0b6-48ff-557e-81f9-c739605af1e5,1785277136122,sender,0,False,,,,False
139255e1-cba4-51f1-a675-923a849ed9f7,1785277136128,sender,0,False,,,,False
6087cc19-cdd6-5cca-97e2-4c648c810c31,1785277136134,sender,0,False,,,,False
efd17225-14b5-5d0f-8e10-c27ba02763d6,1785277136230,sender,0,False,,,,False
006d55de-b98e-504a-a467-cc0c8156a9cc,1785277136235,sender,0,False,,,,False
88ab139e-00dd-5e23-aeab-0b58dce5c867,1785277136238,sender,0,False,,,,False
48011d6c-4fec-582d-9347-a2c399d439da,1785277136242,sender,0,False,,,,False
43c53a5d-6bc1-59c8-afc0-688743d76a57,1785277136246,sender,0,False,,,,False
03acf71c-8e05-5904-94ac-bce2e9d1b238,1785277136331,sender,0,False,,,,False
6287ca54-c2b1-5586-8d80-1debce541776,1785277136335,sender,0,False,,,,False
c7d31d24-69e9-5507-8811-87b53d8d2330,1785277136338,sender,0,False,,,,False
302fc9eb-a6c8-5e88-a49b-f94cc51542c5,1785277136369,sender,0,False,,,,False
cfb20e4c-30a8-500f-9443-adc7032d0145,1785277136417,sender,0,False,,,,False
58e47ea7-a27b-5350-a598-c7e677e7caa2,1785277136420,sender,0,False,,,,False
520f982b-ec42-5fc1-abc2-51e85ee45311,1785277136503,sender,0,False,,,,False
2f693099-8f57-51ff-83dc-1183e404c5d1,1785277136507,sender,0,False,,,,False
fe1b6430-7de7-5fe4-a9c4-75d1f828fd3c,1785277136510,sender,0,False,,,,False
9c5cae4b-f4ce-5618-9c9a-1948be3e8e81,1785277136547,sender,0,False,,,,False
56ca2d9d-f2be-5d14-a720-20559f61a84c,1785277136601,sender,0,False,,,,False
ccf476de-edf1-5848-98d2-36ae11776905,1785277136604,sender,0,False,,,,False
c1098ff4-f914-5b24-8e4b-c88c57a3d65f,1785277136608,sender,0,False,,,,False
4df22b6a-0d9a-51d6-a69f-b81f5535eac6,1785277136640,sender,0,False,,,,False
5dbfa3fa-c55f-59e2-9d7a-ab0485465c37,1785277136680,sender,0,False,,,,False
7606f118-d5c6-5962-b98f-b67034a8fc0d,1785277136684,sender,0,False,,,,False
4dd7d829-a515-59f6-9460-c40ef468173d,1785277136722,sender,0,False,,,,False
4c03125b-968d-554d-9814-5611d4dff655,1785277136808,sender,0,False,,,,False
4a5bf46f-7ee0-5b6a-8ae0-f2998877fe87,1785277136814,sender,0,False,,,,False
e12a032d-8655-5cee-b17b-8172c522db79,1785277136837,sender,0,False,,,,False
d63abb83-cbc4-56ef-812d-6f8f25423e7d,1785277136842,sender,0,False,,,,False
e6d5e11d-602b-5646-87eb-d3ee0c7193d3,1785277136910,sender,0,False,,,,False
54443482-a0f2-5f5e-9a25-6e145d7532da,1785277136915,sender,0,False,,,,False
e7a5225f-cd38-580e-8726-9c83919e81da,1785277136948,sender,0,False,,,,False
1162fdbf-bff5-5c2a-ac02-c2b07a390ecc,1785277136954,sender,0,False,,,,False
272840c9-b013-5e29-a80e-7a522ff8be85,1785277137025,sender,0,False,,,,False
c4d5c446-103b-5851-b6bb-7bdf98d2a8f3,1785277137029,sender,0,False,,,,False
b4d70bef-9850-54a5-93a2-8d643bf1690e,1785277137034,sender,0,False,,,,False
d13b9085-85eb-5582-a381-4f7e79b7a1b0,1785277137119,sender,0,False,,,,False
27395f90-9e31-5bd3-ae22-45bca5b37b77,1785277137123,sender,0,False,,,,False
ccbf3a4a-8293-5571-ad48-3daea0f84511,1785277137126,sender,0,False,,,,False
dcc1303f-5b6c-5dd5-8c45-e32b50275364,1785277137130,sender,0,False,,,,False
a0aa3aed-f302-5af7-9446-00806a1f682d,1785277137162,sender,0,False,,,,False
56590dd6-c453-5788-b557-1729bf08c2e1,1785277137207,sender,0,False,,,,False
d523ea0f-d902-5bc1-ba23-42f8ff9a0d01,1785277137211,sender,0,False,,,,False
3449d5ba-9a3c-5dc9-b6f1-c6b81c1c78c8,1785277137270,sender,0,False,,,,False
937584da-0e69-5362-955d-ab3d168a47ab,1785277137275,sender,0,False,,,,False
3f70a3fe-35f3-5dd3-93e8-87f67c368a35,1785277137308,sender,0,False,,,,False
e477e30f-22e9-55d9-9295-75d5a03eef76,1785277137323,sender,0,False,,,,False
3210e936-2c19-5799-b8a3-6ebf5cadbfb2,1785277137393,sender,0,False,,,,False
4755264b-f845-5947-b934-4788df710281,1785277137398,sender,0,False,,,,False
0243e537-2c61-5d36-91c4-d14d2f4713d5,1785277137402,sender,0,False,,,,False
4dc558b1-0c67-55a0-b11c-08490c163ca0,1785277137457,sender,0,False,,,,False
d2220883-d6af-5949-999a-95050e196adc,1785277137460,sender,0,False,,,,False
5b602a31-639d-530c-b2d3-a90b0596f155,1785277137537,sender,0,False,,,,False
4bf04a3b-2680-557a-ae89-3e9405e9fb60,1785277137541,sender,0,False,,,,False
ec2e4661-f8dc-5229-b700-c766b5da8aae,1785277137543,sender,0,False,,,,False
3829cc29-d8ac-5d8f-bdaa-e844e5ec235f,1785277137593,sender,0,False,,,,False
3ed36917-930a-512c-9915-e7e2d758f300,1785277137625,sender,0,False,,,,False
555a6c1f-9dbe-5bd2-b5e0-927785a784fe,1785277137641,sender,0,False,,,,False
ceb5e227-341c-51e2-a175-1f5b9ba4a3ed,1785277137645,sender,0,False,,,,False
bb67f5e2-2c59-5256-a9f4-726989698570,1785277137689,sender,0,False,,,,False
bfc2fe3e-6f7e-58fd-b3da-5ecdc4f943fe,1785277137692,sender,0,False,,,,False
637402b8-a0f8-516a-b4eb-c004106530e4,1785277137750,sender,0,False,,,,False
59cf404a-7a0a-5b1b-87b3-c860035558d4,1785277137754,sender,0,False,,,,False
b6b47463-55fa-516c-9231-26cc7d963b09,1785277137757,sender,0,False,,,,False
2a49070f-695f-5e26-bd94-43aaf6171d3d,1785277137824,sender,0,False,,,,False
869b320c-9b2c-55cf-9491-339795a03a8d,1785277137847,sender,0,False,,,,False
e492d201-efe4-5809-ab9b-c47d48380a93,1785277137852,sender,0,False,,,,False
8353295e-41cc-5573-891b-c587d85168e2,1785277137892,sender,0,False,,,,False
3dd6ccd9-536c-574f-b703-6e1d6d32d85c,1785277137896,sender,0,False,,,,False
3dcceded-13c6-55ce-b547-f8df39a225a5,1785277137933,sender,0,False,,,,False
a5397754-1fe8-5782-8ba6-4719fbca127c,1785277137985,sender,0,False,,,,False
ae355bce-9a7e-55fd-bea0-827530a72353,1785277138029,sender,0,False,,,,False
524fe63a-3748-5a92-81c3-40a6de6cf60c,1785277138033,sender,0,False,,,,False
6c1cf1f6-6278-5189-8b97-9372f5a0c4d2,1785277138079,sender,0,False,,,,False
8d3f8024-05bf-5257-ace2-20220e342111,1785277138082,sender,0,False,,,,False
29bfa82d-057c-59aa-9846-c0d64d9d64fb,1785277138137,sender,0,False,,,,False
e7563925-9b53-5cd3-b6af-7f323652c5e2,1785277138142,sender,0,False,,,,False
d128100a-3be0-5263-acb2-6e546f7c0b83,1785277138180,sender,0,False,,,,False
e676d1ec-b80a-5950-99fb-9717a9ddc883,1785277138183,sender,0,False,,,,False
b297592c-c695-580e-9fd9-08f1d17123d5,1785277138226,sender,0,False,,,,False
adc68116-3d3b-5c7a-b468-1c802ac9f87f,1785277138230,sender,0,False,,,,False
6c571da2-841b-5141-8d7d-c895ab8f1dd1,1785277138261,sender,0,False,,,,False
1ee4c0a6-1319-5d6f-98eb-b4ee9b158d6a,1785277138309,sender,0,False,,,,False
225606eb-4c90-50aa-8ae0-cfeade7a33e2,1785277138313,sender,0,False,,,,False
93cb136b-29f0-5ce8-b71d-adc24dd17bc7,1785277138316,sender,0,False,,,,False
86f016ca-83fe-587d-bf97-3249c6cba55e,1785277138357,sender,0,False,,,,False
3cbcf177-8785-51a6-9926-e70669b03f21,1785277138361,sender,0,False,,,,False
f6d7c8b8-4f9c-53bf-ba3d-332862a2463b,1785277138420,sender,0,False,,,,False
bf40736a-8b62-5714-8024-2d6b8039b8c5,1785277138423,sender,0,False,,,,False
97a485a3-e56e-59fb-9abe-402fc7612b7d,1785277138426,sender,0,False,,,,False
ad536198-1db8-5c46-95f2-f0211a65aa5d,1785277138488,sender,0,False,,,,False
66b95d25-3054-54c7-bfd1-2eed3838e966,1785277138491,sender,0,False,,,,False
c2a85705-d39c-51c2-b774-e1221c4b0e1f,1785277138494,sender,0,False,,,,False
8a6a4941-c7c7-5ab2-b45d-1594c511b6d9,1785277138539,sender,0,False,,,,False
603dd805-a60d-52d8-a678-e15069e44444,1785277138543,sender,0,False,,,,False
3a90860f-c853-5876-81c2-e3f9181fb43b,1785277138578,sender,0,False,,,,False
0d4f3b86-d72d-5964-a4fa-87e5aad1e2f3,1785277138620,sender,0,False,,,,False
ddf7b4f1-5728-59e1-96f8-36383f90b647,1785277138623,sender,0,False,,,,False
c8ff8db6-dcf0-5e91-be96-64b845df1d9c,1785277138689,sender,0,False,,,,False
a4aa749a-dff7-596a-a36b-77cf10fa2dd3,1785277138694,sender,0,False,,,,False
4c079ef0-ae51-5046-82c4-03caf3f03a82,1785277138697,sender,0,False,,,,False
06102c50-1926-5f19-9f8d-cdfd3ab92d8b,1785277138765,sender,0,False,,,,False
59290230-86ff-54ef-9725-35aa670117e4,1785277138769,sender,0,False,,,,False
5c00a09d-df6c-5c0b-946c-e0e63d33381a,1785277138773,sender,0,False,,,,False
106a9b9e-19b2-5fa5-9bc7-1eb3f32a8517,1785277138793,sender,0,False,,,,False
8fe87793-a79c-552f-bcb3-b67aae3463c9,1785277138832,sender,0,False,,,,False
84ddb79b-7202-5fed-9c17-44ae50b4df8f,1785277138901,sender,0,False,,,,False
408be0d4-cf2a-58fb-8bae-39e51e0d9a1e,1785277138905,sender,0,False,,,,False
f5cfba9d-b289-562a-a94d-0cec75421140,1785277138982,sender,0,False,,,,False
481235a9-985b-513b-83fa-3820ba5397a5,1785277139027,sender,0,False,,,,False
8dc74003-46ef-5a41-bee6-febe9dc42d9c,1785277139031,sender,0,False,,,,False
49a5111d-88ad-5474-9dc6-8c9ee3ae1f64,1785277139036,sender,0,False,,,,False
d254bd56-c049-5d2c-93b8-6eaa14b8a8cc,1785277139060,sender,0,False,,,,False
91a9cd77-42e7-511f-98cb-2b203d63129e,1785277139115,sender,0,False,,,,False
e890fde5-dba1-5adf-8877-ebb2fe506164,1785277139171,sender,0,False,,,,False
c3a7b78e-f8a0-59f1-8bb3-c394aae4ace4,1785277139191,sender,0,False,,,,False
c1e31a9d-34d5-5623-98a6-99840d9fcdf8,1785277139194,sender,0,False,,,,False
94174d5f-a2db-57e8-92cd-a26dc6f3c14a,1785277139292,sender,0,False,,,,False
385d0254-baf5-52a8-89c6-f75ced4e4d91,1785277139295,sender,0,False,,,,False
98672380-376a-5d4d-bd4a-ae66fd5feaeb,1785277139298,sender,0,False,,,,False
6c9c1ecd-1b3d-5a8d-9b4b-3e6a439d4188,1785277139301,sender,0,False,,,,False
9a6848c5-c6bb-569b-987f-1573eec57a20,1785277139304,sender,0,False,,,,False
e5fcd1b9-76f5-53bf-8cff-998d1ca8489a,1785277139367,sender,0,False,,,,False
dea391b6-9c77-51e1-95ea-9976674a21fe,1785277139371,sender,0,False,,,,False
f6d93a5a-3911-59f3-b57b-98075c8e3c18,1785277139389,sender,0,False,,,,False
27a0dcad-5974-5f62-a5ab-9ff9977cdb8e,1785277139404,sender,0,False,,,,False
7dfe51ad-674d-57bf-9126-f9ce3343243e,1785277139433,sender,0,False,,,,False
ed8b84fa-9169-57a3-bee0-edf13e011233,1785277139516,sender,0,False,,,,False
d9c900e6-c296-5bd2-9ed7-2e14a4b627b0,1785277139521,sender,0,False,,,,False
a805ed8b-f813-5ba2-a5fc-0677f6b97124,1785277139538,sender,0,False,,,,False
7ffff110-f63d-5140-9652-fa3aaa6e49f3,1785277139553,sender,0,False,,,,False
48c77f78-cd41-581c-b3de-c27f49192d32,1785277139583,sender,0,False,,,,False
799b36c4-c051-5933-a190-16018be2a5ae,1785277139624,sender,0,False,,,,False
b0fc524c-48c3-5c84-bc2a-7e748ef88048,1785277139627,sender,0,False,,,,False
cf8d9d0f-e6b2-52e6-8269-53c2637f6cdb,1785277139643,sender,0,False,,,,False
def1c824-15e1-53b5-9f94-0e2bb04c4fe1,1785277139686,sender,0,False,,,,False
22d6051d-d788-51f6-ba33-49ad6bdefc0b,1785277139735,sender,0,False,,,,False
3b1076d0-70eb-5122-8527-5cfd626431cc,1785277139739,sender,0,False,,,,False
1cad077c-e44a-517c-a24c-34ba4e6705c2,1785277139779,sender,0,False,,,,False
d142587a-0179-58a0-b3c7-eaf75ae02aff,1785277139783,sender,0,False,,,,False
b9eb92be-8a25-5cf3-8064-abdec2ff7815,1785277139826,sender,0,False,,,,False
3c34d256-d2c9-5115-bd1b-dd89b0d324d5,1785277139875,sender,0,False,,,,False
c0c53f28-56ff-5cf2-a5ef-ca4ead4700e4,1785277139878,sender,0,False,,,,False
a82d0064-0bed-56ca-99a6-f121a6ddc1d0,1785277139892,sender,0,False,,,,False
ca48abce-5fe6-576e-818c-c771d10b51ad,1785277139911,sender,0,False,,,,False
059eec6e-ac3b-53a0-aa9d-d60f1778c889,1785277139972,sender,0,False,,,,False
427e0787-843c-5433-b2b9-4a4fe12dd2e5,1785277139986,sender,0,False,,,,False
cdc5bdc2-870a-5e57-8b8a-83bca41f5054,1785277140010,sender,0,False,,,,False
6cc7f05f-befc-56fe-bb2e-09b452cd14ac,1785277140047,sender,0,False,,,,False
3ec356a5-74a7-5977-9aa7-2770eb8de56f,1785277140109,sender,0,False,,,,False
74a56edb-d5de-5cd6-8212-d4037eed680a,1785277140112,sender,0,False,,,,False
a099c8a5-c43f-515c-bf7e-7af6363711c6,1785277140115,sender,0,False,,,,False
01556474-1966-5008-b8f4-edf2202607e1,1785277140118,sender,0,False,,,,False
9ec3a3bb-abe5-5dbe-94fd-1ff149f22ed3,1785277140159,sender,0,False,,,,False
b5e202e0-75f0-5c61-9846-d7d8ce692321,1785277140162,sender,0,False,,,,False
95c5c2c2-c6eb-51f7-9473-7597e52f5cad,1785277140216,sender,0,False,,,,False
955f40f1-da38-5ee4-ab40-9c6db91e5fb5,1785277140222,sender,0,False,,,,False
22a7a927-ae58-5abb-a8b7-b0bbe42fd828,1785277140296,sender,0,False,,,,False
5c87e05f-34ac-5394-95c4-d4ac2b0188e9,1785277140300,sender,0,False,,,,False
87c14492-ea08-515c-be67-2c598f1e8ae4,1785277140303,sender,0,False,,,,False
50bd327b-3d07-5de9-833f-4dc36202dc49,1785277140333,sender,0,False,,,,False
10bfa437-452f-51bc-87ae-f76b24f85fd5,1785277140409,sender,0,False,,,,False
ba8f08af-be30-58ad-9521-266e98c0f9ac,1785277140412,sender,0,False,,,,False
aa17de85-0466-50cd-94d8-4f6792edb161,1785277140416,sender,0,False,,,,False
19d5e4ad-b7f1-5874-84f8-adb0f32502d0,1785277140422,sender,0,False,,,,False
90e43063-1e9d-5d42-ae3c-4fc6a7c6b0d4,1785277140515,sender,0,False,,,,False
d02970f0-5e5c-5441-8f96-ad8a5ae7e455,1785277140520,sender,0,False,,,,False
950d8e9b-a67b-5668-bb76-5ca1815bd46b,1785277140559,sender,0,False,,,,False
c6d33ac0-bb46-5ea5-ace0-436cf4c905f7,1785277140564,sender,0,False,,,,False
a2abd403-7615-5e26-9fbd-948adea50c22,1785277140637,sender,0,False,,,,False
059d7c59-2309-544b-ae62-1794b9df0979,1785277140640,sender,0,False,,,,False
41b77b02-7d38-534c-8ba2-760787d5fdc9,1785277140644,sender,0,False,,,,False
d1d81437-e2f0-5412-921c-a3a25a329925,1785277140647,sender,0,False,,,,False
528ea636-15c1-57da-89aa-67e4b9f3ed5d,1785277140731,sender,0,False,,,,False
921454be-e439-5371-9606-6173a18f6099,1785277140752,sender,0,False,,,,False
61cf22ae-10ef-5d07-9204-5f88fd78c340,1785277140756,sender,0,False,,,,False
bafe205f-f099-5c01-9d43-46ec3f6e5c16,1785277140760,sender,0,False,,,,False
c3926afe-86a2-51cc-a706-c7faa5c080b2,1785277140789,sender,0,False,,,,False
afe6843e-65b6-5ce3-aac6-af89615792ae,1785277140830,sender,0,False,,,,False
b0668daf-a49a-5c33-bc3b-423f99298e6d,1785277140875,sender,0,False,,,,False
45951137-8c65-53bb-aeab-fb83d4e81881,1785277140879,sender,0,False,,,,False
c2e709f0-036f-558e-bebf-613c376fc3ee,1785277140918,sender,0,False,,,,False
14f17ed1-031a-598e-be8a-6365f1ae4fd7,1785277140999,sender,0,False,,,,False
be18708c-eb4d-5925-8988-f74f15b9d256,1785277141007,sender,0,False,,,,False
47c9b699-1a6e-57f0-9572-dad7d24fba17,1785277141050,sender,0,False,,,,False
0a21e1b3-7600-5fce-a180-2d88f69b92c8,1785277141129,sender,0,False,,,,False
fb3c1cc4-ccd2-5300-a5c9-7eabf0fbb29e,1785277141132,sender,0,False,,,,False
2f5bd500-d532-5dab-8021-d87c4abc0a9f,1785277141151,sender,0,False,,,,False
8b5d48b4-2a47-5c6f-9b0d-6de678d28d82,1785277141156,sender,0,False,,,,False
327ea0f5-2a7a-56f9-808b-466dce1274fe,1785277141160,sender,0,False,,,,False
7a302e2c-f40a-54b8-b1bc-63383d319236,1785277141192,sender,0,False,,,,False
b27fb12e-703c-551f-b1c2-b90ae6259958,1785277141235,sender,0,False,,,,False
927cb91b-5250-509b-befb-1fccce5f7b2b,1785277141249,sender,0,False,,,,False
9e2bc1b5-8332-5ff3-b212-86d42d6e03ba,1785277141264,sender,0,False,,,,False
c99676b0-f0a5-5017-81fa-699c0c5bfbbf,1785277141334,sender,0,False,,,,False
05d9ff31-04b7-5595-bf7b-81bfac5d4150,1785277141353,sender,0,False,,,,False
a4f70ca7-7416-53df-ae5c-d5c66677fe63,1785277141379,sender,0,False,,,,False
91e0a3f9-dfb2-5bc1-8af7-8b6cc27ae02e,1785277141396,sender,0,False,,,,False
72febf71-d31f-5b88-a1cc-3a07f04aab86,1785277141456,sender,0,False,,,,False
ab5ca344-c4d3-54b5-80af-f2339f79866b,1785277141458,sender,0,False,,,,False
12107013-98b4-5ddb-9d02-dfff26034de5,1785277141461,sender,0,False,,,,False
fa44b069-34c3-52c8-b39c-446013548a9d,1785277141489,sender,0,False,,,,False
80e1ce78-0d02-598b-9ce2-4d3d9f800948,1785277141522,sender,0,False,,,,False
861275c9-f296-548c-aba9-a02fb2f639ec,1785277141581,sender,0,False,,,,False
394359e0-062e-5061-8642-6b658199763d,1785277141584,sender,0,False,,,,False
1bda70ad-3092-5192-9983-e488a63a16a8,1785277141587,sender,0,False,,,,False
be90cbfa-1dbf-52c0-a0c0-6e9f27c5bedc,1785277141631,sender,0,False,,,,False
669e9c40-3c28-5306-b96d-5f798f38c78e,1785277141634,sender,0,False,,,,False
2cf7a645-ef8e-5a9c-b886-5ce599f23801,1785277141681,sender,0,False,,,,False
4ea100a5-fc6a-5222-9865-2feb8274848e,1785277141685,sender,0,False,,,,False
df4e7ea4-f453-5b06-b49b-cb14f44101e1,1785277141688,sender,0,False,,,,False
8c25cff4-7e3b-58b2-adb3-3e62f3b43fad,1785277141756,sender,0,False,,,,False
f32e5b30-676a-5ac8-a37b-a4512f055765,1785277141795,sender,0,False,,,,False
77ee6a95-6fac-539d-b8b6-3d3cdcfec53b,1785277141809,sender,0,False,,,,False
f42dfe2c-de6f-5a0a-9ba5-e1c09122c931,1785277141837,sender,0,False,,,,False
abb029bf-885c-50d3-a0f1-c5b1f625391b,1785277141866,sender,0,False,,,,False
8f1856cd-81ef-5c65-b0e4-1d962a78150a,1785277141891,sender,0,False,,,,False
f436cbd5-fb4e-52ab-a3be-44849b26871e,1785277141893,sender,0,False,,,,False
63a41e4e-c05c-5643-8a2b-aae9fc757202,1785277141913,sender,0,False,,,,False
0db354ac-5d0d-5d9e-aea7-79472c9fa779,1785277141932,sender,0,False,,,,False
9feb7270-8df6-5cab-a6cf-b45d9ff3fad4,1785277141987,sender,0,False,,,,False
8c214342-8ca7-5cd2-b89d-6262a28c83ca,1785277141990,sender,0,False,,,,False
2505b666-9dd0-54ed-993c-3c88addde793,1785277142047,sender,0,False,,,,False
90866711-a20f-5964-878e-fc685ee3470c,1785277142051,sender,0,False,,,,False
9efa0415-d283-521d-b866-1d053067d187,1785277142087,sender,0,False,,,,False
2b64744c-f383-50a8-b34d-e2cce73f5809,1785277142126,sender,0,False,,,,False
e8afcb8b-b484-54fc-a5eb-75e6c59ecfc3,1785277142204,sender,0,False,,,,False
99e96f3a-f488-580b-ab0a-59efdd393de1,1785277142208,sender,0,False,,,,False
4cd4f12f-810f-5f50-8493-b30b65218377,1785277142212,sender,0,False,,,,False
e680e44e-0d5f-5975-9fc1-0cafead1910d,1785277142234,sender,0,False,,,,False
1ec75a9e-098d-55a0-aef4-10ea94f79e82,1785277142239,sender,0,False,,,,False
a192be8d-8e40-5acb-9955-d4110c889fec,1785277142313,sender,0,False,,,,False
2fe9efa9-3d7e-5712-9f92-709d2c9939cd,1785277142317,sender,0,False,,,,False
4cbfbae7-65c8-55c7-ac1f-8b11f8a7b920,1785277142321,sender,0,False,,,,False
b09eac47-4a68-535a-a451-afe96b5da3bb,1785277142359,sender,0,False,,,,False
526efda2-feda-5ed9-98af-f7f53ada558c,1785277142431,sender,0,False,,,,False
f0e46098-033f-5383-95a3-7154075f622e,1785277142435,sender,0,False,,,,False
cf980f48-8ea7-50bd-9825-3c8c0844c346,1785277142439,sender,0,False,,,,False
43e2e68a-306b-542b-aec3-d18c6c237226,1785277142443,sender,0,False,,,,False
f4598df4-2b73-52db-84b6-b9ea51f0fa55,1785277142537,sender,0,False,,,,False
3cd78bc2-e040-5b4a-9ece-fddbadfa8627,1785277142541,sender,0,False,,,,False
a8f09163-ae54-5133-9d7d-b62779f3a86d,1785277142544,sender,0,False,,,,False
d6ffa0a4-c807-58ea-b630-32a925b2b37d,1785277142590,sender,0,False,,,,False
ea2c37df-f2e7-5984-977a-3f512a887757,1785277142614,sender,0,False,,,,False
7135104d-2341-5212-9a34-bc9520cb3b51,1785277142658,sender,0,False,,,,False
ce8eb342-49fd-5b7e-8430-77f448b335fb,1785277142717,sender,0,False,,,,False
17cbfcc4-aee2-5194-b3ba-372ce6c47926,1785277142720,sender,0,False,,,,False
353955f1-1610-58c2-b482-79dc03616b37,1785277142749,sender,0,False,,,,False
7f47e0ae-7a1d-5799-9a04-332c3330936a,1785277142763,sender,0,False,,,,False
95789dd9-30df-5e89-86ce-46b155037a55,1785277142813,sender,0,False,,,,False
5b44b825-bc9b-5114-85a9-dd7aeba7834b,1785277142817,sender,0,False,,,,False
04c00b36-8385-51de-ac16-21bc479bf34e,1785277142872,sender,0,False,,,,False
fa519687-dd9b-54be-be50-c028e37f3e9e,1785277142879,sender,0,False,,,,False
26c4ebad-0100-5b5c-be7b-f186f49e8207,1785277142936,sender,0,False,,,,False
a05320a5-a287-5ee7-aa32-ca97de49dfba,1785277142941,sender,0,False,,,,False
744a0204-7351-5f49-9876-e1cde584f719,1785277142978,sender,0,False,,,,False
fd5b0b0c-52c9-5003-8d94-b7cd4dc53fa6,1785277143044,sender,0,False,,,,False
fd4d935e-a179-5b8b-a7c3-2108e330407a,1785277143065,sender,0,False,,,,False
8c0205a0-a3e8-569e-936c-f8cb9415ca06,1785277143068,sender,0,False,,,,False
5cb5b853-41bc-509b-b05f-058f9dc8f3df,1785277143082,sender,0,False,,,,False
8a86edd6-f40f-5b9e-96b2-7ae790caec31,1785277143138,sender,0,False,,,,False
9ff99b7c-778b-5ecb-999e-eded35737029,1785277143156,sender,0,False,,,,False
a7ad6d9d-94c7-505d-9fe6-f227ed889217,1785277143238,sender,0,False,,,,False
3992c392-b242-5f5c-9f9f-5951ce7b9433,1785277143242,sender,0,False,,,,False
e250ccf9-eea3-59c7-8c3b-6f3f54e979c0,1785277143245,sender,0,False,,,,False
b6e1533e-0899-508d-98a3-975e483853b9,1785277143285,sender,0,False,,,,False
4f8041eb-b03c-5c68-8070-b6d7d300ec43,1785277143338,sender,0,False,,,,False
3521f688-2f78-5ec5-89d0-9d5447ff9d94,1785277143343,sender,0,False,,,,False
1edfc8d2-ea86-5040-9915-0aed5e18ed04,1785277143386,sender,0,False,,,,False
55687864-2d11-515e-b7dd-8069ec982a8d,1785277143390,sender,0,False,,,,False
e316ccda-20b5-553d-a055-13fedeb67239,1785277143421,sender,0,False,,,,False
32b75386-400f-57b3-adce-c17b5b4e8701,1785277143513,sender,0,False,,,,False
c799885c-5278-5db2-891d-b183ae858a24,1785277143544,sender,0,False,,,,False
d2dfa401-a87f-587d-bef4-0613566c4ae3,1785277143548,sender,0,False,,,,False
66d0bbb7-2de5-5d45-bc98-cf6948016e01,1785277143583,sender,0,False,,,,False
2813300f-0083-57e5-964d-49d5d3bba1fa,1785277143601,sender,0,False,,,,False
5960f688-8e06-551a-badc-da32b3215417,1785277143648,sender,0,False,,,,False
44b99238-b7bb-51a4-89c1-6a25348bbe3e,1785277143652,sender,0,False,,,,False
6ab4ebcb-845a-5932-b3b2-9e3731f94024,1785277143688,sender,0,False,,,,False
147fff4e-d395-5bc1-99f1-07283a185d78,1785277143717,sender,0,False,,,,False
6f8e68c3-8afc-51da-bfd2-d19ce4cd8c7b,1785277143752,sender,0,False,,,,False
53c78981-264d-5183-bb59-aa846c32419f,1785277143808,sender,0,False,,,,False
a879355f-6264-5727-a213-306ef3fa32c8,1785277143828,sender,0,False,,,,False
50ec6671-d735-5c6e-ade1-91b80c059d05,1785277143878,sender,0,False,,,,False
d9de3796-befc-5b66-a239-669d854d995e,1785277143881,sender,0,False,,,,False
25775fd8-7ada-5d6e-abf9-a5798a7f242f,1785277143884,sender,0,False,,,,False
a31953b3-48ca-5a0c-8a24-8b44342d62a1,1785277143919,sender,0,False,,,,False
db151f99-3a1c-55a2-98b4-0bfde8ea5b02,1785277143987,sender,0,False,,,,False
e9216574-409d-5cc0-8573-e97db43e75e2,1785277144024,sender,0,False,,,,False
a1e3d5c2-297c-5ed5-ad4f-6aa7bc38dff1,1785277144028,sender,0,False,,,,False
b8e5de49-1325-5102-83a0-01ad057397d0,1785277144081,sender,0,False,,,,False
eba98f23-39e3-5eec-8cda-821895ea71e2,1785277144086,sender,0,False,,,,False
b3ce8b81-818e-52a5-b7c1-ce714641f3b6,1785277144090,sender,0,False,,,,False
e4788c9f-ea62-573b-9196-68e1b0157c01,1785277144129,sender,0,False,,,,False
2eee7009-fc49-5f6f-a38b-f4f587748800,1785277144133,sender,0,False,,,,False
fcceaa70-aaff-52d8-b6c6-a04a3ed08a31,1785277144148,sender,0,False,,,,False
b04eab38-1c37-532e-832e-77d64b9f67e4,1785277144203,sender,0,False,,,,False
41e4a43f-03aa-5255-af61-7ef6fb0f0c82,1785277144218,sender,0,False,,,,False
16160a39-684d-5bbf-8535-098b5273c77e,1785277144299,sender,0,False,,,,False
7e60541f-df23-536f-b76f-e5f747fcbc27,1785277144315,sender,0,False,,,,False
1c45f19f-fa45-5db5-baa3-2f83cd555c0d,1785277144328,sender,0,False,,,,False
493dd8cf-c066-5da5-8926-05e6bdacb86d,1785277144367,sender,0,False,,,,False
eda410a3-e0dd-5647-8f40-b6643bc58d92,1785277144431,sender,0,False,,,,False
cb7ed070-5f9d-59ba-86a6-18ee3ba9cfdf,1785277144434,sender,0,False,,,,False
280835b5-8410-5624-bd59-2cdb39ae7938,1785277144479,sender,0,False,,,,False
ed86556f-2c1c-5528-9cc0-fabc91351294,1785277144482,sender,0,False,,,,False
bf0fe00a-c965-5ab8-9b7f-fadd98257aff,1785277144521,sender,0,False,,,,False
c5ffb94c-64a8-56c9-8b32-7ad7e852181b,1785277144605,sender,0,False,,,,False
55a1556f-a53b-512a-abc0-6fb65e15d568,1785277144609,sender,0,False,,,,False
e2a2c5a6-b6c3-5684-81b0-be5cf7b9a7bc,1785277144612,sender,0,False,,,,False
85560b14-c1ae-5ed1-b864-b6e70b15c4c4,1785277144616,sender,0,False,,,,False
e34b1b77-f344-5352-8bb5-1e4d0da718f5,1785277144704,sender,0,False,,,,False
5486c1ec-f246-57fd-a630-9d26745064c5,1785277144708,sender,0,False,,,,False
cfaee731-df0f-5283-9be8-6e606c6d3ef6,1785277144715,sender,0,False,,,,False
552ef8dd-4c24-5e3d-b0c1-5db4ec1651d9,1785277144719,sender,0,False,,,,False
0a232dab-4359-5116-a858-4244a573b400,1785277144775,sender,0,False,,,,False
2e167d2b-9c3d-59b9-8b90-b461f2e3a10c,1785277144818,sender,0,False,,,,False
4084ca86-6da9-52aa-91a8-311fc7b87f85,1785277144823,sender,0,False,,,,False
75d9dd51-5adb-50d0-83b6-215f3477e8b8,1785277144826,sender,0,False,,,,False
d1ff5901-e96e-551f-8b02-f2a87aa81f5e,1785277144896,sender,0,False,,,,False
8b68131f-6fa7-5767-8a82-a31920131269,1785277144931,sender,0,False,,,,False
ab51e6b2-b688-5efa-bc86-4bf0a1f88ee2,1785277144938,sender,0,False,,,,False
c25ff681-9ae3-5ccd-9c67-7882b97019f3,1785277144942,sender,0,False,,,,False
cc3edd98-376d-5bfb-8f39-9744272aa4cb,1785277144990,sender,0,False,,,,False
fb3a134b-bb3b-552f-a64a-9c7f48a3cb95,1785277145051,sender,0,False,,,,False
18c280fc-ecf1-551f-9d93-ba60d176a972,1785277145056,sender,0,False,,,,False
122b78d9-fbe0-53da-9fb6-97a7f3410be3,1785277145060,sender,0,False,,,,False
e414fa1d-9598-59c8-9394-d4103710cb27,1785277145130,sender,0,False,,,,False
0c21d09e-1857-550c-a034-655520bba401,1785277145135,sender,0,False,,,,False
4155a389-c1ed-5a44-9d08-247d21f4e5e8,1785277145153,sender,0,False,,,,False
6a65c2ab-b6e0-5ac7-9fb4-9ab3f648b1e1,1785277145158,sender,0,False,,,,False
6de53130-7f1d-593f-a0ca-2c1276655822,1785277145202,sender,0,False,,,,False
3d5ac945-ef29-57e3-a958-45a539642e86,1785277145210,sender,0,False,,,,False
fd694f6a-dd13-504a-a2bd-52bba5314a4d,1785277145266,sender,0,False,,,,False
2f9efec1-c9fd-5f9b-879a-dfbeec06cd4a,1785277145270,sender,0,False,,,,False
d37f37d2-8489-582e-ace8-762e7b45e538,1785277145303,sender,0,False,,,,False
983d9a71-f652-5eb7-bc24-456dcefea936,1785277145347,sender,0,False,,,,False
3be3d4a6-4de9-5e0f-93db-1925dd51f98f,1785277145351,sender,0,False,,,,False
7bf5528f-4020-53e0-a882-f2481b40fc29,1785277145446,sender,0,False,,,,False
aca5fa94-5929-59be-bb70-957dba8fc7e5,1785277145450,sender,0,False,,,,False
a30cfd7c-741f-5c97-87d8-ee9bc9c5b649,1785277145480,sender,0,False,,,,False
dda3221d-52b7-5d09-ab23-2d3bb0b5a318,1785277145486,sender,0,False,,,,False
f447e888-3129-56c4-8b49-f1fc8f8c6e98,1785277145490,sender,0,False,,,,False
2d844728-cdd1-5a60-8a43-20ca0d0368f6,1785277145577,sender,0,False,,,,False
124262a6-4652-5d64-92b8-cfd7d728e2b9,1785277145581,sender,0,False,,,,False
b5d0b824-3ed3-59c7-9588-c08c68abbed7,1785277145585,sender,0,False,,,,False
bdff2879-4ae8-50b6-b44f-d16a5373484c,1785277145621,sender,0,False,,,,False
cb0460b4-6ea9-548a-a114-1562e7799e76,1785277145674,sender,0,False,,,,False
3443a2fd-6d50-5760-9d71-eb119ce5f0b0,1785277145724,sender,0,False,,,,False
e2930682-6052-5e30-affa-8bf121b2f0e2,1785277145790,sender,0,False,,,,False
0639d1b5-0d2c-58d3-8875-af246318727d,1785277145796,sender,0,False,,,,False
0955d120-59c5-5e45-a390-8316e141f9fa,1785277145816,sender,0,False,,,,False
9a33b606-cef6-5a70-bf5f-5d67e3683fb7,1785277145821,sender,0,False,,,,False
38a76fdd-129e-5024-aeed-cd481f4351e4,1785277145869,sender,0,False,,,,False
2154ee44-d5dd-56da-a6eb-240e500ef966,1785277145931,sender,0,False,,,,False
22f61eb9-ab48-5901-9739-fd134a9a0a1a,1785277145980,sender,0,False,,,,False
124eaba8-faca-57b7-852b-ab0263c503c1,1785277145984,sender,0,False,,,,False
2d5baf8c-4526-5d21-b275-1fb59f9ad685,1785277145987,sender,0,False,,,,False
cc97ff67-18fa-52f1-8821-9b6d0e5febc4,1785277146067,sender,0,False,,,,False
76b29c8f-247a-5892-ab74-7921500d9a07,1785277146085,sender,0,False,,,,False
1df48641-0aeb-5343-a8cd-6acdca038492,1785277146107,sender,0,False,,,,False
8bf3ccea-0661-5771-8e4c-fc9f9fde1f78,1785277146139,sender,0,False,,,,False
0a007829-807a-5f1e-9494-092ee45c017a,1785277146171,sender,0,False,,,,False
e8486af7-644a-5adf-9480-ba0217c8ecde,1785277146201,sender,0,False,,,,False
a82f3b12-598c-5121-9912-659046ba8c42,1785277146253,sender,0,False,,,,False
80a36e19-5339-58ba-a1a1-f054cccc7a3c,1785277146280,sender,0,False,,,,False
c09d53f6-ef54-5a28-8ecf-73439e1fdd28,1785277146284,sender,0,False,,,,False
567827a4-214f-5638-b232-ff6de77c4f5e,1785277146288,sender,0,False,,,,False
8b66f2aa-6f16-5da5-b812-973409467ad7,1785277146357,sender,0,False,,,,False
34687f80-0415-5e21-ae07-f477234cbea2,1785277146392,sender,0,False,,,,False
bd96da32-112f-5e1c-8fc2-c713d15616be,1785277146395,sender,0,False,,,,False
e2fac928-04cd-53b8-acb4-338a6725f2c3,1785277146399,sender,0,False,,,,False
6b9efbd7-00d1-5986-972f-e2cf21a3ae55,1785277146441,sender,0,False,,,,False
488216a4-f483-5337-aeaa-6c13f992a194,1785277146502,sender,0,False,,,,False
02d383d7-f4e3-58ec-9639-121efbf1fa21,1785277146506,sender,0,False,,,,False
d175bd6a-912c-5038-a055-0d5d1917eb7a,1785277146550,sender,0,False,,,,False
e54dc24e-7093-5511-9f63-a08ae8f0bed1,1785277146600,sender,0,False,,,,False
618b512d-9c11-53ed-a01d-c7321fb29156,1785277146672,sender,0,False,,,,False
6cafbfc5-d93c-5da4-8b06-0bfcf8a5d1fe,1785277146676,sender,0,False,,,,False
f0e07f0c-0de1-50eb-bdae-54f0e29cc9e8,1785277146699,sender,0,False,,,,False
079be07a-7e98-5caa-bf9e-63b8732fb59f,1785277146703,sender,0,False,,,,False
9b83f4ce-80ee-5c0a-84a8-91e7634e530f,1785277146796,sender,0,False,,,,False
23e551d5-9bb9-5213-92ea-6b302b0e5fd3,1785277146800,sender,0,False,,,,False
c42c2499-4b6e-510c-b1bd-964c3fa30e46,1785277146803,sender,0,False,,,,False
0efdad9b-692d-5381-a62c-27d864ba466a,1785277146808,sender,0,False,,,,False
afe6ae2a-486a-5ff3-8df9-7dd7d73a885c,1785277146857,sender,0,False,,,,False
09607324-722c-55cf-b4c3-abb86962164c,1785277146917,sender,0,False,,,,False
6691a9d9-92d4-5a88-ba24-497c341e8a7c,1785277146921,sender,0,False,,,,False
50a56297-2c97-5680-ba41-71d1f34b9e89,1785277146923,sender,0,False,,,,False
dd24576a-d3d7-5ad7-802a-fce89c164c3b,1785277147004,sender,0,False,,,,False
f239ec88-9b28-523e-a26c-88c41e5af55a,1785277147042,sender,0,False,,,,False
3f3cbf18-9a93-5859-b473-2b56f76480a4,1785277147058,sender,0,False,,,,False
1425c520-b057-52b3-9102-ab4d18751a09,1785277147076,sender,0,False,,,,False
22398119-1ef6-5e1d-83dc-7c84c4a76e6a,1785277147082,sender,0,False,,,,False
48f95dcc-5acc-5ba7-97bc-72d393973353,1785277147159,sender,0,False,,,,False
aa0114b6-74e9-5085-a065-e4a553d278b2,1785277147163,sender,0,False,,,,False
3d9a4439-35ab-5e1c-a8b2-09067c01f265,1785277147167,sender,0,False,,,,False
a0e294d4-ce9f-564f-b593-44d888d601b0,1785277147170,sender,0,False,,,,False
056117d6-5b92-5bf9-8fdc-26aecf56a898,1785277147219,sender,0,False,,,,False
f3a4a838-6d87-57ef-9227-d81e00b24235,1785277147224,sender,0,False,,,,False
1aa39c14-b007-51bc-901b-9c6e7d559612,1785277147279,sender,0,False,,,,False
19b9af90-fc23-506d-8924-4313c25815a0,1785277147282,sender,0,False,,,,False
3d4f96fd-2d4a-5239-8b33-b99be0d73fad,1785277147310,sender,0,False,,,,False
1e7b1240-3ee1-5142-b7f5-3e59b1412825,1785277147351,sender,0,False,,,,False
70718fe5-0dc1-51b4-a234-3cf3bc88b980,1785277147391,sender,0,False,,,,False
2edc3a8d-0904-5be3-8cca-48308fae3ebd,1785277147395,sender,0,False,,,,False
9fd00407-5f11-517a-929f-ae99050017ba,1785277147426,sender,0,False,,,,False
4e1eb0f8-75a3-5f05-b43e-bb42d6061c6b,1785277147545,sender,0,False,,,,False
e2e0fc00-4e6b-58fd-8df9-9830c9ab138b,1785277147550,sender,0,False,,,,False
012c4660-3e03-5241-a3ca-5907e91fc412,1785277147553,sender,0,False,,,,False
d579f3de-7209-5c25-b3d6-b9b0510a25ed,1785277147634,sender,0,False,,,,False
30242f62-e7b4-5aa2-a4eb-1b7ffae60054,1785277147637,sender,0,False,,,,False
16f200bf-bd6b-552b-b90d-8e2dfc897a41,1785277147640,sender,0,False,,,,False
1746c26c-19bf-5698-81ed-452e8120833f,1785277147670,sender,0,False,,,,False
eaf609d9-5765-5830-8542-89404ae284e6,1785277147685,sender,0,False,,,,False
bf8fc849-ad95-518f-99da-0d79ecf78f78,1785277147727,sender,0,False,,,,False
709fc9a2-b9c3-563c-b14f-1323bf47f298,1785277147731,sender,0,False,,,,False
3608e01f-fd68-5f8b-b879-7de6946db190,1785277147735,sender,0,False,,,,False
4ee1f606-bd5e-5969-95f2-852f770ac814,1785277147777,sender,0,False,,,,False
16381302-50a7-5884-a2de-05959e4f754b,1785277147806,sender,0,False,,,,False
67822a45-2dee-5d85-9869-2044aba64d11,1785277147810,sender,0,False,,,,False
1ff8ed82-a719-5568-b77d-a09a0bdea80f,1785277147853,sender,0,False,,,,False
ed20493b-fdf3-5249-9701-3c3badcf5704,1785277147857,sender,0,False,,,,False
72a1009e-c136-5476-942f-144face6ca02,1785277147907,sender,0,False,,,,False
50bfd8e6-cad3-5b12-b8cb-8591e591ce32,1785277147951,sender,0,False,,,,False
ccded04b-1d93-58a6-b0d0-71dbda00742f,1785277147956,sender,0,False,,,,False
05d41b50-b00f-58aa-a545-c1e030be37c3,1785277148024,sender,0,False,,,,False
1d760c0a-3cb4-5731-b126-34b34da1503a,1785277148098,sender,0,False,,,,False
bbb901be-064d-5e6e-b562-7253ef1f9c1b,1785277148101,sender,0,False,,,,False
22a31475-f4b0-5c72-95d0-c91d4f36af9d,1785277148105,sender,0,False,,,,False
994a2d9b-e643-5e87-bb7c-56024401caef,1785277148137,sender,0,False,,,,False
8144a138-9d45-5b96-b69d-59feee47b362,1785277148229,sender,0,False,,,,False
38b1b7c7-0731-562e-950b-2e63f23eee6e,1785277148234,sender,0,False,,,,False
e7adc9ec-9e9d-5ebe-a711-e7eeb29042ab,1785277148238,sender,0,False,,,,False
2d292b2b-f373-5de9-beaa-5d2e822275ef,1785277148255,sender,0,False,,,,False
9c1d4509-435a-5e21-92b9-f1e282d0ded4,1785277148271,sender,0,False,,,,False
a268105f-e970-519e-984f-4d62729da664,1785277148331,sender,0,False,,,,False
28584b3c-1b3c-5d17-bfc1-08e7aeec3b28,1785277148385,sender,0,False,,,,False
dfe94c84-2d9a-5e8e-a9c6-251b151fb48e,1785277148406,sender,0,False,,,,False
ec0c5eb2-05fc-533d-b7f7-82a7e50880ce,1785277148412,sender,0,False,,,,False
f65b63c5-c893-503e-a0bb-5b16e9be8c4b,1785277148529,sender,0,False,,,,False
8ad37c69-d2d8-5db4-9aef-cfcae96501db,1785277148533,sender,0,False,,,,False
1040cc89-a280-5911-a8f5-ed88be13e6a6,1785277148536,sender,0,False,,,,False
457427dd-be29-5aa8-9409-3b59b3c1d9b6,1785277148562,sender,0,False,,,,False
61f9abda-8b18-5a8c-94f2-4680e77e6b45,1785277148566,sender,0,False,,,,False
5bf9cb01-4598-59ab-9b3c-537c04f47dbd,1785277148627,sender,0,False,,,,False
f05acc9f-2e32-5094-afbe-5a0c51d98c4d,1785277148630,sender,0,False,,,,False
4447f908-c764-581a-b558-f356527bc8ad,1785277148633,sender,0,False,,,,False
df682771-f567-5ea8-9879-1d87a87a1127,1785277148718,sender,0,False,,,,False
42ced079-ce96-59db-87c7-e298144f6cd1,1785277148722,sender,0,False,,,,False
17d50d14-b667-5980-b3b3-72bb5f0ab5e7,1785277148736,sender,0,False,,,,False
24185190-ef3f-5950-851d-9a5b0b4541c5,1785277148759,sender,0,False,,,,False
54aa0cdc-b20d-5462-b50b-330d28f6d735,1785277148763,sender,0,False,,,,False
40fbcbab-f540-545e-972c-420d68309b53,1785277148833,sender,0,False,,,,False
9737151f-2379-523b-b703-2c50b4b20adc,1785277148836,sender,0,False,,,,False
beb7e20f-e65f-5e60-8934-97cc845f59fa,1785277148859,sender,0,False,,,,False
8f546b36-9beb-5073-a0db-d0d92e30b828,1785277148909,sender,0,False,,,,False
02f6e40c-a055-5148-97a5-3e6f4d5f79d9,1785277148912,sender,0,False,,,,False
d28e3734-af40-586c-a014-8e43decd5384,1785277148962,sender,0,False,,,,False
67b5262a-36e9-58a6-8886-7cb56166af28,1785277149013,sender,0,False,,,,False
2c25ca7d-1a59-5d6b-8e81-b61ab0a90fdd,1785277149016,sender,0,False,,,,False
7c701f46-7dda-5782-a69f-5a94e141ed66,1785277149083,sender,0,False,,,,False
ee8bc43f-2d54-5100-841f-d05e0d8fd48a,1785277149104,sender,0,False,,,,False
4845699d-9755-5632-8755-d8c075c06ff3,1785277149110,sender,0,False,,,,False
d0e6a49b-586d-52e4-9ebe-fa0bdd12e165,1785277149162,sender,0,False,,,,False
bf94c72f-0308-5ff8-b357-8ffbf1122be4,1785277149166,sender,0,False,,,,False
8cfaa2fe-15fc-5685-b8b2-1b6269b7e717,1785277149169,sender,0,False,,,,False
475be1c0-5d1e-50cd-8593-c0eee78df194,1785277149245,sender,0,False,,,,False
a8c915ff-83fc-5f47-a3cc-79e8894bd752,1785277149249,sender,0,False,,,,False
2a156df8-8184-5f21-b285-106291e8cdb8,1785277149344,sender,0,False,,,,False
c124ca49-03ff-5c13-be6b-8b6dc2833062,1785277149347,sender,0,False,,,,False
0973d0b8-13fd-53bc-9625-ce83a235328a,1785277149351,sender,0,False,,,,False
0e4afb8e-fdfa-5ebd-bdfc-986601cf62cc,1785277149422,sender,0,False,,,,False
6172c132-0559-5aa8-9828-f043e1792995,1785277149440,sender,0,False,,,,False
d31d60f8-67cd-5140-909c-e8349f666a64,1785277149473,sender,0,False,,,,False
c7e3d0a1-d5fb-528f-b9e4-14eb26da5e80,1785277149478,sender,0,False,,,,False
5344fb1f-60fd-51f6-9769-0d4e178183e1,1785277149517,sender,0,False,,,,False
524dc9ac-b159-526d-8a9c-72eef56667fa,1785277149559,sender,0,False,,,,False
a6bc94b2-909f-59d7-bef2-898faddf2911,1785277149640,sender,0,False,,,,False
472938a1-6e02-54ef-9e58-5c1176aa3996,1785277149643,sender,0,False,,,,False
a6c624bc-b23e-55f5-973d-b2ff2b6ac132,1785277149647,sender,0,False,,,,False
f39e4f69-d1b7-5392-ac25-28c7ffe52d07,1785277149732,sender,0,False,,,,False
e8c92dae-6343-59a7-8cc7-1d33084614b6,1785277149737,sender,0,False,,,,False
ace1d7f3-9657-5525-b85a-bcb40c33836d,1785277149741,sender,0,False,,,,False
4b10f732-32c9-50e6-866b-094c762889f3,1785277149745,sender,0,False,,,,False
a73710d5-a74e-51dd-83d7-7fd50ca59e6e,1785277149781,sender,0,False,,,,False
e0c35d63-1661-5b85-afc0-7d180de9b0fd,1785277149816,sender,0,False,,,,False
1dc0a0dd-1eea-582c-b81b-756219f1b950,1785277149844,sender,0,False,,,,False
6482c4df-94ce-5fed-bb6d-806e876dba34,1785277149864,sender,0,False,,,,False
bff3702b-f71e-533b-90eb-1f4073f1de6f,1785277150017,sender,0,False,,,,False
1399f4a1-d2fe-5af8-a5b2-307e46174bb2,1785277150022,sender,0,False,,,,False
1368f948-3f8b-501e-8a1f-710331c5b19b,1785277150026,sender,0,False,,,,False
51ccc558-93ec-5350-b97e-f567d791302f,1785277150030,sender,0,False,,,,False
d33b6878-8c8f-5dbb-a8e4-c0c6b10cf0d0,1785277150051,sender,0,False,,,,False
2bca99d8-5a43-59da-b064-13d209d3ed7c,1785277150118,sender,0,False,,,,False
a4ae328b-1a11-5435-ab2a-8cc11f452685,1785277150122,sender,0,False,,,,False
32fed7ff-e764-5a34-9649-ce3fb43d0937,1785277150126,sender,0,False,,,,False
683a1d27-5c8b-5016-97e8-df51dee96a2c,1785277150142,sender,0,False,,,,False
8caa0c91-0791-5935-849c-c42c200b53fd,1785277150259,sender,0,False,,,,False
ee852a29-9688-5859-bcd7-c6569a84381d,1785277150324,sender,0,False,,,,False
d28164a6-5dd0-5693-b291-0f7552add027,1785277150327,sender,0,False,,,,False
7e77032a-2e74-5a39-b0be-07a1411ac3e5,1785277150330,sender,0,False,,,,False
577383dd-6bde-5a3d-b318-036fb2733fa4,1785277150350,sender,0,False,,,,False
de4731f7-e71e-5085-baf8-d1d62d1463f9,1785277150406,sender,0,False,,,,False
98ddbea7-bb56-5f95-9e35-17697d47da3f,1785277150409,sender,0,False,,,,False
6d11ddcb-c4a1-5834-b9d7-b544faeaf1e7,1785277150422,sender,0,False,,,,False
a05540e4-2f2b-59fe-834d-4df41580f9e6,1785277150444,sender,0,False,,,,False
3fab63cb-c8cf-59fb-b3c1-36061325a156,1785277150518,sender,0,False,,,,False
25ece0d7-fa77-5cbc-8823-a323a53dd5fd,1785277150522,sender,0,False,,,,False
87f7f630-3e62-54c9-8eed-1a553b047a47,1785277150525,sender,0,False,,,,False
a5db7b5c-c8e5-5ff4-8e27-d38de51fa237,1785277150619,sender,0,False,,,,False
012f0d82-51be-5bb1-a5b3-03118bff671d,1785277150623,sender,0,False,,,,False
bd48648e-d68c-5366-8b9e-874d44a8d6c4,1785277150627,sender,0,False,,,,False
dda74c85-ead4-50f5-86fd-791c8a2ec4eb,1785277150631,sender,0,False,,,,False
75c52914-a14b-54a4-8ba6-d81e902846ee,1785277150715,sender,0,False,,,,False
22d4b3cf-7d4e-58e5-ae48-04e2f67bd0b3,1785277150720,sender,0,False,,,,False
b409b275-bed4-5773-a363-9f07ab42cf1f,1785277150724,sender,0,False,,,,False
735eb3ea-a490-53d3-8554-67949bf39be7,1785277150728,sender,0,False,,,,False
35ded5a9-3da2-5b02-ba51-1e17308f9ac1,1785277150769,sender,0,False,,,,False
08e7ec14-f2d7-5896-bbf6-31dfc811c393,1785277150841,sender,0,False,,,,False
62596872-7f68-5bd7-a1d4-be7a391efde0,1785277150844,sender,0,False,,,,False
20780aaf-c69b-5705-91fa-ca747c570e79,1785277150847,sender,0,False,,,,False
58528682-9ea2-572a-bc75-b612b0b2599f,1785277150911,sender,0,False,,,,False
7a4cc6b0-baa1-5ed4-8bea-946ef07969bc,1785277150916,sender,0,False,,,,False
e8061bfd-8f23-542c-aaeb-e92fe24f929e,1785277150920,sender,0,False,,,,False
61c0f89b-d17d-5599-ab8b-8888e5f929c9,1785277150923,sender,0,False,,,,False
182c0c1c-2f27-503f-8e2e-423079e390b6,1785277150940,sender,0,False,,,,False
aff975dd-6dcf-508c-801f-b1a2a0121659,1785277151001,sender,0,False,,,,False
08d30c8f-871c-5493-9397-6d68c5239d57,1785277151056,sender,0,False,,,,False
79201f5f-7d08-5a59-bfb9-9da0d8e3d60b,1785277151060,sender,0,False,,,,False
534eeee7-dbb2-5ae2-8c50-16fbac5e6d41,1785277151155,sender,0,False,,,,False
9e76bca7-02c1-53bd-ae90-3be5b76cc538,1785277151159,sender,0,False,,,,False
acd29696-6ea9-52ac-89b0-d638baad313d,1785277151206,sender,0,False,,,,False
9211e362-fc1b-5755-acef-d59a389e0756,1785277151221,sender,0,False,,,,False
19393af5-c7fe-59dc-862d-777459e09e4c,1785277151224,sender,0,False,,,,False
a1690641-1732-58ca-8f22-775ff1979f17,1785277151248,sender,0,False,,,,False
f91d19f0-a166-557a-a016-3b37e9b2e490,1785277151304,sender,0,False,,,,False
4c36095e-d29f-55ea-90d9-0a0714f4b7e7,1785277151309,sender,0,False,,,,False
74688396-00dc-553d-99fe-83a6ed47d8b7,1785277151313,sender,0,False,,,,False
dac96dc7-41f4-54b2-84d7-8b935174a19e,1785277151349,sender,0,False,,,,False
01477ec7-e96d-5090-8999-8a8f6582fa10,1785277151398,sender,0,False,,,,False
0fa21083-0d88-5e9b-bcd4-08afb18a7b5d,1785277151446,sender,0,False,,,,False
130c3c3e-0234-5854-9f91-06df67087a5d,1785277151451,sender,0,False,,,,False
446ea183-5463-5024-b94d-d76a2e460cf7,1785277151563,sender,0,False,,,,False
e4de100a-9e93-5ba0-99df-deb2afea7c62,1785277151567,sender,0,False,,,,False
c8410baf-bab7-53d5-8db3-4a6ad8320ca6,1785277151570,sender,0,False,,,,False
4affdad5-b544-5571-a014-35d15c55b4e1,1785277151618,sender,0,False,,,,False
5aea8eeb-5100-597a-8ed4-f529ff0f8c90,1785277151672,sender,0,False,,,,False
47c4dcfd-006d-52dd-a300-7691fb335fde,1785277151757,sender,0,False,,,,False
c8a6ee77-5895-56f9-9f4c-35d8426df8de,1785277151781,sender,0,False,,,,False
19fd3171-2561-5fcf-8f4d-176e93147cdc,1785277151786,sender,0,False,,,,False
e457cbf4-b6f7-5694-8950-91b4abcc2b86,1785277151790,sender,0,False,,,,False
40d9ae4c-910d-59b4-92bc-b939ec836191,1785277151825,sender,0,False,,,,False
3ec3bfe7-aff2-5046-9df8-3cab86de8145,1785277151888,sender,0,False,,,,False
ffaceccc-20ef-545e-8a19-d1d066aee625,1785277151892,sender,0,False,,,,False
d82d2108-7a68-5391-9d3f-c63d00055d45,1785277151911,sender,0,False,,,,False
396f8c46-4220-52ec-945f-e94aa83d8ab7,1785277152001,sender,0,False,,,,False
b9a8e916-faeb-56d3-8d09-d011c2d4838d,1785277152007,sender,0,False,,,,False
403c1f2b-7086-5165-ab1f-8b145fd5c1d3,1785277152031,sender,0,False,,,,False
7aae029d-3ccb-502f-be27-89f414ba60e0,1785277152085,sender,0,False,,,,False
c0cdb4b9-db1f-5ab4-99d5-c1d555fa496d,1785277152090,sender,0,False,,,,False
0317b8fb-73f6-5ced-868d-5334c43d6c70,1785277152109,sender,0,False,,,,False
cbe7297d-c3be-59ca-812e-7da2039e2310,1785277152154,sender,0,False,,,,False
46507297-fbfc-5065-94dd-14fa175e2bc6,1785277152158,sender,0,False,,,,False
4601ac8e-c8e6-5158-aadc-11e665c85e9c,1785277152203,sender,0,False,,,,False
db2ad26e-08e9-51d5-ac29-081402b56a51,1785277152208,sender,0,False,,,,False
b06cf6a9-a365-5bd3-ae59-2ba8bf7dfa0d,1785277152274,sender,0,False,,,,False
c0338ee1-643f-5ccf-9462-962bc02e1cfb,1785277152278,sender,0,False,,,,False
bc2bf62f-4dbf-55b2-bc2e-e4c5f6a231ca,1785277152281,sender,0,False,,,,False
af9938d0-9494-5640-b4a5-eae1dd49c73e,1785277152343,sender,0,False,,,,False
8bc835be-8b3f-5952-be25-b20a333351af,1785277152346,sender,0,False,,,,False
c569e9dd-3544-5b9d-9484-8821d7306523,1785277152349,sender,0,False,,,,False
5d8ad85f-6fce-562d-b35c-409661c0ca2b,1785277152353,sender,0,False,,,,False
c73ccdc2-c48c-50f1-adde-39efe728c3e9,1785277152402,sender,0,False,,,,False
f236959e-eae0-52e4-b584-c132646036c2,1785277152419,sender,0,False,,,,False
1d9ed173-9262-5ac7-a6db-c5654ea01f52,1785277152474,sender,0,False,,,,False
82171743-5a5e-5536-9159-2ac07d3aa29c,1785277152538,sender,0,False,,,,False
bead5107-aacb-5555-97cc-053d7d3b3fc1,1785277152542,sender,0,False,,,,False
fdace744-c7ab-5f95-a4c4-9ee3debc5473,1785277152622,sender,0,False,,,,False
5dd59ca2-b216-51ed-8d85-b87fe223f990,1785277152626,sender,0,False,,,,False
e43da9a1-e821-5472-b814-dd6c83674e3c,1785277152704,sender,0,False,,,,False
5c5ec3c1-5c37-5bc9-9e67-648f8e03e98d,1785277152707,sender,0,False,,,,False
b95efd60-ff34-54d5-8db9-88d6ff2782dd,1785277152727,sender,0,False,,,,False
a9ca00b6-463a-5ecf-9fc3-1b3cf69de181,1785277152730,sender,0,False,,,,False
736bbf51-6782-5e9c-abbf-1636e66070cf,1785277152782,sender,0,False,,,,False
8aa13117-f08d-5c20-a278-740ddf3c7b67,1785277152808,sender,0,False,,,,False
2b2f340d-4c59-5609-9fea-29d8d9a7b1f0,1785277152814,sender,0,False,,,,False
d0dfa686-3e36-5093-9ffb-eb76fc18d25b,1785277152873,sender,0,False,,,,False
741275ee-17d4-54b6-8688-02bca842b431,1785277152876,sender,0,False,,,,False
6436b502-78f2-57da-bfaa-176330f16ddd,1785277152879,sender,0,False,,,,False
cadf6740-368c-5c52-a1fc-5bcf90745bab,1785277152930,sender,0,False,,,,False
aa32ae92-bc92-5f39-9661-3ef19bd13b3b,1785277152933,sender,0,False,,,,False
f2492fca-a996-53ce-8b59-0cccd888bb39,1785277152936,sender,0,False,,,,False
814497c1-aea8-575e-aecd-d0c9ca6d29ab,1785277152991,sender,0,False,,,,False
a708fc3c-5287-5591-95e6-868e74d66446,1785277152994,sender,0,False,,,,False
7e631353-076d-533a-8684-ca075f02c862,1785277153037,sender,0,False,,,,False
27c78dbc-f0d5-5dce-8fb9-b1ffa1f8fbf1,1785277153041,sender,0,False,,,,False
6434505e-28f0-5b85-9af0-1b2a8b18beab,1785277153054,sender,0,False,,,,False
e61e8694-80c8-57af-aa32-133bd9c6222d,1785277153085,sender,0,False,,,,False
25ae7b16-7d49-59cd-83e6-24d5847a655f,1785277153129,sender,0,False,,,,False
55d8d988-5583-50e9-9749-7821d97fd1df,1785277153133,sender,0,False,,,,False
aca44434-8cc1-539c-8268-1a8de1d80a51,1785277153178,sender,0,False,,,,False
d59c5b2e-80ee-50bf-9a17-f65e4ad042d9,1785277153234,sender,0,False,,,,False
db5c3cac-e9c1-5c7d-8949-70dc12c70cd6,1785277153237,sender,0,False,,,,False
4d8c2656-a347-50be-aa87-27b1a37e3303,1785277153310,sender,0,False,,,,False
410844ed-959a-59fa-9276-5e826297ce63,1785277153315,sender,0,False,,,,False
257fdbca-64d7-58d3-a966-f90cd56335a8,1785277153319,sender,0,False,,,,False
0d4d8396-7e55-5b29-af60-9878224ee521,1785277153350,sender,0,False,,,,False
d4c8ab01-06e3-5ea5-a248-48b2659485c1,1785277153366,sender,0,False,,,,False
590a295f-ae05-5beb-a5a0-322e2cb68374,1785277153423,sender,0,False,,,,False
2e0b4b36-abb3-5e57-8232-e7a2efd51683,1785277153428,sender,0,False,,,,False
1262cc38-096a-593d-b39c-9ef68ce6600d,1785277153432,sender,0,False,,,,False
9405b697-4e06-5586-a3f3-26696fb86918,1785277153495,sender,0,False,,,,False
cde1d054-4f93-5013-9edd-213f5594a4d3,1785277153554,sender,0,False,,,,False
16ee8fe8-f423-5e4f-87c9-ef9fed141713,1785277153557,sender,0,False,,,,False
68719626-b121-5f29-872b-0ca76926ec88,1785277153560,sender,0,False,,,,False
8b22d389-7cae-5928-b738-84f6c438aa8e,1785277153607,sender,0,False,,,,False
e29679e3-afbb-5b47-b4ce-0fe06aa7337b,1785277153612,sender,0,False,,,,False
47dbc661-f4be-50a2-8108-a07da2b167d5,1785277153685,sender,0,False,,,,False
11d346b3-ebae-5eb0-8810-817c14d823ff,1785277153688,sender,0,False,,,,False
4506ef15-3d94-59c9-9beb-dfa49d9fcda1,1785277153692,sender,0,False,,,,False
b893141f-5a0e-5009-9cfc-85325d9c620b,1785277153748,sender,0,False,,,,False
4baa07a0-b8c4-522d-82b8-acc931cbf557,1785277153752,sender,0,False,,,,False
75c87452-1f7c-5f84-ac06-1fb80f483944,1785277153779,sender,0,False,,,,False
a9eb3a0c-e3c8-5dea-a584-adca47814c85,1785277153825,sender,0,False,,,,False
66c0ad87-854a-522d-ac78-421dea5b0035,1785277153832,sender,0,False,,,,False
692f3cff-7e05-5d38-9e3b-9480dada39bc,1785277153903,sender,0,False,,,,False
aeb98830-f572-5e32-bce8-36ea562eaf47,1785277153909,sender,0,False,,,,False
507da7a7-6a43-50b0-a1fb-21cf815b7c29,1785277153913,sender,0,False,,,,False
4cfe27ee-9978-51e0-b4d4-3c084dd47e93,1785277153982,sender,0,False,,,,False
08012f1a-05da-5503-9258-a5145c5d0065,1785277153986,sender,0,False,,,,False
d660fab4-b2ee-55f1-9ee0-3a6c00b2fa76,1785277153991,sender,0,False,,,,False
a3824d88-1dd5-5d6b-8f36-207a829108bb,1785277154063,sender,0,False,,,,False
7ac742b6-ef08-562a-9c5b-3b4611bf8edc,1785277154067,sender,0,False,,,,False
1c5c8d28-69fb-5278-95de-4b1bcf4a0364,1785277154073,sender,0,False,,,,False
2d90aa19-178e-5fb4-a520-d2c6c0167b70,1785277154120,sender,0,False,,,,False
a3070505-faf0-5ee6-a202-2ca2d8d67fb6,1785277154125,sender,0,False,,,,False
e1f8d68e-285a-56fb-8dae-86d5aa1286ce,1785277154164,sender,0,False,,,,False
a68e2613-d236-5dd2-a3b3-461415d286c1,1785277154230,sender,0,False,,,,False
4659608a-1de6-5e9c-b8ee-d3718afd2d39,1785277154234,sender,0,False,,,,False
7ca0d484-fa71-5ebb-879b-b3058528dcdd,1785277154337,sender,0,False,,,,False
d758b0e7-4c06-5958-bcc4-b4a17a16061b,1785277154345,sender,0,False,,,,False
45ad90c7-7fbe-5d0b-8250-18a53936e323,1785277154349,sender,0,False,,,,False
ab65ca0f-bade-564e-b42d-1332d3ae13c5,1785277154368,sender,0,False,,,,False
da1559e7-dd9e-5e48-8f37-db6c77035976,1785277154436,sender,0,False,,,,False
824af05a-e562-516c-8362-ccd67b9d7da6,1785277154441,sender,0,False,,,,False
035123df-b123-5b1f-b269-4a279254a792,1785277154445,sender,0,False,,,,False
d8fb5e01-d07a-54e5-bae6-0a2cb6468b52,1785277154449,sender,0,False,,,,False
003b5877-7b28-542c-bcd4-76d8e93f355a,1785277154533,sender,0,False,,,,False
d5d13441-0b74-5671-bb54-cd1a8534505c,1785277154614,sender,0,False,,,,False
e0087fd3-9a77-5803-a184-64a73f00d6cf,1785277154634,sender,0,False,,,,False
973c70e2-f9ab-5d63-972e-48a9f7c4b71b,1785277154638,sender,0,False,,,,False
22a0a6bb-8196-5435-8a9f-e9ecc1fa1c21,1785277154642,sender,0,False,,,,False
ad97f643-489b-510c-a99c-6dce25fc3642,1785277154726,sender,0,False,,,,False
3b675256-8655-5f68-a360-d621ee26ada1,1785277154729,sender,0,False,,,,False
8334f69c-1749-5e7a-93d0-f6080bc30a94,1785277154732,sender,0,False,,,,False
0a3d70ed-9e75-5bfc-a925-29b91d71e8e9,1785277154759,sender,0,False,,,,False
944a8e45-2ccb-569d-9819-74eceba14cc8,1785277154814,sender,0,False,,,,False
7c1fd261-d096-551e-88ee-8383852256e6,1785277154829,sender,0,False,,,,False
8b33d317-64ef-5d35-a66a-d91b307247d0,1785277154833,sender,0,False,,,,False
83c85d67-e744-548d-930f-042cb5027e3a,1785277154867,sender,0,False,,,,False
5f3c6ef9-874b-5a2f-92d8-b6d4c2ec94ac,1785277154914,sender,0,False,,,,False
5467a9c2-2fde-5234-b783-f41ed916bcee,1785277154919,sender,0,False,,,,False
af40c4a9-1b49-5665-93ae-42c2c5d10304,1785277154994,sender,0,False,,,,False
39535142-7c68-5c05-abae-4478dfb08cf1,1785277154998,sender,0,False,,,,False
a0388383-90e9-5c3d-8da0-fa97d8cf0c05,1785277155077,sender,0,False,,,,False
9446ea3d-9ccd-5cf4-aa67-49ff935fbe2c,1785277155080,sender,0,False,,,,False
b02b9ab8-5489-5bdf-b1db-d2b38d4aebee,1785277155101,sender,0,False,,,,False
201f15eb-765b-599c-af62-8bb547e16a40,1785277155192,sender,0,False,,,,False
bffcef8c-d03a-5e0b-8b39-597acf7c4e6a,1785277155195,sender,0,False,,,,False
63cdccb8-089a-5ffa-923b-e2c5c05ce892,1785277155199,sender,0,False,,,,False
a4422616-6601-5e23-a750-7dcf6264b14e,1785277155219,sender,0,False,,,,False
17fba557-aecb-57f4-8f20-566bd357a13c,1785277155223,sender,0,False,,,,False
0eb905ce-1b3f-5836-9e28-d7e791deaa10,1785277155296,sender,0,False,,,,False
70fb178a-9217-5163-b337-e369b09565da,1785277155300,sender,0,False,,,,False
bf02bd2b-2672-5ddd-bf61-2610258e20a0,1785277155305,sender,0,False,,,,False
689f6193-1f2b-5a50-80ba-f618106ac3a8,1785277155348,sender,0,False,,,,False
46c0472a-44d4-568f-b406-c6e7c89153fc,1785277155416,sender,0,False,,,,False
cfa4e802-1f9c-5758-a714-28070fd5a761,1785277155422,sender,0,False,,,,False
af2f04a2-e583-5b77-97f0-4157491b451d,1785277155426,sender,0,False,,,,False
0b3f6aab-4288-505c-bdf4-591405b8f57a,1785277155509,sender,0,False,,,,False
c4d0ad32-55dd-5b84-995b-0fde6d94a291,1785277155513,sender,0,False,,,,False
7ddc1e74-ce0a-5673-b514-8b029b3c4c43,1785277155519,sender,0,False,,,,False
ecca8f2c-6835-58e6-9c00-16151ba238f1,1785277155568,sender,0,False,,,,False
5a7fe50a-ebad-5524-a8e2-77f6e1f0b759,1785277155626,sender,0,False,,,,False
1d3a5592-cb5c-589b-b485-79abe103b0fc,1785277155629,sender,0,False,,,,False
266aaeef-d530-53c7-ae26-f15736b5daa3,1785277155648,sender,0,False,,,,False
73421bda-b386-5f90-aa3f-a0966ad3bfe4,1785277155724,sender,0,False,,,,False
25e146a9-2311-5060-846f-28fc3ae77c89,1785277155728,sender,0,False,,,,False
521c04ca-98b9-5f0b-b6ea-b3a5761bafdf,1785277155748,sender,0,False,,,,False
9143e9ae-6439-5190-ac8e-3145356afb14,1785277155833,sender,0,False,,,,False
820ffef0-66d3-5924-b135-500e5d7c026b,1785277155853,sender,0,False,,,,False
2175d971-2e77-5424-9eb3-2a12c446165d,1785277155858,sender,0,False,,,,False
f10d7c72-ca94-5b4b-a5aa-3bb766dbed19,1785277155862,sender,0,False,,,,False
325cef8b-a1be-5036-baf6-f5ff3215db02,1785277155885,sender,0,False,,,,False
b8045c4f-ddac-5400-b97f-85787d4ca4b4,1785277155944,sender,0,False,,,,False
76e36484-3d56-5452-a2de-d822cae2c696,1785277155947,sender,0,False,,,,False
9635e874-75f6-519e-b937-002629b36f5c,1785277156001,sender,0,False,,,,False
99b16b71-3f3b-569e-89a0-c08a9c148e7a,1785277156048,sender,0,False,,,,False
006209ea-c87a-5874-b1d4-2234314d745c,1785277156054,sender,0,False,,,,False
ac0ad322-4610-5f63-8abd-cbaf16012d61,1785277156104,sender,0,False,,,,False
c2c8592d-d084-51e8-8c66-384bb939ccba,1785277156109,sender,0,False,,,,False
4828d0e9-136e-5ac5-bbe9-ef3c6bd825a4,1785277156160,sender,0,False,,,,False
abfe6810-25e6-5ef0-9e1e-dd086acd191e,1785277156198,sender,0,False,,,,False
c2e8e6a1-4e7d-53f6-a9b7-53232070b63d,1785277156285,sender,0,False,,,,False
6e7bac65-b73a-5734-956e-46596dd50e80,1785277156289,sender,0,False,,,,False
5a596c04-4e06-5645-b013-5b3289e06efe,1785277156299,sender,0,False,,,,False
58ec222c-c27b-541d-9683-382e5b3cb0b0,1785277156318,sender,0,False,,,,False
bce6fc4a-f00b-58f6-9127-8f6b051b4e48,1785277156322,sender,0,False,,,,False
156bf353-9b74-536d-8da1-e6f1c0540010,1785277156372,sender,0,False,,,,False
d01d9636-ad07-5be8-b955-9e151e1e5958,1785277156376,sender,0,False,,,,False
c5c1c4a1-0c23-5b9f-a22e-ae5e3c212a2b,1785277156379,sender,0,False,,,,False
8dcb4e3d-99a8-5bff-9d47-c8f38dc1ceef,1785277156488,sender,0,False,,,,False
861d7be5-316c-5759-a723-6b755aa185f0,1785277156492,sender,0,False,,,,False
9d3dbbf0-8cf4-5712-8f48-c1c7405fb83c,1785277156523,sender,0,False,,,,False
fd9b3515-0302-57cb-af5a-05fa16f9bc69,1785277156622,sender,0,False,,,,False
5384b05c-d648-5c4a-a32b-b70bc73c8ab4,1785277156639,sender,0,False,,,,False
90744014-405a-583d-b240-6ef292822be2,1785277156643,sender,0,False,,,,False
e683e4b2-69dc-5c49-8c79-f5499c647d2a,1785277156664,sender,0,False,,,,False
39faa72f-ac98-5c00-9751-5c5a89157f70,1785277156710,sender,0,False,,,,False
9aad9d0e-aba1-5634-a3ba-4bdf3649df69,1785277156715,sender,0,False,,,,False
31b5ef53-bd33-520e-9285-5cfad1efd55d,1785277156778,sender,0,False,,,,False
25261005-f343-5ede-944d-46573685ad34,1785277156782,sender,0,False,,,,False
15b89aca-77ff-5ba2-917f-691cdbc396c3,1785277156852,sender,0,False,,,,False
61c2b408-aab5-5e68-bb6f-17c677e402d9,1785277156855,sender,0,False,,,,False
be54dfce-4e01-511d-a8ec-796311170b85,1785277156859,sender,0,False,,,,False
7385d05e-641a-583e-a514-a5cbd437eb85,1785277156882,sender,0,False,,,,False
29722d0d-5592-5f46-a322-66994afd5296,1785277156927,sender,0,False,,,,False
61f977f9-570e-529f-beba-5ed0aadd54ae,1785277156979,sender,0,False,,,,False
b5fb1c8b-af38-5f96-9e4d-e70dd132ccd2,1785277157056,sender,0,False,,,,False
cca4b042-74ae-5f98-af18-59976d8f054e,1785277157059,sender,0,False,,,,False
201b57ab-b2e4-58fc-b02c-8f106b1ce66e,1785277157062,sender,0,False,,,,False
261376a9-7704-51ba-a13a-52397fe6084a,1785277157095,sender,0,False,,,,False
3ff1e8e4-0a93-591f-ba23-e505e2e1e3d1,1785277157161,sender,0,False,,,,False
1e05890c-452f-5d29-9996-f9deb1ec5389,1785277157165,sender,0,False,,,,False
34b1cf97-9e97-529e-9fd2-5219f7884ac3,1785277157201,sender,0,False,,,,False
7f0e4d82-9c10-5da0-88a0-caf041246347,1785277157205,sender,0,False,,,,False
10e7647f-1e0a-5315-86ef-c43d56b9bce1,1785277157211,sender,0,False,,,,False
30be0b36-99fa-5f03-b476-03403ba92920,1785277157251,sender,0,False,,,,False
6ba36b81-64e6-594b-8fae-91eb1b82e630,1785277157285,sender,0,False,,,,False
b3393c00-4df8-5069-878d-f74a66d5b22c,1785277157288,sender,0,False,,,,False
2e3eabf4-54e0-55c6-87fb-eac44af4bc2a,1785277157342,sender,0,False,,,,False
32fb793b-1f66-5d98-bca9-b681e802e17c,1785277157345,sender,0,False,,,,False
c69e714a-9c7b-5811-ae50-8f74e42986db,1785277157375,sender,0,False,,,,False
1a25be13-05f1-5534-91ae-11f7185a0e46,1785277157430,sender,0,False,,,,False
f4418cb0-0fa1-5eba-be96-3137a30cb91a,1785277157434,sender,0,False,,,,False
555383e1-c2d1-54f6-a076-30ecca19b29a,1785277157438,sender,0,False,,,,False
519201cc-c957-5573-b11a-6a5b947a804a,1785277157507,sender,0,False,,,,False
ed26e598-e694-5b92-bf21-d36f186167f4,1785277157546,sender,0,False,,,,False
901819c2-138d-510a-8f1c-ebe56c56c704,1785277157602,sender,0,False,,,,False
93427dc5-f989-592c-9de8-9a2c6ba0da31,1785277157608,sender,0,False,,,,False
3a4867f4-69ec-50f2-a983-f3a487557e0e,1785277157613,sender,0,False,,,,False
1637d810-b9f6-51bd-94ea-1c1b5bae2296,1785277157670,sender,0,False,,,,False
648a3c7b-e70e-5e4e-9a5a-5f0b4e876366,1785277157675,sender,0,False,,,,False
94fafc2b-af5c-5c96-ba37-2495a75986cb,1785277157722,sender,0,False,,,,False
d23a7000-ad0e-536f-84fe-e34300894837,1785277157728,sender,0,False,,,,False
b45f4781-7867-52ff-8819-7eec5f71e189,1785277157731,sender,0,False,,,,False
19ce436e-e6c8-57df-b72d-81b6e45f6373,1785277157812,sender,0,False,,,,False
681c453a-3016-5138-8ee3-a593ca10648f,1785277157817,sender,0,False,,,,False
120af194-807e-5b46-a0ad-bf0d2a3dd8e0,1785277157821,sender,0,False,,,,False
386d699e-d641-5f22-8c3b-58aa08236902,1785277157855,sender,0,False,,,,False
e39117f4-a287-588a-833c-3197bf04b0f0,1785277157925,sender,0,False,,,,False
23a7369a-ad9d-5eb9-b32d-687b8b3e55d1,1785277157928,sender,0,False,,,,False
00315cf7-8fce-5b31-afc1-2f78e44144c3,1785277157931,sender,0,False,,,,False
4f983783-4372-510c-983d-ff855ea87134,1785277157935,sender,0,False,,,,False
f3b98285-f9ae-5c9e-90ca-00fc63c94c56,1785277158011,sender,0,False,,,,False
86a23488-5bd9-5d6d-9f41-ffb7271a8b47,1785277158079,sender,0,False,,,,False
960eb158-bd54-528b-939c-9395e9348081,1785277158083,sender,0,False,,,,False
1994d632-68e8-5785-9726-afbea06077dc,1785277158087,sender,0,False,,,,False
b822b4c1-02e0-5c74-9ca4-e77917a78d59,1785277158178,sender,0,False,,,,False
ca4975e4-3926-584f-b9e6-e791d1bc100a,1785277158183,sender,0,False,,,,False
506e612f-514d-58d1-b03e-89d24c8d78cf,1785277158187,sender,0,False,,,,False
247326e1-237a-5a16-bdd1-56a425a93038,1785277158210,sender,0,False,,,,False
dbb6859e-d514-5046-8942-d457473a574f,1785277158215,sender,0,False,,,,False
58005a4c-47a0-5127-abd6-b3bf7ff76a5d,1785277158251,sender,0,False,,,,False
e9762b51-3e09-54ad-a6c7-11c1feb9d711,1785277158296,sender,0,False,,,,False
b59a0156-b385-54a2-905a-abfcec60b34c,1785277158301,sender,0,False,,,,False
45c15059-942e-5004-b060-8e5f60b6393f,1785277158343,sender,0,False,,,,False
b697e9bd-dbf1-5c14-ace6-ce879407d48f,1785277158410,sender,0,False,,,,False
c539a47c-9696-51ec-ac5e-558bb428a91c,1785277158414,sender,0,False,,,,False
fa163e37-8e67-5d2c-9956-99b2197ee94e,1785277158418,sender,0,False,,,,False
ecbd820f-51ac-5fe1-bac9-ef2efe62f377,1785277158556,sender,0,False,,,,False
1223ac3b-e57f-50bb-85c6-5f51897716ca,1785277158559,sender,0,False,,,,False
12136238-b1f6-5521-9f55-66595c0bbd86,1785277158563,sender,0,False,,,,False
cab407b2-16c7-55ea-94b6-4e7a06c910bd,1785277158568,sender,0,False,,,,False
b4e6962a-b62d-5b4d-b00d-3ec863d475c9,1785277158593,sender,0,False,,,,False
ba74c4e4-b0ff-5b62-aa95-bd301a00028e,1785277158663,sender,0,False,,,,False
ae6736c8-24ee-5273-b5e4-993099ddd3c2,1785277158667,sender,0,False,,,,False
47d407b2-a02b-5f27-86be-29f6ae8e6bb1,1785277158687,sender,0,False,,,,False
03664a2f-cfed-5580-94f6-b62c7250fa14,1785277158721,sender,0,False,,,,False
ef6e9895-66db-5b2f-9db9-060d2355c5a1,1785277158834,sender,0,False,,,,False
90282ebe-447b-588a-963f-cf1638b507cb,1785277158842,sender,0,False,,,,False
00b79031-7a58-5c7e-8f3e-cef7cf9efa31,1785277158846,sender,0,False,,,,False
1901be37-1f4d-5216-bfe9-9d4522aae5c0,1785277158851,sender,0,False,,,,False
9b1f1643-4ba3-5af5-90fa-708d7ad34cd6,1785277158892,sender,0,False,,,,False
df04e268-138b-58c0-8def-301759bd26db,1785277158946,sender,0,False,,,,False
079a4ba9-0ae4-5b2b-a09d-f7594b0cf65b,1785277158950,sender,0,False,,,,False
6416255b-75c2-592d-bf27-6a77c27b9122,1785277159009,sender,0,False,,,,False
56056272-dc9a-57e3-8315-6173e454a0fb,1785277159014,sender,0,False,,,,False
30832614-7c7c-567d-9ea4-e6a99db3de4d,1785277159116,sender,0,False,,,,False
6d728d8f-eb01-560a-8c92-b3eedb4f1ac4,1785277159121,sender,0,False,,,,False
8d04a9da-ad05-512a-8e08-7990f5c346e4,1785277159125,sender,0,False,,,,False
882cba1f-0bcc-5690-a25b-2e042fa20087,1785277159129,sender,0,False,,,,False
bdf1f837-9c8a-585c-9313-dffa161f5b83,1785277159213,sender,0,False,,,,False
d08a75b9-455a-5255-ae51-3c899b8d8a22,1785277159219,sender,0,False,,,,False
13c01e4e-fdb0-53fb-9fb0-861c2eaf002d,1785277159259,sender,0,False,,,,False
794964eb-44c7-5f67-ad88-0e34e2fabac3,1785277159263,sender,0,False,,,,False
b9c9b2a7-b557-5a1a-ae25-ec264aa3e74d,1785277159357,sender,0,False,,,,False
874b949a-b40b-5b95-9d98-4d8464df3ca4,1785277159388,sender,0,False,,,,False
06a6220d-7517-5057-9464-6a6c71717c83,1785277159392,sender,0,False,,,,False
8277f9ab-f7e5-59b9-8622-6d31446bc7b0,1785277159436,sender,0,False,,,,False
204edd84-6cf3-5793-b534-fb1ed32d5c9b,1785277159498,sender,0,False,,,,False
828439e3-104c-5492-bf6d-94c7f327c2ed,1785277159502,sender,0,False,,,,False
c42cdb88-e83e-567e-9a2f-faf667966e3a,1785277159505,sender,0,False,,,,False
ad2a9bc4-f9be-561c-9e06-4ce57d332071,1785277159508,sender,0,False,,,,False
ee49d762-32ba-5b47-8271-080d069c1103,1785277159564,sender,0,False,,,,False
73a4436a-6106-51e7-bfb4-3b748cf876e6,1785277159567,sender,0,False,,,,False
feb74736-1618-5b9a-b988-42bf04a0b567,1785277159588,sender,0,False,,,,False
a748d538-13ef-5c72-85b7-795711df02c0,1785277159651,sender,0,False,,,,False
ed9e853f-4d2d-557c-8553-14fe1264a5e1,1785277159654,sender,0,False,,,,False
3819f29b-c31b-5f03-943a-74b086f3af3d,1785277159723,sender,0,False,,,,False
aa79dec8-d5e7-5cfb-9517-2352b7a8611f,1785277159726,sender,0,False,,,,False
7d7bd0b9-42d5-5278-814d-7b79b41b70ad,1785277159729,sender,0,False,,,,False
22034f2d-abe7-529e-8d69-a4a4362ca226,1785277159732,sender,0,False,,,,False
e741bf66-8648-5a19-90e2-9221d53e530c,1785277159774,sender,0,False,,,,False
bfae0b98-e127-537c-b2e6-74b9b57da7de,1785277159777,sender,0,False,,,,False
dbc7a666-af96-5b96-9141-58a79d65c60b,1785277159812,sender,0,False,,,,False
b4a0c488-9bc1-51ba-b0e9-9d2ae4fa547a,1785277159847,sender,0,False,,,,False
5f1b522a-66f7-5b83-92e0-9eef1e16bbfb,1785277159861,sender,0,False,,,,False
f30260f8-1cbe-5d71-b562-1b4f41186bc2,1785277159963,sender,0,False,,,,False
41f2017b-cbca-5cb3-967c-581d0fa560ae,1785277160009,sender,0,False,,,,False
a047bf7e-f6d7-50b5-a47c-e5d479bd2b65,1785277160014,sender,0,False,,,,False
02cfad31-c65c-5ab5-8111-4d06f7e3b6fd,1785277160079,sender,0,False,,,,False
ffdd2d67-b303-5fae-a690-13d20d46ad11,1785277160083,sender,0,False,,,,False
2f852dc9-41c5-5f58-a9b2-36a6bcca4e24,1785277160142,sender,0,False,,,,False
18081173-7860-5b01-b5cc-5afbe82a77bc,1785277160189,sender,0,False,,,,False
d95e9e72-5a44-5f5a-afd5-56e4ae0ea542,1785277160194,sender,0,False,,,,False
0e25c554-b23c-545a-9fed-cef41d900e3f,1785277160217,sender,0,False,,,,False
22df1275-cfc4-50db-ae5c-32ad2e5af679,1785277160223,sender,0,False,,,,False
08c1c03f-c9f0-5727-91b0-f425c63479bd,1785277160275,sender,0,False,,,,False
feab839d-468d-5fba-9056-9c9320287789,1785277160307,sender,0,False,,,,False
72217d9a-deb8-55b6-87ca-af67c7d46247,1785277160345,sender,0,False,,,,False
56992534-2d26-52ec-a018-eac0fc1976e5,1785277160350,sender,0,False,,,,False
b5f3f5d1-07b1-5f17-b01e-bb71dc4e743c,1785277160438,sender,0,False,,,,False
d2cdc710-2c92-5d2c-9c31-39f6386ef142,1785277160441,sender,0,False,,,,False
bc77a36c-9056-5394-a275-57437340f006,1785277160445,sender,0,False,,,,False
ed3d9695-096e-5f7a-9196-b9b84c3bee22,1785277160476,sender,0,False,,,,False
e8e66222-7abc-5f18-a2d6-27cd78d91808,1785277160524,sender,0,False,,,,False
97b80049-fc75-51a0-8827-a417740ba12a,1785277160528,sender,0,False,,,,False
e860778c-8784-505c-b7b7-9438435697a4,1785277160603,sender,0,False,,,,False
68e6aca0-a021-5f88-a9d3-fa72bec057a9,1785277160608,sender,0,False,,,,False
2d64ed39-08af-51df-96ac-04bdb6249c6d,1785277166207,sender,0,False,,,,False
a184ec96-13d3-5d83-866a-f5efac81f7da,1785277166233,sender,0,False,,,,False
702b3167-e3f9-5325-9837-c01126f257d2,1785277166235,sender,0,False,,,,False
fe2dff69-93f5-521b-9db5-7db2f3b77c4d,1785277166236,sender,0,False,,,,False
c25db49e-374e-5b8b-8299-68e811dc5c97,1785277166237,sender,0,False,,,,False
6184c5ac-a288-5fa6-84cf-344537590924,1785277166239,sender,0,False,,,,False
71b66378-59d5-58a6-b367-c2141171b16a,1785277166240,sender,0,False,,,,False
76ac5c90-fd52-5e84-a85b-b43cf2ddc4fb,1785277166241,sender,0,False,,,,False
7c6defd0-78e6-580a-95d1-92a804510a5d,1785277166651,sender,0,False,,,,False
948f89d5-1385-5563-8d7a-c8acb4f01b35,1785277166716,sender,0,False,,,,False
59f2d431-6c2f-535f-aa72-20e7da0c0437,1785277166719,sender,0,False,,,,False
9ed74350-6492-5c0c-8f9a-51732ee57fe2,1785277166721,sender,0,False,,,,False
92f326bb-a6e0-544f-ab1d-8bdd5f8aaf10,1785277166735,sender,0,False,,,,False
476e6dc8-3e85-55e0-9cfb-dbcc272fe5c2,1785277166792,sender,0,False,,,,False
5fa06bed-7829-50f8-9800-efe7042629c2,1785277166795,sender,0,False,,,,False
ef57b2af-79cb-5b94-93d2-85f37c6f2274,1785277166823,sender,0,False,,,,False
404ab686-d0af-552a-9d45-9700db3f657d,1785277166824,sender,0,False,,,,False
8ad13b13-1819-5e58-8869-ae9de5c8b742,1785277166984,sender,0,False,,,,False
e2ab3cd4-66eb-5da1-9706-2f6723824362,1785277167039,sender,0,False,,,,False
abb7ea27-8de4-590c-a557-b819eaf2d8d1,1785277167113,sender,0,False,,,,False
48742faf-ec2d-57aa-a010-39ee772edb22,1785277167114,sender,0,False,,,,False
1fd9041b-e5a5-51a4-a31e-919cedbaeb8f,1785277167218,sender,0,False,,,,False
582fb63e-346c-5d7e-be21-5958d8b15f5a,1785277167248,sender,0,False,,,,False
71b74240-e656-587a-be56-ec5c2f46ea73,1785277167294,sender,0,False,,,,False
a78ae401-eac8-5b2c-866a-4217c59f0915,1785277167295,sender,0,False,,,,False
9de2bcd9-3019-5a44-9c7a-186eecfa93c6,1785277167299,sender,0,False,,,,False
79784cf7-509a-594d-8e30-6c3aa61f6844,1785277167400,sender,0,False,,,,False
247943ea-39f5-5765-a968-6bb285bbba05,1785277167401,sender,0,False,,,,False
e0b90950-e5c2-5e5f-a5c3-53a826c4de15,1785277167403,sender,0,False,,,,False
ebf9fe7c-7397-5c06-a6f5-3951012b2697,1785277167455,sender,0,False,,,,False
a1d3ba05-53f8-5fa8-a5f6-674055ccbe18,1785277167457,sender,0,False,,,,False
1f005674-dfce-575b-a340-dac5392f8c56,1785277167508,sender,0,False,,,,False
4b419e7f-1e6b-538f-afe6-8388bf2ecbaa,1785277167574,sender,0,False,,,,False
49ac1950-6be4-54cb-9887-bee234f495b6,1785277167575,sender,0,False,,,,False
362d2046-e59c-56e7-b756-a858b71956af,1785277167763,sender,0,False,,,,False
6566cc28-8d47-5522-b39f-8dfbc513b33f,1785277167764,sender,0,False,,,,False
00c114de-676c-5858-86c4-d9afc7f4a509,1785277167765,sender,0,False,,,,False
32a3df7a-fc4f-586f-8e0e-55db5344840d,1785277167809,sender,0,False,,,,False
ddc94ce9-c56d-51b2-b5ff-fa28dd745f76,1785277167812,sender,0,False,,,,False
2fbd3ac7-b8b0-58fc-9534-921e794af4a8,1785277167819,sender,0,False,,,,False
b159cafe-f60b-5102-9bc8-39e7f345d852,1785277167836,sender,0,False,,,,False
0493335f-4096-5084-ba04-61167eb6a533,1785277167838,sender,0,False,,,,False
1bcf2dbe-f9a1-5a33-8754-8da9b7329953,1785277167927,sender,0,False,,,,False
d779cf5a-cc4c-5515-b35b-2b01abb09946,1785277167966,sender,0,False,,,,False
f5df55fa-8f6a-5fc0-bc82-365e42af2a24,1785277167967,sender,0,False,,,,False
e7ea390b-089d-5ff1-b4fb-c2d040ada2e0,1785277168142,sender,0,False,,,,False
c7172202-3a48-5e84-91e9-a30aefbfe69c,1785277168143,sender,0,False,,,,False
b55c95e2-314e-5d29-bb0b-a3e5a39656a6,1785277168176,sender,0,False,,,,False
0d0f3ded-90c4-5e88-8d7a-f21de4ecd548,1785277168216,sender,0,False,,,,False
b52ab673-6a80-57d0-ab2d-1edff0c4c10d,1785277168218,sender,0,False,,,,False
2f7e24ff-31d0-54e3-a57a-2197cdb2cb4f,1785277168258,sender,0,False,,,,False
c257d350-54e3-5911-941a-7038751ca9f6,1785277168259,sender,0,False,,,,False
1d0e9259-91f5-53e1-8eb1-61908ab3732a,1785277168339,sender,0,False,,,,False
b8109572-ae7e-5fb7-9e3a-c55ad2df6d24,1785277168388,sender,0,False,,,,False
0ca20c40-53c4-525a-baf8-549851ac8d39,1785277168433,sender,0,False,,,,False
16be9aef-17d9-576f-ad99-ee8575c1a60b,1785277168457,sender,0,False,,,,False
46bf3e1c-13da-5479-a857-ac5d456568c5,1785277168492,sender,0,False,,,,False
633c8d7d-03e5-5f8f-bd63-d7773a000365,1785277168525,sender,0,False,,,,False
b00de3f5-5a28-5417-aa1e-48bf56e98000,1785277168526,sender,0,False,,,,False
e918b3ed-6a9f-5892-8dca-7cfdca4206d5,1785277168566,sender,0,False,,,,False
0bed5ee6-6225-535b-a2b7-2ba0a452144d,1785277168631,sender,0,False,,,,False
bf520546-1ab8-552f-b430-a58eebac295b,1785277168671,sender,0,False,,,,False
9f6ce46f-0852-5fcd-a35b-e817964634bb,1785277168766,sender,0,False,,,,False
6fd2b62c-c934-5c8f-873a-c2f5504b5d49,1785277168767,sender,0,False,,,,False
d31fcef7-0f2b-5f48-8b64-0e0fbf441789,1785277168830,sender,0,False,,,,False
07b24911-9715-5c87-b72d-9a631f1121dc,1785277168832,sender,0,False,,,,False
f9eb1f2c-3b7d-50ae-8a59-1a5d2e574486,1785277168835,sender,0,False,,,,False
5a8776de-0533-5478-ba75-f60e67cb0eb9,1785277168836,sender,0,False,,,,False
4172b329-e731-56ad-9ca1-1a1a868d3891,1785277168884,sender,0,False,,,,False
1e62f69c-3deb-5fd7-8f6d-d07c836714e1,1785277168885,sender,0,False,,,,False
d0eb8b4b-50a2-504c-90ee-15fcc277b530,1785277168965,sender,0,False,,,,False
dc0e7589-a46f-55f0-aa11-f0bd1b688530,1785277168966,sender,0,False,,,,False
81d8181d-362c-5408-b02e-7916a13b6998,1785277169017,sender,0,False,,,,False
ca03c9aa-7c2b-514b-b6e4-753dc98b3254,1785277169089,sender,0,False,,,,False
31d9c65d-4518-571b-a455-c349b73edb84,1785277169159,sender,0,False,,,,False
b5d43aef-1087-5057-b32c-5477d3363f1f,1785277169160,sender,0,False,,,,False
774fb437-71c5-583a-a1cd-b055afea9eb7,1785277169161,sender,0,False,,,,False
94072d7f-6ac6-5a2b-97a9-fb496855c5c8,1785277169203,sender,0,False,,,,False
2ff2007f-8d99-549e-b6cf-fed31f12821e,1785277169347,sender,0,False,,,,False
a47196c3-759f-5f5b-864a-1c638a187525,1785277169349,sender,0,False,,,,False
f96d74d5-673d-5770-9829-6eea0cc8ff68,1785277169352,sender,0,False,,,,False
1b3dfb92-de7d-5a34-adb6-fc9a89ca3589,1785277169353,sender,0,False,,,,False
9c52ae7f-53d7-51b5-afc0-436c07bfcc90,1785277169404,sender,0,False,,,,False
edb7a2f8-0f9b-5f3a-a0ee-fd5678509247,1785277169405,sender,0,False,,,,False
193a6aa7-6f07-5c2d-bb42-fab9c41e34d6,1785277169405,sender,0,False,,,,False
5b437a72-ec0e-5de5-8dd5-f2d3d281e93b,1785277169433,sender,0,False,,,,False
b46896b4-176e-5127-87e5-8e28f49d63db,1785277169478,sender,0,False,,,,False
382c6d89-adea-569f-89ef-06955ad0a170,1785277169564,sender,0,False,,,,False
b5751291-f246-599d-8635-b45362ec97f1,1785277169579,sender,0,False,,,,False
cad322aa-8818-5d5d-b02f-f91906eb36cd,1785277169580,sender,0,False,,,,False
8f4a9266-b466-5261-9149-10459dedffb8,1785277169661,sender,0,False,,,,False
1bfee98f-783f-5243-9944-038bd002ff9a,1785277169689,sender,0,False,,,,False
9d22d6b6-4ea5-50b6-a8fa-e7ae0ba8f141,1785277169690,sender,0,False,,,,False
afe2ac62-d884-588d-a4a0-5881e6b0bb94,1785277169770,sender,0,False,,,,False
e5bb504e-5898-5d17-9630-eba7ac3b3520,1785277169771,sender,0,False,,,,False
0489649d-05d9-5572-8e00-240e7a937947,1785277169811,sender,0,False,,,,False
c9380a04-cc4a-5085-aca0-a8ee5e32d187,1785277169853,sender,0,False,,,,False
493ef823-f0a9-5ceb-b60a-2288c1479275,1785277169854,sender,0,False,,,,False
5b31516a-8b00-583e-b992-df13513adff6,1785277169856,sender,0,False,,,,False
8fe532e6-d8ff-5a16-9ee7-9c5389b076a7,1785277169899,sender,0,False,,,,False
1cdf32aa-44cb-5660-ba02-c501294f7464,1785277169972,sender,0,False,,,,False
f43a9cf2-b6d9-5cc1-b419-b282f6c9c9b9,1785277170004,sender,0,False,,,,False
d8108cd8-16f8-58b9-9070-71010c7b2b4b,1785277170077,sender,0,False,,,,False
dc016fcd-a58d-52be-9c9d-b1e920e29279,1785277170117,sender,0,False,,,,False
aefd84e3-1f04-5f2f-96d2-4eeef951903d,1785277170155,sender,0,False,,,,False
42961dc0-c98e-59e7-9aaf-1bd5f83e07d9,1785277170228,sender,0,False,,,,False
3f66bda0-7774-5b7c-b392-8710c6d22b48,1785277170230,sender,0,False,,,,False
20c89e3e-4f44-5103-92f3-f4984e3e5132,1785277170269,sender,0,False,,,,False
1fc5e765-f376-5be0-9c74-6c5b3e6670d2,1785277170324,sender,0,False,,,,False
2beb9ae9-8f0a-5f17-83cf-fa08be681087,1785277170378,sender,0,False,,,,False
bfe0143a-e00f-5026-9185-cdbfb28d0f85,1785277170380,sender,0,False,,,,False
bf257fbe-789c-50d1-96fd-be51e2092a95,1785277170423,sender,0,False,,,,False
ba7d01f4-4df4-553b-b577-267a6fd81241,1785277170424,sender,0,False,,,,False
668ad052-1b9c-5f9e-8b2a-f87f768f6d74,1785277170515,sender,0,False,,,,False
27dad14b-3d06-5a10-b48a-1a54bad12961,1785277170516,sender,0,False,,,,False
3e633ca8-16ed-518c-b9f4-01693e7eb638,1785277170518,sender,0,False,,,,False
d9ff2a11-e247-55ad-860c-652d43a3533e,1785277170571,sender,0,False,,,,False
8f981054-3443-5d0c-b9f7-01ddc1fc34e7,1785277170624,sender,0,False,,,,False
5688a685-b494-5015-a4fe-2607eb712486,1785277170715,sender,0,False,,,,False
e8b6476a-d084-5dc7-a72a-d794808e32c1,1785277170717,sender,0,False,,,,False
567b6d5c-84ee-5692-a813-4a6bc017eecf,1785277170718,sender,0,False,,,,False
97390aac-c804-538e-973b-e9305e991036,1785277170796,sender,0,False,,,,False
3bac6b20-bed9-534f-832f-5484b750a809,1785277170798,sender,0,False,,,,False
d55637b0-b38e-550f-958a-112c951ee4b5,1785277170827,sender,0,False,,,,False
dbbd0149-8ad4-577e-9fca-6623229650f0,1785277170828,sender,0,False,,,,False
2c67d712-4986-5c2d-a8d4-93496e8ac92f,1785277170830,sender,0,False,,,,False
48cf3933-1ae1-5247-9fe2-1642cfef6113,1785277170925,sender,0,False,,,,False
ed2572da-dca8-53eb-9c4d-50509c246de9,1785277170958,sender,0,False,,,,False
31429ea5-e662-52a8-92f7-31b11d9c5c9f,1785277170959,sender,0,False,,,,False
a78e9e83-53ca-56ff-84b5-8f222ab634de,1785277171018,sender,0,False,,,,False
4e4d990f-add3-5ed8-ba8a-96057ea8be0f,1785277171109,sender,0,False,,,,False
38642542-72a0-527c-8938-c39ca2f9f635,1785277171110,sender,0,False,,,,False
a2c2cbe9-6bca-5b55-a991-8bde037dcc16,1785277171112,sender,0,False,,,,False
a43f4c92-443b-5904-a323-82f83c4f65d0,1785277171142,sender,0,False,,,,False
1b73a5b8-096e-5319-851e-9716ee64ae17,1785277171202,sender,0,False,,,,False
dbc61f95-a37c-5f2e-b6b6-daeb5ac3fa95,1785277171248,sender,0,False,,,,False
57912240-f971-578a-b6ca-59d35648f53d,1785277171278,sender,0,False,,,,False
e5fba323-361d-5d4a-9083-5799d708c9de,1785277171334,sender,0,False,,,,False
7624436c-6152-500d-8ada-5b79847e2211,1785277171362,sender,0,False,,,,False
3a08acf5-1c18-5ce9-9143-0bf9b5e2bacc,1785277171383,sender,0,False,,,,False
afdc2d5f-1be3-5ef9-abcc-1093b6cf573d,1785277171451,sender,0,False,,,,False
23b462c1-d1c1-5a5f-9a48-4983241bd31f,1785277171511,sender,0,False,,,,False
d940aa71-c591-5355-bdca-9fd48c57172d,1785277171511,sender,0,False,,,,False
684c71b6-0e35-57df-aeaf-f4bd01760c00,1785277171540,sender,0,False,,,,False
9dbda1ed-370c-52dd-85c8-bda50519bf27,1785277171582,sender,0,False,,,,False
8ec3261c-1651-5416-ab59-940943a49542,1785277171583,sender,0,False,,,,False
abc6e10f-b7e2-5336-906f-0c29426220c6,1785277171615,sender,0,False,,,,False
e7a4f836-9ce0-5796-bb12-783b64f7d1f4,1785277171649,sender,0,False,,,,False
2e4a4dab-ca32-5eda-9b37-5c842b108ae1,1785277171690,sender,0,False,,,,False
ab569610-4420-5b45-9af3-d61afc13e785,1785277171738,sender,0,False,,,,False
97430279-7b60-5105-9356-ece7e680ccb7,1785277171779,sender,0,False,,,,False
b9e431c0-7d74-5154-a75e-872f68e24791,1785277171781,sender,0,False,,,,False
d88aa5cb-58c1-5f34-a4f5-b41f89c66f53,1785277171860,sender,0,False,,,,False
8f2b2b7a-f309-5cab-bdc4-5396f6692e8f,1785277171867,sender,0,False,,,,False
be94173f-e600-52b4-b5ec-948f506c6d6e,1785277171952,sender,0,False,,,,False
3aee82c5-8878-5d1d-82a4-f4da0828b0aa,1785277171992,sender,0,False,,,,False
ca9b40ac-ed0b-59a8-8429-a4ff47cbf711,1785277172016,sender,0,False,,,,False
28cc6d17-f606-5d43-b294-3d488ee91d2f,1785277172095,sender,0,False,,,,False
df2b8f44-3e8a-5eef-9d93-d95889737a4f,1785277172113,sender,0,False,,,,False
49e5ee09-83ff-52a8-aa38-9a2ca2f7b871,1785277172114,sender,0,False,,,,False
b0564a1d-4592-528e-8dd4-413e102da491,1785277172194,sender,0,False,,,,False
903ee911-cef7-5027-93e1-2b5cd23a2d03,1785277172195,sender,0,False,,,,False
69c91d3a-b6da-52d8-9d17-7b101d9cab16,1785277172227,sender,0,False,,,,False
08e47bce-d79a-5ece-8fe5-cd6290d580d2,1785277172265,sender,0,False,,,,False
36fcad3d-f990-59f9-91e6-7da7d2385668,1785277172266,sender,0,False,,,,False
87ced608-3904-595c-9347-858679d50172,1785277172329,sender,0,False,,,,False
40fffe28-d20c-5bfe-978f-31fe018d5791,1785277172542,sender,0,False,,,,False
332c9bf2-7ea6-5b98-9183-94018c8b194a,1785277172563,sender,0,False,,,,False
f0d4c727-9132-5a06-b2dd-6f75d1c71a48,1785277172590,sender,0,False,,,,False
fd9e6cc5-096b-5c72-a7e1-f3b39cc1f8c7,1785277172595,sender,0,False,,,,False
7cc29631-06bf-534c-a6b4-2280faa3b1d8,1785277172636,sender,0,False,,,,False
189cc384-9dba-5893-99bc-b6061e328df1,1785277172725,sender,0,False,,,,False
f06fcfe3-35aa-56d7-a3ce-b3afff1343b8,1785277172725,sender,0,False,,,,False
fccaa35f-152d-590b-b003-9f935b5fdb91,1785277172726,sender,0,False,,,,False
091a896f-7cb2-5aec-909d-eab4db28d676,1785277172764,sender,0,False,,,,False
3af4e4f7-61ad-53b6-bf91-4228470194dc,1785277172781,sender,0,False,,,,False
05e21718-5da9-58fa-8cbd-f9a81b2cc15f,1785277172812,sender,0,False,,,,False
d56b3c15-8fa7-5519-91e5-6bac94573ecc,1785277172813,sender,0,False,,,,False
8c34725d-becf-5a4a-bb8c-0e9642933f14,1785277172843,sender,0,False,,,,False
b95b63fc-ce5a-5541-9da6-19be97b83212,1785277172896,sender,0,False,,,,False
1c20ef4f-ca67-5c13-abf3-803882c08375,1785277172949,sender,0,False,,,,False
3bafe154-344f-50aa-8ccc-47bd8f8d34e0,1785277172950,sender,0,False,,,,False
cc0f7b00-8c93-58bd-9613-7ff73ccbdcc4,1785277173036,sender,0,False,,,,False
a0291626-6f17-52a3-96e3-8bd98975de60,1785277173038,sender,0,False,,,,False
e3e0c254-d3f9-5f12-8f2b-fe232438efc4,1785277173076,sender,0,False,,,,False
2efed70b-ec3f-5e5b-bdac-8a3677ca489f,1785277173078,sender,0,False,,,,False
57a0ab52-75ea-5274-a4d4-b1e32f74f6c1,1785277173079,sender,0,False,,,,False
1245d682-8bb0-53a6-b318-682de4c821b6,1785277173122,sender,0,False,,,,False
90c685fb-bbc5-5f23-819a-c80870b64385,1785277173123,sender,0,False,,,,False
99f39331-283a-5f71-98cd-1101ebeaaaea,1785277173151,sender,0,False,,,,False
8d778c03-5662-526d-841a-fc5cc246affd,1785277173186,sender,0,False,,,,False
a78c61c3-3481-5e80-a8b8-01755f7d64f9,1785277173187,sender,0,False,,,,False
c58162ad-2b73-5de3-88d2-cadcf2d7805c,1785277173264,sender,0,False,,,,False
270568a9-80ca-5cde-93e1-becd75b6cd25,1785277173265,sender,0,False,,,,False
4493bca1-7215-5bfd-a187-b9950f23cefe,1785277173299,sender,0,False,,,,False
5926653d-8537-5a65-9d0d-8bbb5b274fad,1785277173360,sender,0,False,,,,False
b71f5c59-6c9c-589c-abc7-a74673c47741,1785277173384,sender,0,False,,,,False
6e588d20-ea38-502a-957a-8db53ef7e9df,1785277173436,sender,0,False,,,,False
db799eec-4277-5378-98f2-b2eba2aab2c9,1785277173438,sender,0,False,,,,False
fcf50693-aced-5f64-927d-7e395e72e3ab,1785277173439,sender,0,False,,,,False
1294b37a-d5e8-5df5-a201-564064513e76,1785277173555,sender,0,False,,,,False
f51a296e-e7cf-5507-8592-a492eed3030a,1785277173556,sender,0,False,,,,False
11649d5b-8f0f-547c-a4bf-cdcd853ddacf,1785277173623,sender,0,False,,,,False
f9f8f21a-3eb3-521c-be88-50a55b2e2b87,1785277173700,sender,0,False,,,,False
aa84c6dc-efbf-5193-96fb-0e510f2a49f3,1785277173701,sender,0,False,,,,False
345ed92e-72aa-5ff2-8cfe-4e148cc97c39,1785277173702,sender,0,False,,,,False
0043b108-77d4-55d1-b84f-21b1895544bf,1785277173747,sender,0,False,,,,False
9c471d48-ea64-5c19-9afd-c1904481b31e,1785277173764,sender,0,False,,,,False
8a10daf0-7928-5538-bb5a-f76e97d9c9fb,1785277173780,sender,0,False,,,,False
c9db90b9-8d78-5ea8-9426-6619496855ba,1785277173782,sender,0,False,,,,False
b132f7b6-40ce-5490-a145-e6e0959119ac,1785277173815,sender,0,False,,,,False
4ecb612e-cb0e-5c8b-80f1-3ee9bc2dd2ee,1785277173862,sender,0,False,,,,False
309c7153-f1c7-5ee9-868a-84f0e51c5cce,1785277173864,sender,0,False,,,,False
2a987dce-2d0e-516d-a203-fdbb60cfe256,1785277173907,sender,0,False,,,,False
eb58b817-6e48-5e3d-a3ed-ca06c2a1a61f,1785277174051,sender,0,False,,,,False
65363fec-9cca-5d34-ac32-f01917ce1c80,1785277174054,sender,0,False,,,,False
48981ad0-3c88-5fea-9ff7-2e62de0384de,1785277174126,sender,0,False,,,,False
670f3316-e48e-5188-a747-57ecb3ef0f0e,1785277174127,sender,0,False,,,,False
d996263d-ce88-5722-96f9-77aa00aac093,1785277174128,sender,0,False,,,,False
65424aeb-b06d-54c7-b660-0aad65580e40,1785277174185,sender,0,False,,,,False
b5c41f18-421c-5f46-bb5c-269fd7b4605b,1785277174187,sender,0,False,,,,False
c39eaa34-c6f6-525b-8ca0-8e083d98cc10,1785277174189,sender,0,False,,,,False
3ae94998-f7dd-5f3d-8a84-3441a08046dd,1785277174208,sender,0,False,,,,False
cc718b8c-7a9e-534a-9e4c-86229b50f2d9,1785277174257,sender,0,False,,,,False
4bc1ca01-0960-53aa-b094-069b53ccedb5,1785277174340,sender,0,False,,,,False
8dd0b432-7428-5b5e-83c1-6514deeb2d57,1785277174384,sender,0,False,,,,False
2ead4234-6ae1-5cf7-a22b-b21839759017,1785277174425,sender,0,False,,,,False
f7924752-3a0b-5dc7-aa5c-2748d3df4026,1785277174492,sender,0,False,,,,False
fc9c233e-17de-5975-a842-b2a61ee61ffa,1785277174550,sender,0,False,,,,False
46ab739c-63f3-54f3-9701-355b2b39fad4,1785277174626,sender,0,False,,,,False
620819aa-d92a-5b66-a66c-2d566b0714bb,1785277174627,sender,0,False,,,,False
170053e9-49c6-55ea-9fc4-6551d457d44e,1785277174629,sender,0,False,,,,False
1021a023-64ff-5c51-8e48-b985b7a2849d,1785277174643,sender,0,False,,,,False
bb2f325a-9d7c-527b-aa61-631792ba1585,1785277174695,sender,0,False,,,,False
5afaf9ff-1cdb-59c4-99bd-a985e014c72f,1785277174697,sender,0,False,,,,False
194b3af3-c6a0-5c99-8dc2-0d2a1edc6795,1785277174735,sender,0,False,,,,False
b58752e9-1e9d-5453-bf2b-7a67bb681174,1785277174773,sender,0,False,,,,False
71b01e4b-2bb3-5041-9bc6-931efe3efb62,1785277174774,sender,0,False,,,,False
20e9cf37-2857-5074-9b40-902d4cf54ea5,1785277174810,sender,0,False,,,,False
603822e4-e4df-5cf4-aa33-58b502d2216c,1785277174815,sender,0,False,,,,False
52c2b55d-af1f-5a47-90af-07ebf3578bb9,1785277174978,sender,0,False,,,,False
f767487d-a50d-53bd-b6fa-33fc4e96ef29,1785277175028,sender,0,False,,,,False
35353b29-a06f-583a-888d-14329c25381e,1785277175065,sender,0,False,,,,False
beb80ad2-5603-5d60-aded-18fcd216499f,1785277175066,sender,0,False,,,,False
8bb1b0f2-84ba-5bb9-86ef-26dac74bd66a,1785277175103,sender,0,False,,,,False
7ca6f758-ff58-5f16-8f41-06e43a54000d,1785277175152,sender,0,False,,,,False
f86ab507-3650-540e-839c-cf1eff77f415,1785277175154,sender,0,False,,,,False
6594648e-6a00-561d-a0cb-50c51c236cab,1785277175223,sender,0,False,,,,False
26457345-f5b7-511d-93cf-0059c773912c,1785277175247,sender,0,False,,,,False
adbababc-e893-57de-be87-f0cb43cfaeff,1785277175346,sender,0,False,,,,False
54c75edd-8225-5c56-b0af-8cce29828d91,1785277175401,sender,0,False,,,,False
5120fa36-94d4-54e8-b563-6de6916c0fd2,1785277175405,sender,0,False,,,,False
76b62fb1-387a-5273-b5e6-4d531a8a2001,1785277175408,sender,0,False,,,,False
5564747c-549d-5a54-8b33-d2abbdac087c,1785277175428,sender,0,False,,,,False
707a8331-7f59-5e1f-a775-f5fd69637fec,1785277175433,sender,0,False,,,,False
7d911b45-b043-50a2-b41a-a268689e1a57,1785277175483,sender,0,False,,,,False
54ad25cc-d8cb-59ac-8152-17b8db5a7d11,1785277175513,sender,0,False,,,,False
557aa5d5-c9b8-53c7-9831-ba3d9346877d,1785277175571,sender,0,False,,,,False
affeff8f-7489-5a35-a402-9b2c5f4f6e05,1785277175701,sender,0,False,,,,False
77c5a762-7173-55bd-ba6e-dfdca1b7c389,1785277175702,sender,0,False,,,,False
adc16d30-24dd-5787-8b8a-3b8e1192859a,1785277175702,sender,0,False,,,,False
c375af0a-29d2-5e47-850a-cfb4dcf742f9,1785277175733,sender,0,False,,,,False
6d45ec5a-0c2b-58ab-9037-2a1d86942234,1785277175754,sender,0,False,,,,False
94f7aa0c-00cc-5836-84de-a6513ed528fc,1785277175755,sender,0,False,,,,False
cd985244-9cc9-5771-a4a0-ec43e361be84,1785277175785,sender,0,False,,,,False
4122a071-b3bb-5c39-94bc-83f2981a93a8,1785277175786,sender,0,False,,,,False
78ac65cf-88b8-529b-b602-5676078c9774,1785277175806,sender,0,False,,,,False
6801f1b6-2424-5d22-b7b5-8828692bc822,1785277175856,sender,0,False,,,,False
6db638e4-fef0-5bad-a8f6-0448e3613581,1785277175887,sender,0,False,,,,False
6b2fcc6e-529f-51eb-97ec-0c7794be3a79,1785277175962,sender,0,False,,,,False
b91a00e1-a1cc-52b8-804d-bd8df1bb9852,1785277176195,sender,0,False,,,,False
038756c1-3536-569b-aae2-daab290e4e77,1785277176196,sender,0,False,,,,False
1003df7e-19a5-5410-96f2-375ac7101020,1785277176200,sender,0,False,,,,False
bfabf2c1-3597-5e76-892f-9a2880327d51,1785277176202,sender,0,False,,,,False
56ae01b4-aa61-599d-be6a-5f0b53ff9b3a,1785277176204,sender,0,False,,,,False
f4071169-f2cd-5532-b1ee-a916d4dafc56,1785277176227,sender,0,False,,,,False
970341e0-3796-5d19-9923-7c35865e2546,1785277176257,sender,0,False,,,,False
67cc1fe4-d7a5-5e4a-ac6d-5d16359365a3,1785277176259,sender,0,False,,,,False
a47eb92e-0913-5fa6-ad3c-37864247ecef,1785277176330,sender,0,False,,,,False
b5f39b4f-d18e-5dfa-a475-2bcf1dd73292,1785277176542,sender,0,False,,,,False
161afe3a-ad53-520f-9463-a3c9558e2357,1785277176543,sender,0,False,,,,False
3caacacc-595a-590f-a054-665fbfbc9a56,1785277176544,sender,0,False,,,,False
b4809196-80a8-5ae6-ae49-e57579976b11,1785277176582,sender,0,False,,,,False
3befbee0-bef1-5f18-9069-1cb7123d6287,1785277176639,sender,0,False,,,,False
19844b70-658c-53fe-a39b-1d92a4e84fa5,1785277176640,sender,0,False,,,,False
b1e4ae3e-d76d-580e-91e0-466578aea793,1785277176641,sender,0,False,,,,False
a37cc479-d14b-5e2b-aa8d-8a381c9cb4aa,1785277176724,sender,0,False,,,,False
e6f477af-2e55-5aca-8de3-2d4619ff4080,1785277176780,sender,0,False,,,,False
82a96105-f215-57fa-bc05-81ab661296f2,1785277176781,sender,0,False,,,,False
0e2271fa-3cbf-550f-8948-cd504a3ec1e3,1785277176782,sender,0,False,,,,False
31b62700-5fa6-517f-9b5a-24f4a7c4e822,1785277176827,sender,0,False,,,,False
43707b8b-0896-501f-9411-a1380228a680,1785277176829,sender,0,False,,,,False
9e74aaea-bbb8-5fd2-b460-ba54c33c4a95,1785277176858,sender,0,False,,,,False
36f85547-1092-5194-8e94-cf8e04ab94d1,1785277176859,sender,0,False,,,,False
5112d39b-cb98-596e-9c86-0873435e3eed,1785277176861,sender,0,False,,,,False
3a0a8007-c4d8-5bcf-b58d-99fcb22bd6ec,1785277176982,sender,0,False,,,,False
7b2680b7-4104-512d-8eed-cac2000ed6a1,1785277176983,sender,0,False,,,,False
1c6aa473-3c5f-5ff4-a370-c46ee547180f,1785277176985,sender,0,False,,,,False
967b0215-1979-5a07-8d70-5cd109043541,1785277177076,sender,0,False,,,,False
f1339f03-96c2-5408-8b9a-83c5733e76bc,1785277177138,sender,0,False,,,,False
518341b3-b21b-57a4-b1c3-46f34e9277f8,1785277177193,sender,0,False,,,,False
fa5ed2fc-c759-574e-976e-3da08c2b028f,1785277177235,sender,0,False,,,,False
fbc14e40-4375-5029-9845-1774937d1fe3,1785277177236,sender,0,False,,,,False
fc062d30-ea0d-5df6-955c-0abb7f396fec,1785277177289,sender,0,False,,,,False
92640ecb-c968-59e1-8f45-1239cfee7295,1785277177349,sender,0,False,,,,False
ad775dfd-3955-5875-bfec-b522ec345c12,1785277177350,sender,0,False,,,,False
606b5345-3199-5465-8aea-da145a116489,1785277177351,sender,0,False,,,,False
e7a50c9e-190e-5064-993c-d4c71d44e701,1785277177393,sender,0,False,,,,False
28380fef-039a-505e-86d1-fdeb272e3783,1785277177394,sender,0,False,,,,False
6cc71a66-bfd7-5af5-9c9b-e65dfab853f3,1785277177443,sender,0,False,,,,False
f1916d74-2248-5e1b-8a31-ba167c1d2b64,1785277177474,sender,0,False,,,,False
24ee863b-1d89-5d91-89ec-4c58b26f79f1,1785277177475,sender,0,False,,,,False
a0a95287-9dae-5574-8d1f-b9387a2fa77f,1785277177568,sender,0,False,,,,False
b8f4d564-7ba7-5ae4-9291-449d43d1aa1c,1785277177641,sender,0,False,,,,False
607e1e51-ff18-5896-afcc-62b4263816a9,1785277177643,sender,0,False,,,,False
ed109461-81f5-5a3d-a922-934a282d3b74,1785277177688,sender,0,False,,,,False
fc91df52-e505-5984-90db-5db36bb59fb0,1785277177696,sender,0,False,,,,False
d92323e6-9bb2-5053-ba19-be07cf2e6934,1785277177716,sender,0,False,,,,False
b377d4a9-7230-5436-8f07-3f8a607c88fe,1785277177717,sender,0,False,,,,False
dd948c3d-1eeb-5007-845e-1aed9861c5cb,1785277177719,sender,0,False,,,,False
a498a6da-0d3b-5712-bd37-a0129663ea29,1785277177721,sender,0,False,,,,False
43b5eae5-abec-5436-b8f2-3734b701bb16,1785277177825,sender,0,False,,,,False
b3a6d74f-9a69-5015-86db-6acc3d828973,1785277177989,sender,0,False,,,,False
7dc42e4b-1f44-5e71-bac5-a03e4d006b94,1785277178091,sender,0,False,,,,False
470be99e-7666-55d3-b725-8646224a7f00,1785277178092,sender,0,False,,,,False
b7ac0896-4717-5436-aa29-1c0c5c11f8ea,1785277178094,sender,0,False,,,,False
ab3298c1-124c-524a-a56d-0c87095dd79e,1785277178097,sender,0,False,,,,False
6d303258-b680-51ca-85ff-8cfde0517f11,1785277178098,sender,0,False,,,,False
2b2bed5d-8115-58b6-809c-3e1f52f3d4ac,1785277178135,sender,0,False,,,,False
f8e21a92-b755-59c4-8818-c5b390d1b092,1785277178137,sender,0,False,,,,False
c96b2c26-aa35-50a0-85dd-978517f03796,1785277178176,sender,0,False,,,,False
0b481595-f2d5-577b-bf10-16690b23ff0c,1785277178272,sender,0,False,,,,False
46f6bb79-3c00-5ece-81fa-64b244664dc8,1785277178309,sender,0,False,,,,False
41b1f722-165f-5585-9987-dcfc2d2551fc,1785277178311,sender,0,False,,,,False
80b42573-7332-51e2-9fc3-e3d963724f9e,1785277178312,sender,0,False,,,,False
d03f35f8-b750-51ff-967c-569188eb3e4d,1785277178505,sender,0,False,,,,False
2b681276-61a2-5cb1-9aee-bce23113ce2a,1785277178506,sender,0,False,,,,False
b0896508-535d-58b0-b8a1-1f8d4bbacd9b,1785277178506,sender,0,False,,,,False
157cb7c5-c2da-5e2f-a149-27cd0632810d,1785277178507,sender,0,False,,,,False
7c486b44-6a24-5477-a4fc-f11182894ccc,1785277178557,sender,0,False,,,,False
81aee1ca-cba8-59a6-bc82-db3a5b32feed,1785277178560,sender,0,False,,,,False
f7e51617-4bfe-50a9-8dc7-7c22e608d918,1785277178561,sender,0,False,,,,False
131e6157-ee68-5f90-a292-66bb24e90a07,1785277178610,sender,0,False,,,,False
cd323937-1dae-58b3-ac77-a1a4a3145012,1785277178658,sender,0,False,,,,False
0de34fb2-cd3f-54c2-97a9-86ee2a459216,1785277178706,sender,0,False,,,,False
352ba6ee-ac18-5377-925e-6cc6e8bef82c,1785277178707,sender,0,False,,,,False
07523376-44a2-5191-90bb-a9a379acb817,1785277178708,sender,0,False,,,,False
e94d3d51-73b4-5703-b8b9-b4bf24117eed,1785277178871,sender,0,False,,,,False
a560ef1e-6e5f-55cf-9661-bcccf33dd014,1785277178898,sender,0,False,,,,False
9304e15f-051d-5eea-9e2e-56f352783ff1,1785277178903,sender,0,False,,,,False
0113cc63-5539-53bf-8b46-6766960012bc,1785277178904,sender,0,False,,,,False
e2a2f818-49ec-5ff0-82af-a035969f12fc,1785277178935,sender,0,False,,,,False
aeba10f3-2d67-5602-959d-24bdb71eeb38,1785277179014,sender,0,False,,,,False
762f2deb-be38-56b5-b4aa-4d0bdb9e8743,1785277179015,sender,0,False,,,,False
55d4055a-06e2-59b5-be5b-bf1a14d36621,1785277179040,sender,0,False,,,,False
f7a10be9-3028-50b3-a74d-b65ef99fb07f,1785277179062,sender,0,False,,,,False
ae3cd36d-61e6-5023-809e-7deb4a757f9a,1785277179063,sender,0,False,,,,False
d2396c67-7f44-5727-96fe-3b8a31714191,1785277179138,sender,0,False,,,,False
86055e16-8428-5af6-a08b-0b9657cd8766,1785277179194,sender,0,False,,,,False
ebc1320b-ec3e-56bc-969a-ee9558c6a7e4,1785277179195,sender,0,False,,,,False
c2b2c142-dd8d-59fb-839b-30e79e4a59cf,1785277179256,sender,0,False,,,,False
581ca3a0-a56b-56d8-8f31-d7270d7c2c81,1785277179256,sender,0,False,,,,False
14ed5fc7-dab3-5c7d-938a-ac573f4f974c,1785277179315,sender,0,False,,,,False
6e55d454-9c3e-54cb-a068-efae1ddade9d,1785277179317,sender,0,False,,,,False
4a75fdc5-93ae-50fb-8483-fb00602ffe0b,1785277179319,sender,0,False,,,,False
4bce8a7a-4ac4-579d-b610-3e21e2d1cf0e,1785277179324,sender,0,False,,,,False
91393234-e2af-5849-98bd-7933aca5a2ab,1785277179353,sender,0,False,,,,False
e82d2d25-9458-53fe-a8a3-109cf820095e,1785277179379,sender,0,False,,,,False
d6a67f8c-0544-5d1c-9c0d-7646e270932c,1785277179394,sender,0,False,,,,False
34670fe2-295d-5c6d-b590-fa0c362de490,1785277179472,sender,0,False,,,,False
bfd25030-fdfc-500d-b1e4-58d8bab2e866,1785277179617,sender,0,False,,,,False
482b3dab-2153-5cb2-96d1-fabcc8c1f961,1785277179618,sender,0,False,,,,False
0df5e713-103c-5072-a4d5-94c0e248377f,1785277179619,sender,0,False,,,,False
142daaf3-353d-52f1-a376-b8509f08d613,1785277179694,sender,0,False,,,,False
ec019751-c355-5c3f-8844-e466b40eb1d2,1785277179695,sender,0,False,,,,False
fc47ff70-1414-5ad0-9b16-a86b72f7f276,1785277179711,sender,0,False,,,,False
a8ec4cfc-5b6d-5f9c-a768-57c0d091aad5,1785277179751,sender,0,False,,,,False
20bd78b5-f49f-5e1f-8a5d-726c3e2d2afe,1785277179754,sender,0,False,,,,False
882253db-aa90-5452-b79b-30a5c74ae51f,1785277179759,sender,0,False,,,,False
437789e2-e58d-5bd1-935b-eb42c79b1a80,1785277179791,sender,0,False,,,,False
641a46b8-1449-5c8f-9e91-68d5397347ab,1785277179851,sender,0,False,,,,False
0a0397a2-fcc0-5f2f-a813-44120923a0c9,1785277179888,sender,0,False,,,,False
08afaf4b-f31c-5a18-9953-ae329b020c9d,1785277179899,sender,0,False,,,,False
523cfdc6-51a9-5c69-918d-8b3030a54c51,1785277179927,sender,0,False,,,,False
cbcf1f4d-20a4-52de-a1f1-8a282d261157,1785277179928,sender,0,False,,,,False
333bfd39-6bf8-5d18-88cb-bc24ab5df23e,1785277180017,sender,0,False,,,,False
9fe5a366-2c66-5442-9da1-7ccd409b48b3,1785277180056,sender,0,False,,,,False
bbac017f-e60c-5836-bd8b-1b61be915354,1785277180098,sender,0,False,,,,False
e783b73c-fdd8-53e4-aa09-ec3d4d568f5a,1785277180158,sender,0,False,,,,False
2a1753dc-79c3-558f-b389-7f3f050fe012,1785277180188,sender,0,False,,,,False
bf547de0-9de6-5de4-a826-bf6d57fcbbe4,1785277180206,sender,0,False,,,,False
87625a89-34c1-5c00-b7de-21991fffbd83,1785277180253,sender,0,False,,,,False
99a22ccf-c292-597a-a747-07046e2f93bd,1785277180254,sender,0,False,,,,False
23851463-3c53-5c22-b559-1a1561f8c806,1785277180255,sender,0,False,,,,False
7db84ed3-7404-57ac-9d7f-3bbf8e2c0733,1785277180297,sender,0,False,,,,False
e2d52d6d-e273-535f-ad38-7c51b5042aa4,1785277180391,sender,0,False,,,,False
c136546b-05dd-51a2-ad16-f2067a612e61,1785277180392,sender,0,False,,,,False
4d3060f0-8d0e-51e5-86ba-dd76677bfe25,1785277180451,sender,0,False,,,,False
898590a5-7ebf-594b-b302-fa326b620ad7,1785277180452,sender,0,False,,,,False
e374cb43-9017-5bca-83f8-8b07f9c4550a,1785277180517,sender,0,False,,,,False
fa8a8782-7a89-5857-9c24-78f94e9a25b0,1785277180518,sender,0,False,,,,False
1d77a302-fa2b-5632-8561-fea3101129b6,1785277180555,sender,0,False,,,,False
8f9ed986-947c-5be6-8138-7b16ee7d6d7a,1785277180556,sender,0,False,,,,False
e1e74a88-fe3a-5b0c-9b02-00ef50967747,1785277180661,sender,0,False,,,,False
e5576911-1d06-5f11-bddd-ca5495afa87d,1785277180720,sender,0,False,,,,False
44e93877-b000-5918-a497-0b4add01fdda,1785277180721,sender,0,False,,,,False
01608be0-b635-58a6-b439-bbe3ad08c4e3,1785277180722,sender,0,False,,,,False
932e4448-20a2-589e-af0d-a2a10b749ec5,1785277180756,sender,0,False,,,,False
25179f90-b360-5f28-8605-bcba6530f17d,1785277180758,sender,0,False,,,,False
936f2efa-72d2-5486-a6d2-7d99073eaf12,1785277180764,sender,0,False,,,,False
7cb441e1-5024-581c-955e-04fc5fe0be96,1785277180765,sender,0,False,,,,False
b17e8a5e-dfa5-5abb-bef8-c478249865b1,1785277180790,sender,0,False,,,,False
e7d52e80-18b4-5d31-916d-4515751681da,1785277180891,sender,0,False,,,,False
5a360ca0-f48b-549a-82c6-9d24054d6514,1785277180958,sender,0,False,,,,False
f4aa7ee1-9aba-5ac4-97cc-93caf45136e1,1785277180959,sender,0,False,,,,False
1ee1c28f-9ad6-5d15-bf7d-a1cc8d38066d,1785277181095,sender,0,False,,,,False
9a5ee3a3-6fb6-5a5e-b806-0e36e55b0142,1785277181207,sender,0,False,,,,False
4374e356-d3d5-5214-8903-90cbd7420f60,1785277181208,sender,0,False,,,,False
30d6c9af-e2ba-502a-a689-49bfcf9533c8,1785277181210,sender,0,False,,,,False
5b19be68-3cc3-5605-a89b-3af2c0c4773e,1785277181215,sender,0,False,,,,False
ad1a3567-3683-5ed9-a870-756d8ca6e7d7,1785277181253,sender,0,False,,,,False
92964cff-7b8b-5a1e-9a71-d04c45fcb498,1785277181285,sender,0,False,,,,False
a23f8532-ecbe-56ee-b70a-85e28bc9e6a5,1785277181286,sender,0,False,,,,False
177feea8-b1e1-5467-aa9f-9fb611f402e6,1785277181328,sender,0,False,,,,False
04c4dcd8-e161-5200-b9ce-0dcb85c67f9b,1785277181359,sender,0,False,,,,False
6da7d92c-e429-5278-bfcb-d5735052ef1c,1785277181504,sender,0,False,,,,False
8e4b5e29-76d8-5dfc-8f60-f7454a7cee39,1785277181572,sender,0,False,,,,False
c91dd05d-de11-5856-b0cd-b6eb3f7a638a,1785277181573,sender,0,False,,,,False
8be03350-680d-517f-86b5-680193b46df0,1785277181575,sender,0,False,,,,False
28a5f69f-abdf-5f51-84ac-40efe666e266,1785277181576,sender,0,False,,,,False
d5ca4337-a985-5639-aa89-136d9a1c6016,1785277181629,sender,0,False,,,,False
a4df4441-85d8-5798-8621-92790adab09e,1785277181681,sender,0,False,,,,False
89687fba-f0ac-58bf-a7ad-84e35da8cebe,1785277181687,sender,0,False,,,,False
cf82b81c-f3e5-5e5d-881c-e48d742d094c,1785277181740,sender,0,False,,,,False
1875e008-8e8a-5cd7-a09f-9c4df25b9e03,1785277181742,sender,0,False,,,,False
9940159e-a21d-554c-8cdf-5a158db7340e,1785277181834,sender,0,False,,,,False
53f95d08-9539-55d4-90e1-19ab6ac75656,1785277181835,sender,0,False,,,,False
462030b6-f1ee-54b1-9905-7365f9ea403b,1785277181835,sender,0,False,,,,False
5aa54f23-6ff5-501e-ae56-4e80f7eb1bd9,1785277182033,sender,0,False,,,,False
c8140602-a2d9-5cf6-a500-96c02bedd9a3,1785277182034,sender,0,False,,,,False
b7f17009-f50c-5986-85a0-767b2c80b347,1785277182036,sender,0,False,,,,False
b85d31ae-d95f-5602-8734-43680e3ba001,1785277182040,sender,0,False,,,,False
97fc0e5a-6ae6-5eff-a9ea-e9aa86659207,1785277182041,sender,0,False,,,,False
64047717-3b53-55fb-8a4f-08696d1617b9,1785277182079,sender,0,False,,,,False
8ae6f29c-5ab1-5f75-a2fa-c2e57cae8018,1785277182080,sender,0,False,,,,False
04c9740c-94fa-53fa-8a9d-9362467197b4,1785277182117,sender,0,False,,,,False
bf7498d6-2a28-521c-9e8d-61a58ba70fa8,1785277182257,sender,0,False,,,,False
cea0d874-c648-5052-9e71-840842beb00a,1785277182272,sender,0,False,,,,False
684175a6-c413-5f9b-8ff3-46e3d8322b37,1785277182338,sender,0,False,,,,False
353f3ea9-3781-5db6-9807-52f87e1f83e2,1785277182479,sender,0,False,,,,False
ff00e320-f130-50fb-8a54-0b7e608b07d9,1785277182530,sender,0,False,,,,False
0d4773aa-79b6-52ef-848a-c1c6d1ad5e6d,1785277182531,sender,0,False,,,,False
c2753532-c6ee-5687-a098-b219123baca9,1785277182568,sender,0,False,,,,False
eb863303-ad34-5d44-91e6-19b7dab93f02,1785277182569,sender,0,False,,,,False
83c89a6c-f7af-52ac-be87-c6b6109108ef,1785277182570,sender,0,False,,,,False
9848732e-0a41-53e9-b4e4-98b121cd588e,1785277182571,sender,0,False,,,,False
e49197f6-40c9-5c4e-ae50-5745db6cfba7,1785277182646,sender,0,False,,,,False
f64d39b3-98ff-5afd-9266-07ff1ea5672e,1785277182715,sender,0,False,,,,False
33b2cf9a-dcf2-5081-adcb-dee5c28a9731,1785277182775,sender,0,False,,,,False
9810e8ed-b41e-5388-addd-01a234e4ff32,1785277182776,sender,0,False,,,,False
ba4fc11a-5017-5466-91b0-37d8bc7bcb64,1785277182847,sender,0,False,,,,False
81d87228-3b73-5b76-b8e1-42f0a81389c3,1785277182886,sender,0,False,,,,False
63b0fba0-b7c0-5783-af51-9defb2bcba7f,1785277182887,sender,0,False,,,,False
bd5de9ca-938a-5498-b493-e7de23a1efdd,1785277182890,sender,0,False,,,,False
48d49956-5aa7-5431-bc8b-15fc6e9dfadf,1785277182962,sender,0,False,,,,False
12c8355c-2422-5f9c-8d40-9d0e778e70c3,1785277182999,sender,0,False,,,,False
0dd00f97-2a45-5b22-b806-41b23ed2defa,1785277183047,sender,0,False,,,,False
b8450589-83a9-54d2-ac42-1a73b9f481d2,1785277183048,sender,0,False,,,,False
d5490869-aa95-548e-afa1-9ece09c6023d,1785277183169,sender,0,False,,,,False
0210cb7e-d3b3-54d9-bcd3-e7cbc80394c5,1785277183212,sender,0,False,,,,False
4425a047-fd4e-5103-992a-3b41fe31a5bd,1785277183270,sender,0,False,,,,False
48c7c3b8-f705-5ec5-87d9-fd12d1d1b676,1785277183271,sender,0,False,,,,False
8a199ae9-f866-5252-80be-d143240f1c3c,1785277183272,sender,0,False,,,,False
9264d313-24b1-537e-a074-3d5599e1ed33,1785277183322,sender,0,False,,,,False
4698812c-07da-55ea-9276-fc4cc524691d,1785277183327,sender,0,False,,,,False
609e8937-dc5f-5e67-99e6-1ad511721a20,1785277183347,sender,0,False,,,,False
167e7b1f-b7f3-5f8d-ba46-d64c2ede87de,1785277183351,sender,0,False,,,,False
3324f1ee-3c32-5021-a803-d291d6f4ddad,1785277183383,sender,0,False,,,,False
f7936cad-a8d9-59f3-b051-c267c590ef62,1785277183515,sender,0,False,,,,False
d9f4bc86-9280-520e-85f8-3eace8ac74cc,1785277183516,sender,0,False,,,,False
9696deb9-df7a-52ae-b7a8-412969a3bf80,1785277183517,sender,0,False,,,,False
490e703b-4a43-5941-ae97-a56eae176639,1785277183621,sender,0,False,,,,False
15b1ec8a-c2eb-5efd-a9f7-b4848722a3c6,1785277183653,sender,0,False,,,,False
508bab07-b633-51b6-93ec-01859421bfad,1785277183702,sender,0,False,,,,False
52ee7a15-4343-5018-bb0a-a832f38de054,1785277183746,sender,0,False,,,,False
0f471250-136e-5013-beba-2369bc4fe6bd,1785277183746,sender,0,False,,,,False
32ecb724-e372-512e-9856-40832dc3666e,1785277183814,sender,0,False,,,,False
1168fa42-bd4e-57a9-a3d4-47e5ed329cdc,1785277183818,sender,0,False,,,,False
a01f8016-92aa-542b-be2c-85a871e127bd,1785277183885,sender,0,False,,,,False
d4c96d47-13c1-5c03-9f6d-8f053af1b046,1785277183886,sender,0,False,,,,False
bc06abee-5ec3-513d-94ec-7365fc5ebdff,1785277183935,sender,0,False,,,,False
e7561399-ff98-5ea6-83ad-85811a6f111d,1785277184001,sender,0,False,,,,False
3e24242f-5aae-542e-8046-75731c94f303,1785277184002,sender,0,False,,,,False
f86a5ba1-78ae-5c55-be8a-6850a46606ea,1785277184003,sender,0,False,,,,False
de3b92a6-157e-5c9a-982f-40338f416ccd,1785277184109,sender,0,False,,,,False
abcf102e-eea8-5973-804e-a095bbf6abc6,1785277184169,sender,0,False,,,,False
df8cecdd-b11b-582f-9c6e-c83f6cb334c4,1785277184200,sender,0,False,,,,False
fbc99fad-0365-5d9a-abb5-163851bd222c,1785277184236,sender,0,False,,,,False
0e9c5b99-bf06-5fb7-a003-2f6b849779b5,1785277184238,sender,0,False,,,,False
38e40c36-191a-5f1c-a7cb-c2374d1ee866,1785277184239,sender,0,False,,,,False
b0ed7f7c-9dc0-54af-b252-1da7f080d4a2,1785277184240,sender,0,False,,,,False
64f58849-1634-51b9-97e1-d4eee4a39c6b,1785277184289,sender,0,False,,,,False
ccdda5ec-7e60-5299-91e6-7fe2e56f90ca,1785277184333,sender,0,False,,,,False
c2ff3f1b-4f81-5733-8884-3c8b6007ccd0,1785277184387,sender,0,False,,,,False
795c9f26-a0b7-5f0a-878d-3ddebdf12069,1785277184388,sender,0,False,,,,False
bf7ea5e1-a5c6-574e-a91c-e0bfed9c49b2,1785277184421,sender,0,False,,,,False
ed5dd201-e9f7-5081-8ce8-bbe587d8e787,1785277184538,sender,0,False,,,,False
40ae6105-cd0d-59d6-ac63-5f5426d216aa,1785277184624,sender,0,False,,,,False
f165109e-dbe6-51c1-9360-281e0c435bf5,1785277184663,sender,0,False,,,,False
3a9ed65b-1d62-5b0b-8319-d66acc6fa54a,1785277184664,sender,0,False,,,,False
23a87b19-4bb1-5cca-81c5-5b56621c3707,1785277184695,sender,0,False,,,,False
f72458fc-57ec-5994-96bc-c634ad74269d,1785277184712,sender,0,False,,,,False
1d8603dd-36f9-5645-acd5-804650dbaa3b,1785277184713,sender,0,False,,,,False
d7524dff-9c09-542d-bdb0-6a61fbd49767,1785277184749,sender,0,False,,,,False
22eb6d5b-3875-5a85-b824-9a9ffc5987e2,1785277184750,sender,0,False,,,,False
3de559cb-6005-5dd6-b7f1-677f9ae4017c,1785277184797,sender,0,False,,,,False
8edfe62c-51ad-5d4d-822b-93dd2b8c057d,1785277184821,sender,0,False,,,,False
3b406b1c-2b78-5f52-9389-4c8820ce6aca,1785277184858,sender,0,False,,,,False
2a2a018f-b7a6-5d8f-b320-90bd0f46052a,1785277184921,sender,0,False,,,,False
063267d9-6307-5be6-a60c-3779b8c2c76e,1785277184925,sender,0,False,,,,False
3052f4eb-1e40-5bf9-a8bb-f5182884b9c7,1785277184975,sender,0,False,,,,False
bb71c887-63c6-5ec3-8e2f-956b79419c42,1785277184976,sender,0,False,,,,False
07897212-be42-5c49-b647-499357ae50b6,1785277185039,sender,0,False,,,,False
6336ab42-2fcd-5825-878d-41a25a20312c,1785277185120,sender,0,False,,,,False
3cfb9483-2bd3-5535-bb05-f6b4496e7440,1785277185188,sender,0,False,,,,False
5bbc2dfb-f9cd-566f-95a3-c296c1c5bc5a,1785277185259,sender,0,False,,,,False
4c05d0c2-5bde-5b17-a274-8db5777dff2b,1785277185294,sender,0,False,,,,False
f89763d1-a2cc-567f-bfe4-271c7bcbe78d,1785277185295,sender,0,False,,,,False
845b30f7-687c-5a89-ab8e-9c51de33a5b4,1785277185297,sender,0,False,,,,False
4fd92608-5015-5ad0-9699-daa5bf7d9d26,1785277185298,sender,0,False,,,,False
3d21702d-1faf-53f0-911e-aa3602b52597,1785277185300,sender,0,False,,,,False
dbadc8e8-93a1-5225-8775-e67d3af74195,1785277185366,sender,0,False,,,,False
07ad4b7d-a895-5ae4-aefc-437f2fec91f0,1785277185420,sender,0,False,,,,False
1cdf0e06-a537-5d34-8758-a58fc72fd84e,1785277185528,sender,0,False,,,,False
31d349a2-525a-5dbe-be27-3d20013f41b7,1785277185558,sender,0,False,,,,False
cc0c087c-31a8-5b51-b8d4-0e17c637e753,1785277185600,sender,0,False,,,,False
6b619c2a-4148-5040-b598-b7dfe610001c,1785277185601,sender,0,False,,,,False
2658d18f-9e74-5bff-aefb-6553eafe02bf,1785277185624,sender,0,False,,,,False
ba683aae-92bf-5c8e-b810-2d702743a202,1785277185646,sender,0,False,,,,False
684b7985-bb2e-52e0-96a4-23ed1b10e2bf,1785277185647,sender,0,False,,,,False
1fa27e2f-63d4-5b86-beca-b1b91354f128,1785277185721,sender,0,False,,,,False
52d38c4f-6e29-5a01-8051-451a0f351db1,1785277185723,sender,0,False,,,,False
9cba9053-9573-547a-b23b-409ae86dc872,1785277185755,sender,0,False,,,,False
e9d5beb2-6a1c-5f42-9df6-e2e5e0b2273f,1785277185921,sender,0,False,,,,False
1dd0cae5-a125-507b-929c-fcd7352ec353,1785277185974,sender,0,False,,,,False
0a4c2fc3-6278-50b1-bf8a-5c3dc822c56b,1785277185976,sender,0,False,,,,False
3ea90cd1-32e2-545c-b84c-dcb8dc90bb1b,1785277185981,sender,0,False,,,,False
fa9db944-7056-5774-affa-77d61904d2d6,1785277186021,sender,0,False,,,,False
95cf7c35-acd5-5491-939d-c59478debee6,1785277186058,sender,0,False,,,,False
72c60d65-4c84-58e3-9069-467ff0772eba,1785277186059,sender,0,False,,,,False
54f01b86-2b1e-5008-8be6-37e099f71b34,1785277186061,sender,0,False,,,,False
f53505ab-2f0d-5e16-a080-cf108749505d,1785277186102,sender,0,False,,,,False
37ad9177-d85b-5097-9ba6-7d229de07536,1785277186202,sender,0,False,,,,False
12b75dc7-bd66-5984-ae01-657435720528,1785277186223,sender,0,False,,,,False
17938fa5-375d-5d5c-b997-0943479b0904,1785277186227,sender,0,False,,,,False
21455d38-fc7a-5611-bc70-24575f732067,1785277186258,sender,0,False,,,,False
a7e90fe9-40f7-5928-a38c-2ee1a0973eb5,1785277186260,sender,0,False,,,,False
bcabfd04-87e5-57c0-a4ae-4e9f5ecbc091,1785277186380,sender,0,False,,,,False
64cb0db6-6806-54d5-8015-7a48603b17a6,1785277186398,sender,0,False,,,,False
904f7bf4-e3fd-555c-a9c7-2c3be296b331,1785277186399,sender,0,False,,,,False
d657bc46-2317-5d3b-874f-efb454fea3aa,1785277186549,sender,0,False,,,,False
c35b53e3-4368-5a38-bc89-80471e13f157,1785277186594,sender,0,False,,,,False
6f672b58-f74b-5ec0-bd07-a80e51970b55,1785277186595,sender,0,False,,,,False
211c2309-d2d9-57e2-a764-8cfbf50b5836,1785277186652,sender,0,False,,,,False
ef9a8c1c-f3b6-5613-8baa-edbe6cc3a345,1785277186654,sender,0,False,,,,False
8f204c75-228f-555a-8206-0537170546fa,1785277186723,sender,0,False,,,,False
51607152-b4ec-5a88-8568-cc9650dc79d8,1785277186781,sender,0,False,,,,False
333534ba-7ba5-5b1f-a8d1-24281eb92a57,1785277186786,sender,0,False,,,,False
38dce640-82ec-5101-925f-1ad48bccb65e,1785277186816,sender,0,False,,,,False
e1754cd7-5224-5ca4-a45a-d1dc18eb4079,1785277186817,sender,0,False,,,,False
5e028d35-c70b-59f7-a2b1-c27de6cc2b5e,1785277186818,sender,0,False,,,,False
58d7a718-089a-5c8e-b2b6-f92a61787086,1785277186895,sender,0,False,,,,False
e3ca3a65-1e89-535d-9d44-1d3243a38068,1785277186896,sender,0,False,,,,False
671215c9-0246-5d36-8064-d23d80ae8baa,1785277186950,sender,0,False,,,,False
96700713-5ab1-5ded-b722-fcfb97252c79,1785277186952,sender,0,False,,,,False
bf5129ee-b692-51b4-aa07-eb90c98129f8,1785277187137,sender,0,False,,,,False
396b31f5-1639-5252-bcd8-e10838a630d5,1785277187195,sender,0,False,,,,False
fb68ed82-2153-5d23-9af3-939592a9c31e,1785277187197,sender,0,False,,,,False
e48fc0b1-9fae-5a59-afd3-2ff87638ebe7,1785277187200,sender,0,False,,,,False
70223fca-59d8-54a8-b90f-273f0c620447,1785277187242,sender,0,False,,,,False
58c6dab6-7e5f-5617-aa0e-725f9dc00e53,1785277187272,sender,0,False,,,,False
ed30d951-d3c0-5425-8d6f-4be778fcc9b8,1785277187273,sender,0,False,,,,False
ad650047-497e-55f0-bc1e-b89dfea779c9,1785277187351,sender,0,False,,,,False
90dc6adc-bb7e-5596-b959-168be6fd7a66,1785277187386,sender,0,False,,,,False
7407b49e-f99a-5a40-a397-93bd12a7e14c,1785277187390,sender,0,False,,,,False
a84ea1e8-df8c-5e94-802e-3ae996cf02a7,1785277187456,sender,0,False,,,,False
501d85a6-648f-5d41-9e48-542f187ffb91,1785277187487,sender,0,False,,,,False
37f62bd3-e7e5-56e8-9c72-8618c1424f00,1785277187488,sender,0,False,,,,False
ddc385c0-b7df-57a7-85eb-9ae226157863,1785277187564,sender,0,False,,,,False
6e11b303-2858-594b-b46c-8a6d2c84651d,1785277187612,sender,0,False,,,,False
b63c7e3e-ace6-529e-9162-e939434c570b,1785277187647,sender,0,False,,,,False
31c7eca2-7544-5d12-b9e8-f88da88c8938,1785277187648,sender,0,False,,,,False
f79bead3-8920-57af-b1d4-723ed278c638,1785277187720,sender,0,False,,,,False
9cfb7a89-a5ab-50a1-9a83-7196286fb889,1785277187785,sender,0,False,,,,False
80e35750-0fa8-5c47-bc55-cbc9bec549cd,1785277187786,sender,0,False,,,,False
7832e599-934e-5913-95b6-68092352f326,1785277187802,sender,0,False,,,,False
4634ee8b-e92e-59ea-9615-0eb7b3d44635,1785277187851,sender,0,False,,,,False
374ccb64-f3ce-59bd-894a-10662ecfed6d,1785277187869,sender,0,False,,,,False
d159f0b4-679d-502d-a8a2-23e7b9a40ba1,1785277187953,sender,0,False,,,,False
ab1c574d-b9c4-5114-80e7-f8d62885fe64,1785277187995,sender,0,False,,,,False
64d80c21-5dbf-535c-abd4-1796351447be,1785277187997,sender,0,False,,,,False
4bf88112-450a-5a47-a917-2bc8619b0570,1785277188033,sender,0,False,,,,False
e6504f08-99de-5ff0-b634-e4d2af726253,1785277188035,sender,0,False,,,,False
5dae4740-ed3a-5c72-a9c0-1350b39d0058,1785277188093,sender,0,False,,,,False
d743d190-4aac-5bf2-9bb2-cbd1a2244d26,1785277188250,sender,0,False,,,,False
92cac763-8e79-583a-9f23-2327d6bbf2b9,1785277188252,sender,0,False,,,,False
9fea3cfa-e41f-5df6-ae04-2ff977f98c01,1785277188252,sender,0,False,,,,False
c4ed54d5-83ed-53b4-aa87-5836ef6b8fb9,1785277188279,sender,0,False,,,,False
cf3226b8-29c9-5493-9bc3-63b574092a79,1785277188280,sender,0,False,,,,False
b6d18852-649f-5081-9f45-24108829cb70,1785277188283,sender,0,False,,,,False
c28463e9-90f2-5604-bf54-e6558ecb174c,1785277188311,sender,0,False,,,,False
72c20298-13e9-5117-9b10-c426cd80660d,1785277188312,sender,0,False,,,,False
59074cb5-922c-50c9-bfc7-21ca38eae9cc,1785277188411,sender,0,False,,,,False
0e03f24f-55a7-51e0-9d2b-cd8c37568cd7,1785277188456,sender,0,False,,,,False
9d61bbbf-0a88-538a-853e-6a46cde8759f,1785277188457,sender,0,False,,,,False
21e397d0-521b-53f3-88a1-b215221b9dac,1785277188623,sender,0,False,,,,False
dc3f545b-7338-56ea-88e1-d357d5f287e6,1785277188663,sender,0,False,,,,False
2e93de0b-d3d6-5552-970f-1e1d7d5d2e44,1785277188676,sender,0,False,,,,False
209a1a97-6750-510e-b726-8dce7ec3a1d7,1785277188696,sender,0,False,,,,False
e3fa330c-8732-5feb-91f3-fb9e66646527,1785277188697,sender,0,False,,,,False
9e6f247c-dcc1-5cd0-8b3f-4fda98544be9,1785277188725,sender,0,False,,,,False
de7dc6ec-e524-5dc0-a73c-e77e2fefa0a8,1785277188772,sender,0,False,,,,False
4b9d827f-cb0a-5925-95d6-30768bfe81cf,1785277188773,sender,0,False,,,,False
f02cd8fb-cbb3-58d3-9902-6abce0f712df,1785277188805,sender,0,False,,,,False
90d4ab15-10e0-5f5c-bbbf-43df1bdd89e7,1785277188963,sender,0,False,,,,False
442c615e-fea5-5c5e-b94a-a7e4e8772c46,1785277189032,sender,0,False,,,,False
a5a1019a-0365-5dc1-b2f0-7d54b0c53c78,1785277189058,sender,0,False,,,,False
0b536a40-365f-5b56-88fb-a8dfbe28eabd,1785277189059,sender,0,False,,,,False
eeb22cf0-31d1-5f62-90f5-896e9e220693,1785277189074,sender,0,False,,,,False
b90d25c6-d1ff-5b80-950e-f4900ac25fb1,1785277189082,sender,0,False,,,,False
83b5dec3-2d23-529b-b92c-2ed0b6ef2405,1785277189107,sender,0,False,,,,False
c4380036-d2c7-5001-9ba5-70175211a4db,1785277189108,sender,0,False,,,,False
bbf7a1b4-a74b-5580-8aba-7dd25b703651,1785277189152,sender,0,False,,,,False
86aac9f5-9064-5d6c-9670-f8d93a931afb,1785277189244,sender,0,False,,,,False
8b9c90dc-75e7-5a36-b684-96f8275d8407,1785277189289,sender,0,False,,,,False
12566084-515d-59d6-9191-c70f539a0913,1785277189464,sender,0,False,,,,False
ca2f8441-7065-51f4-88a0-99efe7c979e9,1785277189492,sender,0,False,,,,False
89570edf-5879-5373-a327-b0ea5b3767d5,1785277189493,sender,0,False,,,,False
241e6b95-e165-5597-b396-3b08e0b5349d,1785277189536,sender,0,False,,,,False
449680ac-736f-56d7-ad8e-49b74a847d4e,1785277189538,sender,0,False,,,,False
6881f23b-48a7-5679-a9d3-4c4a11195037,1785277189539,sender,0,False,,,,False
6e3bad18-8ebd-58ca-bf37-1e9ec3c1b039,1785277189544,sender,0,False,,,,False
4c066141-2355-542b-9938-05d2fbf8c52c,1785277189652,sender,0,False,,,,False
261288dc-6770-5f73-b615-63371821cb36,1785277189725,sender,0,False,,,,False
1daa8a12-c613-5954-93a3-ce1f6f21e7a7,1785277189726,sender,0,False,,,,False
7f688987-feaf-5e22-87a0-f56e6b11b434,1785277189727,sender,0,False,,,,False
8123cf21-28f2-5f4a-b97f-a11b87729100,1785277189731,sender,0,False,,,,False
77a55b27-3c55-509a-a51f-099bd7ce03a8,1785277189769,sender,0,False,,,,False
1485e64b-a56a-5ea9-af39-703d795af715,1785277189790,sender,0,False,,,,False
62064228-b642-5836-bc20-ce235eb510a5,1785277189807,sender,0,False,,,,False
64cad294-d4dd-524b-94ee-c15e9aba08fd,1785277189841,sender,0,False,,,,False
33bf0280-48e4-51b6-acbc-c057799be055,1785277189842,sender,0,False,,,,False
6823ba9d-0477-5d1c-8efa-983c702e5fe2,1785277190035,sender,0,False,,,,False
c4e89f6e-e0ad-5514-beef-fb2c65fc939e,1785277190113,sender,0,False,,,,False
e18db4d3-3361-5ff6-9f76-e14d4dfc3e85,1785277190115,sender,0,False,,,,False
d2e03797-8a48-589c-8568-b55f529ea77c,1785277190180,sender,0,False,,,,False
5233e829-ef9c-529c-93b3-ff8d24e734d2,1785277190181,sender,0,False,,,,False
2e2297a8-f6a4-504b-a017-c3ff2f1127ab,1785277190183,sender,0,False,,,,False
4957adcb-70f2-50fb-be0e-a96b12297b71,1785277190229,sender,0,False,,,,False
10bd98de-3a90-5478-8f38-731199e158f3,1785277190250,sender,0,False,,,,False
f0b005e6-feda-5617-a552-3fa5348f1bbc,1785277190286,sender,0,False,,,,False
4995fb89-c0c6-5b5c-ade3-e521bf7d96cc,1785277190287,sender,0,False,,,,False
39429fcd-358b-5211-bf89-65fbe6b8a291,1785277190328,sender,0,False,,,,False
e41c3a71-0cfb-5de8-aafd-690fb2566bac,1785277190373,sender,0,False,,,,False
7ade6328-c72d-58d6-bac8-bc04163cf860,1785277190461,sender,0,False,,,,False
d6fa8043-5556-5778-a6d4-22790cbd7a26,1785277190462,sender,0,False,,,,False
bbae7c45-43f3-57f5-86d5-0c202d93fad5,1785277190538,sender,0,False,,,,False
7404fcce-3182-5a94-9faf-742988bee5c0,1785277190539,sender,0,False,,,,False
846b435a-46c1-598f-9863-80db37e5322c,1785277190540,sender,0,False,,,,False
a905385d-5252-5d82-9001-c4a58c172915,1785277190580,sender,0,False,,,,False
ccf6ab94-4ff4-5ca3-b6b1-fdedb570c8e9,1785277190608,sender,0,False,,,,False
f01c4cc0-e87b-5ad3-9a51-99f6d5e185b7,1785277190609,sender,0,False,,,,False
5b14f5f2-fcae-5d8e-bb95-55ca19521eae,1785277190644,sender,0,False,,,,False
14f4b6d9-db35-5c0c-bf82-3b7b10d8543f,1785277190695,sender,0,False,,,,False
2a76fba2-c0ef-568c-ba76-b91b18152a84,1785277190765,sender,0,False,,,,False
620bad33-d635-5e43-8a71-bb1d70b5c625,1785277190812,sender,0,False,,,,False
e845629b-c126-5e27-9afa-8b5f14b15b37,1785277190857,sender,0,False,,,,False
4640ff51-5438-55f9-b16b-0edb103b9764,1785277190901,sender,0,False,,,,False
03195c5e-49c5-5c94-9f77-cbfdbb9c9891,1785277190902,sender,0,False,,,,False
b3bf5744-6919-5bb7-8823-180e9998fba8,1785277190973,sender,0,False,,,,False
2d7e19fa-6dc2-5874-ae8e-15fb5a2ea15f,1785277190975,sender,0,False,,,,False
6720c8a2-5788-5910-81b4-94b688a4f2b0,1785277190977,sender,0,False,,,,False
5d713510-8c3e-5f61-bf1c-763d70c18878,1785277191036,sender,0,False,,,,False
beadacd0-9f5d-5e73-b7f2-7ddca29d23c9,1785277191063,sender,0,False,,,,False
c0b6cff0-8806-5a35-b7c5-564c4dbcfdbf,1785277191108,sender,0,False,,,,False
a1e3beb8-a5ad-55d9-9d66-2610f722a0b5,1785277191143,sender,0,False,,,,False
8d292bcb-2b03-551f-a396-182a5c68a9d9,1785277191145,sender,0,False,,,,False
c1fff259-7597-5179-a9e0-16b1fda95dd2,1785277191193,sender,0,False,,,,False
4aea681e-3406-57ae-9128-e6be9369b3d0,1785277191238,sender,0,False,,,,False
d72ece3c-8734-56e2-a834-7db331de02ca,1785277191320,sender,0,False,,,,False
59c5f38a-8202-5aa0-8a0b-6f1f4defb1b9,1785277191321,sender,0,False,,,,False
8f7d31b7-b419-5b1e-98c2-16f5b5ee8e67,1785277191336,sender,0,False,,,,False
120c402b-bf73-59e2-9336-77e05797df17,1785277191422,sender,0,False,,,,False
3c4355d2-0aae-5c33-beab-6e15ce139539,1785277191454,sender,0,False,,,,False
d93c7b6e-4990-53bb-9854-9c7a62f330af,1785277191535,sender,0,False,,,,False
a9005f68-70ce-5ecc-8677-031ec8fac773,1785277191538,sender,0,False,,,,False
f91d4a59-1e18-582c-9463-d5d225f14328,1785277191539,sender,0,False,,,,False
3f07c764-3b99-51f7-88ef-23f21b1510fc,1785277191610,sender,0,False,,,,False
9ae7b913-9e51-5776-acac-db51cb9a83ed,1785277191635,sender,0,False,,,,False
6c548d67-42c0-5ae9-8582-e99fca66ed75,1785277191682,sender,0,False,,,,False
0fe7163e-25d9-595c-a510-411c0e9e25d1,1785277191709,sender,0,False,,,,False
f783640b-e907-5748-bd0d-fc0aef61d917,1785277191729,sender,0,False,,,,False
7157e625-1d8f-52f8-9687-441773252763,1785277191731,sender,0,False,,,,False
d45c96e0-1a34-553c-9de8-09c62cebf2fe,1785277191843,sender,0,False,,,,False
71a923fd-d239-5583-b019-a4985cf86ba8,1785277191917,sender,0,False,,,,False
a91ffecb-1d49-50ea-979a-f3d464f2b4d8,1785277191918,sender,0,False,,,,False
f7ceecac-7e6d-53f7-968d-4d099de0d6cc,1785277191919,sender,0,False,,,,False
c38fc355-0df4-5f59-8c3f-d3a1d440f274,1785277191988,sender,0,False,,,,False
ec4deb9b-35fe-5267-b62e-ad52d0be7953,1785277192066,sender,0,False,,,,False
e24f6d82-8d63-5fde-b822-695ab75cba4c,1785277192067,sender,0,False,,,,False
c4ed6ecf-e7fc-505f-b029-eadb08f4aeb7,1785277192068,sender,0,False,,,,False
3b76a84e-0c26-5512-a427-a6bc5d07e201,1785277192113,sender,0,False,,,,False
c9949fc6-4c76-5342-9551-8d6d4af2d4f4,1785277192114,sender,0,False,,,,False
a5c6da17-d574-542a-aa2b-d6a24d9acdb6,1785277192147,sender,0,False,,,,False
c348126e-86d5-5327-bbbe-8ffd2b37acc4,1785277192161,sender,0,False,,,,False
f23d189d-0da5-5bb7-8023-f379910c4521,1785277192202,sender,0,False,,,,False
b61b0a02-611d-5348-8bea-1b5baf437526,1785277192245,sender,0,False,,,,False
e27b6584-4591-53ef-8afc-36cf2a767518,1785277192339,sender,0,False,,,,False
4969f136-e7de-55ab-ab2c-1bd5d4832788,1785277192356,sender,0,False,,,,False
6dd90aee-f4a6-5258-82ac-e609ca473e7c,1785277192403,sender,0,False,,,,False
dd77ef71-14d4-5cf4-a231-138887c1445d,1785277192404,sender,0,False,,,,False
68a66c41-a586-5144-ae3a-f2361b5f34ce,1785277192451,sender,0,False,,,,False
8e68412f-fe29-5b8e-b51e-880bbce72be6,1785277192512,sender,0,False,,,,False
5e2e7e62-33ff-574c-b8ac-fdada5f99318,1785277192521,sender,0,False,,,,False
d9f6944b-59a0-5c49-8b99-443f8983ed2e,1785277192574,sender,0,False,,,,False
fe614bfc-ca4e-5745-bd98-1cb7c169e5bc,1785277192613,sender,0,False,,,,False
d98abeb6-227f-5732-b60e-5382b71630a7,1785277192614,sender,0,False,,,,False
cc0aa4fb-5554-5876-9654-0a4a7e235d69,1785277192705,sender,0,False,,,,False
85abe46c-6afb-500c-93e6-36e6afc63a6e,1785277192706,sender,0,False,,,,False
3d84b592-1daa-553d-a206-f9e87f43cfe6,1785277192763,sender,0,False,,,,False
925c0516-bf79-5270-b9a0-26308db1144d,1785277192795,sender,0,False,,,,False
f1d70c0b-1698-5632-b96e-8cf18e8be6bb,1785277192872,sender,0,False,,,,False
33dbb6c1-d586-530d-8bc6-5a1abcff2b54,1785277192872,sender,0,False,,,,False
0deff40b-d66a-5d53-833c-e3f67728498e,1785277192873,sender,0,False,,,,False
e42fc905-701a-55fd-a697-da2942a625ac,1785277192874,sender,0,False,,,,False
4f41bab8-177f-5a01-9a27-7f0642225767,1785277192939,sender,0,False,,,,False
92b2251b-df44-58de-8c22-7892b7ba6c5a,1785277192995,sender,0,False,,,,False
961e09f6-0ffd-5907-86c9-4d7aa7673d05,1785277193027,sender,0,False,,,,False
e45cca98-f0ef-5132-99ef-d9dee84a1dcf,1785277193053,sender,0,False,,,,False
32dc9168-6597-582c-8385-d3afbbc7737d,1785277193143,sender,0,False,,,,False
5f877fa4-d75a-5d5a-ba9e-467de697e93d,1785277193208,sender,0,False,,,,False
af0a3668-3d6e-5eb1-a5dd-a370c309a79a,1785277193209,sender,0,False,,,,False
abca7d52-fe27-5ecc-bc7f-b2369f408677,1785277193211,sender,0,False,,,,False
2ff60bc5-701c-5859-97d8-09fe3a514abf,1785277193246,sender,0,False,,,,False
858bbe0a-5e61-5375-9afb-3d067b0a6c0a,1785277193247,sender,0,False,,,,False
250aeb03-ecc8-5642-b4e8-a12510a949c5,1785277193248,sender,0,False,,,,False
5e2b1fba-abeb-51f5-9791-27805f23e425,1785277193258,sender,0,False,,,,False
5509184d-ae7f-5bc4-8f4e-53bb08fb633e,1785277193292,sender,0,False,,,,False
61edfbda-dd50-5510-825c-eb403ea49daf,1785277193400,sender,0,False,,,,False
4586d898-2528-5269-8b5e-ace493f624d1,1785277193598,sender,0,False,,,,False
3f1859c2-1e7c-525b-a1a1-488b4dc255dd,1785277193675,sender,0,False,,,,False
c87d69ab-9970-5305-8fe3-4631cfc90c55,1785277193678,sender,0,False,,,,False
d81fa59c-f935-5f04-82ab-d54f09963532,1785277193682,sender,0,False,,,,False
190fa76a-35b4-5f85-9a9a-a2e3965dacec,1785277193708,sender,0,False,,,,False
e0138812-2d8a-53a7-9cb8-4c7ff812d0ef,1785277193711,sender,0,False,,,,False
d0a3c0e9-8068-5148-bafa-d47eb9f94b88,1785277193751,sender,0,False,,,,False
48b7e257-640f-5d4a-a894-27f15bb86a8a,1785277193768,sender,0,False,,,,False
e159f5b5-1efb-5865-ae4c-bdac3f0ecf55,1785277193829,sender,0,False,,,,False
43444234-bb1a-508c-8203-37b7b7829556,1785277193880,sender,0,False,,,,False
b2155d84-e122-57c7-ba85-b79c704c1f21,1785277193919,sender,0,False,,,,False
3b4730f1-5445-512a-b131-f001e36cf5ad,1785277194047,sender,0,False,,,,False
3105738e-dc48-5234-a485-bbe8f14c956c,1785277194049,sender,0,False,,,,False
0f40ba8c-7606-5bc6-839e-1f9a2cdbc461,1785277194051,sender,0,False,,,,False
c7775630-bef3-5822-9c09-0fe7bf102541,1785277194085,sender,0,False,,,,False
6469d832-f6bd-5387-9a5b-f68a2bd84317,1785277194128,sender,0,False,,,,False
54a1f048-cd19-5013-b386-8cbe72ecb4f7,1785277194159,sender,0,False,,,,False
690696e4-3a8d-5c1d-b118-9c7118b25026,1785277194174,sender,0,False,,,,False
10c630c1-b91f-51f6-839e-ef49658851e2,1785277194205,sender,0,False,,,,False
3b59b4f9-3694-5fd8-be57-1644612bd705,1785277194277,sender,0,False,,,,False
6f5f252d-80fc-5689-a843-1f00bb751f7e,1785277194310,sender,0,False,,,,False
17453a7d-ff0d-5328-92aa-b3b9872ba338,1785277194311,sender,0,False,,,,False
26a3a72a-c943-5fd6-b63a-1d61937170d2,1785277194406,sender,0,False,,,,False
e7e70cb1-2d70-52c5-a79a-af6d1e3f882f,1785277194407,sender,0,False,,,,False
981ec655-4e25-54c4-bd6e-ddd198449eb9,1785277194478,sender,0,False,,,,False
60651353-4b3a-51d1-861c-81b0db93f391,1785277194479,sender,0,False,,,,False
3c27db47-0fbb-5d1b-84ff-e714399b0a4e,1785277194480,sender,0,False,,,,False
78188bfe-3b19-58b1-9202-4e5cda2091b2,1785277194543,sender,0,False,,,,False
b3dfb7ce-16b4-5501-936d-cce363371876,1785277194544,sender,0,False,,,,False
ac7892dd-4cc8-5a1a-b3b3-0182db228928,1785277194562,sender,0,False,,,,False
9a69edaa-67e3-576e-9c4b-0636de73e2f3,1785277194678,sender,0,False,,,,False
56e46b02-9c11-5496-97c6-7fff1844cc0a,1785277194679,sender,0,False,,,,False
888a8ff1-a527-575a-963c-0098e2abe5e8,1785277194781,sender,0,False,,,,False
935a4200-306a-55c8-9a2d-d1b82f3fd1e9,1785277194781,sender,0,False,,,,False
18e322d2-a79c-5995-9dec-e84dee1082b5,1785277194782,sender,0,False,,,,False
bd118c39-b4c1-51a8-b590-abe6786a9da6,1785277194839,sender,0,False,,,,False
17168acf-f2de-5c65-a6ba-65813d9821d4,1785277194840,sender,0,False,,,,False
baea38e3-9047-50e8-9717-f8390025adb7,1785277194843,sender,0,False,,,,False
2db8b9ec-ede0-594b-a686-fb319d8e2e6c,1785277194845,sender,0,False,,,,False
dcaa5e64-f02d-59e6-84f3-71498fc72f3e,1785277194847,sender,0,False,,,,False
e52bbe8b-1cc1-5d31-b284-284763b673a7,1785277194924,sender,0,False,,,,False
dc6c03d7-de7c-5e15-a2d6-9a882d877246,1785277194930,sender,0,False,,,,False
d924eafe-aed8-5fb6-bee2-40e7c6879119,1785277194979,sender,0,False,,,,False
bc7107eb-c8f5-5bc2-9334-c39177d43569,1785277195089,sender,0,False,,,,False
e7fe660a-bea0-51f7-a627-db84f39c5fb3,1785277195165,sender,0,False,,,,False
e1005f85-a721-5201-8587-56d7b832faa0,1785277195166,sender,0,False,,,,False
64d24264-b4bf-5653-859b-0cc93b73a75a,1785277195217,sender,0,False,,,,False
69c6e21f-7036-5bff-93a4-41bc273aab31,1785277195219,sender,0,False,,,,False
560fd240-3d64-5561-9bf0-e944e859fabe,1785277195220,sender,0,False,,,,False
fd55e746-d137-5b01-9a97-7cc4df19d041,1785277195275,sender,0,False,,,,False
8f15ed8f-5086-5404-a35a-3a3fdf0502f1,1785277195276,sender,0,False,,,,False
0dca26f9-f8c9-559b-8a8c-e5c7a864ed15,1785277195343,sender,0,False,,,,False
537c1f83-6ccb-520e-894e-6bd44063a5f3,1785277195365,sender,0,False,,,,False
647ffe53-6c7f-57f3-b51c-8e9f73fd99d0,1785277195380,sender,0,False,,,,False
5e746df1-f6a0-54aa-89d9-2bb31699634c,1785277195487,sender,0,False,,,,False
956c79b7-fca4-5c07-814a-6f175a86513c,1785277195567,sender,0,False,,,,False
4cde2c96-624f-51c2-9003-87dec7e4987a,1785277195568,sender,0,False,,,,False
41234d03-656d-5e27-b5b2-0a94c7a94db4,1785277195619,sender,0,False,,,,False
b87d4146-06c0-5ac0-b6c4-50cdd2aef016,1785277195620,sender,0,False,,,,False
d7078420-e313-5cd0-bdae-f33917263a3b,1785277195621,sender,0,False,,,,False
595947d7-ce7f-5864-ac8b-e528d6f0f9c3,1785277195622,sender,0,False,,,,False
2539e360-2c26-5f70-abe2-8cef3090e08e,1785277195650,sender,0,False,,,,False
c16a17d2-8163-5bc8-9040-e5b573723df5,1785277195686,sender,0,False,,,,False
e9f7120f-71c5-56d5-b324-164781e26851,1785277195805,sender,0,False,,,,False
63f0a1b5-5e0c-5f9f-846e-df11f42ddfe6,1785277195870,sender,0,False,,,,False
8042322d-7a07-58c5-8930-b685f1f6556e,1785277196067,sender,0,False,,,,False
dba619fa-7a31-5475-b54e-fe5c1305487e,1785277196068,sender,0,False,,,,False
b0203690-4ee9-5577-b56a-22cf0a983ac3,1785277196070,sender,0,False,,,,False
6e2acd6e-4ee6-573c-9ad1-39131cbd78b1,1785277196071,sender,0,False,,,,False
8b9ecbb5-2413-51dc-829c-f52665a519e1,1785277196075,sender,0,False,,,,False
c8bbef8c-8d34-56f4-9eaa-dc1a49de22d9,1785277196076,sender,0,False,,,,False
b33ee117-1ccd-5647-9149-9251d8a089c8,1785277196102,sender,0,False,,,,False
6011580d-921a-5bdb-b28b-7034fbfe9b9b,1785277196116,sender,0,False,,,,False
f35459da-64f2-5fbf-88f2-162194fded77,1785277196163,sender,0,False,,,,False
b15e8461-eb82-52ad-b93c-fa36de1c9ede,1785277196380,sender,0,False,,,,False
080a4ca2-e27e-5289-a05f-67ef736161ba,1785277196415,sender,0,False,,,,False
b4c12db9-15ea-572a-86aa-0b7439113a50,1785277196416,sender,0,False,,,,False
9236bd9d-38e8-5cb4-b0ea-8888e436484a,1785277196418,sender,0,False,,,,False
52ad95bc-e2a9-5765-a29a-abb4742a693f,1785277196423,sender,0,False,,,,False
3fe5d29b-f460-524c-84a3-c94542452947,1785277196424,sender,0,False,,,,False
d0959b56-faba-5d22-86c6-3de26c62a3d5,1785277196463,sender,0,False,,,,False
90902e88-3b17-5677-9480-13b9ca848280,1785277196464,sender,0,False,,,,False
b8279572-17bb-5650-85bb-2be4e32742e1,1785277196551,sender,0,False,,,,False
ff6dafbc-d7c3-57c5-b6c0-eb4d121897b1,1785277196764,sender,0,False,,,,False
274b97c7-ecda-58ee-9bd0-f56ae7a41ef7,1785277196766,sender,0,False,,,,False
44da6539-e10e-573c-b86b-0503111ec9f9,1785277196802,sender,0,False,,,,False
29986746-1d7b-5bf9-abe6-2f365d730896,1785277196803,sender,0,False,,,,False
993819b3-9a19-5ed8-a9cc-6185a24eb827,1785277196805,sender,0,False,,,,False
509ec730-1663-5eee-b770-af2e7de10de5,1785277196834,sender,0,False,,,,False
e7b857a7-d57a-5d8b-9b90-3cc1fb04bf82,1785277196835,sender,0,False,,,,False
88dc81f8-db7b-5463-b443-ec9d7cf86a37,1785277196848,sender,0,False,,,,False
49ec6dd1-3911-5e6f-a551-1f57a45a19d9,1785277196902,sender,0,False,,,,False
5c799cfa-3c50-5940-bfda-3935689b178d,1785277196909,sender,0,False,,,,False
7f014d1e-77d4-5336-81f7-d1ee6c0ccbd6,1785277197059,sender,0,False,,,,False
7ec01edb-4de3-5152-8640-cae19941db5b,1785277197060,sender,0,False,,,,False
1a598117-e530-5b28-a08a-46d27cdb8513,1785277197152,sender,0,False,,,,False
aa0aece9-1e2b-5e87-81cb-2d18cb229fe3,1785277197218,sender,0,False,,,,False
cec26759-d3ce-5ea1-bad2-1abc1ad2a400,1785277197219,sender,0,False,,,,False
57fcb292-01de-599a-831b-0ac0a55e20b8,1785277197226,sender,0,False,,,,False
2a4a409e-2427-5897-a0b3-3a36ccf97ed6,1785277197276,sender,0,False,,,,False
7f66b596-1779-5c8d-ab4c-89d64abc751e,1785277197309,sender,0,False,,,,False
41138838-6247-59eb-9cb0-1eaffa7264ec,1785277197310,sender,0,False,,,,False
0488e648-c4a7-51f7-bc7a-57914b425662,1785277197312,sender,0,False,,,,False
4975dd68-67a3-5bac-95c3-d07cc834bbd7,1785277197313,sender,0,False,,,,False
9469fcd3-01f4-5277-bd1d-c323c779be37,1785277197433,sender,0,False,,,,False
59b02beb-3b0d-50d3-bff2-4a511444d64e,1785277197480,sender,0,False,,,,False
4c2b94d9-3df2-52d9-80ca-a3124735b4e1,1785277197515,sender,0,False,,,,False
ab98aa7d-e19c-5f1b-b073-eef489709478,1785277197574,sender,0,False,,,,False
3cda16ba-2623-520e-93ed-6b7034b77af7,1785277197575,sender,0,False,,,,False
a28dce52-0019-50f8-b882-7966a58e77db,1785277197615,sender,0,False,,,,False
f6b83899-90e5-50b3-ae48-d7f23931e74c,1785277197722,sender,0,False,,,,False
125a9a41-024d-505b-8745-7ad76eabade4,1785277197724,sender,0,False,,,,False
5c90010c-1de0-5b3e-b5a6-e872132682b4,1785277197765,sender,0,False,,,,False
68c5c819-756c-5415-8740-63bb78e7e4ea,1785277197787,sender,0,False,,,,False
b351b746-8c84-50e1-9425-582c4b81848e,1785277197807,sender,0,False,,,,False
5990c6e7-666a-553e-8f31-40e79c538e8b,1785277197811,sender,0,False,,,,False
28bf3d3e-098b-525c-a00c-1a03262aa421,1785277197845,sender,0,False,,,,False
b3e8b3a6-095e-5c3c-b890-c5d121605f0c,1785277197846,sender,0,False,,,,False
fb98e58c-2261-57c9-ae74-271a58febe81,1785277197907,sender,0,False,,,,False
e8ab934e-e4a4-539a-921f-693549a0ee7c,1785277197996,sender,0,False,,,,False
b44071f6-3ab3-50f9-a4ef-e2d4c3457adf,1785277197998,sender,0,False,,,,False
0afb4bc2-df26-5fdc-bf80-03abc2c80239,1785277198063,sender,0,False,,,,False
c7d39b72-5ef2-5328-a98c-e80b74afd605,1785277198065,sender,0,False,,,,False
cee49ea3-b95c-506a-b794-4bb545ecc188,1785277198081,sender,0,False,,,,False
73701d93-b000-52d8-b142-94741d0cb3ed,1785277198101,sender,0,False,,,,False
cb0cbb7d-b7dd-55cb-b95f-ecf23b23ea97,1785277198102,sender,0,False,,,,False
d4e79e99-f74a-50e0-8b78-5b15bfb0bb9f,1785277198143,sender,0,False,,,,False
7af170a2-5d99-54bf-b3ee-e0303842a3ea,1785277198191,sender,0,False,,,,False
9b39adcb-d4f4-5fbd-bda5-8aaa74975787,1785277198255,sender,0,False,,,,False
34b4292d-c04a-5473-8906-4a8b02f1dbae,1785277198293,sender,0,False,,,,False
aa36115c-309a-5d89-baf8-d35e5b34de90,1785277198296,sender,0,False,,,,False
c125a6e9-6ae5-5539-a818-f4c783a187d7,1785277198379,sender,0,False,,,,False
99f56d7f-c633-5e2b-bd0f-eac3e395c608,1785277198381,sender,0,False,,,,False
19e42b51-eeb4-5caa-acb1-81572e013cd4,1785277198386,sender,0,False,,,,False
73270ca8-cc07-5466-af02-8035e42453f4,1785277198456,sender,0,False,,,,False
8afb6dd7-e39c-5a9f-9e73-78da4fcf0419,1785277198489,sender,0,False,,,,False
37335d0b-8148-5f96-ade4-3064492370b1,1785277198491,sender,0,False,,,,False
43b96684-f2f0-52c9-84fa-6a6693adf7df,1785277198549,sender,0,False,,,,False
f0f6a229-9095-5cc2-8b64-04b2be3b7327,1785277198620,sender,0,False,,,,False
1abf7f53-3a1a-515b-b035-19286f11b7c4,1785277198655,sender,0,False,,,,False
ada063f7-6f88-52c7-9146-a98479554a37,1785277198656,sender,0,False,,,,False
9f8c25b9-9457-518b-b40e-fec2035bc2b9,1785277198762,sender,0,False,,,,False
b8d817d9-4f0c-5930-ab6f-8e5b303abee0,1785277198826,sender,0,False,,,,False
8ba06c23-e6ab-5110-a769-5d09eccf0e23,1785277198831,sender,0,False,,,,False
d61705d0-4db6-5b40-ac02-381eef1b4cca,1785277198833,sender,0,False,,,,False
f3dc9467-4e86-522f-b82d-b1b50d337ea9,1785277198872,sender,0,False,,,,False
127f24f1-24c7-5581-aba4-6d4c6adeb1a1,1785277198893,sender,0,False,,,,False
96535efc-4065-59af-9b45-2c4c2cd43f81,1785277198914,sender,0,False,,,,False
6bb6d32f-67b9-5f6d-855f-6a42b9e49f5f,1785277198957,sender,0,False,,,,False
2e30cbde-dd33-5e5f-ab58-0c221bb72eca,1785277199010,sender,0,False,,,,False
626523e3-7f35-5cad-bf6e-dcaa0702e03d,1785277199086,sender,0,False,,,,False
63b1182c-0b60-5de6-815a-daf6df97f675,1785277199087,sender,0,False,,,,False
52b1af2b-54d8-5fc6-bb82-cd712d84f29b,1785277199183,sender,0,False,,,,False
b02fab73-c370-56b3-b57b-af6c83a1a19d,1785277199269,sender,0,False,,,,False
272ca764-1faa-5afa-853a-07f3bef5fd2c,1785277199271,sender,0,False,,,,False
31678568-83c2-52f8-a822-54ec95d0775f,1785277199272,sender,0,False,,,,False
cdee3cad-8810-5bc2-a4aa-7b768f5cf41a,1785277199321,sender,0,False,,,,False
184d0727-4ab4-5a14-976f-2d83b56f0bdf,1785277199322,sender,0,False,,,,False
06e632cb-4a55-58e1-ba0f-3254cd358150,1785277199324,sender,0,False,,,,False
584fb533-6f20-54e0-b032-23f7c284c3fe,1785277199362,sender,0,False,,,,False
abefca58-f902-5d20-8f39-da87937b9ea2,1785277199412,sender,0,False,,,,False
6c372ba3-6a87-53a5-a07d-1f28bbc1eb5a,1785277199455,sender,0,False,,,,False
8be083c3-1631-5e5d-9d0b-657cd9460167,1785277199503,sender,0,False,,,,False
f2df171d-ff0e-5eb0-95af-4b15de1de15e,1785277199504,sender,0,False,,,,False
77c32bc1-24dd-5d86-90ad-ce98173b1b4a,1785277199646,sender,0,False,,,,False
6f653e79-7946-53a4-9638-3ce62ed9c52e,1785277199647,sender,0,False,,,,False
9fc11b22-e440-50aa-804d-511747d9cce2,1785277199648,sender,0,False,,,,False
3fa2a94b-df6e-5a32-973d-ad1697ce2882,1785277199699,sender,0,False,,,,False
66ae291d-13e8-518a-aab6-331fdb589396,1785277199702,sender,0,False,,,,False
aac3dfd2-9357-55c9-8d42-b6da51077c6e,1785277199705,sender,0,False,,,,False
641fbff2-9b9e-5ab4-ae3e-57afb7b563ef,1785277199708,sender,0,False,,,,False
6077da13-691c-53db-aada-7a5801638f63,1785277199710,sender,0,False,,,,False
8708a964-a84e-5301-84ed-6aa0c773307f,1785277199906,sender,0,False,,,,False
d05d73c5-5554-526a-91a4-03599d683550,1785277199950,sender,0,False,,,,False
dd85c23c-62b1-5c4d-b0ce-a87f0016bbaa,1785277199980,sender,0,False,,,,False
8b53277b-97d1-56a7-8cc5-2e3b1f73d44b,1785277199981,sender,0,False,,,,False
fc31f04b-80ee-5ea8-b106-eb7fe50f2934,1785277200051,sender,0,False,,,,False
22917081-75e2-54d1-bc27-9b67790223fc,1785277200091,sender,0,False,,,,False
2d2bca11-81dc-551d-bd75-a0b18f743228,1785277200179,sender,0,False,,,,False
dd6a975e-c793-51b3-bf17-fd97939683f4,1785277200180,sender,0,False,,,,False
ae85faa2-4f36-57a6-8041-d6eed380576b,1785277200254,sender,0,False,,,,False
e6dd4993-4c47-524e-b00d-81338ce06050,1785277200255,sender,0,False,,,,False
aa618217-8aef-5f71-8dbc-6fcdb38054e5,1785277200269,sender,0,False,,,,False
090c8e83-b0a3-5c53-988d-4000dc6e0055,1785277200270,sender,0,False,,,,False
4650fe70-65d7-5b88-8588-38d46c687978,1785277200276,sender,0,False,,,,False
5c0c27e8-97f9-53ab-873f-2746f6fa309b,1785277200306,sender,0,False,,,,False
be69991f-42d3-584b-baad-d091c2251f4d,1785277200338,sender,0,False,,,,False
31ca5315-93f6-51f7-a3f6-f7ea94815795,1785277200385,sender,0,False,,,,False
0e6f04c0-43e5-581d-8547-3c46752e0bad,1785277200525,sender,0,False,,,,False
7fadc543-e54c-5441-9094-e6abfb7cb8a7,1785277200551,sender,0,False,,,,False
f3b7b0bd-fe69-5859-9713-3d0649daca7a,1785277200591,sender,0,False,,,,False
6e429c98-b18a-576e-bac4-5bdaad05366c,1785277200723,sender,0,False,,,,False
aef7fad0-2145-5813-bd90-c4c06b4f76a4,1785277200807,sender,0,False,,,,False
b7d2c5b2-fe25-5f0e-bcbf-939dbb54c571,1785277200808,sender,0,False,,,,False
81212d21-21ef-57c0-a77f-366525bd43a3,1785277200810,sender,0,False,,,,False
2745d7ee-c1b6-5cdb-86de-7f22b03cb589,1785277200811,sender,0,False,,,,False
2293d81b-dbdb-5faa-b463-afb41587bc9b,1785277200840,sender,0,False,,,,False
52210ccc-9071-5c3b-92cc-8c3ef460e283,1785277200866,sender,0,False,,,,False
08cbbdb4-24b3-5ecd-b7a7-aa0d283a96f0,1785277200868,sender,0,False,,,,False
d4008cce-3783-523d-8965-090c3c8e4ae9,1785277200870,sender,0,False,,,,False
207ba466-3a94-52bd-a468-2415ec2e5e21,1785277201027,sender,0,False,,,,False
2230a756-1ba2-56f9-b67a-fabd820ad3d6,1785277201147,sender,0,False,,,,False
c1199fdb-7e62-50b5-be2b-4b9ef4267738,1785277201148,sender,0,False,,,,False
6fb5617a-85d0-5ba0-80d6-078d2c2666a2,1785277201150,sender,0,False,,,,False
87c81aae-9602-5ab8-ac78-5d653107d5dc,1785277201187,sender,0,False,,,,False
2c9de23a-d783-5f77-8865-754a6455c364,1785277201189,sender,0,False,,,,False
9c816918-03e9-5d9a-99ef-5c35eada900c,1785277201190,sender,0,False,,,,False
0a017ec5-39e3-5b3e-8e4e-5ca4bbc63a20,1785277201191,sender,0,False,,,,False
9334defb-275d-555e-973e-dea555f5ca9f,1785277201218,sender,0,False,,,,False
491ad871-3f4e-5acd-9fbc-bcb055a9a12f,1785277201411,sender,0,False,,,,False
356c68bd-4799-5441-9ccc-7ec3c5468c23,1785277201415,sender,0,False,,,,False
af58152a-728a-5e87-b6be-40a300006444,1785277201621,sender,0,False,,,,False
adad2a61-ef2c-5027-980e-6fc97c5d9be1,1785277201678,sender,0,False,,,,False
068081b9-c151-5215-9e55-c4e560c74b5f,1785277201679,sender,0,False,,,,False
e0c5b677-9bdf-5ca6-9d0b-d73150e518a4,1785277201680,sender,0,False,,,,False
5b66f6c0-7de4-5add-bdb7-b10c0e7ba10b,1785277201683,sender,0,False,,,,False
29a2b5a1-a372-54de-b15c-7c68b2b59a30,1785277201683,sender,0,False,,,,False
1ce7963d-573c-5af5-a9fb-0005d60bb5de,1785277201760,sender,0,False,,,,False
a7bb4b3f-fca2-58b8-a843-4f450b2186d8,1785277201761,sender,0,False,,,,False
cdd36dad-e112-5f5c-8aad-ab06e74a236f,1785277201798,sender,0,False,,,,False
1d408316-76e1-5706-8e1c-dac08da489aa,1785277201996,sender,0,False,,,,False
1106c034-54aa-563e-8983-45d718d73412,1785277201997,sender,0,False,,,,False
5f183c5f-7cb2-5678-b301-d477ad21351a,1785277202149,sender,0,False,,,,False
b2e2f8cb-7737-56a4-b33e-70edea70873d,1785277202150,sender,0,False,,,,False
e9d56c51-c28f-5bd9-977f-bc292f83bff6,1785277202151,sender,0,False,,,,False
7cc26c7f-3f56-5013-b31f-48b30432c235,1785277202152,sender,0,False,,,,False
0bf5db35-c5e5-5d32-8748-ea868dbee1f1,1785277202200,sender,0,False,,,,False
bb70c739-d900-5d74-aa4d-0e5bdbbfff5d,1785277202201,sender,0,False,,,,False
0517e0f3-f6f2-59ff-84dd-14de34d0555e,1785277202204,sender,0,False,,,,False
7c51a53f-65a0-5aa4-ae83-f320a7704c29,1785277202208,sender,0,False,,,,False
dfee5719-7bcf-5915-a27c-be3652a7f3f8,1785277202287,sender,0,False,,,,False
95bd9ede-842f-5dbb-9125-0d48687420c2,1785277202406,sender,0,False,,,,False
8610676a-d503-551c-b567-375156ea7697,1785277202407,sender,0,False,,,,False
5a8a4b42-9867-56d4-b895-0e08e4b01f25,1785277202438,sender,0,False,,,,False
c2aac34a-8e36-5d5f-906c-cfa057666eb0,1785277202465,sender,0,False,,,,False
c741194b-c01f-5d76-9fb8-8396130f11f4,1785277202553,sender,0,False,,,,False
a22e8db3-2594-5f95-9f83-ecb5d2bbebc1,1785277202554,sender,0,False,,,,False
1a833865-9039-53c2-96be-772895d924b1,1785277202554,sender,0,False,,,,False
c71e6f16-8e19-5dc5-be05-290b1dee49a2,1785277202634,sender,0,False,,,,False
0cd765dd-0d51-5981-a602-5a230b771244,1785277202635,sender,0,False,,,,False
f885bd36-3bd6-51a0-bd36-ba178e04db46,1785277202636,sender,0,False,,,,False
027878c4-04dd-5b99-b1fd-aeb75087522c,1785277202748,sender,0,False,,,,False
42ffd8c6-97a8-5179-bbed-b2f9fafe9988,1785277202806,sender,0,False,,,,False
822d933d-3b71-54b2-8f14-7c59e1e0a3f8,1785277202828,sender,0,False,,,,False
d01be053-c45a-541b-be04-ee0ece08c9fe,1785277202832,sender,0,False,,,,False
fd9d08cd-7ddd-5822-b519-7fb56e70504d,1785277202833,sender,0,False,,,,False
b9d06449-595e-5748-87b7-628aba4400cb,1785277202954,sender,0,False,,,,False
76878035-af38-5531-986a-5a3835d7e508,1785277203017,sender,0,False,,,,False
80f38aa0-d442-5738-b296-1dfe16486fb0,1785277203018,sender,0,False,,,,False
0cdf9a1a-ec67-53cc-bad4-5e975286d04c,1785277203049,sender,0,False,,,,False
69e9d4ac-e1f0-57b3-b376-b0d0dddeada1,1785277203070,sender,0,False,,,,False
b14e1a96-7169-5518-b743-f427956b028e,1785277203117,sender,0,False,,,,False
7e057b9d-4a68-52fc-8ccd-400aa2a6c9fa,1785277203230,sender,0,False,,,,False
7aa82378-a7d9-5708-b951-4b51f6e8ed53,1785277203268,sender,0,False,,,,False
eff76d38-3da6-5cf8-a56a-0a7db7a6e80f,1785277203270,sender,0,False,,,,False
85cc4e0a-5450-5892-9ce7-9f8fbe612ee3,1785277203307,sender,0,False,,,,False
8b073dad-6b93-56a3-8268-0f90341a40fa,1785277203309,sender,0,False,,,,False
dc2038f4-0f0b-59c8-a61e-2ffbc9be0d4b,1785277203383,sender,0,False,,,,False
fbdf9b0f-59a0-5562-a1bb-57c81ac4383d,1785277203384,sender,0,False,,,,False
499fbef2-6714-57b8-a362-c9318a3680e6,1785277203385,sender,0,False,,,,False
b60c2b7c-dff9-5481-8882-5ddea6dc19a6,1785277203451,sender,0,False,,,,False
b4c2031d-75fc-59ef-bc4f-f850295e3428,1785277203483,sender,0,False,,,,False
1ef588b6-5caa-5441-8d88-15d5cbe2f7f4,1785277203484,sender,0,False,,,,False
a39a5299-608b-5460-b705-1062492219c1,1785277203564,sender,0,False,,,,False
59e52fe6-ee14-5daf-936c-716bf9d37751,1785277203565,sender,0,False,,,,False
36be4a3b-3d8d-545d-b5ca-868b57e44000,1785277203721,sender,0,False,,,,False
56a96075-c9c2-5063-8ecc-587b53abdb68,1785277203722,sender,0,False,,,,False
2838e3aa-cf14-5c03-9698-784bb06e89db,1785277203723,sender,0,False,,,,False
0809d920-0a8c-5c6c-91bf-741a0096374b,1785277203762,sender,0,False,,,,False
2ac422db-f272-5d00-83a9-b901c0ba65b1,1785277203763,sender,0,False,,,,False
2f23e83c-fde3-545b-ae85-19b7c9c9cdf2,1785277203764,sender,0,False,,,,False
39cc730f-2334-52b3-8fc1-b1a342c97639,1785277203791,sender,0,False,,,,False
485e8284-aa0e-5645-9d45-74cfe823cc87,1785277203799,sender,0,False,,,,False
0a9febc6-a7d1-5c5e-a59f-693e950121e3,1785277203919,sender,0,False,,,,False
a8bf24fe-cae4-5b32-8f33-57ca0ab18dca,1785277203970,sender,0,False,,,,False
91cec163-3626-59fc-ba20-336e55fdeb10,1785277203971,sender,0,False,,,,False
55baa530-34b6-5679-ba87-627883546f75,1785277204028,sender,0,False,,,,False
8998ca62-91de-5aca-8e1e-e927d7030141,1785277204075,sender,0,False,,,,False
78912e32-2a6f-55c8-b4c2-bde6bc587366,1785277204129,sender,0,False,,,,False
b79bb2d9-447d-5799-8898-7b416d2bca54,1785277204131,sender,0,False,,,,False
195b3e02-82e3-5c27-92f7-6dd68be3d4d4,1785277204204,sender,0,False,,,,False
26a6f9ed-1ae4-576c-ab85-f89af5f5e292,1785277204223,sender,0,False,,,,False
37473832-2487-5dd3-9801-404139f9e1f6,1785277204332,sender,0,False,,,,False
3e91070e-61a0-53ee-a65e-28bfcc281197,1785277204333,sender,0,False,,,,False
08e531a6-6f53-5ce7-97e2-d929c25ec8e7,1785277204334,sender,0,False,,,,False
061fa0b2-6923-5b2a-92d5-f89c3c2ef61c,1785277204369,sender,0,False,,,,False
63cfb6b4-0db2-54bf-a3b9-8029ebfed087,1785277204370,sender,0,False,,,,False
c7838204-7564-5a8f-a9cb-1844f39ef848,1785277204371,sender,0,False,,,,False
7b9df985-3a73-5a88-9480-0a4d39c37ca7,1785277204372,sender,0,False,,,,False
6c8ceb0c-a5a9-5b25-aede-4f3de131dcbd,1785277204480,sender,0,False,,,,False
35317ea3-9f94-5248-9513-524300bcd402,1785277204623,sender,0,False,,,,False
b97f02a8-6f73-5480-b69c-c60a410aadda,1785277204726,sender,0,False,,,,False
74600d49-f15d-5705-82a7-8b11b6816cc3,1785277204826,sender,0,False,,,,False
2fe1a642-a5cc-59d8-a8dc-4fd3fb757ac3,1785277204828,sender,0,False,,,,False
6b53c6c5-b8cf-5209-8749-9661a60b9e8e,1785277204871,sender,0,False,,,,False
0f0947d6-a7f1-500a-8258-ec544f7b0697,1785277204904,sender,0,False,,,,False
2e250637-af23-5db3-ba70-c2d1098bd2ec,1785277204905,sender,0,False,,,,False
551cec57-1b55-5bd5-8c7a-18682aeaafda,1785277204906,sender,0,False,,,,False
04421bab-a940-503d-82b9-3edf6db90963,1785277204907,sender,0,False,,,,False
223bbc66-45f2-5a1f-9d06-6eb688fb1e57,1785277204908,sender,0,False,,,,False
dfcecee0-99fc-52aa-871e-06167059553b,1785277205052,sender,0,False,,,,False
aa64bc07-2c63-5e62-8a49-dc88bfaa808c,1785277205086,sender,0,False,,,,False
b0009b00-3784-5e9c-bb91-37adeb7bdbec,1785277205356,sender,0,False,,,,False
94e85713-6570-5d55-8842-92cb90d60d1c,1785277205359,sender,0,False,,,,False
1caaaf8b-5c97-596d-a67d-6bb38e3e6c3c,1785277205361,sender,0,False,,,,False
c0b23829-206f-5835-9d85-83c44b8405d7,1785277205363,sender,0,False,,,,False
4711c200-d0eb-5185-b7d7-96c81d8f2cb5,1785277205364,sender,0,False,,,,False
f8b82876-1a2e-5884-8def-1644cf4fe4fe,1785277205389,sender,0,False,,,,False
62fcd30e-8989-5861-abe8-64a6f443394f,1785277205438,sender,0,False,,,,False
810545f7-bdfd-5d73-8df0-e08c4fe3c703,1785277205439,sender,0,False,,,,False
c1c1a516-e539-5a74-bce1-2721b41054a0,1785277205549,sender,0,False,,,,False
7a28de1f-097a-57ec-9a87-bf5e5a2b43cf,1785277205592,sender,0,False,,,,False
94781481-d7d6-55d4-a8f4-28181b20c569,1785277205706,sender,0,False,,,,False
1e0088c9-8791-546a-a939-bfd54f45694d,1785277205812,sender,0,False,,,,False
7da3a45e-e92e-5070-850d-5207400aaac3,1785277205813,sender,0,False,,,,False
f18d934d-d5c5-57ea-a278-057300669398,1785277205814,sender,0,False,,,,False
e2b0a6ea-b0bd-5213-9066-61bdb594cac3,1785277205854,sender,0,False,,,,False
91f17e4f-911b-536e-a7b7-ac2a447145b3,1785277205855,sender,0,False,,,,False
7b615ec8-2792-547e-902b-922b99652aa9,1785277205856,sender,0,False,,,,False
3b341c9e-1065-5469-af00-d8ae4fc02c3b,1785277205857,sender,0,False,,,,False
89cd4aa4-8b4a-5624-96c5-432860a1c63b,1785277205885,sender,0,False,,,,False
b9850afa-1c53-5b58-b6a8-1ec4d6751bb7,1785277206038,sender,0,False,,,,False
285adb20-a695-5286-acf5-7903757694c4,1785277206039,sender,0,False,,,,False
c6dabec5-eafe-5429-9822-7e614e581948,1785277206140,sender,0,False,,,,False
c1f36955-7bc6-55b3-b041-13d29d1e5361,1785277206190,sender,0,False,,,,False
aa0b6059-481e-5ff8-921c-824f4c41579a,1785277206236,sender,0,False,,,,False
b8f3bb0b-cc1c-5c3a-b28b-3687f4d06684,1785277206285,sender,0,False,,,,False
6aa07712-0b33-58d4-99c3-bda1a41bc89a,1785277206333,sender,0,False,,,,False
a25e307e-1e0d-5e5f-9d48-3f296650aa22,1785277206335,sender,0,False,,,,False
1516c99d-c49a-5450-b5af-5af0ee955dad,1785277206372,sender,0,False,,,,False
378388af-6d09-5df4-90ef-33da0c3f93f3,1785277206399,sender,0,False,,,,False
0b85cddd-ef54-56f5-967e-68bdc848df04,1785277206415,sender,0,False,,,,False
294dde67-e8c8-5e91-ad60-8b9c961f4076,1785277206495,sender,0,False,,,,False
ebd18bb7-8feb-55b2-97e8-b97596e31edc,1785277206567,sender,0,False,,,,False
cd41a946-c23b-5bee-b847-80bfc87188c9,1785277206605,sender,0,False,,,,False
e34965b8-baf4-5108-ae99-5efabe2aed80,1785277206608,sender,0,False,,,,False
87a10501-c046-5ce2-a3b7-551cb3629167,1785277206669,sender,0,False,,,,False
551fe9a4-e136-5268-87cd-cf0e36d08e6f,1785277206690,sender,0,False,,,,False
f2c8cde8-a28b-535f-a367-6a549454ff72,1785277206733,sender,0,False,,,,False
4176bfe4-ba8f-5a23-baba-977e31881e87,1785277206787,sender,0,False,,,,False
8fa9a429-1771-5895-b8bf-580a3ae4264d,1785277206789,sender,0,False,,,,False
b4b73299-2e74-587c-aaab-9d0a75305482,1785277206874,sender,0,False,,,,False
0aaa876e-3799-50db-9c02-fd1235060e4e,1785277206901,sender,0,False,,,,False
2f195bab-a350-548b-a000-fcd584aee53f,1785277206965,sender,0,False,,,,False
4e665555-7345-5311-b91f-fae03d02542d,1785277206998,sender,0,False,,,,False
d0ad2682-ddc7-5776-a742-9aaac76a849e,1785277206999,sender,0,False,,,,False
c24fabb4-d771-51bd-b743-4cefe1a7a849,1785277207003,sender,0,False,,,,False
29eb2246-0b3e-55d1-a4fe-50085bc27caf,1785277207181,sender,0,False,,,,False
411be0b2-407a-504c-8c0f-5ab52ec9413f,1785277207232,sender,0,False,,,,False
1612175c-0da7-53fb-bf75-fe887f672389,1785277207233,sender,0,False,,,,False
f57ddd15-874b-50d7-b8b3-8ad6b0a6ae6b,1785277207234,sender,0,False,,,,False
7c89b0e1-7920-5608-9e28-ed265082471c,1785277207235,sender,0,False,,,,False
d1df8cce-4f64-5a63-b57c-aa1a9128f500,1785277207263,sender,0,False,,,,False
31f310bb-9cbe-59ec-8d7d-7e95a2f896f5,1785277207264,sender,0,False,,,,False
49d69009-f3b0-5c6d-a2ae-4bb20fe5fb8d,1785277207267,sender,0,False,,,,False
42f9073e-bed2-58b5-8381-6fc03a1dc8c2,1785277207314,sender,0,False,,,,False
a6d20ac8-70a1-5614-ab40-1b49c4bd98dd,1785277207413,sender,0,False,,,,False
4e878590-2cff-5200-8cb1-1493baeeb5aa,1785277207415,sender,0,False,,,,False
9f5e8761-4429-538c-a776-b36d3449822e,1785277207417,sender,0,False,,,,False
5843a9dc-3ab3-55bd-9911-9acb7cc07a42,1785277207518,sender,0,False,,,,False
1591ac3e-f633-59d1-86be-346e7246b4a4,1785277207642,sender,0,False,,,,False
e3038678-34a2-5a32-b30a-4d9d435b9715,1785277207643,sender,0,False,,,,False
5709c111-046f-50f4-9d8c-8d7aed2cc02f,1785277207687,sender,0,False,,,,False
494f3dce-f000-5dab-a5fe-0fede114a986,1785277207733,sender,0,False,,,,False
f5f845fb-f5ad-505f-b30f-caef863769d6,1785277207734,sender,0,False,,,,False
2175c6b2-b597-5409-9f6e-2c333cc84b18,1785277207788,sender,0,False,,,,False
b8d86319-58ea-5076-9c7f-1df3456257a4,1785277207789,sender,0,False,,,,False
f2380775-fcd0-5eb2-bffc-efdfbf23bcfb,1785277207791,sender,0,False,,,,False
887b6353-9546-5b3f-9980-ddb45f961fa3,1785277207834,sender,0,False,,,,False
0528749e-f34c-5487-8c73-0adbd6746818,1785277207854,sender,0,False,,,,False
0403a7b5-796b-5044-ac92-2de1f582c6d6,1785277207857,sender,0,False,,,,False
35aa1688-a21b-54d5-8a96-6405359af3ab,1785277207925,sender,0,False,,,,False
6d2459d9-d4bb-5da5-85a5-31de56bd0a9d,1785277208071,sender,0,False,,,,False
e67628ad-92dc-564e-aaad-903b848187a9,1785277208072,sender,0,False,,,,False
200cbc62-3bbf-51c0-b5b4-a65f8dc71c0e,1785277208129,sender,0,False,,,,False
adeb16b1-8d3d-5272-8009-9ee4356e11bb,1785277208134,sender,0,False,,,,False
d485b0f6-4661-5bf5-b51c-9c39c0fac58b,1785277208160,sender,0,False,,,,False
496786a7-a180-5285-94c2-8f3092145a0d,1785277208203,sender,0,False,,,,False
46b0f00a-6ac8-59d3-b0fa-afedd957999d,1785277208204,sender,0,False,,,,False
27cdc59c-9892-5aae-912f-6b4178ffb020,1785277208205,sender,0,False,,,,False
2b047171-1967-588d-a4a5-ee4f328f87a0,1785277208360,sender,0,False,,,,False
95c1346f-ab6c-54b8-9eec-853f239f008f,1785277208361,sender,0,False,,,,False
814e9a3e-fada-569a-8a83-aaecd7391f3e,1785277208362,sender,0,False,,,,False
296aac4e-b44d-56a5-a968-2daac6e40100,1785277208440,sender,0,False,,,,False
ce8e29c5-a94f-57ad-9472-ff8ca90e0673,1785277208548,sender,0,False,,,,False
12987f73-08ed-5742-9920-2aa34ca4902f,1785277208549,sender,0,False,,,,False
58dfc6b3-7c79-5bc0-9985-491c7fc1fcd3,1785277208550,sender,0,False,,,,False
5408de17-296c-5f27-9efc-be67cb2c17d8,1785277208550,sender,0,False,,,,False
544cb0e3-b0d6-51c4-90a6-f6c1a5b2f576,1785277208660,sender,0,False,,,,False
8586ffa0-fa78-58ba-874c-057d11d5f453,1785277208664,sender,0,False,,,,False
020dfe5c-883a-5d21-a3f3-f11c924b2808,1785277208712,sender,0,False,,,,False
3d59335d-7029-5ced-b49f-3a9074250879,1785277208713,sender,0,False,,,,False
4ad29ad7-ac77-5a96-a25e-9bbec14c7832,1785277208714,sender,0,False,,,,False
5ad04c36-d63c-559b-8bbe-cbd07293434d,1785277208791,sender,0,False,,,,False
0735b347-5263-559e-84b6-07b7e44581fd,1785277208794,sender,0,False,,,,False
b6bb5de9-2f7a-5ab1-bb6f-02ccbce7ccbb,1785277208812,sender,0,False,,,,False
28f16334-15ee-588b-86a5-ad8a8868dafb,1785277208910,sender,0,False,,,,False
8dc78763-b03f-5828-9d04-45e040f59d37,1785277208983,sender,0,False,,,,False
4ab7e1d8-4569-5d26-944f-366906d60b99,1785277209011,sender,0,False,,,,False
36bd3570-d70d-50ed-b2a5-fd63a067a6ce,1785277209012,sender,0,False,,,,False
22006956-ba43-534c-86dd-a750965961d9,1785277209012,sender,0,False,,,,False
58e61a62-2331-5c3d-8f31-21c2d71c28ac,1785277209140,sender,0,False,,,,False
84b076ba-60fd-501f-931e-a51e372ceffd,1785277209145,sender,0,False,,,,False
b20249b0-96a3-57ad-8e5a-473726423fbb,1785277209173,sender,0,False,,,,False
0362d729-4061-5487-b185-3348d4679416,1785277209243,sender,0,False,,,,False
a5a5f5da-c8e6-5ded-b29a-18a7579d92ef,1785277209246,sender,0,False,,,,False
bb2a5bba-3396-5217-a068-ebf462ca84bc,1785277209253,sender,0,False,,,,False
cdf6f886-a3a3-5425-9881-19b8e16bad15,1785277209282,sender,0,False,,,,False
b9702069-ce81-5eec-935e-ff972280f5ec,1785277209319,sender,0,False,,,,False
c80f7f9c-d9d5-5f7f-9876-5539279ec3d6,1785277209356,sender,0,False,,,,False
76c5b3e4-3ad1-5d21-9155-a00b572b4eb4,1785277209388,sender,0,False,,,,False
b8f1e34e-e654-55fd-a5f4-11dd9036ea14,1785277209389,sender,0,False,,,,False
773988ea-54ae-586f-9dd8-0be36e269627,1785277209493,sender,0,False,,,,False
16ceaa6c-e8a4-5b4e-a5a0-95686348159b,1785277209544,sender,0,False,,,,False
89f55360-67ce-5d48-8b22-8a94d2a6e1d0,1785277209546,sender,0,False,,,,False
15399891-2fdb-53d0-b686-7452b55f1c45,1785277209659,sender,0,False,,,,False
e4198115-934b-5af6-aee7-b2133df06001,1785277209660,sender,0,False,,,,False
9b136179-8202-50ee-85fd-9a826ff5d2a5,1785277209697,sender,0,False,,,,False
51ef0838-b5d8-509c-87c9-5bbabc31d968,1785277209698,sender,0,False,,,,False
70b86f85-3c6a-5f13-88bc-64b56d25fc8f,1785277209740,sender,0,False,,,,False
d80b4ae4-eede-5965-b1bb-ffb8b6b236d7,1785277209741,sender,0,False,,,,False
d9543708-666b-5663-aece-5d66190fe118,1785277209786,sender,0,False,,,,False
299a2a0e-9f7a-59be-96fb-b7a3e76cd8cb,1785277209834,sender,0,False,,,,False
43817db0-fbe5-5e8d-b9e4-d059e33bc4ab,1785277209908,sender,0,False,,,,False
be5229e6-b293-5b36-9bf1-03ffa36b9b4d,1785277209971,sender,0,False,,,,False
adcb42f1-853c-5b3a-95a6-88ed4a883e3a,1785277209984,sender,0,False,,,,False
3bc10d7d-6b3d-5a0b-af8a-d52d34b49d03,1785277209987,sender,0,False,,,,False
c6c5240b-e2ec-52bf-9a6f-f393abe9b677,1785277209990,sender,0,False,,,,False
7de4faf6-9005-5de5-bed2-b9f498e72f11,1785277210004,sender,0,False,,,,False
8360ceb7-b124-512c-aef4-a39eea4243c9,1785277210062,sender,0,False,,,,False
feea5051-064b-5c6e-a240-2067d229a17b,1785277210116,sender,0,False,,,,False
12f8b81e-2487-5b10-badc-599bb0709fd5,1785277210165,sender,0,False,,,,False
b837f602-0469-5dfa-99e5-48ea939b2d69,1785277210167,sender,0,False,,,,False
1caf46b6-8e86-595f-9ce7-9130c11eb915,1785277210211,sender,0,False,,,,False
f5771ec7-bac6-5e7e-be52-5286b18708b0,1785277210254,sender,0,False,,,,False
0b7e861e-4af5-5be6-9b95-23908ef3fc0e,1785277210255,sender,0,False,,,,False
96744dba-7667-5475-a1e8-3817d50b637d,1785277210317,sender,0,False,,,,False
b540eec0-777b-5864-ab52-c994a835ed8a,1785277210379,sender,0,False,,,,False
2e64a865-f5ce-5fc3-af82-84829ddbc98a,1785277210400,sender,0,False,,,,False
e67f741e-d800-58e9-b7d1-4f3fc715e0d6,1785277210402,sender,0,False,,,,False
9c7197a0-bad1-538c-a508-efc94a5bc57f,1785277210428,sender,0,False,,,,False
dc316e9b-a97b-5cca-94fc-fb0240ef598b,1785277210483,sender,0,False,,,,False
1d27f3fb-1fe4-5d8b-8dd0-37b0db7510e2,1785277210525,sender,0,False,,,,False
a6f09401-695d-51a5-a340-3146030c7844,1785277210580,sender,0,False,,,,False
795d60e5-a11d-5041-8d88-c19147940d4b,1785277210643,sender,0,False,,,,False
b28bf0b1-2b14-5737-9c16-1c9f608eab8e,1785277210695,sender,0,False,,,,False
9b3fdd4c-609c-5614-a240-7445cc02011a,1785277210698,sender,0,False,,,,False
6079b0b2-82dc-5d86-961a-b6d3bd37c405,1785277210730,sender,0,False,,,,False
eab44ff1-a0ed-5ab9-99b1-9769a57ae512,1785277210778,sender,0,False,,,,False
9d43ed37-3edd-54ff-8b1a-5bc006f8b888,1785277210779,sender,0,False,,,,False
3da19e71-1e78-59d8-8862-2fd814c5de6d,1785277210822,sender,0,False,,,,False
baf99b23-5103-52c6-9939-504647a88f84,1785277210823,sender,0,False,,,,False
87e68c2f-8457-5dc1-bb59-0a29c660ef41,1785277210879,sender,0,False,,,,False
22dfb071-bdbb-5f2c-aee4-022549b7f78e,1785277210946,sender,0,False,,,,False
ef29ceff-3414-5f5c-8479-bb5cf031c689,1785277211020,sender,0,False,,,,False
72ab1ca9-a8f3-5124-a97f-3222a81911bc,1785277211074,sender,0,False,,,,False
2e36243f-9de9-5b47-91a8-d1d36774479e,1785277211075,sender,0,False,,,,False
9ca0d019-fa3c-52a4-b839-e5d6d55e9217,1785277211079,sender,0,False,,,,False
2529dc7c-b06d-50fe-9d22-3baf57888e90,1785277211081,sender,0,False,,,,False
5df0a049-e192-58be-8bdf-b509afc10701,1785277211170,sender,0,False,,,,False
0e34c6ae-695a-57f0-b302-2f57f26ee89f,1785277211204,sender,0,False,,,,False
b4de1c34-5bd9-5431-a34f-52419dcd479c,1785277211239,sender,0,False,,,,False
4028a00a-48d7-5e8c-b007-85017af62f6a,1785277211350,sender,0,False,,,,False
51be6a47-fa67-5160-9d19-848f6e7226fb,1785277211399,sender,0,False,,,,False
a31f5477-fb60-5178-9621-540ead96717f,1785277211401,sender,0,False,,,,False
a98fff1b-c49b-5cc4-83eb-0b3ac87aad4e,1785277211431,sender,0,False,,,,False
87d13e2c-8474-504a-b4c5-d7115ab1c93c,1785277211435,sender,0,False,,,,False
7bd06f54-2c8e-5e8d-9eee-625374985ed9,1785277211481,sender,0,False,,,,False
4e4ca417-97f3-5d48-9fe8-330309cd77e8,1785277211483,sender,0,False,,,,False
7a40819f-cbff-5353-989b-ff291922f0b9,1785277211601,sender,0,False,,,,False
376dc624-1e18-5b78-a990-9fa03a9b6cfd,1785277211660,sender,0,False,,,,False
38c0904a-31bb-5919-80f2-cbb94623b8f2,1785277211661,sender,0,False,,,,False
4d592636-12e7-509e-9e25-8648ab65241b,1785277211772,sender,0,False,,,,False
5a86a459-d687-5a60-b420-d17de09d8eeb,1785277211773,sender,0,False,,,,False
c6b273a5-3091-5bd8-aa8e-0a9396429138,1785277211777,sender,0,False,,,,False
13d6167c-afdf-50d9-a77e-92c940100851,1785277211779,sender,0,False,,,,False
5bfaf458-9617-5ba8-a7c8-a8f38d56228d,1785277211791,sender,0,False,,,,False
b2a8318a-552f-55df-990b-8c26a9ac3bd3,1785277211807,sender,0,False,,,,False
b9126db2-8ecf-542d-9b36-cd7ddbc934d4,1785277211809,sender,0,False,,,,False
18adae61-960a-5002-9db8-61e2c9fede03,1785277212158,sender,0,False,,,,False
74607d80-4150-53d6-bfb4-787e804005a1,1785277212160,sender,0,False,,,,False
a77d4c13-7b49-5fc6-897f-df09b34ca797,1785277212198,sender,0,False,,,,False
804716f6-51cc-5124-b790-38d7aedfb3be,1785277212199,sender,0,False,,,,False
57786b04-4ba9-5738-bfe4-ae8d724274ea,1785277212200,sender,0,False,,,,False
77c1a8df-4ce3-5b52-9c4f-df5612edcdef,1785277212202,sender,0,False,,,,False
a888cbde-cac3-5622-a4d4-98e918506fe3,1785277212203,sender,0,False,,,,False
d9d2dd6e-ad35-5d12-9d7e-43425bd21359,1785277212360,sender,0,False,,,,False
f31f5010-33f4-56c6-ac10-f624d11d478c,1785277212362,sender,0,False,,,,False
f22a35d4-3375-5bf8-a490-0a1650188394,1785277212474,sender,0,False,,,,False
32c304fc-f64d-5a01-9b44-6b6985d160cd,1785277212531,sender,0,False,,,,False
1a0da717-9fb1-5ad0-b7db-7602f96d350d,1785277212532,sender,0,False,,,,False
13406ef2-b386-546e-ac75-b52da84e51e1,1785277212533,sender,0,False,,,,False
312a2c1d-0f97-5007-b7b4-3c12f387ce2b,1785277212563,sender,0,False,,,,False
b71d81e2-90fa-5d75-818e-5439cf9863f0,1785277212602,sender,0,False,,,,False
f5630653-cafc-5cf8-a7bb-c2c625e5c072,1785277212603,sender,0,False,,,,False
7dc39460-b94a-5b29-add3-3ed3cde78744,1785277212724,sender,0,False,,,,False
34de21cc-76d0-55d5-8f15-5a5dbfe0fcec,1785277212794,sender,0,False,,,,False
26c3c636-5fb7-5054-922c-44966058a0d9,1785277212798,sender,0,False,,,,False
837bb6fa-5073-546b-a4fa-ab461d812dec,1785277212802,sender,0,False,,,,False
f420d560-d240-583a-bcc4-c7eaac5fe172,1785277212827,sender,0,False,,,,False
de6c1039-e364-5aa0-88a9-d8d95bc10cea,1785277212828,sender,0,False,,,,False
50b20929-0bbf-5b14-b6e8-1ca62c0d948b,1785277212833,sender,0,False,,,,False
9e66e454-33de-5575-a354-51f43c2b0dcb,1785277212858,sender,0,False,,,,False
e9167be1-fc2e-5ce2-b5f6-2a8d9f8f4701,1785277213067,sender,0,False,,,,False
0f52b4e3-aa45-5b3f-b647-1d670a624e4d,1785277213119,sender,0,False,,,,False
4290a7f7-3f8a-5f97-81b6-55ff9cd46ab5,1785277213120,sender,0,False,,,,False
14dad32a-31e7-56c8-9c74-ca4b945878fe,1785277213173,sender,0,False,,,,False
8db7819d-c705-5c06-bcf0-32de2255b2ac,1785277213174,sender,0,False,,,,False
469ca5a4-592a-5ba2-86d8-a015e8f42c3f,1785277213175,sender,0,False,,,,False
926eccd0-a72f-5a6e-807c-95c25fe73ecc,1785277213228,sender,0,False,,,,False
94fbc030-af20-53cf-9b07-b42608844b89,1785277213229,sender,0,False,,,,False
defa2b3b-7730-5470-a7d0-cdaee188ee36,1785277213292,sender,0,False,,,,False
e3bb38d2-88cf-5fcf-9001-deb33d6a7292,1785277213342,sender,0,False,,,,False
1d4c2daf-38f8-5901-8d7b-1aee3d85fab7,1785277213409,sender,0,False,,,,False
d97bed30-d05a-5da3-8a1b-5e90b91acfe9,1785277213423,sender,0,False,,,,False
417f3c34-73fa-584a-aef6-64ac4cecfa32,1785277213479,sender,0,False,,,,False
760304ab-cc18-560f-9587-8e7766126a9e,1785277213480,sender,0,False,,,,False
ab9e0a5f-f2ac-5a10-83c4-961f4b1d78b9,1785277213482,sender,0,False,,,,False
7bc23440-1a26-5107-9c51-5a28812db63b,1785277213522,sender,0,False,,,,False
a95ee2e0-9530-5257-b7db-fd71b8f12327,1785277213550,sender,0,False,,,,False
990ac9b5-5410-5096-a46a-22189ff508a5,1785277213642,sender,0,False,,,,False
4494d2f3-7f2b-591b-8401-a0585ec381eb,1785277213643,sender,0,False,,,,False
43a0e76f-a7e7-54a9-bb10-3e6a34901f32,1785277213667,sender,0,False,,,,False
c6ebd4d6-c0dd-5cd7-9bf0-13f5be65d5b5,1785277213687,sender,0,False,,,,False
e1873e71-8bd6-5a43-8c4a-12328ffad0cd,1785277213712,sender,0,False,,,,False
646dd08b-d62f-5b60-8abb-bdf62bcf3dbc,1785277213780,sender,0,False,,,,False
f4fd5c72-35a2-5354-a947-9f2612384311,1785277213862,sender,0,False,,,,False
29cd85b1-a56b-5160-87c4-e79e181cfaf8,1785277213904,sender,0,False,,,,False
d208e2ae-575a-5dd8-8540-a87baff5d2e0,1785277213933,sender,0,False,,,,False
48e967e5-e097-5f43-9279-71439730a24b,1785277213935,sender,0,False,,,,False
78ca9478-ecdb-5bdc-9c41-3854de11d893,1785277214010,sender,0,False,,,,False
c394fed4-ceb9-5eba-b27e-50fc60c7b204,1785277214013,sender,0,False,,,,False
196a6ebd-bf68-560e-9601-87f45b511a53,1785277214027,sender,0,False,,,,False
910c8c2d-d4b6-54f0-acd7-ea873ea011a2,1785277214028,sender,0,False,,,,False
8063ee37-1909-5f27-b3eb-17de1d0942f0,1785277214122,sender,0,False,,,,False
51ac40cb-8cfe-5a5f-b0ea-9bc3c30556b3,1785277214199,sender,0,False,,,,False
51ecdf79-8879-562f-9d97-733f7af2ad11,1785277214200,sender,0,False,,,,False
e38683aa-be62-5f63-8dfd-db1f4a1cd1e1,1785277214253,sender,0,False,,,,False
1f04dc85-422c-5e88-a139-0ae6c6d9483b,1785277214290,sender,0,False,,,,False
f63027bb-8b12-5e73-b075-b1c7cc141e01,1785277214292,sender,0,False,,,,False
ceeb85dc-05fc-51af-8776-e4bb85b2a1fa,1785277214293,sender,0,False,,,,False
f4a99c2b-f8fd-5646-8b4c-15bc784c3c07,1785277214356,sender,0,False,,,,False
ff5bbfa2-3b63-56e5-a41d-21c52d016da0,1785277214403,sender,0,False,,,,False
1d8e48e8-8a12-585e-9d20-358f8e48d65b,1785277214425,sender,0,False,,,,False
e778f690-3f0b-535a-9b2e-74dc99ec85b9,1785277214486,sender,0,False,,,,False
9b8822b3-d5d2-5e62-ad10-b5ddf9623328,1785277214488,sender,0,False,,,,False
1a806f29-e6e5-55f0-aae7-c195d715a176,1785277214572,sender,0,False,,,,False
ac85804d-24d3-5413-aed0-019201affc79,1785277214637,sender,0,False,,,,False
7579abae-1301-5c2a-9afb-888ec000a44e,1785277214638,sender,0,False,,,,False
1863a74f-50b8-5267-b902-0d05c29752c3,1785277214766,sender,0,False,,,,False
8c338d7b-61e0-5680-954b-fb9c0a4c468d,1785277214767,sender,0,False,,,,False
02610708-3c1a-5d8d-b912-25a71ed9fff7,1785277214768,sender,0,False,,,,False
cf92deb3-d475-5b04-b626-de701b06ed9d,1785277214771,sender,0,False,,,,False
db44c017-d793-57e8-accf-8352b56fada2,1785277214829,sender,0,False,,,,False
cbee2d1a-bb13-50de-b7a3-3f1c3effe937,1785277214868,sender,0,False,,,,False
198219f7-4d47-5c4f-b62f-f219c636dc5c,1785277214869,sender,0,False,,,,False
e28c2eba-d844-5b65-abfd-16a92756163e,1785277214869,sender,0,False,,,,False
bde31d73-bbdb-5546-8370-80b64602af3e,1785277214965,sender,0,False,,,,False
0e3ff0b3-fe66-5451-88ec-e5f22b89686b,1785277214966,sender,0,False,,,,False
f7a5726d-fa72-514a-8210-6198562a1dbe,1785277215012,sender,0,False,,,,False
e514a274-7ed3-5282-af3d-6dcee09a698c,1785277215130,sender,0,False,,,,False
fb7810f8-9dc2-5c99-a348-dc41ff9af739,1785277215198,sender,0,False,,,,False
440c93df-8fbf-5662-86ba-55868da43ac7,1785277215199,sender,0,False,,,,False
93c48a10-7fc4-5ea2-9bd0-656907128a6e,1785277215200,sender,0,False,,,,False
34c0ade4-a02d-53b6-983b-b725809a1a96,1785277215238,sender,0,False,,,,False
d5670112-bd85-5228-8d9d-0ce14c5bb35d,1785277215273,sender,0,False,,,,False
e9173b99-fd26-5d4c-9adc-cf91541a1d80,1785277215274,sender,0,False,,,,False
7766aedc-13f7-5966-abe4-cda4ff4bb878,1785277215275,sender,0,False,,,,False
4aac22bd-e908-5532-9895-f7d12db449ba,1785277215371,sender,0,False,,,,False
a9e2a050-bcd7-56b7-9216-9d445ce0b0df,1785277215395,sender,0,False,,,,False
47f77c48-d944-5860-b091-cbf77fb7bd73,1785277215445,sender,0,False,,,,False
8a63c328-7e27-556f-829f-e6c4a352a063,1785277215446,sender,0,False,,,,False
139643f4-4f15-5eae-9f3b-dedd5db2b412,1785277215520,sender,0,False,,,,False
0a5a5a86-6d65-5185-a321-ee4ee94c21e7,1785277215586,sender,0,False,,,,False
9dd1a483-3b3d-56f6-8736-c5417e028828,1785277215587,sender,0,False,,,,False
0327759b-a48a-58bf-93b4-8fb5800166de,1785277215648,sender,0,False,,,,False
c3576f85-b90c-5927-996b-0a72e6bd39f8,1785277215649,sender,0,False,,,,False
ed6b5a5e-9935-55f3-ab73-cc18aab3d094,1785277215760,sender,0,False,,,,False
d54dae38-b6dd-56f6-9592-2a0678aead75,1785277215761,sender,0,False,,,,False
a20b1b07-e730-585f-98cd-efe20b5e357e,1785277215763,sender,0,False,,,,False
fd3175d6-3085-5f93-9dd9-4f202de32c1f,1785277215816,sender,0,False,,,,False
cbb0ab22-decd-5fe8-a863-5ae109f4126a,1785277215817,sender,0,False,,,,False
2300d7be-3db2-59d2-a69c-e257b33d74f9,1785277215867,sender,0,False,,,,False
7bf9877f-e680-5057-a1ed-5ec877fb7d00,1785277215869,sender,0,False,,,,False
a9749d0c-a3ea-5883-a065-3f017214adc9,1785277215910,sender,0,False,,,,False
47149ec9-b3cc-5f2d-8a2d-a2b869f96917,1785277215962,sender,0,False,,,,False
56f808a0-df98-5c3e-993a-606645e8b174,1785277215963,sender,0,False,,,,False
1244c9ff-4e67-5e8a-914a-e73d3389e9b2,1785277216129,sender,0,False,,,,False
315afb7c-0d05-5f0f-945e-4c82ef988cd5,1785277216130,sender,0,False,,,,False
66359e2d-4aaf-5ab9-8210-59d01534396d,1785277216163,sender,0,False,,,,False
725ead7f-2049-5e1c-bde5-aee298af89cc,1785277216169,sender,0,False,,,,False
f115374f-a153-5223-849a-ee6e8d900208,1785277216170,sender,0,False,,,,False
3ac8afe3-d6f9-58e3-adac-b9a29d7b2959,1785277216196,sender,0,False,,,,False
e762f7eb-6ec3-57ef-bff7-6660de4890ff,1785277216198,sender,0,False,,,,False
ef8649e9-c6fd-5bea-8f22-fb4aae0f2e7e,1785277216289,sender,0,False,,,,False
70a35483-f754-5f34-a998-25264bb97928,1785277216385,sender,0,False,,,,False
8896b32d-8dab-5e61-b468-00e901b2c7b1,1785277216526,sender,0,False,,,,False
c4b52fe5-a8f0-5c19-a5f9-7ea88d8cdaee,1785277216527,sender,0,False,,,,False
e142e2da-61d5-571c-a40a-1f2ff81a9889,1785277216528,sender,0,False,,,,False
18e0bdd4-f91a-5a3c-9734-0cee92f310b1,1785277216575,sender,0,False,,,,False
aedce995-50e1-590b-9548-071ced96539e,1785277216576,sender,0,False,,,,False
d85be365-79f6-5f67-9159-c598ef80a6a6,1785277216581,sender,0,False,,,,False
c32bc03f-67b6-5ef7-a5d0-432c8cd458df,1785277216629,sender,0,False,,,,False
911d490e-c018-5710-96e2-bbf24409e322,1785277216739,sender,0,False,,,,False
b9cc6975-1071-5701-82d5-a1ef5858b9e2,1785277216742,sender,0,False,,,,False
c2cf7ffb-ca7c-5ddc-9063-b66249dbea42,1785277216886,sender,0,False,,,,False
680641ac-2d3e-5970-bc50-e4fe13f36c1d,1785277216913,sender,0,False,,,,False
4c94659a-885f-51d3-aad9-217099549691,1785277216917,sender,0,False,,,,False
da2c32b3-2df8-5959-8b36-6830366cc764,1785277216969,sender,0,False,,,,False
0ea96d5f-dc1c-5a35-bfbd-7e34e5e391d6,1785277216992,sender,0,False,,,,False
02a4c456-4cdf-5a0d-9a93-91d39b01c8f1,1785277217069,sender,0,False,,,,False
51fabd61-5277-5e4b-8916-172172e6cb31,1785277217071,sender,0,False,,,,False
b083a6c6-3950-5a26-9a83-6182a35ae4b9,1785277217159,sender,0,False,,,,False
253baa86-c486-5423-94f8-2533cc0ef5ac,1785277217164,sender,0,False,,,,False
793cbc11-3470-5711-bd76-c5b2d7441fce,1785277217201,sender,0,False,,,,False
38f8abce-a4ab-5b0a-b083-fcb4392d9241,1785277217302,sender,0,False,,,,False
f7a8c173-0729-5afe-b1b9-b68719e098fc,1785277217405,sender,0,False,,,,False
e7f5882e-b3cb-5c14-a9a2-63259b772fd5,1785277217406,sender,0,False,,,,False
64176a46-a172-53a7-93aa-201c5f011e3f,1785277217406,sender,0,False,,,,False
6fa43b17-6a22-5755-b1cd-3e69488708f4,1785277217428,sender,0,False,,,,False
95aa6464-0b65-56f5-98d2-789dc2ddf7fd,1785277217471,sender,0,False,,,,False
53408ed6-e3d5-5f90-a3c7-ac25b8d47137,1785277217472,sender,0,False,,,,False
4bfe99b7-f81b-5748-ad91-feb8f6077dc6,1785277217527,sender,0,False,,,,False
3c3edabb-4a23-5e00-bccc-26723cfdad75,1785277217626,sender,0,False,,,,False
281cb704-6f9f-5702-9ac6-891080d90532,1785277217627,sender,0,False,,,,False
aaab3d81-8982-59f3-8814-3ec0756b7cc1,1785277217700,sender,0,False,,,,False
b8e35b75-859d-546b-b6b5-16f453c51200,1785277217703,sender,0,False,,,,False
ba0c6d98-b59d-5a88-8216-a1dab8aee2e4,1785277217721,sender,0,False,,,,False
a884fb6e-687c-5099-9a61-aa83ad7fd251,1785277217724,sender,0,False,,,,False
2ff5742c-86c6-5c68-9d72-8196ebf9987b,1785277217761,sender,0,False,,,,False
92dc3e7a-49b6-5cd5-b26c-0f1a09d0da36,1785277217827,sender,0,False,,,,False
1f55a6b4-95a3-5b6b-bcd3-57db61806ac0,1785277217830,sender,0,False,,,,False
9ed52410-1534-55d3-9b55-2ff4971937a5,1785277217849,sender,0,False,,,,False
914b80c0-5e49-5a57-a707-129c5c22ef11,1785277217983,sender,0,False,,,,False
b2853464-4e6f-58c3-b471-d7d54523fb80,1785277217984,sender,0,False,,,,False
377de204-1213-5a44-a2bf-92a88f49fafa,1785277218068,sender,0,False,,,,False
3dc99f89-7631-5950-9668-0014032b9109,1785277218083,sender,0,False,,,,False
0ab0d470-f553-5bc2-be3e-8e0a1bab97b8,1785277218087,sender,0,False,,,,False
df2e373b-14c3-559d-8fa4-89e7e3ac1d0c,1785277218092,sender,0,False,,,,False
9a3b8d78-e9c5-5f21-a2e8-2b7e1a04f1a1,1785277218115,sender,0,False,,,,False
d4ac0dc2-0415-5eb0-9301-cde19a57f56c,1785277218175,sender,0,False,,,,False
d0d85ca7-3cc0-5505-8d94-40109bfadbcf,1785277218276,sender,0,False,,,,False
c0e2979d-54d8-5044-9545-30b7b42307e9,1785277218308,sender,0,False,,,,False
7f9ffea5-82cd-51e8-8434-8c1c5c01866d,1785277218309,sender,0,False,,,,False
ca064509-853f-56b8-853d-55677cbbe7c2,1785277218454,sender,0,False,,,,False
76790f0c-e7c7-5491-9829-15aa4c30150a,1785277218455,sender,0,False,,,,False
0fd6a496-3bb9-5ef0-874f-a74b5eba21fb,1785277218456,sender,0,False,,,,False
2d098d8b-9eed-5c35-a8ad-f3b782b34d1d,1785277218577,sender,0,False,,,,False
c0f57cd3-66ab-5bd8-9afa-974cc8d64c36,1785277218643,sender,0,False,,,,False
6a9c0d50-0437-50c7-90b6-a0999ebe367e,1785277218647,sender,0,False,,,,False
f99b0e57-f679-55db-906a-8a4f623688e4,1785277218651,sender,0,False,,,,False
c27eb5e6-f6c4-5e53-adb0-c0d766441326,1785277218672,sender,0,False,,,,False
03027fb4-f6fe-5409-8872-40539fb2ebdb,1785277218676,sender,0,False,,,,False
766d54c6-085c-5c1e-b4cb-98256c34f989,1785277218700,sender,0,False,,,,False
d5ef20c9-0c1c-50f2-9ed4-a6651717a518,1785277218701,sender,0,False,,,,False
011856b6-fa24-5ebb-930b-89c3374de278,1785277218988,sender,0,False,,,,False
8a16c987-928b-59da-9c5e-941529c15457,1785277219069,sender,0,False,,,,False
c8729a6f-f629-5ed9-9634-ada4cc8c7110,1785277219070,sender,0,False,,,,False
1ba83c06-81f4-53d3-a1a3-fb13e6993505,1785277219071,sender,0,False,,,,False
9333a813-be53-56ce-be32-ff8d06000e42,1785277219072,sender,0,False,,,,False
ffc241f3-322d-5a44-998e-4b0d64d07b49,1785277219113,sender,0,False,,,,False
a035c071-d8fc-51ee-8289-d773f90152d8,1785277219114,sender,0,False,,,,False
49ad82ee-cfe8-5145-829b-b7f204947169,1785277219147,sender,0,False,,,,False
ce17655d-a7e9-5189-bb02-24d008fb0d6f,1785277219282,sender,0,False,,,,False
ce783e70-4518-5bae-a88c-dd0dc883528b,1785277219309,sender,0,False,,,,False
fefc005a-21f6-562d-a63a-9ee9efb22cd3,1785277219309,sender,0,False,,,,False
8c6da771-05b6-545d-8a76-e6ad29dd3ee7,1785277219362,sender,0,False,,,,False
5427cc61-3248-52ca-a16b-5a8358d4a34c,1785277219397,sender,0,False,,,,False
f3fbe405-181f-58b7-b61b-4d26cb7618de,1785277219428,sender,0,False,,,,False
58142eea-20bc-5b17-ae18-ab6a50904847,1785277219429,sender,0,False,,,,False
2625dc3f-e07c-54ea-9eb4-9ccabb2dc5e6,1785277219506,sender,0,False,,,,False
823fdbc3-58b9-5f5f-a956-5c16c97b8a16,1785277219563,sender,0,False,,,,False
2e9f0434-63f3-5686-902b-d5a7fe3506e4,1785277219564,sender,0,False,,,,False
61468c7d-a5ef-59a3-9bba-49599695f129,1785277219582,sender,0,False,,,,False
52446636-4992-55db-a4c6-33c3b5f857e9,1785277219680,sender,0,False,,,,False
10834e16-3e4f-5daa-82a8-dfbfdff8ca45,1785277219712,sender,0,False,,,,False
57922c8e-999e-5130-9030-aa9c411a458b,1785277219719,sender,0,False,,,,False
5e055794-8ba6-583c-b69d-ae3639cb40ed,1785277219742,sender,0,False,,,,False
7da5ce23-27bd-51c9-92f7-a14485c955ce,1785277219839,sender,0,False,,,,False
90a2f1de-31db-5e8e-a91f-b4a15fc98803,1785277219841,sender,0,False,,,,False
01b4de76-42cf-5ec8-acc1-3ec6f90c603d,1785277219876,sender,0,False,,,,False
5b023804-6c78-5d88-9526-61c72f53d40a,1785277219982,sender,0,False,,,,False
a37a4324-7bbe-56fb-bb8a-1b36d74a838b,1785277219984,sender,0,False,,,,False
725e3fc5-3aa3-5db6-a96a-b0be39832e78,1785277219986,sender,0,False,,,,False
3bbb0c1e-22de-5204-ad1d-152a7464a909,1785277220104,sender,0,False,,,,False
effaa490-5be9-5d6d-bac2-8bcc17291e7a,1785277220170,sender,0,False,,,,False
c60d4735-aa52-5373-a935-26a9d3fe52f9,1785277220171,sender,0,False,,,,False
f058f9b2-2a6c-580f-bdb8-5e715909bf89,1785277220175,sender,0,False,,,,False
ea02b78e-e0d6-5896-8d9e-3f0e47464c8e,1785277220179,sender,0,False,,,,False
43c96539-dd4d-5765-89bf-874d0bd98a95,1785277220198,sender,0,False,,,,False
781f2f55-7f1a-5dbc-9a51-bdf11e15fd46,1785277220236,sender,0,False,,,,False
5b358f21-8520-5fe5-8d8e-b0a7ff856555,1785277220237,sender,0,False,,,,False
22044a56-3f20-5954-9d34-1e143a1a2283,1785277220321,sender,0,False,,,,False
52b247f5-e106-5690-b582-b8c3c9c514e0,1785277220437,sender,0,False,,,,False
171f406d-4cf1-555a-b19c-bac74eb01f0e,1785277220485,sender,0,False,,,,False
9f05ef06-2422-5963-be33-75670883521a,1785277220486,sender,0,False,,,,False
1b916aa7-a75d-522c-9b6e-6f7ad312c182,1785277220487,sender,0,False,,,,False
67370db9-4711-56b1-90d4-b1a620e606c5,1785277220526,sender,0,False,,,,False
e189972b-7956-5cb9-ab03-e49885922f1e,1785277220567,sender,0,False,,,,False
a4fe9f2f-a93d-5da0-9206-2eba0ee83091,1785277220568,sender,0,False,,,,False
7c2d7e92-954f-56d3-9205-616d88f1483f,1785277220599,sender,0,False,,,,False
8ce7e943-9394-5bf8-b21a-01d1c0d27923,1785277220732,sender,0,False,,,,False
a7058cc5-16ca-5b91-a77a-a300ee58ddfa,1785277220733,sender,0,False,,,,False
223536d8-fd9d-5d12-9619-a4c7d02848a6,1785277220786,sender,0,False,,,,False
62f88661-92e4-5244-aee0-8c2c380dc8cc,1785277220833,sender,0,False,,,,False
96003dc1-2ab4-5003-b92a-a976839a4bbb,1785277220834,sender,0,False,,,,False
ffebb80c-3da1-552d-84fa-c41421304b61,1785277220917,sender,0,False,,,,False
ed4a30a8-7782-5fa5-af71-010186fd7a79,1785277220918,sender,0,False,,,,False
f6f11712-e1ba-5fb6-8868-5c6e6a682268,1785277221007,sender,0,False,,,,False
5c744765-991e-5bf2-b342-d75a9576f620,1785277221008,sender,0,False,,,,False
f51b4eff-6710-57c4-bd22-c21b60b9831f,1785277221059,sender,0,False,,,,False
04510b2d-df8d-55a0-ba77-e1ac92f28752,1785277221060,sender,0,False,,,,False
f334dfa4-6a84-54c8-84ce-1d1a4d7c3977,1785277221096,sender,0,False,,,,False
70b4b333-0953-549b-8372-6cd3b4f14c0b,1785277221183,sender,0,False,,,,False
ce19e46f-00ee-598f-8b22-0c598731daea,1785277221185,sender,0,False,,,,False
1d637f89-e25c-5595-8e81-a62a255bb9e9,1785277221242,sender,0,False,,,,False
7eb06fe3-a6fa-5d6f-af10-330a05380728,1785277221243,sender,0,False,,,,False
9bf79ca2-b7c4-5baa-bff0-d7a8a68fcdc5,1785277221270,sender,0,False,,,,False
17cf9d0f-a8f8-5ff6-a565-1def10ec9218,1785277221285,sender,0,False,,,,False
446be3c4-2728-51ae-aa89-554f5ec85617,1785277221353,sender,0,False,,,,False
8e508297-54bd-5ad5-b7f3-a902d8aa8b23,1785277221387,sender,0,False,,,,False
d5dabe92-a655-5d26-80ff-52ebc60e8c5e,1785277221458,sender,0,False,,,,False
22698917-9aed-5eef-9db9-7b5c66d95bdd,1785277221486,sender,0,False,,,,False
afeba47f-9730-580a-895f-827a4a1b6f43,1785277221488,sender,0,False,,,,False
9d3aacd6-29e5-5bee-bdff-d2715e3dd06e,1785277221526,sender,0,False,,,,False
3695c272-8762-5653-9ee0-dfd69a967d9c,1785277221575,sender,0,False,,,,False
ff96a246-0974-5fbc-a389-2f159961e205,1785277221638,sender,0,False,,,,False
47074dd8-2979-5993-b699-2c5e7eee7156,1785277221685,sender,0,False,,,,False
77b7f54e-1af4-5f00-8b53-8f57a6cf1476,1785277221686,sender,0,False,,,,False
7c8eb867-c15c-5a64-9013-0aa89510c7da,1785277221723,sender,0,False,,,,False
02bbeed4-e637-5099-890e-5ceda49efaf1,1785277221726,sender,0,False,,,,False
f031c101-ea43-556e-9383-9ed145ed2092,1785277221728,sender,0,False,,,,False
bff84044-9428-595d-8159-bcd6a08be146,1785277221732,sender,0,False,,,,False
053a9ed0-221e-5ee3-91a5-d8f26562ad5e,1785277221756,sender,0,False,,,,False
9f8ac4a7-b445-5fa7-b487-123be7916793,1785277221900,sender,0,False,,,,False
fc4d8d1f-de61-5015-8ea9-f042df4bb8a9,1785277221901,sender,0,False,,,,False
47e594dc-f0b6-5cbd-b666-bd2fc89f96aa,1785277222010,sender,0,False,,,,False
8aa87f08-9f2f-5c8d-9f60-865947355e4c,1785277222053,sender,0,False,,,,False
5102d378-2c7c-59a9-b4e9-aa5cccbd3918,1785277222054,sender,0,False,,,,False
46a579d6-1871-5a36-bd97-2e7e797d512a,1785277222102,sender,0,False,,,,False
2cd1988b-3bfc-56e6-8587-82e90ba4b3e7,1785277222143,sender,0,False,,,,False
42e667dc-8d50-5651-9752-4d97a4cab795,1785277222220,sender,0,False,,,,False
5065d39f-7e0c-5b77-8376-4c4ad08a54b6,1785277222221,sender,0,False,,,,False
615c3cf8-4707-5ffd-9f3a-def02f933ffe,1785277222265,sender,0,False,,,,False
d3dc0a02-eecc-51e8-8a0b-a17cb320161f,1785277222289,sender,0,False,,,,False
685951ce-d1a9-5ae4-a206-8a1bde2dabff,1785277222291,sender,0,False,,,,False
6bc4a86f-4022-5ab0-900f-2b632ec21c6d,1785277222336,sender,0,False,,,,False
81a85d87-558c-5928-ace8-05c4b424e8e0,1785277222337,sender,0,False,,,,False
c2c66039-a4ee-55f1-985a-300303c5156e,1785277222439,sender,0,False,,,,False
82b4793f-bb00-5ce8-a663-c29b9a2a5cd4,1785277222501,sender,0,False,,,,False
38278a59-3ee9-5b4c-8b64-0d714e96d929,1785277222502,sender,0,False,,,,False
8549f39b-e289-53ce-a4b5-c9fe9e97edec,1785277222628,sender,0,False,,,,False
5be86e5d-b043-5c84-adb8-916fb169e30e,1785277222629,sender,0,False,,,,False
ba136941-a00b-5bc1-b757-c47140897f4e,1785277222679,sender,0,False,,,,False
b13a1d0a-89f8-5917-b8c1-eda4a3b93683,1785277222680,sender,0,False,,,,False
ee2aeb0f-4008-5e41-8c3a-9895e33b8959,1785277222717,sender,0,False,,,,False
d5045a5c-67af-5d13-a6ab-9be406f7d95e,1785277222775,sender,0,False,,,,False
87de841c-1aef-5733-a123-5a7661f78e92,1785277222776,sender,0,False,,,,False
9b366b54-19ff-500e-a52d-40dfa5cf5af6,1785277222821,sender,0,False,,,,False
018a6586-44ee-587c-85da-e294f0527096,1785277222872,sender,0,False,,,,False
bce5a542-aaeb-5ed5-b56b-a13f123a9613,1785277222880,sender,0,False,,,,False
d0a9e765-7e40-57e6-a44a-b4ebe9d19b78,1785277222908,sender,0,False,,,,False
77eb988d-cb8f-5140-b2a6-a62030b4dbc4,1785277222909,sender,0,False,,,,False
39ef554b-59f1-5ae4-9fa9-0cb15cbbe447,1785277222950,sender,0,False,,,,False
45261959-f802-510a-8b98-989e6a090e9d,1785277222951,sender,0,False,,,,False
c953389b-1537-5427-8ec5-58eb69158d3b,1785277222952,sender,0,False,,,,False
c3ae2342-1cac-5f5e-8202-a3127ca86864,1785277223025,sender,0,False,,,,False
b5f7c2a9-8bf9-509f-8a66-fdcd113f17bb,1785277223096,sender,0,False,,,,False
29054cc3-97e4-5e1b-85ea-0ca89bed5faa,1785277223134,sender,0,False,,,,False
c3198ed8-3daf-52ec-b303-3f09d7c91c06,1785277223135,sender,0,False,,,,False
10a0c074-e7ae-5486-b895-936e6123620c,1785277223247,sender,0,False,,,,False
bf1db420-17ee-5395-b9c7-a55d8b042f9b,1785277223296,sender,0,False,,,,False
fc5c38fc-381b-5774-99a8-6b2880c03f25,1785277223298,sender,0,False,,,,False
e6341290-0844-539b-b3fc-b4d1874a1849,1785277223302,sender,0,False,,,,False
cd567a4e-9192-53a2-96df-a4c1a6a5e8bb,1785277223340,sender,0,False,,,,False
d1ab66ab-1dfc-52c3-99ed-52ee01dce8e9,1785277223345,sender,0,False,,,,False
9e1e7c53-6a1d-5d17-8876-d68e7dfbf69d,1785277223379,sender,0,False,,,,False
e49b652f-931b-5717-8399-42a1f0f29a22,1785277223454,sender,0,False,,,,False
f938c0e2-559b-5366-a46d-de258ab77d3d,1785277223455,sender,0,False,,,,False
ac1f0500-9855-50a2-9932-ceff65f651fc,1785277223585,sender,0,False,,,,False
923b282a-8f83-522e-9bdc-a74f57232424,1785277223646,sender,0,False,,,,False
163c9e33-768a-5774-87bd-afd98f43eea6,1785277223647,sender,0,False,,,,False
e5e7d241-66a7-570f-a506-8b6d0fa41b27,1785277223699,sender,0,False,,,,False
c16a39f9-1255-5bf8-a2a4-31f078aa72bd,1785277223756,sender,0,False,,,,False
55b175b3-a833-5714-ac7f-660e8acda11a,1785277223791,sender,0,False,,,,False
a21b6ede-6adf-5405-8fe4-fb2c03ead8db,1785277223813,sender,0,False,,,,False
b144e9d0-c74a-52ce-8ac9-0bc364fe5e7f,1785277223833,sender,0,False,,,,False
834d3f2b-6de8-508d-b573-937d39ba8e7e,1785277223836,sender,0,False,,,,False
f0394a67-1448-50a8-a984-a20b28fd6eeb,1785277223909,sender,0,False,,,,False
6abf0c40-b803-5b7a-954f-2a76aed6b3ac,1785277223986,sender,0,False,,,,False
980342a6-049d-598e-b305-410c68749878,1785277223987,sender,0,False,,,,False
bd5e1b3f-714d-5197-9b32-fbc23ca37104,1785277223988,sender,0,False,,,,False
28535cbb-0c9b-5f6d-992a-b90a257fc85b,1785277223989,sender,0,False,,,,False
af9634c9-8752-5cac-9902-1760db143d9a,1785277224123,sender,0,False,,,,False
68875a2d-6e73-535d-bda6-d9ea5de5b033,1785277224124,sender,0,False,,,,False
970da782-4ba2-55e7-8d7f-671497003d7c,1785277224168,sender,0,False,,,,False
14d13724-94ff-5233-9021-d94cb36afc9d,1785277224245,sender,0,False,,,,False
dea76d2d-f7d7-5d3d-a26d-7e061823aa6c,1785277224246,sender,0,False,,,,False
f6e2d212-4520-5997-b7cb-d279cc2b2094,1785277224247,sender,0,False,,,,False
61444e54-b831-5e16-bbe1-15e0e4462559,1785277224296,sender,0,False,,,,False
90625f9d-d6ea-5bdc-b0a6-260f892b5bfc,1785277224321,sender,0,False,,,,False
eafced74-a2d7-572a-85af-b02615ec4f68,1785277224322,sender,0,False,,,,False
e6de0610-91a5-530a-bc3d-860ec08e8186,1785277224347,sender,0,False,,,,False
cab8c50e-38ca-5688-ae9b-b181eac44ff8,1785277224438,sender,0,False,,,,False
11d4d1ee-cb19-5241-92af-ac8c422f80f7,1785277224479,sender,0,False,,,,False
9efd1fff-54db-51a5-8556-ce2af4e227ad,1785277224659,sender,0,False,,,,False
fbeb6970-931d-5f41-b623-0083584890ea,1785277224715,sender,0,False,,,,False
eb37e5f7-a90c-5e51-b556-e0a56c8b63fb,1785277224716,sender,0,False,,,,False
7c1e07b8-987f-5b65-a13f-04e367f38614,1785277224718,sender,0,False,,,,False
39514af0-1d81-56cb-9f4c-a484d7c4271a,1785277224719,sender,0,False,,,,False
8dffa8a0-b7e6-5406-925b-069414554dfb,1785277224761,sender,0,False,,,,False
ebaa9056-64f7-553d-bcc1-e1059148de24,1785277224762,sender,0,False,,,,False
93a96967-2ef8-581a-a024-18383a718e00,1785277224830,sender,0,False,,,,False
395dae46-7727-5cd9-aee9-8e590dae719a,1785277225054,sender,0,False,,,,False
5dcbee9e-2716-5e6b-bb3d-5c68d96ee56b,1785277225055,sender,0,False,,,,False
76f8f3eb-a805-542e-b8a3-75b0cae11ada,1785277225082,sender,0,False,,,,False
5f34570e-798f-58e4-9cad-12a7ae4659b5,1785277225127,sender,0,False,,,,False
538a38c0-b61a-557b-a514-7025e237b3a0,1785277225128,sender,0,False,,,,False
91f61453-8f32-5fc8-88da-8a6c064cd057,1785277225129,sender,0,False,,,,False
a66f6a46-626b-54bf-9a92-1bbe5afc5909,1785277225162,sender,0,False,,,,False
aa88ae25-25ae-5773-bf18-582725e56595,1785277225206,sender,0,False,,,,False
c6fbc270-e5e9-53b8-938a-0825392557f3,1785277225249,sender,0,False,,,,False
4e9f85cd-9d9d-5661-962f-3be6865d9750,1785277225361,sender,0,False,,,,False
9d6d49b9-41e4-50c3-a9d1-9fbb455f8939,1785277225425,sender,0,False,,,,False
ee11df3f-61d3-56e9-a3c1-05d234c0843e,1785277225426,sender,0,False,,,,False
d62b7305-cfc7-5d06-9ab8-1da245735623,1785277225481,sender,0,False,,,,False
5da0626c-f438-5651-be97-96e7f42de3b3,1785277225483,sender,0,False,,,,False
c74e005c-1ad1-53aa-9690-bddec0df465f,1785277225487,sender,0,False,,,,False
b04b4f90-1f77-5588-a6c7-95ebe4a9c58d,1785277225511,sender,0,False,,,,False
3add02a1-62e4-52b0-80c7-3c4185b0fbc8,1785277225536,sender,0,False,,,,False
048d0a8d-937a-5b61-ad5e-1d271aebf369,1785277225598,sender,0,False,,,,False
aff26629-0ca5-55a6-a712-9bb56c121195,1785277225632,sender,0,False,,,,False
107a8ec3-3a76-5d41-957b-26a68881b01d,1785277225633,sender,0,False,,,,False
d0fa0a8e-b9d9-54bb-8b09-0ee103fbf295,1785277231296,sender,0,False,,,,False
0bac3706-e1aa-54ef-adc5-38225f9e48c4,1785277231298,sender,0,False,,,,False
844ac81f-e1d2-5630-a657-fedc0e72a6dd,1785277231302,sender,0,False,,,,False
4c95c348-1c0f-5276-8eb5-c365b991e11b,1785277231303,sender,0,False,,,,False
162f5a59-bc5d-5363-b345-adecd6e89482,1785277231322,sender,0,False,,,,False
2df63fd6-3992-5192-b491-c7e897cca746,1785277231323,sender,0,False,,,,False
938fddc9-c4b1-5125-913c-9177d5de05e4,1785277231324,sender,0,False,,,,False
a8e9c98a-ff60-5685-8ef1-1a0c7f6cb491,1785277231325,sender,0,False,,,,False
a22e5f55-eb6d-50f4-88b1-00c1b472a5ba,1785277231501,sender,0,False,,,,False
34b1f6ec-a592-5585-b7a3-655316b4fd19,1785277231550,sender,0,False,,,,False
57482e89-fc6e-5a88-a186-8c53e11a8bc5,1785277231551,sender,0,False,,,,False
2dfea675-5910-5387-ac69-a1125ed7e66d,1785277231691,sender,0,False,,,,False
5566fbbf-d5d5-56fa-892c-fd669c526d36,1785277231748,sender,0,False,,,,False
5c88196d-dfc6-58b3-86dd-a0e8516a03a2,1785277231750,sender,0,False,,,,False
c0783214-2eaa-5b79-a96c-3ba1929928c9,1785277231783,sender,0,False,,,,False
a2630305-7230-5c41-97b1-25fe92c1ad3c,1785277231784,sender,0,False,,,,False
2661bc5e-b942-5aac-a915-ddd8e168197c,1785277231828,sender,0,False,,,,False
fc18c15b-fa8f-58a9-8d22-2cf50d9948ad,1785277231868,sender,0,False,,,,False
8aca5b99-7c4f-5f34-9ad9-139f8158ba12,1785277231868,sender,0,False,,,,False
1b444fda-e829-57d5-b75d-75b280f6be2d,1785277231869,sender,0,False,,,,False
5b47111c-425b-5dbc-abef-b409417ab72d,1785277231949,sender,0,False,,,,False
69e034e0-e9f9-5dd1-993f-1793f610a860,1785277231951,sender,0,False,,,,False
7e41e7d0-aa45-5626-b1d2-8431a0b2a3e2,1785277232009,sender,0,False,,,,False
7d0a9654-a486-5b55-bd39-ebde59d67c0c,1785277232044,sender,0,False,,,,False
15eda89f-3775-54d9-854d-707afdb24fd2,1785277232104,sender,0,False,,,,False
eaa88d3a-e2e2-517a-bdb6-71a12e5fee3a,1785277232172,sender,0,False,,,,False
0244d866-2a1a-5a1b-ab45-b18ed6b6fd4d,1785277232221,sender,0,False,,,,False
8f463af9-8294-578a-be6e-fbdd9281b3e4,1785277232222,sender,0,False,,,,False
9246710d-617a-5999-bcf1-19f21bc5f1af,1785277232237,sender,0,False,,,,False
6ea7d760-7836-52a1-98f0-88759acd3c0e,1785277232296,sender,0,False,,,,False
eadfdfb1-33d0-5381-aff8-23a4fd94ced1,1785277232297,sender,0,False,,,,False
c66250d2-61ed-5964-afc5-51031dcd8ddc,1785277232334,sender,0,False,,,,False
9b5ddd4b-6ecb-5b48-b8c9-96efa174405f,1785277232350,sender,0,False,,,,False
6da2a282-f1df-59f5-be52-0d80c3d40c92,1785277232388,sender,0,False,,,,False
91365c99-e072-5ad5-97cf-d6c5d80d7885,1785277232389,sender,0,False,,,,False
4ae1763e-eeb2-5a0d-9dbc-910edf3e4a43,1785277232455,sender,0,False,,,,False
13c2be3d-220c-5bd8-be80-711fa68da48d,1785277232586,sender,0,False,,,,False
4116fac6-9808-5115-98c2-cbf6c8cca78d,1785277232587,sender,0,False,,,,False
8bfc9763-4eb8-5757-9575-f8adf7e2ff1a,1785277232588,sender,0,False,,,,False
ed607e8e-a6db-55ef-8222-fdd27b5bd2f7,1785277232669,sender,0,False,,,,False
02e1d695-99a3-5864-8c78-97c284b40e9f,1785277232674,sender,0,False,,,,False
bfbe7e29-dfd5-5653-8093-28d1f73d9c4e,1785277232714,sender,0,False,,,,False
2d87f424-c373-5334-a5d2-22e587655e8b,1785277232715,sender,0,False,,,,False
1bef5067-3802-5eed-afdf-4ba5f97b693a,1785277232716,sender,0,False,,,,False
8b6dc6f8-3566-55d6-8698-68e0eb7e7b92,1785277232861,sender,0,False,,,,False
e4d0825f-3739-57d7-9245-2d1cf36ceafe,1785277232897,sender,0,False,,,,False
db21b0ab-6cdb-59eb-8dbf-2f99b1eacd58,1785277232899,sender,0,False,,,,False
a54125c5-6451-5f9c-9fbc-e05e5886cda2,1785277232900,sender,0,False,,,,False
719e3182-4b9b-5544-a8fd-8897d9bd65a2,1785277232981,sender,0,False,,,,False
5825a977-7490-5cb6-9eef-80a390686f08,1785277232989,sender,0,False,,,,False
5aaff15b-697d-52a1-b8ad-8b3b8cb11ae1,1785277233029,sender,0,False,,,,False
0427f4e0-90d9-5933-8703-79df876974ae,1785277233030,sender,0,False,,,,False
a01e7a9e-7029-5eaf-b34a-853d6bcda998,1785277233159,sender,0,False,,,,False
95935b52-5d7c-58f0-9e8e-5c90c0ca5c5b,1785277233165,sender,0,False,,,,False
47b9467d-b3dc-5329-8935-d372e61927e3,1785277233260,sender,0,False,,,,False
cacafb0e-060f-5add-a126-836dd639306a,1785277233291,sender,0,False,,,,False
b8a9a43a-e3db-5b62-9718-e6b9b0adcba0,1785277233338,sender,0,False,,,,False
2349c4fb-03d7-5e00-8d2c-4ff36fc67506,1785277233377,sender,0,False,,,,False
36fbf47a-514e-546f-9594-4bf0b38dc1e9,1785277233378,sender,0,False,,,,False
a50d47b1-2731-5fcf-a2f3-3eb44a981a6f,1785277233422,sender,0,False,,,,False
8935f083-447a-5a6b-b317-424c45ed94f8,1785277233461,sender,0,False,,,,False
507baaa8-76c2-5850-a57e-03b40634265c,1785277233462,sender,0,False,,,,False
9a775f2a-870e-5f92-a3f0-d89f5d787548,1785277233464,sender,0,False,,,,False
8c57866d-085a-56f2-a779-5d60619ed721,1785277233513,sender,0,False,,,,False
0281caa1-8fdf-5275-942e-37298d835a21,1785277233625,sender,0,False,,,,False
d9f0c471-07aa-5204-a79c-910f9c0e6f7e,1785277233627,sender,0,False,,,,False
1b95061a-963a-5578-8c05-a2cb2df90c20,1785277233675,sender,0,False,,,,False
b6658113-d9b0-574f-b686-c7149c4c3d54,1785277233677,sender,0,False,,,,False
8a8856a1-037a-5995-9f86-fffa1645998f,1785277233730,sender,0,False,,,,False
e6e428a4-ef73-5b37-a5a7-e685d9d93638,1785277233732,sender,0,False,,,,False
9001c045-e872-5c97-907d-75239c7f4425,1785277233749,sender,0,False,,,,False
3d540a18-5439-557b-88f9-35f7b87133fa,1785277233786,sender,0,False,,,,False
5634393d-1368-586b-a09a-384797f5e8c4,1785277233787,sender,0,False,,,,False
81e05264-a366-5cf8-9925-db9fe1a59fe4,1785277233895,sender,0,False,,,,False
d2a11eeb-b53e-549c-9595-ea7826c885f3,1785277233914,sender,0,False,,,,False
5f318517-3a73-5939-b611-1e84db9b2a2f,1785277233916,sender,0,False,,,,False
9274cc77-ee5c-5163-9e9c-2140ee44dd83,1785277233963,sender,0,False,,,,False
79f9d47f-05fe-5ac4-9c8f-d7a09408d33e,1785277234072,sender,0,False,,,,False
ebb7926a-4eb0-58ed-9a41-515abeb80489,1785277234142,sender,0,False,,,,False
758464bd-9fc9-5df1-aa26-43750aaf358f,1785277234143,sender,0,False,,,,False
b10cc39a-b806-5e55-a3ce-831d90b0189b,1785277234145,sender,0,False,,,,False
87319293-da3b-5fdf-8a77-50435d7248de,1785277234233,sender,0,False,,,,False
7a8485fd-37a5-575e-b5a2-742501a6f727,1785277234234,sender,0,False,,,,False
6b73626b-0e0c-5631-9d82-c74f185da11e,1785277234236,sender,0,False,,,,False
88a07e4e-50ef-59b7-8e48-205722a4ea4f,1785277234238,sender,0,False,,,,False
c3feb0f1-ea81-5969-83ee-f38cb081eb38,1785277234265,sender,0,False,,,,False
d4f88342-f355-594d-8057-f23aa2e9d416,1785277234362,sender,0,False,,,,False
c26f801d-fbe3-54bc-9fad-a44a72020622,1785277234399,sender,0,False,,,,False
6df6835b-4707-59ca-a065-051951d63b9b,1785277234562,sender,0,False,,,,False
e46b472c-1dc7-5b8a-a514-c5fb435a0f29,1785277234563,sender,0,False,,,,False
91b03d2c-db6a-5703-b83c-bb69c863c26a,1785277234682,sender,0,False,,,,False
50b12aaf-c618-51d9-8057-dbd11d84f2c7,1785277234684,sender,0,False,,,,False
518f9cca-9772-54ce-83ad-f5f8badf5da1,1785277234733,sender,0,False,,,,False
9d3f25a7-0533-52c7-9234-496e6fd4c85d,1785277234734,sender,0,False,,,,False
2323a295-15de-5edc-a433-3f8c95f532a3,1785277234761,sender,0,False,,,,False
8a64da97-353e-53ab-a3e5-a790203d08a4,1785277234778,sender,0,False,,,,False
f7608a6c-07a9-5b38-9e6a-ff8d9d8963c1,1785277234859,sender,0,False,,,,False
0b9a54de-85c3-5cab-a3d5-a707708f0ef7,1785277234859,sender,0,False,,,,False
4b3a1b1a-f3c5-5916-80ec-c8ec2cfd5cfa,1785277234911,sender,0,False,,,,False
e08460a1-2679-5151-99a2-78ef5cf3ce15,1785277234912,sender,0,False,,,,False
244042f1-5e68-5172-90ef-8e6f25fe32e2,1785277234967,sender,0,False,,,,False
a5a1d361-218b-5112-943a-0d7617b3d369,1785277234987,sender,0,False,,,,False
52ea877d-030c-5e4c-a769-2c7b2b2b8181,1785277235014,sender,0,False,,,,False
8eb797c8-a2b2-599e-89f3-b640b6c991a1,1785277235042,sender,0,False,,,,False
b91112f1-7968-5440-921c-9687920e8fd1,1785277235097,sender,0,False,,,,False
444b5a0f-a404-59a9-b13f-461dd2d10cd5,1785277235099,sender,0,False,,,,False
20f83b9c-855d-5aba-9970-ae67c3a03da5,1785277235157,sender,0,False,,,,False
975ae3f7-d664-50b2-a4ed-cbdae8b78099,1785277235158,sender,0,False,,,,False
0ebd7989-1c51-55aa-bb7e-b2f96f94b2ed,1785277235222,sender,0,False,,,,False
afca513c-dcfa-5c2b-959b-191e26997072,1785277235223,sender,0,False,,,,False
9000470c-9e3d-514f-a8f1-5c40a56e05f6,1785277235341,sender,0,False,,,,False
b40865e5-225e-5cba-ae56-2e67ac56d39e,1785277235342,sender,0,False,,,,False
e8ee0926-bc69-50eb-a462-459786afc6f4,1785277235344,sender,0,False,,,,False
d0abb72e-59f4-51ab-9bb8-2824b5aef104,1785277235456,sender,0,False,,,,False
5a6394f2-2c63-519d-8737-9f379c756169,1785277235520,sender,0,False,,,,False
92f3d9f2-b9b3-515c-97f0-78708237dbb0,1785277235521,sender,0,False,,,,False
da5458e5-2a2e-57c8-b0df-ac201d21b116,1785277235522,sender,0,False,,,,False
e2938645-c0b7-5b3f-83b9-d2ea8fcd42bf,1785277235524,sender,0,False,,,,False
1c12a29b-be8d-5d38-87e4-c6233b517b36,1785277235629,sender,0,False,,,,False
0a6acf34-53ed-50ca-823c-81431907e5e0,1785277235630,sender,0,False,,,,False
1ef48bc9-77a4-504b-bb7c-d5737b525f26,1785277235631,sender,0,False,,,,False
403e19ff-e7f1-5b13-b0e9-27899ca07b37,1785277235678,sender,0,False,,,,False
63508d13-425e-5a1f-a071-4b96449a6e39,1785277235680,sender,0,False,,,,False
44979c5f-6213-5980-aef9-e742502a9ff9,1785277235716,sender,0,False,,,,False
eed31ecd-8086-52f8-8f09-310fac596296,1785277235717,sender,0,False,,,,False
8911d949-5454-5bfd-b39d-abbaf726f06d,1785277235813,sender,0,False,,,,False
84bf6df4-4c3a-50bc-a3bf-36df95a6c056,1785277235930,sender,0,False,,,,False
599026b9-bd38-5c58-9703-65dc466935f6,1785277235974,sender,0,False,,,,False
c483ea18-71ab-5a00-b8fc-3e27109bab9a,1785277236011,sender,0,False,,,,False
81428ce1-4546-5fca-8353-e73f377460d5,1785277236064,sender,0,False,,,,False
d647d68d-73f9-5c0f-b7de-46fbdabae5a7,1785277236081,sender,0,False,,,,False
7a430d3c-f72f-53f1-b03c-eb14f66f83c0,1785277236190,sender,0,False,,,,False
d6676b8e-bf5e-5e7a-b5cc-9530b77a04cf,1785277236191,sender,0,False,,,,False
06c36ce3-6691-5240-8c40-dd62c19fca44,1785277236193,sender,0,False,,,,False
4946bbb2-84d2-5c80-a582-992fe9d3d19a,1785277236237,sender,0,False,,,,False
e1a4e7e1-4329-57f4-b02f-cf70e10dd33e,1785277236240,sender,0,False,,,,False
a70b89f0-76fe-5861-b54a-a58dfec79044,1785277236282,sender,0,False,,,,False
22ef39e1-fd1f-5fab-86d5-66d816016a43,1785277236284,sender,0,False,,,,False
1d890d56-02bc-51e5-950f-4f378facef20,1785277236326,sender,0,False,,,,False
c0873960-9290-5d02-be26-47d381e12e1b,1785277236330,sender,0,False,,,,False
ade4fd0c-6b42-5c7b-82be-1aadf7cc1a6c,1785277236385,sender,0,False,,,,False
dca3c6b2-a6c7-5a77-8239-939d7fc0595b,1785277236483,sender,0,False,,,,False
2c21e10b-98e1-5148-875e-145d21e8ca0e,1785277236484,sender,0,False,,,,False
8f99dcf2-43b9-574b-b99c-d15c4685ab40,1785277236570,sender,0,False,,,,False
2088a8c9-6eed-513f-8fcf-7f491da76c9a,1785277236686,sender,0,False,,,,False
d67ca938-a47d-5d5c-82a7-0e41529fbb50,1785277236687,sender,0,False,,,,False
9bfc36fb-74fc-5f3c-b0ed-37c5a4e7f2db,1785277236688,sender,0,False,,,,False
9477c113-1a81-52fb-8149-843041bade57,1785277236752,sender,0,False,,,,False
20276252-0c90-508d-84f5-53b31c37a8a4,1785277236769,sender,0,False,,,,False
1bbeb230-408f-58b5-b900-293e8141b5c0,1785277236800,sender,0,False,,,,False
377682b8-f8b7-50b9-923b-b593aa6d8ebb,1785277236801,sender,0,False,,,,False
b99cab90-1eba-597c-95ab-a5cd3cf679a4,1785277236820,sender,0,False,,,,False
5195895a-f4e8-588f-8aa3-e6b08e8d7e71,1785277236861,sender,0,False,,,,False
4c12954d-dfe1-5a9d-82ed-d102c6e66083,1785277236862,sender,0,False,,,,False
8426f5a9-1f4b-5e27-b802-9bf1ea8aa758,1785277236944,sender,0,False,,,,False
66c45575-c146-5df1-a35a-df22d171de05,1785277236993,sender,0,False,,,,False
cc20fc8b-f6f3-5fbb-9d66-84a488558c2a,1785277237049,sender,0,False,,,,False
981be6f2-fd49-5d62-9815-bc7740cce25a,1785277237055,sender,0,False,,,,False
fa878de2-bf06-5e27-aedb-9bb2d5a19b2e,1785277237139,sender,0,False,,,,False
8c8bece5-4df0-568e-8468-6622bd52a3b4,1785277237140,sender,0,False,,,,False
67fd5ce5-07f3-5831-80d4-06924ee90737,1785277237141,sender,0,False,,,,False
de3ad56d-befa-53c6-a7ea-b687d8619c24,1785277237226,sender,0,False,,,,False
cc896526-ddd2-54b0-b9e1-406c52cb9616,1785277237226,sender,0,False,,,,False
093ebaaa-a33d-51a6-9b9c-e4ceb4042aca,1785277237304,sender,0,False,,,,False
50cb6662-d551-55c2-bf70-b5442bdbbc1a,1785277237327,sender,0,False,,,,False
5b2d064d-b4b9-5421-9f66-06683bcece5a,1785277237352,sender,0,False,,,,False
6786b77c-9bc1-57b9-a7a1-c0e0567b4a91,1785277237354,sender,0,False,,,,False
923b3336-82b8-5c20-9408-bfa636cefa69,1785277237384,sender,0,False,,,,False
d726fe39-3d82-5ec8-9ca0-c2a29e85672a,1785277237538,sender,0,False,,,,False
75b07e6a-e262-5103-ac5f-9ed727c1b004,1785277237540,sender,0,False,,,,False
9225ae59-8d08-5749-8b5a-d8fd5a66b80d,1785277237598,sender,0,False,,,,False
fef2fd1d-2574-585f-a1b8-b5fa5f4c8b58,1785277237600,sender,0,False,,,,False
2b68abd1-f9ee-56f1-a3dd-543c72c9db4b,1785277237673,sender,0,False,,,,False
ebdf0a66-8075-5a26-bb95-48a626af7cde,1785277237674,sender,0,False,,,,False
35029ac3-37d1-5093-9bfd-862e66ed9d94,1785277237698,sender,0,False,,,,False
c5d86b59-510c-5d49-94b3-09c27d75aea1,1785277237767,sender,0,False,,,,False
d29c216f-8524-5b39-81d9-b4cb67d4662c,1785277237793,sender,0,False,,,,False
8ef50ce8-bed4-50b6-af34-2f78ace61249,1785277237793,sender,0,False,,,,False
e2e36a2f-d6c8-5fae-a267-c34071348ae6,1785277237845,sender,0,False,,,,False
ffa75e35-e116-5b10-a319-dbc68b3b59bb,1785277237846,sender,0,False,,,,False
e9a130c1-797a-5b65-8a8d-3933ee3fbc24,1785277237940,sender,0,False,,,,False
5f4c4b6c-d4cf-5a91-ae85-d877093327e5,1785277237983,sender,0,False,,,,False
9e19daf9-6123-554d-a67d-f9126888e49a,1785277237984,sender,0,False,,,,False
d5af54ce-fbbb-5899-b936-bde7b8203946,1785277237985,sender,0,False,,,,False
d6d220ac-ee8a-5f6f-ac1d-39e7542a3b59,1785277238180,sender,0,False,,,,False
f6eb7b14-d243-5c5b-8fea-cfa7b6177e5f,1785277238181,sender,0,False,,,,False
ed75e10b-aac8-594d-a8ab-52b4a4379a10,1785277238182,sender,0,False,,,,False
c15e9d35-1cf1-5101-aa3c-ffa15dad875f,1785277238183,sender,0,False,,,,False
2222cc7d-4b07-5b24-a18d-794d1b26c27d,1785277238222,sender,0,False,,,,False
a4142f08-2f75-5252-9053-63cbf534dd70,1785277238223,sender,0,False,,,,False
d3263cb9-99a8-5ae6-8414-3d3d76a4bc13,1785277238251,sender,0,False,,,,False
cc5447bb-1265-562a-ac34-d51cf5b71a8a,1785277238253,sender,0,False,,,,False
c040098e-1c90-50b0-bd96-711140c07cae,1785277238390,sender,0,False,,,,False
7a0216f3-879c-5e9c-949f-2543fc4646d2,1785277238443,sender,0,False,,,,False
e68d3f2a-dc69-5836-892a-3da2f6abb4d2,1785277238537,sender,0,False,,,,False
e8f63079-8daa-58d8-9bbc-ef53691e4870,1785277238566,sender,0,False,,,,False
05f9982d-2982-5205-a751-b5eff9d7838f,1785277238570,sender,0,False,,,,False
f88ff044-a5ce-598c-8b66-aa40efbae491,1785277238571,sender,0,False,,,,False
61b48034-86ee-5f4a-8db0-5af449f35522,1785277238619,sender,0,False,,,,False
138e1055-6dc7-5a0c-aeb1-f62cfa1223a7,1785277238650,sender,0,False,,,,False
410c800c-0037-590e-90fe-5d3a7ca54d91,1785277238653,sender,0,False,,,,False
e687486a-2a49-53ee-b577-e60da07c248a,1785277238703,sender,0,False,,,,False
04cecfe4-9fa7-5514-9955-54937d0048cd,1785277238725,sender,0,False,,,,False
7ef613d4-6eb4-5b82-a395-c28dfa6c6570,1785277238813,sender,0,False,,,,False
59c08216-6b91-5c8d-a137-976b86744b96,1785277238871,sender,0,False,,,,False
cefa5c88-7f7a-5690-9a71-67f0a8784c78,1785277238872,sender,0,False,,,,False
90f6ae00-0d5b-517e-a791-827f3d3f048b,1785277238873,sender,0,False,,,,False
c96a5351-b531-5e0d-97d2-7cda0a7c7718,1785277238875,sender,0,False,,,,False
8fff41f4-5636-5179-80f1-8ec25d8133e6,1785277238912,sender,0,False,,,,False
f7fe1cdc-4c9e-5cbe-81d3-845c063349f8,1785277238968,sender,0,False,,,,False
9fc16d59-3a3f-5726-9dbb-8637b4661a8f,1785277239021,sender,0,False,,,,False
753f7632-f5b5-558f-b65e-d65995cdf37c,1785277239146,sender,0,False,,,,False
f4dbe03b-6648-5d30-bd10-771945f6fe06,1785277239232,sender,0,False,,,,False
3a0fec3e-ee15-5fe6-9732-90d98b775c9e,1785277239403,sender,0,False,,,,False
ec0cd56f-3321-573f-804c-5014f4a865c5,1785277239405,sender,0,False,,,,False
df8204ed-e0d5-5da0-bc31-e8a3eb9b27e9,1785277239406,sender,0,False,,,,False
eb3a53c7-6ba6-5f2f-b6a8-c257477c6c9c,1785277239408,sender,0,False,,,,False
d65c538a-9ce6-5314-b07b-c83c23e11fa0,1785277239410,sender,0,False,,,,False
0cf15eec-0b6a-5039-99ff-d5d15ce481a3,1785277239414,sender,0,False,,,,False
c9b2857d-517a-51b3-beab-a11754f20323,1785277239432,sender,0,False,,,,False
c1de983b-07e5-50ff-b9d2-0ad2624f11e4,1785277239437,sender,0,False,,,,False
c4eabb08-35b1-54be-ac11-782c366f259e,1785277239786,sender,0,False,,,,False
2da8e312-dd78-558e-a20d-452b41683c91,1785277239791,sender,0,False,,,,False
f824cea4-6c0f-57c0-966b-1ad8884ed5d2,1785277239792,sender,0,False,,,,False
0cccb397-c208-5729-ac95-acb22c4d8fee,1785277239793,sender,0,False,,,,False
5aab94ee-d6cd-544d-9a89-3eb7ff0e7ec2,1785277239819,sender,0,False,,,,False
6becff90-e46f-5ff1-91a2-f21656d92862,1785277239820,sender,0,False,,,,False
2e9594a0-8705-55af-902e-e0c92c31bd15,1785277239821,sender,0,False,,,,False
c30d51f2-23bd-57df-9f89-ff4ef0524b6e,1785277239845,sender,0,False,,,,False
ab8e7a4d-4e73-5c0f-b277-884807701b96,1785277239959,sender,0,False,,,,False
c5b7bb65-fc73-563b-8f3c-f502bbbb0bc0,1785277240217,sender,0,False,,,,False
eab238f8-9707-5b5a-b841-11f9b0afe0d4,1785277240219,sender,0,False,,,,False
9d1f2299-4c5d-54b2-9121-97c198e13f4b,1785277240252,sender,0,False,,,,False
d60d929a-2248-51bc-8152-b86649181a05,1785277240253,sender,0,False,,,,False
3bbfaa7d-6739-5075-832f-10459db5ceef,1785277240270,sender,0,False,,,,False
da9eb3e4-73dc-5a47-b2cc-58fd98679269,1785277240291,sender,0,False,,,,False
37def3b4-4a13-5b23-833d-a9a06b459440,1785277240293,sender,0,False,,,,False
dda34679-d232-5441-ae1c-732e359bf535,1785277240294,sender,0,False,,,,False
f98985a5-af37-5d73-b0f6-4dc803b1eefd,1785277240376,sender,0,False,,,,False
45a62378-e2b6-52d7-8200-cfe362eb62f8,1785277240417,sender,0,False,,,,False
9966f0bc-fa81-511b-ba35-81c6dced45f7,1785277240490,sender,0,False,,,,False
f373e102-107c-5b34-8f25-ac086007ef97,1785277240618,sender,0,False,,,,False
076cf4d0-fc25-55b7-b1ab-a5e20049ed00,1785277240619,sender,0,False,,,,False
d23884b6-f2dc-5e6c-b8a3-4153226d7c78,1785277240622,sender,0,False,,,,False
a2fcd2ce-4327-5641-a6db-16db7f5cbffb,1785277240690,sender,0,False,,,,False
339fa9a3-a598-55f8-9bb0-ac3167462e1d,1785277240692,sender,0,False,,,,False
55b0cb36-708f-5a01-96e1-3269d87f4b79,1785277240760,sender,0,False,,,,False
2ca1cdc2-f132-5144-9a01-58fdad3a0fbe,1785277240761,sender,0,False,,,,False
5f006835-0e6e-5f3e-a908-af60c5f50f8b,1785277240762,sender,0,False,,,,False
f5401d0e-5738-5ac9-8a93-4802e2efa845,1785277240835,sender,0,False,,,,False
053e7ab4-5b5a-5ded-a6cb-b077dd72acb1,1785277240870,sender,0,False,,,,False
46b7236e-90a4-5d6b-a022-9cd4ee70be78,1785277240889,sender,0,False,,,,False
a268f513-8098-5c2e-a4a9-2864ff8e2631,1785277240919,sender,0,False,,,,False
40574335-e9ca-5cd6-9d2e-7fa4aaa35cae,1785277240991,sender,0,False,,,,False
e5a74ca9-ea02-523c-a72d-3624563ab0e6,1785277240993,sender,0,False,,,,False
2b12be5f-59f2-5a66-8eeb-7f35e63b9b97,1785277241030,sender,0,False,,,,False
2311a86b-2f16-5704-8b95-05a4e53804f1,1785277241061,sender,0,False,,,,False
6d4eeceb-4e84-5685-b5f2-87b553a3ec8f,1785277241141,sender,0,False,,,,False
c4a25084-f6ac-54e7-ac07-da61836734f7,1785277241142,sender,0,False,,,,False
cdbc7ec1-bb31-56f5-99a0-67adb3ceba26,1785277241203,sender,0,False,,,,False
93944a2a-3604-54b2-b7ba-3482ac9ae941,1785277241204,sender,0,False,,,,False
0b494128-214b-5826-bef0-7c32f6ecb096,1785277241206,sender,0,False,,,,False
6c5ce51f-8e42-5600-9203-5200a8c14b76,1785277241225,sender,0,False,,,,False
1c780466-8be5-5b65-9b4b-9dd22d58f29d,1785277241226,sender,0,False,,,,False
4c398674-0443-5f20-ab4c-78547586ab03,1785277241308,sender,0,False,,,,False
09fa45b2-1e0c-5ba5-8c76-66f3628e79d1,1785277241352,sender,0,False,,,,False
37deeb0d-ff1c-58af-95a4-0b57800b0cde,1785277241353,sender,0,False,,,,False
fc9e6f6d-a402-5743-b6ee-f882af6296d9,1785277241484,sender,0,False,,,,False
b8d197ea-ff31-5bd0-bdb2-4256c77165a6,1785277241485,sender,0,False,,,,False
9e66c45a-d8b6-5705-9c9d-89a4cffdab4f,1785277241487,sender,0,False,,,,False
9be6efcd-7ad8-53a4-ad4b-dc83b22b0592,1785277241523,sender,0,False,,,,False
f9f306a9-d555-5f81-b622-e629e6c0d6ba,1785277241620,sender,0,False,,,,False
5a2de09f-8e6b-505c-a6ae-1dda51b5180e,1785277241621,sender,0,False,,,,False
1005dff7-9bbc-5778-8cdb-6e704ea3956f,1785277241647,sender,0,False,,,,False
63f2370c-8976-5297-b39b-1b6f76416a4a,1785277241683,sender,0,False,,,,False
a6c8a7ad-aa59-5e50-a361-2098aaf840ef,1785277241685,sender,0,False,,,,False
026a36a0-1b18-5921-a800-9bcf7e067684,1785277241731,sender,0,False,,,,False
93c6212d-b79b-5d9c-a859-c0d1b90d46b9,1785277241765,sender,0,False,,,,False
9d72434b-e2e9-5227-8f5c-124cb331aef6,1785277241804,sender,0,False,,,,False
b6fca258-b926-5e37-a2d2-cf5374989877,1785277241856,sender,0,False,,,,False
564fbafb-9be1-53d5-bce8-115f805927ed,1785277241857,sender,0,False,,,,False
957d92fc-64b5-59cb-ab35-e23055093953,1785277241898,sender,0,False,,,,False
7e5b829d-af09-5108-8f75-1201b732f4dd,1785277241994,sender,0,False,,,,False
42b176b0-a313-5d72-b11b-aa13c04e1f96,1785277241995,sender,0,False,,,,False
ad00ab2d-715e-5501-bae0-3ae16190cc10,1785277242024,sender,0,False,,,,False
811e5cb1-7297-5d84-8ef9-2cd4e2ba339d,1785277242078,sender,0,False,,,,False
80edca06-758c-5e3c-afc6-1c8290e0f20a,1785277242079,sender,0,False,,,,False
656d7f19-4cf0-5829-a6c6-4c33637ffa26,1785277242230,sender,0,False,,,,False
760d14c7-9e7b-57b4-8c82-493ae075dfb0,1785277242232,sender,0,False,,,,False
d719a947-cf82-572a-9e28-1a0539ef1dba,1785277242252,sender,0,False,,,,False
389796c2-3756-5a8e-935e-35e0607dfc90,1785277242253,sender,0,False,,,,False
e07cb9ae-148d-5c34-8621-6a7bae612f14,1785277242260,sender,0,False,,,,False
523248b5-b06b-5c54-835a-b32ca4143fd6,1785277242295,sender,0,False,,,,False
c01048d8-8a2b-512b-a0cd-51c2037c309a,1785277242296,sender,0,False,,,,False
7b623178-4096-5b15-9ebd-df4ad1872ad7,1785277242298,sender,0,False,,,,False
c8023c34-f9d7-5a35-979e-23fd06fc91b3,1785277242480,sender,0,False,,,,False
8a387ac9-17bf-5d24-aaa8-9361ec4b6167,1785277242522,sender,0,False,,,,False
a5a64ea2-1655-56a5-9a68-7a15debaef13,1785277242523,sender,0,False,,,,False
b156e6d3-ba50-514d-964c-869218fb33d9,1785277242524,sender,0,False,,,,False
60fd0234-6385-55d0-b8ca-c55d50ec1185,1785277242658,sender,0,False,,,,False
75e0144c-bfb9-55eb-b221-1ce5853ca226,1785277242754,sender,0,False,,,,False
755e8ba1-e8b1-5586-b92c-82b326b59868,1785277242755,sender,0,False,,,,False
b687f4e4-1390-53a0-91b8-bc9f56927264,1785277242756,sender,0,False,,,,False
1890a7bd-5b9c-5d2f-9a66-c6e81df7bd8b,1785277242838,sender,0,False,,,,False
c4087718-a9a5-5181-b98a-5715de2fa366,1785277242869,sender,0,False,,,,False
f527f0d7-8646-5d21-bf3c-10455810f9ce,1785277242871,sender,0,False,,,,False
7cdb4769-1c42-5885-a05e-b55f75b08771,1785277242872,sender,0,False,,,,False
012e0110-0ba3-5947-8fce-3f0434042b41,1785277242930,sender,0,False,,,,False
73d06821-48f7-54c2-9e4e-e91ffee472a0,1785277243024,sender,0,False,,,,False
8e53e362-3af4-56ef-9295-b624a338e14e,1785277243027,sender,0,False,,,,False
837fb9ad-bf46-5155-a8db-fd50b4059abd,1785277243029,sender,0,False,,,,False
ed1baea0-0ea6-51ae-8a7d-b23738a9d397,1785277243131,sender,0,False,,,,False
ab1925d3-59e9-574d-8ab2-dba1cc6d6ee1,1785277243192,sender,0,False,,,,False
ce40077c-24ea-5164-b0f8-d15aefae116c,1785277243253,sender,0,False,,,,False
5b1d23da-b9b6-5fa4-89dc-65b6f5ff50d8,1785277243254,sender,0,False,,,,False
aaa3b116-6832-56c5-ba0f-18d3c08c4fe0,1785277243316,sender,0,False,,,,False
2e7d4698-9cb9-57e9-b1ff-c451ea8cb402,1785277243316,sender,0,False,,,,False
bb676b32-652b-5fc3-ae39-88a312914747,1785277243318,sender,0,False,,,,False
67400ed6-27b4-5da6-ae6d-629d7b9a752d,1785277243360,sender,0,False,,,,False
4172fbcf-7db8-579f-bed5-ce694a8cc1df,1785277243361,sender,0,False,,,,False
79649312-c28d-54df-ab07-831a818e49ef,1785277243410,sender,0,False,,,,False
c39cba45-9ba1-50f2-b724-12f19b26dc70,1785277243444,sender,0,False,,,,False
a651e11f-7ae5-54c8-b579-517344bbefd3,1785277243535,sender,0,False,,,,False
9c3999d6-87a8-552c-af2e-51d64cbc69ae,1785277243617,sender,0,False,,,,False
0fac32fe-a21a-5f90-b1c4-555239ecce99,1785277243628,sender,0,False,,,,False
dc2cf55b-2535-5ee7-b1f7-e6442cd14357,1785277243665,sender,0,False,,,,False
e8239f7c-a98c-59c5-9d8c-9021ebb36422,1785277243698,sender,0,False,,,,False
5495ff15-6cf9-52d9-9c48-f6785d234d07,1785277243699,sender,0,False,,,,False
3a021325-681b-5dc8-b6ba-f20297df5da1,1785277243700,sender,0,False,,,,False
ef95a5dd-5ff1-50e2-bcfb-3e86a2268fae,1785277243701,sender,0,False,,,,False
e0c23fc8-2462-5a0f-b030-ef36ff4b756c,1785277243703,sender,0,False,,,,False
e888f780-c36a-5770-9949-3d2093918972,1785277243835,sender,0,False,,,,False
0b289bfd-383c-5483-b69a-80bd514f23ce,1785277243869,sender,0,False,,,,False
1618704e-32ff-5eae-a3ae-de9ef1061c23,1785277243899,sender,0,False,,,,False
d683ccb3-4e50-5824-9b74-5548fadcd1d4,1785277243944,sender,0,False,,,,False
5f63900d-09b9-5ed1-973b-3af5a9ca5c0c,1785277243945,sender,0,False,,,,False
bd062906-ebc6-5e02-8ab1-5fb3ce88951d,1785277243946,sender,0,False,,,,False
f6de160f-e275-5a31-b705-37fcc2f6db6a,1785277244002,sender,0,False,,,,False
326eb403-89a5-5191-b4db-d3bf73d729b3,1785277244002,sender,0,False,,,,False
a4281d1d-918e-5ff3-a1c3-9332e2b4f855,1785277244072,sender,0,False,,,,False
8019ec08-7a7e-5f64-be73-971a0d7033a7,1785277244072,sender,0,False,,,,False
d94c2cfd-c2ec-5400-b004-9c352bb3b9ea,1785277244136,sender,0,False,,,,False
6a99bea9-4b0c-5a2b-be78-3e59253b1348,1785277244137,sender,0,False,,,,False
e8df2d56-1846-5ad1-ba8f-75338c8585f8,1785277244181,sender,0,False,,,,False
93077c19-46ca-5ac7-9403-345107a12671,1785277244210,sender,0,False,,,,False
4532ea7e-4667-52bd-872f-0c1058db23cb,1785277244211,sender,0,False,,,,False
4bec3f1d-22c9-5e39-b75d-d686d05b17bc,1785277244267,sender,0,False,,,,False
21a06e89-e063-5d33-96e2-e2c5792da10c,1785277244310,sender,0,False,,,,False
cd05e8bc-fe23-5eec-a75b-4f56e6a2c409,1785277244311,sender,0,False,,,,False
5780a427-ed40-519a-b883-dcf68b7a9d18,1785277244368,sender,0,False,,,,False
e40a3fd9-eaa5-5ed6-ac09-355028dabb8b,1785277244369,sender,0,False,,,,False
88be7878-2fda-5631-b48d-8383206d3dfe,1785277244422,sender,0,False,,,,False
4bac1d41-f499-53fd-9775-ec10c9cf1e53,1785277244479,sender,0,False,,,,False
77965705-cf75-5a58-b996-a54ee1c7cd2b,1785277244481,sender,0,False,,,,False
80d7a550-c04d-5b0b-97bb-3a9351b78e0c,1785277244482,sender,0,False,,,,False
abefd7bf-2300-5a8b-96d4-e075194b7a1f,1785277244587,sender,0,False,,,,False
4d8fb0ad-1cba-5049-b687-5e27808765bf,1785277244588,sender,0,False,,,,False
2d86fb0a-57e6-5468-8a12-84b46ca25ad6,1785277244660,sender,0,False,,,,False
3a64faec-b576-58aa-a197-2e18fb47598e,1785277244662,sender,0,False,,,,False
63dd302c-de5d-56d5-990e-c98f45d3b580,1785277244702,sender,0,False,,,,False
ef99e404-b2fd-5570-a5b7-6840eab604c4,1785277244704,sender,0,False,,,,False
591e4bc2-a03e-568e-ab9b-6d421905e337,1785277244706,sender,0,False,,,,False
f2fd4bc4-9c34-5e11-9bfc-8b7007306266,1785277244773,sender,0,False,,,,False
cef9dfc1-5151-533f-a272-3dd0a74ea258,1785277244839,sender,0,False,,,,False
9f659a0d-f6f7-53f2-b904-3e7b10dc3a17,1785277244840,sender,0,False,,,,False
2d8ca758-8f6a-5240-a73f-be3c09edc9f3,1785277244899,sender,0,False,,,,False
1255cfab-6f61-5bd4-9972-9dc176a56bae,1785277244938,sender,0,False,,,,False
465a26d7-1bbe-599f-a765-af496583e1a0,1785277244952,sender,0,False,,,,False
3c0c58bb-44f9-51ac-9c05-1b22e201cd8e,1785277245003,sender,0,False,,,,False
1e5c0dee-cee0-5c5e-9a12-637d44178149,1785277245005,sender,0,False,,,,False
e09526e7-e380-54d6-befc-8326754cf795,1785277245010,sender,0,False,,,,False
19f38623-b1be-59dc-b517-0f1a2be3cfcb,1785277245060,sender,0,False,,,,False
4fbe58c4-fdac-547b-a183-3ac06480b9ef,1785277245121,sender,0,False,,,,False
b2441ea6-b867-5464-8e4c-fc8cd7780310,1785277245163,sender,0,False,,,,False
4b8ebc5f-cee2-56e9-ad63-9588dc077ad1,1785277245165,sender,0,False,,,,False
ad2f5a4b-19a6-5d4c-9062-631ba26839d1,1785277245223,sender,0,False,,,,False
39d54b38-c22f-5105-a991-f9f944263bdb,1785277245224,sender,0,False,,,,False
afe641ab-c74d-5737-933b-5bfc7479196b,1785277245324,sender,0,False,,,,False
32644b32-201d-598e-ad48-9e0b43f6f9b9,1785277245325,sender,0,False,,,,False
c94daf46-c9a7-570b-a046-c1c1b06a580b,1785277245348,sender,0,False,,,,False
a2e68d4c-56d3-50bc-8593-06794dcf2aec,1785277245364,sender,0,False,,,,False
d65b0bf3-f997-5928-a5ad-fd4aac13d107,1785277245395,sender,0,False,,,,False
950807f7-7438-59ce-ac13-eb6d0643c435,1785277245410,sender,0,False,,,,False
b31d9a9f-042e-5464-bd02-2dba41b66ee5,1785277245479,sender,0,False,,,,False
8ae9bfed-8340-509d-9cae-c60c95cc6a15,1785277245480,sender,0,False,,,,False
00c487e0-3c98-572c-95be-6134f4e8b80a,1785277245529,sender,0,False,,,,False
18d19006-fe5f-5ae0-b25e-2b16c72f1b2a,1785277245532,sender,0,False,,,,False
a161170f-31d6-5564-8350-859a5c0f517b,1785277245559,sender,0,False,,,,False
f91f49ce-44cf-5fce-836a-a12f8805f9f5,1785277245561,sender,0,False,,,,False
f2406e5c-9c7b-574b-8589-720d508c243b,1785277245615,sender,0,False,,,,False
d9601b8b-5918-52df-b61d-02592aaef624,1785277245681,sender,0,False,,,,False
f301dd2e-11fd-5a9e-a04e-1d1765e79e24,1785277245682,sender,0,False,,,,False
c7001369-a7da-5d31-948e-c1b09495c420,1785277245683,sender,0,False,,,,False
ee0d1e5a-4a94-51c5-a7ac-bdbf468a2c15,1785277245698,sender,0,False,,,,False
aefa5be3-832d-59de-a7c1-4da0e377a2dd,1785277245753,sender,0,False,,,,False
795a31eb-b655-5b96-b9fc-b3fdebf90645,1785277245754,sender,0,False,,,,False
dc0ec072-ed8a-50ca-a96e-d4e1232fa717,1785277245803,sender,0,False,,,,False
87fed85d-6f75-557d-9368-058c5e50c2f7,1785277245855,sender,0,False,,,,False
8180e443-2d15-5fb1-8fc5-fa70f387d51b,1785277245906,sender,0,False,,,,False
1eee599d-9248-5358-bada-dbbc49d14533,1785277245907,sender,0,False,,,,False
fce3945e-df8f-59fc-9d6d-df9a71c62529,1785277245989,sender,0,False,,,,False
476f3637-1d9c-5d72-b93b-c9d2e52e5bf4,1785277245991,sender,0,False,,,,False
6d75ae3d-3d1c-5c40-bd54-40d9b44b59f0,1785277246050,sender,0,False,,,,False
3275d1ff-ee51-5421-a349-d60c09703812,1785277246051,sender,0,False,,,,False
b4cdae9d-40f1-5405-bd07-d5c974d8f16e,1785277246077,sender,0,False,,,,False
5bc11351-a85f-567d-951e-b5f7dabe9954,1785277246094,sender,0,False,,,,False
4eef0dd2-a634-5f80-b0b8-1ff9d60a4894,1785277246164,sender,0,False,,,,False
be8c831b-8cf8-55ab-ae1d-30bb369c6b7a,1785277246165,sender,0,False,,,,False
e0abcc7c-3a5b-54c3-a3b0-df21b36ec91e,1785277246236,sender,0,False,,,,False
922e2d36-02ce-51e2-a6f1-029c24c9a32e,1785277246237,sender,0,False,,,,False
ff609f56-7d00-5e1b-8829-dbc9e61499a8,1785277246294,sender,0,False,,,,False
4f15203e-1cd9-51cf-bd05-53a3e245ec7a,1785277246295,sender,0,False,,,,False
6e6b62b2-65cd-567e-a483-a52149f920e9,1785277246326,sender,0,False,,,,False
c60d9ebc-370b-5782-a84d-416f4ea0d9c7,1785277246354,sender,0,False,,,,False
3a37da8e-d251-59bd-9b70-8e9f1b2b1310,1785277246398,sender,0,False,,,,False
77bed3de-5a5c-56cb-80dd-6d1bb5af8ceb,1785277246400,sender,0,False,,,,False
a3d4b33e-dc7e-550e-a55c-397d9988abc5,1785277246486,sender,0,False,,,,False
b624f34d-44b4-5b28-8cdb-26f598d6570d,1785277246488,sender,0,False,,,,False
70181f8c-6788-5658-a647-217f965f49de,1785277246489,sender,0,False,,,,False
79af8fbc-6ad2-54b7-8e3f-4fb71e2c677e,1785277246570,sender,0,False,,,,False
c81588ff-61a5-53f3-ab4a-5ec2a6390adb,1785277246608,sender,0,False,,,,False
6006434c-5fdf-587d-bfca-3b25820f7c32,1785277246610,sender,0,False,,,,False
f71f3a3b-554c-5dcf-b289-8aec3c5a07dc,1785277246677,sender,0,False,,,,False
a195a436-fc89-5585-82dd-4cdab7252f2d,1785277246853,sender,0,False,,,,False
ae14cc5d-7235-5feb-bb45-fb00c4a00f3f,1785277246854,sender,0,False,,,,False
4b638920-e32d-5541-ba8a-41945c1a14da,1785277246856,sender,0,False,,,,False
585be1d7-6aff-5dbd-82da-cb2703fefa5e,1785277246861,sender,0,False,,,,False
01b53c26-42a9-5bd3-a00f-fec76b4e1b29,1785277246948,sender,0,False,,,,False
405d5397-dd11-5d47-b559-5bc697f2c5de,1785277246949,sender,0,False,,,,False
5d7f2fde-fc2b-57db-a30a-0d0dfd9aeae2,1785277246951,sender,0,False,,,,False
baab6625-7cc8-5d8b-87ac-62bc14ca31c6,1785277246952,sender,0,False,,,,False
95d9dd8b-c067-5fee-964c-19a0bc29a614,1785277247060,sender,0,False,,,,False
e2618080-6dd1-50d1-b46d-5d142cd90c95,1785277247062,sender,0,False,,,,False
fab15621-ac6e-5480-a3a5-31c9acada66b,1785277247065,sender,0,False,,,,False
e7827dd4-e9c7-53d8-a04a-002489b50137,1785277247206,sender,0,False,,,,False
177ca1b5-3d32-55bf-830c-f25431cb3e8a,1785277247237,sender,0,False,,,,False
7a68157f-01fc-5efe-aade-e5d19cd9145c,1785277247238,sender,0,False,,,,False
df248dee-a4a3-5d9a-8a36-f327a01f5a70,1785277247299,sender,0,False,,,,False
cb95418d-d3a2-532d-a985-830399e8bb64,1785277247301,sender,0,False,,,,False
386e72ad-1683-5df9-8142-9658366f67c2,1785277247345,sender,0,False,,,,False
bf587d81-afe7-5f8e-82a5-010924af0635,1785277247346,sender,0,False,,,,False
5595731a-49b0-5af9-8b1f-1f1cb19402a7,1785277247347,sender,0,False,,,,False
4f53cef5-50ae-5b0a-ad4a-2d204992a4a4,1785277247385,sender,0,False,,,,False
f461bf89-8635-5abf-be34-718997a19ce7,1785277247386,sender,0,False,,,,False
bbae5fb0-7ea6-5b1a-aa1c-868af362e7db,1785277247543,sender,0,False,,,,False
13349e28-73b0-58b8-9702-c5d5144b4538,1785277247544,sender,0,False,,,,False
5b212a8c-90e0-527a-a679-571e6e479c6c,1785277247579,sender,0,False,,,,False
7c5a99e3-b298-5ad3-b811-c36659599777,1785277247620,sender,0,False,,,,False
56478dd1-bfe5-558f-908a-0b0afdd1265e,1785277247672,sender,0,False,,,,False
8e21d597-8650-52d3-b99a-983b4a31cb3a,1785277247728,sender,0,False,,,,False
5aac2678-5801-5620-b9b9-d097e813f877,1785277247788,sender,0,False,,,,False
328daff1-012d-5f8f-94a1-9df9c5547518,1785277247789,sender,0,False,,,,False
3419aeaf-c69f-5da6-9bcb-e6fffe56b828,1785277247848,sender,0,False,,,,False
34df6533-7d11-5dcd-ac2d-c1d88776c13f,1785277247878,sender,0,False,,,,False
76ab7645-63f2-5715-a426-536c7acc0cd7,1785277247927,sender,0,False,,,,False
12fc34e1-3b92-503d-a25d-086f932c4f84,1785277247928,sender,0,False,,,,False
c502ad62-ac38-571a-b9a1-195f19f4b63b,1785277247930,sender,0,False,,,,False
cc1512e7-af3b-5fcd-95fb-71f870d77c60,1785277248001,sender,0,False,,,,False
ebec2878-2f3d-578e-b8bc-fcbaa92bc921,1785277248035,sender,0,False,,,,False
54e49597-7a4d-562c-8064-b016697237aa,1785277248038,sender,0,False,,,,False
c8e3d676-67e9-5674-aee7-797489b488b6,1785277248112,sender,0,False,,,,False
3fca7ab8-67a0-5e24-bfcd-137412f90380,1785277248169,sender,0,False,,,,False
64487e87-3c4e-5ba4-9cbd-66f7b63a7cea,1785277248216,sender,0,False,,,,False
5d8fdd24-ce0e-5f14-942e-2e5856aa059a,1785277248217,sender,0,False,,,,False
afc3da9b-98a8-5608-8a1f-bdeb237d4b51,1785277248218,sender,0,False,,,,False
d2852a31-e0a6-5ec3-986b-1758015c41a2,1785277248270,sender,0,False,,,,False
63616f2f-1148-5614-9132-eea4337a016a,1785277248272,sender,0,False,,,,False
eb89c35b-d098-54f8-adaf-da23f4584a9d,1785277248287,sender,0,False,,,,False
517578fb-7993-5ac2-8ac4-f364c0655d21,1785277248333,sender,0,False,,,,False
51052e58-3502-5fe3-8051-7c8f80a146cf,1785277248336,sender,0,False,,,,False
1792305e-47c8-5f64-9219-d3566b1aa88d,1785277248436,sender,0,False,,,,False
7422c8cd-9fb4-5c5a-b04a-93a47351dfcf,1785277248509,sender,0,False,,,,False
c77957af-4b1f-597b-b438-50c141f93651,1785277248511,sender,0,False,,,,False
222ccd2a-6591-5f48-9369-536d138529ea,1785277248594,sender,0,False,,,,False
6c4dc502-b79c-5a0c-892d-fa3bb902a1e4,1785277248595,sender,0,False,,,,False
908650e4-6f3a-5840-8f64-710666d389e3,1785277248655,sender,0,False,,,,False
4d73035c-91a5-5481-a4a3-3aa00e65292a,1785277248723,sender,0,False,,,,False
f9589e7e-08b5-5df6-a458-ffd6cf45a506,1785277248724,sender,0,False,,,,False
2c7616f4-4273-53e7-9b75-c76ab80c5764,1785277248725,sender,0,False,,,,False
1cd1273b-04ea-58e6-b3e4-53844301a3d3,1785277248726,sender,0,False,,,,False
da0bfac9-f27d-5fbc-acc4-4b39e8e376c2,1785277248726,sender,0,False,,,,False
3525eb6e-bf57-5b39-b731-9a319863fac2,1785277248844,sender,0,False,,,,False
57c388cf-3f99-5545-835a-35c58d027577,1785277248845,sender,0,False,,,,False
4bce37fe-d7ae-5b84-a832-23e0eb44b68c,1785277248846,sender,0,False,,,,False
412be1e9-4299-5b1f-a0b5-6517861cfcd5,1785277248919,sender,0,False,,,,False
1b84566c-0ced-5347-b2ea-5a9f0d784cdb,1785277248961,sender,0,False,,,,False
73e6d89e-3d25-57a1-86be-53cbec413cf9,1785277248962,sender,0,False,,,,False
10678b4c-0419-5f1f-88eb-54a4e4577dbd,1785277248963,sender,0,False,,,,False
58daae6e-ef0a-5e1c-b323-a246a82e5047,1785277249049,sender,0,False,,,,False
27c5c959-62ff-59a0-b91e-de3448244d65,1785277249082,sender,0,False,,,,False
784e5216-40b4-57d4-a7dc-71c64c0790c7,1785277249083,sender,0,False,,,,False
2996c913-ac31-508e-aaa2-3a5d4ade68d6,1785277249086,sender,0,False,,,,False
9eabdada-e1c0-534a-b975-31538fe6844f,1785277249137,sender,0,False,,,,False
f18e2a56-3372-5396-a5d9-9f1beb73ff68,1785277249233,sender,0,False,,,,False
69dd9639-c368-5ddb-81a4-4b46bda7f189,1785277249263,sender,0,False,,,,False
de6f557a-22b7-5e36-b813-951b49790201,1785277249345,sender,0,False,,,,False
503fc200-e616-5390-a218-24d6299b21de,1785277249387,sender,0,False,,,,False
52e599f7-f793-5da0-b670-ca6118255010,1785277249408,sender,0,False,,,,False
949cd9ec-f4e0-516e-8087-2092bbd67b90,1785277249453,sender,0,False,,,,False
d63d37a4-1ce3-560b-9c68-84b6b70e4f87,1785277249498,sender,0,False,,,,False
66410059-32ee-5b51-9920-1ab1119cf447,1785277249499,sender,0,False,,,,False
eee86cef-6f2b-54dd-9323-f56e6a5bfd17,1785277249530,sender,0,False,,,,False
2dbfbb70-1b8f-59dc-8ac2-c596b9681fa6,1785277249563,sender,0,False,,,,False
8ba81850-a99a-58ff-8913-9be66d7a56fc,1785277249594,sender,0,False,,,,False
1066db73-e5ae-595e-b219-922dde77e41a,1785277249674,sender,0,False,,,,False
a0916b09-f1e3-5275-86e0-4a84320f24fc,1785277249675,sender,0,False,,,,False
34013b6c-e36a-5b29-bd91-57a9b1b3bf4d,1785277249765,sender,0,False,,,,False
b7f6fbe5-df5a-57e5-acc0-7770939b8a25,1785277249766,sender,0,False,,,,False
9aaa69ea-29c3-50a6-a8a2-6f78de453443,1785277249815,sender,0,False,,,,False
f8df6f72-def9-54b4-9989-f83f44f504a9,1785277249817,sender,0,False,,,,False
82ed24d6-6dc1-50b5-8158-4cc52fc6a64a,1785277249865,sender,0,False,,,,False
972cdb41-e174-591b-ab8c-6d0bcc0f243e,1785277249865,sender,0,False,,,,False
c6cb2153-6fc9-580c-9dc3-476b45f54acd,1785277249866,sender,0,False,,,,False
da0e0908-71cf-53bc-a4f5-59aa7a7223c7,1785277249960,sender,0,False,,,,False
f64e3e1f-f7ad-5a91-a19c-2cdaebd81aea,1785277249961,sender,0,False,,,,False
cf5102f5-dd4a-5da1-848e-e5d803c41ef3,1785277249962,sender,0,False,,,,False
d1682d20-62c8-5efc-aefb-f5ac607714fc,1785277250043,sender,0,False,,,,False
53b29783-b2cb-5c11-96dd-3c257dabe979,1785277250089,sender,0,False,,,,False
57454294-2e8e-5f8b-8912-e61b9771d321,1785277250140,sender,0,False,,,,False
98d7e295-6e0c-5bbd-9285-7078d34f6689,1785277250164,sender,0,False,,,,False
f736eb3d-2b55-5f85-a475-87cdaebb7862,1785277250165,sender,0,False,,,,False
86e04a27-4da1-5ac9-89a9-b9d83b4c9a9e,1785277250183,sender,0,False,,,,False
0019083a-3ccc-56e9-bf77-f3d0cb71588c,1785277250242,sender,0,False,,,,False
2626c02b-3918-528d-9fc4-1c94261e8ed9,1785277250246,sender,0,False,,,,False
6510b9e1-d57d-5e38-94e2-0c3a869b4dea,1785277250249,sender,0,False,,,,False
4b673919-4bf8-5bdc-8139-d399471a0eb7,1785277250315,sender,0,False,,,,False
a209530f-1e3c-5b17-8ee8-902753e801bc,1785277250358,sender,0,False,,,,False
5adc744d-b920-5a3b-9fd2-ca4c48e2ccdc,1785277250360,sender,0,False,,,,False
d4cdd5b0-4550-515c-874f-aba20010ec75,1785277250391,sender,0,False,,,,False
1bd316d8-2701-54e5-b1b0-19ed6f75129b,1785277250416,sender,0,False,,,,False
c0f3fd3f-f438-56e2-8989-78f8af4d4661,1785277250519,sender,0,False,,,,False
08d8c75f-b5dc-5ca3-b137-b6d9c24d60ed,1785277250573,sender,0,False,,,,False
f831f568-051a-53fb-a89c-5fe3ca2c932d,1785277250574,sender,0,False,,,,False
6ad60b3e-a40b-50a2-8979-81da9d4b896d,1785277250576,sender,0,False,,,,False
4f675fbb-04e6-5805-8518-e27bc4546454,1785277250621,sender,0,False,,,,False
36b98d2d-a744-5cb8-b59e-d1808aa78302,1785277250622,sender,0,False,,,,False
f69532c2-73c8-5df4-90d3-46e8d168eeae,1785277250623,sender,0,False,,,,False
95d35353-b1cb-570a-b03d-8df8623f7b24,1785277250662,sender,0,False,,,,False
f5dcdfdc-4429-5e91-b724-5e5ddcab3231,1785277250755,sender,0,False,,,,False
f9a70ace-858e-5572-88f8-d81e783313f2,1785277250797,sender,0,False,,,,False
22cdb0d5-5005-57b5-a8bd-cffe42549c38,1785277250799,sender,0,False,,,,False
0deac07d-b41f-5528-8f13-bf3df2218c95,1785277250865,sender,0,False,,,,False
d87f509a-71be-59cb-908a-3a36d4826076,1785277250972,sender,0,False,,,,False
3a8066d5-048f-5d42-b6e8-5fdeec84f798,1785277251028,sender,0,False,,,,False
a1907e2a-2937-509f-8cf6-026867bdec48,1785277251060,sender,0,False,,,,False
aab19cff-9ac0-5fac-a0c9-79934181cfbf,1785277251061,sender,0,False,,,,False
ed590d0a-faa8-5f7f-818e-df354532e620,1785277251062,sender,0,False,,,,False
a71b978b-5918-523e-9e25-1dfd0cd8a809,1785277251091,sender,0,False,,,,False
535227a2-c86e-56fa-b8b5-214fea1caf2d,1785277251092,sender,0,False,,,,False
72dac420-ef5d-5f90-935c-686716b7ec6e,1785277251131,sender,0,False,,,,False
17f69033-9d59-5f1f-980b-5dfe39ccf676,1785277251177,sender,0,False,,,,False
d6e31360-1495-5236-93bf-14341f721936,1785277251211,sender,0,False,,,,False
3d4c2e0c-8c35-537b-869e-bb86eb5638e6,1785277251329,sender,0,False,,,,False
36e4a5a7-7ac7-5aa1-a9a0-fe7b241e9259,1785277251361,sender,0,False,,,,False
c9ef8e8e-cb41-5e21-9618-df56d3a11fd9,1785277251390,sender,0,False,,,,False
a52ce435-c3d3-5bfe-a863-2aac068e14e6,1785277251391,sender,0,False,,,,False
18ca51f6-478c-52f6-83c5-2b9b08680bd0,1785277251431,sender,0,False,,,,False
f11201a9-3a71-5d02-9af0-a892182c5933,1785277251434,sender,0,False,,,,False
5e17b550-8d81-5eee-a11c-375191e46e41,1785277251512,sender,0,False,,,,False
83319bf1-d83b-5ec9-ba59-068d789f2fe6,1785277251512,sender,0,False,,,,False
5b5ca06a-0c72-5d00-ae25-51f19b248eb4,1785277251615,sender,0,False,,,,False
8b15f2a2-d3bf-5ab8-b0db-b944364d87d2,1785277251699,sender,0,False,,,,False
9dbd5b0d-7f40-55e8-891e-795b8385e201,1785277251699,sender,0,False,,,,False
9b17a44b-0f24-568d-ae7e-7b5cea364009,1785277251700,sender,0,False,,,,False
2ab9f235-652f-5999-b2fa-358ae6ed52a3,1785277251767,sender,0,False,,,,False
558a142a-e3e7-54cc-8514-0035012d668c,1785277251768,sender,0,False,,,,False
0a6fe00e-f859-5032-8da1-78ac9d3ce49a,1785277251803,sender,0,False,,,,False
1012cf46-48ec-5052-9c40-d58125dde51a,1785277251807,sender,0,False,,,,False
069c1f2f-d7b3-5c6b-86f4-eb6ab4c2d664,1785277251831,sender,0,False,,,,False
697a5694-24cd-543d-86db-60dba1c429cf,1785277251885,sender,0,False,,,,False
22d955cd-b7b5-5b76-875d-3bdf7d39f42f,1785277252129,sender,0,False,,,,False
e3397fc1-066f-5609-a138-4a964b406a39,1785277252183,sender,0,False,,,,False
8df203f6-dfa1-5087-acee-c50560bae656,1785277252203,sender,0,False,,,,False
fe3a4483-a959-5f10-9d91-ebc2df1d2187,1785277252204,sender,0,False,,,,False
49afdd93-2c5c-5673-9fe5-ddb217c0b538,1785277252206,sender,0,False,,,,False
309c0ffa-c1ee-5b78-8c10-28f74dbc8a30,1785277252207,sender,0,False,,,,False
c8f03ebb-0a55-5bad-b275-ca22276743b2,1785277252208,sender,0,False,,,,False
a763249b-bc8a-59ca-b364-5a25421b01e7,1785277252209,sender,0,False,,,,False
22121ffd-558c-5047-a494-e61ab9896eaa,1785277252276,sender,0,False,,,,False
c8603722-e30a-52de-b5cc-da1e57526404,1785277252324,sender,0,False,,,,False
cfb793fe-5c95-5e7a-b1d6-ff77059d8dc6,1785277252373,sender,0,False,,,,False
1f12b750-5f27-5102-93a3-c0e3b43d656d,1785277252573,sender,0,False,,,,False
72fe8618-1c11-5b71-8f79-cff5328f9f97,1785277252614,sender,0,False,,,,False
b7236e51-d378-5ebf-a201-530687ad9515,1785277252657,sender,0,False,,,,False
a3c445c6-bf29-5e1a-a612-c8024030d8c1,1785277252659,sender,0,False,,,,False
5aa85672-6f13-54cd-9ba8-aa26305ca7b2,1785277252736,sender,0,False,,,,False
14901931-d487-5994-a26f-f06a5495e2d4,1785277252736,sender,0,False,,,,False
0cfc4fcb-2e83-5202-97fd-77190282492d,1785277252752,sender,0,False,,,,False
069737c8-4610-51ef-946d-0fa73068998d,1785277252753,sender,0,False,,,,False
2e93c57b-eb24-5e44-8720-3bc852a2fab7,1785277252820,sender,0,False,,,,False
4be0f3bc-ac4d-5db3-8c31-3327cf86e651,1785277252845,sender,0,False,,,,False
c4b9e5e9-4de5-555d-a840-fedf60fde4a3,1785277252849,sender,0,False,,,,False
3401ebdc-c5ea-518b-938f-9c1a29c711be,1785277252851,sender,0,False,,,,False
1c50e5e3-d4c7-5fca-8339-9bdb928b93f2,1785277252892,sender,0,False,,,,False
977003d7-42a1-526a-8ec0-47ae8f6bb81e,1785277252981,sender,0,False,,,,False
9a7ab9ea-8ba3-5ac2-985d-a873ef281a2d,1785277252982,sender,0,False,,,,False
3fe2a2ab-0f57-526a-8e2d-e436ee25101c,1785277252983,sender,0,False,,,,False
81d5260e-8821-59ba-b3ac-2f39b718dbf8,1785277253042,sender,0,False,,,,False
dfb5adf4-f4c6-5484-a29d-abaad6520dc3,1785277253123,sender,0,False,,,,False
6ee638cd-0960-58fa-9eab-826dcaffc58b,1785277253140,sender,0,False,,,,False
0da2215f-961f-5596-aac8-84dd9d9dd3c8,1785277253158,sender,0,False,,,,False
934fa5f8-8e0f-5716-a223-03eb9b1adb82,1785277253159,sender,0,False,,,,False
2e3eec22-15ca-5378-9dc5-ac6efa66fe80,1785277253270,sender,0,False,,,,False
092b73b0-8bc4-54e9-9ec1-371851a77c13,1785277253272,sender,0,False,,,,False
9e6b149f-0512-5660-8166-8bf3ba0a97d3,1785277253332,sender,0,False,,,,False
95dd01a9-46c7-5521-9d4d-762aef6c20f8,1785277253334,sender,0,False,,,,False
40dcd79b-cb19-5564-82d5-a05975005435,1785277253476,sender,0,False,,,,False
13b223f0-b03d-5db2-968d-0688ca5026c2,1785277253477,sender,0,False,,,,False
a20f17fa-2ae0-52ab-af8d-3e82c710122a,1785277253478,sender,0,False,,,,False
ee1ce4f6-6805-5781-93de-ac6d63b060ce,1785277253479,sender,0,False,,,,False
c0eefd74-9eb9-57f2-86d8-c9772ed2cf98,1785277253524,sender,0,False,,,,False
4e2db9e0-e5e6-51ec-a03b-b6d372d9d029,1785277253525,sender,0,False,,,,False
5f185aca-0b44-5661-8c0b-778b48abe49a,1785277253576,sender,0,False,,,,False
aaa81b17-95e5-5aae-aae9-106f7221a572,1785277253643,sender,0,False,,,,False
0a310a5f-fa83-524b-9908-5eaf2483bbc1,1785277253674,sender,0,False,,,,False
5e813d14-c26f-5841-971f-a9a334c5d320,1785277253740,sender,0,False,,,,False
b8df04fc-f597-5a76-a69c-1c236ef722be,1785277253741,sender,0,False,,,,False
d882f53d-bff3-5d75-b88e-55dfd885146a,1785277253745,sender,0,False,,,,False
e2bf33da-f8c1-5431-8387-b8731e1fd3c7,1785277253781,sender,0,False,,,,False
9ac7f786-fc9b-5fb6-a6c2-75483046b8aa,1785277253782,sender,0,False,,,,False
27837e25-01fe-50e7-a9ff-60ba01369b07,1785277253783,sender,0,False,,,,False
05dd41f2-7d3c-5145-a771-7aa263b4e717,1785277253854,sender,0,False,,,,False
609a88ab-7dc2-559a-bf83-e9534c4f5cdb,1785277253856,sender,0,False,,,,False
3719b2f3-0265-50e6-afe3-27f9965e6bca,1785277253988,sender,0,False,,,,False
b6bd024b-eced-5e5d-89ad-e58a234651dc,1785277254054,sender,0,False,,,,False
b536a176-f981-5441-acca-15efb29785d0,1785277254055,sender,0,False,,,,False
ea7c2f84-4848-524f-aed6-05b659c1e6ef,1785277254056,sender,0,False,,,,False
a16da6fa-e574-599a-bdc6-7a58926c7ff6,1785277254081,sender,0,False,,,,False
418df242-ba6c-57d7-9e5a-6eee235e296b,1785277254137,sender,0,False,,,,False
59268581-0a19-590d-9a18-5ff78325c80b,1785277254139,sender,0,False,,,,False
1c06abd0-ceb8-5a6d-8911-9c049352a2c7,1785277254166,sender,0,False,,,,False
1cacc374-a9d8-5d01-b847-776bf0f3aa1f,1785277254184,sender,0,False,,,,False
559bf347-0fb1-526b-9281-da8255987533,1785277254283,sender,0,False,,,,False
f1e2326e-b7ea-535c-a6dd-aaa4c0e56cba,1785277254303,sender,0,False,,,,False
15904961-f6cd-5e37-8627-bc661c06b4ed,1785277254325,sender,0,False,,,,False
2baede04-1a21-5481-852f-64d0a2ed1f0a,1785277254326,sender,0,False,,,,False
12e20b1d-832e-57eb-af21-4ccd54d1c34a,1785277254415,sender,0,False,,,,False
47f784a6-8bde-5dde-8a73-a1a92d2097dc,1785277254484,sender,0,False,,,,False
b2288b70-a831-55dc-a621-6d55c6c44fa8,1785277254485,sender,0,False,,,,False
9f304c37-b88f-56ff-ad07-eb4bd81b29d7,1785277254486,sender,0,False,,,,False
4332d907-1a49-51cc-826f-d98cda3a77c6,1785277254579,sender,0,False,,,,False
694cf4b5-2ff9-5ec4-aae7-6d431ed8c2db,1785277254656,sender,0,False,,,,False
c95a790c-b9fc-5fef-a816-612054c37219,1785277254658,sender,0,False,,,,False
5599b12c-29de-58e7-be3c-dbdb069a9833,1785277254659,sender,0,False,,,,False
5ba2e89e-1911-5e6d-ac45-380bc9690c51,1785277254698,sender,0,False,,,,False
b1fb2617-83bb-526c-81d2-379bd5c2fe91,1785277254736,sender,0,False,,,,False
03347cdc-b486-53c3-923f-d6ad6e8b73dd,1785277254772,sender,0,False,,,,False
99a2d087-63ad-54d3-b876-d8618f1f16cb,1785277254774,sender,0,False,,,,False
bacbb29a-f673-5dc4-a83a-8659679f5e1a,1785277254858,sender,0,False,,,,False
aa676c3f-6de7-5b35-a294-c92c38f1391c,1785277254864,sender,0,False,,,,False
abe6ac1e-0808-518c-ba9a-3188fd1ae289,1785277254903,sender,0,False,,,,False
ac1f8a13-2c9f-52d0-9b3c-bae6f579d490,1785277254905,sender,0,False,,,,False
440fb79b-cecf-53cc-a0c1-3e60795e0c85,1785277254958,sender,0,False,,,,False
da538cb3-e782-59a9-9303-aa8d9b17c0ec,1785277255020,sender,0,False,,,,False
b3ff95ca-1fe9-5515-ad51-543c67e8cca8,1785277255090,sender,0,False,,,,False
5f05dba1-4aaf-500c-b3aa-89438ffea83d,1785277255091,sender,0,False,,,,False
4904fb63-9aaa-52b4-82b0-3de2495335d6,1785277255093,sender,0,False,,,,False
bdc6e82a-1c3a-5424-b151-a066de7b9b01,1785277255206,sender,0,False,,,,False
68c17f58-38fb-5e5b-97d4-809c224afc95,1785277255207,sender,0,False,,,,False
08f6e681-68e5-5ce3-8fae-600690f6c53c,1785277255208,sender,0,False,,,,False
fa406594-2082-5467-ad58-d7e4abf9bf8d,1785277255268,sender,0,False,,,,False
b2fdb6e8-3283-5b5c-9864-20fbcfa33167,1785277255272,sender,0,False,,,,False
1232ab3c-6ae6-5c16-a7b8-c661f1b7dc0d,1785277255296,sender,0,False,,,,False
5c9cbc89-cb77-5e49-85ae-8da25f39c658,1785277255297,sender,0,False,,,,False
aa1aa43d-357c-5da2-b89e-704e4796bc91,1785277255348,sender,0,False,,,,False
bf23597f-30cf-5431-801d-2d558343a3a7,1785277255388,sender,0,False,,,,False
11fb5e75-641d-52b5-9a29-dc9f23ed2a2b,1785277255422,sender,0,False,,,,False
d7e00e54-a470-5759-969b-42223a1a20df,1785277255472,sender,0,False,,,,False
3f32cf82-34e4-55ad-b29d-42c6404b55af,1785277255628,sender,0,False,,,,False
1de60459-8db6-5062-907c-ed51a076d000,1785277255630,sender,0,False,,,,False
b24b2012-0d94-5cad-9f62-60f62e9ea3a8,1785277255650,sender,0,False,,,,False
1623148e-d110-5178-aa34-d7a9af934a3f,1785277255696,sender,0,False,,,,False
24f0b004-5eb5-524b-9e8e-06c4c7752f3f,1785277255697,sender,0,False,,,,False
f04afbc8-ae20-5aa5-81af-3ede7981e6f7,1785277255761,sender,0,False,,,,False
0ff918c9-1f6c-504e-9ed1-ee877aa175b1,1785277255787,sender,0,False,,,,False
bdfdc1d1-20cf-5366-aa4e-431154e24ab3,1785277255788,sender,0,False,,,,False
42d418ef-0f40-5886-aab9-21f0040a0b85,1785277255789,sender,0,False,,,,False
3a18f375-3dc7-58eb-8d02-0c20f2c374ad,1785277255967,sender,0,False,,,,False
5a0bb9af-d0b4-5eba-813f-bd06354abb33,1785277255968,sender,0,False,,,,False
efb0a02f-581e-5eed-95d8-e378b7c8a32b,1785277256019,sender,0,False,,,,False
afaa646f-fe31-5ae7-916d-d43bc4a25ae6,1785277256020,sender,0,False,,,,False
5d13aaa2-382c-58fe-957f-14cc77780e17,1785277256056,sender,0,False,,,,False
661dee49-a626-58e1-acfd-19f5990ffaa1,1785277256075,sender,0,False,,,,False
bd17c9fe-8c12-58f4-b7f4-7a6168db63d0,1785277256104,sender,0,False,,,,False
eb4d574f-3a61-5754-9dfa-189f7773de64,1785277256106,sender,0,False,,,,False
ed5b9dc0-ded8-5c59-b1e2-fb95b37e426d,1785277256154,sender,0,False,,,,False
823f244c-3a85-5173-b8dc-a4956c6c20bc,1785277256194,sender,0,False,,,,False
5bd6de1a-46b5-5e25-b80b-4d90bd2fea92,1785277256389,sender,0,False,,,,False
54451b78-d56a-5daa-91bd-6cfe7107ac94,1785277256393,sender,0,False,,,,False
162d1272-29a7-57cb-b40b-fb4aad97d539,1785277256425,sender,0,False,,,,False
273bbca0-a2ea-5fa3-a4aa-dfd960d94275,1785277256427,sender,0,False,,,,False
9c4cf2ee-d760-5d4c-bd7c-37523b820bce,1785277256430,sender,0,False,,,,False
f309e4b7-59a8-5878-831d-7a9168f4a9b4,1785277256476,sender,0,False,,,,False
021a4d18-84d8-596b-a201-cdf4600e24b6,1785277256477,sender,0,False,,,,False
089506a7-8232-5757-ab16-e04406a380d7,1785277256501,sender,0,False,,,,False
b887ef2c-e8d1-5484-96c8-69ff2dc2fb1b,1785277256600,sender,0,False,,,,False
9951617d-a0f8-5e39-85b7-8f639346938d,1785277256605,sender,0,False,,,,False
374eb413-6c90-5b90-a3ae-e707b76688a0,1785277256661,sender,0,False,,,,False
06bb15ea-7d67-57c7-b791-5a0226217edc,1785277256753,sender,0,False,,,,False
8d27ceb1-8152-5629-b7f7-67ca0e96db2c,1785277256754,sender,0,False,,,,False
bc513d16-8b2e-5a73-b5b1-60addc5529ed,1785277256755,sender,0,False,,,,False
5f5cae1e-4c51-57ca-850a-5f17af4ab9d3,1785277256756,sender,0,False,,,,False
52336b22-7f8e-5f54-8309-3296c9683bef,1785277256833,sender,0,False,,,,False
712fe37e-14b5-5d33-8d8d-7ebf1c03b866,1785277256854,sender,0,False,,,,False
5d5594b7-f0b9-5ccd-ace9-95a98a9cdb72,1785277256871,sender,0,False,,,,False
f83a7016-3024-5db8-9f1c-03fae0327dce,1785277256875,sender,0,False,,,,False
92f70c02-3beb-5377-a87a-74d549b522eb,1785277256899,sender,0,False,,,,False
24f491fe-f8e8-5ca0-bcaa-6bbff287b660,1785277256985,sender,0,False,,,,False
aa6e3a52-2b7c-5e42-8a77-fdd91c1c0177,1785277257015,sender,0,False,,,,False
6b22005d-bbaf-5c39-890d-4932cbb4d9b5,1785277257017,sender,0,False,,,,False
1b39dd19-8d30-58d7-8a22-5169f9e77408,1785277257048,sender,0,False,,,,False
f9623978-0c3b-5bd7-a5a1-cbba3f4a1bbd,1785277257187,sender,0,False,,,,False
b421ace0-75d4-5950-bc26-0118ed0e3cb9,1785277257253,sender,0,False,,,,False
56ab1336-da93-5a7e-bc78-eb0c2a404d85,1785277257256,sender,0,False,,,,False
f4333a69-90b7-550c-ad09-337ccb38f57a,1785277257274,sender,0,False,,,,False
d05fed3e-e423-51ca-b6ec-af845a60af7f,1785277257314,sender,0,False,,,,False
8cd0ec28-6ea9-5f16-b085-fcdb3a1f782e,1785277257330,sender,0,False,,,,False
882ff826-cc4f-5314-b5ef-cfb86c129a11,1785277257333,sender,0,False,,,,False
48d04e7c-97a8-5417-af51-5132b4d9d084,1785277257333,sender,0,False,,,,False
de051da7-c655-560c-8bd9-8a08ce2a26e9,1785277257355,sender,0,False,,,,False
a0e3aa75-4bf5-51a7-b370-3b8d443f9463,1785277257438,sender,0,False,,,,False
4b5da8c7-365a-5eca-8bb4-c3e9e25fae71,1785277257501,sender,0,False,,,,False
96deed97-eb9a-5585-8b3e-594bea499da8,1785277257502,sender,0,False,,,,False
45102c7b-158b-5927-a2a5-0e63791951d8,1785277257547,sender,0,False,,,,False
0ca8209d-00a8-592b-b5a9-781812752c4b,1785277257548,sender,0,False,,,,False
a166fa82-ed1a-5d78-9382-f5f403f106ff,1785277257649,sender,0,False,,,,False
d9453e81-a4ec-52d1-8b48-c1b53ba63cf4,1785277257676,sender,0,False,,,,False
3f46a074-de57-51a0-8f71-737737045fc6,1785277257693,sender,0,False,,,,False
b21ca787-b909-5075-b35c-4656b7cb035b,1785277257695,sender,0,False,,,,False
44755a31-a9ec-5ba1-bc33-f42dd0089689,1785277257743,sender,0,False,,,,False
49f2ee77-5404-5eed-a60c-2ab294c02ff5,1785277257787,sender,0,False,,,,False
effb275c-c672-57a8-958a-ad0a7dad3bb8,1785277257842,sender,0,False,,,,False
5859d9fb-14de-57d0-8f4f-9d7c4bcd870c,1785277257843,sender,0,False,,,,False
557d8929-96d5-5c4f-bd33-64405449bd8c,1785277257893,sender,0,False,,,,False
e7608b08-8bd1-5821-bd17-ab53a87365e6,1785277257928,sender,0,False,,,,False
4f3f8748-cc82-54d8-ba0f-411e44e2660b,1785277257930,sender,0,False,,,,False
8cc8caa6-d36c-5278-aa4c-7eaf31b796e1,1785277257997,sender,0,False,,,,False
68c5f15a-593b-5f00-85cf-2a07652b6dff,1785277257998,sender,0,False,,,,False
da2b340d-f33a-57d7-b743-f2d4a061524e,1785277258076,sender,0,False,,,,False
5ff28c4e-658e-5d0e-95df-ae9b17dcbf02,1785277258077,sender,0,False,,,,False
b3d9fe9c-057d-576c-8c9f-eb6694a5370d,1785277258078,sender,0,False,,,,False
3b88c043-9103-5733-ad3a-822297c9677a,1785277258129,sender,0,False,,,,False
efaf3abe-5501-528f-bca6-ea7f0c1394fc,1785277258180,sender,0,False,,,,False
e91fe20c-86bc-5d99-9efd-2411aeda022c,1785277258230,sender,0,False,,,,False
13098790-3c73-53e6-ac50-1072e5311178,1785277258271,sender,0,False,,,,False
154106ad-a4a4-5117-ba50-d9b91ad1675b,1785277258272,sender,0,False,,,,False
6d2db84f-14f8-5e0a-ba6f-3886c0d627f6,1785277258311,sender,0,False,,,,False
40d71737-b296-5a1c-80ce-c1c36baa0a75,1785277258358,sender,0,False,,,,False
622f74a0-8715-5476-8f97-ac72aa4ff045,1785277258423,sender,0,False,,,,False
6d16e9d3-ec4f-5568-90c7-ab34eff7bbe4,1785277258424,sender,0,False,,,,False
19cb5f60-0fcc-5c79-b118-441453122fea,1785277258425,sender,0,False,,,,False
aff2ab66-28dc-5d73-a81e-8b8e1e91b28a,1785277258486,sender,0,False,,,,False
5ced7017-c6f2-52ce-9d14-b57aae524051,1785277258555,sender,0,False,,,,False
a2f1aa0d-d0b4-5b2a-9e7c-e721e36b135b,1785277258556,sender,0,False,,,,False
cbb2dd7f-e0c2-56e6-b814-9b894653693b,1785277258557,sender,0,False,,,,False
f4920c5d-c936-51f0-970b-f0f6e899917e,1785277258583,sender,0,False,,,,False
0d70c49d-075e-5b0b-88fd-4d2fb34e02e0,1785277258704,sender,0,False,,,,False
ff4664a8-64ee-5bd8-b103-8307dc05b3b3,1785277258705,sender,0,False,,,,False
2569553a-8381-596c-ada8-b9de7107f4a6,1785277258707,sender,0,False,,,,False
85755e79-570c-5fe1-b6dd-6acaa187e6cb,1785277258757,sender,0,False,,,,False
bf04338e-00a2-5178-a6ad-ebac0341f1d3,1785277258779,sender,0,False,,,,False
3de69333-56a4-5505-9fac-31f586c36ee5,1785277258798,sender,0,False,,,,False
6e0721ff-51a1-59e8-93c3-26701f664060,1785277258799,sender,0,False,,,,False
3252d134-e596-5b17-8570-14ce05b1101c,1785277258845,sender,0,False,,,,False
9836b9d7-1773-50b7-9f57-29549c615c8c,1785277258847,sender,0,False,,,,False
e17e5846-f536-5e0d-8d43-9a60a8cd2de0,1785277258903,sender,0,False,,,,False
28ac7af8-1d44-58bb-bdd7-5135278db0b2,1785277258970,sender,0,False,,,,False
fd5e6096-f907-56a0-858d-df8ed080e719,1785277258971,sender,0,False,,,,False
4ea030aa-ad55-5811-928a-07c4f50cf436,1785277258973,sender,0,False,,,,False
e3ccf10a-c718-5b16-a09f-9c19e70078a9,1785277259018,sender,0,False,,,,False
bd5a47c6-7f78-5202-8647-4cfd05e06695,1785277259108,sender,0,False,,,,False
19d55385-aea3-530d-a3c0-8120e7495164,1785277259110,sender,0,False,,,,False
69a9c8a8-40db-5678-8740-688d1ce1a6a2,1785277259140,sender,0,False,,,,False
eeea8e7f-c63b-5458-acd1-db9c878cb8aa,1785277259141,sender,0,False,,,,False
b040a084-ffa1-5e9b-86e5-faadce5808f5,1785277259237,sender,0,False,,,,False
7b363c1c-202d-5229-bc91-29be27c2e5b5,1785277259343,sender,0,False,,,,False
ac61b496-406e-530f-a651-2c2dd9048f73,1785277259345,sender,0,False,,,,False
12cab6a2-5357-5c33-bf0f-f217ebcefaa3,1785277259383,sender,0,False,,,,False
0168d198-890c-5179-ba49-cba62b46ad81,1785277259384,sender,0,False,,,,False
06d4f899-db5c-5597-82d1-5f1b90ac70a0,1785277259386,sender,0,False,,,,False
b7f488bf-5375-56a1-be9d-82ec2288369d,1785277259436,sender,0,False,,,,False
d5b395fd-9eaf-5df2-9ba5-e45279e425f2,1785277259437,sender,0,False,,,,False
091f2683-2550-58ab-bd8f-92dfed43a0a4,1785277259488,sender,0,False,,,,False
fe0c3a40-fe42-54e9-8f4b-1c57199169b6,1785277259569,sender,0,False,,,,False
2f972ce9-bbec-50df-82ac-afc6b167f565,1785277259626,sender,0,False,,,,False
c068b876-c2c4-590c-8319-ae9672641b4a,1785277259707,sender,0,False,,,,False
5961a60f-bda9-59de-b591-0f8af75e230a,1785277259708,sender,0,False,,,,False
2539a0bc-0e36-52e0-b46a-0c68e390064f,1785277259755,sender,0,False,,,,False
dcc8e337-ef59-5aba-abb7-8cc769ff4f13,1785277259756,sender,0,False,,,,False
4499ced7-1d48-5658-99bf-07bb0d4eaa96,1785277259758,sender,0,False,,,,False
744d4b17-9f7b-5105-89a3-2917eddf5410,1785277259797,sender,0,False,,,,False
f87463c3-2e94-515d-af21-f5d3b0540b81,1785277259798,sender,0,False,,,,False
ce6962c8-8848-53f2-b8f6-32051de1c2f6,1785277259799,sender,0,False,,,,False
96c28f63-9df4-5260-b444-fde427e048fa,1785277260008,sender,0,False,,,,False
44844e48-3b50-536e-bd8b-f2617cf84a37,1785277260012,sender,0,False,,,,False
99be1af7-9cd2-5c6c-b16e-5c51b0155dd6,1785277260044,sender,0,False,,,,False
317d53c6-eb71-57bb-b62f-2353fc1ec91a,1785277260046,sender,0,False,,,,False
45ae0bd4-6d0c-5079-998e-c8a2aac2c441,1785277260070,sender,0,False,,,,False
7bcc071d-42a7-5df4-9b3c-7d9b6f5af1e3,1785277260073,sender,0,False,,,,False
46be7ed5-2549-5fa3-bcc7-5dac0ca56ef3,1785277260074,sender,0,False,,,,False
13318397-b86a-5634-b89b-b5ba2206c55a,1785277260076,sender,0,False,,,,False
9b2cc6c8-ec71-5715-9ec6-0604b2ff96d2,1785277260286,sender,0,False,,,,False
abcb0b2a-6032-5126-9056-28c6622c0406,1785277260288,sender,0,False,,,,False
75fe0ce7-2a35-5f45-a497-29081be35a49,1785277260289,sender,0,False,,,,False
e14436e3-23b1-56e0-8846-6ff2ae857efa,1785277260319,sender,0,False,,,,False
ae2064b3-2df2-59d2-ad52-3763ea872f2b,1785277260321,sender,0,False,,,,False
e26ed099-afd7-5df2-a226-fe9891f364cb,1785277260370,sender,0,False,,,,False
42cfb9b5-89ff-5252-9d08-8ba9f2fc10c3,1785277260372,sender,0,False,,,,False
d7004696-2f42-5f3f-bcb9-d95d35f9a977,1785277260373,sender,0,False,,,,False
ddd37f7c-0051-5219-9f9e-ac83b8281073,1785277260434,sender,0,False,,,,False
28883b2f-16f4-5198-8c3e-fb0786159ab8,1785277260435,sender,0,False,,,,False
0821b2c2-4dd6-5604-bdfc-61dbf1f84538,1785277260439,sender,0,False,,,,False
fb6a0df4-43fc-50ca-894a-4114e2dd4c82,1785277260536,sender,0,False,,,,False
8d09eeca-0cd2-59b2-8621-586cc216bc39,1785277260600,sender,0,False,,,,False
7fd1080a-5c1d-5bae-8ebf-babdb1911925,1785277260637,sender,0,False,,,,False
e38720fc-6c9f-588e-83b0-631f3eca1994,1785277260663,sender,0,False,,,,False
a8e6c122-b774-568d-aa41-c35c1e6957a7,1785277260703,sender,0,False,,,,False
e3b2ce53-f846-505c-a71c-fda69c8f37b3,1785277260707,sender,0,False,,,,False
66b9a1e3-04b1-5f32-8587-2f2b5a8d6c60,1785277260776,sender,0,False,,,,False
390c694b-eb8a-5ff5-ad7a-8e3896bdbf57,1785277260797,sender,0,False,,,,False
093f5713-50c7-5490-86b8-4c0d4b85db84,1785277260841,sender,0,False,,,,False
aafd7d47-ab8f-5f68-9751-eb1cc45735ab,1785277260882,sender,0,False,,,,False
82f4dd7c-e310-5e69-9b21-74fa16243588,1785277260912,sender,0,False,,,,False
9e5ae8be-eebf-5884-a61b-638192c2f715,1785277260975,sender,0,False,,,,False
9dc51734-af8e-5d92-b809-fc1a7fef1149,1785277261010,sender,0,False,,,,False
efd5a092-29cb-5d50-b199-b34cdc49baf5,1785277261054,sender,0,False,,,,False
19b7850f-ec2a-5a16-ab42-f1bfddb40b4e,1785277261103,sender,0,False,,,,False
a669a80c-faa6-5138-83f9-a88a033a4e27,1785277261105,sender,0,False,,,,False
0abb0cc4-07ec-5130-bef8-51a21000e8df,1785277261196,sender,0,False,,,,False
b1caa856-b694-58d5-8aaf-51a1858bffd3,1785277261231,sender,0,False,,,,False
29466f78-64e0-57ab-a0bc-9a5aa9e85cd3,1785277261232,sender,0,False,,,,False
e0608dd5-eab0-5c5d-a9fb-f495e427bf6f,1785277261255,sender,0,False,,,,False
f4d7f53c-f93e-537f-b1d5-156529ef41e4,1785277261302,sender,0,False,,,,False
114c4ee9-f4ea-5d8f-a07c-e5dcf21c6aee,1785277261304,sender,0,False,,,,False
88141964-49c3-5dc3-b84d-ad35a7eda65d,1785277261306,sender,0,False,,,,False
b6d8faf2-1187-5a06-9edf-5c8ec8326a2a,1785277261349,sender,0,False,,,,False
49d904c8-bd36-5077-8cde-3ec14488b4eb,1785277261456,sender,0,False,,,,False
85a687ea-ffff-5d28-bf88-daaf0aa06ccd,1785277261457,sender,0,False,,,,False
473b1172-e15e-5e35-8c1d-7d8bc1f4e142,1785277261458,sender,0,False,,,,False
f87a3540-d08b-57db-abd8-2dcc6e713667,1785277261459,sender,0,False,,,,False
72a057b4-c76e-520d-9a5e-bd87b51dbbe0,1785277261621,sender,0,False,,,,False
6a1c6b27-1e50-5ffd-aa2f-1544dabda6e1,1785277261622,sender,0,False,,,,False
14be5e62-4513-5d1c-a5fd-c94d8f246a8b,1785277261623,sender,0,False,,,,False
4c5c7510-2048-58a7-892e-9697306503df,1785277261626,sender,0,False,,,,False
c5f5c4bb-16ab-53f4-a7ef-ec700d451a87,1785277261721,sender,0,False,,,,False
c8536636-f1bc-547e-942f-8705cc0d41df,1785277261723,sender,0,False,,,,False
cd6fa511-06e2-5f34-9c17-f2227d5dc799,1785277261783,sender,0,False,,,,False
8ca4a87a-2d7c-5e4f-ae09-3582db4e96ff,1785277261809,sender,0,False,,,,False
55dbf2c4-bd77-5481-b81d-5685e3780512,1785277261866,sender,0,False,,,,False
78be1b35-1320-5e23-a35e-76511e8e274e,1785277261939,sender,0,False,,,,False
5f7b38c6-5b96-52b2-8e7b-b32d297886a6,1785277261941,sender,0,False,,,,False
c029af2a-cfa3-5f80-84c2-905fc9fa31e5,1785277261942,sender,0,False,,,,False
8b181426-f300-5e29-827d-1cfcb28fb87d,1785277262003,sender,0,False,,,,False
a0207a50-9d1d-5fc2-b982-5d7a774ef9f7,1785277262006,sender,0,False,,,,False
86bfd184-2027-5c46-b746-2fd9ad07e5b6,1785277262010,sender,0,False,,,,False
542d27ef-d48f-5cbb-bfb5-317b81368f66,1785277262050,sender,0,False,,,,False
0270f96d-1e9a-509c-a2cb-e4c902e56ac6,1785277262164,sender,0,False,,,,False
ab518d20-3b0d-5ff6-a38f-4639cb9da51a,1785277262165,sender,0,False,,,,False
e000a953-ac6a-5354-b94e-c13862ed1d8a,1785277262245,sender,0,False,,,,False
6bdc8009-e1f1-5c9f-8ec4-af76a5b354e5,1785277262245,sender,0,False,,,,False
aeb309f4-5ac4-5d81-90ff-38da75b864de,1785277262246,sender,0,False,,,,False
7580c56c-c74e-571e-a55f-8dd7df13157a,1785277262248,sender,0,False,,,,False
426f8ea7-e9f4-5de4-9008-7727ba65767a,1785277262283,sender,0,False,,,,False
08ff4d0c-766f-5bc7-a51b-f1642c76d8ff,1785277262284,sender,0,False,,,,False
3760de77-5331-5faf-859f-2ace82bdfd29,1785277262315,sender,0,False,,,,False
0fea582a-0238-586d-90a5-bd4a5bbe7961,1785277262316,sender,0,False,,,,False
e279eb65-d892-5116-a9f5-036dfdb026b6,1785277262489,sender,0,False,,,,False
49f29863-0286-589b-bda6-9c236b8c8397,1785277262516,sender,0,False,,,,False
14d043ec-4199-542f-ad8c-6547a2e9405e,1785277262571,sender,0,False,,,,False
ea7035d6-5cca-56d9-975e-b6ae50b40cd3,1785277262573,sender,0,False,,,,False
1d88cd41-5781-5cd8-8aee-51642a6a23f8,1785277262597,sender,0,False,,,,False
dc3a88d9-b45a-5624-ae8f-a3ff62962daf,1785277262688,sender,0,False,,,,False
5a0f98df-6cd9-55f3-9603-bb87e5eeb83d,1785277262703,sender,0,False,,,,False
2f4cc697-ed5e-5415-a12e-fef1024bb84e,1785277262774,sender,0,False,,,,False
20bdc97c-5147-5d60-8090-ea1a18c2174e,1785277262859,sender,0,False,,,,False
b650d94a-1ac8-5911-862d-d0436623313b,1785277262860,sender,0,False,,,,False
8706f4f3-03b5-56bb-87bd-7f422ec89d87,1785277262916,sender,0,False,,,,False
a28a2af6-1aea-51d4-b99f-540c92d1998c,1785277262966,sender,0,False,,,,False
9f313264-fb51-583d-bc35-80a6284c87d5,1785277262968,sender,0,False,,,,False
c4d4722b-290e-5af2-95ae-14fc43b18b03,1785277262997,sender,0,False,,,,False
669d5494-6058-5fa2-adf0-6645f286d02d,1785277263028,sender,0,False,,,,False
d9879173-ca9e-5699-8aea-76ad289aecc7,1785277263029,sender,0,False,,,,False
6553acb9-3ec9-5fcd-9bcf-0ae77dc553d3,1785277263106,sender,0,False,,,,False
7c307865-a8ab-550f-afd4-58ca6f98cbbf,1785277263107,sender,0,False,,,,False
60db5d2e-37c8-5ce0-b923-832b890b9d30,1785277263155,sender,0,False,,,,False
1fb59cbf-1bd0-5b33-8288-cce633210f2b,1785277263182,sender,0,False,,,,False
8bf9771f-7289-5f12-a32a-44ce1f3f3e5b,1785277263196,sender,0,False,,,,False
e0126034-f2ac-5fe3-b207-1098ffa4ad7f,1785277263253,sender,0,False,,,,False
01979b3e-67b8-5962-9f4d-0934a334f598,1785277263320,sender,0,False,,,,False
812ebac7-ccec-57bd-8660-c2b0618f2b05,1785277263321,sender,0,False,,,,False
5cf17f75-faa6-552f-bdad-edc996d8788c,1785277263382,sender,0,False,,,,False
bbc2d4a5-33d0-5780-8038-d203ffa4c769,1785277263386,sender,0,False,,,,False
9d75de7e-b577-572f-b264-dbd60763c631,1785277263426,sender,0,False,,,,False
9d41858f-748a-5c71-9d02-d1a2b8afab83,1785277263427,sender,0,False,,,,False
aed905ed-e300-5c79-a6c0-f4c244bbaefa,1785277263462,sender,0,False,,,,False
c856a516-01d2-565c-8d5a-9789266ab94f,1785277263515,sender,0,False,,,,False
b96d3f0a-dfad-5ea2-82c8-9fca11ccad8f,1785277263605,sender,0,False,,,,False
d0db4db3-a5c0-545f-a965-8c507a9f8123,1785277263607,sender,0,False,,,,False
3c0e9014-d942-5cb1-9b19-bb1082cbd2f6,1785277263725,sender,0,False,,,,False
cbdb9823-542e-5bc4-971c-5e535dcc121a,1785277263726,sender,0,False,,,,False
9f0d9070-0415-5aca-8099-cf88e1351c42,1785277263769,sender,0,False,,,,False
39e19eb1-aa4d-5206-832d-6dd20a180c2e,1785277263771,sender,0,False,,,,False
360e5e37-1c1b-5d02-9986-f793cadbded0,1785277263772,sender,0,False,,,,False
a128062d-fda8-5e63-b09d-f1f80949cfa7,1785277263773,sender,0,False,,,,False
3f81a1e3-17c3-5e9c-930a-9f74e7207466,1785277263813,sender,0,False,,,,False
0e9f0f8e-5e3a-5451-b691-2f30c57fc335,1785277263814,sender,0,False,,,,False
201c39b3-ac15-5dd1-a24b-bddfb4e987cc,1785277263881,sender,0,False,,,,False
490e631c-3709-5152-b0c5-3384d1df65ef,1785277263883,sender,0,False,,,,False
cbfbacfd-fae5-5a36-8bc1-3abc792b3370,1785277263889,sender,0,False,,,,False
28a772b9-8572-50fc-a4dd-140c097155e5,1785277264063,sender,0,False,,,,False
c5acf9b2-2223-593b-bdec-4f7e1a3818be,1785277264117,sender,0,False,,,,False
923abf80-24d2-59cc-a5be-b92fe73932fb,1785277264118,sender,0,False,,,,False
2aa6d13e-a443-5da1-818e-15573fed18ed,1785277264119,sender,0,False,,,,False
e287af07-eeca-59fd-8ea0-1e61f845cd7d,1785277264175,sender,0,False,,,,False
7ad6e55d-7956-53d5-915b-d5c96f8d56d7,1785277264195,sender,0,False,,,,False
c00254de-4a88-5188-9979-9592224b88a7,1785277264197,sender,0,False,,,,False
8d3ced82-e181-519d-8208-959c3bc76df3,1785277264257,sender,0,False,,,,False
4f974604-84d0-503a-b015-2f529cca9257,1785277264258,sender,0,False,,,,False
1a4829ed-8308-5026-a6f8-6f109b4b9c6c,1785277264372,sender,0,False,,,,False
8aa39ca3-695b-5d18-8272-b3e3139b0f3c,1785277264373,sender,0,False,,,,False
4ee92034-b74e-5637-b464-dd6a0506b3bd,1785277264374,sender,0,False,,,,False
4e3c33de-d88a-524b-9bb6-29d2288bc920,1785277264503,sender,0,False,,,,False
b7e32bb0-3f63-5b5d-a293-49eaef69e3fc,1785277264505,sender,0,False,,,,False
23f70511-4aa7-59a7-bf57-b41fde4137a2,1785277264508,sender,0,False,,,,False
81b2e06a-a8a0-5b32-b629-19708bfcb395,1785277264512,sender,0,False,,,,False
bc0ca852-461e-53d0-a1be-9cc67e6b8b16,1785277264554,sender,0,False,,,,False
cce207fb-f939-5b05-9370-02a3544e968d,1785277264556,sender,0,False,,,,False
db790c54-ba66-512e-82ce-2f0e04f8d8ae,1785277264605,sender,0,False,,,,False
c2a6e0fb-645b-5ad0-a0c1-3afac2ad9f53,1785277264607,sender,0,False,,,,False
274e1e44-a5a7-5702-afb4-758ed1877759,1785277264664,sender,0,False,,,,False
aa32f7bf-11e5-5ba4-b039-a8b4c380aeae,1785277264740,sender,0,False,,,,False
65c93a2a-5a6c-5f62-9960-e31af7081348,1785277264741,sender,0,False,,,,False
27c6575a-2ce8-5fea-a020-58c25c8fe929,1785277264758,sender,0,False,,,,False
60827951-0a92-57dc-a07f-d5a380279520,1785277264760,sender,0,False,,,,False
76d2643c-340d-5822-98bb-4d391182558b,1785277264851,sender,0,False,,,,False
64573a5f-b24e-5fc6-b26a-e22e90b80f3c,1785277264872,sender,0,False,,,,False
0ad219c9-8cb5-584c-950c-8ad78cf2e406,1785277264877,sender,0,False,,,,False
251df482-fa2e-51c5-9502-5291c78229df,1785277264878,sender,0,False,,,,False
6cb3cad7-c468-5dd2-abbb-ee859099925d,1785277264906,sender,0,False,,,,False
8cec29d9-f02c-5c6a-aa6b-30db9d4b32a9,1785277265055,sender,0,False,,,,False
3b1317ee-4cb8-5a41-8fa5-4d0e8aaa778f,1785277265058,sender,0,False,,,,False
898d29c1-ffd6-580b-9f80-44b403b4e695,1785277265082,sender,0,False,,,,False
241a48a6-c0f9-556a-8a42-7dea69ea66a0,1785277265145,sender,0,False,,,,False
7bb52b15-0d86-5fba-8864-f0fd3497da45,1785277265217,sender,0,False,,,,False
1445fa0b-5c45-56e0-9ff7-0e065c2eaacf,1785277265221,sender,0,False,,,,False
36ff3fba-579f-5076-bda5-0a65cba37d18,1785277265284,sender,0,False,,,,False
3407f069-290a-56a3-b642-7bb42e4e0668,1785277265285,sender,0,False,,,,False
d5e0cbda-da78-5bb0-a916-dd904d41a46d,1785277265287,sender,0,False,,,,False
d6b92c33-54dc-5408-a528-109ac4657636,1785277265290,sender,0,False,,,,False
891b2a6b-9daa-5bac-83a8-8f1b0d2adc8e,1785277265291,sender,0,False,,,,False
7762008b-91b9-5540-bd25-f8ab3f253a36,1785277265329,sender,0,False,,,,False
03f90e7d-5020-5a44-9730-fe63ca89a9ea,1785277265486,sender,0,False,,,,False
4490f01f-f7a5-5fff-ab1b-9dbccdf2ea98,1785277265503,sender,0,False,,,,False
f79818f3-c09c-5a4c-ac04-c5e6d5722a13,1785277265575,sender,0,False,,,,False
bd6211c0-16e6-5ec3-8202-80914cddc3d0,1785277265613,sender,0,False,,,,False
d5731ea9-4ed4-5bb4-9058-63cab04d180e,1785277265614,sender,0,False,,,,False
b45c3b2c-2782-56de-afbb-3d60897d4e80,1785277265615,sender,0,False,,,,False
054d4c79-3353-5c7a-be0d-3d097baea6bd,1785277265717,sender,0,False,,,,False
d263d5d3-893f-5c38-8e49-78424703f629,1785277265756,sender,0,False,,,,False
2d8c699b-ac7c-5a53-b8cd-6426b1964fd3,1785277265758,sender,0,False,,,,False
314156ea-672d-5754-912d-eb01c8241ca8,1785277265759,sender,0,False,,,,False
f440ef58-5c59-5155-a90e-d2d1ee28f201,1785277265829,sender,0,False,,,,False
f1e135ab-8039-5459-a8b7-af7262a5747b,1785277265835,sender,0,False,,,,False
2827958e-e564-5c1d-ae8a-cb5916e54f45,1785277265861,sender,0,False,,,,False
b9ce6f4b-6de3-5f94-8f5f-28493176c47e,1785277265862,sender,0,False,,,,False
1b13ec0f-6c20-5443-8d5f-9565ddda8fde,1785277265915,sender,0,False,,,,False
dc12fc01-06c9-53f0-bf12-fa72eb5b272d,1785277266049,sender,0,False,,,,False
8bc6c188-4d66-5788-9658-3bbb175307b9,1785277266053,sender,0,False,,,,False
66c9c200-4965-5323-9c23-1ab3b74ce853,1785277266055,sender,0,False,,,,False
4bfb425b-f03f-5833-ab9b-cae21fc7e89e,1785277266139,sender,0,False,,,,False
71254f53-3451-5bd0-9694-69f633aacdcf,1785277266159,sender,0,False,,,,False
aafca49c-dd0b-576b-98c3-7875c1c7ffee,1785277266183,sender,0,False,,,,False
2f347bd4-e089-5f8f-b8b7-5bc09986934a,1785277266205,sender,0,False,,,,False
c88b0cfe-889b-5173-811d-24261e989052,1785277266235,sender,0,False,,,,False
479cd514-cd8b-5d2c-b798-456fb266af4f,1785277266237,sender,0,False,,,,False
5d1f2c9f-4642-5284-866c-421c0f9d8c32,1785277266297,sender,0,False,,,,False
548c4876-1ac2-558c-8fc2-2d058bb41488,1785277266299,sender,0,False,,,,False
35f7593e-ad26-5916-a9ae-a1599e1f44ac,1785277266356,sender,0,False,,,,False
e9bb093f-948d-5e70-882f-d015ea25911d,1785277266373,sender,0,False,,,,False
86543625-a8db-5a78-abd6-b2e8dc140849,1785277266409,sender,0,False,,,,False
2c077b7d-a865-59c7-b538-717eabd2caa5,1785277266448,sender,0,False,,,,False
8ac5dd0d-09fc-5fc9-a5fa-b5a91092d091,1785277266449,sender,0,False,,,,False
2dd0b98f-c4df-574a-8d90-a34eb82f29dd,1785277266510,sender,0,False,,,,False
be3cf288-b90f-5234-9802-fbab08168071,1785277266512,sender,0,False,,,,False
d876c330-2741-5b95-b737-7df0b3b17200,1785277266534,sender,0,False,,,,False
2495f270-ddc4-5e03-b09c-ebe1aed91013,1785277266536,sender,0,False,,,,False
0414dbc3-fc14-5502-bb03-53b751868de5,1785277266653,sender,0,False,,,,False
a05e339c-0934-5b5c-92bc-cf5a5f08238a,1785277266654,sender,0,False,,,,False
8ed04bee-0a75-5966-bcb4-dca7fa835080,1785277266686,sender,0,False,,,,False
a67050c3-7ab7-59da-99b8-9106b47e52c6,1785277266688,sender,0,False,,,,False
284e76e1-c54e-5882-8749-ae0153edea33,1785277266762,sender,0,False,,,,False
fca9a6a2-9037-5a26-8374-21895d90c0b5,1785277266789,sender,0,False,,,,False
2573b593-fd5a-5329-bec7-fa18d4e2335d,1785277266898,sender,0,False,,,,False
d879ebd0-e48f-5ea3-ac4c-6b9f4ad96338,1785277266914,sender,0,False,,,,False
e8593c7c-23bb-53b5-b2b2-cfce0de593de,1785277266943,sender,0,False,,,,False
acdd011c-e5cb-55c7-a329-fa1b9639ef4d,1785277266983,sender,0,False,,,,False
dc97c56c-fcc8-5dd1-a0dc-9507c1edb42f,1785277267023,sender,0,False,,,,False
3abdb28a-9c8b-5a32-8d26-d1da36195ea7,1785277267023,sender,0,False,,,,False
61e9929f-39c6-5a0e-af1e-57bd07df2bea,1785277267025,sender,0,False,,,,False
4997b85e-ce7e-52b6-93a2-1667ea1b0dc2,1785277267117,sender,0,False,,,,False
89ac932d-6eaa-5195-a6ac-f2228d06bc0d,1785277267118,sender,0,False,,,,False
9dca084d-bad4-534b-b0f8-5aa22ff65702,1785277267149,sender,0,False,,,,False
e322b73c-0ccb-54b3-aae6-2a9b97ae744f,1785277267318,sender,0,False,,,,False
6bc281df-280b-583b-bfab-77dc74c698de,1785277267357,sender,0,False,,,,False
8bd7a940-db07-5e0e-b520-07fcec9a7bb6,1785277267358,sender,0,False,,,,False
c063fcbc-3e92-504e-8d5e-fd9901f59780,1785277267393,sender,0,False,,,,False
53769b08-3ad5-5fdf-b4e7-d6c093b388ba,1785277267394,sender,0,False,,,,False
f5495ccc-bc3c-5e27-a7fc-e43df186de2a,1785277267421,sender,0,False,,,,False
4966f39f-0a44-50a8-9fd1-78f14cac0e51,1785277267445,sender,0,False,,,,False
2327b74f-6f52-5d04-a403-4bc2e283b5ab,1785277267505,sender,0,False,,,,False
2cb086cd-3152-5ca6-a9af-e7bf4e05b4b6,1785277267559,sender,0,False,,,,False
ed29d100-2e42-58d7-b3d0-7a947f0cb743,1785277267611,sender,0,False,,,,False
8eb1712b-fd17-5b87-928b-51ca1d28ef71,1785277267727,sender,0,False,,,,False
ad43442b-453e-581a-8e82-eeaec12d076b,1785277267728,sender,0,False,,,,False
0003a614-95fd-52d1-9e54-0d56decae1e5,1785277267730,sender,0,False,,,,False
f40d252b-258e-509a-a1a1-e53165ed8486,1785277267797,sender,0,False,,,,False
6ed95ab9-53c7-5c93-8e43-fc0c50a2b0e7,1785277267798,sender,0,False,,,,False
25a90644-8d48-592f-92ff-7d1c21031ad3,1785277267817,sender,0,False,,,,False
e86761db-1451-5265-8653-90ff43015b69,1785277267866,sender,0,False,,,,False
8219b012-22d6-58b0-8f3e-58e5baa497d9,1785277267921,sender,0,False,,,,False
9c81ad9e-d1b2-5772-b8c0-c1b7f5b6a46c,1785277267923,sender,0,False,,,,False
2c8a9790-c007-5269-adb8-bfc4c0f3d5e5,1785277267991,sender,0,False,,,,False
d8afc951-69c4-5ec0-8809-12409e1d4e59,1785277268008,sender,0,False,,,,False
78e14290-1899-5b44-b651-5b24f1b6cbf4,1785277268042,sender,0,False,,,,False
a31795f6-493b-5e1e-88da-b5edcae25f76,1785277268095,sender,0,False,,,,False
79bf47e3-b0c2-5087-970f-f881f62fbbb1,1785277268126,sender,0,False,,,,False
407c2280-2d18-5d20-85ba-20fd7b91986c,1785277268128,sender,0,False,,,,False
d3c1c2f8-195d-5f8d-8a28-c6f9047cd813,1785277268191,sender,0,False,,,,False
0b4d361c-a885-57a0-b145-58f9ad40d9d3,1785277268196,sender,0,False,,,,False
b4049f55-d543-555d-846f-1c490f28cc76,1785277268219,sender,0,False,,,,False
4508b85f-1024-598e-a0fe-07e3d7d5fd03,1785277268266,sender,0,False,,,,False
ceffbf2b-6e63-5462-9334-82d9112f052d,1785277268267,sender,0,False,,,,False
1d939ff7-4dca-5c3c-8f73-567cdf9f6b02,1785277268388,sender,0,False,,,,False
035f270a-5c1d-5430-868a-92424c592fe4,1785277268389,sender,0,False,,,,False
70aaa5ad-27e7-5033-9591-a8f1290ee92d,1785277268445,sender,0,False,,,,False
fd5548af-003b-5aad-a57e-5e4b0de3e3e4,1785277268518,sender,0,False,,,,False
fbea52c6-f867-57c3-8c4c-8bc6fc14b392,1785277268519,sender,0,False,,,,False
c59f4773-f968-5887-88a8-76393d063144,1785277268520,sender,0,False,,,,False
df5b074f-b88a-5b87-a8b9-457aaeea9a06,1785277268573,sender,0,False,,,,False
603b2b02-ae1b-562c-9dc3-33ffc99b1a6a,1785277268577,sender,0,False,,,,False
69758d3a-df2d-517d-b26e-994b4cecb01b,1785277268613,sender,0,False,,,,False
5109a27e-b3a5-57b6-bed1-dfaaa0e0075b,1785277268661,sender,0,False,,,,False
60599c33-dbb4-52c2-81f3-2300316e4f1d,1785277268712,sender,0,False,,,,False
1fdd5ce9-430c-545f-9ae1-c55f75b396dc,1785277268713,sender,0,False,,,,False
ec08b74f-6ef0-58b8-8791-f2e80edb66c4,1785277268758,sender,0,False,,,,False
8762aaac-6e32-512d-8cce-5bfd56a731a9,1785277268758,sender,0,False,,,,False
0d94b45b-3d0e-55c9-a2c4-157b2871bdde,1785277268759,sender,0,False,,,,False
12079884-8f87-53fc-89fb-2cae443cfed3,1785277268847,sender,0,False,,,,False
15e4b3f0-1ffe-5afe-84c3-14102445ba9e,1785277268849,sender,0,False,,,,False
e4d06c17-8606-5e14-b13b-12459f986eb8,1785277268885,sender,0,False,,,,False
270eeb0e-4abb-5cba-8eed-482d0f39b83a,1785277268929,sender,0,False,,,,False
60aa090c-883f-5f3f-9995-c2311732fd44,1785277268994,sender,0,False,,,,False
c73de98d-9703-508e-8f18-500eba2f0205,1785277268999,sender,0,False,,,,False
866e1d15-aa87-52a1-9560-00ba74357628,1785277269025,sender,0,False,,,,False
696e6d51-e3b0-5edd-8872-b361e095d056,1785277269027,sender,0,False,,,,False
0ba11a9b-267a-5399-bc82-ab9af7933f98,1785277269173,sender,0,False,,,,False
46c43f1d-1fcf-5339-9b4c-2899c16a51cd,1785277269175,sender,0,False,,,,False
3f77c8cf-75dd-5db5-a663-de48fd1fb944,1785277269176,sender,0,False,,,,False
1c2584ca-611b-5dad-b3fe-2e36de0e1d92,1785277269250,sender,0,False,,,,False
4b7c7e31-fd75-5743-92b8-55c5ef0d0196,1785277269319,sender,0,False,,,,False
8458d64f-df4d-52ce-a962-2e1e489987e5,1785277269340,sender,0,False,,,,False
5a720a7d-9243-5ef4-aa57-21348f3cb1c5,1785277269370,sender,0,False,,,,False
bdfa4b1c-8fb2-596b-ba74-e7211a3288eb,1785277269371,sender,0,False,,,,False
8b0896af-e268-51c4-92c4-63d894be975b,1785277269469,sender,0,False,,,,False
d1bc342a-85d5-5f3f-821c-a275cf8439d3,1785277269470,sender,0,False,,,,False
363a421a-3efa-5b42-936b-282aac24dfe2,1785277269503,sender,0,False,,,,False
0f599db9-3fdf-5aa7-a8cc-4cd697562070,1785277269505,sender,0,False,,,,False
28ed946d-4aa2-5a10-bae6-191800608ae8,1785277269551,sender,0,False,,,,False
5276db3f-00fc-5438-ab23-763b1adfa295,1785277269641,sender,0,False,,,,False
d403efa0-61c4-5069-b3c9-1660c85229bf,1785277269642,sender,0,False,,,,False
6a2e7af5-ed0b-5faf-93ea-41e3ac8b9f67,1785277269644,sender,0,False,,,,False
560f6491-1490-5b91-b1f5-486f187c2171,1785277269713,sender,0,False,,,,False
5616e617-fa63-5ab0-91a3-bd20e0ddb232,1785277269741,sender,0,False,,,,False
5cac3a8c-257f-5f27-9c5b-0ecd6d58954b,1785277269754,sender,0,False,,,,False
100f1438-fd4d-506c-be3b-abb001f25e62,1785277269755,sender,0,False,,,,False
0f77f04b-59b9-5a03-8270-b809af53b8b9,1785277269810,sender,0,False,,,,False
4c26b23b-fec7-51b6-a6a0-033781b06c4c,1785277269843,sender,0,False,,,,False
fbc866ff-c9cb-578a-ab2e-a3a27792452b,1785277269884,sender,0,False,,,,False
41ecbde3-f7f9-5e4d-b464-e56b79a071a3,1785277269885,sender,0,False,,,,False
9fc00b0e-7ccb-5657-90b7-21ee0f6b7f8e,1785277269886,sender,0,False,,,,False
ccf37b41-e878-534f-9339-660b5305780d,1785277270040,sender,0,False,,,,False
20c8d1f4-8e10-5d96-b6be-46a98ffa192f,1785277270041,sender,0,False,,,,False
26ab31e1-3e83-5d2c-bff2-9d2336d8e4b5,1785277270043,sender,0,False,,,,False
87f3beef-917e-5c14-a76f-6f198bacac63,1785277270044,sender,0,False,,,,False
5cc83e38-4d69-55bb-9a38-b730434532f9,1785277270100,sender,0,False,,,,False
82bd59ac-c875-5c6e-b1a3-251c7c512df7,1785277270119,sender,0,False,,,,False
fb099a07-ba4f-5146-b426-cabfde0cfb22,1785277270124,sender,0,False,,,,False
ff75d683-b4e0-5809-b35f-fb84f9682649,1785277270141,sender,0,False,,,,False
6e5c0ee1-f38b-5f00-9ad2-e21f99d6d007,1785277270266,sender,0,False,,,,False
0a37c027-9768-5d2d-875e-ea11c4aa10bd,1785277270339,sender,0,False,,,,False
48b32182-6383-5cb2-8e3a-0604532631a4,1785277270340,sender,0,False,,,,False
8fa0a297-ba14-50ec-b396-508b3f4a714d,1785277270343,sender,0,False,,,,False
d0dc624e-50d3-5e00-9f04-77c05d285692,1785277270377,sender,0,False,,,,False
fc6268da-b3b1-5051-9788-58455b04b54a,1785277270378,sender,0,False,,,,False
a8863247-377d-5c45-9790-b5b904990747,1785277270402,sender,0,False,,,,False
94e73773-ac10-5f35-a5e6-ce14d67eb183,1785277270406,sender,0,False,,,,False
ae86a6ca-8d7c-5b09-be3c-26163b424292,1785277270420,sender,0,False,,,,False
161a64a1-222b-5d94-8ce9-9575edcbb658,1785277270512,sender,0,False,,,,False
6b82e2c3-c2a6-525f-8643-97d453318f19,1785277270691,sender,0,False,,,,False
5cc8be50-d84f-5f18-9a68-fc4a3f0fd157,1785277270721,sender,0,False,,,,False
2e4ab722-2965-5696-ad43-972eb583b16d,1785277270722,sender,0,False,,,,False
423c8ffe-0a68-5360-81d1-ce54db1eeef7,1785277270723,sender,0,False,,,,False
b4803151-1db1-5d65-bfbc-6b62f03a7486,1785277270765,sender,0,False,,,,False
9dc87383-65ac-5777-a0b7-6c2e97032bb4,1785277270784,sender,0,False,,,,False
efaaf9d7-b813-5738-8c04-3e7ff3e76094,1785277270818,sender,0,False,,,,False
85522039-19f9-52a1-9434-6f7f0bf9954c,1785277270819,sender,0,False,,,,False
4e47675d-8384-544b-bb0c-e1b7314df5a6,1785277270951,sender,0,False,,,,False
c73c8d53-2ae1-5f9f-b266-e256dd6454e1,1785277270964,sender,0,False,,,,False
a6c5fe65-9138-5c9d-ba08-11fdcf9c9c9a,1785277271021,sender,0,False,,,,False
730384a7-f0cd-5d7f-a81c-0f2553d48cdf,1785277271022,sender,0,False,,,,False
8d9369c7-fd2f-5351-b061-34053cd968de,1785277271023,sender,0,False,,,,False
f852d229-72cc-524e-9967-11dcfc10ad15,1785277271093,sender,0,False,,,,False
a014e0b5-03db-50e9-bacc-9228f27d81da,1785277271123,sender,0,False,,,,False
38a081d7-f9f3-5dee-a81b-6fe689d8247b,1785277271156,sender,0,False,,,,False
8f68fde3-e8d8-5b8a-bd6f-9646eff87022,1785277271157,sender,0,False,,,,False
d65309e7-c697-5997-845a-2443a129dad2,1785277271244,sender,0,False,,,,False
2efb6fa5-1655-5692-baff-6c0ea9568f03,1785277271285,sender,0,False,,,,False
62715896-d461-5373-ba80-c6018d3d85d1,1785277271290,sender,0,False,,,,False
d055a3df-8c6d-5b2c-a3ed-c1d62034f939,1785277271291,sender,0,False,,,,False
b66e98cb-73fe-5e02-a326-584a6ad52c3f,1785277271310,sender,0,False,,,,False
515697ff-6c5c-5092-9f8d-6f28bf2aad9d,1785277271349,sender,0,False,,,,False
08872461-b5f7-5634-aa5e-80848880da08,1785277271398,sender,0,False,,,,False
e11d8839-f7f4-56fd-923b-70e1b2f5a84e,1785277271400,sender,0,False,,,,False
b0d021b5-2860-596a-9d22-545f67b2b502,1785277271445,sender,0,False,,,,False
55d50e4a-1d0c-57f1-81d6-9b2f9397f5c9,1785277271504,sender,0,False,,,,False
ad0a45c3-7d6b-551b-8f7c-cb246e80b774,1785277271559,sender,0,False,,,,False
0265fc05-a379-5065-b78b-b51d2b316a8a,1785277271612,sender,0,False,,,,False
68b037c7-de9a-55a5-9194-58f7f252427c,1785277271613,sender,0,False,,,,False
a852d019-7d2f-5c71-bdd4-bfce42173597,1785277271671,sender,0,False,,,,False
a0c3df59-2fac-55d6-a7e8-4b65ce3db415,1785277271673,sender,0,False,,,,False
7584d1dd-856a-5098-89c7-ba2226f870ee,1785277271761,sender,0,False,,,,False
20bea218-d897-593f-b7d6-1366ae52a851,1785277271762,sender,0,False,,,,False
3b5a0d80-4afd-5af3-b29d-5a3781b79976,1785277271763,sender,0,False,,,,False
febbc5fd-c63e-553d-9bd5-d098b050059e,1785277271816,sender,0,False,,,,False
7b313131-8688-5527-a294-cc6b302750b8,1785277271850,sender,0,False,,,,False
16301dd6-ca31-536c-9f02-f0466a145c8f,1785277271913,sender,0,False,,,,False
21295a53-d84d-529d-9ffa-914ad467d0f5,1785277271915,sender,0,False,,,,False
ea15f25b-1518-52a6-b792-97d6b4c46d89,1785277271916,sender,0,False,,,,False
a72d9dda-dd31-5e30-aa25-e173e039db48,1785277272031,sender,0,False,,,,False
a1a2c9ec-f5c5-5664-a3d6-9bd27bb25758,1785277272034,sender,0,False,,,,False
03634528-7f48-5e60-8973-3ba74789384f,1785277272047,sender,0,False,,,,False
d730edac-89bd-5f70-ae65-f6b2954e7770,1785277272084,sender,0,False,,,,False
c998911d-d44e-531d-943b-f4738359a7d7,1785277272090,sender,0,False,,,,False
3eebb43b-af8c-5051-b11f-a0ca7cfbb989,1785277272115,sender,0,False,,,,False
ea8a4c0d-0c10-512f-9742-d6cb9e6e82de,1785277272153,sender,0,False,,,,False
5ed776d0-9df6-5b5a-af7e-933274243478,1785277272179,sender,0,False,,,,False
79b1e458-20d6-5850-9f7e-4e45de23f94c,1785277272242,sender,0,False,,,,False
ad4a1875-646f-516c-a76c-fca80bbda602,1785277272365,sender,0,False,,,,False
efe1d286-eca8-5efd-9ff5-06d4e7a8931f,1785277272461,sender,0,False,,,,False
a44e2c61-efeb-5989-932f-6d3ed9fcbcaa,1785277272462,sender,0,False,,,,False
453c6823-6ec0-515e-bf5c-caeecd62591a,1785277272464,sender,0,False,,,,False
ccb60543-000e-5c35-b07b-0431ef8ce861,1785277272466,sender,0,False,,,,False
d948daae-4380-5788-91f4-96e8791e38a3,1785277272467,sender,0,False,,,,False
64570519-2ce9-53ef-b9ab-f1015697ebac,1785277272540,sender,0,False,,,,False
02b131e3-0336-532b-9b6c-055f6ea6fc2e,1785277272541,sender,0,False,,,,False
60305a4b-59d9-5d15-8dc0-947600ad3d92,1785277272639,sender,0,False,,,,False
f8a838be-3b57-5883-b718-a5f0cf76aecc,1785277272699,sender,0,False,,,,False
f7bf04b4-ee99-5709-ae8d-6cf3c1afcdd1,1785277272701,sender,0,False,,,,False
b070e758-7ce4-5995-a880-8154c3f48180,1785277272793,sender,0,False,,,,False
c8f29812-3912-5397-b943-192a299525eb,1785277272795,sender,0,False,,,,False
b8b214d5-78e0-5091-b6d7-84210ea9f6b1,1785277272856,sender,0,False,,,,False
b5062fec-15d0-5c32-8df5-dfc258c28bf5,1785277272872,sender,0,False,,,,False
8e8e1710-9786-59ba-9dec-e3f3d5f7a2b6,1785277272931,sender,0,False,,,,False
2d79dfec-efc8-5962-b6b7-a97e0de45f3e,1785277272932,sender,0,False,,,,False
a001b421-9407-5021-af22-969ea7407a0d,1785277273018,sender,0,False,,,,False
6e097050-6a9a-59f8-8899-9ebc72f82f9b,1785277273019,sender,0,False,,,,False
a4d584de-827e-5ec5-89f5-ec892bc3f557,1785277273075,sender,0,False,,,,False
fc1183f5-f421-5198-9ca8-0e53c0518a54,1785277273077,sender,0,False,,,,False
0869d2b1-be5d-534d-ab9b-ca7cd340d245,1785277273078,sender,0,False,,,,False
6f24d949-e180-532a-8f34-573bec06a44a,1785277273098,sender,0,False,,,,False
b2fc2b7c-bd99-5fbe-9a1b-eca909b2f9de,1785277273123,sender,0,False,,,,False
3fd3d403-45e7-5055-a602-239660b21e0c,1785277273125,sender,0,False,,,,False
2db15636-9242-555f-9acc-dedfe2def53a,1785277273225,sender,0,False,,,,False
47120262-2e63-5903-ae11-81e7272c8aa6,1785277273259,sender,0,False,,,,False
c3cc339c-43bc-5eb7-97a7-3dd6aba72a9b,1785277273265,sender,0,False,,,,False
a453003e-5917-58ad-a029-f62f3eade1e6,1785277273292,sender,0,False,,,,False
4050d359-1831-5f78-9e32-4309fa625dbc,1785277273393,sender,0,False,,,,False
d7025a64-2d28-51b8-88cb-a4c4ebecb74b,1785277273417,sender,0,False,,,,False
5fbdf5cc-6dab-5413-a682-ea484d5df12b,1785277273447,sender,0,False,,,,False
33c01456-8031-59b9-9494-8e1cb5e5c544,1785277273448,sender,0,False,,,,False
a11b3ae0-2d7f-5220-9dc7-92a48d0539a3,1785277273540,sender,0,False,,,,False
35018a70-e5f9-5f6d-a9bf-5d9975acaa4e,1785277273561,sender,0,False,,,,False
e3d7e619-56c7-54df-b82d-c935df455c76,1785277273578,sender,0,False,,,,False
fa750e7c-b7cd-56f2-9c8c-27badc86c190,1785277273640,sender,0,False,,,,False
15399cb2-7bdc-564c-bc4d-80512aa642f1,1785277273717,sender,0,False,,,,False
3f0174d7-1182-55dd-9bf5-af27a31a1547,1785277273765,sender,0,False,,,,False
4ad4fd46-fd39-58de-9031-6514a5322c60,1785277273766,sender,0,False,,,,False
4d75f619-3c15-514d-9f66-9b4926e47386,1785277273767,sender,0,False,,,,False
3ce3341a-2d9b-5058-b6a8-0f69902b5a67,1785277273810,sender,0,False,,,,False
0a8f811b-1e71-5343-adb8-57846f469627,1785277273811,sender,0,False,,,,False
c4c751e0-8950-50d2-9440-89e7cbf2eb4c,1785277273813,sender,0,False,,,,False
d966d3cf-49d9-5e5e-afed-e553109ce312,1785277273837,sender,0,False,,,,False
aaf0db32-ecb4-53f6-bcb4-7cd3545c38b7,1785277273856,sender,0,False,,,,False
1eb39d6e-d697-5e2e-ae8f-87d1f14b4a10,1785277273897,sender,0,False,,,,False
4d846f27-144d-581a-b077-ea666fa41da9,1785277274001,sender,0,False,,,,False
f1635ca6-a20e-5088-bc9a-6f54f07b873a,1785277274069,sender,0,False,,,,False
b5e56e34-cb41-56f8-8922-ff80150499de,1785277274070,sender,0,False,,,,False
cf19b2bc-b4f3-58af-91ba-7ab8b7b46367,1785277274161,sender,0,False,,,,False
b365724d-6110-56ec-91a7-708e08cd3f86,1785277274165,sender,0,False,,,,False
708c22f5-ffec-5c23-aed3-c5d341e51574,1785277274191,sender,0,False,,,,False
c2343f43-7535-5acd-8f9c-b7509760d90a,1785277274220,sender,0,False,,,,False
c46741c3-08a3-53b7-8fbe-89f57b72dcdb,1785277274260,sender,0,False,,,,False
0398d288-f0ab-5150-89ed-b09a695aae33,1785277274261,sender,0,False,,,,False
740a3683-1ae3-5077-b422-d5f0c9fe031c,1785277274323,sender,0,False,,,,False
b119c09c-69d5-5db4-80bf-1fd68a13ba32,1785277274325,sender,0,False,,,,False
eb3c031d-3342-5b2a-9a8b-dfc45647b0f5,1785277274370,sender,0,False,,,,False
340c267e-476a-5149-b4fd-018885b9a9df,1785277274371,sender,0,False,,,,False
de172615-c7b9-53b4-b681-b26c5a4c0645,1785277274463,sender,0,False,,,,False
2abb485f-6968-523f-af38-f4b86f0a0db8,1785277274465,sender,0,False,,,,False
b24b25e6-0609-556a-861d-6022e001da96,1785277274545,sender,0,False,,,,False
ce1b0155-e3f2-5e18-a3ca-0a2279380068,1785277274546,sender,0,False,,,,False
fb7c5509-e687-5dd2-8734-e4e800c63a94,1785277274594,sender,0,False,,,,False
89acb850-7cab-5856-b474-910a1b540d14,1785277274595,sender,0,False,,,,False
f331af7e-be86-59ba-a8e3-8480eb823569,1785277274643,sender,0,False,,,,False
5b9f8517-592a-5998-b2d1-54de19061027,1785277274697,sender,0,False,,,,False
1074fb8d-974a-5c42-908b-599219852260,1785277274698,sender,0,False,,,,False
982d124f-b608-5bc9-ada5-74758ff47aa9,1785277274699,sender,0,False,,,,False
3f14cef0-518b-52ad-b80f-274b1bb6c481,1785277274810,sender,0,False,,,,False
e19f0826-eb75-5e48-81a9-8ecb41a1119f,1785277274847,sender,0,False,,,,False
7be6f69f-49f6-5482-9812-4a0a62b57b9f,1785277274926,sender,0,False,,,,False
af549da9-c129-5029-b3fc-416a9f5f8fab,1785277274926,sender,0,False,,,,False
54b903d2-6e9c-5d46-b2b5-eaa8532cf445,1785277274927,sender,0,False,,,,False
c5f7b434-bc9d-5c06-9fac-b2458b79917b,1785277275013,sender,0,False,,,,False
4e9d0803-e77e-57fc-9585-ada6e63a2dea,1785277275015,sender,0,False,,,,False
576ac9a4-2362-58cc-9916-1986c138159e,1785277275016,sender,0,False,,,,False
b782d767-f3e4-5c65-bb61-59356c5cc0fb,1785277275066,sender,0,False,,,,False
f01e3cee-2519-5883-81c1-86ea947a07da,1785277275129,sender,0,False,,,,False
921ad6ff-21cb-5231-83f7-91d1482ff1f5,1785277275199,sender,0,False,,,,False
3de07231-00bf-55da-a962-6d2496a153c0,1785277275274,sender,0,False,,,,False
fcff28bf-b4e4-5724-9e09-7948d1f7e970,1785277275276,sender,0,False,,,,False
81441b1e-97c0-59cc-9232-b66779def861,1785277275303,sender,0,False,,,,False
5dcea3ef-09f8-562e-859b-0f6fbac6899d,1785277275347,sender,0,False,,,,False
29ca8ee8-4b26-5b34-b1bf-62bb79c441ee,1785277275348,sender,0,False,,,,False
cc500565-9fce-52d3-ad58-0f855c54c47f,1785277275367,sender,0,False,,,,False
d3085409-dd29-502b-8c15-26465af3eaf0,1785277275368,sender,0,False,,,,False
ca87c887-4e75-5826-8016-1a3401487406,1785277275481,sender,0,False,,,,False
882055b0-819f-5364-8be5-922591d41373,1785277275483,sender,0,False,,,,False
75723133-525c-5d41-935f-2e8d77379cfc,1785277275539,sender,0,False,,,,False
85099c9c-7dbc-50a7-9fc7-fb04f62b17de,1785277275555,sender,0,False,,,,False
36c1aca8-3e27-52d1-a470-4557950132fa,1785277275653,sender,0,False,,,,False
7eb038fd-3c41-5895-9ef5-ad3b8c93f4d3,1785277275690,sender,0,False,,,,False
6d02328f-cbc8-5b69-b867-fbc5177dc69e,1785277275691,sender,0,False,,,,False
5beb71ff-d202-5a20-be70-575bb05a804b,1785277275693,sender,0,False,,,,False
ad2b6292-2cb8-513f-a7ef-83bfa579b92f,1785277275694,sender,0,False,,,,False
8e940c61-2145-5cb8-bba2-ba5e7b958af0,1785277275753,sender,0,False,,,,False
10935276-259b-532b-b3de-4de073c9d536,1785277275792,sender,0,False,,,,False
a96d8ef8-cbe6-5d5f-944f-00e3f9f0dbc1,1785277275793,sender,0,False,,,,False
29a10e7c-9b42-5a04-a3dd-f9ed8eb614ed,1785277275840,sender,0,False,,,,False
02e9a888-49b7-52e2-ba24-6f1c617f0013,1785277275915,sender,0,False,,,,False
28122761-65bf-5d56-bc53-cb95a563efc4,1785277275921,sender,0,False,,,,False
11a28dc4-6b2e-5913-95d7-da59abe49985,1785277275943,sender,0,False,,,,False
b8b6fea3-f6cc-5330-8984-bf665b1cf011,1785277276081,sender,0,False,,,,False
547a8956-ef5a-5f3f-9bdf-ce0823796110,1785277276082,sender,0,False,,,,False
b1ebbbde-da71-5b04-8392-35bfac830b9c,1785277276184,sender,0,False,,,,False
ef0c01f9-874c-52de-b526-1ca9bdd84120,1785277276268,sender,0,False,,,,False
8163b2c4-c199-50d7-9800-a47b4e05176b,1785277276269,sender,0,False,,,,False
d4b19879-619d-5634-a696-dd88b5040b51,1785277276271,sender,0,False,,,,False
0e5616ad-f263-5e98-8e94-a611d22b4ce1,1785277276274,sender,0,False,,,,False
3fcce463-1d4c-5b3a-9e92-699b5d09d947,1785277276308,sender,0,False,,,,False
ccc78564-e2bc-52ff-845d-ab3e6cf60c81,1785277276310,sender,0,False,,,,False
8442756c-b9b0-5e2f-af0d-a25ee6f69b72,1785277276352,sender,0,False,,,,False
8f19fdc8-23ea-56cf-8655-17a07c0cec1e,1785277276448,sender,0,False,,,,False
ff10e66a-ecd4-5fcc-9b4e-7f8d30eee174,1785277276510,sender,0,False,,,,False
72ad7d91-1025-5aff-944f-48ced753b400,1785277276512,sender,0,False,,,,False
7199acd0-7d76-5813-93fd-91bb45cdfe3c,1785277276567,sender,0,False,,,,False
5b82588a-f8f8-5b68-8ecc-9e6672580849,1785277276568,sender,0,False,,,,False
5eb95cf8-11a9-5bbe-b44c-7b01f7ff0a6f,1785277276658,sender,0,False,,,,False
c367b010-a48d-50c0-bcba-bcd6d9075916,1785277276708,sender,0,False,,,,False
d0fc5fb1-8ab5-5e7a-9abc-8c2f7cbf9905,1785277276750,sender,0,False,,,,False
52e18f40-20fd-5ebf-82cd-252138a222bd,1785277276752,sender,0,False,,,,False
0610d6af-eb9b-5115-bf62-2678dedeba56,1785277276753,sender,0,False,,,,False
152b2406-c806-50fb-a5f1-c46183142ddb,1785277276790,sender,0,False,,,,False
90ab60c8-df8a-5479-a71e-1e38408ba19f,1785277276824,sender,0,False,,,,False
a430d5da-f712-5749-ae7f-9452001f7736,1785277276850,sender,0,False,,,,False
adb8d74d-12e1-51cf-a693-e35f3f559101,1785277276888,sender,0,False,,,,False
39eb46c5-163d-51cf-8869-028f24cf0f86,1785277276975,sender,0,False,,,,False
634e08f2-56e5-59e2-ac8c-df0a2ee167af,1785277276976,sender,0,False,,,,False
18dbb4ba-9828-577b-8b79-ebeb83913ef7,1785277277039,sender,0,False,,,,False
af0498d5-23a5-5251-b80a-e4716de90ccf,1785277277040,sender,0,False,,,,False
4df63ef3-8a79-50d5-a29a-5fb4487c5457,1785277277082,sender,0,False,,,,False
6acf1633-7617-51e8-87ab-5b71361d5ada,1785277277083,sender,0,False,,,,False
1e5e3294-01ac-55ab-a54a-fe5798e8f359,1785277277149,sender,0,False,,,,False
741970e5-5fec-555b-ba44-3e6af7996a4f,1785277277166,sender,0,False,,,,False
ccc8723e-a20e-573c-bd77-3d9bd065e6ee,1785277277239,sender,0,False,,,,False
fa2591c6-4515-51bc-9b8e-2cecd202fa5d,1785277277239,sender,0,False,,,,False
22d76fb3-b7df-5f82-9026-d22030cc6251,1785277277298,sender,0,False,,,,False
9ee3667b-7399-51c1-9146-666b3a320188,1785277277302,sender,0,False,,,,False
d94ec0ad-c510-58b5-8d67-2d9e882a0e46,1785277277303,sender,0,False,,,,False
b2c44569-4e37-5ee1-aec5-d0ebca24d9b3,1785277277305,sender,0,False,,,,False
7f16d7cb-d3ab-5cac-8252-1d5321b3b298,1785277277360,sender,0,False,,,,False
9cb4824a-f8a0-5709-a23e-92d494625aba,1785277277365,sender,0,False,,,,False
61bf12db-3bd5-5407-8703-e135a4563b53,1785277277459,sender,0,False,,,,False
40dfce05-571b-5c2a-af94-241a5d43af30,1785277277528,sender,0,False,,,,False
6069f425-4f84-51fb-bb04-e0a31ae9cc98,1785277277660,sender,0,False,,,,False
1a788725-0432-5e49-b5e6-66f350749468,1785277277666,sender,0,False,,,,False
aeb9a26b-6d67-5124-8102-9026a4f7c125,1785277277697,sender,0,False,,,,False
7f2c8755-5092-536a-876d-e09c9026e85e,1785277277749,sender,0,False,,,,False
b6963fed-cfcb-5b55-bf78-ceca9da4ee85,1785277277750,sender,0,False,,,,False
f7471d62-d712-5551-833d-4fd0d3243465,1785277277751,sender,0,False,,,,False
aed8aa5c-0612-53d4-9474-df1c8ec0fb04,1785277277753,sender,0,False,,,,False
592fa94f-1d82-55b1-80e0-06d69f0e8e0a,1785277277804,sender,0,False,,,,False
b6db8461-83b7-56a8-9b24-58f8533cc081,1785277277895,sender,0,False,,,,False
92d982d5-2791-5257-bfd8-ab0bfd3115aa,1785277277897,sender,0,False,,,,False
7d5ae2ef-d980-5fa6-a7f7-f1a1e39f01a9,1785277277931,sender,0,False,,,,False
b0f304b6-1408-56c8-8822-52244f2e7f4d,1785277278116,sender,0,False,,,,False
61a67ade-4252-5b83-b163-079a14159ace,1785277278117,sender,0,False,,,,False
835cd09c-321f-5d80-a016-a0838dcb71fa,1785277278131,sender,0,False,,,,False
8fd79396-8562-5f57-bef7-c3e1a456b2ff,1785277278151,sender,0,False,,,,False
7a78597d-614a-5d90-85cd-0b467674b0d7,1785277278152,sender,0,False,,,,False
727c4778-b17a-5699-aac3-081c9e933b98,1785277278156,sender,0,False,,,,False
62fbaf70-8cb9-5533-ad3e-7436ba901d4b,1785277278176,sender,0,False,,,,False
3ea2bb7e-4044-5c5f-926f-b64790875fee,1785277278227,sender,0,False,,,,False
cb76c3fe-df9b-5875-b7c5-dc70fbcad230,1785277278275,sender,0,False,,,,False
7aea24c4-4e16-5876-9d99-58e592ce079f,1785277278357,sender,0,False,,,,False
172e1e57-bd2c-589d-8fe5-1abd9447c68d,1785277278358,sender,0,False,,,,False
99538971-516c-545f-87fa-a26e005c70f5,1785277278362,sender,0,False,,,,False
767b443e-b6f4-5e93-92da-334b9b8165e3,1785277278393,sender,0,False,,,,False
f9499d04-4ee9-5215-9206-8a709635f707,1785277278563,sender,0,False,,,,False
bf5a5e86-0d20-5468-904a-9df5f24e55a6,1785277278665,sender,0,False,,,,False
3abfc50a-7412-5256-9855-44398aaa8156,1785277278666,sender,0,False,,,,False
6ab2703e-bc27-5a75-a7e8-97de4cf2c3fe,1785277278668,sender,0,False,,,,False
3c9a65fc-4b44-5470-87e9-6e47fa929294,1785277278732,sender,0,False,,,,False
b28b1a32-a6db-5ecb-9276-9d5f7887dd39,1785277278733,sender,0,False,,,,False
b63ff49d-5bec-57d8-b406-ab70a5378c4e,1785277278753,sender,0,False,,,,False
f2c45043-b0d9-5281-b2ee-2c4328d5c8b6,1785277278754,sender,0,False,,,,False
9354ffe5-d58a-55d6-85fb-86807a538c55,1785277278807,sender,0,False,,,,False
73e183c4-9d01-55a7-a6f3-8b4205fa0d3c,1785277278848,sender,0,False,,,,False
9bdf5535-47db-50ea-a35b-0c6fc98fab77,1785277278888,sender,0,False,,,,False
a74cd42b-1b20-52ae-b12a-f0db52db9670,1785277278889,sender,0,False,,,,False
042e6088-9e04-5c6d-acd0-595897919463,1785277278894,sender,0,False,,,,False
13e59874-da38-509c-bf10-1f3b911fdf28,1785277278923,sender,0,False,,,,False
28c902d2-94b0-5264-b1d6-260e776e29e1,1785277279171,sender,0,False,,,,False
87ead403-7cab-5c9d-8bb8-40540af39d0b,1785277279230,sender,0,False,,,,False
fb185c5b-643f-5100-970b-54ae17c5c8f3,1785277279231,sender,0,False,,,,False
c29e83f3-0b81-5139-81ca-4a72d8dac449,1785277279232,sender,0,False,,,,False
ac649d6d-df4f-5ecb-bd24-a72c666e25f5,1785277279265,sender,0,False,,,,False
316d7e5a-d924-546b-b21c-1132e2ce0e4b,1785277279304,sender,0,False,,,,False
264c7ed1-a749-53b6-a1d7-d20960bb2ebe,1785277279389,sender,0,False,,,,False
72915404-3ac8-5979-a772-6fa6b22e4ff1,1785277279429,sender,0,False,,,,False
82d081f8-0578-52fa-837b-7ef2b96ef928,1785277279468,sender,0,False,,,,False
5e6e3101-ed2e-5c8b-b4a5-706576715b5e,1785277279515,sender,0,False,,,,False
cdc6195a-6792-5394-bb12-cacef305e0c1,1785277279516,sender,0,False,,,,False
6d779e44-5d09-540f-acb6-3192b748adfc,1785277279517,sender,0,False,,,,False
3db8ae52-a775-5dca-9070-a0fda9623d33,1785277279560,sender,0,False,,,,False
7546bd4c-d197-5876-ad0c-6e939dd5b1bf,1785277279561,sender,0,False,,,,False
69203c69-ac96-54d5-8b6a-df6140e707b6,1785277279617,sender,0,False,,,,False
0c980553-5388-5f2b-b825-59dfaf3ccf21,1785277279639,sender,0,False,,,,False
1aed5c2f-096a-5eb6-9e0f-1fbc07166e9c,1785277279652,sender,0,False,,,,False
56ec83ee-f68a-54a7-8ba3-b0f130ac1bdf,1785277279697,sender,0,False,,,,False
c45cb5b4-c513-5b22-9fce-04303fa127e4,1785277279732,sender,0,False,,,,False
1681c60a-d7ba-57a3-a9e4-ad01db3080a8,1785277279757,sender,0,False,,,,False
acde6c9e-891c-587b-8570-d27357800f16,1785277279799,sender,0,False,,,,False
2e052512-531b-51ae-9a08-950f5e67b39d,1785277279859,sender,0,False,,,,False
005af0e2-ecf0-5cb7-b105-11010aa5908e,1785277279860,sender,0,False,,,,False
0e6e9265-4816-5236-ae88-fe9b7827bf58,1785277279861,sender,0,False,,,,False
4efaee0c-a396-51a5-b328-711b5ca5d4cf,1785277279893,sender,0,False,,,,False
0cced473-5fee-5b46-aa2c-33f245388e0c,1785277279893,sender,0,False,,,,False
203a87d7-8307-531e-9c27-792b8f2604c7,1785277279911,sender,0,False,,,,False
8d8cd314-9ed6-590a-a4e4-50620f72c6dd,1785277279932,sender,0,False,,,,False
490f9aac-923d-59ec-ab24-e84d19265a78,1785277279981,sender,0,False,,,,False
17188418-23bf-5436-ad8e-18b65af5168b,1785277280166,sender,0,False,,,,False
46c57cf9-b2bd-515a-b784-dcc008d9ef46,1785277280216,sender,0,False,,,,False
1fa9ef1b-ecec-568c-bd80-40027e1cf6d6,1785277280218,sender,0,False,,,,False
a92d1e63-30f2-59d1-9d13-5825d04e4e41,1785277280336,sender,0,False,,,,False
29973846-d4dd-5804-9042-02b3a4ae887c,1785277280337,sender,0,False,,,,False
979bd758-3480-5261-93dc-085f9a3faad4,1785277280398,sender,0,False,,,,False
0637a3e2-386b-5162-b23a-cddc5fd70a17,1785277280402,sender,0,False,,,,False
626c3b46-7253-5c00-b23f-ab8bb6be2714,1785277280404,sender,0,False,,,,False
2fdb416d-731a-536a-8155-27f7a9cb7d5d,1785277280408,sender,0,False,,,,False
5ae20bad-a8c0-50c3-97e8-330ade917d9c,1785277280445,sender,0,False,,,,False
994a2449-8450-5658-82a8-fe31c83427e4,1785277280446,sender,0,False,,,,False
4d3655ab-5795-557b-bac0-43a1b0c8789e,1785277280536,sender,0,False,,,,False
e64ef400-73fb-56bf-b9c0-ed3806379fee,1785277280539,sender,0,False,,,,False
b6a268b6-3242-509c-b807-5454492b203b,1785277280620,sender,0,False,,,,False
0a9f76a3-9e0c-585e-b0d3-bbbc7fe4a4d3,1785277280651,sender,0,False,,,,False
75960bbe-22ac-56d7-b2e2-50d9dcbcd8a5,1785277280798,sender,0,False,,,,False
86dc2336-51cb-5017-b09b-c849c016f15a,1785277280852,sender,0,False,,,,False
26551a49-3341-5235-b483-2285c256d306,1785277280882,sender,0,False,,,,False
17974329-1f69-5a42-8dd1-55de189a2d65,1785277280938,sender,0,False,,,,False
e405b246-65ee-5ff9-a63d-1e123cc66675,1785277280938,sender,0,False,,,,False
9ff0d73f-79e4-5b98-a717-e04becdc4500,1785277280999,sender,0,False,,,,False
582b19d7-9ade-5fbe-9c00-010115acca27,1785277281000,sender,0,False,,,,False
4cc92649-ca15-55a0-a5c7-af223c5c669c,1785277281006,sender,0,False,,,,False
f7b87a5d-06df-5d86-a15f-d0eb820dcea1,1785277281034,sender,0,False,,,,False
9cddcdc6-7bb7-5c09-877a-19cb4f340e8b,1785277281189,sender,0,False,,,,False
1c5e061f-1ea4-5b44-878b-5b27ca1afd40,1785277281227,sender,0,False,,,,False
e7357ce0-49b0-5a2b-979c-6c2cedd95733,1785277281228,sender,0,False,,,,False
49e63561-4874-5886-9aeb-ec1508bdbab0,1785277281229,sender,0,False,,,,False
61359be9-154b-5bf9-8a5d-9b6b27b89c5f,1785277281254,sender,0,False,,,,False
caddb9e3-5c4b-53ee-851c-b3c63ac563f8,1785277281271,sender,0,False,,,,False
e7fc5506-7782-5789-820e-bcd04184807c,1785277281315,sender,0,False,,,,False
e08cbaf6-935c-56c6-a309-4f1c260cf0f1,1785277281318,sender,0,False,,,,False
25dc9e2b-2890-5e8d-b544-bb7d993c2ff2,1785277281569,sender,0,False,,,,False
5a67ce95-f8de-5304-b3c2-95deac5bd14d,1785277281571,sender,0,False,,,,False
a2ef9072-1d55-5283-b624-6615cbfc4171,1785277281572,sender,0,False,,,,False
a0d749b0-37f9-5a80-b29d-d45a889a3ca4,1785277281572,sender,0,False,,,,False
3b013aa6-b35c-5c67-b2cd-9afbf7ae2e03,1785277281623,sender,0,False,,,,False
87d8c104-d234-5774-adc7-2e824b79d055,1785277281637,sender,0,False,,,,False
a17cd746-3ee0-5c95-867b-425482875372,1785277281638,sender,0,False,,,,False
c9a0a32d-e391-5681-880a-702eb83d427c,1785277281639,sender,0,False,,,,False
8fc7d56a-aac8-5ed1-ac25-0caed914b80a,1785277281688,sender,0,False,,,,False
4121aa57-8980-50d8-a489-3d00c759fdc8,1785277281833,sender,0,False,,,,False
d3382728-4b4c-5953-9dea-bfcc210803f8,1785277281898,sender,0,False,,,,False
78e7de66-a127-5545-8018-a68e36f54d2a,1785277281899,sender,0,False,,,,False
69d618fa-0846-594a-ae3b-b2647e460c77,1785277281994,sender,0,False,,,,False
b7dd55d2-f862-5522-bf86-e2b854b43a4e,1785277281995,sender,0,False,,,,False
0f35ac93-22c5-5472-9bbb-b4b0d8975b55,1785277281996,sender,0,False,,,,False
2e72c1d0-f6bc-5326-ae4c-325452c28634,1785277281997,sender,0,False,,,,False
dff26be5-0a30-5e8a-8f1f-c120bb8a86fd,1785277281998,sender,0,False,,,,False
21cce825-6e5c-589d-aef4-acf19400add2,1785277282044,sender,0,False,,,,False
189901c9-4d06-5e98-98c4-e5999b750819,1785277282141,sender,0,False,,,,False
acc3ebe7-a2e3-5661-863a-7bae6116366d,1785277282142,sender,0,False,,,,False
d6146624-c2b3-53ab-9aa1-b9ab0758839f,1785277282204,sender,0,False,,,,False
10df7a2c-6189-5fc0-8aef-ad91d6f4f7a2,1785277282208,sender,0,False,,,,False
6aaa28a0-d749-5631-81a2-0e006a4df68d,1785277282265,sender,0,False,,,,False
c12e2937-45fe-5d5e-a6b1-9137398fe1cd,1785277282266,sender,0,False,,,,False
26368ebe-62ff-5d65-af4f-b2889e8ab0ea,1785277282375,sender,0,False,,,,False
45626a4d-75ac-59c2-8d97-58622b039297,1785277282376,sender,0,False,,,,False
fa526f07-0ef0-54ef-9991-df227c06653c,1785277282376,sender,0,False,,,,False
913b6fa6-1d1b-535d-9ae7-461d14f54651,1785277282413,sender,0,False,,,,False
f5fe8802-c6bb-5a0b-9728-0fd389d12968,1785277282479,sender,0,False,,,,False
7b18ea1f-da10-5424-b7fa-f95da7521994,1785277282480,sender,0,False,,,,False
639ff939-32fd-581b-b778-d40a47b7c5a8,1785277282512,sender,0,False,,,,False
39a1cbc9-99ee-5145-830c-2f76c607f64a,1785277282543,sender,0,False,,,,False
c9853c19-38db-5241-a124-acf6689a546e,1785277282545,sender,0,False,,,,False
2112a2d3-b2e9-50a1-b904-519772506fdf,1785277282672,sender,0,False,,,,False
5d75befd-6e95-545a-80d4-c5cb2b453ec1,1785277282749,sender,0,False,,,,False
3025b386-d152-5e36-97ab-cbfee0b5f3e0,1785277282750,sender,0,False,,,,False
04e638c5-1b8e-558c-a345-f323d9050f63,1785277282823,sender,0,False,,,,False
113f25cc-c200-553f-9d84-8b8ff2c0c882,1785277282825,sender,0,False,,,,False
c161d8ae-a383-57db-9420-37d1447feb83,1785277282828,sender,0,False,,,,False
29c61acf-2532-5234-b6e6-93af5b8ce30c,1785277282832,sender,0,False,,,,False
50968aa7-4ebf-512b-babb-cff88a8495ad,1785277282872,sender,0,False,,,,False
74403b2f-995c-55e9-9b8d-91507dd6947b,1785277282876,sender,0,False,,,,False
de060d8f-e4fa-5cb3-8dc8-4a78d4b7dda0,1785277282906,sender,0,False,,,,False
35b41001-c030-50cb-86c9-00e258d0c68f,1785277282937,sender,0,False,,,,False
aed0de59-0eae-53b5-9ba4-2ff79d82a0be,1785277283011,sender,0,False,,,,False
6157d8a7-4b4c-59e8-9ca5-dbc98062d45f,1785277283066,sender,0,False,,,,False
c619a5a2-1c5d-591f-a002-e5c5aa031b35,1785277283189,sender,0,False,,,,False
843ea907-cdb2-5349-b12b-021ab565e218,1785277283190,sender,0,False,,,,False
b2ebb578-6d0a-5fb9-9248-467c5cddc32f,1785277283191,sender,0,False,,,,False
c259e486-4031-57c8-915a-6618ad62f564,1785277283264,sender,0,False,,,,False
e5ace3e2-7ac2-5e67-916a-5a11cce3cb6e,1785277283297,sender,0,False,,,,False
3c761f96-c038-590d-b6f8-24bfb238cfbe,1785277283298,sender,0,False,,,,False
98f3eb6e-761b-548b-81fb-e65657e66d4f,1785277283300,sender,0,False,,,,False
9f5fb843-836c-5bd0-87a0-5b9ab5716585,1785277283316,sender,0,False,,,,False
f9ee6ac4-f6a0-5bf4-910e-823aaeef8e41,1785277283376,sender,0,False,,,,False
4ada52e7-0554-5546-8f67-78183c4bdf80,1785277283416,sender,0,False,,,,False
8651e36e-3191-5342-92e9-1ed7ed54a0c0,1785277283417,sender,0,False,,,,False
a0a11363-af1d-573b-bd86-f725eeb61443,1785277283435,sender,0,False,,,,False
0d2e4fff-780f-5b12-9bd0-d010dda178c8,1785277283501,sender,0,False,,,,False
b5123641-a616-5aaf-b5b0-2b14f5b43a1e,1785277283552,sender,0,False,,,,False
b80cd4a7-e6a0-5c0b-ba51-b40d99cdc050,1785277283617,sender,0,False,,,,False
7d037ae7-016f-53c0-bc68-c5129639a723,1785277283618,sender,0,False,,,,False
8340151f-a46c-5597-9bc2-34257efc5711,1785277283693,sender,0,False,,,,False
dd91f290-118c-55ac-a23e-b4527aa2aa3d,1785277283749,sender,0,False,,,,False
622123e2-d275-52f4-9975-b82a5bf86436,1785277283750,sender,0,False,,,,False
ebbd6b1e-ece1-5ead-8433-53285d63a2de,1785277283752,sender,0,False,,,,False
6202bdfe-ce8a-5c3c-95b1-5185f0f8fb2b,1785277283753,sender,0,False,,,,False
7cca46de-875e-5d93-af87-042b885c6b38,1785277283797,sender,0,False,,,,False
8b6a7391-de39-5ff1-8968-1fadc550ed88,1785277283855,sender,0,False,,,,False
8df50a81-8a31-5e2f-8613-5d621d6329df,1785277283874,sender,0,False,,,,False
600b6447-d567-5327-8799-e4c7612c4dc8,1785277283876,sender,0,False,,,,False
8e97447b-f7b5-536e-a51a-48c08ae44830,1785277283944,sender,0,False,,,,False
c929fbed-991e-5e67-9d06-43d535ff8a88,1785277283945,sender,0,False,,,,False
baa70832-ff06-5481-bd8f-eb475ba69cf1,1785277284060,sender,0,False,,,,False
6e776f22-b50b-594b-9215-348a574a5300,1785277284061,sender,0,False,,,,False
9872d02f-0461-504a-9f12-1b7e92101c28,1785277284121,sender,0,False,,,,False
c35386bd-7405-5f75-9024-4fd8538ea841,1785277284176,sender,0,False,,,,False
32f70050-4879-5e46-bb19-325ec94bf26e,1785277284176,sender,0,False,,,,False
1455dcfc-bf6f-5624-b2b7-c8e516b47199,1785277284234,sender,0,False,,,,False
a90643d4-0339-50ab-a8bf-def4cd9a4f4d,1785277284235,sender,0,False,,,,False
62d73410-332f-58d0-a6d3-39d968aa737e,1785277284236,sender,0,False,,,,False
69e8a813-0ba5-567e-9bf6-c53789093def,1785277284277,sender,0,False,,,,False
dd9a1366-3981-5929-9ba9-4b9bfe84512b,1785277284278,sender,0,False,,,,False
b06c263e-2799-590b-b711-e9463d471a95,1785277284346,sender,0,False,,,,False
d296de4a-931d-5296-a655-be5f89bcc034,1785277284374,sender,0,False,,,,False
da151eb7-0216-5675-9a95-b2a778c83ae5,1785277284377,sender,0,False,,,,False
a41bf35c-3927-5043-bf91-e4e00dbd27ff,1785277284410,sender,0,False,,,,False
372c1b0b-58bc-53f4-bf65-9219f9b0bb83,1785277284594,sender,0,False,,,,False
fcb496d5-31bb-5b69-b0d4-de70834fe3cc,1785277284595,sender,0,False,,,,False
bff04f50-e04e-57e8-8275-9fba22c5a303,1785277284662,sender,0,False,,,,False
7534662b-9df1-58f4-a17f-5394e53249a1,1785277284664,sender,0,False,,,,False
af5807a0-14d2-543d-9ff4-5962d15d78e3,1785277284665,sender,0,False,,,,False
8ee181df-c309-55c2-a412-603eb3b1c643,1785277284669,sender,0,False,,,,False
4247041a-a30b-59d0-8c0d-d607481cc902,1785277284709,sender,0,False,,,,False
50412098-dd4e-5c98-bd62-f327fba8a376,1785277284713,sender,0,False,,,,False
9ab64574-6f71-5b82-a64d-3f35b122bbc2,1785277284742,sender,0,False,,,,False
492bd47b-9f49-582e-87a7-516e13c4c4f2,1785277284785,sender,0,False,,,,False
ed27c4bf-acde-527c-898d-68e1e9e7d3db,1785277284894,sender,0,False,,,,False
cfe2d3db-13aa-583e-a750-f112ea8e8cc4,1785277284939,sender,0,False,,,,False
f8d3b26d-5a95-5f9e-a54f-0f0320f98406,1785277284973,sender,0,False,,,,False
e6c26671-cb01-5f85-a599-aa182181751e,1785277285003,sender,0,False,,,,False
13a53927-9264-5479-b358-543f8995b48d,1785277285059,sender,0,False,,,,False
1d37d637-a92a-5c72-bdcc-aeb232e8c8cf,1785277285060,sender,0,False,,,,False
7f30c4a2-7e8d-565c-bbd1-1a719e1601c8,1785277285061,sender,0,False,,,,False
a1845579-7cdc-57a2-917a-7c6c1a96f4b1,1785277285135,sender,0,False,,,,False
93a2891d-0079-556a-b287-49401138eed7,1785277285185,sender,0,False,,,,False
0f1a0846-0d37-5231-8037-d87fcb96ec5f,1785277285187,sender,0,False,,,,False
eae7b920-9b91-5757-9d28-35e147ff3f06,1785277285235,sender,0,False,,,,False
18d8f3fb-2ec1-5ccd-b38e-56137850a0a1,1785277285282,sender,0,False,,,,False
e1e1fd10-b758-58b7-9156-c2542a7aab94,1785277285315,sender,0,False,,,,False
a6f389ed-1349-5d16-b7cf-038f06ee49c8,1785277285329,sender,0,False,,,,False
07cf2029-0cf6-59c6-9b34-a4e2b54c1bff,1785277285368,sender,0,False,,,,False
7538a59a-9efb-59f6-84b5-794820ecfea0,1785277285395,sender,0,False,,,,False
300f261e-61e4-5e8e-96fc-e5d75c876bb1,1785277285412,sender,0,False,,,,False
8b782a76-53a8-58a9-9250-0678f7ae5e97,1785277285467,sender,0,False,,,,False
941473bd-c79f-531e-83a6-9fbc49951d1e,1785277285468,sender,0,False,,,,False
f97b466f-62c2-5a36-a9a9-26d604ee0cce,1785277285469,sender,0,False,,,,False
07a976a1-6e37-57aa-bc06-94dd09d6e5b0,1785277285470,sender,0,False,,,,False
ab4f8e94-e4c4-5063-ab8c-7fd41fd08d57,1785277285545,sender,0,False,,,,False
7b5dfd66-1a42-5467-b7e1-e06ba783a053,1785277285563,sender,0,False,,,,False
43225590-ea42-59a0-aa94-d6215ece7777,1785277285618,sender,0,False,,,,False
2d99bdca-8ab3-55c0-87ac-9e0db71685b3,1785277285619,sender,0,False,,,,False
a8149063-5afb-5894-9313-a2f4d39bd62b,1785277285667,sender,0,False,,,,False
4d55d93b-f44f-51f4-8391-5ca8751cd4eb,1785277285716,sender,0,False,,,,False
88ae75a3-ef3f-56e3-9205-3d5932273be3,1785277285718,sender,0,False,,,,False
19d49db5-6c70-50ee-bbf9-2ba95a564e9e,1785277285720,sender,0,False,,,,False
6c02744f-0452-50ba-916c-da8b7e7b5fbd,1785277285808,sender,0,False,,,,False
f5570b3a-8432-5fc3-a778-199a0e9fbf17,1785277285811,sender,0,False,,,,False
d1792dfe-1d23-505b-801c-0890f98dd9f7,1785277285869,sender,0,False,,,,False
af076741-201b-5124-992e-d9c5f835951b,1785277285870,sender,0,False,,,,False
0027a74e-8fb5-5c1c-ba19-4ada9feaa2e4,1785277285936,sender,0,False,,,,False
9931772f-4f47-5190-b51f-9afc2b3246e1,1785277285938,sender,0,False,,,,False
37f61386-ffa8-51ee-993f-1f4977f6cea4,1785277285985,sender,0,False,,,,False
3322fe47-08c2-5482-a3e4-e75d7d55d139,1785277286017,sender,0,False,,,,False
be825773-6339-58ca-9897-b29db222ed5f,1785277286064,sender,0,False,,,,False
31f2d4ea-9d5f-58f3-b969-e27c0800a45a,1785277286065,sender,0,False,,,,False
2ea2b248-c768-5744-83a8-fedfb5988d1d,1785277286134,sender,0,False,,,,False
531ed8d2-74ca-5ccc-96db-2ea8435ad601,1785277286149,sender,0,False,,,,False
74e4d69c-9a5d-5dd8-81c4-cb7098e4a32d,1785277286198,sender,0,False,,,,False
56e9816b-14e9-5312-aca6-06c408daf0a2,1785277286202,sender,0,False,,,,False
6a2f78b9-00bc-50b0-bb1b-2908f331e68e,1785277286259,sender,0,False,,,,False
601deece-d1d7-5815-a9d8-83e05eba2e73,1785277286260,sender,0,False,,,,False
72562931-90d3-5144-9279-41263a4aba4a,1785277286302,sender,0,False,,,,False
6755857f-e271-501a-9047-eb3e6786fc59,1785277286356,sender,0,False,,,,False
daa84efc-46af-5d89-9595-852c5939e750,1785277286358,sender,0,False,,,,False
d274ec35-72d1-5116-aaa3-c510c2df7cfa,1785277286359,sender,0,False,,,,False
621baa3c-b5d1-5e1d-a917-2b53e85f5926,1785277286461,sender,0,False,,,,False
def746bb-aa3f-5ec9-8963-2a0e0cd38d25,1785277286463,sender,0,False,,,,False
71dff529-01ba-5044-9289-691533a673ef,1785277286513,sender,0,False,,,,False
a796d572-977f-5ac7-a939-951c151a0dea,1785277286515,sender,0,False,,,,False
5310e653-24df-572f-8916-ad3599b20cb9,1785277286573,sender,0,False,,,,False
eaeb3d0f-5f3f-551b-8bee-9ece28ffc34b,1785277286619,sender,0,False,,,,False
59e5f7f9-bbc4-520c-900c-4f017123270f,1785277286676,sender,0,False,,,,False
01579bf8-4402-5643-8dc2-e9c013ae03f5,1785277286678,sender,0,False,,,,False
92367797-58d7-5b91-be6d-4e2dcd3c08d4,1785277286679,sender,0,False,,,,False
5301d242-aae7-55fa-af4f-f8bfb6f66c7e,1785277286777,sender,0,False,,,,False
b095d46e-2b76-5d78-854a-19ef0b528b5d,1785277286794,sender,0,False,,,,False
0e0cf6a5-84d3-5a9f-b0dd-61f9bd8b810d,1785277286864,sender,0,False,,,,False
2f261fc5-8110-52d4-9f45-8192a2789065,1785277286869,sender,0,False,,,,False
37ffaf01-2257-5c9d-abb7-c855e83994af,1785277286872,sender,0,False,,,,False
476cd9bd-ffcc-563a-8a63-8e1315e7b023,1785277286911,sender,0,False,,,,False
bde07580-7942-59e4-909f-c2a407969a21,1785277286912,sender,0,False,,,,False
07673ddf-f0c6-5386-93bc-f63ff47fb112,1785277286945,sender,0,False,,,,False
5505416a-de5a-526b-8a4d-25d67f3c56a4,1785277287020,sender,0,False,,,,False
c025c255-f808-53bd-acec-ca15d9b6d8dd,1785277287026,sender,0,False,,,,False
e9baac65-6852-516a-bc77-b3bd282ab423,1785277287048,sender,0,False,,,,False
c41bd13f-09ad-507f-9b2f-ea868fd45376,1785277287083,sender,0,False,,,,False
386987fa-16b6-51cf-8ea2-965cc5d00337,1785277287183,sender,0,False,,,,False
9bba9cb7-ffcc-55ed-b7bd-8f2df36e578e,1785277287225,sender,0,False,,,,False
513d50ee-f79d-5f6f-83ec-f3e0474af2dd,1785277287226,sender,0,False,,,,False
67d7e8ea-717a-5c38-b6b1-75166a2b6e18,1785277287264,sender,0,False,,,,False
ca7217d4-793e-5d6e-8e6b-184befeff90b,1785277287265,sender,0,False,,,,False
8a946e78-09c0-5efe-aa7f-debf29567fc3,1785277287266,sender,0,False,,,,False
033ea4fc-484a-58e5-8d09-4467e67adf60,1785277287332,sender,0,False,,,,False
9b683487-2ec9-5aee-95ff-6056d68987d8,1785277287333,sender,0,False,,,,False
df6ff4f2-09a5-5281-805e-335b2d27b395,1785277287385,sender,0,False,,,,False
ccc1978d-b47e-5a06-b62a-95f324c4befc,1785277287589,sender,0,False,,,,False
0ee2629f-c9b1-533d-88a6-4f997c427933,1785277287590,sender,0,False,,,,False
2ccafabe-32a8-5471-ba4c-e851a68a7b9b,1785277287634,sender,0,False,,,,False
87995eff-a898-525e-8fd6-e3d2d48bcada,1785277287665,sender,0,False,,,,False
9d58e34a-915e-5422-bc15-aa5795055df6,1785277287705,sender,0,False,,,,False
619b2228-b044-5061-a81c-1cbf52c8942b,1785277287707,sender,0,False,,,,False
19b2c98f-852f-503e-9309-9153bdf512ee,1785277287708,sender,0,False,,,,False
e870cd01-61e7-58ae-9968-7391eb4cffce,1785277287709,sender,0,False,,,,False
40219fd6-6a68-5c97-b4df-3e0babd2fb23,1785277287810,sender,0,False,,,,False
90ad1386-f041-5d87-a5dd-f525dd6cb299,1785277287851,sender,0,False,,,,False
dfa0bacb-65a4-513d-8599-650265f81f40,1785277287852,sender,0,False,,,,False
6a27e241-a292-5f05-9135-bc70f216769d,1785277287853,sender,0,False,,,,False
33097cd2-8ae9-5ece-b629-2f5d18e291c2,1785277287980,sender,0,False,,,,False
ddddb317-ecdf-5845-a19e-cf52065d3a9d,1785277288014,sender,0,False,,,,False
28732bde-6ce4-557d-89ff-d5861ea03179,1785277288015,sender,0,False,,,,False
f4566a64-dd3a-5f11-bf98-41fa4c4050b7,1785277288051,sender,0,False,,,,False
7d2029d7-0bb9-5500-a724-1afb8cc44088,1785277288052,sender,0,False,,,,False
20218685-2d66-5feb-90ba-7bc023d371ed,1785277288208,sender,0,False,,,,False
916bf092-4fa3-5457-bd40-94fdd86e8729,1785277288209,sender,0,False,,,,False
20581c99-4577-5ed8-83d6-15780c299716,1785277288209,sender,0,False,,,,False
47358b3e-0c98-5b6b-bd24-90478f100336,1785277288247,sender,0,False,,,,False
d46f650d-e455-582f-8399-85f3a340b841,1785277288249,sender,0,False,,,,False
2362c253-1f80-58ca-a656-d3d46f6799bb,1785277288255,sender,0,False,,,,False
34963e91-5fb1-5309-b0cd-6bee16c0225f,1785277288278,sender,0,False,,,,False
d480911e-a842-501e-8546-fe2a4a8ddbfa,1785277288280,sender,0,False,,,,False
4e74b356-95fc-57c9-945f-73aa79987612,1785277288436,sender,0,False,,,,False
5ca4ac45-7ee6-54b3-bbe9-fd6193657552,1785277288496,sender,0,False,,,,False
c9bfcae4-4eca-5fa7-abdb-2db2282b85e5,1785277288597,sender,0,False,,,,False
12e42c7b-a458-574c-ab8d-a324d33ab63e,1785277288598,sender,0,False,,,,False
ff24fdb7-d4fa-57d3-a984-7f33bfde2a76,1785277288599,sender,0,False,,,,False
ce43577f-b61a-5905-a441-af4e15a34911,1785277288603,sender,0,False,,,,False
a1c3aa50-87ee-5929-b1c1-a3655d5af41a,1785277288676,sender,0,False,,,,False
c1824d44-053a-5821-9660-e450e3bdb408,1785277288678,sender,0,False,,,,False
32b2c955-1137-5376-b51c-9252cd972d6d,1785277288716,sender,0,False,,,,False
281c908f-4cd5-5484-b5db-eb853329add5,1785277288717,sender,0,False,,,,False
882c7808-8c7d-5263-bd4f-207a3f4cee1d,1785277288810,sender,0,False,,,,False
5f6552b7-6c29-5610-8c73-19078ee0edf6,1785277288811,sender,0,False,,,,False
ea9fc4ad-3642-5f6d-a52d-40a2e15e45cc,1785277288868,sender,0,False,,,,False
f24de94b-e1c7-54cd-a5ee-e8976a3141d3,1785277288903,sender,0,False,,,,False
4d46a7c6-8ca6-5e2a-9493-f71118d078bb,1785277288929,sender,0,False,,,,False
869017b3-3969-5458-b13c-9edd620ea6c3,1785277288956,sender,0,False,,,,False
6185ffb2-1242-5921-b4d5-78d670c20483,1785277288957,sender,0,False,,,,False
17a87a25-b77b-5352-9b06-6e3cc86f3d43,1785277289018,sender,0,False,,,,False
757ddfc3-2631-5280-9a3c-f0c468acfc91,1785277289019,sender,0,False,,,,False
ade6666a-7fb3-5937-b13d-80975dcb05cf,1785277289085,sender,0,False,,,,False
970deba1-5204-5cb2-a52f-ae783fecbdb8,1785277289100,sender,0,False,,,,False
d5f85b2f-12ce-55c5-ab88-7fa09c55a69b,1785277289101,sender,0,False,,,,False
0cade8c5-c347-5a60-b246-a5ec7aba7ea8,1785277289282,sender,0,False,,,,False
29991ed9-7834-5f34-9460-fe5c6cc9552a,1785277289283,sender,0,False,,,,False
1450b5ea-696e-5d5f-8653-4378bf726449,1785277289284,sender,0,False,,,,False
a6305d7c-f8f6-5823-955a-8cc990b38d2f,1785277289316,sender,0,False,,,,False
6270516e-0044-5e9a-b192-cac32cbd4f25,1785277289317,sender,0,False,,,,False
854ba7ba-4f67-5eb8-a8f5-ca60bd123270,1785277289369,sender,0,False,,,,False
a1f024bf-4b20-522c-b90f-32bf2e921e79,1785277289371,sender,0,False,,,,False
d3f32c56-b6dc-5a11-81a5-bed94629746b,1785277289373,sender,0,False,,,,False
cf0601d1-b03f-5068-a26f-9c2c531a1d36,1785277289374,sender,0,False,,,,False
efaa95b4-3176-5c72-90f3-08de9ab046dc,1785277289489,sender,0,False,,,,False
19e0a2c7-5534-5459-b278-86e4361dc523,1785277289528,sender,0,False,,,,False
714cab8c-adb8-5dd2-9d52-46a7f1e21eca,1785277289529,sender,0,False,,,,False
aa7ab3c8-830a-5343-82b1-77ba135a4e16,1785277289589,sender,0,False,,,,False
aaa444d0-8647-555d-9eea-de302394151b,1785277289642,sender,0,False,,,,False
2dd4ecdc-b898-547f-9a96-7ee347b8e52e,1785277289644,sender,0,False,,,,False
9632c552-d41d-58ba-ba5b-ddbe410520fb,1785277289700,sender,0,False,,,,False
e61f7830-6d2f-5b4c-9062-06715e189413,1785277289727,sender,0,False,,,,False
be5a4530-3ee2-5369-9135-d360026fc67f,1785277289728,sender,0,False,,,,False
4f59eb0f-477b-58a0-ad02-5bb44ab7c5f2,1785277289780,sender,0,False,,,,False
5f3981b6-df9f-56a3-a8b6-06d402d9a78b,1785277289857,sender,0,False,,,,False
6ac2866f-cff8-51f6-afe9-803b2dbdbf57,1785277289858,sender,0,False,,,,False
e4ce378b-5551-5f5c-8538-5af85103c958,1785277289859,sender,0,False,,,,False
4483fb72-787b-5a70-8f10-f71c5c555861,1785277289860,sender,0,False,,,,False
8011cf1a-1834-53f4-862b-c8322b807852,1785277289979,sender,0,False,,,,False
eec54d2e-564e-5488-9452-a4e6e48a9863,1785277289980,sender,0,False,,,,False
aa6394db-68ab-5a2d-a4cb-df0d01ac6e84,1785277289981,sender,0,False,,,,False
5ade3c32-322c-5e9b-9d7d-cd3ae0dd664b,1785277290034,sender,0,False,,,,False
2a93389c-29df-5fef-8ad3-5d5c5533eefe,1785277290102,sender,0,False,,,,False
5fd44d61-08b8-500b-aa01-7ed27ce0d028,1785277290138,sender,0,False,,,,False
263d475d-838b-5e46-b211-2d3ae7bbc413,1785277290162,sender,0,False,,,,False
1338993b-3dc0-5f32-a720-521b0aa6c266,1785277290200,sender,0,False,,,,False
4d8c6b02-49fb-5b36-811e-f52a9426d85f,1785277290219,sender,0,False,,,,False
5aefe706-dcf4-59fc-bd3e-cb027bdf7bbb,1785277290220,sender,0,False,,,,False
d52f1f31-21d7-5864-bb2f-23bc232ac1b7,1785277290263,sender,0,False,,,,False
486f4d53-549b-5341-9917-227e310b50d3,1785277290265,sender,0,False,,,,False
9bda542e-8808-59bc-a044-1e6bc2045f2b,1785277290267,sender,0,False,,,,False
2f537c01-ef4b-5fcb-9f46-51b30368e985,1785277290495,sender,0,False,,,,False
add4be34-40df-5f97-9c8d-4179981b4214,1785277290534,sender,0,False,,,,False
3af84e6c-de26-56f1-97c4-f96bb51fc85a,1785277290535,sender,0,False,,,,False
fcf52351-7c01-5073-b10d-57e472747f3c,1785277290536,sender,0,False,,,,False
795d856b-b9d5-5f3a-bba6-316b25b51b27,1785277290537,sender,0,False,,,,False
13c04fcc-db53-501f-8456-93970420168d,1785277290584,sender,0,False,,,,False
22a0522f-e630-5400-bbb9-f137f1062464,1785277290585,sender,0,False,,,,False
5f554995-ef01-5eee-b7da-e936a5ca6fe8,1785277290586,sender,0,False,,,,False
cf40c144-9a45-5cbb-8c68-36f111baf51a,1785277290649,sender,0,False,,,,False
0487d52b-ae7d-522b-afe8-d80fc8b64b24,1785277296527,sender,0,False,,,,False
d6a03861-07c6-5e50-91b6-de7a32f1a7bb,1785277296529,sender,0,False,,,,False
fb839fd3-1cd1-57a1-97f3-82a04cdaf394,1785277296531,sender,0,False,,,,False
4575ffb1-2b68-51ce-bd54-ce3346739ea0,1785277296533,sender,0,False,,,,False
c90f659a-9a9e-5a1b-bbcc-5c1efddba626,1785277296536,sender,0,False,,,,False
937533cb-1992-5687-80cf-5d7ebda34c92,1785277296539,sender,0,False,,,,False
62e7666e-dbf5-53c5-ab28-d63395b8d1ec,1785277296543,sender,0,False,,,,False
6acd7cda-bdcf-5b41-9bec-dc0dc33c6af2,1785277296546,sender,0,False,,,,False
c622940f-994b-5a3b-8597-a0c818206524,1785277297111,sender,0,False,,,,False
293b244b-2201-52c6-b28a-a4f95f2c69b5,1785277297158,sender,0,False,,,,False
bdc29096-b8aa-54d0-90d4-ab76036659cc,1785277297162,sender,0,False,,,,False
0cd22016-a7e2-5bb4-955a-f2ab1ee637d6,1785277297207,sender,0,False,,,,False
708ff619-1032-5a36-8767-ce64fbe70070,1785277297209,sender,0,False,,,,False
e9487db6-c3b5-509b-b989-0330d851765b,1785277297210,sender,0,False,,,,False
c1ccd611-ecad-50b2-a794-d6292f4e26f1,1785277297210,sender,0,False,,,,False
27dedb4f-99e8-5eaa-9e00-4c7fa1abedb0,1785277297239,sender,0,False,,,,False
670fe526-72ef-57ad-b276-2d68007dd66a,1785277297774,sender,0,False,,,,False
761afa91-f94c-5e0e-a516-b630b71d31a8,1785277297924,sender,0,False,,,,False
d12ac8c7-5d92-5920-9c67-94833501bae3,1785277297966,sender,0,False,,,,False
3adcfdd1-e863-5e32-93df-6384ca43ce3c,1785277297968,sender,0,False,,,,False
0f1d16c3-2aeb-515f-9d58-ba006daaead2,1785277298012,sender,0,False,,,,False
f2b61b3b-fefb-51ab-b0df-a94b87bf6c48,1785277298014,sender,0,False,,,,False
a7587642-2fd8-5882-aeb4-df47757526e8,1785277298016,sender,0,False,,,,False
8211ef13-5ddb-527b-ad44-559612b9bb9a,1785277298017,sender,0,False,,,,False
ca0fc138-3aed-5c41-9493-c98408207434,1785277298181,sender,0,False,,,,False
d8c495bd-dbf0-533e-a471-a7d05f5946be,1785277298547,sender,0,False,,,,False
ba6a7445-8288-5d3c-8b4b-ad908d6843eb,1785277298681,sender,0,False,,,,False
7360f030-bb2f-5287-9720-5c1387d3b6ed,1785277298701,sender,0,False,,,,False
0a9282c8-eb54-58bb-8b9f-7ab4ce1403c4,1785277298703,sender,0,False,,,,False
d0e30179-e23b-5acb-abdf-e8fad0e63fd2,1785277298709,sender,0,False,,,,False
aa7319a6-75fd-5129-9e5e-9d5c11bc6333,1785277298749,sender,0,False,,,,False
a971965c-237d-5779-abf2-c3bd680d7ae7,1785277298750,sender,0,False,,,,False
478c8d43-e1b7-5bfa-90ae-1429202af20d,1785277298783,sender,0,False,,,,False
0e0ce196-8dea-5f66-a10a-f7b0ef505664,1785277299187,sender,0,False,,,,False
5b8a41c4-3806-585a-b4ea-5073e5d62a9f,1785277299453,sender,0,False,,,,False
8201701e-ffc8-5f48-8ba0-9099f7e89e08,1785277299484,sender,0,False,,,,False
96e23a18-e57e-5305-951d-3f13778e464c,1785277299486,sender,0,False,,,,False
2e4ebafc-eac6-5abb-a42f-6a3d8ef67493,1785277299489,sender,0,False,,,,False
83468dd0-d12d-5d2a-b56f-22b5e35cc5f5,1785277299490,sender,0,False,,,,False
a3625aeb-9787-5b3d-b780-4b651d7fff30,1785277299517,sender,0,False,,,,False
51df46c0-672c-5f6c-bbe4-54ddee808acf,1785277299518,sender,0,False,,,,False
237bca47-cc72-5003-be82-2372038e39e8,1785277299620,sender,0,False,,,,False
c8eb9635-7a82-5a9c-994b-656805247bc1,1785277300147,sender,0,False,,,,False
8e183151-8e98-5fa5-a0d8-b988770f0955,1785277300326,sender,0,False,,,,False
c63bff5d-2ab4-516b-9058-afede09a44d3,1785277300336,sender,0,False,,,,False
493d80a9-3b71-54f5-862d-ca58974f45ec,1785277300372,sender,0,False,,,,False
f7483d57-ec29-5720-8a41-9fde39432b4d,1785277300374,sender,0,False,,,,False
fe75b24b-df6b-5b2d-8202-ea3808fe0456,1785277300376,sender,0,False,,,,False
797a4b82-5cec-586d-a768-f8713215679c,1785277300378,sender,0,False,,,,False
bdc763bf-9992-58ef-9c8a-67a595819bda,1785277300413,sender,0,False,,,,False
2bf034a5-54fa-5932-a05e-c18ebe6364e1,1785277300611,sender,0,False,,,,False
b4c05d1c-fab9-5f16-9df8-a4c30d3433c1,1785277300992,sender,0,False,,,,False
ab3aa112-2c79-518c-9225-d5c2db6d270b,1785277301095,sender,0,False,,,,False
d137b3ef-ab51-507b-b9ee-378274855410,1785277301127,sender,0,False,,,,False
5462dc75-cecf-55fc-9053-17c2f262a5e5,1785277301129,sender,0,False,,,,False
14fbad80-02f5-5935-b69e-47fcb12856f6,1785277301130,sender,0,False,,,,False
f29496eb-ec0e-5fe1-a048-964158f00932,1785277301131,sender,0,False,,,,False
9bb098ae-6bc6-5cc2-ba2d-541fbbf2a0a9,1785277301177,sender,0,False,,,,False
6f31fb78-16b6-50ca-97e0-77081ff7f545,1785277301179,sender,0,False,,,,False
966a3e04-718b-5ce5-8d52-92fdccd75be6,1785277301549,sender,0,False,,,,False
caff5e1c-ac9d-5a9e-b502-6faf4dd92e0b,1785277301712,sender,0,False,,,,False
f71569c0-9194-527b-b2f9-ab5d63a826b3,1785277301842,sender,0,False,,,,False
f2cf0c21-f955-5cc2-8850-5fe9a9b6b87e,1785277301861,sender,0,False,,,,False
b458cf07-d0c8-57a9-aed5-841c9f15e089,1785277301892,sender,0,False,,,,False
eced455b-fa58-5ef7-8d8c-cf3f75838875,1785277301893,sender,0,False,,,,False
161b13f5-f869-5099-b1f1-92105f7dab41,1785277301894,sender,0,False,,,,False
b6a03d67-3a07-5297-b9dc-5e48fd13ffd9,1785277301896,sender,0,False,,,,False
76276d5d-602f-5be8-bf9c-2a50d995de8c,1785277301923,sender,0,False,,,,False
8fc4be69-7259-50c1-959c-a8869f01623a,1785277302092,sender,0,False,,,,False
5822b781-37e4-57c2-a32e-ac5c50ac6ab6,1785277302367,sender,0,False,,,,False
63d7ef74-3b2b-559d-9d01-33072f5a867d,1785277302506,sender,0,False,,,,False
1988b0e0-23c7-5b15-bb10-551b0bd15589,1785277302517,sender,0,False,,,,False
98282102-569f-58d2-bf2b-e4c6e41c20df,1785277302521,sender,0,False,,,,False
64814a72-f980-5f54-9b5c-4e00cfed8dfa,1785277302542,sender,0,False,,,,False
1fcfa934-fa75-58d3-b589-6880c75294e4,1785277302543,sender,0,False,,,,False
fa3eb4ef-4166-5a50-8cce-21dc7a8f601f,1785277302547,sender,0,False,,,,False
429a3569-1989-5135-8bdb-dcabd9dbf1a6,1785277302575,sender,0,False,,,,False
31510ac9-ebcc-5bdc-adf7-84f3a12a4bf2,1785277303106,sender,0,False,,,,False
61a6b55a-40c2-5690-9c1b-08bbc120bfe6,1785277303320,sender,0,False,,,,False
503e34fb-4441-5dc0-a325-7d78ae02723f,1785277303321,sender,0,False,,,,False
5493c72d-2bd7-5a40-b9ca-75285afc2c90,1785277303322,sender,0,False,,,,False
b23b3a2c-6b46-5191-afd0-6888fa00e247,1785277303326,sender,0,False,,,,False
50912991-8f21-5f21-b71b-b2e6d26717de,1785277303328,sender,0,False,,,,False
c89de42a-cf6e-524b-b4cc-d491a95928ed,1785277303350,sender,0,False,,,,False
40fc2136-279f-5189-8bdf-56b2bebd1045,1785277303351,sender,0,False,,,,False
741e2e48-7dd4-5a24-b17c-ccb52e3231e5,1785277303522,sender,0,False,,,,False
6da5f8f1-917b-58c1-9684-e6e27544aa4b,1785277303886,sender,0,False,,,,False
07f9143c-132f-5d0b-8748-5684523659cf,1785277304004,sender,0,False,,,,False
5ff9c465-555a-58f7-b358-eff1ef6ccab8,1785277304062,sender,0,False,,,,False
bf2d1db4-f8dc-5540-b797-c518d583fdfe,1785277304099,sender,0,False,,,,False
4cef6892-2067-5cb1-a47e-038f49f0bd77,1785277304100,sender,0,False,,,,False
d909bede-a4ac-58ff-b63f-1f469da9e1a9,1785277304104,sender,0,False,,,,False
4ad0717f-450b-557d-be78-8b4d655716ad,1785277304142,sender,0,False,,,,False
7ab1baff-c149-5aab-82cb-d8958225d275,1785277304143,sender,0,False,,,,False
acd19b5f-ae41-5057-a380-c4aaa303c11e,1785277304502,sender,0,False,,,,False
d3c2f0d5-63e3-5645-badf-d2e76d589c6d,1785277304543,sender,0,False,,,,False
1c1ee581-b8ac-5cac-a70b-7bd2dad28600,1785277304700,sender,0,False,,,,False
fa4ede77-2ce3-57a8-a86a-99a6b8ada08e,1785277304738,sender,0,False,,,,False
9d08ff8c-4d11-59b7-a5ec-c47908061798,1785277304772,sender,0,False,,,,False
8da72c05-5d7d-588b-90b5-06b23052ff69,1785277304798,sender,0,False,,,,False
16f5eedf-2dbe-56e1-817c-1f1dd1a62daf,1785277304844,sender,0,False,,,,False
de697a47-a2e0-5506-a865-2e34e91a09b1,1785277304846,sender,0,False,,,,False
5da2d2c7-9f3c-5994-98c7-f6097805a268,1785277305127,sender,0,False,,,,False
0f5380c7-c1f9-5474-88bd-e3b2cbbf3a28,1785277305191,sender,0,False,,,,False
3d2fb587-e563-55a4-91b1-e2c825a95026,1785277305376,sender,0,False,,,,False
e53606a2-7401-5da9-bfbe-30902969f653,1785277305395,sender,0,False,,,,False
429481c7-9b77-5d5a-88e9-80bbb7565705,1785277305446,sender,0,False,,,,False
16c713ff-4113-55a4-b902-d22059519324,1785277305448,sender,0,False,,,,False
dc9eaec7-7366-50bf-984e-79a87a82b96a,1785277305451,sender,0,False,,,,False
620f9fa8-5cb5-5d69-9d0a-1fe3d76a453d,1785277305453,sender,0,False,,,,False
945a3558-8e48-524c-b4cb-b0acd3b7bbc4,1785277305585,sender,0,False,,,,False
268723cb-8a60-5a28-a631-9bbb0320ebb2,1785277305715,sender,0,False,,,,False
bbeb87f8-54a1-5e54-80f1-302c2214e76e,1785277305987,sender,0,False,,,,False
da76b88e-a7d5-539f-a4f3-98c382fc44bc,1785277305991,sender,0,False,,,,False
a3baf560-ea3f-5c4d-9803-95efe1106cb7,1785277306048,sender,0,False,,,,False
d4d4bcd1-d033-572d-9fea-1d8f381733e3,1785277306080,sender,0,False,,,,False
77fe6286-0866-5a7c-a898-1548ccd8d637,1785277306081,sender,0,False,,,,False
0e493c50-a01a-5f5c-8fb3-63c5d7c7971d,1785277306082,sender,0,False,,,,False
ad2c5b8a-a34e-5003-8e84-c2abb406271a,1785277306110,sender,0,False,,,,False
947f58fc-33eb-50e9-9b68-e83e03d01d33,1785277306111,sender,0,False,,,,False
6ab3c252-6093-5738-817e-371f40438dc5,1785277306581,sender,0,False,,,,False
006b46cb-bf80-5ad1-8f68-c843e50ac4ce,1785277306583,sender,0,False,,,,False
a4c5f351-d141-53d2-8989-afd4a8322449,1785277306669,sender,0,False,,,,False
92a2c727-51c3-5237-9dc7-ace3a65e986b,1785277306707,sender,0,False,,,,False
fec6b35d-7143-5c89-a283-f9c3ee75fe2a,1785277306708,sender,0,False,,,,False
1b74dd2d-4fbc-51ee-8833-f5d4ead99737,1785277306751,sender,0,False,,,,False
39993beb-f9c7-5383-b8a4-ccf04a853a8f,1785277306775,sender,0,False,,,,False
21a7516f-a7f6-5ec4-97e6-331f26a5e868,1785277306776,sender,0,False,,,,False
e8100f47-5047-538c-b7a1-caeb1ca7c216,1785277307157,sender,0,False,,,,False
4cf0def7-59c0-5a1c-bf14-2ff2d4ea4cdb,1785277307192,sender,0,False,,,,False
5f201830-095f-5691-b317-5e3f223974ee,1785277307254,sender,0,False,,,,False
ecdad72c-270d-5e66-a54b-5b3cf7dffbc6,1785277307387,sender,0,False,,,,False
1938c079-f44b-548b-8d3b-9e228c02c1f7,1785277307391,sender,0,False,,,,False
dee919d9-6419-5377-bc23-99a0e3be3b1b,1785277307412,sender,0,False,,,,False
8d05fda5-6e02-5562-952c-b722700d1140,1785277307431,sender,0,False,,,,False
4f2fc2c5-0d11-53f9-883b-fd9b319590cb,1785277307468,sender,0,False,,,,False
7d918178-2dd0-5b51-a50f-9e5820f0b75f,1785277307788,sender,0,False,,,,False
518ad914-7cf7-539c-b241-6723fa590498,1785277307789,sender,0,False,,,,False
a8d7f83c-68c6-59b9-9c8f-b488c32dbed7,1785277307861,sender,0,False,,,,False
1babafba-f143-51cf-a241-de9be74cfae4,1785277308047,sender,0,False,,,,False
0969ca84-f632-53b0-a8f7-eba11c5844fa,1785277308049,sender,0,False,,,,False
3780ff78-13d5-5f1d-88ce-45a8d4ba33f8,1785277308078,sender,0,False,,,,False
32dc7dc3-ce37-5749-844f-580f23f0bd0b,1785277308106,sender,0,False,,,,False
0b9449af-9d62-52f9-8da5-92dbd253dc7a,1785277308108,sender,0,False,,,,False
16e60c7e-1bca-5f87-8d3e-aa0dc0822be1,1785277308227,sender,0,False,,,,False
8beb7baf-8780-5fc4-9af8-b8b2b98bf851,1785277308256,sender,0,False,,,,False
5fa122ce-f04f-55fe-a031-df2955c3ce21,1785277308400,sender,0,False,,,,False
0f962b03-0b13-53d2-9e67-af2f02bf1ec3,1785277308579,sender,0,False,,,,False
30f38794-ac07-5aba-8a74-437a42838f07,1785277308799,sender,0,False,,,,False
d027e661-aa08-5b44-848f-23bf618b3df9,1785277308802,sender,0,False,,,,False
b34d25fc-deb6-5b69-8ecc-d037a643a879,1785277308807,sender,0,False,,,,False
85a2a5c6-05cd-5032-92a7-4fa26ce92a28,1785277308812,sender,0,False,,,,False
d02b7b00-54ad-5249-a5e2-b18ada45de76,1785277308881,sender,0,False,,,,False
6dde9653-1544-5529-9bbd-0b3b90d29d95,1785277308906,sender,0,False,,,,False
974e0ed6-02c9-5c86-9aae-80156a5a058c,1785277308970,sender,0,False,,,,False
13d28454-d682-5ad2-be48-cabf2f34e84a,1785277309089,sender,0,False,,,,False
729eaeb6-5333-5be7-b44e-343ed48349c7,1785277309419,sender,0,False,,,,False
ec9fa986-3f2c-5310-8c2c-0f255ffa6465,1785277309434,sender,0,False,,,,False
c8ce6659-7352-5828-8297-b7cf7559a14b,1785277309469,sender,0,False,,,,False
18c2cb46-6e8c-5380-9251-3654286a0dfc,1785277309533,sender,0,False,,,,False
96e3bc68-ec2e-583b-ab1f-4c87a3e7b10e,1785277309534,sender,0,False,,,,False
a544a2a2-6035-57a8-b3c5-ad828dacbfdf,1785277309538,sender,0,False,,,,False
4dac3750-52f5-598e-87de-5efa41230131,1785277309539,sender,0,False,,,,False
1d5ec45e-5d3c-56bd-83bd-7f07fce26317,1785277309629,sender,0,False,,,,False
d35a5580-afe8-50d7-942a-30f66c523ce4,1785277310073,sender,0,False,,,,False
745da992-0c20-5904-8c5a-0c325f025a0d,1785277310078,sender,0,False,,,,False
b871c23b-eb79-5769-a24b-b9ba16e6083f,1785277310102,sender,0,False,,,,False
f9a9715c-e887-5cb1-8f3d-2d76e043225a,1785277310161,sender,0,False,,,,False
866c0dd9-7fc5-51a5-bf42-03a54ccfb9f4,1785277310165,sender,0,False,,,,False
e8767bc3-aa1e-57b2-a0b3-df00c53440e9,1785277310195,sender,0,False,,,,False
3bef2555-5d48-5255-a4fa-287af38f9c8d,1785277310196,sender,0,False,,,,False
8554382b-ecf0-5cec-bc4a-3401753c199b,1785277310197,sender,0,False,,,,False
588e16ab-0daf-558f-9931-fc4f0b566dde,1785277310622,sender,0,False,,,,False
c011be51-58b0-5b70-9edf-44f39784f615,1785277310646,sender,0,False,,,,False
97aa4279-cde7-58e6-b4fb-af59a54da7c0,1785277310647,sender,0,False,,,,False
9408cd06-3075-5189-b4aa-36e47fa19b02,1785277310685,sender,0,False,,,,False
aa861c55-9222-5d3f-8214-470bf22c7c01,1785277310686,sender,0,False,,,,False
fda52187-c311-57f9-a180-ee6d7562b9a3,1785277310712,sender,0,False,,,,False
2f88fa3f-79fc-5b54-89de-48a02f6d31fc,1785277310715,sender,0,False,,,,False
91bfcf38-0242-58cc-9b41-ee2c916952d5,1785277310718,sender,0,False,,,,False
1f32ead4-4713-5737-a052-b947e928265f,1785277311231,sender,0,False,,,,False
4626e42d-3d5a-589d-ae53-919a92158c08,1785277311418,sender,0,False,,,,False
91f42bee-2f95-52db-85f9-2b09a8a72018,1785277311458,sender,0,False,,,,False
49fdfb44-3ffa-5f16-83c9-748357477e30,1785277311460,sender,0,False,,,,False
029825d3-a005-5ba1-9e5d-017d68f06b97,1785277311461,sender,0,False,,,,False
ad299267-87d5-56b7-9ef3-063058ed6537,1785277311462,sender,0,False,,,,False
e9ecf63b-21a2-57fd-aea8-302e95502175,1785277311495,sender,0,False,,,,False
ec1f34bc-e16b-5aca-bd5e-fbf8c255dbd3,1785277311498,sender,0,False,,,,False
f72cdd69-c903-51f3-ab98-85f6ae6fe894,1785277311774,sender,0,False,,,,False
4fbed067-6e48-5ceb-b628-955b6fbea25b,1785277312034,sender,0,False,,,,False
8a815014-8dd2-5bab-ae1a-d803470b9b8b,1785277312052,sender,0,False,,,,False
12f40d7b-317a-5f09-b0e3-a964d009fa47,1785277312070,sender,0,False,,,,False
93d97d90-e557-59f4-a80e-b7433b87236b,1785277312072,sender,0,False,,,,False
8231debc-07ae-539d-9000-817d5c403432,1785277312073,sender,0,False,,,,False
d5960be0-64fd-5a59-92de-f64a46a5afe1,1785277312074,sender,0,False,,,,False
ad65815e-82b2-5e3c-ae6d-77f58251cea3,1785277312075,sender,0,False,,,,False
7aad1277-b91d-566f-b134-2c9067d8dd1c,1785277312240,sender,0,False,,,,False
cceb2e65-e766-5d43-b4a6-f5caaa9f0c65,1785277312669,sender,0,False,,,,False
136bd8b0-0f3e-5585-8c3a-106d93971a50,1785277312739,sender,0,False,,,,False
d5cbe7c6-ce09-5b2b-95db-e88d573bac05,1785277312846,sender,0,False,,,,False
0a052f43-23cf-5064-a32c-879bdd294f28,1785277312874,sender,0,False,,,,False
836e541f-f128-56c5-9908-da435fcd326a,1785277312877,sender,0,False,,,,False
9bc270b1-edb8-5f6e-a0e1-0f80d35a7702,1785277312901,sender,0,False,,,,False
e1859fc5-f1e8-560b-9461-e7f35e566c4e,1785277312902,sender,0,False,,,,False
0dec5c29-6d66-5581-9ef0-7004d472c047,1785277312906,sender,0,False,,,,False
ade1d5a5-b114-51e0-887c-8abca2779ded,1785277313203,sender,0,False,,,,False
79b75e3d-d59f-58bc-95e4-e5ec488e214d,1785277313300,sender,0,False,,,,False
70113000-2289-5fd2-a1d5-6ab091fc8c59,1785277313398,sender,0,False,,,,False
e37ba1ad-4838-5bec-98cd-3e746c4caa6c,1785277313422,sender,0,False,,,,False
c8093fbd-029c-51d4-bb2f-40eeed914c7f,1785277313523,sender,0,False,,,,False
38a3c69d-e52c-593d-80dd-3e88a85178a0,1785277313525,sender,0,False,,,,False
3a7bd25c-10bc-5722-9f32-3103db90b465,1785277313526,sender,0,False,,,,False
20a8f922-dfc9-5296-bb74-0029b63bae33,1785277313527,sender,0,False,,,,False
d884a3c6-4284-582f-849a-5e29e9fe3e7a,1785277313952,sender,0,False,,,,False
2552ea6a-1ac6-50de-9fa6-180bfb3aef33,1785277313954,sender,0,False,,,,False
3d21eb41-4643-59c6-acf2-0fbc05c55aaa,1785277314170,sender,0,False,,,,False
5c053fdc-1ad9-513d-b9e4-7da27a733cb4,1785277314206,sender,0,False,,,,False
3e50b38e-b831-5d29-80ef-180c2f3d23f5,1785277314256,sender,0,False,,,,False
7c5732bf-0f89-5c10-877f-1afc53ec63ba,1785277314288,sender,0,False,,,,False
ebf82517-0d13-50b7-b705-37dabbf390be,1785277314306,sender,0,False,,,,False
15c13c52-fb7b-57b2-af5a-080ce60d5d2a,1785277314346,sender,0,False,,,,False
712d053e-519e-5834-acc8-9da4aca6cd88,1785277314548,sender,0,False,,,,False
591bfc59-5d50-5a4d-9870-f4fae1c9bceb,1785277314586,sender,0,False,,,,False
247f0faa-2036-58cd-9a46-d6286ae82c47,1785277314653,sender,0,False,,,,False
cb652a7e-5105-5f12-8f68-90809c590532,1785277314720,sender,0,False,,,,False
8f2da7ba-454c-5c8e-9e77-a4488d0a0263,1785277314799,sender,0,False,,,,False
e6b76d12-34ca-563b-9487-36abcfc1bb1c,1785277314832,sender,0,False,,,,False
45991b46-6085-5344-bcd5-96703922b931,1785277314834,sender,0,False,,,,False
ee01ae15-de97-5b28-ad4f-8923f247b258,1785277314855,sender,0,False,,,,False
fa165d3c-54b8-50b1-8b21-b385045766bb,1785277315095,sender,0,False,,,,False
ced39ef1-a551-5356-a4cd-47cb85eaac41,1785277315159,sender,0,False,,,,False
75585144-858d-5f2f-88f0-38c38728b179,1785277315216,sender,0,False,,,,False
0eabdd2a-b667-5367-b3b4-f50d66f8d617,1785277315272,sender,0,False,,,,False
7db8760e-1b47-51c2-bec3-1a34bbc6b083,1785277315331,sender,0,False,,,,False
ef502ae7-7ae2-5cac-8b43-a1554bfff94d,1785277315336,sender,0,False,,,,False
589dffa5-d039-5630-9b5b-ea9ab7c9b373,1785277315362,sender,0,False,,,,False
f7e27217-930d-59a2-8279-0ebb859958d7,1785277315366,sender,0,False,,,,False
d80ab4d2-a7d4-5bfa-9cfc-71af7a9f6601,1785277315714,sender,0,False,,,,False
47ea8f0e-4731-5917-9669-e9ce4127e4e6,1785277315870,sender,0,False,,,,False
a78dae9e-dd5b-5a85-b9cd-1e925167563f,1785277315949,sender,0,False,,,,False
cc073748-6a0e-5cf9-a3e0-30c042eaf484,1785277315985,sender,0,False,,,,False
1e1d8a31-3e6c-5fc5-8c52-8b30a427bc0e,1785277316013,sender,0,False,,,,False
c128f9ae-03e9-54f5-babc-bcb6afc3f0f5,1785277316014,sender,0,False,,,,False
ac5e2ae4-7b86-59fe-af22-0fdb292a50b4,1785277316015,sender,0,False,,,,False
e43367b2-bc6a-5a22-8f20-04d7c121d767,1785277316088,sender,0,False,,,,False
1b3feccc-6aa8-5a3b-814a-789595aa5b70,1785277316162,sender,0,False,,,,False
97350788-3a53-5a26-889c-6aa0583ba999,1785277316488,sender,0,False,,,,False
a5859662-06ac-5e03-a711-75c7b53abf60,1785277316559,sender,0,False,,,,False
9f3fd6d5-4a91-50f5-82cc-6dde23c761e9,1785277316594,sender,0,False,,,,False
677bd692-2d53-583c-a8dc-c8e945458a2b,1785277316631,sender,0,False,,,,False
e2472273-064d-5f09-930b-784c88c0b14b,1785277316681,sender,0,False,,,,False
d85f0cff-c36d-5561-a2d6-1932a8eb6d05,1785277316682,sender,0,False,,,,False
8efcf69b-e992-5609-a552-421d21d124a1,1785277316729,sender,0,False,,,,False
5c1805ee-32ba-5c16-8c64-22710a605dbc,1785277316761,sender,0,False,,,,False
79fb623c-da84-5a7a-a9c4-1d2e9d86395c,1785277317141,sender,0,False,,,,False
de19449f-49de-5fb0-a8d2-07f82d97a677,1785277317154,sender,0,False,,,,False
130582ba-d37a-583b-a64f-430246ef24d2,1785277317213,sender,0,False,,,,False
932c61bd-8aa6-502a-a4f3-17af9793779a,1785277317214,sender,0,False,,,,False
bd6ad67a-d581-5de8-8b98-41a6b7832ede,1785277317273,sender,0,False,,,,False
a41d612f-725b-546b-bd70-9fb719b495d5,1785277317275,sender,0,False,,,,False
2c5ed754-d892-58c6-8a1c-acb69991ede4,1785277317328,sender,0,False,,,,False
378aed21-8b47-5d0a-add7-ab00dcc1ad1d,1785277317330,sender,0,False,,,,False
2816ba40-ed2b-5c90-a313-13360d9150a8,1785277317864,sender,0,False,,,,False
5d4bc5b5-b5dd-54f0-bb61-af32350d9948,1785277317866,sender,0,False,,,,False
b215570a-1ff7-59ba-853a-566be993f1b5,1785277317870,sender,0,False,,,,False
162c1c66-ef27-55c4-8ccd-1ede6957169f,1785277317872,sender,0,False,,,,False
8f9f51c0-91d2-5dae-a1f6-4debcb0c432e,1785277317918,sender,0,False,,,,False
4cba20ec-2d3c-5cc9-b02c-d4a336829ee5,1785277317921,sender,0,False,,,,False
49f61954-4aec-5476-9b2a-742cb7fa48bc,1785277317951,sender,0,False,,,,False
865a380d-c6ae-5154-bb78-7c7c060108e5,1785277317952,sender,0,False,,,,False
e3c00fee-a354-5d44-9838-f1e6e9318730,1785277318629,sender,0,False,,,,False
0de81e3c-8537-5791-8580-17093d24f4f3,1785277318654,sender,0,False,,,,False
06ebba63-cba1-5ce4-95c7-0f22aa5bb1a6,1785277318655,sender,0,False,,,,False
c893270a-3c98-5d27-a42a-be15961de94a,1785277318656,sender,0,False,,,,False
23d44867-923d-570f-b620-846145044ff4,1785277318658,sender,0,False,,,,False
720a488d-e011-5768-88b1-ae7543c434a9,1785277318659,sender,0,False,,,,False
ad6a6fab-a8fb-5054-81f0-0ca4c98a4798,1785277318692,sender,0,False,,,,False
edfc1fdd-f66c-5833-a9f9-a6d2e67102cc,1785277318693,sender,0,False,,,,False
1b6e01fe-9112-5edc-93b0-2b2957ada408,1785277319542,sender,0,False,,,,False
927bf270-b769-575d-ba4c-aada53c9fe57,1785277319563,sender,0,False,,,,False
25c18777-d8e0-538d-9b07-28cd1744d4ed,1785277319564,sender,0,False,,,,False
476c979a-64ae-5a94-9aa5-40006c1dc6f8,1785277319565,sender,0,False,,,,False
9971ec7d-d6f1-5349-8c0b-6303376d1107,1785277319571,sender,0,False,,,,False
ecd7366c-3274-5912-8ab2-58986eaf57fc,1785277319604,sender,0,False,,,,False
8ea3b5c8-53b1-597c-ab85-dc2d6ea19e5e,1785277319605,sender,0,False,,,,False
eba47c81-de1a-5454-b14b-3e24e6472571,1785277319606,sender,0,False,,,,False
5c3f3d34-d62f-5750-8b0d-eaea343e030d,1785277320116,sender,0,False,,,,False
df315478-4874-5325-a094-c7c99f186fff,1785277320205,sender,0,False,,,,False
93977733-81b3-576e-8866-aea43e167067,1785277320241,sender,0,False,,,,False
26c6a5f3-aadf-598f-bb71-fd185aeb8125,1785277320242,sender,0,False,,,,False
142c8aee-3643-5deb-b552-0cad11b94e75,1785277320243,sender,0,False,,,,False
e4a01923-0818-5fa7-bb3b-77b8aad83ee3,1785277320277,sender,0,False,,,,False
49fea626-68b1-5e4f-9585-0e904e327839,1785277320279,sender,0,False,,,,False
33da7f08-a696-5c08-b734-4762549c5e1c,1785277320280,sender,0,False,,,,False
f3657067-05b9-56be-b7fd-fb1512fa500e,1785277320772,sender,0,False,,,,False
97005071-47de-5c55-a578-9f86064646b3,1785277320960,sender,0,False,,,,False
ed49253a-9537-5a9a-8ae9-bc9602174270,1785277320995,sender,0,False,,,,False
81877721-18a7-5a68-9d52-6f9582e00931,1785277320998,sender,0,False,,,,False
99b5c6c1-3995-590f-a833-3f4fbe5f0d6c,1785277320999,sender,0,False,,,,False
c059b2af-a3c6-5180-b02b-e8f1cb7999f5,1785277321001,sender,0,False,,,,False
6dbbb6b6-1eab-5723-b5f5-4a8502b5db91,1785277321029,sender,0,False,,,,False
da1ef3ec-4895-57d5-bdaa-c023f280d397,1785277321030,sender,0,False,,,,False
a805eabb-3ef2-5ad8-a5c8-e63227b09d31,1785277321273,sender,0,False,,,,False
976d6e35-d0be-537d-b113-572bc099250e,1785277321549,sender,0,False,,,,False
aaf5ab9b-40b8-5928-8010-c77a92cc73f9,1785277321619,sender,0,False,,,,False
4a5bc76e-6c89-5f23-b596-4f38a6d94e99,1785277321710,sender,0,False,,,,False
759739f4-d5a7-543b-af94-e89454ae87de,1785277321714,sender,0,False,,,,False
18f8f04b-bbdb-5de9-8b0b-d9f76d92223c,1785277321739,sender,0,False,,,,False
44f76f57-8985-56c8-bbe1-fdd33e3eb63d,1785277321740,sender,0,False,,,,False
9a44a933-66a0-5dd0-a05b-3a557545b328,1785277321742,sender,0,False,,,,False
8c318deb-bdb0-5908-aeb7-2b5cb636bd43,1785277321772,sender,0,False,,,,False
768dd26f-2db2-5f5e-b60d-17b792635264,1785277322070,sender,0,False,,,,False
30d6f6cd-577a-501c-8e7f-11085a10a299,1785277322299,sender,0,False,,,,False
9b4019a4-d57a-5cb8-b01b-fca9e8fc2020,1785277322395,sender,0,False,,,,False
9aea3ed4-b30a-5681-8c06-430c247acd51,1785277322427,sender,0,False,,,,False
96839139-c603-5de6-bdd2-7d5efe734b2a,1785277322429,sender,0,False,,,,False
04aa9750-5594-5c39-8e8c-1c61fd2cbeee,1785277322430,sender,0,False,,,,False
14454c8d-5583-5831-8203-1bd4c85556dd,1785277322432,sender,0,False,,,,False
bc65aa94-db51-5c0b-a52c-d9592b4a6bd9,1785277322481,sender,0,False,,,,False
f85cbeff-2f00-5ab5-9f79-af038d9867ee,1785277322550,sender,0,False,,,,False
30035347-5ec2-586c-895c-481f42d33477,1785277322926,sender,0,False,,,,False
fcccd4d4-707f-58ab-a9d9-85df51e26ad2,1785277323179,sender,0,False,,,,False
85a3299f-7540-570e-9963-0a050d144b81,1785277323208,sender,0,False,,,,False
28e863bd-2f16-56ed-ac53-f3cda7acbbe9,1785277323210,sender,0,False,,,,False
1aa2ab70-cc7e-59ca-a24f-b45c90ee5e76,1785277323211,sender,0,False,,,,False
8f09ab3f-1f29-5c64-954b-8b64454356a0,1785277323216,sender,0,False,,,,False
0d6e1b5e-c24e-50b2-a6fc-0de7b5022f3e,1785277323235,sender,0,False,,,,False
ae053429-110f-5e08-8b92-d5031cb49a52,1785277323238,sender,0,False,,,,False
d1e22d4f-b1ad-5d94-8f5a-854802eec2e2,1785277323327,sender,0,False,,,,False
ea8973f3-1147-5618-87a1-dd5bfd184a7a,1785277323833,sender,0,False,,,,False
4a290d45-0e4a-5c48-a746-2abda27b99cd,1785277323836,sender,0,False,,,,False
487671bc-bade-5842-9466-26fd44c09797,1785277323845,sender,0,False,,,,False
44de6f6e-8c8b-5bb4-9efa-f45d270b6d16,1785277323848,sender,0,False,,,,False
c4401dfc-e83e-5a8a-9cf0-4f28f9f6b30c,1785277323874,sender,0,False,,,,False
fc026a2d-ea3c-5397-a4b4-e2c196b15aab,1785277323875,sender,0,False,,,,False
8fe20bdf-e4bc-5226-9023-8485a557276b,1785277323876,sender,0,False,,,,False
0e8fcb99-5d71-5553-9f1d-86d728089c07,1785277323903,sender,0,False,,,,False
2c9e0f34-38a1-5f16-89ad-b0fe78811a2e,1785277324539,sender,0,False,,,,False
f7b3fc4a-90b1-524e-90c6-ebb686279cbf,1785277324565,sender,0,False,,,,False
54ba257b-cc45-561e-9cda-13de3c45b864,1785277324599,sender,0,False,,,,False
7cc33102-6530-57e1-996e-583431557eb6,1785277324601,sender,0,False,,,,False
65b3e91b-709d-5617-a139-93ce6b8878c2,1785277324602,sender,0,False,,,,False
699d19e8-3171-5374-a869-1c9197c249ec,1785277324603,sender,0,False,,,,False
82823674-ac69-5a5c-bbb3-da5435c701ba,1785277324604,sender,0,False,,,,False
f7f01231-1287-526f-b787-634e29765057,1785277324606,sender,0,False,,,,False
7a4ad590-9504-5e82-90f2-f442f14b8f4c,1785277325205,sender,0,False,,,,False
aec43fb3-e235-5fb0-a390-1815b255ad67,1785277325240,sender,0,False,,,,False
2b7b2448-112d-54ef-8791-1c21284f7935,1785277325242,sender,0,False,,,,False
09c99b20-33b6-5508-a599-f7a36085ec16,1785277325243,sender,0,False,,,,False
21b3a75c-7c21-575a-8770-f3edee8a921c,1785277325260,sender,0,False,,,,False
a44fdb00-9c25-57d2-b408-7b9b8625c5dd,1785277325281,sender,0,False,,,,False
fc5df3cc-16d2-5481-8871-31681b64df96,1785277325282,sender,0,False,,,,False
33eef707-7377-5f57-9742-803ca3a9f072,1785277325283,sender,0,False,,,,False
6f2b5710-f8c1-59f9-af84-97667eae2d1a,1785277325917,sender,0,False,,,,False
9f58ab69-a47e-5837-b92d-79e049a284a7,1785277326006,sender,0,False,,,,False
a2acaf88-37c1-5df4-80ce-fb2b94fec65e,1785277326029,sender,0,False,,,,False
df3b97ea-df10-5fda-9bb5-528a6969f4c0,1785277326030,sender,0,False,,,,False
70734896-5b21-5d90-8911-df60122a7d14,1785277326031,sender,0,False,,,,False
e7cf73f1-2c71-5532-b2d8-d8c31adb8674,1785277326034,sender,0,False,,,,False
4b08bf72-ec1b-58a1-b1d1-83aa4b594605,1785277326073,sender,0,False,,,,False
be5b662e-5bcf-5f3a-b437-9ac5d9f54ad5,1785277326074,sender,0,False,,,,False
6bccd20f-59ad-553e-96d6-3df154f0405d,1785277326532,sender,0,False,,,,False
1bff8c84-4304-5728-80b7-91f2a9cbba11,1785277326595,sender,0,False,,,,False
a816e44e-f350-5113-9084-8469b6f09a72,1785277326762,sender,0,False,,,,False
faddea1e-ece3-5f72-b00d-64527fc501cd,1785277326795,sender,0,False,,,,False
d2f048d7-1c33-5b71-8103-cdfffa50dfcb,1785277326821,sender,0,False,,,,False
9857c89a-8745-5640-afcb-6336f5d19378,1785277326823,sender,0,False,,,,False
d3aa0cc5-71db-563c-a49b-46c5fa62389d,1785277326826,sender,0,False,,,,False
743ba4a2-81ab-5f69-9bd0-43a8184d28c8,1785277326827,sender,0,False,,,,False
0b5ae32d-a751-5d55-a5a2-6cf20d727eb9,1785277327140,sender,0,False,,,,False
99fbf512-8677-517b-8b6c-a46047e838b8,1785277327213,sender,0,False,,,,False
122ba3bd-cea1-5300-a2f9-4c7f0a3849b0,1785277327334,sender,0,False,,,,False
8a0c5e1f-2323-5908-b579-3f43092fbce2,1785277327337,sender,0,False,,,,False
c620ce2d-8348-59ae-b19c-abe4972aac5f,1785277327357,sender,0,False,,,,False
cfcebefb-532d-50d7-8e16-432bb84da420,1785277327397,sender,0,False,,,,False
05706321-3d8c-5bb4-bdda-55467900d13f,1785277327399,sender,0,False,,,,False
9499900a-b2c4-5009-ba63-ce21417f8786,1785277327401,sender,0,False,,,,False
f34d7f3e-c93a-5645-80a6-dff7d927d60a,1785277327741,sender,0,False,,,,False
a5bf8ee5-116e-50ff-80d4-3e6edc21c04e,1785277327854,sender,0,False,,,,False
e8b677a6-b123-52d6-93a4-405738f0d647,1785277327962,sender,0,False,,,,False
d0a26314-a7ef-55d0-9542-dec8f2c1e2b0,1785277327967,sender,0,False,,,,False
6e9fa407-0d0d-5322-8f04-e88db60f8056,1785277328052,sender,0,False,,,,False
c9a3c4d8-cf27-51f2-9d71-4170e3c8b0c7,1785277328054,sender,0,False,,,,False
4be304d5-5684-5ad0-ba8d-c8167788d942,1785277328090,sender,0,False,,,,False
14add3d4-5379-5ef7-bed4-ed5558120eba,1785277328153,sender,0,False,,,,False
589b23b3-7f3b-5816-9407-217d2f97655b,1785277328273,sender,0,False,,,,False
1712c741-f624-563f-bd5e-183aa6aabeac,1785277328503,sender,0,False,,,,False
ece4d693-88c3-5840-8b53-22cbf669fe97,1785277328568,sender,0,False,,,,False
74f110cd-d37b-5143-ba99-dffa25c89f31,1785277328601,sender,0,False,,,,False
51f74ef7-a945-513f-9fef-107503f5f3a8,1785277328641,sender,0,False,,,,False
7c640786-70b5-5ca8-a879-f4826c3502af,1785277328644,sender,0,False,,,,False
7b1e7602-8b7b-5af7-a9d2-4ea7b23f7f96,1785277328701,sender,0,False,,,,False
75b637b3-fe30-5f53-acad-c43c440f6774,1785277328702,sender,0,False,,,,False
5e235c64-111d-5f10-9cbb-cba13d2407b1,1785277328703,sender,0,False,,,,False
d861adce-a63b-5d76-bc46-bbcda75b842f,1785277329084,sender,0,False,,,,False
f652545c-7400-515a-aca5-ab1fc06f2ac9,1785277329339,sender,0,False,,,,False
200619d0-a756-5468-9441-3616acdb22b0,1785277329398,sender,0,False,,,,False
f51571b8-93ca-5e2a-90b6-7c938ca7e443,1785277329413,sender,0,False,,,,False
bf1370b5-5fec-53d5-b694-17cd7860ccd9,1785277329548,sender,0,False,,,,False
0be17744-06db-5066-ba6d-760af2b1a602,1785277329552,sender,0,False,,,,False
7e0a8b50-091e-5004-af42-4b21ec04e4ef,1785277329609,sender,0,False,,,,False
98d366e7-0f2c-54bc-a6a1-ddf59b1e9995,1785277329616,sender,0,False,,,,False
76708064-94f7-52a0-9f94-7728066d6e96,1785277329732,sender,0,False,,,,False
f3d9571b-1feb-5848-890b-211b4ddc3d8f,1785277330005,sender,0,False,,,,False
c00c3597-b04c-5481-80ee-8a520fd1f462,1785277330036,sender,0,False,,,,False
fc9befbe-27c7-5f46-b091-06994434ceb5,1785277330065,sender,0,False,,,,False
217dbeb8-5871-516f-bb0c-d38a03327a48,1785277330122,sender,0,False,,,,False
326779ee-2f68-5b04-8ba8-31d7289b4de7,1785277330125,sender,0,False,,,,False
52c6915e-0ef1-5e00-93a9-94b38025c498,1785277330127,sender,0,False,,,,False
1ebe6c78-bad1-5a3a-ab57-5fb82d218c5d,1785277330155,sender,0,False,,,,False
328bdb58-abd1-5661-8cfa-cfa0d091bb13,1785277330214,sender,0,False,,,,False
26f59770-de96-5d0c-b577-fc53bb3d0734,1785277330794,sender,0,False,,,,False
bed1ec01-c044-5063-a963-88830f032917,1785277330827,sender,0,False,,,,False
bce737a9-d8fd-5225-884c-42b856c9070e,1785277330828,sender,0,False,,,,False
e5a3ea89-5820-5557-8b9c-8364446bb833,1785277330878,sender,0,False,,,,False
6f25c709-17f9-53ee-95bc-477863388637,1785277330912,sender,0,False,,,,False
e604672f-8770-5a60-9a86-ba746c8eb21c,1785277330914,sender,0,False,,,,False
b88208e5-e535-5590-9969-52f2178fc569,1785277330955,sender,0,False,,,,False
02dfa442-a38d-56b3-b169-2883d59eecb4,1785277330990,sender,0,False,,,,False
e034530c-19b1-54c6-9205-3a661fbefdd5,1785277331371,sender,0,False,,,,False
3327384f-f670-580a-83f6-da3635695c1b,1785277331568,sender,0,False,,,,False
de972901-1008-5261-bd00-9781a1c3db0b,1785277331607,sender,0,False,,,,False
f7583f16-3188-54b5-8f87-3f9a82758a54,1785277331608,sender,0,False,,,,False
19063e8d-b76a-5523-bcb9-5a5cefe849b5,1785277331609,sender,0,False,,,,False
54eb845a-8e08-507d-b70c-0d824d7ba7bd,1785277331647,sender,0,False,,,,False
c6d6b2f0-299a-5751-9658-dbec90f1a97d,1785277331648,sender,0,False,,,,False
244c28d0-4c80-51d1-a3e6-26d84be305f2,1785277331652,sender,0,False,,,,False
e37449af-e98a-5563-8059-bc65a1389210,1785277332047,sender,0,False,,,,False
ab6a3de3-0512-5835-8532-188a6fac11dc,1785277332268,sender,0,False,,,,False
b8112b80-6584-5be1-8488-a9c74aa59345,1785277332270,sender,0,False,,,,False
0bd22482-4cd3-5a2b-ae5c-c1555fe22a52,1785277332273,sender,0,False,,,,False
f2df8dbe-3b2a-523b-80df-1627840b6cb3,1785277332276,sender,0,False,,,,False
6f5c2c8e-3291-5f61-a352-a3dad9522beb,1785277332298,sender,0,False,,,,False
32433168-31c7-517a-9a63-fd186ba15624,1785277332299,sender,0,False,,,,False
cc4833fe-e7e4-558f-a506-566dd4dd397a,1785277332328,sender,0,False,,,,False
0deea6a7-5c9f-59e4-9091-11483f0eb644,1785277332505,sender,0,False,,,,False
9d1f20c6-a2d4-58da-b10a-3034c35c349d,1785277332904,sender,0,False,,,,False
1ce36c4a-2604-5ea9-8ea0-c57d97448acb,1785277332971,sender,0,False,,,,False
a7b85643-ccde-5791-a1ed-f46e9f38bca3,1785277332972,sender,0,False,,,,False
63d271a4-7b86-57cf-b00c-318d3e87a797,1785277333014,sender,0,False,,,,False
1f3ac04e-a961-523a-af80-05a2b693cb6c,1785277333056,sender,0,False,,,,False
107a74a8-3f76-5ac8-9946-46e8069762b7,1785277333058,sender,0,False,,,,False
8c47f40b-af61-501f-9c3c-d7b8d9d3bd32,1785277333100,sender,0,False,,,,False
6b328edb-3a73-59d3-9c3c-8ae23a335d65,1785277333134,sender,0,False,,,,False
b51ad374-95e9-51d2-b3d2-db084f55fba6,1785277333517,sender,0,False,,,,False
b213d414-16b4-5601-a8df-de3f42c14ecc,1785277333629,sender,0,False,,,,False
cbc92d47-2c65-5c75-95db-57ba1e286c32,1785277333651,sender,0,False,,,,False
c77469af-95e7-5c93-8fe7-dbffc38c7fea,1785277333740,sender,0,False,,,,False
c48d990b-d9d2-5ae7-a2a9-0a8422468407,1785277333741,sender,0,False,,,,False
e4372f26-c15a-5c20-8f28-6495d6ce02b9,1785277333803,sender,0,False,,,,False
34c401b7-add4-5d45-b158-b1eafe1d6f8d,1785277333808,sender,0,False,,,,False
c86726f0-dead-56a8-ada9-4f5950d9c2c1,1785277333866,sender,0,False,,,,False
4e5d6112-0662-5aea-a314-a1e2691d0008,1785277334148,sender,0,False,,,,False
801ddd04-ad46-5657-b541-f92c0744d1ac,1785277334213,sender,0,False,,,,False
97cf902d-4068-5092-9975-992c193f4032,1785277334232,sender,0,False,,,,False
99dba2e5-e500-5242-af42-1b24b093afd3,1785277334253,sender,0,False,,,,False
5d7d2e34-f33f-53c4-8df2-5fa3d2ed8e6b,1785277334254,sender,0,False,,,,False
da20e284-270c-5baf-a1af-9bc6840e1c65,1785277334313,sender,0,False,,,,False
1b08a633-16c1-5f4e-8f81-6d59cd8ccf97,1785277334314,sender,0,False,,,,False
7aa26531-3b60-5138-bec3-68b9ef329296,1785277334340,sender,0,False,,,,False
3d10e0d4-fe87-53a6-a37d-ad49e05883f7,1785277334731,sender,0,False,,,,False
1f8094de-c861-5ba7-98f8-cf70c96335b1,1785277334927,sender,0,False,,,,False
efb8cfde-1e2f-53a7-a575-4b4503b93253,1785277334958,sender,0,False,,,,False
c09f1eed-6893-5640-8f38-9d2c9b261e19,1785277334959,sender,0,False,,,,False
41d7e76e-3dbf-55cd-a1b7-f46911cb95e8,1785277335003,sender,0,False,,,,False
6e2b60d5-5b6c-5faf-bbee-19674afa520d,1785277335035,sender,0,False,,,,False
9d4c7c90-231e-5f09-90ee-5c1122cafee3,1785277335036,sender,0,False,,,,False
fab5cacf-ad9a-5022-89a0-fddc73c95be8,1785277335076,sender,0,False,,,,False
ec938a4f-5af3-5e63-b3c8-ba62520a42ad,1785277335169,sender,0,False,,,,False
63dc43c8-c3a1-52c9-99e2-1d426508dd2b,1785277335470,sender,0,False,,,,False
c93236a1-055b-5381-b559-05c2433117f4,1785277335666,sender,0,False,,,,False
740ad864-035b-558c-92a8-300d4fc24f61,1785277335706,sender,0,False,,,,False
c02cfcdf-fe15-5442-89e6-5df440a5bbcc,1785277335709,sender,0,False,,,,False
557f4cde-4111-5177-9c88-8f432e55e25e,1785277335745,sender,0,False,,,,False
674e4ed5-df4c-5644-bdd8-076246802eab,1785277335777,sender,0,False,,,,False
fd74320f-5e92-5fb1-8746-3696284e6d51,1785277335810,sender,0,False,,,,False
6da733bb-077e-55ce-a1b6-e9e4c79313eb,1785277335811,sender,0,False,,,,False
8c204476-5a0d-5998-9d39-e4ef83bb7fd3,1785277335870,sender,0,False,,,,False
98a6c99e-0e1e-5e4c-9bcd-09899bfd4bff,1785277336307,sender,0,False,,,,False
aa616edb-191d-5c52-8aeb-9a775e5fb260,1785277336311,sender,0,False,,,,False
167e87e2-2dce-56f8-8821-62e3a7905996,1785277336371,sender,0,False,,,,False
92a52d1f-a31c-5635-82db-c551127651f3,1785277336376,sender,0,False,,,,False
3666291b-126e-5a42-87f8-0f3cd20a1391,1785277336380,sender,0,False,,,,False
d584d190-da1f-5be8-8d34-ab58ba2ba75a,1785277336421,sender,0,False,,,,False
4ae831b4-1468-5920-8461-d1bce0507d7a,1785277336423,sender,0,False,,,,False
c56c4c8d-278f-5936-81b7-b62d29ec77d1,1785277336470,sender,0,False,,,,False
00715798-1184-5298-bf3c-7aefa649316f,1785277336850,sender,0,False,,,,False
3230a1da-e047-52ca-aa73-c382e256df27,1785277336933,sender,0,False,,,,False
004589de-a2ba-5658-8d89-84bc3878b956,1785277337061,sender,0,False,,,,False
7ed8ea61-2dcb-5f4a-b6a5-68c5f3b61e25,1785277337089,sender,0,False,,,,False
ad2d5bc8-59b8-550b-b583-e8ecee2e859d,1785277337090,sender,0,False,,,,False
f7ff81bf-8a5c-5b66-8fba-7bb698353c1b,1785277337112,sender,0,False,,,,False
cd8803b3-1676-53f7-84b2-5299b77ce2be,1785277337113,sender,0,False,,,,False
2562ec73-9238-583c-8925-194d9c93ec3b,1785277337141,sender,0,False,,,,False
a98ead99-e3dd-5bfb-baae-6a090400707b,1785277337286,sender,0,False,,,,False
1464d116-e5ea-52c4-b248-5a8d0a7d21b5,1785277337573,sender,0,False,,,,False
dff326dd-54f0-5203-904c-a0b81181a4eb,1785277337770,sender,0,False,,,,False
45c40ea0-c94a-5754-bb21-d757b609b532,1785277337804,sender,0,False,,,,False
ee084d9a-4945-50a8-8f26-574b68d38c30,1785277337806,sender,0,False,,,,False
ab817c9e-3a09-514a-b8bb-9e6045b6705c,1785277337811,sender,0,False,,,,False
ca540cc6-50a3-5d3a-b329-d2a3e22e1158,1785277337812,sender,0,False,,,,False
d441b545-bcc6-548c-8c07-866377cb8cb7,1785277337838,sender,0,False,,,,False
e098aeb6-1020-58a8-aca5-3f4be81b994a,1785277337839,sender,0,False,,,,False
5f694c7c-0141-5895-8aa4-7972317a3072,1785277338051,sender,0,False,,,,False
29f7c99b-beae-5477-9fd2-6492cab8e3ec,1785277338378,sender,0,False,,,,False
a244393f-6520-5327-8af2-4f8e2dbe1642,1785277338514,sender,0,False,,,,False
a7cf0189-230e-5b33-8cf3-9e53b25b99c8,1785277338565,sender,0,False,,,,False
5228264f-c660-5050-a12f-f886dd75a5b0,1785277338567,sender,0,False,,,,False
6e39b06e-b09c-5d25-8ecd-02964049d609,1785277338569,sender,0,False,,,,False
8691b737-1ddd-5409-b8fd-8e3d26f7c3f1,1785277338585,sender,0,False,,,,False
84171fcc-6357-5342-8d71-e456b342a890,1785277338588,sender,0,False,,,,False
b978b12d-9bca-5219-8bde-62188975c286,1785277338589,sender,0,False,,,,False
1295ef32-14b3-5ed6-8922-38c699db7849,1785277338864,sender,0,False,,,,False
2a4f0717-1512-539f-a897-c3206f1025ed,1785277339192,sender,0,False,,,,False
020b3f4e-20ac-5abe-9a77-d3079968c894,1785277339247,sender,0,False,,,,False
4896d281-a3b8-5629-9ade-351f126e43e1,1785277339309,sender,0,False,,,,False
d401d07e-e556-5e56-b550-c616dc27b9d2,1785277339329,sender,0,False,,,,False
4e2c39a5-336c-536e-a249-6f8bfab239d4,1785277339330,sender,0,False,,,,False
e175f80a-97e5-5f3e-af53-a50ce422a2d6,1785277339337,sender,0,False,,,,False
28797ede-f598-5e58-b14f-67a81854ac27,1785277339372,sender,0,False,,,,False
28432224-a9d2-533c-8412-be212f4ddea9,1785277339418,sender,0,False,,,,False
39f6b8d9-12d9-5d83-a3e0-a0da1211a706,1785277339823,sender,0,False,,,,False
64a40bec-8e5b-510f-8ee4-54c679bdc342,1785277339886,sender,0,False,,,,False
7e42465c-e824-5ed3-a291-588d602433bc,1785277340085,sender,0,False,,,,False
60e3c92a-326b-5b59-8816-148fed534ce9,1785277340117,sender,0,False,,,,False
e837ea05-5521-537f-a56e-8ab979d349c3,1785277340118,sender,0,False,,,,False
01addd3a-5f37-5478-9ef8-a822da72c9bc,1785277340121,sender,0,False,,,,False
f17c46e2-d856-5667-86ca-5cd6315c88e4,1785277340122,sender,0,False,,,,False
6f7e3c75-6148-5df8-9f71-2fd94ee619e9,1785277340148,sender,0,False,,,,False
0fedcf59-1a6b-5b0f-bafc-2ad4080118ca,1785277340435,sender,0,False,,,,False
3b8527a4-1394-5aa8-a463-9de827a654c3,1785277340493,sender,0,False,,,,False
3f44b167-e6cf-5f93-9006-d74ba7ac8ff5,1785277340693,sender,0,False,,,,False
b1fb440d-13a5-55e6-b57e-f84c2dbf0543,1785277340724,sender,0,False,,,,False
65f6727e-0a51-5a16-9fc2-a7b99800cf3e,1785277340726,sender,0,False,,,,False
7a94459d-5475-549e-a414-8d5391d97f7b,1785277340727,sender,0,False,,,,False
fcdec6b9-0be4-5209-a156-9a2662418d55,1785277340735,sender,0,False,,,,False
2e36d314-3a7b-5dcd-b59f-e2d73b543408,1785277340803,sender,0,False,,,,False
a4a06e1d-62b2-559d-abf7-1193be1b00e6,1785277341025,sender,0,False,,,,False
b8f22d92-bc66-5279-a5a0-e5ed0c2a3a7e,1785277341093,sender,0,False,,,,False
c6de5793-6f5b-5fe7-b9a4-efc73e3ba9c1,1785277341284,sender,0,False,,,,False
88b8dedf-08ef-5996-9caa-fbf0a55284de,1785277341314,sender,0,False,,,,False
66c5d844-73b1-5d4b-b382-9294524a8883,1785277341367,sender,0,False,,,,False
4e2cf381-2309-580f-bc58-4deef8bb9b49,1785277341373,sender,0,False,,,,False
7fa95663-637d-5961-a314-2adba9960f0c,1785277341375,sender,0,False,,,,False
53e88ae3-6cc7-5a26-913a-805f2b7e0db6,1785277341396,sender,0,False,,,,False
8ac564f2-0d37-5876-9089-43be43c59ad2,1785277341503,sender,0,False,,,,False
7ff8889d-dbdb-56d0-9e93-d1bdcc5b6278,1785277341571,sender,0,False,,,,False
a0361738-7657-5b4e-8496-65cd89854ec1,1785277341985,sender,0,False,,,,False
94166d86-cced-50f2-9d4e-958a0b2c07f3,1785277342018,sender,0,False,,,,False
0dd27a1b-ee5d-5ee6-9c10-aa6b0856f30f,1785277342063,sender,0,False,,,,False
0c08b2cf-90ea-540d-b552-0ca5a533e964,1785277342095,sender,0,False,,,,False
dcefff46-ce6e-5caa-a5f3-d02c15486cbc,1785277342135,sender,0,False,,,,False
f4f09cce-aa3a-5d57-ac9e-5b9d02176e65,1785277342136,sender,0,False,,,,False
76e5d192-4dca-59e1-8864-28182be637c8,1785277342138,sender,0,False,,,,False
00402b6f-b799-5fc6-93c1-e5cdf8014b3f,1785277342171,sender,0,False,,,,False
2528011d-a3c8-59c8-8f73-4ec88ee5447c,1785277342723,sender,0,False,,,,False
d2b946b2-7d7e-5498-ba3f-5a87e845059f,1785277342752,sender,0,False,,,,False
d090c6fe-83ee-52bd-adcc-9b893bb38f2c,1785277342787,sender,0,False,,,,False
a4bf9e6b-6a15-59aa-ba34-d223264cadbe,1785277342788,sender,0,False,,,,False
11628035-74a7-5c69-b73f-fd6ddcadb5e7,1785277342793,sender,0,False,,,,False
cbe2211c-26f2-5651-9d11-d146f2f08e5b,1785277342825,sender,0,False,,,,False
d59c82a1-d725-5ecd-a1c7-0a0db9e649da,1785277342826,sender,0,False,,,,False
c0503945-f568-5235-ae94-ce9e34cc8397,1785277342828,sender,0,False,,,,False
fe2383f3-f1c7-5119-9efe-47847a9c2d71,1785277343385,sender,0,False,,,,False
755f1406-3101-5399-a9a2-30d670cf3d80,1785277343397,sender,0,False,,,,False
7e8eea07-0ba3-5f6f-87a3-8a9997919eeb,1785277343399,sender,0,False,,,,False
8a73e299-14db-5747-97f7-679deaeafe73,1785277343419,sender,0,False,,,,False
71ff2553-ca23-5f01-bf5e-101e4d1a9990,1785277343478,sender,0,False,,,,False
5fb9ebb7-7932-5040-a6b7-061cdc66100e,1785277343479,sender,0,False,,,,False
5e36c959-f579-5f9b-b087-cd1ce4d32d00,1785277343480,sender,0,False,,,,False
4f69a39b-4b57-5a7d-b3a8-b8718770f7ed,1785277343518,sender,0,False,,,,False
0045f3c3-b410-59fc-97d8-c214436afca8,1785277344054,sender,0,False,,,,False
0c296d43-b24a-5d0b-aee6-f2185b146319,1785277344146,sender,0,False,,,,False
ac0a0df8-ba80-5fc9-b5f1-cb1d7e985237,1785277344209,sender,0,False,,,,False
908b64c8-a63e-5fd2-bba9-c0eb6c558a59,1785277344212,sender,0,False,,,,False
79bd2ee9-afce-5578-92f4-dc2047b84f64,1785277344248,sender,0,False,,,,False
226b5cd2-51ef-55fd-8006-0e09dfbad148,1785277344249,sender,0,False,,,,False
492be97a-8147-53e3-be7a-1071568cc6de,1785277344250,sender,0,False,,,,False
da461a02-3098-5459-8603-ae4bb3ae1212,1785277344252,sender,0,False,,,,False
5e10873b-f15d-5315-814d-b55e1f0e07da,1785277344673,sender,0,False,,,,False
5492c646-ff44-5ebd-b956-7f09dc8fa22b,1785277344783,sender,0,False,,,,False
ab710d22-1197-5f87-a760-938b77039738,1785277344784,sender,0,False,,,,False
d1cb217c-5dff-5cf0-89c3-9db4cd5e13b9,1785277344814,sender,0,False,,,,False
1570244a-5ce1-56da-bfb8-2c2b11795f86,1785277344849,sender,0,False,,,,False
ac063eb1-c544-53ea-80ba-87ba51ddf4c6,1785277344985,sender,0,False,,,,False
48657ce7-59be-5700-8208-ec0ce54ea818,1785277344986,sender,0,False,,,,False
4828ec42-b01d-5532-9b00-1019d3cb8471,1785277345047,sender,0,False,,,,False
30bd47c8-71bf-599e-b594-7ac18c1bc924,1785277345311,sender,0,False,,,,False
a03501f8-ec38-50c0-9450-9b84a1104b4b,1785277345415,sender,0,False,,,,False
92079ae5-3c39-5e7e-b5d2-b5bc16fedf0c,1785277345424,sender,0,False,,,,False
daf26829-96a8-5f9d-bccb-b087380d357e,1785277345507,sender,0,False,,,,False
3e6ab45a-61f0-545f-8e1d-63fa6624073d,1785277345508,sender,0,False,,,,False
c052cd52-b47d-5701-b032-5dfae7ab6ee5,1785277345544,sender,0,False,,,,False
9911f015-5466-5a14-a083-e1f31c21481e,1785277345546,sender,0,False,,,,False
abe67fb8-babb-5668-8c43-cf816be290a6,1785277345546,sender,0,False,,,,False
f37f4ee4-e1f0-5361-b8c0-f549df883ee1,1785277345806,sender,0,False,,,,False
f82c761e-f33d-59ef-b5fc-05d1b62e772d,1785277346334,sender,0,False,,,,False
3bb50a44-c6a7-5e1f-bfda-f639d9181abf,1785277346357,sender,0,False,,,,False
7baf4222-ae1e-5479-9421-4cae1230dedd,1785277346364,sender,0,False,,,,False
ad1edb9a-6c2a-585d-b802-6eedb5fdc2e0,1785277346390,sender,0,False,,,,False
46f4d685-c633-5274-93b7-7d3809dd9a1a,1785277346428,sender,0,False,,,,False
8d04da2e-dd1d-5d25-9929-28a69baab920,1785277346429,sender,0,False,,,,False
2a95bb99-9474-501f-9c50-efc663aef69c,1785277346430,sender,0,False,,,,False
b8232ca1-339e-5f23-a625-8d42622e28d6,1785277346431,sender,0,False,,,,False
4b650977-59f0-5fd1-afc8-45da29780fe1,1785277347021,sender,0,False,,,,False
ed11cddc-2d10-5579-b4d3-157a6e65dd5c,1785277347193,sender,0,False,,,,False
5d8876a5-f5ff-53ca-bf79-edb24fd9b669,1785277347222,sender,0,False,,,,False
dd99c141-7a3b-5fe6-8258-01ae8fe1ccc9,1785277347224,sender,0,False,,,,False
5bb66254-d741-557f-a463-44c6b149f9a6,1785277347255,sender,0,False,,,,False
7f5e7362-3254-5a7b-bacc-fc72b518be75,1785277347256,sender,0,False,,,,False
26f9e0ba-9814-5d1c-8acf-daaee5d47b2c,1785277347257,sender,0,False,,,,False
cb87659c-7545-55ee-828a-83af4d40c660,1785277347258,sender,0,False,,,,False
b1480944-a2c6-556c-a6dc-a1d784c2a054,1785277347402,sender,0,False,,,,False
a8706b98-8833-52da-83e6-f5b63a96a091,1785277347804,sender,0,False,,,,False
b691d6bf-4181-53e7-8b93-4bbf4d8b8b4d,1785277347892,sender,0,False,,,,False
a8d3645b-f06a-5cc1-9935-207a37be3211,1785277347925,sender,0,False,,,,False
3fc9b6db-a206-51c5-874c-c61fecb80ce6,1785277347927,sender,0,False,,,,False
6e940e4e-b489-52b8-82bd-53f2e3c4e011,1785277347928,sender,0,False,,,,False
7ee60bac-e7ed-53a5-a590-38835ef698b3,1785277347991,sender,0,False,,,,False
25c77c85-6739-5c04-9db8-32ed8ca1586e,1785277347992,sender,0,False,,,,False
3771eb88-29f7-5574-b946-743f477eff76,1785277347993,sender,0,False,,,,False
033086b2-fdf9-54b3-9a57-a44022002e5f,1785277348224,sender,0,False,,,,False
c2f42635-fab2-5e07-9543-0f27664ee1a9,1785277348540,sender,0,False,,,,False
6bef8d69-a0f5-5bba-bead-74f445949746,1785277348568,sender,0,False,,,,False
0d0789b1-41a0-56ef-bbd2-cc8ec552d3cc,1785277348608,sender,0,False,,,,False
2961964b-ceb3-5b49-a985-f53a50cfaf3e,1785277348664,sender,0,False,,,,False
4385d020-0a0d-53ac-a2a3-9dbbd6921c23,1785277348681,sender,0,False,,,,False
46291cf0-b0f5-5724-9857-a728c9203c48,1785277348683,sender,0,False,,,,False
726e45b8-c2ba-52c5-acff-e997a6040c2b,1785277348684,sender,0,False,,,,False
4446ae25-4bca-5641-a27e-da605d53d419,1785277348721,sender,0,False,,,,False
e41036d3-2811-56d6-aafa-dadc58bce4cf,1785277349155,sender,0,False,,,,False
a8eb1889-ab48-5bc7-8bc8-8fce3eb7d823,1785277349188,sender,0,False,,,,False
6056a7a8-1db8-59b7-a1e9-5248bc285f19,1785277349230,sender,0,False,,,,False
bca46a18-4295-5a00-91b7-e62b32b66ac8,1785277349265,sender,0,False,,,,False
f8b4744a-3aeb-5854-9ebd-47e180bdfb41,1785277349361,sender,0,False,,,,False
3e2bf5c4-9b0b-568d-af8b-67e3cc3d3306,1785277349420,sender,0,False,,,,False
c80691a8-3588-553b-86e8-ee0cdb06c0f9,1785277349421,sender,0,False,,,,False
c638d1c8-8061-5579-adcc-1e824af79a36,1785277349423,sender,0,False,,,,False
4b76ea78-486e-527a-b335-0de7ede0bf30,1785277349721,sender,0,False,,,,False
1b56f689-4f01-5618-a6b4-a276903ecc40,1785277349722,sender,0,False,,,,False
41f18c63-274a-53fb-abdf-9a113f7fd6ef,1785277349798,sender,0,False,,,,False
ce650297-6272-5107-aeaa-fa3a46eec2ef,1785277349831,sender,0,False,,,,False
e6618457-2640-5f92-9158-0e276054fe50,1785277349893,sender,0,False,,,,False
b4aab616-23cc-5811-9073-c0e4da231564,1785277350070,sender,0,False,,,,False
52df6747-255c-51de-aa03-a9a5836c00be,1785277350071,sender,0,False,,,,False
e3659a03-cb28-5296-b74b-4d06d6afe83b,1785277350149,sender,0,False,,,,False
f7501851-61f6-574f-9f21-7a3920d68870,1785277350375,sender,0,False,,,,False
fcadd58b-c2e2-5992-8071-12b312bc08d9,1785277350380,sender,0,False,,,,False
5933bd52-9d51-5b5c-acaf-71145aa2b81b,1785277350384,sender,0,False,,,,False
694053c8-b0cb-5ff9-8b1c-f17c7cd463a0,1785277350412,sender,0,False,,,,False
35796f6b-80b3-5373-81ee-662ad17395d9,1785277350417,sender,0,False,,,,False
f7a10275-38c4-52a6-8439-6a7279ad5e83,1785277350489,sender,0,False,,,,False
ce04a16b-ee20-57f2-8102-156e4d8e549f,1785277350492,sender,0,False,,,,False
e5ef0cde-1fc1-540b-9973-bc4a2bbaa6e8,1785277350611,sender,0,False,,,,False
57c84a5a-322e-5180-a845-fc9bfc5ea69e,1785277351110,sender,0,False,,,,False
fa401c35-0282-56fd-b7c9-3b227340f0ab,1785277351121,sender,0,False,,,,False
a3bbe635-f52d-54e0-b239-5adfdbfd882d,1785277351143,sender,0,False,,,,False
d5e30db2-b92d-5ff9-97d7-838b51904cd5,1785277351147,sender,0,False,,,,False
fc20673f-17a0-5779-854d-14927a6cd7da,1785277351176,sender,0,False,,,,False
f971cd8f-f4f2-5d97-ab34-48c3df95e8b2,1785277351179,sender,0,False,,,,False
a063cc5d-1284-5226-bbc0-1ce666890188,1785277351209,sender,0,False,,,,False
0e6ff1ed-8e64-5e2c-bbeb-5d0840e83337,1785277351210,sender,0,False,,,,False
30294bb2-087e-556b-b580-41297051b7a4,1785277351821,sender,0,False,,,,False
f5bb9cdc-09ec-5f97-ba46-dc55f17f3243,1785277351838,sender,0,False,,,,False
10e8ee6e-09df-5a65-94e4-a320ddc82d84,1785277351841,sender,0,False,,,,False
7e3be209-1e6b-54cd-8e10-af814a91de1a,1785277351858,sender,0,False,,,,False
bbc025c1-83e2-5f81-af40-e36c1994ffb4,1785277351859,sender,0,False,,,,False
286a5f5c-ee52-509c-be81-901a43009957,1785277351863,sender,0,False,,,,False
4dcd587b-d001-513c-b31a-5b67aa447337,1785277351893,sender,0,False,,,,False
20bd2ca3-1b0d-5755-a096-61111af32797,1785277351894,sender,0,False,,,,False
d4f81e65-6f6e-5f12-a93e-fc710becc3f3,1785277352499,sender,0,False,,,,False
1442a3b6-69a1-5ec0-896a-fde5fe5eab0d,1785277352518,sender,0,False,,,,False
92da8ef9-a521-56f6-969b-3e39be6ffb12,1785277352521,sender,0,False,,,,False
27d6113a-9add-53e6-b3e0-7a7254e9af84,1785277352553,sender,0,False,,,,False
136622cb-b016-52ec-9eb6-ec1e988f283b,1785277352558,sender,0,False,,,,False
bb7726f2-b409-5371-b301-3f68a94f1a34,1785277352585,sender,0,False,,,,False
c1ad3058-85ea-5572-a1d6-4066a9650a47,1785277352587,sender,0,False,,,,False
25c4218e-1a84-5a15-bb1f-f5710fc6e4f4,1785277352623,sender,0,False,,,,False
5040ee2a-bfad-5766-897a-9f7405830024,1785277353138,sender,0,False,,,,False
d5ebe134-61bf-5880-89d8-d92dc4253642,1785277353274,sender,0,False,,,,False
b1f20168-2e8c-57a4-9e46-994d7224315a,1785277353319,sender,0,False,,,,False
dfc7deec-9877-5acd-a45b-1dedb8e51cd9,1785277353320,sender,0,False,,,,False
d318054d-4ddf-5f99-8d52-d7f194b4d71a,1785277353346,sender,0,False,,,,False
f188e715-29cf-54eb-800c-0172148c29cf,1785277353347,sender,0,False,,,,False
d38914ad-2874-5b5b-854b-20d4fb4cda4f,1785277353386,sender,0,False,,,,False
055d9364-dde6-59f6-ae58-ad9027e4f904,1785277353392,sender,0,False,,,,False
90b2a338-a88c-57f0-98d1-7da6391197e6,1785277353674,sender,0,False,,,,False
ff9dc731-a57a-50a5-a807-85615e3d242c,1785277354006,sender,0,False,,,,False
361bfa78-b0af-57ca-a1d2-1c9a4abce22a,1785277354125,sender,0,False,,,,False
1655d105-0d89-5fac-9f03-63270733edf0,1785277354147,sender,0,False,,,,False
7e0baf03-076c-5b9b-99bf-16c3bfd58e77,1785277354151,sender,0,False,,,,False
6edc8cad-9627-58e6-8754-75fda4630b0c,1785277354179,sender,0,False,,,,False
5c72fb04-37df-5936-8f93-118771ec5cc6,1785277354180,sender,0,False,,,,False
5451fb3c-4c33-5f0f-9553-16d8bdef7a79,1785277354182,sender,0,False,,,,False
1587c373-7cdf-59cf-9cec-2629581d3858,1785277354253,sender,0,False,,,,False
50911a92-1e33-5fe1-9070-1ad3fcc44305,1785277354611,sender,0,False,,,,False
3dfff600-a313-523d-95c6-857857e46e29,1785277354770,sender,0,False,,,,False
3d810138-68f5-5623-8207-52698f822676,1785277354774,sender,0,False,,,,False
339d1045-5ea8-5ed2-8c09-bca356b34777,1785277354807,sender,0,False,,,,False
05d38bc7-1dfb-5663-97a0-6c2d19f4b93b,1785277354844,sender,0,False,,,,False
d100da07-60ba-559e-b628-da1cb1d4231c,1785277354885,sender,0,False,,,,False
8d0bf095-d3c2-5176-a050-6aa0b13b397d,1785277354886,sender,0,False,,,,False
9a12a6bd-4623-5fef-b8db-9c48d969c6f9,1785277354917,sender,0,False,,,,False
f80f0d38-c34e-562b-a2e5-d640c057c87e,1785277355156,sender,0,False,,,,False
e4cb7b35-6954-5a90-bbec-b657aa9fed87,1785277355463,sender,0,False,,,,False
8a310e48-32b0-5bca-8b8b-7ee177ad2f8e,1785277355563,sender,0,False,,,,False
b466ee53-42d8-5a3e-9ebb-e4945b48d396,1785277355723,sender,0,False,,,,False
d65fb045-e0a3-5e9c-80e6-0302a743a09e,1785277355752,sender,0,False,,,,False
7ce3d30d-5f64-559c-af0f-8d2bc610e033,1785277355778,sender,0,False,,,,False
b40d961e-85ab-553d-808f-138969b28592,1785277355779,sender,0,False,,,,False
c235ed52-2b05-5b0c-b6f2-f1c772b2b54d,1785277355783,sender,0,False,,,,False
25cea38c-d1b3-53ce-9073-d167ff2ce676,1785277355784,sender,0,False,,,,False
e4e15373-309f-5124-b5d4-ae5c461ba910,1785277355872,sender,0,False,,,,False
c5407ea8-f134-5b66-8a58-ed5ca4716539,1785277361637,sender,0,False,,,,False
aac3472d-0ea8-54f4-82f5-7ca7be2226ad,1785277361639,sender,0,False,,,,False
2448770b-bc6b-5bbd-8070-02ab1e119d2a,1785277361661,sender,0,False,,,,False
d6b2d4c3-a177-5ef1-9286-79e8e83d88dc,1785277361663,sender,0,False,,,,False
33524415-bce1-5747-9893-dbbacc3f8092,1785277361664,sender,0,False,,,,False
cf05cd01-6281-52b2-991d-17b6217f1b9d,1785277361666,sender,0,False,,,,False
9dba48ae-1d80-5176-9731-57b3b038efe9,1785277361667,sender,0,False,,,,False
5beec602-9bc8-568e-930a-6a480542a6c1,1785277361668,sender,0,False,,,,False
ecfafb72-c89b-576c-bac1-66df965aab8c,1785277362379,sender,0,False,,,,False
a5bb3ae4-28aa-5449-9599-a2f731a654f9,1785277362384,sender,0,False,,,,False
ce921bb4-7562-52af-b2f0-a60c8dcb46c6,1785277362388,sender,0,False,,,,False
43e7b4a7-6bb1-5116-a6b2-f242807fd26d,1785277362391,sender,0,False,,,,False
1aa54b5a-92b3-5ddf-8707-ac2c8bd921d9,1785277362410,sender,0,False,,,,False
db14eec0-5005-5f99-b632-a2d449293e15,1785277362417,sender,0,False,,,,False
522551e8-f20e-5b69-8be3-6d9fa00ce780,1785277362457,sender,0,False,,,,False
324460c8-6cac-5540-b113-2d9f5b00af3b,1785277362458,sender,0,False,,,,False
9f3ad9db-bdd8-56ac-a5af-893e6e43d542,1785277363196,sender,0,False,,,,False
76eef569-0961-555a-ac66-d68bb1ae062e,1785277363220,sender,0,False,,,,False
c1be9aaf-f5d5-5c5a-8db6-525e61b644d7,1785277363247,sender,0,False,,,,False
f9541b15-9edf-5c57-aaf4-0f5ce012af2c,1785277363249,sender,0,False,,,,False
8473e68c-78bb-5477-9c61-7877d888fd36,1785277363251,sender,0,False,,,,False
b3c202fa-e209-5a80-8b08-1eac2755282c,1785277363285,sender,0,False,,,,False
941f2008-26f1-5231-ac1f-5f2812e32bc8,1785277363287,sender,0,False,,,,False
c3bec8db-9834-5f0d-b139-884889fa61fd,1785277363288,sender,0,False,,,,False
f43d9e35-8b0b-5ffe-ab83-323dab60569a,1785277363834,sender,0,False,,,,False
ae5402f6-9da7-53d3-a325-921fb66cd23b,1785277364000,sender,0,False,,,,False
7413b64b-7523-5965-a694-611129e7af16,1785277364030,sender,0,False,,,,False
3be23a26-4740-5d44-88e3-2936b9e42cdb,1785277364059,sender,0,False,,,,False
1424dc82-fbf1-541a-8036-c694a291e36a,1785277364090,sender,0,False,,,,False
d4b76f8e-5ea6-5b01-82e9-6418b4173c9a,1785277364091,sender,0,False,,,,False
b34b0e86-e61c-512f-b9c3-70ad0b0f8399,1785277364127,sender,0,False,,,,False
578363b8-160c-5bb7-afb2-9d27ceb57ed1,1785277364128,sender,0,False,,,,False
e63e6d83-e9b0-5173-aabe-7a595d7dad76,1785277364471,sender,0,False,,,,False
8b22b3d3-97d2-57ca-96c6-07032104c22c,1785277364695,sender,0,False,,,,False
f05cd2df-a70a-56e2-a0d9-c7d9448fd376,1785277364731,sender,0,False,,,,False
2d1d613e-c3a5-5076-9b44-cecbc71596fa,1785277364732,sender,0,False,,,,False
391d2a06-bfaa-5b43-9495-222d77573387,1785277364733,sender,0,False,,,,False
76e96438-ba0f-5201-a466-deea9b35572c,1785277364761,sender,0,False,,,,False
ed2a2e79-b621-53b3-bebf-eadd0b9d3fcf,1785277364763,sender,0,False,,,,False
9a81fcb8-81aa-50a9-8548-61e31bef9289,1785277364765,sender,0,False,,,,False
d89d2f56-c16a-5e3e-ba61-2c8184e5fc67,1785277364819,sender,0,False,,,,False
4946fc7e-88b0-5960-9076-40e36c6fc53e,1785277365307,sender,0,False,,,,False
fbd0a0d8-6ecf-50e3-90bb-dcf367728a3e,1785277365363,sender,0,False,,,,False
b8c23387-7ecd-595a-a893-85e221d5c723,1785277365405,sender,0,False,,,,False
69814585-0386-5db5-8453-d3292baa9c8a,1785277365468,sender,0,False,,,,False
c16ce522-7734-50c7-9ea3-26eab32c90fe,1785277365470,sender,0,False,,,,False
9d667603-4a35-551c-9d2c-31dcc1470cfe,1785277365474,sender,0,False,,,,False
84233fdc-2853-58df-8c61-ca52c389e31f,1785277365475,sender,0,False,,,,False
7e8692da-477b-5f85-a84d-fcb267e40e28,1785277365512,sender,0,False,,,,False
35c3738a-b4ab-5325-b59d-d220744fd06e,1785277365912,sender,0,False,,,,False
5d66ff4a-5d92-50f1-b12a-34e91f5212c8,1785277366032,sender,0,False,,,,False
246fb1e3-6efc-5a0e-a2f8-65b1e730117d,1785277366106,sender,0,False,,,,False
dfa20b01-10bb-5a3f-a1ef-84f4a30ecb27,1785277366140,sender,0,False,,,,False
8271bb24-30be-5b6e-a9de-a907a2ddbec6,1785277366176,sender,0,False,,,,False
047a3410-ff90-5035-ab5b-e87a605d45fe,1785277366178,sender,0,False,,,,False
4c0dba02-8b75-5a53-bce1-caaf1624f933,1785277366229,sender,0,False,,,,False
50b3320e-00e8-554c-9d03-21ab61b6da84,1785277366230,sender,0,False,,,,False
72e566c5-8ba4-55cc-af95-dfea9df1e38f,1785277366547,sender,0,False,,,,False
ef7ee920-b412-5d37-b6d2-00c3d2a2799d,1785277366667,sender,0,False,,,,False
c4189e7a-a71c-5744-8f84-1ff625512600,1785277366742,sender,0,False,,,,False
6e26d91a-8261-5cb6-b05e-15bd7dacedb6,1785277366831,sender,0,False,,,,False
4e50a8e0-853f-533a-bf3a-d6f97d6f9cb6,1785277366860,sender,0,False,,,,False
fa57bcf6-3e94-54ec-94c5-6c273b04057f,1785277366881,sender,0,False,,,,False
f16a71b4-4904-5bb4-bfb2-be5ee7539818,1785277366882,sender,0,False,,,,False
6a1609a9-1e86-508f-8026-fa1588b8fe9c,1785277366908,sender,0,False,,,,False
9c9e4163-e0d6-5006-8409-51d5169fd5cf,1785277367029,sender,0,False,,,,False
86b56813-df6f-5bb5-a491-6608bcd746e3,1785277367263,sender,0,False,,,,False
54fddac3-6c91-529a-9886-3515a80f848f,1785277367359,sender,0,False,,,,False
f01a9c5d-11ed-5af4-adba-4bac3ef443c7,1785277367424,sender,0,False,,,,False
a836797e-6b51-5411-841b-74aafd9b9dd0,1785277367597,sender,0,False,,,,False
96749812-3df3-5313-9d52-17a3bf85c075,1785277367601,sender,0,False,,,,False
fe11065c-7e7a-5824-b7b9-ba0e41a50a95,1785277367606,sender,0,False,,,,False
d3c509c7-8684-5323-8b9c-92f999e1a360,1785277367655,sender,0,False,,,,False
8df2daab-9bb3-5958-8007-bb2378b8f827,1785277367688,sender,0,False,,,,False
b8648009-0533-596f-8897-e05a713fcb4c,1785277367954,sender,0,False,,,,False
faf94d9c-56a5-5fb9-b893-d918f480c29d,1785277368021,sender,0,False,,,,False
27ec05cc-a123-53b9-b81f-4bb43b7736f2,1785277368156,sender,0,False,,,,False
3e97c251-6d80-56f4-9899-1950c4140868,1785277368239,sender,0,False,,,,False
dc7326bf-3f9d-5af8-964d-5bdf00aef2bb,1785277368273,sender,0,False,,,,False
b62761d4-d9c5-5a92-8319-812ad3f10361,1785277368275,sender,0,False,,,,False
292ee968-3a34-558e-9b6a-51d4663d94c9,1785277368341,sender,0,False,,,,False
68de6eed-1d96-5a8f-a075-76c0182a5065,1785277368342,sender,0,False,,,,False
3f553937-4993-5d16-8b85-49a610d3bda2,1785277368572,sender,0,False,,,,False
d400f853-43f6-5149-92df-f52b54e379cf,1785277368609,sender,0,False,,,,False
3b9c9335-5701-5d5c-8294-bf712dd6034d,1785277368731,sender,0,False,,,,False
20b05529-99a5-5cf7-80af-9b7ba72b4183,1785277368764,sender,0,False,,,,False
5da9e2b6-3ab3-593c-be9b-7456ea116307,1785277368863,sender,0,False,,,,False
381a7466-d383-5710-bfaf-ac331d53e355,1785277368905,sender,0,False,,,,False
7e4d8bd0-df69-519b-874a-ab7b1ae15038,1785277368909,sender,0,False,,,,False
2ecc8054-28ac-5350-af01-e3316fe23c69,1785277368912,sender,0,False,,,,False
43f28967-84d1-5d0f-a7a7-047832c4542c,1785277369063,sender,0,False,,,,False
60a9938f-58a5-56cf-8092-9836976292d1,1785277369151,sender,0,False,,,,False
92782652-1412-54d5-989c-dd20c9e51eb4,1785277369228,sender,0,False,,,,False
6c49c8d1-f0e2-54fc-8111-0b61c815e770,1785277369407,sender,0,False,,,,False
c5cf6781-b2a1-5927-a798-56cf346b683c,1785277369611,sender,0,False,,,,False
a0602fa1-9d8d-56ec-9546-7529c82adb39,1785277369626,sender,0,False,,,,False
da8567c7-1af7-5ad0-ae73-a4403084c8c8,1785277369648,sender,0,False,,,,False
c1475a95-3408-5f31-b666-ea010765f6c4,1785277369649,sender,0,False,,,,False
5362d288-1358-5926-bf34-7b74363cb662,1785277369654,sender,0,False,,,,False
ca7b82a9-0051-5af7-b8cb-4e53ea1ee1f3,1785277369681,sender,0,False,,,,False
369496a5-2f0d-5b83-bfdc-f89970d61470,1785277369682,sender,0,False,,,,False
63a81b2d-ad1d-5b87-9455-39f843da7543,1785277369971,sender,0,False,,,,False
4d99a9d0-5806-53b7-88b0-fcf4cc8f0800,1785277370314,sender,0,False,,,,False
9e369d50-b705-5b8b-baef-077ed0b0c762,1785277370327,sender,0,False,,,,False
7d525a3b-5d38-5d1c-b771-65ac790c4499,1785277370344,sender,0,False,,,,False
133913c4-67a8-50d6-bb81-d7acef605141,1785277370346,sender,0,False,,,,False
3e7be865-26fd-5032-843e-ecaa85ccbf8b,1785277370347,sender,0,False,,,,False
2c4070df-5692-5137-8721-905a8448d271,1785277370351,sender,0,False,,,,False
643aaa10-d795-54a0-a6df-0ac42f991ff8,1785277370352,sender,0,False,,,,False
e1f95699-9a3e-5edd-957a-08d786ee48c5,1785277370397,sender,0,False,,,,False
6eb15318-a973-5b07-95e2-246686c7d580,1785277371072,sender,0,False,,,,False
607b479d-8a68-5441-b822-2d3c38a0b010,1785277371103,sender,0,False,,,,False
d9b58732-ee5f-5eee-8379-b0f431f5aa81,1785277371105,sender,0,False,,,,False
c6c33434-3ce8-5836-a75e-9f0743a76a0b,1785277371109,sender,0,False,,,,False
3e8bc1ba-a44b-59e8-a8d0-575949622518,1785277371140,sender,0,False,,,,False
552fc47a-3d6e-5955-bb83-54e26b0d466f,1785277371141,sender,0,False,,,,False
971102b9-8bc4-5b86-b572-54aa04c40f5a,1785277371142,sender,0,False,,,,False
04a96434-a1fc-5b39-b88c-b1172e60e5f4,1785277371143,sender,0,False,,,,False
0484b60c-adf4-5fb9-aae8-36b9a3651fb3,1785277372060,sender,0,False,,,,False
466fd553-a3a0-58de-8372-bc020e9ce757,1785277372062,sender,0,False,,,,False
92fe61a3-5a51-587d-a938-8e2c5ce59549,1785277372084,sender,0,False,,,,False
616d0e52-b00d-5c7e-b118-f1dc853e643d,1785277372085,sender,0,False,,,,False
d095a56c-430b-565a-8378-2aad75de4735,1785277372091,sender,0,False,,,,False
859c5274-9318-5218-a6b4-5be6b4e1eecb,1785277372093,sender,0,False,,,,False
0d6b9946-d7d7-544f-912c-fb12b42bd43a,1785277372128,sender,0,False,,,,False
758e506c-64ff-5971-84bf-800a5af97fa8,1785277372130,sender,0,False,,,,False
21431a5d-072a-558f-9377-61b1c5db498e,1785277373013,sender,0,False,,,,False
724274ae-4062-5192-8a5c-993dcee40ab3,1785277373016,sender,0,False,,,,False
04374fd4-a8a9-5fd5-b4b3-c442e292d784,1785277373033,sender,0,False,,,,False
08aa7bef-131c-5c5f-ae82-c4148578e56d,1785277373035,sender,0,False,,,,False
f4c3f30f-ede2-52cf-b83b-f6029079d7af,1785277373036,sender,0,False,,,,False
d9a86469-c76e-55ff-84e2-e7f10329b48a,1785277373037,sender,0,False,,,,False
c4558496-f01d-5ada-981a-b91397afabae,1785277373038,sender,0,False,,,,False
86dd1f81-062b-5f12-8b24-da580b735111,1785277373039,sender,0,False,,,,False
b0a98f9f-5537-5322-841d-3616985e4975,1785277373921,sender,0,False,,,,False
ae339b2f-0b3c-54ac-aca2-43ecf88389df,1785277373923,sender,0,False,,,,False
625c8146-a566-509f-a018-f3ff2613c582,1785277373924,sender,0,False,,,,False
0a1d46e2-db5a-5ecb-ae70-2d7002ab6657,1785277373926,sender,0,False,,,,False
205735a0-7254-56b7-9638-b96e38e43605,1785277373959,sender,0,False,,,,False
e99ea134-1bf9-5838-908d-4f7a915dfff7,1785277373961,sender,0,False,,,,False
eede4469-cbdc-5f20-b22e-a2fad901a298,1785277373962,sender,0,False,,,,False
9e0c6a57-93b5-53a1-9132-12fbee732775,1785277373963,sender,0,False,,,,False
32aa6328-ac64-5210-be7f-bc0a21b6cee0,1785277374850,sender,0,False,,,,False
8803be31-3fe5-53f6-a4b0-e691b55a7815,1785277374877,sender,0,False,,,,False
30e71253-e0a6-57da-9df5-29544276825f,1785277374878,sender,0,False,,,,False
59c43c4b-d4c0-5b2e-8720-6bc82f36564d,1785277374880,sender,0,False,,,,False
22a7585d-6484-51a7-b7da-77e86a25fe7d,1785277374881,sender,0,False,,,,False
14bf9323-2dbd-58b1-a685-3f210df61784,1785277374884,sender,0,False,,,,False
f8260173-5221-578e-b672-b39a5f3ac8a3,1785277374886,sender,0,False,,,,False
04928bab-847c-5828-821e-b7e2ffcfaf3f,1785277374887,sender,0,False,,,,False
4c87b713-4e28-5988-93ef-90d2ac8be915,1785277375607,sender,0,False,,,,False
073393ed-e674-5fdc-9a2e-fbddff2c6305,1785277375836,sender,0,False,,,,False
e120ff66-bca5-5683-813f-18e8cb47cb70,1785277375838,sender,0,False,,,,False
f96255af-8771-5504-b258-835605f87dd1,1785277375840,sender,0,False,,,,False
dc5f0e0b-7214-5c47-b7a1-7ee05df27b40,1785277375842,sender,0,False,,,,False
6aaaf979-649f-543f-85a9-1adad9991f72,1785277375843,sender,0,False,,,,False
4da387bc-6f2e-5104-bc37-7eaaf4334dce,1785277375845,sender,0,False,,,,False
1e0c48e7-735d-538f-92e8-6f527f938dad,1785277375852,sender,0,False,,,,False
ad302980-b86c-59c5-acf3-c0540e66513e,1785277376069,sender,0,False,,,,False
3d98094b-d29c-521a-ba7d-b987c33a5296,1785277376684,sender,0,False,,,,False
5f167cf6-a32d-5b21-bd08-f9c1cde63660,1785277376723,sender,0,False,,,,False
967da2e0-131e-51ad-907f-260a0279c658,1785277376726,sender,0,False,,,,False
f37a1059-eaa3-5e31-8e9c-212c3e30de39,1785277376727,sender,0,False,,,,False
b721271e-a431-5daf-8225-1175f0c0dc10,1785277376755,sender,0,False,,,,False
79964293-b0e7-53d0-8611-867e34414754,1785277376756,sender,0,False,,,,False
8a123158-a0c1-5a5d-b3ab-d401a45dfcc8,1785277376760,sender,0,False,,,,False
f78fdcbf-aa0c-5af0-b698-cbf67ad4ff1c,1785277376787,sender,0,False,,,,False
049365a6-1f7a-50ea-af11-6ca3b0747a22,1785277377365,sender,0,False,,,,False
a4920fb4-46c4-5663-babd-502dca94e7c8,1785277377642,sender,0,False,,,,False
b7a68dad-8e54-53c7-b0ab-af27adb76428,1785277377646,sender,0,False,,,,False
fb429388-8806-5581-9d53-4f175d8ed20d,1785277377669,sender,0,False,,,,False
a1ff1474-4a7d-5c9f-9a97-f9c343c7b8fd,1785277377699,sender,0,False,,,,False
7a22928f-40e9-586d-8674-9781c65b2fb1,1785277377700,sender,0,False,,,,False
ebc961d6-d25b-59e6-8f0e-0d4f56151e2c,1785277377702,sender,0,False,,,,False
c808ff0e-9e6f-5204-a643-0503937470b7,1785277377704,sender,0,False,,,,False
e048892d-9521-5d27-a152-8108ef4bfb88,1785277377705,sender,0,False,,,,False
bfeb5ce9-0280-5ca1-b695-0d4e249d8570,1785277378351,sender,0,False,,,,False
f116fe72-608a-53e0-84b2-0e5b0f52eb51,1785277378382,sender,0,False,,,,False
0ea62451-8e65-5e3d-8f7e-e8757e7d9616,1785277378383,sender,0,False,,,,False
02e7cbf5-fb21-5635-99a7-5856796ea6e0,1785277378457,sender,0,False,,,,False
4b972582-33ca-5d55-91df-f662e26da66b,1785277378498,sender,0,False,,,,False
553a676a-45d0-58a1-8418-13a0f4ef3416,1785277378499,sender,0,False,,,,False
a5069f8a-bd10-57e7-b574-4510880668f7,1785277378501,sender,0,False,,,,False
83dedf7f-50a4-5a2d-8d1c-4798f55b6d3c,1785277378533,sender,0,False,,,,False
ac2977fc-9a30-5581-8d83-29541be83c99,1785277378873,sender,0,False,,,,False
7fba0007-f528-577e-abca-9f73f66372ba,1785277379344,sender,0,False,,,,False
299ba558-c013-54bd-900a-62b9993e27fb,1785277379382,sender,0,False,,,,False
09bee348-ddc7-5bf2-b93c-b43d69c7ac6d,1785277379388,sender,0,False,,,,False
d334d711-3e9f-50a3-bca9-1a38715a48f8,1785277379414,sender,0,False,,,,False
57d5bb0e-0f52-54bb-acba-5a98fc1a7494,1785277379416,sender,0,False,,,,False
7421343f-aa19-5c69-ad03-9142a4061dea,1785277379420,sender,0,False,,,,False
2f822982-717e-5a36-9faa-a9e8048e6930,1785277379421,sender,0,False,,,,False
cd26307f-5d22-5caf-aead-f2e24a914ed6,1785277379474,sender,0,False,,,,False
3d2ecb0d-b863-55e4-932d-aa5f5a173a40,1785277380163,sender,0,False,,,,False
c6f4f9d0-b2db-572a-b2cb-269df5ee1d78,1785277380233,sender,0,False,,,,False
6b4ae49f-4597-5b4f-a94d-045ad1ae1a98,1785277380261,sender,0,False,,,,False
afa91712-4802-5c76-8b38-2bd18d40574c,1785277380262,sender,0,False,,,,False
85338ec7-0af0-59e6-943b-b9cc83a38cdd,1785277380264,sender,0,False,,,,False
e204f0c6-e290-5c4d-a25d-f4e4806733bf,1785277380265,sender,0,False,,,,False
102c404d-436a-55f8-99df-da28f2038558,1785277380293,sender,0,False,,,,False
ef49183e-b68c-512f-9ac3-a034a07f5f59,1785277380294,sender,0,False,,,,False
b26401f4-27cf-50b1-9209-ebf1274eb95a,1785277380980,sender,0,False,,,,False
f89a3c38-6353-5bf0-aafb-6af5277ef0bc,1785277381073,sender,0,False,,,,False
75087b8b-7d58-5cfb-a34b-0bf7c1245c94,1785277381074,sender,0,False,,,,False
0ee87fc2-dcd6-5cdc-aad7-e5949568ea3b,1785277381081,sender,0,False,,,,False
7e673bd0-16b9-5197-96a2-57afb6fa48d8,1785277381082,sender,0,False,,,,False
af2b2502-7677-504c-b472-0466db27f5e1,1785277381111,sender,0,False,,,,False
b75a5204-64b5-5920-9ab8-39f048173f5b,1785277381113,sender,0,False,,,,False
6aa8d287-a76c-5825-9f21-f9af9f877655,1785277381142,sender,0,False,,,,False
385c003f-0684-5641-8561-bcdbb271cf07,1785277381719,sender,0,False,,,,False
1c6b7b68-46a5-5954-9736-3af8737a588b,1785277381809,sender,0,False,,,,False
bdc2eb8c-2f82-5392-b45c-b5c87c2b98c4,1785277381812,sender,0,False,,,,False
cbf0a820-25eb-5853-a6d5-7677772bddcf,1785277381816,sender,0,False,,,,False
8cb0bbbb-6bc1-575f-8c77-b7b9f8ae6a90,1785277381819,sender,0,False,,,,False
44a15cfa-d396-5ef8-aaba-bff76760e7a5,1785277381880,sender,0,False,,,,False
57778b9a-46c4-5c91-8b7e-7bc08a5da8d1,1785277381881,sender,0,False,,,,False
8163db2f-99ec-57c6-bd55-bceccf4b071d,1785277381882,sender,0,False,,,,False
3229efce-a0e6-5866-b2a9-b359da1731da,1785277382171,sender,0,False,,,,False
d511910d-017e-5ff7-ae14-8e8580adc6bd,1785277382640,sender,0,False,,,,False
56af19e9-3068-5b9a-8d6a-398042486e3b,1785277382654,sender,0,False,,,,False
d9c48325-b85e-58ea-806b-32c4d57c575d,1785277382658,sender,0,False,,,,False
4e47a2be-3e33-57f4-b184-65822c14f069,1785277382695,sender,0,False,,,,False
d244f64b-87f9-5bff-9d9c-00b163609d6a,1785277382698,sender,0,False,,,,False
3be256da-9fa1-5502-90b5-34246a02f48e,1785277382737,sender,0,False,,,,False
4215e79a-0504-5d51-8c29-5a6fdd30330b,1785277382739,sender,0,False,,,,False
7db895fb-54e7-5172-8994-aad731e4675e,1785277382767,sender,0,False,,,,False
31852313-6836-5f04-8450-b100b61e6033,1785277383546,sender,0,False,,,,False
881cc477-bc67-5b1b-a20a-751f683c52bf,1785277383551,sender,0,False,,,,False
a6ee8acf-91c6-5898-a0b1-5273953799c0,1785277383553,sender,0,False,,,,False
b4da689f-e90a-5069-bd99-697b45bcdc94,1785277383611,sender,0,False,,,,False
de3aaa93-f882-59f5-9086-ea1ff1c244fe,1785277383612,sender,0,False,,,,False
48bfea90-94e1-5cb1-a485-847242c67905,1785277383618,sender,0,False,,,,False
c9007baf-8217-50b9-8f28-af5dcbd9df57,1785277383619,sender,0,False,,,,False
b07d5abc-6249-532b-9578-55e6e3aabe4c,1785277383653,sender,0,False,,,,False
acff5a0b-eb20-5766-992c-a37e4b28fca7,1785277384450,sender,0,False,,,,False
b99eef0a-804b-5dcd-997c-d7493b906eb5,1785277384503,sender,0,False,,,,False
715d883c-b461-5a76-b202-e2bed3457cf7,1785277384506,sender,0,False,,,,False
91101bcb-9036-565a-9096-9d57ce936840,1785277384540,sender,0,False,,,,False
c9faab54-19bf-503a-88fe-f4ccaadf208a,1785277384541,sender,0,False,,,,False
839eba7e-fe87-539b-9655-aebdf82736f0,1785277384543,sender,0,False,,,,False
38c48979-b0de-51d5-b347-0cc1cf3357bc,1785277384583,sender,0,False,,,,False
02fe86c4-6c04-51a4-86ee-b018f67ed77a,1785277384587,sender,0,False,,,,False
76a7b045-7ac6-54e1-ae56-45b931335e82,1785277385179,sender,0,False,,,,False
6039c4f9-f960-5d7a-9057-e9fd55c9876f,1785277385505,sender,0,False,,,,False
79e7dadc-81cb-5399-a658-753593b03f3c,1785277385517,sender,0,False,,,,False
78288aef-6add-5ef3-a3c5-804d8848ee8a,1785277385524,sender,0,False,,,,False
e1d03059-0378-55f0-a436-17975c53d8d9,1785277385554,sender,0,False,,,,False
a8782fb2-a46a-5e47-bcff-7f168cf65e13,1785277385556,sender,0,False,,,,False
e3e86d57-85d4-5ad8-99b6-a16f90de583e,1785277385557,sender,0,False,,,,False
abe9d74a-6e26-5521-b332-934301a9e835,1785277385558,sender,0,False,,,,False
ae15e1b6-1274-548c-88b9-46756ac8f27f,1785277385616,sender,0,False,,,,False
4d4ea00e-f9a6-536d-b9c9-a161faf56ecb,1785277386361,sender,0,False,,,,False
a2f94f13-910a-51ec-a7b2-74556c78bb83,1785277386402,sender,0,False,,,,False
523fc39c-8cfb-5d81-9d39-627d2fe21cd7,1785277386403,sender,0,False,,,,False
41f82856-b025-5af7-a77f-19338c4daa4a,1785277386405,sender,0,False,,,,False
fb23aa09-2925-5310-b7d2-dc51f1146df8,1785277386406,sender,0,False,,,,False
5c6e1f24-74a4-56b2-9226-3a2f4f2acdcf,1785277386407,sender,0,False,,,,False
3bc64dc2-ce75-5b75-8b77-b1e775853f83,1785277386456,sender,0,False,,,,False
c8a0f930-dc33-5974-8a86-19f7af81f788,1785277386457,sender,0,False,,,,False
41d60b24-b099-50bf-82e9-1cb12fe82814,1785277387169,sender,0,False,,,,False
1628804b-e39b-5775-910a-58d7fe9f60da,1785277387205,sender,0,False,,,,False
ff06f1df-cc4e-5bd2-86c1-405f67b14af8,1785277387207,sender,0,False,,,,False
18cbc5fd-dd24-5842-b9ef-980457d6e48a,1785277387208,sender,0,False,,,,False
c888f0e6-c6da-5022-b92f-ac3fa8f2fe41,1785277387209,sender,0,False,,,,False
e12a47b5-619b-512c-ac8c-099e8faa0744,1785277387210,sender,0,False,,,,False
eb45cbb4-ad72-542f-956a-f7aa3e6fa49f,1785277387213,sender,0,False,,,,False
273b726b-371e-5762-bcb8-5d1fa64bf237,1785277387244,sender,0,False,,,,False
75ab84bc-2450-50f7-a165-d268850260a9,1785277388065,sender,0,False,,,,False
8f134cb9-2308-50a2-8fcb-42279789509a,1785277388108,sender,0,False,,,,False
f9c30b46-803c-5ef2-9618-a8196c8b99e8,1785277388109,sender,0,False,,,,False
b93710fa-3341-5aac-824a-4da7b4c36e22,1785277388153,sender,0,False,,,,False
b5202701-3db4-58da-99c6-da496f17ab44,1785277388158,sender,0,False,,,,False
bd008e26-f0ca-5c79-baf3-c5110f744a0a,1785277388160,sender,0,False,,,,False
47e14c9b-c71a-52d9-b587-f3da15900a03,1785277388185,sender,0,False,,,,False
8d0e5902-89b8-52be-9182-3f590d005fe2,1785277388187,sender,0,False,,,,False
328bd6bf-4d7c-5888-a12a-d219bad2c443,1785277388875,sender,0,False,,,,False
1a696794-4db1-59cf-bdfb-807177b0eebd,1785277388897,sender,0,False,,,,False
6b22d3c6-d48f-563a-8d47-44611daa2f29,1785277388921,sender,0,False,,,,False
49edee9a-aa57-594c-bfca-42e47b70202d,1785277388923,sender,0,False,,,,False
5344c59c-0e28-535f-98a7-7068e143d8d3,1785277388925,sender,0,False,,,,False
8dc3cef7-d0e2-587f-a7c4-909e92f25147,1785277388926,sender,0,False,,,,False
8d5535d1-caf3-5c90-a440-a2b6d10a351e,1785277388989,sender,0,False,,,,False
383d6147-dcc7-511a-b7cd-06a176f3e5c7,1785277388991,sender,0,False,,,,False
a285d20c-3a27-5af3-94cc-d9a9eddfddcb,1785277390023,sender,0,False,,,,False
30c870ad-9f31-58d7-85f1-11ee1b53d628,1785277390029,sender,0,False,,,,False
56dac577-b5f3-5bc7-a337-aa426628412a,1785277390031,sender,0,False,,,,False
54ac9430-03e0-565d-af11-32286c8ad9a6,1785277390033,sender,0,False,,,,False
37c25f48-cf95-5784-9d13-566650c42924,1785277390036,sender,0,False,,,,False
ab974c20-d2b7-54ab-ba0d-73450aa30e16,1785277390061,sender,0,False,,,,False
129d7f86-a44f-51be-b580-02f0d3f41ff0,1785277390063,sender,0,False,,,,False
ba6b6261-607c-5f6b-8738-0c062e843e23,1785277390064,sender,0,False,,,,False
ca18595f-08e1-5c38-a885-479deb6c8341,1785277390847,sender,0,False,,,,False
86a8eb54-83a4-5316-9c64-85aaafd7e0b5,1785277390877,sender,0,False,,,,False
439d668d-f0f0-506e-b5a3-e0722e1db994,1785277390878,sender,0,False,,,,False
81330f6b-c10a-53d2-8de6-c6606cb127d6,1785277390882,sender,0,False,,,,False
72e7d88d-8938-546c-bc61-7dfc5bcf2980,1785277390908,sender,0,False,,,,False
6c369802-52a9-52d0-aeb5-84cc1fb0fbf4,1785277390910,sender,0,False,,,,False
970174b1-0d58-5a09-8c63-c5960fa72c31,1785277390911,sender,0,False,,,,False
a8365fa7-e688-5ce3-ac34-090314455bbd,1785277390914,sender,0,False,,,,False
d02fe112-cdce-5523-9283-48b6eb38d9a1,1785277391761,sender,0,False,,,,False
c79c8615-7fa6-5d58-a885-2c1a10874990,1785277391763,sender,0,False,,,,False
83d9666e-d701-543c-8713-488ec4c99f19,1785277391765,sender,0,False,,,,False
950db085-eabe-540d-bd4e-f545006ad78c,1785277391767,sender,0,False,,,,False
33708a8b-a24b-579c-8f35-fc1dceb7ee45,1785277391796,sender,0,False,,,,False
9945e1b1-7953-5120-b104-ec26c6ac6b14,1785277391820,sender,0,False,,,,False
e91c4b95-c210-5934-972c-959dc8651c49,1785277391822,sender,0,False,,,,False
6d508aac-a62c-58fe-9e29-77f36825811e,1785277391824,sender,0,False,,,,False
8630e25b-cb40-5241-8330-c91fa0efb04c,1785277392647,sender,0,False,,,,False
15167974-77e4-5088-b4a7-f41c01d84869,1785277392651,sender,0,False,,,,False
14c138bd-5bb3-5700-b45b-34002c5bf8d5,1785277392652,sender,0,False,,,,False
d2683fce-a7dd-5aa5-8b6d-360e8aa8513c,1785277392655,sender,0,False,,,,False
59f7e02b-e17a-5e6f-86f0-6b793c612844,1785277392658,sender,0,False,,,,False
000bae97-717f-5d76-a411-e793a849b6a0,1785277392665,sender,0,False,,,,False
533c377b-6b4e-5a3f-9a3d-d39768ded6f4,1785277392684,sender,0,False,,,,False
b9d2d539-cb59-5b1c-b796-da3fee0c12aa,1785277392686,sender,0,False,,,,False
75730513-845e-55a5-b912-d54bd11d31ea,1785277393506,sender,0,False,,,,False
3fa0c6c3-d66e-5057-9c68-aafdcbb98f1c,1785277393542,sender,0,False,,,,False
801719f8-b823-5f18-bde0-4ad2a7bf5427,1785277393543,sender,0,False,,,,False
ecbe39f5-7f68-5aa1-aec6-77ea6c5a964c,1785277393544,sender,0,False,,,,False
853a7187-ee4e-59f7-b027-9d8ca206f817,1785277393545,sender,0,False,,,,False
475e0193-f46e-5bbc-b439-a39a54d9b12f,1785277393583,sender,0,False,,,,False
8e21a8cd-b790-52a2-bb90-44f82eac3fe9,1785277393584,sender,0,False,,,,False
47ccdfea-35c3-5c62-8ae0-21fe4043628a,1785277393586,sender,0,False,,,,False
026388f7-adcd-53a0-8973-9d656a55c295,1785277394258,sender,0,False,,,,False
3a3f19f6-b0f6-5267-a064-c0352d63df64,1785277394523,sender,0,False,,,,False
fba2e2c0-dfa4-58f8-8d38-c3f7c49b07e3,1785277394528,sender,0,False,,,,False
1b7073ba-e173-5c00-9b47-9d334fa2ab2b,1785277394560,sender,0,False,,,,False
4dbde064-61b7-5d7b-8ab0-da9be79531b5,1785277394561,sender,0,False,,,,False
cb89339e-8b53-55b7-9141-b188c848c4c9,1785277394563,sender,0,False,,,,False
cd34de99-43c1-5039-9dbc-fd896a54958b,1785277394564,sender,0,False,,,,False
7b67aca9-8ba9-5172-ba88-9c9e7d36351b,1785277394592,sender,0,False,,,,False
7a84415b-eec4-57cf-ba5c-2dfbacbf6afe,1785277394746,sender,0,False,,,,False
6950584d-ba18-59a2-821e-cd3483da0bd0,1785277395223,sender,0,False,,,,False
0fe9e22e-13b6-5268-8f29-ba67ef9dbddc,1785277395225,sender,0,False,,,,False
142890ae-f967-58fb-a618-10d779db5f9f,1785277395230,sender,0,False,,,,False
50c9fb69-caa2-5e85-95ea-e99657897c74,1785277395240,sender,0,False,,,,False
83dd1f9d-bb9a-5c0c-b540-a114e97cc4d9,1785277395261,sender,0,False,,,,False
0baa4d55-81f9-559a-a06b-148ee1240d4f,1785277395262,sender,0,False,,,,False
d2b308fa-933a-5bb2-b4f8-3afe76ee81cc,1785277395264,sender,0,False,,,,False
8c446866-9ebe-568d-a9c5-30f3378ef2c8,1785277395266,sender,0,False,,,,False
30c6864e-eec6-57e5-a60f-4b6fcccf1d86,1785277396054,sender,0,False,,,,False
fac19e88-3e2e-50c2-82f2-8a2ad76645c0,1785277396058,sender,0,False,,,,False
1d6aca9f-73c4-5776-88e2-26cb16a138fc,1785277396059,sender,0,False,,,,False
270b83ea-cde2-50de-ad15-7127d8b27baf,1785277396095,sender,0,False,,,,False
64d88920-b7c0-5c88-89d2-9210f1cec7c7,1785277396123,sender,0,False,,,,False
18279f4b-27e0-5f67-b7e5-3967b1709b1a,1785277396125,sender,0,False,,,,False
b5fbe7d8-fb42-59fb-8679-6fdfa5d6b2c9,1785277396126,sender,0,False,,,,False
1cde1416-ff6a-54c3-81e4-4c7e31e47b71,1785277396156,sender,0,False,,,,False
e2f2d139-c85d-50ef-b24f-f1d79fd1b256,1785277396760,sender,0,False,,,,False
ded5b804-4ac0-5e12-aa33-b4e345b803f0,1785277396770,sender,0,False,,,,False
7eff0919-ad77-5641-a746-76ad80c3b064,1785277396774,sender,0,False,,,,False
9edad989-d8fc-5f6a-97b3-afc77e839224,1785277396872,sender,0,False,,,,False
2cb93e4a-1f38-5672-a6db-4141592fe283,1785277396905,sender,0,False,,,,False
2c0a2f48-ed6f-5894-a6c1-3032cd720bd5,1785277396906,sender,0,False,,,,False
ccd5006b-bdd8-5e7c-bed0-6e040e5e51cc,1785277396928,sender,0,False,,,,False
c3d2280c-9cd2-51a0-aa23-393c9468b92d,1785277396967,sender,0,False,,,,False
84760ec6-8569-50b6-85f4-61076d27b210,1785277397245,sender,0,False,,,,False
22012cbc-5db5-5634-8325-66f9e4aac715,1785277397558,sender,0,False,,,,False
66e291cc-c769-5fa7-bd2a-65f3a76f688f,1785277397559,sender,0,False,,,,False
762e3793-d86d-50ce-b7a9-6bbfa15b8ada,1785277397690,sender,0,False,,,,False
030424db-cbe9-5e71-adb1-aa21ba098b7c,1785277397737,sender,0,False,,,,False
8877b070-6902-5108-8380-80213d2b1bb0,1785277397738,sender,0,False,,,,False
6fc391e2-2f13-5d15-94fd-ec8be872030c,1785277397786,sender,0,False,,,,False
02a76913-a96d-5f0d-b930-ee84b26f426e,1785277397788,sender,0,False,,,,False
a2d07293-94e2-52e2-972e-c7e8b7da87ce,1785277397841,sender,0,False,,,,False
3a2f7fa7-70f4-5699-abba-54d954a82535,1785277398248,sender,0,False,,,,False
4a105ebc-0f79-5c4d-98c4-83452997eead,1785277398254,sender,0,False,,,,False
77ba8bfd-f8e7-53c2-b176-9d10361b1799,1785277398445,sender,0,False,,,,False
91f25a73-5959-5c7d-8fae-0e281d84840c,1785277398446,sender,0,False,,,,False
cc0d930e-1a70-5e69-93be-0f7a2d6de3f3,1785277398448,sender,0,False,,,,False
6561185e-e6a9-545a-bb9d-323a0d051fa6,1785277398497,sender,0,False,,,,False
226019aa-aa97-5bcc-9a26-40eb5bbabaea,1785277398498,sender,0,False,,,,False
d74c3727-59cd-5112-a272-ceadf5baa2b6,1785277398542,sender,0,False,,,,False
e6c8d30c-079e-52d8-9a30-c21ff0ea587b,1785277398777,sender,0,False,,,,False
30d242c4-7a14-5a7a-bbe5-f6145dbba55f,1785277398779,sender,0,False,,,,False
016765d5-b581-5230-a33a-9ec8e750de2c,1785277399349,sender,0,False,,,,False
1ac57a6b-16e7-5c75-9536-7901c769f68d,1785277399352,sender,0,False,,,,False
1ed2d3bc-aa36-518a-b01d-783dd10357b0,1785277399354,sender,0,False,,,,False
84ec00fa-8550-5a0a-96f5-8906a6031f8e,1785277399379,sender,0,False,,,,False
3d31fb0a-0b8e-58fc-b85d-68d5665bc98a,1785277399380,sender,0,False,,,,False
7e0ae2af-e6b2-58b4-95ce-c2eb79c1ca06,1785277399385,sender,0,False,,,,False
a5e452f9-75ad-52be-9754-53faab86a0de,1785277399411,sender,0,False,,,,False
1c9fb2bf-3865-5ea1-93db-ae4aeb2687f1,1785277399462,sender,0,False,,,,False
1bd86164-edbd-5e78-8754-74f210990f7d,1785277400203,sender,0,False,,,,False
e6a57cee-4990-59d1-aff6-7c9ecfa32fc5,1785277400241,sender,0,False,,,,False
8a4d6c22-b066-53f8-8bc5-a5ed2b86da48,1785277400242,sender,0,False,,,,False
86723b20-f5e3-52ed-a720-8aaf34eb7ee4,1785277400244,sender,0,False,,,,False
0b0ffcf0-6731-5d11-ae4e-f7b74806d927,1785277400277,sender,0,False,,,,False
591b7656-a2d2-5352-80f9-f37e0a0a80ea,1785277400279,sender,0,False,,,,False
cd0ca444-0e4f-5521-80a9-65a15be01de3,1785277400308,sender,0,False,,,,False
3a808b96-c08c-557b-9cda-7ec2050392fe,1785277400309,sender,0,False,,,,False
4e93a01e-3005-50c0-803e-0fbfd072adb3,1785277401039,sender,0,False,,,,False
e45f0885-dd96-5611-8d37-596f2d57293c,1785277401075,sender,0,False,,,,False
27d77daf-5740-5546-951f-d2d3d9000c18,1785277401079,sender,0,False,,,,False
c9fa5cb7-036d-5ec6-b344-4ed4f95c5564,1785277401081,sender,0,False,,,,False
51c68f43-2e9a-56ad-8fb6-eed8970e8a0b,1785277401108,sender,0,False,,,,False
457e62e6-2d75-5f46-9ca5-bceea0036600,1785277401111,sender,0,False,,,,False
e187b19d-d7c8-5dcc-a089-d41952f19dff,1785277401148,sender,0,False,,,,False
aaa3600e-781b-5070-98e8-b9f998de0376,1785277401150,sender,0,False,,,,False
b4ad6772-0d30-544d-9e11-8c8fa3615bc9,1785277401830,sender,0,False,,,,False
429f8b26-24bc-56d6-bbd7-2105b7d4d718,1785277401858,sender,0,False,,,,False
600c1239-2036-59cd-a779-a44be464fad6,1785277401860,sender,0,False,,,,False
90486b25-6081-5527-8dda-afeee1692594,1785277401861,sender,0,False,,,,False
7a6bf108-2c70-517e-aa5c-8f9f9efb1b99,1785277401895,sender,0,False,,,,False
54ffb75a-9f7e-56fd-9add-e4f54e792998,1785277401898,sender,0,False,,,,False
fe51141a-2b95-573e-9168-57cca16b5a90,1785277401899,sender,0,False,,,,False
2125aeda-51c3-549c-b08c-6094758a608f,1785277401915,sender,0,False,,,,False
69f8650b-d1f0-58e2-9618-1c5e4123bb22,1785277402778,sender,0,False,,,,False
542c87b4-5f36-5beb-b322-74d0f68c23f4,1785277402801,sender,0,False,,,,False
dd3ac66e-8062-51ba-a23d-9d8e138e4c9b,1785277402806,sender,0,False,,,,False
7718eabb-b38a-57e0-b163-4eb9c8c1cc67,1785277402835,sender,0,False,,,,False
70e849c7-aeab-5d36-a463-0128f235aae6,1785277402836,sender,0,False,,,,False
fe6463ed-ff1b-59eb-81fb-605f2bb4f6ff,1785277402837,sender,0,False,,,,False
8fd25f92-ce42-531d-82c2-4cd67828ce5b,1785277402838,sender,0,False,,,,False
db2e1081-f012-5d4c-83e0-0e131f12823f,1785277402840,sender,0,False,,,,False
449c008c-601a-5753-9c7c-828c3cf4c2cf,1785277403432,sender,0,False,,,,False
a9882a88-e014-5bd9-bb51-40dae05d61ee,1785277403588,sender,0,False,,,,False
5eb12e10-1953-5db6-80db-c957810002b3,1785277403617,sender,0,False,,,,False
6eb9e5d1-5116-5485-9b4e-db52459f45a5,1785277403618,sender,0,False,,,,False
c8fd97af-0e40-5def-8768-5ce38da6b73d,1785277403639,sender,0,False,,,,False
a14e38f9-072a-52a9-987b-ad18cbe4800c,1785277403641,sender,0,False,,,,False
dff0d0f8-d749-5681-981d-9d5ebf37738f,1785277403645,sender,0,False,,,,False
bf1f08fe-ace7-5f59-aa1f-b5c315203956,1785277403672,sender,0,False,,,,False
d5127f8b-95b7-59a7-ae23-8067d50cd978,1785277403909,sender,0,False,,,,False
b0b41025-d0d1-5b6f-a6cd-cf2d4d72bd9b,1785277404385,sender,0,False,,,,False
b0e47c2f-19d7-56b2-8b1b-85f1621fb227,1785277404390,sender,0,False,,,,False
2b93c49c-4a82-5f4a-81b1-ba82ee73b568,1785277404394,sender,0,False,,,,False
fc26a28d-324c-51e2-ab33-46c40820d67f,1785277404416,sender,0,False,,,,False
ed9954eb-b359-53f1-9193-21f969a457d5,1785277404417,sender,0,False,,,,False
93a09b89-3551-55b2-95ae-42987d63d355,1785277404419,sender,0,False,,,,False
1bafecf1-f026-573b-a91e-61349db8a432,1785277404457,sender,0,False,,,,False
ee594880-77dd-5f0a-90e9-5595ea0cf4cd,1785277404458,sender,0,False,,,,False
706dea2a-8fe6-5861-8a1a-e4c627773ad8,1785277405287,sender,0,False,,,,False
d3b1b705-bb10-5ab3-81ec-ec681fbc58a9,1785277405305,sender,0,False,,,,False
d7fac1a8-79df-525f-a5f8-f8e44e2d9f77,1785277405307,sender,0,False,,,,False
62f738c2-e777-5e47-be51-4879688fcbd1,1785277405329,sender,0,False,,,,False
0f9e96b9-ab1c-5121-88eb-f2f411fe21f8,1785277405330,sender,0,False,,,,False
d6413d10-ebae-5422-bfa8-e32d0d21fb16,1785277405354,sender,0,False,,,,False
58eca507-3e15-540b-827a-bf64df8b7c10,1785277405356,sender,0,False,,,,False
61046fb5-a20e-55c7-9d3c-a4f8d0f6216f,1785277405358,sender,0,False,,,,False
e2d7873c-3dd9-5472-946d-b1431ef28fe1,1785277406163,sender,0,False,,,,False
4bd8e19a-dcad-58af-9e1d-4784f462e486,1785277406270,sender,0,False,,,,False
933a76f4-dadb-5f04-a727-04d63714f8cb,1785277406282,sender,0,False,,,,False
49a32575-2c2d-5b62-8c99-d05c432d21f7,1785277406286,sender,0,False,,,,False
fa142a7f-33b2-50a6-9173-0782b893da77,1785277406307,sender,0,False,,,,False
022eeaa5-eec9-5e8a-83fe-c973929707d6,1785277406308,sender,0,False,,,,False
bb3b1a4b-984b-5dc2-84dd-c3b46522746b,1785277406309,sender,0,False,,,,False
eae6c8c9-7f4c-5146-8549-eba2f1902c3e,1785277406311,sender,0,False,,,,False
f83d017f-cb2b-5760-a617-6d1c2c5ea466,1785277406802,sender,0,False,,,,False
4ca48977-2b9a-59b6-b0f1-a0fccfaca916,1785277407095,sender,0,False,,,,False
b4b76aaa-ee13-5463-a9ed-57164dfe75e5,1785277407121,sender,0,False,,,,False
7fcb8b53-8091-59de-a449-bc1ddd81222d,1785277407122,sender,0,False,,,,False
52a4aece-db64-591c-9326-54fcb608ed65,1785277407123,sender,0,False,,,,False
f4ef8dcc-2c8b-5985-bd9e-00ca64e26868,1785277407153,sender,0,False,,,,False
9355b88a-2d3a-5ba4-9858-0e42bb68de03,1785277407154,sender,0,False,,,,False
f20bb54d-6e04-5b3f-9eb3-266220a87865,1785277407185,sender,0,False,,,,False
c0e43ac0-5910-5199-bb1b-8a9747112af2,1785277407263,sender,0,False,,,,False
29e5e228-5b23-51a4-a98d-c0333a9a44bb,1785277407896,sender,0,False,,,,False
ea14e876-c1b2-530d-8886-3d2a0cdb9788,1785277407907,sender,0,False,,,,False
32cc035c-5eec-5040-8fbe-7a9c70830cdd,1785277407913,sender,0,False,,,,False
f785bd0a-574e-546f-a644-3a677e9f89af,1785277407914,sender,0,False,,,,False
f80c74ca-6f79-5866-adfe-2775910cf13c,1785277407936,sender,0,False,,,,False
933fa758-2b8f-5eba-8626-ee1ec3015b73,1785277407937,sender,0,False,,,,False
281f7588-37c9-5660-8f26-3887ac8f6297,1785277407981,sender,0,False,,,,False
49a35629-f7c4-5588-9d97-6a83fe7912b3,1785277407982,sender,0,False,,,,False
e5cd2675-26ac-59fb-bf91-62a8d006e1a2,1785277408896,sender,0,False,,,,False
5f510628-231a-5c67-9d35-f73d3be98133,1785277408903,sender,0,False,,,,False
8f40f554-8fbf-5095-85b7-18d257adc46f,1785277408906,sender,0,False,,,,False
ee4430bb-685d-513b-b69a-4a843add2198,1785277408910,sender,0,False,,,,False
4a1dea51-8055-5bb6-a2ae-c0d762504124,1785277408929,sender,0,False,,,,False
fdab2209-d236-5497-8ae4-3f982475169f,1785277408930,sender,0,False,,,,False
c38292f9-8d96-5647-a1ff-9dab59c6ad3b,1785277408932,sender,0,False,,,,False
44c8186e-5f64-50b0-9238-14a32d0bc733,1785277408933,sender,0,False,,,,False
7b69ca4b-58b3-5257-8168-99925c9f5da6,1785277409755,sender,0,False,,,,False
c4a54750-844f-5be6-9502-f6847a014f97,1785277409795,sender,0,False,,,,False
46dc3482-243e-538b-954f-6113cf44f885,1785277409796,sender,0,False,,,,False
c424b09c-6f62-57be-9bc3-8b3c2283e725,1785277409797,sender,0,False,,,,False
7bcdb2d3-dea2-5248-ba39-ef6f1e6cf389,1785277409798,sender,0,False,,,,False
22c214e8-9717-5e91-b3ac-32395efb2366,1785277409799,sender,0,False,,,,False
14473eb3-9561-5357-9373-fad8fe281af1,1785277409826,sender,0,False,,,,False
674085be-e9a4-5a7c-abd7-81b0c942f0b3,1785277409827,sender,0,False,,,,False
d1ecd8fc-73b7-5c29-8e40-3e62aa9e253f,1785277410318,sender,0,False,,,,False
f9e9bdf9-cf27-5e43-888b-1bc300b1a0d4,1785277410607,sender,0,False,,,,False
24fa16ac-c32c-5867-af89-d6207c4ef94c,1785277410644,sender,0,False,,,,False
3ad89e55-b2d1-5337-b900-bb9f46d8d446,1785277410725,sender,0,False,,,,False
3db6eb5b-f6a9-5861-b7dc-bc16e6abcf8e,1785277410757,sender,0,False,,,,False
b7f94e99-5d1d-581f-a711-be786298c348,1785277410759,sender,0,False,,,,False
8e551f98-b243-5871-bf51-ccb8ff8ae3b1,1785277410760,sender,0,False,,,,False
fa84f2ce-3a2e-5fa5-be0b-cb1b5f3fe12f,1785277410798,sender,0,False,,,,False
d9a93823-85d4-5d83-9e09-08ef0477b6d8,1785277410825,sender,0,False,,,,False
a0b5370f-e20b-588e-b6cb-ee62e1b99428,1785277411322,sender,0,False,,,,False
6a7665d3-8e5a-549c-9966-2adc58ba86c0,1785277411354,sender,0,False,,,,False
92df2ccf-e59c-5ec0-b07a-b83f2b1f9b04,1785277411528,sender,0,False,,,,False
f5717e4b-367c-57c8-8299-7d13299dcb04,1785277411566,sender,0,False,,,,False
c164b417-e4d7-5438-891d-935d78347d3a,1785277411592,sender,0,False,,,,False
7fbeefb3-e614-55f4-96c2-4f37c987cf72,1785277411659,sender,0,False,,,,False
4be81e86-bc0d-5ff2-8286-10297261e8d1,1785277411661,sender,0,False,,,,False
ca98d394-dfaa-5767-881d-c780c762bd80,1785277411687,sender,0,False,,,,False
1c95d0d2-5888-5bfa-95c1-8414a86bb93f,1785277411889,sender,0,False,,,,False
5daccc79-f6c7-58f9-a89f-b69f947aa2d7,1785277412041,sender,0,False,,,,False
d00a71dc-107c-513f-88b7-c25d456138c0,1785277412194,sender,0,False,,,,False
967a8354-1152-5eab-a3db-6ae574fa35d6,1785277412222,sender,0,False,,,,False
676dd0ba-1282-5c03-92f6-8f2aa4a2f6f8,1785277412223,sender,0,False,,,,False
92d2e88e-7e5d-58eb-9b82-c5f578148c40,1785277412327,sender,0,False,,,,False
47e7730c-2dd0-5555-942f-c298d0b54b7d,1785277412331,sender,0,False,,,,False
b59a849d-3742-520d-8ab0-02cba7388da8,1785277412333,sender,0,False,,,,False
a6def69c-ff5d-54d8-bc0b-e38d18b97af9,1785277412395,sender,0,False,,,,False
2f76ab75-8f23-5ac6-a7d3-8c7759541ae1,1785277412617,sender,0,False,,,,False
4c89b3cb-cdff-5b27-9758-b920c9b8c198,1785277412886,sender,0,False,,,,False
171156e2-842a-599e-aebb-bb7e550097b9,1785277412924,sender,0,False,,,,False
e2ae6007-445d-5254-9443-c763659d8a21,1785277413011,sender,0,False,,,,False
66a1c811-7bed-5fd3-8f17-5485ebe61689,1785277413116,sender,0,False,,,,False
ede5b0fd-6c72-553e-9a48-861a500f1382,1785277413148,sender,0,False,,,,False
ac279db2-2776-5eab-9307-5703baa9dd21,1785277413149,sender,0,False,,,,False
c862fc8c-0c3f-5264-9b9b-31d75cd438de,1785277413150,sender,0,False,,,,False
f3136792-18f0-5d5b-981a-81ae9a36fd82,1785277413205,sender,0,False,,,,False
0ac24fec-7d9c-580e-ab1d-b179ca90d2e6,1785277413477,sender,0,False,,,,False
0f87b384-746f-51c4-8a07-40822217fda0,1785277413677,sender,0,False,,,,False
6237cb5c-d90f-5cc7-adcf-97d499f36454,1785277413728,sender,0,False,,,,False
8a568399-8dd6-56a2-9ea7-c5be57d4b4b7,1785277414011,sender,0,False,,,,False
ee30a5fe-05ee-53db-9e8f-56f86214e5f7,1785277414058,sender,0,False,,,,False
92570aa8-4254-5860-bc4d-a1ae9e011117,1785277414077,sender,0,False,,,,False
1eb62361-ae3e-5d26-8072-5783358670cd,1785277414096,sender,0,False,,,,False
ef0e2db3-4a6e-5ead-a926-839efe10769e,1785277414097,sender,0,False,,,,False
ba16a0b4-963d-558a-9ea9-9823287a1b02,1785277414131,sender,0,False,,,,False
3245189e-c30a-5031-b071-d16c3e7d5ad3,1785277414364,sender,0,False,,,,False
3f18a26a-48f1-5109-b94f-c687df05f02f,1785277414366,sender,0,False,,,,False
26e9383d-8ba7-5a6d-9fbb-9ee92903e03f,1785277414642,sender,0,False,,,,False
2a431ce8-632f-57c2-ba57-49594ee10341,1785277414643,sender,0,False,,,,False
b66bc6bf-3d4d-5d05-804e-75d53c8e626f,1785277414742,sender,0,False,,,,False
a64fa3d0-8d23-570b-a08a-3866e30e033c,1785277414781,sender,0,False,,,,False
346cd32b-a894-5102-b7b9-b8ce35d254ff,1785277414817,sender,0,False,,,,False
95bd35be-ab56-5155-9963-76dde64d6a51,1785277414821,sender,0,False,,,,False
031660fa-d6b1-5048-8a98-c8eab8c5675a,1785277414993,sender,0,False,,,,False
da2b7245-00f9-58b4-850f-159eb652b723,1785277415025,sender,0,False,,,,False
e5df730d-625e-5d4d-b04a-0e04ae119900,1785277415314,sender,0,False,,,,False
7bbad751-ec39-5288-a549-25a138e52363,1785277415323,sender,0,False,,,,False
b29d4216-ade4-52ef-9405-678603cd2771,1785277415556,sender,0,False,,,,False
f21319df-2b92-5a34-8d68-c7dfa0acb098,1785277415591,sender,0,False,,,,False
eb0a3a76-c428-539b-8020-34dd9ea39579,1785277415593,sender,0,False,,,,False
dca5fe72-618c-5e48-99a6-8c47c5f0d585,1785277415594,sender,0,False,,,,False
03447862-6ee2-59e9-8237-a9e53fb75d46,1785277415725,sender,0,False,,,,False
3359d97d-416a-5780-90be-0ad41f513a21,1785277415813,sender,0,False,,,,False
b594dea7-acaf-5f25-8bb9-ee595083624f,1785277416000,sender,0,False,,,,False
f7dbe378-0ef1-5528-8aaa-146d100db27a,1785277416002,sender,0,False,,,,False
c4b71574-ac35-57a6-a259-5acbfab57e78,1785277416292,sender,0,False,,,,False
9500de49-f975-5fbf-859e-d616ca382831,1785277416465,sender,0,False,,,,False
bfe2dbe9-bbd3-5597-a41e-a5237bd6997e,1785277416478,sender,0,False,,,,False
3a7d6843-9fcc-5650-b47e-5c8e12cd2b12,1785277416482,sender,0,False,,,,False
ab0c3e5e-5d25-5f11-84c8-2e798a611901,1785277416528,sender,0,False,,,,False
ddcba3cf-9104-50b9-9177-93fc7d5050da,1785277416590,sender,0,False,,,,False
04c8e8e5-f330-53a5-a2d1-78fbef2b4ad1,1785277416621,sender,0,False,,,,False
f96173d2-1579-5b80-987d-015a28ac4954,1785277416654,sender,0,False,,,,False
3c683425-0b69-51c3-833e-e06194f19f9f,1785277416947,sender,0,False,,,,False
4b5a1119-3f2a-5d44-b5ec-eab5ac0d5c5d,1785277417242,sender,0,False,,,,False
78c5cb85-1ecd-55e2-8168-4f400d94ed05,1785277417280,sender,0,False,,,,False
f688ace7-bf66-5c00-9fb7-416c334cb7b4,1785277417321,sender,0,False,,,,False
e1b797ec-fa86-5639-9291-47f4924dd985,1785277417381,sender,0,False,,,,False
db34c65f-f1ac-5ea1-a883-3f086c6caf6a,1785277417399,sender,0,False,,,,False
bc13fb42-3546-5ee0-bf20-94957197d5c0,1785277417416,sender,0,False,,,,False
a121a075-2062-5192-8e35-7f6add1e7e15,1785277417464,sender,0,False,,,,False
37b6076d-6d5a-5fff-af11-a1bba61bbd92,1785277417500,sender,0,False,,,,False
e3b27fbc-36df-5401-80fb-ce95b552282f,1785277417976,sender,0,False,,,,False
74e925cb-244b-5eec-a09d-866f2bfba7cb,1785277417997,sender,0,False,,,,False
aa04547b-8326-54d0-88f8-9445f2a183d3,1785277418104,sender,0,False,,,,False
f728538e-5742-5a6f-a003-309ab71d55aa,1785277418135,sender,0,False,,,,False
71f39d24-1b3d-5bd9-93cc-82b32b976199,1785277418139,sender,0,False,,,,False
732b88d0-2f6f-5000-8dec-cad662725450,1785277418163,sender,0,False,,,,False
c320bf0c-ecd4-50e4-9820-e684f5ade113,1785277418166,sender,0,False,,,,False
77bc0d42-693c-528d-93ff-2d272666d5dc,1785277418168,sender,0,False,,,,False
c5d35159-65ac-5238-82c4-5540aca2e2ae,1785277418598,sender,0,False,,,,False
b57dcfc8-e3eb-5dee-9990-6c59faa72a89,1785277418599,sender,0,False,,,,False
d390f040-4f23-5afa-a42f-7e1e04d43ab4,1785277418874,sender,0,False,,,,False
d314a0f7-7a29-54bc-ac86-ea040eb6a776,1785277418897,sender,0,False,,,,False
69828481-0948-58dd-84cb-56b248c001a7,1785277418934,sender,0,False,,,,False
580f51d9-0d7a-5562-b5ea-61fdf6849534,1785277418936,sender,0,False,,,,False
4bd49c08-5101-5b62-812c-ca18ed98fb20,1785277418986,sender,0,False,,,,False
d1b5a0fd-afbf-5050-8519-94dfd5d769c3,1785277418988,sender,0,False,,,,False
17c791d8-fe4d-57d0-b018-477b8225a08a,1785277419063,sender,0,False,,,,False
a33e2722-d03b-597b-8627-f2dbe9fdbc02,1785277419167,sender,0,False,,,,False
0b55deb4-31c9-5774-9fa3-4892b3242b9a,1785277419682,sender,0,False,,,,False
747226b3-0712-5bd9-a45e-cdc54e590796,1785277419692,sender,0,False,,,,False
53a83dac-e888-5cae-ad07-2a99ab5257f2,1785277419710,sender,0,False,,,,False
896d7d02-d073-571e-a6ff-c41f79a9a92d,1785277419712,sender,0,False,,,,False
85c05051-f535-5a19-bb8f-d8b9a8fe65e5,1785277419834,sender,0,False,,,,False
735fff8b-625e-5e44-a39d-50d1643afc55,1785277419840,sender,0,False,,,,False
ca259fa6-6e57-533c-8e36-cb394bed64a0,1785277419860,sender,0,False,,,,False
06b102a3-145e-5018-874c-119774792907,1785277419863,sender,0,False,,,,False
66f46744-2c9a-518b-b224-ed1b82a011df,1785277420483,sender,0,False,,,,False
0c24cc48-f577-5f50-b9c2-3bafab3b1ada,1785277420507,sender,0,False,,,,False
b469e5a4-18f9-5371-9594-e05deef76828,1785277420508,sender,0,False,,,,False
0adaca64-2090-52d7-99ff-6ff369dc1956,1785277420510,sender,0,False,,,,False
3e3257bd-a4d2-56d8-9623-a71e8f56b787,1785277420621,sender,0,False,,,,False
c21c4b95-64b0-54ae-ae4e-42081d4e9fe6,1785277420688,sender,0,False,,,,False
48706edf-37bf-560f-98b0-24bd35f585f1,1785277420690,sender,0,False,,,,False
461d887c-6c97-57da-9707-270bf9c2042d,1785277420692,sender,0,False,,,,False
