messageId,sentAt,path,relayHops,delivered,deliveredAt,latencyMs,recvRelayHops,carried
828a4036-84e9-5c0a-8b1f-52687b12528d,1785279580209,sender -> receiver,0,True,1785279580908,699,0,False
3ac44b78-ad6b-55f2-944e-bbcd36530c46,1785279580214,sender -> receiver,0,True,1785279580926,712,0,False
335995a5-a134-5cd0-8b8a-b1033bfd0264,1785279581206,sender -> receiver,0,True,1785279581906,700,0,False
a6be29eb-2c91-5ac5-876d-cede949fad49,1785279581216,sender -> receiver,0,True,1785279581964,748,0,False
9141a40b-3d48-507e-99c5-8fb43d991598,1785279582213,sender -> receiver,0,True,1785279582931,718,0,False
b0b94973-3be2-58a6-8b17-2c4e6538e6f7,1785279582218,sender -> receiver,0,True,1785279582938,720,0,False
77aea019-227f-5a05-b1e0-701fdb7dcd7a,1785279583214,sender -> receiver,0,True,1785279583933,719,0,False
3d923ed9-483f-5ce4-9475-baad513bb647,1785279583219,sender -> receiver,0,True,1785279583941,722,0,False
5a33f56c-ac9d-5799-bd9f-45b7df0cb22e,1785279584216,sender -> receiver,0,True,1785279584909,693,0,False
cb10e642-b6d5-570b-98e0-b71d712bbb47,1785279585204,sender -> receiver,0,True,1785279585900,696,0,False
783173cf-9bdd-55fc-a015-d6fae2edc6dc,1785279585210,sender -> receiver,0,True,1785279585954,744,0,False
8cbcad29-5c76-58ee-9fac-37122be1899e,1785279586208,sender -> receiver,0,True,1785279586897,689,0,False
570b308a-a5f9-5ede-831e-ed498a34e108,1785279586210,sender -> receiver,0,True,1785279586916,706,0,False
4ed56f75-9d54-5571-9917-fa7c32ac5e34,1785279587211,sender -> receiver,0,True,1785279587938,727,0,False
3a1fdc19-d15d-5030-b4f4-372b2869c1d6,1785279587217,sender -> receiver,0,True,1785279587945,728,0,False
c1cb9e17-e252-5536-be1a-06d575fe6ae9,1785279588203,sender -> receiver,0,True,1785279588919,716,0,False
603c4dcb-5ed4-5728-a8f0-70ddbb281a9e,1785279588206,sender -> receiver,0,True,1785279588933,727,0,False
4136ca1d-9427-5c0b-ac45-a8c854ed3b97,1785279589198,sender -> receiver,0,True,1785279589909,711,0,False
37cdbab0-14a0-57a5-8236-3fecb4759c70,1785279590231,sender -> receiver,0,True,1785279590950,719,0,False
7c68c11b-b98b-5d32-8c37-8a727045cb27,1785279590237,sender -> receiver,0,True,1785279590954,717,0,False
02fb8d4d-1227-50e4-a233-60fe7dc66562,1785279591201,sender -> receiver,0,True,1785279591885,684,0,False
de0a3c03-ddcb-59a3-a32d-2aa2dd90f2fe,1785279591205,sender -> receiver,0,True,1785279591890,685,0,False
7b3de561-67b2-5117-9fe1-77d2d12b81fa,1785279592203,sender -> receiver,0,True,1785279592920,717,0,False
78c337f5-5023-51ba-bfe2-c9e5b3561919,1785279592207,sender -> receiver,0,True,1785279592933,726,0,False
ec1a1aa0-0f94-514d-ab70-e6581c69b4ad,1785279593201,sender -> receiver,0,True,1785279593929,728,0,False
c3d34bab-64e6-5ae5-96e3-3788880030e4,1785279594196,sender -> receiver,0,True,1785279594896,700,0,False
d9d27278-56d7-5f21-83fe-a1c7bae88e4b,1785279594199,sender -> receiver,0,True,1785279594948,749,0,False
48611c14-f87c-52f8-8fba-51e55715d2e6,1785279595199,sender -> receiver,0,True,1785279595886,687,0,False
b883dfb4-d13f-5bda-a359-3d8f94853ba0,1785279595202,sender -> receiver,0,True,1785279595894,692,0,False
d7bd9ab3-aa80-554d-af7f-c4041d272622,1785279596211,sender -> receiver,0,True,1785279596929,718,0,False
1007e0f0-3978-5247-b1af-3c7663df114d,1785279596214,sender -> receiver,0,True,1785279596946,732,0,False
c87a3d83-32b7-52cf-895d-5f13b2afdefb,1785279597243,sender -> receiver,0,True,1785279597918,675,0,False
4535bcb8-cd26-52ec-b7de-38eb2c675ce8,1785279597247,sender -> receiver,0,True,1785279597975,728,0,False
40ae3e9f-6e94-5180-958b-8db7489492d5,1785279598197,sender -> receiver,0,True,1785279598955,758,0,False
c19621e5-d2b5-562c-848b-5294efa0aaac,1785279599210,sender -> receiver,0,True,1785279599899,689,0,False
ab1cada1-ed1d-506b-a8f3-02d74aaa9cfd,1785279599211,sender -> receiver,0,True,1785279599917,706,0,False
d97aeeed-ff3b-5300-a997-180a7375d271,1785279600215,sender -> receiver,0,True,1785279600888,673,0,False
f00f679e-80d2-54e7-ab5a-eca3db3b1503,1785279600216,sender -> receiver,0,True,1785279600967,751,0,False
32dc0cd3-ec26-51a2-8af7-bcda07360bd5,1785279601201,sender -> receiver,0,True,1785279601932,731,0,False
77cdfa70-cf77-5672-879f-18ad5feb3864,1785279601203,sender -> receiver,0,True,1785279601935,732,0,False
93b61de7-9588-5c47-9440-c620acf886ff,1785279602200,sender -> receiver,0,True,1785279602918,718,0,False
a0573c68-543d-5cd3-8b1c-acd87ef19181,1785279602203,sender -> receiver,0,True,1785279602935,732,0,False
e1464a67-0877-5a75-be88-13f906c70d28,1785279603200,sender -> receiver,0,True,1785279603930,730,0,False
395da0ea-cf6b-593d-94d0-9b3e0d096985,1785279604200,sender -> receiver,0,True,1785279604894,694,0,False
b26e555b-29c2-5157-a33e-c8d8981b8659,1785279604203,sender -> receiver,0,True,1785279604913,710,0,False
c8fe9d0a-7907-580e-9ef2-47b788290a1c,1785279605225,sender -> receiver,0,True,1785279605929,704,0,False
fde7785c-c0e3-5928-95d6-6e56a255dd33,1785279605229,sender -> receiver,0,True,1785279605945,716,0,False
9bb3a1cb-a40a-5045-aaab-b1c79a3c3070,1785279606201,sender -> receiver,0,True,1785279606922,721,0,False
2afc0572-385c-5bda-909c-9b778f2fcd06,1785279606204,sender -> receiver,0,True,1785279606932,728,0,False
6ec4e9a9-3089-5d62-822f-e2439acf4a9e,1785279607199,sender -> receiver,0,True,1785279607907,708,0,False
96db6901-c9cd-5b32-9900-e341afa6b07e,1785279608200,sender -> receiver,0,True,1785279608896,696,0,False
7c08577e-8d1a-5e14-abab-feb9a317157f,1785279608203,sender -> receiver,0,True,1785279608909,706,0,False
0e0f63ce-395d-589c-8483-0f3e6585ad5e,1785279609200,sender -> receiver,0,True,1785279609883,683,0,False
337c3139-8742-5615-8723-2716b1cd3996,1785279609202,sender -> receiver,0,True,1785279609892,690,0,False
cb2fff98-4a78-599f-8d7e-bd24fd01d949,1785279610199,sender -> receiver,0,True,1785279610925,726,0,False
99dfbf5b-6c31-5f6e-b391-83ac1740de1c,1785279610202,sender -> receiver,0,True,1785279610935,733,0,False
18b636cb-19fe-5c34-b6d5-fd0d0d9619d4,1785279611204,sender -> receiver,0,True,1785279611910,706,0,False
0350d564-6c06-5910-8da2-76573ef00622,1785279611211,sender -> receiver,0,True,1785279611974,763,0,False
650c9dc2-0ac6-51d1-a79d-e67e9cfd25f9,1785279612200,sender -> receiver,0,True,1785279612901,701,0,False
a0e66945-d06e-5c92-addb-e9add26043dd,1785279613216,sender -> receiver,0,True,1785279613957,741,0,False
79997c13-a965-5c77-b0c9-17bbfbf7defe,1785279613222,sender -> receiver,0,True,1785279613963,741,0,False
d294e499-3bdc-5e22-ba29-465d59f66288,1785279614212,sender -> receiver,0,True,1785279614925,713,0,False
b00b57ab-9d3f-5dd9-8db4-8470eb093e7c,1785279614245,sender -> receiver,0,True,1785279614938,693,0,False
7d7b3223-449d-593b-931d-d545e4e5c0fb,1785279615204,sender -> receiver,0,True,1785279615917,713,0,False
245e8612-1116-553a-8a1f-74ac27108122,1785279615210,sender -> receiver,0,True,1785279615927,717,0,False
b0a79cf8-e019-56c5-877b-25536ac27912,1785279616207,sender -> receiver,0,True,1785279616905,698,0,False
5ae04010-3632-5169-a2d2-543a8ff4a42c,1785279616212,sender -> receiver,0,True,1785279616918,706,0,False
79615a95-bf5a-5f4e-bc8d-139ef35949ed,1785279617198,sender -> receiver,0,True,1785279617891,693,0,False
eb62e9f1-6b37-53f9-b1bd-b64a56b2e508,1785279618220,sender -> receiver,0,True,1785279618938,718,0,False
2194bfb9-24c6-550f-9054-3bab8a7e0a8f,1785279618222,sender -> receiver,0,True,1785279618945,723,0,False
f9064511-676d-5874-99ad-9f249760e6c7,1785279619213,sender -> receiver,0,True,1785279619924,711,0,False
6a998143-0a06-56a1-a5d3-be712fd197bb,1785279619218,sender -> receiver,0,True,1785279619932,714,0,False
5c6f0b9f-8676-5ccf-932d-ffef784b9b25,1785279620204,sender -> receiver,0,True,1785279620955,751,0,False
ddd1f447-8547-52c1-bfa8-2aeacc8c4daa,1785279620208,sender -> receiver,0,True,1785279621025,817,0,False
a6864b61-4597-5ccb-b74f-edfa035c2c52,1785279621202,sender -> receiver,0,True,1785279621962,760,0,False
4f6e96ff-b701-51d6-a8a4-b5dd9b5d4006,1785279622213,sender -> receiver,0,True,1785279622895,682,0,False
b64019b1-dc9d-589f-a13f-bb8885c16a09,1785279622216,sender -> receiver,0,True,1785279622945,729,0,False
c8ca44a1-27d7-53f4-a0f9-60e633c7c634,1785279623209,sender -> receiver,0,True,1785279623923,714,0,False
771ef8e1-f684-5cdd-b308-8ac844e7f7d5,1785279623212,sender -> receiver,0,True,1785279623931,719,0,False
6b78537d-f907-54ab-9aed-167db21608f5,1785279624249,sender -> receiver,0,True,1785279624918,669,0,False
3bf0b29c-3e4e-5eff-b4f6-6492920c91b8,1785279624250,sender -> receiver,0,True,1785279624935,685,0,False
b9d6195b-c438-5c42-99e3-b9ecf8cee4c8,1785279625203,sender -> receiver,0,True,1785279625918,715,0,False
94893956-4927-5dc3-9c49-a3ed011ed584,1785279625206,sender -> receiver,0,True,1785279625922,716,0,False
1367d7cd-9547-5d45-a918-104adb6d3367,1785279626198,sender -> receiver,0,True,1785279626926,728,0,False
0ac308ae-93af-5ed0-815d-296ac79d63ee,1785279627214,sender -> receiver,0,True,1785279627938,724,0,False
1aa3d82d-9bf4-5087-be6d-ccf2e8d4dee7,1785279627252,sender -> receiver,0,True,1785279627959,707,0,False
b4b95a24-e954-5d62-a8c7-aecbf323d9ec,1785279628208,sender -> receiver,0,True,1785279628927,719,0,False
2b78fc1b-e550-5e33-a634-4c197697850b,1785279628212,sender -> receiver,0,True,1785279628930,718,0,False
c7e0d343-d72a-5f3d-8940-0dd37091bca7,1785279629225,sender -> receiver,0,True,1785279629923,698,0,False
798ebd20-c4e7-5910-b7e5-2291d2dd12ad,1785279629230,sender -> receiver,0,True,1785279629927,697,0,False
fa2f8b5c-5bae-5c7a-82e9-1e6312573d4d,1785279630206,sender -> receiver,0,True,1785279630932,726,0,False
c3db1c2e-b69e-5b23-9202-0ca6f2e3a4cd,1785279630212,sender -> receiver,0,True,1785279630938,726,0,False
6069706c-9fc2-5cd9-b00d-b72abef756ca,1785279631198,sender -> receiver,0,True,1785279631890,692,0,False
92c653c2-dba1-5f93-878b-d81f5c8fa849,1785279632198,sender -> receiver,0,True,1785279632923,725,0,False
498798d0-99f4-5a0c-850a-0f14d0a96603,1785279632200,sender -> receiver,0,True,1785279632930,730,0,False
d9489351-11b9-5e1f-b78d-3fe50dda980c,1785279633215,sender -> receiver,0,True,1785279633958,743,0,False
176bad20-0e79-5fae-8f4c-d1759226ad01,1785279633222,sender -> receiver,0,True,1785279633963,741,0,False
1eb01440-e627-56d6-b15a-db1100318738,1785279634211,sender -> receiver,0,True,1785279634931,720,0,False
d90913e1-af47-5312-9c39-6f3a8bf71095,1785279634243,sender -> receiver,0,True,1785279634943,700,0,False
4f07a0a6-7968-5de2-ac30-50ed6f064f91,1785279635206,sender -> receiver,0,True,1785279635901,695,0,False
c0ae67e8-4123-5df0-8730-4cd57ce246c9,1785279676324,sender -> receiver,0,True,1785279677066,742,0,False
65031012-600e-57d5-a97d-0778dae5b153,1785279676325,sender -> receiver,0,True,1785279677075,750,0,False
5e2b6b82-35f0-5c23-ac66-c7f4132450cf,1785279677330,sender -> receiver,0,True,1785279678021,691,0,False
4e30ebd8-6727-5633-8a92-d3c8e0ce51bc,1785279677335,sender -> receiver,0,True,1785279678074,739,0,False
6c315c67-ba53-5f47-988b-e2695aeeb8c2,1785279678345,sender -> receiver,0,True,1785279679049,704,0,False
0c72c93b-76bb-51a8-8ccc-ad25453c935a,1785279678354,sender -> receiver,0,True,1785279679059,705,0,False
824b7373-d5f7-5044-b5a6-ed528d66deb2,1785279679350,sender -> receiver,0,True,1785279680042,692,0,False
95c72958-db24-580f-bf0a-1b135af5dba8,1785279679351,sender -> receiver,0,True,1785279680049,698,0,False
dc6c3818-aec6-5f24-bcc8-76f5aa96b13f,1785279680342,sender -> receiver,0,True,1785279681036,694,0,False
5af7dfdd-32e2-5a29-a5fa-290baaf25732,1785279680346,sender -> receiver,0,True,1785279681046,700,0,False
c59f18a4-652b-50f7-92fb-effc9466c30d,1785279681331,sender -> receiver,0,True,1785279682017,686,0,False
de103a42-31ca-57df-87ed-1c7ff513a6c0,1785279682337,sender -> receiver,0,True,1785279683077,740,0,False
8f9d175d-90fb-52d0-9188-053dba7f4f01,1785279682340,sender -> receiver,0,True,1785279683081,741,0,False
939a7eb6-2d9b-50e4-9a2c-592acb1bb1b9,1785279683330,sender -> receiver,0,True,1785279684043,713,0,False
e577af63-a960-50e6-8073-1b81a2e82187,1785279683333,sender -> receiver,0,True,1785279684052,719,0,False
607e4a3a-9105-5b4a-95c0-2b2a1557e978,1785279684346,sender -> receiver,0,True,1785279685035,689,0,False
73e7e7d6-511b-5f04-b63c-9601ff3166c4,1785279684350,sender -> receiver,0,True,1785279685045,695,0,False
2aabe036-8bda-503f-a3b0-81359808897b,1785279685338,sender -> receiver,0,True,1785279686023,685,0,False
2dca7077-cb5b-50e5-9267-84d6e8e94cc4,1785279685340,sender -> receiver,0,True,1785279686072,732,0,False
67ea016a-93c7-55a8-973b-14caf66345a7,1785279686330,sender -> receiver,0,True,1785279687012,682,0,False
0279fdb2-d68b-5b2a-9d84-9d406c566285,1785279687330,sender -> receiver,0,True,1785279688053,723,0,False
a8bb482f-3d44-5668-890e-768fea90caeb,1785279687332,sender -> receiver,0,True,1785279688069,737,0,False
f9658432-2bf9-565e-a537-a94b597e856a,1785279688345,sender -> receiver,0,True,1785279689039,694,0,False
1230f538-0459-5a1c-ae14-81612a0eb8a6,1785279688349,sender -> receiver,0,True,1785279689047,698,0,False
e189c0a5-e9d6-56f5-b916-a4e70a09a425,1785279689341,sender -> receiver,0,True,1785279690072,731,0,False
d1af2954-9d12-5e44-b2a3-dbb6a9581769,1785279689348,sender -> receiver,0,True,1785279690089,741,0,False
5c7f58a9-e440-516b-afb9-4ec2e0c3fa5f,1785279690349,sender -> receiver,0,True,1785279691063,714,0,False
632f0c0f-5b5c-58e3-a92a-3a351bc1cbb2,1785279690353,sender -> receiver,0,True,1785279691070,717,0,False
59db90cd-2016-55f8-9118-101e4aa7b50f,1785279691330,sender -> receiver,0,True,1785279692013,683,0,False
e9dbbb3c-5692-5d28-a093-809e09a1ce9e,1785279691334,sender -> receiver,0,True,1785279692023,689,0,False
35cd942e-e96b-54df-9fac-4c592a541194,1785279692346,sender -> receiver,0,True,1785279693077,731,0,False
a21bc670-6e5d-52e4-b63e-238557a6fb43,1785279693327,sender -> receiver,0,True,1785279694031,704,0,False
5a0587a3-371b-5891-bf39-f700a9c132cc,1785279693329,sender -> receiver,0,True,1785279694037,708,0,False
ebdb96fa-03a5-5a52-aa12-631b6aa7c3a0,1785279694340,sender -> receiver,0,True,1785279695024,684,0,False
35eb0482-b78c-5dae-ac12-401e40f962e2,1785279694345,sender -> receiver,0,True,1785279695031,686,0,False
f74b1080-4eec-5458-aba9-219fedb16d2e,1785279695345,sender -> receiver,0,True,1785279696056,711,0,False
8ee6fa77-6295-5260-9847-b27805623fc3,1785279695373,sender -> receiver,0,True,1785279696068,695,0,False
2028ec11-fe66-5438-b0c6-65cb894ffc1a,1785279696333,sender -> receiver,0,True,1785279697052,719,0,False
397e6c18-fdf8-56f6-a18d-ef4069a1942d,1785279696337,sender -> receiver,0,True,1785279697068,731,0,False
2cc686df-230a-51a8-8794-fead3aff0163,1785279697331,sender -> receiver,0,True,1785279698037,706,0,False
540e3966-b059-5c91-9916-a23d77148655,1785279698331,sender -> receiver,0,True,1785279699027,696,0,False
234aa5c9-6e33-52d5-b0f0-d97a683f3f62,1785279698333,sender -> receiver,0,True,1785279699035,702,0,False
fb70a398-9f7e-5c28-b2e0-9682cc93e0df,1785279699349,sender -> receiver,0,True,1785279700119,770,0,False
383fe011-08e3-5444-8874-14383332a9f9,1785279699355,sender -> receiver,0,True,1785279700130,775,0,False
5416ab79-ee89-5d16-99f5-f2317ca53f0d,1785279700330,sender -> receiver,0,True,1785279701028,698,0,False
2a683546-3e62-5609-a243-f78310e8b875,1785279700333,sender -> receiver,0,True,1785279701033,700,0,False
e36034d4-aa78-52de-b8c4-f5d97f832310,1785279701344,sender -> receiver,0,True,1785279702072,728,0,False
27b0d784-e2c4-5c64-a5d1-dddedfb930c7,1785279701352,sender -> receiver,0,True,1785279702077,725,0,False
0374b1a6-89f4-553e-9c79-04d7c22c64b0,1785279702342,sender -> receiver,0,True,1785279703077,735,0,False
eae20984-b571-5b09-980d-455fa0b3c102,1785279702347,sender -> receiver,0,True,1785279703086,739,0,False
882bed52-9d48-5480-adad-33bcd664219c,1785279703355,sender -> receiver,0,True,1785279704069,714,0,False
1184f982-550d-5af0-a792-20aee8dbcd9c,1785279704343,sender -> receiver,0,True,1785279705013,670,0,False
686ab0e4-9a2e-59b0-b9fb-4b0b127eab18,1785279704344,sender -> receiver,0,True,1785279705021,677,0,False
4e94baab-5b1d-5975-a12f-893b3da1e1a5,1785279705329,sender -> receiver,0,True,1785279706046,717,0,False
35ee19f9-6586-5ce7-9898-c44eee3240de,1785279705332,sender -> receiver,0,True,1785279706052,720,0,False
5484588e-2c97-5d7b-97d9-b0b5550dae4b,1785279706328,sender -> receiver,0,True,1785279707081,753,0,False
cff3e1af-6da9-5c4a-aea9-30f29eda9c98,1785279706333,sender -> receiver,0,True,1785279707090,757,0,False
c6737a59-6c9f-55dc-84e9-ceedfae51c6a,1785279707352,sender -> receiver,0,True,1785279708031,679,0,False
dbfbbd53-d5a4-57c9-b329-70741eac6732,1785279707352,sender -> receiver,0,True,1785279708044,692,0,False
0c84d7bc-e199-5a59-b30f-6bebba34527c,1785279708333,sender -> receiver,0,True,1785279709017,684,0,False
8ee6a91d-1b71-5543-a1bf-fc5641b37e11,1785279709326,sender -> receiver,0,True,1785279710007,681,0,False
420f29cc-ff77-542f-ad99-e122293591bb,1785279709327,sender -> receiver,0,True,1785279710015,688,0,False
96e46cf2-452e-58a4-900a-2cd48d9e6306,1785279710341,sender -> receiver,0,True,1785279711042,701,0,False
3128409f-f39a-58d8-9488-6ca207df3b5a,1785279710347,sender -> receiver,0,True,1785279711108,761,0,False
5f302f3d-eeaf-5e61-8391-4a4e5ff4dc2b,1785279711355,sender -> receiver,0,True,1785279712078,723,0,False
dabd0178-6151-5fc7-b631-78b03a2a38ba,1785279711361,sender -> receiver,0,True,1785279712088,727,0,False
af62579f-bba7-5adb-89a7-1c9f53e5b913,1785279712330,sender -> receiver,0,True,1785279713021,691,0,False
953f3659-b49f-5c74-b1da-15eeae8524d3,1785279712335,sender -> receiver,0,True,1785279713029,694,0,False
83a936ba-2267-5eb9-a5e2-6b6458bf7c5b,1785279713330,sender -> receiver,0,True,1785279714012,682,0,False
f2e55dc6-df48-5333-8e2d-846318facb90,1785279713332,sender -> receiver,0,True,1785279714021,689,0,False
15808cd6-6d21-5582-88e1-fc488330d3c6,1785279714335,sender -> receiver,0,True,1785279715046,711,0,False
d783cbde-974b-542c-b210-df509bf57e2a,1785279715336,sender -> receiver,0,True,1785279716084,748,0,False
c9331931-c029-5247-bdcb-132a0b594a22,1785279715340,sender -> receiver,0,True,1785279716096,756,0,False
4e4eb18a-b2e1-5ab1-8a60-343dddb1e250,1785279716333,sender -> receiver,0,True,1785279717024,691,0,False
3026b29b-1e33-5295-b2e6-b229b4068b57,1785279716340,sender -> receiver,0,True,1785279717069,729,0,False
7c8103e1-b0d7-5755-b504-39fb794ce49f,1785279717348,sender -> receiver,0,True,1785279718061,713,0,False
f29e937a-d352-5616-819e-8012a7bed924,1785279717350,sender -> receiver,0,True,1785279718070,720,0,False
a0b360b9-ac9d-5d5f-bb95-ddb39b28daea,1785279718348,sender -> receiver,0,True,1785279719057,709,0,False
7baf7007-6a15-5f85-ba52-5e80a451eef6,1785279718349,sender -> receiver,0,True,1785279719063,714,0,False
50765589-c43b-5079-8cf5-3257867d1401,1785279719332,sender -> receiver,0,True,1785279720084,752,0,False
3b4a1659-33d4-51ce-a10c-1733e3a16170,1785279720339,sender -> receiver,0,True,1785279721059,720,0,False
78f40125-c19b-59ca-9152-65f73cf67a6a,1785279720344,sender -> receiver,0,True,1785279721092,748,0,False
da10bee3-78e4-5bde-b4c9-84cea1c6e227,1785279721338,sender -> receiver,0,True,1785279722021,683,0,False
4f30b48b-c190-5f05-be52-80963013904c,1785279721342,sender -> receiver,0,True,1785279722028,686,0,False
db7a5d8a-34d2-5ca1-89cf-d10dec7ea825,1785279722335,sender -> receiver,0,True,1785279723024,689,0,False
6d1e3ed7-4858-5b50-9ad4-1e05649c9d09,1785279722338,sender -> receiver,0,True,1785279723066,728,0,False
651e5e87-1609-54f7-9884-617304123a9c,1785279723327,sender -> receiver,0,True,1785279724046,719,0,False
473714bb-7fc2-5f2f-a0d7-ed6aea97c10a,1785279723328,sender -> receiver,0,True,1785279724055,727,0,False
1f807381-3bf8-5d9d-9ab9-946a74f77134,1785279724331,sender -> receiver,0,True,1785279725037,706,0,False
30a26e85-1b4c-5426-ab09-790a916d5e91,1785279724335,sender -> receiver,0,True,1785279725044,709,0,False
b77824ad-2571-5ef3-9fb1-2438ad06fb45,1785279725341,sender -> receiver,0,True,1785279726026,685,0,False
cb85131e-68c6-5871-bc6c-0dc50207a8c9,1785279726344,sender -> receiver,0,True,1785279727064,720,0,False
b4d31157-8f12-5c68-9708-40bb8f120e5c,1785279726349,sender -> receiver,0,True,1785279727074,725,0,False
bfc52e3f-a381-5412-8f25-0e85ac4f12a2,1785279727352,sender -> receiver,0,True,1785279728052,700,0,False
6a0a049d-87e1-50d8-a9df-e9657043ceca,1785279727356,sender -> receiver,0,True,1785279728061,705,0,False
d912e843-6967-5b9b-a724-49c73176a351,1785279728330,sender -> receiver,0,True,1785279729087,757,0,False
d1096d64-c0b6-5e6e-bf8a-86ff7cf1cd2e,1785279728332,sender -> receiver,0,True,1785279729128,796,0,False
4aff84e4-c2fd-5a93-b826-7d14f09355e5,1785279729331,sender -> receiver,0,True,1785279730070,739,0,False
0b543ce4-b659-56b1-83d8-3c2ae277c612,1785279729340,sender -> receiver,0,True,1785279730075,735,0,False
c952a898-224d-5d84-b846-4fbd15512937,1785279730337,sender -> receiver,0,True,1785279731023,686,0,False
46b45173-b3d6-5ae2-acfb-0336b63b0b2a,1785279783551,sender -> receiver,0,True,1785279784287,736,0,False
36c42e62-169c-512c-b20b-c65fbdca08b1,1785279783576,sender -> receiver,0,True,1785279784298,722,0,False
d11833c3-5f99-5005-8255-552afa07ea24,1785279783580,sender -> receiver,0,True,1785279784306,726,0,False
fc6505cd-4b9e-56cd-a9b8-cddd8e5346a4,1785279784551,sender -> receiver,0,True,1785279785264,713,0,False
652964a6-8f72-5fc0-a247-fb0684c72f80,1785279784554,sender -> receiver,0,True,1785279785272,718,0,False
9ed543f8-0589-5036-9ec2-d7bbef4892a0,1785279785559,sender -> receiver,0,True,1785279786246,687,0,False
9b18ea86-e42b-5081-b535-9e0bca09abf6,1785279785563,sender -> receiver,0,True,1785279786261,698,0,False
abc33c97-cfa0-5916-8893-68f4bd511c9f,1785279786564,sender -> receiver,0,True,1785279787282,718,0,False
159c64f5-604c-5d0c-9626-bf9cd8f802bf,1785279786568,sender -> receiver,0,True,1785279787294,726,0,False
366676d9-4457-5a1d-9575-7b7e41e9b44c,1785279786573,sender -> receiver,0,True,1785279787301,728,0,False
b3f43e6d-e7ba-5b68-b5a3-bdd40a663ba2,1785279787570,sender -> receiver,0,True,1785279788265,695,0,False
9d8ae0c1-b4a7-5d1b-8b45-1304ec8ff553,1785279787572,sender -> receiver,0,True,1785279788281,709,0,False
8ecda41d-cc2d-5dd6-bb9d-b44028d6ad3f,1785279788561,sender -> receiver,0,True,1785279789258,697,0,False
6ae673b5-092d-5faf-adef-3b14e7bf2ab4,1785279788565,sender -> receiver,0,True,1785279789321,756,0,False
710ca602-7363-5924-a1df-e7fb5a59f4ad,1785279789562,sender -> receiver,0,True,1785279790244,682,0,False
128eb8b4-bbac-530c-a4d8-2a28c47bf753,1785279789592,sender -> receiver,0,True,1785279790258,666,0,False
755bf96e-8198-5493-a30a-ca25b94f9a6f,1785279789597,sender -> receiver,0,True,1785279790293,696,0,False
de72655f-ab1d-58eb-a415-673eb62f1293,1785279790555,sender -> receiver,0,True,1785279791231,676,0,False
a027e156-4153-53c6-aedc-ab86e24e18ad,1785279790560,sender -> receiver,0,True,1785279791240,680,0,False
66066012-9cdc-5343-86a6-ab4131e0ca59,1785279791556,sender -> receiver,0,True,1785279792275,719,0,False
94928835-3ac8-5bae-801b-3340c514aab1,1785279791559,sender -> receiver,0,True,1785279792297,738,0,False
aa23f3fe-81c7-56eb-ad0a-01ac1d101323,1785279792567,sender -> receiver,0,True,1785279793260,693,0,False
dd4310d4-797a-5eeb-a38a-33dcaca1e50f,1785279792572,sender -> receiver,0,True,1785279793273,701,0,False
b683449f-ed2a-508a-b80f-12bf5cfbcd2a,1785279792608,sender -> receiver,0,True,1785279793278,670,0,False
c9bca23c-89ec-50a2-8150-cb359163e61d,1785279793548,sender -> receiver,0,True,1785279794255,707,0,False
28638054-fb8c-5b82-841f-c45b3c5bb8db,1785279793551,sender -> receiver,0,True,1785279794268,717,0,False
602048af-6c51-592b-a48a-ac58bb8f40c0,1785279794549,sender -> receiver,0,True,1785279795242,693,0,False
367da5ea-6f97-5274-b199-ee0d596ae61a,1785279794554,sender -> receiver,0,True,1785279795278,724,0,False
2ae3541a-dfba-54b7-bd5c-12e7af329eaf,1785279795560,sender -> receiver,0,True,1785279796275,715,0,False
38697e16-1821-5380-ad79-9761398dc4e9,1785279795565,sender -> receiver,0,True,1785279796288,723,0,False
f75f3886-55ac-57af-8950-b82bad9ced71,1785279795570,sender -> receiver,0,True,1785279796292,722,0,False
2035f1e5-5976-5bf9-a83b-406aebd6a055,1785279796566,sender -> receiver,0,True,1785279797269,703,0,False
4b373994-9cc0-5c49-8454-6d0c6263e839,1785279796571,sender -> receiver,0,True,1785279797282,711,0,False
57192c30-2ab6-5160-9d94-e4c5cad0a3ab,1785279797549,sender -> receiver,0,True,1785279798257,708,0,False
1569cb13-6d32-5eb6-aaea-ff7e1d27a30d,1785279797552,sender -> receiver,0,True,1785279798275,723,0,False
51f69212-047c-5570-a122-f3eec5a992bf,1785279798563,sender -> receiver,0,True,1785279799245,682,0,False
b64af8dc-bffa-5422-827f-b2aaa2fecc89,1785279798590,sender -> receiver,0,True,1785279799258,668,0,False
6ea5e159-05f2-5fdd-976c-06fb81e88a64,1785279798594,sender -> receiver,0,True,1785279799342,748,0,False
5b6e705a-5414-58cb-aa0e-f6ab594dcc71,1785279799551,sender -> receiver,0,True,1785279800230,679,0,False
75f256aa-14fa-58bb-814e-c7449a847ad5,1785279799554,sender -> receiver,0,True,1785279800274,720,0,False
4f50f18e-753f-51f0-8c58-4c4ff2b3958a,1785279800553,sender -> receiver,0,True,1785279801268,715,0,False
7fee001b-5b45-5b25-9cd2-1af1a26a97f8,1785279800557,sender -> receiver,0,True,1785279801275,718,0,False
9a814cda-65d4-575b-844d-829a31dd5580,1785279801577,sender -> receiver,0,True,1785279802308,731,0,False
9f2c448b-da49-58e4-8e84-a777d7ee9710,1785279801579,sender -> receiver,0,True,1785279802311,732,0,False
f87bce76-9a14-517f-adfe-b34126547707,1785279801582,sender -> receiver,0,True,1785279802313,731,0,False
f6465f99-abd6-58fb-9849-fe8dfa5d343d,1785279802557,sender -> receiver,0,True,1785279803254,697,0,False
00f8419b-b596-587a-a035-5335e78df36f,1785279802564,sender -> receiver,0,True,1785279803258,694,0,False
f5493809-2275-5375-a67b-d76e52d55b8a,1785279803562,sender -> receiver,0,True,1785279804260,698,0,False
75cec4cf-f3fb-5d61-9e83-be37b519bfd3,1785279803569,sender -> receiver,0,True,1785279804284,715,0,False
88bd6f08-6de8-556f-9f5b-8c9319fe2684,1785279804564,sender -> receiver,0,True,1785279805287,723,0,False
02e5b5b7-b6cd-5154-95e3-bfd26a7dbe37,1785279804568,sender -> receiver,0,True,1785279805289,721,0,False
1a09a75c-db21-51e0-acbc-11e1b96615a0,1785279804573,sender -> receiver,0,True,1785279805291,718,0,False
9abb76eb-5090-5ad7-8635-ebab75ec67ad,1785279805561,sender -> receiver,0,True,1785279806264,703,0,False
a3d702e2-b98b-5bef-8707-af8854d24b39,1785279805564,sender -> receiver,0,True,1785279806271,707,0,False
c094b6f9-98f9-5c49-9495-bf44cd918b63,1785279806552,sender -> receiver,0,True,1785279807257,705,0,False
c6bee468-4919-5c4d-8bf8-8269571d90fb,1785279806554,sender -> receiver,0,True,1785279807277,723,0,False
9dc6e029-e054-5305-a347-788200529267,1785279807569,sender -> receiver,0,True,1785279808308,739,0,False
7e26241c-84a7-5450-9c4b-8f78fe20af50,1785279807573,sender -> receiver,0,True,1785279808316,743,0,False
ecfe5544-67fc-5f3a-a817-b2aa1b67357d,1785279807577,sender -> receiver,0,True,1785279808322,745,0,False
2453e649-f215-5731-8214-165c94a48ce5,1785279808552,sender -> receiver,0,True,1785279809237,685,0,False
e39a02df-8bd0-57f9-9407-14cf47d3da65,1785279808555,sender -> receiver,0,True,1785279809250,695,0,False
55cdec7d-48da-52be-bbb4-e6abc03e61d5,1785279809559,sender -> receiver,0,True,1785279810277,718,0,False
3f80b9dc-7363-5ee7-807d-6e09f214c1a2,1785279809565,sender -> receiver,0,True,1785279810293,728,0,False
606e1ff3-cded-51dc-a548-55a7b10379a7,1785279810551,sender -> receiver,0,True,1785279811295,744,0,False
8b0fe08a-d170-5de0-b71b-4e7522e0a123,1785279810554,sender -> receiver,0,True,1785279811303,749,0,False
0cdf6d97-5f1d-599d-9ad6-a8d75aeb18b6,1785279810556,sender -> receiver,0,True,1785279811312,756,0,False
bba52e67-d708-505c-b1f9-2348686e2161,1785279811555,sender -> receiver,0,True,1785279812251,696,0,False
e8db87c4-42fe-567a-ade0-3df455ee6e30,1785279811561,sender -> receiver,0,True,1785279812269,708,0,False
aa84e40d-417f-5406-a5a6-d505ff9ec39a,1785279812555,sender -> receiver,0,True,1785279813252,697,0,False
b63f8102-5702-52bd-ab81-eaf118c330b4,1785279812558,sender -> receiver,0,True,1785279813265,707,0,False
1d3c3b3b-17d1-5088-aced-d048219a83f0,1785279813567,sender -> receiver,0,True,1785279814277,710,0,False
43904b73-220a-5337-af2e-35bfd0320bfe,1785279813572,sender -> receiver,0,True,1785279814292,720,0,False
66215b96-c135-5f12-8f94-9a11d62e65c2,1785279813576,sender -> receiver,0,True,1785279814296,720,0,False
53c197b3-0913-5c15-aa83-eb1fadf2f94a,1785279814555,sender -> receiver,0,True,1785279815314,759,0,False
ac5b79e8-6cac-520d-aca0-7d2d6f3b7c1b,1785279814559,sender -> receiver,0,True,1785279815352,793,0,False
660ee3bb-4f34-599f-97c7-73b47716868f,1785279815552,sender -> receiver,0,True,1785279816255,703,0,False
9fa86f73-7315-5b25-bc1f-3b8ad9725532,1785279815559,sender -> receiver,0,True,1785279816270,711,0,False
93de7be7-2f80-5f9e-9ec4-54a246a51ba5,1785279816557,sender -> receiver,0,True,1785279817250,693,0,False
c4b3384f-1a6a-50a1-9182-0b549ccfa974,1785279816560,sender -> receiver,0,True,1785279817296,736,0,False
afeb5f28-3ce2-5547-b8a5-0ddbf3d1da65,1785279816564,sender -> receiver,0,True,1785279817301,737,0,False
dc8afbec-61cc-547a-b038-0adc72300add,1785279817554,sender -> receiver,0,True,1785279818240,686,0,False
f1673933-263f-5751-89f0-4bfd745dae99,1785279817559,sender -> receiver,0,True,1785279818288,729,0,False
e2b34783-0124-5ed5-a2a2-e84246600b26,1785279818560,sender -> receiver,0,True,1785279819274,714,0,False
fbf918a1-ad7c-56f7-acc4-c9c1638f1f5e,1785279818564,sender -> receiver,0,True,1785279819334,770,0,False
7096ee1e-9bfa-5aa1-a5a6-4f1362758cce,1785279819561,sender -> receiver,0,True,1785279820258,697,0,False
ab1a93be-6679-5667-bfdf-de50382217c9,1785279819567,sender -> receiver,0,True,1785279820268,701,0,False
fe2985de-60a8-5b09-b9bf-517d3a0a3f3b,1785279819572,sender -> receiver,0,True,1785279820275,703,0,False
fe058ea0-764f-54c4-9a9a-75fca3974856,1785279820548,sender -> receiver,0,True,1785279821249,701,0,False
5d65dcdd-c53c-55d7-954e-288ecf04b203,1785279820550,sender -> receiver,0,True,1785279821260,710,0,False
d33dec97-f75d-5d75-b007-88991b4cd3a6,1785279821552,sender -> receiver,0,True,1785279822243,691,0,False
ec80a415-3148-5a9b-972c-434fd9019b0a,1785279821555,sender -> receiver,0,True,1785279822298,743,0,False
62f5643d-bb1e-51c8-bb2e-a212c4bc7d5e,1785279822565,sender -> receiver,0,True,1785279823278,713,0,False
bc4b7532-f391-55e5-9bf6-efc067ce8be2,1785279822571,sender -> receiver,0,True,1785279823293,722,0,False
b07c078c-6b62-557b-95e1-654bd420d811,1785279822575,sender -> receiver,0,True,1785279823300,725,0,False
c4df8067-4641-5495-8793-2bd311c97f92,1785279823559,sender -> receiver,0,True,1785279824264,705,0,False
e61d7c56-b064-5800-b34e-02d44a5ce321,1785279823563,sender -> receiver,0,True,1785279824279,716,0,False
3c437732-7c81-553f-baef-2386e7ed7a7f,1785279824567,sender -> receiver,0,True,1785279825263,696,0,False
830f5559-b3c9-58e8-9f47-771c4ee13ec5,1785279824570,sender -> receiver,0,True,1785279825269,699,0,False
ef2eb7ef-26ac-5c78-b0ed-e4022efb467a,1785279825553,sender -> receiver,0,True,1785279826248,695,0,False
f6ec3a47-9233-5b6f-b47a-818b0a052fd1,1785279825557,sender -> receiver,0,True,1785279826264,707,0,False
58b218a9-e684-5c85-ab78-21215902dc4e,1785279865772,sender -> receiver,0,True,1785279866501,729,0,False
8e8faa4b-8fb9-5aa0-8090-b0bb7ff1a41e,1785279865778,sender -> receiver,0,True,1785279866507,729,0,False
491badaf-013b-5044-97c2-a2f94e24ff7b,1785279866768,sender -> receiver,0,True,1785279867495,727,0,False
e08d9383-a46c-564c-aea7-9d897a0376fc,1785279866800,sender -> receiver,0,True,1785279867500,700,0,False
17e30526-d152-5efa-837d-a17615d26b15,1785279867772,sender -> receiver,0,True,1785279868485,713,0,False
da28bc0b-39ae-5ecb-9360-0bbd14283419,1785279867777,sender -> receiver,0,True,1785279868498,721,0,False
77ea8407-9fde-567c-90f7-9a35bd00e559,1785279868779,sender -> receiver,0,True,1785279869528,749,0,False
b6f2777c-8f04-556a-b81e-1c4fe67a29e7,1785279868786,sender -> receiver,0,True,1785279869573,787,0,False
0ab253f8-875a-5cf7-8aee-de95ec619920,1785279869766,sender -> receiver,0,True,1785279870501,735,0,False
5981c278-80f9-557b-a8e0-d0f6a4537ba4,1785279870764,sender -> receiver,0,True,1785279871503,739,0,False
e3f8f698-54ec-525a-8e0b-f67a59c89f8e,1785279870769,sender -> receiver,0,True,1785279871510,741,0,False
984a0d91-0ade-526a-922e-e9c84e2f7705,1785279871768,sender -> receiver,0,True,1785279872482,714,0,False
40bcba53-2ac0-5702-9e12-0c58fe12686d,1785279871773,sender -> receiver,0,True,1785279872488,715,0,False
155a1112-b6a8-546b-929d-327d5f08d753,1785279872760,sender -> receiver,0,True,1785279873447,687,0,False
3c277c34-b493-5269-acb9-61bf62d2b6fc,1785279872763,sender -> receiver,0,True,1785279873501,738,0,False
dad3f6b4-e87a-5fb7-ad19-f144c5b2c443,1785279873767,sender -> receiver,0,True,1785279874530,763,0,False
48845ccc-ca8f-5b36-a74c-383f67f3d322,1785279873772,sender -> receiver,0,True,1785279874544,772,0,False
1f31f230-a466-5286-a4e1-c7fe57e09fb2,1785279874810,sender -> receiver,0,True,1785279875534,724,0,False
547cf3d5-2bfb-5eba-99c0-e3b5ba9d3a6d,1785279875776,sender -> receiver,0,True,1785279876474,698,0,False
239db8b5-6df2-5ed1-85d8-7713d2e4f75a,1785279875781,sender -> receiver,0,True,1785279876478,697,0,False
2171720b-e691-56a0-a7d1-c941666ffdd1,1785279876777,sender -> receiver,0,True,1785279877450,673,0,False
5481e86b-8e37-5897-be71-6848ada7af5b,1785279876781,sender -> receiver,0,True,1785279877503,722,0,False
8230e6cf-805c-5a8b-9239-32805a03676a,1785279877784,sender -> receiver,0,True,1785279878495,711,0,False
020c9cb5-2a3c-5182-9caf-d54565f8762e,1785279877788,sender -> receiver,0,True,1785279878500,712,0,False
d7346f0c-1bf8-5e63-aa31-bd31161eb418,1785279878762,sender -> receiver,0,True,1785279879487,725,0,False
6b366deb-90e7-52b2-b674-81fff210f831,1785279879766,sender -> receiver,0,True,1785279880517,751,0,False
0994b146-78e5-552c-8ea2-8b184efdce92,1785279879769,sender -> receiver,0,True,1785279880524,755,0,False
2da1e13c-be1b-51ce-87e3-327d6b2e5500,1785279880782,sender -> receiver,0,True,1785279881504,722,0,False
3e685e20-8f10-5b77-af35-69b1d954f281,1785279880788,sender -> receiver,0,True,1785279881508,720,0,False
bfcdae0a-83d3-56c8-a62a-bb48731f95a4,1785279881764,sender -> receiver,0,True,1785279882448,684,0,False
dd3cf85c-ffae-5efa-87f0-f383981bbe71,1785279881785,sender -> receiver,0,True,1785279882500,715,0,False
44bf626e-3885-5ea3-abf4-cd12ea6a44d5,1785279882763,sender -> receiver,0,True,1785279883440,677,0,False
64e5e812-dc05-5d58-b4d3-b4a3ed0daf17,1785279882768,sender -> receiver,0,True,1785279883504,736,0,False
9d2f2a6c-3a66-5536-9270-0cfd31cce272,1785279883761,sender -> receiver,0,True,1785279884471,710,0,False
b503c8be-dead-567f-ab28-fb487b36eb49,1785279884764,sender -> receiver,0,True,1785279885463,699,0,False
74883ffe-ffe5-5cdd-9585-2d44ff88e2e6,1785279884777,sender -> receiver,0,True,1785279885501,724,0,False
13e9deb5-3ca6-5af6-a3d2-427d1393c1d5,1785279885767,sender -> receiver,0,True,1785279886482,715,0,False
1b1dd76d-ac61-574c-8123-199922f282e6,1785279885772,sender -> receiver,0,True,1785279886489,717,0,False
e0e82d81-035a-5dae-ae9b-7fcc1a364f1a,1785279886767,sender -> receiver,0,True,1785279887494,727,0,False
a050947c-e5d2-57d6-be48-84d005ef429f,1785279886774,sender -> receiver,0,True,1785279887498,724,0,False
2c28b6f2-68a9-5484-ba83-391cfbf1ec6f,1785279887776,sender -> receiver,0,True,1785279888480,704,0,False
b0f5e46b-c4e1-552d-b01d-86c5ca9ad88e,1785279887781,sender -> receiver,0,True,1785279888489,708,0,False
c2ce47d8-d74f-5f63-9de7-0c9718bbd493,1785279888774,sender -> receiver,0,True,1785279889473,699,0,False
f739f0a4-6c71-5685-9899-a7f7d14ca6d4,1785279889786,sender -> receiver,0,True,1785279890499,713,0,False
2c61b26a-dbf3-51ea-8782-6917d7259f62,1785279889791,sender -> receiver,0,True,1785279890505,714,0,False
587ee916-8c6f-52a9-b734-4ada8339c5e1,1785279890759,sender -> receiver,0,True,1785279891445,686,0,False
1cf4d6de-2304-51c9-842c-a58532e4aebe,1785279890762,sender -> receiver,0,True,1785279891482,720,0,False
d5b96f63-0594-5f14-b396-8df23432cd50,1785279891781,sender -> receiver,0,True,1785279892505,724,0,False
adc64743-8e7b-5b15-b990-a61b841cc730,1785279891783,sender -> receiver,0,True,1785279892513,730,0,False
3d30f8f3-b042-5c16-bb6a-5c323e412c79,1785279892787,sender -> receiver,0,True,1785279893488,701,0,False
58c13a2c-75bb-59d5-8033-96b8308c5262,1785279893770,sender -> receiver,0,True,1785279894484,714,0,False
ab9b9c4c-a559-5222-aecd-bea1fae25043,1785279893776,sender -> receiver,0,True,1785279894490,714,0,False
da5c371c-100a-5065-a0b2-90d01c9e9db7,1785279894808,sender -> receiver,0,True,1785279895503,695,0,False
07355d7c-19f8-51e1-b86e-f89d1d5180dc,1785279894812,sender -> receiver,0,True,1785279895508,696,0,False
8c8d867a-4c30-543d-81cd-4623de69cd3d,1785279895782,sender -> receiver,0,True,1785279896498,716,0,False
aa16cea7-bab4-56ac-9027-efda1fa3c444,1785279895787,sender -> receiver,0,True,1785279896508,721,0,False
86db471e-e3d2-5e77-ba94-b8b7abc2c1cc,1785279896767,sender -> receiver,0,True,1785279897475,708,0,False
d2f2ef86-7daa-5f8d-95c0-155613b5e42f,1785279896776,sender -> receiver,0,True,1785279897481,705,0,False
93e6f0ed-2fbc-5157-807f-44ff78e8579b,1785279897775,sender -> receiver,0,True,1785279898465,690,0,False
772eea2e-038c-5609-9367-a85cf690cfa1,1785279898768,sender -> receiver,0,True,1785279899500,732,0,False
2a5220ee-cdfe-5939-a526-9e2af047f03a,1785279898774,sender -> receiver,0,True,1785279899510,736,0,False
4a152132-bfa1-50af-bd90-a04acca670d3,1785279899778,sender -> receiver,0,True,1785279900491,713,0,False
0747bcb6-817f-5685-9383-8117ebdb259a,1785279899781,sender -> receiver,0,True,1785279900498,717,0,False
6d84d38f-c58b-5642-bd87-2605d837999a,1785279900765,sender -> receiver,0,True,1785279901502,737,0,False
eb155b03-da95-51b2-ae57-84a7a0fa4944,1785279900772,sender -> receiver,0,True,1785279901564,792,0,False
1bf13910-8fd5-5216-ad12-15a13cfa7fa7,1785279901763,sender -> receiver,0,True,1785279902497,734,0,False
cda58907-ac2e-58ab-b41c-78ba3df21a89,1785279901770,sender -> receiver,0,True,1785279902503,733,0,False
a38b9545-55b8-5484-a877-60998f568a4d,1785279902767,sender -> receiver,0,True,1785279903484,717,0,False
04c617fb-05f2-5aa6-bce6-73383b7ee055,1785279903765,sender -> receiver,0,True,1785279904452,687,0,False
a82bdd6b-ae88-5653-9751-abe3de958345,1785279903768,sender -> receiver,0,True,1785279904513,745,0,False
cc8dc664-fdc9-5eac-80b4-d34b425510ab,1785279904780,sender -> receiver,0,True,1785279905475,695,0,False
5943fa16-bf2a-5730-932f-4bf696bb4833,1785279904785,sender -> receiver,0,True,1785279905488,703,0,False
c128be18-109d-5f0b-857f-130d8bbf187a,1785279905765,sender -> receiver,0,True,1785279906497,732,0,False
b0391de3-8d59-5cf2-9228-f14ed80b8127,1785279905771,sender -> receiver,0,True,1785279906504,733,0,False
ffdfba60-d2ea-5a76-b8ee-6c9f2142d0cd,1785279906773,sender -> receiver,0,True,1785279907505,732,0,False
b05b0f5b-3ec7-5fcd-96f2-26cffc9566f1,1785279907768,sender -> receiver,0,True,1785279908488,720,0,False
ec66c451-4b8b-5753-8e64-1e27e0e3c4b1,1785279907771,sender -> receiver,0,True,1785279908496,725,0,False
8d2e9a65-86ad-5571-8f46-57368dc6cf9b,1785279908765,sender -> receiver,0,True,1785279909480,715,0,False
ac4b51ab-62b5-5d74-a5de-c1d160512601,1785279908768,sender -> receiver,0,True,1785279909486,718,0,False
3809974f-a17f-59c2-9b8c-ecb00e947e5e,1785279909767,sender -> receiver,0,True,1785279910485,718,0,False
25bb6a15-08d7-5c0d-a7f8-11574882a501,1785279909771,sender -> receiver,0,True,1785279910491,720,0,False
487c8be7-dc80-556e-9f28-108439e7c170,1785279910765,sender -> receiver,0,True,1785279911481,716,0,False
4ef0f953-53f6-5ff7-a179-bd3e53fe9e8a,1785279910768,sender -> receiver,0,True,1785279911485,717,0,False
0e6a6c6e-5885-5b12-91bb-5fc4ebf66462,1785279911766,sender -> receiver,0,True,1785279912475,709,0,False
a7d5017c-ef5e-58d9-854e-60081afbe554,1785279912766,sender -> receiver,0,True,1785279913473,707,0,False
27e95e6e-e2e8-5655-87f3-13f243ca3aaa,1785279912768,sender -> receiver,0,True,1785279913508,740,0,False
90e0be3c-9e3d-54fe-b890-504e72d869ba,1785279913768,sender -> receiver,0,True,1785279914531,763,0,False
040b2f99-ac81-5632-a34d-036836620f7f,1785279913774,sender -> receiver,0,True,1785279914574,800,0,False
f1936bf2-8ab8-535a-ba77-639b39ced542,1785279914812,sender -> receiver,0,True,1785279915547,735,0,False
d2333651-5c7e-5c25-8add-b8787e27ef1b,1785279914818,sender -> receiver,0,True,1785279915551,733,0,False
27a0fa29-b139-5cf4-8043-1041b0a38680,1785279915780,sender -> receiver,0,True,1785279916507,727,0,False
35c99735-8843-53b5-96ad-c449c5126e9b,1785279915787,sender -> receiver,0,True,1785279916513,726,0,False
423de018-e2a6-5fc4-b199-34e54cc32090,1785279916764,sender -> receiver,0,True,1785279917501,737,0,False
b24d6648-82c7-5899-a3c1-b789032fbfdb,1785279917766,sender -> receiver,0,True,1785279918451,685,0,False
24acc91f-576d-5a78-9096-fc7ed53b6e4e,1785279917769,sender -> receiver,0,True,1785279918508,739,0,False
0078504e-8ba7-5497-a2d3-bb8585baa8c7,1785279918770,sender -> receiver,0,True,1785279919494,724,0,False
b6b16591-543f-5e6a-a733-42dce2a2d0fe,1785279918778,sender -> receiver,0,True,1785279919500,722,0,False
f27dbc43-7008-58c4-b50c-a39dfd6a797c,1785279919778,sender -> receiver,0,True,1785279920511,733,0,False
13888c68-c4fd-501f-a524-9915972a5cd0,1785279919784,sender -> receiver,0,True,1785279920516,732,0,False
750f04d3-ee36-517f-8c1f-7c6685c2540f,1785279920773,sender -> receiver,0,True,1785279921508,735,0,False
7c3895a5-c686-5296-8053-8111630ea127,1785279962024,sender -> receiver,0,True,1785279962747,723,0,False
a265c60f-cf5a-5032-8ec6-e8760d171dbc,1785279962027,sender -> receiver,0,True,1785279962768,741,0,False
32c4f862-709f-5373-846c-c2067f1a6cb2,1785279962993,sender -> receiver,0,True,1785279963672,679,0,False
e9693673-dc71-5efd-af1e-a4ddc1e6923c,1785279963011,sender -> receiver,0,True,1785279963717,706,0,False
cb95f0f0-51a3-57bf-8f24-a92768722043,1785279963987,sender -> receiver,0,True,1785279964663,676,0,False
ac0229b7-0ffd-59a6-a97c-4fae62941ae6,1785279963991,sender -> receiver,0,True,1785279964714,723,0,False
ccb829e4-6a05-54a6-ad2e-4ccea8025f31,1785279964990,sender -> receiver,0,True,1785279965701,711,0,False
941896d1-cfac-5677-b295-45cf1a60e974,1785279964994,sender -> receiver,0,True,1785279965763,769,0,False
6e9a04df-8311-54b9-ac59-6e4acb4ed8d7,1785279965995,sender -> receiver,0,True,1785279966737,742,0,False
20ee15d8-4022-5fce-9070-bccab4596c70,1785279965999,sender -> receiver,0,True,1785279966761,762,0,False
b7ee522f-5b50-556f-b402-2863b53f9b8d,1785279966976,sender -> receiver,0,True,1785279967701,725,0,False
d483f29d-65a1-59fc-998b-96b4d33ae212,1785279967994,sender -> receiver,0,True,1785279968717,723,0,False
2f44493c-217a-592a-a1f0-2de160b84f2d,1785279967997,sender -> receiver,0,True,1785279968722,725,0,False
524b8698-f596-590c-9371-ee215b3249b8,1785279969027,sender -> receiver,0,True,1785279969702,675,0,False
48946f0b-f177-563a-a48b-c2dadfb323e7,1785279969032,sender -> receiver,0,True,1785279969747,715,0,False
42b13845-7131-5d00-99f0-cd741898506c,1785279969969,sender -> receiver,0,True,1785279970690,721,0,False
60f4a914-22c4-5910-811e-286b10d0f9f8,1785279970003,sender -> receiver,0,True,1785279970697,694,0,False
06c3a236-84a7-5ddd-b8a9-204133bbdd9a,1785279970970,sender -> receiver,0,True,1785279971688,718,0,False
dcabe473-b032-539a-a13d-0d7d6857d8fd,1785279970999,sender -> receiver,0,True,1785279971700,701,0,False
cce2b584-046d-57e0-b82d-b3f4c1ce25d5,1785279971983,sender -> receiver,0,True,1785279972720,737,0,False
f30e67f4-e80e-5b89-a634-92007c715a73,1785279972987,sender -> receiver,0,True,1785279973713,726,0,False
d092e48d-7c1b-5517-ab64-c4e782aa8b07,1785279972991,sender -> receiver,0,True,1785279973728,737,0,False
e298b449-d276-5af4-b357-1ff48a56ecc4,1785279973967,sender -> receiver,0,True,1785279974658,691,0,False
9c47b53a-cc78-5310-aa8a-eb17433ac337,1785279973970,sender -> receiver,0,True,1785279974676,706,0,False
bb49741d-e5da-5c9e-a2bc-1fcf9e8271c6,1785279974982,sender -> receiver,0,True,1785279975690,708,0,False
e44cc64f-0f17-5c83-8b37-1af8896aaec9,1785279975027,sender -> receiver,0,True,1785279975706,679,0,False
52d741a2-7259-5c8d-8bee-376140eee5fc,1785279975971,sender -> receiver,0,True,1785279976697,726,0,False
92e5b3b6-3b81-550d-845f-20820742d786,1785279976001,sender -> receiver,0,True,1785279976705,704,0,False
24c4baea-759d-503d-ab4c-39e02f48c0b7,1785279976988,sender -> receiver,0,True,1785279977760,772,0,False
8d5ed33e-8904-5da4-83df-1993788327c9,1785279976990,sender -> receiver,0,True,1785279977773,783,0,False
c76ded07-b0fa-5a72-86d0-12b8d1769583,1785279977976,sender -> receiver,0,True,1785279978706,730,0,False
89245129-77c1-5756-ac10-6eb358754d9c,1785279978972,sender -> receiver,0,True,1785279979693,721,0,False
3e1fd187-a5bd-5b05-870f-5ad2f6896c0c,1785279978978,sender -> receiver,0,True,1785279979704,726,0,False
eb29b0df-62ec-5921-877d-3698e609f0f1,1785279979969,sender -> receiver,0,True,1785279980683,714,0,False
7bdaa236-97e7-5e1c-b862-faad80b7845b,1785279979999,sender -> receiver,0,True,1785279980718,719,0,False
de85ca39-93df-563f-93c4-d8439cda0d7a,1785279980969,sender -> receiver,0,True,1785279981677,708,0,False
b113535a-ecdc-550f-a625-431f352e5b36,1785279981029,sender -> receiver,0,True,1785279981747,718,0,False
d3a0d95c-0bcf-5a1e-885c-8b47d8b40421,1785279981988,sender -> receiver,0,True,1785279982760,772,0,False
b6cd3129-60da-5e88-bc70-bf9821fefeda,1785279981991,sender -> receiver,0,True,1785279982783,792,0,False
0d032738-2439-5a00-a8cb-8f28ae88695c,1785279982985,sender -> receiver,0,True,1785279983703,718,0,False
d9411475-1c43-58e8-a097-ca8b6dd99990,1785279984018,sender -> receiver,0,True,1785279984789,771,0,False
650db663-a488-5679-b915-37ad0a0bd6db,1785279984041,sender -> receiver,0,True,1785279984795,754,0,False
29604228-3356-575f-80fc-dacf8735baa0,1785279984967,sender -> receiver,0,True,1785279985682,715,0,False
38ef6e62-eff2-5d96-a19a-1492a71b54fc,1785279984996,sender -> receiver,0,True,1785279985700,704,0,False
15b84b93-b9de-5a40-9bef-1160520cbb04,1785279986001,sender -> receiver,0,True,1785279986728,727,0,False
fed0364a-12c2-5f98-b71d-7f329bd2eb19,1785279986003,sender -> receiver,0,True,1785279986742,739,0,False
bcba2266-c6e2-5ce0-b2b7-51e30f85761a,1785279986968,sender -> receiver,0,True,1785279987663,695,0,False
8da37d66-6ad8-5c3b-a078-747a7a7d782d,1785279986970,sender -> receiver,0,True,1785279987683,713,0,False
c9744e17-90dc-50e1-b2d7-41ee025c14c3,1785279988022,sender -> receiver,0,True,1785279988789,767,0,False
372b8b92-af54-50c8-9666-1e8dc250d152,1785279988026,sender -> receiver,0,True,1785279988804,778,0,False
38b0afac-a093-5523-b526-cfcfb4020f6c,1785279988966,sender -> receiver,0,True,1785279989701,735,0,False
faa88b84-2d59-5f22-b119-39f32271cdc9,1785279990041,sender -> receiver,0,True,1785279990747,706,0,False
f2e3a9a3-2a71-5696-8a57-6b4e7dbb455f,1785279990047,sender -> receiver,0,True,1785279990760,713,0,False
971fc9c9-f8c4-54b4-8998-f3025418d4bd,1785279990996,sender -> receiver,0,True,1785279991725,729,0,False
76b609f2-ae3e-5cbd-bec1-677b31d32a26,1785279991001,sender -> receiver,0,True,1785279991768,767,0,False
cab592a3-0679-51e7-a17c-2fa8d7548da5,1785279991972,sender -> receiver,0,True,1785279992678,706,0,False
7d28f0eb-1e1d-54d9-a599-d54560eee4a6,1785279992009,sender -> receiver,0,True,1785279992687,678,0,False
f1fcb208-2461-5d91-8737-0ad14bb2d3e9,1785279992965,sender -> receiver,0,True,1785279993698,733,0,False
af54eb07-9063-554a-8add-95d1cd605c97,1785279993000,sender -> receiver,0,True,1785279993756,756,0,False
bfadab1c-4e8b-5d0f-8241-4585f978fa41,1785279993994,sender -> receiver,0,True,1785279994695,701,0,False
3ec89546-95b1-5eff-af00-e8d621dbaaaa,1785279994989,sender -> receiver,0,True,1785279995685,696,0,False
fcb018d1-e6a3-5361-a6fe-fa83f3623ce1,1785279994991,sender -> receiver,0,True,1785279995691,700,0,False
8ab6a3b6-aeff-50af-a574-7d1a9471bf48,1785279995987,sender -> receiver,0,True,1785279996709,722,0,False
90f8b376-abf5-5b57-a9d0-bcfa7dc6106c,1785279995989,sender -> receiver,0,True,1785279996728,739,0,False
708a325a-d8ea-5aa8-92f6-d7349bb68c6b,1785279996970,sender -> receiver,0,True,1785279997700,730,0,False
590f725a-5972-59f4-bce1-df2b791a9cf0,1785279997000,sender -> receiver,0,True,1785279997717,717,0,False
8cc00eb8-5530-513a-b629-aa892185294d,1785279997984,sender -> receiver,0,True,1785279998688,704,0,False
97acdcd7-0387-5e62-bbcc-2ba24282b877,1785279997987,sender -> receiver,0,True,1785279998707,720,0,False
0a1e3b99-605f-5db6-aa38-2118eeb71083,1785279998974,sender -> receiver,0,True,1785279999678,704,0,False
fa4f9821-8007-50e1-ab15-3fa1c84b7184,1785279998976,sender -> receiver,0,True,1785279999694,718,0,False
68ccff80-f8e4-5af8-a928-24ffbb30d0e0,1785279999987,sender -> receiver,0,True,1785280000756,769,0,False
272a8507-c312-561d-9cfc-09a42f883750,1785280000972,sender -> receiver,0,True,1785280001650,678,0,False
5a8d560d-730e-5042-984d-66e679eeb22d,1785280001008,sender -> receiver,0,True,1785280001660,652,0,False
912c3f4c-a2b4-53c8-896b-47e1253aad61,1785280001981,sender -> receiver,0,True,1785280002699,718,0,False
2b1cbe99-1b98-51e0-a6ae-a97bca295882,1785280001983,sender -> receiver,0,True,1785280002738,755,0,False
30da8df6-333e-5174-84c9-c24b514ce58e,1785280002990,sender -> receiver,0,True,1785280003681,691,0,False
f1b27cd0-b406-5541-8131-dcbcaa68ce34,1785280003059,sender -> receiver,0,True,1785280003750,691,0,False
1d03113b-cbae-52cb-aab4-1d1f9472b59b,1785280004036,sender -> receiver,0,True,1785280004713,677,0,False
1b8d0274-62ad-5e8b-8976-5bac2301254a,1785280004040,sender -> receiver,0,True,1785280004767,727,0,False
e1769ea9-4481-5d14-b5c9-aa8e25d30e71,1785280004986,sender -> receiver,0,True,1785280005727,741,0,False
68f16a7b-bda5-514c-a9a8-861f8d1ab5ce,1785280005984,sender -> receiver,0,True,1785280006698,714,0,False
0d65dd2d-dfe6-597e-89f2-5d5e8855f98e,1785280005986,sender -> receiver,0,True,1785280006716,730,0,False
9f180ee2-0ccd-52bb-ab33-166b1ce4ad94,1785280006992,sender -> receiver,0,True,1785280007685,693,0,False
3fb27b1c-3b57-5e46-a114-2711529b4d7b,1785280006996,sender -> receiver,0,True,1785280007694,698,0,False
d42b18ea-3012-5fe0-a8c2-f95634856ce1,1785280007969,sender -> receiver,0,True,1785280008677,708,0,False
da432bc6-15b8-5b54-88ab-014d482e86ff,1785280008028,sender -> receiver,0,True,1785280008687,659,0,False
435ef7ab-aebb-5a1a-9a42-9eb295d33a6c,1785280008979,sender -> receiver,0,True,1785280009668,689,0,False
9bc373b7-e460-540b-892a-7536f2338f85,1785280008985,sender -> receiver,0,True,1785280009687,702,0,False
da008311-ef7c-5537-b5b3-358e4b81fb8d,1785280009991,sender -> receiver,0,True,1785280010703,712,0,False
f248b2ef-b12c-5bda-8756-b4c72097008c,1785280009994,sender -> receiver,0,True,1785280010713,719,0,False
f07e4b0b-76d8-5616-9753-6b0d66997e75,1785280010967,sender -> receiver,0,True,1785280011697,730,0,False
e6cdfbeb-5995-500f-bd70-c58aee892ea0,1785280012022,sender -> receiver,0,True,1785280012725,703,0,False
600007f3-d4f9-5bd9-be82-94f50ea27a84,1785280012027,sender -> receiver,0,True,1785280012740,713,0,False
68e4e402-3fe0-5bce-a038-dcba51f04028,1785280013016,sender -> receiver,0,True,1785280013775,759,0,False
0ea12462-8c9a-5117-bc84-3f5783f27be1,1785280013019,sender -> receiver,0,True,1785280013780,761,0,False
f733339f-818f-5c25-bd25-591b36977807,1785280013984,sender -> receiver,0,True,1785280014705,721,0,False
35a2bdb4-eb1a-50f7-bce3-18e982937a23,1785280013988,sender -> receiver,0,True,1785280014718,730,0,False
c868d007-0e1e-5236-b11e-04e2cd5092a3,1785280014980,sender -> receiver,0,True,1785280015701,721,0,False
9be164ba-d7e4-5ad1-a650-d2b59c8b8de3,1785280014982,sender -> receiver,0,True,1785280015708,726,0,False
a3b76991-800e-5c7e-b93a-2e95b3df3d95,1785280015968,sender -> receiver,0,True,1785280016729,761,0,False
e326e326-dccc-537b-ae42-7536f91ffc8f,1785280056115,sender -> receiver,0,True,1785280056871,756,0,False
9dc5720c-61b1-57a0-80b8-7fe73b3eb92d,1785280056147,sender -> receiver,0,True,1785280056888,741,0,False
69b02c1f-1ef5-5f4a-b4ae-d025113f23bf,1785280057112,sender -> receiver,0,True,1785280057812,700,0,False
69677258-a1ad-5eda-ac93-8ef6284e28d9,1785280057118,sender -> receiver,0,True,1785280057823,705,0,False
3362f7ac-f65d-5c6d-b966-1634d5de6c0d,1785280058114,sender -> receiver,0,True,1785280058809,695,0,False
8ba95c1b-6e2c-5b71-9616-1d11f2f44671,1785280058116,sender -> receiver,0,True,1785280058816,700,0,False
5ba7e925-0609-5e0f-992e-3619704a58e9,1785280059122,sender -> receiver,0,True,1785280059837,715,0,False
df667ef5-7400-56fd-ba1b-17cf11cb353c,1785280059127,sender -> receiver,0,True,1785280059850,723,0,False
9c1dfab6-1fb8-54c8-bda1-6b363e058a25,1785280060123,sender -> receiver,0,True,1785280060830,707,0,False
d22097de-f0ef-5ef4-aa4c-c24e67016008,1785280061123,sender -> receiver,0,True,1785280061824,701,0,False
452e98ad-e0b7-5db2-ad2c-4d13f776141f,1785280061126,sender -> receiver,0,True,1785280061845,719,0,False
862abf5d-f40f-5b09-a8ec-e0ee6e55ec4b,1785280062117,sender -> receiver,0,True,1785280062814,697,0,False
bdbdfae8-42b2-5586-9813-52c79403c6b3,1785280062121,sender -> receiver,0,True,1785280062818,697,0,False
e1826ee9-cecc-5a5a-bbb2-423090be8f23,1785280063130,sender -> receiver,0,True,1785280063894,764,0,False
7edc0c05-bf3f-509f-8f22-ea444232d7da,1785280063139,sender -> receiver,0,True,1785280063903,764,0,False
0e4053b9-1150-518d-a156-5ec9601443d6,1785280064132,sender -> receiver,0,True,1785280064838,706,0,False
887ec4e5-77f3-5e8f-8b01-47563acd933f,1785280064137,sender -> receiver,0,True,1785280064844,707,0,False
6bf2d7e6-69c1-54e9-aad0-433e1a0458db,1785280065111,sender -> receiver,0,True,1785280065832,721,0,False
f8e06103-64b6-520b-b880-861e207f2a2b,1785280066133,sender -> receiver,0,True,1785280066814,681,0,False
e8b0c471-53e2-5fd0-a00b-2735ff96e4ee,1785280066138,sender -> receiver,0,True,1785280066829,691,0,False
46451e08-e731-52d0-8aab-b2329f032449,1785280067111,sender -> receiver,0,True,1785280067800,689,0,False
a96106af-bde6-5cf6-8fe5-d9c0b96da3c3,1785280067114,sender -> receiver,0,True,1785280067808,694,0,False
c11d4207-9ecd-5181-9286-865a2673334c,1785280068121,sender -> receiver,0,True,1785280068844,723,0,False
1430cfb8-cc14-52ed-9249-15288fe21094,1785280068126,sender -> receiver,0,True,1785280068858,732,0,False
e042629c-aab3-55fd-912f-2638308b7230,1785280069114,sender -> receiver,0,True,1785280069881,767,0,False
c396505d-6877-5c2f-be7b-efd662474b80,1785280070110,sender -> receiver,0,True,1785280070823,713,0,False
667fee41-b135-589a-8b6b-5c816303b61e,1785280070113,sender -> receiver,0,True,1785280070844,731,0,False
af8063f3-e50f-5fe0-85eb-38ad0f6f0881,1785280071116,sender -> receiver,0,True,1785280071814,698,0,False
470f629e-7d66-5a8f-b0f6-2fec89456304,1785280071120,sender -> receiver,0,True,1785280071834,714,0,False
9c6d60f1-8645-5f9d-837b-a63ceefe2012,1785280072115,sender -> receiver,0,True,1785280072844,729,0,False
0b616e47-cfd5-599e-88d2-8a75058df996,1785280072123,sender -> receiver,0,True,1785280072849,726,0,False
b1667912-d994-58e1-a984-587ab96b885c,1785280073121,sender -> receiver,0,True,1785280073838,717,0,False
298c8e11-fede-5cb7-a6ef-70cc1d71eda9,1785280073126,sender -> receiver,0,True,1785280073876,750,0,False
be9a4b5e-53d9-5bb3-a514-7513021f9539,1785280074115,sender -> receiver,0,True,1785280074835,720,0,False
d15ab565-dd3e-5907-815b-96ad6ac6db70,1785280075127,sender -> receiver,0,True,1785280075825,698,0,False
216d7ec7-8194-5ece-b739-a379dc2d5465,1785280075131,sender -> receiver,0,True,1785280075831,700,0,False
b9b985ff-28aa-5c52-8ae3-5ee4235d9bd6,1785280076126,sender -> receiver,0,True,1785280076809,683,0,False
c35f1ab7-e91c-5767-b3c4-327dfabaea8e,1785280076129,sender -> receiver,0,True,1785280076866,737,0,False
f1e2d6d3-95f9-5b14-a897-761dfa198b62,1785280077129,sender -> receiver,0,True,1785280077841,712,0,False
d245f104-baca-5407-8109-c3cb02a64169,1785280077134,sender -> receiver,0,True,1785280077855,721,0,False
eef27261-cd4c-562a-923f-62c8ea15fcef,1785280078115,sender -> receiver,0,True,1785280078834,719,0,False
dd295710-62c1-533d-b09c-58c5ddfa1b52,1785280078119,sender -> receiver,0,True,1785280078840,721,0,False
8e6edbb4-694a-5e97-936d-4f54f100735e,1785280079113,sender -> receiver,0,True,1785280079824,711,0,False
d42c9ad9-4cd9-5bc3-887e-ed70590a405f,1785280080118,sender -> receiver,0,True,1785280080813,695,0,False
3715cb8d-25e1-5f73-b953-4576f2816b06,1785280080123,sender -> receiver,0,True,1785280080821,698,0,False
4ef59f73-8682-5232-979a-291aa6ccebc2,1785280081126,sender -> receiver,0,True,1785280081850,724,0,False
1ea73b6e-862b-50fd-9c8c-f3bb2094e331,1785280081152,sender -> receiver,0,True,1785280081859,707,0,False
a9ff791c-9995-5f19-b3e1-671e266c5e9b,1785280082128,sender -> receiver,0,True,1785280082841,713,0,False
cc5a2e1b-d88b-5ddc-b037-d95258b8b04c,1785280082130,sender -> receiver,0,True,1785280082881,751,0,False
75a2355e-d71e-57bb-aa3e-6904772a40cb,1785280083109,sender -> receiver,0,True,1785280083827,718,0,False
d556224a-8ac9-5cfe-8ce9-52d05efd4fab,1785280084129,sender -> receiver,0,True,1785280084832,703,0,False
f28366c4-485a-57fa-8ce3-0fe9263d42dd,1785280084137,sender -> receiver,0,True,1785280084897,760,0,False
ea273890-145d-54da-a4e6-3742f6c971e9,1785280085123,sender -> receiver,0,True,1785280085920,797,0,False
4863bfaf-6881-588d-a6cf-f87033bec0d3,1785280085129,sender -> receiver,0,True,1785280085928,799,0,False
8aa79463-8e68-58c1-967c-5f0154bb8dda,1785280086136,sender -> receiver,0,True,1785280086847,711,0,False
fc39043e-5c88-54b9-a0f6-560f5b984b9e,1785280086146,sender -> receiver,0,True,1785280086861,715,0,False
901afcdc-6035-5279-bae5-aac9bc352ae8,1785280087118,sender -> receiver,0,True,1785280087847,729,0,False
fc877ec9-4ad3-586d-b8fe-13d95bb6d961,1785280087124,sender -> receiver,0,True,1785280087858,734,0,False
ceecc535-57ec-53e8-a24d-eead55625be4,1785280088109,sender -> receiver,0,True,1785280088821,712,0,False
b66307b8-e83e-5970-86f5-114d6c07cbf0,1785280089121,sender -> receiver,0,True,1785280089804,683,0,False
ee1865fd-d3f7-5607-83ac-5c669e3a507b,1785280089127,sender -> receiver,0,True,1785280089848,721,0,False
95c5a477-6fa7-5756-aacc-e3988ea20cf1,1785280090113,sender -> receiver,0,True,1785280090841,728,0,False
1d945f23-f717-5dc8-82f5-e8c37043372a,1785280090115,sender -> receiver,0,True,1785280090854,739,0,False
0090005d-db9d-54e4-97a2-6ececbef7e05,1785280091111,sender -> receiver,0,True,1785280091837,726,0,False
6aca2a39-250c-5e8c-aa28-3ec68fb315fa,1785280091114,sender -> receiver,0,True,1785280091855,741,0,False
4bf108fc-d486-5dec-867f-96334474851c,1785280092126,sender -> receiver,0,True,1785280092824,698,0,False
6d2abb2c-b5b9-52f8-adcb-01cc1b28ee64,1785280092133,sender -> receiver,0,True,1785280092837,704,0,False
0a82e985-05c3-5f61-aa17-93bc01294365,1785280093126,sender -> receiver,0,True,1785280093879,753,0,False
21812bc2-d8e5-581b-a917-9780dc1c0090,1785280094127,sender -> receiver,0,True,1785280094809,682,0,False
eae80ef3-0041-51c4-b104-38e565b6bead,1785280094160,sender -> receiver,0,True,1785280094882,722,0,False
ed78b0ab-dce7-5643-8f82-01662dc0b80e,1785280095114,sender -> receiver,0,True,1785280095794,680,0,False
002b2c0a-6889-56f8-879a-a0c53499523c,1785280095119,sender -> receiver,0,True,1785280095808,689,0,False
82641a27-6403-5886-b127-c34290a26424,1785280096136,sender -> receiver,0,True,1785280096837,701,0,False
a132a0cc-5140-5ced-9237-b2228f558dbb,1785280096143,sender -> receiver,0,True,1785280096844,701,0,False
a732f1b6-fcee-5350-9d7c-7b91ede6a53f,1785280097122,sender -> receiver,0,True,1785280097822,700,0,False
b4b4d7d3-d3a3-560b-94f4-7470cd5ee8b0,1785280098127,sender -> receiver,0,True,1785280098874,747,0,False
ebdcdca2-3806-5f7d-9f5a-15ef53d39de3,1785280098132,sender -> receiver,0,True,1785280098880,748,0,False
63941b5a-c97c-59a8-a3c8-5342637405cc,1785280099132,sender -> receiver,0,True,1785280099843,711,0,False
2602132e-fb6a-5c18-94f9-f96558a6e055,1785280099141,sender -> receiver,0,True,1785280099903,762,0,False
a3c6cb14-9658-5bfd-8aa5-ea60fdc3f19e,1785280100111,sender -> receiver,0,True,1785280100794,683,0,False
c8b40109-155e-57e4-86ff-d57208b8c5c9,1785280100114,sender -> receiver,0,True,1785280100816,702,0,False
467165bb-d4f6-5461-b670-b3f9b3bb84e8,1785280101114,sender -> receiver,0,True,1785280101827,713,0,False
aafc292c-a25d-522e-8502-b0a4795174f0,1785280101118,sender -> receiver,0,True,1785280101845,727,0,False
86fa12a0-8c3c-5265-8ccd-2442dd2d1e08,1785280102114,sender -> receiver,0,True,1785280102812,698,0,False
c421f207-3182-5333-82c5-3ff0647aad48,1785280103128,sender -> receiver,0,True,1785280103916,788,0,False
280953b4-9f9f-55a7-a8fe-c36790ceb1ba,1785280103130,sender -> receiver,0,True,1785280103921,791,0,False
2007a767-6c79-5d42-a18f-643221167dcc,1785280104129,sender -> receiver,0,True,1785280104875,746,0,False
bd68e953-1602-5a47-b9f0-200ff0187c4a,1785280104134,sender -> receiver,0,True,1785280104884,750,0,False
b9665104-7100-52a1-857b-3ef5260ab26b,1785280105135,sender -> receiver,0,True,1785280105831,696,0,False
11d419f5-a4ce-5e73-a563-d44ef958a428,1785280105142,sender -> receiver,0,True,1785280105837,695,0,False
03681261-f410-5d67-81c8-cd0b553503a7,1785280106116,sender -> receiver,0,True,1785280106826,710,0,False
3f544fd4-0d89-5c0a-87a4-8d9bb554054d,1785280106125,sender -> receiver,0,True,1785280106842,717,0,False
9a5d0317-bbad-52ed-af4c-7a1958a6a1dd,1785280107119,sender -> receiver,0,True,1785280107814,695,0,False
b0cf1be9-86a7-5ae1-89a9-d4d404313b63,1785280108123,sender -> receiver,0,True,1785280108803,680,0,False
6b26f16d-e2dc-5d51-b7ce-136426c7f0a9,1785280108128,sender -> receiver,0,True,1785280108890,762,0,False
9822f147-9838-5f68-b5f5-9c0b9816c09f,1785280109116,sender -> receiver,0,True,1785280109856,740,0,False
97cff3aa-c048-5a9f-b341-3743202c16a7,1785280109120,sender -> receiver,0,True,1785280109863,743,0,False
d200108f-987c-5b56-8d70-45638d0856c0,1785280110141,sender -> receiver,0,True,1785280110823,682,0,False
f1f5c902-8b49-5f6b-b687-51159803144c,1785280110147,sender -> receiver,0,True,1785280110837,690,0,False
49e96d0f-5732-5e81-9f82-67e924bb86b2,1785280111113,sender -> receiver,0,True,1785280111862,749,0,False
029b5248-7b33-5905-836b-8d0e57a02ba9,1785280163852,sender -> receiver,0,True,1785280164598,746,0,False
1378e66d-acfe-5806-bf5d-89a3ebee559c,1785280163870,sender -> receiver,0,True,1785280164608,738,0,False
ddca1957-37bb-5c41-be39-d7bd1f94fc0d,1785280163874,sender -> receiver,0,True,1785280164613,739,0,False
80cd737b-4ae9-5991-b218-00601caca8f5,1785280164848,sender -> receiver,0,True,1785280165541,693,0,False
459b8d06-ab3a-51ec-bec9-1e1e261362ca,1785280164873,sender -> receiver,0,True,1785280165584,711,0,False
6a575042-4d20-5c9e-a139-746f93b27ec1,1785280165896,sender -> receiver,0,True,1785280166576,680,0,False
1c7f9e36-9e20-5445-9b6a-b4ca7bb858fe,1785280165903,sender -> receiver,0,True,1785280166586,683,0,False
22fa64cf-1de1-59e9-bcac-14b1b3be9a84,1785280166859,sender -> receiver,0,True,1785280167572,713,0,False
0c401d26-aa38-59a6-be62-d7142cc273bf,1785280166902,sender -> receiver,0,True,1785280167592,690,0,False
92aaacbb-ee61-5598-977a-fe4c35a86d61,1785280166908,sender -> receiver,0,True,1785280167648,740,0,False
cbe26946-bb5e-53d0-bcb4-5623703e0ae8,1785280167852,sender -> receiver,0,True,1785280168564,712,0,False
2e452201-cc1f-5575-917e-e2bbeab14fb3,1785280167874,sender -> receiver,0,True,1785280168582,708,0,False
de5608ca-2f6a-578c-b7f9-111682f7b142,1785280168877,sender -> receiver,0,True,1785280169557,680,0,False
e56d06c6-c543-5168-9d9b-62d4f926d2c0,1785280168880,sender -> receiver,0,True,1785280169607,727,0,False
2f51b414-b4cb-5532-8302-51744c603277,1785280169892,sender -> receiver,0,True,1785280170581,689,0,False
e4eca78f-f587-5a6d-a242-8125e943f2f8,1785280169896,sender -> receiver,0,True,1785280170590,694,0,False
2985549e-1653-5d9d-ab67-d29e68dfd7b5,1785280169900,sender -> receiver,0,True,1785280170596,696,0,False
5fbc6808-5c3c-58f9-a363-751e5e6ec3cb,1785280170885,sender -> receiver,0,True,1785280171584,699,0,False
6210e63a-6ba3-5243-8254-8708dfb42718,1785280170890,sender -> receiver,0,True,1785280171592,702,0,False
533a73cb-6f78-5fe5-ad9f-b38e8ad777a0,1785280171848,sender -> receiver,0,True,1785280172571,723,0,False
33595bf6-44a7-599d-b014-0c7a7364596f,1785280171851,sender -> receiver,0,True,1785280172580,729,0,False
b0b34004-2d3a-5311-acf2-6919eb5f093b,1785280172864,sender -> receiver,0,True,1785280173571,707,0,False
432b6423-bb14-55f9-b52c-65a9c6c032a0,1785280172867,sender -> receiver,0,True,1785280173577,710,0,False
7100613a-595d-5b4f-a41f-b40049f43239,1785280172869,sender -> receiver,0,True,1785280173592,723,0,False
c8cba98c-df42-521a-8d4e-694f5e991817,1785280173849,sender -> receiver,0,True,1785280174541,692,0,False
1324ec64-f2f2-53ed-a37d-b657aa33766c,1785280173898,sender -> receiver,0,True,1785280174551,653,0,False
4cd0d77b-cddb-5292-9684-2bac1a90b784,1785280174879,sender -> receiver,0,True,1785280175575,696,0,False
98b21909-b6d4-5403-aaa6-2d7627e3bce6,1785280174884,sender -> receiver,0,True,1785280175623,739,0,False
ec3ef7dc-27f8-583f-9b71-d992a7391cf5,1785280175855,sender -> receiver,0,True,1785280176565,710,0,False
2daccff4-b9ea-5891-ae3b-62eb1a5d4c3a,1785280175883,sender -> receiver,0,True,1785280176574,691,0,False
ff671ae2-4bb2-5c0d-b2fd-0bf9428649c5,1785280175888,sender -> receiver,0,True,1785280176578,690,0,False
12554a39-560c-58b0-bf7c-443bca1d5efe,1785280176889,sender -> receiver,0,True,1785280177605,716,0,False
051b4302-c086-530d-983c-b90ada0e6436,1785280176894,sender -> receiver,0,True,1785280177622,728,0,False
f977f4a9-6fdd-5a61-a0ea-3bf8974e6e37,1785280177867,sender -> receiver,0,True,1785280178548,681,0,False
ee28c921-cae5-51e7-8284-2b07ec2d42d8,1785280177907,sender -> receiver,0,True,1785280178561,654,0,False
457f321f-5245-5b63-a72f-62c5e3a13da6,1785280178874,sender -> receiver,0,True,1785280179535,661,0,False
aa356a54-35f9-5cd3-9d08-0762f5a3c90a,1785280178878,sender -> receiver,0,True,1785280179590,712,0,False
ae9ac617-0fde-5860-b7a2-f0b2c891c9df,1785280178881,sender -> receiver,0,True,1785280179594,713,0,False
d3284848-5ec0-56ae-9ce9-077067dd623a,1785280179868,sender -> receiver,0,True,1785280180572,704,0,False
a0d1be91-cd28-5e3d-8543-05b14cafcadc,1785280179894,sender -> receiver,0,True,1785280180583,689,0,False
74ffb992-36f8-55fa-bc8e-ab59318bc07a,1785280180865,sender -> receiver,0,True,1785280181562,697,0,False
67860e3a-2c0b-5da2-acfe-7bf960dff36f,1785280180892,sender -> receiver,0,True,1785280181570,678,0,False
2e3a51fd-be5f-5b35-aa0b-f9c997ab81c6,1785280181856,sender -> receiver,0,True,1785280182552,696,0,False
8808232d-2858-52b0-bbd8-a2228c13f199,1785280181891,sender -> receiver,0,True,1785280182560,669,0,False
937c879b-9667-5585-b989-a9ea930f9ba2,1785280181896,sender -> receiver,0,True,1785280182606,710,0,False
be2fdb7f-9e81-5468-a046-31a27792174f,1785280182855,sender -> receiver,0,True,1785280183541,686,0,False
b30104cb-eda5-5c84-8042-7d5715bf898c,1785280182889,sender -> receiver,0,True,1785280183550,661,0,False
69601102-5cfe-5284-a871-ec6dd9fb6c78,1785280183855,sender -> receiver,0,True,1785280184539,684,0,False
c401b8f7-e400-5e87-a11b-24de0367e071,1785280183861,sender -> receiver,0,True,1785280184577,716,0,False
40a1d7d0-a921-593d-9995-7155135e9b48,1785280184860,sender -> receiver,0,True,1785280185568,708,0,False
f00034fd-0480-5940-8ebf-3c50fce792ba,1785280184862,sender -> receiver,0,True,1785280185573,711,0,False
4c84c23e-c8e7-56d6-ad96-ad5b7664f3d9,1785280184866,sender -> receiver,0,True,1785280185582,716,0,False
282ee4f6-683a-50f8-9422-741f85bf3681,1785280185853,sender -> receiver,0,True,1785280186565,712,0,False
b43b7e19-8955-5462-8745-1cee6cba5707,1785280185897,sender -> receiver,0,True,1785280186572,675,0,False
aecbf649-9c3c-5836-8b8d-2d04bc85efd3,1785280186849,sender -> receiver,0,True,1785280187546,697,0,False
e6a24e39-d5ef-5fcc-a4d6-678e63c80f24,1785280186877,sender -> receiver,0,True,1785280187555,678,0,False
14b9cf12-ff07-57df-b962-baa6765f0a7b,1785280187851,sender -> receiver,0,True,1785280188541,690,0,False
a3e3cce6-fd0e-5818-9a99-a5c444478746,1785280187872,sender -> receiver,0,True,1785280188555,683,0,False
ee5c0608-e4e8-5863-945e-fc8c50f7bc6b,1785280187875,sender -> receiver,0,True,1785280188595,720,0,False
456bcb53-a51b-5979-90ad-4fed2f0b2da9,1785280188851,sender -> receiver,0,True,1785280189574,723,0,False
3d42ea3d-22f9-5dd4-9b88-4bc81a9a54d9,1785280188858,sender -> receiver,0,True,1785280189588,730,0,False
86966b8d-aa3f-5cea-9d15-43da1fca24d5,1785280189848,sender -> receiver,0,True,1785280190671,823,0,False
94c54ac4-8c9c-5fd3-a4ef-24e86ff50810,1785280189851,sender -> receiver,0,True,1785280190679,828,0,False
c365f468-50c2-584f-be3c-723e593fa7d8,1785280190850,sender -> receiver,0,True,1785280191551,701,0,False
672543e2-eca3-57e7-9b8d-f956b65ba66b,1785280190871,sender -> receiver,0,True,1785280191653,782,0,False
c362672b-074d-5d1a-a681-9ae2aa925619,1785280190874,sender -> receiver,0,True,1785280191732,858,0,False
ef069865-80f2-598b-8dac-bd3712be327c,1785280191874,sender -> receiver,0,True,1785280192545,671,0,False
3c019eb1-79f5-5417-bf14-6153bd47ecbd,1785280191875,sender -> receiver,0,True,1785280192559,684,0,False
0493ffcd-dab9-5962-9b01-cb9fcd6e1f3d,1785280192849,sender -> receiver,0,True,1785280193574,725,0,False
133897b5-8c5c-52b2-8493-6a97cb199f1c,1785280192852,sender -> receiver,0,True,1785280193582,730,0,False
05e4f531-865f-5e1e-971d-d39e5efa776f,1785280193852,sender -> receiver,0,True,1785280194572,720,0,False
36e5ea49-5388-5c3f-992e-1ac5fd41999a,1785280193855,sender -> receiver,0,True,1785280194589,734,0,False
31d70e7e-f692-595d-828e-6f57269b2ec8,1785280193877,sender -> receiver,0,True,1785280194597,720,0,False
8a69945d-919f-5251-9c21-68ea6d40c537,1785280194851,sender -> receiver,0,True,1785280195557,706,0,False
75d525b9-a732-59ba-8479-b5d2462a1594,1785280194872,sender -> receiver,0,True,1785280195568,696,0,False
5a6571bd-d5f9-5ecc-8c5c-62d256b26bf5,1785280195895,sender -> receiver,0,True,1785280196544,649,0,False
699b7182-7bff-5819-99a1-23cc926c408b,1785280195899,sender -> receiver,0,True,1785280196593,694,0,False
fc2ca1cc-f5a5-5972-8ce7-f1b566ff6495,1785280196858,sender -> receiver,0,True,1785280197536,678,0,False
e58194f2-1c95-58ea-bf6e-074fa89eff2a,1785280196891,sender -> receiver,0,True,1785280197543,652,0,False
10a2978c-744e-52cb-98c6-c09d61154873,1785280196895,sender -> receiver,0,True,1785280197580,685,0,False
cb606ef9-2711-572d-908c-265fd39769ab,1785280197849,sender -> receiver,0,True,1785280198530,681,0,False
9207993c-2400-5ad2-8886-0fb25e0f6bdf,1785280197852,sender -> receiver,0,True,1785280198544,692,0,False
5c3a66eb-735f-5a93-8fee-73370b71ccc0,1785280198851,sender -> receiver,0,True,1785280199561,710,0,False
0f3fddbc-e561-5aeb-b8c1-d936f4905fbf,1785280198854,sender -> receiver,0,True,1785280199570,716,0,False
12b3c657-2efa-5164-8c9c-2c5cdc548775,1785280199854,sender -> receiver,0,True,1785280200551,697,0,False
6a95684e-1d38-5e9d-9aae-9cf1e4c9c609,1785280199889,sender -> receiver,0,True,1785280200560,671,0,False
21e684a8-047a-5d23-921e-0146369f65e2,1785280199895,sender -> receiver,0,True,1785280200606,711,0,False
fb252f56-3ee0-5381-96b9-03b1bd94e0d5,1785280200853,sender -> receiver,0,True,1785280201541,688,0,False
353f4715-b73c-5a48-ad1e-cb24fc2b6c23,1785280200856,sender -> receiver,0,True,1785280201548,692,0,False
a131614f-0cb5-50f1-9886-de9a4ddc9573,1785280201890,sender -> receiver,0,True,1785280202574,684,0,False
589fbad0-2eff-5b72-b698-d2af13766b25,1785280201894,sender -> receiver,0,True,1785280202580,686,0,False
56e3eb90-2890-518c-a2db-d0d574712625,1785280202856,sender -> receiver,0,True,1785280203614,758,0,False
4dd9dec0-e895-5e8c-accd-c0a4aa86e6a8,1785280202862,sender -> receiver,0,True,1785280203630,768,0,False
1816d14c-c35e-525c-b325-d87badf70fa5,1785280202866,sender -> receiver,0,True,1785280203634,768,0,False
4d9b59ff-d2e5-55f3-9377-8acc81529761,1785280203847,sender -> receiver,0,True,1785280204560,713,0,False
93462bc4-ff03-5d74-b53d-c197bbba151e,1785280203850,sender -> receiver,0,True,1785280204566,716,0,False
f2c181a2-d266-5d9f-8958-a455e754607a,1785280204861,sender -> receiver,0,True,1785280205549,688,0,False
7a715f7e-1fa9-5d7d-96b5-b32bba080b2e,1785280204891,sender -> receiver,0,True,1785280205558,667,0,False
a1df9de3-84b0-5635-aae3-aaf87939595d,1785280205864,sender -> receiver,0,True,1785280206558,694,0,False
f4dfe28c-d767-5ba5-90ca-bf7df92c2e55,1785280205895,sender -> receiver,0,True,1785280206589,694,0,False
a8a2f7f4-71a7-575b-8c3c-398359d4a0af,1785280246074,sender -> receiver,0,True,1785280246772,698,0,False
0f922d6f-788e-5eaf-a396-bf23b6b27d58,1785280246077,sender -> receiver,0,True,1785280246794,717,0,False
ed7cb6f7-4dee-5c83-ad29-9b8c22ba6a11,1785280247129,sender -> receiver,0,True,1785280247861,732,0,False
63721ab0-c358-55d4-93e8-d4e83c9e354c,1785280247136,sender -> receiver,0,True,1785280247873,737,0,False
38bef6f3-2d6c-5538-8a2a-0602f02e0f7d,1785280248073,sender -> receiver,0,True,1785280248799,726,0,False
6caca12f-c687-5630-bee0-e0de3df90d9a,1785280248094,sender -> receiver,0,True,1785280248817,723,0,False
8dd89f64-e7bf-517c-86d3-b653dd4a7ebc,1785280249084,sender -> receiver,0,True,1785280249789,705,0,False
4e9288fc-cb9a-53cf-b37d-d36c540f1218,1785280249087,sender -> receiver,0,True,1785280249797,710,0,False
2371d783-068d-5693-a39b-aeac3c672e8a,1785280250073,sender -> receiver,0,True,1785280250818,745,0,False
299bb765-5873-50b2-a7a7-14defd805ec7,1785280251121,sender -> receiver,0,True,1785280251806,685,0,False
eab126b5-3999-5be0-9ab4-069494b0d56a,1785280251128,sender -> receiver,0,True,1785280251858,730,0,False
5c04c739-4956-554f-abc6-68b80ee47fe3,1785280252116,sender -> receiver,0,True,1785280252797,681,0,False
45bca526-6d4a-565d-99d5-c34eb4266fef,1785280252123,sender -> receiver,0,True,1785280252809,686,0,False
c9dbd7da-e23a-5a5b-905f-94a7325f39c8,1785280253077,sender -> receiver,0,True,1785280253795,718,0,False
e9aec156-fe14-59e6-bb3f-61f7debe505b,1785280253080,sender -> receiver,0,True,1785280253810,730,0,False
b4fa8132-f0bf-5446-a13c-bde7d54f8620,1785280254075,sender -> receiver,0,True,1785280254824,749,0,False
bafba2b2-9b2b-5b46-900d-94b9deaaa343,1785280254078,sender -> receiver,0,True,1785280254838,760,0,False
dc51cdf3-3a25-57a0-a17a-a453b666a7e2,1785280255074,sender -> receiver,0,True,1785280255774,700,0,False
06351248-48e4-5e8f-a56e-81d988b2aeaf,1785280256081,sender -> receiver,0,True,1785280256764,683,0,False
a84618f3-b894-5ae3-b751-17d4db9e6b22,1785280256113,sender -> receiver,0,True,1785280256811,698,0,False
533bc274-d511-588e-94e0-6eade20f5c10,1785280257081,sender -> receiver,0,True,1785280257807,726,0,False
0a2906fe-f18a-5e30-8f04-fcfd5e4b023f,1785280257114,sender -> receiver,0,True,1785280257816,702,0,False
8b564ab2-54ba-5ee0-bbd4-38ba92deeda9,1785280258076,sender -> receiver,0,True,1785280258786,710,0,False
58b5ce8e-de5c-5d9f-b5a7-5fefe9504b7b,1785280258102,sender -> receiver,0,True,1785280258808,706,0,False
da9314b5-14e3-58d0-a900-940503f99381,1785280259074,sender -> receiver,0,True,1785280259787,713,0,False
200fdcc9-7643-545d-bfec-69a9dae653e1,1785280260075,sender -> receiver,0,True,1785280260761,686,0,False
be8cf95a-403c-5395-bcd7-9aa8f2512d96,1785280260095,sender -> receiver,0,True,1785280260771,676,0,False
4349f3c9-2443-5bf9-bc3c-7ba527fae7b1,1785280261098,sender -> receiver,0,True,1785280261802,704,0,False
efd25f4e-c159-52cf-b922-86354a00a3c5,1785280261101,sender -> receiver,0,True,1785280261822,721,0,False
04200003-1380-549d-86d7-b2dcaa0d8057,1785280262077,sender -> receiver,0,True,1785280262796,719,0,False
08ec9c7b-71c7-5497-aac8-4bc4086f9222,1785280262080,sender -> receiver,0,True,1785280262803,723,0,False
80ccdcae-ea44-58d4-a257-fe30b82d0fe1,1785280263074,sender -> receiver,0,True,1785280263823,749,0,False
36213599-064a-520a-a80d-c65457568411,1785280263077,sender -> receiver,0,True,1785280263835,758,0,False
d030025c-923a-516a-bcc6-415a761018bd,1785280264076,sender -> receiver,0,True,1785280264767,691,0,False
566cff5c-4f45-50ec-81de-680634e424dd,1785280265109,sender -> receiver,0,True,1785280265766,657,0,False
41b3f0d1-a05a-5d20-bfaf-ca14fd875367,1785280265115,sender -> receiver,0,True,1785280265819,704,0,False
1829ae31-5a0a-50e8-9f51-e98896353d00,1785280266094,sender -> receiver,0,True,1785280266798,704,0,False
944ef5c9-680a-5d3d-b668-ae5815399eb1,1785280266097,sender -> receiver,0,True,1785280266818,721,0,False
dbab1f2b-b8fb-51e5-a982-57a5487ade5d,1785280267076,sender -> receiver,0,True,1785280267795,719,0,False
d9be2055-3b84-58d0-be44-fb625788009e,1785280267078,sender -> receiver,0,True,1785280267805,727,0,False
627a9afe-589d-5097-95ef-7a3f14e1655e,1785280268075,sender -> receiver,0,True,1785280268781,706,0,False
0c66577c-93c8-5b82-958d-9ac442cc9eb8,1785280268079,sender -> receiver,0,True,1785280268784,705,0,False
2c182a46-1b90-5e15-b896-688ac9aafbc8,1785280269071,sender -> receiver,0,True,1785280269790,719,0,False
78412149-ee99-5268-88b5-9435f52f941c,1785280270098,sender -> receiver,0,True,1785280270804,706,0,False
06c2b230-0d7c-581c-92e4-b0c5321bce87,1785280270104,sender -> receiver,0,True,1785280270824,720,0,False
50ad5d7e-4c4a-5cea-ace2-de55814d6fd7,1785280271090,sender -> receiver,0,True,1785280271792,702,0,False
90d31b8c-97dd-5544-a499-3f48d9e579e9,1785280271096,sender -> receiver,0,True,1785280271795,699,0,False
c98d3dbc-f832-5e5d-bf3c-bdd585378f86,1785280272074,sender -> receiver,0,True,1785280272780,706,0,False
bd19ffeb-64c4-52ab-889f-9d00741b7d38,1785280272078,sender -> receiver,0,True,1785280272797,719,0,False
c671109e-2244-582d-a705-25a1d59da130,1785280273105,sender -> receiver,0,True,1785280273765,660,0,False
185ca015-9b12-5bb4-a2cd-c7ada1be79ed,1785280274108,sender -> receiver,0,True,1785280274764,656,0,False
a7943dac-6dfb-567b-bcd7-395744983afc,1785280274113,sender -> receiver,0,True,1785280274820,707,0,False
e2564f1d-c9b1-5a4a-9be3-c5c3031cc390,1785280275099,sender -> receiver,0,True,1785280275791,692,0,False
85361819-ba12-5119-84b3-d72742711df2,1785280275104,sender -> receiver,0,True,1785280275800,696,0,False
2969390e-ca25-5dab-a5e1-7427178a2a04,1785280276076,sender -> receiver,0,True,1785280276784,708,0,False
5f9d67a3-9d5f-5a1d-805f-045ad7668313,1785280276079,sender -> receiver,0,True,1785280276794,715,0,False
f62f84e6-eea9-5fe4-98cf-af2242e04b08,1785280277076,sender -> receiver,0,True,1785280277788,712,0,False
5b7eaad2-4438-55be-97bf-2db9c3cbb237,1785280277081,sender -> receiver,0,True,1785280277801,720,0,False
203a7909-54ac-543a-bb50-e6b07dd722ed,1785280278076,sender -> receiver,0,True,1785280278784,708,0,False
08fd09f0-bea8-533c-8de5-3e91ab9a71f6,1785280279126,sender -> receiver,0,True,1785280279851,725,0,False
0a0ae29e-31e9-542d-96c2-59d8129e4b49,1785280279131,sender -> receiver,0,True,1785280279867,736,0,False
43de14c4-64d0-5ce6-adab-645f153bfa05,1785280280089,sender -> receiver,0,True,1785280280793,704,0,False
0ae5f047-3bc9-5db6-98d8-aa8584a2dd77,1785280280094,sender -> receiver,0,True,1785280280799,705,0,False
3f28ff20-c6c8-52c5-93f1-dda6601be0f9,1785280281124,sender -> receiver,0,True,1785280281780,656,0,False
494f676b-9f55-5917-a89b-b901568dbef3,1785280281131,sender -> receiver,0,True,1785280281838,707,0,False
1ea0b73f-849e-5fa8-9c8c-a26b47d72600,1785280282077,sender -> receiver,0,True,1785280282769,692,0,False
17b05436-54b4-59d5-90af-99c3a04679d6,1785280282104,sender -> receiver,0,True,1785280282784,680,0,False
85864b5f-4981-5f0e-9fe9-8a39cb100a3a,1785280283073,sender -> receiver,0,True,1785280283763,690,0,False
47075096-c7b9-5014-bf5f-3df48b5863e8,1785280284076,sender -> receiver,0,True,1785280284790,714,0,False
6469eb77-4195-529f-9416-2e7d47c2eae1,1785280284099,sender -> receiver,0,True,1785280284803,704,0,False
7bc5e42d-a6a6-5233-b8be-c2bf048449b6,1785280285112,sender -> receiver,0,True,1785280285781,669,0,False
897e640a-679f-510c-aa50-2a04685fb487,1785280285116,sender -> receiver,0,True,1785280285835,719,0,False
403ea71c-1c5b-5d37-84e5-f562705ec6f7,1785280286075,sender -> receiver,0,True,1785280286780,705,0,False
31a5701d-b943-55cd-b9ae-4d3689f2bf30,1785280286078,sender -> receiver,0,True,1785280286804,726,0,False
fb0999f6-d0c9-5d05-933e-134a69151df1,1785280287082,sender -> receiver,0,True,1785280287784,702,0,False
017ca5c1-b08e-5d5c-bde9-17fb14a1497a,1785280288081,sender -> receiver,0,True,1785280288794,713,0,False
97eb778e-c9a2-5494-b1d0-9976137662c0,1785280288114,sender -> receiver,0,True,1785280288803,689,0,False
03719778-cc82-58fd-a070-5694684bfd83,1785280289081,sender -> receiver,0,True,1785280289805,724,0,False
a0dfaca3-f337-5840-b200-4dc28f4291be,1785280289085,sender -> receiver,0,True,1785280289812,727,0,False
69d25e7c-e4a6-5dd7-818c-07a3f03bb01d,1785280290078,sender -> receiver,0,True,1785280290776,698,0,False
0c19db77-0330-550c-934b-bd225ead2c51,1785280290120,sender -> receiver,0,True,1785280290783,663,0,False
f00ae808-ac35-5d20-8a58-ea9eadfe84d7,1785280291096,sender -> receiver,0,True,1785280291786,690,0,False
1d6a203b-da9e-5aeb-bfe9-a84719e9f0fb,1785280291100,sender -> receiver,0,True,1785280291837,737,0,False
ad47593c-4be5-5d5b-852a-31c05bf0e9b4,1785280292079,sender -> receiver,0,True,1785280292767,688,0,False
092d9307-84bd-5b60-8c48-3226128cf9c8,1785280293095,sender -> receiver,0,True,1785280293813,718,0,False
48b032f9-ec0f-5361-96df-8733bb294e41,1785280293101,sender -> receiver,0,True,1785280293836,735,0,False
097f0635-6a29-582b-9e60-54b69a3314c3,1785280294127,sender -> receiver,0,True,1785280294826,699,0,False
ec2faa3c-bc73-5b0a-8d1b-81ef3be91773,1785280294134,sender -> receiver,0,True,1785280294834,700,0,False
33528b66-47d5-5777-aae1-108ce633000f,1785280295074,sender -> receiver,0,True,1785280295771,697,0,False
0a74633c-9f26-549e-b638-17383fa4bc25,1785280295095,sender -> receiver,0,True,1785280295781,686,0,False
0d6307a9-1892-5139-92af-62cc78417bcd,1785280296082,sender -> receiver,0,True,1785280296763,681,0,False
8f0a853e-f931-55b6-9080-a3480f132414,1785280296087,sender -> receiver,0,True,1785280296775,688,0,False
ee2e6766-25ee-5b90-bf68-c2e383f0fe60,1785280297093,sender -> receiver,0,True,1785280297820,727,0,False
9ed1ef95-65b2-50cc-a88f-4638f53b9b3b,1785280298075,sender -> receiver,0,True,1785280298793,718,0,False
a6581146-c8aa-5112-99ff-b830a15fc16f,1785280298078,sender -> receiver,0,True,1785280298801,723,0,False
fe232475-68c0-56ec-8188-0e5932ad1694,1785280299075,sender -> receiver,0,True,1785280299784,709,0,False
14805680-8e52-5e31-8a79-4c1ab0b4bfcc,1785280299079,sender -> receiver,0,True,1785280299803,724,0,False
aa617789-31fd-5c3c-81ad-89a8d1006081,1785280300082,sender -> receiver,0,True,1785280300778,696,0,False
bfd5fff7-b594-54fb-8a01-a3c8dcc2d013,1785280300118,sender -> receiver,0,True,1785280300786,668,0,False
096745fc-d1a8-5ed3-82ef-0c154e2f5825,1785280301074,sender -> receiver,0,True,1785280301756,682,0,False
9c5b22a2-49fd-5e45-80c2-e2610d56dcec,1785280341789,sender -> receiver,0,True,1785280342538,749,0,False
3a91bfde-7336-56ce-b6ae-61b928591cf3,1785280341791,sender -> receiver,0,True,1785280342545,754,0,False
f2aca1a0-82f8-5022-ae3f-13571e8c4db3,1785280342811,sender -> receiver,0,True,1785280343518,707,0,False
8af34a87-5f70-5474-86af-10a182b6e4e0,1785280342814,sender -> receiver,0,True,1785280343530,716,0,False
56f90a71-5f59-5bf3-9767-0370f1b20714,1785280343799,sender -> receiver,0,True,1785280344508,709,0,False
292da06b-8397-5b07-b4d7-1b58f6be2714,1785280343803,sender -> receiver,0,True,1785280344518,715,0,False
6fb00edc-4d43-5d02-b0e0-49b97c6ac777,1785280344794,sender -> receiver,0,True,1785280345518,724,0,False
c4d9262b-2877-5517-b873-779c6b0025d6,1785280344798,sender -> receiver,0,True,1785280345525,727,0,False
cb304fd6-03fc-5d7b-9e85-03664571dbe6,1785280345808,sender -> receiver,0,True,1785280346491,683,0,False
8f111065-cbc7-530b-bf7b-04828039fa3b,1785280346808,sender -> receiver,0,True,1785280347538,730,0,False
f6f3d2b8-7283-5db1-a4d8-7141722e9aa7,1785280346817,sender -> receiver,0,True,1785280347543,726,0,False
d9a18619-0d20-5c98-ba71-d7196393d606,1785280347794,sender -> receiver,0,True,1785280348513,719,0,False
1932a0b7-6022-5140-a56a-4e6cb3854447,1785280347798,sender -> receiver,0,True,1785280348523,725,0,False
88945ef3-ff4e-5ab8-9b4a-8798046b0874,1785280348813,sender -> receiver,0,True,1785280349500,687,0,False
766a74b6-3bb8-5960-9884-0c40deaf33d9,1785280348816,sender -> receiver,0,True,1785280349508,692,0,False
a7b8b145-75e3-59cd-b304-62fee65ac934,1785280349805,sender -> receiver,0,True,1785280350500,695,0,False
80dd05ab-4a7f-52e5-8dd2-bf47a9a40fc5,1785280349809,sender -> receiver,0,True,1785280350506,697,0,False
50a8bf79-ef69-5918-bf30-5414d5f88038,1785280350790,sender -> receiver,0,True,1785280351479,689,0,False
f4bbe196-3291-586e-8f43-4a12c3a2e421,1785280351792,sender -> receiver,0,True,1785280352479,687,0,False
221f2c84-e495-5d96-9b19-23e63c92e0f9,1785280351796,sender -> receiver,0,True,1785280352487,691,0,False
816dd009-599a-5175-96cd-0dc3110d619d,1785280352793,sender -> receiver,0,True,1785280353510,717,0,False
955bf072-942b-5b04-b001-36dc769947d1,1785280352796,sender -> receiver,0,True,1785280353520,724,0,False
d32ee4b2-392a-5889-9260-458c46646716,1785280353806,sender -> receiver,0,True,1785280354496,690,0,False
ca4f4654-603b-5be3-abc3-bb7a8202699f,1785280353813,sender -> receiver,0,True,1785280354542,729,0,False
dd89a4ac-b86c-593e-bfa0-99505cca3063,1785280354790,sender -> receiver,0,True,1785280355513,723,0,False
429d5e2d-bb22-56c1-813b-5e89abf83d4b,1785280355794,sender -> receiver,0,True,1785280356502,708,0,False
d735683b-cdb2-55e0-948b-4f72841e58e8,1785280355798,sender -> receiver,0,True,1785280356507,709,0,False
87a60b17-a335-511a-8503-eb1af6211bb2,1785280356822,sender -> receiver,0,True,1785280357512,690,0,False
a503157b-bbc6-5b82-a747-d189fc60640e,1785280356826,sender -> receiver,0,True,1785280357524,698,0,False
a9000193-d971-5940-baf7-9a7371ce226f,1785280357804,sender -> receiver,0,True,1785280358502,698,0,False
dafa82f8-b3f3-5834-9209-d2485f148b2d,1785280357808,sender -> receiver,0,True,1785280358513,705,0,False
625a8b29-c1d5-50af-a607-7f7df69aa9d0,1785280358808,sender -> receiver,0,True,1785280359497,689,0,False
5ff5f981-fa8d-541c-b6ae-920726bc85f0,1785280358816,sender -> receiver,0,True,1785280359504,688,0,False
8100268f-cb91-568e-a983-bbbec64cf92d,1785280359791,sender -> receiver,0,True,1785280360496,705,0,False
5cf8932c-427a-5c27-ba8a-6abb0222b182,1785280360796,sender -> receiver,0,True,1785280361517,721,0,False
2bd5c4fc-e8d3-591b-a57f-ab6d6b960c72,1785280360800,sender -> receiver,0,True,1785280361560,760,0,False
f3b3a7cd-e2dd-58a1-8616-580f34f684d0,1785280361792,sender -> receiver,0,True,1785280362507,715,0,False
b64ace1d-cc85-517e-834b-4d773410eb06,1785280361795,sender -> receiver,0,True,1785280362519,724,0,False
3e891a91-20c0-586b-b99f-9dfeeee55cf1,1785280362798,sender -> receiver,0,True,1785280363497,699,0,False
ad122ce2-7355-5b1f-b893-5d7813f56928,1785280362803,sender -> receiver,0,True,1785280363512,709,0,False
ba6dafc0-b881-5ab7-aef3-c45c23573771,1785280363797,sender -> receiver,0,True,1785280364496,699,0,False
7866548c-0451-5348-bb0b-ef656bdd5220,1785280363802,sender -> receiver,0,True,1785280364503,701,0,False
2509d43b-6f42-5e45-a6cb-db2e8ea1a51a,1785280364789,sender -> receiver,0,True,1785280365513,724,0,False
785c5896-ef22-5420-b8be-cf9637daffbb,1785280365809,sender -> receiver,0,True,1785280366516,707,0,False
c804223f-3254-5c67-a137-54b5288fe86e,1785280365816,sender -> receiver,0,True,1785280366525,709,0,False
839bc8f0-8a36-5a0e-bcb5-200bceef1075,1785280366840,sender -> receiver,0,True,1785280367557,717,0,False
3bb7c080-1771-5653-a9ff-419a6e0d9dc0,1785280366848,sender -> receiver,0,True,1785280367561,713,0,False
b10dcbc5-83c6-510d-8ba7-78bd00dd7d98,1785280367799,sender -> receiver,0,True,1785280368494,695,0,False
c395293d-bf69-5fbc-bdb1-c7edbe95081f,1785280367803,sender -> receiver,0,True,1785280368506,703,0,False
f3365715-d277-5ae2-a132-ca09717321e6,1785280368841,sender -> receiver,0,True,1785280369526,685,0,False
e77b0202-03d6-5659-825d-90f3100e70be,1785280369798,sender -> receiver,0,True,1785280370520,722,0,False
883df313-32ec-5ec3-9bb5-3306f3319a24,1785280369803,sender -> receiver,0,True,1785280370529,726,0,False
ca13d3f4-8163-5922-9863-4d0d8237a076,1785280370818,sender -> receiver,0,True,1785280371505,687,0,False
dfa6b752-208e-5138-9883-c301e26aaf43,1785280370822,sender -> receiver,0,True,1785280371512,690,0,False
71099058-02ad-5281-a0bd-77ab483bf354,1785280371810,sender -> receiver,0,True,1785280372494,684,0,False
b22f034a-26d2-53f1-a1c0-393c7cf5fbb8,1785280371812,sender -> receiver,0,True,1785280372500,688,0,False
669812b4-03da-5502-a36a-eb96d61c38b3,1785280372809,sender -> receiver,0,True,1785280373484,675,0,False
8799171e-48e9-58ff-a8fb-f9bdf981cc97,1785280372814,sender -> receiver,0,True,1785280373490,676,0,False
76706fb6-e015-5734-9e16-66e72b1464c4,1785280373793,sender -> receiver,0,True,1785280374523,730,0,False
459b1489-95d4-5995-9b2f-2bca3833faa6,1785280374790,sender -> receiver,0,True,1785280375503,713,0,False
acb54f11-9f6a-5cf6-b395-6248fc4c3907,1785280374794,sender -> receiver,0,True,1785280375509,715,0,False
101da16a-6307-5235-b8fe-aa84f090bc2a,1785280375799,sender -> receiver,0,True,1785280376499,700,0,False
abcc1a7f-783a-5873-a5a5-85882252f74f,1785280375804,sender -> receiver,0,True,1785280376506,702,0,False
39841ef7-e2c9-5660-ae88-269cf13907ec,1785280376794,sender -> receiver,0,True,1785280377545,751,0,False
992c5269-b922-5c4c-8280-27dafe2adb14,1785280376798,sender -> receiver,0,True,1785280377552,754,0,False
01961c09-6703-59ab-9cb7-3c7a43cbdf73,1785280377798,sender -> receiver,0,True,1785280378489,691,0,False
f80cd6a9-823d-54ed-8242-c9a9131a39c1,1785280377803,sender -> receiver,0,True,1785280378497,694,0,False
ae0c00eb-6f06-520e-9663-6172c4807c1b,1785280378802,sender -> receiver,0,True,1785280379517,715,0,False
f450181c-975f-5e78-b2e8-ad2d41db067a,1785280379796,sender -> receiver,0,True,1785280380554,758,0,False
39a60cdc-65ac-5c15-8ee2-76730f053481,1785280379827,sender -> receiver,0,True,1785280380574,747,0,False
1730fa37-fcbb-5a58-99ed-579ac80bbef3,1785280380795,sender -> receiver,0,True,1785280381616,821,0,False
37d46670-ade9-52cc-ac4e-223f9b02c567,1785280380799,sender -> receiver,0,True,1785280381631,832,0,False
ae0907a4-4f6d-50af-a6da-59594609b1eb,1785280381796,sender -> receiver,0,True,1785280382488,692,0,False
edef8b74-0739-5379-9be5-f7626064ade0,1785280381801,sender -> receiver,0,True,1785280382497,696,0,False
b3df861f-aa14-5dfd-9457-7d6e17538314,1785280382813,sender -> receiver,0,True,1785280383518,705,0,False
82f52c4b-2488-5152-97c3-4927d1fbc2fd,1785280383806,sender -> receiver,0,True,1785280384521,715,0,False
fa02cbbe-507c-51e6-a6fc-da3d104407e6,1785280383839,sender -> receiver,0,True,1785280384526,687,0,False
03185887-61fa-5f75-9391-377c0d018bb4,1785280384792,sender -> receiver,0,True,1785280385509,717,0,False
a2566174-235d-5eb2-a887-2bc75995cff8,1785280384795,sender -> receiver,0,True,1785280385513,718,0,False
6d8b51ff-5e85-5560-8443-8a0e5eeb6c3d,1785280385794,sender -> receiver,0,True,1785280386502,708,0,False
b487fee5-cbcc-593a-9b7f-df265ff4d6b8,1785280385802,sender -> receiver,0,True,1785280386509,707,0,False
ef1d5f1a-3bd7-5c84-9acd-58df13b1e9b2,1785280386804,sender -> receiver,0,True,1785280387525,721,0,False
36096c4a-bf6c-51fa-935d-c461fff7770a,1785280386842,sender -> receiver,0,True,1785280387535,693,0,False
11470928-78e0-54e0-8d1b-d204ff403008,1785280387796,sender -> receiver,0,True,1785280388516,720,0,False
5a809b6c-dada-53d5-bb09-831a3209265b,1785280388794,sender -> receiver,0,True,1785280389511,717,0,False
8179ab6b-961d-5f8e-afbd-c665bb25fab7,1785280388819,sender -> receiver,0,True,1785280389520,701,0,False
bbdf7a67-88e4-552c-935a-201d92bba492,1785280389798,sender -> receiver,0,True,1785280390499,701,0,False
e3859830-564d-5c21-9efd-0178a57a7683,1785280389804,sender -> receiver,0,True,1785280390509,705,0,False
7a24882f-1683-589e-95df-9eece753e712,1785280390798,sender -> receiver,0,True,1785280391498,700,0,False
cf5e6e3e-2c1e-5a6d-ba0a-d90e0bc3d3a3,1785280390804,sender -> receiver,0,True,1785280391505,701,0,False
cd9ee965-d5b8-5e8d-88b9-fd3c18816b14,1785280391797,sender -> receiver,0,True,1785280392508,711,0,False
ecf941f0-727c-59a7-92ee-19270d525a5c,1785280391801,sender -> receiver,0,True,1785280392516,715,0,False
acdeac5d-2c32-5317-8423-707387535c90,1785280392795,sender -> receiver,0,True,1785280393557,762,0,False
577624d4-18a3-5868-9824-4a24c9a9925d,1785280393794,sender -> receiver,0,True,1785280394498,704,0,False
a6b3fac1-d21e-5d64-8f48-fa3cfc9dde8e,1785280393798,sender -> receiver,0,True,1785280394507,709,0,False
7271da9d-ee4e-551b-8156-e55e690f1246,1785280394832,sender -> receiver,0,True,1785280395550,718,0,False
7ad84b9c-b176-5a2c-ab16-73cb1319a7e0,1785280394839,sender -> receiver,0,True,1785280395555,716,0,False
6f8239c3-afb9-5f1f-81a3-d63d98b9ebbc,1785280395798,sender -> receiver,0,True,1785280396524,726,0,False
ed68307b-6729-5047-b68f-3063165aba99,1785280395807,sender -> receiver,0,True,1785280396538,731,0,False
b62709a8-203c-5583-8a69-7e583ab3518c,1785280396807,sender -> receiver,0,True,1785280397514,707,0,False
9fb83864-5460-51d8-8d14-0791bb8f256c,1785280436986,sender -> receiver,0,True,1785280437703,717,0,False
f8a6cef2-b560-5a7b-8c3f-ee330d9485ed,1785280436988,sender -> receiver,0,True,1785280437714,726,0,False
5ad6c781-948d-5cb7-afa6-30fc8398d62c,1785280437987,sender -> receiver,0,True,1785280438699,712,0,False
c967656e-33cd-51e7-911c-3c0d0c492f1a,1785280437990,sender -> receiver,0,True,1785280438705,715,0,False
14e57d05-4fec-5de3-a5ff-932c34ab7aa9,1785280439052,sender -> receiver,0,True,1785280439737,685,0,False
5d8f9bd5-e204-59c9-ab49-898a6d427a50,1785280439057,sender -> receiver,0,True,1785280439801,744,0,False
c3f83582-54d2-581b-bfcc-e3f6cb5c050f,1785280439994,sender -> receiver,0,True,1785280440676,682,0,False
51fdab75-509d-512a-b759-d63594edc3cb,1785280439997,sender -> receiver,0,True,1785280440758,761,0,False
126e5a34-f555-54e8-8b60-a2ec5f1eca21,1785280440992,sender -> receiver,0,True,1785280441721,729,0,False
27626ca9-2aa1-5105-9dbf-3fb5ae6f8660,1785280441983,sender -> receiver,0,True,1785280442698,715,0,False
9c911164-1b6c-5e7a-981f-20555aed3d22,1785280441985,sender -> receiver,0,True,1785280442714,729,0,False
a90b4262-49f0-5007-abb0-1e0e2382a7bd,1785280442992,sender -> receiver,0,True,1785280443740,748,0,False
bdd05f38-33fa-5fca-aaf7-a4ba0d894610,1785280442996,sender -> receiver,0,True,1785280443766,770,0,False
9f3b8392-4f5a-57cb-a9c3-4a3050d30c6d,1785280443985,sender -> receiver,0,True,1785280444683,698,0,False
6d11a59e-54bc-58df-ba79-6360fa4162b4,1785280443998,sender -> receiver,0,True,1785280444700,702,0,False
88d68987-9423-5944-9a7f-8a2764e99906,1785280444997,sender -> receiver,0,True,1785280445710,713,0,False
ed29f09a-3363-53e6-8855-663ac0354cdc,1785280444999,sender -> receiver,0,True,1785280445721,722,0,False
53ebbfc2-b51d-594d-963f-fb24ef5c41ff,1785280446015,sender -> receiver,0,True,1785280446709,694,0,False
804caccf-f27b-5811-bdea-d7035a56e1a1,1785280446985,sender -> receiver,0,True,1785280447741,756,0,False
2fd6a8da-63d1-5c6a-88f9-cb579a9c0d85,1785280446987,sender -> receiver,0,True,1785280447755,768,0,False
3eb14272-245d-5746-bf38-1eadcac72497,1785280447985,sender -> receiver,0,True,1785280448678,693,0,False
55a43730-2ae0-55d3-88b7-98ffebeeba43,1785280447987,sender -> receiver,0,True,1785280448723,736,0,False
b41c8143-b9a8-53fb-9d19-cdb367c045be,1785280448991,sender -> receiver,0,True,1785280449677,686,0,False
e099b9c4-033e-5a3b-867a-368af02016f7,1785280448994,sender -> receiver,0,True,1785280449751,757,0,False
6005f931-2a90-5c77-bace-c21d7559c5df,1785280449989,sender -> receiver,0,True,1785280450713,724,0,False
d816b231-8cd1-5e1d-862d-fedfce048d3c,1785280450987,sender -> receiver,0,True,1785280451697,710,0,False
bfe78f03-08f7-5a87-b95c-f3d74d3123df,1785280450989,sender -> receiver,0,True,1785280451707,718,0,False
059418f0-3ee3-556e-ba95-bc33da204038,1785280452007,sender -> receiver,0,True,1785280452690,683,0,False
f2a8baf5-0934-528e-acca-d27fda3e5d08,1785280452009,sender -> receiver,0,True,1785280452711,702,0,False
4185e2bc-97b1-5b0d-ac76-7b8efd0ead65,1785280452987,sender -> receiver,0,True,1785280453681,694,0,False
b3c6f9a7-e461-5240-9507-09694833b203,1785280452996,sender -> receiver,0,True,1785280453694,698,0,False
bf39dda8-e240-5b95-a946-6201ada80658,1785280453988,sender -> receiver,0,True,1785280454676,688,0,False
09408a47-5716-57be-a92a-3add3dbc2c84,1785280454025,sender -> receiver,0,True,1785280454695,670,0,False
95617425-f7ab-5895-9f01-4e20899f74bb,1785280454987,sender -> receiver,0,True,1785280455708,721,0,False
e3291a18-c91f-5c8e-96b3-c0ca82612491,1785280455992,sender -> receiver,0,True,1785280456703,711,0,False
6a1da618-064e-5c35-ae81-2d43c478342d,1785280456008,sender -> receiver,0,True,1785280456753,745,0,False
041131b3-d66a-50fb-81be-2a85c25257b8,1785280457004,sender -> receiver,0,True,1785280457686,682,0,False
61b4ac05-9d98-549c-aee0-026950c404df,1785280457030,sender -> receiver,0,True,1785280457760,730,0,False
2119ca79-b365-599c-a99c-70153ad13d2a,1785280457988,sender -> receiver,0,True,1785280458674,686,0,False
a4e9f50a-f6fd-598a-9a10-8def0c9d8e63,1785280457990,sender -> receiver,0,True,1785280458688,698,0,False
62fec236-a8ce-5d04-a848-5273147dc304,1785280459038,sender -> receiver,0,True,1785280459750,712,0,False
f7cd6cb0-7a58-526f-8df6-1e9a9dac75e3,1785280459043,sender -> receiver,0,True,1785280459758,715,0,False
0cb40a2f-2a6d-5433-b249-99e2ed08022c,1785280459996,sender -> receiver,0,True,1785280460697,701,0,False
33503dfd-6af2-50e4-9231-0fe65eb1f6c5,1785280460998,sender -> receiver,0,True,1785280461688,690,0,False
bbb1e8e9-9b6c-5ef2-b4b9-2e9c5fb68591,1785280460999,sender -> receiver,0,True,1785280461700,701,0,False
7d737f01-ca21-56e8-833b-d4e3372fef8d,1785280461992,sender -> receiver,0,True,1785280462701,709,0,False
d3f4fd67-5759-5d7e-8c17-9f89007e1f92,1785280461996,sender -> receiver,0,True,1785280462709,713,0,False
d7d4fc58-9e04-5ec6-9c38-a04491e069d9,1785280463003,sender -> receiver,0,True,1785280463719,716,0,False
bbf8f0c0-df14-53d3-b642-77eff2199194,1785280463006,sender -> receiver,0,True,1785280463738,732,0,False
3be590d0-7a95-59a9-b8cc-357c50371275,1785280463982,sender -> receiver,0,True,1785280464743,761,0,False
6ab6e61b-5942-5887-a678-680c1b35c834,1785280464991,sender -> receiver,0,True,1785280465698,707,0,False
956cfadb-421c-5ce7-b528-0cba322c5e75,1785280464994,sender -> receiver,0,True,1785280465720,726,0,False
83dd7fd4-a134-50f6-a181-fa7d9a6e7aef,1785280465987,sender -> receiver,0,True,1785280466690,703,0,False
d2f194a0-3ed0-5603-8e92-404be5ec4790,1785280465990,sender -> receiver,0,True,1785280466701,711,0,False
14edf068-41c4-5795-964f-c772464dd586,1785280466984,sender -> receiver,0,True,1785280467682,698,0,False
e0abc6b0-0999-504c-a845-6f8d2526704f,1785280466992,sender -> receiver,0,True,1785280467700,708,0,False
77ef9139-f154-5358-8579-f9b7e8b0717d,1785280467991,sender -> receiver,0,True,1785280468736,745,0,False
ba63dcfe-18eb-5fc4-969a-30f316857a3c,1785280468003,sender -> receiver,0,True,1785280468742,739,0,False
a13f8de2-50cb-5e19-b9fd-7c79540fc265,1785280468995,sender -> receiver,0,True,1785280469694,699,0,False
3890a6c4-80e7-56e2-bfcc-91e0cabd05f0,1785280470017,sender -> receiver,0,True,1785280470736,719,0,False
a11304b9-4e5e-573e-bc4b-862fa009ee1c,1785280470021,sender -> receiver,0,True,1785280470753,732,0,False
8a142d73-b51a-5824-b44b-5172abec8a62,1785280471011,sender -> receiver,0,True,1785280471724,713,0,False
e17e649d-867b-53d1-88d6-6c4bb6110dfa,1785280471016,sender -> receiver,0,True,1785280471741,725,0,False
a086352a-161a-50a3-a3c3-fc6e541e2a46,1785280471984,sender -> receiver,0,True,1785280472715,731,0,False
fc17660c-83e2-504f-9d98-5488ef3e3efd,1785280471987,sender -> receiver,0,True,1785280472720,733,0,False
f934dd3b-dca9-52c5-976f-05fa8d29cc0c,1785280472995,sender -> receiver,0,True,1785280473748,753,0,False
169528dd-60a8-5a1d-b422-97424dfd3803,1785280473001,sender -> receiver,0,True,1785280473757,756,0,False
b910c348-b120-5a8a-bf29-1fbbd532c71b,1785280473987,sender -> receiver,0,True,1785280474700,713,0,False
17a36770-e0e4-5e31-86c0-0eb04ec95b25,1785280475013,sender -> receiver,0,True,1785280475731,718,0,False
34e20a60-9deb-58b0-9600-33c086f390ab,1785280475017,sender -> receiver,0,True,1785280475749,732,0,False
bd648a89-06bf-50fa-bf0d-6a98bbdc81b9,1785280475991,sender -> receiver,0,True,1785280476723,732,0,False
7a59345d-743e-53a3-b583-e280cf4f9efc,1785280475994,sender -> receiver,0,True,1785280476740,746,0,False
180e1907-fd61-5719-91ba-25f3e3e53a06,1785280477017,sender -> receiver,0,True,1785280477714,697,0,False
e2ea1dec-1c32-5052-8af8-cdc5ca4b8ff9,1785280477019,sender -> receiver,0,True,1785280477728,709,0,False
f5506e70-2849-5b48-a1f5-8cc03346bd0e,1785280477991,sender -> receiver,0,True,1785280478707,716,0,False
a29ee66b-0ac2-539e-983d-b7b8dbd80956,1785280478991,sender -> receiver,0,True,1785280479693,702,0,False
9ceed1ee-c083-56d9-a8c5-a305ceab60a4,1785280478993,sender -> receiver,0,True,1785280479714,721,0,False
8ee87ac2-4a6d-53db-8d75-393619cdeb20,1785280479996,sender -> receiver,0,True,1785280480678,682,0,False
57bf4c53-c522-5a1a-9d53-6c58e1e1458f,1785280479999,sender -> receiver,0,True,1785280480691,692,0,False
43392ba9-0726-59f2-9ec1-2094a1ec5b41,1785280480985,sender -> receiver,0,True,1785280481667,682,0,False
8d48aaab-a289-5637-8a69-ff1c924e7e33,1785280480986,sender -> receiver,0,True,1785280481677,691,0,False
1d1071b6-635e-5b63-823e-4685ec7cad75,1785280481997,sender -> receiver,0,True,1785280482754,757,0,False
4408f58a-d587-5531-bd22-2c81cddd2f0a,1785280482000,sender -> receiver,0,True,1785280482777,777,0,False
0fa15da0-86c7-58a7-9532-d7fd0598d1b8,1785280482982,sender -> receiver,0,True,1785280483703,721,0,False
00100dbc-18b4-50d3-936f-96546dba1fa2,1785280484011,sender -> receiver,0,True,1785280484733,722,0,False
91f70be6-2366-58c8-8f8e-ab46abd45ff6,1785280484015,sender -> receiver,0,True,1785280484741,726,0,False
739b6b17-8469-584b-a053-6b43d0ce7190,1785280485031,sender -> receiver,0,True,1785280485785,754,0,False
371c5980-9f0f-50cf-89b2-9d28638e3505,1785280485037,sender -> receiver,0,True,1785280485794,757,0,False
a0f11789-3937-5c01-b032-070a3dde77f9,1785280485997,sender -> receiver,0,True,1785280486708,711,0,False
e931a5a0-856b-55b7-b921-b483078e81c7,1785280486000,sender -> receiver,0,True,1785280486760,760,0,False
cceb7b6b-7585-5ea4-b872-feddc586fc4b,1785280487008,sender -> receiver,0,True,1785280487705,697,0,False
7e54c6cc-117b-53b1-b04a-e9b22a8f3c47,1785280487016,sender -> receiver,0,True,1785280487722,706,0,False
fd037810-4040-54cb-95e7-664fb0703c82,1785280488030,sender -> receiver,0,True,1785280488745,715,0,False
78e750c9-18fb-5b56-9231-d3a0a4aaaa24,1785280489012,sender -> receiver,0,True,1785280489722,710,0,False
3e3a6afa-f6c0-5040-afb9-d75ed36754bb,1785280489018,sender -> receiver,0,True,1785280489732,714,0,False
6e3109fa-f079-5ef3-962c-3f41bc5fe4e9,1785280490001,sender -> receiver,0,True,1785280490713,712,0,False
72c8ed3f-0d75-5fcf-a128-f2d358b3fe6c,1785280490006,sender -> receiver,0,True,1785280490728,722,0,False
3f275377-5edd-5c7a-9d13-59c32a24b13c,1785280490992,sender -> receiver,0,True,1785280491712,720,0,False
25cf3a79-bbad-5d2a-891c-f6fcfd72e80a,1785280490994,sender -> receiver,0,True,1785280491722,728,0,False
33308383-0ea4-5a36-95c4-aefe29ab58a0,1785280492008,sender -> receiver,0,True,1785280492698,690,0,False
c3ba4e7a-78df-5e83-9685-9351f2e68b2e,1785280532701,sender -> receiver,0,True,1785280533384,683,0,False
9cbaa17a-934d-5c37-9e7a-90b6b1f061fd,1785280532705,sender -> receiver,0,True,1785280533451,746,0,False
14ed3a91-5df7-5ed8-a12e-22da052258ee,1785280533672,sender -> receiver,0,True,1785280534417,745,0,False
cb3461bc-9efa-553d-95b2-925b4da3169c,1785280533677,sender -> receiver,0,True,1785280534434,757,0,False
56f5c65f-c29a-5640-a757-62705face3d9,1785280534662,sender -> receiver,0,True,1785280535404,742,0,False
26cce0af-0e50-5074-9173-757d40e11981,1785280534666,sender -> receiver,0,True,1785280535420,754,0,False
7ceaa62a-c743-53ca-a944-8c00297e23c4,1785280535649,sender -> receiver,0,True,1785280536357,708,0,False
f2cf9f8f-90f5-5067-b746-c5a693eeedb8,1785280535651,sender -> receiver,0,True,1785280536367,716,0,False
34bb9b2e-28ba-5448-a2ec-04aea65bdc64,1785280536672,sender -> receiver,0,True,1785280537396,724,0,False
2deaaf1d-9c7b-508e-b118-2badbb3fc30e,1785280536678,sender -> receiver,0,True,1785280537408,730,0,False
1eeb9bc0-13a8-5932-af58-9e2ea2bad3ad,1785280537686,sender -> receiver,0,True,1785280538392,706,0,False
57efeca5-dc09-5289-8b44-c806e7546399,1785280538671,sender -> receiver,0,True,1785280539386,715,0,False
c1e533b4-21ae-5b73-99d8-67def2db3b31,1785280538675,sender -> receiver,0,True,1785280539398,723,0,False
d9bbd79e-55a5-51a3-9484-681609877222,1785280539662,sender -> receiver,0,True,1785280540368,706,0,False
b85aa3fc-a5bc-5228-b36a-acfa6fc7899f,1785280539666,sender -> receiver,0,True,1785280540379,713,0,False
8397bc3d-2c93-5317-b743-24e7e42b8603,1785280540676,sender -> receiver,0,True,1785280541430,754,0,False
10194b65-c9d2-5b20-96f3-5d8872bdca38,1785280540682,sender -> receiver,0,True,1785280541446,764,0,False
5a04e0f7-b364-5f91-9853-484385d19e1c,1785280541654,sender -> receiver,0,True,1785280542441,787,0,False
73fc0f7f-e720-5631-8920-23b4921745a9,1785280541674,sender -> receiver,0,True,1785280542451,777,0,False
75a6b6a1-a2aa-5d22-aec6-5b9530fb6b3e,1785280542639,sender -> receiver,0,True,1785280543388,749,0,False
1e84989d-7476-5d51-9186-2bbc5f85eda8,1785280543717,sender -> receiver,0,True,1785280544405,688,0,False
ee27cc8f-ddc6-5420-ac78-eb936afa1aee,1785280543724,sender -> receiver,0,True,1785280544421,697,0,False
12167af1-a636-5224-9f68-2e9e373dcd2a,1785280544658,sender -> receiver,0,True,1785280545364,706,0,False
8bae10eb-3931-5ece-a764-f6b5e2d6801d,1785280544685,sender -> receiver,0,True,1785280545378,693,0,False
dcdd61bb-5c26-57e7-a8c0-66724768e7b8,1785280545644,sender -> receiver,0,True,1785280546372,728,0,False
93fe0a80-e262-541e-b373-3b1f9528bce9,1785280545663,sender -> receiver,0,True,1785280546384,721,0,False
a33688ec-1c64-54c6-8e4d-6fb4ede85bc4,1785280546670,sender -> receiver,0,True,1785280547401,731,0,False
e38ad9cc-875c-5828-af4f-629725a6f463,1785280546673,sender -> receiver,0,True,1785280547418,745,0,False
193b1858-865b-54fb-92c1-6d7ce392dff2,1785280547670,sender -> receiver,0,True,1785280548387,717,0,False
f859d31d-81e3-5478-a522-ce265cf38cd7,1785280547673,sender -> receiver,0,True,1785280548412,739,0,False
fcf87ae5-85ff-5f73-9753-50edd586e9a9,1785280548663,sender -> receiver,0,True,1785280549391,728,0,False
7591da2c-9942-592c-a484-756dda716a40,1785280549699,sender -> receiver,0,True,1785280550387,688,0,False
866f71cb-224b-5a85-bc30-1152edda698d,1785280549707,sender -> receiver,0,True,1785280550446,739,0,False
418023aa-6513-568e-a328-9d0cd56a2bbc,1785280550653,sender -> receiver,0,True,1785280551388,735,0,False
3ee84b82-d5ab-5ac7-afa1-fc36f8e98cde,1785280550655,sender -> receiver,0,True,1785280551405,750,0,False
99ad7df3-98f9-54de-bf5f-8260aafb8c7a,1785280551713,sender -> receiver,0,True,1785280552387,674,0,False
c9aaca31-bc23-5aa5-a3dd-548996ebfce6,1785280551719,sender -> receiver,0,True,1785280552444,725,0,False
43b56f77-93de-513c-a426-9165b87e7015,1785280552670,sender -> receiver,0,True,1785280553390,720,0,False
49a7d6f1-7023-5be8-a019-78adb1a2a25c,1785280552679,sender -> receiver,0,True,1785280553407,728,0,False
aa74a2f3-f52c-5ee4-938b-7f13dd280e85,1785280553640,sender -> receiver,0,True,1785280554390,750,0,False
7162c021-d12f-5d21-894e-67180ffbc298,1785280554655,sender -> receiver,0,True,1785280555352,697,0,False
e7eeb4be-5d54-534f-a3fd-ecd3ce88c7c3,1785280554658,sender -> receiver,0,True,1785280555408,750,0,False
45d88583-68d5-579b-ba68-a5ef1d8bfa6a,1785280555642,sender -> receiver,0,True,1785280556347,705,0,False
327f1b82-e6a6-58d5-852e-1003cd2eb728,1785280555661,sender -> receiver,0,True,1785280556368,707,0,False
1c7428b5-8fb7-5d79-ac01-f804cb3725f9,1785280556669,sender -> receiver,0,True,1785280557374,705,0,False
bfec986c-035d-5f91-b705-b2d53f052c34,1785280556672,sender -> receiver,0,True,1785280557386,714,0,False
e82f35a3-5bc5-5488-8000-8249ff756f5d,1785280557694,sender -> receiver,0,True,1785280558348,654,0,False
d6493f77-5415-510e-b584-e2b04831b93a,1785280557701,sender -> receiver,0,True,1785280558395,694,0,False
fb8edb03-5228-5e16-8dc6-af9320d51e57,1785280558646,sender -> receiver,0,True,1785280559364,718,0,False
49c54e00-43cf-5079-9de2-46a3c11ceafe,1785280558649,sender -> receiver,0,True,1785280559402,753,0,False
655dc1d4-1405-5e08-a73c-5decc8fd1d88,1785280559636,sender -> receiver,0,True,1785280560353,717,0,False
0ed1942a-7789-5e11-8089-9d855003a960,1785280560668,sender -> receiver,0,True,1785280561382,714,0,False
58b33760-99cb-5181-b87c-86d0791e2fd2,1785280560670,sender -> receiver,0,True,1785280561408,738,0,False
2a66e8bc-7e78-541d-b70b-caafb20b90af,1785280561642,sender -> receiver,0,True,1785280562369,727,0,False
fc682696-3ae6-54b9-86e8-a1d8e15bf154,1785280561662,sender -> receiver,0,True,1785280562382,720,0,False
e03cb04a-5485-56ee-9553-17b03d6a9a8f,1785280562639,sender -> receiver,0,True,1785280563368,729,0,False
0b30acd6-cb5d-57d6-980e-c56a498eff48,1785280562656,sender -> receiver,0,True,1785280563383,727,0,False
188f0f09-8023-59ce-bb66-b96195681e1e,1785280563668,sender -> receiver,0,True,1785280564415,747,0,False
2582c952-d98f-586e-9b40-07cab1dfe443,1785280563671,sender -> receiver,0,True,1785280564432,761,0,False
c9418ae8-86e4-5256-b601-c9fae86d0d61,1785280564641,sender -> receiver,0,True,1785280565327,686,0,False
e845c3bb-44d9-5792-a640-a1c76409bf0d,1785280565716,sender -> receiver,0,True,1785280566418,702,0,False
6d5a8422-7ff4-59fa-9c91-8dbb4d69d815,1785280565722,sender -> receiver,0,True,1785280566434,712,0,False
838bf8bb-9fe0-5555-a992-a331db25dc0a,1785280566650,sender -> receiver,0,True,1785280567379,729,0,False
fc9bf8f1-2fc4-564e-9153-30d58b69910a,1785280566652,sender -> receiver,0,True,1785280567392,740,0,False
42f79afd-ba29-5d4f-9130-67e59109f27b,1785280567666,sender -> receiver,0,True,1785280568371,705,0,False
de9b9e66-a9ca-5c53-aa04-b73aca2f9630,1785280567669,sender -> receiver,0,True,1785280568395,726,0,False
760d474a-a0bb-5d63-9f15-3b0d85d98756,1785280568701,sender -> receiver,0,True,1785280569429,728,0,False
fa2f47a0-5f8d-5257-b0f6-ebb91dc26f10,1785280568706,sender -> receiver,0,True,1785280569446,740,0,False
f7e785ee-a017-5853-9536-d70784b8adf3,1785280569667,sender -> receiver,0,True,1785280570394,727,0,False
6fcbef76-f6eb-5638-94e5-fff6acc35403,1785280569670,sender -> receiver,0,True,1785280570406,736,0,False
3b4d7d50-5fb2-52c8-ae95-74083566d8f6,1785280570645,sender -> receiver,0,True,1785280571380,735,0,False
d1c5645a-101d-5070-8b98-4498479facc4,1785280571678,sender -> receiver,0,True,1785280572391,713,0,False
81269224-110e-5d58-b9d8-f3d9f59af135,1785280571682,sender -> receiver,0,True,1785280572434,752,0,False
4925e89b-1e19-558d-966e-7f7c8b7529d1,1785280572661,sender -> receiver,0,True,1785280573410,749,0,False
a36908b5-6468-5508-b4b9-5c9d816e0cef,1785280572663,sender -> receiver,0,True,1785280573426,763,0,False
d62d6df0-4f74-5716-b16e-1d4331f424be,1785280573673,sender -> receiver,0,True,1785280574394,721,0,False
8dde54dc-a7b4-5ebf-8d9f-4d909b5ff90b,1785280573676,sender -> receiver,0,True,1785280574422,746,0,False
4849a1b7-3e7a-50d0-bcdc-3d42751faf13,1785280574691,sender -> receiver,0,True,1785280575415,724,0,False
13802653-24db-5e24-a4e5-58e62440acea,1785280574696,sender -> receiver,0,True,1785280575436,740,0,False
7812a67a-9ae6-52cf-98d4-a93396d943e2,1785280575658,sender -> receiver,0,True,1785280576377,719,0,False
f5c87046-ecaf-50cf-9eb2-cbfa326536bd,1785280576654,sender -> receiver,0,True,1785280577343,689,0,False
2b18e994-c8ba-5df2-b76c-b75a3f67951f,1785280576676,sender -> receiver,0,True,1785280577389,713,0,False
3d68d0f6-bcd6-505b-9573-ac33c9790b83,1785280577651,sender -> receiver,0,True,1785280578384,733,0,False
755e2ee9-8074-52c5-851a-2d7296486218,1785280577668,sender -> receiver,0,True,1785280578402,734,0,False
898d9c6e-8ec7-59ed-9716-08d6c1df8d8d,1785280578680,sender -> receiver,0,True,1785280579385,705,0,False
7c7060d4-995a-5339-b65e-ed2a0b02e427,1785280578683,sender -> receiver,0,True,1785280579397,714,0,False
dbe81c28-ddc5-57c1-9e06-b5274282fb27,1785280579651,sender -> receiver,0,True,1785280580367,716,0,False
ade407f1-b767-588e-8310-6abea278e521,1785280579674,sender -> receiver,0,True,1785280580377,703,0,False
ae76e8d9-fbf2-50b8-a51a-372406d5914c,1785280580649,sender -> receiver,0,True,1785280581363,714,0,False
25bd8a7e-b2b5-5e44-90f7-b54d71c570b1,1785280580695,sender -> receiver,0,True,1785280581413,718,0,False
17f5825f-8743-5742-ae9b-abeccfb1b995,1785280581642,sender -> receiver,0,True,1785280582358,716,0,False
be1fa3ae-3ee7-5ba2-9ffb-7b5e208ca69d,1785280582665,sender -> receiver,0,True,1785280583395,730,0,False
40150b7d-a678-5541-aa87-dfce26fa4e62,1785280582672,sender -> receiver,0,True,1785280583412,740,0,False
5d43b578-04ff-5428-82ff-f6b2024d15dc,1785280583665,sender -> receiver,0,True,1785280584378,713,0,False
3ac92442-2068-5daa-9719-92617abe0802,1785280583667,sender -> receiver,0,True,1785280584389,722,0,False
22eb3468-af95-5fdc-95ff-5f045a9c6973,1785280584658,sender -> receiver,0,True,1785280585392,734,0,False
fa89e5dd-cf83-58dd-8cd0-854d5a62a69d,1785280584662,sender -> receiver,0,True,1785280585408,746,0,False
fcf22bbe-7209-55d0-bf25-1f7daa756557,1785280585651,sender -> receiver,0,True,1785280586362,711,0,False
fa337177-3d79-57ba-a1de-7fadd8eb3562,1785280585674,sender -> receiver,0,True,1785280586378,704,0,False
a58b7957-7080-5844-a46a-fa9f2bd09f22,1785280586665,sender -> receiver,0,True,1785280587397,732,0,False
97cb7906-1960-573d-ad5a-e77f274dcc19,1785280627867,sender -> receiver,0,True,1785280628579,712,0,False
a39969cd-4df5-5251-ac2e-7af20ae97e1c,1785280627871,sender -> receiver,0,True,1785280628598,727,0,False
ccd584eb-f0a7-5ae4-a6d4-8b5e8a4fa0b2,1785280628855,sender -> receiver,0,True,1785280629538,683,0,False
b9387ccc-22f5-52a1-a961-c2ef398633ac,1785280628858,sender -> receiver,0,True,1785280629550,692,0,False
4bc019a2-5e76-5ef4-88b7-1e8f14260fc0,1785280629859,sender -> receiver,0,True,1785280630624,765,0,False
f6313ed0-4ccd-5123-87e0-cc81da8bd44d,1785280629866,sender -> receiver,0,True,1785280630646,780,0,False
f31f8f00-0b3a-5912-a0f7-427301483cb5,1785280630858,sender -> receiver,0,True,1785280631587,729,0,False
586aadcc-d9c6-53fc-a748-39f7eb932357,1785280630861,sender -> receiver,0,True,1785280631600,739,0,False
d0fe1cba-513c-53ff-8e17-60344e9adfe6,1785280631885,sender -> receiver,0,True,1785280632567,682,0,False
c00ba4ca-f8f9-52e2-b494-58375a29207b,1785280631892,sender -> receiver,0,True,1785280632623,731,0,False
18bf07fa-dd29-58fd-97e1-62cf29394e91,1785280632836,sender -> receiver,0,True,1785280633548,712,0,False
91ac30f7-25c8-532b-9f18-fc7b7121bc65,1785280633851,sender -> receiver,0,True,1785280634538,687,0,False
75c71b21-5f14-58e5-8107-36d7fd53fe2f,1785280633855,sender -> receiver,0,True,1785280634555,700,0,False
5b1f61b7-1996-58d8-8d76-a9705ff864dc,1785280634891,sender -> receiver,0,True,1785280635573,682,0,False
d7a85f92-ac88-5580-a78e-45018ca14a1a,1785280634898,sender -> receiver,0,True,1785280635631,733,0,False
b867efc4-5510-5a44-bf58-977865f0d4cc,1785280635863,sender -> receiver,0,True,1785280636558,695,0,False
df02a498-2761-52cd-97b3-fbbc8478f2b7,1785280635867,sender -> receiver,0,True,1785280636572,705,0,False
f0013a76-db5d-5c5c-ab9c-4fd5da30cd3a,1785280636867,sender -> receiver,0,True,1785280637596,729,0,False
c1385586-c8f6-51a9-ae86-d094a8bb7e4e,1785280636872,sender -> receiver,0,True,1785280637607,735,0,False
b7106f19-50b1-581b-a913-1e287d9dcaa8,1785280637839,sender -> receiver,0,True,1785280638541,702,0,False
eefcad3f-e4b1-5901-b9f8-600b73116c48,1785280638874,sender -> receiver,0,True,1785280639588,714,0,False
7d40f88e-2dfc-5d16-b63f-8a8fb0cdb554,1785280638878,sender -> receiver,0,True,1785280639606,728,0,False
5c3e24f5-c3ec-538e-9d08-ffdadc3f09c3,1785280639847,sender -> receiver,0,True,1785280640568,721,0,False
9e30a7c6-fd2f-5227-bbd9-dcacc7576bcb,1785280639849,sender -> receiver,0,True,1785280640589,740,0,False
91cb748d-d7ec-5d83-91c3-2db5687083d0,1785280640845,sender -> receiver,0,True,1785280641570,725,0,False
d85b7428-41b4-5530-b1be-b4cc7e0040dd,1785280640847,sender -> receiver,0,True,1785280641594,747,0,False
d024df3d-1325-54d1-b87e-bb5334edd55b,1785280641851,sender -> receiver,0,True,1785280642550,699,0,False
20cd22a3-6d85-5656-92ee-76d578c558b3,1785280641854,sender -> receiver,0,True,1785280642568,714,0,False
5ae6c249-f4de-52fa-9b53-93fc0b30eb66,1785280642900,sender -> receiver,0,True,1785280643636,736,0,False
53b8c265-0b49-54ef-bb51-017a59a3295d,1785280642905,sender -> receiver,0,True,1785280643657,752,0,False
42829558-1f69-5547-bd64-51dac1fea2d0,1785280643866,sender -> receiver,0,True,1785280644528,662,0,False
fd701b96-58ad-557e-8288-cd5569772639,1785280644873,sender -> receiver,0,True,1785280645559,686,0,False
fab7729c-f7ea-59f1-a699-1fcf7428934e,1785280644878,sender -> receiver,0,True,1785280645573,695,0,False
59c752de-e88b-5271-b44e-3780d424700d,1785280645881,sender -> receiver,0,True,1785280646603,722,0,False
af5b43e2-0067-586b-9433-1f75cbf9c14b,1785280645886,sender -> receiver,0,True,1785280646626,740,0,False
3af94c2c-56a6-5266-b487-d32249fe4060,1785280646853,sender -> receiver,0,True,1785280647539,686,0,False
8a7cb4d0-1e6d-5070-8c06-ddccbd952906,1785280646857,sender -> receiver,0,True,1785280647590,733,0,False
a9f72396-f27d-53b8-a1d0-b09dfc36ef52,1785280647862,sender -> receiver,0,True,1785280648580,718,0,False
af1ea760-4e8e-5301-954e-ed80891f8dfa,1785280647867,sender -> receiver,0,True,1785280648596,729,0,False
f5924039-aced-5871-b59f-16b45146ed99,1785280648849,sender -> receiver,0,True,1785280649566,717,0,False
ff1c5b31-4aad-5345-a17c-4b4ff4582a3a,1785280649841,sender -> receiver,0,True,1785280650553,712,0,False
b1127c7c-cf6a-5153-86eb-e0ffa2eee5e0,1785280649844,sender -> receiver,0,True,1785280650566,722,0,False
e31d4ce2-dc22-503f-8bbf-4976c8ec9991,1785280650840,sender -> receiver,0,True,1785280651545,705,0,False
4f42138b-b4e9-5d21-9012-96f4bc848d07,1785280650861,sender -> receiver,0,True,1785280651560,699,0,False
b794f73b-2a2f-5192-91d5-6b138db0922c,1785280651893,sender -> receiver,0,True,1785280652592,699,0,False
d05fe283-f598-5ee6-a012-b8d3956801ca,1785280651898,sender -> receiver,0,True,1785280652615,717,0,False
fb67139c-a93a-5b81-83f8-453b62cd024a,1785280652883,sender -> receiver,0,True,1785280653585,702,0,False
92e4a7e3-6992-5baa-bdf8-148390c13693,1785280652887,sender -> receiver,0,True,1785280653606,719,0,False
2581b9ff-4163-5037-9980-f484eb4785ea,1785280653853,sender -> receiver,0,True,1785280654565,712,0,False
403e6e25-36d8-5cf7-b059-77d1a2b3ded4,1785280653855,sender -> receiver,0,True,1785280654576,721,0,False
204088e4-a3ea-5efb-b40e-a19d9f48fb04,1785280654834,sender -> receiver,0,True,1785280655554,720,0,False
cbcdc597-dad2-5296-a1bb-fca3dfbb4c61,1785280655858,sender -> receiver,0,True,1785280656590,732,0,False
d258f575-ea9b-540a-91e8-2f82db783c67,1785280655861,sender -> receiver,0,True,1785280656606,745,0,False
af3e1069-bc75-5277-8168-f2737d2f3083,1785280656873,sender -> receiver,0,True,1785280657580,707,0,False
fa34d9eb-0b2f-5ee7-a30d-1d4af7be4f3b,1785280656878,sender -> receiver,0,True,1785280657617,739,0,False
3cfa3720-b4db-53cc-ad44-c65546ce73ce,1785280657842,sender -> receiver,0,True,1785280658568,726,0,False
92a63729-6be4-5129-b550-b8bb3445b3fe,1785280657845,sender -> receiver,0,True,1785280658578,733,0,False
8779c92a-1084-5ea0-9c02-80ac03eeafb7,1785280658847,sender -> receiver,0,True,1785280659618,771,0,False
192cc2bc-4066-5681-8056-734c2bce45e7,1785280658851,sender -> receiver,0,True,1785280659649,798,0,False
a06a635f-63bb-52ae-a4c3-ec12d8742423,1785280659849,sender -> receiver,0,True,1785280660558,709,0,False
fcaefd76-7a0a-5c2a-8f8d-389a707992bc,1785280660843,sender -> receiver,0,True,1785280661542,699,0,False
bf840fc9-3452-5824-bca6-c5ac874c4b5c,1785280660868,sender -> receiver,0,True,1785280661560,692,0,False
6a8d49fb-928e-56e4-99a9-a296382fe384,1785280661855,sender -> receiver,0,True,1785280662578,723,0,False
c7637bde-89e1-5cdf-8846-9243aca66e15,1785280661860,sender -> receiver,0,True,1785280662597,737,0,False
3fb5558b-415f-56b3-9874-3c9fbb382b86,1785280662859,sender -> receiver,0,True,1785280663568,709,0,False
201b8208-4edc-5440-8488-71af309398d9,1785280662862,sender -> receiver,0,True,1785280663587,725,0,False
88551475-3fdb-5042-b8fc-88ce1626ad21,1785280663897,sender -> receiver,0,True,1785280664570,673,0,False
20f889b2-f50e-5a65-9f4e-765ff6380d26,1785280663903,sender -> receiver,0,True,1785280664608,705,0,False
09e38572-657a-5d93-a3c3-d5985afca533,1785280664853,sender -> receiver,0,True,1785280665559,706,0,False
ca534519-7683-5aa3-8b65-bc769b91c56f,1785280664855,sender -> receiver,0,True,1785280665572,717,0,False
532a7faa-d5c5-5a33-b750-eb7d2171dcff,1785280665831,sender -> receiver,0,True,1785280666528,697,0,False
2f38245d-8ed5-5bdb-bda3-ea87125d0ee2,1785280666885,sender -> receiver,0,True,1785280667565,680,0,False
36510e3f-e8b8-50f7-a748-de850567070c,1785280666889,sender -> receiver,0,True,1785280667612,723,0,False
bf3861f1-c46d-516f-8249-60f83c1bed40,1785280667878,sender -> receiver,0,True,1785280668598,720,0,False
bce8e2d3-c254-5514-80a5-104ab84785b8,1785280667883,sender -> receiver,0,True,1785280668609,726,0,False
8381fc26-7429-5ff7-8e98-fded13feea2c,1785280668892,sender -> receiver,0,True,1785280669648,756,0,False
fad6eacb-88d4-53c5-b2c6-e9ab20317e8b,1785280668896,sender -> receiver,0,True,1785280669672,776,0,False
5bc0b16f-928e-56f1-a184-a3b6b8e19fc1,1785280669841,sender -> receiver,0,True,1785280670537,696,0,False
3141d740-5fc3-5392-9861-4fd960c62535,1785280669865,sender -> receiver,0,True,1785280670585,720,0,False
3553f1c6-b48e-5cde-beee-5bd1f16d671c,1785280670824,sender -> receiver,0,True,1785280671527,703,0,False
4af62715-d861-5d18-b7bc-828778150664,1785280671901,sender -> receiver,0,True,1785280672607,706,0,False
45bc11f8-df43-5e91-9b37-d7bfde050874,1785280671907,sender -> receiver,0,True,1785280672624,717,0,False
1a195520-aaf6-5715-bb43-01cd340db369,1785280672850,sender -> receiver,0,True,1785280673553,703,0,False
2ef7092a-a845-5e05-8f7d-60e9808181dc,1785280672882,sender -> receiver,0,True,1785280673594,712,0,False
96ddb1cc-13fc-553b-955f-597643d38ea3,1785280673889,sender -> receiver,0,True,1785280674640,751,0,False
5321fae2-be3d-52ab-acd7-cbafcae546ec,1785280673895,sender -> receiver,0,True,1785280674663,768,0,False
044052f7-6e0c-5ec2-846c-8fbcce2caee2,1785280674876,sender -> receiver,0,True,1785280675580,704,0,False
73736fcc-1a91-5afc-b0d2-17072cc5c6dd,1785280674881,sender -> receiver,0,True,1785280675589,708,0,False
a19b44eb-8a85-5509-9003-f286d39f2ee5,1785280675869,sender -> receiver,0,True,1785280676580,711,0,False
75bf1ded-7cbd-56a4-9c13-c601f1939fa6,1785280675873,sender -> receiver,0,True,1785280676599,726,0,False
07953c41-4611-5bc3-ad8a-a7ca197f3b75,1785280676865,sender -> receiver,0,True,1785280677557,692,0,False
77b3994d-a632-5a15-8a09-11cd7ad06f1c,1785280677848,sender -> receiver,0,True,1785280678544,696,0,False
83afa9e4-9594-5352-85d9-0c854e59214e,1785280677850,sender -> receiver,0,True,1785280678556,706,0,False
342b54d4-aa1a-5627-a783-26d382255a0d,1785280678861,sender -> receiver,0,True,1785280679579,718,0,False
1a7684a3-895f-5e6f-a4b2-bcb84bcb0ad0,1785280678864,sender -> receiver,0,True,1785280679593,729,0,False
b5cce5ed-b09f-562d-83ac-830940079bba,1785280679894,sender -> receiver,0,True,1785280680632,738,0,False
2f651950-846a-5814-bf27-7f78927d8b83,1785280679898,sender -> receiver,0,True,1785280680654,756,0,False
abdbfd2a-ef6e-5057-adfe-a7e5ba8c1cd6,1785280680860,sender -> receiver,0,True,1785280681567,707,0,False
ae695a06-4a1f-5b90-81c9-fb403cf04813,1785280680863,sender -> receiver,0,True,1785280681579,716,0,False
6bfce814-1345-51f9-9918-59bead53833a,1785280681825,sender -> receiver,0,True,1785280682553,728,0,False
783b69f4-3bcb-5539-8320-2bc97f60ae0e,1785280722580,sender -> receiver,0,True,1785280723275,695,0,False
c6275244-96db-59c3-8bb3-767fa94206be,1785280722585,sender -> receiver,0,True,1785280723290,705,0,False
612eadb7-7082-5981-a2de-d66c2fe1428f,1785280723571,sender -> receiver,0,True,1785280724266,695,0,False
94ae52f3-e0dd-53ef-8f30-bc9ed6a9ba40,1785280723575,sender -> receiver,0,True,1785280724314,739,0,False
cfb16429-1c82-5875-bf76-ee7e44d13c08,1785280724571,sender -> receiver,0,True,1785280725267,696,0,False
992e4e46-d65b-5d92-b260-8d1d2f5ff199,1785280724576,sender -> receiver,0,True,1785280725292,716,0,False
d5efd375-58ed-5872-bfaf-5e7423626a3e,1785280725558,sender -> receiver,0,True,1785280726248,690,0,False
ae877560-af0c-596d-8a0e-4faba320f016,1785280725560,sender -> receiver,0,True,1785280726264,704,0,False
fff2491a-8b6d-5b03-8941-988fa7558170,1785280726558,sender -> receiver,0,True,1785280727294,736,0,False
7c7051d2-e767-517c-86b9-c7f21f3d3604,1785280727570,sender -> receiver,0,True,1785280728282,712,0,False
efbc6af0-9b97-5cf0-a352-73af811d0bf7,1785280727572,sender -> receiver,0,True,1785280728303,731,0,False
37f2f656-5a6a-5144-90c6-14dc93e6c9ac,1785280728569,sender -> receiver,0,True,1785280729267,698,0,False
9e250c12-5389-5639-af7d-d8092b066695,1785280728574,sender -> receiver,0,True,1785280729281,707,0,False
4441e7c0-499d-5be3-a16f-26cdf3ead242,1785280729567,sender -> receiver,0,True,1785280730268,701,0,False
8069094b-b565-536b-88cd-7d672209ba8e,1785280729574,sender -> receiver,0,True,1785280730301,727,0,False
4ee3b3c4-f7ae-5ef8-bb32-720bc433b632,1785280730579,sender -> receiver,0,True,1785280731293,714,0,False
e68b276a-f6d5-5367-910d-ca154d6b814e,1785280730585,sender -> receiver,0,True,1785280731320,735,0,False
8228324d-c919-57cb-b7ed-22b7859bb8d6,1785280731579,sender -> receiver,0,True,1785280732320,741,0,False
d4430dcd-2ea6-5c85-889a-967751a7e318,1785280732571,sender -> receiver,0,True,1785280733286,715,0,False
428ff47b-2f9e-527e-8750-37dc342db956,1785280732576,sender -> receiver,0,True,1785280733303,727,0,False
7dd85b11-95b6-5980-9fc1-0c210e255f20,1785280733560,sender -> receiver,0,True,1785280734263,703,0,False
22ca6047-5468-5d4e-b2e5-e43fa9f2b44f,1785280733563,sender -> receiver,0,True,1785280734279,716,0,False
0bec27e0-00fb-504f-bf00-5f3017a08684,1785280734567,sender -> receiver,0,True,1785280735297,730,0,False
479644e5-e00d-540b-8b16-b9cd4eb65bb9,1785280734570,sender -> receiver,0,True,1785280735320,750,0,False
dcedbaf6-f4d6-5b72-812f-6f77bba403de,1785280735576,sender -> receiver,0,True,1785280736291,715,0,False
8ce114df-013e-5611-a2e8-994aafd6b74c,1785280736581,sender -> receiver,0,True,1785280737291,710,0,False
b17a62d0-a06e-5c7d-afb3-2a6686b97e32,1785280736586,sender -> receiver,0,True,1785280737337,751,0,False
dd62278b-26ab-5997-8bc4-ef06829f741b,1785280737555,sender -> receiver,0,True,1785280738276,721,0,False
3502bbee-e605-5707-ba33-36ef649f5fe5,1785280737558,sender -> receiver,0,True,1785280738296,738,0,False
6757fff4-4337-5166-8567-d87fb741f413,1785280738566,sender -> receiver,0,True,1785280739311,745,0,False
371511b6-86f1-5cff-9af5-b271fd952e6d,1785280738569,sender -> receiver,0,True,1785280739384,815,0,False
4abc7d0e-5093-5f57-a0fd-e7e05c1a588d,1785280739582,sender -> receiver,0,True,1785280740306,724,0,False
9ed3baae-4b3f-5245-b84c-049da02b5cee,1785280739586,sender -> receiver,0,True,1785280740336,750,0,False
410b923b-10d5-5b01-acdb-09b2ac40461c,1785280740567,sender -> receiver,0,True,1785280741276,709,0,False
abd13e30-ea85-5bca-9203-7d60c5cdbd7a,1785280741576,sender -> receiver,0,True,1785280742328,752,0,False
7f851681-e5e4-52b2-a9d8-7d03f91946c1,1785280741581,sender -> receiver,0,True,1785280742360,779,0,False
09e38797-51ee-51c9-b314-83c8ffc9e193,1785280742565,sender -> receiver,0,True,1785280743253,688,0,False
9fae20bf-f5cf-502e-bbf8-f85d823c1043,1785280742569,sender -> receiver,0,True,1785280743265,696,0,False
dc979f0d-0e63-5aef-92f9-fa65ca13dd60,1785280743554,sender -> receiver,0,True,1785280744251,697,0,False
9f45a1ac-1e0f-52d2-8e4e-ccc58b75bc24,1785280743555,sender -> receiver,0,True,1785280744268,713,0,False
852bf138-7bce-597b-a26d-3c6a347b065d,1785280744577,sender -> receiver,0,True,1785280745297,720,0,False
86cc7fd8-e9dd-556c-9272-4bef6629f963,1785280744581,sender -> receiver,0,True,1785280745327,746,0,False
7597ddbc-e4f2-5ad9-863a-10fb9b12257c,1785280745571,sender -> receiver,0,True,1785280746304,733,0,False
46248f83-2896-5b0f-9b26-44e1290c8049,1785280746561,sender -> receiver,0,True,1785280747261,700,0,False
b3f5377d-c5de-5f29-bfd1-90c9a2a661f0,1785280746566,sender -> receiver,0,True,1785280747283,717,0,False
e255f1c9-7f2e-57fe-96f7-556d615fa59c,1785280747566,sender -> receiver,0,True,1785280748264,698,0,False
296b293e-2053-5f8c-8b45-47b77328c7f7,1785280747570,sender -> receiver,0,True,1785280748290,720,0,False
68223416-4793-591f-8da0-832d74792cc2,1785280748566,sender -> receiver,0,True,1785280749287,721,0,False
b1a3013e-23d1-5df1-9014-5432119b39c9,1785280748572,sender -> receiver,0,True,1785280749303,731,0,False
5da70d79-4789-5c5b-a7b8-b7fe17f36a43,1785280749561,sender -> receiver,0,True,1785280750328,767,0,False
50b1e916-fccd-59e1-b43e-e5d748167665,1785280750564,sender -> receiver,0,True,1785280751283,719,0,False
858bfd3a-46ea-5037-8f6b-991d8407bb96,1785280750566,sender -> receiver,0,True,1785280751314,748,0,False
24ae95d4-b563-5db8-aa61-f4e804fb4a15,1785280751572,sender -> receiver,0,True,1785280752261,689,0,False
7afeb931-51d7-51c3-a042-16ba16802bd7,1785280751575,sender -> receiver,0,True,1785280752280,705,0,False
82ab46e6-8aae-5b12-bc9c-34f79df4c733,1785280752555,sender -> receiver,0,True,1785280753302,747,0,False
d234a698-9228-550d-bd53-5c7e2ab7e309,1785280752557,sender -> receiver,0,True,1785280753315,758,0,False
28d3ad1f-4387-5a7f-8ad9-70e68ce72550,1785280753566,sender -> receiver,0,True,1785280754291,725,0,False
62d28597-e215-5ac7-9115-edbaa9b6def8,1785280753570,sender -> receiver,0,True,1785280754317,747,0,False
52ddce59-3044-50c9-90e4-91b03e52970f,1785280754556,sender -> receiver,0,True,1785280755270,714,0,False
8940dd36-616b-56e4-8ba9-70240fe6a65f,1785280755570,sender -> receiver,0,True,1785280756275,705,0,False
c706924d-1990-5899-a6aa-5a7a8a5f2218,1785280755574,sender -> receiver,0,True,1785280756332,758,0,False
3dd9e9dc-5142-55e1-b82c-41615b946317,1785280756579,sender -> receiver,0,True,1785280757306,727,0,False
d806747d-e2ad-5b90-8953-1a6048f810e4,1785280756585,sender -> receiver,0,True,1785280757330,745,0,False
c7f40972-e36f-50da-847e-a7c01ea52057,1785280757556,sender -> receiver,0,True,1785280758245,689,0,False
e4a02c2c-450f-5ebd-a4af-effde0d92741,1785280757559,sender -> receiver,0,True,1785280758265,706,0,False
ed46d0ed-666a-581d-928a-47c8d60885e5,1785280758562,sender -> receiver,0,True,1785280759278,716,0,False
253d35a7-37ed-549e-8736-6fce3c35e163,1785280758564,sender -> receiver,0,True,1785280759307,743,0,False
bc249c07-dd04-5d4d-9d73-444ac73567cb,1785280759558,sender -> receiver,0,True,1785280760284,726,0,False
68a6e39c-8d07-55ee-9ab4-9290b3455f1d,1785280760558,sender -> receiver,0,True,1785280761261,703,0,False
44c1d38d-02a0-50eb-8f19-9d8b74f02d3b,1785280760561,sender -> receiver,0,True,1785280761280,719,0,False
353cc766-27bb-5627-85b1-d157a0add07b,1785280761566,sender -> receiver,0,True,1785280762317,751,0,False
dba12975-bc54-5c75-b311-ec1b4a12670a,1785280761568,sender -> receiver,0,True,1785280762337,769,0,False
11683213-d591-5e18-bcff-4c360ae10068,1785280762575,sender -> receiver,0,True,1785280763347,772,0,False
46f83fa0-cc45-5f07-aa79-cbcee79471c6,1785280762580,sender -> receiver,0,True,1785280763369,789,0,False
9a4bb167-1a35-51a1-af09-2153fbf3047b,1785280763555,sender -> receiver,0,True,1785280764280,725,0,False
9116edb4-8336-526c-aa20-d3b68026df5b,1785280764567,sender -> receiver,0,True,1785280765276,709,0,False
37d39b74-bb1c-5c5a-b765-44e9c154a659,1785280764571,sender -> receiver,0,True,1785280765297,726,0,False
6d90f405-7fab-54c5-ac4f-87c6ad077b7a,1785280765588,sender -> receiver,0,True,1785280766298,710,0,False
9888b2fc-5bd6-5063-b08d-46baee0047f4,1785280765593,sender -> receiver,0,True,1785280766318,725,0,False
a904d2a8-52f5-584f-942b-bef97e60f425,1785280766566,sender -> receiver,0,True,1785280767290,724,0,False
12158fe7-3df2-5ff0-85d7-b0442ad06ec6,1785280766568,sender -> receiver,0,True,1785280767313,745,0,False
b94700e8-c188-598e-849d-291f08a69e5a,1785280767567,sender -> receiver,0,True,1785280768306,739,0,False
0c2e4c01-3270-5cf1-a9d1-4b46263c9e53,1785280767571,sender -> receiver,0,True,1785280768320,749,0,False
f3c93136-933d-5e15-b616-1fa5154ccc53,1785280768550,sender -> receiver,0,True,1785280769270,720,0,False
f97c19cd-9a64-58ad-b5c5-5354843141d7,1785280769567,sender -> receiver,0,True,1785280770268,701,0,False
2805fc2f-babe-5aeb-9412-65b169f3d731,1785280769570,sender -> receiver,0,True,1785280770290,720,0,False
f6f578c5-a871-5984-94fd-d8675b3eaa72,1785280770556,sender -> receiver,0,True,1785280771268,712,0,False
1ab518c9-51ce-5402-a5b6-b32d440fee42,1785280770561,sender -> receiver,0,True,1785280771288,727,0,False
ad45f0a4-17ef-5677-b478-9c389764b64f,1785280771561,sender -> receiver,0,True,1785280772284,723,0,False
2cfa5f51-ee44-5ac9-b9a6-318dd0662c8e,1785280771563,sender -> receiver,0,True,1785280772304,741,0,False
a428081a-1b9f-59bf-b354-9fb984840e93,1785280772568,sender -> receiver,0,True,1785280773294,726,0,False
4ccbde3f-8ac3-5921-b39c-eb975be24a50,1785280772576,sender -> receiver,0,True,1785280773325,749,0,False
27233c1c-7e23-536d-82fc-7dc25101722a,1785280773559,sender -> receiver,0,True,1785280774274,715,0,False
4e6d6f47-c662-5ec0-b9b0-454631e5a54f,1785280774568,sender -> receiver,0,True,1785280775301,733,0,False
b11a2a81-c095-5272-92d6-452b40ed458c,1785280774571,sender -> receiver,0,True,1785280775322,751,0,False
7cd01408-e939-54a7-9918-9d8a5c8e3028,1785280775563,sender -> receiver,0,True,1785280776336,773,0,False
cb375b11-7323-51ec-ad4f-7d5616a03ffb,1785280775566,sender -> receiver,0,True,1785280776352,786,0,False
e29f90b9-1605-500a-a348-27e7c5f36b4d,1785280776570,sender -> receiver,0,True,1785280777298,728,0,False
db4e6615-cf59-59d9-8bf3-a5b26a9677e6,1785280776577,sender -> receiver,0,True,1785280777313,736,0,False
79c41686-b9a7-5ebd-ab6c-404f2ec644d1,1785280777559,sender -> receiver,0,True,1785280778272,713,0,False
e8b7c56d-21b2-5d12-a866-b0bcab6d008a,1785280817801,sender -> receiver,0,True,1785280818508,707,0,False
5fe60303-00d8-5cd4-9955-ae3e33440021,1785280817839,sender -> receiver,0,True,1785280818575,736,0,False
8151e162-2a9c-53fd-8cdd-08a73511b73b,1785280818790,sender -> receiver,0,True,1785280819521,731,0,False
520d833e-d4fc-5500-a0f3-204d390f8dd5,1785280818793,sender -> receiver,0,True,1785280819534,741,0,False
c6d723d6-a8dd-5968-b4d6-efd8d7213557,1785280819788,sender -> receiver,0,True,1785280820511,723,0,False
fdb39c7e-b99d-5879-9fc5-e79ee78ef5a4,1785280819795,sender -> receiver,0,True,1785280820523,728,0,False
6649019f-a443-5504-9abd-c689ad06257b,1785280820804,sender -> receiver,0,True,1785280821519,715,0,False
ed584cfd-02f2-5e08-bfc2-f411cfcf5c64,1785280820809,sender -> receiver,0,True,1785280821536,727,0,False
eaa5a954-94ea-527b-bad0-d304ab711e1c,1785280821804,sender -> receiver,0,True,1785280822503,699,0,False
7a80526d-fbee-5718-a4f8-af0f3dd505e5,1785280822804,sender -> receiver,0,True,1785280823488,684,0,False
db64db2b-4608-5944-b699-961d4c4034b1,1785280822808,sender -> receiver,0,True,1785280823543,735,0,False
9cc884aa-a020-5c42-a03c-c40b9c6b038d,1785280823791,sender -> receiver,0,True,1785280824498,707,0,False
f10c4412-3811-5513-a58f-d18d59a8bebd,1785280823793,sender -> receiver,0,True,1785280824509,716,0,False
ffca774d-e6e4-544a-9c5b-1ab058c23aeb,1785280824790,sender -> receiver,0,True,1785280825541,751,0,False
6dc7e6d1-f46f-5ee4-b051-b2cd31af1ee5,1785280824792,sender -> receiver,0,True,1785280825554,762,0,False
c5e21e7c-1cb1-5963-9870-cac09b912d98,1785280825794,sender -> receiver,0,True,1785280826504,710,0,False
9f420b30-e951-5c9a-a70a-d4345ab7d230,1785280825798,sender -> receiver,0,True,1785280826520,722,0,False
d7bdf58d-748e-5fa8-a9e1-a74fdaf4a227,1785280826792,sender -> receiver,0,True,1785280827498,706,0,False
2561410f-6ca5-5ba8-87f8-6627793fa1ab,1785280827817,sender -> receiver,0,True,1785280828527,710,0,False
5b434d66-34f6-5bdd-8fcb-1ff3a4d58a52,1785280827824,sender -> receiver,0,True,1785280828579,755,0,False
136ee7ed-0681-5889-ba0f-f6b3101ac27f,1785280828781,sender -> receiver,0,True,1785280829483,702,0,False
8209f3aa-3f73-5aa2-8765-4fcfc05af2ae,1785280828784,sender -> receiver,0,True,1785280829535,751,0,False
2ac74edf-93db-555c-b51a-25cc53796630,1785280829790,sender -> receiver,0,True,1785280830516,726,0,False
ec11d38c-aab4-5952-900a-578da4c7cb40,1785280829793,sender -> receiver,0,True,1785280830528,735,0,False
d7c9c612-6e22-5a88-bf24-11f7d7ab218f,1785280830790,sender -> receiver,0,True,1785280831555,765,0,False
fc861888-7e0e-5153-a962-144100e8b7ac,1785280831790,sender -> receiver,0,True,1785280832536,746,0,False
82710685-cf33-5252-9e8a-f2684075f275,1785280831793,sender -> receiver,0,True,1785280832585,792,0,False
b7a801e9-d945-5102-878f-0c53f574738a,1785280832831,sender -> receiver,0,True,1785280833527,696,0,False
92f76dd1-f80d-5e81-afa9-f17086b9ba5e,1785280832839,sender -> receiver,0,True,1785280833583,744,0,False
9f2fcc9a-8fea-52d6-a88b-06a4dd345fcc,1785280833792,sender -> receiver,0,True,1785280834560,768,0,False
73f9d6d1-80ab-542d-9425-635d5fcfcc9d,1785280833794,sender -> receiver,0,True,1785280834621,827,0,False
2b9839fa-3112-5c8c-ae0e-6703a99619d5,1785280834799,sender -> receiver,0,True,1785280835534,735,0,False
42f04a02-ce49-5d1e-a2f6-b8ae01e13006,1785280834801,sender -> receiver,0,True,1785280835576,775,0,False
b043db41-fa0c-5a80-a5f9-8f3a789995c6,1785280835797,sender -> receiver,0,True,1785280836539,742,0,False
61e0e0bc-ebcf-5e6d-a66f-a26c02b75d2f,1785280836811,sender -> receiver,0,True,1785280837575,764,0,False
5d2c1229-bd18-5e6e-8ff0-510ede0530c4,1785280836815,sender -> receiver,0,True,1785280837591,776,0,False
e3857d84-c0d6-5b71-9cfd-1fcb53114bc1,1785280837828,sender -> receiver,0,True,1785280838551,723,0,False
a4a222ea-370b-5027-b8c0-68204768c110,1785280837866,sender -> receiver,0,True,1785280838562,696,0,False
607012cb-2eb0-5091-b02b-439fee948c02,1785280838812,sender -> receiver,0,True,1785280839513,701,0,False
af663a51-3fde-5968-8da8-2c0bbfdfa84e,1785280838818,sender -> receiver,0,True,1785280839530,712,0,False
44eeaa16-efb2-50c6-aee5-7d8fac862635,1785280839832,sender -> receiver,0,True,1785280840594,762,0,False
54e855b4-98bc-5a2b-84e6-0da4af622af6,1785280839838,sender -> receiver,0,True,1785280840655,817,0,False
55ace224-5f29-5046-bb55-28d7cda4d273,1785280840777,sender -> receiver,0,True,1785280841545,768,0,False
83130ca1-3065-59a8-b3c8-ef4cab6eaa67,1785280841781,sender -> receiver,0,True,1785280842522,741,0,False
7f877cb7-96a6-5980-96ce-b8a303ae9a99,1785280841783,sender -> receiver,0,True,1785280842539,756,0,False
20b6dd8a-9663-513a-aab1-d666e83cec57,1785280842806,sender -> receiver,0,True,1785280843511,705,0,False
778627d9-248b-59d9-a7b2-abca7bafa2b8,1785280842811,sender -> receiver,0,True,1785280843526,715,0,False
daf26512-e2ee-5590-a811-890706752999,1785280843795,sender -> receiver,0,True,1785280844506,711,0,False
9f322173-1a29-59ea-89b7-440c4fd3a1f8,1785280843797,sender -> receiver,0,True,1785280844560,763,0,False
4576f82f-5388-5e0c-addb-4e303a1e97f1,1785280844782,sender -> receiver,0,True,1785280845522,740,0,False
35ea33a5-97c9-5c03-a4cc-947970d0e332,1785280845806,sender -> receiver,0,True,1785280846576,770,0,False
8b0fc5e6-b9c3-5b8d-9eb5-97b53c048f0e,1785280845811,sender -> receiver,0,True,1785280846591,780,0,False
e96e8716-18ea-5795-8298-fb9fe0685ee1,1785280846790,sender -> receiver,0,True,1785280847515,725,0,False
5519d510-5f53-5a73-b696-2309f71942e4,1785280846805,sender -> receiver,0,True,1785280847525,720,0,False
7d360db5-dc50-57db-89ac-40d603dd76fe,1785280847813,sender -> receiver,0,True,1785280848510,697,0,False
6c6b60d2-5b17-5fe0-8f36-1a59f34d845b,1785280847817,sender -> receiver,0,True,1785280848527,710,0,False
3f2f564a-8269-58c2-b657-f1a5b0197e5b,1785280848814,sender -> receiver,0,True,1785280849498,684,0,False
cb0e01b0-b637-5520-973a-11e6542c33e5,1785280848821,sender -> receiver,0,True,1785280849587,766,0,False
af805e0d-3ef1-5059-b133-c08250760ff8,1785280849820,sender -> receiver,0,True,1785280850578,758,0,False
167f3baf-4968-5a5d-a49e-61c74a2ec09a,1785280850825,sender -> receiver,0,True,1785280851591,766,0,False
7df32f9a-f0c5-5067-a70c-371c262007fa,1785280850829,sender -> receiver,0,True,1785280851616,787,0,False
ff858b86-f32e-5807-8f72-bfcf4af2c2a3,1785280851805,sender -> receiver,0,True,1785280852514,709,0,False
e197ab41-aa9a-5379-82b4-7585cf7675ec,1785280851814,sender -> receiver,0,True,1785280852528,714,0,False
f2536ba1-9887-5dea-a053-217936a60e3e,1785280852798,sender -> receiver,0,True,1785280853512,714,0,False
14b6ea42-c302-56dd-b764-1de24e2de135,1785280852803,sender -> receiver,0,True,1785280853527,724,0,False
7443e0e5-7643-59af-82fd-b93aa79dd27e,1785280853797,sender -> receiver,0,True,1785280854511,714,0,False
f60524f1-ada3-5c53-8ab1-6c66920083df,1785280853824,sender -> receiver,0,True,1785280854523,699,0,False
89ddeebc-79ca-52d6-ae59-05d0ce28301a,1785280854824,sender -> receiver,0,True,1785280855550,726,0,False
d45ba888-41fc-5eec-a275-dea6b8c44cf1,1785280855812,sender -> receiver,0,True,1785280856567,755,0,False
13bfd09c-8cc7-532f-a7d4-31bd898cafe5,1785280855818,sender -> receiver,0,True,1785280856624,806,0,False
5c2b61a2-554c-5574-8b3d-909f64a68b8a,1785280856791,sender -> receiver,0,True,1785280857514,723,0,False
bdee6952-86e0-5a1b-a0f6-4e0c7766460a,1785280856794,sender -> receiver,0,True,1785280857530,736,0,False
f500bb16-d9a3-5b3e-8c3c-1f09e43ca0e6,1785280857805,sender -> receiver,0,True,1785280858532,727,0,False
7b8a6282-3d8c-5ad3-b4ef-d46381437ae1,1785280857810,sender -> receiver,0,True,1785280858541,731,0,False
dca5c4d7-2729-5b93-be59-ff7e6afe5a44,1785280858776,sender -> receiver,0,True,1785280859494,718,0,False
13d401ac-e3ea-57a1-9641-7f68417ac363,1785280859794,sender -> receiver,0,True,1785280860514,720,0,False
73ef122c-9060-5e0c-9a8e-ca53a140bf04,1785280859797,sender -> receiver,0,True,1785280860531,734,0,False
275bd058-60d9-5f65-80bd-e559a91ba37d,1785280860840,sender -> receiver,0,True,1785280861523,683,0,False
a4d4fa5e-50e5-5029-8265-0db322a64e2a,1785280860844,sender -> receiver,0,True,1785280861574,730,0,False
fccf1497-9310-5724-a710-b8dce1af2a4e,1785280861797,sender -> receiver,0,True,1785280862550,753,0,False
6c8a210e-c9ef-5bdb-a1c7-c82c1a661f2f,1785280861802,sender -> receiver,0,True,1785280862567,765,0,False
3d0df057-2d44-5075-9990-38f4db814a37,1785280862789,sender -> receiver,0,True,1785280863496,707,0,False
3aae35a0-93d8-518a-b516-1d615caf1dfb,1785280862793,sender -> receiver,0,True,1785280863525,732,0,False
a5cbf7d7-6a69-5525-a2b5-9edf59a7654f,1785280863805,sender -> receiver,0,True,1785280864533,728,0,False
54c689a0-a780-56a9-9903-59fd7b034414,1785280864826,sender -> receiver,0,True,1785280865554,728,0,False
9c0f4da9-6237-57b9-966c-ff5b456a64d0,1785280864831,sender -> receiver,0,True,1785280865565,734,0,False
e0d462ad-67c1-5984-a252-0b85d614c5f9,1785280865793,sender -> receiver,0,True,1785280866513,720,0,False
b868494a-c72b-52d1-9940-ae50fce08e6f,1785280865799,sender -> receiver,0,True,1785280866531,732,0,False
7ef8ccee-8c98-52e6-81e6-b84c63b3e3cb,1785280866805,sender -> receiver,0,True,1785280867505,700,0,False
5fbc9696-f879-5e65-bdcd-6dafc1c581ce,1785280866808,sender -> receiver,0,True,1785280867519,711,0,False
f16ad8f3-5900-564e-9ba6-382afd837510,1785280867816,sender -> receiver,0,True,1785280868537,721,0,False
5815f382-e1e5-50c5-924e-661930272eb2,1785280867824,sender -> receiver,0,True,1785280868546,722,0,False
7f731cf4-36f2-5878-8a6f-bab027517426,1785280868784,sender -> receiver,0,True,1785280869513,729,0,False
2fd1768c-ccb9-5ec6-9f7c-cae0d3b2715f,1785280869794,sender -> receiver,0,True,1785280870516,722,0,False
5c2f13b8-071e-565a-9756-f095e53da70e,1785280869798,sender -> receiver,0,True,1785280870532,734,0,False
158e220e-98ff-5df7-9a5f-a1bbd3e9a59c,1785280870794,sender -> receiver,0,True,1785280871573,779,0,False
9a0171a8-02ee-5d8d-9083-6d34d80a1fd4,1785280870798,sender -> receiver,0,True,1785280871587,789,0,False
a27b3a66-f575-564f-8657-bd6985777876,1785280871796,sender -> receiver,0,True,1785280872516,720,0,False
e4b6f5d6-0a3f-5f7b-96ac-50d12177c9c9,1785280871801,sender -> receiver,0,True,1785280872553,752,0,False
3dbb4e30-6231-5387-80cf-46f17caf4268,1785280872784,sender -> receiver,0,True,1785280873529,745,0,False
2c7e5451-3d45-52a7-9ad5-117bc9ccba42,1785280913920,sender -> receiver,0,True,1785280914677,757,0,False
8723fb28-f0cf-5ebf-9d08-dc5826df232b,1785280913954,sender -> receiver,0,True,1785280914696,742,0,False
4f418b30-8b0a-5f1b-991a-51f295671791,1785280914925,sender -> receiver,0,True,1785280915605,680,0,False
b90a6efb-9a9c-5edb-98eb-4f7a8821abbe,1785280914933,sender -> receiver,0,True,1785280915691,758,0,False
37196d55-b91e-5ddb-9aca-c61c0df3c196,1785280915917,sender -> receiver,0,True,1785280916663,746,0,False
93af42e8-7fd5-55c0-868e-6d38f14420ba,1785280915922,sender -> receiver,0,True,1785280916682,760,0,False
4bfb9c20-3579-56b7-89cb-df25f91abf73,1785280916907,sender -> receiver,0,True,1785280917641,734,0,False
d09ca3a2-f500-5c9a-97f7-afb70a105ced,1785280916910,sender -> receiver,0,True,1785280917656,746,0,False
b4dad21b-ba01-56b5-9e4e-e752eeafd136,1785280917924,sender -> receiver,0,True,1785280918681,757,0,False
4e10f941-1ccc-50c8-bd8d-0360839727d3,1785280917948,sender -> receiver,0,True,1785280918703,755,0,False
5cfb0c58-2fcb-5bde-83ad-88f5a49c83d3,1785280918898,sender -> receiver,0,True,1785280919623,725,0,False
75c26a25-7b72-5fc6-8fa3-f3f085fbbf97,1785280919945,sender -> receiver,0,True,1785280920663,718,0,False
a85bbe25-6d06-5584-b6f5-cb1c4a3d0323,1785280919951,sender -> receiver,0,True,1785280920680,729,0,False
62034a6c-75be-5195-9581-8752b2edfad0,1785280920909,sender -> receiver,0,True,1785280921661,752,0,False
e9282619-687d-5b94-bc95-b4a637873ee8,1785280920928,sender -> receiver,0,True,1785280921675,747,0,False
d9806aeb-9fed-55f5-a571-c6807fd9064b,1785280921915,sender -> receiver,0,True,1785280922675,760,0,False
d05081db-495b-506e-b106-03bf3e81c462,1785280921920,sender -> receiver,0,True,1785280922689,769,0,False
a60693e1-7ce3-5bd1-8286-f8a30b4ac06d,1785280922909,sender -> receiver,0,True,1785280923620,711,0,False
75391626-3c69-57f1-a2e1-102c9787bb32,1785280922912,sender -> receiver,0,True,1785280923638,726,0,False
2788f05f-d5b3-5938-aab8-16876c786c4e,1785280923899,sender -> receiver,0,True,1785280924604,705,0,False
9a7acf9e-80e8-57f0-937c-6c3f4d6da6be,1785280924908,sender -> receiver,0,True,1785280925598,690,0,False
135c16b7-5da1-50de-a2f6-e5f2472e950a,1785280924912,sender -> receiver,0,True,1785280925607,695,0,False
8a8118e2-fc8e-5568-88d3-ea375adb769e,1785280925910,sender -> receiver,0,True,1785280926644,734,0,False
a47d6638-8bc5-59d4-9284-aab8671f6dfe,1785280925914,sender -> receiver,0,True,1785280926699,785,0,False
e16523a4-d777-59af-9d15-1f50f39ac955,1785280926910,sender -> receiver,0,True,1785280927642,732,0,False
371a3ff1-5d68-5e10-aa14-59ce534893f9,1785280926912,sender -> receiver,0,True,1785280927661,749,0,False
f5e9f785-d5f0-5939-a33f-97809cffa47c,1785280927899,sender -> receiver,0,True,1785280928610,711,0,False
0c507969-0f1a-500c-b9e7-3233119c3ccc,1785280927901,sender -> receiver,0,True,1785280928627,726,0,False
67e68803-84af-57a8-8146-0fe3679e5466,1785280928909,sender -> receiver,0,True,1785280929601,692,0,False
d83de469-6e00-58f2-97d4-182e7ac3ff92,1785280928913,sender -> receiver,0,True,1785280929659,746,0,False
a154762f-6d70-5363-9c2f-9f6e82669762,1785280929900,sender -> receiver,0,True,1785280930599,699,0,False
6d5d629c-861b-57e4-a6a5-cd48746dfa0e,1785280930897,sender -> receiver,0,True,1785280931578,681,0,False
f228f44b-ac51-51a5-bbba-a342761867f3,1785280930899,sender -> receiver,0,True,1785280931592,693,0,False
a8e37e5a-9de5-59c8-9841-fd6db1beae71,1785280931914,sender -> receiver,0,True,1785280932659,745,0,False
7b8b3a52-d292-5f13-968e-4a43c4ebd4de,1785280931917,sender -> receiver,0,True,1785280932673,756,0,False
fea2535b-b6d5-5923-8244-dcf4cc7f756a,1785280932909,sender -> receiver,0,True,1785280933614,705,0,False
7c6bbfcf-e79e-52dc-90f1-19bc5efb3cd9,1785280932912,sender -> receiver,0,True,1785280933633,721,0,False
c440c3fb-fc7a-576a-a785-469346099632,1785280933935,sender -> receiver,0,True,1785280934659,724,0,False
5d713699-fce1-52b3-8938-a4bf11001035,1785280933943,sender -> receiver,0,True,1785280934682,739,0,False
9d6c6a1c-0895-5b11-a359-ae25ec723673,1785280934920,sender -> receiver,0,True,1785280935627,707,0,False
22e52ccf-ce71-5579-8914-a638ebfb61e4,1785280935931,sender -> receiver,0,True,1785280936636,705,0,False
72a60b47-27dc-542c-900f-4bf8053753e6,1785280935936,sender -> receiver,0,True,1785280936654,718,0,False
30e78d46-0ebc-5f21-a1b3-5216c1cecaaa,1785280936909,sender -> receiver,0,True,1785280937668,759,0,False
6b05ec25-9605-5f54-9387-f1b88dde221b,1785280936926,sender -> receiver,0,True,1785280937691,765,0,False
9759512a-4eca-5d85-af91-c0c72411a7e9,1785280937913,sender -> receiver,0,True,1785280938607,694,0,False
ee2916e0-3902-52de-ae40-104548440d28,1785280937916,sender -> receiver,0,True,1785280938619,703,0,False
f5cde561-fdaa-5af4-aefa-e8a8dc14a063,1785280938901,sender -> receiver,0,True,1785280939606,705,0,False
8dcded0e-7abb-53b5-bfbe-3fa12140579b,1785280938904,sender -> receiver,0,True,1785280939628,724,0,False
1206d2b0-6116-5046-8116-84187b87ded8,1785280939912,sender -> receiver,0,True,1785280940637,725,0,False
3396afba-1ebe-5a48-936b-e8612405cc47,1785280939916,sender -> receiver,0,True,1785280940658,742,0,False
1c86deff-ae77-513f-8025-74a4a3e250b6,1785280940904,sender -> receiver,0,True,1785280941634,730,0,False
84f986f8-efc8-55c5-9efe-62d09d6903df,1785280941935,sender -> receiver,0,True,1785280942697,762,0,False
e546b93e-8042-5f81-873a-263bf0e0693b,1785280941940,sender -> receiver,0,True,1785280942718,778,0,False
69a5669e-3651-560d-9479-4f236a06f8df,1785280942945,sender -> receiver,0,True,1785280943646,701,0,False
d85ae2f8-86a4-5dd6-b8d5-6a2a88f18284,1785280942972,sender -> receiver,0,True,1785280943666,694,0,False
8a65e3ce-24a7-5952-aab6-cd9130681fa9,1785280943910,sender -> receiver,0,True,1785280944690,780,0,False
7bc08b5f-68b9-5210-b0ef-636377ac54db,1785280943913,sender -> receiver,0,True,1785280944745,832,0,False
ad8729df-5e56-5a42-9470-a18e9882a6b1,1785280944916,sender -> receiver,0,True,1785280945635,719,0,False
c8e7391f-70c2-5f16-a52b-31e39fde52cd,1785280944928,sender -> receiver,0,True,1785280945653,725,0,False
faca56ed-ec70-5e2f-88bc-3a65f6aa2a5f,1785280945907,sender -> receiver,0,True,1785280946631,724,0,False
106f0e01-0889-50da-9d68-f05c2d7d5f63,1785280946917,sender -> receiver,0,True,1785280947657,740,0,False
ef616522-8545-5d90-afe8-f55ab64f0e98,1785280946926,sender -> receiver,0,True,1785280947716,790,0,False
fec19e33-d77f-5047-aa97-40e2b0425891,1785280947915,sender -> receiver,0,True,1785280948640,725,0,False
b6224df7-4f72-57d5-815f-8934d1a9035e,1785280947919,sender -> receiver,0,True,1785280948652,733,0,False
90ce1dd3-bfd4-5b00-b20d-7647fdf38397,1785280948907,sender -> receiver,0,True,1785280949639,732,0,False
ad34fb23-9de9-5c33-841d-67f250e9e1b9,1785280948910,sender -> receiver,0,True,1785280949659,749,0,False
5744d737-d7fd-5f13-8d99-b935e318485a,1785280949918,sender -> receiver,0,True,1785280950637,719,0,False
019a0dd1-52a6-5327-9152-5ba49afb11cb,1785280949929,sender -> receiver,0,True,1785280950670,741,0,False
9c9f3ec5-0fc5-52b8-89e5-4b6a14dcbfb0,1785280950939,sender -> receiver,0,True,1785280951669,730,0,False
0c762f01-75df-5f19-bd36-8d1ecc092d9c,1785280950948,sender -> receiver,0,True,1785280951696,748,0,False
34a2d346-34ff-503e-9a3c-e75b7dce636f,1785280951905,sender -> receiver,0,True,1785280952654,749,0,False
ba30add6-af5d-5451-bae7-16af522e3289,1785280952947,sender -> receiver,0,True,1785280953690,743,0,False
b74c0d49-fb4d-52e4-ad87-18d51abe729e,1785280952952,sender -> receiver,0,True,1785280953718,766,0,False
34904c1e-2698-5a6a-a2ad-55c352c892c8,1785280953930,sender -> receiver,0,True,1785280954634,704,0,False
a6456da7-dcc7-54ee-8e98-50e4f094bbae,1785280953934,sender -> receiver,0,True,1785280954673,739,0,False
7bdc3ddf-ca78-5454-a364-3ea4fb954e74,1785280954908,sender -> receiver,0,True,1785280955610,702,0,False
239f74c1-b401-5b08-9517-7ffd5f2064fe,1785280954911,sender -> receiver,0,True,1785280955653,742,0,False
5bdf4641-2eb8-53e3-9873-1fd3303ce57e,1785280955912,sender -> receiver,0,True,1785280956603,691,0,False
47208d44-df46-5b83-84d8-e4eac3b0bb1b,1785280955916,sender -> receiver,0,True,1785280956624,708,0,False
229cbefd-68c1-5ff2-9ed5-9a878c9f5f7d,1785280956903,sender -> receiver,0,True,1785280957591,688,0,False
2d1f0d31-f8c5-5960-9cc9-16351cfc739f,1785280957913,sender -> receiver,0,True,1785280958632,719,0,False
283e1665-85ca-5d58-9747-f6cb091b6276,1785280957915,sender -> receiver,0,True,1785280958643,728,0,False
5113f2e2-e76c-5771-9851-642bc4e1a805,1785280958908,sender -> receiver,0,True,1785280959614,706,0,False
0fcdd719-5364-5d1c-9e8e-c7ce6c27f179,1785280958911,sender -> receiver,0,True,1785280959632,721,0,False
9bb01057-eaed-5207-924a-0eb86561fc6c,1785280959935,sender -> receiver,0,True,1785280960665,730,0,False
290ea3f8-c579-5bc0-9b76-753c8003c98d,1785280959943,sender -> receiver,0,True,1785280960693,750,0,False
400d7f09-4af0-5eb1-bb55-3257ea848091,1785280960931,sender -> receiver,0,True,1785280961650,719,0,False
d90bca1e-e8b8-5f66-96d3-8b97fd914e2e,1785280960937,sender -> receiver,0,True,1785280961667,730,0,False
1bb86ac7-24e2-5be7-bde6-7a3c14e1d92b,1785280961899,sender -> receiver,0,True,1785280962646,747,0,False
aa64dd33-2bb9-5bcc-8ba0-a3da71f59f13,1785280961902,sender -> receiver,0,True,1785280962671,769,0,False
5d5ea214-ee08-5f5b-a7a5-08b5949d7358,1785280962893,sender -> receiver,0,True,1785280963632,739,0,False
00390c14-aa7c-5327-91df-58dccb5f39d6,1785280963918,sender -> receiver,0,True,1785280964668,750,0,False
4ea79eab-a37e-5e10-952d-dd29d3535182,1785280963920,sender -> receiver,0,True,1785280964696,776,0,False
bb7d4c2e-bd24-5830-aa03-86d7e3b14d3e,1785280964917,sender -> receiver,0,True,1785280965618,701,0,False
58b549be-675c-5936-8f4c-55409bd9fc7b,1785280964921,sender -> receiver,0,True,1785280965630,709,0,False
ce8da7e3-c845-52e5-bf26-88b6a9fd158f,1785280965912,sender -> receiver,0,True,1785280966698,786,0,False
0e1e39f6-70db-570b-97b3-4beecb58f203,1785280965915,sender -> receiver,0,True,1785280966720,805,0,False
257e94c6-956b-5a3e-abf3-b87657877308,1785280966920,sender -> receiver,0,True,1785280967661,741,0,False
d548bcc8-9088-5621-b185-bca9ca0e601a,1785280966927,sender -> receiver,0,True,1785280967678,751,0,False
ec3418d0-4393-56b4-9a05-7c7365016277,1785280967921,sender -> receiver,0,True,1785280968637,716,0,False
d0512008-e485-5eab-afce-31e8b0cf8123,1785281009641,sender -> receiver,0,True,1785281010346,705,0,False
d70b2df4-8db9-556b-9e43-ef97b5c3170e,1785281009643,sender -> receiver,0,True,1785281010462,819,0,False
69e184eb-fe66-58bc-baf0-c7c0b12d2bcd,1785281010644,sender -> receiver,0,True,1785281011378,734,0,False
651b2fd2-08f5-53b3-969d-2d50a2aff466,1785281010652,sender -> receiver,0,True,1785281011395,743,0,False
8ed76d99-8fe7-5463-b64d-68ce2fda1b67,1785281011650,sender -> receiver,0,True,1785281012379,729,0,False
8297a9ad-841f-5e3a-9d97-201d223300d7,1785281011655,sender -> receiver,0,True,1785281012393,738,0,False
5b0c7eb2-8950-5473-a798-957613c456b4,1785281012633,sender -> receiver,0,True,1785281013347,714,0,False
1b3ca393-6ef6-5a94-93b1-09abcaf079ac,1785281012639,sender -> receiver,0,True,1785281013391,752,0,False
1819f8f5-718b-5047-a9b4-96d0f979e0bb,1785281013623,sender -> receiver,0,True,1785281014382,759,0,False
50a4ef79-e026-5606-bef6-ab16b5748275,1785281013625,sender -> receiver,0,True,1785281014397,772,0,False
bf0831db-cd58-55dc-8e43-f48c9b314243,1785281014639,sender -> receiver,0,True,1785281015345,706,0,False
0a2ea70f-0769-57d4-a956-c313296e34b1,1785281014641,sender -> receiver,0,True,1785281015377,736,0,False
1ed05760-e187-53c7-8272-79b029a51e71,1785281015612,sender -> receiver,0,True,1785281016389,777,0,False
9c0e33f5-2b3f-55d8-87ca-0e4bb1274a25,1785281016624,sender -> receiver,0,True,1785281017366,742,0,False
b7f360b6-63ca-5af0-90f2-f6ab64da5998,1785281016644,sender -> receiver,0,True,1785281017380,736,0,False
b195476f-5ea8-5d8b-a5c2-fe016f6be923,1785281017639,sender -> receiver,0,True,1785281018343,704,0,False
570df53e-2fb2-5555-a7a3-a75d1e57db75,1785281017643,sender -> receiver,0,True,1785281018393,750,0,False
5b74706f-393c-5c1b-8214-d720a48babc2,1785281018621,sender -> receiver,0,True,1785281019350,729,0,False
e2b1e2df-331b-5915-a262-a47c66742405,1785281018624,sender -> receiver,0,True,1785281019370,746,0,False
8c37eb01-95f2-55dc-b850-b021e58af1aa,1785281019621,sender -> receiver,0,True,1785281020337,716,0,False
7b3d1150-7f69-51e7-97cd-59f186e31a04,1785281019623,sender -> receiver,0,True,1785281020391,768,0,False
3d6b5ea7-94f0-58dc-aec4-52258dd6b243,1785281020629,sender -> receiver,0,True,1785281021357,728,0,False
04870190-f704-5795-a6bd-7008b9d5bed0,1785281020631,sender -> receiver,0,True,1785281021396,765,0,False
c7b4326b-e7ca-54e8-8a97-b4661ea7f23e,1785281021628,sender -> receiver,0,True,1785281022365,737,0,False
e4308185-c237-5235-9b69-556511c00e88,1785281021630,sender -> receiver,0,True,1785281022388,758,0,False
4977c607-69cf-50c6-806b-3991a1e8d8cf,1785281022620,sender -> receiver,0,True,1785281023340,720,0,False
6bf97c26-7c12-523a-bca6-ea5ecfd5e81d,1785281023618,sender -> receiver,0,True,1785281024330,712,0,False
81ef721f-2f87-593b-9ec2-8a05477f641e,1785281023637,sender -> receiver,0,True,1785281024353,716,0,False
29e0953b-9659-5408-acff-9bbec3247fc6,1785281024621,sender -> receiver,0,True,1785281025321,700,0,False
90b60f4c-7f6b-55b9-ba59-8b5db7ad0092,1785281024623,sender -> receiver,0,True,1785281025343,720,0,False
d13222ae-0de1-5896-bcfd-821a89078c4b,1785281025619,sender -> receiver,0,True,1785281026317,698,0,False
ffae04f9-4838-585b-929e-21ac2c1dcd4c,1785281025644,sender -> receiver,0,True,1785281026331,687,0,False
97686019-effd-5ca8-bfef-7aeddad9525b,1785281026622,sender -> receiver,0,True,1785281027340,718,0,False
10fb2146-df40-5a4b-856f-51426a208bc3,1785281026625,sender -> receiver,0,True,1785281027353,728,0,False
d04e3fff-87de-51cd-983d-ec5a1b55ccda,1785281027624,sender -> receiver,0,True,1785281028330,706,0,False
1a8ad02f-c756-59cb-a33a-2b4fcfe22754,1785281027627,sender -> receiver,0,True,1785281028388,761,0,False
91ea9c62-a328-561c-aa73-df9f2ce9628c,1785281028638,sender -> receiver,0,True,1785281029414,776,0,False
4e373df0-8555-5a5a-8e8e-d8cc627225a1,1785281028642,sender -> receiver,0,True,1785281029435,793,0,False
6a8a0945-6b5a-51cf-8fd2-54e6b7897b63,1785281029621,sender -> receiver,0,True,1785281030350,729,0,False
50f72b6e-315d-5520-ad70-e09e444b2d37,1785281030618,sender -> receiver,0,True,1785281031349,731,0,False
2c9db5aa-824c-5cfc-91b4-6aee97d594b4,1785281030620,sender -> receiver,0,True,1785281031381,761,0,False
6f90c517-3492-579e-91b3-67b4dfd1ce6b,1785281031620,sender -> receiver,0,True,1785281032349,729,0,False
34b7792c-9157-553d-88b5-dfa45c5214ed,1785281031623,sender -> receiver,0,True,1785281032360,737,0,False
50ee90a8-f415-5490-adf8-688876788b43,1785281032627,sender -> receiver,0,True,1785281033343,716,0,False
28643365-6112-55d5-8acf-dd69881fb7da,1785281032631,sender -> receiver,0,True,1785281033355,724,0,False
325508c8-7758-5a95-aa70-04a5d5080e92,1785281033625,sender -> receiver,0,True,1785281034335,710,0,False
5e4c1adf-15b6-5c21-ad4c-1b67a9a74520,1785281033629,sender -> receiver,0,True,1785281034356,727,0,False
bfc678cb-64e0-54d8-abed-c352594f6e3c,1785281034623,sender -> receiver,0,True,1785281035365,742,0,False
390815b3-cb5a-558a-8e1a-5e2e1581c56a,1785281034626,sender -> receiver,0,True,1785281035417,791,0,False
a8b8c6e8-c50b-5db0-9480-e510dd3a29ff,1785281035616,sender -> receiver,0,True,1785281036352,736,0,False
91ae607b-17af-5a82-ab48-6165f5b9d3c2,1785281036635,sender -> receiver,0,True,1785281037349,714,0,False
59144ea7-32da-521f-bceb-1b1e096d532f,1785281036642,sender -> receiver,0,True,1785281037377,735,0,False
781da9a3-deea-5439-8f8b-d3efec3942c2,1785281037623,sender -> receiver,0,True,1785281038333,710,0,False
c64a4224-741e-5296-a5eb-a42534b7290a,1785281037629,sender -> receiver,0,True,1785281038345,716,0,False
dcc718ea-efa6-54c6-a9df-1b842edb2628,1785281038622,sender -> receiver,0,True,1785281039306,684,0,False
1b4e4509-235a-53f7-a81b-07d26e7553e2,1785281038646,sender -> receiver,0,True,1785281039318,672,0,False
854aa7ee-851d-5096-86a2-88cc91e45f6d,1785281039627,sender -> receiver,0,True,1785281040365,738,0,False
378135b9-299b-5bc9-a8c7-426380b1bf4a,1785281039648,sender -> receiver,0,True,1785281040378,730,0,False
c80f1843-71f8-5be6-889c-ec78d4f3ec5e,1785281040646,sender -> receiver,0,True,1785281041352,706,0,False
62824a51-d823-5ba2-b4f1-23662d630f7d,1785281040653,sender -> receiver,0,True,1785281041368,715,0,False
53dc51bc-186f-5d93-90cb-27dbb59ee032,1785281041615,sender -> receiver,0,True,1785281042336,721,0,False
35ee4a31-bd2d-572e-8882-a7f84d65fd1c,1785281041618,sender -> receiver,0,True,1785281042357,739,0,False
d1b20714-749c-5190-a35c-ddadb04bfc58,1785281042636,sender -> receiver,0,True,1785281043389,753,0,False
3a93ca81-f8b5-5192-b59f-764f7a3f79a7,1785281043635,sender -> receiver,0,True,1785281044349,714,0,False
05afe352-08d9-5519-b19f-bf7676eda010,1785281043674,sender -> receiver,0,True,1785281044388,714,0,False
9cb7847a-547b-539a-ae06-74541dba2a40,1785281044641,sender -> receiver,0,True,1785281045353,712,0,False
8a98a708-578c-58f5-a5a3-c433d28fce03,1785281044646,sender -> receiver,0,True,1785281045378,732,0,False
b55e32c4-eca8-56b0-a2ec-34f286d4bf78,1785281045639,sender -> receiver,0,True,1785281046348,709,0,False
a0045f31-49de-57d6-be05-a08beb025883,1785281045644,sender -> receiver,0,True,1785281046364,720,0,False
2bc798eb-9bb3-5589-ac21-88206370f81c,1785281046663,sender -> receiver,0,True,1785281047334,671,0,False
bb577b42-602b-5698-a542-92df6717f2b5,1785281046667,sender -> receiver,0,True,1785281047382,715,0,False
10eb12eb-7a14-5151-ab24-5a61c62372e7,1785281047625,sender -> receiver,0,True,1785281048388,763,0,False
618aeb4d-a43e-535f-aaec-95302032ac10,1785281047635,sender -> receiver,0,True,1785281048404,769,0,False
557e4b6f-ce30-5c8c-adb0-3b3e1d53949e,1785281048653,sender -> receiver,0,True,1785281049361,708,0,False
272e3adf-28b5-5e8a-a521-693ead7971df,1785281048658,sender -> receiver,0,True,1785281049412,754,0,False
fa094f0f-6a50-5a05-a5dc-d270ffa83d8d,1785281049656,sender -> receiver,0,True,1785281050393,737,0,False
34cc0ce6-30a3-5092-92dc-a29e44bb3bd6,1785281050618,sender -> receiver,0,True,1785281051351,733,0,False
b0e417a0-d106-5d0f-9851-d5f6cdf75402,1785281050622,sender -> receiver,0,True,1785281051399,777,0,False
ff28f221-585d-50d6-8c61-794bdfafa1f2,1785281051623,sender -> receiver,0,True,1785281052335,712,0,False
c369608b-fb69-59c9-8ccb-c8f97b142307,1785281051625,sender -> receiver,0,True,1785281052347,722,0,False
d68d3da6-d6dd-57a3-a38a-3ad175fe0467,1785281052625,sender -> receiver,0,True,1785281053361,736,0,False
888ec9fa-05de-515e-92a7-f8bcec6b609e,1785281052646,sender -> receiver,0,True,1785281053372,726,0,False
1c06f555-e4f7-5348-8a23-9c6d11f30e2a,1785281053625,sender -> receiver,0,True,1785281054341,716,0,False
861bed1e-f486-5509-876d-2837ff3b247d,1785281053629,sender -> receiver,0,True,1785281054357,728,0,False
fdf8627f-c6aa-54ab-b6f3-781d27dc3a76,1785281054622,sender -> receiver,0,True,1785281055348,726,0,False
68bd98ed-39dc-516d-b3c9-52f423377162,1785281054625,sender -> receiver,0,True,1785281055362,737,0,False
6fea6dba-57b0-5ed9-88b1-742bc21d99df,1785281055630,sender -> receiver,0,True,1785281056339,709,0,False
4cdaa495-adc0-53fc-8e80-e5665acf44e8,1785281055632,sender -> receiver,0,True,1785281056360,728,0,False
24a56e27-0c15-545c-b62a-56771aba5c81,1785281056616,sender -> receiver,0,True,1785281057321,705,0,False
cb89515d-d83e-5c5b-accb-aee18994f71e,1785281057620,sender -> receiver,0,True,1785281058348,728,0,False
353fa7ef-df48-56e7-b4a2-3ac4b008d2f9,1785281057636,sender -> receiver,0,True,1785281058382,746,0,False
3c94ec38-1c02-5437-9d44-4719a59e3c62,1785281058647,sender -> receiver,0,True,1785281059354,707,0,False
19b4cfa1-20f9-5956-b7b5-72012f9ca91b,1785281058680,sender -> receiver,0,True,1785281059385,705,0,False
1a721fd1-3d7e-5ad1-8159-a8c3da548b3f,1785281059627,sender -> receiver,0,True,1785281060324,697,0,False
67f3817d-aa99-5988-8668-8d41abfbd64f,1785281059630,sender -> receiver,0,True,1785281060337,707,0,False
8696df93-e0b7-5007-95fc-b0e82a94ac31,1785281060618,sender -> receiver,0,True,1785281061333,715,0,False
948c0838-4de7-59e6-847a-ef3a306c7346,1785281060623,sender -> receiver,0,True,1785281061351,728,0,False
d0f0c8b8-a50d-513b-98cf-9d34132eede6,1785281061630,sender -> receiver,0,True,1785281062353,723,0,False
cd3e0190-d04f-52c0-8658-a1a6708d2e28,1785281061632,sender -> receiver,0,True,1785281062390,758,0,False
ae96937e-2681-5055-bc5c-a0d26fefd705,1785281062666,sender -> receiver,0,True,1785281063356,690,0,False
515dce9d-5c37-5b11-9212-e8d7e972eacf,1785281103378,sender -> receiver,0,True,1785281104126,748,0,False
bffda36a-b4be-592d-99c4-54d62c71d210,1785281103381,sender -> receiver,0,True,1785281104145,764,0,False
89e349b6-e142-5cb5-a2d7-097f3f51bcd5,1785281104353,sender -> receiver,0,True,1785281105061,708,0,False
e6ef704c-f554-5444-8c06-48ce55d99cda,1785281104356,sender -> receiver,0,True,1785281105083,727,0,False
11212ff4-3f3e-5a51-a035-a9af7e3ed29e,1785281105353,sender -> receiver,0,True,1785281106042,689,0,False
ac7cadcd-38bd-5e86-89be-67177ea2987b,1785281105356,sender -> receiver,0,True,1785281106060,704,0,False
c230a8b3-486b-57f3-9dde-3e2738b8e1ff,1785281106349,sender -> receiver,0,True,1785281107034,685,0,False
6755e5f9-f043-5867-a394-b8eb9aa1ff74,1785281106353,sender -> receiver,0,True,1785281107086,733,0,False
bb5386de-0a70-5a95-8800-95de85c1d293,1785281107361,sender -> receiver,0,True,1785281108070,709,0,False
be24a02b-bda1-54cf-938e-f753b4b1c453,1785281108348,sender -> receiver,0,True,1785281109056,708,0,False
dd79feec-1c3a-5c42-a8c7-817d3efa47ba,1785281108368,sender -> receiver,0,True,1785281109072,704,0,False
81166068-674f-572a-8d7f-678cce81f124,1785281109353,sender -> receiver,0,True,1785281110052,699,0,False
cf23b9e3-3360-5ee1-99ae-4f387f661ef5,1785281109361,sender -> receiver,0,True,1785281110073,712,0,False
3276bfa1-fe95-5f9b-aba9-613f5e4d0307,1785281110374,sender -> receiver,0,True,1785281111097,723,0,False
e7a295d8-cb57-56ed-aecb-255ff3af92a3,1785281110380,sender -> receiver,0,True,1785281111116,736,0,False
80ddbb0d-9818-5489-9d50-0f4f8f4e5903,1785281111369,sender -> receiver,0,True,1785281112076,707,0,False
2018dfa4-260c-572a-91c9-2db46903d1f2,1785281111401,sender -> receiver,0,True,1785281112090,689,0,False
027f1d87-227d-560b-abfc-6cf1cf496a68,1785281112373,sender -> receiver,0,True,1785281113126,753,0,False
04a8e22f-4806-59ed-9e82-558da695ba3a,1785281113359,sender -> receiver,0,True,1785281114068,709,0,False
caa516a3-b457-55cc-8677-943298557585,1785281113364,sender -> receiver,0,True,1785281114096,732,0,False
2fc1a3f1-e6b8-5207-b796-c248f11afc39,1785281114348,sender -> receiver,0,True,1785281115047,699,0,False
87f85d29-6af1-5622-8709-c3a32dd3683a,1785281114350,sender -> receiver,0,True,1785281115068,718,0,False
9e387760-8c30-5ffd-b1b3-23122c70514b,1785281115355,sender -> receiver,0,True,1785281116080,725,0,False
27d152af-4340-5c90-9d7d-d7841b9d100c,1785281115360,sender -> receiver,0,True,1785281116098,738,0,False
4d73a55f-4d0a-58ab-8f7c-23a531445a88,1785281116357,sender -> receiver,0,True,1785281117069,712,0,False
951c9a94-dd7e-51d0-a35a-5d4ff5e2b81e,1785281117348,sender -> receiver,0,True,1785281118089,741,0,False
483b6d73-4113-5bc0-bc66-cba1f4791036,1785281117354,sender -> receiver,0,True,1785281118100,746,0,False
26be9296-6a97-5d81-b11e-0a58d206b212,1785281118350,sender -> receiver,0,True,1785281119047,697,0,False
a22cbb05-22bf-58d1-b2c7-01cc8c4a6375,1785281118354,sender -> receiver,0,True,1785281119114,760,0,False
ed07268f-5441-59d6-891c-e5dbea826cdf,1785281119344,sender -> receiver,0,True,1785281120046,702,0,False
60b130f4-8215-5f6d-96f4-c58653d48dd7,1785281119346,sender -> receiver,0,True,1785281120131,785,0,False
82690a63-0678-57e3-824f-1780cdadea2a,1785281120348,sender -> receiver,0,True,1785281121075,727,0,False
2cfdc135-6d2b-5d78-9da2-6f640a64d28d,1785281120351,sender -> receiver,0,True,1785281121093,742,0,False
be64f1ef-a4b0-58fe-8993-ac58018afa3f,1785281121351,sender -> receiver,0,True,1785281122077,726,0,False
a763a94b-0a67-5674-b689-ea8467ff1648,1785281122359,sender -> receiver,0,True,1785281123066,707,0,False
1c46d23d-0d45-5772-9e39-eddefe27bf4b,1785281122365,sender -> receiver,0,True,1785281123086,721,0,False
1b31851d-62ce-59d3-9e1c-3b39cdef4624,1785281123347,sender -> receiver,0,True,1785281124043,696,0,False
c8f958c2-82c3-5d1c-b417-0ff786189afc,1785281123350,sender -> receiver,0,True,1785281124058,708,0,False
f5a35a92-616b-5a6a-9401-d78d38c94e4d,1785281124373,sender -> receiver,0,True,1785281125091,718,0,False
b1c4b1a2-32a9-5c33-a974-d0901b91f066,1785281124379,sender -> receiver,0,True,1785281125115,736,0,False
70f60cb1-f58e-5353-b969-2c9568ec2ea8,1785281125355,sender -> receiver,0,True,1785281126067,712,0,False
188af6be-1590-5a70-b6d2-d9c655e159f0,1785281125358,sender -> receiver,0,True,1785281126085,727,0,False
768898cb-6224-5350-8cc3-e55f9a71f1c4,1785281126347,sender -> receiver,0,True,1785281127060,713,0,False
cc7b7b78-ed42-50c6-b3f3-dd3bdc9a7221,1785281127356,sender -> receiver,0,True,1785281128047,691,0,False
f95bfbde-8301-53fb-8c03-af07cbc3aac0,1785281127361,sender -> receiver,0,True,1785281128105,744,0,False
c77d48c1-f0e1-5a78-943e-51bd0146fbd5,1785281128348,sender -> receiver,0,True,1785281129050,702,0,False
93125f22-ae85-5745-8b52-66e2c1f6c562,1785281128350,sender -> receiver,0,True,1785281129066,716,0,False
86fb7f83-04a4-53a8-bfb4-8f959151ca21,1785281129374,sender -> receiver,0,True,1785281130119,745,0,False
52e2dfa8-5d3a-5b1c-9466-e939a2fba9c7,1785281129381,sender -> receiver,0,True,1785281130136,755,0,False
1de22f34-bde7-5197-9aeb-70eea6aedf92,1785281130346,sender -> receiver,0,True,1785281131067,721,0,False
cb0cafa4-6491-5d20-a14c-5a77555e039d,1785281131353,sender -> receiver,0,True,1785281132057,704,0,False
e7c2c9ff-0ad2-5ca3-9f05-08e5fd766311,1785281131355,sender -> receiver,0,True,1785281132096,741,0,False
6811b763-7149-5f4a-b550-ec8b0b609193,1785281132345,sender -> receiver,0,True,1785281133102,757,0,False
9eef72a5-bd7a-5da6-9abc-3fc87117d06d,1785281132348,sender -> receiver,0,True,1785281133127,779,0,False
3085f917-7417-563a-a947-5a6c9514dbca,1785281133369,sender -> receiver,0,True,1785281134086,717,0,False
e5a2dbcb-719c-5a6f-aed1-98bc27be2ee1,1785281133373,sender -> receiver,0,True,1785281134111,738,0,False
b789f7e5-9010-561c-b511-c41884a0821f,1785281134355,sender -> receiver,0,True,1785281135070,715,0,False
ce651fbc-5fd1-5858-9fd0-cdb50050db5f,1785281134357,sender -> receiver,0,True,1785281135087,730,0,False
614924fb-d328-5049-aa36-37de695a93a9,1785281135363,sender -> receiver,0,True,1785281136059,696,0,False
bad370ec-4df5-5dc0-ad1d-1d06358c7137,1785281136365,sender -> receiver,0,True,1785281137062,697,0,False
fc7fa905-cd96-595e-8df8-b80447a783d9,1785281136370,sender -> receiver,0,True,1785281137078,708,0,False
b8a96f08-99f4-5f20-aeeb-cbd664aa0711,1785281137355,sender -> receiver,0,True,1785281138037,682,0,False
5ec61015-2419-535b-98e4-0712be970abd,1785281137365,sender -> receiver,0,True,1785281138090,725,0,False
23a252d6-cddb-5892-81ca-4ac025758a49,1785281138353,sender -> receiver,0,True,1785281139071,718,0,False
aadd7b7f-4183-51f4-a8f6-afdfaea99e87,1785281138357,sender -> receiver,0,True,1785281139085,728,0,False
dedf09f9-e419-5a4d-871e-d17ead281111,1785281139341,sender -> receiver,0,True,1785281140071,730,0,False
42622c47-4010-59e6-8b77-096ad509819e,1785281139352,sender -> receiver,0,True,1785281140090,738,0,False
d2ce87b4-84dc-5231-b761-f5e0101aff04,1785281140349,sender -> receiver,0,True,1785281141051,702,0,False
88998aea-1b1a-5cde-b51e-63f3f34a5436,1785281141357,sender -> receiver,0,True,1785281142041,684,0,False
5db21b05-52ce-5499-b9e0-3a5b6a9055cd,1785281141362,sender -> receiver,0,True,1785281142057,695,0,False
22eb34ae-a091-540c-a311-9787bf1ec938,1785281142374,sender -> receiver,0,True,1785281143141,767,0,False
1f812d90-eedd-5d56-8630-bba8a20675a2,1785281142379,sender -> receiver,0,True,1785281143196,817,0,False
3bd94216-42a6-5afe-b496-72e4ff1d9e88,1785281143384,sender -> receiver,0,True,1785281144080,696,0,False
16162023-2465-5b1c-ae99-c8fcbef5d362,1785281143389,sender -> receiver,0,True,1785281144099,710,0,False
c683f203-052a-5307-a9ed-dc310196d2d0,1785281144342,sender -> receiver,0,True,1785281145057,715,0,False
ba86806b-e98b-5b25-b83c-36a6f24928e1,1785281145374,sender -> receiver,0,True,1785281146095,721,0,False
9251f9b1-cf9f-50aa-9b69-09a89a4c09d2,1785281145381,sender -> receiver,0,True,1785281146131,750,0,False
8622b0f9-2f03-58ee-8c1c-ec747daffde7,1785281146356,sender -> receiver,0,True,1785281147037,681,0,False
3e7f354a-eecc-5273-9406-a9e38e3a79dc,1785281146361,sender -> receiver,0,True,1785281147084,723,0,False
7f3c96da-4074-5224-9a9f-cc312cb8dea6,1785281147383,sender -> receiver,0,True,1785281148076,693,0,False
55a32a4e-eafd-5e31-bf7d-0c21ccd25791,1785281147392,sender -> receiver,0,True,1785281148098,706,0,False
6a045c3e-e8e0-571b-8b49-91f62a395bf4,1785281148352,sender -> receiver,0,True,1785281149064,712,0,False
673e8f5c-c3fa-5d76-a048-f169977ef96d,1785281148355,sender -> receiver,0,True,1785281149080,725,0,False
100ac670-1b26-57ee-bf31-09fe72a732d1,1785281149348,sender -> receiver,0,True,1785281150055,707,0,False
bfb42d4f-6d0b-501e-ae1c-8b8636629385,1785281150382,sender -> receiver,0,True,1785281151107,725,0,False
e45ccfb3-2084-5810-9052-46ee2c5c4aa0,1785281150413,sender -> receiver,0,True,1785281151140,727,0,False
1f04bbb9-3774-551d-ad4a-cbab4a4f3b0a,1785281151352,sender -> receiver,0,True,1785281152078,726,0,False
5db39298-3eb8-532f-b3b6-d96e2e0bbefa,1785281151355,sender -> receiver,0,True,1785281152096,741,0,False
ef1affd7-5f24-5bfb-b617-cbf2eee61389,1785281152349,sender -> receiver,0,True,1785281153080,731,0,False
fd3ea900-73fc-5293-a4ce-fb3e9350102a,1785281152360,sender -> receiver,0,True,1785281153095,735,0,False
cd243c56-6796-5af5-9da6-1fddc692139e,1785281153341,sender -> receiver,0,True,1785281154055,714,0,False
ee109a00-203f-5515-80b8-fe3b77704ba9,1785281153343,sender -> receiver,0,True,1785281154108,765,0,False
df7d22ac-2119-5cd6-a9b8-aa692fa1f1b5,1785281154341,sender -> receiver,0,True,1785281155057,716,0,False
c068de34-3749-5140-8bec-208ccc2b995b,1785281155371,sender -> receiver,0,True,1785281156139,768,0,False
5b0abb90-3d25-5729-b985-59792016f450,1785281155378,sender -> receiver,0,True,1785281156154,776,0,False
dd98ef7d-2e48-5381-96be-2a18f4897287,1785281156365,sender -> receiver,0,True,1785281157092,727,0,False
057e17e5-f9f0-520f-be65-a0b02d8ffcfc,1785281156370,sender -> receiver,0,True,1785281157113,743,0,False
75872e2a-d5e7-5179-acf4-53c512d1ad80,1785281157359,sender -> receiver,0,True,1785281158074,715,0,False
54c6a65c-67b8-55ca-a7ec-3eb62f747041,1785281157364,sender -> receiver,0,True,1785281158094,730,0,False
114d7432-961c-563e-b58a-352644562e23,1785281158340,sender -> receiver,0,True,1785281159098,758,0,False
4465743a-e717-5c1e-a08b-89b26bbac59e,1785281198530,sender -> receiver,0,True,1785281199238,708,0,False
19dd50f2-a613-58da-9c4f-8716bd579280,1785281198567,sender -> receiver,0,True,1785281199297,730,0,False
ebb40a70-ace9-535a-ad44-329d3ae6962d,1785281199550,sender -> receiver,0,True,1785281200276,726,0,False
3262fb2d-ac04-53b6-a6a0-56daad5a27c8,1785281199554,sender -> receiver,0,True,1785281200293,739,0,False
aa5d80e7-8bd6-5735-9389-679c8a5d70eb,1785281200531,sender -> receiver,0,True,1785281201241,710,0,False
bc71b78b-876d-58ae-b576-69c734004af4,1785281200534,sender -> receiver,0,True,1785281201270,736,0,False
842af60b-ff40-561d-bef3-11284e4b38e9,1785281201545,sender -> receiver,0,True,1785281202287,742,0,False
05194bbe-41e1-5e7c-a1d9-17d09652eb27,1785281201550,sender -> receiver,0,True,1785281202303,753,0,False
77981273-e62b-509b-9e2b-8313090c592a,1785281202516,sender -> receiver,0,True,1785281203240,724,0,False
c1eee63e-2013-5b7b-98e1-85f1b70135d5,1785281203528,sender -> receiver,0,True,1785281204234,706,0,False
79cb2cbc-24d3-587f-9f36-9b1562941121,1785281203530,sender -> receiver,0,True,1785281204288,758,0,False
20472fc1-23da-517e-9bae-3776d12dfb87,1785281204523,sender -> receiver,0,True,1785281205229,706,0,False
1c1c17a0-e042-5406-a803-4e2ee8a65f48,1785281204525,sender -> receiver,0,True,1785281205242,717,0,False
1968ed5a-15b6-58d7-a22f-3a51218804a3,1785281205520,sender -> receiver,0,True,1785281206222,702,0,False
bcb87b87-3a4a-539d-806b-fc1cbe7be73b,1785281205522,sender -> receiver,0,True,1785281206234,712,0,False
9c7b5eba-e80b-5809-b864-4c2bd5ed380d,1785281206529,sender -> receiver,0,True,1785281207259,730,0,False
97b0b4cc-f49a-5666-bff7-876012a91af0,1785281206531,sender -> receiver,0,True,1785281207282,751,0,False
b1947188-02d3-5366-8f87-4069a3e52f25,1785281207518,sender -> receiver,0,True,1785281208306,788,0,False
53a3ec6c-c8f5-5e7f-bf35-fe8cfd592ee5,1785281208533,sender -> receiver,0,True,1785281209287,754,0,False
7dcbed95-a28d-5f75-a071-3c0448dfa001,1785281208536,sender -> receiver,0,True,1785281209312,776,0,False
a3bf1832-9fc8-518c-a964-3f32d2f1099c,1785281209520,sender -> receiver,0,True,1785281210283,763,0,False
1c73611a-8d75-5403-9175-1a23fb5f62e9,1785281209522,sender -> receiver,0,True,1785281210298,776,0,False
d172293c-5876-565c-be16-2af05f38a276,1785281210539,sender -> receiver,0,True,1785281211318,779,0,False
d62a8bd0-987f-5e3f-9fab-2b32efefbd8b,1785281210576,sender -> receiver,0,True,1785281211330,754,0,False
23b78461-6c67-5f62-82f4-c6a205e6c80c,1785281211516,sender -> receiver,0,True,1785281212250,734,0,False
22a981e6-bb26-5b75-bf0c-4eec16fbdf8e,1785281212530,sender -> receiver,0,True,1785281213258,728,0,False
c066f92f-2274-51dc-856d-c3f46e8bff6b,1785281212533,sender -> receiver,0,True,1785281213279,746,0,False
39d5bbb5-55d7-5775-ba7f-927c8bfd3437,1785281213520,sender -> receiver,0,True,1785281214288,768,0,False
f60302f4-0b20-5c06-b3ca-3e64d129de9a,1785281213522,sender -> receiver,0,True,1785281214321,799,0,False
b1bb9827-6191-51dc-ac4d-d7f2de68b46a,1785281214522,sender -> receiver,0,True,1785281215213,691,0,False
ad596fa9-cb28-5e92-ac16-ae3857ed171b,1785281214524,sender -> receiver,0,True,1785281215305,781,0,False
d4254227-6e60-51fc-8ac3-4ea4a53f6c98,1785281215535,sender -> receiver,0,True,1785281216265,730,0,False
b1d564bd-7d28-5689-a185-946a5029469e,1785281215540,sender -> receiver,0,True,1785281216293,753,0,False
472619b1-78b3-5604-9565-e631e5decd9a,1785281216517,sender -> receiver,0,True,1785281217245,728,0,False
ccaa6d1e-4352-5538-86b6-332fd9707e24,1785281217533,sender -> receiver,0,True,1785281218287,754,0,False
5b0b9c57-bcf8-5b5b-b68d-4fadc476f087,1785281217539,sender -> receiver,0,True,1785281218341,802,0,False
d56211fb-c090-50e8-9b17-9e799a82d03e,1785281218541,sender -> receiver,0,True,1785281219324,783,0,False
5ca57e95-8835-58be-8d20-b9f4e9bb8753,1785281218545,sender -> receiver,0,True,1785281219351,806,0,False
99815a90-c6d4-5083-9bf5-faea974adcbf,1785281219522,sender -> receiver,0,True,1785281220237,715,0,False
8e7e7162-52df-5d21-8f77-a10aa4852091,1785281219524,sender -> receiver,0,True,1785281220252,728,0,False
9b58b05b-800d-59b2-8db4-09033b55cec2,1785281220550,sender -> receiver,0,True,1785281221263,713,0,False
a5bfcea3-eedd-5579-a500-5abbaa6d640b,1785281220554,sender -> receiver,0,True,1785281221286,732,0,False
ef539f1d-f4ab-5455-b77a-1a5bfcf4ef74,1785281221534,sender -> receiver,0,True,1785281222253,719,0,False
f9f752d6-e77d-5be1-991b-b4b11d9ad822,1785281222533,sender -> receiver,0,True,1785281223240,707,0,False
fd031efa-222c-5920-a710-ff83c674cb4e,1785281222541,sender -> receiver,0,True,1785281223272,731,0,False
0905e3ad-2b98-5006-b264-73f90d8119dc,1785281223522,sender -> receiver,0,True,1785281224244,722,0,False
7a1409d0-c60c-5103-bf0c-08c63716c5e6,1785281223524,sender -> receiver,0,True,1785281224257,733,0,False
fccfe80d-e35c-56fe-9c4f-e649c24d220a,1785281224524,sender -> receiver,0,True,1785281225258,734,0,False
7dddb44e-12a3-5361-a574-bfdb95654c2d,1785281224535,sender -> receiver,0,True,1785281225278,743,0,False
2e7f3979-a5e1-5b34-b517-9b69fd4f5660,1785281225523,sender -> receiver,0,True,1785281226278,755,0,False
7c889d6f-7701-5acd-bfe4-88296a6cd641,1785281226522,sender -> receiver,0,True,1785281227294,772,0,False
ded32b31-ee91-59d2-a86d-05525cfc4077,1785281226524,sender -> receiver,0,True,1785281227316,792,0,False
b86c1d78-adfe-5b49-be15-24b28ee8bcc2,1785281227522,sender -> receiver,0,True,1785281228240,718,0,False
7d9e3cd4-eb0b-5001-b8f7-6fe69a5b523f,1785281227524,sender -> receiver,0,True,1785281228257,733,0,False
e23e2699-a2c2-5298-b7a9-e23052c443c1,1785281228529,sender -> receiver,0,True,1785281229284,755,0,False
ba02be93-c10d-5f2f-bd35-26fc36075ac5,1785281228532,sender -> receiver,0,True,1785281229296,764,0,False
a67a4b6d-ba7c-5f23-940b-c28afae0a08e,1785281229520,sender -> receiver,0,True,1785281230264,744,0,False
c64ff305-a99b-531a-98b9-2d9695c9e6c2,1785281229522,sender -> receiver,0,True,1785281230292,770,0,False
3fa650fd-a9b9-5852-bc4f-25957f6c5bfc,1785281230516,sender -> receiver,0,True,1785281231235,719,0,False
4a4556c8-ea25-5d0c-8110-6e12265722ca,1785281231530,sender -> receiver,0,True,1785281232239,709,0,False
bc87250f-1d1f-5a85-a479-b32deff0b7e7,1785281231532,sender -> receiver,0,True,1785281232262,730,0,False
2a6d0d07-54b8-595a-8dd4-5da4d9bdacce,1785281232540,sender -> receiver,0,True,1785281233217,677,0,False
a50f7ed6-64ec-5a59-a853-f37bfb77e657,1785281232543,sender -> receiver,0,True,1785281233281,738,0,False
5f191656-805c-559e-9370-4eeccc295236,1785281233540,sender -> receiver,0,True,1785281234258,718,0,False
7e6b6431-fb23-5a1a-9a06-a61b306778ee,1785281233545,sender -> receiver,0,True,1785281234274,729,0,False
41ec047a-d000-5066-a40b-ea5d6c2da755,1785281234537,sender -> receiver,0,True,1785281235306,769,0,False
d7e7c4f2-6253-518e-be25-b85934e39ee5,1785281234541,sender -> receiver,0,True,1785281235335,794,0,False
62aedd2e-48fb-59ea-9def-9b7d62656c1b,1785281235523,sender -> receiver,0,True,1785281236244,721,0,False
43eb6c39-0484-5ce5-9687-90e2e29d5218,1785281236544,sender -> receiver,0,True,1785281237316,772,0,False
d8937131-c846-543a-80c3-e775fb0c0c45,1785281236550,sender -> receiver,0,True,1785281237340,790,0,False
21033755-b5de-5b52-aa7a-40fd6dd8e1d0,1785281237534,sender -> receiver,0,True,1785281238279,745,0,False
9017815b-6064-5b17-b707-f6a4469a9bac,1785281237538,sender -> receiver,0,True,1785281238300,762,0,False
2c309390-f306-5ace-998f-0aa3be3c50ab,1785281238521,sender -> receiver,0,True,1785281239257,736,0,False
dadd468f-445a-5c1b-908e-42ae3482e6c2,1785281238523,sender -> receiver,0,True,1785281239277,754,0,False
756d403a-2e95-5c90-84f1-d4ae67edd778,1785281239524,sender -> receiver,0,True,1785281240285,761,0,False
8ba9c2c3-8ee7-5609-b93f-04c0c5d52370,1785281240530,sender -> receiver,0,True,1785281241246,716,0,False
ef1da34f-c2fd-5774-9bd1-597bec5a0da9,1785281240532,sender -> receiver,0,True,1785281241269,737,0,False
3c2e82db-f817-5b7f-bbea-97b13c1f27ae,1785281241557,sender -> receiver,0,True,1785281242262,705,0,False
a2eabe95-0dd4-5d7d-a3fb-ad0b781e1509,1785281241564,sender -> receiver,0,True,1785281242279,715,0,False
4c01db3b-2880-5372-9eb0-baf3e9cba96e,1785281242525,sender -> receiver,0,True,1785281243249,724,0,False
a6864ec8-4578-513a-8c88-c530d69f6137,1785281242527,sender -> receiver,0,True,1785281243266,739,0,False
29a347a2-4b6c-578e-b613-1709ba0a83f1,1785281243529,sender -> receiver,0,True,1785281244261,732,0,False
9a4d6aa5-5619-520b-83b1-a5f3db0ab580,1785281243532,sender -> receiver,0,True,1785281244272,740,0,False
681fc17a-8d1d-56f2-b959-3628d0c3261e,1785281244535,sender -> receiver,0,True,1785281245229,694,0,False
5fe2e934-82e0-54d5-9d6f-c507073c7c12,1785281245538,sender -> receiver,0,True,1785281246239,701,0,False
86a316ac-0816-5215-93be-da98da3f1b8d,1785281245544,sender -> receiver,0,True,1785281246317,773,0,False
222736c6-b85c-5c53-8b7f-d196d2c60300,1785281246539,sender -> receiver,0,True,1785281247276,737,0,False
4fcf1e43-b6fa-5308-ba60-b00a3d2abce5,1785281246544,sender -> receiver,0,True,1785281247298,754,0,False
91ba4a50-d4ab-5755-8030-3c860bf3dd85,1785281247555,sender -> receiver,0,True,1785281248309,754,0,False
886adedd-873c-5ebd-81a8-34e71f6ec554,1785281247560,sender -> receiver,0,True,1785281248344,784,0,False
567b093e-07bd-5b94-8cfa-356724bd95f3,1785281248529,sender -> receiver,0,True,1785281249236,707,0,False
fe9c6c33-de91-5cbf-ba21-68c5590a8024,1785281248531,sender -> receiver,0,True,1785281249253,722,0,False
24c8c97a-f2e8-5068-9226-72a16b834323,1785281249521,sender -> receiver,0,True,1785281250240,719,0,False
c22936af-0c9b-55f0-ac5c-192508b8c482,1785281250521,sender -> receiver,0,True,1785281251260,739,0,False
40964e96-1722-55fb-9a62-563f995d788b,1785281250523,sender -> receiver,0,True,1785281251281,758,0,False
e0fdb7d7-bed4-5af2-8772-a32ffc0c3def,1785281251534,sender -> receiver,0,True,1785281252262,728,0,False
56df8c39-ae1e-5476-8bd8-4941dfe13552,1785281251537,sender -> receiver,0,True,1785281252275,738,0,False
9ba245b0-f543-5041-9654-ecad8a4431fc,1785281252524,sender -> receiver,0,True,1785281253253,729,0,False
90b7c3ea-9fca-5fdb-993a-f81cae1b0efc,1785281252527,sender -> receiver,0,True,1785281253279,752,0,False
0aa88c2f-d98b-544a-9afd-34905b3b574e,1785281253522,sender -> receiver,0,True,1785281254257,735,0,False
8584d787-5305-50de-8359-b5d65e2e2600,1785281293729,sender -> receiver,0,True,1785281294421,692,0,False
0b51bf13-1a26-5716-9c74-299447dfecec,1785281293738,sender -> receiver,0,True,1785281294444,706,0,False
285aa662-42a3-506e-82fe-e67692da74e7,1785281294782,sender -> receiver,0,True,1785281295517,735,0,False
11677daa-ab88-5b02-827d-76a3e2d53429,1785281294785,sender -> receiver,0,True,1785281295534,749,0,False
8a993199-6298-5e52-92e4-8ce7006bec3a,1785281295718,sender -> receiver,0,True,1785281296443,725,0,False
0a61248c-bd56-549c-8233-b2804cb1b5d3,1785281295720,sender -> receiver,0,True,1785281296459,739,0,False
87a2c7fa-2ffd-518f-be8d-ebfd79374c39,1785281296733,sender -> receiver,0,True,1785281297495,762,0,False
ba3a9e11-8a64-5f00-80a8-df31d398a79e,1785281296736,sender -> receiver,0,True,1785281297507,771,0,False
9e0c894c-2bb6-5886-8c9c-22be10e2b5ac,1785281297725,sender -> receiver,0,True,1785281298468,743,0,False
6743f888-df54-5fd5-89d7-cba3d97a12c0,1785281298731,sender -> receiver,0,True,1785281299459,728,0,False
80ca2293-a38d-58bf-a24f-b39742ab76e1,1785281298733,sender -> receiver,0,True,1785281299471,738,0,False
5e62fae3-f93c-5a0b-a4e6-e7214b859d95,1785281299726,sender -> receiver,0,True,1785281300450,724,0,False
7b6b7ad5-0d98-5ff1-98f7-b95f4ea5ab21,1785281299729,sender -> receiver,0,True,1785281300473,744,0,False
cfca85e5-f0fb-55da-bcf7-816acad7b7e9,1785281300737,sender -> receiver,0,True,1785281301437,700,0,False
aed68ed4-f8fe-59d8-ba3d-3c984425cb32,1785281300746,sender -> receiver,0,True,1785281301456,710,0,False
f56b5f34-226c-5670-8c39-60b7b523a96d,1785281301747,sender -> receiver,0,True,1785281302467,720,0,False
18fdadcd-7034-5d93-8bfc-8ccf75a5138a,1785281301752,sender -> receiver,0,True,1785281302481,729,0,False
b3b6e800-d178-51ec-ad57-a4bd87e37e59,1785281302722,sender -> receiver,0,True,1785281303430,708,0,False
c7d01a80-7e2c-5975-a1c8-8d52d5703457,1785281303736,sender -> receiver,0,True,1785281304463,727,0,False
a0be8b46-9705-5540-b43b-c9343f25ebac,1785281303738,sender -> receiver,0,True,1785281304484,746,0,False
09d50b11-4235-5cb2-8a72-b1ec6747651f,1785281304768,sender -> receiver,0,True,1785281305464,696,0,False
04478b7e-86d2-5ce7-828a-2a5a628ab4c4,1785281304774,sender -> receiver,0,True,1785281305481,707,0,False
a0f8756a-794b-5640-84de-2b9a568c643f,1785281305730,sender -> receiver,0,True,1785281306426,696,0,False
71afaf2b-9994-50ca-9d79-61aa138fe5af,1785281305733,sender -> receiver,0,True,1785281306441,708,0,False
4c3db99d-649f-5fd2-9d84-6c024629b008,1785281306720,sender -> receiver,0,True,1785281307476,756,0,False
497cb00d-5f10-5d8f-b54d-f9297f2340b8,1785281307736,sender -> receiver,0,True,1785281308496,760,0,False
23dd0060-9a9d-501a-9eaf-c505a6699a0a,1785281307747,sender -> receiver,0,True,1785281308509,762,0,False
804452d0-2ad9-54a1-b8a3-7a9516cd034b,1785281308739,sender -> receiver,0,True,1785281309455,716,0,False
24c1fbe1-7a6e-54d6-a02d-6bc01d80173d,1785281308742,sender -> receiver,0,True,1785281309481,739,0,False
9f408682-b625-56c4-890c-0678ab696dc2,1785281309734,sender -> receiver,0,True,1785281310437,703,0,False
c0bc8dd5-d9c4-5f85-b872-c422822c46af,1785281309738,sender -> receiver,0,True,1785281310456,718,0,False
0f116275-4920-50ba-b0a6-f85bdce04e10,1785281310726,sender -> receiver,0,True,1785281311471,745,0,False
10b599ca-f622-5085-95e0-09da72f85a6a,1785281310728,sender -> receiver,0,True,1785281311488,760,0,False
82e7cc35-9807-59f8-8282-c93b47632bbd,1785281311722,sender -> receiver,0,True,1785281312460,738,0,False
317baa2f-4335-5766-ae75-39648b1d0768,1785281312772,sender -> receiver,0,True,1785281313494,722,0,False
3657e580-0e6b-5c05-9167-ae89558d47b3,1785281312777,sender -> receiver,0,True,1785281313511,734,0,False
b846266f-f9c5-54eb-b763-4ba4f8a622c2,1785281313755,sender -> receiver,0,True,1785281314438,683,0,False
87cac1c0-2c4d-5c07-b7d1-768f21d2c0e7,1785281313762,sender -> receiver,0,True,1785281314503,741,0,False
d8c5aedb-eeee-57d7-bfc8-8d62442f9929,1785281314748,sender -> receiver,0,True,1785281315512,764,0,False
7c3c840e-5b27-58ba-8c12-e30610d16d9b,1785281314765,sender -> receiver,0,True,1785281315526,761,0,False
18a55a15-c03a-57df-9a27-e1288c53f4b9,1785281315756,sender -> receiver,0,True,1785281316489,733,0,False
b5c81e05-2e95-58cd-8c62-ed3808ca87d3,1785281315760,sender -> receiver,0,True,1785281316500,740,0,False
38e8f060-909c-5a74-bf14-cbfbf71bc54c,1785281316741,sender -> receiver,0,True,1785281317457,716,0,False
075e056e-90e5-5c1f-b8a4-7b2c86d2285b,1785281317754,sender -> receiver,0,True,1785281318444,690,0,False
36ff4cbd-b537-591f-b8c2-134ea1401674,1785281317758,sender -> receiver,0,True,1785281318455,697,0,False
1f570ab2-5071-589c-acc7-6c449b5043ac,1785281318730,sender -> receiver,0,True,1785281319434,704,0,False
5e40fccd-2d37-5a60-857c-3d580f8aa5bd,1785281318732,sender -> receiver,0,True,1785281319449,717,0,False
1a3c81a4-16de-5b2f-96e3-807e6693e525,1785281319735,sender -> receiver,0,True,1785281320420,685,0,False
6c5cc7e5-c59f-5934-abcc-3a08d8416e7b,1785281319740,sender -> receiver,0,True,1785281320432,692,0,False
6ee3fd70-e621-539b-9857-8c0ec5200729,1785281320739,sender -> receiver,0,True,1785281321502,763,0,False
c33d0049-f87f-52ca-965e-b1f75ce2acff,1785281321750,sender -> receiver,0,True,1785281322467,717,0,False
ca420710-3b88-5f8f-9780-744f8c862a7c,1785281321755,sender -> receiver,0,True,1785281322486,731,0,False
87ec9276-4bdb-5bfb-a73d-17d0c443922f,1785281322730,sender -> receiver,0,True,1785281323487,757,0,False
002fb3d4-726b-55de-872e-c0325dca8985,1785281322733,sender -> receiver,0,True,1785281323557,824,0,False
ed851276-4971-5a3f-962b-6751114511f1,1785281323729,sender -> receiver,0,True,1785281324498,769,0,False
b8002678-66f5-567e-9c80-e90493e49f61,1785281323732,sender -> receiver,0,True,1785281324509,777,0,False
4e885d78-e1ac-5ea3-bbb6-b5bc3e9d0b10,1785281324762,sender -> receiver,0,True,1785281325481,719,0,False
167e9d39-5166-534d-afac-625283bb0946,1785281324766,sender -> receiver,0,True,1785281325537,771,0,False
fa8e4076-0846-5b11-b596-54619232278c,1785281325728,sender -> receiver,0,True,1785281326464,736,0,False
4ab049b6-c988-5112-8602-1625e0999978,1785281326753,sender -> receiver,0,True,1785281327441,688,0,False
fb7d712d-79bf-5855-8cfd-ea6489a029ce,1785281326759,sender -> receiver,0,True,1785281327461,702,0,False
83d94e99-8844-5b35-9366-d01318d16a27,1785281327729,sender -> receiver,0,True,1785281328443,714,0,False
3e77d75c-81db-5388-bc79-070b31661f05,1785281327738,sender -> receiver,0,True,1785281328464,726,0,False
d1ba6fa5-5c31-5477-a640-421afbcbdb14,1785281328718,sender -> receiver,0,True,1785281329428,710,0,False
45015301-bc2f-51e4-8e4a-0fe9323fc870,1785281328720,sender -> receiver,0,True,1785281329469,749,0,False
7fde56fc-0ea2-518c-9c11-57168cfd9cc3,1785281329742,sender -> receiver,0,True,1785281330460,718,0,False
0615787f-ccc0-577f-ade5-c44b553c7f80,1785281329772,sender -> receiver,0,True,1785281330506,734,0,False
a6a15450-8665-5cc1-9778-4121528f8ab7,1785281330718,sender -> receiver,0,True,1785281331407,689,0,False
cb51ad15-be83-5e0c-bf64-e612cd910577,1785281331734,sender -> receiver,0,True,1785281332448,714,0,False
29c80436-cf8e-5e2b-aade-b2c2de5175eb,1785281331738,sender -> receiver,0,True,1785281332472,734,0,False
06f85885-5c60-5f1c-a2e4-58683ff8973e,1785281332726,sender -> receiver,0,True,1785281333430,704,0,False
4d5639c6-e3b5-51b9-a78f-ef1f70bd39d5,1785281332729,sender -> receiver,0,True,1785281333450,721,0,False
933637c6-d80d-54f4-b11e-5e991d6e1931,1785281333731,sender -> receiver,0,True,1785281334441,710,0,False
04648886-a623-54e6-a745-05c5f4b35ebe,1785281333735,sender -> receiver,0,True,1785281334457,722,0,False
11ebb30f-f6b3-58f1-9950-8dd7fc1c01cc,1785281334746,sender -> receiver,0,True,1785281335412,666,0,False
314dba53-ab61-5f15-8ea3-0dcddd40d4d0,1785281335733,sender -> receiver,0,True,1785281336449,716,0,False
0e47bd62-aef1-58a6-aa42-ceb5b461cce9,1785281335742,sender -> receiver,0,True,1785281336469,727,0,False
47c947e6-02f7-5601-a5cb-06152ae5f807,1785281336738,sender -> receiver,0,True,1785281337500,762,0,False
13fa1d00-fab3-5baf-a4e2-6b872e24c6d1,1785281336742,sender -> receiver,0,True,1785281337517,775,0,False
33261a23-7d77-5517-ae66-9b82bf0ee151,1785281337732,sender -> receiver,0,True,1785281338430,698,0,False
8a98191f-332e-5804-882d-428ebd20b843,1785281337737,sender -> receiver,0,True,1785281338511,774,0,False
0db39ad3-dc01-589d-9c66-50fb63632a6b,1785281338730,sender -> receiver,0,True,1785281339417,687,0,False
91881f84-52df-5743-9e35-d3bc6adea0be,1785281338737,sender -> receiver,0,True,1785281339542,805,0,False
df4eb198-08c2-52ac-b730-934a9215b4f7,1785281339729,sender -> receiver,0,True,1785281340450,721,0,False
5bcb09d8-d888-5e4e-8952-8183e107b1a3,1785281340755,sender -> receiver,0,True,1785281341454,699,0,False
b5d0a289-a428-58ec-9670-4fe97e9bafd5,1785281340762,sender -> receiver,0,True,1785281341537,775,0,False
b0a8cba6-ceba-5ef2-a38f-635bfebd67e5,1785281341731,sender -> receiver,0,True,1785281342436,705,0,False
c6de1968-d621-534d-8bfe-061eeaa289da,1785281341734,sender -> receiver,0,True,1785281342456,722,0,False
fa7d08d0-b3e7-5b36-8385-8b6b9a1972f2,1785281342764,sender -> receiver,0,True,1785281343490,726,0,False
bef65b99-e98f-57b3-a8f8-b5f186342598,1785281342769,sender -> receiver,0,True,1785281343501,732,0,False
35b81102-3d06-5011-b467-d40e9de7caab,1785281343733,sender -> receiver,0,True,1785281344462,729,0,False
a73c74bf-c737-5486-9b1c-e3aadd39e5a6,1785281343738,sender -> receiver,0,True,1785281344473,735,0,False
435f9bec-e0e2-5b84-bb69-1ea60add520b,1785281344788,sender -> receiver,0,True,1785281345506,718,0,False
3a1130d8-2dee-5e7e-8605-352ddfbf81f4,1785281345749,sender -> receiver,0,True,1785281346433,684,0,False
eee9d3cd-03c5-541b-be84-ee1ab1996f74,1785281345755,sender -> receiver,0,True,1785281346521,766,0,False
bdc29634-0546-50bb-b24f-8971428a0985,1785281346719,sender -> receiver,0,True,1785281347431,712,0,False
49e0899b-cb7c-5269-9ab7-c3be1ee5a7e3,1785281346722,sender -> receiver,0,True,1785281347451,729,0,False
d7426bc7-f39c-5fbf-8a1b-402b7e1b474e,1785281347733,sender -> receiver,0,True,1785281348411,678,0,False
9aac129f-ba1f-5274-b3b4-1e5a57f57fbc,1785281347742,sender -> receiver,0,True,1785281348458,716,0,False
32d49554-2ab1-5fc0-b7da-6feeaf9ddf4a,1785281348734,sender -> receiver,0,True,1785281349458,724,0,False
b6e730ea-0181-57c4-b0f9-0b6dacb242d3,1785281390482,sender -> receiver,0,True,1785281391171,689,0,False
9d85db4b-2372-56bb-a53f-97135c5d4d60,1785281390485,sender -> receiver,0,True,1785281391248,763,0,False
fbcafe1d-1caf-58a0-a400-5ce4d32ca829,1785281391484,sender -> receiver,0,True,1785281392215,731,0,False
650e6e39-2bd8-5bd5-bf8e-0fb1f5ac2f2d,1785281391488,sender -> receiver,0,True,1785281392240,752,0,False
914683fe-1e34-5364-aafc-ae9bc85e5f06,1785281392498,sender -> receiver,0,True,1785281393207,709,0,False
277764a4-37e2-5323-8ebe-6ccc00c7ccb4,1785281392504,sender -> receiver,0,True,1785281393227,723,0,False
66cc483e-71c8-5823-9bfb-a2a9a532a724,1785281393490,sender -> receiver,0,True,1785281394199,709,0,False
92e46fb7-bb67-5579-a228-7acbf7f4e64b,1785281393494,sender -> receiver,0,True,1785281394219,725,0,False
ad1b278b-bd05-5cd2-956e-a398a7f96d8b,1785281394490,sender -> receiver,0,True,1785281395232,742,0,False
bb480e8a-7ab5-5dfd-ad2c-49af8f9d6bc4,1785281394494,sender -> receiver,0,True,1785281395256,762,0,False
d3fdad10-6a6e-5251-8192-5ffe3315e2cd,1785281395474,sender -> receiver,0,True,1785281396164,690,0,False
6e329769-8870-5cac-b119-f0af315d22d3,1785281395478,sender -> receiver,0,True,1785281396176,698,0,False
37d2de0c-4329-5aa1-aaa2-b159bd37b85c,1785281396479,sender -> receiver,0,True,1785281397243,764,0,False
75d9d800-93cf-593a-9338-be492c7c7bb4,1785281397482,sender -> receiver,0,True,1785281398186,704,0,False
5f2441da-357b-593f-aa36-88b86e7ecb8a,1785281397486,sender -> receiver,0,True,1785281398203,717,0,False
418e459d-5214-5b85-96fc-52e50c8d0105,1785281398506,sender -> receiver,0,True,1785281399189,683,0,False
4c714e75-0c75-52fb-b7fa-3b8b1ef59341,1785281398512,sender -> receiver,0,True,1785281399267,755,0,False
1bb165b9-ad90-5565-a126-41a0b77aeb25,1785281399463,sender -> receiver,0,True,1785281400160,697,0,False
c6ac9abc-2c48-5a88-ac65-e5ecc5ee1088,1785281399491,sender -> receiver,0,True,1785281400171,680,0,False
3781280f-bbeb-5e7c-be38-9af622fba5e9,1785281400480,sender -> receiver,0,True,1785281401159,679,0,False
5621cb62-6cdb-518a-bb1d-c8cc211c6d6c,1785281400483,sender -> receiver,0,True,1785281401230,747,0,False
0df9b591-bba5-5016-a487-d030d750163e,1785281401478,sender -> receiver,0,True,1785281402205,727,0,False
affba147-2d8a-5b1d-b602-db38c0453fc3,1785281401480,sender -> receiver,0,True,1785281402218,738,0,False
552468c5-0fcd-586d-b045-a16f81a621c1,1785281402459,sender -> receiver,0,True,1785281403203,744,0,False
b8e0413e-f420-5b13-a53d-bb16cc04b3ea,1785281402461,sender -> receiver,0,True,1785281403222,761,0,False
9bc8082b-be22-57da-95fe-1f6e54b21236,1785281403478,sender -> receiver,0,True,1785281404183,705,0,False
fa6cb2fb-fe2d-58be-bc76-258c2913a20a,1785281404491,sender -> receiver,0,True,1785281405160,669,0,False
12214f33-51cb-59d8-ab2f-16844163afb4,1785281404494,sender -> receiver,0,True,1785281405224,730,0,False
ade40e0f-9c14-55c1-9da4-cae10a51edff,1785281405471,sender -> receiver,0,True,1785281406214,743,0,False
1b8895f0-9484-5e71-b0ad-822bf0300572,1785281405474,sender -> receiver,0,True,1785281406247,773,0,False
5839c715-93a0-543a-8274-44f5036556f8,1785281406468,sender -> receiver,0,True,1785281407188,720,0,False
88ac1ddb-4efd-578c-9b18-cdfdae60e9d2,1785281406470,sender -> receiver,0,True,1785281407204,734,0,False
ccf3ef5d-ad6e-5a45-ac6f-3c39de6e3f90,1785281407489,sender -> receiver,0,True,1785281408188,699,0,False
61c26075-6b3f-59db-bb16-d3485e211529,1785281407495,sender -> receiver,0,True,1785281408258,763,0,False
69beecbf-cc46-55af-85be-2fb86f61b99c,1785281408467,sender -> receiver,0,True,1785281409178,711,0,False
ca265cdb-c590-5f0a-90b1-d4ced49bb02c,1785281408497,sender -> receiver,0,True,1785281409194,697,0,False
f1ea4f8e-d7a9-5821-a226-079416ee28ba,1785281409472,sender -> receiver,0,True,1785281410216,744,0,False
11bae048-afde-5b95-92e8-6a27f97171aa,1785281409475,sender -> receiver,0,True,1785281410245,770,0,False
dbc30860-214c-59cf-8ac0-98989a4aafe9,1785281410470,sender -> receiver,0,True,1785281411191,721,0,False
51e27192-5a32-58c0-83eb-11eb64e1e2b6,1785281411467,sender -> receiver,0,True,1785281412186,719,0,False
ccbccb8c-f32b-5b34-840e-e8d843eed21e,1785281411493,sender -> receiver,0,True,1785281412210,717,0,False
b263197c-bda6-519c-a4da-cddaaf738dd9,1785281412468,sender -> receiver,0,True,1785281413187,719,0,False
5b637857-56b1-5812-a82d-66984b2eea57,1785281412471,sender -> receiver,0,True,1785281413210,739,0,False
084a72d5-0496-561e-8af2-8a8f152c4984,1785281413502,sender -> receiver,0,True,1785281414222,720,0,False
cb03dbc5-adc0-5027-8e62-3d6472bbe0c5,1785281413504,sender -> receiver,0,True,1785281414240,736,0,False
7ab2c7bd-4486-5d58-bb07-b65a63ee82a7,1785281414472,sender -> receiver,0,True,1785281415214,742,0,False
0830693b-a0cb-5ac2-8c24-aa225b36daa2,1785281414474,sender -> receiver,0,True,1785281415243,769,0,False
093a2377-bb28-5bff-b4cb-8dd47c2b0544,1785281415492,sender -> receiver,0,True,1785281416196,704,0,False
a3c6de50-3d93-5629-8021-ec5a2ed4891c,1785281415494,sender -> receiver,0,True,1785281416212,718,0,False
3ebed8de-6daa-586d-8166-7e68689d756e,1785281416456,sender -> receiver,0,True,1785281417180,724,0,False
3a166fdc-de3a-5587-9b28-65ae9a45bb48,1785281417514,sender -> receiver,0,True,1785281418227,713,0,False
b9057ca2-477e-5699-bb76-c9dbba3f4354,1785281417520,sender -> receiver,0,True,1785281418255,735,0,False
61217a0f-59b3-5363-bacb-992f5c37cf5e,1785281418468,sender -> receiver,0,True,1785281419164,696,0,False
63fa7c70-b0c3-5cd4-8440-f4865e2105bd,1785281418470,sender -> receiver,0,True,1785281419181,711,0,False
ec0a8f67-ff85-51a5-9a3d-4d1b47569de3,1785281419470,sender -> receiver,0,True,1785281420194,724,0,False
c85d3552-4972-5f17-b33b-f9b51783110c,1785281419472,sender -> receiver,0,True,1785281420211,739,0,False
4cd3a569-5d11-5a89-b363-069acaa41365,1785281420481,sender -> receiver,0,True,1785281421184,703,0,False
27fdd034-760d-5cac-9da5-e41ccf07f91a,1785281420485,sender -> receiver,0,True,1785281421204,719,0,False
df6d65bf-6f09-534e-b912-322500151560,1785281421474,sender -> receiver,0,True,1785281422182,708,0,False
01612319-2a42-5a68-9e19-2324b468fef3,1785281421479,sender -> receiver,0,True,1785281422201,722,0,False
4c4c2c02-b581-59ce-b5db-9f57c100bde4,1785281422471,sender -> receiver,0,True,1785281423161,690,0,False
0e906ecc-9620-5e13-9816-18ef0af98554,1785281422474,sender -> receiver,0,True,1785281423178,704,0,False
867891bc-9853-539c-902d-0e15b2406ee4,1785281423460,sender -> receiver,0,True,1785281424157,697,0,False
ef2490a6-aca2-558f-b656-3954bd1afdb8,1785281424488,sender -> receiver,0,True,1785281425192,704,0,False
0cf47b19-236f-56c5-8afc-ce11e86f5ae8,1785281424491,sender -> receiver,0,True,1785281425213,722,0,False
678d3c53-db50-5439-a5cd-c8e01d246cfe,1785281425513,sender -> receiver,0,True,1785281426380,867,0,False
97dc670c-90d7-5aab-8128-696107f7901b,1785281425518,sender -> receiver,0,True,1785281426393,875,0,False
c7ee7fc1-1b77-538c-bfd6-d206de995fd5,1785281426466,sender -> receiver,0,True,1785281427182,716,0,False
40a0cf13-b2dd-5f03-a0b2-1345761967aa,1785281426520,sender -> receiver,0,True,1785281427215,695,0,False
807ae504-4bfb-5a6f-9386-20fb6ed2f9f8,1785281427470,sender -> receiver,0,True,1785281428218,748,0,False
945aa347-0ab0-5456-bf6d-f3776c5a6157,1785281427473,sender -> receiver,0,True,1785281428237,764,0,False
6e4f9039-93a5-5700-a66d-8d951a72b763,1785281428472,sender -> receiver,0,True,1785281429207,735,0,False
230a8098-99ae-5ec1-b979-12bd5a66552f,1785281428477,sender -> receiver,0,True,1785281429230,753,0,False
b94b6950-bdc5-5f09-8ceb-dd3ff4981992,1785281429464,sender -> receiver,0,True,1785281430184,720,0,False
3cb35909-c154-54d1-a593-d15759c00a92,1785281429467,sender -> receiver,0,True,1785281430200,733,0,False
f56452bd-8994-5782-9b36-5daba0c39972,1785281430456,sender -> receiver,0,True,1785281431168,712,0,False
95edc075-d274-5c62-a4b0-378e10a96dbf,1785281431507,sender -> receiver,0,True,1785281432160,653,0,False
50fc3450-6da3-5269-812b-ba0b3c46ccac,1785281431511,sender -> receiver,0,True,1785281432214,703,0,False
4db8bf68-628a-57a8-8314-0fb950bc0d8b,1785281432471,sender -> receiver,0,True,1785281433210,739,0,False
a39aa0ab-d4dc-52a7-8f6b-2a769d8c39ed,1785281432479,sender -> receiver,0,True,1785281433237,758,0,False
b1dd0119-39bf-52c4-9f4c-9d8ee4f62c31,1785281433505,sender -> receiver,0,True,1785281434247,742,0,False
ba92a653-51c4-51b3-b3db-ff62fc055313,1785281433510,sender -> receiver,0,True,1785281434288,778,0,False
6c8c9ebf-e8c4-5206-a989-de20f4e73108,1785281434514,sender -> receiver,0,True,1785281435220,706,0,False
32e8e399-c9a3-5495-993b-466db20c36a9,1785281434517,sender -> receiver,0,True,1785281435237,720,0,False
178d115e-6af1-5606-ad69-fd0862d91321,1785281435483,sender -> receiver,0,True,1785281436221,738,0,False
944d7421-abc9-5eb7-9695-264858556ab6,1785281435486,sender -> receiver,0,True,1785281436237,751,0,False
53e72bc6-bf11-5682-9628-2fd6560c4ef8,1785281436519,sender -> receiver,0,True,1785281437253,734,0,False
9e9656b5-4435-5238-a39c-680281827d48,1785281436524,sender -> receiver,0,True,1785281437263,739,0,False
373a09ce-6689-52a9-bc07-879ccac3f1b4,1785281437468,sender -> receiver,0,True,1785281438194,726,0,False
c69c99ba-9486-5bd2-90b1-f081da744d13,1785281438485,sender -> receiver,0,True,1785281439197,712,0,False
3de08f60-0cf0-53c7-9633-5bfd0d7eca68,1785281438490,sender -> receiver,0,True,1785281439217,727,0,False
e90cdba9-37c2-5485-9adc-35da78e52272,1785281439468,sender -> receiver,0,True,1785281440214,746,0,False
186a753e-78e2-5191-961b-d16270cf03df,1785281439505,sender -> receiver,0,True,1785281440260,755,0,False
5206ff44-8449-5ceb-af70-0e7425343ff4,1785281440511,sender -> receiver,0,True,1785281441221,710,0,False
2d273d1e-3082-59fd-b207-f824fac578a9,1785281440515,sender -> receiver,0,True,1785281441247,732,0,False
2d5dd161-f474-51b9-9aaa-7f6be161bc9f,1785281441484,sender -> receiver,0,True,1785281442199,715,0,False
ed8870bb-27b8-5239-a062-d18d383c74cf,1785281441488,sender -> receiver,0,True,1785281442217,729,0,False
caaa5f2e-db59-5f4c-96e5-dbbb9d5f521d,1785281442469,sender -> receiver,0,True,1785281443188,719,0,False
65331548-9c7c-57ac-95d5-2c670f21714a,1785281442472,sender -> receiver,0,True,1785281443211,739,0,False
19c6d0d9-f1e4-545d-b66f-23116ac7ae11,1785281443461,sender -> receiver,0,True,1785281444181,720,0,False
80fb3fcc-7eb3-59c7-8545-7a028f1ed228,1785281484164,sender -> receiver,0,True,1785281484853,689,0,False
c5775a1d-1f32-560b-897b-8f00405b0104,1785281484168,sender -> receiver,0,True,1785281484867,699,0,False
6c905554-7c84-5445-89fc-70144d8af024,1785281485168,sender -> receiver,0,True,1785281485893,725,0,False
c90ef86f-a205-5f23-89fb-26af9d5fd9e2,1785281485173,sender -> receiver,0,True,1785281485911,738,0,False
677cfa62-9417-5c0f-afdf-d7da4a588788,1785281486150,sender -> receiver,0,True,1785281486853,703,0,False
a19d318b-4dee-5b87-b58f-c5ac8bb75c4d,1785281486155,sender -> receiver,0,True,1785281486884,729,0,False
ecdc4603-f61c-53df-89b4-151e63de7f47,1785281487144,sender -> receiver,0,True,1785281487885,741,0,False
cdda232f-99ec-51a4-b325-da7733c86c5e,1785281487147,sender -> receiver,0,True,1785281487898,751,0,False
f016c8b4-a16a-546d-bfd0-0da8c083d538,1785281488134,sender -> receiver,0,True,1785281488877,743,0,False
4cfd6c99-5c1d-546a-8799-376cb4d4fe1c,1785281489161,sender -> receiver,0,True,1785281489919,758,0,False
f663e4cc-2a78-5211-be93-7f66b3cb28f3,1785281489166,sender -> receiver,0,True,1785281489940,774,0,False
9a8ecd29-e894-5e8d-b817-5a1d2a282b5c,1785281490168,sender -> receiver,0,True,1785281490904,736,0,False
c98a10d0-eb51-59ff-b414-e337bc7ac2a8,1785281490174,sender -> receiver,0,True,1785281490936,762,0,False
def65469-d05f-561f-b328-82df55431c15,1785281491175,sender -> receiver,0,True,1785281491891,716,0,False
1632be96-ec52-584a-b5ea-2b2a6a978ec5,1785281491182,sender -> receiver,0,True,1785281491922,740,0,False
25b37338-d836-50d1-a578-5ca0112dee49,1785281492177,sender -> receiver,0,True,1785281492869,692,0,False
f8edfa19-aae6-539c-a353-59ed8bf49c55,1785281492182,sender -> receiver,0,True,1785281492896,714,0,False
bd4688dd-4637-5f6b-bc18-decdcc9ba262,1785281493154,sender -> receiver,0,True,1785281493921,767,0,False
42e21f57-6fda-59ac-aea5-f2f1bb108285,1785281494171,sender -> receiver,0,True,1785281494904,733,0,False
140b405b-06ef-5adc-b83f-f4a95734aa17,1785281494177,sender -> receiver,0,True,1785281494923,746,0,False
ac01f07c-1913-57f1-8c57-79e847697006,1785281495172,sender -> receiver,0,True,1785281495882,710,0,False
533902cc-0235-55a1-bc82-2f52ababaad5,1785281495177,sender -> receiver,0,True,1785281495897,720,0,False
0e758bd4-58b3-578c-a531-762212367803,1785281496153,sender -> receiver,0,True,1785281496884,731,0,False
0928a982-b214-586f-bdab-978777d9ed0a,1785281496193,sender -> receiver,0,True,1785281496945,752,0,False
58c39e6c-2665-5dc9-8830-76159cc9bab0,1785281497155,sender -> receiver,0,True,1785281497859,704,0,False
344c64ae-97bc-544c-b5cb-1a4e39ed758b,1785281498152,sender -> receiver,0,True,1785281498860,708,0,False
5ea99d31-a773-52cb-986c-20ef2e66e8b2,1785281498157,sender -> receiver,0,True,1785281498877,720,0,False
6667d0a9-614d-50c8-8dcd-bc8c65b7e387,1785281499183,sender -> receiver,0,True,1785281499937,754,0,False
222cb7ba-897a-5d28-a71e-c6ae458b68e3,1785281499188,sender -> receiver,0,True,1785281499956,768,0,False
044252c5-0b60-56ed-820a-04178b86ac3f,1785281500154,sender -> receiver,0,True,1785281500888,734,0,False
9c1bf3d3-848f-5ede-af90-7aab0c0adef6,1785281500164,sender -> receiver,0,True,1785281500919,755,0,False
2c5584be-8e26-597b-8b80-62b7f8a6997a,1785281501182,sender -> receiver,0,True,1785281501911,729,0,False
bcf74748-7b59-53d9-a1d8-7eaa17f64469,1785281501188,sender -> receiver,0,True,1785281501931,743,0,False
17506e5d-bb82-5b62-84f0-e90669c3b380,1785281502143,sender -> receiver,0,True,1785281502897,754,0,False
839692af-ab93-5be2-b71d-f84a74c4523e,1785281503171,sender -> receiver,0,True,1785281503913,742,0,False
91a830ed-17be-56d5-a76f-81cfc4bb87c4,1785281503180,sender -> receiver,0,True,1785281503925,745,0,False
ae1505b6-9a53-5099-8c15-8b7cd05be6cb,1785281504147,sender -> receiver,0,True,1785281504847,700,0,False
1b182ec4-c9e2-5b8a-85fd-23b5a8f77d2c,1785281504150,sender -> receiver,0,True,1785281504858,708,0,False
538835d4-b28d-5f59-b6f0-708eac44e4ee,1785281505147,sender -> receiver,0,True,1785281505865,718,0,False
a1581d69-1411-560e-a4c3-d7595b3fdb94,1785281505150,sender -> receiver,0,True,1785281505878,728,0,False
62521e03-e7d9-5af7-ac1f-240ef490e3fa,1785281506152,sender -> receiver,0,True,1785281506874,722,0,False
e3e0f8a8-2b77-52fa-a995-500b3c454807,1785281506156,sender -> receiver,0,True,1785281506894,738,0,False
bec843fe-3046-5f3a-8ee5-cc94c774f0de,1785281507151,sender -> receiver,0,True,1785281507858,707,0,False
876d002a-d6ff-54d1-829b-72c593d9bd7c,1785281508156,sender -> receiver,0,True,1785281508865,709,0,False
6eeb095c-19b3-5a11-aa1a-bbaac968d8c8,1785281508161,sender -> receiver,0,True,1785281508926,765,0,False
7979438c-4b7d-5d3f-baae-6370904d853f,1785281509145,sender -> receiver,0,True,1785281509863,718,0,False
dbe3779c-3efc-5a7b-adc2-a931581ad133,1785281509147,sender -> receiver,0,True,1785281509917,770,0,False
0a68c976-ad3f-5a23-a21c-b4a3ff99bd22,1785281510170,sender -> receiver,0,True,1785281510892,722,0,False
2a4d69fb-8019-5e5b-ad1a-3a0a9be65702,1785281510175,sender -> receiver,0,True,1785281510906,731,0,False
28c7efda-9823-5290-a1df-139755426e36,1785281511158,sender -> receiver,0,True,1785281511869,711,0,False
91f55fa6-6f99-5650-9c58-65da53ead005,1785281512160,sender -> receiver,0,True,1785281512884,724,0,False
2149212e-a60f-5966-b499-99698e5a597b,1785281512164,sender -> receiver,0,True,1785281512931,767,0,False
b25208be-53ac-599e-af7d-847e71af8207,1785281513179,sender -> receiver,0,True,1785281513905,726,0,False
f7255f96-4a37-5f5f-baa0-3a2333692312,1785281513186,sender -> receiver,0,True,1785281513929,743,0,False
02e148db-3b12-5e41-9175-0403c46ca110,1785281514171,sender -> receiver,0,True,1785281514887,716,0,False
1626e067-b2aa-503f-8f72-83c9b8c9d3e0,1785281514178,sender -> receiver,0,True,1785281514914,736,0,False
41477e84-c89d-5105-97d1-dde39e071a5d,1785281515169,sender -> receiver,0,True,1785281515865,696,0,False
8175a12b-e2ef-52d0-b344-8b30ad250ec6,1785281515174,sender -> receiver,0,True,1785281515881,707,0,False
cfa0be2e-1431-5d17-be52-38a360c8beca,1785281516146,sender -> receiver,0,True,1785281516871,725,0,False
caf26255-2d31-5214-ba34-1405fd204db8,1785281517172,sender -> receiver,0,True,1785281517888,716,0,False
bea9c9a2-80cd-57a6-a83f-4ab59a542c92,1785281517179,sender -> receiver,0,True,1785281517900,721,0,False
4e200aaf-fbc1-568d-ab51-2e223e55b24c,1785281518148,sender -> receiver,0,True,1785281518881,733,0,False
23952d9b-d014-52ed-8f3d-00873856401e,1785281518151,sender -> receiver,0,True,1785281518902,751,0,False
c23a6842-cbb0-5589-8ee8-719c9a9b2bcc,1785281519149,sender -> receiver,0,True,1785281519882,733,0,False
d97aff4d-4d7e-5535-8eb2-b6264ad366f3,1785281519152,sender -> receiver,0,True,1785281519928,776,0,False
0e6eca5e-f8be-57f3-95a3-96ecf02138e8,1785281520147,sender -> receiver,0,True,1785281520873,726,0,False
a0c476b0-1e65-5067-b4c1-ac81cfa3737e,1785281520149,sender -> receiver,0,True,1785281520888,739,0,False
93303b3f-8a14-54ee-9276-6e9f7b237ff2,1785281521140,sender -> receiver,0,True,1785281521861,721,0,False
fd2399e6-fdb4-591e-a20c-c6d638e702e1,1785281522150,sender -> receiver,0,True,1785281522931,781,0,False
f54dfe46-5aa5-5cd6-8e26-b351a7a1a60a,1785281522154,sender -> receiver,0,True,1785281522947,793,0,False
68a6bc4d-ad47-56be-8dcb-0ff0e09ed9f0,1785281523147,sender -> receiver,0,True,1785281523888,741,0,False
0c2c8297-70a7-57d7-81ec-c083cb8aac21,1785281523150,sender -> receiver,0,True,1785281523906,756,0,False
14b0e5f7-c940-5f49-9533-f73925986fa8,1785281524157,sender -> receiver,0,True,1785281524867,710,0,False
d2d14891-a925-53f9-a842-aa52f14aefc3,1785281524162,sender -> receiver,0,True,1785281524886,724,0,False
6daf98be-dadf-5a5e-b6bf-acfc62adf17c,1785281525144,sender -> receiver,0,True,1785281525849,705,0,False
f2c9f533-ec98-5ce8-8606-b8a737c6c212,1785281526171,sender -> receiver,0,True,1785281526904,733,0,False
ebb08350-248e-5c41-95da-f4f4d47d93dd,1785281526176,sender -> receiver,0,True,1785281526916,740,0,False
f5e6fd1d-3a8e-5785-8e43-ef5da8033d4c,1785281527174,sender -> receiver,0,True,1785281527878,704,0,False
88ea6682-45e1-59f1-ab70-e534fa25e9ee,1785281527179,sender -> receiver,0,True,1785281527915,736,0,False
98f5abae-e21c-528d-8925-a6ade95b67a3,1785281528149,sender -> receiver,0,True,1785281528881,732,0,False
bcc0d8b4-cf7c-5ed5-81f2-4a252f58341e,1785281528151,sender -> receiver,0,True,1785281528909,758,0,False
f6f40f4f-eb4e-5f31-bfab-151ecef62866,1785281529145,sender -> receiver,0,True,1785281529894,749,0,False
4a5041d7-b29a-5537-9272-f2bba460b071,1785281529147,sender -> receiver,0,True,1785281529909,762,0,False
70200be7-eb7e-5527-b320-370173e6d463,1785281530158,sender -> receiver,0,True,1785281530847,689,0,False
a1ee2f61-314d-5a0a-89af-1d65f5d83e53,1785281531162,sender -> receiver,0,True,1785281531897,735,0,False
f7236ec2-d8c8-5b56-ad79-cce7e99d922d,1785281531193,sender -> receiver,0,True,1785281531931,738,0,False
0e8cb4e3-88a8-530f-a055-23b0a361462d,1785281532151,sender -> receiver,0,True,1785281532890,739,0,False
8fc9e194-5194-5741-b62a-9d2b5ad189f3,1785281532155,sender -> receiver,0,True,1785281532921,766,0,False
61cca45c-2616-5a59-8dc1-d74adfed5fdd,1785281533172,sender -> receiver,0,True,1785281533893,721,0,False
5d7fd302-c805-5482-ad83-0cb6bf4662f9,1785281533178,sender -> receiver,0,True,1785281533906,728,0,False
a5058626-2b5c-5572-86a9-8ea8f8347ce3,1785281534148,sender -> receiver,0,True,1785281534865,717,0,False
21c97241-99b1-5077-a76d-249cd973db13,1785281534151,sender -> receiver,0,True,1785281534883,732,0,False
bee4e358-1c66-53ca-bf4e-1a1c475f9768,1785281535152,sender -> receiver,0,True,1785281535852,700,0,False
b407b859-33cf-5122-9700-1dd691e2dad2,1785281536155,sender -> receiver,0,True,1785281536892,737,0,False
921c0044-4a3d-5f1b-bafd-2ec03d215226,1785281536159,sender -> receiver,0,True,1785281536909,750,0,False
4ee426be-2534-5555-a0a1-dadb1c33d502,1785281537163,sender -> receiver,0,True,1785281537871,708,0,False
fa45a2a2-c61c-5bbc-8efd-75e70936525e,1785281537166,sender -> receiver,0,True,1785281537912,746,0,False
a889a338-cb3f-54ab-aecf-a3e08a09faf4,1785281538178,sender -> receiver,0,True,1785281538906,728,0,False
4610f804-59b1-5232-a176-8f52e80c5043,1785281538183,sender -> receiver,0,True,1785281538919,736,0,False
d6f17ffc-b947-5a1f-bb5f-7b52ef4be034,1785281539136,sender -> receiver,0,True,1785281539848,712,0,False
a0aa95ba-aac5-5302-8889-6b19b010df1e,1785281579912,sender -> receiver,0,True,1785281580569,657,0,False
6908eaf1-f87c-5a42-a72e-989308d6cbd9,1785281579916,sender -> receiver,0,True,1785281580622,706,0,False
7a99ffa7-5753-5c91-bb36-e535a03d149b,1785281580893,sender -> receiver,0,True,1785281581601,708,0,False
36f2119e-7e1e-592d-aa55-ef016f69bca9,1785281580928,sender -> receiver,0,True,1785281581617,689,0,False
24b142d7-3cfe-5ad2-8344-ceff60bf5419,1785281581914,sender -> receiver,0,True,1785281582658,744,0,False
4d0f855b-2928-521d-8680-0ad9ebebd16d,1785281581919,sender -> receiver,0,True,1785281582695,776,0,False
214792b1-09ba-5173-a996-18c4dec2a1e6,1785281582886,sender -> receiver,0,True,1785281583583,697,0,False
1aa13f70-4615-5010-8fa2-2bf0694f76ed,1785281582889,sender -> receiver,0,True,1785281583600,711,0,False
2fc76957-925f-54a4-9bed-db57c0dbeb43,1785281583930,sender -> receiver,0,True,1785281584621,691,0,False
522efb5a-801e-51b1-b231-e2b262d360b0,1785281583935,sender -> receiver,0,True,1785281584668,733,0,False
98e8f5b2-a9af-5bf8-931b-cb310e49e315,1785281584857,sender -> receiver,0,True,1785281585560,703,0,False
864852fa-17a7-525a-9f15-3916fd63e07c,1785281585873,sender -> receiver,0,True,1785281586601,728,0,False
763d65ae-4bdb-5f3f-bd8f-bf0e9edf00f1,1785281585891,sender -> receiver,0,True,1785281586664,773,0,False
c88ae589-1f99-58c4-9d94-a0ee19bcea8e,1785281586870,sender -> receiver,0,True,1785281587583,713,0,False
932088d2-0b3e-5ceb-b27d-7385a6251f05,1785281586894,sender -> receiver,0,True,1785281587597,703,0,False
0ae9d874-9166-5a57-ae06-8aea87ac00af,1785281587858,sender -> receiver,0,True,1785281588577,719,0,False
d093e6c3-a911-5229-a68c-9ef368de48fe,1785281587861,sender -> receiver,0,True,1785281588592,731,0,False
3e50042b-e03f-5130-b874-2a1f502e6cc5,1785281588879,sender -> receiver,0,True,1785281589568,689,0,False
fcdd4837-06e7-5344-8ceb-50063f20c9e3,1785281588881,sender -> receiver,0,True,1785281589623,742,0,False
c8595ab2-f6b2-570f-b092-70a29529739c,1785281589863,sender -> receiver,0,True,1785281590565,702,0,False
256f6b86-a369-5c5c-896f-a10a4b117041,1785281590885,sender -> receiver,0,True,1785281591645,760,0,False
b945cff1-bed1-5eef-bc18-6f7b85c1f207,1785281590888,sender -> receiver,0,True,1785281591665,777,0,False
eb2c1232-2461-5ca1-b46d-474303927b6f,1785281591856,sender -> receiver,0,True,1785281592599,743,0,False
aea102e2-38e0-5fcf-81c2-53b6cfad0a7f,1785281591873,sender -> receiver,0,True,1785281592620,747,0,False
cef7f1e2-e63d-5e84-9eff-03262919d836,1785281592867,sender -> receiver,0,True,1785281593577,710,0,False
e6675aa1-0d0e-5451-bd0b-41ef34d6bccc,1785281592870,sender -> receiver,0,True,1785281593597,727,0,False
28bb2cbb-ee9f-566f-88e8-2a95e1a7e2e5,1785281593878,sender -> receiver,0,True,1785281594628,750,0,False
cb17bc2d-18f5-55a2-b4d3-6472fc02b219,1785281593885,sender -> receiver,0,True,1785281594659,774,0,False
64e9cf90-903a-5200-9f4c-b4c3112f60bd,1785281594888,sender -> receiver,0,True,1785281595551,663,0,False
aec072e4-d3a5-5968-b149-5785a9b757e4,1785281594893,sender -> receiver,0,True,1785281595603,710,0,False
e22c1289-972f-51cb-a7ba-71b04f230629,1785281595856,sender -> receiver,0,True,1785281596544,688,0,False
7737f47b-9dde-5f65-855b-c5fddd15be56,1785281596867,sender -> receiver,0,True,1785281597580,713,0,False
2cfc8597-4fda-50d3-a5c7-c7f598dfdb50,1785281596892,sender -> receiver,0,True,1785281597597,705,0,False
be72329f-9751-5eb6-9636-63c9984dabe0,1785281597868,sender -> receiver,0,True,1785281598569,701,0,False
024047de-5928-5e47-82b2-1f05b5a17195,1785281597888,sender -> receiver,0,True,1785281598586,698,0,False
df4a5d49-1037-511e-8d50-29a871dbff73,1785281598893,sender -> receiver,0,True,1785281599618,725,0,False
3641211e-681d-5c50-b98e-3baf511be55b,1785281598897,sender -> receiver,0,True,1785281599651,754,0,False
538bc238-06e1-590d-ba86-2c03d4bb6a12,1785281599892,sender -> receiver,0,True,1785281600617,725,0,False
5db6b309-7110-5a59-979d-4f8112002391,1785281599896,sender -> receiver,0,True,1785281600630,734,0,False
85d6b93f-650a-5e67-8814-7f3e3ddcad53,1785281600863,sender -> receiver,0,True,1785281601586,723,0,False
31e05d7c-49b5-5335-a99c-2a90d803e2d8,1785281601868,sender -> receiver,0,True,1785281602573,705,0,False
821efdb7-365a-5825-8a48-8a3d0ef2b484,1785281601889,sender -> receiver,0,True,1785281602643,754,0,False
77e2169d-9cbb-5914-9229-97924869e79a,1785281602895,sender -> receiver,0,True,1785281603564,669,0,False
27f7e8ed-6a4e-576a-b7ec-ae0a6922ca96,1785281602900,sender -> receiver,0,True,1785281603656,756,0,False
e936efd4-8a94-55a0-95db-c69545e58516,1785281603878,sender -> receiver,0,True,1785281604649,771,0,False
605621ad-7fa2-5441-893e-11c6356b67ca,1785281603881,sender -> receiver,0,True,1785281604669,788,0,False
042b0591-fc52-55db-a51e-504c2d0c1787,1785281604881,sender -> receiver,0,True,1785281605593,712,0,False
49e83159-7e12-519f-a04d-5c4174eda9ea,1785281604886,sender -> receiver,0,True,1785281605614,728,0,False
bde5837d-2eec-5426-9e24-6c2b380f001f,1785281605891,sender -> receiver,0,True,1785281606580,689,0,False
eefc2aa6-f668-5e12-a251-1b2f569dbe14,1785281605919,sender -> receiver,0,True,1785281606630,711,0,False
2d541b18-ea90-55e5-af00-65137ee97a6d,1785281606861,sender -> receiver,0,True,1785281607570,709,0,False
5064c436-61ec-5492-b5ca-3aecfe9e0207,1785281607893,sender -> receiver,0,True,1785281608615,722,0,False
e1875462-08a9-5f71-9f72-f699055c76ca,1785281607898,sender -> receiver,0,True,1785281608637,739,0,False
c5caffcc-b043-5daa-a0d5-1da4ab9fd83b,1785281608867,sender -> receiver,0,True,1785281609591,724,0,False
e925bc3f-2627-54d4-854b-9aefee1e79db,1785281608871,sender -> receiver,0,True,1785281609606,735,0,False
0f16d839-f64a-5fa6-84de-402b36be9388,1785281609869,sender -> receiver,0,True,1785281610586,717,0,False
fa9f91f0-79a8-5b30-94c4-20da8b7eb8f3,1785281609890,sender -> receiver,0,True,1785281610608,718,0,False
7e1bc7ee-7ef4-54f6-b1d1-e1fa583c9237,1785281610859,sender -> receiver,0,True,1785281611587,728,0,False
46784b2a-8e96-5984-ad2a-9c65864c3c31,1785281610865,sender -> receiver,0,True,1785281611616,751,0,False
141bcdbd-1a7b-5c45-9563-ad506b501e67,1785281611860,sender -> receiver,0,True,1785281612559,699,0,False
d7ea73e1-43af-568e-9950-cafa17140483,1785281612878,sender -> receiver,0,True,1785281613556,678,0,False
f6ffd506-8722-538a-8cf4-860dfd3782e7,1785281612882,sender -> receiver,0,True,1785281613597,715,0,False
e6dadd65-9c3b-591a-95d2-8a6cb4e00c97,1785281613869,sender -> receiver,0,True,1785281614589,720,0,False
f71a4def-7be1-5691-be43-3e3899f55ba3,1785281613872,sender -> receiver,0,True,1785281614606,734,0,False
8535c594-eeec-581f-b65b-f456d6c84c49,1785281614867,sender -> receiver,0,True,1785281615576,709,0,False
cd8ae8a6-9708-547e-9837-0388290ff57e,1785281614885,sender -> receiver,0,True,1785281615618,733,0,False
d426468e-b25a-5a28-84c4-fcd475c6167d,1785281615879,sender -> receiver,0,True,1785281616599,720,0,False
123ddafb-29dc-51ca-bdca-d7f9c22635da,1785281615885,sender -> receiver,0,True,1785281616613,728,0,False
3f22174f-7a1f-55a2-9fd3-af476095e138,1785281616871,sender -> receiver,0,True,1785281617609,738,0,False
60edf67b-ece9-5975-8579-a185d48aed22,1785281616894,sender -> receiver,0,True,1785281617627,733,0,False
2b7e39d2-00a6-5f67-bacd-b2a401efa8f7,1785281617859,sender -> receiver,0,True,1785281618548,689,0,False
7bbe4be1-ee0e-524c-af43-c3973bef8636,1785281618878,sender -> receiver,0,True,1785281619580,702,0,False
31f92e4a-2bab-51d0-89f9-6f37dc0ee7c6,1785281618882,sender -> receiver,0,True,1785281619596,714,0,False
0f342819-3156-524f-870a-44b4c4ef29ba,1785281619874,sender -> receiver,0,True,1785281620630,756,0,False
3338858c-39eb-5361-b6ac-60b632984220,1785281619876,sender -> receiver,0,True,1785281620656,780,0,False
6f2533d6-8111-511d-92a5-f82722d2fb3c,1785281620869,sender -> receiver,0,True,1785281621566,697,0,False
745ab122-cb36-5ac4-8353-831f6348ff07,1785281620894,sender -> receiver,0,True,1785281621585,691,0,False
edf52610-35b0-5d46-a987-55df9e93666c,1785281621890,sender -> receiver,0,True,1785281622598,708,0,False
70d29cee-2722-5291-9922-c38d4e0b8c87,1785281621894,sender -> receiver,0,True,1785281622617,723,0,False
b8761621-3b71-58d3-b017-7b7bf55fee1c,1785281622858,sender -> receiver,0,True,1785281623584,726,0,False
b78de268-4aa9-5f4c-bb39-2cd6932cbd45,1785281623868,sender -> receiver,0,True,1785281624577,709,0,False
31b72faa-ce29-5ace-9241-afe84ad5beb0,1785281623878,sender -> receiver,0,True,1785281624592,714,0,False
31729956-e4e4-546f-b698-c4beefd9d155,1785281624910,sender -> receiver,0,True,1785281625617,707,0,False
147c0177-4755-5e56-93f0-cf0d67a63fcf,1785281624915,sender -> receiver,0,True,1785281625680,765,0,False
e51d6327-17cb-5fc5-b805-b2ed007fee47,1785281625867,sender -> receiver,0,True,1785281626560,693,0,False
d22e3f00-dde4-519f-963c-043878ad7ab2,1785281625871,sender -> receiver,0,True,1785281626578,707,0,False
5190f4f9-6e68-5436-8264-9f81d9f28d5d,1785281626895,sender -> receiver,0,True,1785281627620,725,0,False
e21febc1-1745-5533-8ca5-39515510f569,1785281626899,sender -> receiver,0,True,1785281627636,737,0,False
d145cb04-9058-553e-869a-2e650f7c2b42,1785281627898,sender -> receiver,0,True,1785281628596,698,0,False
1653f9d5-4eff-5967-8360-6d4917ba0d43,1785281627904,sender -> receiver,0,True,1785281628662,758,0,False
2ddcf902-ae97-567c-b465-d050fd1e44af,1785281628858,sender -> receiver,0,True,1785281629573,715,0,False
f703888e-e7ff-5d32-97bb-be507dd5d1e5,1785281629868,sender -> receiver,0,True,1785281630648,780,0,False
b8755688-efce-5e42-adf5-267ecc67d68e,1785281629871,sender -> receiver,0,True,1785281630660,789,0,False
a0c8a6ce-e2e7-57f1-9a54-5fe7412458f5,1785281630878,sender -> receiver,0,True,1785281631599,721,0,False
fa3d63a1-dacb-562e-8647-749515db769c,1785281630882,sender -> receiver,0,True,1785281631771,889,0,False
a621bdef-686f-5da3-89e6-c3662d6a6c46,1785281631912,sender -> receiver,0,True,1785281632628,716,0,False
ab2a1c24-633b-56b5-872d-a24d282eb34b,1785281631919,sender -> receiver,0,True,1785281632678,759,0,False
0bf1f00e-9bc4-5952-8a1e-a02d92d47887,1785281632869,sender -> receiver,0,True,1785281633573,704,0,False
b8ffb105-47ae-5a59-8bd7-61843e38f025,1785281632890,sender -> receiver,0,True,1785281633624,734,0,False
a0a6584c-d5ac-53e7-a363-6c1f0fb3e7fb,1785281633854,sender -> receiver,0,True,1785281634564,710,0,False
03904ae3-d518-51e5-84cb-e0e08b25916d,1785281675140,sender -> receiver,0,True,1785281675832,692,0,False
9104d4a8-2175-5894-8082-09e4f7edf7cc,1785281675142,sender -> receiver,0,True,1785281675845,703,0,False
05f9a07c-e9eb-52d0-8f62-3251d7456034,1785281676149,sender -> receiver,0,True,1785281676881,732,0,False
e956b494-a3d0-5d4c-aa8d-1e1e8dc5ef36,1785281676163,sender -> receiver,0,True,1785281676895,732,0,False
72631648-4fed-5227-8994-17a04c113f93,1785281677155,sender -> receiver,0,True,1785281677865,710,0,False
915c3947-fa57-5056-87ee-0608e54c975a,1785281677160,sender -> receiver,0,True,1785281677884,724,0,False
0b5fc622-ed1d-5e41-bc20-2ab76d433c07,1785281678139,sender -> receiver,0,True,1785281678856,717,0,False
96f9938f-9202-5e89-99c1-d8c926b5373a,1785281678143,sender -> receiver,0,True,1785281678915,772,0,False
26bfdebf-4c63-599e-a17b-b97a9da6cb88,1785281679174,sender -> receiver,0,True,1785281679843,669,0,False
20d5b97d-8728-5526-9470-5d7689dcf7f0,1785281679180,sender -> receiver,0,True,1785281679891,711,0,False
9a36b80c-3e50-5c46-8423-9244fb4fc827,1785281680153,sender -> receiver,0,True,1785281680841,688,0,False
626d418a-928a-5808-900a-14152b4244cc,1785281681166,sender -> receiver,0,True,1785281681883,717,0,False
36877046-bf87-553b-9d1f-ccc33b64ea34,1785281681171,sender -> receiver,0,True,1785281681905,734,0,False
05d5d557-f877-5697-a195-0e618ff218a7,1785281682157,sender -> receiver,0,True,1785281682854,697,0,False
22ea810d-7070-510c-80cb-59c05732ba57,1785281682162,sender -> receiver,0,True,1785281682870,708,0,False
2f0c79a8-6598-5dd5-aef3-0e514d5b687b,1785281683170,sender -> receiver,0,True,1785281683886,716,0,False
13fb29fa-5fc4-5cf6-b547-2b05f51ee986,1785281683176,sender -> receiver,0,True,1785281683898,722,0,False
8bc578b1-d69b-5d63-8f33-7a53b317ed95,1785281684137,sender -> receiver,0,True,1785281684851,714,0,False
442772c8-de52-58b9-86cb-a75645bdca8b,1785281684155,sender -> receiver,0,True,1785281684874,719,0,False
d96898f3-818b-5ecd-ab58-fad07336837e,1785281685150,sender -> receiver,0,True,1785281685877,727,0,False
71ad1b4e-19b7-5e06-94f4-6971520071fd,1785281686150,sender -> receiver,0,True,1785281686880,730,0,False
0e6c4c0e-0b44-5e2d-940e-a9765c09e3c4,1785281686154,sender -> receiver,0,True,1785281686903,749,0,False
5025fc1b-f123-5642-9fbd-9ffce8c86c43,1785281687166,sender -> receiver,0,True,1785281687957,791,0,False
b732a049-f9df-5438-a88b-d60737d12388,1785281687201,sender -> receiver,0,True,1785281687990,789,0,False
34693b8e-185a-58ac-9884-c9222bd62813,1785281688181,sender -> receiver,0,True,1785281688884,703,0,False
a77e6dd4-c6c8-5f1e-8e43-4e118394feae,1785281688184,sender -> receiver,0,True,1785281688900,716,0,False
b5736d4e-36d7-5179-a5ca-2f683db3aaf7,1785281689193,sender -> receiver,0,True,1785281689934,741,0,False
d273cd0c-a95b-566f-8c1a-e537ef4193f2,1785281689198,sender -> receiver,0,True,1785281689962,764,0,False
0d8d6473-0fcb-54cc-816d-957cb3c2cb1e,1785281690165,sender -> receiver,0,True,1785281690864,699,0,False
a302e231-df8c-5088-abd4-d832e36deba8,1785281690170,sender -> receiver,0,True,1785281690905,735,0,False
d2a70a7a-5bb4-561c-b651-8f629898fc6d,1785281691137,sender -> receiver,0,True,1785281691868,731,0,False
554d0d8f-3ac0-5c32-b686-9bb36321b080,1785281692196,sender -> receiver,0,True,1785281692906,710,0,False
820c01eb-c1fa-527e-807e-a244321774df,1785281692202,sender -> receiver,0,True,1785281692930,728,0,False
cdfef7b4-1d9a-567d-ad92-6894e0fd53a4,1785281693136,sender -> receiver,0,True,1785281693855,719,0,False
442ba8f8-96bc-5ae7-a44b-448caeabd70b,1785281693157,sender -> receiver,0,True,1785281693891,734,0,False
81fe090f-f9b5-5205-a1d8-28bfc35cb7e1,1785281694155,sender -> receiver,0,True,1785281694883,728,0,False
7079d526-2722-5f8b-af9b-69580a965ee8,1785281694159,sender -> receiver,0,True,1785281694904,745,0,False
68ce3b97-e651-5ec1-b292-ac0c74f0ebff,1785281695161,sender -> receiver,0,True,1785281695872,711,0,False
499ce529-0950-52aa-97fe-6d83991809d8,1785281695165,sender -> receiver,0,True,1785281695901,736,0,False
edcbcb7d-5a73-54e3-830f-e619931ddf97,1785281696178,sender -> receiver,0,True,1785281696911,733,0,False
4ee89793-ea3a-5b7e-a707-7df6b8f5ab6b,1785281697187,sender -> receiver,0,True,1785281697939,752,0,False
01f9d479-8b3d-5aee-a373-09b9b7976a6c,1785281697193,sender -> receiver,0,True,1785281697953,760,0,False
d82abddc-5b1d-5c14-9085-aadc1bc1e159,1785281698142,sender -> receiver,0,True,1785281698851,709,0,False
9744a3c7-299f-5d0d-add6-5c4f262b9885,1785281698144,sender -> receiver,0,True,1785281698882,738,0,False
5f84b0ba-4ffe-5e0a-a159-3e842a081a2b,1785281699145,sender -> receiver,0,True,1785281699869,724,0,False
d012bcfb-5448-5dc1-a082-1364d8ee5f7b,1785281699151,sender -> receiver,0,True,1785281699888,737,0,False
ffbc9fe3-5bdf-55fc-8bf7-880b05ac5f1d,1785281700160,sender -> receiver,0,True,1785281700893,733,0,False
ab29f4c1-baff-59f1-9f63-6da8e6342e6c,1785281700162,sender -> receiver,0,True,1785281700905,743,0,False
eb52d410-7331-53a7-a3e7-7d331e7789cb,1785281701172,sender -> receiver,0,True,1785281701861,689,0,False
c25b6089-f32f-5265-b204-be8832fa661a,1785281701178,sender -> receiver,0,True,1785281701905,727,0,False
28ee5107-0cee-513d-b610-8ffb4d289c9a,1785281702155,sender -> receiver,0,True,1785281702894,739,0,False
c76a08d5-4f85-5fb2-b743-d53df9cd0c6d,1785281703148,sender -> receiver,0,True,1785281703915,767,0,False
fa61375b-0220-551c-a493-9a10799bd4e9,1785281703153,sender -> receiver,0,True,1785281703927,774,0,False
04ad8e8e-5729-5df6-af1e-9e8e6d4bbe75,1785281704178,sender -> receiver,0,True,1785281704910,732,0,False
76365305-6270-521c-876e-58bf69ef1f06,1785281704183,sender -> receiver,0,True,1785281704931,748,0,False
46090f9f-65e7-5f95-bfdc-97fe0d82d2c4,1785281705167,sender -> receiver,0,True,1785281705867,700,0,False
87eebe4f-f00c-5d59-9ab2-7cb1abcf9469,1785281705197,sender -> receiver,0,True,1785281705893,696,0,False
8968d662-d6ce-5ac8-b4f9-ae2a938ae3f4,1785281706147,sender -> receiver,0,True,1785281706844,697,0,False
cd69d3ea-0b30-51cd-91fe-d7b05599d5c5,1785281706152,sender -> receiver,0,True,1785281706863,711,0,False
fcf5d336-282b-5148-8382-045c92a3e7b4,1785281707145,sender -> receiver,0,True,1785281707844,699,0,False
208b0992-d9d2-5428-b52d-8be84267c986,1785281708200,sender -> receiver,0,True,1785281708884,684,0,False
0465fc10-8b13-5699-b091-1bc4438a12c1,1785281708207,sender -> receiver,0,True,1785281708939,732,0,False
99d128c3-7073-5dc5-95fe-fc92644d381f,1785281709193,sender -> receiver,0,True,1785281709898,705,0,False
b2cb87c3-a704-5425-8c18-0b30effa6f0d,1785281709198,sender -> receiver,0,True,1785281709912,714,0,False
f0367798-be66-5b2f-9347-17715e81361d,1785281710152,sender -> receiver,0,True,1785281710844,692,0,False
81632b2b-9af8-54fb-a9f6-d33ff3b84d7a,1785281710181,sender -> receiver,0,True,1785281710864,683,0,False
10d6beed-fb05-5e24-9b9b-e68eb45603ee,1785281711155,sender -> receiver,0,True,1785281711883,728,0,False
8293ca89-87dc-5e18-98ab-32cfb3dea14d,1785281711159,sender -> receiver,0,True,1785281711898,739,0,False
8ad7292b-7cbc-5ba0-a3a7-330c8a876914,1785281712172,sender -> receiver,0,True,1785281712869,697,0,False
81b6635e-7c2f-548f-abe3-f4a8e3160136,1785281712178,sender -> receiver,0,True,1785281712886,708,0,False
45364ec1-604b-5c4a-b738-1c93db317348,1785281713165,sender -> receiver,0,True,1785281713929,764,0,False
dd9901b1-d41b-52a6-9194-a57ce93430dc,1785281714137,sender -> receiver,0,True,1785281714872,735,0,False
c7c20fe3-f850-5e92-8304-33e4c045f4e7,1785281714152,sender -> receiver,0,True,1785281714892,740,0,False
73c52c35-da42-5f98-8d2b-d5054aae16b5,1785281715143,sender -> receiver,0,True,1785281715834,691,0,False
fbde11dd-f864-59e1-8572-9d4b45e4f752,1785281715145,sender -> receiver,0,True,1785281715846,701,0,False
2cb7e145-2195-5bc5-95fe-c5e6f83e2a65,1785281716147,sender -> receiver,0,True,1785281716887,740,0,False
b5a0fadf-e188-5b02-8b37-aa360591bc15,1785281716149,sender -> receiver,0,True,1785281716910,761,0,False
82484a23-7323-5698-a567-e97c48a4a19b,1785281717158,sender -> receiver,0,True,1785281717871,713,0,False
348550c1-588e-578e-a206-824e0903c65a,1785281717164,sender -> receiver,0,True,1785281717893,729,0,False
dbad7bae-de5a-550d-85e3-44c8d3481a89,1785281718149,sender -> receiver,0,True,1785281718852,703,0,False
c541fd8a-f64e-5a5a-a9b1-81f8a6d277b6,1785281719191,sender -> receiver,0,True,1785281719908,717,0,False
a7c3e4d3-b70a-5375-b9a3-36f58edecf50,1785281719197,sender -> receiver,0,True,1785281719931,734,0,False
5097b2bf-9958-5428-b0bc-e0e398daa21e,1785281720179,sender -> receiver,0,True,1785281720900,721,0,False
ac67d8f7-46bc-58bf-97e7-57a7e4b7f137,1785281720184,sender -> receiver,0,True,1785281720922,738,0,False
3a435fb9-410d-58a1-bd24-2f3fbd5029a2,1785281721138,sender -> receiver,0,True,1785281721838,700,0,False
58d1adad-28b1-5125-ad5b-1d2a23668adf,1785281721140,sender -> receiver,0,True,1785281721855,715,0,False
cfb5a7a0-e977-57a4-b2fd-107da1deb080,1785281722162,sender -> receiver,0,True,1785281722877,715,0,False
1282cd16-3123-53e7-8259-ab7c03b6a6f1,1785281722166,sender -> receiver,0,True,1785281722905,739,0,False
534070d1-e502-5886-872f-9c3eb464b343,1785281723171,sender -> receiver,0,True,1785281723951,780,0,False
20f706c9-867e-577c-ac8b-3479e725779f,1785281723210,sender -> receiver,0,True,1785281723960,750,0,False
a7ea010a-c116-5b2e-bfbe-c46e06689125,1785281724146,sender -> receiver,0,True,1785281724888,742,0,False
4d6da0f2-82e1-53b8-9397-9bc82f8b2f56,1785281725142,sender -> receiver,0,True,1785281725846,704,0,False
af757f53-0906-576a-8488-97e74ec5fc87,1785281725145,sender -> receiver,0,True,1785281725901,756,0,False
ce2c98a9-a024-59f3-89ee-d19057212efe,1785281726140,sender -> receiver,0,True,1785281726923,783,0,False
9fd8bb37-523e-5a3d-ad66-6f8555c50146,1785281726158,sender -> receiver,0,True,1785281726940,782,0,False
b431e604-78a9-54da-88cf-c1e42aa69614,1785281727158,sender -> receiver,0,True,1785281727855,697,0,False
912ca6eb-a68c-5aa4-adc8-9f5dda093137,1785281727161,sender -> receiver,0,True,1785281727907,746,0,False
051f6a3e-9e06-5f05-a563-e81827a445bb,1785281728139,sender -> receiver,0,True,1785281728844,705,0,False
1204798e-5613-5fb5-bb31-05c4d24d355d,1785281728164,sender -> receiver,0,True,1785281728862,698,0,False
10e43626-e451-5259-bd85-4177a9f072b2,1785281729140,sender -> receiver,0,True,1785281729841,701,0,False
92f48bd4-46d6-576c-896f-598849484cd9,1785281770828,sender -> receiver,0,True,1785281771551,723,0,False
7bba2da5-bd91-50e7-b3eb-f03ba246aac3,1785281770832,sender -> receiver,0,True,1785281771569,737,0,False
b6a2485c-9f6d-5b98-bf1b-9048d1adcc2e,1785281771838,sender -> receiver,0,True,1785281772564,726,0,False
10fe67c9-a7e9-5e93-a3a8-4064b6d9b501,1785281771842,sender -> receiver,0,True,1785281772577,735,0,False
c144789d-4d26-58fe-8445-1d061675c05f,1785281772826,sender -> receiver,0,True,1785281773527,701,0,False
db8fc91d-a59d-5fc1-9de7-56c69d94308b,1785281772831,sender -> receiver,0,True,1785281773543,712,0,False
25ba26f3-0b86-5158-b1e8-13916c0b791e,1785281773824,sender -> receiver,0,True,1785281774518,694,0,False
12046964-3088-5826-8d53-f1e0e7d96992,1785281773827,sender -> receiver,0,True,1785281774539,712,0,False
6ead3a49-7cd3-57f1-98eb-cac050935a3c,1785281774817,sender -> receiver,0,True,1785281775541,724,0,False
d9e0d2b9-455d-5062-a523-c1b79a7da08e,1785281774819,sender -> receiver,0,True,1785281775554,735,0,False
58a456d5-e9f4-528b-8aa3-d5b3f7da866e,1785281775805,sender -> receiver,0,True,1785281776501,696,0,False
281782c3-8f38-5171-947a-ba7166dbc192,1785281776824,sender -> receiver,0,True,1785281777531,707,0,False
3152286d-dd92-5165-bb1c-26b2addcdd3e,1785281776828,sender -> receiver,0,True,1785281777547,719,0,False
1d9eb9db-5874-5f54-a36e-556d24fddacf,1785281777824,sender -> receiver,0,True,1785281778526,702,0,False
351602b6-d8de-5660-8371-7f5e13b95a01,1785281777828,sender -> receiver,0,True,1785281778542,714,0,False
6f27e2c0-8493-5ab8-b94b-96fb518c5ec5,1785281778827,sender -> receiver,0,True,1785281779515,688,0,False
3afe9a06-705b-5df1-8a16-78dab3f7c456,1785281778832,sender -> receiver,0,True,1785281779559,727,0,False
756b8c7f-adb3-523b-9521-7a06f4ded0e2,1785281779845,sender -> receiver,0,True,1785281780552,707,0,False
3dfd157c-3831-5814-a618-6130310309bb,1785281779851,sender -> receiver,0,True,1785281780609,758,0,False
7dffb54a-7149-5ac2-b7e5-c371fd02cff6,1785281780827,sender -> receiver,0,True,1785281781536,709,0,False
ceed9084-f085-55d4-9733-6301655dd5bb,1785281781846,sender -> receiver,0,True,1785281782567,721,0,False
bc8b4008-fa36-5cd8-a5b3-3659a4361d22,1785281781882,sender -> receiver,0,True,1785281782576,694,0,False
e0d1aae2-8b9e-51e3-b842-fc42d4b1f451,1785281782840,sender -> receiver,0,True,1785281783571,731,0,False
4208338b-0145-5480-bfae-0e7b4e9ee70e,1785281782845,sender -> receiver,0,True,1785281783591,746,0,False
7cdb2d19-3da9-5a16-a16c-d4351eaf1b15,1785281783835,sender -> receiver,0,True,1785281784566,731,0,False
3787f952-cc5a-5de1-9367-088d6f5a97c0,1785281783839,sender -> receiver,0,True,1785281784589,750,0,False
bafbc81f-de75-5604-a775-2116a2c49aab,1785281784839,sender -> receiver,0,True,1785281785540,701,0,False
5b525ade-e743-5d04-9bfc-c39f0e51e57e,1785281784843,sender -> receiver,0,True,1785281785557,714,0,False
096567b4-6268-5a8a-9d90-ad3535a00109,1785281785854,sender -> receiver,0,True,1785281786580,726,0,False
ac396005-f1e6-5498-bf1c-3c1d585611c8,1785281785860,sender -> receiver,0,True,1785281786597,737,0,False
a5a25432-ca00-507a-a39f-ac99ad5d42e7,1785281786834,sender -> receiver,0,True,1785281787524,690,0,False
7b3ee262-1674-50e3-92e3-45eafaa26119,1785281787844,sender -> receiver,0,True,1785281788564,720,0,False
6554c8b7-da4d-5b77-82e3-fb9140679b7b,1785281787850,sender -> receiver,0,True,1785281788589,739,0,False
a02e15a3-03bb-54a2-9f0e-b106c6a75b29,1785281788824,sender -> receiver,0,True,1785281789557,733,0,False
5bb7ee43-03d1-5599-9fd0-c05f3baf7247,1785281788827,sender -> receiver,0,True,1785281789576,749,0,False
31577f41-cd91-50b9-a27f-06a1902f1e7c,1785281789826,sender -> receiver,0,True,1785281790580,754,0,False
aba0e9cd-e51d-51f0-a551-0818b31f2719,1785281789831,sender -> receiver,0,True,1785281790594,763,0,False
09201af6-33c0-5261-9a98-d8a9372136fd,1785281790844,sender -> receiver,0,True,1785281791533,689,0,False
93ab423a-9dd4-579c-96e2-5a8de745c3bd,1785281790850,sender -> receiver,0,True,1785281791575,725,0,False
6bd6365c-b7c6-5faa-94e3-5cb095c3a763,1785281791826,sender -> receiver,0,True,1785281792520,694,0,False
866163cd-2308-5201-b00c-a87de688df52,1785281792841,sender -> receiver,0,True,1785281793562,721,0,False
02e651d9-908e-51f0-b990-3f0c7b721595,1785281792847,sender -> receiver,0,True,1785281793573,726,0,False
7e7f2328-fc80-54a4-8426-a52ca5dd9118,1785281793841,sender -> receiver,0,True,1785281794543,702,0,False
0f4386c7-28c9-5b63-a154-dba2c7a716f2,1785281793846,sender -> receiver,0,True,1785281794562,716,0,False
77c8e846-1988-5644-82ec-746d459397a2,1785281794825,sender -> receiver,0,True,1785281795529,704,0,False
2dc10194-45ff-57cc-8383-991c5527b0e3,1785281794829,sender -> receiver,0,True,1785281795540,711,0,False
b2f3e5a4-69d0-5997-a03e-6f0333104cc9,1785281795825,sender -> receiver,0,True,1785281796525,700,0,False
eeb76a51-1c7d-5996-a336-e561ddfe8785,1785281795831,sender -> receiver,0,True,1785281796542,711,0,False
21bd5499-d7a4-51f1-9cdd-85365f09d43a,1785281796826,sender -> receiver,0,True,1785281797511,685,0,False
2fe5cd06-a78b-53a8-b6e3-fb72d98e4c8c,1785281796831,sender -> receiver,0,True,1785281797568,737,0,False
75a7cc0a-4978-5e3c-8215-470a394f1afc,1785281797812,sender -> receiver,0,True,1785281798502,690,0,False
506bf006-a430-508c-a1db-afd437c6d14c,1785281798863,sender -> receiver,0,True,1785281799591,728,0,False
e34221a7-e9ce-5a3b-ae95-009df2a73944,1785281798868,sender -> receiver,0,True,1785281799612,744,0,False
0ef8b08c-5086-58c7-9b06-e21dfb1d8888,1785281799837,sender -> receiver,0,True,1785281800527,690,0,False
9ab39062-7ff7-509b-896b-b90817a337aa,1785281799844,sender -> receiver,0,True,1785281800545,701,0,False
8e75e46a-bb35-59ae-8088-7bca4509feba,1785281800826,sender -> receiver,0,True,1785281801517,691,0,False
e1ed71ad-84a9-52e4-81a7-79f7df662fc6,1785281800830,sender -> receiver,0,True,1785281801535,705,0,False
ac77070a-1b6a-530f-94fc-21470d477a01,1785281801825,sender -> receiver,0,True,1785281802551,726,0,False
5cf801bd-6318-5906-a196-2f70e420abae,1785281801829,sender -> receiver,0,True,1785281802568,739,0,False
4ac47bc8-be28-5fd9-8e88-cd3f9ede0ee7,1785281802821,sender -> receiver,0,True,1785281803538,717,0,False
8f6e3150-a39d-5a4c-9eea-3c77ecdc0b48,1785281803844,sender -> receiver,0,True,1785281804534,690,0,False
0136588f-fdd8-5058-ac4c-085e2545fc9e,1785281803853,sender -> receiver,0,True,1785281804552,699,0,False
012dff12-ff17-5fc7-bae5-1550e7c3d356,1785281804829,sender -> receiver,0,True,1785281805548,719,0,False
43d2788c-063e-5935-abdc-087f2abae7ff,1785281804834,sender -> receiver,0,True,1785281805557,723,0,False
5842300d-0c0c-5bc5-a397-1f30a3349793,1785281805825,sender -> receiver,0,True,1785281806512,687,0,False
735a6091-ec36-5b65-9638-9546ae7a4075,1785281805829,sender -> receiver,0,True,1785281806529,700,0,False
6b4dc4f7-3304-5a7e-86f1-44f21a25ab0a,1785281806826,sender -> receiver,0,True,1785281807566,740,0,False
a80e5005-120c-5e64-9e3d-1eaaaa8ce6bb,1785281806829,sender -> receiver,0,True,1785281807624,795,0,False
3bef2840-45e2-56d0-9d1e-4f9ef50ebb7e,1785281807847,sender -> receiver,0,True,1785281808537,690,0,False
edcabb0b-e059-55f4-bb85-46ba66d373f9,1785281807853,sender -> receiver,0,True,1785281808545,692,0,False
7cc3a3f6-d4ec-5daa-b3b7-411774a2f441,1785281808839,sender -> receiver,0,True,1785281809582,743,0,False
7fc34bed-a0e6-5b7b-90b0-b0a6e096b26e,1785281809833,sender -> receiver,0,True,1785281810519,686,0,False
47b04637-1cc6-55f7-ae81-09ac1d6fe0d8,1785281809837,sender -> receiver,0,True,1785281810576,739,0,False
6ac5780c-e03c-55aa-b85c-1ed76e7a0275,1785281810845,sender -> receiver,0,True,1785281811625,780,0,False
733ef34c-f376-509d-8e99-2b1e48eecf5a,1785281810851,sender -> receiver,0,True,1785281811641,790,0,False
c24cae14-59f7-517a-be6e-86651ce8ccda,1785281811835,sender -> receiver,0,True,1785281812548,713,0,False
1b4b1b59-54c0-5e63-94c7-5c196e99c73e,1785281811840,sender -> receiver,0,True,1785281812569,729,0,False
a12de1f7-9ea4-5bcb-9469-68b6b43deb82,1785281812848,sender -> receiver,0,True,1785281813537,689,0,False
25053217-ad9d-5de1-806a-a90cae123703,1785281812854,sender -> receiver,0,True,1785281813582,728,0,False
f6818d3b-07d4-578a-8274-815e5be1a138,1785281813816,sender -> receiver,0,True,1785281814521,705,0,False
cb86b042-7ab4-55b8-97d5-243029672f7a,1785281814809,sender -> receiver,0,True,1785281815534,725,0,False
7f268591-eb46-578b-8d94-7dba62b421ba,1785281814812,sender -> receiver,0,True,1785281815544,732,0,False
58a50603-e8e0-52c8-a2f3-c8ba6a6f5e5b,1785281815855,sender -> receiver,0,True,1785281816549,694,0,False
2f238f9c-7d71-5333-b7df-956bee7df31b,1785281815864,sender -> receiver,0,True,1785281816561,697,0,False
fe107938-eba5-5b3c-b9d4-77202dc4d32e,1785281816858,sender -> receiver,0,True,1785281817581,723,0,False
cf636bc6-19fc-5dfe-8e5f-ebe832f932a1,1785281816864,sender -> receiver,0,True,1785281817646,782,0,False
280e83b4-bf4f-5288-9571-c0d1c4ddc561,1785281817850,sender -> receiver,0,True,1785281818584,734,0,False
4975bd2b-66cf-5586-98e2-48c7ea4cc94f,1785281817881,sender -> receiver,0,True,1785281818606,725,0,False
043392e0-406f-5664-bd4b-cac14ae248ac,1785281818827,sender -> receiver,0,True,1785281819533,706,0,False
79f3dcfc-cdc8-5eae-ba63-efebdb798744,1785281818832,sender -> receiver,0,True,1785281819546,714,0,False
88b5fabe-5f06-5c6d-9721-5881987385ef,1785281819819,sender -> receiver,0,True,1785281820508,689,0,False
3ca6a9af-b100-52fc-8c18-c88386f0ec49,1785281820827,sender -> receiver,0,True,1785281821563,736,0,False
d0d546c3-a35c-565c-b0e5-dd857db977d7,1785281820829,sender -> receiver,0,True,1785281821574,745,0,False
f6320421-5613-54d9-9a62-0a0c194712e0,1785281821826,sender -> receiver,0,True,1785281822548,722,0,False
f4fe9b16-7284-566f-b8ba-7f91614aa2b3,1785281821835,sender -> receiver,0,True,1785281822576,741,0,False
a88c297a-d1ac-5c21-80aa-bbfc3a0918e9,1785281822829,sender -> receiver,0,True,1785281823565,736,0,False
76e1d17d-eaf1-55b9-845c-1875dba4e6af,1785281822833,sender -> receiver,0,True,1785281823638,805,0,False
4836c1ee-a834-551a-80f1-0a2cf87f8dc4,1785281823822,sender -> receiver,0,True,1785281824508,686,0,False
f198517b-bc22-555d-aedf-68e5306e709b,1785281823826,sender -> receiver,0,True,1785281824521,695,0,False
470b303a-39ae-5feb-9db6-7c6c3101fc4c,1785281824812,sender -> receiver,0,True,1785281825522,710,0,False
11dffb93-7167-5375-a6cb-1b89780c7a22,1785281865552,sender -> receiver,0,True,1785281866288,736,0,False
28fcce9f-f326-58ca-9f04-c0f5d18025de,1785281865558,sender -> receiver,0,True,1785281866312,754,0,False
42094bd9-4b8e-58c6-819a-56271d58bf5b,1785281866520,sender -> receiver,0,True,1785281867256,736,0,False
7b2633d2-28b5-5ea2-b0cb-aebda82fe6b7,1785281866537,sender -> receiver,0,True,1785281867273,736,0,False
3affedb3-6bab-50fa-9c0a-f1e291b03a98,1785281867564,sender -> receiver,0,True,1785281868261,697,0,False
baea06f6-c19f-5634-b7a8-f820e12392c0,1785281867573,sender -> receiver,0,True,1785281868276,703,0,False
a53e1d09-e267-5d97-8217-58982912bcae,1785281868530,sender -> receiver,0,True,1785281869252,722,0,False
c1a825cd-ef21-5221-8055-046e9bed098e,1785281868553,sender -> receiver,0,True,1785281869263,710,0,False
5822a325-5cb5-5212-a5a9-0faf872164d7,1785281869524,sender -> receiver,0,True,1785281870241,717,0,False
ff434c89-37ae-5f92-b426-038e2d9aff64,1785281869527,sender -> receiver,0,True,1785281870288,761,0,False
70da1648-4fc9-574c-bd1b-948de4830bb6,1785281870517,sender -> receiver,0,True,1785281871230,713,0,False
4923c121-7569-5067-a4f6-fc3cba0d3954,1785281871545,sender -> receiver,0,True,1785281872276,731,0,False
c26ae5d3-8921-5469-a05e-4786c1335a71,1785281871550,sender -> receiver,0,True,1785281872290,740,0,False
1dda8bd9-d3dd-539f-832c-9e5406a05244,1785281872523,sender -> receiver,0,True,1785281873266,743,0,False
fe865a24-bc6a-5832-b333-71d381e36fff,1785281872541,sender -> receiver,0,True,1785281873297,756,0,False
70897011-cdf7-57a6-aec7-bdb1f6287e30,1785281873531,sender -> receiver,0,True,1785281874263,732,0,False
9268bd8b-ab36-52f2-8546-12fbe033b47b,1785281873536,sender -> receiver,0,True,1785281874279,743,0,False
ff218f82-d303-5641-bbd6-fb1babb7c60c,1785281874535,sender -> receiver,0,True,1785281875231,696,0,False
9990ad2a-dca2-5d86-a8fd-9728a74803e9,1785281874569,sender -> receiver,0,True,1785281875244,675,0,False
b80b2dce-8b80-533f-89b2-7e1f2ea73d54,1785281875515,sender -> receiver,0,True,1785281876324,809,0,False
1a0d8c9b-3aef-53b9-967a-8900812f58a6,1785281876537,sender -> receiver,0,True,1785281877271,734,0,False
19efcc21-55c0-5371-970b-e2bee5d374fe,1785281876541,sender -> receiver,0,True,1785281877304,763,0,False
4ae6165c-52a7-5f98-8294-d0e5bd02957e,1785281877533,sender -> receiver,0,True,1785281878258,725,0,False
a4229900-0f9b-5b15-8b4e-8f650baf45f9,1785281877536,sender -> receiver,0,True,1785281878282,746,0,False
ce6a6926-6040-5946-b938-ce7e11f5be60,1785281878533,sender -> receiver,0,True,1785281879242,709,0,False
f1e39622-debe-5d95-a6f0-2859247836b1,1785281878537,sender -> receiver,0,True,1785281879258,721,0,False
03de8be3-2e79-5b5d-85ed-a232008aa8f9,1785281879532,sender -> receiver,0,True,1785281880236,704,0,False
6e45ce6a-1a2b-536b-9da6-ed34093d8fb6,1785281879558,sender -> receiver,0,True,1785281880253,695,0,False
555a7b40-46f5-5bcb-a084-1c582577bb05,1785281880520,sender -> receiver,0,True,1785281881261,741,0,False
0912785f-ee1c-5a76-bd4c-ff4f39ae442d,1785281880541,sender -> receiver,0,True,1785281881278,737,0,False
a0f18649-bc3b-54b7-84b1-95df7a6f09af,1785281881521,sender -> receiver,0,True,1785281882227,706,0,False
b29605a3-2152-5564-96f8-e1f2d80ab0ac,1785281882565,sender -> receiver,0,True,1785281883253,688,0,False
787c2f54-fdaf-5337-b316-62b996119651,1785281882570,sender -> receiver,0,True,1785281883293,723,0,False
32327932-2843-5091-b2e4-5b2b996699ee,1785281883515,sender -> receiver,0,True,1785281884243,728,0,False
9731a114-721c-503d-8a73-33f783312baa,1785281883531,sender -> receiver,0,True,1785281884266,735,0,False
293641af-c93a-5f2e-9c1f-f460cc67586a,1785281884515,sender -> receiver,0,True,1785281885226,711,0,False
ec39a75c-5e1b-52b7-ad83-2a70368b6ab2,1785281884518,sender -> receiver,0,True,1785281885250,732,0,False
ba51cc9d-3a56-5b35-acb9-c2e6cfaece73,1785281885548,sender -> receiver,0,True,1785281886285,737,0,False
8447aa78-edac-5583-b82d-0cb1494f2bee,1785281885552,sender -> receiver,0,True,1785281886297,745,0,False
1b9cac94-e82f-5951-840a-b9d47496bc5d,1785281886516,sender -> receiver,0,True,1785281887241,725,0,False
192634fc-b442-5d71-bad6-efa6db36e219,1785281887534,sender -> receiver,0,True,1785281888255,721,0,False
de3c6da4-658c-5b6d-9465-687783c1013e,1785281887560,sender -> receiver,0,True,1785281888281,721,0,False
a6e467c6-1755-59e3-936c-449fac008e1d,1785281888514,sender -> receiver,0,True,1785281889235,721,0,False
e09ed628-7baa-59bd-aac6-7f258948fc57,1785281888517,sender -> receiver,0,True,1785281889257,740,0,False
6f130dbc-4a69-51f3-8637-014cbcebd3d3,1785281889554,sender -> receiver,0,True,1785281890232,678,0,False
8b5d25ac-93e0-5335-a1b1-f2ad1dfc9560,1785281889557,sender -> receiver,0,True,1785281890255,698,0,False
1137071f-a89c-54e9-9942-b728b0de53b1,1785281890564,sender -> receiver,0,True,1785281891253,689,0,False
6f69cf01-4067-504e-8f5b-f562bfb68e8f,1785281890571,sender -> receiver,0,True,1785281891298,727,0,False
04f26f07-dc59-5181-9f2f-df33f272883c,1785281891515,sender -> receiver,0,True,1785281892286,771,0,False
6f532f4e-5241-5237-a423-ad6472c5ecf0,1785281891518,sender -> receiver,0,True,1785281892298,780,0,False
701b41eb-451b-53a2-a35a-126167d3b549,1785281892514,sender -> receiver,0,True,1785281893243,729,0,False
23c13735-cc7a-5e52-827d-84ecfd3b8397,1785281893528,sender -> receiver,0,True,1785281894222,694,0,False
b807f961-713a-5a58-928a-74dc80f29fc4,1785281893533,sender -> receiver,0,True,1785281894240,707,0,False
2fbe5707-2988-5c6e-9e7f-ab34553aae50,1785281894534,sender -> receiver,0,True,1785281895255,721,0,False
ac86d9cd-0e91-5287-bc8b-b7003983341c,1785281894539,sender -> receiver,0,True,1785281895281,742,0,False
9525606f-f86f-56bd-a614-fa85037bf9ce,1785281895543,sender -> receiver,0,True,1785281896243,700,0,False
cc7b6d8a-8958-56b9-b416-16021eefdd13,1785281895546,sender -> receiver,0,True,1785281896262,716,0,False
4d037518-d845-5364-91e1-bb131007370f,1785281896516,sender -> receiver,0,True,1785281897239,723,0,False
99d6b324-5ad0-58e8-8b40-59b90f530e43,1785281896532,sender -> receiver,0,True,1785281897259,727,0,False
d82a0f00-3275-5a52-877e-e6efe336bf24,1785281897512,sender -> receiver,0,True,1785281898258,746,0,False
d66c2d4e-7ca2-53e6-873c-1e6e7f3cfbb6,1785281898519,sender -> receiver,0,True,1785281899229,710,0,False
4656d863-65c1-54a9-acad-6158745e8022,1785281898522,sender -> receiver,0,True,1785281899249,727,0,False
39c29392-0978-5407-b03d-1a154b6fea01,1785281899516,sender -> receiver,0,True,1785281900203,687,0,False
a8cdc7c2-8497-58b2-9912-0e7dd9b66709,1785281899518,sender -> receiver,0,True,1785281900221,703,0,False
32d6c4a7-935d-57a1-9f2f-d1a6c4c2654f,1785281900554,sender -> receiver,0,True,1785281901265,711,0,False
2cdd5f7b-6ccd-584b-bc0d-82084b12f9cf,1785281900556,sender -> receiver,0,True,1785281901287,731,0,False
08e1ea41-2e48-5996-98c3-0eb045dafa0f,1785281901541,sender -> receiver,0,True,1785281902233,692,0,False
b4c8193c-1e11-5480-822a-62d75a7ca18c,1785281901545,sender -> receiver,0,True,1785281902253,708,0,False
9afdebaf-8df9-5da4-9f81-3a25d5548647,1785281902522,sender -> receiver,0,True,1785281903240,718,0,False
218c7715-4735-59f4-8f76-042c9fd2dd03,1785281902541,sender -> receiver,0,True,1785281903255,714,0,False
09b57ff4-7c95-52b5-ba17-5e2d040fcca2,1785281903510,sender -> receiver,0,True,1785281904216,706,0,False
2ec168ee-51ec-5928-a0f4-583e7534fbb3,1785281904515,sender -> receiver,0,True,1785281905298,783,0,False
adad7f6e-9dbc-59c9-b366-012e554be074,1785281904518,sender -> receiver,0,True,1785281905317,799,0,False
02d4eced-3092-5a1f-8446-1a393c0f759d,1785281905521,sender -> receiver,0,True,1785281906248,727,0,False
75fd37b4-9453-51aa-aca8-8ed952d419d0,1785281905523,sender -> receiver,0,True,1785281906264,741,0,False
a95db574-1298-5fd4-96ca-181f5976f135,1785281906525,sender -> receiver,0,True,1785281907228,703,0,False
fa54ee09-f48d-5c1b-af4b-52f7f4329dd0,1785281906542,sender -> receiver,0,True,1785281907239,697,0,False
d8731e4c-3f38-539b-b25f-8652987bbc42,1785281907515,sender -> receiver,0,True,1785281908235,720,0,False
45f9bdc7-84f1-54eb-829e-320d605c04d8,1785281907518,sender -> receiver,0,True,1785281908246,728,0,False
2e9a5dfd-3dc3-51ad-b50b-243bd5988b84,1785281908512,sender -> receiver,0,True,1785281909211,699,0,False
ace859ac-d0c9-59c8-99de-3ec7b595f590,1785281909542,sender -> receiver,0,True,1785281910298,756,0,False
8ddb922d-9a55-5548-a0cf-17e825981958,1785281909547,sender -> receiver,0,True,1785281910325,778,0,False
b3b3b6da-9760-5e49-9b4f-992ee21e3f37,1785281910522,sender -> receiver,0,True,1785281911251,729,0,False
e9bed9df-7765-52db-8074-8617e10e14d3,1785281910542,sender -> receiver,0,True,1785281911278,736,0,False
d9fab4e6-65ea-5930-909b-4df0778e1330,1785281911550,sender -> receiver,0,True,1785281912232,682,0,False
8cce2979-f62e-5f05-9cc2-c0c8487b42c2,1785281911555,sender -> receiver,0,True,1785281912266,711,0,False
021b9838-4031-5131-9c40-1555f2115917,1785281912542,sender -> receiver,0,True,1785281913270,728,0,False
bc76979a-50a8-5473-b61a-99bcd5e71b95,1785281912546,sender -> receiver,0,True,1785281913299,753,0,False
4e0fc49f-6dea-55ec-83e7-7e21a622df50,1785281913516,sender -> receiver,0,True,1785281914254,738,0,False
1f0c9365-cea9-558d-a3e4-622d6c944d56,1785281913532,sender -> receiver,0,True,1785281914275,743,0,False
180115cd-fc20-5d98-b334-55ca5ff33823,1785281914513,sender -> receiver,0,True,1785281915246,733,0,False
1266c956-5707-5e11-8ce7-c2a9d2911534,1785281915551,sender -> receiver,0,True,1785281916278,727,0,False
f018a5f6-4ce8-5b95-9de9-0c06841c553d,1785281915554,sender -> receiver,0,True,1785281916301,747,0,False
c1105b23-dea2-5a60-8450-6564fd254371,1785281916517,sender -> receiver,0,True,1785281917217,700,0,False
0f19e60e-a2e6-51da-8f1a-dd27fa3f2c23,1785281916532,sender -> receiver,0,True,1785281917237,705,0,False
1ac0781e-6a3d-50c2-9e35-dfc8ba92b809,1785281917516,sender -> receiver,0,True,1785281918260,744,0,False
dc25fe54-ecc7-5741-bf3b-89b9bb7d35dd,1785281917518,sender -> receiver,0,True,1785281918283,765,0,False
d71fa442-96e8-5143-82a7-c7cacdc8cec5,1785281918516,sender -> receiver,0,True,1785281919255,739,0,False
36f4d971-cdc1-5b06-94ee-fb0f4aebebb8,1785281918534,sender -> receiver,0,True,1785281919266,732,0,False
5a560a8e-6e0e-5980-824a-773dcc20c887,1785281919516,sender -> receiver,0,True,1785281920234,718,0,False
c31473b4-cf3f-54f1-bebe-5fb92fe30bc0,1785281960148,sender -> receiver,0,True,1785281960875,727,0,False
7f307a7e-acba-588b-a577-8275fa1a90f7,1785281960152,sender -> receiver,0,True,1785281960909,757,0,False
53676198-5df7-5a55-aaf6-d10cbb2f6533,1785281961190,sender -> receiver,0,True,1785281961876,686,0,False
7eb1d404-7b5d-5537-ae76-a34bc9c36bb2,1785281961197,sender -> receiver,0,True,1785281961906,709,0,False
22b18ff8-b56a-507a-a865-e53b708c954c,1785281962141,sender -> receiver,0,True,1785281962903,762,0,False
e61c0695-9e14-58d0-8e5a-e521a6450b41,1785281962143,sender -> receiver,0,True,1785281962923,780,0,False
fada9269-784e-5cce-bb5a-7d1679381a5b,1785281963156,sender -> receiver,0,True,1785281963920,764,0,False
0a7d8989-eeaf-5ccf-b7fb-09e32ee568fb,1785281963159,sender -> receiver,0,True,1785281963935,776,0,False
2ec1e209-b40e-5fe3-89e6-78749aedf2ce,1785281964138,sender -> receiver,0,True,1785281964864,726,0,False
2a238255-475c-5876-8047-7d144201f170,1785281965140,sender -> receiver,0,True,1785281965875,735,0,False
f54cde09-0eb9-53f8-b4ac-5765cab729f9,1785281965142,sender -> receiver,0,True,1785281965905,763,0,False
5136ea4f-cd47-5e8d-8e48-dd408019861c,1785281966141,sender -> receiver,0,True,1785281966862,721,0,False
efffab7c-a3cb-576d-9054-67d81bd49dfd,1785281966145,sender -> receiver,0,True,1785281966889,744,0,False
b6aa5ad2-9bb5-53e3-83d0-6c566fcd1d9d,1785281967148,sender -> receiver,0,True,1785281967869,721,0,False
0c5df5dc-2ba7-5851-8504-247c6367b0b1,1785281967153,sender -> receiver,0,True,1785281967887,734,0,False
0a90adf1-2380-55d9-9271-0112ab5eb417,1785281968157,sender -> receiver,0,True,1785281968873,716,0,False
eef1046b-4363-5a62-a97a-e89eaf1aef71,1785281968162,sender -> receiver,0,True,1785281968890,728,0,False
b74ab24f-f05f-5d24-8107-1c13b26ddeb5,1785281969137,sender -> receiver,0,True,1785281969875,738,0,False
15ab40a3-abb4-56d9-a531-301513587dca,1785281970137,sender -> receiver,0,True,1785281970869,732,0,False
ea7c23bc-270c-5f26-8b15-531169fcea00,1785281970141,sender -> receiver,0,True,1785281970893,752,0,False
b445045b-aa86-597b-b568-1b87c5e9d1a7,1785281971136,sender -> receiver,0,True,1785281971844,708,0,False
47378c47-f43f-5133-b64a-3353d923ada8,1785281971140,sender -> receiver,0,True,1785281971858,718,0,False
6c5afbc0-a0b6-5fc3-b402-9ca6bd5efd27,1785281972158,sender -> receiver,0,True,1785281972885,727,0,False
42d6587a-180e-5aa3-8523-adb3aeba9aa4,1785281972164,sender -> receiver,0,True,1785281972910,746,0,False
dfb7ca97-31d8-5454-a875-f51a38bd99ca,1785281973155,sender -> receiver,0,True,1785281973840,685,0,False
e9fc0bac-c085-5ab4-bcc1-fb3cae08c323,1785281974160,sender -> receiver,0,True,1785281974876,716,0,False
c90b9cb4-8990-5ae5-a32c-893b5126f61d,1785281974165,sender -> receiver,0,True,1785281974905,740,0,False
a45a17b6-1cea-537d-af2e-91741a1f1085,1785281975144,sender -> receiver,0,True,1785281975864,720,0,False
06105ce9-0cf7-59e3-b9bd-5ca366de924c,1785281975146,sender -> receiver,0,True,1785281975878,732,0,False
ee7b80c9-0993-549d-89ec-a72b37e541aa,1785281976172,sender -> receiver,0,True,1785281976903,731,0,False
ef68f3e7-2653-519c-a318-9631b05f0ccf,1785281976176,sender -> receiver,0,True,1785281976925,749,0,False
a2964c39-d326-561c-8cef-346175d9dc40,1785281977144,sender -> receiver,0,True,1785281977878,734,0,False
4b9be990-9992-5117-ae3a-2f3160cba100,1785281977147,sender -> receiver,0,True,1785281977902,755,0,False
a3faf7ce-03db-5254-8a98-5ba6609ac9ca,1785281978154,sender -> receiver,0,True,1785281978917,763,0,False
ef87bc81-d6d0-52c0-ac7d-902de72a505d,1785281979143,sender -> receiver,0,True,1785281979868,725,0,False
1fe57f6c-f14b-5feb-b4fb-21a0a954dc68,1785281979147,sender -> receiver,0,True,1785281979892,745,0,False
e41e7be7-676f-5a31-acb6-fae207a62108,1785281980143,sender -> receiver,0,True,1785281980878,735,0,False
15190fcf-710c-5443-842d-afbda0ddb70e,1785281980147,sender -> receiver,0,True,1785281980890,743,0,False
c4e77096-fa56-5a11-9936-dfefa8fa0919,1785281981149,sender -> receiver,0,True,1785281981895,746,0,False
0de026a9-1f7e-5429-b588-8ef82ed3a1a5,1785281981152,sender -> receiver,0,True,1785281981917,765,0,False
aba07e12-f5d7-50f5-a4b4-fa874c290a1b,1785281982161,sender -> receiver,0,True,1785281982883,722,0,False
0b8041fb-4862-571c-a71c-8eb59871ade7,1785281982167,sender -> receiver,0,True,1785281982911,744,0,False
40d8025f-e5d4-5e59-b669-ab3b7a20d5fe,1785281983145,sender -> receiver,0,True,1785281983887,742,0,False
af714b6c-b33b-5111-aa7d-69e43aab3b4a,1785281984136,sender -> receiver,0,True,1785281984916,780,0,False
c9ef3e21-af16-598c-9e56-77aa88966a3c,1785281984138,sender -> receiver,0,True,1785281984947,809,0,False
13b2a2a2-6e1d-5241-8c03-ceeb774e0693,1785281985143,sender -> receiver,0,True,1785281985844,701,0,False
9782acba-3c65-512c-98a0-f54224bda024,1785281985146,sender -> receiver,0,True,1785281985857,711,0,False
7147389d-6f16-5f20-a728-e3cc16e0d425,1785281986142,sender -> receiver,0,True,1785281986842,700,0,False
8da108e9-a094-59fd-b4a0-eb2a2e6e8607,1785281986150,sender -> receiver,0,True,1785281986887,737,0,False
67de3d5e-5860-5be6-8362-ad9103db1912,1785281987134,sender -> receiver,0,True,1785281987906,772,0,False
522edad0-ee88-5d3f-8d3b-8bad4582b19f,1785281988143,sender -> receiver,0,True,1785281988877,734,0,False
ba6a3a95-0111-5a66-9c4a-ddbc91a604f9,1785281988147,sender -> receiver,0,True,1785281988890,743,0,False
f7eef547-ce5a-5e51-b0aa-e392483ee909,1785281989149,sender -> receiver,0,True,1785281989847,698,0,False
89c89025-dfd5-5a3e-9b1b-7f608b16d022,1785281989155,sender -> receiver,0,True,1785281989868,713,0,False
c27ae592-55c6-5c8c-a17f-351838e104d9,1785281990158,sender -> receiver,0,True,1785281990899,741,0,False
ec4c9036-d20b-5144-b410-cc04dd1366d0,1785281990173,sender -> receiver,0,True,1785281990929,756,0,False
ffba13ee-0a77-5c9b-b0a2-952edac504da,1785281991180,sender -> receiver,0,True,1785281991908,728,0,False
3f6b548d-7a18-5f67-bff5-491e514d70f6,1785281991188,sender -> receiver,0,True,1785281991954,766,0,False
8a503f48-3b4a-5f5f-b32f-75a46b302ff1,1785281992138,sender -> receiver,0,True,1785281992867,729,0,False
d3fe3633-e6cf-597f-acb1-323117ccf7f2,1785281993138,sender -> receiver,0,True,1785281993901,763,0,False
1a26ddd4-b1a2-5695-a661-9a41723f60f7,1785281993140,sender -> receiver,0,True,1785281993972,832,0,False
3f9dadcc-b4d7-5712-81ee-9ba9eb514d97,1785281994175,sender -> receiver,0,True,1785281994904,729,0,False
480dc18d-cc3a-5a16-adf7-a87f86b90481,1785281994181,sender -> receiver,0,True,1785281994937,756,0,False
6f9d81cf-4edb-57ff-9ff9-d67ff89d72f7,1785281995170,sender -> receiver,0,True,1785281995897,727,0,False
6ad46b4a-16b5-5b0c-abf4-e8aa1590140a,1785281995174,sender -> receiver,0,True,1785281995907,733,0,False
e2301ca4-49be-527f-bff5-5f82c19fe41f,1785281996175,sender -> receiver,0,True,1785281996922,747,0,False
37afe5fb-ae13-5e22-a0e8-30128220602f,1785281996179,sender -> receiver,0,True,1785281996946,767,0,False
60179502-1557-51c6-9c8b-8ffced3b425c,1785281997134,sender -> receiver,0,True,1785281997861,727,0,False
0e3a67aa-78d3-56c1-ae37-0ef10413b80a,1785281998140,sender -> receiver,0,True,1785281998862,722,0,False
273a0001-21ff-5405-9823-3c452e4b3d41,1785281998152,sender -> receiver,0,True,1785281998889,737,0,False
45138589-7b33-5ba9-9fb8-86016a06b10b,1785281999149,sender -> receiver,0,True,1785281999885,736,0,False
d73300d1-96b7-5846-9313-229421aede2f,1785281999152,sender -> receiver,0,True,1785281999904,752,0,False
8b6591ad-97af-5cf4-b8ea-abb20365c199,1785282000144,sender -> receiver,0,True,1785282000882,738,0,False
6273569c-55b9-5ee8-adc3-b4c09e7ef79a,1785282000145,sender -> receiver,0,True,1785282000934,789,0,False
d8ba5215-ecf8-5bd2-8ff6-b2f0542538c9,1785282001145,sender -> receiver,0,True,1785282001857,712,0,False
0876c341-4684-5654-b863-5c8faa7c7473,1785282002151,sender -> receiver,0,True,1785282002863,712,0,False
b2e3e28f-1041-5754-ada4-391b08e6daf4,1785282002155,sender -> receiver,0,True,1785282002908,753,0,False
7a4de53b-74af-5793-9b72-85f7f63f4afe,1785282003145,sender -> receiver,0,True,1785282003893,748,0,False
e32f7bec-dd00-5465-8c24-1eff25fd4216,1785282003153,sender -> receiver,0,True,1785282003907,754,0,False
c10dd4c9-1514-530a-8b6b-a4f928128a4d,1785282004145,sender -> receiver,0,True,1785282004829,684,0,False
e963a35c-43f5-547e-96ce-2e13804c01b9,1785282004157,sender -> receiver,0,True,1785282005002,845,0,False
b643985c-dbc7-587c-9cd4-d641a72031ff,1785282005140,sender -> receiver,0,True,1785282005873,733,0,False
93d4211f-6046-544a-8df3-c9342d05dc2f,1785282005143,sender -> receiver,0,True,1785282005892,749,0,False
4ea66622-6ee1-5bbd-940c-d96e4ab60e8c,1785282006136,sender -> receiver,0,True,1785282006863,727,0,False
913b4685-36a1-5ae3-86ff-e5cc0b2737a6,1785282007143,sender -> receiver,0,True,1785282007907,764,0,False
81943955-3bd3-5cbc-b432-3949b210a21f,1785282007145,sender -> receiver,0,True,1785282007938,793,0,False
190ac721-5176-50d2-a7b8-d54822b69719,1785282008164,sender -> receiver,0,True,1785282008937,773,0,False
1a29e292-00b3-50b9-86b1-845e44aa4e55,1785282008170,sender -> receiver,0,True,1785282008960,790,0,False
5fa9b83f-77ce-5fbf-a9ac-86c5d3e4526e,1785282009158,sender -> receiver,0,True,1785282009893,735,0,False
77e93465-6a15-5bc1-9b9a-69fcf8597b3a,1785282009161,sender -> receiver,0,True,1785282009910,749,0,False
af6471ac-0ecc-57d1-83a1-d04cde0f3e6b,1785282010145,sender -> receiver,0,True,1785282010879,734,0,False
a6f18253-b9b4-5788-b93f-8114e067a130,1785282010149,sender -> receiver,0,True,1785282010907,758,0,False
c24e8635-a4b5-53e5-9a0c-b3547217ebcb,1785282011152,sender -> receiver,0,True,1785282011863,711,0,False
73726ab8-fba7-5cf0-80bb-5eb058f0abc0,1785282012170,sender -> receiver,0,True,1785282012895,725,0,False
26ca73d8-846b-53c5-8f67-168de3ad5ec2,1785282012176,sender -> receiver,0,True,1785282012911,735,0,False
797c6d20-5c20-5d92-8918-cd77585ea6a7,1785282013165,sender -> receiver,0,True,1785282013905,740,0,False
fddb427f-c8eb-5d28-a10f-25c92cd6213e,1785282013172,sender -> receiver,0,True,1785282013918,746,0,False
4b1ed2da-8e09-5505-8ad3-6f1eb2883d44,1785282014151,sender -> receiver,0,True,1785282014876,725,0,False
ec96dd0f-0824-53cd-a168-41348b84f99f,1785282014156,sender -> receiver,0,True,1785282014895,739,0,False
35b86a2f-7100-555d-a019-6a4845f8e09a,1785282015162,sender -> receiver,0,True,1785282015856,694,0,False
9b507da0-e705-539a-b7c4-9669591865d0,1785282055403,sender -> receiver,0,True,1785282056141,738,0,False
6d47fbf6-932e-5582-a9b7-1ad570cbf77b,1785282055408,sender -> receiver,0,True,1785282056163,755,0,False
553dd5d0-1ee7-5a20-86b8-dd268b71f574,1785282056431,sender -> receiver,0,True,1785282057118,687,0,False
cbc0cfeb-e01d-5ba4-b1fa-b481685acc23,1785282056436,sender -> receiver,0,True,1785282057136,700,0,False
184dcf76-87c4-5e8c-a196-22669f1203f3,1785282057403,sender -> receiver,0,True,1785282058103,700,0,False
ea0f4ddd-707d-5a6c-b092-ecc885ba8ea8,1785282057407,sender -> receiver,0,True,1785282058116,709,0,False
5cacbd26-de29-5e6c-81f0-311e648610fd,1785282058389,sender -> receiver,0,True,1785282059109,720,0,False
33e0c363-8cdd-51f1-9def-26f4239f61ba,1785282058392,sender -> receiver,0,True,1785282059132,740,0,False
38482b0a-26f7-5a15-818c-919ef1da5b23,1785282059393,sender -> receiver,0,True,1785282060082,689,0,False
975fd31e-7cdc-5292-a38e-40498d101a7a,1785282060399,sender -> receiver,0,True,1785282061127,728,0,False
a5b428a4-d806-5b06-b6f8-94a4f7165a56,1785282060401,sender -> receiver,0,True,1785282061189,788,0,False
5d8c42f0-cd2b-5595-b2a4-b6cdd94e4e82,1785282061439,sender -> receiver,0,True,1785282062124,685,0,False
51b39c73-bf35-5f91-a93e-7326becf08dc,1785282061445,sender -> receiver,0,True,1785282062188,743,0,False
a3dfc721-2539-51ee-ba91-73e67671bcf4,1785282062386,sender -> receiver,0,True,1785282063101,715,0,False
8ce595a8-349a-5708-8c8d-6790aa920a96,1785282062388,sender -> receiver,0,True,1785282063116,728,0,False
487b3058-a7ed-5797-bd36-891a4102b3e0,1785282063392,sender -> receiver,0,True,1785282064090,698,0,False
cd39c89c-71dd-5fd9-a5b5-74641aefb1b1,1785282063393,sender -> receiver,0,True,1785282064132,739,0,False
1567bf1b-7aa7-5b4d-bc19-002ed71a4b80,1785282064388,sender -> receiver,0,True,1785282065082,694,0,False
952682f8-542d-5634-8ac9-f91608d2ef63,1785282065402,sender -> receiver,0,True,1785282066118,716,0,False
7afe6fa6-f553-5eaf-abb9-b9c3bc238766,1785282065405,sender -> receiver,0,True,1785282066136,731,0,False
94c64254-e19f-5e9a-9ed3-ccf59cadab22,1785282066401,sender -> receiver,0,True,1785282067164,763,0,False
1c3757b4-f4c8-5b48-bbe1-04ef6f26583d,1785282066403,sender -> receiver,0,True,1785282067185,782,0,False
84d5edf4-071f-58b6-a29f-32c5d4e7c173,1785282067390,sender -> receiver,0,True,1785282068093,703,0,False
9ca77c76-1bdc-5e0b-829a-738b3a5e6212,1785282067393,sender -> receiver,0,True,1785282068107,714,0,False
26131640-0b08-5ade-bfb3-8f39a92d8fcf,1785282068388,sender -> receiver,0,True,1785282069143,755,0,False
eff459c1-2cc3-5870-a5fd-7ea7b69a9665,1785282069395,sender -> receiver,0,True,1785282070139,744,0,False
d0bf1ed3-0b6c-5ed4-b79e-a1a7b1af1d51,1785282069397,sender -> receiver,0,True,1785282070159,762,0,False
03073cf0-7047-5aa5-a5a8-93b05cf73012,1785282070406,sender -> receiver,0,True,1785282071111,705,0,False
6e08b009-6c1e-5319-aad7-0cfb387054ab,1785282070410,sender -> receiver,0,True,1785282071127,717,0,False
d80e8db8-f518-5f00-aa06-52ced7b81c46,1785282071417,sender -> receiver,0,True,1785282072106,689,0,False
9800fea3-0d1e-5bc3-9f46-0bc74c323bcb,1785282071420,sender -> receiver,0,True,1785282072128,708,0,False
b1cbe149-833f-5811-8d71-fb3065980056,1785282072403,sender -> receiver,0,True,1785282073099,696,0,False
653e9bfa-fba6-58df-8e4b-6db420c68a79,1785282072408,sender -> receiver,0,True,1785282073118,710,0,False
ea61ba22-638c-5b81-be9f-4f35b5c072f5,1785282073394,sender -> receiver,0,True,1785282074081,687,0,False
b0746ef4-8863-5830-84cd-63faae904dc5,1785282074388,sender -> receiver,0,True,1785282075123,735,0,False
dd0560e5-b76b-5443-a735-aa69fa521f8e,1785282074403,sender -> receiver,0,True,1785282075183,780,0,False
036827f5-44d5-5989-8e9d-0cfc26b79a17,1785282075391,sender -> receiver,0,True,1785282076105,714,0,False
756de93b-9901-5d2b-86d2-277181000c75,1785282075393,sender -> receiver,0,True,1785282076119,726,0,False
7ad18457-0ad8-560d-aac8-ce0fce9b762e,1785282076391,sender -> receiver,0,True,1785282077099,708,0,False
bb74aafd-49b1-5b15-9744-9bac91940775,1785282076393,sender -> receiver,0,True,1785282077147,754,0,False
b940520d-b04e-5a1c-8051-273ca8741e96,1785282077413,sender -> receiver,0,True,1785282078150,737,0,False
bb688bcb-9eb4-526f-a0f0-f0146ba0284e,1785282077418,sender -> receiver,0,True,1785282078170,752,0,False
89f5d951-fe61-52d1-82e9-2d4a470cdea5,1785282078390,sender -> receiver,0,True,1785282079126,736,0,False
64cb5816-01e3-576c-8a58-6b53e5ca4928,1785282079394,sender -> receiver,0,True,1785282080134,740,0,False
3d8e8a0a-de2b-5948-95d3-2d08f90ec6ac,1785282079396,sender -> receiver,0,True,1785282080148,752,0,False
5c91a9d8-547c-57f5-9ac3-e9716926845f,1785282080395,sender -> receiver,0,True,1785282081134,739,0,False
7b4af0b7-63a1-53dd-a8b0-df3605b4025c,1785282080398,sender -> receiver,0,True,1785282081144,746,0,False
278c210a-45d1-5628-9b84-2f3d25f00af9,1785282081393,sender -> receiver,0,True,1785282082103,710,0,False
59e6996e-e84b-5756-a21d-0af9009611a7,1785282081399,sender -> receiver,0,True,1785282082132,733,0,False
640a4eba-37a5-5294-b580-ff991c0513db,1785282082382,sender -> receiver,0,True,1785282083077,695,0,False
4950c1ba-1e16-56a7-ab7e-47e4e5c0ac11,1785282083386,sender -> receiver,0,True,1785282084068,682,0,False
43cf42e5-6408-5265-aac7-f74bcd70c848,1785282083388,sender -> receiver,0,True,1785282084081,693,0,False
cfc70ecb-e806-5fcf-bd05-dccd56bf580a,1785282084396,sender -> receiver,0,True,1785282085107,711,0,False
eac7bfcf-9338-584c-ba6a-c465fd29070f,1785282084401,sender -> receiver,0,True,1785282085124,723,0,False
461fc58c-c4a2-59f6-bea4-94f148d98827,1785282085410,sender -> receiver,0,True,1785282086101,691,0,False
4a52d28e-0a8f-5c7b-a16e-2ebf5ace7ec6,1785282085415,sender -> receiver,0,True,1785282086114,699,0,False
af61fa3f-574b-5dae-ba4e-d8bb0071a960,1785282086396,sender -> receiver,0,True,1785282087096,700,0,False
4fa8d83f-df22-56e3-b4d1-dfe5a9e51903,1785282086399,sender -> receiver,0,True,1785282087104,705,0,False
534222f9-bdeb-5730-9c23-68a355a28fac,1785282087401,sender -> receiver,0,True,1785282088124,723,0,False
54a911f1-24e1-58cb-9d86-fc17b8d96822,1785282088393,sender -> receiver,0,True,1785282089124,731,0,False
6ebd6891-c301-593f-bc26-7542a1ab6266,1785282088395,sender -> receiver,0,True,1785282089143,748,0,False
35f212e6-6736-58a6-b9ca-ae3068a49fa1,1785282089396,sender -> receiver,0,True,1785282090102,706,0,False
17d2e0e9-58ef-5acb-8c4e-6d6752ce666d,1785282089408,sender -> receiver,0,True,1785282090166,758,0,False
8b9fb6c1-f27c-5f1a-80ea-cd5f723e841c,1785282090395,sender -> receiver,0,True,1785282091146,751,0,False
4d878391-7e07-5b07-af23-49c0530a8fad,1785282090397,sender -> receiver,0,True,1785282091195,798,0,False
92c766e6-8cc2-58c6-be50-17691e1a80da,1785282091417,sender -> receiver,0,True,1785282092133,716,0,False
da769c17-5d45-500f-a067-73d61d823086,1785282091421,sender -> receiver,0,True,1785282092147,726,0,False
87907359-fee3-5508-b9ef-b7c69db78232,1785282092407,sender -> receiver,0,True,1785282093121,714,0,False
de881c70-fca7-5b89-adb4-5654b4fea059,1785282093397,sender -> receiver,0,True,1785282094105,708,0,False
649c12ba-d584-5315-95aa-d7317fda70c9,1785282093401,sender -> receiver,0,True,1785282094118,717,0,False
7edfa2f7-b679-5ad2-82b4-4167abadef01,1785282094396,sender -> receiver,0,True,1785282095112,716,0,False
95c17d53-e829-59ef-acb0-51fb0412e9ff,1785282094401,sender -> receiver,0,True,1785282095131,730,0,False
cd9e36a2-7361-5db6-8376-a12d9140e9a9,1785282095389,sender -> receiver,0,True,1785282096132,743,0,False
8ea11313-1600-5784-8f2b-198d0a9806de,1785282095394,sender -> receiver,0,True,1785282096151,757,0,False
aa3c993d-28af-5470-acf2-e9b545c3b41c,1785282096401,sender -> receiver,0,True,1785282097121,720,0,False
312c25ae-dde7-5c32-bdc9-99099043d0b3,1785282097389,sender -> receiver,0,True,1785282098123,734,0,False
685b4e07-bc0b-5610-857f-bcb00c736fd1,1785282097391,sender -> receiver,0,True,1785282098134,743,0,False
832ea6a0-5be4-5ead-b0d8-fd554585d288,1785282098397,sender -> receiver,0,True,1785282099115,718,0,False
4bfd3ec3-de9a-59e0-a8b8-5f0bbebbb6cd,1785282098400,sender -> receiver,0,True,1785282099133,733,0,False
e99a681c-22c1-5672-81f5-11be3cb0adc2,1785282099395,sender -> receiver,0,True,1785282100109,714,0,False
39f34585-94aa-5327-b667-c3f7e49a20f5,1785282099398,sender -> receiver,0,True,1785282100130,732,0,False
8ea3ca08-4ccb-5833-8780-dd6f31395354,1785282100418,sender -> receiver,0,True,1785282101213,795,0,False
d7c8a915-0062-55c2-a63b-96c013608cdc,1785282100422,sender -> receiver,0,True,1785282101227,805,0,False
7519b176-f4f6-5ef3-8f2c-27e509b07033,1785282101387,sender -> receiver,0,True,1785282102069,682,0,False
6ac0cd7e-3e25-5df2-a898-867f5b214a2a,1785282102411,sender -> receiver,0,True,1785282103128,717,0,False
6ca974ea-860b-5a23-9158-c7e465c73058,1785282102416,sender -> receiver,0,True,1785282103163,747,0,False
5efc8a5a-ac88-5b25-acd0-c2de7fdeccb3,1785282103387,sender -> receiver,0,True,1785282104148,761,0,False
2d6486fe-cbd1-53d2-ba9b-484244e3f79e,1785282103390,sender -> receiver,0,True,1785282104163,773,0,False
0910bd45-e7e5-5b8c-b771-36e356b9f083,1785282104390,sender -> receiver,0,True,1785282105105,715,0,False
9c955bb5-c5e1-511e-bcdd-42daacbcc90e,1785282104393,sender -> receiver,0,True,1785282105125,732,0,False
f2d475e5-163b-5a24-8d2a-c47794624982,1785282105411,sender -> receiver,0,True,1785282106131,720,0,False
fdf6b4f4-4748-50fe-bdf2-8ec0f5c6cb58,1785282105416,sender -> receiver,0,True,1785282106149,733,0,False
88f14c5c-1b6f-541e-a356-1b2db7fa33d3,1785282106416,sender -> receiver,0,True,1785282107108,692,0,False
a204b5a2-ecb3-5602-8e6b-233a7fa831ba,1785282107415,sender -> receiver,0,True,1785282108113,698,0,False
99f83387-242c-590b-af0a-e153797c694a,1785282107420,sender -> receiver,0,True,1785282108143,723,0,False
32908c98-5c9f-5d39-bc42-240eec2018d9,1785282108392,sender -> receiver,0,True,1785282109087,695,0,False
f252ecb4-ffb7-59e7-b816-8e65dee7c29d,1785282108396,sender -> receiver,0,True,1785282109102,706,0,False
dd285d0e-c522-5249-bef5-3d0dcb9d9122,1785282109405,sender -> receiver,0,True,1785282110143,738,0,False
82262834-5508-51bf-bf6b-e267b7a909ca,1785282109410,sender -> receiver,0,True,1785282110165,755,0,False
6da90ecd-55af-54e1-8cf7-6b800f25fe7a,1785282110386,sender -> receiver,0,True,1785282111120,734,0,False
86e557f1-f9a8-53ca-8093-6686cd498e9b,1785282150625,sender -> receiver,0,True,1785282151357,732,0,False
73207e04-9b95-5ea5-9c79-9fec10261cef,1785282150630,sender -> receiver,0,True,1785282151410,780,0,False
e461ea43-9150-5888-ad77-9f65a238ce19,1785282151595,sender -> receiver,0,True,1785282152306,711,0,False
d15dcece-facd-59d3-9dee-28d15d41075d,1785282151598,sender -> receiver,0,True,1785282152326,728,0,False
dfbe2580-e178-5c2f-9c39-34dbfc7cc444,1785282152604,sender -> receiver,0,True,1785282153340,736,0,False
ff332492-1511-5e30-87f1-e49c68aac560,1785282152609,sender -> receiver,0,True,1785282153354,745,0,False
3c2d85f6-6713-5f0f-a093-a2b863ee0ecc,1785282153603,sender -> receiver,0,True,1785282154316,713,0,False
ed2ada79-f0cc-5a37-a362-6889a49b4550,1785282153609,sender -> receiver,0,True,1785282154335,726,0,False
1a5b2ea2-459a-58a4-ba2b-de9568a324b3,1785282154587,sender -> receiver,0,True,1785282155308,721,0,False
45808c6d-7aed-53ba-b5d4-e3f467ecb37a,1785282155614,sender -> receiver,0,True,1785282156333,719,0,False
258a558d-52f5-526e-b7c2-a101611706a7,1785282155620,sender -> receiver,0,True,1785282156359,739,0,False
8068bb7c-e63e-5929-94a2-1e914870670c,1785282156625,sender -> receiver,0,True,1785282157332,707,0,False
92b91804-8130-59c9-a141-c96ff1e5cbdb,1785282156630,sender -> receiver,0,True,1785282157349,719,0,False
0d206935-be12-53e9-ae66-6e91be8afe40,1785282157633,sender -> receiver,0,True,1785282158322,689,0,False
c83c1c76-3424-5ca4-af0f-2791db49b4a3,1785282157639,sender -> receiver,0,True,1785282158340,701,0,False
de3eb590-3526-5358-a8fc-2d8718436783,1785282158629,sender -> receiver,0,True,1785282159314,685,0,False
e5912a8b-b3d8-5f84-b3b0-5128d0d97cc2,1785282158636,sender -> receiver,0,True,1785282159358,722,0,False
0af2a80c-dbd0-5bca-9355-7d390c1a698d,1785282159595,sender -> receiver,0,True,1785282160324,729,0,False
61fbd8d5-dcd3-55f2-bc2c-44d1f595630e,1785282160614,sender -> receiver,0,True,1785282161351,737,0,False
aa59fcbc-d6b3-569c-86aa-96029ecb1fd7,1785282160620,sender -> receiver,0,True,1785282161391,771,0,False
db8ef8e5-34a2-50ed-b691-f149b84fa69b,1785282161599,sender -> receiver,0,True,1785282162327,728,0,False
743509be-d540-57eb-91ad-6fc38db1b9f6,1785282161603,sender -> receiver,0,True,1785282162342,739,0,False
4814bd4f-ff87-5e8e-bc40-0b827e7ca686,1785282162606,sender -> receiver,0,True,1785282163314,708,0,False
13a2ea44-047f-598a-a5ed-2bba77abee18,1785282162609,sender -> receiver,0,True,1785282163328,719,0,False
c0674a7d-1828-504b-b05b-9831d037d564,1785282163595,sender -> receiver,0,True,1785282164315,720,0,False
fccb39bd-4a86-5f07-84ae-854fc0233785,1785282164590,sender -> receiver,0,True,1785282165306,716,0,False
0fd2977c-bba2-55f7-811d-6b1f8c022425,1785282164592,sender -> receiver,0,True,1785282165323,731,0,False
1942b52e-26cd-52a2-81fc-34d6f63b6134,1785282165602,sender -> receiver,0,True,1785282166288,686,0,False
890ca1e3-5179-51e0-88b1-f76548932f3b,1785282165605,sender -> receiver,0,True,1785282166337,732,0,False
f4217556-3005-5fbe-82d3-4392c3c8ea7d,1785282166602,sender -> receiver,0,True,1785282167331,729,0,False
1028c88b-5fe7-546f-9b6e-5ebf0675775a,1785282166616,sender -> receiver,0,True,1785282167344,728,0,False
8836cbc0-b136-5a2c-87d4-2b54d0ee18f9,1785282167591,sender -> receiver,0,True,1785282168330,739,0,False
b5d76cdd-11d0-586e-874b-dbb485ccd519,1785282167593,sender -> receiver,0,True,1785282168353,760,0,False
77777f64-e7fc-5d8a-abce-e99c54da110b,1785282168607,sender -> receiver,0,True,1785282169319,712,0,False
15402f25-24b1-53ac-87ff-f6da08787327,1785282169598,sender -> receiver,0,True,1785282170320,722,0,False
4d3c34f7-591f-5e02-a6f5-da5570917ab3,1785282169601,sender -> receiver,0,True,1785282170333,732,0,False
4ead9431-da8e-5dd4-966c-f00461aa8ec3,1785282170604,sender -> receiver,0,True,1785282171347,743,0,False
94924bf4-7906-5425-ac4f-827959071009,1785282170608,sender -> receiver,0,True,1785282171370,762,0,False
90be1592-0892-5364-a503-8bb21ac3f767,1785282171602,sender -> receiver,0,True,1785282172312,710,0,False
211f259e-93b0-52af-bc38-6e7956a7c532,1785282171604,sender -> receiver,0,True,1785282172339,735,0,False
08a75d32-3db5-5b0e-8328-0e668d0e35ab,1785282172614,sender -> receiver,0,True,1785282173323,709,0,False
445c0874-5e12-57ff-bbda-aab9f94c892d,1785282172619,sender -> receiver,0,True,1785282173350,731,0,False
da10cfdb-d445-5c17-985a-6319b8e3ddf8,1785282173596,sender -> receiver,0,True,1785282174313,717,0,False
8adb59e1-3483-5b4b-a869-245ab07b48a2,1785282174603,sender -> receiver,0,True,1785282175336,733,0,False
278bc89e-5d9a-5d18-882c-2c94aecd3d0e,1785282174607,sender -> receiver,0,True,1785282175349,742,0,False
cccbf72c-1742-5bd5-9f37-d265af15d5f1,1785282175599,sender -> receiver,0,True,1785282176350,751,0,False
a9d5c457-a250-540d-af58-1743727d3bc4,1785282175605,sender -> receiver,0,True,1785282176362,757,0,False
0bf36e01-5a33-5e85-b1ba-2028fb48fe34,1785282176619,sender -> receiver,0,True,1785282177395,776,0,False
7a5e47c3-3027-5366-aac9-f2bd413c42fb,1785282176625,sender -> receiver,0,True,1785282177411,786,0,False
91f2e03e-0362-5817-8358-ceb8238c8b5b,1785282177606,sender -> receiver,0,True,1785282178319,713,0,False
b9d3028b-2ac2-5177-8897-2bb950d3ad03,1785282178634,sender -> receiver,0,True,1785282179369,735,0,False
af634c43-971a-5db8-ba1d-f1cb04db56ff,1785282178639,sender -> receiver,0,True,1785282179380,741,0,False
b0ea4d12-2ad8-59c2-82d4-b3d90062eb06,1785282179621,sender -> receiver,0,True,1785282180347,726,0,False
90362678-d6e2-5c07-b17f-6f0836ba30cd,1785282179626,sender -> receiver,0,True,1785282180370,744,0,False
294e34eb-a667-585c-a829-6c5ad1153231,1785282180621,sender -> receiver,0,True,1785282181336,715,0,False
2f8dbe4d-753b-5ee0-8c41-91bbfcd23099,1785282180627,sender -> receiver,0,True,1785282181352,725,0,False
8396edc4-4046-5830-b2ec-79f0d5bd8425,1785282181605,sender -> receiver,0,True,1785282182326,721,0,False
9091e4ac-7715-5df2-bcbf-1a16103c3816,1785282181609,sender -> receiver,0,True,1785282182347,738,0,False
023efa09-8799-5739-af1d-87389407af98,1785282182615,sender -> receiver,0,True,1785282183310,695,0,False
410d02d0-0191-5120-957b-2693adc2d0e2,1785282183629,sender -> receiver,0,True,1785282184355,726,0,False
1831a24d-7d1a-58b2-9e4e-74affa24bcca,1785282183638,sender -> receiver,0,True,1785282184378,740,0,False
b891cedf-e656-593d-af39-44369fb2bece,1785282184624,sender -> receiver,0,True,1785282185326,702,0,False
27bf05cb-9d27-56f3-9e66-adc37eef7330,1785282184631,sender -> receiver,0,True,1785282185348,717,0,False
5ed50bd7-be55-5d88-a502-40274efd2acc,1785282185600,sender -> receiver,0,True,1785282186326,726,0,False
4a681ba0-521d-5760-aaa3-780d254309fa,1785282185604,sender -> receiver,0,True,1785282186347,743,0,False
3fea5024-b4ed-516e-8b2a-f87c4b47c610,1785282186633,sender -> receiver,0,True,1785282187377,744,0,False
b403ff6b-69fc-542e-b85b-0376ccba41b1,1785282186637,sender -> receiver,0,True,1785282187398,761,0,False
80fbffa4-392f-56f6-8936-818d9eeda8e7,1785282187596,sender -> receiver,0,True,1785282188340,744,0,False
737a88c8-0041-5841-ad0f-9b96e311cef7,1785282188633,sender -> receiver,0,True,1785282189343,710,0,False
ac029a94-b65d-514a-82e3-52b757fd5847,1785282188639,sender -> receiver,0,True,1785282189367,728,0,False
70b6ce32-8ab1-5902-8fc7-989105cf59a1,1785282189623,sender -> receiver,0,True,1785282190406,783,0,False
8d9215f9-3fff-5b62-bedd-eaef8e03d7a1,1785282189629,sender -> receiver,0,True,1785282190425,796,0,False
88dcd9b0-909c-5586-8f49-cefe38c37ba1,1785282190606,sender -> receiver,0,True,1785282191304,698,0,False
703a783a-d86f-519c-ad6b-19dc314c289d,1785282190609,sender -> receiver,0,True,1785282191323,714,0,False
18e5a6c2-1a2d-5988-bf64-d378efd33196,1785282191592,sender -> receiver,0,True,1785282192313,721,0,False
268aa13e-f35c-531f-8c1f-6e6a683773b4,1785282192631,sender -> receiver,0,True,1785282193350,719,0,False
20ba6ff4-7a1d-5377-98db-795b3963631e,1785282192640,sender -> receiver,0,True,1785282193370,730,0,False
ff2584cb-7332-5c5b-bdf0-94c2c9a6ba0a,1785282193625,sender -> receiver,0,True,1785282194342,717,0,False
8836eff1-33ac-50ec-8bfc-691a0660c9a1,1785282193629,sender -> receiver,0,True,1785282194364,735,0,False
dec200a0-0b39-512c-88a8-f78aed108654,1785282194605,sender -> receiver,0,True,1785282195321,716,0,False
c4fa5799-236c-5656-8c93-21dc2d38f000,1785282194608,sender -> receiver,0,True,1785282195373,765,0,False
6166dc2d-e710-538a-aa68-c10cddf1f281,1785282195602,sender -> receiver,0,True,1785282196321,719,0,False
3bec6447-b96a-53ab-b83a-d8b9a9cc9900,1785282195605,sender -> receiver,0,True,1785282196347,742,0,False
a85ea085-c370-5509-97ed-887d86fb4e9c,1785282196611,sender -> receiver,0,True,1785282197358,747,0,False
e7a3d559-7978-56f6-b42c-18b7b755f34b,1785282197629,sender -> receiver,0,True,1785282198340,711,0,False
1b32ae69-19f5-5d36-92f4-04ce2a3081ed,1785282197634,sender -> receiver,0,True,1785282198351,717,0,False
e2bdbdbb-3fdd-5c27-9887-fad626e4a60f,1785282198609,sender -> receiver,0,True,1785282199330,721,0,False
fc08a8ec-3b76-5785-b7f4-41232b6581b5,1785282198615,sender -> receiver,0,True,1785282199360,745,0,False
452c39ca-5d7e-56bc-bfc0-3659838870a3,1785282199601,sender -> receiver,0,True,1785282200323,722,0,False
2db7158a-e538-5188-b30c-3840dc2ab46a,1785282199604,sender -> receiver,0,True,1785282200341,737,0,False
941a91ef-d774-530c-8e0f-6f35ce3061ac,1785282200624,sender -> receiver,0,True,1785282201338,714,0,False
88d9f819-d84f-54a5-bb53-a212bb1b4c83,1785282200629,sender -> receiver,0,True,1785282201355,726,0,False
78752643-ae88-5816-a5ce-8e0d80a3f80f,1785282201600,sender -> receiver,0,True,1785282202297,697,0,False
d939989c-2024-568e-b226-e28a09c0490c,1785282202615,sender -> receiver,0,True,1785282203378,763,0,False
308066ec-dbf3-5a85-997b-0d63639b3d8f,1785282202622,sender -> receiver,0,True,1785282203393,771,0,False
edf69ba2-4d1b-5ac4-ae94-dc61410cefdd,1785282203599,sender -> receiver,0,True,1785282204342,743,0,False
dc839dc1-aa34-5818-91b7-b20232c0d4cd,1785282203603,sender -> receiver,0,True,1785282204357,754,0,False
83042469-2522-533f-9b17-7840299e6cc5,1785282204603,sender -> receiver,0,True,1785282205316,713,0,False
daaae4f5-b9b7-5a82-9e45-f752f4e387dd,1785282204605,sender -> receiver,0,True,1785282205342,737,0,False
3458a297-7124-59e9-802d-e54d964b37d1,1785282205593,sender -> receiver,0,True,1785282206355,762,0,False
8b9db688-8067-53a6-b4e7-0ddfc7d43bb2,1785282246294,sender -> receiver,0,True,1785282247025,731,0,False
43d8584d-4d1c-5ff9-8b43-a1fcb225f8d0,1785282246311,sender -> receiver,0,True,1785282247040,729,0,False
44deb820-9013-572f-ba19-1901b92820e3,1785282247303,sender -> receiver,0,True,1785282248018,715,0,False
2455586f-0b6e-5742-9eb6-92eccf16921d,1785282247326,sender -> receiver,0,True,1785282248035,709,0,False
9fb1da8a-2f33-5c96-b1dd-f7f64b60c413,1785282248317,sender -> receiver,0,True,1785282249043,726,0,False
fbbb6cbe-b18d-56ae-98f1-9159863d8062,1785282248321,sender -> receiver,0,True,1785282249083,762,0,False
0903cfd4-1208-5eb9-8b34-da56e63b3fdc,1785282249304,sender -> receiver,0,True,1785282250075,771,0,False
a9c0c2dd-8aa1-5dcd-a50a-56dfb3cc645f,1785282249307,sender -> receiver,0,True,1785282250095,788,0,False
ea8a8d4d-049c-5761-beee-73c3a8fd40ad,1785282250331,sender -> receiver,0,True,1785282251074,743,0,False
376e906d-8fc9-50ed-b841-a0f1e0c11668,1785282250335,sender -> receiver,0,True,1785282251092,757,0,False
44eda9e5-b91f-591f-b332-b1378fc2fb4b,1785282251301,sender -> receiver,0,True,1785282252021,720,0,False
00209fce-c85f-5a2f-9883-da837231c105,1785282252317,sender -> receiver,0,True,1785282253019,702,0,False
3ac1a183-5173-5b4f-8a21-976ab2a1a152,1785282252320,sender -> receiver,0,True,1785282253045,725,0,False
928f861c-3484-5467-9e0d-fba1ef308845,1785282253301,sender -> receiver,0,True,1785282254003,702,0,False
6bc85b78-297e-5631-84cf-9bd1955bbee0,1785282253303,sender -> receiver,0,True,1785282254015,712,0,False
81dccffa-d3f3-5048-9af8-67f1fae83142,1785282254319,sender -> receiver,0,True,1785282255026,707,0,False
f2ab815f-c950-581b-a275-8d21387afe8a,1785282254323,sender -> receiver,0,True,1785282255044,721,0,False
3fafbfa1-2adf-5687-9579-a3a0a60673d3,1785282255294,sender -> receiver,0,True,1785282256021,727,0,False
366b62d7-91ef-5802-ad14-40717d8af742,1785282255297,sender -> receiver,0,True,1785282256034,737,0,False
b5d370f0-b3f3-5514-9fa1-1dc78ea5e29e,1785282256309,sender -> receiver,0,True,1785282257026,717,0,False
0ad654d2-4e89-56cd-8ebf-0fd5f229a5af,1785282257312,sender -> receiver,0,True,1785282258007,695,0,False
dcaeec4f-dc4a-58a8-bb97-c2231cb2c044,1785282257315,sender -> receiver,0,True,1785282258051,736,0,False
36b5e595-49e1-5b4c-b3de-2c4e31d94b92,1785282258311,sender -> receiver,0,True,1785282259074,763,0,False
332712d2-faf4-56c1-a63f-055dc2c64570,1785282258315,sender -> receiver,0,True,1785282259087,772,0,False
85196e02-6f35-5ff8-b36e-33cd3a611215,1785282259310,sender -> receiver,0,True,1785282260030,720,0,False
d99efe68-1bf4-5f61-a547-bd7d02c87cbc,1785282259321,sender -> receiver,0,True,1785282260044,723,0,False
005e3924-66f3-5c19-b0a0-dd867b670d0c,1785282260310,sender -> receiver,0,True,1785282261009,699,0,False
028f8c68-a69b-57d4-ae25-9687da0a765f,1785282260317,sender -> receiver,0,True,1785282261021,704,0,False
b85674fb-258b-5a91-8d1a-10cb2e6c7282,1785282261305,sender -> receiver,0,True,1785282262000,695,0,False
3c8b55fb-8bef-5897-9426-7c81147e4f41,1785282261313,sender -> receiver,0,True,1785282262017,704,0,False
189ef578-604a-539d-bc95-d3b14ffaf233,1785282262326,sender -> receiver,0,True,1785282263036,710,0,False
07b2812c-d613-516a-b067-7b43e31fe907,1785282263301,sender -> receiver,0,True,1785282264019,718,0,False
b1792def-9d18-52d4-a213-fd9a7583335d,1785282263305,sender -> receiver,0,True,1785282264033,728,0,False
317b00e4-c743-56a5-98b5-360b5bf5b830,1785282264308,sender -> receiver,0,True,1785282265013,705,0,False
0adfc314-ebe3-55e9-bfa0-bc26c0d70c51,1785282264313,sender -> receiver,0,True,1785282265030,717,0,False
3d74d355-9802-5b11-ba92-1e5a4d0237e7,1785282265318,sender -> receiver,0,True,1785282266007,689,0,False
01dace8c-8cb0-517a-9580-a37f3600aa4b,1785282265323,sender -> receiver,0,True,1785282266024,701,0,False
c5106e0b-c9b2-5163-a328-1f542951ae5b,1785282266311,sender -> receiver,0,True,1785282267049,738,0,False
ec3bec2e-4565-51fa-8167-f9f8008c9bf1,1785282266313,sender -> receiver,0,True,1785282267058,745,0,False
a1aea9df-e544-554a-a3b2-a3477c12be1e,1785282267296,sender -> receiver,0,True,1785282267991,695,0,False
7e232a84-8513-572f-81be-a9e526ca9093,1785282268297,sender -> receiver,0,True,1785282269018,721,0,False
9165447a-0d8f-50b2-8510-26ea140922ae,1785282268314,sender -> receiver,0,True,1785282269031,717,0,False
eaa8b38d-6b05-5558-8997-ff51168a884d,1785282269317,sender -> receiver,0,True,1785282270011,694,0,False
dcb2d17b-738f-5fc0-aea1-4c2d56cf625d,1785282269320,sender -> receiver,0,True,1785282270022,702,0,False
021be956-f245-5315-824d-26c8c104c2ac,1785282270319,sender -> receiver,0,True,1785282271066,747,0,False
1bc427b8-7e9e-5139-9268-57c6ad7afaed,1785282270322,sender -> receiver,0,True,1785282271091,769,0,False
7a6a91bb-81cd-550b-b8ea-1b2d6389879d,1785282271303,sender -> receiver,0,True,1785282272017,714,0,False
a024a340-5fc0-541a-926b-b40120b17598,1785282271309,sender -> receiver,0,True,1785282272033,724,0,False
cec609cb-6134-5b13-bee2-62d667c96795,1785282272303,sender -> receiver,0,True,1785282273025,722,0,False
f34a41a6-5826-590e-96e7-2e6afce4e434,1785282272305,sender -> receiver,0,True,1785282273043,738,0,False
4d354a53-6903-556d-ac69-02264b3b08db,1785282273281,sender -> receiver,0,True,1785282273995,714,0,False
ef9bf246-1e7c-54e1-ad9a-2520624d3406,1785282274325,sender -> receiver,0,True,1785282275064,739,0,False
fd8459a9-13c8-5357-ac04-88ee277b85b4,1785282274330,sender -> receiver,0,True,1785282275079,749,0,False
e3e984e9-4585-5337-828d-89b80b79c881,1785282275301,sender -> receiver,0,True,1785282275994,693,0,False
db6f398b-f016-5d86-882e-1694a15355c3,1785282275304,sender -> receiver,0,True,1785282276008,704,0,False
153102b6-082e-508b-afa4-e03414754342,1785282276304,sender -> receiver,0,True,1785282277038,734,0,False
b2036679-5a9f-59db-9af0-2db1df80c9e0,1785282276323,sender -> receiver,0,True,1785282277085,762,0,False
0f5131a2-eaec-55bc-ba5f-56cc5e405495,1785282277354,sender -> receiver,0,True,1785282278077,723,0,False
a95834b3-e3c5-5291-be4b-1992a749ba7c,1785282277359,sender -> receiver,0,True,1785282278098,739,0,False
681249a2-412b-521e-b32f-cab672032d8e,1785282278348,sender -> receiver,0,True,1785282279010,662,0,False
c1637b30-5fef-5c80-b601-749df0faa7bb,1785282279312,sender -> receiver,0,True,1785282280011,699,0,False
a24fe808-218c-5625-bffd-6844b8520b44,1785282279314,sender -> receiver,0,True,1785282280025,711,0,False
b3085155-1246-55d1-b027-f80c2c535dbc,1785282280301,sender -> receiver,0,True,1785282281021,720,0,False
8aba5f44-2005-5800-9975-1fabe6feb9d0,1785282280305,sender -> receiver,0,True,1785282281039,734,0,False
e440a9f8-2e42-5bd0-884b-3c678b58551f,1785282281299,sender -> receiver,0,True,1785282282034,735,0,False
5faa829c-251a-5774-94d5-efcc55e0037b,1785282281301,sender -> receiver,0,True,1785282282047,746,0,False
da04b7eb-2a73-54ed-b002-1cbb376eda93,1785282282315,sender -> receiver,0,True,1785282283035,720,0,False
8521c785-e58f-539d-adcf-fbc60a002e13,1785282282318,sender -> receiver,0,True,1785282283047,729,0,False
b8c5de69-1e9b-5da8-8cce-4bee8ff2dd75,1785282283298,sender -> receiver,0,True,1785282284006,708,0,False
d244049d-1931-5dcf-9edb-9983370c1da0,1785282283314,sender -> receiver,0,True,1785282284015,701,0,False
b172d29c-fa9a-566c-b5f6-d417151e7c1e,1785282284294,sender -> receiver,0,True,1785282285009,715,0,False
9146f74f-9a9f-575b-a577-1ff7844bd779,1785282285317,sender -> receiver,0,True,1785282286030,713,0,False
e82b42c2-c8c3-5c2b-b819-993fd834b940,1785282285321,sender -> receiver,0,True,1785282286046,725,0,False
3238508a-70cb-5bf6-b296-b55886668f02,1785282286309,sender -> receiver,0,True,1785282287044,735,0,False
1d04d6ec-efa2-52a8-88a7-1e86589c434b,1785282286311,sender -> receiver,0,True,1785282287086,775,0,False
4ee198ba-6ead-5200-bc22-0638c229d47e,1785282287296,sender -> receiver,0,True,1785282288011,715,0,False
327c2009-f064-5651-b2a8-c52ce22acc74,1785282287298,sender -> receiver,0,True,1785282288066,768,0,False
d0265f56-5e54-5405-b8fe-b5fb4ba9b5b8,1785282288301,sender -> receiver,0,True,1785282289011,710,0,False
d638e916-d55a-56df-ba65-8759125afd9c,1785282288313,sender -> receiver,0,True,1785282289030,717,0,False
4c6b1c5f-af56-5c86-bd8c-54012e17daf7,1785282289342,sender -> receiver,0,True,1785282290035,693,0,False
492b7400-0773-5d8d-b6b8-fbdfcd24d94f,1785282290299,sender -> receiver,0,True,1785282291074,775,0,False
62c5fa04-4e84-5e65-8761-b44c44d6ec56,1785282290320,sender -> receiver,0,True,1785282291087,767,0,False
bf06384d-bd84-5d3b-b255-db2b4242ccbb,1785282291307,sender -> receiver,0,True,1785282292019,712,0,False
88109d84-6729-55b0-ad7a-6d4c966af0b7,1785282291310,sender -> receiver,0,True,1785282292036,726,0,False
e491ea6c-5a03-582c-8786-c304a481a988,1785282292303,sender -> receiver,0,True,1785282293006,703,0,False
d1a34646-6475-5449-aa14-89939830e5f3,1785282292306,sender -> receiver,0,True,1785282293068,762,0,False
33e511f6-59e7-5321-9e01-02e314cf94b2,1785282293310,sender -> receiver,0,True,1785282294005,695,0,False
3c6219b9-c1e9-5d3f-9ca8-ae97cf0397cb,1785282293312,sender -> receiver,0,True,1785282294033,721,0,False
a756a6a7-8cbb-55d9-9e58-ee1e8f292f98,1785282294304,sender -> receiver,0,True,1785282295031,727,0,False
31de71b2-bc17-5582-97f3-7e4b154f776b,1785282294322,sender -> receiver,0,True,1785282295049,727,0,False
cab55223-163e-5bce-87b5-2972e7e45ba7,1785282295300,sender -> receiver,0,True,1785282296020,720,0,False
b3abe944-af1a-5bc7-80e1-6450ff01be81,1785282296302,sender -> receiver,0,True,1785282297020,718,0,False
915d579c-33b2-55c0-b654-67714d8850e9,1785282296304,sender -> receiver,0,True,1785282297034,730,0,False
9aba9958-71d7-55b1-b5de-39ea442b1549,1785282297304,sender -> receiver,0,True,1785282298010,706,0,False
73344238-4b31-5a5d-945d-94bf9e5ba370,1785282297307,sender -> receiver,0,True,1785282298021,714,0,False
20ca52af-2269-58d1-b2bd-7906f02e79d2,1785282298318,sender -> receiver,0,True,1785282299014,696,0,False
98123a3a-5085-59b2-a817-8f60a6a1b355,1785282298323,sender -> receiver,0,True,1785282299034,711,0,False
5933ed35-dc5c-5226-aad8-f1cb1121959a,1785282299317,sender -> receiver,0,True,1785282300034,717,0,False
b5dd4e02-b1ea-5e26-999a-34063bd346bc,1785282299321,sender -> receiver,0,True,1785282300044,723,0,False
ce9a182c-e967-585b-b5f0-9132c655ecda,1785282300316,sender -> receiver,0,True,1785282301031,715,0,False
4a165c1a-5529-546a-8bfa-4d3d588f6f68,1785282353518,sender -> receiver,0,True,1785282354209,691,0,False
95ac32ea-ac21-5366-a6c7-6809841a57ba,1785282353537,sender -> receiver,0,True,1785282354227,690,0,False
9aebd86f-4250-53fc-b826-2d7257bcc007,1785282353539,sender -> receiver,0,True,1785282354276,737,0,False
41d97f01-1624-5110-854d-fe98f90c653a,1785282354527,sender -> receiver,0,True,1785282355271,744,0,False
ec8b1b95-df54-54b4-a1e5-d68f5bc56327,1785282354552,sender -> receiver,0,True,1785282355345,793,0,False
f4265ae1-b12b-519f-8270-72a24672f38f,1785282355543,sender -> receiver,0,True,1785282356256,713,0,False
ca2a8167-2830-5c35-b50e-ff378b306f3f,1785282355547,sender -> receiver,0,True,1785282356281,734,0,False
1a4fa088-d8a2-53bf-a561-d4dc8c7eaba6,1785282356533,sender -> receiver,0,True,1785282357243,710,0,False
3b612c4d-7271-57ce-ac32-4f27471e00a6,1785282356558,sender -> receiver,0,True,1785282357262,704,0,False
1f784c24-4542-5631-8e6f-1b9ea6664865,1785282356561,sender -> receiver,0,True,1785282357309,748,0,False
19b4b6e7-1a5d-5c48-a36b-249921973eff,1785282357515,sender -> receiver,0,True,1785282358226,711,0,False
ac34a928-a8e7-5aef-855c-2d79e09be534,1785282357518,sender -> receiver,0,True,1785282358238,720,0,False
eb27b4c6-9f04-5782-9f06-3b3506090594,1785282358514,sender -> receiver,0,True,1785282359261,747,0,False
699ec2d2-b277-5e70-9f5f-2202e96a62fd,1785282358531,sender -> receiver,0,True,1785282359284,753,0,False
4cc16865-db03-55aa-8b70-4bb0e84427e3,1785282359526,sender -> receiver,0,True,1785282360256,730,0,False
308ed295-0b2e-5796-9a86-fc8fb595df1d,1785282359532,sender -> receiver,0,True,1785282360276,744,0,False
c6a91327-d6e5-5b80-aad3-02dec843330b,1785282359534,sender -> receiver,0,True,1785282360288,754,0,False
f16b726e-0408-5a0f-b34e-0bd798ce6371,1785282360514,sender -> receiver,0,True,1785282361274,760,0,False
d599897b-2de9-5b68-8af4-4e50ab20b3ad,1785282360517,sender -> receiver,0,True,1785282361292,775,0,False
4b746356-35ce-5ef6-9ae3-972cfd60a4e2,1785282361536,sender -> receiver,0,True,1785282362233,697,0,False
7ea2f304-9e64-51b1-80a5-38113ce13f02,1785282361543,sender -> receiver,0,True,1785282362260,717,0,False
e58c7023-8557-55a4-b105-ef750df2b5c5,1785282362519,sender -> receiver,0,True,1785282363202,683,0,False
cf8781e0-80b3-56a5-94fa-b60a5dbe61da,1785282362534,sender -> receiver,0,True,1785282363260,726,0,False
0de746d0-a4ed-5cad-974d-e7850aa3ff79,1785282362538,sender -> receiver,0,True,1785282363271,733,0,False
68fe2101-22bc-563b-91dd-902f539c03de,1785282363518,sender -> receiver,0,True,1785282364257,739,0,False
e2eeb81d-4029-51d3-abf2-6b16ca03ba9d,1785282363536,sender -> receiver,0,True,1785282364284,748,0,False
6dc6ab0a-a567-571b-839e-5ed780dfcd73,1785282364523,sender -> receiver,0,True,1785282365242,719,0,False
609d307b-6170-59eb-bf1a-78a40dc049dd,1785282364549,sender -> receiver,0,True,1785282365266,717,0,False
8dd79360-df4e-59cd-bbbf-07462ac53cd1,1785282365526,sender -> receiver,0,True,1785282366235,709,0,False
2fb861f9-c230-5f71-9d52-4fc19d5082ed,1785282365544,sender -> receiver,0,True,1785282366247,703,0,False
9c4ddd8d-eb74-5a86-8b19-aa40d2cb1d6c,1785282365548,sender -> receiver,0,True,1785282366306,758,0,False
078cf74d-0f19-501f-b170-63a96cac4263,1785282366564,sender -> receiver,0,True,1785282367272,708,0,False
7a3f13e4-1af9-564e-bf21-93a9d8e2ae85,1785282366568,sender -> receiver,0,True,1785282367287,719,0,False
07f84891-757b-5054-90af-f6d665099bd9,1785282367550,sender -> receiver,0,True,1785282368268,718,0,False
e0e08f66-66e9-5248-bae9-5b2e90ee15d4,1785282367552,sender -> receiver,0,True,1785282368292,740,0,False
42403fd5-c412-5a61-830a-81e9ae4536ba,1785282368525,sender -> receiver,0,True,1785282369260,735,0,False
6349003e-24bf-52e9-8473-03b097ea1020,1785282368527,sender -> receiver,0,True,1785282369275,748,0,False
5cb8f61d-9e36-5ba8-a376-2207bc9a344b,1785282368529,sender -> receiver,0,True,1785282369288,759,0,False
a58cdd0e-84e8-5466-81e6-97db28dab61c,1785282369522,sender -> receiver,0,True,1785282370237,715,0,False
9ee0849f-d366-5b86-b654-fd6626c0aaa2,1785282369547,sender -> receiver,0,True,1785282370258,711,0,False
6073b7cd-554c-59a2-9b37-e1697429444a,1785282370514,sender -> receiver,0,True,1785282371217,703,0,False
74af6aa0-13c9-5914-8749-8d31c5973be8,1785282370529,sender -> receiver,0,True,1785282371231,702,0,False
722db0fc-2b6b-5041-8c3d-82467bb33d6e,1785282371545,sender -> receiver,0,True,1785282372270,725,0,False
34b44f3d-805d-5e07-8508-4a937027bc45,1785282371549,sender -> receiver,0,True,1785282372296,747,0,False
fd0af123-89b4-5eb9-a17d-9b39c63ade9c,1785282371555,sender -> receiver,0,True,1785282372312,757,0,False
b4ca64c7-0678-590c-a4f1-3019ad51bb3a,1785282372515,sender -> receiver,0,True,1785282373258,743,0,False
308bd06d-9a16-585f-a30c-dcbef5d7032e,1785282372518,sender -> receiver,0,True,1785282373305,787,0,False
00e85867-3c1c-5056-a03b-a62ea8f04cc2,1785282373514,sender -> receiver,0,True,1785282374348,834,0,False
b4c46c86-5229-546c-8d33-a0b45a46f17a,1785282373516,sender -> receiver,0,True,1785282374364,848,0,False
617684a2-ed9c-5a9b-b0ee-5c796f7add23,1785282374518,sender -> receiver,0,True,1785282375237,719,0,False
8ce69de1-2fec-59fb-8272-4df63bb3a677,1785282374521,sender -> receiver,0,True,1785282375256,735,0,False
13c885f0-7284-5818-bd27-e6d1e6386143,1785282374523,sender -> receiver,0,True,1785282375271,748,0,False
b2d43458-43f9-5187-891b-41c1246f11f9,1785282375525,sender -> receiver,0,True,1785282376221,696,0,False
743ec9eb-a4ac-5957-bc82-2c23e4e89d76,1785282375551,sender -> receiver,0,True,1785282376268,717,0,False
5a9af48c-a7b0-5113-a2f6-99051e639265,1785282376548,sender -> receiver,0,True,1785282377265,717,0,False
6a1a5be4-f308-5400-a3f6-13d1e2be7888,1785282376550,sender -> receiver,0,True,1785282377284,734,0,False
913e0561-6b0f-50b0-b367-e2852c4331ad,1785282377535,sender -> receiver,0,True,1785282378241,706,0,False
176da21a-0b13-5cc9-b7cf-5eded8ffbb31,1785282377538,sender -> receiver,0,True,1785282378259,721,0,False
938cb9aa-dede-5d5f-89d8-dcbcbe4c5cba,1785282377541,sender -> receiver,0,True,1785282378272,731,0,False
d6414920-06b1-5be6-a64f-39309e132c78,1785282378525,sender -> receiver,0,True,1785282379242,717,0,False
b516f5e9-28d3-5501-8765-4720b07ef618,1785282378528,sender -> receiver,0,True,1785282379252,724,0,False
9e908c7c-be84-5220-9c28-c24d1708625d,1785282379516,sender -> receiver,0,True,1785282380229,713,0,False
9c7c49ae-655d-54a2-88f7-8465ffc7981a,1785282379519,sender -> receiver,0,True,1785282380243,724,0,False
10b2faab-3993-5ce3-ad58-9f55d22983e5,1785282380547,sender -> receiver,0,True,1785282381256,709,0,False
42cc59a9-cae9-5819-9295-059162b20553,1785282380555,sender -> receiver,0,True,1785282381271,716,0,False
0ad602ec-5bb0-50bf-8664-331d249206c0,1785282380557,sender -> receiver,0,True,1785282381283,726,0,False
c072d13c-2ef9-512a-b9ed-749f8722e56f,1785282381522,sender -> receiver,0,True,1785282382244,722,0,False
59502fae-e6a7-5245-9100-fae539a6d53c,1785282381524,sender -> receiver,0,True,1785282382260,736,0,False
a96fe8cb-09e1-5968-b16c-705a1de44c29,1785282382514,sender -> receiver,0,True,1785282383234,720,0,False
d639d304-3551-51eb-b63c-9b58de2e6896,1785282382517,sender -> receiver,0,True,1785282383254,737,0,False
edef3447-1dc7-5832-8095-1a20d4019b8f,1785282383570,sender -> receiver,0,True,1785282384331,761,0,False
a4cce964-872e-5c34-8544-34322bed1aac,1785282383575,sender -> receiver,0,True,1785282384350,775,0,False
f02f6125-7793-5333-99a5-b1563fef870e,1785282383579,sender -> receiver,0,True,1785282384377,798,0,False
9dd68ec0-1271-56f9-ae3e-c99d5f2c4603,1785282384551,sender -> receiver,0,True,1785282385260,709,0,False
204f0f96-d252-5be0-bd3d-3c27b448dbe0,1785282384556,sender -> receiver,0,True,1785282385282,726,0,False
6ed54354-7adb-5e6e-8d05-d31aa1ac831f,1785282385519,sender -> receiver,0,True,1785282386258,739,0,False
c804619b-32ce-5a3d-986b-1b053d007b0e,1785282385521,sender -> receiver,0,True,1785282386296,775,0,False
e0b64b16-8d95-5eea-a80e-364c41c90a68,1785282386564,sender -> receiver,0,True,1785282387289,725,0,False
8754d9c3-5f80-5a49-8399-118b80f3254a,1785282386570,sender -> receiver,0,True,1785282387308,738,0,False
5a5d0947-58da-56e8-957d-8e3d377fae9b,1785282386574,sender -> receiver,0,True,1785282387320,746,0,False
0b0323ca-8fdc-52c4-9ce1-d00cc77dbb74,1785282387554,sender -> receiver,0,True,1785282388241,687,0,False
ebc74cfb-6bb1-52a5-9810-7a779262f755,1785282387560,sender -> receiver,0,True,1785282388296,736,0,False
ba1cc82c-e9bc-5dec-9b6c-ed3a661565c4,1785282388540,sender -> receiver,0,True,1785282389262,722,0,False
857110f5-c0cf-5400-a90a-f6f388f9bdca,1785282388545,sender -> receiver,0,True,1785282389277,732,0,False
547aabe2-1fef-5666-9dd5-1a59d9331442,1785282389530,sender -> receiver,0,True,1785282390264,734,0,False
0add9a06-80ef-5055-9025-ef4bb64bbdaf,1785282389551,sender -> receiver,0,True,1785282390321,770,0,False
ce261e70-9342-526a-8ee4-c0de00409b9f,1785282389554,sender -> receiver,0,True,1785282390340,786,0,False
353ae4b2-c2e0-505c-a183-a857f06bc572,1785282390512,sender -> receiver,0,True,1785282391261,749,0,False
d15ac239-0012-5710-bd96-ead3b1895b54,1785282390527,sender -> receiver,0,True,1785282391279,752,0,False
1c355607-b639-54c9-843b-b66df17f7186,1785282391539,sender -> receiver,0,True,1785282392244,705,0,False
807557c6-830d-50f9-a335-dec63b451bd5,1785282391544,sender -> receiver,0,True,1785282392261,717,0,False
24343222-dd14-528f-a2a2-4b98951f8576,1785282392527,sender -> receiver,0,True,1785282393245,718,0,False
185a2a5b-6fcf-5599-807f-c255c29baf10,1785282392543,sender -> receiver,0,True,1785282393261,718,0,False
1d647018-cbf2-56a6-a08e-0eb35fac203f,1785282392547,sender -> receiver,0,True,1785282393281,734,0,False
0083d461-2cfd-5154-9190-d9b670ec205c,1785282393519,sender -> receiver,0,True,1785282394215,696,0,False
96d38f6a-f83c-5a40-8875-9b30e4b0c0d4,1785282393521,sender -> receiver,0,True,1785282394233,712,0,False
5e29e4b1-f04e-5d8f-b575-a8767e0e805d,1785282394533,sender -> receiver,0,True,1785282395253,720,0,False
298c6afe-4a92-5add-a59d-bcbb7281d726,1785282394537,sender -> receiver,0,True,1785282395273,736,0,False
47c23322-0985-549d-82d7-aa6886a014b0,1785282395561,sender -> receiver,0,True,1785282396264,703,0,False
18f9c266-01c0-5a41-b231-a2bad326150e,1785282395565,sender -> receiver,0,True,1785282396283,718,0,False
6b1fad2e-54b5-5b17-98f8-27b53a67fedd,1785282436213,sender -> receiver,0,True,1785282436922,709,0,False
9478827f-6208-5fc5-96cf-dcb730d50052,1785282436218,sender -> receiver,0,True,1785282436944,726,0,False
e757f668-d8de-5318-b385-814c694fef2b,1785282437258,sender -> receiver,0,True,1785282437954,696,0,False
859833af-51db-5b6d-a9e7-1aac668ea82f,1785282437288,sender -> receiver,0,True,1785282437974,686,0,False
4c79ed93-dff1-555f-8500-4bd83ab188b4,1785282438249,sender -> receiver,0,True,1785282438936,687,0,False
988bf899-8f0d-559e-abad-0c3c1ec578ad,1785282438254,sender -> receiver,0,True,1785282439029,775,0,False
a51b1bfc-2fe8-50a3-a0a3-2079eb82e817,1785282439226,sender -> receiver,0,True,1785282439945,719,0,False
f5affce6-3de8-5f77-a837-f719bfc64baa,1785282439229,sender -> receiver,0,True,1785282439961,732,0,False
d45f77ed-59bc-5cf4-b5dd-161a4dc4238e,1785282440220,sender -> receiver,0,True,1785282440923,703,0,False
e68db40f-e43d-598d-963d-566dbcb7b0cc,1785282441251,sender -> receiver,0,True,1785282441974,723,0,False
af65121b-35d7-5bcc-a9d0-590b42acbd3a,1785282441257,sender -> receiver,0,True,1785282442031,774,0,False
11eed2fa-be07-5b14-a069-a99fad64a138,1785282442232,sender -> receiver,0,True,1785282443025,793,0,False
6ed42292-2777-5349-9737-8cc864a53179,1785282442235,sender -> receiver,0,True,1785282443040,805,0,False
7f6e09cb-c8ca-5859-826c-13483fb97cb2,1785282443267,sender -> receiver,0,True,1785282444004,737,0,False
b198d2cd-05ee-5fb4-9702-697050e7cc39,1785282443295,sender -> receiver,0,True,1785282444022,727,0,False
cd8db175-dd86-5f42-a200-c8f1add328ba,1785282444230,sender -> receiver,0,True,1785282444926,696,0,False
fda1cb58-c69f-54aa-a635-92d0438de089,1785282444234,sender -> receiver,0,True,1785282444941,707,0,False
684e1b88-2978-5075-a2a5-b8be715f688c,1785282445236,sender -> receiver,0,True,1785282446013,777,0,False
7db67409-5a25-5ff1-9f97-828c0b9633d2,1785282446237,sender -> receiver,0,True,1785282446965,728,0,False
b184c207-c04e-5cb3-8ca7-c45c963084dd,1785282446245,sender -> receiver,0,True,1785282446980,735,0,False
d84e313f-7d4a-5735-816c-fe40b6393c60,1785282447245,sender -> receiver,0,True,1785282447945,700,0,False
60a1c5f2-4362-598e-a7e3-d44b5279fdaf,1785282447251,sender -> receiver,0,True,1785282447989,738,0,False
4f6d0c65-4518-536d-b264-465d85788146,1785282448235,sender -> receiver,0,True,1785282448951,716,0,False
e308f741-969a-5796-b393-c7aae8e1ed8a,1785282448239,sender -> receiver,0,True,1785282448977,738,0,False
e0ad8a62-4476-5c88-90e8-c0be2899524e,1785282449235,sender -> receiver,0,True,1785282449933,698,0,False
58001a56-af59-50d3-bad1-d31e7e70d476,1785282450230,sender -> receiver,0,True,1785282450971,741,0,False
4eb736aa-da4c-5a65-a800-c8b91ba371c3,1785282450233,sender -> receiver,0,True,1785282450987,754,0,False
d20b78dc-898d-5075-b279-0dcb0575df41,1785282451229,sender -> receiver,0,True,1785282451953,724,0,False
d380336e-cdbc-5f56-9bda-eb842ebd299e,1785282451232,sender -> receiver,0,True,1785282452027,795,0,False
cee3ab05-4b47-5200-8906-0ba0f5b84f00,1785282452225,sender -> receiver,0,True,1785282452936,711,0,False
7d215072-c174-5f7e-ab7b-aeefe0dd03fb,1785282452228,sender -> receiver,0,True,1785282452955,727,0,False
1c257c1a-a4d7-5b91-82cc-ea72b0b785fd,1785282453229,sender -> receiver,0,True,1785282453941,712,0,False
be6297c1-4675-51ed-be06-0abc579d84bd,1785282453233,sender -> receiver,0,True,1785282453953,720,0,False
1e120423-adca-56fa-b604-efab39c8075a,1785282454226,sender -> receiver,0,True,1785282454958,732,0,False
807fe5a7-2aca-5115-9a81-b1faca8243fb,1785282455231,sender -> receiver,0,True,1785282455959,728,0,False
37e01e26-9bc2-503f-a587-5c2321d7cb05,1785282455238,sender -> receiver,0,True,1785282455981,743,0,False
4d818697-5011-5997-8d72-7cec3123440d,1785282456239,sender -> receiver,0,True,1785282456961,722,0,False
e9903f5b-fd1c-5a92-b154-14c4ca5a7149,1785282456243,sender -> receiver,0,True,1785282456995,752,0,False
1f8a4d66-34f6-5ca4-bf55-499ba1231965,1785282457233,sender -> receiver,0,True,1785282457944,711,0,False
fb487b1e-a36a-5d32-948a-f7b3af33078e,1785282457243,sender -> receiver,0,True,1785282457972,729,0,False
8eff1b2f-b928-599a-b377-e4a8c502c55d,1785282458257,sender -> receiver,0,True,1785282458983,726,0,False
098ca333-d832-5c30-908b-100e0fc657a8,1785282458265,sender -> receiver,0,True,1785282459043,778,0,False
51811eb4-2289-537e-8d3d-0a21d5f5b3f2,1785282459222,sender -> receiver,0,True,1785282459951,729,0,False
a05eaf51-83d0-5f6b-adaf-85957ec7c97b,1785282460229,sender -> receiver,0,True,1785282460952,723,0,False
69fe6762-88b1-5f22-a557-366b2e196812,1785282460233,sender -> receiver,0,True,1785282460996,763,0,False
ca1d300f-fca9-55da-8327-e6f2280e04fb,1785282461231,sender -> receiver,0,True,1785282461951,720,0,False
af40cb4a-275b-5e11-8133-3fd0f8b5f772,1785282461235,sender -> receiver,0,True,1785282461983,748,0,False
412fba77-7ad0-52ae-963a-8cf85d7cfe03,1785282462230,sender -> receiver,0,True,1785282462926,696,0,False
d0e66b25-6453-5ab3-8002-f2fadad83b2d,1785282462233,sender -> receiver,0,True,1785282462949,716,0,False
c98b51f1-226e-516b-b740-5d3a94baea7e,1785282463224,sender -> receiver,0,True,1785282463941,717,0,False
5a524854-8ae2-51f2-8716-ca919188ece4,1785282464256,sender -> receiver,0,True,1785282465013,757,0,False
41ed51df-ec30-5283-8234-cb60e5c3106d,1785282464261,sender -> receiver,0,True,1785282465026,765,0,False
423311e2-9593-5e82-8cc0-d4834ab8ecdb,1785282465239,sender -> receiver,0,True,1785282465941,702,0,False
a51e2715-3ce1-5668-a615-477663f99707,1785282465244,sender -> receiver,0,True,1785282465963,719,0,False
c5f1acd3-be8f-5693-930d-d4d9b2d7ce70,1785282466236,sender -> receiver,0,True,1785282466951,715,0,False
882eaf20-11c0-5a3d-93c0-50ef0fc58afc,1785282466245,sender -> receiver,0,True,1785282466980,735,0,False
2b371086-7972-5c2f-8e95-1eefac86d1bb,1785282467223,sender -> receiver,0,True,1785282467975,752,0,False
f081637f-d0ee-5269-b4f3-1669e87c8912,1785282467225,sender -> receiver,0,True,1785282467987,762,0,False
d7097c02-4c9d-599d-ba9a-677664dcfb1c,1785282468241,sender -> receiver,0,True,1785282468966,725,0,False
1fd0d1ab-cf50-5d4e-980d-65c336243bcb,1785282469246,sender -> receiver,0,True,1785282469964,718,0,False
76a3fb4d-9628-59a7-a5fe-2b56a0757305,1785282469252,sender -> receiver,0,True,1785282469989,737,0,False
b969e8a1-fa7a-5cc4-9936-9fb280a850bd,1785282470240,sender -> receiver,0,True,1785282470956,716,0,False
6d8facca-869a-5dbb-9582-1cf617a9e1fa,1785282470242,sender -> receiver,0,True,1785282470981,739,0,False
9436ecfd-1d49-5ccf-9a22-21d88100a341,1785282471226,sender -> receiver,0,True,1785282471941,715,0,False
f68b46d5-71bb-5a14-96ac-9cc557e0b816,1785282471229,sender -> receiver,0,True,1785282471970,741,0,False
33e976b4-78bd-5d77-90fd-af1f4300d879,1785282472231,sender -> receiver,0,True,1785282472986,755,0,False
6f0df00c-edd2-5cc9-b169-8f6e08c1e396,1785282472239,sender -> receiver,0,True,1785282473004,765,0,False
f5630862-536c-5505-ad27-33d1a746c6a0,1785282473222,sender -> receiver,0,True,1785282473941,719,0,False
f6ffc7c7-2eb8-55f2-b986-70eb09c67832,1785282474264,sender -> receiver,0,True,1785282475000,736,0,False
1889170a-42ec-5395-b9b8-0907bf40d609,1785282474268,sender -> receiver,0,True,1785282475070,802,0,False
e2a19dbc-074b-5e98-ba6d-d1adf71e1b65,1785282475227,sender -> receiver,0,True,1785282475943,716,0,False
f5a76fd1-4a29-56e5-a040-64089bd5534d,1785282475230,sender -> receiver,0,True,1785282475963,733,0,False
4cad45ee-3290-5ec4-a6f1-abd2cb396e7d,1785282476250,sender -> receiver,0,True,1785282476962,712,0,False
3cae85d5-af25-5aca-8a50-d8d13fd61efb,1785282476258,sender -> receiver,0,True,1785282477024,766,0,False
58ea793c-6355-5885-a449-787d7468bc1d,1785282477215,sender -> receiver,0,True,1785282478028,813,0,False
d75b0dcc-792c-504b-a21c-946d880a2392,1785282478243,sender -> receiver,0,True,1785282478964,721,0,False
ab95c80f-d3e8-5410-914f-cd273553d011,1785282478248,sender -> receiver,0,True,1785282478980,732,0,False
34a9bc7f-8807-5f11-a123-211f2913f5cf,1785282479242,sender -> receiver,0,True,1785282479978,736,0,False
0c064e8e-15e7-5baa-a733-ba76978e9e9f,1785282479246,sender -> receiver,0,True,1785282479992,746,0,False
7d2d54ad-a002-579b-ad15-cb49a0ff009c,1785282480232,sender -> receiver,0,True,1785282480967,735,0,False
4c153261-1f3c-5010-8cd2-ab46b478490c,1785282480235,sender -> receiver,0,True,1785282481018,783,0,False
f88fe77c-17e8-5ba7-a1b3-885229d80197,1785282481249,sender -> receiver,0,True,1785282482014,765,0,False
ded0ea79-51f9-5ee1-b5cb-7202ac6de232,1785282481256,sender -> receiver,0,True,1785282482026,770,0,False
770ab1ec-9e86-500b-baf5-f858ea69315b,1785282482230,sender -> receiver,0,True,1785282482952,722,0,False
ac387765-09b2-5a7c-9572-b8a9e7b16f00,1785282483232,sender -> receiver,0,True,1785282484000,768,0,False
3f623a3f-f77d-5a0c-ae3f-0c36c9b92cbb,1785282483237,sender -> receiver,0,True,1785282484012,775,0,False
ede1f3dd-0216-593d-9e39-4385e0ae8d99,1785282484231,sender -> receiver,0,True,1785282484937,706,0,False
efb1df25-5d0b-5e27-9462-00b395e639e5,1785282484238,sender -> receiver,0,True,1785282484949,711,0,False
447d45f4-1659-5a04-a07b-c1aefbae7081,1785282485226,sender -> receiver,0,True,1785282485927,701,0,False
990587cb-d597-5e3e-9614-9336f933359d,1785282485228,sender -> receiver,0,True,1785282485948,720,0,False
1a130510-c39e-5bff-bc4a-085220e3bd87,1785282486238,sender -> receiver,0,True,1785282486959,721,0,False
c3d892b7-9005-5965-8b03-4103f5cb4534,1785282486245,sender -> receiver,0,True,1785282487008,763,0,False
eabb251e-ffe5-55cf-8ccb-58139505b45c,1785282487230,sender -> receiver,0,True,1785282487954,724,0,False
27a59061-71aa-57d5-909e-dc97d162d946,1785282488243,sender -> receiver,0,True,1785282488934,691,0,False
f3a06283-1e61-5572-99cf-3f36e6892382,1785282488246,sender -> receiver,0,True,1785282488955,709,0,False
3450b68f-3fea-50f9-ada2-db44ea515eae,1785282489262,sender -> receiver,0,True,1785282489997,735,0,False
993937da-bf40-5b12-9cbe-e8c9552f1914,1785282489268,sender -> receiver,0,True,1785282490018,750,0,False
ff42839d-5a62-570d-87e2-41cf92283007,1785282490234,sender -> receiver,0,True,1785282491006,772,0,False
1da12fd9-e577-55c3-baa9-847ee96de4f1,1785282490243,sender -> receiver,0,True,1785282491018,775,0,False
7c5a1e72-d0ce-53c1-9edd-e37a6f4de8fc,1785282491235,sender -> receiver,0,True,1785282491960,725,0,False
c117edee-e821-5639-8a95-f93b8086f119,1785282531476,sender -> receiver,0,True,1785282532187,711,0,False
841b5904-129a-5747-831e-af1eac3007b4,1785282531511,sender -> receiver,0,True,1785282532203,692,0,False
35e25cb1-f9fb-5705-9a1a-a6de5f28b6c2,1785282532489,sender -> receiver,0,True,1785282533233,744,0,False
a320c423-e407-50d3-a7dd-0a20972b9d97,1785282532528,sender -> receiver,0,True,1785282533254,726,0,False
3e50a180-143f-5700-9f88-9be0364f3f5f,1785282533498,sender -> receiver,0,True,1785282534170,672,0,False
b938041f-2a72-5843-bd07-cd8cc8f41bd5,1785282533502,sender -> receiver,0,True,1785282534225,723,0,False
1e3f4f0d-102a-55b4-abf1-769f5eb952ad,1785282534472,sender -> receiver,0,True,1785282535205,733,0,False
5280ebe0-3695-58bd-9f48-c53d16fd7f12,1785282534526,sender -> receiver,0,True,1785282535256,730,0,False
3eea165c-ecad-520e-a332-919e9ec92b39,1785282535481,sender -> receiver,0,True,1785282536201,720,0,False
8bcdaaf4-aad8-5890-b8a1-246c6e9a311d,1785282536526,sender -> receiver,0,True,1785282537224,698,0,False
678a2dc4-e5a6-5266-8a32-50fe874c084e,1785282536530,sender -> receiver,0,True,1785282537243,713,0,False
7f2335bb-4650-5c43-ad75-55968a5f5713,1785282537469,sender -> receiver,0,True,1785282538169,700,0,False
c7a66e2d-57cc-5d3f-a39f-e65d3bad2594,1785282537496,sender -> receiver,0,True,1785282538213,717,0,False
8ae040c5-c231-596a-8ac9-b64acf7b1338,1785282538479,sender -> receiver,0,True,1785282539213,734,0,False
3cac1d3f-b0f4-5fc0-9651-e88e94fec152,1785282538483,sender -> receiver,0,True,1785282539228,745,0,False
add06876-fb41-5634-8101-1dc42fd38ad8,1785282539467,sender -> receiver,0,True,1785282540251,784,0,False
8cfd63d6-9c49-5bfd-9e99-6185bf5b9a74,1785282539496,sender -> receiver,0,True,1785282540304,808,0,False
3c9820d7-6d64-5dab-9410-e763ac13e833,1785282540461,sender -> receiver,0,True,1785282541241,780,0,False
ed892215-2e5d-542f-96ee-533dc81355f3,1785282541488,sender -> receiver,0,True,1785282542216,728,0,False
e049225f-6229-5bf7-b8f6-161f8e57dbfb,1785282541493,sender -> receiver,0,True,1785282542234,741,0,False
2acf0131-9f0a-5229-82b2-9f9c68026ca7,1785282542469,sender -> receiver,0,True,1785282543163,694,0,False
a68390e3-35b4-5dcc-9617-4294e21dd7c8,1785282542497,sender -> receiver,0,True,1785282543184,687,0,False
29be34f2-624d-55e3-939c-04bcc26c7a83,1785282543464,sender -> receiver,0,True,1785282544167,703,0,False
3a90be74-4eb4-55c2-85d3-9cbec501674c,1785282543497,sender -> receiver,0,True,1785282544193,696,0,False
6168944f-234c-5a46-8cbf-980345a32bbb,1785282544487,sender -> receiver,0,True,1785282545206,719,0,False
49817aaa-b84f-54f9-95e2-32df2d7a46e1,1785282545483,sender -> receiver,0,True,1785282546171,688,0,False
5671df55-6226-5d6a-9499-a18aae963f44,1785282545526,sender -> receiver,0,True,1785282546189,663,0,False
03929ef6-4a63-5860-9fc4-61112411ed88,1785282546469,sender -> receiver,0,True,1785282547186,717,0,False
6c259819-19ec-5afe-8d01-09a5eb92abc2,1785282546523,sender -> receiver,0,True,1785282547205,682,0,False
0bf12d94-d925-519e-a81d-de035576363d,1785282547462,sender -> receiver,0,True,1785282548177,715,0,False
062f9180-6762-58ad-b213-4933931ce40d,1785282547500,sender -> receiver,0,True,1785282548200,700,0,False
c8b5b12f-7c9f-5c74-96d1-8199ec236b6c,1785282548470,sender -> receiver,0,True,1785282549201,731,0,False
1ca8451a-7957-5de8-80bf-00b59cb4b0e4,1785282548498,sender -> receiver,0,True,1785282549217,719,0,False
67652ee0-c7c7-575a-a7a2-73e16250d24e,1785282549479,sender -> receiver,0,True,1785282550183,704,0,False
ec1049e0-cd79-53d7-bf97-49d152a2b4d7,1785282550495,sender -> receiver,0,True,1785282551235,740,0,False
7339ff89-ed06-57c4-aad0-1e5568b92cb1,1785282550497,sender -> receiver,0,True,1785282551257,760,0,False
f8623fe5-164e-549a-8d63-1891b648c2b9,1785282551494,sender -> receiver,0,True,1785282552223,729,0,False
1b1d71b0-59ce-543a-a499-f9252d79d853,1785282551500,sender -> receiver,0,True,1785282552245,745,0,False
49706292-35a2-5cec-b8aa-4e8d22ca3a06,1785282552515,sender -> receiver,0,True,1785282553249,734,0,False
a8b6d76b-63d7-5d39-ac56-595b473934b1,1785282552520,sender -> receiver,0,True,1785282553271,751,0,False
86a280f2-99df-5c28-abd8-277576758fe9,1785282553485,sender -> receiver,0,True,1785282554204,719,0,False
da2c4fe9-56d8-5f61-96de-c492aab3d471,1785282553490,sender -> receiver,0,True,1785282554219,729,0,False
f8f3995f-22b5-5faf-9e1d-b2246c899dbd,1785282554475,sender -> receiver,0,True,1785282555185,710,0,False
4fc35562-3bd2-5302-a2f1-b3cee478f849,1785282555468,sender -> receiver,0,True,1785282556161,693,0,False
dc529ecd-0533-5649-9d42-69ff69058571,1785282555471,sender -> receiver,0,True,1785282556174,703,0,False
96a9b922-7490-5351-bc68-39cb20b9f93d,1785282556472,sender -> receiver,0,True,1785282557268,796,0,False
15dc3b89-16d3-566c-a9dd-73f02e20b55c,1785282556477,sender -> receiver,0,True,1785282557288,811,0,False
079ae237-9275-5e6c-a8f9-92c1b9377cab,1785282557469,sender -> receiver,0,True,1785282558194,725,0,False
e9a0d010-f482-5f20-9a86-63331ba702bf,1785282557473,sender -> receiver,0,True,1785282558215,742,0,False
07d37390-97fa-5344-8952-fdf3a1258ae2,1785282558490,sender -> receiver,0,True,1785282559193,703,0,False
07c769bf-665c-5c6e-b864-c2cfdcac6daf,1785282559489,sender -> receiver,0,True,1785282560234,745,0,False
2d2b2b2a-b1e9-56dd-90ef-2d2a3eb21abf,1785282559493,sender -> receiver,0,True,1785282560258,765,0,False
f5389209-3243-5dae-9d95-80c6f29c3363,1785282560492,sender -> receiver,0,True,1785282561225,733,0,False
5a440b29-330c-5ead-b226-2a4cfa18c8c9,1785282560528,sender -> receiver,0,True,1785282561274,746,0,False
ec4716ad-0746-5794-8d75-cc76a88ad90a,1785282561509,sender -> receiver,0,True,1785282562220,711,0,False
036624b4-be5b-55a2-a3b4-66aaf606733e,1785282561515,sender -> receiver,0,True,1785282562244,729,0,False
16337dcc-2fc0-5244-9c5f-0190328b8a74,1785282562476,sender -> receiver,0,True,1785282563204,728,0,False
10f429b8-fd4a-500f-b05a-5474da8832fb,1785282562479,sender -> receiver,0,True,1785282563224,745,0,False
fafe6b40-b97c-5ffc-be72-bc54dfb21945,1785282563464,sender -> receiver,0,True,1785282564183,719,0,False
b87881b3-081b-5d72-bcee-0ce31de66e39,1785282564457,sender -> receiver,0,True,1785282565173,716,0,False
8ab7e1a0-d9f3-54bd-a272-93797789fb62,1785282564459,sender -> receiver,0,True,1785282565189,730,0,False
0f3942ed-d087-5865-8d34-fa4614a12876,1785282565477,sender -> receiver,0,True,1785282566217,740,0,False
e3d8b6e1-1da8-56c7-81a6-7b0718759b89,1785282565479,sender -> receiver,0,True,1785282566248,769,0,False
b572afba-e945-5a6e-ab50-92c69af240cd,1785282566468,sender -> receiver,0,True,1785282567223,755,0,False
a71d397d-eb70-5fea-87ff-0cab5ae1d676,1785282566498,sender -> receiver,0,True,1785282567235,737,0,False
d7f9a48f-18e6-542d-8afe-1c9fcf1ed260,1785282567462,sender -> receiver,0,True,1785282568200,738,0,False
b6dd5dc0-509d-56e2-aedd-83c8339d5520,1785282567484,sender -> receiver,0,True,1785282568217,733,0,False
a1e937dd-b2f0-5692-8986-008f9568f9b0,1785282568468,sender -> receiver,0,True,1785282569186,718,0,False
13791db8-7b40-5b7b-97b8-a3fb6e066221,1785282569495,sender -> receiver,0,True,1785282570220,725,0,False
72612761-8d71-5f68-96a6-c38bf05e2700,1785282569502,sender -> receiver,0,True,1785282570247,745,0,False
8bc37b11-f207-5dd3-a8df-024c5809b6f0,1785282570524,sender -> receiver,0,True,1785282571238,714,0,False
49b6c571-7e20-5211-b19a-af5656b2e8b3,1785282570528,sender -> receiver,0,True,1785282571287,759,0,False
d30d018b-07c2-532a-9118-b63734fd1d10,1785282571468,sender -> receiver,0,True,1785282572201,733,0,False
30bcb88f-e088-5e8c-b59f-15c47b3b444f,1785282571471,sender -> receiver,0,True,1785282572223,752,0,False
17d6631e-8489-56ee-9da9-ec3a4c79d987,1785282572464,sender -> receiver,0,True,1785282573176,712,0,False
3c1c6641-c887-5313-a78e-f98e954f5eb9,1785282573480,sender -> receiver,0,True,1785282574188,708,0,False
bd48867d-5070-5791-aa2e-b023a8cba8d7,1785282573484,sender -> receiver,0,True,1785282574252,768,0,False
7de240a9-d512-5b03-8aa6-eaf471411a08,1785282574479,sender -> receiver,0,True,1785282575156,677,0,False
d9ed17b2-4107-582d-b242-53900b4583f0,1785282574483,sender -> receiver,0,True,1785282575216,733,0,False
468ba39e-9715-5e9f-a2bd-7c8725dee616,1785282575513,sender -> receiver,0,True,1785282576190,677,0,False
017218cd-8970-5f18-ba38-12e8f9b840b2,1785282575518,sender -> receiver,0,True,1785282576240,722,0,False
b883bd96-54ed-53e0-8e1c-8430ef5d03c0,1785282576491,sender -> receiver,0,True,1785282577192,701,0,False
810d36ef-5e49-5e3e-bade-1d893f859158,1785282576494,sender -> receiver,0,True,1785282577232,738,0,False
14046ad2-74e1-5740-9f48-09c3c2eb9ce5,1785282577453,sender -> receiver,0,True,1785282578174,721,0,False
e2158851-c9aa-5c94-9df1-7725fe3728b1,1785282578484,sender -> receiver,0,True,1785282579207,723,0,False
e28288f3-50f0-5677-9bbd-f119b2f55cae,1785282578489,sender -> receiver,0,True,1785282579220,731,0,False
3dbc210e-8a3e-5c4e-847b-50363e33feb9,1785282579472,sender -> receiver,0,True,1785282580208,736,0,False
3a0a2484-52a1-57b4-8a30-8d7147df026d,1785282579525,sender -> receiver,0,True,1785282580260,735,0,False
6eda7161-6d88-5be1-8b4b-326e57998d4c,1785282580498,sender -> receiver,0,True,1785282581203,705,0,False
ce03c4c1-10b8-537b-8b94-ca45b9896328,1785282580501,sender -> receiver,0,True,1785282581229,728,0,False
edcfba31-1ebf-5997-a35f-dce16cf96aaf,1785282581498,sender -> receiver,0,True,1785282582182,684,0,False
05ab08f4-622a-5e74-9a54-8c881ca9dd47,1785282581502,sender -> receiver,0,True,1785282582246,744,0,False
3947c720-21e8-5223-8724-d7bd232bd0f3,1785282582465,sender -> receiver,0,True,1785282583275,810,0,False
ff115aa8-3aab-52e6-aae8-a21296a0c826,1785282583494,sender -> receiver,0,True,1785282584203,709,0,False
54114d1f-cb92-5ee5-9386-e84fc63f01d5,1785282583499,sender -> receiver,0,True,1785282584222,723,0,False
deb3eb73-ce09-59bb-b698-d4fba679ac2e,1785282584494,sender -> receiver,0,True,1785282585209,715,0,False
7fe7414a-9bc6-5488-8af1-783f0cd96f8c,1785282584499,sender -> receiver,0,True,1785282585247,748,0,False
1ec30137-d0ae-5f8d-8840-f37d1c193a82,1785282585504,sender -> receiver,0,True,1785282586220,716,0,False
ec13c2fd-bee4-5eb7-9a81-5f38b5c94c24,1785282585509,sender -> receiver,0,True,1785282586231,722,0,False
345944cd-a33e-5803-a5cc-cf531e2993a1,1785282586457,sender -> receiver,0,True,1785282587185,728,0,False
23fded33-1c97-5dc0-8aa2-cda9f2a2ff1d,1785282627635,sender -> receiver,0,True,1785282628348,713,0,False
c7db6340-637e-5361-8c64-1e2cc088452b,1785282627637,sender -> receiver,0,True,1785282628394,757,0,False
5bc173fa-04c5-58fd-8d8f-b2c30099e684,1785282628634,sender -> receiver,0,True,1785282629335,701,0,False
bdca1ea9-b221-5101-bce3-5b4a628fd256,1785282628639,sender -> receiver,0,True,1785282629350,711,0,False
b3e0a425-9571-53ec-b909-68fc2d483b5e,1785282629638,sender -> receiver,0,True,1785282630345,707,0,False
8d5ed573-cc21-5e63-8815-8e14e19e3762,1785282629642,sender -> receiver,0,True,1785282630368,726,0,False
5c42111b-c24b-575c-809e-bb55a2367512,1785282630634,sender -> receiver,0,True,1785282631408,774,0,False
5df1f1ef-ead9-5682-ab6a-e9e19b24aa99,1785282630640,sender -> receiver,0,True,1785282631434,794,0,False
619c9e8a-802d-59f6-9eb6-df1d8d19d007,1785282631631,sender -> receiver,0,True,1785282632345,714,0,False
508c4a88-e0a6-595f-ae16-bd34e7a4cc37,1785282631635,sender -> receiver,0,True,1785282632393,758,0,False
657f1b94-5e93-5da4-af75-b9f3090bb6be,1785282632632,sender -> receiver,0,True,1785282633393,761,0,False
0decd7d3-61ad-5580-9148-47f20397337a,1785282633627,sender -> receiver,0,True,1785282634327,700,0,False
198f45f2-815f-5901-b18b-a1445f0df884,1785282633630,sender -> receiver,0,True,1785282634340,710,0,False
2118c8e6-6b82-52b8-acd2-f21b3321f5fc,1785282634635,sender -> receiver,0,True,1785282635387,752,0,False
5abd6d8f-53a4-5e6c-99d8-1a6c19e57345,1785282634641,sender -> receiver,0,True,1785282635403,762,0,False
2fbeeda4-33f8-5cd0-bf85-20f4c6022dd0,1785282635624,sender -> receiver,0,True,1785282636362,738,0,False
c3f9bfc7-deab-5e82-8516-6ad03a8c2d38,1785282635627,sender -> receiver,0,True,1785282636408,781,0,False
664e86c6-3f03-5871-898d-5a7d157ae10b,1785282636628,sender -> receiver,0,True,1785282637346,718,0,False
0da28459-de9d-5657-87c7-78df20c51c28,1785282636631,sender -> receiver,0,True,1785282637388,757,0,False
7749dbfa-7513-5e54-a261-9664ed8d0ba4,1785282637627,sender -> receiver,0,True,1785282638348,721,0,False
3c6dd35a-3ef3-5d21-9439-66c12bf0d2c0,1785282638640,sender -> receiver,0,True,1785282639329,689,0,False
4cae30ec-c57d-5b4e-b05e-cdc860e1416f,1785282638645,sender -> receiver,0,True,1785282639394,749,0,False
115da933-a368-56fb-baf7-8df419015866,1785282639654,sender -> receiver,0,True,1785282640379,725,0,False
2b783e93-6911-5277-a3cf-56d2bd3bb497,1785282639662,sender -> receiver,0,True,1785282640437,775,0,False
c4f1f1fb-f348-5003-abbb-79b8c8f41274,1785282640661,sender -> receiver,0,True,1785282641351,690,0,False
815ff10d-0cb0-5f33-b130-f7588c04a07a,1785282640666,sender -> receiver,0,True,1785282641391,725,0,False
932ab799-2cff-5c12-aa95-e1435353a810,1785282641628,sender -> receiver,0,True,1785282642362,734,0,False
b2d9d209-359a-5d03-888b-c848c0af6baa,1785282641631,sender -> receiver,0,True,1785282642377,746,0,False
8acba00c-2784-5a3a-af99-14aa81d8fd3a,1785282642632,sender -> receiver,0,True,1785282643344,712,0,False
d2717224-d1e6-5fcb-a251-6b5bfa9fca6e,1785282642635,sender -> receiver,0,True,1785282643424,789,0,False
6ac39246-48cd-57dd-84fd-44109655eec8,1785282643620,sender -> receiver,0,True,1785282644334,714,0,False
32224c13-7fe2-5182-8afc-435f95cd6c62,1785282644624,sender -> receiver,0,True,1785282645325,701,0,False
7f62ab94-91d9-5c5e-b24d-3cfc3b2c888a,1785282644626,sender -> receiver,0,True,1785282645346,720,0,False
d5cfb37b-436d-536a-92fb-d6979ddb89de,1785282645634,sender -> receiver,0,True,1785282646392,758,0,False
a9e0f7eb-2c27-512f-a54b-b84f113e3ed2,1785282645644,sender -> receiver,0,True,1785282646408,764,0,False
ad2d5420-0105-5849-bebe-2438638a2ada,1785282646655,sender -> receiver,0,True,1785282647386,731,0,False
e9a8d235-a239-541d-ae6b-270f72c6a5ba,1785282646659,sender -> receiver,0,True,1785282647397,738,0,False
44c70458-71fe-5a61-8a7b-9eea632cc010,1785282647628,sender -> receiver,0,True,1785282648325,697,0,False
15ff675e-682c-5d7c-bb40-1f375dd5c797,1785282647631,sender -> receiver,0,True,1785282648341,710,0,False
d8ec67df-4f04-52c3-af7a-557ebaafe2ff,1785282648632,sender -> receiver,0,True,1785282649327,695,0,False
c66f183e-21f3-5b33-a4e2-7d6b24c29e54,1785282649634,sender -> receiver,0,True,1785282650385,751,0,False
63653881-f15a-5f53-bf87-d32c3424d025,1785282649638,sender -> receiver,0,True,1785282650403,765,0,False
04ed7bed-3d7b-5166-86a2-57978b1ade67,1785282650644,sender -> receiver,0,True,1785282651377,733,0,False
e6254b1f-46c4-5e3f-b398-99229bbc1dfb,1785282650651,sender -> receiver,0,True,1785282651394,743,0,False
2b5a0a2f-77db-5d1d-b501-e7550b7ece30,1785282651628,sender -> receiver,0,True,1785282652346,718,0,False
36eb165e-488f-50c4-a38b-5de12717898d,1785282651632,sender -> receiver,0,True,1785282652370,738,0,False
9bd48583-de9e-5233-8ff2-1c7434d97aa7,1785282652637,sender -> receiver,0,True,1785282653411,774,0,False
773f03d6-df4d-5a18-9712-9843462a7229,1785282652641,sender -> receiver,0,True,1785282653486,845,0,False
6d203ee0-9eae-5fee-9c2d-d6a3c3ed0845,1785282653628,sender -> receiver,0,True,1785282654360,732,0,False
643fa044-5771-5832-bb46-dc008b470834,1785282653633,sender -> receiver,0,True,1785282654407,774,0,False
ccd6b674-d06a-5069-9987-9fa2c14331c5,1785282654612,sender -> receiver,0,True,1785282655317,705,0,False
292c2ce4-288a-5ad5-9459-aebfe7d1a0e0,1785282655630,sender -> receiver,0,True,1785282656383,753,0,False
8298ee8a-0d78-5aab-bc55-1e6b0acb7f1e,1785282655633,sender -> receiver,0,True,1785282656406,773,0,False
c71fba96-c04c-51ee-b68d-259cb53375d5,1785282656629,sender -> receiver,0,True,1785282657355,726,0,False
991be224-8b00-502c-90ee-665f5d318a87,1785282656632,sender -> receiver,0,True,1785282657368,736,0,False
dcf0cf56-9b7f-5a1c-92ea-f8ed6d877852,1785282657625,sender -> receiver,0,True,1785282658325,700,0,False
f67ee812-af43-5425-94b8-3161c3b0b915,1785282657628,sender -> receiver,0,True,1785282658350,722,0,False
ddf4e736-cf42-5826-b6a5-5df78df43ffd,1785282658647,sender -> receiver,0,True,1785282659374,727,0,False
a74919bf-fcc6-59d6-a603-e644c6a1f924,1785282658652,sender -> receiver,0,True,1785282659428,776,0,False
a4cb11a6-8a0c-5c6d-8def-eea87a122df7,1785282659634,sender -> receiver,0,True,1785282660337,703,0,False
7bf82715-57dd-5fed-89f7-90cc260594bc,1785282660616,sender -> receiver,0,True,1785282661337,721,0,False
00da1fe9-83c0-5455-a103-d79256a29763,1785282660619,sender -> receiver,0,True,1785282661361,742,0,False
aaf79239-7531-5ca8-a3c6-d3a357aeb612,1785282661630,sender -> receiver,0,True,1785282662340,710,0,False
36045271-e318-5776-ae16-f85f2d899eea,1785282661634,sender -> receiver,0,True,1785282662364,730,0,False
525d7dab-5978-5027-805d-5693545502ef,1785282662635,sender -> receiver,0,True,1785282663366,731,0,False
296dee34-8b13-5a34-ae3e-4fc67b62d009,1785282662645,sender -> receiver,0,True,1785282663375,730,0,False
2089e326-b06f-5d9b-b8a1-0fcbe3d40829,1785282663624,sender -> receiver,0,True,1785282664355,731,0,False
610cfd8c-83e3-5f35-b4ca-16e37a4ab245,1785282663626,sender -> receiver,0,True,1785282664370,744,0,False
32597f04-10e1-504d-90c4-5cca56afcb0a,1785282664618,sender -> receiver,0,True,1785282665360,742,0,False
ac0449bd-e579-5019-86b9-aaa5fd663a23,1785282664621,sender -> receiver,0,True,1785282665374,753,0,False
84508654-e050-5b1e-8d02-baa03bec5dd8,1785282665609,sender -> receiver,0,True,1785282666328,719,0,False
a725d3f8-6344-5781-a245-114c228086b1,1785282666667,sender -> receiver,0,True,1785282667363,696,0,False
917db9c7-37ef-5102-a200-06c3614c167b,1785282666671,sender -> receiver,0,True,1785282667408,737,0,False
6571b8a8-b5e9-5858-8d4e-b86d0c42c6cb,1785282667638,sender -> receiver,0,True,1785282668364,726,0,False
926bec5e-0597-5330-b17b-67693e858f0c,1785282667651,sender -> receiver,0,True,1785282668376,725,0,False
c78cf505-5af6-549c-b8f4-8d4f1b4a9bee,1785282668648,sender -> receiver,0,True,1785282669424,776,0,False
6ba2de33-defc-5d7c-be75-3cdac7808e7a,1785282668679,sender -> receiver,0,True,1785282669509,830,0,False
62d53d72-0570-5015-9f7c-66a15d6a8acd,1785282669631,sender -> receiver,0,True,1785282670345,714,0,False
f1273c6a-290e-5cf0-a4bd-0a5768bbb3b4,1785282669636,sender -> receiver,0,True,1785282670398,762,0,False
4640141d-7125-5670-9376-f7646d78ae3e,1785282670626,sender -> receiver,0,True,1785282671324,698,0,False
108b8ce1-2636-52ac-9679-46a51706c06b,1785282671617,sender -> receiver,0,True,1785282672381,764,0,False
654f1bfd-0d17-5afc-abfd-b613647bccfd,1785282671620,sender -> receiver,0,True,1785282672395,775,0,False
09798e94-8891-5fe0-94d9-4bbba7bfc90d,1785282672626,sender -> receiver,0,True,1785282673371,745,0,False
54514c4e-b372-59c0-beed-c3b64a5c90e5,1785282672635,sender -> receiver,0,True,1785282673386,751,0,False
071bc41c-dcfa-533f-98c6-796a7aaf3ddb,1785282673622,sender -> receiver,0,True,1785282674351,729,0,False
70f4202b-f4cb-5f5f-a3ae-ebde2e9a2c19,1785282673623,sender -> receiver,0,True,1785282674368,745,0,False
eef62fcf-4676-581b-beed-339155faf4e6,1785282674624,sender -> receiver,0,True,1785282675339,715,0,False
c30250f0-d2cf-563f-b4eb-4358355050be,1785282674641,sender -> receiver,0,True,1785282675364,723,0,False
a0b968dd-1939-5230-8925-5bdeed45eb30,1785282675625,sender -> receiver,0,True,1785282676392,767,0,False
913d0c51-1eb6-5d51-bc5e-a2d0af057172,1785282675628,sender -> receiver,0,True,1785282676409,781,0,False
b3949695-84b3-5e17-bddc-0438215561c2,1785282676622,sender -> receiver,0,True,1785282677333,711,0,False
416866ac-aef2-5351-a0b3-efa950aa1a54,1785282677631,sender -> receiver,0,True,1785282678344,713,0,False
1e81bab0-85a6-5ef6-ad7f-7324c14e8ba0,1785282677639,sender -> receiver,0,True,1785282678357,718,0,False
e3417eaa-44d3-5964-84aa-8889fbcc7769,1785282678645,sender -> receiver,0,True,1785282679417,772,0,False
4c30cacf-8cad-5389-8f02-218f30c1d19b,1785282678650,sender -> receiver,0,True,1785282679435,785,0,False
d67542fc-56ba-5f85-b660-e1115ed47a0a,1785282679628,sender -> receiver,0,True,1785282680322,694,0,False
2b39d240-902b-512b-a1f8-214eace907f9,1785282679631,sender -> receiver,0,True,1785282680334,703,0,False
94f7695d-cb91-5b0a-a6af-10d08a28f6b6,1785282680625,sender -> receiver,0,True,1785282681384,759,0,False
fa1a1422-6aa4-5de9-a52b-f3f339726490,1785282680633,sender -> receiver,0,True,1785282681396,763,0,False
9814aa30-2fee-5a87-a115-4d54673639c8,1785282681624,sender -> receiver,0,True,1785282682400,776,0,False
51285e21-9ae8-5f14-bc0c-a782d881aeb8,1785282722795,sender -> receiver,0,True,1785282723519,724,0,False
de6b2848-b891-5608-9a92-2c676ef936f2,1785282722798,sender -> receiver,0,True,1785282723528,730,0,False
939c500f-11e3-5b66-8d3b-e870c8e9f198,1785282723809,sender -> receiver,0,True,1785282724521,712,0,False
a986f9b6-d85c-53d4-a2cb-f642db41fb29,1785282723814,sender -> receiver,0,True,1785282724535,721,0,False
cfeb78af-b390-5130-8237-0f1a1902014d,1785282724815,sender -> receiver,0,True,1785282725557,742,0,False
42a74767-93f5-5aa5-9794-db0b87bfa844,1785282724820,sender -> receiver,0,True,1785282725603,783,0,False
de012e5f-cbd2-58f1-867c-d8f698983ddb,1785282725795,sender -> receiver,0,True,1785282726504,709,0,False
adeb44a6-6889-53e3-a6f6-c1cf35d2bed2,1785282725799,sender -> receiver,0,True,1785282726531,732,0,False
18d614ea-e2d2-5599-9619-990af2bdd4c2,1785282726797,sender -> receiver,0,True,1785282727526,729,0,False
9e12a40d-b9a7-50bc-861a-f1869e75ff21,1785282726800,sender -> receiver,0,True,1785282727579,779,0,False
2df07141-c863-5431-b556-c2f30a7c8739,1785282727786,sender -> receiver,0,True,1785282728548,762,0,False
4bd1116e-7f46-5eef-8c46-91b7007d650b,1785282728792,sender -> receiver,0,True,1785282729503,711,0,False
4daac84d-1215-5163-a537-0059b64580ea,1785282728794,sender -> receiver,0,True,1785282729517,723,0,False
624bd9f4-b683-55e6-93bc-60075b66a14f,1785282729838,sender -> receiver,0,True,1785282730544,706,0,False
0a16a716-8a9d-5a2f-9ebc-fd7b8b5777b0,1785282729843,sender -> receiver,0,True,1785282730636,793,0,False
2855b2b9-9279-5f9b-a5b6-58aec1126e66,1785282730799,sender -> receiver,0,True,1785282731488,689,0,False
455c9035-92ae-5383-b5d6-965366a9db31,1785282730803,sender -> receiver,0,True,1785282731544,741,0,False
b905c3ee-096f-5852-94a8-4cb13db2e41b,1785282731823,sender -> receiver,0,True,1785282732523,700,0,False
ab263313-0636-5f67-b773-164c0e7f21d4,1785282731828,sender -> receiver,0,True,1785282732581,753,0,False
d11aca26-3b69-5d64-b5d4-93ce5a64575d,1785282732792,sender -> receiver,0,True,1785282733516,724,0,False
67ef07f0-f3ed-5de5-a5d2-d7babd10d800,1785282733825,sender -> receiver,0,True,1785282734553,728,0,False
e73c9e16-a3ac-5d35-8e1f-b6acdeb3d226,1785282733832,sender -> receiver,0,True,1785282734566,734,0,False
037ccb65-e9db-534e-920e-8703c0791248,1785282734789,sender -> receiver,0,True,1785282735536,747,0,False
45469f1d-5c47-5b5d-9cd0-d5dde01472c8,1785282734791,sender -> receiver,0,True,1785282735549,758,0,False
7aa061fd-5b2c-5a40-b35f-726407e32306,1785282735823,sender -> receiver,0,True,1785282736573,750,0,False
24eedc63-0e87-5f6e-b2d3-232e67197791,1785282735829,sender -> receiver,0,True,1785282736593,764,0,False
084ec7cf-2035-5fa6-9022-d9ef5c15fee1,1785282736821,sender -> receiver,0,True,1785282737516,695,0,False
93bf9ecd-c8e5-58f4-b603-8acbd17fed7b,1785282736827,sender -> receiver,0,True,1785282737534,707,0,False
a75865ca-3fc4-57cb-b6da-3b3ad24a546f,1785282737799,sender -> receiver,0,True,1785282738507,708,0,False
b7d522a5-67ff-54d2-a0cd-73c80d6207ca,1785282737803,sender -> receiver,0,True,1785282738519,716,0,False
67afcd36-13de-556e-b9e7-bde751337281,1785282738809,sender -> receiver,0,True,1785282739498,689,0,False
f15b6a2a-aad3-55e5-a196-552bae2b30eb,1785282739802,sender -> receiver,0,True,1785282740530,728,0,False
824a080e-22c1-542f-8bb8-1ed663a59568,1785282739810,sender -> receiver,0,True,1785282740546,736,0,False
028e66f5-35c9-5469-9971-8da1339bcf4e,1785282740813,sender -> receiver,0,True,1785282741526,713,0,False
554a3653-fcc4-5e0e-be1f-5e5adefe424f,1785282740817,sender -> receiver,0,True,1785282741547,730,0,False
7825ac11-d293-5710-b6e6-309a4d250b2d,1785282741796,sender -> receiver,0,True,1785282742506,710,0,False
a83b18ae-21db-5ec6-b978-69bba8866db9,1785282741799,sender -> receiver,0,True,1785282742521,722,0,False
27ef347a-5a02-5bfe-8207-48a3a2a90afa,1785282742798,sender -> receiver,0,True,1785282743506,708,0,False
c9838f98-36f8-5c06-804c-75ca9b88e3fb,1785282742803,sender -> receiver,0,True,1785282743521,718,0,False
ea875d19-5412-5a17-adbd-e80cc7cee821,1785282743790,sender -> receiver,0,True,1785282744509,719,0,False
6f2936f8-745c-50c8-b22c-94b202a28cd7,1785282744806,sender -> receiver,0,True,1785282745555,749,0,False
021e568d-cd69-525e-92bc-666aa951a407,1785282744808,sender -> receiver,0,True,1785282745611,803,0,False
2c7a7758-3a45-5084-ac2f-c9942f94cc1d,1785282745801,sender -> receiver,0,True,1785282746514,713,0,False
d937eb7d-55ea-559d-a2b4-16a0c2a19f21,1785282745809,sender -> receiver,0,True,1785282746532,723,0,False
27e44f30-3841-541d-9f50-4b190108104d,1785282746821,sender -> receiver,0,True,1785282747553,732,0,False
a07f1d21-eb45-5ae8-8702-f4684d770a96,1785282746846,sender -> receiver,0,True,1785282747566,720,0,False
2439b87b-a526-57a8-a8a5-7af65bd4bca5,1785282747799,sender -> receiver,0,True,1785282748536,737,0,False
596f08a4-b147-5900-b9bf-0c23ba1e61a5,1785282747804,sender -> receiver,0,True,1785282748548,744,0,False
04073aac-7540-5f34-aebd-8e610be98609,1785282748787,sender -> receiver,0,True,1785282749495,708,0,False
0853987f-963b-5b54-b33c-f6684c1f6646,1785282748789,sender -> receiver,0,True,1785282749507,718,0,False
be6fbf5b-1211-5d9e-a17e-67b5139fa93b,1785282749808,sender -> receiver,0,True,1785282750574,766,0,False
1b14c4ac-8aed-53c1-b302-d9c09fffebbc,1785282750803,sender -> receiver,0,True,1785282751565,762,0,False
330ddd17-e020-52d8-af52-af1caa8aa134,1785282750808,sender -> receiver,0,True,1785282751581,773,0,False
1175b7e9-8eca-52a7-bbb4-7cee0b2d435a,1785282751814,sender -> receiver,0,True,1785282752500,686,0,False
c62b7b79-5f83-57c6-9488-c66c0364fa30,1785282751821,sender -> receiver,0,True,1785282752559,738,0,False
f2d61c4f-c652-5b90-90a5-f976c3c15c62,1785282752818,sender -> receiver,0,True,1785282753545,727,0,False
08714b09-51f4-58a3-851f-87f325555197,1785282752826,sender -> receiver,0,True,1785282753556,730,0,False
f5abd32c-688c-50fa-9a5f-4f9f74c92784,1785282753798,sender -> receiver,0,True,1785282754520,722,0,False
e9d256cc-303f-543f-92ff-5c336af8f0e8,1785282753801,sender -> receiver,0,True,1785282754530,729,0,False
414762f9-e7bc-5ceb-beac-061e1422c79c,1785282754805,sender -> receiver,0,True,1785282755554,749,0,False
6c0aa225-f4fd-5d92-b7d4-3ee643ea3cad,1785282755803,sender -> receiver,0,True,1785282756513,710,0,False
53deb571-ceb5-5092-b997-653aff1af954,1785282755811,sender -> receiver,0,True,1785282756526,715,0,False
5d230459-5f16-50f7-8b2f-c56f57103cba,1785282756818,sender -> receiver,0,True,1785282757549,731,0,False
d1996aff-a437-5103-bc42-6410e968fb82,1785282756825,sender -> receiver,0,True,1785282757561,736,0,False
683704c9-71b5-5992-816b-92934bc98a40,1785282757802,sender -> receiver,0,True,1785282758572,770,0,False
0563a836-a41e-5c3a-87dd-916f723a4ff9,1785282757804,sender -> receiver,0,True,1785282758623,819,0,False
5c08d0ff-682a-5055-9e33-521a5f80d042,1785282758820,sender -> receiver,0,True,1785282759515,695,0,False
8107af98-3f58-56ef-bfba-b49a992d5c89,1785282758828,sender -> receiver,0,True,1785282759530,702,0,False
257296f9-9ce7-51d9-a048-813dd04c28e4,1785282759798,sender -> receiver,0,True,1785282760515,717,0,False
3a696385-e1d8-51ad-a835-5d7949772b38,1785282759806,sender -> receiver,0,True,1785282760522,716,0,False
afdf7aea-c5ed-53b4-8b23-0ba2d00248a6,1785282760811,sender -> receiver,0,True,1785282761551,740,0,False
44687b83-0694-5af8-9c4d-d2bb1ad907cf,1785282761802,sender -> receiver,0,True,1785282762493,691,0,False
2f5c2c7c-7766-5fed-9ac6-44d339d225d9,1785282761804,sender -> receiver,0,True,1785282762508,704,0,False
fbf421cb-f05b-5abb-9bf4-58c2d0bc70db,1785282762803,sender -> receiver,0,True,1785282763527,724,0,False
3c45500e-3ada-542f-bb3e-7516ba79aac2,1785282762839,sender -> receiver,0,True,1785282763544,705,0,False
455a41fd-e876-5d9a-8ea0-e0f2375e9c64,1785282763794,sender -> receiver,0,True,1785282764518,724,0,False
f998bf76-377f-5552-84a9-108bf4e6df61,1785282763797,sender -> receiver,0,True,1785282764535,738,0,False
0db637f1-1aa9-5b1c-8101-974f7a79dfc2,1785282764789,sender -> receiver,0,True,1785282765548,759,0,False
4ef0e39b-404c-5836-8d3b-f020f8d388a4,1785282764792,sender -> receiver,0,True,1785282765560,768,0,False
c1157231-471f-5a67-a2dc-6f182e4cdf14,1785282765794,sender -> receiver,0,True,1785282766530,736,0,False
80d97afb-ea57-5eff-9d03-cbce923e46ca,1785282766815,sender -> receiver,0,True,1785282767559,744,0,False
b6a89767-a780-5cb5-8b66-a03f9d2f1639,1785282766821,sender -> receiver,0,True,1785282767569,748,0,False
23885869-3b56-5066-93c9-d6e4fd098cc2,1785282767821,sender -> receiver,0,True,1785282768527,706,0,False
0285f0e8-f4b1-55e6-b089-d9de6422523c,1785282767827,sender -> receiver,0,True,1785282768546,719,0,False
ba313e63-8874-58b5-8e75-ec83f819e0b3,1785282768801,sender -> receiver,0,True,1785282769506,705,0,False
a3ebfbe5-ae9d-520b-a6bc-99020cdf985f,1785282768805,sender -> receiver,0,True,1785282769527,722,0,False
fa95adcd-f27e-5b3e-8d6a-377604f363a0,1785282769801,sender -> receiver,0,True,1785282770507,706,0,False
9195cbf1-2566-5bf5-9e82-db493b728aa1,1785282769805,sender -> receiver,0,True,1785282770524,719,0,False
f8362c20-7561-5bc4-8dfc-5204c1978ccf,1785282770801,sender -> receiver,0,True,1785282771497,696,0,False
6407827c-39de-5c47-a1b3-26d12cd5b9bb,1785282770804,sender -> receiver,0,True,1785282771507,703,0,False
74d790e6-bce9-504b-81e8-40f6421b7498,1785282771791,sender -> receiver,0,True,1785282772500,709,0,False
91a749f8-f79b-5d82-bd48-35eb1eff37f1,1785282772799,sender -> receiver,0,True,1785282773515,716,0,False
8dbe6de5-ec43-5a30-9bb1-327300587ffc,1785282772803,sender -> receiver,0,True,1785282773533,730,0,False
e788de6e-fea6-5eb8-90f5-dc55eec540db,1785282773793,sender -> receiver,0,True,1785282774549,756,0,False
273a8142-fe62-5416-97f0-ab3a161115f4,1785282773795,sender -> receiver,0,True,1785282774598,803,0,False
6cee4b4c-b53c-553a-82d0-3ae53f33bb99,1785282774796,sender -> receiver,0,True,1785282775503,707,0,False
624da680-230d-5b67-8956-bc801660b7cf,1785282774798,sender -> receiver,0,True,1785282775569,771,0,False
e6496531-6f51-5389-bf36-506da22b2e6a,1785282775823,sender -> receiver,0,True,1785282776528,705,0,False
8e658c0e-f2eb-5f25-afbc-d56f00e341cb,1785282775829,sender -> receiver,0,True,1785282776545,716,0,False
080c7616-e50a-5980-be02-bca26cb66880,1785282776792,sender -> receiver,0,True,1785282777581,789,0,False
2ff9ebe2-532a-5fa3-a57b-2905d4bca745,1785282819001,sender -> receiver,0,True,1785282819743,742,0,False
0a9ad880-1276-590e-94c8-d38764f6d710,1785282819003,sender -> receiver,0,True,1785282819763,760,0,False
010c1592-710a-52f3-9571-829d2d0e5a07,1785282820023,sender -> receiver,0,True,1785282820730,707,0,False
9833c2a0-ebd7-503d-82e5-3de66aa42898,1785282820027,sender -> receiver,0,True,1785282820760,733,0,False
b09ef51c-feeb-5ff2-8565-f6c37ce5b9ae,1785282821040,sender -> receiver,0,True,1785282821758,718,0,False
5594fb8c-fe78-5458-9d9b-f66538bdc3bc,1785282821044,sender -> receiver,0,True,1785282821842,798,0,False
fbb95c2e-792c-5273-90eb-bffb67a97bb2,1785282822047,sender -> receiver,0,True,1785282822740,693,0,False
86399639-64f9-5c0d-9c47-9af76d7f32bb,1785282822086,sender -> receiver,0,True,1785282822809,723,0,False
7148a8c8-6563-59dd-a769-29926ebbe2fc,1785282822997,sender -> receiver,0,True,1785282823714,717,0,False
8d8cb62c-a46c-5aed-be33-bbe321b2db6e,1785282822999,sender -> receiver,0,True,1785282823730,731,0,False
72968378-4f8a-51ad-9442-87ad75bf52f3,1785282824011,sender -> receiver,0,True,1785282824739,728,0,False
2a36cb2c-b5cb-56bb-b867-2b31bf9a2d3f,1785282824013,sender -> receiver,0,True,1785282824761,748,0,False
808144cb-daa4-56e9-9344-14a0061a7b87,1785282824998,sender -> receiver,0,True,1785282825731,733,0,False
778f101b-91a9-528e-a75a-d98acd4ed2d0,1785282825997,sender -> receiver,0,True,1785282826711,714,0,False
1fbe602b-4c7d-5776-bd26-8963e690535f,1785282826000,sender -> receiver,0,True,1785282826770,770,0,False
25dfc457-86d3-5077-bafe-76d642f704fb,1785282827028,sender -> receiver,0,True,1785282827755,727,0,False
6e7a5b99-1c60-50ae-8bf3-b8a57517df81,1785282827066,sender -> receiver,0,True,1785282827779,713,0,False
c33ffb6e-6dfa-5a88-843e-e96a039c0c06,1785282827999,sender -> receiver,0,True,1785282828747,748,0,False
e6c65ec9-2b6a-50a4-93d7-a790aeb7b18e,1785282828002,sender -> receiver,0,True,1785282828762,760,0,False
310ef1da-3f18-5ec9-af17-c8dd8d9d901e,1785282829064,sender -> receiver,0,True,1785282829785,721,0,False
8c7f87db-1d12-5bbc-954b-808ecb106761,1785282829069,sender -> receiver,0,True,1785282829839,770,0,False
7d83f529-6b75-5bbe-b0d4-95bd5f20e3b5,1785282830021,sender -> receiver,0,True,1785282830717,696,0,False
824e504b-9779-573c-b8ce-975216c25806,1785282830044,sender -> receiver,0,True,1785282830729,685,0,False
50fbb406-8826-5aea-86bc-a1d754963434,1785282831014,sender -> receiver,0,True,1785282831747,733,0,False
0d1d90aa-f35e-5904-bc0e-b8dcb7fac65d,1785282831016,sender -> receiver,0,True,1785282831811,795,0,False
e47b580d-11e8-5289-b4dc-5fbccfbb0214,1785282832024,sender -> receiver,0,True,1785282832797,773,0,False
8d4d73b6-8484-552a-b14f-525306494645,1785282833010,sender -> receiver,0,True,1785282833751,741,0,False
6a1e839b-f033-50e7-aa9a-30a8f89af13a,1785282833016,sender -> receiver,0,True,1785282833775,759,0,False
13bd5709-273a-5104-973a-622b1c68f91e,1785282834005,sender -> receiver,0,True,1785282834740,735,0,False
76d2ab6e-94b9-5e1a-80ef-125dc4d46203,1785282834007,sender -> receiver,0,True,1785282834760,753,0,False
2479ff0f-6bfe-5d77-bd86-0957e12cf1b4,1785282835049,sender -> receiver,0,True,1785282835762,713,0,False
e92ab9b0-28c2-5543-a2e6-ed227840c585,1785282835053,sender -> receiver,0,True,1785282835777,724,0,False
f93df156-4a08-5da5-bb0d-c00bf89c79dd,1785282835999,sender -> receiver,0,True,1785282836713,714,0,False
63f3b913-bd82-5a02-9d48-259d6db510b4,1785282836003,sender -> receiver,0,True,1785282836750,747,0,False
b2ac04fe-b9d3-5d1a-8b90-b880897f231d,1785282837028,sender -> receiver,0,True,1785282837730,702,0,False
7c8ade89-7dca-5873-9abf-609408931974,1785282837033,sender -> receiver,0,True,1785282837746,713,0,False
c939b9f2-e9c9-558f-b1e8-4e30b5011b53,1785282838011,sender -> receiver,0,True,1785282838736,725,0,False
b176939d-6848-5d3b-8440-5db2fb992936,1785282838018,sender -> receiver,0,True,1785282838766,748,0,False
3e30add2-e9ac-5399-97cd-5d34c8b53779,1785282839032,sender -> receiver,0,True,1785282839778,746,0,False
8d34dbf0-0458-541b-bb38-03376306ad78,1785282840033,sender -> receiver,0,True,1785282840757,724,0,False
08eaa2a1-6f07-52e1-958b-2b994f8b4870,1785282840036,sender -> receiver,0,True,1785282840777,741,0,False
def98a4e-39cc-567e-8426-f36ecef068c4,1785282841032,sender -> receiver,0,True,1785282841740,708,0,False
2304b28e-0a59-57f4-a5d6-0fa4b787993f,1785282841037,sender -> receiver,0,True,1785282841762,725,0,False
4371560d-e108-5876-9abe-513c544ac1a3,1785282842032,sender -> receiver,0,True,1785282842748,716,0,False
a1b8d454-ecac-5b06-adce-d377e29fb399,1785282842037,sender -> receiver,0,True,1785282842772,735,0,False
4e4f38b9-b78a-525c-b789-40d13885ddd8,1785282842997,sender -> receiver,0,True,1785282843710,713,0,False
af898062-52e4-5cc8-ae9c-30a1a491c6fd,1785282842999,sender -> receiver,0,True,1785282843722,723,0,False
dd995299-4cb3-5d97-a79f-afeb1a911602,1785282844055,sender -> receiver,0,True,1785282844747,692,0,False
2574f8dd-232f-5f1e-a520-94e9261b4317,1785282844060,sender -> receiver,0,True,1785282844799,739,0,False
f139bc8d-a5cb-5472-9fb8-52a776b12c4b,1785282845023,sender -> receiver,0,True,1785282845747,724,0,False
1d79a19b-59ab-52bb-be19-a0f27aab0db8,1785282846009,sender -> receiver,0,True,1785282846732,723,0,False
420f28f2-7318-5c68-853d-0fcd40620f5a,1785282846015,sender -> receiver,0,True,1785282846754,739,0,False
c0763162-4ba8-58fe-b116-a7b23e7606aa,1785282847082,sender -> receiver,0,True,1785282847826,744,0,False
ad087785-7aff-52d8-9428-3d45bdbe2cd2,1785282847086,sender -> receiver,0,True,1785282847839,753,0,False
04253c15-cf7c-59fc-b18f-adbf07f02f2d,1785282848011,sender -> receiver,0,True,1785282848724,713,0,False
140a8155-20a8-5ab5-b87f-5c6275b6184d,1785282848013,sender -> receiver,0,True,1785282848738,725,0,False
675f670b-529c-5de3-8496-59f255a7fca1,1785282849011,sender -> receiver,0,True,1785282849715,704,0,False
43e34b60-78f8-518d-95e8-b08f9713f3f5,1785282849013,sender -> receiver,0,True,1785282849737,724,0,False
1f799cfb-0ad4-5fd4-9e1c-4d6c9c571da2,1785282849998,sender -> receiver,0,True,1785282850744,746,0,False
54644618-8479-50fd-afed-9b8334c84e1b,1785282850000,sender -> receiver,0,True,1785282850759,759,0,False
2231d8b4-1078-540d-b374-e1558a2c2838,1785282851034,sender -> receiver,0,True,1785282851737,703,0,False
b49873fe-e281-563c-9fad-c8d84e11dcca,1785282851038,sender -> receiver,0,True,1785282851756,718,0,False
1d38a116-e04d-5df5-8fa8-25555b86e760,1785282852004,sender -> receiver,0,True,1785282852726,722,0,False
947db6ed-4f59-592f-8a46-41d6c5d81711,1785282853006,sender -> receiver,0,True,1785282853723,717,0,False
0daa9e46-9f6c-5343-a8ce-7080382683f1,1785282853009,sender -> receiver,0,True,1785282853744,735,0,False
9cf16c24-d828-5c56-9b51-e1d121ba0dd7,1785282854006,sender -> receiver,0,True,1785282854744,738,0,False
82266921-644a-548c-9e90-6241389e3003,1785282854008,sender -> receiver,0,True,1785282854764,756,0,False
538690f7-e0b8-5943-b118-cb154b283ff5,1785282855056,sender -> receiver,0,True,1785282855800,744,0,False
735a0f16-d863-56b0-a993-1a4630ff073c,1785282855061,sender -> receiver,0,True,1785282855830,769,0,False
8c4bffb3-3c8d-5d7e-a1d2-a0171c2e2ef9,1785282856001,sender -> receiver,0,True,1785282856740,739,0,False
d851d967-bf97-5990-a5d0-81245bbf3b91,1785282856004,sender -> receiver,0,True,1785282856761,757,0,False
f065754d-652b-504c-a4f2-e747a618bfaa,1785282857003,sender -> receiver,0,True,1785282857723,720,0,False
a3bc206f-a58d-5f90-8235-5225b6571510,1785282857005,sender -> receiver,0,True,1785282857742,737,0,False
71459a05-6b0e-5ac6-af22-32cdc8d81e04,1785282858008,sender -> receiver,0,True,1785282858716,708,0,False
5f72fff6-a20d-5a21-8f4c-b0d99e372575,1785282858034,sender -> receiver,0,True,1785282858734,700,0,False
36930a78-9fc6-5803-a106-f974dad3382f,1785282859047,sender -> receiver,0,True,1785282859749,702,0,False
6dba96a2-e60b-57b1-bbcf-874dee886b63,1785282860007,sender -> receiver,0,True,1785282860787,780,0,False
8111a3a2-a2a0-52dd-9b1d-31ae6c6bf7bb,1785282860010,sender -> receiver,0,True,1785282860801,791,0,False
35e6fd9d-36a2-5ecc-81f1-000ef055b156,1785282861059,sender -> receiver,0,True,1785282861770,711,0,False
2487ec74-29e9-55f9-9b2d-5e3149786b91,1785282861065,sender -> receiver,0,True,1785282861794,729,0,False
ca146ea9-6526-56c3-92e5-bd29500c86cf,1785282862032,sender -> receiver,0,True,1785282862765,733,0,False
1f66de40-f537-5c94-8f3f-ea82295e86b4,1785282862037,sender -> receiver,0,True,1785282862818,781,0,False
3ae1311f-a589-5714-828e-0a2fcaea4c61,1785282863004,sender -> receiver,0,True,1785282863752,748,0,False
ceed794a-4f52-56a2-8474-bed911832398,1785282863007,sender -> receiver,0,True,1785282863769,762,0,False
7100be02-b3ee-5cd7-a621-aa81616a8beb,1785282864008,sender -> receiver,0,True,1785282864728,720,0,False
a5f9f4b9-4a75-5c11-b783-8b07606ee4d0,1785282864014,sender -> receiver,0,True,1785282864762,748,0,False
546f0acf-740e-54be-9ef9-ea445c9dab7c,1785282865095,sender -> receiver,0,True,1785282865821,726,0,False
f46005f5-ef30-5385-924a-bfaaf0d75d75,1785282865100,sender -> receiver,0,True,1785282865837,737,0,False
b6e1bff1-2b72-5fb7-9584-cb779e953813,1785282866005,sender -> receiver,0,True,1785282866766,761,0,False
c6ccca35-213d-5f90-8185-4ff1981677b9,1785282867019,sender -> receiver,0,True,1785282867754,735,0,False
771aeead-0eb7-5675-8220-b87b86833620,1785282867022,sender -> receiver,0,True,1785282867799,777,0,False
2a2b8bc3-11dc-5b59-9dd8-7252f47fc2fe,1785282868017,sender -> receiver,0,True,1785282868754,737,0,False
b23f7b3e-f8b2-5f7c-93a4-97cc96962083,1785282868020,sender -> receiver,0,True,1785282868769,749,0,False
7bb0a310-957a-5aa0-995f-3082db530071,1785282869041,sender -> receiver,0,True,1785282869766,725,0,False
6a1bc173-91e0-5820-8699-4023e32d3126,1785282869047,sender -> receiver,0,True,1785282869788,741,0,False
47c9d059-24eb-5981-8b07-1f262ab7503f,1785282870009,sender -> receiver,0,True,1785282870736,727,0,False
85221d79-f6ed-5a9d-951e-ebe271c61f77,1785282870017,sender -> receiver,0,True,1785282870751,734,0,False
b14fb862-de42-51de-9d9a-1eb367c622ef,1785282871006,sender -> receiver,0,True,1785282871723,717,0,False
ac541f8d-0f23-562c-bccc-3af0e9be9830,1785282871010,sender -> receiver,0,True,1785282871741,731,0,False
bc841d8c-61f7-5c35-8962-e7fed5c901f0,1785282872029,sender -> receiver,0,True,1785282872755,726,0,False
ecf19d64-c95c-5b02-ae80-94fdabe56af7,1785282912753,sender -> receiver,0,True,1785282913517,764,0,False
a2a6d9a0-d1a8-5965-ac68-026ed37bccdf,1785282912758,sender -> receiver,0,True,1785282913528,770,0,False
04b778ea-7e9c-50cc-86c4-3208db0a1880,1785282913749,sender -> receiver,0,True,1785282914460,711,0,False
c4368c36-08c4-5882-8b54-e6976699c181,1785282913752,sender -> receiver,0,True,1785282914504,752,0,False
0af39a89-2c9b-5995-aac9-68e22da02b13,1785282914763,sender -> receiver,0,True,1785282915515,752,0,False
280343db-abcb-58ab-b58d-0a7959dda246,1785282914767,sender -> receiver,0,True,1785282915528,761,0,False
1f9b8e85-fb94-5cef-bc0c-1b04f611438c,1785282915762,sender -> receiver,0,True,1785282916490,728,0,False
72c4ed49-c518-5e40-83b3-5f069ba0415b,1785282915784,sender -> receiver,0,True,1785282916507,723,0,False
3d2b0453-bf74-54e3-9831-cab141a7e6d5,1785282916753,sender -> receiver,0,True,1785282917493,740,0,False
57c7f275-09b8-5cd6-aca9-c9d7a1c1f98d,1785282916757,sender -> receiver,0,True,1785282917505,748,0,False
9c88f63a-8ee3-5a31-a2ab-4b02dc15ae54,1785282917715,sender -> receiver,0,True,1785282918408,693,0,False
f374037d-40a1-57b2-84e6-10c1e3d8bb65,1785282918730,sender -> receiver,0,True,1785282919468,738,0,False
8a3cd528-8d1c-5304-8e78-b34621098971,1785282918733,sender -> receiver,0,True,1785282919481,748,0,False
9894b38e-2ab3-5143-a125-44f7ece5614a,1785282919775,sender -> receiver,0,True,1785282920508,733,0,False
d3f24cb2-a604-5b42-9fdb-1daa1f5915e1,1785282919781,sender -> receiver,0,True,1785282920519,738,0,False
10fc1910-e3c2-5922-8f0e-4b9d5ccb5b3e,1785282920728,sender -> receiver,0,True,1785282921427,699,0,False
2d2decc9-d5c4-565a-934a-7be5e6cd1c89,1785282920731,sender -> receiver,0,True,1785282921446,715,0,False
f0a24d7c-8337-54d2-ac95-6b01d86511c4,1785282921724,sender -> receiver,0,True,1785282922426,702,0,False
32e48353-a1f1-5b84-8521-1c0f9e10f0bf,1785282921726,sender -> receiver,0,True,1785282922444,718,0,False
fa4f7e8f-ffe4-5e09-8b8e-169e14f0271c,1785282922733,sender -> receiver,0,True,1785282923466,733,0,False
3c1ccf77-63a8-54d7-a6f0-624de8bfd81b,1785282923734,sender -> receiver,0,True,1785282924451,717,0,False
3c1215f4-8627-510a-a473-15970896ff4c,1785282923739,sender -> receiver,0,True,1785282924472,733,0,False
949b1865-658e-52f2-84e1-637af13db896,1785282924738,sender -> receiver,0,True,1785282925436,698,0,False
53696f49-b202-50d7-a7d1-547f2a4e85d0,1785282924741,sender -> receiver,0,True,1785282925454,713,0,False
49935c47-9a17-58db-bc41-fdc72d410570,1785282925783,sender -> receiver,0,True,1785282926518,735,0,False
6a0fc900-59f3-574e-8321-f7aec7d85199,1785282925788,sender -> receiver,0,True,1785282926534,746,0,False
a9eda26d-1876-5c95-bef4-0ab8534351db,1785282926743,sender -> receiver,0,True,1785282927464,721,0,False
f97f3c96-e458-5ab3-85b2-7cf4d1a4ef9c,1785282926748,sender -> receiver,0,True,1785282927515,767,0,False
497571b2-8790-5fba-a622-7f7e960b88c1,1785282927750,sender -> receiver,0,True,1785282928458,708,0,False
26b46b4d-0f0c-53a9-bead-4c83f9cddcfb,1785282927757,sender -> receiver,0,True,1785282928474,717,0,False
c72ee05e-3abf-53f0-bb4d-a2b717fcd321,1785282928725,sender -> receiver,0,True,1785282929529,804,0,False
9d705edc-a63c-5b5a-abce-4ece662967f6,1785282929734,sender -> receiver,0,True,1785282930428,694,0,False
c171e46e-2be7-5f46-a5b4-7779e2d6feda,1785282929736,sender -> receiver,0,True,1785282930445,709,0,False
f9ff5732-55d1-5478-880b-d70b6f849ed1,1785282930742,sender -> receiver,0,True,1785282931488,746,0,False
9cf51755-51e7-5582-a082-1f0bb3039478,1785282930745,sender -> receiver,0,True,1785282931499,754,0,False
1529e2fe-55cb-5c90-99a7-04f041b062dc,1785282931760,sender -> receiver,0,True,1785282932471,711,0,False
ace0dfe4-7fc9-5fe1-90b0-a69ef3732478,1785282931766,sender -> receiver,0,True,1785282932492,726,0,False
937f9578-504f-5dd1-ad83-d172deb3c438,1785282932730,sender -> receiver,0,True,1785282933440,710,0,False
b5559444-a7c5-5e88-a94b-2aa971d396cc,1785282932733,sender -> receiver,0,True,1785282933454,721,0,False
5256b01d-03a4-5697-b797-03219a69c46c,1785282933745,sender -> receiver,0,True,1785282934447,702,0,False
d06ee05c-965c-5ffe-9d48-ed0c22ecda6c,1785282934753,sender -> receiver,0,True,1785282935433,680,0,False
b3d97ec9-f124-5586-a269-c14955151e0b,1785282934761,sender -> receiver,0,True,1785282935531,770,0,False
d83ef7d4-bd54-59b5-9131-9cfd1ef23e55,1785282935759,sender -> receiver,0,True,1785282936467,708,0,False
c54ad1c2-edfd-528e-8255-21947e8ae133,1785282935763,sender -> receiver,0,True,1785282936494,731,0,False
0e020aae-fc5d-5816-bb55-1a1bd45067f0,1785282936733,sender -> receiver,0,True,1785282937451,718,0,False
d44557b0-5cd4-50b9-8bbf-ff8e38133000,1785282936745,sender -> receiver,0,True,1785282937473,728,0,False
480f0bd9-c1a6-5985-8519-967acb39b63a,1785282937756,sender -> receiver,0,True,1785282938514,758,0,False
992afee6-8376-5322-95a6-4387a9f4dd8e,1785282937761,sender -> receiver,0,True,1785282938526,765,0,False
420ad18a-3717-5adc-871f-5a5abf861533,1785282938756,sender -> receiver,0,True,1785282939522,766,0,False
5e9fa7d8-c1a0-5f52-9321-188a4d4f3905,1785282938761,sender -> receiver,0,True,1785282939534,773,0,False
96e2cd2c-04a8-57de-ad2d-677822bb59b2,1785282939742,sender -> receiver,0,True,1785282940465,723,0,False
26743ded-7661-5128-a6ee-c9d5781eeebf,1785282940755,sender -> receiver,0,True,1785282941452,697,0,False
e195080e-a970-5787-aad5-5125a8d2c4c9,1785282940761,sender -> receiver,0,True,1785282941468,707,0,False
7b6b1633-ab59-5a87-ba32-edf672357012,1785282941749,sender -> receiver,0,True,1785282942499,750,0,False
5a3e1b52-b61d-549f-86ec-baa568f5bba8,1785282941753,sender -> receiver,0,True,1785282942512,759,0,False
16b3ba7c-bc3f-535d-914d-8f30e8105e56,1785282942743,sender -> receiver,0,True,1785282943434,691,0,False
b5648396-9a05-579c-bc4a-01fb87ec4b8f,1785282942774,sender -> receiver,0,True,1785282943452,678,0,False
e3342f51-35e6-56ae-b03f-b1fbcfddde7d,1785282943732,sender -> receiver,0,True,1785282944427,695,0,False
d3eeb51c-b6bf-5460-b607-5a06eaac283d,1785282943735,sender -> receiver,0,True,1785282944449,714,0,False
1d49e30a-a6f1-5564-956d-2d2eff0bee20,1785282944734,sender -> receiver,0,True,1785282945462,728,0,False
cb0ada83-6739-56d3-ac02-1abc29e054df,1785282945736,sender -> receiver,0,True,1785282946448,712,0,False
5e3d7219-bad4-5ea9-8e48-359d903f1696,1785282945741,sender -> receiver,0,True,1785282946468,727,0,False
03ebc727-5c0c-592a-b72c-d9fa1c257116,1785282946733,sender -> receiver,0,True,1785282947440,707,0,False
a5afb825-feae-591e-b903-ad0846ba9344,1785282946737,sender -> receiver,0,True,1785282947459,722,0,False
7e517e42-824d-55d1-9522-9054e8cf5684,1785282947729,sender -> receiver,0,True,1785282948440,711,0,False
8c9029a8-2eb7-5ac7-a78b-0cf2daa55f8f,1785282947733,sender -> receiver,0,True,1785282948463,730,0,False
cd483667-7e32-55b8-9aa3-3e6cf13ce675,1785282948731,sender -> receiver,0,True,1785282949462,731,0,False
29bd3df2-8c77-5fbf-8827-b91d0440b74f,1785282948733,sender -> receiver,0,True,1785282949508,775,0,False
f436b90f-b865-5ac7-be23-46cce16185d2,1785282949728,sender -> receiver,0,True,1785282950456,728,0,False
1367fdc4-75b3-5d63-9da7-0c3f5d9a9c7e,1785282949732,sender -> receiver,0,True,1785282950509,777,0,False
da58ad6f-4e90-5fe7-aec4-c5451e6f3511,1785282950748,sender -> receiver,0,True,1785282951441,693,0,False
e1fe9e6b-3879-53df-9e13-3c31324baa62,1785282951754,sender -> receiver,0,True,1785282952524,770,0,False
69a60349-f86e-5b26-bb76-9ae00a0ffc3f,1785282951759,sender -> receiver,0,True,1785282952545,786,0,False
e6aed3a1-c432-566e-8aad-1cfcd2f3002b,1785282952770,sender -> receiver,0,True,1785282953493,723,0,False
a0b4879e-bfc2-58b1-bf69-d421b660692d,1785282952774,sender -> receiver,0,True,1785282953510,736,0,False
c02a26c9-1658-5801-8dbd-4a9b71a821a7,1785282953736,sender -> receiver,0,True,1785282954475,739,0,False
d018205a-aeb7-5bd8-a45a-de53b3342100,1785282953739,sender -> receiver,0,True,1785282954491,752,0,False
93afb63d-93c7-5393-87bd-df60c7863de7,1785282954764,sender -> receiver,0,True,1785282955462,698,0,False
10b97cff-96de-50af-b9ee-431647890190,1785282954792,sender -> receiver,0,True,1785282955529,737,0,False
7be79788-f1e9-51bd-9c84-dff44e4fae44,1785282955726,sender -> receiver,0,True,1785282956451,725,0,False
ed020f15-6dd7-53c6-a376-65836f8130de,1785282956745,sender -> receiver,0,True,1785282957512,767,0,False
9e8f2a4f-69e1-58d4-a010-cecb68373825,1785282956749,sender -> receiver,0,True,1785282957525,776,0,False
6b516e6d-4a6b-58ee-a7cb-fb1079da1287,1785282957743,sender -> receiver,0,True,1785282958471,728,0,False
4f70864c-acfa-5830-94a1-6fa6bc57d222,1785282957746,sender -> receiver,0,True,1785282958525,779,0,False
624ba477-d47e-536d-add3-bbd66e524919,1785282958770,sender -> receiver,0,True,1785282959495,725,0,False
f572bba4-b612-519f-b1d5-3ab49ffdacd5,1785282958775,sender -> receiver,0,True,1785282959508,733,0,False
9b3241ec-88ce-5c8d-bdd8-12e8256e3325,1785282959749,sender -> receiver,0,True,1785282960445,696,0,False
832b09ee-92c3-5a9d-8191-7ef304df2680,1785282959757,sender -> receiver,0,True,1785282960458,701,0,False
2b009ba1-d3b5-50ac-8819-538259654e37,1785282960758,sender -> receiver,0,True,1785282961499,741,0,False
baf3e2b0-50aa-5ef6-84d9-508d27fef5d7,1785282960763,sender -> receiver,0,True,1785282961511,748,0,False
76efbad0-63cc-577d-bfa7-d12797cbdb65,1785282961734,sender -> receiver,0,True,1785282962426,692,0,False
6ff8980a-3bea-58f4-8452-cd01e9c1d458,1785282962756,sender -> receiver,0,True,1785282963464,708,0,False
382d70e8-4f2b-59b5-9022-f695b32275c9,1785282962762,sender -> receiver,0,True,1785282963530,768,0,False
694ec255-a297-552d-a2d5-c00061adedcc,1785282963741,sender -> receiver,0,True,1785282964451,710,0,False
73e82d80-28e9-5dca-8a25-e46212ed3b07,1785282963748,sender -> receiver,0,True,1785282964469,721,0,False
be3101c7-2c65-5c42-9254-7ac3d3e18b79,1785282964752,sender -> receiver,0,True,1785282965467,715,0,False
9d88941b-eec1-514a-a6d8-7a3b0c0803f3,1785282964755,sender -> receiver,0,True,1785282965540,785,0,False
e35c5cb0-461e-5d37-9846-33a211167d6f,1785282965732,sender -> receiver,0,True,1785282966441,709,0,False
59bbc1b1-d295-50a9-bd94-abe1165ea9a2,1785282965734,sender -> receiver,0,True,1785282966451,717,0,False
dd3ef38b-212a-59e7-adc3-12b4e4db2771,1785282966719,sender -> receiver,0,True,1785282967418,699,0,False
3d3850e5-6250-57d0-b6f3-770d3ec8b860,1785283007005,sender -> receiver,0,True,1785283007720,715,0,False
fdaddd52-b62f-570c-9a20-487436966b1f,1785283007028,sender -> receiver,0,True,1785283007741,713,0,False
b8bf55da-16d2-513c-8361-a6bd9fcd9159,1785283008006,sender -> receiver,0,True,1785283008729,723,0,False
2bc46a59-a9d5-5de8-8f58-2022a18891c8,1785283008023,sender -> receiver,0,True,1785283008754,731,0,False
99d94416-3e0e-57d8-92c5-8f8eebd89345,1785283009015,sender -> receiver,0,True,1785283009787,772,0,False
8ceccf74-b6ed-50a2-9156-8e56263e9a2f,1785283009017,sender -> receiver,0,True,1785283009804,787,0,False
f623013c-6858-58ee-92e0-f6aefd3ba9c4,1785283010056,sender -> receiver,0,True,1785283010773,717,0,False
18052d79-4861-5597-9ff6-9f107c229555,1785283010061,sender -> receiver,0,True,1785283010800,739,0,False
4cbe4747-24e9-58cd-befd-1c4c0b79897f,1785283011042,sender -> receiver,0,True,1785283011763,721,0,False
81c33f37-ffd7-5470-bd2f-084a4108d531,1785283012003,sender -> receiver,0,True,1785283012729,726,0,False
0e0d3274-1798-5c2b-8cc3-cd17015772d0,1785283012018,sender -> receiver,0,True,1785283012744,726,0,False
1ac7c19b-1882-5d97-b0f8-a01bfcb126ab,1785283013025,sender -> receiver,0,True,1785283013727,702,0,False
5fd22c06-153d-51ac-8f2e-34eaf31476b0,1785283013028,sender -> receiver,0,True,1785283013746,718,0,False
fb48a88c-3336-5c2a-a276-f109746f7701,1785283014046,sender -> receiver,0,True,1785283014717,671,0,False
ec8d3a77-9081-5b83-b6a8-20eae7cbfb4c,1785283014048,sender -> receiver,0,True,1785283014782,734,0,False
935d1db0-c237-5f19-ad04-943957323325,1785283015015,sender -> receiver,0,True,1785283015703,688,0,False
9214ba4d-3a1d-5db5-a080-1628edf32c4b,1785283016004,sender -> receiver,0,True,1785283016713,709,0,False
b4a42874-f7bb-5fca-a79b-399f80d196da,1785283016006,sender -> receiver,0,True,1785283016733,727,0,False
d74d5370-4929-503c-8b20-57ca5a3c492e,1785283017010,sender -> receiver,0,True,1785283017730,720,0,False
021647ef-429a-57af-87a2-ad9d8fb62188,1785283017015,sender -> receiver,0,True,1785283017755,740,0,False
ee104264-692c-50b3-bad6-81668bbc3d76,1785283018009,sender -> receiver,0,True,1785283018739,730,0,False
d90393ad-792c-5fd3-851f-ab9a160d2baa,1785283018027,sender -> receiver,0,True,1785283018762,735,0,False
daa25f58-cd0b-597a-bf61-87cb74e41ad4,1785283018999,sender -> receiver,0,True,1785283019717,718,0,False
79daa46e-20bb-5b25-b0c0-981275b0ec5e,1785283020003,sender -> receiver,0,True,1785283020706,703,0,False
29619622-9d77-5de6-9bdc-117c39d2a120,1785283020022,sender -> receiver,0,True,1785283020730,708,0,False
d06f98e6-3941-5a80-8601-ab5c284cc17a,1785283021051,sender -> receiver,0,True,1785283021753,702,0,False
72c957dd-9353-563b-9c71-f79424d4824e,1785283021054,sender -> receiver,0,True,1785283021779,725,0,False
72b94060-8972-5cac-b8c2-b6da02a3c8fd,1785283022032,sender -> receiver,0,True,1785283022790,758,0,False
19551d7f-8b2f-5534-a8f8-84b115a4dc92,1785283022035,sender -> receiver,0,True,1785283022803,768,0,False
7967456b-3940-50ae-a00c-901da6103b20,1785283023009,sender -> receiver,0,True,1785283023727,718,0,False
16611ce4-65dd-539b-8d35-9d6adc43722f,1785283024022,sender -> receiver,0,True,1785283024773,751,0,False
a93842f7-d453-5da9-a125-6c7147c5826d,1785283024027,sender -> receiver,0,True,1785283024801,774,0,False
6ceef5ef-5104-5faf-b9e9-d7d8748e66bb,1785283025007,sender -> receiver,0,True,1785283025751,744,0,False
a64cad5e-2587-594c-89cf-6ee83d23d159,1785283025009,sender -> receiver,0,True,1785283025775,766,0,False
90a20d41-cd93-50fe-b2f3-fada90bc5178,1785283026009,sender -> receiver,0,True,1785283026751,742,0,False
5e79ad42-ee14-51c9-9891-5e4ea960e55c,1785283026011,sender -> receiver,0,True,1785283026766,755,0,False
933ebd9a-df8d-576b-90cc-9eb87f7ffe36,1785283027003,sender -> receiver,0,True,1785283027745,742,0,False
d5e8c134-cd14-5090-a47f-2fb6887f7831,1785283028024,sender -> receiver,0,True,1785283028726,702,0,False
93a9637b-e33f-5a26-b0b6-b216dbcad6e1,1785283028028,sender -> receiver,0,True,1785283028754,726,0,False
b055c726-ee38-54d5-93a1-a442d0e09167,1785283029026,sender -> receiver,0,True,1785283029742,716,0,False
62464e06-ba75-5d0c-8281-57e6ec251105,1785283029029,sender -> receiver,0,True,1785283029880,851,0,False
e281c16a-73e2-55ef-8a12-c741834a8c2f,1785283030017,sender -> receiver,0,True,1785283030736,719,0,False
8ff80cb9-00ed-584b-ba7f-e5ebac455d11,1785283030019,sender -> receiver,0,True,1785283030748,729,0,False
361e1180-f43f-55f7-9559-d4dc9f0e9120,1785283031020,sender -> receiver,0,True,1785283031733,713,0,False
3f2fbc91-4afb-50c4-9337-a491ffdf6996,1785283032032,sender -> receiver,0,True,1785283032812,780,0,False
7af2c8e6-a330-531e-bd47-9818397b84e7,1785283032073,sender -> receiver,0,True,1785283032833,760,0,False
1a7ea8e0-4970-5b9b-a50d-73a309599301,1785283033006,sender -> receiver,0,True,1785283033720,714,0,False
44db50a2-6f77-5a05-8ad1-46ce6c88f0a9,1785283033024,sender -> receiver,0,True,1785283033738,714,0,False
137525cf-012e-5955-9e84-365c49d49348,1785283034005,sender -> receiver,0,True,1785283034702,697,0,False
9d95bb7b-67c1-5d33-aa33-ef1a3cfe3ab3,1785283034022,sender -> receiver,0,True,1785283034718,696,0,False
61b76a13-3472-5034-ba93-676dfdeb3218,1785283035052,sender -> receiver,0,True,1785283035774,722,0,False
e85b67ce-7d2c-5ac6-bc20-56ffbc5c397c,1785283036010,sender -> receiver,0,True,1785283036737,727,0,False
63626715-1c65-50eb-ba03-6ccc8b4f9db5,1785283036012,sender -> receiver,0,True,1785283036761,749,0,False
c58440c7-618a-5fc0-a829-5953d33c1cf1,1785283037021,sender -> receiver,0,True,1785283037727,706,0,False
7f8dde55-a81f-5c7d-999a-b92a306bc296,1785283037025,sender -> receiver,0,True,1785283037744,719,0,False
957f8158-09ad-5b04-963f-4b3663bb4991,1785283038023,sender -> receiver,0,True,1785283038761,738,0,False
8208ef2a-8a1f-5589-95f0-45a157ff74e9,1785283038028,sender -> receiver,0,True,1785283038779,751,0,False
4cb7483c-378b-5993-a125-06c803130dc2,1785283039014,sender -> receiver,0,True,1785283039754,740,0,False
18c27116-ec00-529e-a163-e79099810b84,1785283040073,sender -> receiver,0,True,1785283040774,701,0,False
99c77974-b20a-52bf-a339-ad2b77e2be6b,1785283040078,sender -> receiver,0,True,1785283040788,710,0,False
a114a1f1-cbdf-58fa-871e-41e1f09fdb91,1785283041038,sender -> receiver,0,True,1785283041757,719,0,False
2ca732eb-f65b-5e92-8a06-bff783af222b,1785283041042,sender -> receiver,0,True,1785283041775,733,0,False
92549784-5370-511c-bc02-30f9752995db,1785283042034,sender -> receiver,0,True,1785283042755,721,0,False
7b810801-295a-5c80-b5a0-1248d7fa1018,1785283042042,sender -> receiver,0,True,1785283042776,734,0,False
4f8fcc40-1b8c-5422-afc8-ecc28c99d167,1785283042998,sender -> receiver,0,True,1785283043709,711,0,False
bfd926c3-4f80-5e47-af89-f0897cb4f5ae,1785283044035,sender -> receiver,0,True,1785283044726,691,0,False
9b1ca5f0-b3f8-5c85-8309-0186bc3c1874,1785283044037,sender -> receiver,0,True,1785283044739,702,0,False
e35ae5c5-f569-5328-8756-cab1cccdbdd3,1785283045023,sender -> receiver,0,True,1785283045724,701,0,False
8f2ce796-2ee8-5049-8574-bbb283d81bd1,1785283045026,sender -> receiver,0,True,1785283045739,713,0,False
3855174d-9979-52ca-91ff-efc6cf53b8ed,1785283046022,sender -> receiver,0,True,1785283046723,701,0,False
9e48b81c-dff2-5ecc-8431-24b2b4fe7d9a,1785283046027,sender -> receiver,0,True,1785283046779,752,0,False
469bbc0d-b6a8-5564-a6c8-193e9aa6ffa9,1785283047010,sender -> receiver,0,True,1785283047714,704,0,False
5371753d-ddab-5cf8-a0f5-73aa4e5bd2c9,1785283048010,sender -> receiver,0,True,1785283048754,744,0,False
e7511be3-139f-5e00-8f4b-4ed685bd1704,1785283048013,sender -> receiver,0,True,1785283048767,754,0,False
827aab29-bbe6-5fe8-94dd-3b8d04514bd8,1785283049049,sender -> receiver,0,True,1785283049728,679,0,False
ee54ec2b-b740-59e8-b4ad-49bfd00e1aa4,1785283049053,sender -> receiver,0,True,1785283049794,741,0,False
d88d85c2-3b83-558d-bbd2-bb7e42ab0732,1785283050013,sender -> receiver,0,True,1785283050729,716,0,False
99baa22c-45ea-5e7c-b4dd-2b963dc2b33a,1785283050033,sender -> receiver,0,True,1785283050745,712,0,False
fd0525a9-327c-5c8c-9f96-c245e8cff8d0,1785283051005,sender -> receiver,0,True,1785283051726,721,0,False
e32ac4d8-7026-5e9a-8baa-b98267c3cdb4,1785283052005,sender -> receiver,0,True,1785283052708,703,0,False
0184230c-ee34-53ac-97fc-86529f1b50da,1785283052021,sender -> receiver,0,True,1785283052760,739,0,False
fa6500e5-c444-5b0a-b8f0-4bc7c8d439a5,1785283053013,sender -> receiver,0,True,1785283053744,731,0,False
74395b0b-a920-5c55-a5c3-067da71b951b,1785283053016,sender -> receiver,0,True,1785283053758,742,0,False
6c435eab-7785-5ca2-b03f-a2e277b33095,1785283054074,sender -> receiver,0,True,1785283054772,698,0,False
0c29efc6-baf7-55a7-b28b-7f24d9e38cf1,1785283054076,sender -> receiver,0,True,1785283054788,712,0,False
56de3f74-25ce-5def-8910-887566dffabf,1785283055011,sender -> receiver,0,True,1785283055706,695,0,False
79170e1f-907c-5d1f-9d0e-4c831a62d4eb,1785283056055,sender -> receiver,0,True,1785283056754,699,0,False
8ef34c9b-a353-543e-8652-57ca84a46c12,1785283056059,sender -> receiver,0,True,1785283056782,723,0,False
6003faa0-60fa-5bc3-9956-1de9755e38ad,1785283057003,sender -> receiver,0,True,1785283057775,772,0,False
0f8b6799-aefd-57a5-a676-9c86eb2cffe8,1785283057020,sender -> receiver,0,True,1785283057788,768,0,False
ff8490fa-3f6d-54c0-b53a-4646437fb300,1785283058046,sender -> receiver,0,True,1785283058827,781,0,False
b6b40967-0c7f-51ae-90f1-d37155372e5a,1785283058049,sender -> receiver,0,True,1785283058854,805,0,False
c68eb68b-d01f-5bb1-886d-949080ade478,1785283059001,sender -> receiver,0,True,1785283059715,714,0,False
25db9ec7-d53c-5b1c-8d41-91699045223c,1785283060019,sender -> receiver,0,True,1785283060756,737,0,False
8bcdeb90-ac9d-54db-b190-a02bc2e8ecc4,1785283060021,sender -> receiver,0,True,1785283060780,759,0,False
b2ab9642-04a9-565b-9ae5-3b13dbe1ab43,1785283061058,sender -> receiver,0,True,1785283061743,685,0,False
8cfde5d6-c84a-5446-bef2-118886aa3932,1785283061062,sender -> receiver,0,True,1785283061793,731,0,False
bdcdb9aa-374a-5b02-916a-3db83ca2b6c8,1785283062020,sender -> receiver,0,True,1785283062744,724,0,False
7e7576fb-0cd1-5a34-bf8b-5c69e650bbae,1785283062024,sender -> receiver,0,True,1785283062767,743,0,False
35bec0fc-03ec-5851-9454-dbb13806d229,1785283063036,sender -> receiver,0,True,1785283063761,725,0,False
e9bc3e6e-ca8d-571a-bed3-c64a160ce482,1785283102698,sender -> receiver,0,True,1785283103405,707,0,False
4e938c11-eed6-5b71-9653-4ae761cd12e8,1785283102701,sender -> receiver,0,True,1785283103456,755,0,False
5137f05c-2388-521d-8aef-8afde63ea679,1785283103739,sender -> receiver,0,True,1785283104450,711,0,False
b16acd5d-d2ff-51d4-9449-95c983395a0f,1785283103750,sender -> receiver,0,True,1785283104473,723,0,False
57fafb47-2a0c-52f2-89ea-4c03756d11b4,1785283104763,sender -> receiver,0,True,1785283105437,674,0,False
46c7b50d-00ea-5cc6-9c5b-b39b2d159105,1785283104769,sender -> receiver,0,True,1785283105512,743,0,False
672bad8c-c254-5891-97f2-278ae91b0f94,1785283105700,sender -> receiver,0,True,1785283106424,724,0,False
7cb18530-90b3-5303-ae43-bfe83539be9b,1785283105718,sender -> receiver,0,True,1785283106442,724,0,False
f7ec239e-6e76-5052-a324-cbb2950c94db,1785283106703,sender -> receiver,0,True,1785283107421,718,0,False
be5829f8-ff40-5b3d-869a-dc6324cf9d38,1785283107709,sender -> receiver,0,True,1785283108416,707,0,False
4574b57d-8424-5d41-9b7f-1b12d192c324,1785283107712,sender -> receiver,0,True,1785283108431,719,0,False
8ebd10fa-e56c-5980-b135-d63aaa608218,1785283108704,sender -> receiver,0,True,1785283109400,696,0,False
752fbc59-4c01-5e0b-a2f5-9b64a1428098,1785283108706,sender -> receiver,0,True,1785283109420,714,0,False
86c8a93a-298d-5825-9723-992ccdb50a04,1785283109708,sender -> receiver,0,True,1785283110426,718,0,False
9ea32961-6ff6-553a-ad57-ad8be162f63b,1785283109712,sender -> receiver,0,True,1785283110460,748,0,False
c20a2f1b-b384-5af9-ba98-67e025291d08,1785283110706,sender -> receiver,0,True,1785283111429,723,0,False
bb7915a3-9f7d-52a7-b00b-a6eb87f1fa49,1785283110717,sender -> receiver,0,True,1785283111441,724,0,False
19b0f2b4-bf97-52ac-8dba-e2a65d2183f1,1785283111709,sender -> receiver,0,True,1785283112406,697,0,False
17b71874-604f-5bb3-a675-b1081caa8e67,1785283112737,sender -> receiver,0,True,1785283113458,721,0,False
20e4b8ea-3461-5f37-9481-85400e2c3383,1785283112745,sender -> receiver,0,True,1785283113514,769,0,False
4f80cdd3-a733-5d52-8b25-d4c6b4f8e7ed,1785283113704,sender -> receiver,0,True,1785283114443,739,0,False
07ccdfbe-bdd6-5e02-8054-f70eabfafe75,1785283113708,sender -> receiver,0,True,1785283114458,750,0,False
7b294656-d611-5102-828d-959ec19c730a,1785283114707,sender -> receiver,0,True,1785283115430,723,0,False
39f4e91c-0a9e-5a45-ab5c-cad76ac42543,1785283114709,sender -> receiver,0,True,1785283115503,794,0,False
1d5de5c8-c0f1-5f45-b67f-b98b945c96aa,1785283115692,sender -> receiver,0,True,1785283116414,722,0,False
5943351a-82f3-5136-ad2d-6b3c4d510eb1,1785283116727,sender -> receiver,0,True,1785283117447,720,0,False
9ec4ba33-d61f-58d4-b19e-6969656d90d0,1785283116732,sender -> receiver,0,True,1785283117462,730,0,False
3037f405-3ea2-5f8f-ad84-b8bb2f31e4b9,1785283117727,sender -> receiver,0,True,1785283118516,789,0,False
882731c4-6e92-5c76-8c33-4db2979410cb,1785283117738,sender -> receiver,0,True,1785283118528,790,0,False
ffcaac79-abf2-5ee4-894d-924f58ffdb72,1785283118706,sender -> receiver,0,True,1785283119432,726,0,False
0ec5d606-6b44-55ab-a87a-829ec889c0c8,1785283118709,sender -> receiver,0,True,1785283119472,763,0,False
2e9d3053-b391-5061-810f-ba2bfe84ad24,1785283119701,sender -> receiver,0,True,1785283120474,773,0,False
31621620-4d5a-5312-9147-67e27fdf33f3,1785283119703,sender -> receiver,0,True,1785283120483,780,0,False
2f3d2267-5f69-5581-bdb2-56d77b2b7d1b,1785283120701,sender -> receiver,0,True,1785283121406,705,0,False
21f65296-df0c-5808-8a1a-b0d9d8039543,1785283121734,sender -> receiver,0,True,1785283122455,721,0,False
70a4254d-38db-5150-8691-52495a6ca167,1785283121740,sender -> receiver,0,True,1785283122469,729,0,False
a2e0638b-ebe7-5c58-ab02-8ed2dc2ff993,1785283122731,sender -> receiver,0,True,1785283123487,756,0,False
20feacf3-b556-5aa6-b646-1b77c121a026,1785283122738,sender -> receiver,0,True,1785283123529,791,0,False
5bac72eb-0125-508c-8213-7f046dcbb972,1785283123706,sender -> receiver,0,True,1785283124426,720,0,False
d470c82f-139d-5ad8-bbe2-743cee4acf3b,1785283123727,sender -> receiver,0,True,1785283124443,716,0,False
2b3ac6b9-6600-5826-b604-5ed8950beab4,1785283124703,sender -> receiver,0,True,1785283125422,719,0,False
97088f3b-26cf-534e-8b8c-dc9e3b8a3315,1785283124705,sender -> receiver,0,True,1785283125441,736,0,False
69709abb-ba07-5cac-b2e7-03330a7db3a7,1785283125699,sender -> receiver,0,True,1785283126407,708,0,False
8fe80898-d875-57f7-b089-9b6b86df4323,1785283126733,sender -> receiver,0,True,1785283127489,756,0,False
40f442e8-2889-5b59-be09-1fc14dcb992a,1785283126737,sender -> receiver,0,True,1785283127499,762,0,False
eed59fb9-e466-57cc-8b59-4680fc28a798,1785283127694,sender -> receiver,0,True,1785283128383,689,0,False
138379ce-e932-5703-9160-6c7627cabce6,1785283127696,sender -> receiver,0,True,1785283128398,702,0,False
3b07ec49-2ebf-5599-bf9c-7807bb31fed2,1785283128709,sender -> receiver,0,True,1785283129419,710,0,False
6eb02047-6a57-50a7-a24c-e3d7cd4f9daa,1785283128713,sender -> receiver,0,True,1785283129469,756,0,False
d284606b-20ea-5c82-84f1-f46102bc89c9,1785283129699,sender -> receiver,0,True,1785283130410,711,0,False
67184c55-0fd8-5a9c-a842-6fd85df884e3,1785283130706,sender -> receiver,0,True,1785283131403,697,0,False
cd2a01cb-ed4a-557d-b04c-8d68d701788f,1785283130709,sender -> receiver,0,True,1785283131456,747,0,False
df7e3537-898b-5c24-86c8-9a1a094d0839,1785283131708,sender -> receiver,0,True,1785283132444,736,0,False
f0edc385-6a88-54ef-a099-7f55d14f66e1,1785283131714,sender -> receiver,0,True,1785283132469,755,0,False
b841cfaf-2b4e-535b-8f4c-3800c463febf,1785283132737,sender -> receiver,0,True,1785283133425,688,0,False
46917794-d1f7-51e2-8d14-030fb2f3f43c,1785283132745,sender -> receiver,0,True,1785283133475,730,0,False
d82fd98d-742c-52cf-a475-1d99360518dd,1785283133705,sender -> receiver,0,True,1785283134411,706,0,False
566a2a07-1d83-5c36-9b80-7fa49f70cc69,1785283133707,sender -> receiver,0,True,1785283134428,721,0,False
fdb37a9b-6f17-5535-8c4c-5bb8c5eae97b,1785283134701,sender -> receiver,0,True,1785283135456,755,0,False
9702fd57-a53a-50de-ae03-6de3dbb98158,1785283135705,sender -> receiver,0,True,1785283136437,732,0,False
9d58c757-a63f-59e6-8116-01c3262571cf,1785283135709,sender -> receiver,0,True,1785283136455,746,0,False
a0e33929-fa74-5e2d-8751-d0122e3d4114,1785283136714,sender -> receiver,0,True,1785283137440,726,0,False
a7c1a83e-99c2-5e44-bb53-9375f114d7e2,1785283136725,sender -> receiver,0,True,1785283137463,738,0,False
8cdddc54-e294-5342-8bf6-864c68d0cfe7,1785283137722,sender -> receiver,0,True,1785283138421,699,0,False
73374ddb-8f21-5017-ae85-92e2c70044ec,1785283137726,sender -> receiver,0,True,1785283138439,713,0,False
cdf92428-a1cf-5e26-9186-6ad784a4c3dc,1785283138729,sender -> receiver,0,True,1785283139465,736,0,False
f1d53748-7173-5162-8c9b-3b5d7b917457,1785283138736,sender -> receiver,0,True,1785283139500,764,0,False
c37ea554-69e8-5461-850c-1d514be20463,1785283139715,sender -> receiver,0,True,1785283140408,693,0,False
fae311b9-ba1d-52a0-92ce-fb3ba6eaf9fa,1785283140747,sender -> receiver,0,True,1785283141446,699,0,False
fd03f797-7848-5ca5-8983-c4d00241558c,1785283140752,sender -> receiver,0,True,1785283141513,761,0,False
c43a5a4f-d4ae-5071-8bbf-4c404a13047e,1785283141714,sender -> receiver,0,True,1785283142428,714,0,False
5e4a8fd9-0cc2-5447-aa99-dd4d8124161d,1785283141718,sender -> receiver,0,True,1785283142505,787,0,False
41ff7507-9fbd-59e9-a0ce-ac31a0568fed,1785283142708,sender -> receiver,0,True,1785283143416,708,0,False
49287f4b-7899-5568-a27a-0ff5ef2b0be0,1785283142710,sender -> receiver,0,True,1785283143433,723,0,False
85611ebc-b91d-5f48-9739-c3aa83301883,1785283143694,sender -> receiver,0,True,1785283144406,712,0,False
30ba8d29-0c92-5588-a32c-555636acb0bf,1785283144714,sender -> receiver,0,True,1785283145437,723,0,False
6dbc0d70-8f08-5b9a-9172-b3fc2ba607b9,1785283144736,sender -> receiver,0,True,1785283145454,718,0,False
1bd59368-647c-50ba-a7e9-484cbec1d0b1,1785283145707,sender -> receiver,0,True,1785283146434,727,0,False
d6e33240-0b93-50a7-8234-6d5d8f779a0d,1785283145727,sender -> receiver,0,True,1785283146449,722,0,False
e8d12bcd-a1f9-5157-a0b9-8c64a4bead49,1785283146709,sender -> receiver,0,True,1785283147415,706,0,False
fb68018e-3418-5303-b07b-838c8873f0d4,1785283146714,sender -> receiver,0,True,1785283147430,716,0,False
28c00a14-1055-5090-9a5f-1205c2bb287e,1785283147701,sender -> receiver,0,True,1785283148409,708,0,False
9a5d0582-19a1-5962-90c4-3cf08e6b95a7,1785283147704,sender -> receiver,0,True,1785283148425,721,0,False
e6df231d-b20a-54c5-a91f-28fa93280961,1785283148701,sender -> receiver,0,True,1785283149400,699,0,False
2005ffe2-b540-5c6b-8512-89aa188db365,1785283149702,sender -> receiver,0,True,1785283150403,701,0,False
6fe0eeda-71be-5f3b-864c-4de208e184ca,1785283149704,sender -> receiver,0,True,1785283150427,723,0,False
8d6282f9-4293-5c69-a397-ad4a2dc40e51,1785283150706,sender -> receiver,0,True,1785283151419,713,0,False
241db7e8-919f-58d5-96f9-d20f2ccc5bd5,1785283150715,sender -> receiver,0,True,1785283151431,716,0,False
1e711e27-900a-54ca-9ea0-71a50300232e,1785283151739,sender -> receiver,0,True,1785283152462,723,0,False
b4443b1e-e640-573e-8c83-67a4a0456c08,1785283151748,sender -> receiver,0,True,1785283152521,773,0,False
355a6a17-c728-5ce7-b35e-4414089f4059,1785283152708,sender -> receiver,0,True,1785283153493,785,0,False
1ecbbe65-283d-5070-975e-8548ed3ee0bb,1785283152718,sender -> receiver,0,True,1785283153543,825,0,False
5642a1c3-d075-5fc0-9a1b-e4577662662a,1785283153694,sender -> receiver,0,True,1785283154396,702,0,False
837dcb29-0f47-536a-8d32-dc5b55d22f6e,1785283154710,sender -> receiver,0,True,1785283155427,717,0,False
3e8287d5-adda-5bdb-83a8-716e0bed8d92,1785283154720,sender -> receiver,0,True,1785283155500,780,0,False
c2716c2a-d3dc-5c81-a564-a706afc161c5,1785283155711,sender -> receiver,0,True,1785283156465,754,0,False
c5352041-a1d4-581a-9bf7-39f261819c60,1785283155717,sender -> receiver,0,True,1785283156519,802,0,False
5ca8dab9-addd-5bdd-a139-0af6b5bab65b,1785283156741,sender -> receiver,0,True,1785283157461,720,0,False
5269ee0a-85af-5c1d-81f4-0fd7af3140d0,1785283156749,sender -> receiver,0,True,1785283157474,725,0,False
94e9ec79-96e8-5d7c-b239-9ca955fd295e,1785283157711,sender -> receiver,0,True,1785283158399,688,0,False
1c5b762f-b3a6-5e4c-8433-04f25f67966b,1785283197873,sender -> receiver,0,True,1785283198581,708,0,False
5e949123-3664-541e-82ec-aab0d3769c81,1785283197875,sender -> receiver,0,True,1785283198643,768,0,False
190d24d8-ab6a-54bf-af11-b32cc71a2c5b,1785283198882,sender -> receiver,0,True,1785283199592,710,0,False
04e8d5cc-dc71-5b56-b697-db70002999d4,1785283198884,sender -> receiver,0,True,1785283199607,723,0,False
c3b20313-b15b-52fe-b889-c34426bf3bc3,1785283199885,sender -> receiver,0,True,1785283200609,724,0,False
7be36f43-de6e-5b85-9c2d-c955baa92f41,1785283199887,sender -> receiver,0,True,1785283200651,764,0,False
646ef3c5-95b2-5ea8-bb3d-f6efd7d9f717,1785283200916,sender -> receiver,0,True,1785283201666,750,0,False
9b264f34-b493-5af1-9a01-8770c1ff8cb1,1785283200922,sender -> receiver,0,True,1785283201692,770,0,False
ae0faa10-1fa9-5c50-8480-4d09ea484e9d,1785283201875,sender -> receiver,0,True,1785283202650,775,0,False
41e01296-31c8-5173-851e-35a937768707,1785283202912,sender -> receiver,0,True,1785283203620,708,0,False
c3c1402c-d2bf-5620-85cc-9fe318eb9a69,1785283202916,sender -> receiver,0,True,1785283203637,721,0,False
37798fac-33d7-599f-a87f-5267bd28287f,1785283203924,sender -> receiver,0,True,1785283204607,683,0,False
ddc273e5-7c6a-5606-8c51-182ebac51667,1785283203928,sender -> receiver,0,True,1785283204651,723,0,False
65bbea8a-f498-537d-a81d-af07f672ca5a,1785283204901,sender -> receiver,0,True,1785283205598,697,0,False
5d108955-8d84-553f-8e85-40703946544a,1785283204905,sender -> receiver,0,True,1785283205648,743,0,False
d92ecae1-d20f-52ed-aa2f-ebe5edc6d9fa,1785283205899,sender -> receiver,0,True,1785283206608,709,0,False
74ae32df-892d-5f76-b59e-676fe0270477,1785283205904,sender -> receiver,0,True,1785283206618,714,0,False
5459b6e9-3ed2-56ba-8a56-8c08b60dc57b,1785283206893,sender -> receiver,0,True,1785283207578,685,0,False
d45ba0a4-736e-506b-ad3c-a11491b46dbe,1785283207886,sender -> receiver,0,True,1785283208617,731,0,False
cfcaf40e-3b15-5715-9c7a-94037b00215a,1785283207889,sender -> receiver,0,True,1785283208653,764,0,False
68ce3c71-296d-5bc7-8901-968d9d37e11d,1785283208900,sender -> receiver,0,True,1785283209609,709,0,False
d8d46a3e-0ae6-5d9e-93bd-9f679e8ca333,1785283208907,sender -> receiver,0,True,1785283209630,723,0,False
e4799e5d-9604-55a0-9a28-c9ed66066b02,1785283209892,sender -> receiver,0,True,1785283210606,714,0,False
e779c33c-ed26-591d-94f8-4ee74d687924,1785283209895,sender -> receiver,0,True,1785283210615,720,0,False
79b70dd4-6559-5b88-8539-bb6475ff00e0,1785283210897,sender -> receiver,0,True,1785283211582,685,0,False
9eb46009-4859-52d7-a9e5-a7979943e185,1785283211886,sender -> receiver,0,True,1785283212579,693,0,False
2ac4a62e-eb1a-5ff8-aab7-144c7d5d3adb,1785283211890,sender -> receiver,0,True,1785283212599,709,0,False
23fc9f23-ef70-56df-b557-6b1155d7b845,1785283212874,sender -> receiver,0,True,1785283213570,696,0,False
eaf72966-0e23-5691-ae8f-3a5d7d92cdbf,1785283212877,sender -> receiver,0,True,1785283213590,713,0,False
fbeffae7-7bf6-5f72-a1d6-1b1fde047a94,1785283213885,sender -> receiver,0,True,1785283214617,732,0,False
ec4e92da-ee2f-505a-88d3-57eaeb84262c,1785283213888,sender -> receiver,0,True,1785283214641,753,0,False
fddf52c0-e6b2-509f-901f-aeb2932645ee,1785283214885,sender -> receiver,0,True,1785283215590,705,0,False
c4e8ee25-e7c7-5662-8722-cdafddcaf66f,1785283214888,sender -> receiver,0,True,1785283215605,717,0,False
4a47a5f3-a83a-5457-97fe-a5c17ec9924e,1785283215878,sender -> receiver,0,True,1785283216599,721,0,False
868852fd-22d4-58d9-b19f-0734349342aa,1785283216919,sender -> receiver,0,True,1785283217614,695,0,False
57878ff4-1e97-5860-9a82-fbb69062160e,1785283216927,sender -> receiver,0,True,1785283217628,701,0,False
4e903641-bf75-5491-9f70-dc6b16267346,1785283217908,sender -> receiver,0,True,1785283218607,699,0,False
89d5b837-a834-5eda-bfc4-87502b5038aa,1785283217916,sender -> receiver,0,True,1785283218624,708,0,False
9cd463b8-828d-569e-9d70-09a1d0b17939,1785283218893,sender -> receiver,0,True,1785283219595,702,0,False
537bd4f4-e069-5d44-bf8b-f22875b87686,1785283218899,sender -> receiver,0,True,1785283219617,718,0,False
ddef92ce-dd35-58a9-8913-7fd6fd6dcd4e,1785283219897,sender -> receiver,0,True,1785283220594,697,0,False
c988fce1-4487-5925-b73b-f809643b26eb,1785283219899,sender -> receiver,0,True,1785283220618,719,0,False
dbe714c3-7cf5-53f4-9486-76a4076181b9,1785283220877,sender -> receiver,0,True,1785283221578,701,0,False
a5648c25-7638-580e-8636-b5587ccf5cbf,1785283221892,sender -> receiver,0,True,1785283222629,737,0,False
681b3061-05f8-527c-819c-1965a5691ad3,1785283221897,sender -> receiver,0,True,1785283222641,744,0,False
2ffb5185-b4b1-57b6-990b-a13bb14603f7,1785283222915,sender -> receiver,0,True,1785283223615,700,0,False
8e007969-a2f3-52b3-bbb3-8c9fb1200fb5,1785283222921,sender -> receiver,0,True,1785283223646,725,0,False
b331fe47-8947-5dcf-b00e-3b7913758d05,1785283223909,sender -> receiver,0,True,1785283224606,697,0,False
a12ad75c-81eb-54ea-af64-04c1a9926df5,1785283223915,sender -> receiver,0,True,1785283224658,743,0,False
3ae9068c-2fbc-5cce-b375-03210c29f9dc,1785283224898,sender -> receiver,0,True,1785283225586,688,0,False
ddeeb5fc-b680-568c-b278-562e7a571729,1785283225901,sender -> receiver,0,True,1785283226613,712,0,False
ae53abf4-869f-5820-bb97-ca890fea5085,1785283225906,sender -> receiver,0,True,1785283226626,720,0,False
ede52c6e-f0fb-5acb-be2f-7fc406deee0f,1785283226887,sender -> receiver,0,True,1785283227610,723,0,False
71fad2ee-1b8d-56dc-983a-130d84e9c44f,1785283226889,sender -> receiver,0,True,1785283227628,739,0,False
41c0e2be-3ed7-54ee-8d26-af3d344391da,1785283227925,sender -> receiver,0,True,1785283228645,720,0,False
f9ea183a-168b-50f0-ad67-377cbe07d86d,1785283227934,sender -> receiver,0,True,1785283228686,752,0,False
fa6636f2-6d52-5682-81b7-f815629d6b90,1785283228919,sender -> receiver,0,True,1785283229656,737,0,False
cc53e027-cfc2-5642-8e07-dcd8fc92df7c,1785283228927,sender -> receiver,0,True,1785283229667,740,0,False
9045acc9-ffed-53ac-8ee9-e941e94c7f7e,1785283229876,sender -> receiver,0,True,1785283230627,751,0,False
db7b0c5e-38ac-5323-a528-42471dd4a840,1785283230923,sender -> receiver,0,True,1785283231627,704,0,False
6a9e0876-9fb7-5630-9b11-0505987f7f98,1785283230952,sender -> receiver,0,True,1785283231661,709,0,False
5d736437-e4fb-5e1b-bf64-c28007d74f30,1785283231892,sender -> receiver,0,True,1785283232617,725,0,False
d2d60563-d121-5725-9c52-200868540ec8,1785283231898,sender -> receiver,0,True,1785283232635,737,0,False
4970373b-1bc1-59a9-9b27-f81b81cac11b,1785283232886,sender -> receiver,0,True,1785283233587,701,0,False
446eca69-dc0d-5657-bd4a-e3bc5044ed80,1785283232889,sender -> receiver,0,True,1785283233602,713,0,False
f2105e47-8347-5fe4-b60a-931f09716c95,1785283233892,sender -> receiver,0,True,1785283234596,704,0,False
b35928f3-dda9-5fba-94c2-17483020017f,1785283233897,sender -> receiver,0,True,1785283234636,739,0,False
c53c05a1-5183-55df-8446-539b848c9f33,1785283234878,sender -> receiver,0,True,1785283235566,688,0,False
e7eb53e2-5c77-5cbf-8002-dff4dbdb3422,1785283235886,sender -> receiver,0,True,1785283236628,742,0,False
1098403c-ac22-5b16-a420-d6c059abdf1a,1785283235891,sender -> receiver,0,True,1785283236643,752,0,False
e6a56227-02a7-547a-8207-9a6642018d77,1785283236881,sender -> receiver,0,True,1785283237615,734,0,False
d664fb83-a293-5484-91c9-ba7367245a48,1785283236884,sender -> receiver,0,True,1785283237624,740,0,False
2c03b059-e36b-567f-8f35-3cd8c8fb64c5,1785283237884,sender -> receiver,0,True,1785283238586,702,0,False
7ac4d01c-40ac-55bc-aa2f-d7245e25945e,1785283237888,sender -> receiver,0,True,1785283238601,713,0,False
95561cdc-61d8-5c48-9e62-8942bd63c6ff,1785283238883,sender -> receiver,0,True,1785283239576,693,0,False
efda1fe2-f7fa-5a62-9296-d337a1a032fe,1785283239890,sender -> receiver,0,True,1785283240628,738,0,False
c2045b04-1bb0-5acd-a9df-daf611155eb3,1785283239893,sender -> receiver,0,True,1785283240648,755,0,False
0ac9e8ac-bf0d-5dbb-9727-093918965f10,1785283240873,sender -> receiver,0,True,1785283241624,751,0,False
3e9f1905-44ae-5af4-9f3b-6efadd0507cf,1785283240875,sender -> receiver,0,True,1785283241643,768,0,False
b6e12d93-3598-5fc0-8526-72f3206169c2,1785283241905,sender -> receiver,0,True,1785283242601,696,0,False
420ff898-4c57-5b97-9d3c-b9cef404d263,1785283241911,sender -> receiver,0,True,1785283242659,748,0,False
6c929a7a-52ab-5ef0-aa86-ca44b1daa94c,1785283242916,sender -> receiver,0,True,1785283243640,724,0,False
3a5f9acf-3500-58e5-a6fa-9f8510336b1b,1785283242920,sender -> receiver,0,True,1785283243665,745,0,False
95524f09-ec83-5a98-aae3-571415e3b291,1785283243879,sender -> receiver,0,True,1785283244585,706,0,False
e54b44ec-2007-5952-8d3b-8134bfdfc6a5,1785283244900,sender -> receiver,0,True,1785283245619,719,0,False
cfa0a5be-f6a1-5740-b2cb-5e44b400c2cf,1785283244904,sender -> receiver,0,True,1785283245633,729,0,False
d04e9aa4-adf4-524b-a684-480572d1afc2,1785283245902,sender -> receiver,0,True,1785283246595,693,0,False
6e2e8e1d-c222-5b83-93f6-2d281ce037b3,1785283245908,sender -> receiver,0,True,1785283246611,703,0,False
6de2f6c9-5a2e-58db-8b28-f45c2bc4c4ad,1785283246888,sender -> receiver,0,True,1785283247657,769,0,False
b4b27f98-4afe-5685-bc82-bb5bbe9c8b77,1785283246892,sender -> receiver,0,True,1785283247679,787,0,False
1505bb3c-d58e-5200-a284-159ed7cca840,1785283247886,sender -> receiver,0,True,1785283248583,697,0,False
a66a59a5-a716-52e5-832a-4e208dfc023a,1785283247889,sender -> receiver,0,True,1785283248604,715,0,False
7aca8c42-00d1-5500-8166-efe67048d975,1785283248882,sender -> receiver,0,True,1785283249582,700,0,False
1a854c82-ac1c-5189-a253-17808f4a090d,1785283249889,sender -> receiver,0,True,1785283250614,725,0,False
9d92cd65-fe14-540b-804a-a391a09e5a01,1785283249896,sender -> receiver,0,True,1785283250633,737,0,False
49ea3def-3bc4-59b4-a8bb-da51d00c844b,1785283250930,sender -> receiver,0,True,1785283251653,723,0,False
3c5631d7-934a-5b23-a1b3-971365d5e40d,1785283250937,sender -> receiver,0,True,1785283251668,731,0,False
0356175d-200e-56f5-b054-a0a4efc13aad,1785283251886,sender -> receiver,0,True,1785283252591,705,0,False
2954d445-a056-5bd4-a313-98bff04679bf,1785283251890,sender -> receiver,0,True,1785283252601,711,0,False
f0085eaf-ed3a-579f-b3d8-599aeb098883,1785283252893,sender -> receiver,0,True,1785283253620,727,0,False
0de9f618-1d54-56a1-8e27-2fb23508c475,1785283293154,sender -> receiver,0,True,1785283293874,720,0,False
0c02d468-780a-528f-9351-0afd599059e0,1785283293158,sender -> receiver,0,True,1785283293888,730,0,False
63b8ecc3-d844-5914-848b-76f0c5d08173,1785283294145,sender -> receiver,0,True,1785283294855,710,0,False
699ef516-7fd0-57d8-9931-bddb9de4def9,1785283294148,sender -> receiver,0,True,1785283294878,730,0,False
9ecad367-fbe5-508d-8d40-bd5092f87245,1785283295141,sender -> receiver,0,True,1785283295877,736,0,False
437612bf-0000-5f2e-8fbb-c19096995afb,1785283295144,sender -> receiver,0,True,1785283295930,786,0,False
c3a86c9b-011f-5ad6-8ffd-3786bf30fe3a,1785283296138,sender -> receiver,0,True,1785283296876,738,0,False
c40c50a0-3820-5037-81a8-c70e79e6dce1,1785283296142,sender -> receiver,0,True,1785283296893,751,0,False
3a7f83df-6ef6-59a7-90c7-22e57e704b8c,1785283297133,sender -> receiver,0,True,1785283297852,719,0,False
a6f6b2f0-ac5a-510d-930d-f503b0ee1f13,1785283298140,sender -> receiver,0,True,1785283298846,706,0,False
2a2dfa63-4362-5d63-a967-87284c898125,1785283298149,sender -> receiver,0,True,1785283298863,714,0,False
0b486072-462d-5f73-a052-8b69ed6a87fb,1785283299138,sender -> receiver,0,True,1785283299853,715,0,False
153dea5a-4cde-5e1c-ad29-4cfc3e741e32,1785283299143,sender -> receiver,0,True,1785283299878,735,0,False
d3b0990a-2ec9-56d3-8369-9c82f4d13747,1785283300129,sender -> receiver,0,True,1785283300844,715,0,False
aa5350fa-d166-5508-9b74-5f866a2f2b3b,1785283300133,sender -> receiver,0,True,1785283300860,727,0,False
c4337f07-12d8-54eb-a2b2-ef02eec7820c,1785283301164,sender -> receiver,0,True,1785283301864,700,0,False
12eb3692-f413-5df9-9381-1d5610f54bf1,1785283301169,sender -> receiver,0,True,1785283301923,754,0,False
f89623cc-f8b0-5371-b65c-debeda30f89d,1785283302139,sender -> receiver,0,True,1785283302866,727,0,False
6eddf955-3d38-50e9-99d0-9737fda159d8,1785283303158,sender -> receiver,0,True,1785283303907,749,0,False
fd5ca0e9-4e2a-5ef7-9bdb-9b13d470d708,1785283303163,sender -> receiver,0,True,1785283303921,758,0,False
4e482e3c-2584-544f-ac22-7735aefb5516,1785283304157,sender -> receiver,0,True,1785283304878,721,0,False
f233e5ed-85bc-5560-82c0-158c6ec30b5c,1785283304162,sender -> receiver,0,True,1785283304899,737,0,False
e5c3020f-ff7b-525b-a0a4-cf05d992c550,1785283305164,sender -> receiver,0,True,1785283305859,695,0,False
b4b3968a-ca80-5fcc-8b1f-f822e273a3cd,1785283305170,sender -> receiver,0,True,1785283305875,705,0,False
ba5c5306-6cef-5347-b153-a8ef28d669dc,1785283306151,sender -> receiver,0,True,1785283306856,705,0,False
74f104c9-3163-5833-9695-65f74fd8e026,1785283307139,sender -> receiver,0,True,1785283307859,720,0,False
2fe58efc-3606-5779-be61-db14e7a01e39,1785283307142,sender -> receiver,0,True,1785283307888,746,0,False
8110f776-b70b-5748-a91d-776ee87a58cc,1785283308164,sender -> receiver,0,True,1785283308896,732,0,False
70482b1f-61fc-5961-88f9-9be98ffa8be0,1785283308169,sender -> receiver,0,True,1785283308910,741,0,False
4b985d9f-be91-54e0-ad6c-e0523950600f,1785283309176,sender -> receiver,0,True,1785283309886,710,0,False
a24e641f-7805-5ec6-b885-9a09448dd186,1785283309183,sender -> receiver,0,True,1785283309901,718,0,False
21540970-aee9-5269-8307-24ac7582a76f,1785283310140,sender -> receiver,0,True,1785283310874,734,0,False
8c3456b6-e266-540b-9a3c-097135a4d726,1785283310142,sender -> receiver,0,True,1785283310892,750,0,False
338c558c-cca9-5d74-a8f2-fed6e0873f2d,1785283311134,sender -> receiver,0,True,1785283311866,732,0,False
3725b64f-cc6e-55ef-af80-020a23b77faf,1785283312165,sender -> receiver,0,True,1785283312937,772,0,False
61bd3f6b-41b7-5795-902c-024c8a5a304c,1785283312172,sender -> receiver,0,True,1785283312950,778,0,False
c8563b20-b7a5-5e9c-ae45-ad05353f3f3e,1785283313144,sender -> receiver,0,True,1785283313833,689,0,False
e429a43f-635a-557b-abd0-5e2e327a4770,1785283313152,sender -> receiver,0,True,1785283313897,745,0,False
8578d70e-a018-5c3a-9301-ee3558e668c6,1785283314147,sender -> receiver,0,True,1785283314880,733,0,False
324bd194-2ab2-51a9-8d11-f3b3a9775792,1785283314153,sender -> receiver,0,True,1785283314930,777,0,False
7be2dc10-593b-5aab-947f-be01c9b6f095,1785283315146,sender -> receiver,0,True,1785283315868,722,0,False
86d18b22-8bfd-52ef-b203-0a6c599e08d1,1785283315156,sender -> receiver,0,True,1785283315881,725,0,False
3b19dac2-dae8-5bfa-b98e-39602d515e59,1785283316131,sender -> receiver,0,True,1785283316858,727,0,False
36565d1c-94c3-5fda-bc78-fe1d0acd625f,1785283317141,sender -> receiver,0,True,1785283317856,715,0,False
79b13074-800b-586d-9033-f37f0b8623ac,1785283317149,sender -> receiver,0,True,1785283317884,735,0,False
7524f255-f738-52c9-8486-97e0c6c51ef9,1785283318151,sender -> receiver,0,True,1785283318888,737,0,False
6270edeb-3cac-53eb-8bfb-62ed5a6afb80,1785283318160,sender -> receiver,0,True,1785283318904,744,0,False
6cd08a58-8d1b-5cd2-a104-eae4ddaa4a85,1785283319169,sender -> receiver,0,True,1785283319876,707,0,False
f30112cd-cee5-552e-ab53-375f64e7af5b,1785283319177,sender -> receiver,0,True,1785283319904,727,0,False
0831dcda-21b9-57c7-a270-312a47ab26fe,1785283320130,sender -> receiver,0,True,1785283320867,737,0,False
1f637c62-d42a-5b95-af76-2949d1a58fd3,1785283321140,sender -> receiver,0,True,1785283321854,714,0,False
d4132d73-112f-5be2-bda9-450c7126d16c,1785283321142,sender -> receiver,0,True,1785283321878,736,0,False
464b2b1d-79b3-5f5c-9bc0-5e9e08d2012c,1785283322144,sender -> receiver,0,True,1785283322861,717,0,False
26770b98-5b3d-5b4a-b392-f05e672c3b81,1785283322153,sender -> receiver,0,True,1785283322892,739,0,False
ffdc8829-d27d-5b6c-8116-f430fd0f7bde,1785283323156,sender -> receiver,0,True,1785283323900,744,0,False
400317c6-20cc-5261-af2d-aace3d62aabb,1785283323160,sender -> receiver,0,True,1785283323916,756,0,False
048467da-a254-5950-a9f2-9141a82df591,1785283324145,sender -> receiver,0,True,1785283324850,705,0,False
4d5b7338-f398-5930-ac58-475d4b2cb45a,1785283324150,sender -> receiver,0,True,1785283324863,713,0,False
3bc934a4-7e18-5d2e-8009-62ba5cd8aa58,1785283325150,sender -> receiver,0,True,1785283325857,707,0,False
02201a51-b1fb-5416-ae68-db415bb01cc3,1785283326146,sender -> receiver,0,True,1785283326830,684,0,False
61f5fc27-09cf-5a8f-9b4c-8c0a6a49b7c5,1785283326149,sender -> receiver,0,True,1785283326843,694,0,False
347c1350-e89c-5c8e-85ef-dc39b33ea1b6,1785283327140,sender -> receiver,0,True,1785283327872,732,0,False
e3881351-92ca-5b40-b3e2-2dffe5429a7c,1785283327148,sender -> receiver,0,True,1785283327917,769,0,False
ad0aadc9-52dd-52fc-a72d-78f7b1cf00fd,1785283328136,sender -> receiver,0,True,1785283328886,750,0,False
38096c45-c5b5-5e3e-91f7-974821aca9f5,1785283328139,sender -> receiver,0,True,1785283328907,768,0,False
9df60ade-77be-5f0c-ac85-1fa35807aba2,1785283329141,sender -> receiver,0,True,1785283329865,724,0,False
e8fd949e-7a93-52a0-ad9b-bfbdde986396,1785283329146,sender -> receiver,0,True,1785283329884,738,0,False
62ee242a-0090-5ea5-81e0-9e707122d3bf,1785283330126,sender -> receiver,0,True,1785283330857,731,0,False
48717813-a3bf-56e0-838f-78fb62c39aa0,1785283331142,sender -> receiver,0,True,1785283331822,680,0,False
f4d52e4e-f489-5015-878b-7ab5e1331558,1785283331151,sender -> receiver,0,True,1785283331867,716,0,False
0905e9cd-737c-57b0-b4c7-49f26adb65e8,1785283332149,sender -> receiver,0,True,1785283332880,731,0,False
22354634-8cad-5174-a828-56b0053b851e,1785283332154,sender -> receiver,0,True,1785283332892,738,0,False
084f87da-14b5-501c-a9d0-f421faa9d455,1785283333133,sender -> receiver,0,True,1785283333890,757,0,False
4098026a-a8dc-52b4-850d-4ef2b7f94bdc,1785283333135,sender -> receiver,0,True,1785283333903,768,0,False
1055429a-95de-5881-9611-11d16b7f29ac,1785283334126,sender -> receiver,0,True,1785283334859,733,0,False
5e52fe8f-d5cb-54a3-a070-489709545d6d,1785283335135,sender -> receiver,0,True,1785283335844,709,0,False
b1cae1c6-ed02-5cf9-a3e3-206cbffc2dcb,1785283335138,sender -> receiver,0,True,1785283335868,730,0,False
893793ca-1e03-5d19-8b98-c10fc629a76b,1785283336138,sender -> receiver,0,True,1785283336835,697,0,False
25a035f2-2544-5126-89cb-c719c0cbf4e3,1785283336141,sender -> receiver,0,True,1785283336889,748,0,False
bfb47ba4-6753-5e53-b7db-2a9fb68f7df1,1785283337143,sender -> receiver,0,True,1785283337872,729,0,False
2a04f0ed-2744-5eee-a106-ff0ac9ca2f43,1785283337149,sender -> receiver,0,True,1785283337899,750,0,False
e3caa2b3-9a9e-574a-bef7-12a94b83da79,1785283338137,sender -> receiver,0,True,1785283338852,715,0,False
40e8ee4e-bc38-5bbb-8e47-712fcaf39f2e,1785283338138,sender -> receiver,0,True,1785283338874,736,0,False
9ed423c2-4724-5d62-802f-1920b4b7def1,1785283339127,sender -> receiver,0,True,1785283339854,727,0,False
6af0ab78-0963-554d-a708-23990b38a050,1785283340135,sender -> receiver,0,True,1785283340843,708,0,False
1b1ad787-edc5-58dd-bb13-1ad2c706507c,1785283340139,sender -> receiver,0,True,1785283340862,723,0,False
78d2c571-c660-59dc-90bc-f46af990377e,1785283341135,sender -> receiver,0,True,1785283341864,729,0,False
9a91c286-bedc-5047-ab71-b10b62a209ee,1785283341138,sender -> receiver,0,True,1785283341916,778,0,False
659f263c-a9e1-5da3-aa55-46cc9d79a715,1785283342138,sender -> receiver,0,True,1785283342865,727,0,False
58461ef6-11c9-5528-9219-8e19ce036bf5,1785283342140,sender -> receiver,0,True,1785283342887,747,0,False
ebc2ecde-939e-5de3-b0f6-d5814f1312e3,1785283343136,sender -> receiver,0,True,1785283343856,720,0,False
d0e773b8-054e-5481-a213-94ad4afb2e6a,1785283343137,sender -> receiver,0,True,1785283343951,814,0,False
1bdc0398-4043-5da5-bf6e-0e356ab7aa43,1785283344128,sender -> receiver,0,True,1785283344849,721,0,False
c6ecc36c-b980-5d27-969d-7d56ef67445d,1785283345136,sender -> receiver,0,True,1785283345833,697,0,False
c984637a-b1fc-5dca-86ed-ce8effbbf5da,1785283345139,sender -> receiver,0,True,1785283345863,724,0,False
bf5200cb-8b4d-56d2-ab1c-7914a65342ae,1785283346137,sender -> receiver,0,True,1785283346876,739,0,False
158c9bf1-0a31-5f32-9a2f-8df7005e5516,1785283346140,sender -> receiver,0,True,1785283346900,760,0,False
697a854f-61dc-5e32-bdc8-63cbe8843371,1785283347136,sender -> receiver,0,True,1785283347861,725,0,False
1cf608e0-b888-5b34-b513-3d83a45b4efa,1785283347139,sender -> receiver,0,True,1785283347875,736,0,False
3747e4d7-0b7a-59f8-ae8e-b2c888c2adbd,1785283348127,sender -> receiver,0,True,1785283348835,708,0,False
81559da4-8059-5b37-b95c-6d2d323dbf5c,1785283388338,sender -> receiver,0,True,1785283389038,700,0,False
a8719450-a96c-53e1-b163-02c969d62426,1785283388372,sender -> receiver,0,True,1785283389087,715,0,False
9a7e11eb-b0d9-5ebf-9fd1-742201697c94,1785283389342,sender -> receiver,0,True,1785283390062,720,0,False
904e36a7-6133-51c5-9040-00b851518681,1785283389347,sender -> receiver,0,True,1785283390083,736,0,False
9a0b318d-c299-5346-9713-be6a2fe77199,1785283390344,sender -> receiver,0,True,1785283391050,706,0,False
82d75293-86d3-53ce-88fd-573b42e6d7ff,1785283390348,sender -> receiver,0,True,1785283391103,755,0,False
3bcfbfba-462c-58e4-b638-8d83950c8ee4,1785283391339,sender -> receiver,0,True,1785283392049,710,0,False
e04ab238-5a9a-5f44-8574-65e789edf790,1785283391346,sender -> receiver,0,True,1785283392060,714,0,False
dfc238f4-d4bf-536a-998a-0309f5d8c007,1785283392361,sender -> receiver,0,True,1785283393120,759,0,False
eadaba73-8171-515a-ab83-cb43cea43fd0,1785283393344,sender -> receiver,0,True,1785283394064,720,0,False
60a165e4-a910-55e7-85f4-69975c6c996e,1785283393349,sender -> receiver,0,True,1785283394075,726,0,False
aa08d790-3138-529d-baef-73b1b1103cb7,1785283394337,sender -> receiver,0,True,1785283395056,719,0,False
347fe73f-af65-5df0-b116-02bc95ab43d8,1785283394340,sender -> receiver,0,True,1785283395070,730,0,False
a0cd0e63-5b36-5b49-905c-bc80fc1bca1d,1785283395346,sender -> receiver,0,True,1785283396041,695,0,False
40a82fb3-628d-5437-94aa-d818fe5ae4e1,1785283395351,sender -> receiver,0,True,1785283396052,701,0,False
6a789338-e313-598e-9e5a-312729aaca65,1785283396337,sender -> receiver,0,True,1785283397039,702,0,False
a999d1d2-3a45-5904-8f9c-37e12b047432,1785283396340,sender -> receiver,0,True,1785283397054,714,0,False
ae31354b-3e10-523f-84b9-45e2793f0d35,1785283397340,sender -> receiver,0,True,1785283398076,736,0,False
5a6a9a48-62b2-5e6a-8ce5-1d6b2cbefe79,1785283398332,sender -> receiver,0,True,1785283399064,732,0,False
fabb5fd7-ce38-5bef-a952-c3c183bfc4cc,1785283398334,sender -> receiver,0,True,1785283399084,750,0,False
fc3f3342-c7c1-578d-ba69-72467b57caf9,1785283399361,sender -> receiver,0,True,1785283400042,681,0,False
8e28d2ee-e3a1-58ea-b1f8-3dd0c17f93e7,1785283399366,sender -> receiver,0,True,1785283400089,723,0,False
2f448127-4a25-5ff6-83a6-ed71954029fd,1785283400363,sender -> receiver,0,True,1785283401086,723,0,False
1a932856-4ff8-51e7-bd14-a966d1250d1c,1785283400371,sender -> receiver,0,True,1785283401143,772,0,False
1c0f016c-0c1c-5cdd-b578-cca1333c4b0a,1785283401362,sender -> receiver,0,True,1785283402096,734,0,False
410a0415-5a4f-5812-af2f-e129935c2c6e,1785283402335,sender -> receiver,0,True,1785283403060,725,0,False
526916b1-62cd-561a-a7aa-4aebb7d81baa,1785283402339,sender -> receiver,0,True,1785283403073,734,0,False
001ffd26-660b-5ee9-b9de-107523e7c1fe,1785283403327,sender -> receiver,0,True,1785283404061,734,0,False
61026d46-cc7a-5a13-bc65-9e4dae96ea05,1785283403332,sender -> receiver,0,True,1785283404118,786,0,False
2e25a862-b180-5e57-a455-9f1ddc83cb2f,1785283404359,sender -> receiver,0,True,1785283405087,728,0,False
03ce261b-4c82-57cf-bcfa-b57221776d59,1785283404362,sender -> receiver,0,True,1785283405104,742,0,False
1d582a06-46d9-5284-995b-dda6e57c0658,1785283405328,sender -> receiver,0,True,1785283406033,705,0,False
932173c3-83ec-5a70-a00c-8870cfce762a,1785283405329,sender -> receiver,0,True,1785283406049,720,0,False
7584c64b-fcbe-5ec1-81d3-836073ff8d4d,1785283406364,sender -> receiver,0,True,1785283407065,701,0,False
13560c7b-7b03-5a25-b46e-89cb9002c5fc,1785283407354,sender -> receiver,0,True,1785283408059,705,0,False
fccd3f5c-12d2-5399-88a9-67a7607fdece,1785283407358,sender -> receiver,0,True,1785283408073,715,0,False
2ca98595-c946-5b50-9935-378ce8ae7f66,1785283408338,sender -> receiver,0,True,1785283409109,771,0,False
7b95e78d-f825-5e51-a41c-1f3520d731fd,1785283408346,sender -> receiver,0,True,1785283409132,786,0,False
334ef783-50cb-5e35-95c9-b5e693890d8f,1785283409333,sender -> receiver,0,True,1785283410036,703,0,False
b0f2dbdc-5899-5562-9e08-99f21173824d,1785283409337,sender -> receiver,0,True,1785283410055,718,0,False
b505a0d4-5324-55cf-9f7c-34cf5e48544c,1785283410339,sender -> receiver,0,True,1785283411026,687,0,False
b399b050-3018-59d7-b77a-e5aadec79174,1785283410344,sender -> receiver,0,True,1785283411046,702,0,False
392ee6eb-6dde-5f04-8e94-640ee709c3b9,1785283411331,sender -> receiver,0,True,1785283412018,687,0,False
e637e4dc-d7d3-5b90-b00c-2e5570610ef9,1785283412340,sender -> receiver,0,True,1785283413067,727,0,False
1ba354d0-f295-5a51-8d36-4b3fef13b7de,1785283412348,sender -> receiver,0,True,1785283413087,739,0,False
f7fa9f0b-78ad-5246-a63a-f4c922a4d80b,1785283413348,sender -> receiver,0,True,1785283414052,704,0,False
d4429162-3b80-5f46-9f40-d0ee8cc049c4,1785283413352,sender -> receiver,0,True,1785283414099,747,0,False
ea07d015-1451-5005-9fd5-2b829d38922e,1785283414364,sender -> receiver,0,True,1785283415078,714,0,False
9535c1ba-79d1-5af2-86b6-e8f68c338f6a,1785283414369,sender -> receiver,0,True,1785283415129,760,0,False
f46a9214-993b-569c-8dd7-daaa5516c64d,1785283415348,sender -> receiver,0,True,1785283416073,725,0,False
1c01a645-cca5-5ac7-9b1a-212bbadd03b0,1785283416359,sender -> receiver,0,True,1785283417056,697,0,False
1592cb58-18c0-504f-9665-d7b6e9a8c332,1785283416365,sender -> receiver,0,True,1785283417112,747,0,False
4e7e1c0f-3385-5147-ad01-5c93beda807f,1785283417341,sender -> receiver,0,True,1785283418067,726,0,False
df8c6735-fe47-5636-a2ae-9142d6b51ca2,1785283417345,sender -> receiver,0,True,1785283418080,735,0,False
b2f99322-1bd5-55b9-ac05-0c85649f004f,1785283418339,sender -> receiver,0,True,1785283419045,706,0,False
a3fb3fb1-8c39-5ec9-b39b-32eeef8f65a9,1785283418341,sender -> receiver,0,True,1785283419086,745,0,False
14e76bc1-85e5-521e-be5f-25969983f7a9,1785283419359,sender -> receiver,0,True,1785283420087,728,0,False
a1ffd8d1-298d-5bd4-b48c-b449140709ee,1785283419365,sender -> receiver,0,True,1785283420111,746,0,False
d267c94d-fd1f-5e68-b9d1-f404d8891b40,1785283420334,sender -> receiver,0,True,1785283421065,731,0,False
0e718dbe-6eca-52bf-bfa9-b63c60ade50c,1785283421352,sender -> receiver,0,True,1785283422114,762,0,False
a40d1706-45c6-5552-ac6e-27e35addad97,1785283421356,sender -> receiver,0,True,1785283422134,778,0,False
549fd987-75de-5491-8575-c26206e1498f,1785283422365,sender -> receiver,0,True,1785283423131,766,0,False
18f80954-34a7-5ccc-bddb-fde5a7d7635c,1785283422369,sender -> receiver,0,True,1785283423149,780,0,False
58a62240-eabb-5426-9dd6-0e59ef5f9629,1785283423337,sender -> receiver,0,True,1785283424030,693,0,False
051cc899-d4f4-5826-8fcb-c20140353604,1785283423340,sender -> receiver,0,True,1785283424047,707,0,False
67be4e79-dd9b-5776-ba57-b68ce53d7267,1785283424352,sender -> receiver,0,True,1785283425086,734,0,False
15e20ec2-a3c7-545b-b436-dff199d3412f,1785283424358,sender -> receiver,0,True,1785283425102,744,0,False
5adca400-36d2-5601-a9a5-a5017970ded7,1785283425334,sender -> receiver,0,True,1785283426062,728,0,False
c2166634-b425-55a3-b469-96674d208c01,1785283426370,sender -> receiver,0,True,1785283427093,723,0,False
b8296132-d411-5e6a-b230-fc0f745d1da4,1785283426379,sender -> receiver,0,True,1785283427144,765,0,False
135c40ac-b6c2-51a0-8acf-ee5396153dbe,1785283427346,sender -> receiver,0,True,1785283428041,695,0,False
968ebae3-a701-5929-8f08-2d7ea4ca827c,1785283427351,sender -> receiver,0,True,1785283428053,702,0,False
e8732c31-c372-589b-a88c-808592e6b7a0,1785283428338,sender -> receiver,0,True,1785283429031,693,0,False
c448373e-5a16-5d27-9fb3-83955710c9fb,1785283428340,sender -> receiver,0,True,1785283429050,710,0,False
dabc3731-0e79-5613-b1f0-a25777481c86,1785283429352,sender -> receiver,0,True,1785283430076,724,0,False
44bf7ae8-fbc7-5cac-bac5-76cf3266849e,1785283430376,sender -> receiver,0,True,1785283431107,731,0,False
77abb2e9-b0ef-5e9f-ab9a-a844bd29bdf7,1785283430382,sender -> receiver,0,True,1785283431128,746,0,False
6dd5ab36-ef60-53f5-9516-40c2aefde24f,1785283431340,sender -> receiver,0,True,1785283432095,755,0,False
7ec59917-5ad9-5dac-a5e7-6a66e85a83f6,1785283431347,sender -> receiver,0,True,1785283432114,767,0,False
37cf878a-850f-5762-b3b2-5c9fc36393f2,1785283432336,sender -> receiver,0,True,1785283433036,700,0,False
0215edc0-46d6-532e-9402-af7ee9182287,1785283432338,sender -> receiver,0,True,1785283433083,745,0,False
4cb04ed2-d953-58da-8ce1-f7b8fb8815bf,1785283433346,sender -> receiver,0,True,1785283434063,717,0,False
24559945-c9b6-5ee5-bfe6-eb49ecda58a5,1785283433381,sender -> receiver,0,True,1785283434077,696,0,False
33503a19-6df2-587d-b3ac-4967594272f9,1785283434371,sender -> receiver,0,True,1785283435060,689,0,False
490a60ed-e59f-5b33-a42d-fa7c5caf1d85,1785283435347,sender -> receiver,0,True,1785283436062,715,0,False
19629779-3158-596e-9a01-5f681d74924f,1785283435352,sender -> receiver,0,True,1785283436073,721,0,False
9941208a-ae14-5e25-8b1a-1b17aa3c8d14,1785283436359,sender -> receiver,0,True,1785283437090,731,0,False
d022eb08-5037-5abb-89bc-f5203c87aec4,1785283436364,sender -> receiver,0,True,1785283437137,773,0,False
c08510ba-462a-5a47-8881-b21cdbecbfa4,1785283437334,sender -> receiver,0,True,1785283438025,691,0,False
cba65f9e-99d3-5ecf-82db-7ff3cf47fe4b,1785283437337,sender -> receiver,0,True,1785283438041,704,0,False
b650b078-a412-5055-b0dd-b1f61da5188a,1785283438331,sender -> receiver,0,True,1785283439070,739,0,False
42847c0c-ca0f-5823-80de-862fc5cc606f,1785283438338,sender -> receiver,0,True,1785283439080,742,0,False
5d270354-a182-54a0-8ef6-7b800337c8c5,1785283439340,sender -> receiver,0,True,1785283440051,711,0,False
ae441a74-9a8d-55a6-a825-f57d11288116,1785283440339,sender -> receiver,0,True,1785283441055,716,0,False
0a7c3525-3b88-5741-a8f0-111c07b23b01,1785283440342,sender -> receiver,0,True,1785283441079,737,0,False
d69c10d1-f6cf-58fd-9ba7-5152646946a2,1785283441374,sender -> receiver,0,True,1785283442073,699,0,False
fb33a6a7-dd03-5906-bca3-5486c0e60058,1785283441378,sender -> receiver,0,True,1785283442087,709,0,False
0d61e880-d917-55f1-a9ad-fea0b3caed3b,1785283442342,sender -> receiver,0,True,1785283443087,745,0,False
a6ef8ba8-e007-509f-854e-513775504754,1785283442350,sender -> receiver,0,True,1785283443111,761,0,False
f472d494-cabe-55c8-b02d-1db86801548a,1785283443329,sender -> receiver,0,True,1785283444053,724,0,False
8523db88-de0c-56ff-a3bd-b7201071c379,1785283484087,sender -> receiver,0,True,1785283484780,693,0,False
58d8e7e2-9b54-536b-9851-cea9a740125c,1785283484091,sender -> receiver,0,True,1785283484818,727,0,False
a0d0f65b-79a0-527c-95fb-2cb20b7f2b42,1785283485131,sender -> receiver,0,True,1785283485826,695,0,False
460cc2bf-b87a-5624-b3bb-a25f2cf12801,1785283485136,sender -> receiver,0,True,1785283485884,748,0,False
f175aa8b-bd44-5691-872b-ce26893af45d,1785283486072,sender -> receiver,0,True,1785283486780,708,0,False
ada851b9-1889-572c-85b7-21d4e6fb680f,1785283486076,sender -> receiver,0,True,1785283486791,715,0,False
0de8e8f5-715c-54fe-b893-d411d83b9d99,1785283487083,sender -> receiver,0,True,1785283487812,729,0,False
ed78f79f-0cc4-5801-8e7d-b847ea02bf33,1785283487086,sender -> receiver,0,True,1785283487834,748,0,False
24481107-510b-5205-81ee-d5532450f0c1,1785283488110,sender -> receiver,0,True,1785283488832,722,0,False
bf66f865-9ce9-5604-afdb-b80883cd0356,1785283488119,sender -> receiver,0,True,1785283488891,772,0,False
8bfe28da-70c9-5fc6-aa20-7c9671fb4056,1785283489074,sender -> receiver,0,True,1785283489799,725,0,False
1ff8ce25-962d-5e83-8f01-79b9bb9439ea,1785283490100,sender -> receiver,0,True,1785283490851,751,0,False
f4fcef06-0c7b-5618-bd0d-19cb28b89d3f,1785283490104,sender -> receiver,0,True,1785283490865,761,0,False
de213aa6-bd02-58b0-b912-89994033f961,1785283491065,sender -> receiver,0,True,1785283491757,692,0,False
d26723e1-d8c9-5d5d-8af6-a6be9885c51d,1785283491067,sender -> receiver,0,True,1785283491812,745,0,False
32927ff1-8a67-5ec2-b825-9bc23139ce3e,1785283492061,sender -> receiver,0,True,1785283492809,748,0,False
7ea4071c-e477-5f85-acca-9e35c21715f7,1785283492065,sender -> receiver,0,True,1785283492843,778,0,False
45ad5d73-f8f4-5ec9-825a-cbafeed49543,1785283493069,sender -> receiver,0,True,1785283493798,729,0,False
067195d5-0a94-5549-9476-3b9f53ea95f8,1785283493086,sender -> receiver,0,True,1785283493829,743,0,False
7e07e926-79c9-53a1-b6bb-3d717d8bc4bb,1785283494060,sender -> receiver,0,True,1785283494788,728,0,False
ad4781f9-334e-5080-adef-f02440c81904,1785283495070,sender -> receiver,0,True,1785283495777,707,0,False
356672d7-5662-5992-a751-897e24ef923c,1785283495072,sender -> receiver,0,True,1785283495795,723,0,False
d0fbb029-872d-5d73-ae4a-dc2f611c8dda,1785283496092,sender -> receiver,0,True,1785283496812,720,0,False
12288bf0-b223-5f67-8cb7-03d44bd6ce07,1785283496097,sender -> receiver,0,True,1785283496825,728,0,False
a443346e-9340-5cfa-8cab-08ed7259c9b3,1785283497063,sender -> receiver,0,True,1785283497798,735,0,False
0102df26-08e6-5dc2-8846-9476d660e679,1785283497065,sender -> receiver,0,True,1785283497812,747,0,False
1806dbb3-350c-5833-a61e-583ad613354d,1785283498076,sender -> receiver,0,True,1785283498840,764,0,False
b1c317cd-62c2-5716-9141-bbb07ecb8c28,1785283498084,sender -> receiver,0,True,1785283498862,778,0,False
a8b18d21-50fa-5656-8b95-d24362265ebc,1785283499104,sender -> receiver,0,True,1785283499778,674,0,False
dc8e3ea6-9931-5b1f-a3d8-25622a7cf049,1785283499109,sender -> receiver,0,True,1785283499836,727,0,False
4cc980d8-8d73-5492-9e3d-0877579d9df9,1785283500062,sender -> receiver,0,True,1785283500774,712,0,False
4c593875-be6b-57da-b7af-c408f95cac0a,1785283501102,sender -> receiver,0,True,1785283501792,690,0,False
05678221-99bc-51de-8b4b-4b6bf4ac2b04,1785283501106,sender -> receiver,0,True,1785283501845,739,0,False
1db7f159-91c3-5ba8-bfec-2c557f1a531f,1785283502068,sender -> receiver,0,True,1785283502783,715,0,False
ddd85519-92d4-5e82-9612-6f1ab94a7a2a,1785283502070,sender -> receiver,0,True,1785283502803,733,0,False
d3b5f5be-b9a6-5534-8d82-0c0cde4c7a9a,1785283503098,sender -> receiver,0,True,1785283503834,736,0,False
d424e3a5-7736-591d-b9e1-2a868780fa53,1785283503102,sender -> receiver,0,True,1785283503907,805,0,False
836ceb7e-446a-5cdc-af7d-505304d5dc6e,1785283504117,sender -> receiver,0,True,1785283504813,696,0,False
2b1a98ac-b4d1-576b-bf93-950c1ef504a5,1785283504122,sender -> receiver,0,True,1785283504861,739,0,False
818836c2-2d56-59c0-bad1-49db70321250,1785283505085,sender -> receiver,0,True,1785283505801,716,0,False
5b30ea41-44b9-543a-a62a-89d3bb21736a,1785283506107,sender -> receiver,0,True,1785283506869,762,0,False
242260cf-aeaa-5390-b1b0-ecf0b9cb9bbc,1785283506111,sender -> receiver,0,True,1785283506882,771,0,False
b7cb88e1-ca2d-5b69-bf83-a8c39fc20f51,1785283507067,sender -> receiver,0,True,1785283507800,733,0,False
1bb9ba21-4a40-567a-9833-f7c071085c83,1785283507070,sender -> receiver,0,True,1785283507821,751,0,False
5568d769-e3b2-5f11-a6e5-0b658882357c,1785283508082,sender -> receiver,0,True,1785283508783,701,0,False
576b66c2-4d91-5ac7-8d48-ce3c74fa36c4,1785283508087,sender -> receiver,0,True,1785283508863,776,0,False
43775aab-9ebd-573c-9a5a-68503515ca63,1785283509072,sender -> receiver,0,True,1785283509816,744,0,False
348d4d5b-7b58-5f75-920a-ca5eb8428c44,1785283509075,sender -> receiver,0,True,1785283509837,762,0,False
535b5b54-96f1-5a59-8673-be778588fb31,1785283510120,sender -> receiver,0,True,1785283510853,733,0,False
39ca0421-cbd5-55d7-83a7-f2912e763d19,1785283510125,sender -> receiver,0,True,1785283510869,744,0,False
5f5ed88c-188d-557a-9fa3-3a7b4938a6ea,1785283511066,sender -> receiver,0,True,1785283511841,775,0,False
2f3bb16b-e5b1-5c18-8f26-139d01e874b4,1785283512070,sender -> receiver,0,True,1785283512789,719,0,False
91ead1ee-932c-5682-99cc-fa742964a8d2,1785283512072,sender -> receiver,0,True,1785283512800,728,0,False
a01561c3-bbe0-5189-b607-67e91fa92cc5,1785283513086,sender -> receiver,0,True,1785283513803,717,0,False
2913846d-b8ce-5e49-ab09-c71a310f9b36,1785283513091,sender -> receiver,0,True,1785283513818,727,0,False
7d30b3a7-0f6f-5c5d-9052-c2936ff33cb6,1785283514097,sender -> receiver,0,True,1785283514791,694,0,False
beb1568a-df4b-5270-be28-0e8d5ff5d99f,1785283514102,sender -> receiver,0,True,1785283514841,739,0,False
de59a963-853a-5b84-86fe-52921b0dd0eb,1785283515091,sender -> receiver,0,True,1785283515800,709,0,False
385f4f02-07ce-5017-a432-0ec80cbab272,1785283515095,sender -> receiver,0,True,1785283515820,725,0,False
80756123-e058-58b1-b2cd-03e3ed33b887,1785283516067,sender -> receiver,0,True,1785283516791,724,0,False
e9a5aea4-d78d-511d-bb77-2b57b32c5154,1785283517096,sender -> receiver,0,True,1785283517827,731,0,False
c6271ac5-6d45-55a5-8cad-f7967f625886,1785283517100,sender -> receiver,0,True,1785283517847,747,0,False
829e9a41-7b27-5c92-84c0-82a8fe93e277,1785283518086,sender -> receiver,0,True,1785283518851,765,0,False
61f47510-ba43-5aa5-98d1-8a881569ae7e,1785283518114,sender -> receiver,0,True,1785283518864,750,0,False
94ffd17d-4845-53ea-8600-38c440acad08,1785283519089,sender -> receiver,0,True,1785283519789,700,0,False
abd34d67-19ea-595a-8a42-615e7f7654bd,1785283519118,sender -> receiver,0,True,1785283519808,690,0,False
ebe3f874-735c-58d3-a975-0ae8674c4ec1,1785283520092,sender -> receiver,0,True,1785283520786,694,0,False
ab65a3b9-1ca4-5f17-a5ee-df348ae3d7e0,1785283520097,sender -> receiver,0,True,1785283520803,706,0,False
fcb73678-0d51-57dd-bf92-9c34747eb608,1785283521062,sender -> receiver,0,True,1785283521775,713,0,False
412426a5-f9e8-5fbe-b2e3-f741fcaabf66,1785283521064,sender -> receiver,0,True,1785283521795,731,0,False
9f8fdd4a-cd30-5b8d-9523-ae119fd7c680,1785283522067,sender -> receiver,0,True,1785283522758,691,0,False
b072982f-6c27-52f6-a5b4-ddd83eb4f3fe,1785283523092,sender -> receiver,0,True,1785283523801,709,0,False
4f4900b8-f9db-537f-bdbe-1087521c9511,1785283523094,sender -> receiver,0,True,1785283523840,746,0,False
5a91314e-16c1-5e0a-b86c-5cc0a56b84ff,1785283524094,sender -> receiver,0,True,1785283524829,735,0,False
6d88faca-2bc3-5a1c-85b9-a5d8acccbdfe,1785283524097,sender -> receiver,0,True,1785283524843,746,0,False
fef1462c-5c48-5681-98a0-321a86743c44,1785283525103,sender -> receiver,0,True,1785283525837,734,0,False
21c39526-2805-5f45-8b72-cc0be24bf4a7,1785283525107,sender -> receiver,0,True,1785283525867,760,0,False
76792a3e-b2b7-5c40-80b4-618f61aa9f95,1785283526106,sender -> receiver,0,True,1785283526765,659,0,False
03de801c-dcf7-5e9a-82ed-d83696415c80,1785283526113,sender -> receiver,0,True,1785283526807,694,0,False
0a1a83a5-869b-548e-bac5-3585d3b0749a,1785283527072,sender -> receiver,0,True,1785283527818,746,0,False
5e08845e-4853-57bd-aff9-ad3a56df760a,1785283528077,sender -> receiver,0,True,1785283528810,733,0,False
4b7aa776-b1e1-58da-a646-350a2a6d3eb1,1785283528112,sender -> receiver,0,True,1785283528832,720,0,False
12b72fef-418b-5b99-b96d-737ae257f73c,1785283529104,sender -> receiver,0,True,1785283529849,745,0,False
0300345f-8eec-5c41-ac15-8696f9012e96,1785283529108,sender -> receiver,0,True,1785283529864,756,0,False
f0685889-4fda-5140-a54b-736b454f4fd8,1785283530097,sender -> receiver,0,True,1785283530885,788,0,False
6cb1464f-48df-5d2d-b65e-4a1d54096d0a,1785283530102,sender -> receiver,0,True,1785283530915,813,0,False
d0907deb-925f-5ba4-bf67-c341e070b422,1785283531072,sender -> receiver,0,True,1785283531824,752,0,False
cd82d6d2-d062-5386-85e0-4a9371eafd36,1785283531093,sender -> receiver,0,True,1785283531854,761,0,False
89774b7a-494d-56f6-b7f1-d2807c677f4c,1785283532083,sender -> receiver,0,True,1785283532804,721,0,False
44c80007-c428-5ee0-9d2c-407159e408b0,1785283532087,sender -> receiver,0,True,1785283532823,736,0,False
9d473977-df03-5020-b986-286a0667c312,1785283533073,sender -> receiver,0,True,1785283533799,726,0,False
78e39424-6bf6-5120-a051-4f77b20a473d,1785283534092,sender -> receiver,0,True,1785283534799,707,0,False
efef5ae8-bfc0-502b-b993-e2af6fd2bdaf,1785283534100,sender -> receiver,0,True,1785283534889,789,0,False
547d4616-76cf-5d79-9fb2-f79846999e78,1785283535097,sender -> receiver,0,True,1785283535832,735,0,False
b8b57037-d93c-5495-aa12-a8c35020b216,1785283535128,sender -> receiver,0,True,1785283535849,721,0,False
94f11c42-a59e-5e4f-b844-7060b4fe7385,1785283536092,sender -> receiver,0,True,1785283536823,731,0,False
fd71e302-d6c4-5976-bffd-0f09a39e386c,1785283536096,sender -> receiver,0,True,1785283536853,757,0,False
f1567276-fd4e-56ef-8cc1-3fc7811f3274,1785283537072,sender -> receiver,0,True,1785283537853,781,0,False
fedb638a-e216-577b-8228-e64f5eb53ffe,1785283537092,sender -> receiver,0,True,1785283537876,784,0,False
0fffc64b-3a8c-574a-bec1-29f3831112cd,1785283538088,sender -> receiver,0,True,1785283538779,691,0,False
b7c1564a-f357-5092-9537-a91b6dc7188b,1785283578766,sender -> receiver,0,True,1785283579468,702,0,False
3cb9de1b-02b7-5469-84e7-b8be23076f93,1785283578771,sender -> receiver,0,True,1785283579520,749,0,False
c43ff531-2dd4-5b1b-a3fc-114b3a1bc92a,1785283579763,sender -> receiver,0,True,1785283580454,691,0,False
e5e4c795-e48d-5bd2-9410-a8524a16907a,1785283579766,sender -> receiver,0,True,1785283580472,706,0,False
032e4e62-e3a5-52fc-94d7-c252667beba0,1785283580776,sender -> receiver,0,True,1785283581492,716,0,False
06462900-08ff-542d-b141-9ef9d048ebf3,1785283580781,sender -> receiver,0,True,1785283581501,720,0,False
01ecc01d-0a45-514d-8619-0fc41c2909af,1785283581758,sender -> receiver,0,True,1785283582484,726,0,False
28f1de4c-9995-5dbd-a156-176bad55993e,1785283581763,sender -> receiver,0,True,1785283582498,735,0,False
a0f78210-8e35-52f7-a477-14b783abb01c,1785283582765,sender -> receiver,0,True,1785283583464,699,0,False
4b00bf90-4e92-5409-a06e-1923c78583ef,1785283583760,sender -> receiver,0,True,1785283584461,701,0,False
8649ecbb-72b2-53ca-8df3-b352802f1baa,1785283583764,sender -> receiver,0,True,1785283584515,751,0,False
eb613cd8-4764-5fa6-b054-d9dfa1c2dbd0,1785283584791,sender -> receiver,0,True,1785283585534,743,0,False
3bfdddfd-f597-5f1f-b7c5-984ef1ead069,1785283584794,sender -> receiver,0,True,1785283585549,755,0,False
701cd338-1b59-5c4d-a3d5-99d6477787bf,1785283585782,sender -> receiver,0,True,1785283586491,709,0,False
14659ca2-0797-5414-aef3-44faff95e8c4,1785283585788,sender -> receiver,0,True,1785283586501,713,0,False
fa22d80c-bcbd-5cc3-a096-f7245609a277,1785283586786,sender -> receiver,0,True,1785283587483,697,0,False
5271afc1-b843-5c53-8280-92b872103ab3,1785283586795,sender -> receiver,0,True,1785283587537,742,0,False
9b46a789-cdd5-5fa0-ad04-743458aec35a,1785283587760,sender -> receiver,0,True,1785283588476,716,0,False
cc7d1106-1295-5eb4-bdc4-5962dbc05f02,1785283588784,sender -> receiver,0,True,1785283589505,721,0,False
8d816e6d-feaf-545c-a05a-e851d981ee99,1785283588793,sender -> receiver,0,True,1785283589564,771,0,False
d2cdce1f-de9f-592e-a4ea-7597e4d6b611,1785283589760,sender -> receiver,0,True,1785283590487,727,0,False
f7fc9f3b-4512-5927-80f6-731e92f8a09f,1785283589764,sender -> receiver,0,True,1785283590499,735,0,False
f82d82da-13eb-519a-bb57-efd2971ca4d7,1785283590767,sender -> receiver,0,True,1785283591485,718,0,False
42568b13-be03-5577-a038-34cab209d782,1785283590776,sender -> receiver,0,True,1785283591495,719,0,False
12e5f7f5-c285-58e7-b65d-985a1efc68e8,1785283591770,sender -> receiver,0,True,1785283592493,723,0,False
62a6dd56-e731-51d3-9ab2-5f69af5c23cf,1785283592788,sender -> receiver,0,True,1785283593521,733,0,False
f549791e-41b3-57f8-80fa-e968b4129d52,1785283592795,sender -> receiver,0,True,1785283593529,734,0,False
92ff58d4-668e-5122-95fb-91b02eced05d,1785283593786,sender -> receiver,0,True,1785283594494,708,0,False
540c6f4c-37c9-5da3-af85-2463395fcb18,1785283593809,sender -> receiver,0,True,1785283594538,729,0,False
a37ebd61-973a-5636-bc21-e02b03dd6f24,1785283594788,sender -> receiver,0,True,1785283595494,706,0,False
68622354-d472-5b10-b0c1-f93f6fcd8892,1785283594792,sender -> receiver,0,True,1785283595505,713,0,False
e9918ea2-d1ab-5a39-bf70-3a5422efc080,1785283595760,sender -> receiver,0,True,1785283596496,736,0,False
f8cc4863-6089-53f4-8842-28d1d54ee56e,1785283595764,sender -> receiver,0,True,1785283596555,791,0,False
de7bcb28-2034-503d-a4e2-f306e12e0f80,1785283596752,sender -> receiver,0,True,1785283597460,708,0,False
0126484d-031c-561b-a82d-98e990002e43,1785283597759,sender -> receiver,0,True,1785283598506,747,0,False
b67145d0-d81b-5954-a9c0-2d6cce483c31,1785283597761,sender -> receiver,0,True,1785283598523,762,0,False
a9c9f12d-c2bc-5f68-b187-625495ea6a2c,1785283598762,sender -> receiver,0,True,1785283599510,748,0,False
5c45833a-bff5-5c9a-af81-d926e568e1f7,1785283598765,sender -> receiver,0,True,1785283599521,756,0,False
7a534198-54f4-5253-8175-c7ead33e5fe8,1785283599764,sender -> receiver,0,True,1785283600523,759,0,False
8aaab051-a39d-5fc8-8782-26e8761bc070,1785283599771,sender -> receiver,0,True,1785283600540,769,0,False
9a01387b-bda8-5b23-aded-1820d9c04c90,1785283600758,sender -> receiver,0,True,1785283601479,721,0,False
e8680349-8f23-5266-b2cd-e8fabf16fc2c,1785283600765,sender -> receiver,0,True,1785283601519,754,0,False
6838bdd2-ed61-5a43-addd-13d819c17e60,1785283601754,sender -> receiver,0,True,1785283602497,743,0,False
5f10990d-3af1-56ca-bc77-18df2baa8aa5,1785283602795,sender -> receiver,0,True,1785283603506,711,0,False
84cca621-0527-561c-b583-4b3f766762f8,1785283602801,sender -> receiver,0,True,1785283603517,716,0,False
59cea5ac-649f-5645-987b-cdef1b0d441e,1785283603786,sender -> receiver,0,True,1785283604502,716,0,False
4c8bfca1-4a36-5700-bdd4-b95fbc892559,1785283603794,sender -> receiver,0,True,1785283604517,723,0,False
a714b9e2-a834-50df-8543-2c613a0cd1c3,1785283604817,sender -> receiver,0,True,1785283605523,706,0,False
5a4cae5f-d0c2-5f6b-b71c-b9c8d24f05eb,1785283604851,sender -> receiver,0,True,1785283605566,715,0,False
1b3f373f-2431-5099-acc8-ab9aedcd6bf4,1785283605757,sender -> receiver,0,True,1785283606471,714,0,False
8a9b47f9-86be-55ae-bcec-1786fdd22d02,1785283606782,sender -> receiver,0,True,1785283607513,731,0,False
5145fac4-406d-5d33-b800-a02f136859c2,1785283606789,sender -> receiver,0,True,1785283607551,762,0,False
c264ce5d-3653-50a9-a95f-da09510fb989,1785283607779,sender -> receiver,0,True,1785283608504,725,0,False
4d0ae000-ab15-50ce-b431-34f08eaf95c4,1785283607784,sender -> receiver,0,True,1785283608516,732,0,False
0ded7a55-04fb-5c83-9207-7a3e04359954,1785283608785,sender -> receiver,0,True,1785283609501,716,0,False
ee9b5ef1-de45-5565-8f9d-9b17650e8aa6,1785283608814,sender -> receiver,0,True,1785283609518,704,0,False
fb1ebe02-e687-504d-a81f-23eb7aef627a,1785283609761,sender -> receiver,0,True,1785283610486,725,0,False
40216cf5-c09e-5ed4-a98b-ee8a2c0ec82f,1785283609765,sender -> receiver,0,True,1785283610497,732,0,False
b560fc1e-39f4-5d32-a049-3f5a9c7134ff,1785283610780,sender -> receiver,0,True,1785283611496,716,0,False
39168742-8074-5144-9cc1-f94579860d1b,1785283611783,sender -> receiver,0,True,1785283612504,721,0,False
e6c33a15-39d6-59bb-94c1-ea201e89a11c,1785283611788,sender -> receiver,0,True,1785283612515,727,0,False
cc4984fd-ecb9-5330-9441-fbe0fc0ad8ef,1785283612780,sender -> receiver,0,True,1785283613492,712,0,False
a8c10bf8-9773-58c9-93d2-7641527eb2a3,1785283612785,sender -> receiver,0,True,1785283613506,721,0,False
b0fd0fc8-54af-5334-ad35-7a94a41b2a49,1785283613762,sender -> receiver,0,True,1785283614499,737,0,False
334ec6d4-ad8d-5be8-9e5c-28691ccdcb4f,1785283613765,sender -> receiver,0,True,1785283614512,747,0,False
c9917101-f4f3-522f-a608-bc2240a1734b,1785283614788,sender -> receiver,0,True,1785283615511,723,0,False
6cecfd6d-84b0-5997-b780-574b38cfa854,1785283614807,sender -> receiver,0,True,1785283615560,753,0,False
db88fa9b-ab13-5d2a-b471-89de46ec5730,1785283615773,sender -> receiver,0,True,1785283616515,742,0,False
161510f7-500d-57cc-9724-8239e196d105,1785283616789,sender -> receiver,0,True,1785283617500,711,0,False
69ec9d1c-6d82-5da4-b0b3-d8df1f49798a,1785283616794,sender -> receiver,0,True,1785283617511,717,0,False
e2ddb85e-ae43-52b4-9624-022369da4462,1785283617798,sender -> receiver,0,True,1785283618521,723,0,False
c480ab54-4b6a-5b99-be17-b05bbc607049,1785283617806,sender -> receiver,0,True,1785283618534,728,0,False
14968cf5-2914-5959-8ef9-40b37414f3d8,1785283618797,sender -> receiver,0,True,1785283619511,714,0,False
2b967107-68a5-577a-b01d-961ef28ed027,1785283618806,sender -> receiver,0,True,1785283619530,724,0,False
24e3faea-053a-5994-885e-97b72855ac9c,1785283619756,sender -> receiver,0,True,1785283620459,703,0,False
c06ca3db-d1aa-5cc1-8840-91a6a63cf1f2,1785283620755,sender -> receiver,0,True,1785283621473,718,0,False
5afe05c2-bacb-5dab-b964-25a89f373df5,1785283620759,sender -> receiver,0,True,1785283621488,729,0,False
86728467-562c-55ab-9212-1a1f7b26d7a0,1785283621763,sender -> receiver,0,True,1785283622484,721,0,False
1098ea38-09f1-5ef2-9124-1ef656955c8f,1785283621767,sender -> receiver,0,True,1785283622496,729,0,False
0eb8aff2-9c3b-5614-b5da-4b33be4532e1,1785283622796,sender -> receiver,0,True,1785283623515,719,0,False
fb8c8e22-b148-5b9f-b7ee-7f0c799c4d38,1785283622804,sender -> receiver,0,True,1785283623531,727,0,False
103c4713-c8f7-5c29-9376-51e753eb2fc8,1785283623785,sender -> receiver,0,True,1785283624506,721,0,False
7ef6602c-4ab6-5026-910c-44f40944b2db,1785283623790,sender -> receiver,0,True,1785283624522,732,0,False
f6c70344-5fa8-556e-bc96-d2f614332839,1785283624818,sender -> receiver,0,True,1785283625563,745,0,False
207e782d-abbf-53ed-9533-8d094bbfeb96,1785283625781,sender -> receiver,0,True,1785283626491,710,0,False
ae22c818-22be-5d68-a966-ea9e7b9b702b,1785283625787,sender -> receiver,0,True,1785283626502,715,0,False
9438a659-eb21-53d1-a1e0-627c7e7fb5bf,1785283626778,sender -> receiver,0,True,1785283627481,703,0,False
3e7c7274-1714-5acb-8319-6ca297f35ff8,1785283626785,sender -> receiver,0,True,1785283627497,712,0,False
615d5fed-894d-594a-ace1-1b21865bb68e,1785283627779,sender -> receiver,0,True,1785283628516,737,0,False
a6442015-d14e-504b-b009-c4a0e082df56,1785283627784,sender -> receiver,0,True,1785283628562,778,0,False
5d54adbd-cb93-57c6-a260-8a6fe534b1b0,1785283628780,sender -> receiver,0,True,1785283629546,766,0,False
4f7a7665-f85c-5573-8c92-86ab4f205c4d,1785283628787,sender -> receiver,0,True,1785283629559,772,0,False
24667d37-8a45-5882-b0e8-fd7f1ecae1ad,1785283629767,sender -> receiver,0,True,1785283630510,743,0,False
eca2e435-73fd-58e0-9cf9-236f6c6138fb,1785283630790,sender -> receiver,0,True,1785283631526,736,0,False
b4b46bbf-e5ec-5ed6-b2e6-1348b29e6498,1785283630799,sender -> receiver,0,True,1785283631547,748,0,False
d18b6dd0-aa57-5174-985d-f873d674883f,1785283631759,sender -> receiver,0,True,1785283632501,742,0,False
d16cd193-188d-5645-9e0e-07e69272789e,1785283631761,sender -> receiver,0,True,1785283632517,756,0,False
0bde4aaf-585e-5f25-bbed-039c8f38bef6,1785283632760,sender -> receiver,0,True,1785283633492,732,0,False
0081ef17-d9b2-55d6-8bf7-70f44fb9e662,1785283632768,sender -> receiver,0,True,1785283633508,740,0,False
90cd5fd6-6a1c-5d20-b5d5-f7bf58374c8a,1785283633754,sender -> receiver,0,True,1785283634454,700,0,False
b07f0ec4-a446-5c09-b215-48b5114be9f7,1785283674009,sender -> receiver,0,True,1785283674726,717,0,False
070f2417-fb64-5e65-bf70-ae93ce9f14ce,1785283674012,sender -> receiver,0,True,1785283674742,730,0,False
6c066733-9cd6-555f-9795-27d287bf4f4c,1785283675017,sender -> receiver,0,True,1785283675737,720,0,False
e9925e71-f102-5a44-b058-2ba2352f18a4,1785283675021,sender -> receiver,0,True,1785283675774,753,0,False
7ce35bc8-fc8d-5016-973f-a5567744c238,1785283676003,sender -> receiver,0,True,1785283676703,700,0,False
9f74447c-cf2a-5fc2-b826-6a83ac729e7c,1785283676005,sender -> receiver,0,True,1785283676720,715,0,False
4abb8313-701b-50c7-8335-54dc0a3cb432,1785283677028,sender -> receiver,0,True,1785283677756,728,0,False
3d991d63-2b97-5b85-9951-1a1b821ab552,1785283677036,sender -> receiver,0,True,1785283677783,747,0,False
d47a84c5-6b2a-5379-960c-e3b4fe909241,1785283678026,sender -> receiver,0,True,1785283678733,707,0,False
81cbb5d5-93e4-593e-8ade-f8309de744f9,1785283679015,sender -> receiver,0,True,1785283679734,719,0,False
14fe505a-65d1-5e18-87bb-2fc7a04ec559,1785283679019,sender -> receiver,0,True,1785283679753,734,0,False
5b47c590-3309-5e65-97b2-759bf369fee9,1785283680011,sender -> receiver,0,True,1785283680731,720,0,False
c3b27b44-240b-5039-8608-301b686bb734,1785283680013,sender -> receiver,0,True,1785283680764,751,0,False
260d016e-6406-521f-9f6b-b15338d59880,1785283681005,sender -> receiver,0,True,1785283681719,714,0,False
e16f4d4d-4aa0-5e9a-9e1b-3c32251a2f3a,1785283681008,sender -> receiver,0,True,1785283681736,728,0,False
92dc92e0-713a-5da0-8f6d-da1e8349ff74,1785283682017,sender -> receiver,0,True,1785283682733,716,0,False
7c1fc4b3-f4db-5e30-8937-486fffc1183e,1785283682022,sender -> receiver,0,True,1785283682777,755,0,False
23849ab5-57a9-54e0-8129-303f0c3ec8cd,1785283683027,sender -> receiver,0,True,1785283683731,704,0,False
be2c4c97-b92a-5c77-b254-21decddbeefb,1785283684004,sender -> receiver,0,True,1785283684723,719,0,False
52a4cc31-d1b5-5777-b007-bfebc5a38cfa,1785283684007,sender -> receiver,0,True,1785283684737,730,0,False
0850bbd1-8969-5000-9a8a-06bc140627fb,1785283685006,sender -> receiver,0,True,1785283685718,712,0,False
186c1cfb-b715-55a3-bc66-f5376c7e2f65,1785283685009,sender -> receiver,0,True,1785283685729,720,0,False
be11b1a3-e5e9-502b-bb01-ffcb4c1b780e,1785283686008,sender -> receiver,0,True,1785283686710,702,0,False
01611a1a-c93d-5888-a28d-72d862d29a91,1785283686011,sender -> receiver,0,True,1785283686735,724,0,False
c9acc028-bc36-561c-a2aa-e39d9008d193,1785283686999,sender -> receiver,0,True,1785283687744,745,0,False
c31df767-c3d5-51dc-b3f3-b9ca85f4f1be,1785283688011,sender -> receiver,0,True,1785283688722,711,0,False
fa3355d2-21be-5f28-9827-479cda46c01d,1785283688013,sender -> receiver,0,True,1785283688793,780,0,False
997ab237-5d68-51d4-9d0b-03809f872681,1785283689004,sender -> receiver,0,True,1785283689730,726,0,False
10170998-ff5e-56ab-8f4b-645ea4df2661,1785283689005,sender -> receiver,0,True,1785283689751,746,0,False
2f31c578-75c4-51a5-a3b9-9938bca0e125,1785283690015,sender -> receiver,0,True,1785283690766,751,0,False
e70cdb94-b589-530b-94dd-be8b1eaa5fff,1785283690022,sender -> receiver,0,True,1785283690794,772,0,False
e4b7294c-c2e9-58f3-a985-016a9502ef4f,1785283691023,sender -> receiver,0,True,1785283691746,723,0,False
0560a4f1-a84a-5a74-ade5-17bbfbfde963,1785283691028,sender -> receiver,0,True,1785283691758,730,0,False
a76a1860-49a6-5ce7-b6db-d4ac159bb9cc,1785283692013,sender -> receiver,0,True,1785283692722,709,0,False
6b248942-8ced-52a0-9743-b884846571d9,1785283693009,sender -> receiver,0,True,1785283693719,710,0,False
23e57921-63c3-5c65-9d5c-79a564ba995e,1785283693012,sender -> receiver,0,True,1785283693770,758,0,False
0e3cbee1-eeb9-5b17-9b7e-2d7f3c7e7b02,1785283694025,sender -> receiver,0,True,1785283694755,730,0,False
1f1fb678-f05d-5594-bf13-668a2432f92f,1785283694029,sender -> receiver,0,True,1785283694771,742,0,False
5a67d3e3-b54c-53a4-b5ea-b4bee03beefd,1785283695038,sender -> receiver,0,True,1785283695758,720,0,False
82581cc8-97d9-5f02-80db-f767040331a4,1785283695044,sender -> receiver,0,True,1785283695817,773,0,False
db567912-2f0e-5bc8-8079-1ef9a05f72e5,1785283696006,sender -> receiver,0,True,1785283696729,723,0,False
457cb4e9-cd3c-598e-a631-3c1b95176f6f,1785283696009,sender -> receiver,0,True,1785283696743,734,0,False
c25821f7-63b0-5262-b645-e8bd0a37f54c,1785283697007,sender -> receiver,0,True,1785283697784,777,0,False
64d2c1a6-e4b9-58de-98bd-0c231cff662f,1785283698051,sender -> receiver,0,True,1785283698776,725,0,False
1d381173-5a13-5b57-9df9-dc385d3a7b71,1785283698057,sender -> receiver,0,True,1785283698805,748,0,False
56fd5c44-ecce-5cc2-9cdd-42a82feb1495,1785283699006,sender -> receiver,0,True,1785283699723,717,0,False
a4f5fe57-7f16-567d-94d1-e64750cd9c67,1785283699009,sender -> receiver,0,True,1785283699747,738,0,False
6bfc6b42-2c2d-5866-b8fb-b9dc40f89032,1785283700039,sender -> receiver,0,True,1785283700740,701,0,False
8ba5e2a5-0b7f-5b1b-aa74-6b2a6238cd65,1785283700044,sender -> receiver,0,True,1785283700750,706,0,False
9a544dd9-48ef-5616-89fb-a5a99361b395,1785283701001,sender -> receiver,0,True,1785283701733,732,0,False
536676fa-a64c-546a-b6d0-f723a0a649ba,1785283702005,sender -> receiver,0,True,1785283702736,731,0,False
18dcb448-c71f-5c09-a6d2-1db42769f88d,1785283702007,sender -> receiver,0,True,1785283702760,753,0,False
b451175a-5f94-5f04-8114-1d3fe075cf50,1785283703014,sender -> receiver,0,True,1785283703719,705,0,False
2abf6873-2343-5147-9d9d-456cd52affea,1785283703021,sender -> receiver,0,True,1785283703738,717,0,False
e3d13f10-217d-5b57-aa23-fb17cd000d2d,1785283704005,sender -> receiver,0,True,1785283704722,717,0,False
33b564d9-bba3-587c-817a-ab9a6ce1605d,1785283704008,sender -> receiver,0,True,1785283704736,728,0,False
e448dfbd-b219-558e-83c5-1fd46b452172,1785283705014,sender -> receiver,0,True,1785283705747,733,0,False
8b27cc9d-1f02-58c4-9481-91391cc541cf,1785283705017,sender -> receiver,0,True,1785283705770,753,0,False
f0cb1741-666f-5adc-9c7c-2cc459301230,1785283706002,sender -> receiver,0,True,1785283706734,732,0,False
e4996e52-069a-5b7b-a633-322db0adb78e,1785283707007,sender -> receiver,0,True,1785283707729,722,0,False
937ff3a1-c545-51d5-95f7-94303df6ba2b,1785283707009,sender -> receiver,0,True,1785283707754,745,0,False
f73b05c5-a78c-55a2-be61-c4c292d82746,1785283708030,sender -> receiver,0,True,1785283708763,733,0,False
8ea9c873-e319-5dbe-80de-b3c7561cbbf1,1785283708035,sender -> receiver,0,True,1785283708785,750,0,False
90802125-bff5-5bef-8e04-bddd02a922e2,1785283709022,sender -> receiver,0,True,1785283709751,729,0,False
802ad967-9ed3-5c70-aac3-40df4974a93c,1785283709027,sender -> receiver,0,True,1785283709776,749,0,False
b8656f4c-2ffc-5a06-a291-c2a6be659b3f,1785283710018,sender -> receiver,0,True,1785283710727,709,0,False
09fb4353-997b-5634-a9bb-5b116a611573,1785283710021,sender -> receiver,0,True,1785283710747,726,0,False
140365bc-0844-5cfb-8c41-15d7817ee4a4,1785283711005,sender -> receiver,0,True,1785283711771,766,0,False
74b557ad-99d6-572f-bf0a-eb0bc56b321b,1785283712012,sender -> receiver,0,True,1785283712730,718,0,False
aabd64e6-a192-5111-9f9c-0818286e2c5f,1785283712016,sender -> receiver,0,True,1785283712744,728,0,False
7937990d-84b2-5711-add3-9d1f6ce9c8a5,1785283713032,sender -> receiver,0,True,1785283713768,736,0,False
7b4959f3-d5a3-5cdb-afda-4aea92c520de,1785283713036,sender -> receiver,0,True,1785283713787,751,0,False
3fda37a3-a3ae-5d06-8565-c6a0b07f8fd7,1785283714014,sender -> receiver,0,True,1785283714754,740,0,False
56658b17-687e-5527-ab07-6b60aa653f7f,1785283714017,sender -> receiver,0,True,1785283714774,757,0,False
6ea382b0-21ac-583f-8863-9e335e741b8a,1785283715006,sender -> receiver,0,True,1785283715720,714,0,False
fc9ef1cb-15d6-5c8e-9ab4-5e49c7abc8bd,1785283716005,sender -> receiver,0,True,1785283716726,721,0,False
6b8ae091-d45a-5cdf-a239-c65b0174f1cb,1785283716012,sender -> receiver,0,True,1785283716750,738,0,False
4220adfb-5b15-530d-8844-40ce5d07652c,1785283717035,sender -> receiver,0,True,1785283717771,736,0,False
805bd9f2-9180-5bf7-a8a6-b21bb359e585,1785283717039,sender -> receiver,0,True,1785283717784,745,0,False
047fb88c-41ff-5e39-a93b-d266f6410064,1785283718024,sender -> receiver,0,True,1785283718803,779,0,False
b999bc87-b969-5442-b7d5-69b727fe19e8,1785283718029,sender -> receiver,0,True,1785283718830,801,0,False
f6a4ef35-23e5-5990-ab30-2acccd975322,1785283719006,sender -> receiver,0,True,1785283719740,734,0,False
d56d8a1c-9684-5afa-a758-6a5b5d20f0f4,1785283719009,sender -> receiver,0,True,1785283719758,749,0,False
f74af91f-0379-5347-bc51-75874fbad95e,1785283720042,sender -> receiver,0,True,1785283720781,739,0,False
2647743f-77f6-5896-a008-108c64d0e0d2,1785283721051,sender -> receiver,0,True,1785283721762,711,0,False
3f64690f-9034-56fe-87fd-746e261f3694,1785283721053,sender -> receiver,0,True,1785283721773,720,0,False
9967ec52-92fc-5974-b268-793f0f5a647d,1785283722019,sender -> receiver,0,True,1785283722752,733,0,False
b0674aff-8e7a-5e56-9991-399a49fad4a3,1785283722022,sender -> receiver,0,True,1785283722766,744,0,False
0218e511-da3f-5462-8dbe-ff449d861102,1785283723014,sender -> receiver,0,True,1785283723740,726,0,False
955c2bb8-8943-5415-b99a-86c80c8bf758,1785283723016,sender -> receiver,0,True,1785283723760,744,0,False
d294e996-cabf-53c7-9ebb-15d616e974c2,1785283724014,sender -> receiver,0,True,1785283724732,718,0,False
bb723da4-e2a5-5118-9733-8abc9592ae73,1785283724018,sender -> receiver,0,True,1785283724757,739,0,False
086bdd28-d3cd-5f04-9b45-cced0f1a3d83,1785283725022,sender -> receiver,0,True,1785283725730,708,0,False
fb9c198f-803b-5b82-9d4a-3c105bf3018e,1785283726045,sender -> receiver,0,True,1785283726745,700,0,False
2cac1c4d-02ae-5ea6-b5bf-d981bbedd467,1785283726051,sender -> receiver,0,True,1785283726761,710,0,False
05b939eb-7fb7-5f63-9470-56d413117d8f,1785283727005,sender -> receiver,0,True,1785283727738,733,0,False
db89bb3e-5d9a-51cb-9417-6723d5010b58,1785283727007,sender -> receiver,0,True,1785283727777,770,0,False
87f97273-331d-5304-a1cd-40906fdb399c,1785283728035,sender -> receiver,0,True,1785283728748,713,0,False
3cc47cb0-360e-5c5e-8dbe-42ed2b87e12d,1785283728040,sender -> receiver,0,True,1785283728783,743,0,False
14fe8cee-92a5-5135-961e-5b002df7dc81,1785283729016,sender -> receiver,0,True,1785283729730,714,0,False
6799c7d5-49b2-512f-9122-116ac2db6486,1785283770166,sender -> receiver,0,True,1785283770895,729,0,False
79cfc946-bac2-5763-b038-52175739abba,1785283770168,sender -> receiver,0,True,1785283770907,739,0,False
291fab3c-bc34-5bdf-9bec-d3963d18727b,1785283771209,sender -> receiver,0,True,1785283771943,734,0,False
6189d9bb-f7bf-58fb-84ea-edb43ca80f33,1785283771214,sender -> receiver,0,True,1785283771966,752,0,False
929f01ab-4683-542c-a34d-3f65dc7f9f99,1785283772169,sender -> receiver,0,True,1785283772887,718,0,False
42bf991f-974d-56bd-b519-a9547ddc3418,1785283772170,sender -> receiver,0,True,1785283772912,742,0,False
9fb3faba-1f7f-591b-b4a7-e08085bbfbcf,1785283773190,sender -> receiver,0,True,1785283773943,753,0,False
68089f80-7fc6-50ed-bcc1-68657d32d8bc,1785283773194,sender -> receiver,0,True,1785283773956,762,0,False
eeebe38b-bbe5-5eae-9028-79017f0796eb,1785283774202,sender -> receiver,0,True,1785283774905,703,0,False
03770c83-67aa-5061-b07d-6690025c3322,1785283774207,sender -> receiver,0,True,1785283774916,709,0,False
8e0e930c-8d41-58ec-bb5f-8f3f1837b179,1785283775189,sender -> receiver,0,True,1785283775905,716,0,False
61306daa-32d2-55be-a0b5-8690a46a0882,1785283776170,sender -> receiver,0,True,1785283776889,719,0,False
b1f512dc-4f69-5542-85d0-59d7249edd95,1785283776174,sender -> receiver,0,True,1785283776910,736,0,False
611b9db1-1c40-596f-8a26-2ec574ba9e74,1785283777189,sender -> receiver,0,True,1785283777926,737,0,False
7d3a9a21-dbe2-5c9c-b162-ace7e411ed80,1785283777195,sender -> receiver,0,True,1785283777954,759,0,False
bb777a55-12ba-5aa0-b611-add9ddceae7d,1785283778198,sender -> receiver,0,True,1785283778921,723,0,False
ec8d69ed-525e-5bee-8edc-d92c99dd7680,1785283778204,sender -> receiver,0,True,1785283778937,733,0,False
2dbdb774-7926-5437-85a9-661bd0d407bb,1785283779200,sender -> receiver,0,True,1785283779905,705,0,False
788cb5a7-a2c4-500f-90b1-99a3fac31f33,1785283779207,sender -> receiver,0,True,1785283779935,728,0,False
6847eb04-e435-59c6-b5cc-68072e70c21c,1785283780170,sender -> receiver,0,True,1785283780878,708,0,False
1619220e-c83f-540d-92b0-5571a81b91d7,1785283781186,sender -> receiver,0,True,1785283781888,702,0,False
406349a6-c7f4-5123-82dc-52117db59932,1785283781192,sender -> receiver,0,True,1785283781946,754,0,False
78ea4bb9-1244-56c3-8080-f9299d0d5e74,1785283782175,sender -> receiver,0,True,1785283782919,744,0,False
8e946ec5-5d33-5f9b-98a2-77f51277a708,1785283782179,sender -> receiver,0,True,1785283782935,756,0,False
8d658285-61e7-5b0f-9df2-d2aa988c886d,1785283783176,sender -> receiver,0,True,1785283783922,746,0,False
f141f652-b1bb-582b-9161-6c43a3b04dd1,1785283783179,sender -> receiver,0,True,1785283783934,755,0,False
8926c7b7-b50d-5364-af38-aa3b6ce66c78,1785283784204,sender -> receiver,0,True,1785283784943,739,0,False
941eb832-b6a8-53d1-89a0-eb116e464338,1785283784209,sender -> receiver,0,True,1785283784956,747,0,False
9e458d76-abcb-5957-8871-87bac171f4bb,1785283785169,sender -> receiver,0,True,1785283785877,708,0,False
a19c0dc7-ae7f-5b2d-831c-32acec1984a6,1785283785174,sender -> receiver,0,True,1785283785897,723,0,False
1290fd7a-61c4-5739-9cf8-1e3d59d6a8da,1785283786164,sender -> receiver,0,True,1785283786875,711,0,False
6950a120-3425-5000-bf8f-09b9494af76f,1785283787217,sender -> receiver,0,True,1785283787917,700,0,False
b13c4d4d-3044-5dd2-8e1d-fc35d8607e48,1785283787225,sender -> receiver,0,True,1785283787948,723,0,False
d7de557a-4e8a-5b2d-b91e-da8f689a3313,1785283788197,sender -> receiver,0,True,1785283788887,690,0,False
574b7820-e9f0-5d3f-af67-edbafc94f8de,1785283788202,sender -> receiver,0,True,1785283788927,725,0,False
9878c758-d9e1-580f-a7a1-a8ddecb24389,1785283789185,sender -> receiver,0,True,1785283789889,704,0,False
61820fc3-f708-540e-9f8b-3a4fbfa206a4,1785283789191,sender -> receiver,0,True,1785283789901,710,0,False
a8b53530-82bb-590a-85f0-6501db88b481,1785283790192,sender -> receiver,0,True,1785283790929,737,0,False
48886092-c354-5a55-8368-9025c1f80141,1785283790199,sender -> receiver,0,True,1785283790976,777,0,False
ad820f67-4732-5c91-9ad5-e9e816e2672c,1785283791192,sender -> receiver,0,True,1785283791923,731,0,False
773771fb-4394-5aad-8443-4b714d04fe3f,1785283792174,sender -> receiver,0,True,1785283792914,740,0,False
c2610574-7c6f-5d2f-8670-f49f135659fa,1785283792178,sender -> receiver,0,True,1785283792946,768,0,False
e44440f2-6270-5eab-9762-9df029a4e5a7,1785283793178,sender -> receiver,0,True,1785283793911,733,0,False
6c5f4864-3c15-5330-8b68-8d9a23c9a7eb,1785283793188,sender -> receiver,0,True,1785283793925,737,0,False
8c9df9fd-8c1d-5edb-ae4a-f0356e7788e3,1785283794213,sender -> receiver,0,True,1785283794989,776,0,False
73de655a-2728-5814-b064-ab50c2879a4b,1785283794218,sender -> receiver,0,True,1785283795055,837,0,False
307c2b19-efdd-57a9-843b-faa26e1832e0,1785283795174,sender -> receiver,0,True,1785283795869,695,0,False
dc046e15-eceb-5610-afff-41a1448d641b,1785283795182,sender -> receiver,0,True,1785283795890,708,0,False
12569f61-6d5c-59f5-89d4-c05d16b2396a,1785283796183,sender -> receiver,0,True,1785283796928,745,0,False
6508f614-7771-5dd6-b268-4d0a7958774e,1785283796193,sender -> receiver,0,True,1785283796939,746,0,False
3a3a1739-7117-5e37-b8f7-7a9b10683fac,1785283797187,sender -> receiver,0,True,1785283797906,719,0,False
0d61120c-9fbe-513e-8a16-15c88f6eed11,1785283798197,sender -> receiver,0,True,1785283798940,743,0,False
04f9c860-fbc5-5704-9349-0bc9b167a756,1785283798203,sender -> receiver,0,True,1785283798956,753,0,False
55b7632d-0b80-5bc1-bbae-626a6acbda6b,1785283799204,sender -> receiver,0,True,1785283799933,729,0,False
4d76df26-d773-5538-a46a-65a40d8282fd,1785283799211,sender -> receiver,0,True,1785283799967,756,0,False
4c87bb90-4303-5020-bb7c-6920b050f7bc,1785283800192,sender -> receiver,0,True,1785283800926,734,0,False
6e8f22c3-1a57-5212-83a2-ac580ff745a5,1785283800201,sender -> receiver,0,True,1785283800944,743,0,False
df341c83-6253-5b10-9b32-a4150fdbc19d,1785283801175,sender -> receiver,0,True,1785283801909,734,0,False
5111ba0d-38c1-5728-9191-e12b4e6ed5e7,1785283801184,sender -> receiver,0,True,1785283801937,753,0,False
114de41e-a120-538d-b39b-5b19f93772a6,1785283802178,sender -> receiver,0,True,1785283802904,726,0,False
71bf75ce-acd3-541a-ae61-310e0499ea50,1785283803181,sender -> receiver,0,True,1785283803889,708,0,False
765d617d-9f9a-5735-990b-3dfb7a21fba7,1785283803185,sender -> receiver,0,True,1785283803919,734,0,False
7a12b02a-f104-514a-87c3-ff97c8d90e68,1785283804173,sender -> receiver,0,True,1785283804880,707,0,False
ac859487-9652-5d68-b2a6-22aa67f438b7,1785283804176,sender -> receiver,0,True,1785283804895,719,0,False
3429baa2-c4c4-5cdb-8635-c18df4a9e40a,1785283805196,sender -> receiver,0,True,1785283805916,720,0,False
ba3f3b3b-02e4-52b3-8630-3cca1909907c,1785283805201,sender -> receiver,0,True,1785283805931,730,0,False
41137698-1853-5a53-979b-bc1c212812cd,1785283806207,sender -> receiver,0,True,1785283806951,744,0,False
cca1edce-ee45-5803-a810-6d0dfac68aef,1785283806211,sender -> receiver,0,True,1785283806974,763,0,False
5f26b534-ba99-52e5-9721-5cd1e710d7ad,1785283807178,sender -> receiver,0,True,1785283807903,725,0,False
200ee160-22f7-5271-a0ab-07cf22cc608c,1785283807181,sender -> receiver,0,True,1785283807933,752,0,False
ffaa87bc-0dd3-539a-96f8-f5681d03883d,1785283808166,sender -> receiver,0,True,1785283808887,721,0,False
f478c32d-f224-52c6-a7df-51608a732554,1785283809180,sender -> receiver,0,True,1785283809912,732,0,False
5c7ac08b-d27d-59fc-bd01-56e33ca81cd8,1785283809183,sender -> receiver,0,True,1785283809929,746,0,False
67a15e58-c752-573a-a612-cbdd3c017720,1785283810183,sender -> receiver,0,True,1785283810994,811,0,False
679817c0-0210-5162-a891-b26264046373,1785283810190,sender -> receiver,0,True,1785283811061,871,0,False
e2330302-2f6c-5e96-b442-b4cf65b5467c,1785283811177,sender -> receiver,0,True,1785283811892,715,0,False
b2bedb17-b3d2-51b7-9894-d9125adb4d51,1785283811180,sender -> receiver,0,True,1785283811935,755,0,False
572ba2b4-23e0-56e7-a796-73b1df7c3179,1785283812170,sender -> receiver,0,True,1785283812887,717,0,False
c695177e-cc12-568f-a5cc-27b384931c8c,1785283812173,sender -> receiver,0,True,1785283812902,729,0,False
573bd660-d63b-51c8-b961-e65ce4c672d1,1785283813186,sender -> receiver,0,True,1785283813894,708,0,False
2946a31b-3c81-5c3f-bda0-d5c0075d64a0,1785283814178,sender -> receiver,0,True,1785283814902,724,0,False
c45eca65-0a90-551d-8614-9c70cba45781,1785283814181,sender -> receiver,0,True,1785283814921,740,0,False
ef12f632-1348-5586-a466-b29207d04399,1785283815203,sender -> receiver,0,True,1785283815899,696,0,False
25e8fb59-58e8-5584-8013-f4f3362760bb,1785283815209,sender -> receiver,0,True,1785283815945,736,0,False
847ccd2d-5280-5fa9-baab-fadd666b3bc3,1785283816191,sender -> receiver,0,True,1785283816926,735,0,False
982d9f22-30b9-5bd6-b6f6-7b6d77a65265,1785283816194,sender -> receiver,0,True,1785283817000,806,0,False
7874f949-0fd8-5352-ad4f-77e3fcbcd79e,1785283817173,sender -> receiver,0,True,1785283817881,708,0,False
94977132-3c55-58c7-b588-e46b114d847e,1785283817177,sender -> receiver,0,True,1785283817901,724,0,False
e88e7c4e-0a4a-58a8-af9c-2f960798ae23,1785283818196,sender -> receiver,0,True,1785283818929,733,0,False
fcab8cd5-ce39-535a-8ddc-3ae5e92422a5,1785283818204,sender -> receiver,0,True,1785283818943,739,0,False
809c7b70-edd1-5f9c-8a56-46369da94846,1785283819184,sender -> receiver,0,True,1785283819915,731,0,False
099f8ae8-c6d8-5ccd-b4cf-5577e6a04d36,1785283820182,sender -> receiver,0,True,1785283820900,718,0,False
f4b3fae0-6be6-5137-9e21-2e5804920f45,1785283820191,sender -> receiver,0,True,1785283820936,745,0,False
9892c005-7bfe-5ee4-aa55-58cce8fb4e5f,1785283821177,sender -> receiver,0,True,1785283821889,712,0,False
b93a593f-dfcc-53e4-918f-e09fecba9790,1785283821181,sender -> receiver,0,True,1785283821912,731,0,False
f6bcff15-c45c-57c0-af46-c60745960399,1785283822189,sender -> receiver,0,True,1785283822925,736,0,False
103e3108-1a6a-5cc4-9e57-1c96a29678ff,1785283822195,sender -> receiver,0,True,1785283822940,745,0,False
152e9e24-f543-5c69-99bf-8d315d6b39f1,1785283823171,sender -> receiver,0,True,1785283823909,738,0,False
d7c2984d-5969-5fb8-aa14-3c530c6a5ce3,1785283823175,sender -> receiver,0,True,1785283823919,744,0,False
c525d6a1-a200-510d-8027-9567a4d22b49,1785283824167,sender -> receiver,0,True,1785283824889,722,0,False
bb1fbcbd-1ad7-5887-a799-95599d48ddad,1785283864417,sender -> receiver,0,True,1785283865123,706,0,False
5e76d382-8941-5526-9f37-356c053a3aed,1785283864421,sender -> receiver,0,True,1785283865140,719,0,False
1d7da465-2439-5a70-9205-31a5b5389495,1785283865405,sender -> receiver,0,True,1785283866104,699,0,False
5713ad71-43cc-5cf7-ab99-ad075b882848,1785283865407,sender -> receiver,0,True,1785283866121,714,0,False
75e1b40f-e585-5f1d-888d-86bd13010d49,1785283866433,sender -> receiver,0,True,1785283867153,720,0,False
c8c638f3-6064-50ad-bc98-4f9931714d55,1785283866438,sender -> receiver,0,True,1785283867173,735,0,False
42c10538-ce1a-5e15-b49a-d1172ff2be10,1785283867395,sender -> receiver,0,True,1785283868100,705,0,False
0d08b968-20ae-5b13-aa96-24c65ec63573,1785283867397,sender -> receiver,0,True,1785283868155,758,0,False
acc38c92-b4c3-51f1-86cd-08339cd4d2df,1785283868407,sender -> receiver,0,True,1785283869142,735,0,False
ca5878fe-3362-542a-b27b-d74b6c63241e,1785283869409,sender -> receiver,0,True,1785283870111,702,0,False
18676718-f321-5b47-9649-ae27af888d5e,1785283869413,sender -> receiver,0,True,1785283870131,718,0,False
ddc8f591-fb45-52ec-8c86-2b195ddc2700,1785283870431,sender -> receiver,0,True,1785283871167,736,0,False
16bbe453-0e0d-55a8-95cf-0cb70f700fa2,1785283870437,sender -> receiver,0,True,1785283871193,756,0,False
b0aab56e-7463-55dd-9569-bc584dcc8148,1785283871433,sender -> receiver,0,True,1785283872153,720,0,False
e261e185-719d-585d-a4a7-b2989c3171ae,1785283871438,sender -> receiver,0,True,1785283872179,741,0,False
68f6cc4b-a265-5e81-a590-27b72da2ff09,1785283872394,sender -> receiver,0,True,1785283873080,686,0,False
deeb4929-27e5-5ec2-b6cd-8a97e8d07df4,1785283872396,sender -> receiver,0,True,1785283873092,696,0,False
3212eaf8-ca91-5913-8179-90293aa93d66,1785283873396,sender -> receiver,0,True,1785283874140,744,0,False
16ebcca1-f0cb-5d41-bedd-82ffe1d4203b,1785283874403,sender -> receiver,0,True,1785283875126,723,0,False
4b0823c3-4029-52e1-b85b-adeb78f2774e,1785283874405,sender -> receiver,0,True,1785283875148,743,0,False
abf7c8b1-455c-550e-aa4b-1396d8cfcf95,1785283875398,sender -> receiver,0,True,1785283876131,733,0,False
c72edc43-9067-56fa-99c5-cae36f80cf9a,1785283875401,sender -> receiver,0,True,1785283876145,744,0,False
3c53d3ad-b0c5-5f3a-ac96-d669929265bf,1785283876401,sender -> receiver,0,True,1785283877087,686,0,False
d8bb0541-dec8-5e5c-ae16-23be0d2238c4,1785283876404,sender -> receiver,0,True,1785283877104,700,0,False
9aa4f67a-6d2d-5d08-aaf8-5c939957a9fc,1785283877410,sender -> receiver,0,True,1785283878142,732,0,False
6e734306-3536-5177-ad38-4c7edd22c969,1785283878420,sender -> receiver,0,True,1785283879153,733,0,False
6f50747d-3346-5a76-8c9e-fd6290f04f3f,1785283878424,sender -> receiver,0,True,1785283879167,743,0,False
77d834f7-93d9-5ce6-a664-8e7ea8fd75c3,1785283879400,sender -> receiver,0,True,1785283880103,703,0,False
91797efe-b689-55d0-895e-793fb687a198,1785283879402,sender -> receiver,0,True,1785283880166,764,0,False
7c75885d-d679-5cd3-850c-11d9f6379b8e,1785283880416,sender -> receiver,0,True,1785283881152,736,0,False
e548bf78-29e5-5256-9ea8-1dac7e1acaaf,1785283880418,sender -> receiver,0,True,1785283881171,753,0,False
d722919b-2a4a-5eb1-a2cb-d081326f9e42,1785283881395,sender -> receiver,0,True,1785283882091,696,0,False
2b1e29a9-11df-54c9-93fd-4afebd4178f7,1785283881397,sender -> receiver,0,True,1785283882111,714,0,False
621dc058-bb28-5628-8e60-7bda1ea831d1,1785283882399,sender -> receiver,0,True,1785283883114,715,0,False
b612f745-76ca-5392-8d4d-ff4726d48fb3,1785283883404,sender -> receiver,0,True,1785283884117,713,0,False
55a9d7ea-93c0-5d86-b032-5e89dd39e36a,1785283883406,sender -> receiver,0,True,1785283884141,735,0,False
f2c5a7d4-076b-53ca-91db-df89be89dab5,1785283884408,sender -> receiver,0,True,1785283885145,737,0,False
3f197963-93eb-5c25-8316-9139cce66082,1785283884416,sender -> receiver,0,True,1785283885163,747,0,False
64879a3a-2728-5849-b74b-48ac4232d2c2,1785283885401,sender -> receiver,0,True,1785283886117,716,0,False
f82b49dc-8c66-5359-8ff7-f4f1f61b4146,1785283885404,sender -> receiver,0,True,1785283886132,728,0,False
93e21ce6-21df-5d46-aa54-ebd284b17a8d,1785283886441,sender -> receiver,0,True,1785283887193,752,0,False
39a1f453-f3ad-5f44-ae19-674f350606c4,1785283886447,sender -> receiver,0,True,1785283887204,757,0,False
bc6dda2f-94d9-5962-a81c-ca405650e981,1785283887396,sender -> receiver,0,True,1785283888123,727,0,False
1f8fb2d7-a816-5a5b-aeb9-87845ed66317,1785283888412,sender -> receiver,0,True,1785283889116,704,0,False
69e42b83-90f5-5b49-bb3b-c2ff391fc8b1,1785283888415,sender -> receiver,0,True,1785283889171,756,0,False
b366bd5a-7b29-56a2-b530-90ef00e478e6,1785283889409,sender -> receiver,0,True,1785283890108,699,0,False
d3fa6589-8e02-5ca8-98bf-6751755b0c06,1785283889414,sender -> receiver,0,True,1785283890178,764,0,False
4b6f34ce-145d-5b6d-a812-bcc5e3a2ced6,1785283890426,sender -> receiver,0,True,1785283891146,720,0,False
244420c9-6b55-5cd1-9097-7ad8aeda3929,1785283890454,sender -> receiver,0,True,1785283891171,717,0,False
7f564fad-0c45-5e58-9ef6-59684fcfe18d,1785283891399,sender -> receiver,0,True,1785283892124,725,0,False
d0254277-0548-5814-bb6d-5c5b55ea6239,1785283892396,sender -> receiver,0,True,1785283893123,727,0,False
2a2bc94d-f2cb-5065-b2bb-cedc9efac227,1785283892399,sender -> receiver,0,True,1785283893190,791,0,False
08d470e4-98a3-5418-9a39-91af8b81ba01,1785283893406,sender -> receiver,0,True,1785283894119,713,0,False
d5c7b645-c399-5b29-b9ec-358c88979c55,1785283893413,sender -> receiver,0,True,1785283894139,726,0,False
e872084f-89ff-5b67-b3bc-4cc175a881c0,1785283894448,sender -> receiver,0,True,1785283895135,687,0,False
24e47e30-cbd1-56d2-8cd5-ccc76a182c8d,1785283894453,sender -> receiver,0,True,1785283895181,728,0,False
64df97a7-1963-5404-b440-69d1cc8a2792,1785283895421,sender -> receiver,0,True,1785283896144,723,0,False
8b328fd5-1a54-5520-9690-286ab17fa6cb,1785283895426,sender -> receiver,0,True,1785283896170,744,0,False
89581874-3634-5b6f-a264-64046e7b5cd7,1785283896395,sender -> receiver,0,True,1785283897126,731,0,False
94916ead-36fa-5c43-8761-e808eede2d65,1785283897406,sender -> receiver,0,True,1785283898106,700,0,False
7cba369d-5917-5f12-8882-b2c525acd9e2,1785283897408,sender -> receiver,0,True,1785283898129,721,0,False
b49f3104-31e9-5b74-90e3-8af8ba68201f,1785283898397,sender -> receiver,0,True,1785283899092,695,0,False
0de0fc63-63a6-54ca-be72-744face4daa5,1785283898400,sender -> receiver,0,True,1785283899110,710,0,False
47d8b048-f703-5b1b-a1b3-82e1f1bbc4a6,1785283899419,sender -> receiver,0,True,1785283900159,740,0,False
4d777d80-d44f-58e5-a51c-5b5f1a4171fe,1785283899423,sender -> receiver,0,True,1785283900224,801,0,False
4eab7788-25fc-581d-8a53-334fbed18a43,1785283900422,sender -> receiver,0,True,1785283901124,702,0,False
0335baaf-c7d7-58b2-815a-a5c0d94f42dc,1785283900430,sender -> receiver,0,True,1785283901136,706,0,False
f222880b-60f9-5964-afa9-86f82b52e1b9,1785283901396,sender -> receiver,0,True,1785283902116,720,0,False
a411df19-3130-506a-9edc-b9a1275a2a2a,1785283902411,sender -> receiver,0,True,1785283903114,703,0,False
ee2e3256-0004-5c44-9aeb-7caa097e261a,1785283902413,sender -> receiver,0,True,1785283903134,721,0,False
053ccb4f-b94f-5053-a303-c868022d1639,1785283903405,sender -> receiver,0,True,1785283904095,690,0,False
f38d3b75-18f9-5671-9728-c5163c5fda20,1785283903409,sender -> receiver,0,True,1785283904142,733,0,False
456845d9-1302-516a-bc29-d45e6a470ea8,1785283904408,sender -> receiver,0,True,1785283905145,737,0,False
98ebbd9e-ea52-5a2a-b841-6e23710e5b7e,1785283904413,sender -> receiver,0,True,1785283905171,758,0,False
35fb9cc2-322e-56ba-88d9-f5f194d062ed,1785283905398,sender -> receiver,0,True,1785283906116,718,0,False
272b82c4-d2c7-51c1-96c9-af004d6fa7e3,1785283906412,sender -> receiver,0,True,1785283907102,690,0,False
c644ae9f-5676-5212-8595-0f1b44a90575,1785283906435,sender -> receiver,0,True,1785283907119,684,0,False
901a0cf5-7474-5788-89e0-45a3aee6db0b,1785283907413,sender -> receiver,0,True,1785283908167,754,0,False
3efc2f6b-b637-5620-a27a-02cc88e8d9ba,1785283907417,sender -> receiver,0,True,1785283908185,768,0,False
737f59a7-e219-5c15-99f5-e4c8b32e233b,1785283908417,sender -> receiver,0,True,1785283909129,712,0,False
26a4cc0a-daec-581b-b81a-5a9c7135df49,1785283908421,sender -> receiver,0,True,1785283909144,723,0,False
15cf34bd-fcaf-58db-a470-2a4654ad2cb1,1785283909399,sender -> receiver,0,True,1785283910116,717,0,False
d72b39f3-d1cf-577c-96b4-492a72c53501,1785283909401,sender -> receiver,0,True,1785283910134,733,0,False
896213f4-1781-5b9c-8b67-490e971e6678,1785283910396,sender -> receiver,0,True,1785283911121,725,0,False
af9d096f-2a14-5ee1-b541-d194c104a90f,1785283911403,sender -> receiver,0,True,1785283912099,696,0,False
ad3fc344-85bb-5aff-a62b-ebb5a9916c2f,1785283911409,sender -> receiver,0,True,1785283912112,703,0,False
d2b56dc6-89e2-5012-8b10-9297ee1b6d39,1785283912418,sender -> receiver,0,True,1785283913154,736,0,False
9d3dcfd1-4f70-56cd-8784-fe764f47faba,1785283912422,sender -> receiver,0,True,1785283913181,759,0,False
73598181-6ee3-5011-b3ac-a21d50240aa5,1785283913400,sender -> receiver,0,True,1785283914127,727,0,False
084c41fc-794d-54f6-9ba5-e122ec1bee99,1785283913403,sender -> receiver,0,True,1785283914143,740,0,False
80e34a69-44ff-56a4-b149-2b7aa0261a33,1785283914409,sender -> receiver,0,True,1785283915116,707,0,False
3fb5c2d1-08af-5a1e-8aa4-3a61dc67f7ee,1785283914413,sender -> receiver,0,True,1785283915127,714,0,False
a50c1c5c-fbb2-58bb-a1d0-3f4aab75239c,1785283915412,sender -> receiver,0,True,1785283916109,697,0,False
f998cdad-fb04-503d-b507-f48853720fac,1785283916414,sender -> receiver,0,True,1785283917172,758,0,False
ed48f48e-8cdc-5540-b4e2-55d94d6245a5,1785283916418,sender -> receiver,0,True,1785283917189,771,0,False
93d0a9a3-267f-58a5-9660-f8f8de4389b1,1785283917405,sender -> receiver,0,True,1785283918143,738,0,False
b43ba197-268e-59ab-8f21-2723d56a82b9,1785283917407,sender -> receiver,0,True,1785283918155,748,0,False
bfd834b7-e807-53c3-9168-a6459818f5d1,1785283918404,sender -> receiver,0,True,1785283919116,712,0,False
8a3d5cd9-f451-5202-b098-d33fe361f008,1785283918409,sender -> receiver,0,True,1785283919175,766,0,False
985922a9-f54e-5712-8b72-29c1de5b30a3,1785283919393,sender -> receiver,0,True,1785283920106,713,0,False
8a2b678f-9dc9-53fe-b3f2-f15e7d158d54,1785283959101,sender -> receiver,0,True,1785283959809,708,0,False
87758728-a889-54dd-a6a0-84f116b912f1,1785283959103,sender -> receiver,0,True,1785283959819,716,0,False
14ad4f01-1c9d-5b34-9c70-a5e1feaaa0e2,1785283960111,sender -> receiver,0,True,1785283960837,726,0,False
20c6cf78-d52b-5da6-a586-0a396dae0470,1785283960133,sender -> receiver,0,True,1785283960854,721,0,False
ad98c9c6-c127-5d32-bd63-b6eba7877c5b,1785283961134,sender -> receiver,0,True,1785283961879,745,0,False
56425528-407e-5d73-ada1-ed49c399c699,1785283961139,sender -> receiver,0,True,1785283961904,765,0,False
8589e7f9-87ec-5f57-a53c-eb086dace600,1785283962133,sender -> receiver,0,True,1785283962873,740,0,False
19cab8df-a21d-5089-aaa9-64ae2fa6d2a5,1785283962136,sender -> receiver,0,True,1785283962894,758,0,False
672e7948-a0a4-5062-9fbf-e7c41d052f22,1785283963101,sender -> receiver,0,True,1785283963813,712,0,False
069fe509-f443-5356-8f05-33355048d32b,1785283964110,sender -> receiver,0,True,1785283964853,743,0,False
2d25c70d-a6b5-5338-b894-c3aa97119fff,1785283964129,sender -> receiver,0,True,1785283964871,742,0,False
8682d76a-b2ac-5cff-a2ee-0ec64539104d,1785283965118,sender -> receiver,0,True,1785283965834,716,0,False
5e289969-9077-5a57-ac7a-45413ef80060,1785283965157,sender -> receiver,0,True,1785283965854,697,0,False
4fd3a73f-b017-5c30-9cfb-fbb5394d883b,1785283966167,sender -> receiver,0,True,1785283966863,696,0,False
62e1632d-7f57-5e12-b91f-54dd98294579,1785283966173,sender -> receiver,0,True,1785283966877,704,0,False
105c81ef-d7b9-5845-8f64-58c4ecbc74e2,1785283967108,sender -> receiver,0,True,1785283967826,718,0,False
288c64a1-8fd2-5703-a819-a6dc6513835c,1785283967131,sender -> receiver,0,True,1785283967845,714,0,False
4a9a04f9-a4f1-54df-a5a4-a1c342efd704,1785283968108,sender -> receiver,0,True,1785283968806,698,0,False
f5010f6f-6f13-5c0c-b261-4b23f80e3d74,1785283969111,sender -> receiver,0,True,1785283969856,745,0,False
5d477037-8a97-5200-9b0c-758df5b1c446,1785283969133,sender -> receiver,0,True,1785283969867,734,0,False
90fc82a1-dde2-573a-b5d3-34a7deac7827,1785283970119,sender -> receiver,0,True,1785283970833,714,0,False
91fb6ef0-d423-563c-baaa-eb5afc5a03e5,1785283970152,sender -> receiver,0,True,1785283970855,703,0,False
3d249ca4-6ba3-5e2f-a658-a7dc4ed02de0,1785283971106,sender -> receiver,0,True,1785283971831,725,0,False
04a572f2-d5df-5ffa-87ae-721dd02f7e07,1785283971123,sender -> receiver,0,True,1785283971855,732,0,False
e5e611e8-fc8c-5aff-b02d-4f114ca97ad8,1785283972126,sender -> receiver,0,True,1785283972861,735,0,False
8b65a961-50b7-558e-8bdf-0ca6c187cc1b,1785283973161,sender -> receiver,0,True,1785283973900,739,0,False
22b1efa6-463e-593a-a2f6-097e394ea48b,1785283973169,sender -> receiver,0,True,1785283973935,766,0,False
2f595aff-4970-5f41-b38a-1f78688efa0e,1785283974110,sender -> receiver,0,True,1785283974895,785,0,False
a52d5996-34e5-55c5-9088-93042406246e,1785283974116,sender -> receiver,0,True,1785283974920,804,0,False
b4007bdc-cdf9-5d8d-84d6-ea035fe173be,1785283975119,sender -> receiver,0,True,1785283975821,702,0,False
627191ea-8a6c-5339-a54c-769baa8fb0f0,1785283975145,sender -> receiver,0,True,1785283975843,698,0,False
3684dcc4-d1ca-5cd3-a0ab-46189574092f,1785283976108,sender -> receiver,0,True,1785283976807,699,0,False
5448ec80-0813-5eb8-b05b-313b8ac77f59,1785283976130,sender -> receiver,0,True,1785283976822,692,0,False
6831081e-3321-5702-af08-cc26ec1d3708,1785283977118,sender -> receiver,0,True,1785283977845,727,0,False
75af368d-557f-5caa-a449-854fb177a885,1785283978127,sender -> receiver,0,True,1785283978879,752,0,False
94bad4db-d9a0-58e4-b60c-7f95839223d7,1785283978134,sender -> receiver,0,True,1785283978895,761,0,False
482c2db8-a949-5ed2-99bf-971b6f2049bf,1785283979127,sender -> receiver,0,True,1785283979836,709,0,False
878c1b10-81dc-5b48-a460-b7449eb61dcf,1785283979131,sender -> receiver,0,True,1785283979849,718,0,False
3fecb361-0424-54dc-9a93-dcded1666de6,1785283980126,sender -> receiver,0,True,1785283980832,706,0,False
4f55980f-288d-56b7-b072-c9a2aa167664,1785283980130,sender -> receiver,0,True,1785283980848,718,0,False
84e1b1c0-0e38-54d3-ae3c-4d98e0decea6,1785283981129,sender -> receiver,0,True,1785283981869,740,0,False
327e2d64-6f33-555d-aa66-43bf6cbea1d6,1785283981160,sender -> receiver,0,True,1785283981881,721,0,False
4f36e0d4-31bd-53f0-b36e-9bb355dd4b8a,1785283982103,sender -> receiver,0,True,1785283982803,700,0,False
fe64ac0e-d821-58bb-97bc-bcc2e1fc4436,1785283983153,sender -> receiver,0,True,1785283983829,676,0,False
0052cd58-b379-5db7-b3d3-6d1dcff09da0,1785283983159,sender -> receiver,0,True,1785283983892,733,0,False
7949893a-42eb-5494-a413-b6f6e8b06492,1785283984168,sender -> receiver,0,True,1785283984910,742,0,False
53b18c70-3614-5a8a-9c4d-d5a725ed85fa,1785283984173,sender -> receiver,0,True,1785283984927,754,0,False
50e7562e-7f07-5edb-b49a-63bc9c11dabf,1785283985159,sender -> receiver,0,True,1785283985854,695,0,False
dd3c2168-c80b-5251-b654-e835d047b855,1785283985165,sender -> receiver,0,True,1785283985870,705,0,False
2efdc3d5-ae40-5186-9eff-738e390e46c1,1785283986105,sender -> receiver,0,True,1785283986824,719,0,False
a0e9723a-bc50-509d-947f-9d6f1a8adf3a,1785283987133,sender -> receiver,0,True,1785283987879,746,0,False
f872a6e6-578d-5580-8682-d85a54492e18,1785283987138,sender -> receiver,0,True,1785283987895,757,0,False
ce46451a-4b68-50a3-8322-7468c997aa12,1785283988111,sender -> receiver,0,True,1785283988834,723,0,False
1fe7a013-31cc-5a08-a033-df299880b1d3,1785283988127,sender -> receiver,0,True,1785283988853,726,0,False
a0c076d6-95e1-586f-90fb-aaa61f948d9c,1785283989157,sender -> receiver,0,True,1785283989821,664,0,False
481dcf15-1568-53ab-8b95-9561c3a04a00,1785283989163,sender -> receiver,0,True,1785283989869,706,0,False
1c6d843d-2518-510b-8ce7-9ad3a2213953,1785283990128,sender -> receiver,0,True,1785283990902,774,0,False
fcb3008b-4f03-5483-a1f4-8d4ab3d8bc57,1785283990131,sender -> receiver,0,True,1785283990915,784,0,False
bc8a6d56-c087-556f-8bc0-25a12bbbbde6,1785283991096,sender -> receiver,0,True,1785283991796,700,0,False
f7c20d07-717e-5b40-a71a-f85148bddc66,1785283992130,sender -> receiver,0,True,1785283992833,703,0,False
80daedab-0662-564d-85be-0d3e74f779a3,1785283992133,sender -> receiver,0,True,1785283992847,714,0,False
1c8103e8-4b43-52bc-ad98-4321acebdc66,1785283993114,sender -> receiver,0,True,1785283993824,710,0,False
bc58b881-d03f-53c0-8e7b-9120b68da8c3,1785283993137,sender -> receiver,0,True,1785283993846,709,0,False
3df99b96-0795-5a06-a22c-2beb48a3736c,1785283994113,sender -> receiver,0,True,1785283994821,708,0,False
a8b7515a-9f06-527a-8883-fb421d3c9c0c,1785283994135,sender -> receiver,0,True,1785283994847,712,0,False
1d0e8e4e-8a62-5bd0-8d0d-0bc8cb560ba6,1785283995168,sender -> receiver,0,True,1785283995913,745,0,False
4851662c-11eb-53ae-b129-5ce5f89b0870,1785283995175,sender -> receiver,0,True,1785283995940,765,0,False
79423783-9a53-5ca0-9b1e-ea4d2554ccbc,1785283996118,sender -> receiver,0,True,1785283996842,724,0,False
063dbd14-5f68-571c-b668-4ed403a909f5,1785283997111,sender -> receiver,0,True,1785283997825,714,0,False
f77ad8f2-140c-57a1-9943-9a396462f890,1785283997131,sender -> receiver,0,True,1785283997844,713,0,False
a1b8dda8-ecda-5f49-bd79-f4ad92b9375a,1785283998130,sender -> receiver,0,True,1785283998831,701,0,False
925bd6b5-ad8a-5ee3-bdd6-b46ce9a44f82,1785283998133,sender -> receiver,0,True,1785283998862,729,0,False
041d6094-a3f9-539f-898b-c5681ebcfd40,1785283999123,sender -> receiver,0,True,1785283999804,681,0,False
6f47adc1-31c6-51b4-912c-18cf47114d77,1785283999128,sender -> receiver,0,True,1785283999853,725,0,False
0e2f2f79-00c7-5b5b-af14-b5fd9e987482,1785284000104,sender -> receiver,0,True,1785284000898,794,0,False
edbccaff-0ae8-5d9e-972c-8015fec5e6d3,1785284001111,sender -> receiver,0,True,1785284001854,743,0,False
56e4b1b1-a740-5dca-9c96-10c36abfe0eb,1785284001134,sender -> receiver,0,True,1785284001866,732,0,False
03ce197c-3c9f-5556-bb15-a0ca53c4fb9d,1785284002126,sender -> receiver,0,True,1785284002844,718,0,False
9c464cfb-694c-521b-afe6-46f1dad8d63d,1785284002128,sender -> receiver,0,True,1785284002856,728,0,False
bfce77ab-528b-53ab-8e92-d8615b274ea2,1785284003128,sender -> receiver,0,True,1785284003878,750,0,False
549bbf65-7463-558f-b931-5a64f2308c64,1785284003132,sender -> receiver,0,True,1785284003889,757,0,False
e92a7cff-017c-509c-a523-9ce572355d89,1785284004109,sender -> receiver,0,True,1785284004812,703,0,False
5df3cf19-160f-5084-95f8-3c04b9632a36,1785284004129,sender -> receiver,0,True,1785284004833,704,0,False
f0c310cb-0df7-559e-9d0a-ae592b59f62c,1785284005102,sender -> receiver,0,True,1785284005799,697,0,False
0d436943-05da-52eb-a65c-cc8d32bf7074,1785284006165,sender -> receiver,0,True,1785284006873,708,0,False
c3b75e9e-48fd-56cc-a2a3-4109b11f0ef5,1785284006170,sender -> receiver,0,True,1785284006883,713,0,False
009d97fe-c2cf-50aa-bd5f-f328e941542b,1785284007125,sender -> receiver,0,True,1785284007829,704,0,False
9b11e861-a7a4-57b8-bc24-6b680e28514d,1785284007158,sender -> receiver,0,True,1785284007841,683,0,False
e2496071-bf0b-5a77-afe2-74f2bac8da9d,1785284008134,sender -> receiver,0,True,1785284008864,730,0,False
7c3743d7-7bb7-5def-98a5-b9a27cbbb26a,1785284008169,sender -> receiver,0,True,1785284008895,726,0,False
700d1c6f-c7d3-5fc4-be51-f1ad942b766f,1785284009133,sender -> receiver,0,True,1785284009853,720,0,False
597c5f11-9ab0-52b1-ae55-bb514cc104bd,1785284009138,sender -> receiver,0,True,1785284009870,732,0,False
d90658b6-c37c-5088-b9fe-81cc44bb3a00,1785284010111,sender -> receiver,0,True,1785284010843,732,0,False
ae952d8e-d079-505e-b120-caf5f022ab15,1785284011139,sender -> receiver,0,True,1785284011834,695,0,False
441134b2-d765-581b-bfa4-2c0608d6c483,1785284011143,sender -> receiver,0,True,1785284011891,748,0,False
ebdc737e-a4e5-5006-af8b-79bfce7000b5,1785284012116,sender -> receiver,0,True,1785284012821,705,0,False
74505e5e-1bee-5dd6-8a88-ad0bef12714d,1785284012121,sender -> receiver,0,True,1785284012840,719,0,False
59467423-42f6-5336-87cc-b185f75f9ec9,1785284013111,sender -> receiver,0,True,1785284013820,709,0,False
929eabe1-b1ab-5619-8665-dfde21d621b5,1785284013136,sender -> receiver,0,True,1785284013891,755,0,False
a1f2ccd6-bca3-5613-a236-98d550e83c0b,1785284014104,sender -> receiver,0,True,1785284014850,746,0,False
8680914c-ca54-5479-90c6-b5d7430f2e9f,1785284055326,sender -> receiver,0,True,1785284056020,694,0,False
d573f139-df70-58e9-9e9b-2272b26e230a,1785284055332,sender -> receiver,0,True,1785284056058,726,0,False
b119f65d-536b-50c9-93e5-a14e38857be6,1785284056337,sender -> receiver,0,True,1785284057042,705,0,False
430f4bfc-19ea-5701-a16d-74f732e4a113,1785284056345,sender -> receiver,0,True,1785284057055,710,0,False
bcd5eca0-57e6-552a-b52e-bb894a86c10a,1785284057314,sender -> receiver,0,True,1785284058036,722,0,False
d85c2298-9ed8-54b2-a6ce-e715b81ed823,1785284057316,sender -> receiver,0,True,1785284058123,807,0,False
20b879aa-1e47-5dd2-b36f-d3fa4bc6448c,1785284058324,sender -> receiver,0,True,1785284059024,700,0,False
7c994a8e-7be9-5a8a-a966-7bc6924ea766,1785284058354,sender -> receiver,0,True,1785284059037,683,0,False
0bc9a3b1-6377-5c91-ac0d-64cf13e411fa,1785284059328,sender -> receiver,0,True,1785284060030,702,0,False
1c508913-e95f-5c46-9a52-e3daccf6f3d3,1785284059331,sender -> receiver,0,True,1785284060058,727,0,False
334544e4-d91f-54a6-8acb-7c13958e513f,1785284060348,sender -> receiver,0,True,1785284061094,746,0,False
2f8d19f6-a38a-5cb6-be51-e0c76460ef48,1785284061313,sender -> receiver,0,True,1785284062044,731,0,False
3ed16dab-1031-5de2-9c0c-04ccc199b232,1785284061317,sender -> receiver,0,True,1785284062097,780,0,False
eb570f03-98f2-52fc-8f83-4a4d181802b7,1785284062337,sender -> receiver,0,True,1785284063030,693,0,False
5f01f61d-7c66-5ce3-9408-4fecae99f673,1785284062341,sender -> receiver,0,True,1785284063048,707,0,False
d598c1e3-e2b2-54de-a8b0-814f36310a2c,1785284063328,sender -> receiver,0,True,1785284064075,747,0,False
f4e6e8a9-782b-518d-a1ab-e3fadb6bd31f,1785284063331,sender -> receiver,0,True,1785284064096,765,0,False
66ef3fc7-c8c6-5313-8858-820341ae2cc9,1785284064314,sender -> receiver,0,True,1785284065018,704,0,False
fa1bc935-90a0-5deb-9143-d6b1f99409f0,1785284064336,sender -> receiver,0,True,1785284065045,709,0,False
a5f924d2-c79c-5063-8ffc-4386bb368a26,1785284065304,sender -> receiver,0,True,1785284066006,702,0,False
810f6a72-0619-5964-8e1a-4489b52dd179,1785284066304,sender -> receiver,0,True,1785284067034,730,0,False
0783ee3a-5435-549c-9555-a3366086f042,1785284066307,sender -> receiver,0,True,1785284067050,743,0,False
7c779b40-293a-5a56-abe6-8d93128458a3,1785284067314,sender -> receiver,0,True,1785284068027,713,0,False
ff578087-958d-5529-9dee-275497bc3534,1785284067318,sender -> receiver,0,True,1785284068051,733,0,False
cabbac79-8b68-55b4-999e-e12dcf3f025c,1785284068317,sender -> receiver,0,True,1785284069066,749,0,False
0b321405-be5e-5de5-97ce-237b619a1b08,1785284068319,sender -> receiver,0,True,1785284069087,768,0,False
ca90eba6-24a2-5ebc-bf33-f1d40cf3e464,1785284069312,sender -> receiver,0,True,1785284070051,739,0,False
418d746b-7172-5f3b-b5f1-e70e2d188afc,1785284069331,sender -> receiver,0,True,1785284070069,738,0,False
30447d28-70fe-5bab-9040-82c48eb95baa,1785284070313,sender -> receiver,0,True,1785284071041,728,0,False
93a9943d-1063-51aa-ab04-0ec5a6ba34d1,1785284070315,sender -> receiver,0,True,1785284071050,735,0,False
9127c1ad-1793-5147-80ae-ea431b9e3525,1785284071303,sender -> receiver,0,True,1785284072035,732,0,False
d4b551ab-0b76-5da0-84d3-02f0d31633a7,1785284072326,sender -> receiver,0,True,1785284073019,693,0,False
d0a9d3ca-b237-5cd0-ba08-6b0ca2994e66,1785284072331,sender -> receiver,0,True,1785284073040,709,0,False
a80cda31-8a98-513c-bcb4-607d9a222066,1785284073366,sender -> receiver,0,True,1785284074096,730,0,False
4865ad0e-e114-5ffd-acac-63729af9a998,1785284073389,sender -> receiver,0,True,1785284074113,724,0,False
3fef9943-7da6-5835-ab6b-5a64221cf850,1785284074314,sender -> receiver,0,True,1785284075048,734,0,False
0d0538f8-486c-5c6c-a221-ca5ec9db64d1,1785284074319,sender -> receiver,0,True,1785284075064,745,0,False
d6621812-6391-50a8-99f2-f0501ee8080c,1785284075317,sender -> receiver,0,True,1785284076064,747,0,False
39f6d4c5-d145-52bd-9b99-89e870e8ff2e,1785284075320,sender -> receiver,0,True,1785284076073,753,0,False
9257011b-c692-5ca0-88ca-a6b9e43de324,1785284076309,sender -> receiver,0,True,1785284077082,773,0,False
5afdb694-4f34-5c73-b9fd-5a00ad16eb13,1785284077319,sender -> receiver,0,True,1785284078014,695,0,False
39b17037-cdf0-5ff2-9ebf-64407c24753a,1785284077322,sender -> receiver,0,True,1785284078031,709,0,False
e574c3e5-cdbd-56da-aeaa-f64c59a4ccfa,1785284078332,sender -> receiver,0,True,1785284079044,712,0,False
f6950722-2c3a-5cdb-82ca-51d7fab42006,1785284078369,sender -> receiver,0,True,1785284079056,687,0,False
42399149-2873-55c1-b3bf-c14e9f59b63c,1785284079299,sender -> receiver,0,True,1785284080044,745,0,False
70b08c29-0fa2-581f-b987-f961abe7046f,1785284079314,sender -> receiver,0,True,1785284080060,746,0,False
34506ed1-aae0-5b90-93d4-5566c43362e6,1785284080299,sender -> receiver,0,True,1785284081034,735,0,False
48bbffde-390f-5190-97aa-77a0a74055d4,1785284080315,sender -> receiver,0,True,1785284081045,730,0,False
65cd6af3-58df-56b5-9582-2cefc4b7e24c,1785284081387,sender -> receiver,0,True,1785284082105,718,0,False
542ce79e-21a7-586f-8405-334f1351b411,1785284081392,sender -> receiver,0,True,1785284082120,728,0,False
19c462cf-0893-5317-a232-9fc44664fe9e,1785284082301,sender -> receiver,0,True,1785284083021,720,0,False
dc2cb887-c691-5f5f-8501-5260954cb28d,1785284083367,sender -> receiver,0,True,1785284084141,774,0,False
fad1b81c-7f8d-54e1-ac21-edace5f8cfb0,1785284083371,sender -> receiver,0,True,1785284084158,787,0,False
cfd0843d-42ac-56a8-95bb-cb7615da9303,1785284084365,sender -> receiver,0,True,1785284085032,667,0,False
83cf043c-e0a8-52e0-accb-acdbfc2dfa57,1785284084371,sender -> receiver,0,True,1785284085085,714,0,False
b81a5ba7-bbfb-57a9-81cb-a801456a9fda,1785284085315,sender -> receiver,0,True,1785284086021,706,0,False
45814b6b-a9ed-5505-924f-9b7867fa99dd,1785284085339,sender -> receiver,0,True,1785284086036,697,0,False
c3f41f83-e586-5ad4-9ada-5d00b54f5205,1785284086313,sender -> receiver,0,True,1785284087016,703,0,False
48ef76dd-6c43-5832-b37a-703a19fd56f6,1785284086316,sender -> receiver,0,True,1785284087052,736,0,False
194655a9-c3af-5184-aba2-dfc39823e8f4,1785284087297,sender -> receiver,0,True,1785284088014,717,0,False
cbcbdc12-fa79-5079-84d3-ab677de2e4e3,1785284088314,sender -> receiver,0,True,1785284089038,724,0,False
8dadad34-ce87-5ba8-a6e9-7cb450159800,1785284088341,sender -> receiver,0,True,1785284089058,717,0,False
b86aa8ea-382c-5ab4-8033-0aadaac7308b,1785284089302,sender -> receiver,0,True,1785284090084,782,0,False
9f72f0ac-103d-5717-8106-f38a1e49094e,1785284089318,sender -> receiver,0,True,1785284090098,780,0,False
b2ee4c8f-15a3-538b-8797-490f5ac9d66d,1785284090312,sender -> receiver,0,True,1785284091034,722,0,False
561c75cc-c83f-5ed9-9d58-8f858cf92621,1785284090315,sender -> receiver,0,True,1785284091045,730,0,False
704ab0db-1def-54d8-b48b-be81140f7bde,1785284091309,sender -> receiver,0,True,1785284092009,700,0,False
12f926d3-9110-50eb-aa7f-9e4ed52e2a36,1785284091336,sender -> receiver,0,True,1785284092020,684,0,False
d495e5eb-25bc-5980-9ab4-1e8223546cf4,1785284092302,sender -> receiver,0,True,1785284093047,745,0,False
c1e88db5-b479-536d-bf74-7c53a04984b6,1785284092318,sender -> receiver,0,True,1785284093059,741,0,False
e86bd029-67f8-53d0-95eb-ca0534714fe4,1785284093299,sender -> receiver,0,True,1785284094001,702,0,False
31575c66-181f-598e-b132-6bce300212a3,1785284094319,sender -> receiver,0,True,1785284095023,704,0,False
a8852c3c-1f50-539f-9ba9-d88de12907d7,1785284094324,sender -> receiver,0,True,1785284095035,711,0,False
1b26d929-938c-52d2-b9f4-58eb362d8775,1785284095334,sender -> receiver,0,True,1785284096109,775,0,False
c78279c0-f917-5551-b976-b97ece25a334,1785284095338,sender -> receiver,0,True,1785284096136,798,0,False
0c44e982-4994-5d6a-adda-8609dbb66c08,1785284096308,sender -> receiver,0,True,1785284097013,705,0,False
a8498df9-fc3c-57dd-a4e0-dce661f1451a,1785284096330,sender -> receiver,0,True,1785284097028,698,0,False
3b9bb967-0ca3-551e-8910-ef869941d9f4,1785284097310,sender -> receiver,0,True,1785284098036,726,0,False
34c5b32f-99cc-5e8f-9777-a62a1c0dc17e,1785284097349,sender -> receiver,0,True,1785284098052,703,0,False
bc3dfb29-af60-5c20-874a-8bd4ff5b4723,1785284098306,sender -> receiver,0,True,1785284099037,731,0,False
40dd706f-c7e2-5651-82eb-7eba25904a58,1785284099315,sender -> receiver,0,True,1785284100033,718,0,False
a113b257-f728-54b3-a400-84ccfb84698e,1785284099318,sender -> receiver,0,True,1785284100048,730,0,False
7168def3-7349-5cb6-9446-461a5b4bbb15,1785284100353,sender -> receiver,0,True,1785284101052,699,0,False
c29f0906-9ab0-5726-a174-4619074245c0,1785284100360,sender -> receiver,0,True,1785284101089,729,0,False
b2cd851c-37ba-58e2-881b-923f8127325e,1785284101311,sender -> receiver,0,True,1785284102010,699,0,False
133134d6-66c5-5639-a720-60231d5cfa90,1785284101313,sender -> receiver,0,True,1785284102021,708,0,False
2b76be5b-e876-5060-8d54-cb1c353c7854,1785284102313,sender -> receiver,0,True,1785284103077,764,0,False
e460bfbc-8b8e-5dfe-9078-bd3c8a1e6dcb,1785284102318,sender -> receiver,0,True,1785284103096,778,0,False
bbfe0c91-750b-5cc0-8d26-3d298f2fca96,1785284103355,sender -> receiver,0,True,1785284104066,711,0,False
aa81c114-088b-5b7f-9164-2d830d74aef8,1785284103360,sender -> receiver,0,True,1785284104082,722,0,False
1977f833-5392-50c5-bf9a-4d55f3f6fd87,1785284104301,sender -> receiver,0,True,1785284105015,714,0,False
b43ba6b5-95a3-528a-af41-d1a630d2f4e6,1785284105318,sender -> receiver,0,True,1785284106053,735,0,False
16ed5b25-73d1-5124-ac38-43b5f1a2a6a9,1785284105322,sender -> receiver,0,True,1785284106074,752,0,False
29dae604-61e8-5dc7-9eec-954756c654be,1785284106309,sender -> receiver,0,True,1785284107038,729,0,False
21daff24-ccd4-5da0-9e1b-67df308d01e8,1785284106329,sender -> receiver,0,True,1785284107055,726,0,False
351e5e3b-4e63-50d2-9eae-f4b7f15c2a9f,1785284107311,sender -> receiver,0,True,1785284108033,722,0,False
53e4c8d9-0db9-5927-b95b-291f70477b5c,1785284107316,sender -> receiver,0,True,1785284108049,733,0,False
f9cd6e74-f899-5870-ab47-d8b7d583b605,1785284108301,sender -> receiver,0,True,1785284109021,720,0,False
3ab3b6c9-a914-5af8-bb36-2e45dea3331e,1785284108303,sender -> receiver,0,True,1785284109034,731,0,False
aeb02c1b-37bb-5c2a-96df-44c11874a69a,1785284109304,sender -> receiver,0,True,1785284110020,716,0,False
aa8e5497-028a-50d0-be12-4a9f26c10e69,1785284150021,sender -> receiver,0,True,1785284150748,727,0,False
c73e08fb-1f66-518b-964b-2564d7a5ac33,1785284150025,sender -> receiver,0,True,1785284150796,771,0,False
e6a94c6e-a093-5780-a3e7-21ffd2417fdf,1785284151016,sender -> receiver,0,True,1785284151728,712,0,False
2ed3b6dc-15f9-5f60-9c77-bb5996e5f0ef,1785284151020,sender -> receiver,0,True,1785284151774,754,0,False
42090cb1-a3c8-523b-a976-3d6b1e7671d1,1785284152016,sender -> receiver,0,True,1785284152727,711,0,False
2cd334cc-163a-5505-a2b0-db4c8195c99c,1785284152019,sender -> receiver,0,True,1785284152758,739,0,False
f92b045b-bb31-58a1-b618-708a7fed89ae,1785284153018,sender -> receiver,0,True,1785284153753,735,0,False
a2c7acad-9612-5e9f-bf1b-6975b61bb637,1785284153020,sender -> receiver,0,True,1785284153767,747,0,False
b8f2cb96-38a8-5dbd-85de-c092d41030fb,1785284154010,sender -> receiver,0,True,1785284154752,742,0,False
96738cd3-8a06-5530-b09c-00e53994c162,1785284155042,sender -> receiver,0,True,1785284155739,697,0,False
229a763d-90f8-5b15-bca5-b3cf2e25db8f,1785284155047,sender -> receiver,0,True,1785284155797,750,0,False
ff2585c7-0473-5411-b0f0-4c70e0410214,1785284156012,sender -> receiver,0,True,1785284156736,724,0,False
a7ea936d-1c70-5be3-a99a-cb6ded6e5e03,1785284156014,sender -> receiver,0,True,1785284156768,754,0,False
b4b25e85-e836-51e2-a258-c23e7f15d1bc,1785284157020,sender -> receiver,0,True,1785284157712,692,0,False
f7dfb7bc-0d50-5731-be1c-3b9232059e8d,1785284157023,sender -> receiver,0,True,1785284157779,756,0,False
425e7915-e9b2-526d-b2a5-33aebe7a1f34,1785284158016,sender -> receiver,0,True,1785284158758,742,0,False
b21f7874-b5bb-5179-b60f-1061a90edab2,1785284158018,sender -> receiver,0,True,1785284158782,764,0,False
b326c29b-11e4-5b57-831b-4fd2be60bff9,1785284159029,sender -> receiver,0,True,1785284159755,726,0,False
9cb46d24-6a9f-5f84-897a-7b851cc8462e,1785284160035,sender -> receiver,0,True,1785284160744,709,0,False
7c9854a3-be65-5d6c-a4cb-7a524f4c1cbf,1785284160039,sender -> receiver,0,True,1785284160769,730,0,False
2830c347-7dfb-5976-ab48-004ec14be862,1785284161016,sender -> receiver,0,True,1785284161763,747,0,False
3d778191-5022-5b2c-8620-d6d7f2565367,1785284161019,sender -> receiver,0,True,1785284161782,763,0,False
f34a029c-eadc-52a8-a414-8ecf19c7a477,1785284162017,sender -> receiver,0,True,1785284162723,706,0,False
20827b66-4490-5684-8445-db8940f362d3,1785284162020,sender -> receiver,0,True,1785284162743,723,0,False
7547ad45-21af-56c0-962c-1dffd0f479f4,1785284163016,sender -> receiver,0,True,1785284163753,737,0,False
f6d064f9-3aed-5225-bee8-15353497471b,1785284164040,sender -> receiver,0,True,1785284164744,704,0,False
7e570946-8abb-5370-adfc-8dc9fc728ef9,1785284164044,sender -> receiver,0,True,1785284164770,726,0,False
2da6b126-16aa-5b6c-9770-e54fd1451e29,1785284165012,sender -> receiver,0,True,1785284165730,718,0,False
7ca0c840-686a-55ab-97c7-d232b7c0570b,1785284165014,sender -> receiver,0,True,1785284165749,735,0,False
fc676316-3b08-57aa-876c-751fec91b36c,1785284166023,sender -> receiver,0,True,1785284166765,742,0,False
965ab5c9-c204-53de-9637-5e924f6d1230,1785284166025,sender -> receiver,0,True,1785284166778,753,0,False
e3035378-df99-53a7-90e9-1735c077ed25,1785284167018,sender -> receiver,0,True,1785284167786,768,0,False
409de430-99f0-5482-af28-7c0d6d388ce8,1785284167021,sender -> receiver,0,True,1785284167811,790,0,False
6469d5d1-2fb8-50d1-a72b-04a62260c5a0,1785284168009,sender -> receiver,0,True,1785284168735,726,0,False
eaad0e53-e17a-5f27-894d-aa9f1aa0985c,1785284169015,sender -> receiver,0,True,1785284169734,719,0,False
1e711513-d8d4-56f2-b3ff-426f45935f3f,1785284169017,sender -> receiver,0,True,1785284169760,743,0,False
7dcadf0b-2dd0-5f46-b191-46fa92cbd82f,1785284170031,sender -> receiver,0,True,1785284170773,742,0,False
5b8578ec-57c9-5691-bd8d-ab7e612698c5,1785284170035,sender -> receiver,0,True,1785284170801,766,0,False
6b5722d0-657a-5e5d-a9d2-77b7e3400b9a,1785284171037,sender -> receiver,0,True,1785284171766,729,0,False
04e0cdaf-a529-59b5-97e5-0d8bbe06ba04,1785284171042,sender -> receiver,0,True,1785284171782,740,0,False
2810a6c9-fea5-5ad6-b88b-c605129c386d,1785284172034,sender -> receiver,0,True,1785284172801,767,0,False
78f34b83-a2de-55b3-bd9c-f9d020118545,1785284172039,sender -> receiver,0,True,1785284172819,780,0,False
47e587e9-7fdd-543b-a3e4-08a9061ad89c,1785284173005,sender -> receiver,0,True,1785284173747,742,0,False
18523195-1054-5fe4-a31e-d40212423e27,1785284174025,sender -> receiver,0,True,1785284174723,698,0,False
dfda2089-cb7a-5b07-a790-942083404f60,1785284174028,sender -> receiver,0,True,1785284174743,715,0,False
bb8d85ea-dfb3-56b0-b64f-2ffef65cf5b2,1785284175021,sender -> receiver,0,True,1785284175726,705,0,False
a550cba2-0e09-50ce-bd65-8831b964805a,1785284175025,sender -> receiver,0,True,1785284175743,718,0,False
98ab60ed-256c-5792-b00c-210f118f869d,1785284176032,sender -> receiver,0,True,1785284176764,732,0,False
8c6ea529-8efc-5ee8-9e50-a1e42405aebb,1785284176036,sender -> receiver,0,True,1785284176786,750,0,False
1fa68ef7-235b-5c1f-8b7d-183a32b75bda,1785284177031,sender -> receiver,0,True,1785284177754,723,0,False
af02021b-4aa3-5a8c-a5e4-5bc596ea020b,1785284178037,sender -> receiver,0,True,1785284178763,726,0,False
c973cd79-764f-515a-b4e3-22ab3a04894f,1785284178042,sender -> receiver,0,True,1785284178785,743,0,False
6e709872-6efa-566c-a77c-01669ca2af1e,1785284179016,sender -> receiver,0,True,1785284179723,707,0,False
93727109-abe7-5303-bfc4-5b72eea05df0,1785284179019,sender -> receiver,0,True,1785284179745,726,0,False
ab7682a8-949a-56b3-a992-0e88061b746a,1785284180015,sender -> receiver,0,True,1785284180718,703,0,False
60e7f96f-260e-58a6-9b68-d557e6073180,1785284180018,sender -> receiver,0,True,1785284180730,712,0,False
e71cc062-886a-5f24-aa32-c996c1cfdd0f,1785284181014,sender -> receiver,0,True,1785284181761,747,0,False
0560fc8e-7ff9-5abf-b431-f4d900dfe927,1785284181018,sender -> receiver,0,True,1785284181784,766,0,False
a31e1efd-60a8-528f-8df7-388536277843,1785284182020,sender -> receiver,0,True,1785284182736,716,0,False
b3315eae-88c1-518a-90ab-eae59a10ef10,1785284183027,sender -> receiver,0,True,1785284183740,713,0,False
0dbb8926-3194-57fa-a955-1359cd7c806a,1785284183035,sender -> receiver,0,True,1785284183767,732,0,False
0f1c3470-d1d8-5ef8-866d-0237c80c4635,1785284184012,sender -> receiver,0,True,1785284184723,711,0,False
828999fe-92d2-5b6d-88f6-c18cd2d1e874,1785284184016,sender -> receiver,0,True,1785284184744,728,0,False
a879862c-7cb0-53b0-8cef-0233dfe24619,1785284185034,sender -> receiver,0,True,1785284185747,713,0,False
902207a2-db9f-5eff-8ee9-ee08c44474c7,1785284185038,sender -> receiver,0,True,1785284185766,728,0,False
aa79ba11-b725-5eca-99ac-b71ddece23a1,1785284186019,sender -> receiver,0,True,1785284186758,739,0,False
f8a88b67-4547-5468-b72e-1e4d26881705,1785284186022,sender -> receiver,0,True,1785284186772,750,0,False
fe41f4c5-3f6e-5eb1-bd0f-155113018fea,1785284187009,sender -> receiver,0,True,1785284187740,731,0,False
2e5f4dde-bbee-583e-9d5e-5f6c71ac44a9,1785284188015,sender -> receiver,0,True,1785284188778,763,0,False
bd9b82ec-36db-5779-b202-ab1aae5ea14a,1785284188017,sender -> receiver,0,True,1785284188798,781,0,False
5dcd909e-84d7-53b1-97c0-81c3c767da51,1785284189024,sender -> receiver,0,True,1785284189766,742,0,False
342eb00f-8cf0-523f-9039-c5b35960ddcb,1785284189029,sender -> receiver,0,True,1785284189787,758,0,False
95cf98ab-cb53-5b70-9536-75c15a996c0a,1785284190020,sender -> receiver,0,True,1785284190745,725,0,False
17f1a36a-e1e3-5aea-9dcc-61598c5cbd5a,1785284190022,sender -> receiver,0,True,1785284190769,747,0,False
a12046ed-f8c4-5d5b-9f80-6cdc09ac7d8b,1785284191027,sender -> receiver,0,True,1785284191728,701,0,False
dbabd169-89c7-5bf3-b643-82cd285ce6e9,1785284192032,sender -> receiver,0,True,1785284192766,734,0,False
948ef3d0-8ea4-5845-99ab-20f8df1ccd21,1785284192037,sender -> receiver,0,True,1785284192780,743,0,False
e69d0aa3-a846-5f3e-9bc6-4f5044d3c6a0,1785284193091,sender -> receiver,0,True,1785284193817,726,0,False
fafc4320-063d-57de-ac11-cf400f28aa6f,1785284193095,sender -> receiver,0,True,1785284193837,742,0,False
64cf8f10-3c6a-59e0-b611-5383d654bc42,1785284194011,sender -> receiver,0,True,1785284194713,702,0,False
0e180caf-adee-5b87-a09c-25d1b457e104,1785284194016,sender -> receiver,0,True,1785284194731,715,0,False
381df20d-7bd2-5a3a-81f6-1d28e5233f48,1785284195025,sender -> receiver,0,True,1785284195744,719,0,False
947369f5-c681-5007-827e-25f2c305ee3b,1785284195030,sender -> receiver,0,True,1785284195766,736,0,False
c3cc62c1-ad45-5c76-8cb4-52e2d6d47d9a,1785284196025,sender -> receiver,0,True,1785284196742,717,0,False
1b29604f-b6ee-5b8a-8a4c-6f923bc5b12b,1785284197034,sender -> receiver,0,True,1785284197820,786,0,False
ee824a9c-c871-5753-96de-7a6921526c68,1785284197038,sender -> receiver,0,True,1785284197845,807,0,False
c7f4dd91-4b1e-51be-a24f-6955c8da7ca7,1785284198041,sender -> receiver,0,True,1785284198750,709,0,False
74b985e7-4f5a-5e7f-b46b-f1ca6db81646,1785284198045,sender -> receiver,0,True,1785284198771,726,0,False
c144a572-9fae-53d9-91ec-629ba72d7303,1785284199024,sender -> receiver,0,True,1785284199754,730,0,False
432c6fe9-8dc1-5625-915b-01df054629a2,1785284199026,sender -> receiver,0,True,1785284199781,755,0,False
9df8a94b-c280-524d-b126-5fe8cbcffb6e,1785284200022,sender -> receiver,0,True,1785284200732,710,0,False
5919820b-46fe-5660-814f-31efdd4ce6e6,1785284200031,sender -> receiver,0,True,1785284200751,720,0,False
a9e59210-f539-502b-aae5-b6920addbeb0,1785284201015,sender -> receiver,0,True,1785284201736,721,0,False
7deda40f-c915-53d2-8423-8990380a5823,1785284202014,sender -> receiver,0,True,1785284202715,701,0,False
43372da5-2f11-57dd-8a53-1ef475cb0193,1785284202016,sender -> receiver,0,True,1785284202735,719,0,False
407b28bd-ab3a-5991-a48a-46e4760da880,1785284203010,sender -> receiver,0,True,1785284203719,709,0,False
dabe8e47-1b12-5b89-b622-71559beb340c,1785284203013,sender -> receiver,0,True,1785284203733,720,0,False
f652b431-4bf0-5345-8f14-f3ee20e47f38,1785284204024,sender -> receiver,0,True,1785284204737,713,0,False
c4228372-a56b-5805-993e-46e5cdb6cec5,1785284204027,sender -> receiver,0,True,1785284204751,724,0,False
5c95c58c-9cb7-5587-a180-16b9791a86d9,1785284205008,sender -> receiver,0,True,1785284205737,729,0,False
c69abe69-eaf6-5167-9c63-372d6f1e797c,1785284245247,sender -> receiver,0,True,1785284245953,706,0,False
b433e506-19b0-52ae-99c1-dfa6a246a1a1,1785284245251,sender -> receiver,0,True,1785284245996,745,0,False
f5e386fc-d1b9-5de5-b26c-a67f80a78c5a,1785284246273,sender -> receiver,0,True,1785284247018,745,0,False
71a5851b-f0c3-5b48-ba3f-caa343a9ff38,1785284246278,sender -> receiver,0,True,1785284247029,751,0,False
1471a4ef-d129-5913-a863-956e8fa1e5b2,1785284247266,sender -> receiver,0,True,1785284248000,734,0,False
e191c2e8-2266-5df3-93f9-00b590d953ef,1785284247270,sender -> receiver,0,True,1785284248013,743,0,False
c5e483c8-7a85-50e7-9fc8-563c0810ccd2,1785284248271,sender -> receiver,0,True,1785284249009,738,0,False
3a191490-c5bf-53b9-b572-19236a59b4a6,1785284248277,sender -> receiver,0,True,1785284249020,743,0,False
1576250c-77ff-579b-8ebf-7f7fed420465,1785284249239,sender -> receiver,0,True,1785284249960,721,0,False
d9db3486-2c21-5c03-a526-967462f8713b,1785284250283,sender -> receiver,0,True,1785284251045,762,0,False
774a53e1-d713-5036-a9c5-65896ea3bf6b,1785284250288,sender -> receiver,0,True,1785284251060,772,0,False
e7cda623-4b74-5e2b-93d2-04be37ad5694,1785284251271,sender -> receiver,0,True,1785284251981,710,0,False
695bed8c-90d5-5da0-a5d7-1aaead88be1f,1785284251276,sender -> receiver,0,True,1785284252039,763,0,False
74b9c2a7-812e-5c9c-911a-4bdc0126f363,1785284252268,sender -> receiver,0,True,1785284253009,741,0,False
24f0f9d0-6e72-5252-9096-5157372ffac6,1785284252275,sender -> receiver,0,True,1785284253025,750,0,False
d6d6a142-af06-5116-9486-134d58e4c4fc,1785284253259,sender -> receiver,0,True,1785284253977,718,0,False
57f3aa6f-6f69-5fef-aded-3cd8684c9cb8,1785284253262,sender -> receiver,0,True,1785284254035,773,0,False
04694daa-125b-56ad-a161-d61dc19d9ea3,1785284254259,sender -> receiver,0,True,1785284254966,707,0,False
ffab149a-4dcc-57b7-9ec4-33aa0a5b9a53,1785284255280,sender -> receiver,0,True,1785284256003,723,0,False
a50818a3-ebae-5e12-96ef-dedee7f2385b,1785284255288,sender -> receiver,0,True,1785284256014,726,0,False
ad543b3c-7dba-56ab-ae98-65b3a1e57340,1785284256255,sender -> receiver,0,True,1785284257042,787,0,False
e976dd23-0399-56b6-9b52-ddbddde2f506,1785284256261,sender -> receiver,0,True,1785284257059,798,0,False
dd335718-624f-5fa6-8a8f-513703935749,1785284257258,sender -> receiver,0,True,1785284257996,738,0,False
adfb8486-ef8f-542f-93da-31814efb6fd8,1785284257269,sender -> receiver,0,True,1785284258007,738,0,False
98ebcd1f-b03b-5a29-831f-ca4bc4696e55,1785284258242,sender -> receiver,0,True,1785284258955,713,0,False
33f57fd7-3881-515f-a222-187caae1b583,1785284259252,sender -> receiver,0,True,1785284259971,719,0,False
0d058d35-617e-570d-a5f4-8ce07b8e4230,1785284259265,sender -> receiver,0,True,1785284259995,730,0,False
193d6714-f06e-55b3-a5df-780baf4cc7c6,1785284260277,sender -> receiver,0,True,1785284261009,732,0,False
68605d5f-232f-5503-bc44-ae25980b9940,1785284260283,sender -> receiver,0,True,1785284261021,738,0,False
5ce60d60-1e30-5212-91b5-64568c4ff1ca,1785284261265,sender -> receiver,0,True,1785284261974,709,0,False
fd672a92-939b-53d7-abb5-c003861f601a,1785284261271,sender -> receiver,0,True,1785284262036,765,0,False
bcedc00c-ce29-51e3-af8b-901a6f8392c8,1785284262274,sender -> receiver,0,True,1785284262983,709,0,False
279d005f-c7c2-5500-831e-6f475a2bfae2,1785284262280,sender -> receiver,0,True,1785284262995,715,0,False
a55e3b88-b065-5757-bac6-ef059cd5e952,1785284263241,sender -> receiver,0,True,1785284263958,717,0,False
aee42a34-5813-5de1-b53d-74002e907576,1785284264248,sender -> receiver,0,True,1785284264966,718,0,False
cef68b0f-8c6f-5304-9461-a71c56b1ac51,1785284264266,sender -> receiver,0,True,1785284264980,714,0,False
0649ebe3-7c74-522e-bc05-a986fe9a9f8e,1785284265253,sender -> receiver,0,True,1785284266012,759,0,False
b3761c00-f368-5f92-bc63-f1d956435890,1785284265276,sender -> receiver,0,True,1785284266025,749,0,False
c113bf51-7213-504e-abb0-293819f37835,1785284266238,sender -> receiver,0,True,1785284266966,728,0,False
26ba5500-b87b-529a-ad64-9af32d7b9f3e,1785284266240,sender -> receiver,0,True,1785284267027,787,0,False
d3bb8f24-e389-51d9-840c-46be92671bc7,1785284267284,sender -> receiver,0,True,1785284268015,731,0,False
23e12bd1-9c87-54d1-9daf-b752e78934f2,1785284267293,sender -> receiver,0,True,1785284268025,732,0,False
39db4b09-18ad-5042-ab66-68f08eae4021,1785284268260,sender -> receiver,0,True,1785284268960,700,0,False
83ea963a-783e-5f24-8df9-b682fb615b0e,1785284269277,sender -> receiver,0,True,1785284270020,743,0,False
8e5f99fa-cc7e-5c33-a61e-a2348034b725,1785284269282,sender -> receiver,0,True,1785284270036,754,0,False
4b701087-f82e-5fa8-bd76-deb6b2ba0e85,1785284270247,sender -> receiver,0,True,1785284271011,764,0,False
b240a7fc-364d-5cb2-91a8-7d5c4e9d9e1b,1785284270254,sender -> receiver,0,True,1785284271022,768,0,False
e64bd130-c319-5843-9d68-bf3830c72f8a,1785284271256,sender -> receiver,0,True,1785284271983,727,0,False
75b35b29-3218-5524-8784-031dd2fabcaa,1785284271261,sender -> receiver,0,True,1785284271995,734,0,False
f8daa60d-760a-596d-b22a-b8814cd6d266,1785284272255,sender -> receiver,0,True,1785284272968,713,0,False
1733d6a5-af99-5c9f-a50c-4c2e5186a05a,1785284273275,sender -> receiver,0,True,1785284273998,723,0,False
3f53e020-912c-5cc7-b6ad-2560fe8643fa,1785284273280,sender -> receiver,0,True,1785284274009,729,0,False
2215163c-c1b1-5fb7-b297-37c063d37b39,1785284274262,sender -> receiver,0,True,1785284275017,755,0,False
cac07ee1-b1dc-595a-9b00-9b8f5cc933e2,1785284274267,sender -> receiver,0,True,1785284275036,769,0,False
77fa25dc-4746-5f90-9968-3ea6959d4849,1785284275269,sender -> receiver,0,True,1785284275985,716,0,False
000f3ce7-1d8a-5134-991d-69b354ebb88a,1785284275274,sender -> receiver,0,True,1785284275998,724,0,False
c6558acd-cfea-5445-b213-d74cbf593883,1785284276256,sender -> receiver,0,True,1785284276954,698,0,False
c74e114d-4ab0-5ba0-9310-bf576126ea2e,1785284276259,sender -> receiver,0,True,1785284276964,705,0,False
cfe56619-6173-5030-80b3-0f201fe4c54d,1785284277255,sender -> receiver,0,True,1785284277974,719,0,False
7c7723ce-6943-5491-8b85-bd55a14d5771,1785284278263,sender -> receiver,0,True,1785284279026,763,0,False
827309fc-89b6-5229-b958-13bf8d88f51d,1785284278270,sender -> receiver,0,True,1785284279038,768,0,False
b1db5e84-fb6c-59fb-b8de-242e72325a66,1785284279292,sender -> receiver,0,True,1785284280020,728,0,False
cffeb007-d0d0-5d76-9268-ce33e0a676d9,1785284279296,sender -> receiver,0,True,1785284280035,739,0,False
c0ebea08-a50b-582e-9f8e-497bf0930b22,1785284280246,sender -> receiver,0,True,1785284281025,779,0,False
a026323d-a925-556a-b417-257078a0c3e5,1785284280249,sender -> receiver,0,True,1785284281043,794,0,False
c47b2cc3-49a7-53d6-8baa-58cbb11c3524,1785284281251,sender -> receiver,0,True,1785284281964,713,0,False
8d9203a7-d4ef-5710-a831-60f64189dc26,1785284281256,sender -> receiver,0,True,1785284281993,737,0,False
00194a2f-354c-5fcf-9ec8-40df078b590a,1785284282246,sender -> receiver,0,True,1785284282965,719,0,False
3edec1ec-4c35-5c9a-9a2a-01cb66353b2e,1785284283295,sender -> receiver,0,True,1785284284025,730,0,False
687d26f4-e231-510f-8b6b-ca05a498acc2,1785284283301,sender -> receiver,0,True,1785284284043,742,0,False
4f9c6662-5b67-555e-8119-9dfa76b53754,1785284284244,sender -> receiver,0,True,1785284284975,731,0,False
2d59ab83-92bc-5755-8ddc-177d48780455,1785284284264,sender -> receiver,0,True,1785284285036,772,0,False
8bbe0f0b-0373-5e08-8b82-7164a7835c1f,1785284285242,sender -> receiver,0,True,1785284285961,719,0,False
8ea879c0-8e80-59e9-a84c-b9f07d420747,1785284285246,sender -> receiver,0,True,1785284286022,776,0,False
27f21069-f145-5cb4-b35b-1a8979548725,1785284286247,sender -> receiver,0,True,1785284286942,695,0,False
67bb0a82-3647-5cce-bd11-a04156f1351f,1785284287276,sender -> receiver,0,True,1785284288017,741,0,False
8e33263f-1bb0-5bdf-bbda-88832ea72ff0,1785284287281,sender -> receiver,0,True,1785284288033,752,0,False
ad5c8518-2875-506f-9ac4-9cd6e6df75c1,1785284288241,sender -> receiver,0,True,1785284288943,702,0,False
35abfa63-0e43-5a9f-bb21-bf06436f2b51,1785284288244,sender -> receiver,0,True,1785284288966,722,0,False
c23f02ed-5d91-5311-980e-73365c6618c6,1785284289250,sender -> receiver,0,True,1785284289979,729,0,False
a30406d5-8514-5aef-a3f5-ae6f460e027c,1785284289258,sender -> receiver,0,True,1785284290046,788,0,False
fa804f47-f35a-57f6-95f2-11a43c75fbf1,1785284290245,sender -> receiver,0,True,1785284290959,714,0,False
718cd980-aab4-56e4-a418-53772c013e89,1785284290251,sender -> receiver,0,True,1785284290974,723,0,False
9f1dff0b-f564-5f28-9055-8fb4ccae690a,1785284291238,sender -> receiver,0,True,1785284291937,699,0,False
5e5474db-a546-56fa-96ed-6cce831ba4b6,1785284292265,sender -> receiver,0,True,1785284292992,727,0,False
36b57fac-3863-5543-9430-bd084f9ea85c,1785284292274,sender -> receiver,0,True,1785284293068,794,0,False
d92d476a-9209-5d38-a9e4-f63ae889879c,1785284293250,sender -> receiver,0,True,1785284293965,715,0,False
46bf0ac3-5a4d-5f0b-a461-7cec2cb4a9d9,1785284293254,sender -> receiver,0,True,1785284293979,725,0,False
3316b699-3faf-56f7-9a54-a083a34efc1e,1785284294242,sender -> receiver,0,True,1785284294973,731,0,False
d0d5bd0c-3bb7-53cd-bd87-4d54a4d078bc,1785284294244,sender -> receiver,0,True,1785284295038,794,0,False
0d68fc06-4ba6-5697-8035-b1909296e072,1785284295257,sender -> receiver,0,True,1785284295952,695,0,False
0c7aaae8-0a32-57ae-90b7-09a55eeec7f3,1785284295261,sender -> receiver,0,True,1785284296044,783,0,False
68c2b583-184c-561a-bf36-58bac01d774d,1785284296253,sender -> receiver,0,True,1785284296956,703,0,False
3604a11b-41ea-5aec-ac94-7c558572c6b8,1785284297241,sender -> receiver,0,True,1785284297942,701,0,False
f6f18151-a541-5a87-8977-947857b8d1e9,1785284297244,sender -> receiver,0,True,1785284297960,716,0,False
52979437-9cbf-5116-ab00-de96c038efe7,1785284298271,sender -> receiver,0,True,1785284299002,731,0,False
de70508e-1a69-5c3e-bcca-2916406b4cbc,1785284298278,sender -> receiver,0,True,1785284299019,741,0,False
45dbedbf-d226-5329-a2ec-cb93725855e6,1785284299268,sender -> receiver,0,True,1785284299991,723,0,False
a05e3d24-3a29-5712-a41b-14f8761c2322,1785284299273,sender -> receiver,0,True,1785284300076,803,0,False
b401d11e-c677-59ab-86da-b366e14ff401,1785284300264,sender -> receiver,0,True,1785284300987,723,0,False
e5c28dcd-764c-5d20-8cf1-e449efcd3908,1785284340980,sender -> receiver,0,True,1785284341678,698,0,False
2b9885bd-bc27-5766-9cfe-2f1b9c68d351,1785284340985,sender -> receiver,0,True,1785284341690,705,0,False
5454cb08-ba7e-5a2f-8c7a-fe0bf0ac9c70,1785284341972,sender -> receiver,0,True,1785284342673,701,0,False
2b3da9d9-34f6-5a9d-8397-352dd09b0dc6,1785284341977,sender -> receiver,0,True,1785284342742,765,0,False
9a855a29-e50c-5727-88e0-06ae71f3d4e5,1785284342982,sender -> receiver,0,True,1785284343708,726,0,False
de63ae76-9d88-54c2-881c-042ba16e2943,1785284342986,sender -> receiver,0,True,1785284343729,743,0,False
5a11186f-56cd-596c-842e-4e880913e548,1785284343957,sender -> receiver,0,True,1785284344740,783,0,False
9a33cfc7-d51d-508a-9ea6-53a6eb5e729c,1785284343958,sender -> receiver,0,True,1785284344763,805,0,False
02d9155b-999d-50d2-8e6e-751aabb798b7,1785284344970,sender -> receiver,0,True,1785284345687,717,0,False
81f56dc5-78c2-5359-94dc-f1a55730427b,1785284344981,sender -> receiver,0,True,1785284345719,738,0,False
507397e1-f7a4-59b2-82d3-9299590de95b,1785284345953,sender -> receiver,0,True,1785284346683,730,0,False
ba136063-88b2-5cf0-aa5b-5848625a09fa,1785284347031,sender -> receiver,0,True,1785284347759,728,0,False
96ce5392-8dcd-596f-98d0-77336a772d34,1785284347036,sender -> receiver,0,True,1785284347781,745,0,False
106fa465-cf55-5af0-87c3-f658bd5becc4,1785284347977,sender -> receiver,0,True,1785284348716,739,0,False
70a92c31-2279-54cd-bc79-fab716b0a60c,1785284347980,sender -> receiver,0,True,1785284348732,752,0,False
e49f2d39-0239-5aca-b08c-3a7f0a5cb21a,1785284348968,sender -> receiver,0,True,1785284349693,725,0,False
7f37b54e-a49f-5dce-9d8f-3c9d93d78eed,1785284348971,sender -> receiver,0,True,1785284349710,739,0,False
a94fcccb-f95a-59e3-8755-a6678a8fafbc,1785284349961,sender -> receiver,0,True,1785284350693,732,0,False
ef9eca1e-4cb5-5bcf-ae65-d26d9600cbcf,1785284349984,sender -> receiver,0,True,1785284350729,745,0,False
fa2f7eac-35c1-5054-af2e-cb515b0f6e04,1785284350956,sender -> receiver,0,True,1785284351675,719,0,False
1e6904e2-148b-57eb-90db-01a08ebdcaf7,1785284351966,sender -> receiver,0,True,1785284352709,743,0,False
d0eb432c-228d-5e05-afe4-70029935a3d1,1785284352013,sender -> receiver,0,True,1785284352725,712,0,False
c31d96c1-9af6-5e97-bd02-b54f6001d711,1785284352990,sender -> receiver,0,True,1785284353744,754,0,False
8aaec287-b128-5e20-a9ff-7fb5c0251e21,1785284352997,sender -> receiver,0,True,1785284353765,768,0,False
76e83237-046a-557c-b05d-23841ebfb52b,1785284354015,sender -> receiver,0,True,1785284354763,748,0,False
281f4fd9-ffc7-568a-b762-a16693bd1443,1785284354019,sender -> receiver,0,True,1785284354783,764,0,False
e547a9a7-1822-57d4-a2e6-799a57125066,1785284354991,sender -> receiver,0,True,1785284355708,717,0,False
b876c647-819b-5bf7-ad5c-4d19480e2008,1785284354998,sender -> receiver,0,True,1785284355726,728,0,False
4228238c-579d-5408-bd97-95485e1c34a6,1785284355965,sender -> receiver,0,True,1785284356672,707,0,False
64f8e2c7-2d42-5c72-8eb4-ff44240b7f9d,1785284355972,sender -> receiver,0,True,1785284356704,732,0,False
6bb28002-8775-50e6-8f9e-1e330a9d8d93,1785284356961,sender -> receiver,0,True,1785284357700,739,0,False
1a9b3ee0-3906-5aa4-a458-006bbcf48112,1785284357965,sender -> receiver,0,True,1785284358694,729,0,False
faaf791a-7da8-5d5a-9edf-b4119b45e212,1785284357969,sender -> receiver,0,True,1785284358715,746,0,False
e40bf2c5-ed1a-59b5-bdca-3cbe47dd5111,1785284358966,sender -> receiver,0,True,1785284359663,697,0,False
84b1ad3f-2bca-5418-b637-9f37e2aad825,1785284358969,sender -> receiver,0,True,1785284359675,706,0,False
120f6bb6-09a6-5598-b649-18601568f242,1785284360016,sender -> receiver,0,True,1785284360732,716,0,False
d5875958-b587-5296-abf0-dacdf64db58e,1785284360021,sender -> receiver,0,True,1785284360807,786,0,False
cfc1c212-1b9c-563d-b948-17de8e9e4658,1785284360974,sender -> receiver,0,True,1785284361717,743,0,False
693d2fb2-8e03-53f8-b707-f6eaaede97e9,1785284361003,sender -> receiver,0,True,1785284361733,730,0,False
dc64735e-3f7a-500c-a90f-88028d81f494,1785284361961,sender -> receiver,0,True,1785284362683,722,0,False
033aa338-5993-536f-bff4-48135bfcebeb,1785284363025,sender -> receiver,0,True,1785284363736,711,0,False
a6f5a5ad-89aa-5657-804c-fa0d98fa6fe1,1785284363030,sender -> receiver,0,True,1785284363765,735,0,False
f5bef5e2-440e-5879-bbd9-1b6d438c5d59,1785284363971,sender -> receiver,0,True,1785284364728,757,0,False
a172bfac-fa4d-5bc2-b1d6-a79a2a06b8b1,1785284363978,sender -> receiver,0,True,1785284364744,766,0,False
da749384-5b3e-570c-8dab-4cf3b3225ff4,1785284364962,sender -> receiver,0,True,1785284365672,710,0,False
00b982a7-180c-57ba-b67a-8ce49e454f9f,1785284364986,sender -> receiver,0,True,1785284365694,708,0,False
640903e7-e7d2-535f-b93d-b9ce3833303c,1785284365979,sender -> receiver,0,True,1785284366690,711,0,False
8a0b1c91-22cb-5c4e-afa7-63b3dc9d95f3,1785284365983,sender -> receiver,0,True,1785284366712,729,0,False
0a82872d-316f-5ce3-97b1-969896f334d5,1785284366979,sender -> receiver,0,True,1785284367699,720,0,False
ee257ba7-5332-55a0-9c0a-1feeb2575d7c,1785284366982,sender -> receiver,0,True,1785284367729,747,0,False
a3db873d-3e8f-56d4-9d27-ee32adadd299,1785284368018,sender -> receiver,0,True,1785284368737,719,0,False
1090ed49-ee16-5820-ad84-2d928942bcb0,1785284369023,sender -> receiver,0,True,1785284369761,738,0,False
a83fb34e-6974-5434-86cc-9b049a1a559d,1785284369028,sender -> receiver,0,True,1785284369784,756,0,False
5d436cbf-d90b-5309-ac91-90229e84147d,1785284369983,sender -> receiver,0,True,1785284370717,734,0,False
3708de33-f859-502a-8343-36997d31bd97,1785284370018,sender -> receiver,0,True,1785284370778,760,0,False
160f3c8b-f8e5-5ac3-be47-3379bbff7c08,1785284370962,sender -> receiver,0,True,1785284371697,735,0,False
7c5b59ff-6a74-5671-a913-a4c5a7d51ef5,1785284370983,sender -> receiver,0,True,1785284371754,771,0,False
64be1c01-36e6-57ea-a963-11e5ce8f762d,1785284371971,sender -> receiver,0,True,1785284372691,720,0,False
610150b8-4718-5453-9423-5479ce2c193b,1785284371979,sender -> receiver,0,True,1785284372709,730,0,False
f313ac99-642b-5c08-8632-3004a6ef6eb4,1785284372977,sender -> receiver,0,True,1785284373659,682,0,False
d14a53ac-6d37-584c-9933-5050b3766aaa,1785284374016,sender -> receiver,0,True,1785284374760,744,0,False
105e7554-d360-54be-b93d-653291d3af89,1785284374021,sender -> receiver,0,True,1785284374787,766,0,False
40b9b9bf-dc0d-50fb-9f6a-b1c2274c52fe,1785284375011,sender -> receiver,0,True,1785284375753,742,0,False
40a1fad7-19a1-536e-85a6-782e2f773d8c,1785284375015,sender -> receiver,0,True,1785284375778,763,0,False
f7ffd1bd-0fe2-5ea4-a9f5-9f88697498c7,1785284375988,sender -> receiver,0,True,1785284376689,701,0,False
6885e325-27da-501d-8ab5-95bd2cba5a6d,1785284375991,sender -> receiver,0,True,1785284376709,718,0,False
5d3c1123-6b9a-5436-be4a-cdf90e2595d2,1785284376992,sender -> receiver,0,True,1785284377727,735,0,False
cb850715-9292-5c4a-b82d-efb18b579cdd,1785284376995,sender -> receiver,0,True,1785284377738,743,0,False
c1c6570d-3e17-59f4-9a6c-5b52350d5e83,1785284377988,sender -> receiver,0,True,1785284378720,732,0,False
df70f00a-1920-588c-8753-1629d26c1c04,1785284377992,sender -> receiver,0,True,1785284378744,752,0,False
fffd9c59-304d-57ab-a121-fa5c4768922c,1785284378997,sender -> receiver,0,True,1785284379707,710,0,False
bb9ef57b-a2f9-5a1d-bdc6-beddd62f726a,1785284379956,sender -> receiver,0,True,1785284380709,753,0,False
750a9663-a87d-584f-8ae3-896721a546aa,1785284379978,sender -> receiver,0,True,1785284380762,784,0,False
821144f7-b551-5872-b4a5-11a7768eb201,1785284380972,sender -> receiver,0,True,1785284381680,708,0,False
2b31cf03-95dc-5c40-a0e7-527cbc16647d,1785284380979,sender -> receiver,0,True,1785284381705,726,0,False
804473d3-00d8-5517-9d40-ab3aee895234,1785284381968,sender -> receiver,0,True,1785284382683,715,0,False
668bebb6-63e2-547d-b116-34d1d2d74c32,1785284381971,sender -> receiver,0,True,1785284382702,731,0,False
0feffacd-a6e5-5c1e-9623-cf6ee8d0c240,1785284383021,sender -> receiver,0,True,1785284383715,694,0,False
0ea5ca08-1f2e-5cd6-94ae-54fdbabc8af1,1785284383025,sender -> receiver,0,True,1785284383762,737,0,False
f70c65ec-40fa-53c0-9965-75cb0e229e4e,1785284383975,sender -> receiver,0,True,1785284384729,754,0,False
4730e24a-7c96-519f-982e-920f0e5e5a79,1785284385018,sender -> receiver,0,True,1785284385739,721,0,False
5e09ed3f-048b-5cd1-8fb4-1a6e30f86323,1785284385022,sender -> receiver,0,True,1785284385758,736,0,False
a41a297e-a945-5bfb-9109-7ab6d7652103,1785284385969,sender -> receiver,0,True,1785284386690,721,0,False
36affce0-f73e-5776-829b-4164aaba09bb,1785284385972,sender -> receiver,0,True,1785284386719,747,0,False
ccc4eb77-f3e4-5038-9557-fce2860460d6,1785284386975,sender -> receiver,0,True,1785284387751,776,0,False
2d81bf5f-2845-507a-8eb8-1e569ee5bd27,1785284386984,sender -> receiver,0,True,1785284387771,787,0,False
b4947f07-63d5-5613-9187-9b98aea05746,1785284388004,sender -> receiver,0,True,1785284388765,761,0,False
6390dbb4-c304-5720-b30d-68a6fd6bb961,1785284388013,sender -> receiver,0,True,1785284388783,770,0,False
ad3fe319-d3b6-5452-8cfd-2ea8e560b1d9,1785284388988,sender -> receiver,0,True,1785284389703,715,0,False
d41b8ef0-54ef-59db-a390-9456c6513cd5,1785284388990,sender -> receiver,0,True,1785284389717,727,0,False
3baac437-8024-59eb-916d-337358c8bd32,1785284389963,sender -> receiver,0,True,1785284390723,760,0,False
b3ba2cfd-0b32-5662-a399-fa4b39fc6d18,1785284390967,sender -> receiver,0,True,1785284391660,693,0,False
920c6119-2843-54aa-a259-a97b5fc10298,1785284390971,sender -> receiver,0,True,1785284391671,700,0,False
1208c425-a2e2-53cc-99cd-f6e711d25408,1785284391980,sender -> receiver,0,True,1785284392716,736,0,False
5ddb2f4f-c810-51b0-8317-05102ad11b9d,1785284391984,sender -> receiver,0,True,1785284392743,759,0,False
2fb439cf-ce5e-5340-b2b2-d50c9cf9ea62,1785284392969,sender -> receiver,0,True,1785284393699,730,0,False
59a49427-9d7b-5c67-8196-09d9a1692db9,1785284392973,sender -> receiver,0,True,1785284393718,745,0,False
98186aad-a3de-5b40-aef1-611c627db98a,1785284393966,sender -> receiver,0,True,1785284394676,710,0,False
106f247a-1fcc-5ab9-99dc-eca015887d30,1785284393984,sender -> receiver,0,True,1785284394698,714,0,False
01591df9-a5e9-57ad-b5fb-15886921d5f3,1785284394957,sender -> receiver,0,True,1785284395673,716,0,False
568bb853-6de3-529c-84b3-33124721cf0a,1785284436219,sender -> receiver,0,True,1785284436892,673,0,False
27b640c9-43df-548e-952b-c1fef446fd89,1785284436222,sender -> receiver,0,True,1785284436944,722,0,False
8979dbc3-b15c-5373-a36e-7818aa1c8121,1785284437193,sender -> receiver,0,True,1785284437923,730,0,False
45d3e843-203c-5837-b66e-8398843720de,1785284437196,sender -> receiver,0,True,1785284437939,743,0,False
5eafdf80-f520-5019-ac8a-e948519393b7,1785284438212,sender -> receiver,0,True,1785284438916,704,0,False
7fb02d9e-c9c4-5c24-8fc2-6db4aaeaad7b,1785284438216,sender -> receiver,0,True,1785284438931,715,0,False
30ee6406-09dc-57eb-804d-72768c2d28f9,1785284439231,sender -> receiver,0,True,1785284439923,692,0,False
575becc8-6867-5e05-803e-194aa4e2b789,1785284439235,sender -> receiver,0,True,1785284439959,724,0,False
75471b4c-9431-541d-956e-8667dd9dd520,1785284440187,sender -> receiver,0,True,1785284440906,719,0,False
f98576d4-942c-5175-96e2-2e015d196cb0,1785284440189,sender -> receiver,0,True,1785284440919,730,0,False
9f34dd6c-1b34-566d-989d-b6ba0a4e8c46,1785284441206,sender -> receiver,0,True,1785284441934,728,0,False
e168abd0-8e43-5882-a43d-1fe4b0417a3d,1785284442236,sender -> receiver,0,True,1785284442959,723,0,False
3fd51e27-c6a7-56ea-954f-0dcbf111b47b,1785284442240,sender -> receiver,0,True,1785284442999,759,0,False
ac30f09b-c8fa-5a0d-ade5-5b5fb8cb54c2,1785284443254,sender -> receiver,0,True,1785284443956,702,0,False
ccaee0bc-f87d-518a-88e9-c3a9e53f5aed,1785284443259,sender -> receiver,0,True,1785284444014,755,0,False
3f98f247-53cf-5f0b-8c63-d0077e1fbcc0,1785284444193,sender -> receiver,0,True,1785284444934,741,0,False
47073bcd-f2ed-5afb-8435-12befc4668b3,1785284444198,sender -> receiver,0,True,1785284444947,749,0,False
4c8d9f55-cb26-5d0a-89bb-2106c9d80649,1785284445259,sender -> receiver,0,True,1785284445953,694,0,False
593d49f1-d2ad-577c-8123-627f6a9b3200,1785284445264,sender -> receiver,0,True,1785284445984,720,0,False
7518612c-7f6f-5673-9194-c1c2b653dab5,1785284446186,sender -> receiver,0,True,1785284446897,711,0,False
53c0f8ef-0abd-5609-85d4-cc250faedc32,1785284447258,sender -> receiver,0,True,1785284447982,724,0,False
9ece4e60-6627-5ab7-9909-79156b24cc4c,1785284447263,sender -> receiver,0,True,1785284448044,781,0,False
3dd546e6-eb59-502c-bc40-c1c01a030760,1785284448209,sender -> receiver,0,True,1785284448923,714,0,False
53a642e6-ac9c-5c43-9cd8-aae0250e05ef,1785284448213,sender -> receiver,0,True,1785284448950,737,0,False
eb63597f-813b-56f9-bf5f-be9cd7ece451,1785284449217,sender -> receiver,0,True,1785284449957,740,0,False
2f46ee28-dd02-525b-91de-8c20c62a62a6,1785284449251,sender -> receiver,0,True,1785284449982,731,0,False
3bd81964-c878-55bb-b6cf-8185cad829d7,1785284450223,sender -> receiver,0,True,1785284451013,790,0,False
1ecadf97-6285-5e62-90e1-dacba82e0e97,1785284450255,sender -> receiver,0,True,1785284451023,768,0,False
9e6360c4-5846-51e8-b0bb-7bc49abd2a9c,1785284451192,sender -> receiver,0,True,1785284451914,722,0,False
a34f53ee-2c06-58fc-a0bc-68fc2f808dfc,1785284451215,sender -> receiver,0,True,1785284451928,713,0,False
c642d9a2-3b61-52af-9c65-64886f45b3d5,1785284452184,sender -> receiver,0,True,1785284452907,723,0,False
efee259f-6a2f-525d-8263-4e70ae694e28,1785284453202,sender -> receiver,0,True,1785284453930,728,0,False
62b1fe4a-ff03-532f-8665-b4155467f29a,1785284453234,sender -> receiver,0,True,1785284453940,706,0,False
f763ebc5-fc30-5019-a5f2-6e3c14b31282,1785284454203,sender -> receiver,0,True,1785284454897,694,0,False
3913d1d7-4752-5526-bb4d-433f7eda7306,1785284454206,sender -> receiver,0,True,1785284454954,748,0,False
2fbf704f-b02d-59d1-95a7-7f4de70485b1,1785284455235,sender -> receiver,0,True,1785284455921,686,0,False
92142901-f585-5d55-99cc-a580b0456117,1785284455242,sender -> receiver,0,True,1785284456011,769,0,False
7882961c-b49c-5aba-8e00-98eac489dc7d,1785284456221,sender -> receiver,0,True,1785284456931,710,0,False
2893086f-a9ca-5d56-9a8e-550b852f3869,1785284456248,sender -> receiver,0,True,1785284456951,703,0,False
f1302536-a367-5f95-aa3b-4b13f557ae80,1785284457201,sender -> receiver,0,True,1785284457916,715,0,False
e54fddfa-1a61-5b30-ac88-0b7c54119772,1785284458189,sender -> receiver,0,True,1785284458905,716,0,False
1831972e-4bd8-569e-bc68-296c27c38bbe,1785284458196,sender -> receiver,0,True,1785284458933,737,0,False
4974ae22-262b-50fe-83f1-81ee50411445,1785284459217,sender -> receiver,0,True,1785284459942,725,0,False
045953f4-e659-5df7-88f9-61a724819fe0,1785284459221,sender -> receiver,0,True,1785284459969,748,0,False
a3fb6393-7741-53fb-bb7a-1b0633e50c6d,1785284460189,sender -> receiver,0,True,1785284460976,787,0,False
dda59d29-bd0d-5ab4-9003-f6b8d0049323,1785284460223,sender -> receiver,0,True,1785284461031,808,0,False
71c19c51-053c-5f15-a9a8-8eed34930d39,1785284461214,sender -> receiver,0,True,1785284461919,705,0,False
3624c888-0ae2-500b-bcad-2fa1ecf48aa9,1785284461221,sender -> receiver,0,True,1785284461966,745,0,False
a08d979a-6bcf-5fe8-915f-14bf8c8ba766,1785284462194,sender -> receiver,0,True,1785284462903,709,0,False
37ba9ef8-7641-53a9-b9b9-1206c2776d93,1785284462199,sender -> receiver,0,True,1785284462923,724,0,False
4e8b331e-05e7-5bc6-8a11-12b81ecd05ea,1785284463179,sender -> receiver,0,True,1785284463941,762,0,False
dfbd30cf-a49a-5515-b2a8-d127653e9d1f,1785284464194,sender -> receiver,0,True,1785284464950,756,0,False
0755a6f0-8806-5c46-82a3-273cab46fbd2,1785284464198,sender -> receiver,0,True,1785284464967,769,0,False
4c98de39-0763-549a-aec1-df63dbb47f75,1785284465191,sender -> receiver,0,True,1785284465943,752,0,False
ae45d30f-81db-5752-b88b-cc76366def2f,1785284465201,sender -> receiver,0,True,1785284465960,759,0,False
529ac71b-8532-5bbe-a9ec-899fa8d353ec,1785284466234,sender -> receiver,0,True,1785284466953,719,0,False
8409858f-fb3a-507d-8c06-6af9a34d73b4,1785284466241,sender -> receiver,0,True,1785284466968,727,0,False
1656268c-3674-585e-97e1-7aac289242fe,1785284467176,sender -> receiver,0,True,1785284467890,714,0,False
e9bfa123-6a72-57eb-863d-e41f8705060f,1785284467189,sender -> receiver,0,True,1785284467908,719,0,False
0622cad6-52ba-5845-927d-8210c5fc5add,1785284468184,sender -> receiver,0,True,1785284469022,838,0,False
68023471-9878-5355-b0a5-6004c35d2dde,1785284469210,sender -> receiver,0,True,1785284469934,724,0,False
54cb3be9-cf8f-5c8f-a071-945a4fc0646a,1785284469213,sender -> receiver,0,True,1785284469948,735,0,False
7498848f-6857-5138-941f-47b208f84979,1785284470192,sender -> receiver,0,True,1785284470995,803,0,False
33c07dd2-da9d-5ffe-a6f0-d3993ae5ef0b,1785284470196,sender -> receiver,0,True,1785284471012,816,0,False
095f3b09-ee90-52d8-a3e3-d3a16cfbbde4,1785284471194,sender -> receiver,0,True,1785284471905,711,0,False
899eb6cb-e1c9-5c22-bca6-608b589590c7,1785284471226,sender -> receiver,0,True,1785284471924,698,0,False
a30bea84-0210-53de-ab93-9e483d91dae6,1785284472234,sender -> receiver,0,True,1785284472942,708,0,False
e8f686db-2a3b-59cb-bf2d-d58d0b8434b2,1785284472240,sender -> receiver,0,True,1785284472958,718,0,False
b22528f1-7b00-5cdc-8191-da641ab532f7,1785284473185,sender -> receiver,0,True,1785284473943,758,0,False
246793be-c2f0-52ef-910c-b7c58ed5014e,1785284473187,sender -> receiver,0,True,1785284473959,772,0,False
ecc0c029-2707-577b-987b-34a7cfcf6778,1785284474184,sender -> receiver,0,True,1785284474915,731,0,False
d62188f7-f90b-57bc-a1d7-79cec5cfc8e0,1785284475211,sender -> receiver,0,True,1785284475920,709,0,False
994ae65f-c32a-5fa1-95cd-4129198add7f,1785284475214,sender -> receiver,0,True,1785284475935,721,0,False
fd42cd95-f222-5994-b9d8-5c5a684b6bff,1785284476189,sender -> receiver,0,True,1785284476950,761,0,False
77ce0914-2a1f-5188-bce4-986f0898cafd,1785284476209,sender -> receiver,0,True,1785284476960,751,0,False
69987bc2-ef87-5217-b0db-e8840901c2fd,1785284477191,sender -> receiver,0,True,1785284477894,703,0,False
5e20ca36-8484-5af1-8b8a-dfecb0de41bf,1785284477194,sender -> receiver,0,True,1785284477959,765,0,False
f486a629-f13a-53d7-b252-b91db6089e75,1785284478235,sender -> receiver,0,True,1785284478976,741,0,False
5a5a99e6-369f-5b32-acbc-233828fa35db,1785284478240,sender -> receiver,0,True,1785284478990,750,0,False
3c0a4470-f0f9-5638-aee7-9792c3434fa8,1785284479200,sender -> receiver,0,True,1785284479934,734,0,False
daa2dca3-e0ba-564e-8531-6bdaedcc63ac,1785284480216,sender -> receiver,0,True,1785284480953,737,0,False
26480648-b8e7-573b-b5ee-fd94f29df4d1,1785284480221,sender -> receiver,0,True,1785284480962,741,0,False
d09fe2fa-f4fd-5f2b-8f23-1bcbe2bc20d4,1785284481211,sender -> receiver,0,True,1785284481931,720,0,False
bf3aa1b2-c408-5250-9f6a-dd3001598b9b,1785284481214,sender -> receiver,0,True,1785284481944,730,0,False
e0604a4a-acd4-5fbc-9c65-a6294ae42c2a,1785284482219,sender -> receiver,0,True,1785284482943,724,0,False
3f309a0f-c651-52e7-a92f-e498b68b4ed0,1785284482223,sender -> receiver,0,True,1785284482964,741,0,False
000edfdd-b932-53ea-8e00-e02454d610bf,1785284483191,sender -> receiver,0,True,1785284483931,740,0,False
c69a994c-2962-576e-bc87-8a8b913e5048,1785284483210,sender -> receiver,0,True,1785284484001,791,0,False
d28424d0-21aa-5314-b702-dc9c097fe985,1785284484211,sender -> receiver,0,True,1785284484917,706,0,False
bad7e922-2343-516d-9134-5ae4ab6df00c,1785284484246,sender -> receiver,0,True,1785284484934,688,0,False
08e8c111-7262-5b1d-ae18-92c39ac0a693,1785284485185,sender -> receiver,0,True,1785284485888,703,0,False
11b48e9a-381d-51ab-9e8e-c91889b31f89,1785284486190,sender -> receiver,0,True,1785284486898,708,0,False
1c4e7230-c019-5b00-a4ce-e891609581b9,1785284486193,sender -> receiver,0,True,1785284486915,722,0,False
e61a9694-1273-5964-88cb-cbc42947dff6,1785284487252,sender -> receiver,0,True,1785284487923,671,0,False
c095ce45-196c-595c-b0f5-6f45cc8bc6d8,1785284487260,sender -> receiver,0,True,1785284487978,718,0,False
99d75780-86f5-590e-a4d7-73221c4c2a57,1785284488203,sender -> receiver,0,True,1785284488936,733,0,False
5da13251-2af4-5cf5-b4d3-8a67d24a7478,1785284488235,sender -> receiver,0,True,1785284488952,717,0,False
0b37a0da-3430-5f2d-a72c-95863b169e11,1785284489217,sender -> receiver,0,True,1785284489956,739,0,False
14274f38-6d78-5ca2-b984-2d54e718afc3,1785284489222,sender -> receiver,0,True,1785284489975,753,0,False
43fa6668-980d-542e-938b-84341a7560e3,1785284490237,sender -> receiver,0,True,1785284490948,711,0,False
a0a07511-3e78-566e-ba18-5fa19b79f229,1785284530951,sender -> receiver,0,True,1785284531660,709,0,False
88fbc329-bcb1-5de9-88a6-f10dec08b32b,1785284530955,sender -> receiver,0,True,1785284531677,722,0,False
b5feb545-6465-5b11-969a-8afd7e6e345d,1785284531945,sender -> receiver,0,True,1785284532707,762,0,False
5d27fc03-8aa1-5d0b-9889-37294c18da12,1785284531955,sender -> receiver,0,True,1785284532753,798,0,False
18d0379e-a9b4-5f6a-8c5c-d7c7ffe945d7,1785284532972,sender -> receiver,0,True,1785284533680,708,0,False
587571a7-7fa2-585c-bcef-2f4dc621923a,1785284532980,sender -> receiver,0,True,1785284533694,714,0,False
3763aeca-6583-54e2-9e21-49ebb717bf22,1785284533948,sender -> receiver,0,True,1785284534711,763,0,False
b3690466-1465-552f-bd49-d69f9af2b9d9,1785284533955,sender -> receiver,0,True,1785284534729,774,0,False
ab468c6d-5292-52ad-825b-3379d564bb66,1785284534939,sender -> receiver,0,True,1785284535657,718,0,False
aa4ff4e0-f6bb-5feb-b977-9d602c9a337f,1785284535959,sender -> receiver,0,True,1785284536664,705,0,False
296c56ff-1087-51dd-a491-ad644ef87b33,1785284535968,sender -> receiver,0,True,1785284536681,713,0,False
bc4b345e-4d21-51bd-ae2e-36dd7e1159c0,1785284536948,sender -> receiver,0,True,1785284537663,715,0,False
f672753f-24cc-5b47-a2be-05e80abb6b73,1785284536950,sender -> receiver,0,True,1785284537677,727,0,False
945fdddd-d828-5b7a-82b1-c56563b21712,1785284538009,sender -> receiver,0,True,1785284538675,666,0,False
880d3348-b191-5eca-a679-5f94667516ac,1785284538016,sender -> receiver,0,True,1785284538720,704,0,False
91ffc607-3ad6-572c-862e-24b6e5705d31,1785284538944,sender -> receiver,0,True,1785284539732,788,0,False
249f19e4-a7e9-584b-ab02-20559492c7f5,1785284538947,sender -> receiver,0,True,1785284539747,800,0,False
927a57e4-a347-5015-83f3-60650b4edd15,1785284539941,sender -> receiver,0,True,1785284540703,762,0,False
ab47c238-2ed6-5cd7-95c3-b1563a7fbaa3,1785284540944,sender -> receiver,0,True,1785284541652,708,0,False
af944281-4972-5664-9b55-0566ef6f0d99,1785284540948,sender -> receiver,0,True,1785284541661,713,0,False
3978554d-9a54-5ee7-a120-2a86bc03f975,1785284541964,sender -> receiver,0,True,1785284542688,724,0,False
e737743a-a463-537e-84f5-40ad07e5f504,1785284541967,sender -> receiver,0,True,1785284542709,742,0,False
c099a356-9e2d-5927-80f1-b54d32ea6160,1785284542933,sender -> receiver,0,True,1785284543639,706,0,False
9fb98b10-ef59-5e2d-9d1d-00c2a9eb1e7b,1785284542936,sender -> receiver,0,True,1785284543654,718,0,False
5d742936-cee4-5cc1-9098-e6a07e975b9f,1785284543937,sender -> receiver,0,True,1785284544673,736,0,False
5feccf3d-ac38-5e76-afaf-7b08b5d0bf2f,1785284544943,sender -> receiver,0,True,1785284545667,724,0,False
e84216f5-d15f-5375-ad1e-3523eb146ee2,1785284544945,sender -> receiver,0,True,1785284545684,739,0,False
21561d21-ac8a-554c-b6fa-66d7065cecae,1785284545947,sender -> receiver,0,True,1785284546658,711,0,False
ab912287-612c-560a-83e7-02994b74d1e4,1785284545950,sender -> receiver,0,True,1785284546691,741,0,False
137532a2-cc3b-57b7-b98e-f5d441a3ad54,1785284546964,sender -> receiver,0,True,1785284547696,732,0,False
69cbe470-1f99-582f-b081-034161ebd4d8,1785284546972,sender -> receiver,0,True,1785284547741,769,0,False
d7d83d4f-a6cc-523c-9844-2b2b1fc1d333,1785284547953,sender -> receiver,0,True,1785284548674,721,0,False
d09161ea-7578-56ba-9414-a30fb993ba88,1785284547956,sender -> receiver,0,True,1785284548695,739,0,False
c4aa0381-18ee-5a27-bc52-4949addbf3d8,1785284548932,sender -> receiver,0,True,1785284549717,785,0,False
625e7715-6467-509e-8dd6-ed04271646c0,1785284550002,sender -> receiver,0,True,1785284550697,695,0,False
51f49e22-07e7-5d8e-a177-864535a5f88c,1785284550007,sender -> receiver,0,True,1785284550722,715,0,False
a2851734-4f5e-5f4a-8179-e792f03b2dc1,1785284550964,sender -> receiver,0,True,1785284551700,736,0,False
65f26832-c659-5e7f-a093-a06be5b9b0ab,1785284550971,sender -> receiver,0,True,1785284551723,752,0,False
aeb5f9d5-750c-5652-a5ec-3b481b7a9329,1785284551969,sender -> receiver,0,True,1785284552692,723,0,False
e1e882f0-85f9-52d1-bcf8-7f5b6592e099,1785284551976,sender -> receiver,0,True,1785284552712,736,0,False
fad404c0-c31a-5976-b390-920e55272dea,1785284552965,sender -> receiver,0,True,1785284553675,710,0,False
446b4fa3-04eb-53c6-928e-a03ffabe1443,1785284552974,sender -> receiver,0,True,1785284553696,722,0,False
5082f599-56db-56b6-999f-634cdc2785e2,1785284553941,sender -> receiver,0,True,1785284554667,726,0,False
f16da640-3533-5033-bb38-509dcfd13fae,1785284555007,sender -> receiver,0,True,1785284555748,741,0,False
50dbd01a-0508-5c43-b158-531ab523bd4b,1785284555011,sender -> receiver,0,True,1785284555766,755,0,False
88cb481f-6cd1-552a-8d8b-4b2cba91bd99,1785284555950,sender -> receiver,0,True,1785284556677,727,0,False
13b8d8c9-8356-5c37-941a-69041d3b7650,1785284555954,sender -> receiver,0,True,1785284556690,736,0,False
a0926d25-dafe-5e92-9a4a-2e72922d5359,1785284556944,sender -> receiver,0,True,1785284557683,739,0,False
e957e310-9c48-5b5c-98f5-f82b830662cd,1785284556947,sender -> receiver,0,True,1785284557719,772,0,False
92a05738-c2fc-522e-9ee9-c176cfa2006b,1785284557957,sender -> receiver,0,True,1785284558669,712,0,False
39ff6cc3-ec57-5ca8-8ead-286318902797,1785284558948,sender -> receiver,0,True,1785284559678,730,0,False
307f977a-de6e-5205-a5da-2f5a4bb54908,1785284558951,sender -> receiver,0,True,1785284559692,741,0,False
7909109d-468c-58af-9caa-c6a154f38ea4,1785284559943,sender -> receiver,0,True,1785284560663,720,0,False
3eab9cf7-6364-569f-aeea-9b3c897e0426,1785284559945,sender -> receiver,0,True,1785284560691,746,0,False
e99895a6-4bae-5420-8ac8-6a455217ecfc,1785284560949,sender -> receiver,0,True,1785284561677,728,0,False
59e33064-b90d-54ce-be3f-f65f2812ac89,1785284560953,sender -> receiver,0,True,1785284561689,736,0,False
7a07fe3f-9a96-5dc6-a337-9a603612c69b,1785284561958,sender -> receiver,0,True,1785284562661,703,0,False
a353ef58-a88c-5ae1-9834-b72c2a0c5bf6,1785284561962,sender -> receiver,0,True,1785284562715,753,0,False
014a6aa1-ee4c-525f-a80d-c3559ba3440c,1785284562942,sender -> receiver,0,True,1785284563663,721,0,False
26120a7c-06c6-5f54-9c81-1fb5b9c678eb,1785284563989,sender -> receiver,0,True,1785284564710,721,0,False
316ef3bb-4ff3-5c95-bb73-622949644c1d,1785284563993,sender -> receiver,0,True,1785284564722,729,0,False
b5d91022-e7e8-5ad5-a0f9-b1b063144b3a,1785284564951,sender -> receiver,0,True,1785284565689,738,0,False
8ab6f8a8-217b-578c-92d3-0d2d0e4742d9,1785284564955,sender -> receiver,0,True,1785284565714,759,0,False
998211a5-345e-5519-87b1-79af9a2c3226,1785284565943,sender -> receiver,0,True,1785284566670,727,0,False
c5dc3625-33cb-5ca7-a2c8-366684265ec5,1785284565948,sender -> receiver,0,True,1785284566686,738,0,False
c5e2d8c6-135b-5afb-831e-b13e52abbed9,1785284566946,sender -> receiver,0,True,1785284567721,775,0,False
ec622195-2881-526a-a48b-d87ca12ecb30,1785284566949,sender -> receiver,0,True,1785284567751,802,0,False
6b4eb23a-931a-5e35-9d81-dd5fc5354b76,1785284567938,sender -> receiver,0,True,1785284568708,770,0,False
ac841fa5-b3e2-51b9-89f3-48f37f2471d0,1785284568946,sender -> receiver,0,True,1785284569657,711,0,False
7585ced8-e88b-5109-af93-0e9e10c548db,1785284568962,sender -> receiver,0,True,1785284569678,716,0,False
8f70e59b-fa0d-560f-b683-255182480c34,1785284569942,sender -> receiver,0,True,1785284570667,725,0,False
2e29f02e-c6a1-566a-94b8-d1ffd7041170,1785284569945,sender -> receiver,0,True,1785284570682,737,0,False
95879786-76df-5da9-aceb-338b4d7f4ddc,1785284570952,sender -> receiver,0,True,1785284571663,711,0,False
a0cc5d3b-e00d-566a-8d08-00aaa521970a,1785284570957,sender -> receiver,0,True,1785284571677,720,0,False
4f3185d1-61e0-5956-91b2-d57ee9e78b32,1785284571944,sender -> receiver,0,True,1785284572670,726,0,False
7b327ce0-ad0e-51a2-b9c6-8b75930886db,1785284572950,sender -> receiver,0,True,1785284573641,691,0,False
4974aae6-d34e-5818-8c2e-f4db814fa8d0,1785284572953,sender -> receiver,0,True,1785284573704,751,0,False
df131f08-0fd6-5fba-bc2a-679e485c55be,1785284573935,sender -> receiver,0,True,1785284574689,754,0,False
8d6d4297-42ec-50ee-8a6f-c87e5330834e,1785284573937,sender -> receiver,0,True,1785284574708,771,0,False
a4b80870-1141-5057-a911-530732c4ee61,1785284574947,sender -> receiver,0,True,1785284575688,741,0,False
c429ba1c-8204-53f8-928d-6cf63385943f,1785284574950,sender -> receiver,0,True,1785284575697,747,0,False
0ed5ddd6-557e-5ae8-9d44-2dd46fac7bb2,1785284575960,sender -> receiver,0,True,1785284576674,714,0,False
31b694cd-621f-5541-8231-98c0d6cd3bd7,1785284575965,sender -> receiver,0,True,1785284576703,738,0,False
92306ec8-262c-59cd-bbf7-e1e1e3a5650a,1785284576959,sender -> receiver,0,True,1785284577655,696,0,False
d632b04c-3c8e-5724-8bc5-5afd517e325e,1785284577955,sender -> receiver,0,True,1785284578756,801,0,False
33549667-2bcb-505d-98a2-7b3ef6fa4540,1785284577960,sender -> receiver,0,True,1785284578769,809,0,False
203702cb-b57a-559e-90b0-95bb32b9180b,1785284578975,sender -> receiver,0,True,1785284579685,710,0,False
477301a4-d430-5f17-a846-0b33b4d55c60,1785284578980,sender -> receiver,0,True,1785284579698,718,0,False
fa6537d9-30dc-5caf-ae3a-35f212f071b9,1785284579957,sender -> receiver,0,True,1785284580674,717,0,False
6c243197-2531-59d5-ac43-7f3433b2a6f8,1785284579962,sender -> receiver,0,True,1785284580690,728,0,False
8d34c359-57f5-532e-a340-448538d17a3e,1785284580953,sender -> receiver,0,True,1785284581672,719,0,False
79bb7b2b-ea52-5a7c-a5a2-b3781b149f0b,1785284580958,sender -> receiver,0,True,1785284581694,736,0,False
52e383da-0fb0-5ec8-9557-54e4b688e988,1785284581936,sender -> receiver,0,True,1785284582639,703,0,False
07f6e14b-02dd-5f88-a32e-6889a6639a06,1785284582952,sender -> receiver,0,True,1785284583679,727,0,False
5c8311b0-6509-5cfd-b304-c250fb4f224d,1785284582958,sender -> receiver,0,True,1785284583698,740,0,False
683c84be-5155-56a7-a559-dd4c50289d6a,1785284583954,sender -> receiver,0,True,1785284584673,719,0,False
d82cd24a-f2c2-54a3-bbdc-45448f06861a,1785284583958,sender -> receiver,0,True,1785284584712,754,0,False
9a9d8987-3e64-5d4a-b083-8fb42852a6c1,1785284584951,sender -> receiver,0,True,1785284585654,703,0,False
41165aff-a4de-5cf2-a648-7134cdcb8db2,1785284584959,sender -> receiver,0,True,1785284585672,713,0,False
f9ef1839-1ff2-5400-92eb-58ce0357283a,1785284585939,sender -> receiver,0,True,1785284586660,721,0,False
40aab546-b6f9-59a1-854c-f3263ed4c379,1785284626646,sender -> receiver,0,True,1785284627374,728,0,False
5882dcb5-5618-58f1-9c1f-9f202493bb3a,1785284626660,sender -> receiver,0,True,1785284627398,738,0,False
5a3338f2-5e23-5f66-89f8-51442c93f658,1785284627673,sender -> receiver,0,True,1785284628396,723,0,False
48a8311f-4530-5b17-9b12-07ed7a4684ba,1785284627677,sender -> receiver,0,True,1785284628410,733,0,False
00281610-923c-5990-af24-417a7a864662,1785284628700,sender -> receiver,0,True,1785284629409,709,0,False
8a4d002a-d81a-5c08-bd2d-89e4928e806a,1785284628704,sender -> receiver,0,True,1785284629422,718,0,False
324a59ba-179d-5d5b-bcdc-0fe8fdfddd94,1785284629672,sender -> receiver,0,True,1785284630438,766,0,False
3fb8effc-4ea8-5216-b481-01a59c012a18,1785284629675,sender -> receiver,0,True,1785284630461,786,0,False
bbc72d6f-1800-5b7f-b1d1-9f9b515a66ae,1785284630672,sender -> receiver,0,True,1785284631432,760,0,False
19cc59fc-a297-584b-83cd-6865cc0dcfe8,1785284630677,sender -> receiver,0,True,1785284631442,765,0,False
433ef85b-b44c-5510-aeb9-51dbe37103d6,1785284631639,sender -> receiver,0,True,1785284632381,742,0,False
1fde80ab-c3d6-56c3-8ff5-acaf052f13d6,1785284632651,sender -> receiver,0,True,1785284633401,750,0,False
a1c0d15b-6c7d-5e36-be05-f99cbe65014d,1785284632670,sender -> receiver,0,True,1785284633420,750,0,False
66e6e0f7-811b-5d73-ace0-fb6281898f5a,1785284633667,sender -> receiver,0,True,1785284634364,697,0,False
345889e9-3e78-5392-9e7f-37def571b9ab,1785284633669,sender -> receiver,0,True,1785284634440,771,0,False
cfc2ca33-92c3-5ca0-a522-2a949055d42a,1785284634664,sender -> receiver,0,True,1785284635386,722,0,False
37c639ef-44f5-542a-a3c0-c899e241158f,1785284634670,sender -> receiver,0,True,1785284635396,726,0,False
975ed788-db0b-59ad-84a2-121de39dbc45,1785284635675,sender -> receiver,0,True,1785284636385,710,0,False
7750b039-97ce-5ecd-896c-422cd9056d83,1785284635682,sender -> receiver,0,True,1785284636402,720,0,False
415427d0-e874-5def-a387-f1efa25a001f,1785284636648,sender -> receiver,0,True,1785284637384,736,0,False
839a0c43-1665-5e5e-81d7-f8afb8f0db46,1785284637674,sender -> receiver,0,True,1785284638443,769,0,False
cf12b270-5ce4-5a6f-beac-af4d9766f897,1785284637681,sender -> receiver,0,True,1785284638459,778,0,False
facf7d5c-5717-5eb9-8529-5319b2c325e6,1785284638651,sender -> receiver,0,True,1785284639345,694,0,False
3550fa72-59c0-562e-979b-f5a0b0266418,1785284638654,sender -> receiver,0,True,1785284639398,744,0,False
a0683891-0f0b-562d-ab99-423550392716,1785284639649,sender -> receiver,0,True,1785284640402,753,0,False
28bcec92-afae-55e0-bf81-396c517c8e81,1785284639653,sender -> receiver,0,True,1785284640414,761,0,False
4e74fd9f-c828-5a1d-8edf-0eb259b87c02,1785284640654,sender -> receiver,0,True,1785284641389,735,0,False
2e585a2a-a714-5611-9bf4-0d6b8f1d1e64,1785284640657,sender -> receiver,0,True,1785284641402,745,0,False
c66f82e5-b0fb-5688-a06d-37c7b247f6e2,1785284641657,sender -> receiver,0,True,1785284642373,716,0,False
19c93ee9-4bd4-5362-8f1a-148de4c9512c,1785284641689,sender -> receiver,0,True,1785284642386,697,0,False
52a1be30-4b44-55e3-911e-7a8f044b9400,1785284642654,sender -> receiver,0,True,1785284643346,692,0,False
fb2c3f51-dc65-5ec5-bacb-8dd9e8bf7249,1785284643653,sender -> receiver,0,True,1785284644403,750,0,False
28e83460-fdad-5671-bb4d-b8381a6c125a,1785284643675,sender -> receiver,0,True,1785284644414,739,0,False
6ad63d6d-1288-593e-89e5-5f5ca6343bb1,1785284644661,sender -> receiver,0,True,1785284645390,729,0,False
2abe9036-c43a-501c-b5da-32749dae0dd7,1785284644664,sender -> receiver,0,True,1785284645403,739,0,False
478620ab-4a8b-5c44-8270-6f33e7790deb,1785284645685,sender -> receiver,0,True,1785284646416,731,0,False
db3dcd5d-b6c8-5897-b427-821141034245,1785284645691,sender -> receiver,0,True,1785284646428,737,0,False
01463546-e93d-5a13-b2f9-58d14c78d2fa,1785284646644,sender -> receiver,0,True,1785284647379,735,0,False
f07d4f94-c410-5333-a54c-6a5e2a3a98ef,1785284646647,sender -> receiver,0,True,1785284647390,743,0,False
e6a58d7c-e35e-5104-8944-964009bedb9f,1785284647654,sender -> receiver,0,True,1785284648336,682,0,False
361fb14d-45dc-5c5b-b5c9-0750abfa32a0,1785284648677,sender -> receiver,0,True,1785284649386,709,0,False
ac649617-4e75-5245-ac90-22938a6beff7,1785284648682,sender -> receiver,0,True,1785284649400,718,0,False
cd799d34-6294-5e7d-9c53-068b9f51c273,1785284649648,sender -> receiver,0,True,1785284650409,761,0,False
34625a2e-6bde-5457-99ec-f751b4a341d2,1785284649650,sender -> receiver,0,True,1785284650424,774,0,False
c2b1be7c-1fb5-50fa-825b-35ae90433a0a,1785284650670,sender -> receiver,0,True,1785284651403,733,0,False
0d2d2172-d2ca-558a-8814-16a0d2a135db,1785284650699,sender -> receiver,0,True,1785284651468,769,0,False
053b84ba-8dba-566c-9337-00b92848e372,1785284651652,sender -> receiver,0,True,1785284652397,745,0,False
fca5438e-650d-5e25-8a0d-a6d3a9d17d4a,1785284651658,sender -> receiver,0,True,1785284652422,764,0,False
6f4f60b1-6123-5ca8-873d-6c8b43170176,1785284652656,sender -> receiver,0,True,1785284653387,731,0,False
91b06335-c1b8-59f6-8a9f-4d96085b9819,1785284652664,sender -> receiver,0,True,1785284653400,736,0,False
1aeade65-60fa-57a8-bc54-dd2ef4fb86ae,1785284653696,sender -> receiver,0,True,1785284654381,685,0,False
175edcf2-3b7f-5371-9196-f3c8c973108f,1785284654639,sender -> receiver,0,True,1785284655396,757,0,False
6bc08352-465b-510f-bb81-e308c821a23e,1785284654641,sender -> receiver,0,True,1785284655408,767,0,False
ca46feb1-8caf-539e-8768-6228f0bba3f6,1785284655651,sender -> receiver,0,True,1785284656367,716,0,False
9ec80123-daf6-524d-bf5b-abbc692e9f3a,1785284655655,sender -> receiver,0,True,1785284656420,765,0,False
e21a2c54-a0a8-52e7-b8ab-a8b83f959eba,1785284656718,sender -> receiver,0,True,1785284657496,778,0,False
428a31f9-625d-5df8-8a12-1a3d12a87585,1785284656725,sender -> receiver,0,True,1785284657510,785,0,False
7224c86e-0c5f-5564-9d1c-ce3e930c3948,1785284657692,sender -> receiver,0,True,1785284658455,763,0,False
21d3043a-31d0-58b6-a20f-6ca6f7b4d8ef,1785284657697,sender -> receiver,0,True,1785284658477,780,0,False
aade48a7-66e7-5c38-9ea2-18967a0b15c5,1785284658639,sender -> receiver,0,True,1785284659412,773,0,False
d1e0bad5-a997-5f8a-8fb8-242afeb88098,1785284659654,sender -> receiver,0,True,1785284660362,708,0,False
e9a8e10e-2ee0-50dd-bb97-235220ebd1d1,1785284659694,sender -> receiver,0,True,1785284660400,706,0,False
f774bd81-e58b-5756-b6e3-6ece2d6882e1,1785284660654,sender -> receiver,0,True,1785284661369,715,0,False
30681737-ff28-5279-8c6b-3a57f4b77139,1785284660657,sender -> receiver,0,True,1785284661425,768,0,False
e9cb9667-fc90-5e4a-834e-fcd45c9cecd7,1785284661653,sender -> receiver,0,True,1785284662383,730,0,False
74c8812c-1297-5749-92cb-c29a05239a76,1785284661658,sender -> receiver,0,True,1785284662400,742,0,False
d770046c-7acb-5194-ada5-2841c4537fa2,1785284662641,sender -> receiver,0,True,1785284663392,751,0,False
a6f59279-a0b6-5920-a57e-c17a27173ad9,1785284662657,sender -> receiver,0,True,1785284663406,749,0,False
197d9ae6-0f90-56fc-8f0e-0545ec1bba48,1785284663678,sender -> receiver,0,True,1785284664380,702,0,False
4bfa4cf8-446f-5773-8a61-0a55188eabfc,1785284663684,sender -> receiver,0,True,1785284664453,769,0,False
bde1986c-760d-55d0-acd8-ac2957cce228,1785284664639,sender -> receiver,0,True,1785284665458,819,0,False
4e724e4d-ebd2-5b5f-94bc-4b9ee7222671,1785284665677,sender -> receiver,0,True,1785284666382,705,0,False
0578aa7b-1ad4-5ab6-bc37-833e42f5c002,1785284665704,sender -> receiver,0,True,1785284666395,691,0,False
1480ec89-b421-55b8-9a6e-d4affa9fa169,1785284666656,sender -> receiver,0,True,1785284667379,723,0,False
b705a000-ecbe-5b21-8eae-16870cc4709b,1785284666658,sender -> receiver,0,True,1785284667398,740,0,False
da550de9-41c8-5665-8474-260c8dc49856,1785284667672,sender -> receiver,0,True,1785284668388,716,0,False
9f4fa19e-8bc3-5743-8643-9f6bd0cd2d9f,1785284667677,sender -> receiver,0,True,1785284668401,724,0,False
692c46ab-b139-5fdb-8953-6845023bc7f8,1785284668696,sender -> receiver,0,True,1785284669446,750,0,False
05b73b0f-2b22-585c-97b1-ab545051f362,1785284668700,sender -> receiver,0,True,1785284669469,769,0,False
f5b29133-e415-5775-96ac-716346877d5a,1785284669696,sender -> receiver,0,True,1785284670389,693,0,False
25bfa565-8ae3-5c67-9a8a-56602d5ee3e5,1785284670694,sender -> receiver,0,True,1785284671381,687,0,False
2e225480-811f-55db-aa34-c96689ec16ec,1785284670700,sender -> receiver,0,True,1785284671442,742,0,False
c5ad4187-ffaf-540d-9be2-2884c02d1b0c,1785284671656,sender -> receiver,0,True,1785284672414,758,0,False
8a0afc36-fc97-5b7c-91e0-0e6212411d4d,1785284671678,sender -> receiver,0,True,1785284672453,775,0,False
9f5670c7-ccf9-54e4-91fa-afff79317585,1785284672659,sender -> receiver,0,True,1785284673388,729,0,False
f4fe4790-8b65-5865-b596-0edfe9bfb346,1785284672661,sender -> receiver,0,True,1785284673401,740,0,False
cb48e68c-be03-5701-aaf1-c9fad13a0717,1785284673650,sender -> receiver,0,True,1785284674362,712,0,False
dd5c5028-b1ea-5ba6-b8b1-8ed61a4d342f,1785284673698,sender -> receiver,0,True,1785284674377,679,0,False
a38821c7-740f-5a61-88a4-6b08a2694cf0,1785284674644,sender -> receiver,0,True,1785284675392,748,0,False
f0387ac4-01e2-5e13-8a82-4f98deb80bcd,1785284674661,sender -> receiver,0,True,1785284675410,749,0,False
19890358-9ee8-5e2f-b5ba-93518a2079c9,1785284675641,sender -> receiver,0,True,1785284676345,704,0,False
33ddc0d5-87e4-5c8c-833f-e297f12e5fb3,1785284676649,sender -> receiver,0,True,1785284677399,750,0,False
0699836f-a266-5675-bb63-1690e735cc5f,1785284676652,sender -> receiver,0,True,1785284677411,759,0,False
0882b9e8-50cf-5316-be66-e3e75b50d1fd,1785284677699,sender -> receiver,0,True,1785284678403,704,0,False
68aec37b-5999-588e-b353-2884777d5339,1785284677704,sender -> receiver,0,True,1785284678420,716,0,False
2f9c85dc-867a-5fa6-97f1-260311eeee8c,1785284678703,sender -> receiver,0,True,1785284679399,696,0,False
ef2cc37e-254e-5b9b-a4c1-b97cd5f90051,1785284678711,sender -> receiver,0,True,1785284679487,776,0,False
bb0798eb-02cd-5ffd-a86e-a45efe14ccca,1785284679649,sender -> receiver,0,True,1785284680353,704,0,False
0bc3e9dd-c1c4-529c-a827-4f4799d0a806,1785284679669,sender -> receiver,0,True,1785284680418,749,0,False
5c976eda-d3a7-5e5d-8fec-debe4f30d74b,1785284680684,sender -> receiver,0,True,1785284681373,689,0,False
c50abd6f-5bbf-5583-937c-dd5de73f8107,1785284721333,sender -> receiver,0,True,1785284722048,715,0,False
b0a6acee-e7b8-5590-aac9-9a663c09c6e7,1785284721339,sender -> receiver,0,True,1785284722063,724,0,False
62984a91-874d-5c57-8872-3241c33c8a74,1785284722311,sender -> receiver,0,True,1785284723046,735,0,False
26cd7161-0211-501b-949c-42fbe3d5726d,1785284722314,sender -> receiver,0,True,1785284723062,748,0,False
86efdcc2-a340-50b0-b7b1-ff7fdb8360ab,1785284723306,sender -> receiver,0,True,1785284724044,738,0,False
aa5bdd8d-7db2-5624-981d-0346aac37056,1785284723308,sender -> receiver,0,True,1785284724058,750,0,False
06587eae-406a-5c1f-9488-4c2e2eda82f0,1785284724308,sender -> receiver,0,True,1785284725024,716,0,False
bb8124dd-dd53-561f-b1de-cca8120fee89,1785284724312,sender -> receiver,0,True,1785284725041,729,0,False
1809bb4d-6a93-5a1c-9bbb-340cef5ff96a,1785284725298,sender -> receiver,0,True,1785284726012,714,0,False
827a881d-0428-5a18-8650-3f2377ae4284,1785284726318,sender -> receiver,0,True,1785284726999,681,0,False
bc9c2af9-afd3-59bb-add1-730f3c179a2e,1785284726327,sender -> receiver,0,True,1785284727059,732,0,False
237d0158-2b01-569f-97b7-2dba6a4c654f,1785284727301,sender -> receiver,0,True,1785284727997,696,0,False
ec12398b-eef1-5e7e-b74b-925648370c19,1785284727304,sender -> receiver,0,True,1785284728009,705,0,False
38aabe6c-bfe7-59c6-a8b3-511442c4fbfb,1785284728307,sender -> receiver,0,True,1785284729029,722,0,False
e7dcaf6a-0733-5070-a277-e36e16fa15a7,1785284728311,sender -> receiver,0,True,1785284729049,738,0,False
ae9fa03a-9fc8-53fb-8dd0-c665a4e3c3d3,1785284729311,sender -> receiver,0,True,1785284730024,713,0,False
2a002a27-8020-54b1-929d-f58ab533692f,1785284729313,sender -> receiver,0,True,1785284730037,724,0,False
7d1454ea-f697-546c-ad64-78bce57c7ddd,1785284730304,sender -> receiver,0,True,1785284731012,708,0,False
03cd83e0-a301-522c-9bc8-24878c95eb2e,1785284731310,sender -> receiver,0,True,1785284732050,740,0,False
66a67d93-2fa7-5c6a-a31c-34d127beb2b1,1785284731321,sender -> receiver,0,True,1785284732061,740,0,False
a1209d06-dcd8-5113-892b-34881285ec79,1785284732336,sender -> receiver,0,True,1785284733035,699,0,False
00d3900e-d05a-50a1-ae1d-0cee735c9d4b,1785284732341,sender -> receiver,0,True,1785284733051,710,0,False
a5bc6c32-5766-586f-afb3-0dca4da42389,1785284733324,sender -> receiver,0,True,1785284734020,696,0,False
18d61a0d-dcec-5011-8a97-45271ddb4de4,1785284733329,sender -> receiver,0,True,1785284734037,708,0,False
25e948d1-ba41-52ab-b284-d7b868fb6044,1785284734298,sender -> receiver,0,True,1785284735019,721,0,False
531613be-9cf0-5fd0-8132-d7d7c38a135f,1785284735315,sender -> receiver,0,True,1785284735998,683,0,False
df35208c-be71-5a2d-8d24-aa5ffbf781a2,1785284735320,sender -> receiver,0,True,1785284736048,728,0,False
8da44a44-8051-5494-9a1e-612e52d11825,1785284736320,sender -> receiver,0,True,1785284737038,718,0,False
0834331a-04a9-56be-9ff2-68e6c5e5253b,1785284736323,sender -> receiver,0,True,1785284737053,730,0,False
14fbf4bb-8d4f-59e0-8abe-050b65efbb06,1785284737310,sender -> receiver,0,True,1785284738049,739,0,False
72c5fb9b-5687-5202-ae12-1098c991591a,1785284737314,sender -> receiver,0,True,1785284738060,746,0,False
bf84ffdf-735e-5214-82aa-4e9fd064f60f,1785284738310,sender -> receiver,0,True,1785284739015,705,0,False
1604a92a-10d0-5f18-a8fc-2fe170bdfa85,1785284738319,sender -> receiver,0,True,1785284739029,710,0,False
18a74338-10d8-508b-a43d-2419e65265cb,1785284739298,sender -> receiver,0,True,1785284740016,718,0,False
3c74f4cf-1769-5171-aab1-46af2a83fd27,1785284740310,sender -> receiver,0,True,1785284741038,728,0,False
ed7e0c12-0c15-53ff-80ab-f17ee5a7c7f7,1785284740314,sender -> receiver,0,True,1785284741050,736,0,False
6ad7b483-b7aa-5a22-97f0-306835051f9b,1785284741299,sender -> receiver,0,True,1785284742019,720,0,False
7d554598-14f4-5acc-a197-c93088409775,1785284741301,sender -> receiver,0,True,1785284742028,727,0,False
78ec094d-1a3d-5ed5-bf0b-be8c9f62b038,1785284742332,sender -> receiver,0,True,1785284743027,695,0,False
c878da86-8cfa-5bf6-86c9-0b9d101ac6e4,1785284742339,sender -> receiver,0,True,1785284743080,741,0,False
8a464f1c-6ff4-5c18-8601-a1cb103ae583,1785284743318,sender -> receiver,0,True,1785284744029,711,0,False
c8810712-02f2-52ff-b010-ecfc871ef9cd,1785284743321,sender -> receiver,0,True,1785284744099,778,0,False
433db112-c48d-5715-b1b5-81b3fae3bce9,1785284744301,sender -> receiver,0,True,1785284745026,725,0,False
25788984-5db5-5ca4-ab40-89b7bf2af738,1785284745330,sender -> receiver,0,True,1785284746039,709,0,False
814822b8-ce3d-5c58-a711-50470d5a119d,1785284745336,sender -> receiver,0,True,1785284746055,719,0,False
04789ab3-7b14-5da1-97a0-b4ca1c06c722,1785284746324,sender -> receiver,0,True,1785284747024,700,0,False
4052e536-6deb-55dc-a893-83f6d5e33bb0,1785284746332,sender -> receiver,0,True,1785284747071,739,0,False
2744f54e-a496-5fbc-a579-bbab92946a77,1785284747297,sender -> receiver,0,True,1785284748017,720,0,False
9e949b70-4cf5-5923-99b0-c804f8c74b12,1785284747300,sender -> receiver,0,True,1785284748034,734,0,False
e347c5e2-b69f-5a15-9bd3-1c89c24ae492,1785284748315,sender -> receiver,0,True,1785284749019,704,0,False
c38fd0b4-0f82-5da2-9e8d-ce7607867a37,1785284749338,sender -> receiver,0,True,1785284750043,705,0,False
73fc75bc-a20c-5417-bbf2-b08474f07a54,1785284749344,sender -> receiver,0,True,1785284750053,709,0,False
51d0b77c-f956-5136-85d4-15c59f84985d,1785284750304,sender -> receiver,0,True,1785284751033,729,0,False
1d02bfdc-c6b5-5e96-90de-d3d6350787a1,1785284750306,sender -> receiver,0,True,1785284751050,744,0,False
e91625f3-43f2-5230-b8db-e07a673b1b16,1785284751324,sender -> receiver,0,True,1785284752030,706,0,False
ddd41b48-c120-5508-aeb9-d581c8dc0cae,1785284751329,sender -> receiver,0,True,1785284752041,712,0,False
04770d75-2b98-5820-beaa-5e247cbc30b1,1785284752306,sender -> receiver,0,True,1785284753012,706,0,False
6020d2d7-6864-5b97-9552-81cbdc353c12,1785284752311,sender -> receiver,0,True,1785284753026,715,0,False
b41cdccf-94e4-5378-9b14-cbfc526f3a4e,1785284753330,sender -> receiver,0,True,1785284754042,712,0,False
0803cd3f-ddcc-52ac-98bc-5159ab88adb4,1785284754319,sender -> receiver,0,True,1785284755038,719,0,False
93e608e0-aa93-561b-82ba-8baf28b1b7c5,1785284754330,sender -> receiver,0,True,1785284755057,727,0,False
4f1d1b28-b925-524c-a5d8-3bb1615af449,1785284755308,sender -> receiver,0,True,1785284756024,716,0,False
c7e61e9c-2d80-54f6-bb25-ef5f29ef08d5,1785284755312,sender -> receiver,0,True,1785284756074,762,0,False
9c8399e7-4341-5d66-8976-46040028248c,1785284756312,sender -> receiver,0,True,1785284757016,704,0,False
f0b6796c-8049-5432-bb1b-7362d60f294a,1785284756318,sender -> receiver,0,True,1785284757031,713,0,False
4db86a10-b2a2-5f12-82a9-2abac3851f82,1785284757336,sender -> receiver,0,True,1785284758053,717,0,False
765026dc-bd58-50f8-aa96-c6decc33bbe2,1785284757365,sender -> receiver,0,True,1785284758075,710,0,False
2bc9e1b1-00bf-5056-b896-8c532f05457c,1785284758296,sender -> receiver,0,True,1785284758996,700,0,False
6f391e72-7430-5a97-9d0a-9013ac4473f5,1785284759313,sender -> receiver,0,True,1785284760030,717,0,False
ed68455e-289e-5aed-83c2-edb429f5e77c,1785284759316,sender -> receiver,0,True,1785284760047,731,0,False
1348ff7e-6908-58b6-a639-db880d29da9e,1785284760306,sender -> receiver,0,True,1785284761020,714,0,False
505506ba-1240-5f75-b41f-485300812101,1785284760310,sender -> receiver,0,True,1785284761033,723,0,False
03e04865-285c-5800-aaa0-6b689786a087,1785284761348,sender -> receiver,0,True,1785284762054,706,0,False
9d8dca3b-f679-57a5-9497-cf1606b3f5ca,1785284761356,sender -> receiver,0,True,1785284762067,711,0,False
a4fd1de4-5987-51b7-a00b-675cba26d7fd,1785284762317,sender -> receiver,0,True,1785284763047,730,0,False
ea09df59-e10f-558c-900e-566a689b353c,1785284763302,sender -> receiver,0,True,1785284764006,704,0,False
b5e99b4e-b307-524c-9b89-b55d69d65c2d,1785284763304,sender -> receiver,0,True,1785284764020,716,0,False
c24e188d-d7a0-5f52-9ba1-237955920a7a,1785284764296,sender -> receiver,0,True,1785284765025,729,0,False
49be94bb-2048-54a5-bd0a-e4337500fcc6,1785284764298,sender -> receiver,0,True,1785284765043,745,0,False
9e3b2eb8-3f3b-5608-82a3-8650795b4a29,1785284765329,sender -> receiver,0,True,1785284766018,689,0,False
c5c907bd-6e07-554a-8609-d458dc450bfb,1785284765337,sender -> receiver,0,True,1785284766067,730,0,False
f8bdde1d-fcd7-5260-bf7f-050a558a5a43,1785284766317,sender -> receiver,0,True,1785284767013,696,0,False
c5f5f608-b8d0-556a-8533-37c1dfb3305a,1785284766321,sender -> receiver,0,True,1785284767026,705,0,False
6816d569-eb81-59ff-844a-023bfbab375c,1785284767319,sender -> receiver,0,True,1785284768042,723,0,False
30895937-5a24-521a-bbbe-8822fe7d1169,1785284768341,sender -> receiver,0,True,1785284769038,697,0,False
74822254-b050-58c0-8cb3-17805a8bc9bc,1785284768348,sender -> receiver,0,True,1785284769051,703,0,False
ccb9b7d9-da23-52ad-8ae5-29a03b1540f1,1785284769340,sender -> receiver,0,True,1785284770023,683,0,False
39f41383-4de5-56ef-95a9-ff176ef7d697,1785284769343,sender -> receiver,0,True,1785284770073,730,0,False
361e3c3f-e25b-5374-905f-73ffbb34423b,1785284770311,sender -> receiver,0,True,1785284771025,714,0,False
db502e74-7599-5e91-89e1-2f6d58c896f0,1785284770314,sender -> receiver,0,True,1785284771038,724,0,False
127bc2cd-864f-5a0b-a929-2163b763b277,1785284771314,sender -> receiver,0,True,1785284771998,684,0,False
065bae01-2c12-5130-8fab-de479237d09b,1785284771319,sender -> receiver,0,True,1785284772055,736,0,False
c1b5341b-706f-5dc8-a11c-17bc95add5f8,1785284772301,sender -> receiver,0,True,1785284773034,733,0,False
582c37f5-b6d6-5e03-8a05-91e52a275091,1785284773329,sender -> receiver,0,True,1785284774027,698,0,False
19359cc4-18ff-5879-8f37-599e2f9e3662,1785284773334,sender -> receiver,0,True,1785284774044,710,0,False
2e84425e-5a35-5ff2-9b8f-60b6e0256656,1785284774309,sender -> receiver,0,True,1785284775020,711,0,False
202b1754-d745-59b6-9e5d-06665e6674b4,1785284774313,sender -> receiver,0,True,1785284775030,717,0,False
577649a1-dafd-55c7-8cfa-518e8bcce3a9,1785284775319,sender -> receiver,0,True,1785284776052,733,0,False
ea2d21a4-c19d-5751-9472-67f72c160411,1785284775325,sender -> receiver,0,True,1785284776071,746,0,False
0aaef7c1-2c99-5c56-90dd-0fe8851ff6df,1785284776302,sender -> receiver,0,True,1785284776999,697,0,False
a7e4fe9f-61ad-5961-8413-98202f1e58d6,1785284818527,sender -> receiver,0,True,1785284819267,740,0,False
c9219b76-9004-53af-ba79-6780615deec5,1785284818532,sender -> receiver,0,True,1785284819296,764,0,False
1749c61e-e539-5a81-97fe-e0801c86108e,1785284819533,sender -> receiver,0,True,1785284820253,720,0,False
fd542d83-1e34-535b-8119-e0d90276baed,1785284819535,sender -> receiver,0,True,1785284820274,739,0,False
ab63c164-80ab-5607-a668-ffa148d4d1bd,1785284820545,sender -> receiver,0,True,1785284821295,750,0,False
b27363f9-8f87-5343-accc-c560bddced53,1785284820549,sender -> receiver,0,True,1785284821326,777,0,False
ac3e41ce-c9ad-56ce-96de-aa9eeea26b72,1785284821556,sender -> receiver,0,True,1785284822290,734,0,False
1d69ced8-36fe-5d6e-afa2-5002ea77b0d3,1785284821561,sender -> receiver,0,True,1785284822302,741,0,False
5b056b67-763b-5cf8-89ba-351dac7e3248,1785284822516,sender -> receiver,0,True,1785284823229,713,0,False
44f4f020-1a0a-5609-8106-d98825847c32,1785284822517,sender -> receiver,0,True,1785284823253,736,0,False
53936509-79d6-52cc-ab67-c96fc9844a76,1785284823544,sender -> receiver,0,True,1785284824263,719,0,False
0cbf3551-8dab-5e61-8133-f529d3dc074e,1785284823548,sender -> receiver,0,True,1785284824285,737,0,False
6caee732-7914-58f1-b427-e1322bb62ffe,1785284824523,sender -> receiver,0,True,1785284825242,719,0,False
3e8f2b36-63e2-54e6-bdc7-6f8188f84498,1785284825529,sender -> receiver,0,True,1785284826293,764,0,False
902baa79-ef5d-5ac4-a5e9-c3559a7f78c4,1785284825531,sender -> receiver,0,True,1785284826320,789,0,False
7fd25697-3624-5423-8b7f-db531d155814,1785284826520,sender -> receiver,0,True,1785284827236,716,0,False
d3ee1c45-ebf3-5b32-bf93-2044673b1519,1785284826522,sender -> receiver,0,True,1785284827259,737,0,False
32677fbf-efbe-5e6a-bc3b-466a4fdcba40,1785284827545,sender -> receiver,0,True,1785284828250,705,0,False
742dc11b-5f20-56b7-94c8-894830579153,1785284827550,sender -> receiver,0,True,1785284828263,713,0,False
62eac8a9-b12a-5f45-b6bb-5b8139ee8017,1785284828531,sender -> receiver,0,True,1785284829251,720,0,False
4784259c-5f0f-55b4-95bb-d55e351fe0d7,1785284828535,sender -> receiver,0,True,1785284829269,734,0,False
aa3e9a08-9567-5b01-9e25-b9959abeb0f6,1785284829523,sender -> receiver,0,True,1785284830248,725,0,False
e1f35ef5-197a-5ace-9702-925a9f47ac17,1785284829526,sender -> receiver,0,True,1785284830269,743,0,False
cdbf23e6-2428-543f-98b8-dd9273b2dc87,1785284830516,sender -> receiver,0,True,1785284831223,707,0,False
23754bf5-7884-5881-a21c-60cf52a4bec9,1785284830530,sender -> receiver,0,True,1785284831239,709,0,False
89f9761b-b83e-57fb-95c9-67138c14745f,1785284831513,sender -> receiver,0,True,1785284832229,716,0,False
e9634fb2-aad3-5f2e-9fbe-0f4ee8352240,1785284832528,sender -> receiver,0,True,1785284833270,742,0,False
3efec65f-474c-56e0-9cec-dff1139cf951,1785284832531,sender -> receiver,0,True,1785284833282,751,0,False
aa91cac9-01fb-54a4-a6e7-358f58cdb510,1785284833532,sender -> receiver,0,True,1785284834259,727,0,False
968b4016-b03c-5430-9cdd-60e590604ac5,1785284833535,sender -> receiver,0,True,1785284834278,743,0,False
b9158ee9-5691-57ba-8ad0-fb05774d9d59,1785284834526,sender -> receiver,0,True,1785284835238,712,0,False
074ad68e-8e6f-5488-906e-fff257e3a5a8,1785284834529,sender -> receiver,0,True,1785284835261,732,0,False
0aab2113-559b-5adc-8e9a-0b55f68df6c1,1785284835523,sender -> receiver,0,True,1785284836278,755,0,False
9f48b638-4913-515b-ba61-0ccb659da65f,1785284835526,sender -> receiver,0,True,1785284836304,778,0,False
1a8efdd1-86af-5ac7-be1f-b736243890ab,1785284836532,sender -> receiver,0,True,1785284837269,737,0,False
e29df1fe-b1e8-5aa7-978b-d1e037de85ca,1785284836536,sender -> receiver,0,True,1785284837294,758,0,False
1d72486d-d3ea-50d8-9953-7243f28b91c8,1785284837517,sender -> receiver,0,True,1785284838247,730,0,False
6013e5d5-3dab-566d-9caf-e5953e5959b6,1785284837519,sender -> receiver,0,True,1785284838269,750,0,False
30fead2e-c7c4-5df6-9b06-989f6f77146f,1785284838513,sender -> receiver,0,True,1785284839242,729,0,False
ea1b2aa7-b3a9-5cee-a649-da0eef611449,1785284839528,sender -> receiver,0,True,1785284840225,697,0,False
7c9cceed-9a1e-59d5-9bff-86c006c20e07,1785284839530,sender -> receiver,0,True,1785284840266,736,0,False
3bf239ab-c64c-5e8f-970d-b49c18324f0a,1785284840534,sender -> receiver,0,True,1785284841273,739,0,False
df743ef0-fce0-5c06-9a14-205e37654574,1785284840538,sender -> receiver,0,True,1785284841297,759,0,False
3b833130-39c0-5697-9b37-a21aa29b62d4,1785284841550,sender -> receiver,0,True,1785284842257,707,0,False
69f954e3-87a5-581f-b93b-0c8d4e68a7fe,1785284841555,sender -> receiver,0,True,1785284842277,722,0,False
b9dfe323-aca0-5800-8760-2c0355c2a12c,1785284842539,sender -> receiver,0,True,1785284843236,697,0,False
2e69522e-40c7-5a2f-ad03-2ebc101b4e58,1785284842544,sender -> receiver,0,True,1785284843250,706,0,False
83c4065d-9dbe-5348-9eda-c902579fd81c,1785284843519,sender -> receiver,0,True,1785284844243,724,0,False
c5af43d4-5863-5353-9e17-1bc919ab671f,1785284843522,sender -> receiver,0,True,1785284844263,741,0,False
a26d96e5-329a-553a-b618-d8b101881255,1785284844514,sender -> receiver,0,True,1785284845233,719,0,False
e8adc91d-9c88-52cc-94ab-c2d749e0356e,1785284845530,sender -> receiver,0,True,1785284846313,783,0,False
3e93aad5-e601-5ca9-87b4-27c718f3fca1,1785284845534,sender -> receiver,0,True,1785284846330,796,0,False
d1e94018-3ec0-5500-bea0-e5177525d88c,1785284846529,sender -> receiver,0,True,1785284847241,712,0,False
ce13d292-74d4-5c74-93fd-29bb3be21286,1785284846532,sender -> receiver,0,True,1785284847258,726,0,False
0014eb6a-7aec-5c20-918e-d0845785ca94,1785284847537,sender -> receiver,0,True,1785284848250,713,0,False
4c096a51-9007-523a-b7dc-0bfeeb27ed59,1785284847539,sender -> receiver,0,True,1785284848265,726,0,False
8a869183-c61f-58fa-a853-5a7921ca9319,1785284848540,sender -> receiver,0,True,1785284849326,786,0,False
7459ec80-9163-5e4f-8327-6b8f475d7662,1785284848544,sender -> receiver,0,True,1785284849349,805,0,False
39381315-4cd9-57aa-abbc-c6cfa98d0159,1785284849523,sender -> receiver,0,True,1785284850207,684,0,False
b52c4e4e-b246-5167-a5a1-8b74bb8fa1e8,1785284849526,sender -> receiver,0,True,1785284850257,731,0,False
a064d71f-ef5e-5c32-9f78-89b227f42e1f,1785284850527,sender -> receiver,0,True,1785284851262,735,0,False
8e2364bb-0a16-5b4e-80c0-bcefce4bbe4c,1785284850529,sender -> receiver,0,True,1785284851286,757,0,False
0d5d7dd6-f05b-5f4e-92a5-d3b211400af7,1785284851516,sender -> receiver,0,True,1785284852260,744,0,False
ea06c2f9-b92d-55a8-9f55-a48c4a66215b,1785284852524,sender -> receiver,0,True,1785284853227,703,0,False
3ddd5e50-f80d-5b12-9f83-01bbdb9ed9d6,1785284852531,sender -> receiver,0,True,1785284853246,715,0,False
4be76e54-1774-5c0d-bc7e-f254d386ca43,1785284853525,sender -> receiver,0,True,1785284854230,705,0,False
90856654-38c0-54f2-9b5d-021d265c8e1f,1785284853528,sender -> receiver,0,True,1785284854247,719,0,False
944161d2-7dcd-5087-a755-663328951b7d,1785284854527,sender -> receiver,0,True,1785284855314,787,0,False
b1630436-d582-5804-9967-d5d3718df7df,1785284854529,sender -> receiver,0,True,1785284855334,805,0,False
9b3f25c0-722c-5903-9888-75e203481d75,1785284855520,sender -> receiver,0,True,1785284856258,738,0,False
565d6b4e-c20a-5701-a49a-9bf74af37bb2,1785284855522,sender -> receiver,0,True,1785284856287,765,0,False
d1b02982-4e27-5606-a46c-1c103568855c,1785284856542,sender -> receiver,0,True,1785284857231,689,0,False
04cd228a-7a16-544b-8f2c-607a5c6577e2,1785284856544,sender -> receiver,0,True,1785284857247,703,0,False
6ed8ecb5-a61c-58ee-885b-65791b11baa4,1785284857517,sender -> receiver,0,True,1785284858228,711,0,False
3bab9b8c-54f5-57b7-863c-bc823be4629d,1785284857520,sender -> receiver,0,True,1785284858249,729,0,False
ceb633af-a9ae-553e-b904-940a16569f52,1785284858519,sender -> receiver,0,True,1785284859225,706,0,False
a5cd6a54-b8b8-5a54-acd0-e4785f843e22,1785284859518,sender -> receiver,0,True,1785284860257,739,0,False
490563ca-1a48-5f05-95a7-93369e3cbfc9,1785284859520,sender -> receiver,0,True,1785284860270,750,0,False
77de6fba-3053-58d4-b304-b31e8416f872,1785284860532,sender -> receiver,0,True,1785284861240,708,0,False
f05630f5-d1a1-583e-8956-c6689bd31f62,1785284860536,sender -> receiver,0,True,1785284861258,722,0,False
2d4cd293-647d-5edc-80c6-78c35519ce37,1785284861517,sender -> receiver,0,True,1785284862232,715,0,False
4818c824-54c9-52b7-9ecc-be05e5ac437a,1785284861519,sender -> receiver,0,True,1785284862247,728,0,False
b529657a-4796-5a44-9376-e6c0621c4c35,1785284862538,sender -> receiver,0,True,1785284863263,725,0,False
5fba82d2-9d4f-5165-a1f0-272c7319eb0a,1785284862541,sender -> receiver,0,True,1785284863282,741,0,False
2a11bb2b-f265-506c-80f4-c40148faf274,1785284863545,sender -> receiver,0,True,1785284864257,712,0,False
c276caa7-4ec9-567e-ab8e-767cdeecff2d,1785284863550,sender -> receiver,0,True,1785284864273,723,0,False
95f040ae-5c75-567f-b797-8efbf7293d0e,1785284864548,sender -> receiver,0,True,1785284865258,710,0,False
7be38d87-f253-5ca7-a6a6-2780bc9fa02e,1785284864555,sender -> receiver,0,True,1785284865274,719,0,False
330a9cb5-1424-5c5f-9447-3036e23c0546,1785284865540,sender -> receiver,0,True,1785284866246,706,0,False
a3559c63-7702-5d72-95a3-f11ba1fa0f4e,1785284866527,sender -> receiver,0,True,1785284867221,694,0,False
7e6a29e0-b05a-5438-96e0-c6ed40557a91,1785284866530,sender -> receiver,0,True,1785284867264,734,0,False
7eb535c2-8022-5be5-a672-74588b980fdf,1785284867529,sender -> receiver,0,True,1785284868272,743,0,False
64874da7-db10-5b46-bd4d-34236024cc53,1785284867533,sender -> receiver,0,True,1785284868292,759,0,False
1106b166-10ef-5b0b-bf61-2fa59836cc3e,1785284868544,sender -> receiver,0,True,1785284869260,716,0,False
3abb5aa2-2053-5706-afcc-6250b13c5360,1785284868548,sender -> receiver,0,True,1785284869333,785,0,False
c1039d0d-05b9-59e6-8d56-33f47e58ace4,1785284869547,sender -> receiver,0,True,1785284870245,698,0,False
1850ae5f-204d-5a58-86d3-0365007a5338,1785284869551,sender -> receiver,0,True,1785284870259,708,0,False
0ee4d2ab-1d36-57bf-b35e-c44ffce64905,1785284870527,sender -> receiver,0,True,1785284871272,745,0,False
c9ba8785-5a82-55ae-9b01-dfc03bf720dc,1785284870530,sender -> receiver,0,True,1785284871287,757,0,False
5f5cc7fa-909c-54c3-8321-5331c7ce9987,1785284871520,sender -> receiver,0,True,1785284872220,700,0,False
02887a72-6c72-5393-b4f7-f5c9518cb635,1785284911704,sender -> receiver,0,True,1785284912419,715,0,False
35e8693d-9323-5894-88d0-c3affe13db22,1785284911709,sender -> receiver,0,True,1785284912425,716,0,False
7a402f63-ff4e-55e9-ada8-2005f28f227c,1785284912709,sender -> receiver,0,True,1785284913515,806,0,False
6b736a4f-118b-5790-922c-52afb2585f98,1785284912717,sender -> receiver,0,True,1785284913534,817,0,False
65bd4799-6ed9-5034-ae94-a8971ece0dda,1785284913696,sender -> receiver,0,True,1785284914407,711,0,False
1de47126-381c-5487-a207-01fe16588c14,1785284913699,sender -> receiver,0,True,1785284914464,765,0,False
99b6aee0-ced4-5d96-90cd-229f6abe6c77,1785284914705,sender -> receiver,0,True,1785284915399,694,0,False
55c9f342-f7a3-5eae-bdcb-f99a55f7ca1e,1785284914709,sender -> receiver,0,True,1785284915408,699,0,False
49ba142c-db10-5d2b-b967-640e9c3e60e5,1785284915709,sender -> receiver,0,True,1785284916431,722,0,False
3f526ae9-6950-5179-b2cd-8b8a783eb79e,1785284916722,sender -> receiver,0,True,1785284917428,706,0,False
060b0e9d-5539-5b6f-93be-10fb650d7ff1,1785284916727,sender -> receiver,0,True,1785284917446,719,0,False
41eee57f-7d77-5010-8b33-8ac99b5ce1ca,1785284917691,sender -> receiver,0,True,1785284918414,723,0,False
1c84ca09-c0fa-510b-b549-c94a8b4a7f08,1785284917693,sender -> receiver,0,True,1785284918433,740,0,False
82f8a0bd-4640-5ed8-8264-42c298a41051,1785284918699,sender -> receiver,0,True,1785284919406,707,0,False
39fd9021-f72a-57da-9971-5bca914004b9,1785284918705,sender -> receiver,0,True,1785284919426,721,0,False
22a40e5e-97bb-5cef-a84b-0dd4d50518ef,1785284919714,sender -> receiver,0,True,1785284920445,731,0,False
ba9207f2-eb09-5de2-9eca-c882d0f51e3b,1785284919721,sender -> receiver,0,True,1785284920458,737,0,False
f1c70bb3-63de-578e-a946-c169449b51b0,1785284920692,sender -> receiver,0,True,1785284921423,731,0,False
c500a261-18ce-5718-b8e9-ad8c647a03e4,1785284921695,sender -> receiver,0,True,1785284922431,736,0,False
61ff0046-0f1d-5fef-8cdf-e864148d70ab,1785284921697,sender -> receiver,0,True,1785284922451,754,0,False
3c951527-e774-596c-b011-f6ad78a85316,1785284922716,sender -> receiver,0,True,1785284923451,735,0,False
2ea39133-b4c2-57e2-b93b-e30e6fd7b733,1785284922719,sender -> receiver,0,True,1785284923511,792,0,False
e51682dc-051d-538a-b308-88fd0e34f0ec,1785284923697,sender -> receiver,0,True,1785284924406,709,0,False
aea916a6-5984-5591-a9ea-db0d8aee246f,1785284923701,sender -> receiver,0,True,1785284924419,718,0,False
1b3c152c-d3fc-535a-a207-5cacde6695f0,1785284924692,sender -> receiver,0,True,1785284925394,702,0,False
f34c403d-4099-5a1a-9be6-b6106b49f10b,1785284925703,sender -> receiver,0,True,1785284926425,722,0,False
0e6094df-2353-5db0-8088-dc1f20e53b3d,1785284925706,sender -> receiver,0,True,1785284926477,771,0,False
b8f2084a-2cf2-561f-8df2-ac7fdc5acb2a,1785284926692,sender -> receiver,0,True,1785284927417,725,0,False
2c7e4e53-1842-570a-bff2-c5ffdf0007a0,1785284926695,sender -> receiver,0,True,1785284927472,777,0,False
44ef0194-cf12-5118-a367-0721324df03f,1785284927714,sender -> receiver,0,True,1785284928400,686,0,False
a37ecd27-e974-512f-b39f-919c1faa40d0,1785284927720,sender -> receiver,0,True,1785284928445,725,0,False
8837e094-3bf8-5a88-8b21-753e3f597801,1785284928704,sender -> receiver,0,True,1785284929393,689,0,False
dcd7b687-ab7f-567c-bb71-8dbc4d54108f,1785284928714,sender -> receiver,0,True,1785284929432,718,0,False
7cff6f20-56d9-5968-85e0-c340d5329a43,1785284929692,sender -> receiver,0,True,1785284930384,692,0,False
90d59fe1-e15a-52d5-bd89-0db28c416280,1785284930713,sender -> receiver,0,True,1785284931418,705,0,False
4f7fc76f-92fe-5713-a3f2-744262d84e36,1785284930722,sender -> receiver,0,True,1785284931427,705,0,False
a186fb4a-cf44-5aba-afcc-f4983e29d2af,1785284931712,sender -> receiver,0,True,1785284932425,713,0,False
0ab07dfb-7547-5c47-8ba9-59bc95060567,1785284931720,sender -> receiver,0,True,1785284932437,717,0,False
6f2f79ed-65d1-5909-bf28-396a15bc78ab,1785284932719,sender -> receiver,0,True,1785284933444,725,0,False
6d847d43-6650-5110-a89d-39cd5b504d5c,1785284932724,sender -> receiver,0,True,1785284933464,740,0,False
56d8a044-1670-5d1a-bcd0-1f53b1c11fc4,1785284933732,sender -> receiver,0,True,1785284934433,701,0,False
e35d2ad0-276b-5dc2-8563-70839fe89523,1785284933738,sender -> receiver,0,True,1785284934452,714,0,False
aa3c503a-41f2-5c1a-9acc-927d1e7a17d7,1785284934713,sender -> receiver,0,True,1785284935430,717,0,False
c72ebdb8-d8f4-5996-97c8-3ddecd7dd48c,1785284935703,sender -> receiver,0,True,1785284936427,724,0,False
83aa300e-b10a-5594-95a5-05762fd9bb7d,1785284935708,sender -> receiver,0,True,1785284936437,729,0,False
0f54cdc7-37d1-5adc-88b3-8fb175d3d7b8,1785284936703,sender -> receiver,0,True,1785284937402,699,0,False
403d13e1-5ae2-50df-94bd-a9bce17c010f,1785284936707,sender -> receiver,0,True,1785284937422,715,0,False
72bf3003-129d-5a7f-8f7c-32a525f100c4,1785284937700,sender -> receiver,0,True,1785284938406,706,0,False
98538365-fd54-5dd3-8033-6dff713ae749,1785284937708,sender -> receiver,0,True,1785284938434,726,0,False
7065634e-b750-558a-bb6b-c822c8db9d5d,1785284938704,sender -> receiver,0,True,1785284939430,726,0,False
51f730dd-4b77-5eb2-accd-b0d2482cf2ba,1785284939715,sender -> receiver,0,True,1785284940454,739,0,False
c7e9fc0f-645c-50f2-b4af-162581a856ce,1785284939723,sender -> receiver,0,True,1785284940466,743,0,False
de319401-fbf9-5964-91f0-53ac3cea72c8,1785284940724,sender -> receiver,0,True,1785284941414,690,0,False
e6ad2879-ce04-5985-b27b-c73f22690b0a,1785284940731,sender -> receiver,0,True,1785284941469,738,0,False
27eb903e-7860-58ca-bcc2-845bd2fa7218,1785284941717,sender -> receiver,0,True,1785284942451,734,0,False
361bd47c-6e54-50bf-97d9-1ee9a682e195,1785284941722,sender -> receiver,0,True,1785284942469,747,0,False
5f0cbf6c-d363-52ec-8a2e-49aba79eb781,1785284942699,sender -> receiver,0,True,1785284943439,740,0,False
e0bac4cf-c221-5a4a-bf69-bef294f97b26,1785284942702,sender -> receiver,0,True,1785284943462,760,0,False
ab28b18a-ef80-5003-ad90-9134a11b5898,1785284943688,sender -> receiver,0,True,1785284944378,690,0,False
6fb10b28-0ebb-5ac0-b69a-dd559438ce8b,1785284944698,sender -> receiver,0,True,1785284945412,714,0,False
57ce75c2-2a03-5206-9b86-66f856c02083,1785284944702,sender -> receiver,0,True,1785284945434,732,0,False
241037b4-7d64-5c7f-85e3-3c1fa4d7f362,1785284945701,sender -> receiver,0,True,1785284946406,705,0,False
b7fed752-25de-5468-af89-97d436025ba2,1785284945704,sender -> receiver,0,True,1785284946425,721,0,False
674f4da3-3ce1-5f58-a7bb-ba54493b0526,1785284946698,sender -> receiver,0,True,1785284947399,701,0,False
e51ea2b9-ec03-5215-b339-f73b3f336115,1785284946701,sender -> receiver,0,True,1785284947413,712,0,False
f1d7daad-f7dc-5528-bc4c-b9f0a345eb39,1785284947737,sender -> receiver,0,True,1785284948429,692,0,False
142819c0-ce3f-56f0-87a2-cfc3226dd5fe,1785284947742,sender -> receiver,0,True,1785284948446,704,0,False
6770cada-6dd7-55f6-9399-dbc108042772,1785284948714,sender -> receiver,0,True,1785284949428,714,0,False
b36a5d32-bf95-5853-a80d-0beeed88a50c,1785284949740,sender -> receiver,0,True,1785284950405,665,0,False
e6d406b1-bcae-50f3-a345-f9f4a376211b,1785284949744,sender -> receiver,0,True,1785284950499,755,0,False
9d592ab7-c450-5df1-807e-23c38b495b40,1785284950699,sender -> receiver,0,True,1785284951412,713,0,False
f2bd2e65-2eec-53db-84d2-c41b0a6194f9,1785284950702,sender -> receiver,0,True,1785284951423,721,0,False
6b6cc7c2-9034-5201-87bf-4f0ad0c8d09a,1785284951698,sender -> receiver,0,True,1785284952388,690,0,False
e0b49883-6c1f-5424-8eb1-cebeb1edfce4,1785284951701,sender -> receiver,0,True,1785284952484,783,0,False
fd6fa7c5-5fc6-595f-92d3-8231232f7059,1785284952692,sender -> receiver,0,True,1785284953429,737,0,False
acd424b0-cb01-5225-86a0-5f4f95ec8343,1785284953706,sender -> receiver,0,True,1785284954408,702,0,False
6a131b15-d5a5-5052-a325-a7222b39f246,1785284953710,sender -> receiver,0,True,1785284954425,715,0,False
5e51774e-b2eb-5878-8360-650b2b5fc5cf,1785284954701,sender -> receiver,0,True,1785284955402,701,0,False
d6f826b0-584e-58cf-9654-0112eee0125c,1785284954706,sender -> receiver,0,True,1785284955446,740,0,False
9ddf8c84-0edd-55f7-902b-310ceb1a1a54,1785284955688,sender -> receiver,0,True,1785284956392,704,0,False
725a97c3-2752-527f-918f-a735af3e66d2,1785284955690,sender -> receiver,0,True,1785284956412,722,0,False
57cbf844-396d-5b30-8dca-728eaaadba75,1785284956714,sender -> receiver,0,True,1785284957436,722,0,False
0a982b97-ff90-58a9-a328-c70bcd05c270,1785284956721,sender -> receiver,0,True,1785284957460,739,0,False
e44342f9-98cd-550b-8a2b-9cbe64a33748,1785284957697,sender -> receiver,0,True,1785284958417,720,0,False
62be74a3-7596-5be7-8c0f-d6c7935013e6,1785284958700,sender -> receiver,0,True,1785284959411,711,0,False
3a7b6f66-5b85-5c3d-81e5-5fbbf13ca137,1785284958704,sender -> receiver,0,True,1785284959425,721,0,False
f118a0cd-537e-51fb-bb5a-84229c95cf5c,1785284959697,sender -> receiver,0,True,1785284960400,703,0,False
c74455df-f7d9-555a-a1a6-1d7d8da96f4f,1785284959702,sender -> receiver,0,True,1785284960411,709,0,False
4850b082-61d3-55f5-a8aa-61b0837178df,1785284960690,sender -> receiver,0,True,1785284961380,690,0,False
b3eebd40-f70c-562d-b234-0ed649a7ade6,1785284960692,sender -> receiver,0,True,1785284961410,718,0,False
40085242-72eb-52f0-9512-2745d27ffb31,1785284961694,sender -> receiver,0,True,1785284962434,740,0,False
cd29c94b-8c11-5577-b6c5-aacb2816480b,1785284961697,sender -> receiver,0,True,1785284962446,749,0,False
7b590c48-5757-5aea-a12f-519e395c2a5d,1785284962706,sender -> receiver,0,True,1785284963420,714,0,False
2bf1d932-66e3-5573-a0c3-6c879ae4d5b6,1785284963715,sender -> receiver,0,True,1785284964444,729,0,False
158fb6e2-ed2d-5648-a7ed-be3081f6d434,1785284963719,sender -> receiver,0,True,1785284964467,748,0,False
57649b7d-3088-5a50-af18-7b25b83e55d1,1785284964740,sender -> receiver,0,True,1785284965438,698,0,False
8a999609-c368-5d47-bb0b-0a061807e86b,1785284964745,sender -> receiver,0,True,1785284965513,768,0,False
f6c36e9c-ad18-5642-a67b-abcf8812fe09,1785284965701,sender -> receiver,0,True,1785284966439,738,0,False
9b14e402-f561-5ff2-aac7-44659fe0c842,1785284965704,sender -> receiver,0,True,1785284966454,750,0,False
d77939f9-532d-5699-add1-1ddf173e953d,1785284966707,sender -> receiver,0,True,1785284967415,708,0,False
cab0048c-a007-5782-a74d-80f64535986b,1785285006895,sender -> receiver,0,True,1785285007619,724,0,False
db2b7785-bcf9-5eef-a48e-c85817607266,1785285006897,sender -> receiver,0,True,1785285007643,746,0,False
c1bc23f6-bc18-599e-a8fe-b01af6168617,1785285007901,sender -> receiver,0,True,1785285008640,739,0,False
c01a5a41-723e-52a1-b102-7d7e58acbf80,1785285007904,sender -> receiver,0,True,1785285008658,754,0,False
647663ae-d4be-54c1-a263-4282fa7f779e,1785285008905,sender -> receiver,0,True,1785285009633,728,0,False
fb83cd48-d5a5-5138-b74c-3bde39c12ee1,1785285008909,sender -> receiver,0,True,1785285009655,746,0,False
c8fa3057-64a7-55c4-b0cc-4dc04a239979,1785285009903,sender -> receiver,0,True,1785285010627,724,0,False
f39387fb-9ac9-54ff-9b0b-629c558a3c59,1785285009906,sender -> receiver,0,True,1785285010641,735,0,False
d330abe8-5fe1-5be4-9f8a-a6cb4384e934,1785285010890,sender -> receiver,0,True,1785285011618,728,0,False
f065bd16-00e8-51a4-bc09-8dec4bae8306,1785285011928,sender -> receiver,0,True,1785285012651,723,0,False
ffb2dc95-d1eb-54b5-ac17-ac9eef5aa0d4,1785285011935,sender -> receiver,0,True,1785285012672,737,0,False
14d93ca0-1db9-5eb4-a283-301ff14d1c57,1785285012890,sender -> receiver,0,True,1785285013585,695,0,False
3a21edcb-1de9-5df5-b8f4-038a5b7a278a,1785285012893,sender -> receiver,0,True,1785285013603,710,0,False
e1c1b0a2-e07b-571f-a5c2-88bb3585139f,1785285013921,sender -> receiver,0,True,1785285014633,712,0,False
6229bdbe-1023-5bfd-a1a2-79445680cbdb,1785285013927,sender -> receiver,0,True,1785285014651,724,0,False
3c6e0991-772a-52eb-9457-419d6201cb06,1785285014914,sender -> receiver,0,True,1785285015625,711,0,False
f342e620-8510-55da-8761-ac9f1cd1ae35,1785285014921,sender -> receiver,0,True,1785285015654,733,0,False
6d80c3d7-4498-58f6-a21c-584a0a6b7aa8,1785285015889,sender -> receiver,0,True,1785285016612,723,0,False
53b18bb7-c67f-5780-a2a8-0c03ffa910da,1785285016899,sender -> receiver,0,True,1785285017617,718,0,False
3c8e2361-e0d9-5e6f-a323-80cf3638f009,1785285016903,sender -> receiver,0,True,1785285017628,725,0,False
72164530-42b8-53f2-abb4-d9906550b65b,1785285017904,sender -> receiver,0,True,1785285018642,738,0,False
4285ce72-35aa-5f1b-ae0f-40f2c2617660,1785285017908,sender -> receiver,0,True,1785285018659,751,0,False
1b13d261-6ecf-51e6-8ad9-bacb4af94344,1785285018907,sender -> receiver,0,True,1785285019622,715,0,False
2f41c93f-fc5a-5b8a-b042-f14d884d7138,1785285018912,sender -> receiver,0,True,1785285019633,721,0,False
a5d0833b-620a-53c0-9344-9664ab17633f,1785285019916,sender -> receiver,0,True,1785285020623,707,0,False
65797197-2240-5eb0-a1e3-d7eed752652c,1785285020902,sender -> receiver,0,True,1785285021654,752,0,False
a653b0b0-20fd-5aa0-b918-33588f53a513,1785285020904,sender -> receiver,0,True,1785285021684,780,0,False
0daa1be5-d16f-5f5c-973a-bab73d6ea7ff,1785285021914,sender -> receiver,0,True,1785285022639,725,0,False
6fe57451-04ea-53f9-842d-8aa079098448,1785285021918,sender -> receiver,0,True,1785285022659,741,0,False
443ee8f0-5a02-5c2d-9a9c-1767c967e733,1785285022906,sender -> receiver,0,True,1785285023633,727,0,False
8050ffe9-6a13-5747-b8e6-775890505d52,1785285022910,sender -> receiver,0,True,1785285023654,744,0,False
e48889af-b3a6-54c2-b881-f9d7ac5d9dee,1785285023899,sender -> receiver,0,True,1785285024610,711,0,False
29f18717-b7fd-5f7f-863b-5e7b5722a102,1785285023902,sender -> receiver,0,True,1785285024632,730,0,False
5073607b-d696-5211-ac75-8608a113f60a,1785285024912,sender -> receiver,0,True,1785285025614,702,0,False
cc90a2d5-36fa-5866-aeab-00676c3c9b6f,1785285025917,sender -> receiver,0,True,1785285026654,737,0,False
2868b0a4-5555-5782-9330-319cdbac6f78,1785285025919,sender -> receiver,0,True,1785285026687,768,0,False
fb7971d1-592e-5d4c-9111-123fe284e785,1785285026898,sender -> receiver,0,True,1785285027630,732,0,False
266d0eb8-2ef2-5691-beb4-3fd3a6ef0474,1785285026904,sender -> receiver,0,True,1785285027646,742,0,False
294f0769-dc3d-5483-8886-2d6a066bbe06,1785285027902,sender -> receiver,0,True,1785285028636,734,0,False
f3a2095b-ddc5-5924-8deb-f319c96f3b58,1785285027905,sender -> receiver,0,True,1785285028655,750,0,False
3e4f187d-3c6d-5ea0-b79d-0ea2738c60e7,1785285028898,sender -> receiver,0,True,1785285029625,727,0,False
40867219-cd83-5d8d-a66c-e49b6c907dd6,1785285028905,sender -> receiver,0,True,1785285029649,744,0,False
9c3aef06-5047-5883-8ef3-7005d841fd3d,1785285029914,sender -> receiver,0,True,1785285030657,743,0,False
6cd2c3bb-0dc7-52ab-8e95-d14998295546,1785285030912,sender -> receiver,0,True,1785285031632,720,0,False
df8faacf-52b9-56fd-9bf8-fb47229dd9dd,1785285030918,sender -> receiver,0,True,1785285031668,750,0,False
d6c8b856-280d-5843-8b27-a8b7e938a01e,1785285031895,sender -> receiver,0,True,1785285032624,729,0,False
b6934bb1-da20-509c-8a6f-3be2229aa3e5,1785285031898,sender -> receiver,0,True,1785285032649,751,0,False
16b89d31-65e3-5371-b997-81fc76494c26,1785285032910,sender -> receiver,0,True,1785285033640,730,0,False
0664a73e-192b-5939-9983-d3c688cd7d53,1785285032913,sender -> receiver,0,True,1785285033654,741,0,False
6dca3068-37a4-5687-9e4b-64f201b7d89f,1785285033892,sender -> receiver,0,True,1785285034614,722,0,False
8509ed8b-2c05-5ad5-9f9e-1bce38adadc1,1785285034905,sender -> receiver,0,True,1785285035587,682,0,False
07c7f90c-2fcc-559e-b018-1638fcae6363,1785285034909,sender -> receiver,0,True,1785285035638,729,0,False
3ebb074d-07bb-59b9-a5d4-52f03611665b,1785285035907,sender -> receiver,0,True,1785285036624,717,0,False
d9f5a93d-eefa-5525-8dd1-a277a6dee341,1785285035910,sender -> receiver,0,True,1785285036643,733,0,False
ee35ba76-2b2f-5512-8d9c-44146d3cb2ea,1785285036925,sender -> receiver,0,True,1785285037660,735,0,False
dc21520f-ee55-5582-8bf5-34183b833ccd,1785285036931,sender -> receiver,0,True,1785285037673,742,0,False
0a257d28-f0fb-5281-833d-bab85c2a60b8,1785285037905,sender -> receiver,0,True,1785285038610,705,0,False
59c612d5-6132-5f9e-9ab2-43529ac25363,1785285037911,sender -> receiver,0,True,1785285038628,717,0,False
d8642a33-f684-5c4c-89cd-49892abb6a26,1785285038892,sender -> receiver,0,True,1785285039603,711,0,False
93f998b7-6bbc-55e3-a283-043a9dea3be7,1785285039922,sender -> receiver,0,True,1785285040633,711,0,False
5791810b-9704-560e-834d-bab9f98ff704,1785285039932,sender -> receiver,0,True,1785285040652,720,0,False
144ca457-640b-5028-81f3-db81c1be14b7,1785285040899,sender -> receiver,0,True,1785285041643,744,0,False
a4e557a3-ae09-57a8-a719-cd0ea06171aa,1785285040903,sender -> receiver,0,True,1785285041657,754,0,False
4ae0dd7d-0999-589b-82d8-b5225bc00d1e,1785285041909,sender -> receiver,0,True,1785285042609,700,0,False
18f6f302-1990-5a85-bedc-cd1148e3d481,1785285041913,sender -> receiver,0,True,1785285042628,715,0,False
3d474b14-0c89-5bb0-a328-11874cbb5368,1785285042890,sender -> receiver,0,True,1785285043599,709,0,False
b58cdf09-633b-5d29-b5e3-865e6c0a2807,1785285042892,sender -> receiver,0,True,1785285043616,724,0,False
c5c5313e-ca09-5d10-9783-4e95d82a8c06,1785285043891,sender -> receiver,0,True,1785285044649,758,0,False
d02c5617-f2c4-54f1-b2fa-6d61e022271a,1785285044900,sender -> receiver,0,True,1785285045624,724,0,False
de041b81-2dc3-5eeb-ae64-cdc0c71eb23e,1785285044921,sender -> receiver,0,True,1785285045640,719,0,False
f09b075b-450d-573d-bb6a-8baa20950520,1785285045899,sender -> receiver,0,True,1785285046611,712,0,False
32f8eb7e-ea17-570c-b5b2-74c542df1b4c,1785285045902,sender -> receiver,0,True,1785285046627,725,0,False
11d04b61-4730-52d6-b219-609073506a31,1785285046908,sender -> receiver,0,True,1785285047605,697,0,False
fdf6e3c7-b4f6-5473-89ac-d3a5fe9cf7b5,1785285046914,sender -> receiver,0,True,1785285047669,755,0,False
8cbcf467-14f9-5b9d-be43-3c175f754ade,1785285047896,sender -> receiver,0,True,1785285048592,696,0,False
2583d981-b66e-537f-98b4-792db5cf08aa,1785285048906,sender -> receiver,0,True,1785285049656,750,0,False
f3cd7c9a-7005-5dc2-b22e-1ffa4081ec3c,1785285048910,sender -> receiver,0,True,1785285049676,766,0,False
3354fd1d-0059-5065-aaeb-00d796d68026,1785285049906,sender -> receiver,0,True,1785285050637,731,0,False
da72845f-f97a-51ed-a328-44dc52d99b0c,1785285049909,sender -> receiver,0,True,1785285050660,751,0,False
bd093c14-6039-5ba4-86da-875915b36383,1785285050901,sender -> receiver,0,True,1785285051617,716,0,False
e46d2350-64d6-5183-8a28-cab1c7c3bb47,1785285050919,sender -> receiver,0,True,1785285051634,715,0,False
0c698748-9ed9-50f3-a1dd-f183ec459d50,1785285051894,sender -> receiver,0,True,1785285052619,725,0,False
f560397a-cc02-5f57-ab61-e41c2901ce4d,1785285051896,sender -> receiver,0,True,1785285052639,743,0,False
d9ea946e-b1b8-52c7-991f-031b9406da69,1785285052894,sender -> receiver,0,True,1785285053607,713,0,False
b1d01c95-ce98-59f6-8c46-ccaf9d771a18,1785285053905,sender -> receiver,0,True,1785285054641,736,0,False
6dd5245a-188a-5ceb-9487-95860278492a,1785285053910,sender -> receiver,0,True,1785285054679,769,0,False
4b03d1b1-ef9f-5830-8cf2-1cde8c947d0c,1785285054905,sender -> receiver,0,True,1785285055631,726,0,False
8b461796-de69-59ed-934d-a8bc3584b010,1785285054909,sender -> receiver,0,True,1785285055651,742,0,False
19d9db81-f9af-5d55-b34e-bf76ab0c329b,1785285055903,sender -> receiver,0,True,1785285056626,723,0,False
4d5c36b7-b14d-5a19-bf1e-25aeed8f93b8,1785285055905,sender -> receiver,0,True,1785285056651,746,0,False
e53ac3b8-3c06-5093-abf1-e0968822189d,1785285056923,sender -> receiver,0,True,1785285057638,715,0,False
7efcc493-c1d4-54ad-8855-ca87d4c6d7b0,1785285056928,sender -> receiver,0,True,1785285057657,729,0,False
b5b5829b-5d76-5535-bf25-7482ee693907,1785285057905,sender -> receiver,0,True,1785285058646,741,0,False
0ed99943-b64f-5e91-865c-42dd04a46501,1785285058898,sender -> receiver,0,True,1785285059649,751,0,False
be248cdc-642d-517e-b9a1-4be1649adfa8,1785285058901,sender -> receiver,0,True,1785285059664,763,0,False
52b55ee0-7233-5012-a1ea-7815b901e283,1785285059935,sender -> receiver,0,True,1785285060667,732,0,False
1f6014db-6ee0-545f-b986-7fe1b3513d50,1785285059944,sender -> receiver,0,True,1785285060690,746,0,False
77d33053-d083-5e4b-906d-bbe0c05c3b51,1785285060905,sender -> receiver,0,True,1785285061604,699,0,False
7c96c199-a5f9-5c07-99c6-2a734e851a32,1785285060914,sender -> receiver,0,True,1785285061618,704,0,False
0f62dcb2-feb9-5c17-9678-92890d68eeb4,1785285061898,sender -> receiver,0,True,1785285062606,708,0,False
256eb5fa-5b07-5135-bbbd-c48ca9249052,1785285103074,sender -> receiver,0,True,1785285103780,706,0,False
45c3f8da-f7aa-574c-affa-20b0b4d4442f,1785285103082,sender -> receiver,0,True,1785285103791,709,0,False
fa979b52-7636-5b61-89de-17bf652d56e2,1785285104087,sender -> receiver,0,True,1785285104800,713,0,False
c19dd845-7438-5f4c-b568-2644a53d6ded,1785285104092,sender -> receiver,0,True,1785285104858,766,0,False
13e17256-1346-58cc-adaa-4f5fb4989e36,1785285105065,sender -> receiver,0,True,1785285105804,739,0,False
c80dee72-5df0-58a9-967c-59f6b8e3deea,1785285105068,sender -> receiver,0,True,1785285105848,780,0,False
c52d027e-85a5-5837-8be7-3236091f4e1b,1785285106096,sender -> receiver,0,True,1785285106826,730,0,False
2894985c-6b7a-5d4b-93ce-894365ac750d,1785285106102,sender -> receiver,0,True,1785285106843,741,0,False
51d6989d-5549-5388-8211-dff5a80acff4,1785285107067,sender -> receiver,0,True,1785285107769,702,0,False
159b1628-8077-5511-bff4-01ea5223eb58,1785285107071,sender -> receiver,0,True,1785285107822,751,0,False
f9523cb5-c31d-5c41-9577-7976bd3fb8c2,1785285108068,sender -> receiver,0,True,1785285108770,702,0,False
ba346fa5-1e31-50a1-833a-1d7591408546,1785285109085,sender -> receiver,0,True,1785285109808,723,0,False
eb43bebb-212e-520a-ae33-9154f62d91ec,1785285109089,sender -> receiver,0,True,1785285109827,738,0,False
60903ed7-4d4c-5b2f-a149-f4579da70c8f,1785285110075,sender -> receiver,0,True,1785285110785,710,0,False
b4e47929-a3c2-5a00-8baf-749ec8d3f889,1785285110078,sender -> receiver,0,True,1785285110797,719,0,False
abea2c91-7759-5d6c-bf19-872ddc2cfe72,1785285111066,sender -> receiver,0,True,1785285111794,728,0,False
d6f87981-f574-5730-9ae1-3a374592011b,1785285111069,sender -> receiver,0,True,1785285111808,739,0,False
205f8cc9-6268-54ea-bddd-832e766f20c8,1785285112096,sender -> receiver,0,True,1785285112830,734,0,False
e2c74135-030d-5b4d-9abf-abe3ceeb5ba6,1785285112102,sender -> receiver,0,True,1785285112860,758,0,False
b12f4c42-6abf-552a-8dd3-1f4950a0aece,1785285113073,sender -> receiver,0,True,1785285113767,694,0,False
75f04cff-5457-5765-addd-77a9a52dd7b7,1785285114065,sender -> receiver,0,True,1785285114808,743,0,False
8eefd3c6-eca5-5775-9645-f7467e7d656f,1785285114067,sender -> receiver,0,True,1785285114832,765,0,False
c5b7d0d2-1349-5ba8-8778-6fc1bd9e1b20,1785285115081,sender -> receiver,0,True,1785285115788,707,0,False
853124c7-ac00-52c3-b5b9-bacae2a62246,1785285115088,sender -> receiver,0,True,1785285115800,712,0,False
583fcc10-b425-587a-96d2-2e5a03151530,1785285116113,sender -> receiver,0,True,1785285116869,756,0,False
45dde942-4ce4-5573-8d8c-90857973f648,1785285116118,sender -> receiver,0,True,1785285116889,771,0,False
1cacffd0-f0a9-5c1c-9152-d094434a5bc2,1785285117095,sender -> receiver,0,True,1785285117816,721,0,False
96bee7b3-e07e-5099-a195-0e0087f588d9,1785285117101,sender -> receiver,0,True,1785285117866,765,0,False
6f7a39ac-99c0-5e86-b2a9-f90eed9d9359,1785285118067,sender -> receiver,0,True,1785285118807,740,0,False
5a172026-1256-5bfc-b093-bd23a01c67b2,1785285118070,sender -> receiver,0,True,1785285118863,793,0,False
dff6c266-7453-5c79-9949-c8ee9d719048,1785285119071,sender -> receiver,0,True,1785285119802,731,0,False
3d21b9b1-412b-5655-90a6-f716036afe5e,1785285120089,sender -> receiver,0,True,1785285120822,733,0,False
2e05c801-b358-5dcc-b890-9d600bf6eebc,1785285120092,sender -> receiver,0,True,1785285120843,751,0,False
4ca5abe3-c994-5aca-820d-3d207637fade,1785285121073,sender -> receiver,0,True,1785285121771,698,0,False
c004dfbf-6f15-5f72-963e-0cf1c49a327a,1785285121077,sender -> receiver,0,True,1785285121820,743,0,False
c5f71e70-0658-5759-b851-754b8a334cd6,1785285122093,sender -> receiver,0,True,1785285122813,720,0,False
00576e42-1685-58b4-be31-61795846d4b7,1785285122099,sender -> receiver,0,True,1785285122831,732,0,False
52c07e81-9113-500d-bf02-5524dcb69a59,1785285123102,sender -> receiver,0,True,1785285123810,708,0,False
cde65a81-4afa-59c0-8c7b-ec864a703d2b,1785285123107,sender -> receiver,0,True,1785285123928,821,0,False
0d96d40a-bfd0-54fd-80a2-ac33f635536c,1785285124066,sender -> receiver,0,True,1785285124796,730,0,False
d7fa7d7a-baf3-50f7-912c-c5ee576eff1b,1785285125097,sender -> receiver,0,True,1785285125831,734,0,False
f5edbf01-5176-599f-80df-90b35d24de3e,1785285125101,sender -> receiver,0,True,1785285125846,745,0,False
6cf29651-31f8-56cc-80dc-a60b5a0f391e,1785285126081,sender -> receiver,0,True,1785285126820,739,0,False
281ff580-8f2f-5c39-b0af-aac341ba1970,1785285126089,sender -> receiver,0,True,1785285126841,752,0,False
cd063d3e-9c1b-5428-bf29-3a6e2f0745ab,1785285127091,sender -> receiver,0,True,1785285127795,704,0,False
fa90a88a-7f2e-5af0-a9d6-4b5b9b0a45dc,1785285127094,sender -> receiver,0,True,1785285127817,723,0,False
431a5c4d-a2c4-5ec8-bb96-603e925de805,1785285128064,sender -> receiver,0,True,1785285128796,732,0,False
d0734a4e-84d0-59d4-9e48-2a079ada94eb,1785285128066,sender -> receiver,0,True,1785285128811,745,0,False
c789414e-45be-5efb-bfd6-ac205c88b7ff,1785285129090,sender -> receiver,0,True,1785285129833,743,0,False
76e20610-0942-550e-81cc-5dd9bd69b8fc,1785285129095,sender -> receiver,0,True,1785285129847,752,0,False
24885dd7-682b-593b-89b6-2437e36f4ee2,1785285130070,sender -> receiver,0,True,1785285130773,703,0,False
50e65ea4-6e57-5091-9135-0493298c760a,1785285131075,sender -> receiver,0,True,1785285131796,721,0,False
59c079f1-947f-5d0d-a02f-fb1ed74aeec6,1785285131077,sender -> receiver,0,True,1785285131887,810,0,False
9482816e-1895-5870-a00e-057c33fe5d8f,1785285132076,sender -> receiver,0,True,1785285132812,736,0,False
3d095163-da63-5ef8-9411-57b6275a501c,1785285132080,sender -> receiver,0,True,1785285132873,793,0,False
36608d2e-47ce-522c-a524-d834b7cc6f48,1785285133066,sender -> receiver,0,True,1785285133815,749,0,False
81c99935-9c3f-54d7-a03c-088f538b3ac2,1785285133068,sender -> receiver,0,True,1785285133843,775,0,False
9ef12640-6c5f-5aa3-8b50-b06182010414,1785285134076,sender -> receiver,0,True,1785285134771,695,0,False
3aef2476-9725-513a-a7db-597df1d23ecc,1785285134084,sender -> receiver,0,True,1785285134834,750,0,False
cc219450-6f80-5c82-9123-64ea8e9fee9c,1785285135065,sender -> receiver,0,True,1785285135767,702,0,False
a50c9cb7-51af-5d9c-8358-4524af28afe5,1785285136097,sender -> receiver,0,True,1785285136808,711,0,False
ac51484b-155c-5557-b0b0-249a3702cbae,1785285136101,sender -> receiver,0,True,1785285136827,726,0,False
db283b66-7dfd-56a6-8d27-1daa63cd0d92,1785285137078,sender -> receiver,0,True,1785285137794,716,0,False
ceed7d7c-7ded-5101-be43-1bdd62af1d58,1785285137082,sender -> receiver,0,True,1785285137813,731,0,False
9b6925fb-973b-5d7c-8c73-115745116d45,1785285138065,sender -> receiver,0,True,1785285138792,727,0,False
62962bbc-dd1c-56d3-9fa3-26445701f710,1785285138067,sender -> receiver,0,True,1785285138811,744,0,False
dd316cb6-3d96-586e-acc0-0ceba838df75,1785285139078,sender -> receiver,0,True,1785285139835,757,0,False
7033525a-c515-556e-9899-68a729c4fca7,1785285139081,sender -> receiver,0,True,1785285139850,769,0,False
fdcb0362-e810-50dc-a63e-690aa333e37a,1785285140093,sender -> receiver,0,True,1785285140800,707,0,False
0b26a215-3e9b-5907-a8ae-4dbcac79ae32,1785285140097,sender -> receiver,0,True,1785285140815,718,0,False
b073a579-a0df-5e6b-8d0e-564b08c0a92e,1785285141074,sender -> receiver,0,True,1785285141813,739,0,False
a84b66f0-866a-59cf-99e4-a74c2c1f4988,1785285142109,sender -> receiver,0,True,1785285142823,714,0,False
7a146fb0-8e86-5400-9aa3-9330eabc586d,1785285142113,sender -> receiver,0,True,1785285142839,726,0,False
dfc3889c-f344-5bea-9469-92f4cf0e4bdc,1785285143083,sender -> receiver,0,True,1785285143801,718,0,False
d78c9944-546a-5c69-8dc8-3949ec761ea6,1785285143085,sender -> receiver,0,True,1785285143821,736,0,False
483172d3-b349-5c34-b4c8-929e82e99844,1785285144082,sender -> receiver,0,True,1785285144824,742,0,False
9665c021-2b2c-5fd2-a227-1d39df78e912,1785285144086,sender -> receiver,0,True,1785285144856,770,0,False
a8766419-4ce5-5f3a-bc6b-d70d3921125e,1785285145084,sender -> receiver,0,True,1785285145799,715,0,False
d265d503-8c2b-5de2-bf93-0fe52c519d70,1785285145089,sender -> receiver,0,True,1785285145813,724,0,False
069380bd-2fb6-572a-8b03-c82760866487,1785285146082,sender -> receiver,0,True,1785285146807,725,0,False
48afd07e-454b-5215-b640-cbcb41f205cb,1785285147075,sender -> receiver,0,True,1785285147790,715,0,False
fa056ff8-13f4-5bd1-8baa-d31cdc70aaa9,1785285147079,sender -> receiver,0,True,1785285147833,754,0,False
7df3563c-84ac-5139-a8bb-052acb9ef117,1785285148077,sender -> receiver,0,True,1785285148777,700,0,False
c5fad89b-d6bd-5103-a812-7ee4d7b6a883,1785285148080,sender -> receiver,0,True,1785285148827,747,0,False
4504e11f-97a7-5598-b749-0ad07505e271,1785285149087,sender -> receiver,0,True,1785285149844,757,0,False
242276e0-db0a-57b0-87a0-1645842e5e03,1785285149096,sender -> receiver,0,True,1785285149861,765,0,False
38a3d48b-a5d2-5a3c-a638-4b5139572e11,1785285150098,sender -> receiver,0,True,1785285150803,705,0,False
341326cd-a0ee-5bba-a1f4-f8d00aada798,1785285150101,sender -> receiver,0,True,1785285150831,730,0,False
c9fed9e8-f872-5b59-8a9d-90421b96458c,1785285151075,sender -> receiver,0,True,1785285151782,707,0,False
aabc0706-ddfc-5240-9bdf-876ca1357340,1785285151077,sender -> receiver,0,True,1785285151801,724,0,False
6fd4133e-8c06-5594-b5f1-36bf95b08ed3,1785285152068,sender -> receiver,0,True,1785285152772,704,0,False
39956b96-4a42-5b00-b4b7-50adac3b0581,1785285153079,sender -> receiver,0,True,1785285153831,752,0,False
095b58c2-30e9-515b-baae-efc444a1a362,1785285153084,sender -> receiver,0,True,1785285153855,771,0,False
a658fd36-02ee-52b1-89b5-1d8498154fed,1785285154098,sender -> receiver,0,True,1785285154801,703,0,False
233e7988-fba2-5c50-ae1c-9443e4342335,1785285154102,sender -> receiver,0,True,1785285154820,718,0,False
b8cef8d2-2b1b-59af-a62c-55af8e221b79,1785285155094,sender -> receiver,0,True,1785285155790,696,0,False
4aa571f7-3aa0-501d-9180-33c9f65c789d,1785285155100,sender -> receiver,0,True,1785285155812,712,0,False
039e0702-c280-5dec-8845-66e7f0c12405,1785285156087,sender -> receiver,0,True,1785285156802,715,0,False
ebdb02df-cd3e-5120-af24-79c0c9cda25f,1785285156093,sender -> receiver,0,True,1785285156826,733,0,False
9461800f-625b-5f09-96be-737cc94f1951,1785285157070,sender -> receiver,0,True,1785285157764,694,0,False
0be1a2a0-3483-543c-a40c-9052f1a01c5d,1785285197819,sender -> receiver,0,True,1785285198534,715,0,False
90f16ed1-81a5-5b71-9bda-43d4d25e7126,1785285197823,sender -> receiver,0,True,1785285198549,726,0,False
82f81719-ae15-5918-b92d-3fbbf5ffd095,1785285198799,sender -> receiver,0,True,1785285199568,769,0,False
de951a75-8c00-52f1-b0e1-c23d27c0c9cf,1785285198801,sender -> receiver,0,True,1785285199587,786,0,False
88b1acdd-24a0-5027-a6f9-02c2b654eb21,1785285199836,sender -> receiver,0,True,1785285200577,741,0,False
997dda18-bc1e-5468-b28a-5e7a1fa1394b,1785285199842,sender -> receiver,0,True,1785285200603,761,0,False
0fc3721d-f81d-5147-859f-99d07ab032be,1785285200831,sender -> receiver,0,True,1785285201502,671,0,False
5e4512b4-226f-5f73-9e80-5b8d4ba092c6,1785285200835,sender -> receiver,0,True,1785285201547,712,0,False
0de99886-e566-56c5-8ba5-962508b6bf3b,1785285201822,sender -> receiver,0,True,1785285202537,715,0,False
12b0e16e-3a73-5144-8e6d-42c64e4d18a3,1785285201825,sender -> receiver,0,True,1785285202553,728,0,False
4c0e8682-d549-52c6-8b70-67962be47cbf,1785285202809,sender -> receiver,0,True,1785285203532,723,0,False
8af1bc8e-5b80-51f3-b927-e9864f9d1585,1785285203813,sender -> receiver,0,True,1785285204518,705,0,False
1b3baf30-7d82-567d-a663-6384bb97479f,1785285203816,sender -> receiver,0,True,1785285204546,730,0,False
0f9951c7-69e5-52a3-8439-54d7c18223af,1785285204823,sender -> receiver,0,True,1785285205511,688,0,False
e3823900-4346-59f9-b69b-83142715c3e7,1785285204829,sender -> receiver,0,True,1785285205538,709,0,False
304c9ff9-0791-573f-98ab-3fcca1075da0,1785285205831,sender -> receiver,0,True,1785285206553,722,0,False
8bbc2386-614a-51f5-a141-34878220daef,1785285205836,sender -> receiver,0,True,1785285206569,733,0,False
de1d29d4-879c-5dfc-a519-6f46a93b9e8b,1785285206842,sender -> receiver,0,True,1785285207599,757,0,False
48476a6f-0616-52bc-acaf-7c3b478a425a,1785285206876,sender -> receiver,0,True,1785285207617,741,0,False
964e20ee-42b5-5c90-a026-309d9b13196d,1785285207843,sender -> receiver,0,True,1785285208523,680,0,False
baf51ee7-1d66-5604-b7cd-2d47d59d389c,1785285208827,sender -> receiver,0,True,1785285209614,787,0,False
8abfde51-7765-5271-8a84-2c4a74eef10d,1785285208832,sender -> receiver,0,True,1785285209631,799,0,False
5fbb969d-3656-5986-ad3b-156ad245a941,1785285209824,sender -> receiver,0,True,1785285210506,682,0,False
a35ba5e3-6a07-5d6e-8106-243a3669a2cc,1785285209827,sender -> receiver,0,True,1785285210563,736,0,False
ad8363a2-e1a4-5a9b-b7ce-479ee0771791,1785285210829,sender -> receiver,0,True,1785285211540,711,0,False
c5c4a23f-cc91-55df-8ed5-6ec32d5f8aca,1785285210856,sender -> receiver,0,True,1785285211563,707,0,False
914420a5-c32c-5117-87aa-56d066dae747,1785285211813,sender -> receiver,0,True,1785285212593,780,0,False
ffa4befa-c5c6-522b-8fe0-efe63d9c989a,1785285211817,sender -> receiver,0,True,1785285212608,791,0,False
7f98aa83-1361-563e-9fa0-ee121de6c566,1785285212816,sender -> receiver,0,True,1785285213524,708,0,False
fc90840f-3616-5aeb-8842-febc59f2e374,1785285212820,sender -> receiver,0,True,1785285213537,717,0,False
9cadfd6d-b925-5b54-b9d0-469553becfe5,1785285213802,sender -> receiver,0,True,1785285214514,712,0,False
f65d3f86-5702-5652-a485-4942e66751a2,1785285214828,sender -> receiver,0,True,1785285215545,717,0,False
c9f9e519-ab46-59e7-b373-b5d45a477182,1785285214832,sender -> receiver,0,True,1785285215559,727,0,False
766f8602-95c3-5161-9789-00f1a8b5d4f9,1785285215816,sender -> receiver,0,True,1785285216596,780,0,False
a864b7c9-1b57-5bc1-8b58-fb74110794bc,1785285215819,sender -> receiver,0,True,1785285216620,801,0,False
8e072357-909b-52a2-a37c-015de8b30028,1785285216816,sender -> receiver,0,True,1785285217520,704,0,False
1b59c3a5-f85c-52ff-aceb-4cea06242282,1785285216818,sender -> receiver,0,True,1785285217531,713,0,False
c734ba6d-f6a6-5536-b009-01d40b7db90d,1785285217822,sender -> receiver,0,True,1785285218564,742,0,False
60085db5-a265-5b63-9949-b036160913c3,1785285217826,sender -> receiver,0,True,1785285218584,758,0,False
154c0241-5e26-54fb-bf8b-cda9c51d98b7,1785285218857,sender -> receiver,0,True,1785285219567,710,0,False
f80de45b-ce0a-5f5c-a8df-a1d879be0ba9,1785285219840,sender -> receiver,0,True,1785285220541,701,0,False
4623226d-565b-5609-a15c-54cb6f432bcf,1785285219846,sender -> receiver,0,True,1785285220556,710,0,False
18479ae9-1116-5821-b616-5cca19c9696c,1785285220820,sender -> receiver,0,True,1785285221526,706,0,False
d249ab83-d78c-51e1-9b9b-2b76b346bf09,1785285220823,sender -> receiver,0,True,1785285221542,719,0,False
8cd3780d-3ca3-5ff5-ae95-1b171fee164c,1785285221811,sender -> receiver,0,True,1785285222524,713,0,False
820df4ba-3b83-5a55-a9e6-c5f64b0f8bd3,1785285221813,sender -> receiver,0,True,1785285222535,722,0,False
7e47314c-4d04-5428-9f00-40f1772425ff,1785285222812,sender -> receiver,0,True,1785285223563,751,0,False
89de76dc-9c29-54d5-9f66-8d2f32ceda8b,1785285222815,sender -> receiver,0,True,1785285223576,761,0,False
e34de0cd-7a16-508c-846f-72bda0d6f41e,1785285223818,sender -> receiver,0,True,1785285224546,728,0,False
a9c62c55-c9e5-5058-82f7-96d5611245e9,1785285223846,sender -> receiver,0,True,1785285224566,720,0,False
9c98bade-c206-574b-8271-2f57609bcd3d,1785285224823,sender -> receiver,0,True,1785285225532,709,0,False
81cc2616-07f2-5c8f-b5a8-c82e4e5dc19c,1785285225829,sender -> receiver,0,True,1785285226566,737,0,False
be0c0584-7e9e-57c8-9e30-cd144921461c,1785285225832,sender -> receiver,0,True,1785285226632,800,0,False
dd8f1adc-1b8a-514f-bce8-866d5d33eda3,1785285226817,sender -> receiver,0,True,1785285227512,695,0,False
e87784e1-b1f8-57ca-b904-8baa5b8d94b3,1785285226820,sender -> receiver,0,True,1785285227525,705,0,False
7f28cd21-b8d2-5d6b-88e3-feaa77d67b44,1785285227831,sender -> receiver,0,True,1785285228556,725,0,False
1aeb7734-98dd-5851-8c9c-987786a7c256,1785285227834,sender -> receiver,0,True,1785285228577,743,0,False
07e62f70-388f-5328-b0a8-ab5c75699a0e,1785285228833,sender -> receiver,0,True,1785285229569,736,0,False
d0f62f7a-1600-5a4a-908d-93994f84b7b7,1785285228838,sender -> receiver,0,True,1785285229578,740,0,False
9a1c4a8f-85b8-58c8-8e38-9aac5b60655a,1785285229809,sender -> receiver,0,True,1785285230529,720,0,False
21d42eb2-d20d-5bf9-afbc-ec60c53d3a3f,1785285230811,sender -> receiver,0,True,1785285231521,710,0,False
c78d1d75-4c11-5138-b0d7-6f6f1bdf9646,1785285230813,sender -> receiver,0,True,1785285231539,726,0,False
d60bdd36-8230-5ddd-9e07-00d3e9130dc9,1785285231817,sender -> receiver,0,True,1785285232565,748,0,False
f555c8d3-ab21-5844-8862-45ec1f3d82f2,1785285231820,sender -> receiver,0,True,1785285232577,757,0,False
7e2791f5-5720-51c6-ad66-83027de794c7,1785285232814,sender -> receiver,0,True,1785285233542,728,0,False
93591b02-9e26-5d09-8b85-6186447c2b65,1785285232817,sender -> receiver,0,True,1785285233556,739,0,False
de9629bb-3b0a-59b0-a598-8e8222639706,1785285233814,sender -> receiver,0,True,1785285234539,725,0,False
0770a4a2-5853-50cc-b4d9-5def01ff7ec0,1785285233837,sender -> receiver,0,True,1785285234556,719,0,False
03494c12-3dce-5c10-a8d5-ef3906db944e,1785285234838,sender -> receiver,0,True,1785285235519,681,0,False
57ef4ffa-1a39-5f6b-a55b-9c451cc4c77b,1785285234840,sender -> receiver,0,True,1785285235616,776,0,False
27755523-add5-56a2-b0d9-47b6b02a1682,1785285235809,sender -> receiver,0,True,1785285236518,709,0,False
0d598def-88dc-5d05-995c-faf61c55f1b5,1785285236827,sender -> receiver,0,True,1785285237564,737,0,False
860c4f26-b1cf-5799-9e92-8589e10187b4,1785285236853,sender -> receiver,0,True,1785285237588,735,0,False
fa7172b5-3795-55c3-9775-e9dc802c14db,1785285237837,sender -> receiver,0,True,1785285238584,747,0,False
12a63186-6688-5006-80d3-24b789373420,1785285237841,sender -> receiver,0,True,1785285238599,758,0,False
2d94d6cf-a2b7-5c83-9c6d-306d564c906a,1785285238818,sender -> receiver,0,True,1785285239530,712,0,False
7d4481b5-15be-53df-b59f-0c37cc2f209c,1785285238822,sender -> receiver,0,True,1785285239546,724,0,False
78f63481-2e93-5aae-ac07-604810390f93,1785285239859,sender -> receiver,0,True,1785285240571,712,0,False
43df1d08-eb7c-544c-b0cf-ef6d08950e3e,1785285239862,sender -> receiver,0,True,1785285240585,723,0,False
1f2ffcf3-1713-55a0-8c17-d885993598ef,1785285240802,sender -> receiver,0,True,1785285241570,768,0,False
78e4291c-7fc0-5382-8f77-8a1e05969736,1785285241812,sender -> receiver,0,True,1785285242539,727,0,False
62c0e859-13d5-5b48-8cd4-831a7728d52d,1785285241816,sender -> receiver,0,True,1785285242551,735,0,False
d819d3bc-e7b2-55b4-8a3d-443156ad4fb9,1785285242844,sender -> receiver,0,True,1785285243590,746,0,False
cd3e1445-5ede-5e68-b8ea-c83d55316bbc,1785285242876,sender -> receiver,0,True,1785285243602,726,0,False
a546c1ba-390a-5c48-87b3-88f1d9350a17,1785285243809,sender -> receiver,0,True,1785285244526,717,0,False
fb517067-32ea-5325-a674-381931f9ef95,1785285243812,sender -> receiver,0,True,1785285244541,729,0,False
5f1ea824-f8de-5fb7-8db9-9996789f9c6c,1785285244816,sender -> receiver,0,True,1785285245549,733,0,False
b7e793fe-5dd1-58c4-a364-443e0ce0ac17,1785285244818,sender -> receiver,0,True,1785285245562,744,0,False
92b85a20-4480-525e-8c98-472c5ace0021,1785285245835,sender -> receiver,0,True,1785285246575,740,0,False
4c56e938-a6e7-55db-b263-7e7123f745cf,1785285245838,sender -> receiver,0,True,1785285246591,753,0,False
09710b3a-623d-580a-9ad8-f3977e23c9e1,1785285246804,sender -> receiver,0,True,1785285247509,705,0,False
5371e6d1-1e4b-53ca-a658-c75b02c67529,1785285247839,sender -> receiver,0,True,1785285248526,687,0,False
b114751a-2587-50a5-9a9b-3a0dcaf601b2,1785285247845,sender -> receiver,0,True,1785285248541,696,0,False
1c8f43d4-0d3b-5cc1-bacf-753204371b4e,1785285248811,sender -> receiver,0,True,1785285249518,707,0,False
759d2b3d-2368-57ed-b842-4fc49d406b7b,1785285248814,sender -> receiver,0,True,1785285249529,715,0,False
c0c0f01d-0bda-5143-90e4-ac07eb8f1de1,1785285249811,sender -> receiver,0,True,1785285250511,700,0,False
899d6aeb-84ea-5585-8337-6a288d7bd076,1785285249833,sender -> receiver,0,True,1785285250523,690,0,False
1b3ec83b-f674-534f-bd8a-a96dcd84df47,1785285250813,sender -> receiver,0,True,1785285251606,793,0,False
1de7240d-632b-5061-9fda-dad3620b95b9,1785285250821,sender -> receiver,0,True,1785285251618,797,0,False
12fc14fd-df9e-5e20-a043-6639973ae786,1785285251807,sender -> receiver,0,True,1785285252534,727,0,False
0c290948-522b-5cc6-9a06-fee104e02032,1785285292519,sender -> receiver,0,True,1785285293221,702,0,False
9e9013a9-b516-5162-bf4f-51ae03e7363b,1785285292521,sender -> receiver,0,True,1785285293264,743,0,False
80303f41-5420-5915-8ee4-5dc7176c8449,1785285293529,sender -> receiver,0,True,1785285294293,764,0,False
3bceeb51-77fe-5a2b-9412-defbd5062bc7,1785285293538,sender -> receiver,0,True,1785285294311,773,0,False
09844ad8-d0a9-5a2b-810c-e6f26d3007ea,1785285294543,sender -> receiver,0,True,1785285295268,725,0,False
715101f9-16e0-56d6-9bb2-8ee1e772391f,1785285294548,sender -> receiver,0,True,1785285295292,744,0,False
abaecb8e-5c56-5029-890c-d12c2811953f,1785285295526,sender -> receiver,0,True,1785285296243,717,0,False
f5cb3ee8-3aa2-5678-9282-26dd3d25d43f,1785285295532,sender -> receiver,0,True,1785285296262,730,0,False
223da0c4-94f3-5f90-b68f-93760451abfb,1785285296516,sender -> receiver,0,True,1785285297237,721,0,False
4e33c5bc-3339-58d4-a8fb-1e1cb50bb680,1785285297534,sender -> receiver,0,True,1785285298276,742,0,False
c8cc19b7-49e2-5111-b830-c2e3a1790453,1785285297537,sender -> receiver,0,True,1785285298299,762,0,False
6fdb652e-5e4f-5d51-aa84-d66b93d4646c,1785285298532,sender -> receiver,0,True,1785285299261,729,0,False
117251e9-b5cd-5dee-b902-ed98b7fee8ec,1785285298536,sender -> receiver,0,True,1785285299281,745,0,False
6bf522cc-57cc-5733-a0bd-0262d3a2e200,1785285299517,sender -> receiver,0,True,1785285300237,720,0,False
4b0d6de3-4de0-5b80-a7d7-73731260e7e9,1785285299519,sender -> receiver,0,True,1785285300253,734,0,False
a18add5e-2d0d-58e7-b379-f25005a0d243,1785285300517,sender -> receiver,0,True,1785285301248,731,0,False
d62e2894-65c6-5fae-abff-d824d2ff85b4,1785285300520,sender -> receiver,0,True,1785285301260,740,0,False
d10fd605-a8b1-5b46-b928-3dd40c3b4d61,1785285301521,sender -> receiver,0,True,1785285302217,696,0,False
40aa6a86-e30b-5f13-a576-cb6185c9c902,1785285302536,sender -> receiver,0,True,1785285303250,714,0,False
a21ff5d2-23d4-55ea-a382-f450c41e8a25,1785285302541,sender -> receiver,0,True,1785285303270,729,0,False
e6f9f49f-6580-532f-9768-f9d64a52a56e,1785285303553,sender -> receiver,0,True,1785285304261,708,0,False
e243604c-efe5-5588-8176-6ccee52be733,1785285303557,sender -> receiver,0,True,1785285304285,728,0,False
75308eaf-7cd2-5311-8776-86c35aaea51c,1785285304546,sender -> receiver,0,True,1785285305298,752,0,False
908b035f-7880-5e6b-9e6f-e374620b5d44,1785285304553,sender -> receiver,0,True,1785285305322,769,0,False
b0b0dfa2-a7a2-52f0-be3a-784200d8de42,1785285305517,sender -> receiver,0,True,1785285306230,713,0,False
2c45cb92-272e-5992-af5c-e0058052b23a,1785285306523,sender -> receiver,0,True,1785285307266,743,0,False
36f7439a-571e-54b7-9e98-8d3d2700ab99,1785285306526,sender -> receiver,0,True,1785285307291,765,0,False
689695c8-7f9d-5811-8825-54b53ae94cb7,1785285307520,sender -> receiver,0,True,1785285308261,741,0,False
022eb98c-062f-5112-a2d5-248ce38bed58,1785285307522,sender -> receiver,0,True,1785285308281,759,0,False
18eee6cb-c972-58f4-9cb2-f66b1628f6d5,1785285308552,sender -> receiver,0,True,1785285309294,742,0,False
5ca2516a-c6b8-5e20-8337-6790806c7a09,1785285308555,sender -> receiver,0,True,1785285309318,763,0,False
dc06b587-df41-5530-baee-a39124a9e146,1785285309520,sender -> receiver,0,True,1785285310231,711,0,False
192681b7-073f-5290-8665-12d960f311ef,1785285309523,sender -> receiver,0,True,1785285310279,756,0,False
1cfb61fc-b3f9-5251-be2d-33efe4d80757,1785285310512,sender -> receiver,0,True,1785285311248,736,0,False
d57a9fcf-5c5f-503c-8047-930131beee05,1785285311526,sender -> receiver,0,True,1785285312256,730,0,False
b2283579-f03e-5e73-b376-122d086132ec,1785285311531,sender -> receiver,0,True,1785285312271,740,0,False
35e3b773-ada2-591b-9e8c-1e42785f4766,1785285312532,sender -> receiver,0,True,1785285313250,718,0,False
9cec7994-e5eb-5ee9-9790-e5a98570c0f6,1785285312537,sender -> receiver,0,True,1785285313276,739,0,False
0473fc79-fa39-5f55-b454-a4526404f613,1785285313533,sender -> receiver,0,True,1785285314234,701,0,False
b3d3a338-3ded-5a28-a4bb-50b93d8d0b36,1785285313557,sender -> receiver,0,True,1785285314253,696,0,False
1e5c2fc2-e091-56d7-9274-75245933b0a2,1785285314529,sender -> receiver,0,True,1785285315278,749,0,False
2bf590e9-8e1d-5e55-8d8f-a631f72bf723,1785285314531,sender -> receiver,0,True,1785285315298,767,0,False
812ba37b-9458-5173-bb13-aae531a2a72b,1785285315515,sender -> receiver,0,True,1785285316227,712,0,False
e5f4de72-ef00-52fb-b5d9-452a1fb08417,1785285316536,sender -> receiver,0,True,1785285317303,767,0,False
2c4a8c20-c669-5cbe-8d19-6a0a1f221572,1785285316541,sender -> receiver,0,True,1785285317323,782,0,False
409fb3fc-c1a7-545d-b60e-11cfaf347284,1785285317535,sender -> receiver,0,True,1785285318233,698,0,False
10dc9b00-beae-5a36-80f3-bf06f4cf1fc4,1785285317539,sender -> receiver,0,True,1785285318246,707,0,False
04c3a02c-49be-55b6-b15f-f000d2c6170c,1785285318530,sender -> receiver,0,True,1785285319247,717,0,False
caaff482-2ff4-5b4d-97b2-a2189add6f89,1785285318547,sender -> receiver,0,True,1785285319302,755,0,False
4ef7397e-c84e-5fb6-942b-02a541807784,1785285319524,sender -> receiver,0,True,1785285320229,705,0,False
165b1f95-d3c5-5161-8da1-08a38bf89a5d,1785285320535,sender -> receiver,0,True,1785285321270,735,0,False
fe2702a9-368c-5a06-84cf-cd8c91be49b4,1785285320539,sender -> receiver,0,True,1785285321287,748,0,False
692eebd6-0518-5f3c-8906-765e8a47dc72,1785285321530,sender -> receiver,0,True,1785285322242,712,0,False
d1b91857-32c6-5b46-aac6-4191df731fe6,1785285321535,sender -> receiver,0,True,1785285322287,752,0,False
6836523e-707e-5e63-8b05-a12ba5cde8d2,1785285322541,sender -> receiver,0,True,1785285323243,702,0,False
2ccf45d5-bf9f-5506-9dc9-284bc9844e5e,1785285322545,sender -> receiver,0,True,1785285323256,711,0,False
69f9b0af-e48c-5800-a0a3-d80932ae4b37,1785285323540,sender -> receiver,0,True,1785285324286,746,0,False
dba031e5-c0e3-5479-ac0f-83637b383ac0,1785285323545,sender -> receiver,0,True,1785285324327,782,0,False
ce1c2744-0e94-51b6-8474-f1397fab14d0,1785285324512,sender -> receiver,0,True,1785285325225,713,0,False
c1915339-9ca8-5a80-8e3d-e25ad631aa7b,1785285325534,sender -> receiver,0,True,1785285326268,734,0,False
5019891d-c872-536a-981c-e88006c3f32e,1785285325552,sender -> receiver,0,True,1785285326283,731,0,False
cd875fd0-6a49-5bee-805c-9830f545c2ff,1785285326528,sender -> receiver,0,True,1785285327230,702,0,False
e9f6115b-d1f8-5b02-bac1-2000d49d49ae,1785285326530,sender -> receiver,0,True,1785285327275,745,0,False
37544cf4-d079-51e5-b2bc-a898b5d0fba8,1785285327522,sender -> receiver,0,True,1785285328236,714,0,False
4f1ad473-ea98-51e0-bda2-e4e9c536d10f,1785285327525,sender -> receiver,0,True,1785285328259,734,0,False
76a2de1c-0786-503c-be65-4e63e4d94123,1785285328536,sender -> receiver,0,True,1785285329299,763,0,False
6c9141cc-7ca5-5b49-a0f3-569f1fe8c6b6,1785285328540,sender -> receiver,0,True,1785285329323,783,0,False
0b9bfba8-5e40-5b9f-9dc0-167f0a4c0257,1785285329518,sender -> receiver,0,True,1785285330219,701,0,False
bc0b99e3-0f40-521b-8731-42db11e81fb3,1785285330548,sender -> receiver,0,True,1785285331266,718,0,False
74888724-87a7-5afe-b720-34f10b85879c,1785285330552,sender -> receiver,0,True,1785285331281,729,0,False
512e1964-b41b-58b7-b3bd-ee08aefe3026,1785285331523,sender -> receiver,0,True,1785285332245,722,0,False
8a5ca130-823e-5953-821c-3a8e9a65e453,1785285331527,sender -> receiver,0,True,1785285332277,750,0,False
3df2dd0c-5810-581d-a6e0-a315d5fa98f0,1785285332527,sender -> receiver,0,True,1785285333230,703,0,False
94add482-c826-532f-aa57-0ccb1a218e9b,1785285332529,sender -> receiver,0,True,1785285333253,724,0,False
15f61a9c-8496-59ca-9861-e4773e26173f,1785285333515,sender -> receiver,0,True,1785285334225,710,0,False
33024bcb-aa1b-5b85-b733-5db3aa734946,1785285334517,sender -> receiver,0,True,1785285335276,759,0,False
7772e99e-4f82-56fb-8a01-4037130c827f,1785285334519,sender -> receiver,0,True,1785285335294,775,0,False
77c036b3-0635-5ee4-9e29-3373886721db,1785285335528,sender -> receiver,0,True,1785285336246,718,0,False
3b1bc3bf-761b-5238-adf5-9ae2327af51b,1785285335531,sender -> receiver,0,True,1785285336266,735,0,False
eb9383b5-1a5e-5737-9769-9c46e40ff0d4,1785285336516,sender -> receiver,0,True,1785285337220,704,0,False
5326c39d-2d28-58c0-93c7-91ba51d00149,1785285336519,sender -> receiver,0,True,1785285337264,745,0,False
1eca08aa-0340-5e22-b9d5-9b394c33f9ef,1785285337516,sender -> receiver,0,True,1785285338236,720,0,False
fd8ac314-4ccf-50f6-864b-306d516a1bfd,1785285337519,sender -> receiver,0,True,1785285338270,751,0,False
9323cf01-a964-5b16-95e1-1513ef75b7e6,1785285338528,sender -> receiver,0,True,1785285339265,737,0,False
158430cb-d301-5fad-a688-335fc91518fe,1785285339531,sender -> receiver,0,True,1785285340260,729,0,False
8c4954d3-10e1-565e-8095-125e6297fb9a,1785285339553,sender -> receiver,0,True,1785285340273,720,0,False
aedc9b65-dc9c-58a5-ab4b-8ad8d8b6350f,1785285340530,sender -> receiver,0,True,1785285341235,705,0,False
cdd73a68-6507-5c05-abcc-7d20955bbf66,1785285340534,sender -> receiver,0,True,1785285341251,717,0,False
6484a7e6-68da-5fa5-bc2c-3a2271cd4377,1785285341529,sender -> receiver,0,True,1785285342234,705,0,False
bc32684a-2dcf-5f1a-b4d4-2a1023819e2c,1785285341532,sender -> receiver,0,True,1785285342260,728,0,False
440b9d12-0413-53ca-bbbd-8c8180e724f4,1785285342529,sender -> receiver,0,True,1785285343292,763,0,False
16008fd6-eab9-593c-810a-40b4a29224b4,1785285342531,sender -> receiver,0,True,1785285343305,774,0,False
8f8658ae-857d-51a8-acad-ba069cf3aa11,1785285343518,sender -> receiver,0,True,1785285344260,742,0,False
f86584d3-ffa9-5646-aeed-2e835bc1bd35,1785285344551,sender -> receiver,0,True,1785285345305,754,0,False
f3bc5bd7-bf18-57b8-ae5f-f288c3168dab,1785285344556,sender -> receiver,0,True,1785285345320,764,0,False
fdcbd2f7-5c3f-54a3-a9e9-f7e8a67257c5,1785285345543,sender -> receiver,0,True,1785285346284,741,0,False
ab63d0ab-1c4f-50a8-b935-d54a548e34df,1785285345569,sender -> receiver,0,True,1785285346315,746,0,False
3eae6a6c-6848-50c3-8bcd-283aaee99f38,1785285346518,sender -> receiver,0,True,1785285347230,712,0,False
fe02fa55-a5ab-5ec8-a0d5-fcc3ce42103d,1785285346521,sender -> receiver,0,True,1785285347247,726,0,False
d8a557a1-40b2-5ba0-a661-05ffc087d94f,1785285347523,sender -> receiver,0,True,1785285348268,745,0,False
885032f1-f1de-5597-a2e9-4478be0ba91a,1785285387712,sender -> receiver,0,True,1785285388431,719,0,False
a26ce58b-f42e-5c8b-b6a9-6ff18c4fca3e,1785285387718,sender -> receiver,0,True,1785285388443,725,0,False
9d6981e5-0e64-5aa2-8a74-2e80bda9711c,1785285388710,sender -> receiver,0,True,1785285389433,723,0,False
d9faf84a-ea48-5d7a-8685-fa0afa1320ef,1785285388712,sender -> receiver,0,True,1785285389450,738,0,False
e7d899c7-5f84-54b0-aed0-ac18aa450b59,1785285389729,sender -> receiver,0,True,1785285390456,727,0,False
b607a568-d82b-5143-be32-0bb30961b152,1785285389731,sender -> receiver,0,True,1785285390512,781,0,False
0053ca6d-a5e4-5e5a-9f88-b5c250ddeffd,1785285390714,sender -> receiver,0,True,1785285391423,709,0,False
a8744622-26ce-5b28-9ecb-076096f20bbe,1785285390717,sender -> receiver,0,True,1785285391437,720,0,False
28ceb3b3-295e-5c57-a095-bc417d580bc6,1785285391725,sender -> receiver,0,True,1785285392435,710,0,False
1872bf99-fe26-53c3-9253-07b52164b54d,1785285392738,sender -> receiver,0,True,1785285393431,693,0,False
387d6aae-cda8-558c-86e4-562d7bdf6aaa,1785285392744,sender -> receiver,0,True,1785285393451,707,0,False
ff935d86-4758-5327-a6a2-d6e6dde0f177,1785285393712,sender -> receiver,0,True,1785285394423,711,0,False
93f73f69-ac01-54d4-9ecf-73662cb0bc15,1785285393716,sender -> receiver,0,True,1785285394444,728,0,False
45512d09-e064-5930-8df7-e4defb9768e7,1785285394710,sender -> receiver,0,True,1785285395415,705,0,False
7b35e241-714e-5c43-b8cc-651541d791c9,1785285394713,sender -> receiver,0,True,1785285395461,748,0,False
31d4c0bc-ef96-51b4-b9d9-3ffe22fafade,1785285395710,sender -> receiver,0,True,1785285396441,731,0,False
4a88ce7b-4f27-5a91-9ffb-7fc601d4cd93,1785285395712,sender -> receiver,0,True,1785285396455,743,0,False
23d17ec2-3827-55a8-ac7c-b20d94bd9822,1785285396698,sender -> receiver,0,True,1785285397390,692,0,False
2a6d1813-d399-5f35-a848-40db72ee008e,1785285397718,sender -> receiver,0,True,1785285398425,707,0,False
b7de6a25-e98a-5ee0-9abc-bd55e54d60c5,1785285397728,sender -> receiver,0,True,1785285398445,717,0,False
d5aba58a-4e88-5ef3-b6b7-6ae439abc60c,1785285398707,sender -> receiver,0,True,1785285399418,711,0,False
74471019-99bc-558b-a351-a09e5323b8c3,1785285398709,sender -> receiver,0,True,1785285399437,728,0,False
e4ba2e7c-a015-5d57-a42b-258db13c59d6,1785285399697,sender -> receiver,0,True,1785285400412,715,0,False
ce8bfd0d-5130-5404-8a3a-42630024f319,1785285399699,sender -> receiver,0,True,1785285400423,724,0,False
cdda61db-756e-5502-82ce-d1aa6fa13641,1785285400698,sender -> receiver,0,True,1785285401414,716,0,False
d57cadf1-25e6-52c8-8e97-8653fbf9c5b4,1785285401705,sender -> receiver,0,True,1785285402445,740,0,False
f685d37b-85c1-5a8c-aa0a-7dadd6a3ed53,1785285401709,sender -> receiver,0,True,1785285402460,751,0,False
6562b5fa-6b2d-550b-97ee-3e33429a83ab,1785285402706,sender -> receiver,0,True,1785285403427,721,0,False
7dda7677-ed05-5e9b-996e-79b794c07571,1785285402709,sender -> receiver,0,True,1785285403449,740,0,False
eb6a773a-984c-566a-b86b-4d2cd750a1c7,1785285403706,sender -> receiver,0,True,1785285404509,803,0,False
e71547f5-ff08-5aee-a7fa-8b30a4a7cd44,1785285403708,sender -> receiver,0,True,1785285404522,814,0,False
d4dab50d-6638-55e2-9ee0-5065cc372faa,1785285404710,sender -> receiver,0,True,1785285405461,751,0,False
6f73631a-185f-5324-b7e0-f714556e4535,1785285404714,sender -> receiver,0,True,1785285405486,772,0,False
7ea9d09a-3b53-5673-acb1-7be096e98327,1785285405700,sender -> receiver,0,True,1785285406435,735,0,False
db2ca0d4-bcc3-5fd0-8d5c-0f3eae3d564c,1785285406734,sender -> receiver,0,True,1785285407432,698,0,False
4c71d567-5a11-5a9c-bd73-707620743838,1785285406744,sender -> receiver,0,True,1785285407506,762,0,False
15f38a0e-9615-5a13-bb71-5ef176108bc4,1785285407707,sender -> receiver,0,True,1785285408427,720,0,False
aea52fca-e85e-59a0-bc37-ce442a0cddc0,1785285407710,sender -> receiver,0,True,1785285408517,807,0,False
aaad23bb-d50a-5216-a1ff-1e9f6c835318,1785285408732,sender -> receiver,0,True,1785285409471,739,0,False
64c0e8eb-819b-5651-9314-6996bd77c7c6,1785285408737,sender -> receiver,0,True,1785285409487,750,0,False
985a4aa6-8c8f-51a3-bcd0-838a6a7b6076,1785285409755,sender -> receiver,0,True,1785285410485,730,0,False
99ff390e-d807-5cde-9bfa-095b3c89db6c,1785285409763,sender -> receiver,0,True,1785285410500,737,0,False
b502af65-b3eb-5004-9ca2-bc947bbbd1a5,1785285410719,sender -> receiver,0,True,1785285411438,719,0,False
03d6b995-fe11-5cf0-a01c-e3b05e8c3c3b,1785285411711,sender -> receiver,0,True,1785285412464,753,0,False
030e2cab-4855-55ec-ae1f-6ac45ee9c99c,1785285411716,sender -> receiver,0,True,1785285412524,808,0,False
ec475110-c14e-5920-b812-f7ee9ecf8194,1785285412713,sender -> receiver,0,True,1785285413449,736,0,False
871e5375-9e47-5a4c-b024-c141f6f75859,1785285412715,sender -> receiver,0,True,1785285413461,746,0,False
4856a0aa-b65b-510f-9575-696a2e1e144a,1785285413702,sender -> receiver,0,True,1785285414408,706,0,False
edcd2548-1bff-5c9e-91c5-33d918cf3ea6,1785285413705,sender -> receiver,0,True,1785285414425,720,0,False
6971bd02-9039-5b1f-a79f-3b601f9f97fc,1785285414701,sender -> receiver,0,True,1785285415394,693,0,False
a2b1727a-b1e6-5be1-babf-0561f41a7d83,1785285415729,sender -> receiver,0,True,1785285416432,703,0,False
00b10f1c-6f2e-5c3d-877a-a98016d7efe1,1785285415736,sender -> receiver,0,True,1785285416451,715,0,False
69eb4309-a5a0-5e2d-b77c-090810329e9d,1785285416745,sender -> receiver,0,True,1785285417480,735,0,False
ab20622c-2057-5521-a835-95af0ae4aecf,1785285416752,sender -> receiver,0,True,1785285417492,740,0,False
54046683-ea79-5695-a8af-4fa940cdc23c,1785285417730,sender -> receiver,0,True,1785285418455,725,0,False
f8bc571e-69aa-5176-a093-078948c13775,1785285417738,sender -> receiver,0,True,1785285418531,793,0,False
2a5f4f3b-55c8-595a-9b8c-acd5fbf7ebc5,1785285418720,sender -> receiver,0,True,1785285419434,714,0,False
1ec0b93e-7501-55b1-998f-7b69af649093,1785285418728,sender -> receiver,0,True,1785285419450,722,0,False
9317825b-b1dd-5eda-b1c8-a614521f196d,1785285419704,sender -> receiver,0,True,1785285420487,783,0,False
88961aab-7503-5de5-bc9e-c8cb7330fb38,1785285420705,sender -> receiver,0,True,1785285421436,731,0,False
69b013e9-264f-5ef9-9385-b83aac1fa1e8,1785285420707,sender -> receiver,0,True,1785285421460,753,0,False
f9e59857-8d5c-5dc9-a863-4d0575852f21,1785285421718,sender -> receiver,0,True,1785285422416,698,0,False
df8311ed-38d8-5c95-a26e-de28b5d7c083,1785285421723,sender -> receiver,0,True,1785285422477,754,0,False
dfedafd2-5c6a-5347-9518-c1b5918c085c,1785285422741,sender -> receiver,0,True,1785285423454,713,0,False
60ea9912-23e9-50c6-b6c0-125023355858,1785285422746,sender -> receiver,0,True,1785285423481,735,0,False
38c1b295-1321-5f7f-baac-0689d69217f6,1785285423706,sender -> receiver,0,True,1785285424438,732,0,False
1d6ed86f-8c99-515b-86eb-502543d4c722,1785285423713,sender -> receiver,0,True,1785285424457,744,0,False
c714be3b-a45e-54c0-a373-0839fb3d4f33,1785285424698,sender -> receiver,0,True,1785285425493,795,0,False
1380a694-c76d-5e84-a174-b7f6f985b1c1,1785285425713,sender -> receiver,0,True,1785285426411,698,0,False
c2182f9a-9c06-5695-88c9-cbab22898c11,1785285425716,sender -> receiver,0,True,1785285426428,712,0,False
93503965-72f7-5cf4-8d34-41a31812723c,1785285426712,sender -> receiver,0,True,1785285427407,695,0,False
0e26de5f-3b7a-5ed2-af19-cb4103908b2d,1785285426718,sender -> receiver,0,True,1785285427425,707,0,False
cad86882-b854-5b60-a3a4-82a8d33b4009,1785285427731,sender -> receiver,0,True,1785285428459,728,0,False
0e057fd8-06f1-5c85-b5a1-ed35a1d2286a,1785285427737,sender -> receiver,0,True,1785285428474,737,0,False
c04ae8a8-acfe-5391-9f21-571f87763f20,1785285428705,sender -> receiver,0,True,1785285429440,735,0,False
e28bb64d-48ee-564d-8dd9-c860934a56bf,1785285429733,sender -> receiver,0,True,1785285430421,688,0,False
b450a278-5d56-5bba-8c44-9cbdab3c6a08,1785285429738,sender -> receiver,0,True,1785285430465,727,0,False
5fea3c8d-d536-50c3-b879-34d06b6bf34f,1785285430706,sender -> receiver,0,True,1785285431410,704,0,False
fbc7daa5-424d-563b-b97a-298925e2ff84,1785285430708,sender -> receiver,0,True,1785285431456,748,0,False
52c28888-0396-547b-bc87-f34f33fcd8ce,1785285431735,sender -> receiver,0,True,1785285432457,722,0,False
4c871dfa-8caf-527d-b904-0513fd5edbc6,1785285431744,sender -> receiver,0,True,1785285432467,723,0,False
1cd3dc55-5193-5206-baf0-3499bade6fd8,1785285432712,sender -> receiver,0,True,1785285433436,724,0,False
35278777-68fb-5b64-bd0d-4375818b01ab,1785285432719,sender -> receiver,0,True,1785285433456,737,0,False
39763583-7f16-5233-99cf-d21705992c5e,1785285433707,sender -> receiver,0,True,1785285434424,717,0,False
616082e2-337c-59c9-8eb3-b574198dc6c0,1785285434736,sender -> receiver,0,True,1785285435489,753,0,False
ddc61cb5-6ddf-533f-87fb-526010637697,1785285434740,sender -> receiver,0,True,1785285435503,763,0,False
8c30bdd5-d30f-52de-864e-27ebfe4d7b0f,1785285435717,sender -> receiver,0,True,1785285436448,731,0,False
2b77b84b-613f-5766-b674-7a36406b4541,1785285435726,sender -> receiver,0,True,1785285436462,736,0,False
6ab4ec43-0c16-5889-a8aa-c849eb6ed747,1785285436717,sender -> receiver,0,True,1785285437440,723,0,False
998faab2-9f08-514c-9210-624016404e9b,1785285436720,sender -> receiver,0,True,1785285437460,740,0,False
d7400e48-76ca-535f-9071-dbabb4d7eeda,1785285437707,sender -> receiver,0,True,1785285438493,786,0,False
9c3ea365-e16e-5336-9a0b-a944715e9f67,1785285437709,sender -> receiver,0,True,1785285438544,835,0,False
2613f895-5432-53bf-9c4f-d6f7ed26b9a4,1785285438725,sender -> receiver,0,True,1785285439487,762,0,False
fc945d61-7863-50c1-a070-de30643af73b,1785285439711,sender -> receiver,0,True,1785285440409,698,0,False
895de685-9402-5ca1-8514-08e9ddd49637,1785285439721,sender -> receiver,0,True,1785285440432,711,0,False
479d382f-0f90-5fdf-a6e2-65a55356386d,1785285440714,sender -> receiver,0,True,1785285441456,742,0,False
48c51fa3-5735-55a0-aa1b-4ef02f4066cd,1785285440717,sender -> receiver,0,True,1785285441472,755,0,False
e6fa812f-4a69-5809-8244-0aab276f88a5,1785285441714,sender -> receiver,0,True,1785285442456,742,0,False
4c1872ed-f3d2-52a4-a284-e7a4e46917b6,1785285441721,sender -> receiver,0,True,1785285442466,745,0,False
8a99fb61-05c9-5afb-90f9-0a1b536933df,1785285442705,sender -> receiver,0,True,1785285443424,719,0,False
d9c41d86-d21f-5e7a-b8f5-78dc1ecf6c05,1785285484392,sender -> receiver,0,True,1785285485107,715,0,False
72e2c591-c7be-57bc-bda7-ddb19239da38,1785285484398,sender -> receiver,0,True,1785285485116,718,0,False
3700b220-375e-564d-8f19-a3101092923a,1785285485404,sender -> receiver,0,True,1785285486125,721,0,False
de980161-06b2-52a4-9adf-61a5a8d3fdcb,1785285485412,sender -> receiver,0,True,1785285486176,764,0,False
2a4953ac-73ab-50fb-8418-4df07834a4e2,1785285486415,sender -> receiver,0,True,1785285487121,706,0,False
556bf13e-4909-5403-a572-402fede08f45,1785285486420,sender -> receiver,0,True,1785285487140,720,0,False
751eaffe-af60-5664-934f-f0743542b1ef,1785285487403,sender -> receiver,0,True,1785285488106,703,0,False
3aab06dc-3f95-53a5-8f73-dc8570192b0c,1785285487431,sender -> receiver,0,True,1785285488162,731,0,False
624c709a-c419-57b2-8c3b-89774e616af9,1785285488414,sender -> receiver,0,True,1785285489149,735,0,False
4242dfb8-5a97-5935-b59b-022444ec82c6,1785285488420,sender -> receiver,0,True,1785285489192,772,0,False
49ba1898-85eb-591d-a464-53c986aab6b3,1785285489419,sender -> receiver,0,True,1785285490178,759,0,False
2b5d242a-e023-5144-89dc-e7d047a4c799,1785285489423,sender -> receiver,0,True,1785285490198,775,0,False
d929291c-3cbc-5120-a949-50f4b12dda37,1785285490398,sender -> receiver,0,True,1785285491141,743,0,False
beceaa29-7481-5905-bda7-f36d1a734fd5,1785285491404,sender -> receiver,0,True,1785285492119,715,0,False
b24679c9-ea80-5486-92d7-a57003dbba18,1785285491406,sender -> receiver,0,True,1785285492128,722,0,False
4c4e7cd9-a768-562f-879e-261a3c838744,1785285492410,sender -> receiver,0,True,1785285493160,750,0,False
fd743962-0698-59df-8233-272d22dc0e6a,1785285492435,sender -> receiver,0,True,1785285493181,746,0,False
4e30ff7e-8718-53ea-97ea-4610a99957b9,1785285493402,sender -> receiver,0,True,1785285494092,690,0,False
511c683d-ebd4-5773-bc91-e081d284f9d6,1785285493404,sender -> receiver,0,True,1785285494110,706,0,False
edfd866a-fe42-550b-9630-e3cd90a98a28,1785285494433,sender -> receiver,0,True,1785285495126,693,0,False
f40ebb67-a1e1-5efe-ab8c-953c553cfb77,1785285494440,sender -> receiver,0,True,1785285495169,729,0,False
98a1fea7-0891-5047-847b-46b049319f58,1785285495427,sender -> receiver,0,True,1785285496131,704,0,False
91f67194-ca5a-5f5b-927a-d9c728128f70,1785285495472,sender -> receiver,0,True,1785285496185,713,0,False
01799a07-3f51-53a8-904d-3376d746b09e,1785285496404,sender -> receiver,0,True,1785285497110,706,0,False
75c17f7a-9a27-585a-a9b8-62d688dc153a,1785285496407,sender -> receiver,0,True,1785285497128,721,0,False
e1575e74-f151-59e0-ba3c-8b3cab67a1f7,1785285497411,sender -> receiver,0,True,1785285498096,685,0,False
0043f57b-265d-519d-8013-a8d7fe0812b5,1785285498428,sender -> receiver,0,True,1785285499129,701,0,False
d23017f8-a4dc-5646-b3ce-0aa7c5ddf09d,1785285498434,sender -> receiver,0,True,1785285499139,705,0,False
b15d2883-4976-55c9-875f-cbc1f9e1a87e,1785285499432,sender -> receiver,0,True,1785285500126,694,0,False
1920b0da-021c-57ea-9429-2e8bdf45bdef,1785285499437,sender -> receiver,0,True,1785285500143,706,0,False
277e2c41-958d-5501-bd84-f97f550365c7,1785285500435,sender -> receiver,0,True,1785285501129,694,0,False
39ac01c9-0d1e-5d2e-8ca9-98994ca7525e,1785285500441,sender -> receiver,0,True,1785285501170,729,0,False
7867371d-59a4-5270-be4c-312e5a3b655f,1785285501418,sender -> receiver,0,True,1785285502132,714,0,False
da3c8948-0630-5f15-b506-b29517b75a05,1785285501430,sender -> receiver,0,True,1785285502146,716,0,False
50cd2ec9-3d41-5022-91d2-85bffae53b70,1785285502435,sender -> receiver,0,True,1785285503190,755,0,False
dc77f4b8-2f4d-5f8d-bcf7-27991c6e867a,1785285502440,sender -> receiver,0,True,1785285503209,769,0,False
6bffc197-b8b9-5c02-b6dd-5a9a4822c646,1785285503419,sender -> receiver,0,True,1785285504135,716,0,False
bfdaf811-bc14-58f4-b993-c8228fe35391,1785285503422,sender -> receiver,0,True,1785285504150,728,0,False
29e08e59-7ff1-50a4-b05b-2a9793af5d46,1785285504419,sender -> receiver,0,True,1785285505130,711,0,False
b6cb7d6c-2d46-53a9-8077-9c96b3a3da9c,1785285505422,sender -> receiver,0,True,1785285506173,751,0,False
ab13d0fb-8bd9-57cf-8b64-348c30588e91,1785285505431,sender -> receiver,0,True,1785285506199,768,0,False
e181f19b-8b7b-5080-906f-028f29662d7d,1785285506438,sender -> receiver,0,True,1785285507159,721,0,False
fe399ae0-ea2d-5769-96a7-66156e7174d0,1785285506443,sender -> receiver,0,True,1785285507181,738,0,False
172fea12-0aa7-5705-af4a-e8c4ac4cde01,1785285507420,sender -> receiver,0,True,1785285508136,716,0,False
ecc95eb7-22a9-5c29-9829-66231d8b1679,1785285507424,sender -> receiver,0,True,1785285508156,732,0,False
5db800a3-1909-561d-b64e-687a8905bc76,1785285508424,sender -> receiver,0,True,1785285509124,700,0,False
0b6d5e9b-8399-5bec-93b8-c5276659b81e,1785285508427,sender -> receiver,0,True,1785285509141,714,0,False
6491084b-0e10-51d0-a8bc-aa9ad6f69d4f,1785285509405,sender -> receiver,0,True,1785285510115,710,0,False
e7c728da-2199-54a3-8849-babafdf6c688,1785285509429,sender -> receiver,0,True,1785285510138,709,0,False
3573ef5a-d735-57b4-ab3d-8a07e4fbe776,1785285510433,sender -> receiver,0,True,1785285511159,726,0,False
7661656f-8cb2-5e8b-9fd4-75791809725b,1785285511406,sender -> receiver,0,True,1785285512103,697,0,False
9b732a9f-bdcd-50d2-a54b-4823b072b03e,1785285511422,sender -> receiver,0,True,1785285512153,731,0,False
a68183c1-4c9c-5e3b-9d40-86635e814882,1785285512418,sender -> receiver,0,True,1785285513124,706,0,False
786509de-74be-5f27-8ff1-95206ef14177,1785285512422,sender -> receiver,0,True,1785285513137,715,0,False
c283e568-e806-5f36-85f1-671983a0db74,1785285513397,sender -> receiver,0,True,1785285514156,759,0,False
0a0b7347-67e0-50a1-b030-58610eaaeef9,1785285513415,sender -> receiver,0,True,1785285514166,751,0,False
ad9c20f0-8582-50b6-8370-983a108fe0a0,1785285514411,sender -> receiver,0,True,1785285515120,709,0,False
8c2f2404-0dbb-5ea0-bbf3-d0b55f918e73,1785285514448,sender -> receiver,0,True,1785285515139,691,0,False
34ccaab0-4000-5ba0-985c-c3ade9893eda,1785285515431,sender -> receiver,0,True,1785285516203,772,0,False
eef5c8b1-2928-531e-b430-30ec05013973,1785285515438,sender -> receiver,0,True,1785285516226,788,0,False
f527dcc9-d28f-5322-9348-e0c7af16d8d1,1785285516405,sender -> receiver,0,True,1785285517132,727,0,False
e8d0e082-af03-56a3-8d7e-5fcbc49dfc6d,1785285516423,sender -> receiver,0,True,1785285517150,727,0,False
89a2ab7a-f029-59ad-be99-0cf82b9215a6,1785285517397,sender -> receiver,0,True,1785285518130,733,0,False
5aeca9ae-3f2e-5e0f-9b3d-50547909c840,1785285518414,sender -> receiver,0,True,1785285519113,699,0,False
ceebddb4-2632-5574-8b4a-cda141dce52c,1785285518418,sender -> receiver,0,True,1785285519131,713,0,False
40936c89-7a6c-5770-a2df-541ac11ff9b0,1785285519408,sender -> receiver,0,True,1785285520134,726,0,False
b4d91e92-1ace-5716-9be9-a0d05b6d9b2c,1785285519412,sender -> receiver,0,True,1785285520151,739,0,False
4e00a056-a74b-55f7-8f72-349a3f574aee,1785285520414,sender -> receiver,0,True,1785285521154,740,0,False
4e9cb4e8-5afd-50ba-b319-e14c35a31370,1785285520418,sender -> receiver,0,True,1785285521175,757,0,False
2b3d435b-6d27-539e-a982-750914d709fe,1785285521412,sender -> receiver,0,True,1785285522147,735,0,False
1cd58609-2595-55ca-8399-3ba16c83b2b6,1785285521418,sender -> receiver,0,True,1785285522168,750,0,False
c5c778da-c239-5aad-8822-fd44365b6f1e,1785285522438,sender -> receiver,0,True,1785285523133,695,0,False
a9f8dc4a-f605-5f70-8f16-6188b298f863,1785285522444,sender -> receiver,0,True,1785285523197,753,0,False
6ab07e36-17a6-5b75-b8ce-f5924ac59af1,1785285523414,sender -> receiver,0,True,1785285524122,708,0,False
c90d7448-f49e-5411-8f3f-6fd1b6b3c995,1785285523419,sender -> receiver,0,True,1785285524143,724,0,False
f77803e7-07f8-52b2-b137-d899137dca4e,1785285524425,sender -> receiver,0,True,1785285525144,719,0,False
5457fb11-5302-5c8d-9a6d-6f712af645b0,1785285525424,sender -> receiver,0,True,1785285526136,712,0,False
f4541975-af40-5e52-9fdb-24105a1e2645,1785285525448,sender -> receiver,0,True,1785285526154,706,0,False
73d7de7a-7bbb-518d-b3f5-a8d861421a51,1785285526404,sender -> receiver,0,True,1785285527132,728,0,False
46eefb39-564b-5133-ac0f-8b99974f99f7,1785285526414,sender -> receiver,0,True,1785285527156,742,0,False
90ced07f-b7bf-5276-9749-d06fe93ab245,1785285527412,sender -> receiver,0,True,1785285528129,717,0,False
0da79752-34f4-53ac-8a42-3b3998d8786d,1785285527417,sender -> receiver,0,True,1785285528152,735,0,False
72eef267-7082-5260-81a7-f29b953610cd,1785285528405,sender -> receiver,0,True,1785285529110,705,0,False
0fcb1911-2d75-50e6-87e8-aa1320d535d8,1785285528422,sender -> receiver,0,True,1785285529123,701,0,False
542e0922-c9c4-501a-8e77-e40cdc3eb614,1785285529404,sender -> receiver,0,True,1785285530096,692,0,False
00fcc8c2-f175-5d38-86e5-dc5c2017f037,1785285529406,sender -> receiver,0,True,1785285530179,773,0,False
25cd7f02-d6b3-5db8-ae5f-e13ced01e294,1785285530457,sender -> receiver,0,True,1785285531194,737,0,False
163e939c-9b74-516a-8d8b-b6972299a734,1785285530461,sender -> receiver,0,True,1785285531217,756,0,False
6c702459-3076-5518-bb6b-89f737286334,1785285531396,sender -> receiver,0,True,1785285532118,722,0,False
182e17fc-0a03-5c4f-8dfd-5cc07fc98925,1785285532412,sender -> receiver,0,True,1785285533109,697,0,False
b3411bf1-30bb-5a6a-8ff1-49e17318f208,1785285532418,sender -> receiver,0,True,1785285533149,731,0,False
d8e77de4-8fc8-56bb-98f4-7d789c44e688,1785285533409,sender -> receiver,0,True,1785285534102,693,0,False
9da7b851-79de-58c1-bcad-2d4987936091,1785285533434,sender -> receiver,0,True,1785285534121,687,0,False
c6be9287-1bd9-5a8a-ba8c-0294bc7b213d,1785285534412,sender -> receiver,0,True,1785285535132,720,0,False
f6e24302-f816-5c74-8f4b-4c6df51f58c8,1785285534415,sender -> receiver,0,True,1785285535186,771,0,False
fc9b5530-5218-5260-bc93-be1263f5a8d9,1785285535410,sender -> receiver,0,True,1785285536121,711,0,False
2dfc92ed-e399-5731-8923-cf458391223b,1785285535414,sender -> receiver,0,True,1785285536133,719,0,False
25e84160-6412-5868-bfb6-4990b456f3dc,1785285536399,sender -> receiver,0,True,1785285537145,746,0,False
154ac4f8-3d11-5cbb-b86b-9eb504eaf27c,1785285536402,sender -> receiver,0,True,1785285537157,755,0,False
689ecbc8-c12f-5dca-99f2-8be04bdd99c5,1785285537399,sender -> receiver,0,True,1785285538110,711,0,False
dd031240-97fd-54a2-bd37-23f426fbbd6d,1785285578125,sender -> receiver,0,True,1785285578846,721,0,False
1c3a055b-e10a-5ad6-9472-0f41999d258a,1785285578127,sender -> receiver,0,True,1785285578860,733,0,False
0e559f8c-f44b-50f0-a0f1-8fffe927844c,1785285579155,sender -> receiver,0,True,1785285579885,730,0,False
dc3e2192-0560-5a9b-8b3b-e2eff0514de1,1785285579162,sender -> receiver,0,True,1785285579904,742,0,False
6a96caf6-01e4-5f1d-89d0-c69dc2f20305,1785285580130,sender -> receiver,0,True,1785285580857,727,0,False
1ec5858f-77cf-5cfc-b212-b277e4b48316,1785285580134,sender -> receiver,0,True,1785285580909,775,0,False
d8bc5370-a7f9-57dd-87e0-4d3f79c18ccf,1785285581146,sender -> receiver,0,True,1785285581855,709,0,False
3eefd394-184a-5988-a72f-a05b5513bd2f,1785285581152,sender -> receiver,0,True,1785285581877,725,0,False
0bfae924-fcab-57c2-a645-18e6e1b685cb,1785285582158,sender -> receiver,0,True,1785285582945,787,0,False
3bc6b2bc-7520-5a84-a331-e0d294e5d0bc,1785285583173,sender -> receiver,0,True,1785285583883,710,0,False
a92179be-2ed4-54da-97f0-1673c92735c8,1785285583180,sender -> receiver,0,True,1785285583913,733,0,False
3d428c17-28da-50a5-acfc-e04379545808,1785285584125,sender -> receiver,0,True,1785285584824,699,0,False
99c09919-7085-56f7-960b-3a5e23b5dfc4,1785285584132,sender -> receiver,0,True,1785285584893,761,0,False
5db2ba07-94e2-5063-b559-ec1a9f04d3bd,1785285585149,sender -> receiver,0,True,1785285585850,701,0,False
400e5e9a-651d-508a-8e35-a92e6bc79e41,1785285585154,sender -> receiver,0,True,1785285585870,716,0,False
73271bf6-6996-5f3f-9c17-8a14ab57ed2f,1785285586158,sender -> receiver,0,True,1785285586885,727,0,False
1ad82fe8-e388-5085-8c6c-e68a4fb8e759,1785285586163,sender -> receiver,0,True,1785285586904,741,0,False
7c662f99-1e2f-55c9-b723-43505bbbdfcf,1785285587120,sender -> receiver,0,True,1785285587833,713,0,False
474ba2d7-20f7-5139-b8db-bb94e2bcab22,1785285588123,sender -> receiver,0,True,1785285588817,694,0,False
f24ad5b0-7417-5736-9aa2-942dea7e7780,1785285588125,sender -> receiver,0,True,1785285588833,708,0,False
12e990be-f60d-53cc-8cdd-de3d1423563e,1785285589133,sender -> receiver,0,True,1785285589899,766,0,False
ef4a7785-6e55-580d-af66-69bf8f4fe040,1785285589137,sender -> receiver,0,True,1785285589914,777,0,False
b93a96a3-cf17-515d-afc0-ad3e91767537,1785285590159,sender -> receiver,0,True,1785285590903,744,0,False
13d814a6-3de1-5afb-ab21-68d3a404c3d3,1785285590166,sender -> receiver,0,True,1785285590951,785,0,False
67ea681e-45d3-51fb-97a4-2c90d84fe4f8,1785285591120,sender -> receiver,0,True,1785285591845,725,0,False
3ecba25c-d711-5532-85c4-0527677545a0,1785285592117,sender -> receiver,0,True,1785285592834,717,0,False
dee85a9a-5696-5be1-bcfc-7be0338df91d,1785285592119,sender -> receiver,0,True,1785285592848,729,0,False
6150ae26-1274-5ee6-9b2e-5eb4bb79b8f0,1785285593141,sender -> receiver,0,True,1785285593907,766,0,False
5d4775a7-3fd0-508c-9f61-46cc7a612f0c,1785285593147,sender -> receiver,0,True,1785285593954,807,0,False
b41dabcd-0dd7-5146-8ea4-1d0bce0a17a1,1785285594132,sender -> receiver,0,True,1785285594867,735,0,False
3aa87caf-2fe5-5a2b-a938-8e0d84c60073,1785285594136,sender -> receiver,0,True,1785285594889,753,0,False
e84fa6fd-347f-5fe0-bb00-013beb364f11,1785285595142,sender -> receiver,0,True,1785285595850,708,0,False
38527c73-b701-5eaf-b45b-85ae14ffae10,1785285595145,sender -> receiver,0,True,1785285595872,727,0,False
c8915499-b4f0-5357-8460-957451404f82,1785285596127,sender -> receiver,0,True,1785285596841,714,0,False
fbeb11c7-91b8-5569-961d-91b8505b1165,1785285597134,sender -> receiver,0,True,1785285597871,737,0,False
a2356543-1039-5663-8675-10f1713209a0,1785285597142,sender -> receiver,0,True,1785285597895,753,0,False
27e07361-f642-573e-845c-b9cd9b4f075e,1785285598154,sender -> receiver,0,True,1785285598867,713,0,False
e00e8bd1-12fe-5e8b-82e7-fe8c4c9cabfc,1785285598162,sender -> receiver,0,True,1785285598892,730,0,False
b656e1ae-5a50-5841-9244-43e3a3295fcb,1785285599144,sender -> receiver,0,True,1785285599853,709,0,False
8541294b-dd62-5cc1-aedd-841c2e6817a4,1785285599150,sender -> receiver,0,True,1785285599865,715,0,False
d703d286-cc61-50c5-8f21-bef32c61cb29,1785285600126,sender -> receiver,0,True,1785285600845,719,0,False
849568c9-d557-5037-bfaa-875ed559f88a,1785285600130,sender -> receiver,0,True,1785285600873,743,0,False
dcb150c4-a3ff-5d22-89e7-9832d72546f1,1785285601124,sender -> receiver,0,True,1785285601874,750,0,False
2b709ea7-bce6-5795-a86d-b2bf9163c480,1785285602137,sender -> receiver,0,True,1785285602875,738,0,False
22d1c8c8-c4bc-5d54-b03b-e3ccb3f6c0ba,1785285602178,sender -> receiver,0,True,1785285602897,719,0,False
0580f878-941d-5af4-8639-ebc20d9df5e0,1785285603142,sender -> receiver,0,True,1785285603889,747,0,False
6123bfc5-8e40-5c67-9c75-a0884cc90a27,1785285603147,sender -> receiver,0,True,1785285603906,759,0,False
11cae1a7-838a-5d34-9974-13e7a9b11ad2,1785285604130,sender -> receiver,0,True,1785285604853,723,0,False
dfbea686-c85b-5952-892b-a33f1639f716,1785285604132,sender -> receiver,0,True,1785285604885,753,0,False
11921cce-73a2-5bfe-9168-b26d67010d8a,1785285605135,sender -> receiver,0,True,1785285605830,695,0,False
4d7fa6a4-8f61-55f0-a6b7-2cd556a44438,1785285606132,sender -> receiver,0,True,1785285606863,731,0,False
e6e47f8b-7a03-5e89-bc09-0c0c94a719a5,1785285606134,sender -> receiver,0,True,1785285606918,784,0,False
ef28d945-7e9e-5298-aabb-d62191933687,1785285607147,sender -> receiver,0,True,1785285607867,720,0,False
cbf8301d-0bb1-5c19-b941-83f01b712032,1785285607152,sender -> receiver,0,True,1785285607886,734,0,False
f9c0c1a7-ce95-53f0-9fe3-0bf52d475105,1785285608124,sender -> receiver,0,True,1785285608861,737,0,False
53723cf7-5181-5f99-9513-826d9b80aa33,1785285608126,sender -> receiver,0,True,1785285608888,762,0,False
2a5d13c1-2136-5c42-8b2a-2ac510c3a8cb,1785285609128,sender -> receiver,0,True,1785285609850,722,0,False
5fe01ffc-4efb-555e-ba79-2cdc7e5fad94,1785285609135,sender -> receiver,0,True,1785285609900,765,0,False
57e08806-3de2-5c01-b204-bec953ce1152,1785285610114,sender -> receiver,0,True,1785285610825,711,0,False
36602b9f-f1ca-5eb0-9fc6-848f550690d5,1785285611133,sender -> receiver,0,True,1785285611877,744,0,False
b29404a5-f22e-5efd-bef0-d3e202d4bb5c,1785285611136,sender -> receiver,0,True,1785285611909,773,0,False
ae58916f-d89b-5c38-8f9f-1f0cfb51cc8e,1785285612154,sender -> receiver,0,True,1785285612871,717,0,False
bd9d4eeb-f83c-5dc0-ae7a-5ae814c68f3c,1785285612160,sender -> receiver,0,True,1785285612886,726,0,False
8440f0bf-ec05-5efd-b509-160742af21d0,1785285613145,sender -> receiver,0,True,1785285613874,729,0,False
f615f4a5-67c0-54c5-ae10-4f7eadb81c30,1785285613150,sender -> receiver,0,True,1785285613890,740,0,False
3ca5490d-d9a1-5f98-a091-397e3c1a5e9d,1785285614146,sender -> receiver,0,True,1785285614881,735,0,False
f1893d4c-c369-54ae-8e76-9f4a0ef0a2b3,1785285614152,sender -> receiver,0,True,1785285614894,742,0,False
de2225ca-5f95-53af-abbb-7e95abd06dd7,1785285615118,sender -> receiver,0,True,1785285615823,705,0,False
94c3fe09-125a-5d7c-930f-351a184994f2,1785285616130,sender -> receiver,0,True,1785285616873,743,0,False
ed2d3b4a-aa40-5e0a-898b-a4f67546bc62,1785285616133,sender -> receiver,0,True,1785285616900,767,0,False
c3e7a43e-e719-5666-9d35-31b6efce9703,1785285617128,sender -> receiver,0,True,1785285617854,726,0,False
8cd57fb4-18e8-5b2c-a7a6-e347e4e9b623,1785285617132,sender -> receiver,0,True,1785285617875,743,0,False
2f899c95-7eec-5271-9a12-9b3bf8221c4f,1785285618135,sender -> receiver,0,True,1785285618837,702,0,False
13cbf44b-49af-56a3-b7ca-e349a203c5dc,1785285618139,sender -> receiver,0,True,1785285618856,717,0,False
5308d809-98e5-5486-8ff6-6e04341c83f6,1785285619131,sender -> receiver,0,True,1785285619837,706,0,False
8f603831-b7bd-5d84-a4a2-efbbb132da71,1785285620137,sender -> receiver,0,True,1785285620859,722,0,False
fa99e47a-e8f5-5eb3-b350-4f0f1cfe88b3,1785285620142,sender -> receiver,0,True,1785285620878,736,0,False
7f287b88-4424-5a3d-b3b6-740d94612bc2,1785285621129,sender -> receiver,0,True,1785285621855,726,0,False
5a40832b-bb89-5cd3-8036-d893585cca31,1785285621132,sender -> receiver,0,True,1785285621877,745,0,False
c557b572-fed8-586b-bc5e-ee3afa0d2569,1785285622130,sender -> receiver,0,True,1785285622888,758,0,False
ed616e06-fcce-547a-8d09-a57ebd5d924b,1785285622149,sender -> receiver,0,True,1785285622912,763,0,False
1bc4020b-8a1c-54e6-9947-f01aa67fd966,1785285623145,sender -> receiver,0,True,1785285623948,803,0,False
b776a05b-c487-5582-ac84-7d4d3befb4d8,1785285623149,sender -> receiver,0,True,1785285623966,817,0,False
206f8210-0f69-5940-9a42-d4c2ed9d5261,1785285624144,sender -> receiver,0,True,1785285624884,740,0,False
2a9ac9d1-91f1-5b80-8024-198272452498,1785285625151,sender -> receiver,0,True,1785285625879,728,0,False
652d40c7-8474-5199-89d9-eca49bd65174,1785285625157,sender -> receiver,0,True,1785285625894,737,0,False
58a5cc91-fa30-5291-9492-587039a9869b,1785285626133,sender -> receiver,0,True,1785285626903,770,0,False
a1b1e140-5a17-51b1-8fe3-eb5d5f1930c7,1785285626137,sender -> receiver,0,True,1785285626921,784,0,False
bda8931a-312b-57d2-bcd7-dd4a90a59f62,1785285627123,sender -> receiver,0,True,1785285627839,716,0,False
359fa047-8fb9-5bd7-adee-9399429beede,1785285627126,sender -> receiver,0,True,1785285627893,767,0,False
467f0ac7-7966-5131-9ed5-30ef726f335a,1785285628136,sender -> receiver,0,True,1785285628836,700,0,False
6d24fb40-c48b-5337-b5af-ba7d3f9b0dd4,1785285628145,sender -> receiver,0,True,1785285628889,744,0,False
8a4ba83b-ef3a-54c4-8382-df0e7b5a7a23,1785285629174,sender -> receiver,0,True,1785285629928,754,0,False
56b031e9-7443-541d-983b-3fc390116878,1785285630118,sender -> receiver,0,True,1785285630864,746,0,False
5293e0c6-d0b2-54d8-87e7-d819514028d6,1785285630120,sender -> receiver,0,True,1785285630886,766,0,False
441329ed-af5f-59ac-94bd-56c90823ce63,1785285631187,sender -> receiver,0,True,1785285631883,696,0,False
1137c845-9afd-5dad-ad0d-90b55b86fa77,1785285631193,sender -> receiver,0,True,1785285631897,704,0,False
629dd416-a9e5-5790-8342-e615f292e004,1785285632126,sender -> receiver,0,True,1785285632826,700,0,False
e34031b8-15e8-5f8e-98e4-b27d6566cace,1785285632130,sender -> receiver,0,True,1785285632841,711,0,False
922754d7-4893-5a07-b3f4-80fa2e7e2294,1785285633123,sender -> receiver,0,True,1785285633833,710,0,False
eb8bc849-9789-5bd0-baa7-edf73263b273,1785285672889,sender -> receiver,0,True,1785285673595,706,0,False
532da44a-ab0f-5020-a499-519fb6da3da4,1785285672894,sender -> receiver,0,True,1785285673647,753,0,False
cedafb6c-40e3-553c-855f-dfe8cd6ad13d,1785285673865,sender -> receiver,0,True,1785285674554,689,0,False
10608491-762a-549c-911b-06c6bd96c9a8,1785285673870,sender -> receiver,0,True,1785285674588,718,0,False
6fae40ac-644c-5072-ac2d-8a49de761102,1785285674843,sender -> receiver,0,True,1785285675537,694,0,False
d92e8685-d2a8-5da2-8f13-62f6d6b2eab4,1785285674860,sender -> receiver,0,True,1785285675547,687,0,False
7ef11ae4-cd51-57d4-8a7a-263522f9dba1,1785285675840,sender -> receiver,0,True,1785285676570,730,0,False
af1a1071-143e-5e80-90c2-1d323a5d5fec,1785285675858,sender -> receiver,0,True,1785285676590,732,0,False
12e26553-9190-568b-8b62-b185db1e3a3d,1785285676837,sender -> receiver,0,True,1785285677554,717,0,False
99767c24-2616-57e6-96df-4381e61657e0,1785285677900,sender -> receiver,0,True,1785285678604,704,0,False
eec75922-d5e6-5aab-a828-7b84a1782a22,1785285677905,sender -> receiver,0,True,1785285678631,726,0,False
201e1c7b-a1fa-5ce9-b13e-c85de39d2805,1785285678908,sender -> receiver,0,True,1785285679583,675,0,False
df81f592-7673-59cc-b15a-18bae3e30d5b,1785285678914,sender -> receiver,0,True,1785285679622,708,0,False
30d05e24-e4a4-5d6d-bce4-141bcf5ee033,1785285679840,sender -> receiver,0,True,1785285680574,734,0,False
f622af0c-072e-566a-8592-ac251b6ee993,1785285679847,sender -> receiver,0,True,1785285680594,747,0,False
a392c5a1-2b07-56b2-a7f9-383d4c402777,1785285680887,sender -> receiver,0,True,1785285681604,717,0,False
0ca41375-df98-5ec6-a921-dc711c43fcfa,1785285680892,sender -> receiver,0,True,1785285681620,728,0,False
e3446809-2236-5147-8abd-78d6a214dfb1,1785285681838,sender -> receiver,0,True,1785285682557,719,0,False
3500ae64-cb53-576f-a516-8e185d9f1311,1785285682893,sender -> receiver,0,True,1785285683586,693,0,False
a1cf4150-c890-5acc-91b9-d3a269c28077,1785285682898,sender -> receiver,0,True,1785285683604,706,0,False
d56310db-375f-52f3-9684-2e97f424fd41,1785285683900,sender -> receiver,0,True,1785285684636,736,0,False
148f2189-8a76-5a9e-b464-718a417c476c,1785285683906,sender -> receiver,0,True,1785285684651,745,0,False
40071df1-af55-53c6-a2e5-0bc6f0651d33,1785285684869,sender -> receiver,0,True,1785285685573,704,0,False
092d763d-e6ef-5b5d-aeaa-443f3f883299,1785285684872,sender -> receiver,0,True,1785285685583,711,0,False
94bb406b-ac64-5bf5-992a-1e10d40265cf,1785285685884,sender -> receiver,0,True,1785285686559,675,0,False
63c9c7b7-c1d5-5337-81fd-ab926aaa715d,1785285686854,sender -> receiver,0,True,1785285687544,690,0,False
2f22131f-0e38-5110-afa7-f622eb818f7e,1785285686857,sender -> receiver,0,True,1785285687579,722,0,False
242e4164-e420-5c4f-803a-6905fb211706,1785285687866,sender -> receiver,0,True,1785285688563,697,0,False
a9e66a6e-a633-54c6-b91a-6f540592bfcd,1785285687870,sender -> receiver,0,True,1785285688624,754,0,False
2b0722ea-906a-5234-a781-7d9975c942b5,1785285688891,sender -> receiver,0,True,1785285689587,696,0,False
e095595f-fa18-5bd8-8c55-250ddf0a2b20,1785285688897,sender -> receiver,0,True,1785285689637,740,0,False
ae7286d1-a0ae-5d05-ac33-752a9908ee74,1785285689867,sender -> receiver,0,True,1785285690574,707,0,False
91655ab9-cb2a-53af-9f64-2da4abf5dad0,1785285689871,sender -> receiver,0,True,1785285690603,732,0,False
331de458-3a7e-55f0-acda-87ea47da0030,1785285690850,sender -> receiver,0,True,1785285691593,743,0,False
6faed7cb-dba8-5151-8c51-dfea5aff995d,1785285691869,sender -> receiver,0,True,1785285692586,717,0,False
7639dd22-0856-54df-aa12-6299550d7c5c,1785285691872,sender -> receiver,0,True,1785285692600,728,0,False
0399306e-1d52-5229-8e08-d7232dabb653,1785285692843,sender -> receiver,0,True,1785285693531,688,0,False
71983adc-07a6-586b-9b22-6f7d21f7a538,1785285692846,sender -> receiver,0,True,1785285693545,699,0,False
fe44ea40-11dd-5ae6-aef7-8df9f17627e3,1785285693861,sender -> receiver,0,True,1785285694566,705,0,False
b6e66538-db8b-539e-81b1-e5d6986b34bb,1785285693867,sender -> receiver,0,True,1785285694580,713,0,False
74fdc715-7aeb-5286-aaa5-64b25e86708c,1785285694845,sender -> receiver,0,True,1785285695554,709,0,False
3304d652-36c0-5942-b8aa-47f71ddc0ef7,1785285694866,sender -> receiver,0,True,1785285695566,700,0,False
a977da4d-8f9c-5c13-b9e8-351db4d4b3ac,1785285695853,sender -> receiver,0,True,1785285696544,691,0,False
9c86911d-dd9b-527f-a951-a17b3d9e41eb,1785285696834,sender -> receiver,0,True,1785285697548,714,0,False
6f1ae110-4f89-5aca-b5aa-e6e1abd44ac5,1785285696837,sender -> receiver,0,True,1785285697558,721,0,False
6d2421f8-340e-5823-9a19-fe177edb157a,1785285697842,sender -> receiver,0,True,1785285698575,733,0,False
53519bd4-a0d1-5fd4-a947-2174b9379784,1785285697863,sender -> receiver,0,True,1785285698588,725,0,False
1249ca59-36fb-5511-9dd6-d095a0142771,1785285698860,sender -> receiver,0,True,1785285699577,717,0,False
0cf41cd9-faa3-5fa9-bb8f-a069d0611bcb,1785285698865,sender -> receiver,0,True,1785285699596,731,0,False
8a76d317-a227-50b8-a812-ec9ad701521c,1785285699885,sender -> receiver,0,True,1785285700560,675,0,False
34058061-49cf-5134-a30c-f5a98e1007bf,1785285700896,sender -> receiver,0,True,1785285701642,746,0,False
4140cc93-5bcf-567e-989b-96bb65c91fe9,1785285700900,sender -> receiver,0,True,1785285701665,765,0,False
81a9c0e9-54bf-5799-a541-410977d64e28,1785285701874,sender -> receiver,0,True,1785285702574,700,0,False
e7e977d6-ee05-5d0b-b7f9-414c2294804e,1785285701878,sender -> receiver,0,True,1785285702590,712,0,False
a9d20a92-7e9b-52a2-a088-22624705d3de,1785285702863,sender -> receiver,0,True,1785285703572,709,0,False
3df55393-7852-5b63-a27b-8844d8d84c27,1785285702866,sender -> receiver,0,True,1785285703583,717,0,False
cf97dfb4-857f-58a9-bdcd-367cdc26e333,1785285703848,sender -> receiver,0,True,1785285704599,751,0,False
b4804df5-fdc4-5065-90c0-f84055b402ce,1785285703867,sender -> receiver,0,True,1785285704619,752,0,False
95631f6a-91c6-5855-aea7-cdb3e74c8ebe,1785285704834,sender -> receiver,0,True,1785285705588,754,0,False
5fa14f52-4938-5a5b-bed4-8f9546de592e,1785285705884,sender -> receiver,0,True,1785285706603,719,0,False
55275649-3aee-52e7-991f-a1cf328a9614,1785285705891,sender -> receiver,0,True,1785285706616,725,0,False
91042b7e-d7ba-59b2-b763-5890f1fcce07,1785285706857,sender -> receiver,0,True,1785285707572,715,0,False
7ed433bf-0a7a-583a-b550-525d89f1635c,1785285706859,sender -> receiver,0,True,1785285707588,729,0,False
fa20e3b6-1174-5e6a-b774-3a1aca6ddb1b,1785285707863,sender -> receiver,0,True,1785285708558,695,0,False
310034db-54ad-5d57-928b-979eb71184d5,1785285707866,sender -> receiver,0,True,1785285708573,707,0,False
42dfffc9-cbe9-5225-ba99-400bf2f63263,1785285708895,sender -> receiver,0,True,1785285709595,700,0,False
f4f51ede-5a7b-55d8-b182-7bec0c822f69,1785285708900,sender -> receiver,0,True,1785285709610,710,0,False
9d465b91-4bed-541e-a54b-9833c28f9c50,1785285709841,sender -> receiver,0,True,1785285710566,725,0,False
fb527291-e6e0-5744-a063-1f479ff67b27,1785285710895,sender -> receiver,0,True,1785285711684,789,0,False
1c1fc2db-7dc0-55ac-a1e2-e5f790df755f,1785285710900,sender -> receiver,0,True,1785285711707,807,0,False
be27dce0-fdd0-5b62-a1be-074e3d82a4e8,1785285711894,sender -> receiver,0,True,1785285712582,688,0,False
d585ee26-8595-5b44-a36b-707d09dd26a8,1785285711902,sender -> receiver,0,True,1785285712636,734,0,False
181f4728-03b4-5257-86d1-a0ca271fb525,1785285712886,sender -> receiver,0,True,1785285713617,731,0,False
6b42afbc-fa97-54b3-aa49-d0fc2793ced9,1785285712892,sender -> receiver,0,True,1785285713635,743,0,False
b8dfe2e1-858b-54ab-be22-258782f59a54,1785285713882,sender -> receiver,0,True,1785285714605,723,0,False
66a6b931-809c-5915-b1a7-5e2421a8c1ea,1785285714868,sender -> receiver,0,True,1785285715542,674,0,False
a0f3beb2-95a6-54ee-aeb7-eb380dfeead5,1785285714872,sender -> receiver,0,True,1785285715579,707,0,False
d745f439-6d5a-5a2e-bc70-9dc00571d649,1785285715864,sender -> receiver,0,True,1785285716585,721,0,False
eabf6740-63b4-5cd3-bc5a-f7a29ef4d884,1785285715867,sender -> receiver,0,True,1785285716606,739,0,False
da5e57aa-e676-52b7-a780-1f128b21291b,1785285716846,sender -> receiver,0,True,1785285717564,718,0,False
22c375ec-69e8-5f58-8765-73adcde13d90,1785285716892,sender -> receiver,0,True,1785285717602,710,0,False
170f30c2-1832-506e-8940-f857925bb7d3,1785285717846,sender -> receiver,0,True,1785285718566,720,0,False
db44441a-e395-5fbb-8930-c146b9cc5aff,1785285717849,sender -> receiver,0,True,1785285718588,739,0,False
536b1809-fce9-5801-b567-570aff8ee4fa,1785285718838,sender -> receiver,0,True,1785285719538,700,0,False
7efa25d4-fff7-5c6b-8c7b-5ac96bb3150e,1785285719912,sender -> receiver,0,True,1785285720627,715,0,False
34d6eede-250c-5af2-a01c-2cc0cf762141,1785285719918,sender -> receiver,0,True,1785285720653,735,0,False
58afe1ac-1418-50bd-acea-bdf26b608b90,1785285720843,sender -> receiver,0,True,1785285721570,727,0,False
7e00a4a3-3d4f-5815-956d-a107450b047d,1785285720862,sender -> receiver,0,True,1785285721591,729,0,False
29835685-c714-574a-ae25-a58e9f1add7d,1785285721902,sender -> receiver,0,True,1785285722622,720,0,False
04aca5d6-92be-52ad-b310-789600fb4490,1785285721909,sender -> receiver,0,True,1785285722638,729,0,False
88710e8a-006d-5b67-9afd-4f6efa0d8deb,1785285722888,sender -> receiver,0,True,1785285723592,704,0,False
9fc2dd43-6bf2-5060-809b-4cfa9b863fc3,1785285722893,sender -> receiver,0,True,1785285723608,715,0,False
fd57b6fb-1b46-5bce-acd3-f583f406ea97,1785285723828,sender -> receiver,0,True,1785285724534,706,0,False
1df49048-ebf5-5e91-a47f-2225453b3ed7,1785285724869,sender -> receiver,0,True,1785285725570,701,0,False
ce5ae8df-198e-5edf-a9d3-f3a7a0ae1009,1785285724874,sender -> receiver,0,True,1785285725585,711,0,False
90195ee4-0509-5e40-b034-3a98c8c454e0,1785285725865,sender -> receiver,0,True,1785285726574,709,0,False
ec6ddc9b-5d70-55df-8fcd-0fa776ce2a46,1785285725870,sender -> receiver,0,True,1785285726597,727,0,False
437e0b14-5633-5584-891d-d069df9f6e11,1785285726847,sender -> receiver,0,True,1785285727549,702,0,False
8ca31dbe-17fb-5b19-8b5a-cf100586a31c,1785285726864,sender -> receiver,0,True,1785285727565,701,0,False
a18ec578-e0d3-5dee-9fdc-1e0e9285d2ee,1785285727837,sender -> receiver,0,True,1785285728540,703,0,False
1815c133-4b8e-541d-a816-42e8d18fb7aa,1785285783564,sender -> receiver,0,True,1785285784290,726,0,False
bb60ebaa-43be-51fb-b2c7-242f194c9191,1785285783566,sender -> receiver,0,True,1785285784300,734,0,False
141fcbff-69ae-5fec-80c4-df50e023d714,1785285783569,sender -> receiver,0,True,1785285784313,744,0,False
087f6527-eeb2-5da0-b60a-fb2a67f3e539,1785285784565,sender -> receiver,0,True,1785285785306,741,0,False
17f7bbb6-d8a5-5b9a-9868-de638e932291,1785285784567,sender -> receiver,0,True,1785285785329,762,0,False
421fe84b-63a0-539b-a21a-0a8c6c3774b0,1785285785598,sender -> receiver,0,True,1785285786373,775,0,False
12580b33-88cd-52a3-97fb-2c6088081b25,1785285785603,sender -> receiver,0,True,1785285786384,781,0,False
d66eddb4-3c1e-539e-a05f-05f97366023a,1785285785607,sender -> receiver,0,True,1785285786418,811,0,False
f18a41ad-7fdb-5c8f-8e47-29dd51185ed0,1785285786574,sender -> receiver,0,True,1785285787290,716,0,False
07605b8f-3709-573d-a675-958dc590a329,1785285786576,sender -> receiver,0,True,1785285787310,734,0,False
26a70963-ee51-5592-9b4a-706d3147a381,1785285787596,sender -> receiver,0,True,1785285788311,715,0,False
38d5f9c4-6f90-5cf2-b95d-e1e316bb5133,1785285787600,sender -> receiver,0,True,1785285788327,727,0,False
f18fdcb7-8f85-5ac8-a672-be54e1e5ade7,1785285787603,sender -> receiver,0,True,1785285788380,777,0,False
413b874f-e7f5-5d8e-843c-e7d228e04ab6,1785285788574,sender -> receiver,0,True,1785285789300,726,0,False
d6c9e131-62d1-578d-8dfc-a6fb22c7937b,1785285788583,sender -> receiver,0,True,1785285789314,731,0,False
4961c73d-1752-5e39-a42c-236a14e9dd39,1785285789597,sender -> receiver,0,True,1785285790298,701,0,False
2d9b820e-010b-5601-a7c9-59248de15dcc,1785285789604,sender -> receiver,0,True,1785285790329,725,0,False
94fb77cd-3587-5f38-badf-5e87d4bb53fa,1785285789635,sender -> receiver,0,True,1785285790365,730,0,False
93f0857a-4161-5d02-afa0-c481aaf7d843,1785285790575,sender -> receiver,0,True,1785285791268,693,0,False
8ddf8ccd-82a8-590d-91e6-5bf5bf4fa33c,1785285790584,sender -> receiver,0,True,1785285791282,698,0,False
4dc4e914-13b7-586e-90c1-d4dedb457f3d,1785285791585,sender -> receiver,0,True,1785285792329,744,0,False
db31920e-2720-596f-9a96-b0a037699f91,1785285791592,sender -> receiver,0,True,1785285792354,762,0,False
94854e59-16bb-587e-ba07-13e9624577de,1785285792565,sender -> receiver,0,True,1785285793267,702,0,False
01f02f4c-c738-5b05-9755-c3063c172b98,1785285792567,sender -> receiver,0,True,1785285793322,755,0,False
fe1fadad-e56d-5365-8310-bdc489ef48c9,1785285792569,sender -> receiver,0,True,1785285793333,764,0,False
9ec31a69-0833-582d-b3a0-32e039d1e8e8,1785285793568,sender -> receiver,0,True,1785285794306,738,0,False
cd31b8f8-294f-58b6-af8b-68c23f4b1f0a,1785285793586,sender -> receiver,0,True,1785285794316,730,0,False
760d1db2-12ee-5cb5-af74-3b056797725d,1785285794578,sender -> receiver,0,True,1785285795282,704,0,False
511f6d93-ab9c-5cc6-ba36-b02e7298ff77,1785285794581,sender -> receiver,0,True,1785285795348,767,0,False
3949199d-c988-5908-a876-85e30190fca1,1785285794599,sender -> receiver,0,True,1785285795354,755,0,False
b3f066de-668d-5e67-9b89-9e1f6087a2f6,1785285795571,sender -> receiver,0,True,1785285796281,710,0,False
3237759a-4625-53ec-aa50-af8e7bda1cd1,1785285795575,sender -> receiver,0,True,1785285796304,729,0,False
7d2747c4-b8a0-541d-99ed-66d49f371069,1785285796598,sender -> receiver,0,True,1785285797299,701,0,False
cc7889b5-67ed-57ad-b07d-130520890a92,1785285796603,sender -> receiver,0,True,1785285797309,706,0,False
5cdff99c-7e63-5e24-a162-135a12a6a35b,1785285796608,sender -> receiver,0,True,1785285797320,712,0,False
da00ff6b-afbe-5088-927b-58a865cd1561,1785285797581,sender -> receiver,0,True,1785285798314,733,0,False
67a15396-f83c-5ad5-9083-73eb20ba7297,1785285797585,sender -> receiver,0,True,1785285798329,744,0,False
616eb72d-756f-56ce-9639-370984647fdc,1785285798575,sender -> receiver,0,True,1785285799309,734,0,False
cf6f74c2-df8d-59d2-b297-acaff1712a49,1785285798577,sender -> receiver,0,True,1785285799325,748,0,False
8a5871d8-3694-5456-a0d7-4f7d5bdb637c,1785285798579,sender -> receiver,0,True,1785285799338,759,0,False
edf89430-2686-585d-9a05-921f1b2b06a0,1785285799569,sender -> receiver,0,True,1785285800337,768,0,False
3d648310-2792-5d09-90b1-790695e0cf59,1785285799573,sender -> receiver,0,True,1785285800358,785,0,False
9406250f-c57c-5d5f-ac5b-9ab60abce3ed,1785285800586,sender -> receiver,0,True,1785285801321,735,0,False
0b6657e0-695e-572a-ace4-94b8b580aa59,1785285800591,sender -> receiver,0,True,1785285801339,748,0,False
fb534f45-f0bf-5801-a818-786df5256b92,1785285801572,sender -> receiver,0,True,1785285802317,745,0,False
061c3d2e-d61f-56ba-a54d-08e9941fea08,1785285801577,sender -> receiver,0,True,1785285802345,768,0,False
658ffc99-c68c-5307-a61f-8e485e929c5d,1785285801584,sender -> receiver,0,True,1785285802357,773,0,False
4da9ac4c-dd8c-5aed-b85b-71dc39af6684,1785285802558,sender -> receiver,0,True,1785285803305,747,0,False
c196e645-3510-5895-80de-fc351bc3ce23,1785285802560,sender -> receiver,0,True,1785285803329,769,0,False
828e78a1-bbfc-5601-9107-5a2996c9d820,1785285803575,sender -> receiver,0,True,1785285804297,722,0,False
79092f1b-00b6-5910-9ff3-71da9491a977,1785285803578,sender -> receiver,0,True,1785285804327,749,0,False
fdacfd1f-5d3d-5289-8b5d-339b3169e634,1785285803581,sender -> receiver,0,True,1785285804343,762,0,False
826bd052-f0ef-50f5-8c71-d92ca53db9eb,1785285804568,sender -> receiver,0,True,1785285805272,704,0,False
9bfd8576-0461-5d07-af9c-68785be96a3d,1785285804575,sender -> receiver,0,True,1785285805293,718,0,False
22de09f8-2874-5740-9789-93fe42e0c7f4,1785285805581,sender -> receiver,0,True,1785285806304,723,0,False
b2a5b35f-d642-5794-b5b5-2d8a718e1d60,1785285805586,sender -> receiver,0,True,1785285806347,761,0,False
211d303f-f0d4-520d-bfe6-fa9660276e3e,1785285805615,sender -> receiver,0,True,1785285806358,743,0,False
76395e36-16be-50b6-bde7-7f1340607381,1785285806589,sender -> receiver,0,True,1785285807289,700,0,False
79acab35-3d0f-5312-a97a-12b040b421e7,1785285806592,sender -> receiver,0,True,1785285807309,717,0,False
0aede463-b727-56d6-8f15-c5e924b610d8,1785285807570,sender -> receiver,0,True,1785285808311,741,0,False
849cd2cc-f135-578d-aa33-42acd8db0c77,1785285807574,sender -> receiver,0,True,1785285808328,754,0,False
bd75a55c-e35e-57fa-bf42-fbbd2a7e7890,1785285808575,sender -> receiver,0,True,1785285809293,718,0,False
5a1a32b5-7185-5d87-a46b-478420213490,1785285808579,sender -> receiver,0,True,1785285809308,729,0,False
f0130fc0-7fae-53bd-9ce5-aefa00ffecad,1785285808582,sender -> receiver,0,True,1785285809320,738,0,False
21217eb3-3c53-5d53-9942-aaa0763e9400,1785285809587,sender -> receiver,0,True,1785285810309,722,0,False
6be8b549-7212-52b3-b1d3-e6f6b580fd61,1785285809591,sender -> receiver,0,True,1785285810325,734,0,False
de4fa506-30f5-59fd-b7eb-f74881aaf4f3,1785285810584,sender -> receiver,0,True,1785285811315,731,0,False
8c8aca3b-2355-5009-b278-87a86da590d1,1785285810615,sender -> receiver,0,True,1785285811336,721,0,False
0603ef77-ef61-5eb0-b5ac-97ac34bf9fc6,1785285810622,sender -> receiver,0,True,1785285811385,763,0,False
741f9fca-2b02-50f4-a77a-75261c6cee00,1785285811569,sender -> receiver,0,True,1785285812314,745,0,False
576bad1f-feda-5c80-91d4-8925bb875138,1785285811579,sender -> receiver,0,True,1785285812328,749,0,False
819a759a-e57a-5e0d-aee6-50523e6f8924,1785285812584,sender -> receiver,0,True,1785285813333,749,0,False
f04f8600-aa93-5475-b41a-9763aea6a4a3,1785285812587,sender -> receiver,0,True,1785285813351,764,0,False
82e336be-d339-566b-9111-fabe6c75519a,1785285812602,sender -> receiver,0,True,1785285813366,764,0,False
4946a0c0-4900-52b0-be03-ddbb213be5c7,1785285813566,sender -> receiver,0,True,1785285814290,724,0,False
0e8676c1-525d-58e4-a96b-8fc32379ccfb,1785285813569,sender -> receiver,0,True,1785285814310,741,0,False
916385e8-3671-5c28-b2ab-73c12f198475,1785285814585,sender -> receiver,0,True,1785285815303,718,0,False
0a497356-2723-55a0-81e8-431312276235,1785285814587,sender -> receiver,0,True,1785285815320,733,0,False
984db8e2-4b06-5cb8-9fd6-629de306d5c0,1785285814590,sender -> receiver,0,True,1785285815333,743,0,False
ee93ac44-8112-54e1-82c4-f0efb1954bcc,1785285815567,sender -> receiver,0,True,1785285816351,784,0,False
d3e00f67-9a05-50ea-b67c-61e783d3f2e3,1785285815569,sender -> receiver,0,True,1785285816371,802,0,False
e75353c4-b9b9-5272-8f49-4cab5b3af786,1785285816569,sender -> receiver,0,True,1785285817299,730,0,False
7db7e0c0-ac39-509e-b0c5-3740489ccb81,1785285816571,sender -> receiver,0,True,1785285817333,762,0,False
9ccf3cc5-f51e-5eba-930a-db1bea14c61a,1785285817574,sender -> receiver,0,True,1785285818289,715,0,False
99211480-7644-569d-8bda-ce25a4da75f3,1785285817577,sender -> receiver,0,True,1785285818302,725,0,False
4f831260-b8ce-5568-b910-0d442789a8ac,1785285817580,sender -> receiver,0,True,1785285818312,732,0,False
a38a4b25-9db5-5be9-a735-c0015ca2ed35,1785285818565,sender -> receiver,0,True,1785285819353,788,0,False
51f9bc57-974b-5c5c-8fe3-28c4d6175675,1785285818571,sender -> receiver,0,True,1785285819377,806,0,False
df7690bd-4b11-59f1-8674-cf11d4696ee0,1785285819571,sender -> receiver,0,True,1785285820315,744,0,False
e3da3bbc-ec17-5dd9-bdf1-29f9007baf60,1785285819574,sender -> receiver,0,True,1785285820330,756,0,False
0fa4a961-5530-54f3-a9c1-164021401501,1785285819576,sender -> receiver,0,True,1785285820357,781,0,False
30412dc3-c731-5110-a9a4-a0a14147f932,1785285820565,sender -> receiver,0,True,1785285821289,724,0,False
8319b426-54cc-560c-90f1-20dcbc2064b2,1785285820568,sender -> receiver,0,True,1785285821335,767,0,False
0e494a83-56bc-5f6f-afc6-dade23fe6e89,1785285821598,sender -> receiver,0,True,1785285822340,742,0,False
8d444d72-a071-58e1-9973-a21c9c46e8f0,1785285821604,sender -> receiver,0,True,1785285822351,747,0,False
f544a807-9c0b-5dbc-924e-869481ad0bfb,1785285821634,sender -> receiver,0,True,1785285822361,727,0,False
a3f87481-3a20-542d-b9be-7e9c7abe61d5,1785285822565,sender -> receiver,0,True,1785285823283,718,0,False
50c2ddfd-e75a-5f88-9f60-260da4ae80ab,1785285822567,sender -> receiver,0,True,1785285823298,731,0,False
20ab1c7c-fa36-5ae5-8ab4-7712a9405c87,1785285823579,sender -> receiver,0,True,1785285824320,741,0,False
76246e94-9100-566b-bd6d-0d147946d6d3,1785285823584,sender -> receiver,0,True,1785285824336,752,0,False
78c6f7c4-7596-5879-9b0e-0ca53c57b598,1785285864834,sender -> receiver,0,True,1785285865520,686,0,False
9bb2ea7a-6db3-532c-a550-69d9f96af889,1785285864872,sender -> receiver,0,True,1785285865567,695,0,False
07822506-8803-50c0-82bf-edadddf4365c,1785285865824,sender -> receiver,0,True,1785285866512,688,0,False
ccdf8890-45d4-5baa-9dd0-849024b27a3b,1785285865830,sender -> receiver,0,True,1785285866620,790,0,False
57b9aa5e-7aad-57cb-9612-274f0941d7a7,1785285866803,sender -> receiver,0,True,1785285867514,711,0,False
32099f20-b554-5d13-ba9b-9179deee5f4c,1785285866809,sender -> receiver,0,True,1785285867525,716,0,False
5e031f98-95a0-55f0-8830-dde4c0607f25,1785285867816,sender -> receiver,0,True,1785285868547,731,0,False
7971a885-5288-5b0d-b765-83629b6f465f,1785285867822,sender -> receiver,0,True,1785285868567,745,0,False
d4876dcf-5737-5b86-a872-4e39576c1aba,1785285868791,sender -> receiver,0,True,1785285869493,702,0,False
97e2873b-bfca-59a1-83c5-12e089dd6444,1785285868794,sender -> receiver,0,True,1785285869506,712,0,False
7882e406-7758-52df-8b44-7d87679f3cb4,1785285869845,sender -> receiver,0,True,1785285870558,713,0,False
bb69d1e8-bf7e-5a9f-91aa-009868c9aab0,1785285870797,sender -> receiver,0,True,1785285871505,708,0,False
d1b6e209-6e42-5ff1-a0de-bba517a26600,1785285870801,sender -> receiver,0,True,1785285871520,719,0,False
0b8f1c6f-f189-52a2-ae3f-10fac7d868cc,1785285871802,sender -> receiver,0,True,1785285872544,742,0,False
dbbb70f9-f56c-5b18-8661-e7aedb9deb12,1785285871805,sender -> receiver,0,True,1785285872562,757,0,False
99221ea4-2833-5b28-95b9-8bb7b9b2b6fd,1785285872803,sender -> receiver,0,True,1785285873550,747,0,False
7c7685d6-184c-547e-b038-3d81724ee475,1785285872806,sender -> receiver,0,True,1785285873565,759,0,False
3989d9b5-cefd-54c4-8674-f1448ee15e7b,1785285873803,sender -> receiver,0,True,1785285874534,731,0,False
1fef4665-8f08-5147-92b1-220c48d87b79,1785285873808,sender -> receiver,0,True,1785285874550,742,0,False
8ecc55f7-f22f-515f-b1ad-fed2c56f8d5c,1785285874791,sender -> receiver,0,True,1785285875547,756,0,False
1b7d5fa5-81b7-5a48-b380-26fb6bd08c26,1785285875802,sender -> receiver,0,True,1785285876509,707,0,False
45cb5cdc-cc02-5746-94d1-eb3ff599b947,1785285875805,sender -> receiver,0,True,1785285876523,718,0,False
8f3bae43-9791-5099-a655-9c4cd4a9b097,1785285876797,sender -> receiver,0,True,1785285877508,711,0,False
49d3da6c-ffea-5572-9c84-cc78ac43c692,1785285876801,sender -> receiver,0,True,1785285877518,717,0,False
3ad17e2d-1841-5b17-929c-e693e712afd8,1785285877815,sender -> receiver,0,True,1785285878527,712,0,False
b0f29c78-1f59-5e36-a5a0-88757f3f3308,1785285877822,sender -> receiver,0,True,1785285878582,760,0,False
3d9de5fc-394b-5015-97f0-768be84d9f26,1785285878800,sender -> receiver,0,True,1785285879527,727,0,False
c0a9d8cb-4f9c-5a58-81b8-357dad2aff6a,1785285878808,sender -> receiver,0,True,1785285879538,730,0,False
ad23242b-1210-522c-92cd-3efa74cc8a04,1785285879804,sender -> receiver,0,True,1785285880525,721,0,False
a5a47ac3-bee1-5a52-afd5-0983a21ee895,1785285879810,sender -> receiver,0,True,1785285880539,729,0,False
7e0241df-a9d5-5794-b89d-46380d8396ca,1785285880797,sender -> receiver,0,True,1785285881496,699,0,False
308b4cf3-0c5a-5dda-89ce-021b7d6786f4,1785285881804,sender -> receiver,0,True,1785285882586,782,0,False
49cc977a-ff0a-5be5-b2a1-9033e4d39519,1785285881807,sender -> receiver,0,True,1785285882612,805,0,False
f6a9bc25-20c1-5b98-8c66-4edb54f82e2f,1785285882801,sender -> receiver,0,True,1785285883565,764,0,False
34696cc8-70d6-55f3-bc2f-1f5ae75f794b,1785285882805,sender -> receiver,0,True,1785285883583,778,0,False
44aca1ce-4016-55b8-a40a-650bcd14fa63,1785285883801,sender -> receiver,0,True,1785285884514,713,0,False
e4704456-b8fa-5014-af0f-6142172057cc,1785285883804,sender -> receiver,0,True,1785285884529,725,0,False
616268d1-6525-5acb-96cf-eb24a69857bb,1785285884805,sender -> receiver,0,True,1785285885559,754,0,False
6a6425e2-02cd-55bb-82e1-f60521426f65,1785285884811,sender -> receiver,0,True,1785285885570,759,0,False
30b26054-0624-5dec-bde7-8eae43d4a9d7,1785285885784,sender -> receiver,0,True,1785285886505,721,0,False
d62c79ca-9326-5b1e-81de-1ac5f8bacecb,1785285886801,sender -> receiver,0,True,1785285887527,726,0,False
f13bd467-9eec-5360-a103-45676a8d0231,1785285886804,sender -> receiver,0,True,1785285887543,739,0,False
f1c3627c-4a0f-5d4d-ad13-c54fcc7f6538,1785285887789,sender -> receiver,0,True,1785285888517,728,0,False
487c02de-22e4-570d-9962-bf3c7df70ac9,1785285887798,sender -> receiver,0,True,1785285888532,734,0,False
02eb6d69-117f-5600-b01b-5417ed8e0286,1785285888804,sender -> receiver,0,True,1785285889513,709,0,False
de59a3b9-65ea-5b5d-a9d0-174a32c6b5e8,1785285888808,sender -> receiver,0,True,1785285889534,726,0,False
ae93d65b-6103-517d-bf33-a2086d024c32,1785285889806,sender -> receiver,0,True,1785285890504,698,0,False
c3ba52d9-2db0-5905-bc51-cf4dc2bf7784,1785285889810,sender -> receiver,0,True,1785285890518,708,0,False
633e1257-5d1d-5b4f-9360-9aeac4d6119f,1785285890792,sender -> receiver,0,True,1785285891527,735,0,False
54fb5dc3-872e-54fc-a6f3-cc90f75588cd,1785285890795,sender -> receiver,0,True,1785285891574,779,0,False
6923cb32-8a79-56cf-8d4a-29a8d5a9b12a,1785285891793,sender -> receiver,0,True,1785285892525,732,0,False
cfc70af9-e445-5202-8ce7-0a30676d269c,1785285892825,sender -> receiver,0,True,1785285893574,749,0,False
c42601c6-86da-5760-9f5c-5fe858b3b011,1785285892831,sender -> receiver,0,True,1785285893596,765,0,False
d24d9f4d-deb9-5c1b-a480-6ae1131bd94f,1785285893805,sender -> receiver,0,True,1785285894514,709,0,False
d64fe316-39f5-5998-befa-ed6a34cea1ec,1785285893807,sender -> receiver,0,True,1785285894564,757,0,False
e8b8883e-423b-5e9c-8c85-8b8826a4a693,1785285894822,sender -> receiver,0,True,1785285895581,759,0,False
d7fd090c-ab1d-5c4e-bfc0-996f68eb7752,1785285894826,sender -> receiver,0,True,1785285895596,770,0,False
5be906b8-da1f-5dcc-bac9-bf1287b0151b,1785285895839,sender -> receiver,0,True,1785285896532,693,0,False
7621c500-d08c-527e-a46a-ca89b156dccb,1785285895843,sender -> receiver,0,True,1785285896593,750,0,False
147f6d85-c161-5130-a843-bd7994797a60,1785285896822,sender -> receiver,0,True,1785285897521,699,0,False
b0203c61-c372-52e0-915d-2a3009eee096,1785285897824,sender -> receiver,0,True,1785285898568,744,0,False
81123071-99aa-5a5f-983e-243770122cec,1785285897831,sender -> receiver,0,True,1785285898577,746,0,False
432dc0ef-ac3c-5c74-9b5f-4d733fbe88e1,1785285898828,sender -> receiver,0,True,1785285899573,745,0,False
c7ec5414-e1f1-5b50-b76f-e5add1fa1df5,1785285898839,sender -> receiver,0,True,1785285899589,750,0,False
d3f7395b-2b27-5d9f-96e1-4f10339f58fa,1785285899807,sender -> receiver,0,True,1785285900534,727,0,False
bb818d2d-37e5-5627-ba57-7bc052e44ac8,1785285899818,sender -> receiver,0,True,1785285900551,733,0,False
9a08a4e6-fd24-594e-a519-62d58f041e32,1785285900801,sender -> receiver,0,True,1785285901519,718,0,False
cad1a41c-8080-56af-80c3-26f24027b0c7,1785285900855,sender -> receiver,0,True,1785285901535,680,0,False
fdb27fbd-5228-53b5-ae5e-89f08926417c,1785285901822,sender -> receiver,0,True,1785285902508,686,0,False
a1279931-a96b-5406-8e75-4c483ef8b0d8,1785285901827,sender -> receiver,0,True,1785285902554,727,0,False
9e3d97e5-58ce-5117-a197-eb31ac5ea2b7,1785285902813,sender -> receiver,0,True,1785285903510,697,0,False
72d8048f-7446-5522-a628-5eeff79e7283,1785285903820,sender -> receiver,0,True,1785285904539,719,0,False
331db417-f12c-5bf1-b720-e5a3a44af7a4,1785285903828,sender -> receiver,0,True,1785285904560,732,0,False
ea64e9d9-8c1a-5775-abb9-4fa51943c238,1785285904795,sender -> receiver,0,True,1785285905533,738,0,False
bf7598ad-f4ca-5934-a1a7-ff984a33ad29,1785285904814,sender -> receiver,0,True,1785285905544,730,0,False
db8f5409-8769-5a56-9bc1-d3598f17a279,1785285905852,sender -> receiver,0,True,1785285906559,707,0,False
8de5d2d1-80e0-5bc5-8a52-5388441da63d,1785285905857,sender -> receiver,0,True,1785285906574,717,0,False
1184fc6a-58bc-5d7e-a290-9c6bd3a5c42c,1785285906808,sender -> receiver,0,True,1785285907502,694,0,False
7cc46854-8e08-54b2-ab37-5e207edd5c23,1785285906819,sender -> receiver,0,True,1785285907556,737,0,False
4611eddb-0182-5396-8ab9-cb77396d89ed,1785285907802,sender -> receiver,0,True,1785285908515,713,0,False
77e93f39-ef93-55df-9cc5-61401cb3d1e1,1785285908802,sender -> receiver,0,True,1785285909543,741,0,False
99c6633f-9375-597c-a6e2-327861d1c7c8,1785285908806,sender -> receiver,0,True,1785285909599,793,0,False
270fb31e-264c-510c-b679-09fbe449e491,1785285909812,sender -> receiver,0,True,1785285910523,711,0,False
dea8b296-c8fb-5617-a862-2e1d8cca476b,1785285909818,sender -> receiver,0,True,1785285910547,729,0,False
bf862dfb-7584-59a9-bfa0-1545dc66db04,1785285910827,sender -> receiver,0,True,1785285911557,730,0,False
2c647862-bef3-5971-90c4-b0865cf16d5c,1785285910831,sender -> receiver,0,True,1785285911574,743,0,False
17589392-3330-5847-bdfa-58bd37043553,1785285911804,sender -> receiver,0,True,1785285912507,703,0,False
b7975cb2-52fb-544a-bf95-6c3911c82449,1785285911807,sender -> receiver,0,True,1785285912520,713,0,False
1f6a5000-0c08-5c76-89bb-4aa5567e17e5,1785285912804,sender -> receiver,0,True,1785285913488,684,0,False
bfe692bb-3072-5705-8aac-b5b5f234fe62,1785285912812,sender -> receiver,0,True,1785285913533,721,0,False
af357dcf-e1ae-52d9-ba21-8221c86541e8,1785285913789,sender -> receiver,0,True,1785285914506,717,0,False
29df2f25-e9f2-529a-847f-8f9da294e2cc,1785285914793,sender -> receiver,0,True,1785285915573,780,0,False
66f1dacd-372b-5a87-ab9d-2f6852c6eb5c,1785285914795,sender -> receiver,0,True,1785285915583,788,0,False
3af7f83a-af50-5b6d-b69f-9678d46dea14,1785285915816,sender -> receiver,0,True,1785285916503,687,0,False
0f7a92f6-c921-5b3b-9a23-947ee97dc4a6,1785285915820,sender -> receiver,0,True,1785285916545,725,0,False
6604a3fe-b42d-5b3e-b663-3cb32ed750ad,1785285916808,sender -> receiver,0,True,1785285917499,691,0,False
bc1032dd-65dd-50fa-9c67-09016c15628f,1785285916812,sender -> receiver,0,True,1785285917561,749,0,False
eef03424-6289-5ad7-bebe-a8adba86042d,1785285917816,sender -> receiver,0,True,1785285918502,686,0,False
d6af424f-8a23-5548-863f-19bdcb9d59a3,1785285917821,sender -> receiver,0,True,1785285918546,725,0,False
78cd3be2-f487-5015-b414-3873368b9afb,1785285918792,sender -> receiver,0,True,1785285919519,727,0,False
31ebeb09-b914-5d24-bcc4-ba582b6ba446,1785285958988,sender -> receiver,0,True,1785285959706,718,0,False
ce764621-d5d7-55f7-bfbb-0f9fe6400256,1785285958993,sender -> receiver,0,True,1785285959752,759,0,False
94904865-8c4f-57c4-99f8-790852b6ea6f,1785285959950,sender -> receiver,0,True,1785285960673,723,0,False
83f7550e-05c1-5060-826a-4ab019f11406,1785285959953,sender -> receiver,0,True,1785285960727,774,0,False
06ce6f16-ae15-5db7-b63d-cf47650f5809,1785285960967,sender -> receiver,0,True,1785285961707,740,0,False
b2420d6c-5d99-5177-ba50-3ffd3a2c2df8,1785285960973,sender -> receiver,0,True,1785285961724,751,0,False
33cab276-ede6-59d7-a6fc-8e7aa4587822,1785285961978,sender -> receiver,0,True,1785285962690,712,0,False
81cbb926-715e-5597-b4dc-ae44e3241a70,1785285961982,sender -> receiver,0,True,1785285962707,725,0,False
6c74a1b9-deaa-5b8b-9d17-535f87eb939a,1785285962951,sender -> receiver,0,True,1785285963668,717,0,False
ded03798-6555-5f10-bdbe-45d4ff55b93e,1785285963957,sender -> receiver,0,True,1785285964654,697,0,False
e544ff96-d146-5410-aed4-840237d9a61c,1785285963961,sender -> receiver,0,True,1785285964672,711,0,False
14c1ba10-b6fd-58e4-a213-f64bb42dac8d,1785285964972,sender -> receiver,0,True,1785285965710,738,0,False
943b9130-85a7-5f2e-aabb-e798f12a4c3d,1785285964974,sender -> receiver,0,True,1785285965733,759,0,False
24c97d7d-65cb-5301-93ae-f9f0dcd4a8d6,1785285965988,sender -> receiver,0,True,1785285966706,718,0,False
83402df9-6b6a-5433-9573-1a989f783271,1785285965998,sender -> receiver,0,True,1785285966749,751,0,False
893e1dbf-3ddd-50ef-b125-9204a5957d31,1785285966960,sender -> receiver,0,True,1785285967690,730,0,False
f4fae300-1957-524f-9d4a-be953f5591c9,1785285966962,sender -> receiver,0,True,1785285967703,741,0,False
66013317-bbe1-5ae9-aa0a-7e5ae1a4a75f,1785285967965,sender -> receiver,0,True,1785285968664,699,0,False
5abfc347-f10f-5b48-a150-b9a614278e7c,1785285968959,sender -> receiver,0,True,1785285969650,691,0,False
2645ec2e-5bd2-5f9d-bf8b-4666e06ff46a,1785285968963,sender -> receiver,0,True,1785285969719,756,0,False
2d4bbf9a-54ec-5aa8-a0f8-971b2961614b,1785285969959,sender -> receiver,0,True,1785285970690,731,0,False
6fb83959-f2f8-509a-8f24-eeaa6e2c3504,1785285969962,sender -> receiver,0,True,1785285970703,741,0,False
9ba71f52-6999-5d2e-bb46-0c290e3d8c62,1785285970954,sender -> receiver,0,True,1785285971672,718,0,False
e46264c9-2ef5-5bb4-a166-0a4ed0adb32b,1785285970958,sender -> receiver,0,True,1785285971688,730,0,False
1068938c-5e85-526c-8512-86194eb469df,1785285971944,sender -> receiver,0,True,1785285972689,745,0,False
54ad4897-3b4b-5a92-a6eb-e63f3b73bd97,1785285972962,sender -> receiver,0,True,1785285973664,702,0,False
a0126337-80e6-5e43-9cd8-4e782f973a79,1785285972966,sender -> receiver,0,True,1785285973701,735,0,False
5495942a-1e07-5d17-8162-c21ee53ee18e,1785285973962,sender -> receiver,0,True,1785285974707,745,0,False
4e4d35e4-687d-5fea-9440-1ef513cf9fda,1785285973986,sender -> receiver,0,True,1785285974738,752,0,False
51eeb481-423a-57a7-908f-13f5d8576c2e,1785285974945,sender -> receiver,0,True,1785285975680,735,0,False
72fe3eb9-ba46-57e2-a721-226bc8a9a060,1785285974948,sender -> receiver,0,True,1785285975695,747,0,False
89d4b919-b78d-54b2-8c4a-17e3d5975dfb,1785285975961,sender -> receiver,0,True,1785285976680,719,0,False
b9099ad2-b559-553f-97c1-146444319156,1785285975965,sender -> receiver,0,True,1785285976737,772,0,False
1e4499b5-14f8-58bb-a799-ec78b45af430,1785285976953,sender -> receiver,0,True,1785285977701,748,0,False
453bbe3e-e8d1-5101-b926-d040d1a2535a,1785285977981,sender -> receiver,0,True,1785285978717,736,0,False
54e51c93-0d45-5d79-9229-f283f93adea5,1785285977987,sender -> receiver,0,True,1785285978733,746,0,False
97a48593-78b0-552b-b9b7-134ecbdac154,1785285978953,sender -> receiver,0,True,1785285979657,704,0,False
98f89897-9dbf-5694-beab-1b2f360d7ab8,1785285978957,sender -> receiver,0,True,1785285979718,761,0,False
eafac9b3-6ef9-5ead-8076-7ccce1ba192f,1785285979981,sender -> receiver,0,True,1785285980681,700,0,False
db5ddc63-61a3-5fa4-a6e1-a9e10c76eda2,1785285979985,sender -> receiver,0,True,1785285980700,715,0,False
4c8276e3-d622-5981-8c08-53fd276d4adf,1785285980989,sender -> receiver,0,True,1785285981724,735,0,False
069e2a71-7f74-5bf6-9c4b-7ef9ab40027d,1785285980996,sender -> receiver,0,True,1785285981746,750,0,False
9105b76e-2f07-5a82-bdd6-070853809a16,1785285981966,sender -> receiver,0,True,1785285982663,697,0,False
bce192d4-cff7-5c9c-a9d7-3e7f7b76c64d,1785285982959,sender -> receiver,0,True,1785285983695,736,0,False
9a92c207-f873-5c2a-8cde-aa51b1738a66,1785285982961,sender -> receiver,0,True,1785285983745,784,0,False
0359274b-7373-5f26-8743-7392b5703655,1785285983983,sender -> receiver,0,True,1785285984704,721,0,False
bf496113-d3e3-548b-8df6-f7e36b15024c,1785285983990,sender -> receiver,0,True,1785285984720,730,0,False
b4cd40c6-8bf0-51a9-9b41-33759f5af031,1785285984960,sender -> receiver,0,True,1785285985677,717,0,False
1cbd4c23-1df0-54ac-9452-bf7b0c547a5f,1785285984969,sender -> receiver,0,True,1785285985690,721,0,False
c2483958-4f6a-5f86-88a6-181cf881b2e1,1785285985948,sender -> receiver,0,True,1785285986670,722,0,False
881c0b68-7732-5f22-82de-c877e1a0d045,1785285986951,sender -> receiver,0,True,1785285987668,717,0,False
b31b198d-75b0-5825-b943-87204a431c9d,1785285986954,sender -> receiver,0,True,1785285987690,736,0,False
b87fbd07-50b2-56c8-8454-a0377f6a8b43,1785285987983,sender -> receiver,0,True,1785285988702,719,0,False
45ec6ec7-8deb-5324-990c-aa4bdd277b6b,1785285987989,sender -> receiver,0,True,1785285988724,735,0,False
3bb17112-b91e-5c98-9113-fd429694f546,1785285988975,sender -> receiver,0,True,1785285989678,703,0,False
6f97a23f-1015-5e4f-ad69-5cf287e1def4,1785285988980,sender -> receiver,0,True,1785285989696,716,0,False
907e4ec5-457b-595a-adc5-a02ba03e48af,1785285989957,sender -> receiver,0,True,1785285990668,711,0,False
579353e6-da29-5bb4-90e6-b2872710cf18,1785285989960,sender -> receiver,0,True,1785285990687,727,0,False
65929b76-2e3e-5bfb-af9f-6c4d5b3b9389,1785285990946,sender -> receiver,0,True,1785285991666,720,0,False
2c812a87-f581-528b-b369-7d13383d7aab,1785285991957,sender -> receiver,0,True,1785285992695,738,0,False
adaef9ef-6dff-52d3-9054-ad34c6c3c1bb,1785285991975,sender -> receiver,0,True,1785285992703,728,0,False
bfd2007f-36cb-55e3-aefb-3e909166414a,1785285992956,sender -> receiver,0,True,1785285993704,748,0,False
9b870245-02a9-5ecd-8e3a-af2c5e6e122d,1785285992960,sender -> receiver,0,True,1785285993731,771,0,False
faec0504-22ba-5365-a5cc-2cf80ef07fc3,1785285993977,sender -> receiver,0,True,1785285994708,731,0,False
8367f82a-ae63-50a2-a9a7-9dff40e4e6b8,1785285993982,sender -> receiver,0,True,1785285994720,738,0,False
f59578cc-601f-5f9e-8fe0-2082dab9c0f6,1785285994941,sender -> receiver,0,True,1785285995660,719,0,False
2facbb03-82dc-55c8-b6ca-e9fd426f0e31,1785285994943,sender -> receiver,0,True,1785285995678,735,0,False
ffa25b91-6cd1-59b1-aae1-b029455b619f,1785285995950,sender -> receiver,0,True,1785285996654,704,0,False
ad47b2d7-0aab-54bb-bd2c-b9c3cd70f7aa,1785285996968,sender -> receiver,0,True,1785285997696,728,0,False
de7b38e3-70bf-5d78-ad0b-44449069e5b7,1785285996995,sender -> receiver,0,True,1785285997714,719,0,False
5b96ad6e-1c19-5e80-a025-3341cc48dfa5,1785285997960,sender -> receiver,0,True,1785285998693,733,0,False
c65f4c52-cdb2-50dc-a32f-c12ea7de17e0,1785285997963,sender -> receiver,0,True,1785285998719,756,0,False
cf7812c5-4800-5342-bcc7-b9a1f31eebd3,1785285998958,sender -> receiver,0,True,1785285999713,755,0,False
6e4622cd-40e9-5961-a353-a2ee3be44ed8,1785285998964,sender -> receiver,0,True,1785285999731,767,0,False
dcc66017-799d-5574-b988-2bcf72250253,1785285999957,sender -> receiver,0,True,1785286000673,716,0,False
d3ab5ee0-713e-5056-a089-e8fac39d916d,1785286000951,sender -> receiver,0,True,1785286001656,705,0,False
dacf75b9-1a9f-58ae-a147-24897d71ed54,1785286000953,sender -> receiver,0,True,1785286001669,716,0,False
47787a2a-576b-51c3-922d-fe85fcf76bf6,1785286001957,sender -> receiver,0,True,1785286002698,741,0,False
163d1ace-d102-51e3-b1a6-398630f52143,1785286001976,sender -> receiver,0,True,1785286002724,748,0,False
5a183843-f047-5872-a8e5-8fe77b286d37,1785286002988,sender -> receiver,0,True,1785286003716,728,0,False
3b3c481c-dea7-5d07-ab6d-a52fbe2c1da1,1785286002995,sender -> receiver,0,True,1785286003730,735,0,False
ec2463ba-4a4f-5eab-bfa3-925f8759c2b4,1785286003964,sender -> receiver,0,True,1785286004664,700,0,False
082362b3-fb49-5a9e-a2b0-25116c417e16,1785286003975,sender -> receiver,0,True,1785286004733,758,0,False
21b33aaa-a230-5515-8cd7-87c3177e04e7,1785286004948,sender -> receiver,0,True,1785286005651,703,0,False
40d39dd3-c2fd-53ca-bc1f-ab0e2c0eb756,1785286005950,sender -> receiver,0,True,1785286006656,706,0,False
92962cc8-8eb8-50aa-8bef-276d82d0a68b,1785286005957,sender -> receiver,0,True,1785286006680,723,0,False
8d38e7a8-7c1d-5920-8475-07f62ec41a77,1785286006957,sender -> receiver,0,True,1785286007682,725,0,False
e58eab3d-703a-5efe-8908-aeb2d79fd66d,1785286006960,sender -> receiver,0,True,1785286007694,734,0,False
c5aa2823-b393-586d-8226-30538751b6d6,1785286007989,sender -> receiver,0,True,1785286008716,727,0,False
fce810c7-0d07-56e6-b882-db8ea82094bf,1785286007993,sender -> receiver,0,True,1785286008737,744,0,False
54dbf872-4b20-57e6-ad91-fecf800f71e2,1785286008967,sender -> receiver,0,True,1785286009668,701,0,False
78e4c24d-76c7-5323-88ac-3e468453b738,1785286008973,sender -> receiver,0,True,1785286009684,711,0,False
4b28e196-5328-58a0-a36f-64472c849c63,1785286009956,sender -> receiver,0,True,1785286010652,696,0,False
39764f6b-8da3-5948-b802-a05bcaa157d6,1785286010981,sender -> receiver,0,True,1785286011695,714,0,False
6d136581-4a22-536f-a604-75ba21e851af,1785286010987,sender -> receiver,0,True,1785286011712,725,0,False
cf7af2e3-aeb0-5125-a07a-48459fe19b1d,1785286011968,sender -> receiver,0,True,1785286012736,768,0,False
bb36789a-d743-5ff2-bce1-ea1de2f8c4c0,1785286011974,sender -> receiver,0,True,1785286012760,786,0,False
4eeae332-777f-531d-a06f-56c5fb4be1b2,1785286012962,sender -> receiver,0,True,1785286013724,762,0,False
a5809868-dbc4-5e83-ab11-74f528b91ee9,1785286012964,sender -> receiver,0,True,1785286013741,777,0,False
62c326c9-08ae-5134-ac53-d2774bab3dfc,1785286013950,sender -> receiver,0,True,1785286014662,712,0,False
d6b837ca-9830-51f7-b5b0-61877cdec960,1785286054154,sender -> receiver,0,True,1785286054860,706,0,False
9b515720-84af-545d-84d2-d546d126c214,1785286054162,sender -> receiver,0,True,1785286054884,722,0,False
f0c6be8f-99b3-50f3-a245-83432753df80,1785286055167,sender -> receiver,0,True,1785286055886,719,0,False
daf0c76b-ca28-5865-8374-ff302571d92b,1785286055171,sender -> receiver,0,True,1785286055901,730,0,False
98e62ad0-23d5-590b-8050-c3cdd96dafd7,1785286056172,sender -> receiver,0,True,1785286056919,747,0,False
1c6bf47b-1b18-57ba-bd54-846e1182c4d2,1785286056176,sender -> receiver,0,True,1785286056952,776,0,False
c3a3b2b2-c303-503c-9a2c-8067a8da525d,1785286057150,sender -> receiver,0,True,1785286057874,724,0,False
e03199f9-8e2a-588b-8579-dad0149252f8,1785286057155,sender -> receiver,0,True,1785286057886,731,0,False
1e7b818f-acb4-59ce-b7fe-a0e54c9b9d78,1785286058140,sender -> receiver,0,True,1785286058856,716,0,False
ef11aba4-612a-5790-93bf-d75a5cb1d63d,1785286059178,sender -> receiver,0,True,1785286059899,721,0,False
991b00dc-e49c-54e7-b8da-17ee220dcc24,1785286059211,sender -> receiver,0,True,1785286059917,706,0,False
247083f1-8a63-5dbd-b1d4-454d187b3559,1785286060173,sender -> receiver,0,True,1785286060886,713,0,False
eaac866a-2a7c-5c18-b2c8-9d03a685269d,1785286060178,sender -> receiver,0,True,1785286060918,740,0,False
54830f46-f194-5b74-ba43-91239e9e2a71,1785286061154,sender -> receiver,0,True,1785286061854,700,0,False
7af3c07c-9db2-5b65-8c9c-0a19412690b6,1785286061159,sender -> receiver,0,True,1785286061869,710,0,False
c5368ad1-8ee2-5447-8210-2f604a1a66ee,1785286062155,sender -> receiver,0,True,1785286062856,701,0,False
db57ad50-c21d-5da1-b6e5-a1f598d1eb11,1785286062162,sender -> receiver,0,True,1785286062878,716,0,False
81560a7a-ea54-51ed-ad81-c753b005b6b3,1785286063140,sender -> receiver,0,True,1785286063837,697,0,False
1b34d33c-a683-5ccb-8b1c-64130a4e2318,1785286064156,sender -> receiver,0,True,1785286064886,730,0,False
4c7d808d-4df7-5785-b6b2-aca7e1f6fec2,1785286064161,sender -> receiver,0,True,1785286064902,741,0,False
3838e054-5b9f-50dd-95b4-c5647ab15589,1785286065172,sender -> receiver,0,True,1785286065869,697,0,False
4676cc80-14ae-5bca-a13c-5bc40ed381a2,1785286065178,sender -> receiver,0,True,1785286065925,747,0,False
b90c7aad-40ca-5374-9e36-43c10a908e87,1785286066172,sender -> receiver,0,True,1785286066914,742,0,False
77b63515-2e50-5d74-98af-6be89a9daccd,1785286066178,sender -> receiver,0,True,1785286066942,764,0,False
fc8dbe05-ca37-5d66-8c04-a54d3f51e44f,1785286067142,sender -> receiver,0,True,1785286067854,712,0,False
23fb1d1c-3be2-5c7a-8045-f96ae85ecf1b,1785286068169,sender -> receiver,0,True,1785286068891,722,0,False
c87e5dc8-a6a7-568a-bf1f-53ed329bf9b3,1785286068174,sender -> receiver,0,True,1785286068916,742,0,False
3bf54d9f-da90-591e-b50f-c592bceb9da5,1785286069155,sender -> receiver,0,True,1785286069886,731,0,False
eae586e0-24fa-51d0-8e92-65be86366550,1785286069159,sender -> receiver,0,True,1785286069914,755,0,False
d25ab0ad-2a07-5af5-919d-f4d906c759d5,1785286070139,sender -> receiver,0,True,1785286070879,740,0,False
328044a0-783c-5c97-ad74-2f27dd1c16f7,1785286070148,sender -> receiver,0,True,1785286070903,755,0,False
5e4d083f-6301-525a-87e9-47a2d325efb2,1785286071167,sender -> receiver,0,True,1785286071910,743,0,False
78c903c0-1bdd-5566-940b-c4897a8bf013,1785286071173,sender -> receiver,0,True,1785286071934,761,0,False
8fa11509-0492-5ff2-ace5-4daa8e517ec9,1785286072156,sender -> receiver,0,True,1785286072894,738,0,False
cefd0555-8d37-5904-83c9-829f6725f16c,1785286073173,sender -> receiver,0,True,1785286073947,774,0,False
2e98bf43-73fa-537e-9736-d3fb0480d79a,1785286073180,sender -> receiver,0,True,1785286073966,786,0,False
4055fac5-184e-57f8-bf82-a828ccc3fd99,1785286074133,sender -> receiver,0,True,1785286074875,742,0,False
a3f3aa73-972a-5848-a3a2-33611a0eda97,1785286074135,sender -> receiver,0,True,1785286074887,752,0,False
81cead53-08fe-5675-badd-b4748c202703,1785286075174,sender -> receiver,0,True,1785286075913,739,0,False
6eac2a98-0c91-5bf4-ac32-38e673489605,1785286075179,sender -> receiver,0,True,1785286075940,761,0,False
b03311d2-277f-5dfd-987e-b036a7d907f2,1785286076164,sender -> receiver,0,True,1785286076909,745,0,False
6cbd3984-eeeb-544d-b9ab-4f82af1a53f9,1785286076171,sender -> receiver,0,True,1785286076927,756,0,False
ebf0d056-f9f4-59ed-960a-b695eb5d9234,1785286077134,sender -> receiver,0,True,1785286077838,704,0,False
4317b1ef-2d3c-5fe5-8189-4a56b55c4ba1,1785286078149,sender -> receiver,0,True,1785286078877,728,0,False
a6ca5b11-92da-5d29-ba86-97f46167310f,1785286078153,sender -> receiver,0,True,1785286078897,744,0,False
7d6763c7-de62-5b35-91c7-c890a8164331,1785286079154,sender -> receiver,0,True,1785286079879,725,0,False
6f1e43c5-4f90-59c4-bc4b-d774a5892566,1785286079164,sender -> receiver,0,True,1785286079892,728,0,False
c26e9357-1c90-561d-a160-897e5d2298bd,1785286080143,sender -> receiver,0,True,1785286080856,713,0,False
807afb6f-74a6-5e5a-aa14-8e34a983a335,1785286080145,sender -> receiver,0,True,1785286080919,774,0,False
d431f12e-7a83-5451-b49d-f6ac2af2bb06,1785286081136,sender -> receiver,0,True,1785286081854,718,0,False
989bb929-900d-5a16-bd59-12bf7479e61e,1785286082146,sender -> receiver,0,True,1785286082883,737,0,False
e5b39a26-17de-59e7-909e-545872292f2a,1785286082152,sender -> receiver,0,True,1785286082904,752,0,False
5fedc8b3-a633-5456-9401-bdf4d960f76f,1785286083146,sender -> receiver,0,True,1785286083886,740,0,False
35fd87dc-5125-5fb5-9203-8de485d59031,1785286083150,sender -> receiver,0,True,1785286083916,766,0,False
554165e2-3954-59db-9235-dde9f720a7d1,1785286084150,sender -> receiver,0,True,1785286084873,723,0,False
d9900d9a-707d-5c74-9a32-19a2f499fd71,1785286084158,sender -> receiver,0,True,1785286084892,734,0,False
dfdb2354-a99f-54fc-ba40-55aaef4537e0,1785286085182,sender -> receiver,0,True,1785286085893,711,0,False
0095a32b-0e16-5069-9dee-acd9e5377ba5,1785286085220,sender -> receiver,0,True,1785286085947,727,0,False
8d421d67-875b-5962-a476-ad7d615e86a0,1785286086155,sender -> receiver,0,True,1785286086878,723,0,False
4c9ea069-5c94-53c3-b494-2bbece2e36d7,1785286087167,sender -> receiver,0,True,1785286087920,753,0,False
3a1f0eb4-5205-5eb3-bbf9-788d41546e9b,1785286087170,sender -> receiver,0,True,1785286087944,774,0,False
4d1f3f59-39a5-5435-98fb-b797d67b0773,1785286088150,sender -> receiver,0,True,1785286088865,715,0,False
459b1add-11f1-5d2c-901d-4ccaf286e2e3,1785286088154,sender -> receiver,0,True,1785286088919,765,0,False
4d4dc50d-810b-5ebe-a57c-48e609e52abd,1785286089176,sender -> receiver,0,True,1785286089908,732,0,False
128f62c7-bcd4-50a7-a771-f5cd89d62054,1785286089181,sender -> receiver,0,True,1785286089923,742,0,False
02d37a33-57f0-5e4e-bff9-1ca4cc76062c,1785286090162,sender -> receiver,0,True,1785286090901,739,0,False
3336fa93-e815-5e71-a7c1-43c717e62eb5,1785286090165,sender -> receiver,0,True,1785286090921,756,0,False
cfc76016-9e24-506b-a0e5-32d6e2af3de5,1785286091158,sender -> receiver,0,True,1785286091868,710,0,False
95a55d53-7a5b-50f0-9539-a31552ac2f32,1785286092168,sender -> receiver,0,True,1785286092919,751,0,False
f58f6940-9c4e-5319-919d-b47b586afe90,1785286092173,sender -> receiver,0,True,1785286092943,770,0,False
87d7d3db-4dbf-5088-a63f-c71f1c699693,1785286093148,sender -> receiver,0,True,1785286093884,736,0,False
04e57181-adce-57fb-8b29-2058603ea913,1785286093151,sender -> receiver,0,True,1785286093934,783,0,False
a053fbec-9069-55cd-b7ae-f41d6292b83a,1785286094137,sender -> receiver,0,True,1785286094853,716,0,False
607287d5-6967-58c7-a102-50c2f525d6d4,1785286094141,sender -> receiver,0,True,1785286094872,731,0,False
1e4df4a3-7649-5489-a74e-605a68fc560e,1785286095155,sender -> receiver,0,True,1785286095893,738,0,False
0da0012b-68e7-5938-868c-20bdc77f41ff,1785286096148,sender -> receiver,0,True,1785286096867,719,0,False
f2bf3807-6fd2-5a50-a8e3-36d0b3d2dc17,1785286096155,sender -> receiver,0,True,1785286096884,729,0,False
5e9bd8f8-1828-559d-86a6-5d7da5980bae,1785286097153,sender -> receiver,0,True,1785286097866,713,0,False
1a4c1f6e-bd6f-56a5-90ff-4102a3521c88,1785286097155,sender -> receiver,0,True,1785286097901,746,0,False
dcf19ee8-fcd1-56d3-841f-fbbd76fe3461,1785286098156,sender -> receiver,0,True,1785286098859,703,0,False
eb5f361d-838b-514f-8605-b1735a91d6a2,1785286098162,sender -> receiver,0,True,1785286098916,754,0,False
95c27ae1-e923-544d-a414-477659cc07ee,1785286099185,sender -> receiver,0,True,1785286099885,700,0,False
66b61a4e-2553-5668-bd95-1fa0ed89819c,1785286099193,sender -> receiver,0,True,1785286099899,706,0,False
6cbeaebe-0426-540f-a635-cd37b7a4ddd1,1785286100150,sender -> receiver,0,True,1785286100877,727,0,False
cfa09e8a-a3c1-5a08-9ed2-968ba6b2a332,1785286101179,sender -> receiver,0,True,1785286101930,751,0,False
5afc2d17-7e5f-500d-9d5b-2c9613c362ee,1785286101185,sender -> receiver,0,True,1785286101942,757,0,False
e112ff08-9073-5122-8f19-596efdeee9d8,1785286102144,sender -> receiver,0,True,1785286102848,704,0,False
f315f861-96a6-5d61-a415-ae284bb5ee99,1785286102147,sender -> receiver,0,True,1785286102866,719,0,False
e6091aa8-5227-560a-812e-d3a8f90e71b8,1785286103182,sender -> receiver,0,True,1785286103924,742,0,False
9a0014de-d00f-58dc-8dc7-60db0726f16c,1785286103188,sender -> receiver,0,True,1785286103937,749,0,False
bff22c11-47ec-5a33-805a-bda9a25c7481,1785286104180,sender -> receiver,0,True,1785286104900,720,0,False
3c35e381-3b8c-5eaf-bf84-bb1f045aee52,1785286104187,sender -> receiver,0,True,1785286104924,737,0,False
9da01d58-74c5-51f9-91a5-06be3ff88aed,1785286105160,sender -> receiver,0,True,1785286105877,717,0,False
533da216-6898-5bf5-9dc1-139c12f46cdf,1785286106142,sender -> receiver,0,True,1785286106856,714,0,False
d5851f1e-80a4-5c6b-81d8-4c85e74e5fd3,1785286106144,sender -> receiver,0,True,1785286106924,780,0,False
9a95b01d-36ba-5725-8bce-c21ec05f46c7,1785286107168,sender -> receiver,0,True,1785286107896,728,0,False
e5666547-e6aa-53fc-9b53-847ca94f0266,1785286107174,sender -> receiver,0,True,1785286107908,734,0,False
b491fce3-2d43-564a-b37f-56a30a039dc8,1785286108163,sender -> receiver,0,True,1785286108888,725,0,False
84fb4609-80fc-58e7-b25e-ab2645b92efe,1785286108169,sender -> receiver,0,True,1785286108899,730,0,False
a45ee781-5302-51a9-91e0-1992c6a0aeb3,1785286109137,sender -> receiver,0,True,1785286109887,750,0,False
e6fd7c96-86b3-510a-b273-6454b1dd406b,1785286150320,sender -> receiver,0,True,1785286151049,729,0,False
2faa1722-d0f0-5250-a097-037afce708d6,1785286150328,sender -> receiver,0,True,1785286151067,739,0,False
be3c4e58-96ae-5d1f-9d5a-cc0c96ce14d3,1785286151322,sender -> receiver,0,True,1785286152031,709,0,False
6270f6a2-5b8e-5207-af61-c4e09e915117,1785286151344,sender -> receiver,0,True,1785286152075,731,0,False
d6595cd8-0404-51ee-a16c-3ba2e9a29d21,1785286152322,sender -> receiver,0,True,1785286153030,708,0,False
c9824a4f-68da-5311-8876-67e8085cb8e3,1785286152325,sender -> receiver,0,True,1785286153114,789,0,False
6d80bac8-c786-5890-85f6-c20754fa9506,1785286153369,sender -> receiver,0,True,1785286154071,702,0,False
db8c4b9f-7668-504a-9d74-90d71b879c58,1785286153374,sender -> receiver,0,True,1785286154083,709,0,False
a017880e-111e-5413-b885-25284b14c7ba,1785286154316,sender -> receiver,0,True,1785286155003,687,0,False
3899c544-a541-5d7e-889c-b5169538f228,1785286154334,sender -> receiver,0,True,1785286155065,731,0,False
c9138d4a-2daf-5da3-94ef-91e37c64a9ce,1785286155328,sender -> receiver,0,True,1785286156046,718,0,False
dd16f354-46e3-516a-a26c-a91f6d0f53c7,1785286156324,sender -> receiver,0,True,1785286157032,708,0,False
59838448-0dee-59aa-b8a9-89809255f039,1785286156327,sender -> receiver,0,True,1785286157049,722,0,False
d88d7b9a-4f58-5c35-b46e-8f6b2aed9b70,1785286157312,sender -> receiver,0,True,1785286158024,712,0,False
4f6b7dcb-b9a5-5f43-b6d9-ac6308a3f1ab,1785286157314,sender -> receiver,0,True,1785286158038,724,0,False
b0a98441-ff24-5e9c-83ea-79ee916bac2d,1785286158323,sender -> receiver,0,True,1785286159063,740,0,False
afc8563f-c3f5-5e33-87cb-b2cf71505e30,1785286158331,sender -> receiver,0,True,1785286159083,752,0,False
fd0621fe-67ed-5746-b04a-9cbc910b0f17,1785286159344,sender -> receiver,0,True,1785286160042,698,0,False
6e72936d-f2a0-5508-b69e-e74ece38eafd,1785286159351,sender -> receiver,0,True,1785286160056,705,0,False
5dc7dcf5-8350-52bb-8379-0b3749f0668c,1785286160328,sender -> receiver,0,True,1785286161038,710,0,False
24dcb089-ca33-55af-bf97-e605b034a2f3,1785286161324,sender -> receiver,0,True,1785286162033,709,0,False
d0a45e43-3072-5995-b38a-7bfdae1a7683,1785286161329,sender -> receiver,0,True,1785286162045,716,0,False
8fa11cb9-1ff7-59e7-b184-29acf3425df9,1785286162325,sender -> receiver,0,True,1785286163013,688,0,False
d5582e35-77d3-5118-a693-f65c9ae4efe8,1785286162332,sender -> receiver,0,True,1785286163064,732,0,False
9b880441-b6db-56bb-a438-a20e41680290,1785286163349,sender -> receiver,0,True,1785286164048,699,0,False
f4cbce7f-c6f0-5fd5-a8f6-900b31a8b894,1785286163353,sender -> receiver,0,True,1785286164063,710,0,False
4ef89906-d0bc-5bc7-864d-59eab47f90a0,1785286164319,sender -> receiver,0,True,1785286165042,723,0,False
7a0a734f-7183-5d1f-8aad-60af7cc8e206,1785286164326,sender -> receiver,0,True,1785286165096,770,0,False
39c84319-24ab-51df-a469-55088bbf0a0f,1785286165345,sender -> receiver,0,True,1785286166051,706,0,False
e24a0a3a-6223-55e6-a224-a1fa5571c926,1785286165352,sender -> receiver,0,True,1785286166096,744,0,False
d98fb4eb-8b55-5e98-800f-d0bc13425354,1785286166315,sender -> receiver,0,True,1785286167034,719,0,False
91b00c2e-67e5-5540-adb8-c05699ba4240,1785286167326,sender -> receiver,0,True,1785286168057,731,0,False
7c75185a-2517-5b8b-92e4-520c15bfada1,1785286167329,sender -> receiver,0,True,1785286168069,740,0,False
80515e85-f320-5fbf-8c5e-9aba2a2c5d35,1785286168341,sender -> receiver,0,True,1785286169046,705,0,False
d5f8326c-eed3-5945-9793-c14bc1216d6b,1785286168347,sender -> receiver,0,True,1785286169065,718,0,False
c1f98ec0-0c86-5772-8abb-b5910f257454,1785286169314,sender -> receiver,0,True,1785286170074,760,0,False
160fb95b-5472-51fe-be4b-a8a3b972874c,1785286169318,sender -> receiver,0,True,1785286170086,768,0,False
9ade3327-c9c2-5222-97dc-8716701fed1c,1785286170326,sender -> receiver,0,True,1785286171029,703,0,False
9e4c969b-79d1-5fa9-962d-f9551cf7a5df,1785286170330,sender -> receiver,0,True,1785286171047,717,0,False
5f00a7ff-056e-57cb-9c44-097fd2991b86,1785286171316,sender -> receiver,0,True,1785286172026,710,0,False
3172818e-57e4-57f9-bd08-1859431c2b33,1785286172315,sender -> receiver,0,True,1785286173063,748,0,False
574b614b-8c8b-5590-8f72-93dfd5191c21,1785286172317,sender -> receiver,0,True,1785286173077,760,0,False
bfdaf66d-2382-51c1-b225-074d05be16ff,1785286173370,sender -> receiver,0,True,1785286174096,726,0,False
9ffc69e0-23e3-5b3e-a917-88b398e3cc36,1785286173378,sender -> receiver,0,True,1785286174116,738,0,False
b650e071-84a1-52b5-88ce-647c036c2a89,1785286174321,sender -> receiver,0,True,1785286175034,713,0,False
9abeec6f-1f38-5dc8-92b1-0116fa3c5280,1785286174339,sender -> receiver,0,True,1785286175052,713,0,False
b39428ce-c868-51a2-81b9-1cf177f786db,1785286175331,sender -> receiver,0,True,1785286176025,694,0,False
ee4ef929-55a4-5a9b-ab18-820b3e522d30,1785286175334,sender -> receiver,0,True,1785286176039,705,0,False
e375380e-4229-5e8c-85b7-a3a8cb178330,1785286176333,sender -> receiver,0,True,1785286177054,721,0,False
d2c2ee1b-6d26-53b8-8a07-f27f6b0f50da,1785286176338,sender -> receiver,0,True,1785286177070,732,0,False
cc6c5a80-c0cb-5736-9b69-5c1027a23d70,1785286177317,sender -> receiver,0,True,1785286178059,742,0,False
5c1fde92-cc5c-5f97-9171-01f86c33da86,1785286178326,sender -> receiver,0,True,1785286179050,724,0,False
d4a72ad0-3526-53ba-a5b1-b4b96fa60c37,1785286178330,sender -> receiver,0,True,1785286179059,729,0,False
4ccceead-1d02-5068-afda-0d9f4d441285,1785286179322,sender -> receiver,0,True,1785286180022,700,0,False
42234bb3-a401-52a5-93ac-7bf1f25f4a4c,1785286179326,sender -> receiver,0,True,1785286180037,711,0,False
5da061b7-9749-5d07-bf57-d1332ba48611,1785286180328,sender -> receiver,0,True,1785286181017,689,0,False
965f5837-70e1-56dd-861f-75ff850e9bda,1785286180342,sender -> receiver,0,True,1785286181076,734,0,False
aba69904-e8aa-5fda-aabb-0a21ef0562b0,1785286181309,sender -> receiver,0,True,1785286182026,717,0,False
312215f3-d91a-5255-b8cf-23c04cc15c13,1785286181313,sender -> receiver,0,True,1785286182040,727,0,False
7b04d1b8-a7f7-51c1-98c9-0b6f3245ae75,1785286182315,sender -> receiver,0,True,1785286183036,721,0,False
b881a000-48a0-572b-a86b-b6d999d7a190,1785286183343,sender -> receiver,0,True,1785286184027,684,0,False
d46f46e1-90ee-53a2-9af1-17d2e978d5d8,1785286183349,sender -> receiver,0,True,1785286184042,693,0,False
3f34b85f-c258-5a1a-95c2-39108cc2c5c3,1785286184324,sender -> receiver,0,True,1785286185071,747,0,False
a504f922-727b-5087-bb31-719a0fed769f,1785286184326,sender -> receiver,0,True,1785286185089,763,0,False
8c5e5459-2a94-5cff-b448-3c1d0699e0f4,1785286185342,sender -> receiver,0,True,1785286186051,709,0,False
81179a4d-af2f-5f42-a8f2-8112deaef52b,1785286185347,sender -> receiver,0,True,1785286186066,719,0,False
fada283f-f878-5467-bf98-e35d2d6beece,1785286186323,sender -> receiver,0,True,1785286187042,719,0,False
3df96cf4-09b4-55d8-92e9-d1dbbb9998ad,1785286186326,sender -> receiver,0,True,1785286187058,732,0,False
8a58a0d3-c6f9-53e2-bf98-c0efd58c14b5,1785286187322,sender -> receiver,0,True,1785286188040,718,0,False
fae394b8-cbb3-5b4a-bdc3-91ef24e0496d,1785286187326,sender -> receiver,0,True,1785286188052,726,0,False
b3ac11db-59df-5021-b1cd-f811e9d8ff88,1785286188312,sender -> receiver,0,True,1785286189028,716,0,False
bfc73953-7d68-551f-86a4-79cb52e554f4,1785286189324,sender -> receiver,0,True,1785286190016,692,0,False
f81b8b0e-baf9-5e1f-a7b0-f92c9c016aaf,1785286189327,sender -> receiver,0,True,1785286190068,741,0,False
9c281b22-4d4f-5fe6-8b33-1099d9d1a569,1785286190347,sender -> receiver,0,True,1785286191070,723,0,False
3162cfe0-c02a-5dc3-8067-fb4c8f9457ee,1785286190352,sender -> receiver,0,True,1785286191104,752,0,False
c275d773-aadc-5e5a-813f-0ae8157b44f2,1785286191349,sender -> receiver,0,True,1785286192049,700,0,False
75f40cb3-bc0a-5b58-a520-2112bd0f3716,1785286191355,sender -> receiver,0,True,1785286192069,714,0,False
3f1b29de-d8ee-5266-9a35-abd1dd1b08c9,1785286192356,sender -> receiver,0,True,1785286193091,735,0,False
ab990baa-f774-5c0b-91bb-b3b2300809e8,1785286192365,sender -> receiver,0,True,1785286193138,773,0,False
fc4f3142-4d53-5cad-b361-71810d9e5ec2,1785286193312,sender -> receiver,0,True,1785286194039,727,0,False
57e429b0-0853-5e77-81da-bd7ffe9fca20,1785286194326,sender -> receiver,0,True,1785286195053,727,0,False
2348cc18-a868-58d4-b7bb-89c976a5be6e,1785286194330,sender -> receiver,0,True,1785286195069,739,0,False
5f099bf1-9edb-5715-810b-4b86f85b727b,1785286195336,sender -> receiver,0,True,1785286196043,707,0,False
e0dcc984-f8b1-5af6-88a4-f0d9b8155ad2,1785286195344,sender -> receiver,0,True,1785286196057,713,0,False
792dbfe0-3957-5c92-bd0e-4d509eb8cf42,1785286196349,sender -> receiver,0,True,1785286197082,733,0,False
afc0c2ef-ca8e-51f0-a877-3148a17d03ae,1785286196354,sender -> receiver,0,True,1785286197099,745,0,False
70132a39-34f4-548c-a1eb-387b1d19a82c,1785286197323,sender -> receiver,0,True,1785286198035,712,0,False
c24014fe-2ba0-5b7d-8963-e2fa418e7b04,1785286197326,sender -> receiver,0,True,1785286198048,722,0,False
fcdbfbb2-30fa-5d4e-bcb4-ded42b4fe51c,1785286198324,sender -> receiver,0,True,1785286199030,706,0,False
5aa32549-201e-53c6-8768-085b8956f7ca,1785286198327,sender -> receiver,0,True,1785286199042,715,0,False
5645eeea-ce88-516b-9ea9-eab7bf4f6fb7,1785286199317,sender -> receiver,0,True,1785286200051,734,0,False
24014112-70d3-512f-b8ea-e90927c4464d,1785286200326,sender -> receiver,0,True,1785286201039,713,0,False
5a5c94a2-3b86-5f2a-bcf3-71b965bcb408,1785286200329,sender -> receiver,0,True,1785286201054,725,0,False
87b9c42a-3aea-500e-ac6e-08d8898b463a,1785286201323,sender -> receiver,0,True,1785286202028,705,0,False
7a73536c-0cd4-5be7-8a47-690843ac2118,1785286201329,sender -> receiver,0,True,1785286202042,713,0,False
004f1575-4ad4-5b19-9b43-e0454084eaff,1785286202309,sender -> receiver,0,True,1785286203043,734,0,False
3e557b47-767e-5d1a-996c-3bb657bfba33,1785286202317,sender -> receiver,0,True,1785286203054,737,0,False
5d3e0b3e-ad8e-5dc3-99f2-6ae79f481439,1785286203318,sender -> receiver,0,True,1785286204013,695,0,False
8f3fdfd4-df0e-5887-be84-0387d06a6b22,1785286203321,sender -> receiver,0,True,1785286204024,703,0,False
b92cd56d-d98a-5021-b749-20a20c11cbfa,1785286204309,sender -> receiver,0,True,1785286205000,691,0,False
8b0ad543-5570-591d-854b-d4d81d7be451,1785286245488,sender -> receiver,0,True,1785286246187,699,0,False
a6d119e5-3735-51ba-92b0-9bd2a1ec8272,1785286245490,sender -> receiver,0,True,1785286246243,753,0,False
f2b73ead-10ab-5662-9612-47c41712f688,1785286246497,sender -> receiver,0,True,1785286247223,726,0,False
823a736a-486d-551b-a9e0-b02425095ec4,1785286246499,sender -> receiver,0,True,1785286247243,744,0,False
df8a40cf-4081-53f6-8472-d60b4d4ea5a0,1785286247492,sender -> receiver,0,True,1785286248266,774,0,False
c9ee6a40-0b06-59ef-9ace-f95e8f54b680,1785286247495,sender -> receiver,0,True,1785286248283,788,0,False
2e2f5bef-173b-5182-90fd-6917d2dba9d0,1785286248490,sender -> receiver,0,True,1785286249217,727,0,False
d89035c4-045a-53b9-9d9c-847650535b09,1785286248492,sender -> receiver,0,True,1785286249235,743,0,False
52760029-95b6-529e-952b-657795dd4e15,1785286249485,sender -> receiver,0,True,1785286250196,711,0,False
b031b363-2a13-5cf0-8df3-331a8c80b066,1785286249488,sender -> receiver,0,True,1785286250220,732,0,False
2d53e887-d209-52f1-b490-67919353d989,1785286250519,sender -> receiver,0,True,1785286251234,715,0,False
5e085e29-e762-50ab-9c4b-851aad1006ba,1785286251562,sender -> receiver,0,True,1785286252282,720,0,False
6f824f35-8e74-5bf6-9418-e96ddd400d33,1785286251566,sender -> receiver,0,True,1785286252293,727,0,False
61cbef2f-9c0c-5a53-aecb-e3908a78082a,1785286252515,sender -> receiver,0,True,1785286253243,728,0,False
93e99aef-f318-5f3f-a077-4ae23b93d86e,1785286252519,sender -> receiver,0,True,1785286253261,742,0,False
30c6067c-a5d9-5c32-843b-e5949b210980,1785286253545,sender -> receiver,0,True,1785286254294,749,0,False
61d852eb-45eb-5265-8799-40691ac5a5fe,1785286253551,sender -> receiver,0,True,1785286254311,760,0,False
166bc7e6-6e9b-5eff-b566-1ce28c8de929,1785286254527,sender -> receiver,0,True,1785286255233,706,0,False
2e964eb5-93a1-52e9-8b30-30b8a1ee312c,1785286254532,sender -> receiver,0,True,1785286255243,711,0,False
e397c29a-281e-545f-8913-70ae19fa5c76,1785286255481,sender -> receiver,0,True,1785286256273,792,0,False
4cb60add-0932-5957-a3f2-1f983c82cf74,1785286256546,sender -> receiver,0,True,1785286257258,712,0,False
4a1a7cef-ee01-5f66-b587-52528dc2acc1,1785286256550,sender -> receiver,0,True,1785286257278,728,0,False
7c64cf44-7926-589d-b2a4-a34345acc84c,1785286257492,sender -> receiver,0,True,1785286258192,700,0,False
19d4760b-a2da-504b-b329-a8be8d69793e,1785286257494,sender -> receiver,0,True,1785286258212,718,0,False
bde6b63e-45e0-5d17-98ad-3a4ddbcf454b,1785286258492,sender -> receiver,0,True,1785286259190,698,0,False
9c1f765f-226f-5ee7-94ab-f009fc6d0258,1785286258494,sender -> receiver,0,True,1785286259219,725,0,False
e529f372-aa48-50fe-9752-c842761b56fd,1785286259498,sender -> receiver,0,True,1785286260215,717,0,False
907760ff-8ceb-51ed-af3c-f1cf52b863df,1785286259500,sender -> receiver,0,True,1785286260229,729,0,False
58615825-60df-5857-8eff-a820283d32f7,1785286260498,sender -> receiver,0,True,1785286261227,729,0,False
9c7f349b-5520-51b2-86d9-7a969a6fa06e,1785286260501,sender -> receiver,0,True,1785286261246,745,0,False
bb802c36-a8e4-5ddb-a78d-4de567954c0f,1785286261495,sender -> receiver,0,True,1785286262216,721,0,False
c3882add-2419-57a9-b36e-07cd042d77dd,1785286262495,sender -> receiver,0,True,1785286263187,692,0,False
c16018e2-3c97-57c5-bd7e-adbb1890c6dd,1785286262498,sender -> receiver,0,True,1785286263206,708,0,False
b0edd802-db42-5eca-bfd6-68e4dfb6629d,1785286263488,sender -> receiver,0,True,1785286264203,715,0,False
3ac3822a-a168-5409-9eb1-b320179599bc,1785286263490,sender -> receiver,0,True,1785286264220,730,0,False
6d7797d7-8c50-5880-9b9a-f4bbe1b6c641,1785286264486,sender -> receiver,0,True,1785286265214,728,0,False
46d7b5ab-b954-5e97-a931-f6ff1750b791,1785286264489,sender -> receiver,0,True,1785286265231,742,0,False
99c2ee83-3613-572d-916c-f85fa73bb968,1785286265539,sender -> receiver,0,True,1785286266246,707,0,False
eb5476b4-8f88-5d39-91a7-3acf9f79b8c4,1785286265543,sender -> receiver,0,True,1785286266263,720,0,False
120dcf6d-92da-58c5-937c-ea32cdd8583e,1785286266491,sender -> receiver,0,True,1785286267189,698,0,False
549e37fe-259c-5154-8d8e-dfaf35229bf9,1785286267500,sender -> receiver,0,True,1785286268235,735,0,False
088b4e34-123f-53e0-bb47-6e78834e75ed,1785286267504,sender -> receiver,0,True,1785286268273,769,0,False
8210b04b-00f4-57b3-9f98-d6453b252019,1785286268488,sender -> receiver,0,True,1785286269246,758,0,False
72198b43-dc84-50a4-bbbb-2957a321df9a,1785286268490,sender -> receiver,0,True,1785286269259,769,0,False
903359d0-2a65-524c-9fb7-ce6a42cd45c3,1785286269502,sender -> receiver,0,True,1785286270220,718,0,False
0461c6f9-f54a-5ac5-be9e-ea291ce3bd23,1785286269504,sender -> receiver,0,True,1785286270313,809,0,False
e113d5bf-09e5-5ac7-8d36-0137796a1987,1785286270499,sender -> receiver,0,True,1785286271212,713,0,False
244df954-2641-5af2-a785-e287770f440b,1785286270501,sender -> receiver,0,True,1785286271225,724,0,False
40538180-d4fb-56fe-8e2c-7a6a4ad2c44e,1785286271489,sender -> receiver,0,True,1785286272199,710,0,False
b87bb085-d160-57b9-ab04-4cb4cddaaacf,1785286271498,sender -> receiver,0,True,1785286272214,716,0,False
458d9364-c885-5492-96ad-0dbb47f70ed2,1785286272483,sender -> receiver,0,True,1785286273191,708,0,False
8c800b94-2d0b-58f9-a47c-8ac7f951982a,1785286273529,sender -> receiver,0,True,1785286274261,732,0,False
356fcde1-0947-5d4b-b281-b25b53b626fb,1785286273551,sender -> receiver,0,True,1785286274283,732,0,False
a2f62ab7-9a11-54e9-bd67-e07be0049825,1785286274528,sender -> receiver,0,True,1785286275259,731,0,False
9b7a0296-e9b3-56e0-867b-6296b7416abf,1785286274533,sender -> receiver,0,True,1785286275282,749,0,False
781aa068-e45d-554c-a1e3-370f4f659736,1785286275521,sender -> receiver,0,True,1785286276247,726,0,False
76d56112-0386-502b-8e56-6ca9a4843536,1785286275557,sender -> receiver,0,True,1785286276269,712,0,False
a9be3657-9d4c-51d6-873c-541fc27aec47,1785286276544,sender -> receiver,0,True,1785286277243,699,0,False
ee4008ce-8212-5aa7-8264-ccc8808d44b6,1785286276549,sender -> receiver,0,True,1785286277289,740,0,False
958b8a95-01da-542c-8e9e-cd80978de4ba,1785286277495,sender -> receiver,0,True,1785286278279,784,0,False
61678d33-8824-5001-b0c4-1b844fdd9496,1785286278540,sender -> receiver,0,True,1785286279257,717,0,False
ef0d2e71-bdfd-559a-9129-ad35796602bd,1785286278545,sender -> receiver,0,True,1785286279272,727,0,False
e1e33f84-0bf7-5f3a-bffe-c0ef36b3e265,1785286279512,sender -> receiver,0,True,1785286280276,764,0,False
ff433d1b-b9a6-5e9b-a5ff-bb541a88bf19,1785286279516,sender -> receiver,0,True,1785286280292,776,0,False
af7f9ac9-f5e1-5b5b-b126-9305d4141735,1785286280502,sender -> receiver,0,True,1785286281226,724,0,False
3de753a9-e02f-595f-a3d6-7410f7619706,1785286280507,sender -> receiver,0,True,1785286281240,733,0,False
90ec57fa-9776-549c-8414-ce387b56fb7f,1785286281497,sender -> receiver,0,True,1785286282239,742,0,False
273ac97a-a133-5ad4-b7f9-bd5ddcfdffe7,1785286281499,sender -> receiver,0,True,1785286282249,750,0,False
85fa2b18-a342-527d-b793-5d79ba75e63b,1785286282497,sender -> receiver,0,True,1785286283256,759,0,False
ecb4000e-3148-5d97-b88b-c8fecc66ecc6,1785286282499,sender -> receiver,0,True,1785286283273,774,0,False
aa5c3b27-8963-5f18-a7bb-83149b437072,1785286283507,sender -> receiver,0,True,1785286284203,696,0,False
5d587721-18f3-5f1e-9166-1b124e08e2a5,1785286284526,sender -> receiver,0,True,1785286285250,724,0,False
41d4b41f-e764-5be6-87f4-4b300c6db66f,1785286284531,sender -> receiver,0,True,1785286285277,746,0,False
ef997699-938a-5082-959c-91d945900dff,1785286285521,sender -> receiver,0,True,1785286286244,723,0,False
e2e0d52c-85b4-5228-b228-6354fec7e12c,1785286285525,sender -> receiver,0,True,1785286286256,731,0,False
58f44872-250d-58d8-b204-4701cb63e718,1785286286531,sender -> receiver,0,True,1785286287259,728,0,False
ed12dccb-1fe7-50d9-b679-0949fcb482a4,1785286286535,sender -> receiver,0,True,1785286287292,757,0,False
6405bad7-c4a9-5285-b8c2-6d55a9b154ae,1785286287485,sender -> receiver,0,True,1785286288222,737,0,False
95db8078-19a5-5ce3-ba58-0f3f1e8e9b8c,1785286287487,sender -> receiver,0,True,1785286288272,785,0,False
3e360d16-7fd0-523c-b40a-552a4367823f,1785286288509,sender -> receiver,0,True,1785286289213,704,0,False
7eec90b1-95a5-57cd-89f0-658fd3d0f4b8,1785286289541,sender -> receiver,0,True,1785286290229,688,0,False
ca19cad3-9faf-5cb9-aab3-ce0b57299fe1,1785286289545,sender -> receiver,0,True,1785286290245,700,0,False
9f2fe6b8-848b-5e3e-961c-256c479f9db5,1785286290501,sender -> receiver,0,True,1785286291232,731,0,False
7c98510e-fefb-5b40-983a-610a587cda28,1785286290503,sender -> receiver,0,True,1785286291256,753,0,False
139aa2c0-3c3a-587c-9355-4c634c3ddbe0,1785286291509,sender -> receiver,0,True,1785286292233,724,0,False
b3d20e61-b344-5106-b562-06f82ee4415d,1785286291513,sender -> receiver,0,True,1785286292256,743,0,False
76cae054-696e-53af-befd-6221694ff44c,1785286292535,sender -> receiver,0,True,1785286293247,712,0,False
4bff5ca5-56d4-52a5-8d76-451ee78ec18a,1785286292540,sender -> receiver,0,True,1785286293306,766,0,False
90c4170a-211f-54b6-b0fa-52c4235de61c,1785286293502,sender -> receiver,0,True,1785286294250,748,0,False
a5b01f7e-d03e-5a9b-a172-29ab2f8bccbb,1785286293505,sender -> receiver,0,True,1785286294277,772,0,False
ebcb2e51-bb0b-5c20-9985-e57af5d40ba5,1785286294488,sender -> receiver,0,True,1785286295184,696,0,False
ff67e730-77ff-5e73-89b4-edd1fd9bab8d,1785286295516,sender -> receiver,0,True,1785286296233,717,0,False
45b2f585-8f0a-5925-91d7-2635b60beaa0,1785286295520,sender -> receiver,0,True,1785286296286,766,0,False
2ee66ef3-d295-5b94-94c7-378ee300e282,1785286296499,sender -> receiver,0,True,1785286297221,722,0,False
10fb6f60-34e7-5814-8fb9-d3247f09e525,1785286296503,sender -> receiver,0,True,1785286297237,734,0,False
195eb02c-24fa-588d-ad3e-da56382e2146,1785286297497,sender -> receiver,0,True,1785286298211,714,0,False
0bf3ad4e-7775-51fc-b72a-8ba8c5db4bf6,1785286297499,sender -> receiver,0,True,1785286298234,735,0,False
185b0d0b-7674-56ac-9e6b-d68190f75612,1785286298495,sender -> receiver,0,True,1785286299190,695,0,False
081264c5-6224-556d-9e52-8879e7672fb6,1785286298497,sender -> receiver,0,True,1785286299253,756,0,False
2b5d4dee-fd60-5a1c-8236-2111a3dbfbc5,1785286299508,sender -> receiver,0,True,1785286300219,711,0,False
464cee9b-4ade-5328-86fd-90da25998849,1785286339659,sender -> receiver,0,True,1785286340364,705,0,False
cefff13d-576e-5ce6-87dd-c12622a609d5,1785286339661,sender -> receiver,0,True,1785286340375,714,0,False
43e4951b-e65c-5ee5-ab61-7d2848c26030,1785286340677,sender -> receiver,0,True,1785286341395,718,0,False
c438c43e-eafc-5625-8a71-1cffbfde9f8d,1785286340679,sender -> receiver,0,True,1785286341443,764,0,False
eb1199ec-4b55-5bcb-ba6c-a2637fe34015,1785286341699,sender -> receiver,0,True,1785286342433,734,0,False
f681c659-2b58-557f-9a10-fbfe1dba2fee,1785286341704,sender -> receiver,0,True,1785286342445,741,0,False
5a52e9be-a215-5276-9bbb-87628e1f2c01,1785286342692,sender -> receiver,0,True,1785286343422,730,0,False
33db42cf-9b54-57ef-bab8-161ff8a34598,1785286342696,sender -> receiver,0,True,1785286343501,805,0,False
9333b867-b413-5079-ac45-8586c0304ff2,1785286343668,sender -> receiver,0,True,1785286344367,699,0,False
21ace89c-e975-566b-9ccd-196ef3588614,1785286344677,sender -> receiver,0,True,1785286345402,725,0,False
71df2839-750a-53a9-84be-7cbc14225a59,1785286344682,sender -> receiver,0,True,1785286345421,739,0,False
95ef724c-f502-5d32-adab-ae0f67b4fc06,1785286345673,sender -> receiver,0,True,1785286346400,727,0,False
da247b3f-3854-5143-bc1a-b2be1723b26b,1785286345676,sender -> receiver,0,True,1785286346470,794,0,False
2d69233a-aaab-5bf1-a866-ad1358a9ca0b,1785286346674,sender -> receiver,0,True,1785286347383,709,0,False
b4e5325c-5411-5be4-bfd5-dc16d9502ff2,1785286346677,sender -> receiver,0,True,1785286347404,727,0,False
9e46eceb-d1be-5d7c-9697-4f8ca6c78913,1785286347663,sender -> receiver,0,True,1785286348370,707,0,False
10ebdd6d-0448-5633-9e23-48b11dea7be5,1785286347666,sender -> receiver,0,True,1785286348397,731,0,False
375951d1-eb3f-50d7-9132-d4ce3de3feaa,1785286348665,sender -> receiver,0,True,1785286349397,732,0,False
7b47d57e-fd9f-500a-88b2-bfb27d0d9b76,1785286349694,sender -> receiver,0,True,1785286350399,705,0,False
257b6017-49af-5e9f-8c55-becc0b9f5def,1785286349699,sender -> receiver,0,True,1785286350427,728,0,False
24d2b72c-b6d0-5d87-9fc2-3bb95a282cd1,1785286350668,sender -> receiver,0,True,1785286351394,726,0,False
c147e9ea-2578-571d-b148-7b8995d46d45,1785286350675,sender -> receiver,0,True,1785286351419,744,0,False
db120344-9939-5bfb-96f9-270581afdfcd,1785286351673,sender -> receiver,0,True,1785286352393,720,0,False
4be4a6ce-dcc9-5d00-b307-4324bef99aad,1785286351678,sender -> receiver,0,True,1785286352412,734,0,False
0e8dacde-310f-5d19-a346-0875cd84ccdf,1785286352669,sender -> receiver,0,True,1785286353402,733,0,False
02a26011-cb47-5373-81a4-89eb811928bc,1785286353671,sender -> receiver,0,True,1785286354405,734,0,False
52ea7b35-f4f9-5b38-acad-360ff63f26cb,1785286353673,sender -> receiver,0,True,1785286354448,775,0,False
99f82664-eb30-5c44-8ffb-75fcdbc68eb4,1785286354663,sender -> receiver,0,True,1785286355397,734,0,False
d63026b7-b637-5ac6-b535-10b8b515f170,1785286354666,sender -> receiver,0,True,1785286355415,749,0,False
2d17f6f0-b7a7-513b-9cda-daa0df07f206,1785286355686,sender -> receiver,0,True,1785286356395,709,0,False
4ccfe8b5-d41b-5cf7-860d-b51151927382,1785286355690,sender -> receiver,0,True,1785286356412,722,0,False
2c04a10d-1d2f-5ff0-a821-9b2ee52f468b,1785286356674,sender -> receiver,0,True,1785286357373,699,0,False
4d6acbe2-2892-5419-ba69-5eb369bfc565,1785286356677,sender -> receiver,0,True,1785286357385,708,0,False
4720e289-55be-5d27-80a0-50fbc3757143,1785286357667,sender -> receiver,0,True,1785286358424,757,0,False
30feb5d8-7b33-53b9-bc2f-5b678769e9ec,1785286358683,sender -> receiver,0,True,1785286359396,713,0,False
566e4f3c-bfeb-5e69-ae5f-57a0ed487875,1785286358688,sender -> receiver,0,True,1785286359452,764,0,False
53e3b9ec-ffed-55d7-9ada-2cf68996bb65,1785286359675,sender -> receiver,0,True,1785286360392,717,0,False
35e2f1d2-9dad-5672-b0a8-480474d9fd45,1785286359709,sender -> receiver,0,True,1785286360404,695,0,False
6f8a8603-4da1-52b3-a5e6-7de42f6aa128,1785286360691,sender -> receiver,0,True,1785286361416,725,0,False
58585abf-4f87-5b84-a853-fa53225c9c98,1785286360698,sender -> receiver,0,True,1785286361431,733,0,False
d6990810-778e-5190-955b-12abd7456847,1785286361697,sender -> receiver,0,True,1785286362420,723,0,False
fa501918-5337-52fe-8dc9-e5f137992e46,1785286361731,sender -> receiver,0,True,1785286362430,699,0,False
532752b5-77a8-5190-9d60-cf7570fd2f37,1785286362664,sender -> receiver,0,True,1785286363510,846,0,False
c9244205-530e-56ff-875b-bba81cae96dc,1785286363673,sender -> receiver,0,True,1785286364396,723,0,False
339b701c-8a19-5cef-9c6d-0c87ec9d9a39,1785286363681,sender -> receiver,0,True,1785286364413,732,0,False
ab71a0ea-5d88-5ec7-b33b-58016a226342,1785286364689,sender -> receiver,0,True,1785286365384,695,0,False
e3d442e6-5e10-5a6c-b2d9-8d478ed20ca9,1785286364694,sender -> receiver,0,True,1785286365400,706,0,False
aa9d3bd8-9a06-502d-808e-b613577d3dd3,1785286365673,sender -> receiver,0,True,1785286366395,722,0,False
55553739-5c32-54c0-b92b-1e1a1b751bbf,1785286365675,sender -> receiver,0,True,1785286366416,741,0,False
da4821f9-c2e7-5d95-8e5a-e176884cc3c8,1785286366665,sender -> receiver,0,True,1785286367384,719,0,False
81242b47-1c7f-5ec8-b335-98ee0afdf781,1785286367673,sender -> receiver,0,True,1785286368400,727,0,False
c6c4aa9d-a788-5e65-9e7e-3385964d8feb,1785286367676,sender -> receiver,0,True,1785286368413,737,0,False
4bb89c86-c92b-55c9-ac43-91bc8ea83837,1785286368674,sender -> receiver,0,True,1785286369390,716,0,False
6c866247-7c46-5f25-a418-56963c6c869a,1785286368678,sender -> receiver,0,True,1785286369406,728,0,False
c7a73618-bc83-54d3-a599-75dd772e3ed0,1785286369689,sender -> receiver,0,True,1785286370374,685,0,False
f788e3eb-5692-5f9e-bf37-d4bdd16b3248,1785286369696,sender -> receiver,0,True,1785286370419,723,0,False
cd9d9899-24de-58df-8074-2a5efc608812,1785286370698,sender -> receiver,0,True,1785286371421,723,0,False
f764a85e-7eea-5c5c-b54b-18c2f720ceb9,1785286370704,sender -> receiver,0,True,1785286371444,740,0,False
1fc6ead7-5f37-5567-93e3-00715a4e0e37,1785286371685,sender -> receiver,0,True,1785286372405,720,0,False
dbb82613-17f0-5bda-91b1-303f84fb2625,1785286372661,sender -> receiver,0,True,1785286373389,728,0,False
01d1a45d-cdb2-5581-a34b-46e958d7a622,1785286372664,sender -> receiver,0,True,1785286373407,743,0,False
d0f0c36d-8091-5d99-a637-5fd204e9eafa,1785286373673,sender -> receiver,0,True,1785286374387,714,0,False
a1ac2016-0358-5c9a-a341-756b2902995d,1785286373676,sender -> receiver,0,True,1785286374402,726,0,False
d3c700a3-f8a9-5efe-8d93-d845341d6bbb,1785286374715,sender -> receiver,0,True,1785286375422,707,0,False
68a3e037-2ed5-559f-82c4-34af0250ecf9,1785286374734,sender -> receiver,0,True,1785286375442,708,0,False
50b7ffc7-16b1-582d-96f1-3516c4876fb3,1785286375680,sender -> receiver,0,True,1785286376421,741,0,False
c8d16193-2474-5952-969e-89d9d6f67bff,1785286375685,sender -> receiver,0,True,1785286376432,747,0,False
8bc275f5-915e-5015-8270-a251ebc044ec,1785286376688,sender -> receiver,0,True,1785286377400,712,0,False
3d2e13ef-4973-557c-8b55-e36a29e3a181,1785286377699,sender -> receiver,0,True,1785286378389,690,0,False
831efc80-7f9c-53ac-aeff-6c506604b970,1785286377706,sender -> receiver,0,True,1785286378485,779,0,False
c3a06e23-c716-5481-a3fc-fcf8dea89615,1785286378678,sender -> receiver,0,True,1785286379388,710,0,False
29a3aac6-1bac-57d4-8c64-7dd8101438c9,1785286378688,sender -> receiver,0,True,1785286379404,716,0,False
fe2711b4-ee48-5ba4-816a-7663d2502f75,1785286379697,sender -> receiver,0,True,1785286380417,720,0,False
0e2e253d-5184-516b-bdd5-df9d01e80c0e,1785286379703,sender -> receiver,0,True,1785286380433,730,0,False
be29f914-7c6d-5466-b561-6b390327c980,1785286380673,sender -> receiver,0,True,1785286381374,701,0,False
e5740161-1f55-5038-a4fc-da9524704ed4,1785286381671,sender -> receiver,0,True,1785286382394,723,0,False
e4b72164-3613-5601-8c2b-2e0cd02c255c,1785286381674,sender -> receiver,0,True,1785286382414,740,0,False
772d3133-4f09-52ca-941c-715b3d0b51ff,1785286382682,sender -> receiver,0,True,1785286383396,714,0,False
b408a178-3012-5b3e-8ef5-171ba5795fb3,1785286382684,sender -> receiver,0,True,1785286383411,727,0,False
0611ad6d-02b7-5825-b041-f1d8083c9037,1785286383704,sender -> receiver,0,True,1785286384415,711,0,False
315e029e-5575-589c-9a27-ef263648821d,1785286383714,sender -> receiver,0,True,1785286384431,717,0,False
b75df1d9-f9e3-54c2-97af-92b77e8eb60f,1785286384671,sender -> receiver,0,True,1785286385377,706,0,False
ab1f8e96-401d-5800-96e6-12122712a1f5,1785286384675,sender -> receiver,0,True,1785286385448,773,0,False
8dc76595-22c8-5be2-adff-7bf603518d09,1785286385671,sender -> receiver,0,True,1785286386405,734,0,False
7e27f079-7b22-5e7a-8afb-48153722d97b,1785286386698,sender -> receiver,0,True,1785286387396,698,0,False
162b13bf-af6c-5e45-a799-55cd2ccd583a,1785286386706,sender -> receiver,0,True,1785286387466,760,0,False
2c8e1667-43ca-5966-b15e-c848d936ccf7,1785286387661,sender -> receiver,0,True,1785286388373,712,0,False
de1eddc0-ba60-5f8d-a481-0f3b053fe1d0,1785286387663,sender -> receiver,0,True,1785286388431,768,0,False
764b4bc6-66d6-5365-bfd8-23e7359a8921,1785286388698,sender -> receiver,0,True,1785286389419,721,0,False
3b01fb3e-9feb-59b3-b36d-8681656d662a,1785286388709,sender -> receiver,0,True,1785286389439,730,0,False
38b0daf7-daa2-5a69-9849-4e03a6ad0ec4,1785286389659,sender -> receiver,0,True,1785286390354,695,0,False
d75eaee2-dc9d-596e-8ee0-89e5e045adc6,1785286389662,sender -> receiver,0,True,1785286390387,725,0,False
2657e064-2e83-5fb6-8b06-c282654a552a,1785286390662,sender -> receiver,0,True,1785286391396,734,0,False
39a44f84-a596-57ab-80f0-ee9b6652d10b,1785286391676,sender -> receiver,0,True,1785286392395,719,0,False
87af6313-abec-590b-aca0-47bb08bbd6a2,1785286391680,sender -> receiver,0,True,1785286392410,730,0,False
8c267bb8-12ce-5939-89ae-31c00d34654f,1785286392669,sender -> receiver,0,True,1785286393368,699,0,False
15745908-3a36-5acf-983c-fd4b8998a615,1785286392672,sender -> receiver,0,True,1785286393383,711,0,False
2948cc13-ae7f-5bbf-b63d-d8f5e4e756b0,1785286393668,sender -> receiver,0,True,1785286394383,715,0,False
0aeb4437-8f16-52b1-a44b-519383461f4f,1785286393671,sender -> receiver,0,True,1785286394399,728,0,False
38f8ffc9-b1d1-5c0f-ac5a-5f90ae0c0191,1785286394664,sender -> receiver,0,True,1785286395395,731,0,False
b951aee5-fc26-5265-b45d-cf6c1d98e353,1785286435392,sender -> receiver,0,True,1785286436134,742,0,False
c3f85bc9-08c7-5ae1-8765-c282f7adbf75,1785286435397,sender -> receiver,0,True,1785286436156,759,0,False
2e274e1f-67df-5032-bfc6-3d063927fb3a,1785286436359,sender -> receiver,0,True,1785286437066,707,0,False
7c5726d7-00dd-5205-ac26-167cb4c9bd99,1785286436365,sender -> receiver,0,True,1785286437083,718,0,False
202e86ca-5480-5903-9d2b-68191e529917,1785286437357,sender -> receiver,0,True,1785286438059,702,0,False
466af58f-eb8f-5151-b239-d9c84a3d1cf4,1785286437360,sender -> receiver,0,True,1785286438075,715,0,False
e14d66ed-9c80-52e5-b5bc-20c6f9293fa5,1785286438402,sender -> receiver,0,True,1785286439089,687,0,False
a27d2e29-431f-56cf-942e-246171673fd3,1785286438408,sender -> receiver,0,True,1785286439152,744,0,False
ad912335-0542-560a-a38d-aa72c382fba8,1785286439356,sender -> receiver,0,True,1785286440131,775,0,False
f4134fd0-c371-553e-95b0-26a7e5c251c0,1785286439360,sender -> receiver,0,True,1785286440156,796,0,False
9835ba13-0a14-5583-9a8d-3235141e1b01,1785286440351,sender -> receiver,0,True,1785286441067,716,0,False
4aa45441-f23f-5ca5-9657-5e53cf4fe7f9,1785286441356,sender -> receiver,0,True,1785286442059,703,0,False
484d912e-31b2-5ef5-8d96-49290f5570e1,1785286441359,sender -> receiver,0,True,1785286442070,711,0,False
a030bf7c-6ecf-5e8d-b41e-c68e5b7b9d52,1785286442375,sender -> receiver,0,True,1785286443093,718,0,False
c0c230b1-9a1c-5356-a0db-14f261722a30,1785286442380,sender -> receiver,0,True,1785286443109,729,0,False
38b69909-1c0b-5e5c-b01a-c57c75c5c9a3,1785286443354,sender -> receiver,0,True,1785286444106,752,0,False
819a353c-90db-5f3d-ac3e-7d039aefdf47,1785286443356,sender -> receiver,0,True,1785286444129,773,0,False
56250e38-ce63-55dd-a238-3dcb1df03f25,1785286444378,sender -> receiver,0,True,1785286445077,699,0,False
164bfe21-5cb7-5e74-8bef-72a3bcbec0ce,1785286444381,sender -> receiver,0,True,1785286445119,738,0,False
c4a2135b-34a4-51fb-9131-312fd4eb8fc3,1785286445355,sender -> receiver,0,True,1785286446069,714,0,False
eb03e915-2704-5b4e-8039-06a1bde5e731,1785286446375,sender -> receiver,0,True,1785286447099,724,0,False
b744189c-be5d-5fc6-b81b-cde828df989f,1785286446381,sender -> receiver,0,True,1785286447114,733,0,False
87d962b6-d30f-5967-a042-c2bdbb8b05a6,1785286447358,sender -> receiver,0,True,1785286448087,729,0,False
dd370636-8fea-5f5a-878c-c39d3c17204c,1785286447361,sender -> receiver,0,True,1785286448123,762,0,False
9039bf61-88b6-5fd4-a2a8-c8675f627083,1785286448400,sender -> receiver,0,True,1785286449087,687,0,False
b6f66a79-58fb-5684-9328-2ca7f097e802,1785286448407,sender -> receiver,0,True,1785286449165,758,0,False
e9200433-cd6a-5724-a258-d8b0f19face8,1785286449360,sender -> receiver,0,True,1785286450071,711,0,False
a558115a-741e-505e-a23b-ebc57f318fe4,1785286449363,sender -> receiver,0,True,1785286450087,724,0,False
6755c9d3-4e92-52f6-97f0-198d786f3315,1785286450376,sender -> receiver,0,True,1785286451101,725,0,False
cf8b523b-60dc-5a1a-8f09-d1484cb45ddc,1785286450378,sender -> receiver,0,True,1785286451115,737,0,False
ed745c54-01a9-5e27-b232-e266af0f7242,1785286451347,sender -> receiver,0,True,1785286452096,749,0,False
3fcc26bb-9b67-545b-a1e0-48392689f850,1785286452374,sender -> receiver,0,True,1785286453082,708,0,False
f2d46f89-8ae8-5f75-9f5f-be3254a83fd2,1785286452378,sender -> receiver,0,True,1785286453095,717,0,False
1be7848d-9b46-5435-b0dd-ba31e18046af,1785286453373,sender -> receiver,0,True,1785286454089,716,0,False
6667ce57-4248-5e8f-bbe5-35ce2433644e,1785286453377,sender -> receiver,0,True,1785286454107,730,0,False
88b49a1e-f673-5557-b59b-fb70d2c0eb36,1785286454376,sender -> receiver,0,True,1785286455073,697,0,False
db754e86-4d45-5567-844b-a238ad6c5079,1785286454382,sender -> receiver,0,True,1785286455137,755,0,False
a6c1b56f-605d-5519-9b9f-8931224ee36c,1785286455378,sender -> receiver,0,True,1785286456107,729,0,False
bb930de1-981b-5837-a862-02f24f74d168,1785286455383,sender -> receiver,0,True,1785286456147,764,0,False
2c64a943-9b2d-518b-a4ca-b7b03b8bc836,1785286456349,sender -> receiver,0,True,1785286457098,749,0,False
1cf94bb1-d94f-5dd2-aa41-d7010ef4b403,1785286457378,sender -> receiver,0,True,1785286458086,708,0,False
7441d5ab-f56f-5901-ab4f-0c7c19c53af0,1785286457385,sender -> receiver,0,True,1785286458107,722,0,False
87d38ed2-7a45-5f94-af4c-253b9564eeb2,1785286458356,sender -> receiver,0,True,1785286459069,713,0,False
8f375de0-2cf5-53ee-a70b-3b846567fb7b,1785286458374,sender -> receiver,0,True,1785286459082,708,0,False
5971ed0c-15b3-5e1e-8feb-4f2bd6c44bd7,1785286459360,sender -> receiver,0,True,1785286460060,700,0,False
4adadb18-7ac6-51fa-973c-eb2075a8d9e3,1785286459369,sender -> receiver,0,True,1785286460078,709,0,False
55a5bc4f-77e5-57d7-9607-0153a04f89a9,1785286460361,sender -> receiver,0,True,1785286461051,690,0,False
9580e2c9-8cb7-52f4-bcf7-e636a8dd34ab,1785286460390,sender -> receiver,0,True,1785286461103,713,0,False
ebd9cb7e-ebf0-59eb-ad9a-cec510253811,1785286461359,sender -> receiver,0,True,1785286462090,731,0,False
b3925fa6-a33e-5aef-af02-3acbff271405,1785286461366,sender -> receiver,0,True,1785286462113,747,0,False
09f1aa5c-3f8e-5f1d-882c-2945d31fbfc5,1785286462365,sender -> receiver,0,True,1785286463138,773,0,False
3374376e-2b82-5cfc-97ad-72e81f4e5287,1785286463353,sender -> receiver,0,True,1785286464062,709,0,False
6623e751-3cc2-53c9-89a8-d444ec5280dd,1785286463372,sender -> receiver,0,True,1785286464077,705,0,False
f3d45f02-c748-58dc-aa73-8cf6e81236c1,1785286464355,sender -> receiver,0,True,1785286465054,699,0,False
a303e45b-26ee-55a2-aaa1-85cebc539959,1785286464375,sender -> receiver,0,True,1785286465071,696,0,False
7abdbf9d-df20-5c79-bb12-48d9a3cddb6e,1785286465397,sender -> receiver,0,True,1785286466105,708,0,False
ba529651-f7cb-5b26-a681-34dd71edbd80,1785286465402,sender -> receiver,0,True,1785286466116,714,0,False
587548ad-e3e6-5bd0-afde-c478d243e7ba,1785286466398,sender -> receiver,0,True,1785286467087,689,0,False
ddf5aeb4-7024-5a8b-bbb7-3635733be2d5,1785286466402,sender -> receiver,0,True,1785286467154,752,0,False
a403f408-5c2e-5224-bca1-f541681a0d58,1785286467350,sender -> receiver,0,True,1785286468087,737,0,False
91d086a3-048d-5430-b040-89bea021d969,1785286468389,sender -> receiver,0,True,1785286469120,731,0,False
8e4daac5-01f6-5b47-b4e6-35aa481a4c2e,1785286468394,sender -> receiver,0,True,1785286469140,746,0,False
5a1fb208-bbcf-5de9-9cad-306b85c93ba7,1785286469357,sender -> receiver,0,True,1785286470055,698,0,False
755e556f-bc41-58eb-a7ef-f988368992fd,1785286469360,sender -> receiver,0,True,1785286470064,704,0,False
5446e3fa-e5a2-5d81-8f2c-01fb907193c3,1785286470346,sender -> receiver,0,True,1785286471047,701,0,False
ba2c5c79-181c-5179-9202-97d9b91498e4,1785286470363,sender -> receiver,0,True,1785286471070,707,0,False
bfd435c4-38ae-5a79-a5a4-36950f9cd9e9,1785286471376,sender -> receiver,0,True,1785286472091,715,0,False
9534bb60-3865-578a-b19c-4fc9a142e743,1785286471381,sender -> receiver,0,True,1785286472113,732,0,False
c6f7a171-b0d7-5319-bbdf-9ee412dca059,1785286472404,sender -> receiver,0,True,1785286473123,719,0,False
9acd97d5-b4f4-59f0-8028-77483e7b0311,1785286472409,sender -> receiver,0,True,1785286473147,738,0,False
9c647a60-4097-56f8-bb3e-ff70bde85912,1785286473352,sender -> receiver,0,True,1785286474072,720,0,False
7874dadb-29ea-5073-8c18-6795a15e0307,1785286474373,sender -> receiver,0,True,1785286475089,716,0,False
7fc4b51b-dffd-56cf-8fed-4c645e6adb92,1785286474377,sender -> receiver,0,True,1785286475104,727,0,False
d4f23979-5143-5c38-b208-77d790c8c8d0,1785286475359,sender -> receiver,0,True,1785286476098,739,0,False
046a6212-c722-5080-9399-65cff6c82033,1785286475362,sender -> receiver,0,True,1785286476119,757,0,False
502c56b2-a794-5f92-bcd9-3b1074965d9d,1785286476362,sender -> receiver,0,True,1785286477077,715,0,False
b084a933-1a4c-5f11-aeaa-7a74d21c2896,1785286476393,sender -> receiver,0,True,1785286477089,696,0,False
6c070c36-eaa4-5f4a-bc80-ed3bd30ed237,1785286477374,sender -> receiver,0,True,1785286478107,733,0,False
9e65805f-578b-5e46-bf3a-2321b7fb7685,1785286477377,sender -> receiver,0,True,1785286478127,750,0,False
a9d786b1-8dbe-5e80-991b-35dd186eb304,1785286478374,sender -> receiver,0,True,1785286479147,773,0,False
f8317934-2500-5cb9-86c4-6033085d33cd,1785286479373,sender -> receiver,0,True,1785286480088,715,0,False
a44870c5-fa70-532e-8c3c-3ccafc20d250,1785286479377,sender -> receiver,0,True,1785286480106,729,0,False
eebef170-fd27-5d03-b4c1-f0019ac5ef06,1785286480372,sender -> receiver,0,True,1785286481093,721,0,False
05300ed0-2d94-5009-be20-b1df02ed2106,1785286480375,sender -> receiver,0,True,1785286481111,736,0,False
cacac2bc-ca91-508d-ad44-3a01a2179087,1785286481365,sender -> receiver,0,True,1785286482067,702,0,False
8a32b1bd-aea3-5abc-b86d-2c8165052e78,1785286481372,sender -> receiver,0,True,1785286482088,716,0,False
7a57b75d-8cb6-5483-80b7-dc391c0b0965,1785286482391,sender -> receiver,0,True,1785286483161,770,0,False
28b5dadc-aa0a-5ff6-87ea-cc3ebcf3dcf1,1785286482395,sender -> receiver,0,True,1785286483174,779,0,False
a6763790-b0b5-590a-b97b-cb6a9355bf54,1785286483350,sender -> receiver,0,True,1785286484041,691,0,False
8ca504e8-724d-5e75-9241-67e00076a701,1785286483369,sender -> receiver,0,True,1785286484056,687,0,False
f398c269-cca1-55fb-b71c-841e1a08ece8,1785286484361,sender -> receiver,0,True,1785286485077,716,0,False
b47510ac-2c88-5095-80b9-fa4c6d475e46,1785286485421,sender -> receiver,0,True,1785286486121,700,0,False
9c870c15-b07d-5da8-989d-30d9abb07622,1785286485430,sender -> receiver,0,True,1785286486135,705,0,False
14d6cf70-e1b7-5ae9-8262-261296b3a285,1785286486413,sender -> receiver,0,True,1785286487108,695,0,False
dd637a04-5e70-50e9-991a-63f72ae4f538,1785286486420,sender -> receiver,0,True,1785286487125,705,0,False
a9e1fc23-78b5-5bc1-bc7c-fd352ba3b174,1785286487389,sender -> receiver,0,True,1785286488056,667,0,False
c232afe8-da4e-5d7d-a63a-3660a3605cc3,1785286487394,sender -> receiver,0,True,1785286488143,749,0,False
e18e1c3f-01a4-5a1c-8d27-966cb9a5c225,1785286488352,sender -> receiver,0,True,1785286489084,732,0,False
c3638b8b-03a0-5f7a-92f8-013fb3957e4d,1785286488355,sender -> receiver,0,True,1785286489129,774,0,False
45f24133-275e-54be-969f-9b87b8a5145d,1785286489341,sender -> receiver,0,True,1785286490070,729,0,False
a5bcaa04-d293-5fc0-a59e-bd0dcc194817,1785286531104,sender -> receiver,0,True,1785286531814,710,0,False
f061b2b0-6d0f-537f-a2c1-925d66cf14d6,1785286531109,sender -> receiver,0,True,1785286531847,738,0,False
b4bbc79b-aca7-5fb4-a71b-468110b776aa,1785286532122,sender -> receiver,0,True,1785286532845,723,0,False
2c686e57-c68d-516c-8e8b-4f4c60d768cc,1785286532128,sender -> receiver,0,True,1785286532887,759,0,False
ad9c32ab-d55d-5f31-a0f6-119563e8b5be,1785286533096,sender -> receiver,0,True,1785286533825,729,0,False
3f1af9a9-0753-5a81-a50a-641d4ccf14c5,1785286533098,sender -> receiver,0,True,1785286533846,748,0,False
c87f9b9d-bdda-5a7d-99df-43cbd2db4c2d,1785286534102,sender -> receiver,0,True,1785286534818,716,0,False
d024fe66-a75e-5dce-b8b3-3a7a26ba179a,1785286534108,sender -> receiver,0,True,1785286534863,755,0,False
13aad372-326e-59a0-978b-19f7fd5fdc04,1785286535100,sender -> receiver,0,True,1785286535819,719,0,False
4d4f3091-bff4-5599-be39-0cb5f24a1fde,1785286535104,sender -> receiver,0,True,1785286535839,735,0,False
20f6c24c-edfc-5c67-a397-c30fa5c708e0,1785286536104,sender -> receiver,0,True,1785286536841,737,0,False
fdc55303-37a1-5869-8686-33132f467850,1785286537102,sender -> receiver,0,True,1785286537833,731,0,False
2fc090f4-abd4-5cab-9396-63edd7e20ff9,1785286537108,sender -> receiver,0,True,1785286537857,749,0,False
36d23357-cbdb-563a-a229-567ed4474574,1785286538110,sender -> receiver,0,True,1785286538827,717,0,False
adb07fd6-cc70-56ae-974f-e276cd936f09,1785286538115,sender -> receiver,0,True,1785286538839,724,0,False
d5c16d49-9169-58fc-991f-7df7fa9e8ff8,1785286539100,sender -> receiver,0,True,1785286539808,708,0,False
92a3536c-a483-5ea4-8ad5-4fdd36f3d5b9,1785286539104,sender -> receiver,0,True,1785286539823,719,0,False
aabc2c00-53ea-5200-84d9-36020c449c89,1785286540097,sender -> receiver,0,True,1785286540793,696,0,False
1a77eafe-707e-5c1b-b01b-4cb8e385c000,1785286540100,sender -> receiver,0,True,1785286540813,713,0,False
64dbebda-9b07-590a-95c6-6cfde9df78fa,1785286541087,sender -> receiver,0,True,1785286541786,699,0,False
69ee0ee0-23d3-5428-8189-19d49f793812,1785286542133,sender -> receiver,0,True,1785286542862,729,0,False
501d0007-953f-5dff-acf3-f573bc6a073b,1785286542141,sender -> receiver,0,True,1785286542878,737,0,False
2411ec04-2921-56fb-a5a1-34a040ca3d10,1785286543110,sender -> receiver,0,True,1785286543892,782,0,False
a42b9a21-1136-53da-be15-e6d1deebaf8a,1785286543146,sender -> receiver,0,True,1785286543961,815,0,False
4e5ed70e-98b4-5afd-940a-9fab0edba1c2,1785286544106,sender -> receiver,0,True,1785286544810,704,0,False
d59076aa-f735-5f07-be95-3d8be180e4bc,1785286544113,sender -> receiver,0,True,1785286544841,728,0,False
a6a0b92b-1a26-5378-8921-850a1145837d,1785286545098,sender -> receiver,0,True,1785286545834,736,0,False
fe6d2baa-3af7-5125-a2b6-98f71e57eb1f,1785286545101,sender -> receiver,0,True,1785286545853,752,0,False
70ad95ff-c4ec-5b3e-8518-816550f4e81d,1785286546090,sender -> receiver,0,True,1785286546836,746,0,False
43b13966-95ee-53cb-8852-0c4478bdf747,1785286546093,sender -> receiver,0,True,1785286546869,776,0,False
f77bb813-2cf4-572e-902d-e017ac181dce,1785286547102,sender -> receiver,0,True,1785286547823,721,0,False
f974cc81-e1bd-5c13-8c9c-0fea5e2353a3,1785286548096,sender -> receiver,0,True,1785286548808,712,0,False
737badd3-420f-54d9-bdd0-be2fd7380abe,1785286548101,sender -> receiver,0,True,1785286548833,732,0,False
be72a66a-ef68-5288-935f-dccaecb9cef3,1785286549126,sender -> receiver,0,True,1785286549833,707,0,False
b8203cb2-b6ed-524b-9f17-e438dabcffb3,1785286549130,sender -> receiver,0,True,1785286549846,716,0,False
0910e6cb-f725-5ab9-a866-483218590452,1785286550093,sender -> receiver,0,True,1785286550799,706,0,False
68663488-a8d0-5256-8b9b-fc1dcd8a5fcc,1785286550097,sender -> receiver,0,True,1785286550856,759,0,False
c28cf264-43c2-52bb-94a6-b4cd779793b2,1785286551122,sender -> receiver,0,True,1785286551818,696,0,False
bb571151-9986-5b64-9429-153c7255cc74,1785286551125,sender -> receiver,0,True,1785286551838,713,0,False
c80d5c43-6908-5248-bc88-9d392cb33d40,1785286552091,sender -> receiver,0,True,1785286552822,731,0,False
ee5a27bc-a06e-5ff3-b4df-1a2621e28c39,1785286553107,sender -> receiver,0,True,1785286553796,689,0,False
a4e7c39c-a2f0-55ea-a3b8-45b467831304,1785286553111,sender -> receiver,0,True,1785286553873,762,0,False
663da88c-d178-5e61-84fc-a915ec3c4339,1785286554129,sender -> receiver,0,True,1785286554858,729,0,False
3231a219-8082-5ba7-aa06-f4242889f417,1785286554135,sender -> receiver,0,True,1785286554875,740,0,False
48c418bd-3fd6-555f-a3a0-86b879300959,1785286555089,sender -> receiver,0,True,1785286555826,737,0,False
d6a05c5b-d4b1-54bc-8e63-2e645c82aa07,1785286555094,sender -> receiver,0,True,1785286555838,744,0,False
239a725d-e4d2-5aef-8f0e-b5d1ea322503,1785286556112,sender -> receiver,0,True,1785286556822,710,0,False
37ca9f1c-1e02-544d-99a2-71c31d9f1ccb,1785286556115,sender -> receiver,0,True,1785286556841,726,0,False
da52898d-8ef3-547a-91c5-638791dfde68,1785286557119,sender -> receiver,0,True,1785286557874,755,0,False
bab50abb-929c-54c7-a50e-de3a02475caa,1785286557125,sender -> receiver,0,True,1785286557916,791,0,False
1c36c4fd-77ad-5101-9fdf-2bfae294374c,1785286558103,sender -> receiver,0,True,1785286558809,706,0,False
29e9a77a-c988-5688-9333-65bc028f7aba,1785286559110,sender -> receiver,0,True,1785286559840,730,0,False
7951a84d-8948-5b5c-bfa0-1bc349af5d34,1785286559113,sender -> receiver,0,True,1785286559853,740,0,False
c369976f-cb54-53c5-a3e1-0f07a19fb4bc,1785286560093,sender -> receiver,0,True,1785286560831,738,0,False
024c904a-8e25-5558-8933-d8fb7de966fe,1785286560096,sender -> receiver,0,True,1785286560899,803,0,False
f6c611e5-eeb5-5036-ba66-e67d4e5aa64d,1785286561102,sender -> receiver,0,True,1785286561816,714,0,False
c16af550-cd8b-581d-9005-11b0f90abb30,1785286561106,sender -> receiver,0,True,1785286561833,727,0,False
b7344b47-13c3-5b2a-ab26-ad1ce9576cd8,1785286562102,sender -> receiver,0,True,1785286562806,704,0,False
24ccedbb-45cf-543f-86b3-7a71e3badc3c,1785286562107,sender -> receiver,0,True,1785286562854,747,0,False
b696d045-8d1c-5860-ada0-4d5901f94db6,1785286563086,sender -> receiver,0,True,1785286563785,699,0,False
88221b4a-f014-5336-a5f2-c61b7e940228,1785286564110,sender -> receiver,0,True,1785286564824,714,0,False
8225f85d-d51e-5abe-a58f-85e86762ec60,1785286564115,sender -> receiver,0,True,1785286564841,726,0,False
5c8c6ab0-48c1-5270-a566-e486664cc030,1785286565117,sender -> receiver,0,True,1785286565827,710,0,False
539b2c74-2744-5d63-a506-37d8304eed07,1785286565122,sender -> receiver,0,True,1785286565847,725,0,False
e65c18c8-0bc9-555e-bd4e-a8d2bea0f9ac,1785286566112,sender -> receiver,0,True,1785286566816,704,0,False
941c47af-40aa-5484-9076-27ae7dafeb6a,1785286566118,sender -> receiver,0,True,1785286566848,730,0,False
937f047b-4085-5af7-89d0-ef6cc2d52ad7,1785286567106,sender -> receiver,0,True,1785286567839,733,0,False
e78bd3d9-25e9-5ef6-902c-b7acb6ea0ad5,1785286567111,sender -> receiver,0,True,1785286567859,748,0,False
a24effbb-76b4-5e72-b6fd-9c74b6c2cda9,1785286568100,sender -> receiver,0,True,1785286568843,743,0,False
ddb613a5-2127-56c7-babb-e498eea506a6,1785286568104,sender -> receiver,0,True,1785286568863,759,0,False
f2b57a85-8301-5f05-89bc-316cf7c3fec5,1785286569093,sender -> receiver,0,True,1785286569860,767,0,False
e7342449-a489-5653-9f7b-17b1708b4178,1785286570102,sender -> receiver,0,True,1785286570821,719,0,False
b22b9d72-d426-5853-81b0-e657fbb1194b,1785286570107,sender -> receiver,0,True,1785286570839,732,0,False
36b6d59b-f218-595d-ad4b-e756fcda0014,1785286571094,sender -> receiver,0,True,1785286571807,713,0,False
82cb2d02-8b83-5a5c-a428-fec7ddbb47ac,1785286571099,sender -> receiver,0,True,1785286571821,722,0,False
4dea83ca-b288-5be2-a82d-0d3a4431585c,1785286572117,sender -> receiver,0,True,1785286572827,710,0,False
88dd2cc4-c9b1-5dd9-854b-a89a96f0db16,1785286572122,sender -> receiver,0,True,1785286572842,720,0,False
011c932a-45dd-5681-ae25-2e7f3ece98b1,1785286573096,sender -> receiver,0,True,1785286573833,737,0,False
545fbef6-012f-5a5a-af90-4a31f5430678,1785286573102,sender -> receiver,0,True,1785286573901,799,0,False
4be2c3b5-f557-530c-8853-7143e01efcdd,1785286574093,sender -> receiver,0,True,1785286574825,732,0,False
34ebe301-23ad-522d-8f37-056b5128b9dd,1785286575097,sender -> receiver,0,True,1785286575820,723,0,False
fe7d2a31-88a1-5d29-858f-5934110a0626,1785286575105,sender -> receiver,0,True,1785286575840,735,0,False
c060be75-25d4-569d-b0ff-6209bbcb568e,1785286576155,sender -> receiver,0,True,1785286576895,740,0,False
d8c415a5-5623-5979-82a5-fcf2001d21f7,1785286576160,sender -> receiver,0,True,1785286576913,753,0,False
fb64474f-f30c-516b-84d3-910527c7c3df,1785286577099,sender -> receiver,0,True,1785286577841,742,0,False
b0f6bf4c-e044-57a1-9049-27e6c0b8e657,1785286577103,sender -> receiver,0,True,1785286577856,753,0,False
748453df-b578-51cf-8941-2defd0faa3b3,1785286578120,sender -> receiver,0,True,1785286578816,696,0,False
fb0c625e-1e2a-5b8f-a70a-44bea6a8bcdb,1785286578125,sender -> receiver,0,True,1785286578833,708,0,False
b546bbf5-c58e-553a-95c5-bfe7f4e95038,1785286579098,sender -> receiver,0,True,1785286579806,708,0,False
75bf517d-f4f4-5100-ad68-31ff4e01dd59,1785286579102,sender -> receiver,0,True,1785286579823,721,0,False
1785f173-e177-5523-9a76-fb1678f617c9,1785286580088,sender -> receiver,0,True,1785286580811,723,0,False
6b06a2a1-0b90-53a0-b926-c284a92167fe,1785286581097,sender -> receiver,0,True,1785286581845,748,0,False
fc94756c-d023-5291-8bed-1b2e03861378,1785286581100,sender -> receiver,0,True,1785286581862,762,0,False
4a6e5bac-23ca-512c-ae7d-4d5bcdb88e4e,1785286582135,sender -> receiver,0,True,1785286582867,732,0,False
0771a1e3-99dc-5dbe-9e6f-85bc1da8db3a,1785286582142,sender -> receiver,0,True,1785286582883,741,0,False
0a51d8e8-4de8-5c28-a611-4266075e4a01,1785286583096,sender -> receiver,0,True,1785286583840,744,0,False
0dc31835-c897-5933-8eec-b3695e1c6347,1785286583100,sender -> receiver,0,True,1785286583851,751,0,False
c3676f31-3434-5f27-91da-2594a7c62a8e,1785286584098,sender -> receiver,0,True,1785286584812,714,0,False
8d127fa2-6a2b-5325-a912-0eb0924ca5fc,1785286584102,sender -> receiver,0,True,1785286584832,730,0,False
f0e446c1-fb32-53be-9146-d61339d67429,1785286585107,sender -> receiver,0,True,1785286585839,732,0,False
f29df755-406b-5153-9321-9d563dfa7f31,1785286625281,sender -> receiver,0,True,1785286625987,706,0,False
f8f119d3-cfad-515d-a244-88051c08d891,1785286625301,sender -> receiver,0,True,1785286626040,739,0,False
c2968e31-9c3a-57af-81b1-9458128c05b0,1785286626290,sender -> receiver,0,True,1785286627009,719,0,False
cc68cca6-ebdb-5fb5-a32f-4e0a37c83a07,1785286626293,sender -> receiver,0,True,1785286627025,732,0,False
a634901c-3b90-5af2-9445-4862f5a4ef51,1785286627316,sender -> receiver,0,True,1785286628061,745,0,False
dd37e5f3-9559-5bf4-83b2-7ecd358249ff,1785286627322,sender -> receiver,0,True,1785286628073,751,0,False
c3a0f46d-4997-5b9d-b522-a39b44bf56b5,1785286628303,sender -> receiver,0,True,1785286629014,711,0,False
0b116769-1fa9-531c-a04b-fa6adc109bfd,1785286628308,sender -> receiver,0,True,1785286629030,722,0,False
a73ccff0-448b-565f-b94a-3294c815446d,1785286629293,sender -> receiver,0,True,1785286630041,748,0,False
c2e46a69-f316-5024-95f3-3e861be58582,1785286630290,sender -> receiver,0,True,1785286631025,735,0,False
5991f5e6-87cd-5847-8a4b-42014aaf4712,1785286630300,sender -> receiver,0,True,1785286631035,735,0,False
1ca22220-3ddc-5cdd-b14e-679050212c8b,1785286631309,sender -> receiver,0,True,1785286632017,708,0,False
6bbbc4dd-3201-5dd7-a33e-9d7e6d9b3e7c,1785286631317,sender -> receiver,0,True,1785286632028,711,0,False
8c6b6a3b-62fb-5d9d-bb90-e404aff041b2,1785286632289,sender -> receiver,0,True,1785286633001,712,0,False
31bdb2d4-c5ae-5ff7-836c-133152636d91,1785286632292,sender -> receiver,0,True,1785286633013,721,0,False
57eed29d-9a01-579f-aaf8-37eacfde98de,1785286633283,sender -> receiver,0,True,1785286633991,708,0,False
8c265e9f-8d54-5e4b-a2ff-0ca11d3dd7f3,1785286633306,sender -> receiver,0,True,1785286634004,698,0,False
f2539544-8f83-5a27-ac11-5c7cc5b65a28,1785286634297,sender -> receiver,0,True,1785286635034,737,0,False
57e383f2-b732-5e08-83c4-b5112ee670ec,1785286635279,sender -> receiver,0,True,1785286636008,729,0,False
5a83115e-c9bb-5144-9601-3c28f17711e4,1785286635291,sender -> receiver,0,True,1785286636025,734,0,False
1ad532b0-f423-55ac-b125-d30c94cfae0f,1785286636293,sender -> receiver,0,True,1785286637021,728,0,False
e3c36986-d79c-5649-9606-b3110074537a,1785286636297,sender -> receiver,0,True,1785286637071,774,0,False
7fa28942-e237-5d38-a875-58a63c112e77,1785286637305,sender -> receiver,0,True,1785286638072,767,0,False
34c36eed-7453-5d2c-bb5a-46c06500eca4,1785286637311,sender -> receiver,0,True,1785286638082,771,0,False
f595232f-dc38-5bff-8bd9-67a414ba084a,1785286638280,sender -> receiver,0,True,1785286639005,725,0,False
eb8ab49a-6406-5da6-9805-10e44b67761f,1785286639291,sender -> receiver,0,True,1785286640012,721,0,False
fbdaf252-0bb0-5a86-83a4-5c99378081fb,1785286639296,sender -> receiver,0,True,1785286640026,730,0,False
6b5c7c60-0708-5cbf-af09-0f89f20abfd5,1785286640306,sender -> receiver,0,True,1785286641006,700,0,False
a98668bd-0512-5b8f-a619-c0d9f3c1f144,1785286640311,sender -> receiver,0,True,1785286641021,710,0,False
f6231a04-1b70-5d96-a44b-09bde2df4c0c,1785286641275,sender -> receiver,0,True,1785286642003,728,0,False
bf3fda64-c811-52e8-9ad4-9d4e2c164075,1785286641277,sender -> receiver,0,True,1785286642012,735,0,False
e1f76b10-2160-504c-be9b-63490015215d,1785286642289,sender -> receiver,0,True,1785286642984,695,0,False
010e183d-4d98-5068-bd73-122719b7253b,1785286642293,sender -> receiver,0,True,1785286643068,775,0,False
1ab48761-87db-5685-93ea-1ef4347abf38,1785286643279,sender -> receiver,0,True,1785286643977,698,0,False
7aa5c0ea-fd3a-5660-851f-06f5fb329324,1785286644323,sender -> receiver,0,True,1785286645006,683,0,False
c1590e34-99ca-5068-9876-c86115c0c817,1785286644335,sender -> receiver,0,True,1785286645060,725,0,False
8d7c383f-166f-5484-9191-2575a0675cd5,1785286645282,sender -> receiver,0,True,1785286646040,758,0,False
8fe875a8-29a4-5cac-a9b5-da49b9a7ab6a,1785286645284,sender -> receiver,0,True,1785286646050,766,0,False
83291db2-d489-57f2-89c7-1f20d4de959a,1785286646286,sender -> receiver,0,True,1785286647021,735,0,False
35b0f50c-7818-5098-9f4a-832d5e625386,1785286646289,sender -> receiver,0,True,1785286647038,749,0,False
50663f5c-082f-5b36-9ebb-474c4ccc8e8b,1785286647291,sender -> receiver,0,True,1785286647980,689,0,False
786f8e7e-6208-55ed-bd05-e37cfefe0f46,1785286647298,sender -> receiver,0,True,1785286648042,744,0,False
492793f4-83a3-5590-961b-8ad16718d2d3,1785286648277,sender -> receiver,0,True,1785286649017,740,0,False
f3847240-b158-5ec1-bd2f-7bd3a8e16db2,1785286649296,sender -> receiver,0,True,1785286650014,718,0,False
c70caf84-d7ec-5a82-9788-368b4f97ae2d,1785286649298,sender -> receiver,0,True,1785286650026,728,0,False
ee214aa0-8c81-58f8-a92e-2b076dd5f566,1785286650302,sender -> receiver,0,True,1785286651026,724,0,False
4e9603d6-1895-5280-bbf3-56a941145a25,1785286650304,sender -> receiver,0,True,1785286651041,737,0,False
d94422f1-0c9f-57af-88bf-fbec71fceba1,1785286651287,sender -> receiver,0,True,1785286652017,730,0,False
63a79892-a09c-53b0-9562-d7ff7b842070,1785286651294,sender -> receiver,0,True,1785286652032,738,0,False
47b17b51-f927-580f-b4af-809d9990dd0f,1785286652274,sender -> receiver,0,True,1785286652988,714,0,False
a9a3a560-1ee6-5695-a265-c6b0d68f56b6,1785286653291,sender -> receiver,0,True,1785286654012,721,0,False
72b57095-e7db-5c7b-84f5-6bb991113bdd,1785286653294,sender -> receiver,0,True,1785286654066,772,0,False
2baacabb-14fb-5d7e-9b0e-be66647d6cca,1785286654291,sender -> receiver,0,True,1785286654999,708,0,False
e8b5f6e2-4914-5dd7-b682-d147d31f798d,1785286654296,sender -> receiver,0,True,1785286655014,718,0,False
2e1b928b-c6f4-57b6-aabe-e72d6fccc5db,1785286655313,sender -> receiver,0,True,1785286656046,733,0,False
618550af-bcaf-5be9-b427-dcb0684fea02,1785286655321,sender -> receiver,0,True,1785286656060,739,0,False
23dcfaf8-20d6-58bf-81b8-2e108ff7cfe3,1785286656275,sender -> receiver,0,True,1785286657020,745,0,False
4ff1fc04-66d2-5269-9b65-2d43003ede90,1785286656277,sender -> receiver,0,True,1785286657033,756,0,False
6047af35-5d5e-53ff-995e-5a7c1dd1fb18,1785286657278,sender -> receiver,0,True,1785286657996,718,0,False
1ac02aa8-41b7-5d22-ae54-3dc4f0680504,1785286658289,sender -> receiver,0,True,1785286659008,719,0,False
24176c92-a888-5048-9359-d0c5697434c7,1785286658293,sender -> receiver,0,True,1785286659023,730,0,False
9fa45956-292e-535c-8421-c676640d129e,1785286659284,sender -> receiver,0,True,1785286660001,717,0,False
c8ebda11-02e9-55a1-af08-63dab422eed1,1785286659287,sender -> receiver,0,True,1785286660015,728,0,False
58e4f073-ba93-5d46-bf64-b0ebce30c46e,1785286660287,sender -> receiver,0,True,1785286660993,706,0,False
9c20f671-d919-54fb-930b-24fafdd9ebc8,1785286660290,sender -> receiver,0,True,1785286661004,714,0,False
c67d55ed-e6db-546a-9a5a-bf5d2555de31,1785286661287,sender -> receiver,0,True,1785286662030,743,0,False
28a262fa-443e-5f51-9ca6-151742c4496b,1785286661290,sender -> receiver,0,True,1785286662049,759,0,False
75c43aab-d903-50ad-ad81-7a5bbd9a719f,1785286662280,sender -> receiver,0,True,1785286663014,734,0,False
adcedb03-8198-55ca-b8be-9826dfea17da,1785286663297,sender -> receiver,0,True,1785286664005,708,0,False
fb3e62f0-7789-5f2d-b5a3-95f3b05b64e6,1785286663300,sender -> receiver,0,True,1785286664012,712,0,False
683f705e-28dd-5130-b904-585642d27fdf,1785286664283,sender -> receiver,0,True,1785286665019,736,0,False
dc3f6c7a-f3ab-5100-b657-59d6e55a324d,1785286664288,sender -> receiver,0,True,1785286665037,749,0,False
fb19a956-3ff9-5659-9147-f2f69cb91fbb,1785286665304,sender -> receiver,0,True,1785286666026,722,0,False
eb3fc906-922d-5b2a-aa6c-1a20e13e79f9,1785286665307,sender -> receiver,0,True,1785286666049,742,0,False
fc820329-997d-5968-95f6-86eed278408e,1785286666275,sender -> receiver,0,True,1785286666973,698,0,False
08addf98-c85e-57e7-ba73-dec46ef2aac3,1785286667284,sender -> receiver,0,True,1785286668016,732,0,False
8b4e8c8f-bfa6-55cc-8408-4e7ee56e7f5b,1785286667286,sender -> receiver,0,True,1785286668029,743,0,False
46fea69a-6999-57f5-bc6f-ab96a9df4aeb,1785286668291,sender -> receiver,0,True,1785286669000,709,0,False
24c07ce1-596c-5f8f-8c9c-a6b459c9dee1,1785286668296,sender -> receiver,0,True,1785286669011,715,0,False
710b1057-2c3c-59d2-b5f0-0274a2d37444,1785286669299,sender -> receiver,0,True,1785286670027,728,0,False
1ea10874-a41f-5609-83de-4d952ab04b90,1785286669328,sender -> receiver,0,True,1785286670040,712,0,False
5042b82d-e8d1-5934-9c77-642ba59e676f,1785286670290,sender -> receiver,0,True,1785286671028,738,0,False
e8887ff0-02a8-56ae-b153-91459534c76b,1785286670292,sender -> receiver,0,True,1785286671038,746,0,False
f534f756-d774-51d8-99f0-c676ff49011a,1785286671280,sender -> receiver,0,True,1785286672067,787,0,False
1fb7190d-d3bd-5d2e-8aaf-1ec8d3b339a8,1785286672280,sender -> receiver,0,True,1785286673008,728,0,False
2ce8a94a-1731-5c3a-a352-a90f05c7fc38,1785286672282,sender -> receiver,0,True,1785286673019,737,0,False
53f24a0f-2400-5f8e-b5c1-3aca4e94d9e8,1785286673308,sender -> receiver,0,True,1785286674064,756,0,False
f71c8142-6153-5a2a-8493-a12c4754601b,1785286673312,sender -> receiver,0,True,1785286674075,763,0,False
b6ed4b9d-4886-57b3-9bd9-b7ccbc177b08,1785286674316,sender -> receiver,0,True,1785286675023,707,0,False
fc2eb3eb-6623-54b7-a631-c4a5a792fbd6,1785286674324,sender -> receiver,0,True,1785286675039,715,0,False
c8f3e4b0-0d66-5fb7-b8cf-c070f4be3a06,1785286675304,sender -> receiver,0,True,1785286676021,717,0,False
4fdbae6d-53a4-57de-8499-e8b942d7a4c0,1785286675308,sender -> receiver,0,True,1785286676079,771,0,False
b076f224-e77a-5da3-84d9-f420d4597907,1785286676276,sender -> receiver,0,True,1785286677013,737,0,False
ee2a2493-9edd-53c9-8b91-2389ea7e7a80,1785286677288,sender -> receiver,0,True,1785286677998,710,0,False
a110f66e-f1b6-580e-bdf9-3d2166811358,1785286677291,sender -> receiver,0,True,1785286678011,720,0,False
9d5e4ea6-457b-5d5b-a93f-0439cfb75f99,1785286678308,sender -> receiver,0,True,1785286679027,719,0,False
fa4d70de-c7be-5020-9758-ddfb0ef4cb33,1785286678312,sender -> receiver,0,True,1785286679078,766,0,False
c305a198-29e9-5217-9b0f-5520fed9db32,1785286679329,sender -> receiver,0,True,1785286680053,724,0,False
c8f7454e-7986-5dcf-a247-5d63733e3a0f,1785286679336,sender -> receiver,0,True,1785286680065,729,0,False
355d0db4-eb69-54a7-a968-e4b5f3f11e9f,1785286680297,sender -> receiver,0,True,1785286681018,721,0,False
9f6835e4-6d72-5819-921a-872597d397a6,1785286722005,sender -> receiver,0,True,1785286722679,674,0,False
1c326e42-9dea-5a39-a6b1-4153fb8c4c90,1785286722009,sender -> receiver,0,True,1785286722724,715,0,False
a28795fe-f30e-5255-8d24-9bfebeb1717c,1785286722997,sender -> receiver,0,True,1785286723716,719,0,False
c98e4001-5040-5ef2-af81-246bffd4245e,1785286722999,sender -> receiver,0,True,1785286723734,735,0,False
4e1982e2-677a-532e-a837-40d21fbd60d9,1785286724050,sender -> receiver,0,True,1785286724779,729,0,False
47da2d08-d3ed-5ca6-b285-fd7cb0586e35,1785286724054,sender -> receiver,0,True,1785286724794,740,0,False
242a84c5-00f8-5d26-8e4d-f60cd5a910b2,1785286725008,sender -> receiver,0,True,1785286725756,748,0,False
814df530-ece2-5cf3-b936-4e00865cbffe,1785286725011,sender -> receiver,0,True,1785286725788,777,0,False
9c04b1a2-3d17-52f3-a4f0-3bc16500a124,1785286725986,sender -> receiver,0,True,1785286726681,695,0,False
98ca1bc7-4aed-5696-b84b-a22b26f06795,1785286725989,sender -> receiver,0,True,1785286726696,707,0,False
6edf7bd0-49ff-5d94-a36f-e09e681b3c43,1785286726991,sender -> receiver,0,True,1785286727729,738,0,False
9fa69699-299d-548c-bc87-bebef2bb4601,1785286726993,sender -> receiver,0,True,1785286727757,764,0,False
10506de1-cc9f-521d-8170-41215153f5a5,1785286727983,sender -> receiver,0,True,1785286728730,747,0,False
42022f04-e65e-5726-9697-45d9e0f44376,1785286728982,sender -> receiver,0,True,1785286729716,734,0,False
a85d8474-d8b8-54a0-8cc9-1dda25cbafdc,1785286729036,sender -> receiver,0,True,1785286729747,711,0,False
d05d5803-0484-5380-b4e1-12e7160085bf,1785286730028,sender -> receiver,0,True,1785286730737,709,0,False
aec4fd11-296b-5f02-a035-697a311ac3d6,1785286730034,sender -> receiver,0,True,1785286730751,717,0,False
e0dd7b73-e224-515b-8472-3b876571e5df,1785286730991,sender -> receiver,0,True,1785286731693,702,0,False
01eff1d7-5410-53fe-aa5f-5a17f4b94393,1785286731041,sender -> receiver,0,True,1785286731771,730,0,False
7afd241d-d8af-5786-86a2-acc48191ba5f,1785286732010,sender -> receiver,0,True,1785286732732,722,0,False
da659515-18b1-52d2-9bde-0c3e2200eaee,1785286732016,sender -> receiver,0,True,1785286732757,741,0,False
be669f5b-41ad-503b-95dd-b950760beea1,1785286733046,sender -> receiver,0,True,1785286733765,719,0,False
05aecdbc-70f1-5fb7-84b9-fa09aafae282,1785286733051,sender -> receiver,0,True,1785286733776,725,0,False
f0d88282-42b2-547c-8d52-b726e75e1180,1785286733998,sender -> receiver,0,True,1785286734742,744,0,False
3b6871c5-c643-5fc9-b4eb-cdb20cd688a4,1785286734000,sender -> receiver,0,True,1785286734766,766,0,False
4d0f9088-cec8-58be-ae1b-e5a69b60c831,1785286735047,sender -> receiver,0,True,1785286735690,643,0,False
8f946b38-ed55-533e-82c9-d53bf456a14a,1785286736001,sender -> receiver,0,True,1785286736811,810,0,False
17ef0592-8d5c-56fd-9dc2-c21b44789cd6,1785286736034,sender -> receiver,0,True,1785286736827,793,0,False
d49a1bee-b791-58e6-aad0-5890ac4b5b89,1785286737000,sender -> receiver,0,True,1785286737732,732,0,False
abc2ebd4-aa7d-58cb-9643-e9320f504d8c,1785286737002,sender -> receiver,0,True,1785286737785,783,0,False
3eab90d6-3c58-5def-8e48-abed78f225eb,1785286738005,sender -> receiver,0,True,1785286738699,694,0,False
3e88a086-d4ca-54f0-b134-1911cc49b671,1785286738010,sender -> receiver,0,True,1785286738716,706,0,False
26e66852-652c-54d7-a7e7-9513d3f508c5,1785286739008,sender -> receiver,0,True,1785286739704,696,0,False
1d4e3e1f-b4c8-5539-9bf2-280cfddeceb1,1785286739012,sender -> receiver,0,True,1785286739759,747,0,False
d0eb1fdc-babb-5d1c-87bb-6b28ec2b15b4,1785286739976,sender -> receiver,0,True,1785286740695,719,0,False
20804657-2c67-5c8b-a241-fe8e8815dce3,1785286740002,sender -> receiver,0,True,1785286740726,724,0,False
c54244b9-5ade-5a94-bf03-455e7fdfdb2e,1785286741003,sender -> receiver,0,True,1785286741713,710,0,False
be5418ae-95a3-52a7-a57b-83ff19b19145,1785286741005,sender -> receiver,0,True,1785286741732,727,0,False
7cb6e5bc-6674-51b4-ac7b-ccc3a8002898,1785286741989,sender -> receiver,0,True,1785286742722,733,0,False
9a91a02d-6c5e-5cc2-a655-8d898c903fd3,1785286743010,sender -> receiver,0,True,1785286743705,695,0,False
ae4f56d5-0aef-5a06-a68b-f6792efa03a8,1785286743014,sender -> receiver,0,True,1785286743758,744,0,False
9b2aec7e-bb2e-5cc5-98fa-ee9efcf06c41,1785286743988,sender -> receiver,0,True,1785286744699,711,0,False
70ea8f1e-d60e-579e-84dd-ac0806f04ff7,1785286744035,sender -> receiver,0,True,1785286744716,681,0,False
7d4abca8-ae14-5554-8725-2d8c229dcff4,1785286745000,sender -> receiver,0,True,1785286745733,733,0,False
7183a9f3-4573-5c54-9621-6971dfe400e7,1785286745002,sender -> receiver,0,True,1785286745753,751,0,False
c66dd2ea-d75b-50fa-8fe4-6b7f337747ae,1785286746004,sender -> receiver,0,True,1785286746709,705,0,False
956be0e7-0d5f-5212-8975-d3b7a120f534,1785286746007,sender -> receiver,0,True,1785286746724,717,0,False
d9b495bc-a222-5204-8082-44a2a032d082,1785286747011,sender -> receiver,0,True,1785286747714,703,0,False
0d5c379f-a743-52d3-b0a9-b1bc6a1851c2,1785286747014,sender -> receiver,0,True,1785286747768,754,0,False
f8ca8be1-a11f-5c54-ace9-05167e8504b1,1785286747994,sender -> receiver,0,True,1785286748692,698,0,False
363da51f-64c3-580d-89fc-f04a6529ce5c,1785286748975,sender -> receiver,0,True,1785286749699,724,0,False
188f892b-e410-529d-9503-1a21fe39b710,1785286748996,sender -> receiver,0,True,1785286749714,718,0,False
78a8db11-ae37-53f0-9ea0-3332bf5a5b1d,1785286750042,sender -> receiver,0,True,1785286750778,736,0,False
b6f17958-640b-51b9-a90b-334ca067405e,1785286750047,sender -> receiver,0,True,1785286750795,748,0,False
ed06bfea-400f-528f-88c7-3b133bf434d3,1785286750984,sender -> receiver,0,True,1785286751699,715,0,False
ab720774-ba4a-5740-b798-a315666c2526,1785286751016,sender -> receiver,0,True,1785286751713,697,0,False
cee57d24-bbd1-56f1-aa34-2317014839fc,1785286752007,sender -> receiver,0,True,1785286752756,749,0,False
4163d277-8445-5b95-aafb-97c5852783da,1785286752009,sender -> receiver,0,True,1785286752769,760,0,False
42918db8-12a1-5364-9d44-152ddbf5db45,1785286752999,sender -> receiver,0,True,1785286753747,748,0,False
a9c48240-7876-5fc0-8986-08e92c5690a0,1785286753001,sender -> receiver,0,True,1785286753772,771,0,False
db304b65-a71e-5c14-be4a-62dddfda1e73,1785286754010,sender -> receiver,0,True,1785286754689,679,0,False
8ad17397-9a44-524c-ad09-24d6cee5e823,1785286754014,sender -> receiver,0,True,1785286754739,725,0,False
d2bd62fb-05bc-50f4-ae88-012c3077a060,1785286755039,sender -> receiver,0,True,1785286755751,712,0,False
02dd6693-07c7-5009-baae-3dac0949b5f4,1785286756002,sender -> receiver,0,True,1785286756806,804,0,False
bc0938cb-001e-5d22-90bc-18538d4991cf,1785286756004,sender -> receiver,0,True,1785286756829,825,0,False
b52c914d-986e-5347-9386-5100894b2798,1785286757003,sender -> receiver,0,True,1785286757753,750,0,False
3bcac8cd-cd38-536f-b9b1-5a21479e120f,1785286757007,sender -> receiver,0,True,1785286757776,769,0,False
d5edaa90-1433-5014-bbe8-1eff6d4fc70a,1785286758038,sender -> receiver,0,True,1785286758784,746,0,False
9f6e3cb8-9d2a-599e-a141-b1fa38ed48b9,1785286758043,sender -> receiver,0,True,1785286758803,760,0,False
04214749-ab79-56db-a900-b0860552369a,1785286759059,sender -> receiver,0,True,1785286759736,677,0,False
1b697956-af21-57eb-8c8d-61698f5c811a,1785286759065,sender -> receiver,0,True,1785286759801,736,0,False
5a6b1f42-861d-529b-ab4f-9e8050facb45,1785286760038,sender -> receiver,0,True,1785286760750,712,0,False
1a10cb78-2602-567d-94fd-80aa79ff39a1,1785286760043,sender -> receiver,0,True,1785286760789,746,0,False
562b4efa-136a-5e83-a3ce-0542c9c8e8eb,1785286761020,sender -> receiver,0,True,1785286761737,717,0,False
581487b2-8a53-5672-95b1-81429f70a228,1785286761024,sender -> receiver,0,True,1785286761751,727,0,False
4b6af20b-2477-59cc-a149-97efb3b20200,1785286761977,sender -> receiver,0,True,1785286762683,706,0,False
bddc265d-5131-5851-b4fc-7fcc6a46c48a,1785286762990,sender -> receiver,0,True,1785286763723,733,0,False
b18fc360-e090-50bd-b1e3-41dbc6356921,1785286763027,sender -> receiver,0,True,1785286763748,721,0,False
643e8c64-a630-51e7-b3ac-cd8dc02d189e,1785286764009,sender -> receiver,0,True,1785286764731,722,0,False
f672286b-9435-5dd9-b99a-ab4bbb3cce58,1785286764013,sender -> receiver,0,True,1785286764745,732,0,False
eb1b10a7-8d5a-59e5-90e0-2a31a1bb3c00,1785286765056,sender -> receiver,0,True,1785286765761,705,0,False
861645f8-7954-5e7d-99fe-320cb6199383,1785286765060,sender -> receiver,0,True,1785286765796,736,0,False
de3f86f3-8532-5517-9f1c-db736312a60f,1785286766010,sender -> receiver,0,True,1785286766694,684,0,False
b9913323-eb56-5254-9067-b8650f971021,1785286766013,sender -> receiver,0,True,1785286766752,739,0,False
2d2def89-6f7a-50c5-8482-5d71e77d32b0,1785286767003,sender -> receiver,0,True,1785286767725,722,0,False
59293b2c-2afe-5976-8bc1-9210971cd955,1785286767005,sender -> receiver,0,True,1785286767749,744,0,False
14b89aab-bbc2-532d-924c-d1afed60a79e,1785286768034,sender -> receiver,0,True,1785286768771,737,0,False
4bff15d5-d203-5c75-8bc2-e4a5b27b43d5,1785286768038,sender -> receiver,0,True,1785286768792,754,0,False
cbc20938-4f40-5675-b1a2-19fe98da285d,1785286768974,sender -> receiver,0,True,1785286769713,739,0,False
62ab30dc-d474-55ae-a927-8822a2aedcce,1785286770003,sender -> receiver,0,True,1785286770698,695,0,False
d98ae833-cbca-50cb-bf90-87e61d24eb59,1785286770006,sender -> receiver,0,True,1785286770712,706,0,False
97fec40a-92b6-5d22-8c7e-34b3f431d56a,1785286770999,sender -> receiver,0,True,1785286771755,756,0,False
b10a0c9f-92b8-57d5-aa6e-c27b29278346,1785286771001,sender -> receiver,0,True,1785286771769,768,0,False
22cba54a-efab-5739-b3d4-36988ded79e2,1785286772030,sender -> receiver,0,True,1785286772722,692,0,False
8dc57f62-9129-5700-ab2b-cd5c70db3735,1785286772034,sender -> receiver,0,True,1785286772743,709,0,False
09e78446-6f8c-5737-9e3f-37dac03ef3f9,1785286773006,sender -> receiver,0,True,1785286773757,751,0,False
cad9adfa-7d63-5a39-a608-9e90aaa2e700,1785286773010,sender -> receiver,0,True,1785286773777,767,0,False
524f96c7-97d2-5485-8741-cfc98101ec7b,1785286774010,sender -> receiver,0,True,1785286774700,690,0,False
b91608f2-88ce-528c-a548-f22f8a7075d6,1785286774013,sender -> receiver,0,True,1785286774756,743,0,False
1963f8d7-0112-5247-9551-0eee2c9c3720,1785286775020,sender -> receiver,0,True,1785286775731,711,0,False
309e5b71-9125-506f-804c-94b897223c8d,1785286815682,sender -> receiver,0,True,1785286816399,717,0,False
2bdc7610-3913-55e1-b4bb-402dc678e5b9,1785286815687,sender -> receiver,0,True,1785286816418,731,0,False
48e86db2-7f29-5b7b-a952-91fcee05d1be,1785286816664,sender -> receiver,0,True,1785286817399,735,0,False
887460c7-4fec-58d0-9fc9-fb2a3ec5e17b,1785286816668,sender -> receiver,0,True,1785286817414,746,0,False
979e5c0e-6c84-5a2d-965d-b1980605429c,1785286817669,sender -> receiver,0,True,1785286818397,728,0,False
a137da8c-ff78-5715-a865-0aacb4d74cfa,1785286817675,sender -> receiver,0,True,1785286818443,768,0,False
5bf012fb-b6ff-564a-af72-807dc92498bb,1785286818663,sender -> receiver,0,True,1785286819392,729,0,False
f6d16871-4c66-52db-b29d-9cd6eeee53b1,1785286818667,sender -> receiver,0,True,1785286819419,752,0,False
f4baea6b-3627-5fd8-8df2-9c2eeea2d033,1785286819656,sender -> receiver,0,True,1785286820376,720,0,False
81407792-3a9e-5c55-9ffb-77dcc4d45d5a,1785286820681,sender -> receiver,0,True,1785286821414,733,0,False
543f37eb-1748-5a98-946a-6b3f215fbb49,1785286820686,sender -> receiver,0,True,1785286821434,748,0,False
97997a4f-316c-5e57-9cf8-bb98ccaa5afd,1785286821699,sender -> receiver,0,True,1785286822403,704,0,False
33c14104-6022-572d-a932-9eed14097e3b,1785286821704,sender -> receiver,0,True,1785286822419,715,0,False
bcf3efe7-694f-574b-b15d-04c05c849121,1785286822670,sender -> receiver,0,True,1785286823395,725,0,False
7cbcdcc2-b89a-542f-a62a-de7cbbf6e25e,1785286822680,sender -> receiver,0,True,1785286823412,732,0,False
cf656db8-eca8-51b4-9c31-6cecf4102884,1785286823688,sender -> receiver,0,True,1785286824397,709,0,False
5de7052a-5895-5ae3-8d24-cb9b3eb20855,1785286823694,sender -> receiver,0,True,1785286824410,716,0,False
a7d25fa8-d999-5bdf-86ab-e59625b7bcc6,1785286824657,sender -> receiver,0,True,1785286825406,749,0,False
1620456f-d47c-534a-b5a3-7d2474a84752,1785286825689,sender -> receiver,0,True,1785286826408,719,0,False
b2df9ea8-cd8b-51f5-9c41-06b0491df2d2,1785286825694,sender -> receiver,0,True,1785286826424,730,0,False
622cec80-fe47-50c3-bc51-e191ebc67977,1785286826670,sender -> receiver,0,True,1785286827400,730,0,False
c1a535c7-6f60-548c-92ec-d190067b4691,1785286826675,sender -> receiver,0,True,1785286827417,742,0,False
8070f0b1-a8d7-5dc7-bcf7-0568ef302100,1785286827688,sender -> receiver,0,True,1785286828397,709,0,False
50f21829-8495-5a71-bf83-1d66103410e0,1785286827693,sender -> receiver,0,True,1785286828437,744,0,False
a8d542b4-8745-5783-a5f8-2fec0dee0c06,1785286828663,sender -> receiver,0,True,1785286829403,740,0,False
0cca7297-86f7-5d6c-abc8-2db8cd734b8d,1785286829666,sender -> receiver,0,True,1785286830394,728,0,False
1adeab6b-1a3e-50f6-b9f8-896ddef8f3ef,1785286829670,sender -> receiver,0,True,1785286830405,735,0,False
8f87ac87-9ae3-5b76-80d7-e347f6b1115f,1785286830652,sender -> receiver,0,True,1785286831377,725,0,False
7189f707-1355-5244-9a62-300814c18c98,1785286830655,sender -> receiver,0,True,1785286831425,770,0,False
1b4e6325-02da-516e-aa74-066e0d94e661,1785286831662,sender -> receiver,0,True,1785286832391,729,0,False
294cd5ee-871d-5425-8997-fc7de0d32c84,1785286831665,sender -> receiver,0,True,1785286832408,743,0,False
0c6156ad-446f-52c3-80ba-a92f1aa545c0,1785286832665,sender -> receiver,0,True,1785286833382,717,0,False
e85801c0-d043-5dc5-9191-23657badfc41,1785286832668,sender -> receiver,0,True,1785286833396,728,0,False
2f67cb75-cadc-597a-99d5-71d1ea72007b,1785286833658,sender -> receiver,0,True,1785286834381,723,0,False
c79e28f1-ba67-5ca7-b4f8-25c87911680d,1785286834694,sender -> receiver,0,True,1785286835412,718,0,False
f41a9ea8-54a3-534b-a6f8-9b31e93e93d3,1785286834701,sender -> receiver,0,True,1785286835430,729,0,False
b123af82-4e45-596b-adec-2bd969188636,1785286835680,sender -> receiver,0,True,1785286836393,713,0,False
3e2a79f3-9d56-5e83-8ad8-03402d41e25a,1785286835685,sender -> receiver,0,True,1785286836421,736,0,False
5a0758a4-ccf3-597b-8556-26babc22fee3,1785286836687,sender -> receiver,0,True,1785286837388,701,0,False
f90bd7e3-2afe-5b45-a215-d0fc5c88b8e5,1785286836693,sender -> receiver,0,True,1785286837403,710,0,False
41210f6f-6ee9-5d2c-97cb-7f52da10148f,1785286837656,sender -> receiver,0,True,1785286838373,717,0,False
8aa7e968-17c0-50ca-93ad-4ac4e221d9b6,1785286837664,sender -> receiver,0,True,1785286838389,725,0,False
1cf729ed-3e6a-5f37-bd01-f3b9e359df41,1785286838658,sender -> receiver,0,True,1785286839380,722,0,False
edfffe55-07ae-5efc-80fe-0de3bded43db,1785286839679,sender -> receiver,0,True,1785286840354,675,0,False
2b06422b-9365-5d3d-93c8-31cfc669a5e8,1785286839683,sender -> receiver,0,True,1785286840407,724,0,False
b94f0b88-ed53-5932-adaa-e85c025be384,1785286840660,sender -> receiver,0,True,1785286841406,746,0,False
905c2ea7-ab00-5054-8669-e18a9f1d6898,1785286840663,sender -> receiver,0,True,1785286841430,767,0,False
163e0178-5c7c-5705-8122-8509636db2b7,1785286841682,sender -> receiver,0,True,1785286842381,699,0,False
7bf2e875-90dd-5bb6-a759-4e411fcbc2c4,1785286841688,sender -> receiver,0,True,1785286842400,712,0,False
b756efde-b5b1-58aa-b788-3e6f498de49d,1785286842659,sender -> receiver,0,True,1785286843372,713,0,False
8e867314-c847-53bd-a7f9-8823edd5911d,1785286843675,sender -> receiver,0,True,1785286844403,728,0,False
0f5b1455-4c33-55f5-9124-2555738713a3,1785286843680,sender -> receiver,0,True,1785286844419,739,0,False
2f337da7-abc6-5791-8973-fbea4fe4a736,1785286844665,sender -> receiver,0,True,1785286845394,729,0,False
d3748ee4-ebb9-5ed8-ad14-175d90e5463d,1785286844668,sender -> receiver,0,True,1785286845414,746,0,False
ca904c61-0e6d-5aec-979d-ff934bff150f,1785286845668,sender -> receiver,0,True,1785286846393,725,0,False
ad066adc-996c-513f-8939-92507e034f10,1785286845677,sender -> receiver,0,True,1785286846405,728,0,False
c67b4938-85f1-59b4-b7ac-95743c84c116,1785286846667,sender -> receiver,0,True,1785286847383,716,0,False
9bc6aea9-7acc-55f6-8282-201ec23372ed,1785286846716,sender -> receiver,0,True,1785286847400,684,0,False
6fcfe6de-9527-50fb-a29d-dfba16bc9ec1,1785286847655,sender -> receiver,0,True,1785286848361,706,0,False
1de321be-11aa-5b51-87ae-05beaec94b66,1785286848668,sender -> receiver,0,True,1785286849392,724,0,False
f97ee19c-0b07-5be0-88a7-1dc7e6fb789d,1785286848678,sender -> receiver,0,True,1785286849404,726,0,False
e644ab6b-db88-5ad2-961a-caee218e8cbe,1785286849661,sender -> receiver,0,True,1785286850396,735,0,False
09e84f4f-c000-54c6-a2df-a1cdc4acec15,1785286849664,sender -> receiver,0,True,1785286850409,745,0,False
16e0e033-7523-5510-a5ca-7e3aab6d7129,1785286850661,sender -> receiver,0,True,1785286851392,731,0,False
666a7e22-f517-58df-abee-66a774e08163,1785286850664,sender -> receiver,0,True,1785286851404,740,0,False
3ed44456-8788-555c-a370-7d1709e2c934,1785286851664,sender -> receiver,0,True,1785286852383,719,0,False
42188708-a264-5d1f-a6e7-439d0bc49a35,1785286851669,sender -> receiver,0,True,1785286852399,730,0,False
c8810bbb-7fe0-5fa7-a480-cb5f54bb69e0,1785286852677,sender -> receiver,0,True,1785286853409,732,0,False
8d5afaf8-3af2-5b8b-8407-d5ba1dd120aa,1785286853663,sender -> receiver,0,True,1785286854393,730,0,False
6b693f8b-c708-5022-bf93-bc2defdf5e7e,1785286853670,sender -> receiver,0,True,1785286854446,776,0,False
bb06d569-8b80-5937-8899-851b153dad53,1785286854688,sender -> receiver,0,True,1785286855388,700,0,False
a5e3d2aa-9afb-50ad-a49c-8b7f894995ca,1785286854692,sender -> receiver,0,True,1785286855404,712,0,False
9fb28bfa-b6d1-59d2-b04d-296cb8969acc,1785286855710,sender -> receiver,0,True,1785286856441,731,0,False
407510e1-c1ef-5a40-ab01-03ad539dcdbf,1785286855717,sender -> receiver,0,True,1785286856456,739,0,False
41260bb0-d9c5-5ab6-8219-0c3c67ba0677,1785286856659,sender -> receiver,0,True,1785286857409,750,0,False
eac8e4c2-3e5f-51cb-82cd-91e95f93ce98,1785286857679,sender -> receiver,0,True,1785286858403,724,0,False
7db8ffad-0593-5a5b-8df8-26b370fcc8b8,1785286857686,sender -> receiver,0,True,1785286858422,736,0,False
75bea561-677c-5702-81e7-4ea82102ee39,1785286858664,sender -> receiver,0,True,1785286859390,726,0,False
e5c7a519-3f7b-5aa9-ba2b-d7cc370e7b70,1785286858667,sender -> receiver,0,True,1785286859456,789,0,False
3666134a-dad9-5cb2-8274-1d7622caf148,1785286859680,sender -> receiver,0,True,1785286860382,702,0,False
472c4e70-955c-55b0-8b61-99c9f9fd0218,1785286859687,sender -> receiver,0,True,1785286860438,751,0,False
cb0e81f6-9a02-55e9-8295-ece7f1c8831b,1785286860666,sender -> receiver,0,True,1785286861393,727,0,False
05b37ea8-610e-5086-98e2-49658530e054,1785286860675,sender -> receiver,0,True,1785286861405,730,0,False
171d0a7b-655e-5e84-947e-c8a51fd255b4,1785286861711,sender -> receiver,0,True,1785286862415,704,0,False
dd1fca0c-9743-569b-a3c3-62bbbaf74569,1785286862680,sender -> receiver,0,True,1785286863412,732,0,False
b0aa9dcb-cae6-5d66-83f1-c563da7209cc,1785286862684,sender -> receiver,0,True,1785286863428,744,0,False
60b55587-970a-5f3c-a0a0-50b43ff6cc49,1785286863660,sender -> receiver,0,True,1785286864387,727,0,False
f878e07f-da63-55a1-95e2-7891aeed97d0,1785286863662,sender -> receiver,0,True,1785286864399,737,0,False
b1e704dc-a552-5456-abb8-a46cd86e0e70,1785286864664,sender -> receiver,0,True,1785286865392,728,0,False
15471fd8-88cf-576c-b25a-2c69bb4b1dd0,1785286864683,sender -> receiver,0,True,1785286865406,723,0,False
ece15942-fad0-5320-9129-f62a41e9e3e1,1785286865696,sender -> receiver,0,True,1785286866424,728,0,False
504fc755-9d06-5723-a89c-53509a00b733,1785286865701,sender -> receiver,0,True,1785286866435,734,0,False
8d2a03ec-17e8-54bc-8ac0-eac3947090a9,1785286866673,sender -> receiver,0,True,1785286867411,738,0,False
cd4ffb8b-3a22-521a-bf7b-534f85137fcc,1785286867711,sender -> receiver,0,True,1785286868434,723,0,False
4b045e25-20c1-52a8-8484-0c5f70518666,1785286867715,sender -> receiver,0,True,1785286868454,739,0,False
147752e4-4212-5e55-998a-b9e1b55b880c,1785286868693,sender -> receiver,0,True,1785286869426,733,0,False
c5cad072-dfc9-5ffd-8784-a5a60505c14f,1785286868700,sender -> receiver,0,True,1785286869438,738,0,False
9745b3d4-62fd-5152-8f53-f48b84b751ee,1785286869662,sender -> receiver,0,True,1785286870412,750,0,False
5d7ccff2-48db-532a-bb8c-9ed380f38a60,1785286869665,sender -> receiver,0,True,1785286870463,798,0,False
5144cb8b-df6d-50e2-84f3-1f7b866c93cf,1785286870655,sender -> receiver,0,True,1785286871364,709,0,False
dd448484-c051-5682-8485-7bcd7f4244be,1785286910801,sender -> receiver,0,True,1785286911506,705,0,False
b0870d1c-5cfc-53da-8787-efce24f3ad11,1785286910803,sender -> receiver,0,True,1785286911512,709,0,False
639e51d2-4e5d-599d-b0a1-61b12627ffa3,1785286911809,sender -> receiver,0,True,1785286912550,741,0,False
f873bef0-dea0-5082-9219-cec1ee729ffd,1785286911812,sender -> receiver,0,True,1785286912564,752,0,False
cc383f5e-1d91-53ab-84bf-618dfbd4322b,1785286912813,sender -> receiver,0,True,1785286913543,730,0,False
ff2adb92-7980-518a-90c6-c1bdfa925272,1785286912821,sender -> receiver,0,True,1785286913558,737,0,False
dc722cde-eade-5b73-b67b-d06c6ce86d08,1785286913834,sender -> receiver,0,True,1785286914600,766,0,False
dba6ba46-7ab0-561e-9564-c6919e44e9f4,1785286913836,sender -> receiver,0,True,1785286914643,807,0,False
734409d4-a572-5679-ac48-c3f05fda9197,1785286914826,sender -> receiver,0,True,1785286915562,736,0,False
31f20840-d395-5145-a347-2666ca25c0ca,1785286915839,sender -> receiver,0,True,1785286916542,703,0,False
3d677459-7f35-5ee5-aa59-f963dde3a436,1785286915848,sender -> receiver,0,True,1785286916552,704,0,False
a70585b9-ff91-5022-aabb-8b134d7f2adf,1785286916811,sender -> receiver,0,True,1785286917525,714,0,False
436b34da-7a53-5370-8ca2-f1ae1c4bba0f,1785286916816,sender -> receiver,0,True,1785286917539,723,0,False
05ef2890-7c77-56fb-aa05-84c0b3bc5ccd,1785286917852,sender -> receiver,0,True,1785286918567,715,0,False
89bef851-babd-5440-b6a8-315a553db9d4,1785286917858,sender -> receiver,0,True,1785286918589,731,0,False
79c7f344-a96e-50b1-815a-a4363c324dba,1785286918840,sender -> receiver,0,True,1785286919558,718,0,False
df09f8df-278c-50a0-9ac2-b413cb98989d,1785286918882,sender -> receiver,0,True,1785286919571,689,0,False
e5e205f1-1002-5e70-9d98-91adcd827024,1785286919792,sender -> receiver,0,True,1785286920511,719,0,False
53a3619a-f3c0-572b-ac09-4514ed1bd0cc,1785286920826,sender -> receiver,0,True,1785286921532,706,0,False
ff4cf99d-0d5d-5ff0-a4e5-5bfc2b2c9f17,1785286920861,sender -> receiver,0,True,1785286921561,700,0,False
2bb4882d-7f23-55d6-80dd-eff7c556ae00,1785286921806,sender -> receiver,0,True,1785286922522,716,0,False
b7c75600-f3f8-54b2-a152-b103e72b4609,1785286921809,sender -> receiver,0,True,1785286922533,724,0,False
078e920f-f27f-5185-97e3-facfe5ed8b94,1785286922808,sender -> receiver,0,True,1785286923532,724,0,False
22d0f868-f1e5-5ce1-8eb9-1651263cf283,1785286922813,sender -> receiver,0,True,1785286923579,766,0,False
75f9e5b7-aa80-52bb-9496-f74a5d78a5d2,1785286923799,sender -> receiver,0,True,1785286924503,704,0,False
ffde1cd6-2b2a-554c-8058-a80eb92be591,1785286924802,sender -> receiver,0,True,1785286925545,743,0,False
48883bed-e242-5692-9239-74f78b248c82,1785286924806,sender -> receiver,0,True,1785286925558,752,0,False
0653352f-5d2f-5238-93a0-a12db9323f73,1785286925812,sender -> receiver,0,True,1785286926527,715,0,False
3943f106-c786-5353-ac50-274d92d3da96,1785286925815,sender -> receiver,0,True,1785286926545,730,0,False
9a2f432e-780e-5161-9010-7f395cea81c7,1785286926805,sender -> receiver,0,True,1785286927527,722,0,False
a8c681b3-b5da-5499-9542-d7a90d37c2d5,1785286926814,sender -> receiver,0,True,1785286927545,731,0,False
80698883-5b91-51b1-98de-805db9f13c68,1785286927811,sender -> receiver,0,True,1785286928515,704,0,False
8fde187f-c4ce-5609-b52a-268451e20aa4,1785286927814,sender -> receiver,0,True,1785286928525,711,0,False
31917379-2419-5165-998f-670a80f2020f,1785286928833,sender -> receiver,0,True,1785286929550,717,0,False
6315e23e-1d1f-5118-919a-e8ba8129be2b,1785286929811,sender -> receiver,0,True,1785286930534,723,0,False
0344e358-12c8-5465-b686-10453fd1c076,1785286929822,sender -> receiver,0,True,1785286930552,730,0,False
3e1b54f2-6721-59f7-899d-844640ff0fa5,1785286930804,sender -> receiver,0,True,1785286931538,734,0,False
2a81fef8-869d-5219-935b-2ce74e37a355,1785286930807,sender -> receiver,0,True,1785286931550,743,0,False
a47ff9c6-df4d-5a94-bdd8-63e981721b0f,1785286931831,sender -> receiver,0,True,1785286932558,727,0,False
bfa1c4f5-e157-517e-81f0-d1201f626f9f,1785286931838,sender -> receiver,0,True,1785286932573,735,0,False
c0c6ee0c-46ac-5bbb-8ae6-da9e3ca157cd,1785286932827,sender -> receiver,0,True,1785286933547,720,0,False
40b3331c-b114-5f7f-b09e-cead6d53cd54,1785286932832,sender -> receiver,0,True,1785286933595,763,0,False
b2e8c922-4e68-5429-90ce-c8a82801bcec,1785286933809,sender -> receiver,0,True,1785286934542,733,0,False
db350f3a-1d24-52a2-90b7-676f96b0f8cc,1785286934816,sender -> receiver,0,True,1785286935539,723,0,False
65941125-6f91-50d3-b851-79460b90f313,1785286934820,sender -> receiver,0,True,1785286935552,732,0,False
e1e0305e-a0c6-5f6a-9653-9564ae47e830,1785286935840,sender -> receiver,0,True,1785286936560,720,0,False
02b015b9-4396-5d28-8941-248836ebad85,1785286935878,sender -> receiver,0,True,1785286936577,699,0,False
23eac99a-7200-55fb-8bc2-b6fb426f80d0,1785286936851,sender -> receiver,0,True,1785286937581,730,0,False
e3497f35-4466-561a-a8a4-d78b6ab76326,1785286936856,sender -> receiver,0,True,1785286937594,738,0,False
0f3fc178-f7f2-5c46-9dc2-6b2bb561ab36,1785286937825,sender -> receiver,0,True,1785286938541,716,0,False
7a7e4ba6-1319-5c8e-8707-5b9832050539,1785286938814,sender -> receiver,0,True,1785286939533,719,0,False
af19113c-ccfa-5db2-98f2-b1ce3af21fab,1785286938819,sender -> receiver,0,True,1785286939550,731,0,False
52e1da9d-16a4-5272-84dc-1498c2634501,1785286939811,sender -> receiver,0,True,1785286940530,719,0,False
6451a3d0-bd2a-5b42-b8cc-14178fbbb4fb,1785286939816,sender -> receiver,0,True,1785286940549,733,0,False
6ed83caf-ec00-5438-bbc7-30a6e6fbb848,1785286940822,sender -> receiver,0,True,1785286941516,694,0,False
7e2e5a24-b5e5-5658-b309-0e05ad19e977,1785286940824,sender -> receiver,0,True,1785286941564,740,0,False
b65b9d34-d564-5826-8e38-9de8db8fe28e,1785286941831,sender -> receiver,0,True,1785286942604,773,0,False
cedac6c3-62c1-50ef-9a1b-2852ddb32f3e,1785286941837,sender -> receiver,0,True,1785286942618,781,0,False
6df38044-e5c5-5827-831b-a1d8c8ca8b20,1785286942798,sender -> receiver,0,True,1785286943490,692,0,False
f556cd75-9005-54ab-b267-908554421b19,1785286943823,sender -> receiver,0,True,1785286944527,704,0,False
b2e59ca0-6ae3-5c9d-b658-6003ed952a19,1785286943827,sender -> receiver,0,True,1785286944544,717,0,False
f25db555-f5ed-5d83-a114-f7c2e19485ea,1785286944795,sender -> receiver,0,True,1785286945544,749,0,False
7b6d20cf-0f91-5460-8f8b-e480826ce230,1785286944798,sender -> receiver,0,True,1785286945555,757,0,False
aa0cef43-d972-5f4a-b982-097f77b01b17,1785286945831,sender -> receiver,0,True,1785286946547,716,0,False
a17c96b9-4966-5deb-9dc6-0ff285bc85fc,1785286945837,sender -> receiver,0,True,1785286946600,763,0,False
e4051731-cb8b-5ca8-9b49-960b4fe3c250,1785286946815,sender -> receiver,0,True,1785286947538,723,0,False
46688ea7-ddea-5139-b008-08731f44f83b,1785286946817,sender -> receiver,0,True,1785286947550,733,0,False
e65ac715-c6d4-5508-bff1-52d2614fb78a,1785286947797,sender -> receiver,0,True,1785286948516,719,0,False
a7878307-e9a9-5d12-9dd6-4d75cbf9a36d,1785286948810,sender -> receiver,0,True,1785286949576,766,0,False
0b974b97-d915-559b-be91-721c0aec8e7c,1785286948814,sender -> receiver,0,True,1785286949603,789,0,False
d5aa1408-1263-5c7c-9661-e9341213d79a,1785286949800,sender -> receiver,0,True,1785286950512,712,0,False
9d07d8ba-f5a6-556b-a958-1b3a2113e84d,1785286949802,sender -> receiver,0,True,1785286950527,725,0,False
1e547bfb-1560-5115-bbe8-9cf025669154,1785286950807,sender -> receiver,0,True,1785286951503,696,0,False
717157f5-a37f-5ce7-9c1f-0a72ab08d679,1785286950811,sender -> receiver,0,True,1785286951517,706,0,False
0a943b10-6894-534e-9d43-277ca9e3c4ea,1785286951796,sender -> receiver,0,True,1785286952534,738,0,False
6a5c0203-0183-5318-9ebc-f4993fa76a91,1785286952849,sender -> receiver,0,True,1785286953574,725,0,False
6fe02217-8028-5357-ae6f-6868070a6e24,1785286952853,sender -> receiver,0,True,1785286953592,739,0,False
2b576e31-6cd4-5db6-aee2-2c4a6681abb9,1785286953839,sender -> receiver,0,True,1785286954580,741,0,False
87211fa2-49ea-5d6b-879a-797442496c12,1785286953845,sender -> receiver,0,True,1785286954599,754,0,False
5ce841b7-613e-5539-9796-eb9337b3c0b7,1785286954828,sender -> receiver,0,True,1785286955573,745,0,False
d5b22b82-df9f-505f-bc8a-c9e39126c53e,1785286954833,sender -> receiver,0,True,1785286955607,774,0,False
49b4603e-1de4-5720-b2ad-938e90b5a9d6,1785286955829,sender -> receiver,0,True,1785286956549,720,0,False
215d7d83-e9cb-5193-bdae-82686b6b6041,1785286955833,sender -> receiver,0,True,1785286956568,735,0,False
d7bff026-852e-5ce0-b8fc-4d4a963cac1d,1785286956798,sender -> receiver,0,True,1785286957513,715,0,False
bea478d8-b298-5b78-b039-a48fda5c72e5,1785286957837,sender -> receiver,0,True,1785286958567,730,0,False
bafa7b3e-cecd-5424-92bf-a86ff8e9198c,1785286957846,sender -> receiver,0,True,1785286958584,738,0,False
b99ba8bf-90f5-5675-92f3-2199c6043c98,1785286958806,sender -> receiver,0,True,1785286959514,708,0,False
fe70f711-4fdc-5af1-9508-3ad5e845c024,1785286958810,sender -> receiver,0,True,1785286959533,723,0,False
edfc3d64-c978-5263-8587-e1044449620d,1785286959821,sender -> receiver,0,True,1785286960544,723,0,False
41d3bf3d-9e50-50b0-8c87-f662579874f7,1785286959828,sender -> receiver,0,True,1785286960560,732,0,False
04bb5302-a3af-55ac-832a-5fcef639c62d,1785286960830,sender -> receiver,0,True,1785286961546,716,0,False
53fdb93a-ffe6-5529-a62a-8ac77785225d,1785286960835,sender -> receiver,0,True,1785286961570,735,0,False
1425a116-314b-5131-91d8-a2f46598ab2c,1785286961795,sender -> receiver,0,True,1785286962494,699,0,False
1a6b8da2-7f00-546c-bee9-8e7d90f6d9dc,1785286962858,sender -> receiver,0,True,1785286963563,705,0,False
5de27012-3225-5a26-ba45-a95e4ecd4c2f,1785286962863,sender -> receiver,0,True,1785286963580,717,0,False
90506763-345e-5893-9ee7-3becfcdf6631,1785286963824,sender -> receiver,0,True,1785286964557,733,0,False
0b10326d-d2da-5263-9ec1-db0e318a32d6,1785286963826,sender -> receiver,0,True,1785286964576,750,0,False
f152c505-f1da-504e-83ce-4e314ea951e6,1785286964795,sender -> receiver,0,True,1785286965540,745,0,False
80add395-b5ca-551c-80a6-30aeface4bcd,1785286964797,sender -> receiver,0,True,1785286965554,757,0,False
6656cc87-8b00-5635-aa3a-cf2f5005b2a6,1785286965804,sender -> receiver,0,True,1785286966525,721,0,False
f9ac40f2-3f5a-5de8-ab0a-68159cf07312,1785287005968,sender -> receiver,0,True,1785287006670,702,0,False
b15c70f5-0b23-52f6-a51f-f404bd941a95,1785287005996,sender -> receiver,0,True,1785287006683,687,0,False
cdc8b9a4-0089-5bbd-9479-91f522c80415,1785287007000,sender -> receiver,0,True,1785287007709,709,0,False
fdd1ff59-9393-579b-9c90-73c697dc2981,1785287007005,sender -> receiver,0,True,1785287007730,725,0,False
de3ab8be-0155-50b6-bab5-39eb3027d321,1785287007969,sender -> receiver,0,True,1785287008715,746,0,False
9f0c523b-1230-528c-9a1f-a10582d3cccf,1785287007971,sender -> receiver,0,True,1785287008746,775,0,False
270a8cdf-e89c-5e39-89db-3336259dcc89,1785287008981,sender -> receiver,0,True,1785287009699,718,0,False
2653e6a0-da0c-5ae9-9903-6a186c3fbf0f,1785287009028,sender -> receiver,0,True,1785287009718,690,0,False
32af2b16-7f08-5d52-a336-2f5021c159aa,1785287009987,sender -> receiver,0,True,1785287010697,710,0,False
b035dfa5-ceda-54e9-b33c-bfbc8f35fff1,1785287010974,sender -> receiver,0,True,1785287011689,715,0,False
b2fe2d4f-7033-53a3-a65d-e5ec75a3031f,1785287011002,sender -> receiver,0,True,1785287011704,702,0,False
50c10634-8227-5f74-bfa4-8aaf0f4af213,1785287012001,sender -> receiver,0,True,1785287012723,722,0,False
7917b8fb-277d-527c-80eb-c0030ba4f9d6,1785287012005,sender -> receiver,0,True,1785287012758,753,0,False
d6816b01-ffa3-51ea-9d60-8a4d2344245d,1785287012987,sender -> receiver,0,True,1785287013706,719,0,False
ece9bb6e-ef8d-5fb4-a91f-8ca5431ddb8c,1785287013031,sender -> receiver,0,True,1785287013720,689,0,False
66ca39cc-34bc-5d50-80dc-c8a2f0fa2db7,1785287014000,sender -> receiver,0,True,1785287014682,682,0,False
4ce0bd84-6584-5b8c-9562-7a6cad986eed,1785287014003,sender -> receiver,0,True,1785287014739,736,0,False
f5b73566-62a5-5d7c-8b1d-4232b85347e6,1785287014969,sender -> receiver,0,True,1785287015733,764,0,False
ba78001e-7942-5cff-83b2-9bdf423d1954,1785287015999,sender -> receiver,0,True,1785287016732,733,0,False
c7c389f4-0934-5b1b-b21e-c77b39671ea2,1785287016041,sender -> receiver,0,True,1785287016745,704,0,False
6450e316-45e4-5ef6-be1e-d352527f7115,1785287016995,sender -> receiver,0,True,1785287017714,719,0,False
9122be8b-0435-51d0-9a13-e1730a2e7ef4,1785287016999,sender -> receiver,0,True,1785287017735,736,0,False
041bcd39-aa68-58ec-b232-b33c228ff81d,1785287017995,sender -> receiver,0,True,1785287018705,710,0,False
3a9760b4-29e5-5dda-841c-9d9b71127a13,1785287017999,sender -> receiver,0,True,1785287018724,725,0,False
174f9a5d-9201-599f-b3c9-048a834467e3,1785287018997,sender -> receiver,0,True,1785287019727,730,0,False
5c7cc009-f68e-5589-bb9a-df55025e4977,1785287019969,sender -> receiver,0,True,1785287020675,706,0,False
fba37fd2-5fe8-5070-ad8a-47e570f45288,1785287019971,sender -> receiver,0,True,1785287020694,723,0,False
fc4f48dc-d054-5edf-bca4-703f0e062f3d,1785287020998,sender -> receiver,0,True,1785287021723,725,0,False
38f064fa-58ac-5277-8bf5-20c205e55ffd,1785287021001,sender -> receiver,0,True,1785287021747,746,0,False
2648b4ce-e04a-577e-904b-4864e3278291,1785287021997,sender -> receiver,0,True,1785287022709,712,0,False
071aa133-68ba-5714-b686-38ee38d02c18,1785287022000,sender -> receiver,0,True,1785287022745,745,0,False
fdede48b-d1e9-5b17-a44e-ef7ca7b64589,1785287022977,sender -> receiver,0,True,1785287023699,722,0,False
1c295894-28aa-5b85-bf3b-aa87164fae14,1785287023003,sender -> receiver,0,True,1785287023728,725,0,False
89633530-7055-54a4-915f-741197a2d9bc,1785287023969,sender -> receiver,0,True,1785287024725,756,0,False
286e8975-344d-57c7-8bed-18a281fb154d,1785287024991,sender -> receiver,0,True,1785287025715,724,0,False
588a7f1f-0f3d-593e-866e-90b01a912665,1785287024994,sender -> receiver,0,True,1785287025759,765,0,False
396b796e-5ed4-545d-abcb-c1044a4c58f6,1785287025995,sender -> receiver,0,True,1785287026717,722,0,False
eb150329-f18d-57ef-ace4-2de09b4fe31c,1785287026044,sender -> receiver,0,True,1785287026738,694,0,False
bcbd03e9-22ce-5c2c-8db0-86992d1dac7b,1785287026975,sender -> receiver,0,True,1785287027706,731,0,False
82f0acc3-d4c5-58f2-b248-765c206f8d35,1785287027003,sender -> receiver,0,True,1785287027722,719,0,False
b23853df-d0d0-5ef9-8322-967118e19a59,1785287028001,sender -> receiver,0,True,1785287028729,728,0,False
c0509071-8ebd-5151-99a7-0b3ee88b201f,1785287028005,sender -> receiver,0,True,1785287028747,742,0,False
80cdc71d-1a00-5862-95f3-12b9abee63ed,1785287028987,sender -> receiver,0,True,1785287029736,749,0,False
317940af-d07a-5f1d-8b1f-ae90398e9c79,1785287029976,sender -> receiver,0,True,1785287030724,748,0,False
693bc7c1-fc32-53a5-96b0-03883b7c9de8,1785287029978,sender -> receiver,0,True,1785287030740,762,0,False
ea1eb099-a344-5d01-80c4-4335a926f3f4,1785287030975,sender -> receiver,0,True,1785287031707,732,0,False
76216363-7083-52b5-8995-fa7b4a90f5a6,1785287030999,sender -> receiver,0,True,1785287031727,728,0,False
137735e6-cd32-510b-b8e7-00a4674da7c1,1785287031972,sender -> receiver,0,True,1785287032682,710,0,False
0d86f800-e4ed-548c-9e16-f8727fb960ae,1785287032001,sender -> receiver,0,True,1785287032705,704,0,False
98b88c03-a198-56f6-9bc5-b3888953c964,1785287032984,sender -> receiver,0,True,1785287033721,737,0,False
d65c3c7a-8489-581f-ba06-6294344cc35c,1785287033972,sender -> receiver,0,True,1785287034690,718,0,False
68c64f89-fafa-5408-8b3e-a49aa0781070,1785287033975,sender -> receiver,0,True,1785287034704,729,0,False
0fbc5a9e-cab5-585d-a7bd-37803df32052,1785287035003,sender -> receiver,0,True,1785287035708,705,0,False
992a9b9a-e01f-5ddb-905b-1bf12daa2b2b,1785287035007,sender -> receiver,0,True,1785287035790,783,0,False
3a63419e-a53f-529a-bfe5-322119575ddd,1785287036004,sender -> receiver,0,True,1785287036698,694,0,False
dd08b829-9753-5d5a-afcd-cbca7355e525,1785287036012,sender -> receiver,0,True,1785287036759,747,0,False
21a02963-cc3e-5cba-96c2-3ac682b65cc8,1785287036976,sender -> receiver,0,True,1785287037695,719,0,False
ede8a367-bc2d-5800-bc7a-9e0409d75517,1785287037001,sender -> receiver,0,True,1785287037715,714,0,False
92a469e3-4e93-57c1-853a-8c1b7f6808b8,1785287037997,sender -> receiver,0,True,1785287038787,790,0,False
e0d82985-ad2f-5ddc-b776-6e2f6558d106,1785287039022,sender -> receiver,0,True,1785287039726,704,0,False
b9c30ddb-ee66-57ff-b59c-6cd981cf6938,1785287039028,sender -> receiver,0,True,1785287039800,772,0,False
4d0e11ed-5a43-5384-8d7c-ad7318341692,1785287039993,sender -> receiver,0,True,1785287040695,702,0,False
9325ed08-2e42-55fd-bebc-c924e5af0686,1785287039997,sender -> receiver,0,True,1785287040711,714,0,False
a00b1a38-c17c-51b7-b739-24c32f934495,1785287040992,sender -> receiver,0,True,1785287041744,752,0,False
eb9df14e-98d1-5acb-bf6c-5594bdba8b2d,1785287040996,sender -> receiver,0,True,1785287041772,776,0,False
4008f396-50e9-5080-a98f-5d3d7a40b1cc,1785287042028,sender -> receiver,0,True,1785287042733,705,0,False
fd5d1489-838d-5caf-8a48-a8d2b3d88bea,1785287042031,sender -> receiver,0,True,1785287042744,713,0,False
ba44b073-0909-5186-8459-3b367c1ff3ae,1785287042970,sender -> receiver,0,True,1785287043707,737,0,False
1bf863d9-902e-5e8d-99c5-01bd081aacfb,1785287043986,sender -> receiver,0,True,1785287044715,729,0,False
e1e20f17-b060-5a44-a012-ed189d1b6752,1785287044031,sender -> receiver,0,True,1785287044726,695,0,False
5b9c3a42-881c-591b-8c8b-aa53b6b99e7e,1785287044985,sender -> receiver,0,True,1785287045702,717,0,False
c47b8425-32f8-5cec-9f24-b9d62a0254c2,1785287044991,sender -> receiver,0,True,1785287045728,737,0,False
dc47fe3c-dbbd-531f-85d0-b25104cf888a,1785287046002,sender -> receiver,0,True,1785287046689,687,0,False
f3eb30ae-a93f-54c0-8880-8f0f7399e1fd,1785287046005,sender -> receiver,0,True,1785287046742,737,0,False
3213454f-0ae3-5d7f-ae5c-c15ceb9a1a60,1785287047003,sender -> receiver,0,True,1785287047663,660,0,False
5c24bd28-1a6b-5cf8-8d80-c8230b438877,1785287048013,sender -> receiver,0,True,1785287048718,705,0,False
6e4d9d29-a5ca-5c5a-8627-9b6988bf6453,1785287048017,sender -> receiver,0,True,1785287048736,719,0,False
c3abc224-c1b0-5928-971a-8c6c42020a58,1785287049001,sender -> receiver,0,True,1785287049705,704,0,False
4dd0ed59-dbc5-5504-b91a-7367e4ad248b,1785287049004,sender -> receiver,0,True,1785287049716,712,0,False
9f80995d-53f7-54ed-8136-b1df9b1e21a3,1785287049981,sender -> receiver,0,True,1785287050689,708,0,False
c1f8a6d5-78be-5ce6-bbe0-18991026bf6c,1785287050027,sender -> receiver,0,True,1785287050712,685,0,False
19e28ba0-b689-5f0b-8bb8-094315abbe0b,1785287050996,sender -> receiver,0,True,1785287051685,689,0,False
750f1b4a-d949-505a-9b36-46e849155ccc,1785287051000,sender -> receiver,0,True,1785287051763,763,0,False
09243b4b-810e-5cb7-845c-dc0a8bf2301d,1785287051986,sender -> receiver,0,True,1785287052709,723,0,False
5185da63-8a39-5316-977f-36dcbdff1df8,1785287053043,sender -> receiver,0,True,1785287053751,708,0,False
d30f362f-2cc0-56f8-90d2-4ab5223d634e,1785287053048,sender -> receiver,0,True,1785287053773,725,0,False
67a11c2a-bb17-5a47-bde1-9332650c7428,1785287054024,sender -> receiver,0,True,1785287054733,709,0,False
63d3b2f0-838e-5315-8e4c-f577cd18fa33,1785287054029,sender -> receiver,0,True,1785287054751,722,0,False
08ca000c-ac04-54cb-9407-7b6716c501e1,1785287055030,sender -> receiver,0,True,1785287055737,707,0,False
d5826867-3995-5f2a-af3c-aadc89a3a7a9,1785287055035,sender -> receiver,0,True,1785287055764,729,0,False
7ceacbb2-0143-5caf-afe7-a50679ad080a,1785287056039,sender -> receiver,0,True,1785287056759,720,0,False
0b31752c-59da-5b11-a524-6bffe3b52ccd,1785287056043,sender -> receiver,0,True,1785287056775,732,0,False
e4160e5b-4409-5bca-a316-79d870bae3a2,1785287056994,sender -> receiver,0,True,1785287057708,714,0,False
5b07df60-67c1-5a6e-bc42-13674bbad2ab,1785287057999,sender -> receiver,0,True,1785287058708,709,0,False
2703c548-e64e-550d-ac82-5d31c537a959,1785287058003,sender -> receiver,0,True,1785287058722,719,0,False
62064601-3c6b-5ffa-bdcb-48758e4cba54,1785287058979,sender -> receiver,0,True,1785287059699,720,0,False
36893468-b09f-5b25-ae67-08c7b3e21366,1785287059006,sender -> receiver,0,True,1785287059722,716,0,False
5c7d68f6-4374-5035-bf52-9e53b991e43e,1785287060002,sender -> receiver,0,True,1785287060723,721,0,False
28d82ff3-fdf6-5719-8113-ab9dc36ae814,1785287060056,sender -> receiver,0,True,1785287060738,682,0,False
b738403e-9431-5acf-9d26-410301afb4a7,1785287060988,sender -> receiver,0,True,1785287061719,731,0,False
314c5177-094d-5617-9c9d-33d56289fafc,1785287101135,sender -> receiver,0,True,1785287101850,715,0,False
bca75d05-f748-5901-b521-e321503f8a0d,1785287101139,sender -> receiver,0,True,1785287101872,733,0,False
959dc023-9dfc-5b8d-b001-567750639dc2,1785287102160,sender -> receiver,0,True,1785287102902,742,0,False
86994dc8-4daf-55fb-821d-3fa5701c79d4,1785287102169,sender -> receiver,0,True,1785287102917,748,0,False
dbbb9a90-482e-561b-9cc2-47b441f6608e,1785287103140,sender -> receiver,0,True,1785287103893,753,0,False
597199a3-02e5-5327-b276-5443409e978a,1785287103145,sender -> receiver,0,True,1785287103929,784,0,False
6ce259c8-7388-5d90-8aa2-ade60d23b3d7,1785287104158,sender -> receiver,0,True,1785287104881,723,0,False
b5b97032-1db2-5213-898b-08728d14235a,1785287104164,sender -> receiver,0,True,1785287104892,728,0,False
8ccba544-77d1-5c6a-8a2d-9c9864e5252b,1785287105118,sender -> receiver,0,True,1785287105823,705,0,False
6966df91-140f-510a-b980-7930b3716311,1785287106147,sender -> receiver,0,True,1785287106864,717,0,False
120415cb-8240-5e09-9d00-5b419001d6f5,1785287106153,sender -> receiver,0,True,1785287106881,728,0,False
d4598cfe-b423-5a3c-82cd-63e65752d8d4,1785287107144,sender -> receiver,0,True,1785287107896,752,0,False
5da540f2-1c0f-5b16-be1b-8b8b0fb4f473,1785287107150,sender -> receiver,0,True,1785287107929,779,0,False
b4d65d64-f28e-5144-bd30-321bbc33bf0b,1785287108138,sender -> receiver,0,True,1785287108835,697,0,False
30b69e95-e060-515a-b59a-d08f37d68a3f,1785287108142,sender -> receiver,0,True,1785287108886,744,0,False
934e824d-400a-5089-9747-17f20a36f7ce,1785287109129,sender -> receiver,0,True,1785287109921,792,0,False
ff104ca0-3395-5dfc-bf06-805f30c3a7fb,1785287109132,sender -> receiver,0,True,1785287109936,804,0,False
5b996ae1-7a37-5043-8282-476903ce292f,1785287110136,sender -> receiver,0,True,1785287110846,710,0,False
fa727846-0afa-5ef2-90c6-c59928494b99,1785287111150,sender -> receiver,0,True,1785287111851,701,0,False
1a8dd76f-8cdc-5f87-8238-1f72d36a133d,1785287111156,sender -> receiver,0,True,1785287111905,749,0,False
a3766802-ea74-52b4-9ba4-0ba13385fe17,1785287112129,sender -> receiver,0,True,1785287112849,720,0,False
1a342a84-08a0-55f7-9405-3af83ce05786,1785287112132,sender -> receiver,0,True,1785287112884,752,0,False
1961d027-2169-59b4-9b68-7ed8de980482,1785287113151,sender -> receiver,0,True,1785287113906,755,0,False
865dd9ff-d776-5a8d-90f8-6c96a210308f,1785287113155,sender -> receiver,0,True,1785287113926,771,0,False
1d4a7f81-9956-571e-8025-e298a053f50a,1785287114124,sender -> receiver,0,True,1785287114883,759,0,False
4737284f-3c4d-542f-9302-70b900a9a9b2,1785287115139,sender -> receiver,0,True,1785287115841,702,0,False
e3b0ac88-288b-54cf-b8b9-2d8113795807,1785287115142,sender -> receiver,0,True,1785287115857,715,0,False
38487ee9-ae7d-5b15-8433-3d0bc2c53705,1785287116131,sender -> receiver,0,True,1785287116832,701,0,False
e023f6a5-034a-5db5-9ba9-cb97a5940bc2,1785287116137,sender -> receiver,0,True,1785287116884,747,0,False
696a2a43-7a05-5703-bddf-c53487368006,1785287117135,sender -> receiver,0,True,1785287117847,712,0,False
563383fc-c7bc-5927-80b0-a199bc92a79c,1785287117140,sender -> receiver,0,True,1785287117913,773,0,False
65c6698d-9ffb-5c8f-b711-f28a3ae40eee,1785287118133,sender -> receiver,0,True,1785287118859,726,0,False
84659269-0e82-56c5-9a9e-48953421aceb,1785287118137,sender -> receiver,0,True,1785287118875,738,0,False
adda266c-d1f5-53fd-b04a-bdc58f6ab92b,1785287119122,sender -> receiver,0,True,1785287119851,729,0,False
cff4a3d0-ff59-5af5-abe0-480aa8e20b7d,1785287120142,sender -> receiver,0,True,1785287120840,698,0,False
24b546da-5426-5a93-aa46-e4c94972a7a2,1785287120148,sender -> receiver,0,True,1785287120857,709,0,False
8cf22baf-cb59-5969-8615-3ef0d84dda30,1785287121154,sender -> receiver,0,True,1785287121881,727,0,False
6f37e6be-2dd8-597e-815c-090b11aa4e76,1785287121159,sender -> receiver,0,True,1785287121899,740,0,False
eab33d22-917d-5fa3-9d26-b4a4a48e92a7,1785287122124,sender -> receiver,0,True,1785287122822,698,0,False
f31466a1-04ee-5118-b566-9acbed0317ff,1785287122127,sender -> receiver,0,True,1785287122844,717,0,False
b5e6e9ef-c3f0-551b-a1d0-c13e2b400d86,1785287123131,sender -> receiver,0,True,1785287123892,761,0,False
0cd1754c-14d7-5c4a-b15d-89767e1d761d,1785287123135,sender -> receiver,0,True,1785287123912,777,0,False
cce4cf5b-af18-5285-826c-4d9481e16080,1785287124120,sender -> receiver,0,True,1785287124838,718,0,False
6adc2774-8749-5555-8633-cee952db13d4,1785287125132,sender -> receiver,0,True,1785287125853,721,0,False
5ac45885-9044-51c3-aa9a-1e261c357f4e,1785287125136,sender -> receiver,0,True,1785287125875,739,0,False
55538c60-1629-5118-9c3e-8c0c0eb02496,1785287126121,sender -> receiver,0,True,1785287126826,705,0,False
c43f4961-c5ca-5cd2-8bee-4710edb3c0ba,1785287126124,sender -> receiver,0,True,1785287126846,722,0,False
a305c785-7c82-57b5-8458-6d34cd3eefaf,1785287127149,sender -> receiver,0,True,1785287127881,732,0,False
fb8711c2-e2ef-5718-b5ae-a32fde243257,1785287127154,sender -> receiver,0,True,1785287127898,744,0,False
cae96f4a-602e-5224-9e4e-7f37bc265959,1785287128135,sender -> receiver,0,True,1785287128862,727,0,False
13f71dc9-3d6f-5961-b3da-61dbdcde2120,1785287129144,sender -> receiver,0,True,1785287129860,716,0,False
ac463aac-2aa5-588c-8df8-4baf6e077130,1785287129147,sender -> receiver,0,True,1785287129893,746,0,False
3c2390a6-ec74-5f42-b0f6-ef7a21a1700e,1785287130130,sender -> receiver,0,True,1785287130878,748,0,False
34df9239-0a08-5a03-b857-77af38f3588b,1785287130134,sender -> receiver,0,True,1785287130923,789,0,False
67021342-f15f-53e3-956c-2be57eddc3d1,1785287131120,sender -> receiver,0,True,1785287131835,715,0,False
edf948b4-88ec-5b55-b0cf-f134bdfbfcc0,1785287131126,sender -> receiver,0,True,1785287131864,738,0,False
b6b26321-fac8-5ca8-a717-ab234bdf0def,1785287132160,sender -> receiver,0,True,1785287132873,713,0,False
27d44622-8759-5dff-97f0-28953926ec78,1785287132166,sender -> receiver,0,True,1785287132894,728,0,False
4b8445cc-1892-579a-b207-977e656523b7,1785287133133,sender -> receiver,0,True,1785287133922,789,0,False
8917d0cb-ad80-55dc-b4b0-ad26f163ea9e,1785287134154,sender -> receiver,0,True,1785287134944,790,0,False
d49e675b-7d84-5565-bc89-7575032136ba,1785287134184,sender -> receiver,0,True,1785287134977,793,0,False
92c46c16-d2c5-535e-8af1-a7f7ae012386,1785287135127,sender -> receiver,0,True,1785287135841,714,0,False
d079a6ae-bd44-5484-be25-2d283923a094,1785287135131,sender -> receiver,0,True,1785287135869,738,0,False
d345423d-bc13-57dc-8bb5-9fba691495b1,1785287136145,sender -> receiver,0,True,1785287136879,734,0,False
b04b8b0a-c04e-5f9f-b526-2e91b4e15e0e,1785287136150,sender -> receiver,0,True,1785287136891,741,0,False
fede8440-8cd1-5e85-a398-b6587c902fe0,1785287137137,sender -> receiver,0,True,1785287137859,722,0,False
989fc2fd-599c-5fee-9254-8ed7fd898ab3,1785287137142,sender -> receiver,0,True,1785287137886,744,0,False
f634baa8-55ed-59f8-be5a-505821eec179,1785287138118,sender -> receiver,0,True,1785287138838,720,0,False
db6f2930-c568-5e1d-b357-017576ef87b5,1785287139128,sender -> receiver,0,True,1785287139853,725,0,False
a3b1eaaa-a5aa-5172-9429-00cfd5605874,1785287139136,sender -> receiver,0,True,1785287139866,730,0,False
77e4c70e-9b50-5338-93ea-85c565bc281d,1785287140151,sender -> receiver,0,True,1785287140879,728,0,False
f882927a-bb23-5497-b67e-62943674140d,1785287140155,sender -> receiver,0,True,1785287140907,752,0,False
d8be4d24-d384-5126-954e-da88b9113d9f,1785287141132,sender -> receiver,0,True,1785287141866,734,0,False
e33c4e23-0709-5da4-a6c8-484ff4577319,1785287141136,sender -> receiver,0,True,1785287141886,750,0,False
62922b60-7099-56d2-87f7-14720c5f735b,1785287142124,sender -> receiver,0,True,1785287142903,779,0,False
18e54ffa-2d7e-5778-a82b-85309e8f4c0d,1785287143129,sender -> receiver,0,True,1785287143836,707,0,False
760ca193-d9e4-5387-8a46-2e77491a8f96,1785287143133,sender -> receiver,0,True,1785287143864,731,0,False
7860fc5d-ab7d-552c-a18a-6a39438b36ac,1785287144133,sender -> receiver,0,True,1785287144865,732,0,False
39d30919-ce60-51a7-85bb-8c6555ec3cdd,1785287144142,sender -> receiver,0,True,1785287144880,738,0,False
27d9abde-2993-5bb2-861a-05c588d321c0,1785287145142,sender -> receiver,0,True,1785287145863,721,0,False
6ecb6e08-09d0-54b3-b30d-221f5561074c,1785287145145,sender -> receiver,0,True,1785287145887,742,0,False
a3dbfc74-2f78-569a-88f3-1999b0a51236,1785287146127,sender -> receiver,0,True,1785287146916,789,0,False
b68c75a0-1645-553e-b409-3e575936b0ad,1785287146129,sender -> receiver,0,True,1785287146929,800,0,False
15345d01-6cb9-55ae-8f11-68b896a967af,1785287147121,sender -> receiver,0,True,1785287147837,716,0,False
014e2a9e-b850-53df-b2b3-4f3cda573319,1785287148176,sender -> receiver,0,True,1785287148876,700,0,False
db3195a1-898c-582e-8857-8c712fa93dd0,1785287148182,sender -> receiver,0,True,1785287148896,714,0,False
cf296017-5906-526e-8ad5-32ea977be226,1785287149141,sender -> receiver,0,True,1785287149907,766,0,False
dba0fa34-daf5-5a94-82cf-41b3fd85e551,1785287149147,sender -> receiver,0,True,1785287149918,771,0,False
6de11ecb-9f91-5e74-b554-a32351e53920,1785287150160,sender -> receiver,0,True,1785287150853,693,0,False
fe3049dc-76be-5c28-ab38-686d63a77a8e,1785287150166,sender -> receiver,0,True,1785287150871,705,0,False
be174186-cd9b-5b2a-98ee-8280b379a46b,1785287151124,sender -> receiver,0,True,1785287151851,727,0,False
6296222e-1cf7-57d4-884c-0ec38cb02a8a,1785287151126,sender -> receiver,0,True,1785287151861,735,0,False
7d67ea03-6643-5213-8b94-6a253e1fb785,1785287152128,sender -> receiver,0,True,1785287152833,705,0,False
55312194-6761-5871-b467-d984fd23b51e,1785287153148,sender -> receiver,0,True,1785287153910,762,0,False
e172079b-806c-5643-9571-fbbee33ff000,1785287153153,sender -> receiver,0,True,1785287153928,775,0,False
deb2ae6a-07d7-55e7-b4ed-f18a9acd5afb,1785287154134,sender -> receiver,0,True,1785287154899,765,0,False
e97d0fe9-ce32-5f1d-9ef9-60169235b164,1785287154162,sender -> receiver,0,True,1785287154914,752,0,False
57add952-b76d-5909-8b96-7ca682e8c1d8,1785287155129,sender -> receiver,0,True,1785287155853,724,0,False
b09ff7c4-b39e-5890-8814-a72af41555f5,1785287155132,sender -> receiver,0,True,1785287155871,739,0,False
d29fc2d8-3a29-54ab-b513-b07b6379a047,1785287156121,sender -> receiver,0,True,1785287156849,728,0,False
5f7dcae5-49f7-5daa-8220-cd8c818a1d66,1785287196881,sender -> receiver,0,True,1785287197587,706,0,False
b0b443ba-effd-50e1-9b77-fd99b29a52c3,1785287196887,sender -> receiver,0,True,1785287197604,717,0,False
0e14e10c-f062-5b68-a9ec-a46d31746fc6,1785287197852,sender -> receiver,0,True,1785287198607,755,0,False
ea768fa0-2ae2-56a2-89d0-fde9ab3fbc75,1785287197860,sender -> receiver,0,True,1785287198635,775,0,False
b8d0e21f-9396-5500-8f14-0010abad42c3,1785287198851,sender -> receiver,0,True,1785287199539,688,0,False
4b7ecab9-58b2-5035-b6ce-0145d9e99bab,1785287198854,sender -> receiver,0,True,1785287199552,698,0,False
0c183e92-1e2a-5df0-ac48-7d124f7c4fb8,1785287199846,sender -> receiver,0,True,1785287200593,747,0,False
1495be3e-cd58-5f78-aae3-b8e471d6b64d,1785287199848,sender -> receiver,0,True,1785287200605,757,0,False
780b84c3-e55d-5564-a2bb-28eaa88f6924,1785287200851,sender -> receiver,0,True,1785287201579,728,0,False
653a9f9b-839b-53ff-a974-4a12765dff80,1785287200854,sender -> receiver,0,True,1785287201593,739,0,False
e666a28d-9ca6-5b70-ac04-b6862bda1bc3,1785287201842,sender -> receiver,0,True,1785287202610,768,0,False
55bdb509-8a75-5d4d-9d45-6c1f4479902c,1785287202837,sender -> receiver,0,True,1785287203602,765,0,False
5f5deba9-4ce3-579a-ad60-4cb0dc9a0dc4,1785287202839,sender -> receiver,0,True,1785287203613,774,0,False
aa4dcdfb-2f09-5cb9-83f1-30a31e575d4a,1785287203847,sender -> receiver,0,True,1785287204559,712,0,False
5a696331-1872-5161-a2ba-a1c2bb942df6,1785287203849,sender -> receiver,0,True,1785287204569,720,0,False
1e2a1bf9-e8a1-5c9d-8850-1fc00589823c,1785287204850,sender -> receiver,0,True,1785287205567,717,0,False
84e60209-d820-586e-aa22-8f1e20412e3a,1785287204854,sender -> receiver,0,True,1785287205582,728,0,False
32a47bca-b148-504a-90b4-28040edc3765,1785287205873,sender -> receiver,0,True,1785287206561,688,0,False
90f439bd-97f4-53ea-b4ec-4313892ca4b4,1785287205878,sender -> receiver,0,True,1785287206608,730,0,False
e5b37cec-0dc0-5ed5-acf4-20990621ca5b,1785287206847,sender -> receiver,0,True,1785287207547,700,0,False
8bd5c1b5-72c4-59b6-a0fc-98a0ca6ff832,1785287207850,sender -> receiver,0,True,1785287208567,717,0,False
205df7e0-b183-5ef4-9691-00c3aeab34a0,1785287207853,sender -> receiver,0,True,1785287208589,736,0,False
0df3cc0c-8300-5d6b-85bd-b7891b02e77d,1785287208859,sender -> receiver,0,True,1785287209594,735,0,False
30e1cf8f-7966-5a7b-a23b-28f12175eb6a,1785287208861,sender -> receiver,0,True,1785287209618,757,0,False
06ec1a1b-f5f1-5a96-b66d-7a5616872bad,1785287209874,sender -> receiver,0,True,1785287210572,698,0,False
c6851fb4-fbd7-50bd-afa9-07763896259a,1785287209879,sender -> receiver,0,True,1785287210594,715,0,False
24ccd34b-5625-55d6-a645-51f723933c81,1785287210856,sender -> receiver,0,True,1785287211576,720,0,False
570a052c-5742-53ee-9c82-c7eef2b994d2,1785287210860,sender -> receiver,0,True,1785287211596,736,0,False
b4854b05-216f-59bd-aa96-58b825e18b27,1785287211847,sender -> receiver,0,True,1785287212552,705,0,False
4f06e645-8100-5c1f-ba74-c34474c1c351,1785287211851,sender -> receiver,0,True,1785287212563,712,0,False
57775306-3c08-5578-8bc6-5a34b13ced58,1785287212833,sender -> receiver,0,True,1785287213538,705,0,False
cc7aae2a-1514-55c6-8ce7-dd4c03f6b83a,1785287213879,sender -> receiver,0,True,1785287214569,690,0,False
669bdfb2-d53c-5b66-909b-7dd31e19bff2,1785287213884,sender -> receiver,0,True,1785287214584,700,0,False
ec721e20-989f-569f-ab9e-9914a14cdf1f,1785287214844,sender -> receiver,0,True,1785287215576,732,0,False
a96be472-1181-5785-8009-2fa327bc0180,1785287214847,sender -> receiver,0,True,1785287215585,738,0,False
b6802637-9ad6-5cee-8453-1cb9332fa5fa,1785287215873,sender -> receiver,0,True,1785287216596,723,0,False
ad2b1333-1d68-538c-82b7-6129b8531dd9,1785287215877,sender -> receiver,0,True,1785287216629,752,0,False
a0707660-8788-5187-acce-9674bc64c441,1785287216848,sender -> receiver,0,True,1785287217539,691,0,False
9614b071-db25-53f0-8bdd-92bf22811b1d,1785287216853,sender -> receiver,0,True,1785287217554,701,0,False
b55da6c5-967b-5798-afff-c2624641599f,1785287217847,sender -> receiver,0,True,1785287218579,732,0,False
312cb3f1-be29-550a-84f2-29191ed39613,1785287218842,sender -> receiver,0,True,1785287219569,727,0,False
dce0695a-c3f7-5403-adb3-83f14fa4c390,1785287218846,sender -> receiver,0,True,1785287219587,741,0,False
a3f9c548-c151-5132-bea5-2517b96956c2,1785287219848,sender -> receiver,0,True,1785287220554,706,0,False
b75c69df-0ee2-53bf-9036-e2823df07c6b,1785287219850,sender -> receiver,0,True,1785287220567,717,0,False
84c0c2b1-e9fe-510b-892a-b2bd37e6e051,1785287220872,sender -> receiver,0,True,1785287221599,727,0,False
1a64bb6a-b5a7-58ff-9ce8-faa71b60aeb4,1785287220878,sender -> receiver,0,True,1785287221617,739,0,False
3775c1a8-4561-539b-ba56-6b0f3f44365d,1785287221838,sender -> receiver,0,True,1785287222533,695,0,False
bc004cf6-b582-5bb8-8ded-4e8796d5adea,1785287221841,sender -> receiver,0,True,1785287222546,705,0,False
9a33c318-616f-5590-a39e-aedbec64933d,1785287222852,sender -> receiver,0,True,1785287223615,763,0,False
238d86cb-26f8-567f-9cb6-65da89211567,1785287222855,sender -> receiver,0,True,1785287223628,773,0,False
e210cc66-acc8-5e73-936f-11a97aee577c,1785287223836,sender -> receiver,0,True,1785287224557,721,0,False
56f1cf4a-dd31-523b-adf6-829c17e2ef86,1785287224861,sender -> receiver,0,True,1785287225558,697,0,False
3390c738-aaba-50f9-8e2d-0e247d8e752a,1785287224864,sender -> receiver,0,True,1785287225570,706,0,False
c7ea1446-b9a5-5bd3-b8db-e220c187f41a,1785287225850,sender -> receiver,0,True,1785287226540,690,0,False
4f0bb376-ecae-5533-9156-4e060618ab88,1785287225856,sender -> receiver,0,True,1785287226556,700,0,False
de0dbdcd-f08e-5f94-b4fb-62b19d9324a5,1785287226858,sender -> receiver,0,True,1785287227533,675,0,False
b5f3887c-a5ea-5d6d-bf29-f68c82c3c346,1785287226861,sender -> receiver,0,True,1785287227582,721,0,False
ff00d486-4008-5c63-acd2-17c755921d1b,1785287227847,sender -> receiver,0,True,1785287228610,763,0,False
bac37d2d-a94d-5763-baa6-9d93e727cea5,1785287227852,sender -> receiver,0,True,1785287228668,816,0,False
ba7d77dd-0656-512a-8908-e9c5ff00c6e7,1785287228847,sender -> receiver,0,True,1785287229558,711,0,False
a45cd104-4b7c-5e90-bacb-52ebc9d173db,1785287229869,sender -> receiver,0,True,1785287230590,721,0,False
f6ed4345-9077-5346-b186-eca99ff5a5de,1785287229904,sender -> receiver,0,True,1785287230605,701,0,False
109a6f0b-25ae-5f73-8dee-f048d9ab29af,1785287230874,sender -> receiver,0,True,1785287231598,724,0,False
6d7e3761-085b-5102-b2f3-5c7b83abdbce,1785287230879,sender -> receiver,0,True,1785287231612,733,0,False
0a805749-da4a-5026-b02e-247b78d752a2,1785287231872,sender -> receiver,0,True,1785287232581,709,0,False
efbabf64-98cd-5afd-9b62-c8b3b6693603,1785287231877,sender -> receiver,0,True,1785287232604,727,0,False
d0cfd2e1-8d16-5018-9126-5e30bdd136fa,1785287232847,sender -> receiver,0,True,1785287233564,717,0,False
1efc21e2-808a-5bd1-ac5f-1d692c37f45b,1785287232850,sender -> receiver,0,True,1785287233583,733,0,False
1a29fe8c-dca0-558d-af15-ee31ef0a8dd0,1785287233851,sender -> receiver,0,True,1785287234547,696,0,False
3007a169-6e6c-5849-b5ac-83dc8e506a26,1785287233855,sender -> receiver,0,True,1785287234561,706,0,False
ef99ea60-88ad-5a08-81fe-05379b3667fd,1785287234848,sender -> receiver,0,True,1785287235537,689,0,False
d360e52f-9ee4-51ad-88ec-742050870833,1785287235877,sender -> receiver,0,True,1785287236576,699,0,False
ff81a473-f756-5db9-ac25-3c6600ba7153,1785287235883,sender -> receiver,0,True,1785287236595,712,0,False
5bef43e2-d453-5f3a-81b0-2e9eff88ebcc,1785287236854,sender -> receiver,0,True,1785287237573,719,0,False
7598b5a9-baaf-5334-a9b0-d0d9dbf6ab6a,1785287236857,sender -> receiver,0,True,1785287237592,735,0,False
474e565f-6a70-5bb3-82c8-6cd79358ff01,1785287237852,sender -> receiver,0,True,1785287238557,705,0,False
9087c122-3368-5c24-a9a7-44f498115f1f,1785287237861,sender -> receiver,0,True,1785287238573,712,0,False
4a0f804f-5bbd-5ae8-94f4-06e04752cf68,1785287238849,sender -> receiver,0,True,1785287239548,699,0,False
95914fa0-e3c6-50e2-94ce-556c1c2c7326,1785287238853,sender -> receiver,0,True,1785287239592,739,0,False
6d660e19-0f09-5cc0-aaee-d38af899a830,1785287239859,sender -> receiver,0,True,1785287240583,724,0,False
5f196b08-1090-5160-be31-d878097effdc,1785287240855,sender -> receiver,0,True,1785287241638,783,0,False
74cd9fde-9ffb-5b1a-a9d2-bac65b907614,1785287240858,sender -> receiver,0,True,1785287241655,797,0,False
a0018a41-2d43-5047-bb7e-b89721f75563,1785287241866,sender -> receiver,0,True,1785287242559,693,0,False
a6eb26ab-f2b5-53db-b8bb-27f0f128facc,1785287241896,sender -> receiver,0,True,1785287242579,683,0,False
1cc87a3a-c665-5ad7-a1bb-05467430e398,1785287242852,sender -> receiver,0,True,1785287243612,760,0,False
50afce9c-60f0-5e75-8cc5-0db4d4c5a6f9,1785287242855,sender -> receiver,0,True,1785287243636,781,0,False
db16d957-82db-5dca-8352-bd60b08877ad,1785287243867,sender -> receiver,0,True,1785287244585,718,0,False
380fc536-3a6e-55ee-983e-e02e2b853ca2,1785287243869,sender -> receiver,0,True,1785287244603,734,0,False
b2773a32-dc45-5366-ae9c-cd2acbd006cf,1785287244837,sender -> receiver,0,True,1785287245539,702,0,False
9559713a-108b-5026-93cb-be2652cc7f96,1785287244840,sender -> receiver,0,True,1785287245548,708,0,False
73526220-86a3-59e9-929d-97f883052fd1,1785287245842,sender -> receiver,0,True,1785287246574,732,0,False
77bb37a3-709e-5d6c-a0d9-2b7bed160e5c,1785287246861,sender -> receiver,0,True,1785287247553,692,0,False
fdd87250-968a-56e5-838b-6f68c3fed4ed,1785287246894,sender -> receiver,0,True,1785287247605,711,0,False
8b821eb8-fd2f-5e13-9ae6-5d9f5fee4403,1785287247847,sender -> receiver,0,True,1785287248542,695,0,False
88843ad9-a1a1-5e5b-a7de-b05eeddf5227,1785287247849,sender -> receiver,0,True,1785287248555,706,0,False
ef54c26d-d63b-5876-a53e-51b8f6200aa9,1785287248880,sender -> receiver,0,True,1785287249599,719,0,False
f08ea6de-cf60-5b6f-a628-69209397d8a2,1785287248885,sender -> receiver,0,True,1785287249620,735,0,False
7316d052-5438-5b16-abd8-159d45380a24,1785287249857,sender -> receiver,0,True,1785287250571,714,0,False
b33859e0-9455-561e-90e8-53117e7e7912,1785287249861,sender -> receiver,0,True,1785287250587,726,0,False
d48469f4-89fd-5904-8f7a-b62ff71d775d,1785287250838,sender -> receiver,0,True,1785287251566,728,0,False
88a9f772-91d2-5caa-b361-fefc0ea78133,1785287292536,sender -> receiver,0,True,1785287293242,706,0,False
09917288-1662-5fb3-b63e-13e31ded500a,1785287292572,sender -> receiver,0,True,1785287293316,744,0,False
73b56890-14d1-525e-9684-9826b56812bd,1785287293510,sender -> receiver,0,True,1785287294232,722,0,False
a1f8e3b1-5732-5c7a-95c4-fc03bd58ee81,1785287293512,sender -> receiver,0,True,1785287294251,739,0,False
323d81c6-017a-58f8-a70a-4f054180bc89,1785287294518,sender -> receiver,0,True,1785287295227,709,0,False
363d3123-13e8-5c6a-b1ac-54d3f1cf00f8,1785287294521,sender -> receiver,0,True,1785287295257,736,0,False
9c61165d-d6d0-5156-afeb-73916486310a,1785287295516,sender -> receiver,0,True,1785287296250,734,0,False
1a35cbb8-9ea4-5696-9233-24c1a015611f,1785287295519,sender -> receiver,0,True,1785287296286,767,0,False
87796298-52d0-5add-befb-20cd9f10307a,1785287296519,sender -> receiver,0,True,1785287297241,722,0,False
6a1c8210-ac58-5cea-8ac2-065cc881e333,1785287296521,sender -> receiver,0,True,1785287297288,767,0,False
3b88f5fd-3c24-5165-9844-b616c9479b3e,1785287297510,sender -> receiver,0,True,1785287298253,743,0,False
1994ada3-5736-57da-ae9a-a4bae1e2bb2f,1785287298526,sender -> receiver,0,True,1785287299291,765,0,False
c57e06df-55ee-56e1-b577-dd7306bd2196,1785287298531,sender -> receiver,0,True,1785287299306,775,0,False
bb3bb7a6-c687-5e9b-bdb1-ed97d447ee8d,1785287299523,sender -> receiver,0,True,1785287300253,730,0,False
c8bab1a4-dedb-531d-96fe-54e0342570b0,1785287299550,sender -> receiver,0,True,1785287300274,724,0,False
53dc960b-0918-5a84-a486-506920ab7ee4,1785287300514,sender -> receiver,0,True,1785287301253,739,0,False
b5a6bb58-9df0-5fed-9dc8-64f7ec43fb9b,1785287300517,sender -> receiver,0,True,1785287301274,757,0,False
e7a7348c-b3bf-513e-a82e-41b57cd2f1ff,1785287301511,sender -> receiver,0,True,1785287302238,727,0,False
d5968a88-f784-5094-9eec-5d98b912acfa,1785287301512,sender -> receiver,0,True,1785287302258,746,0,False
7bb2a9fb-db18-508d-beb4-467c28bbb8ee,1785287302513,sender -> receiver,0,True,1785287303238,725,0,False
25f6b23d-265e-531e-8605-eb2e922a191f,1785287303509,sender -> receiver,0,True,1785287304217,708,0,False
d908143d-1da9-5707-878a-aab31c21911c,1785287303511,sender -> receiver,0,True,1785287304241,730,0,False
7b0c7de3-c3a9-565d-9dc1-b9e079922848,1785287304536,sender -> receiver,0,True,1785287305256,720,0,False
1a3d3646-1199-5975-b6c4-cf351694e0b6,1785287304540,sender -> receiver,0,True,1785287305298,758,0,False
aea335d1-1d58-5fb3-aef4-4ce32cfa1427,1785287305526,sender -> receiver,0,True,1785287306339,813,0,False
d63e4bf8-ea87-5f54-b123-c1009a382541,1785287305529,sender -> receiver,0,True,1785287306353,824,0,False
2aca5897-f030-5456-9eab-d2a44ed00c6d,1785287306522,sender -> receiver,0,True,1785287307230,708,0,False
a9adacc6-fafe-53ab-8238-2f2ef9864f49,1785287306528,sender -> receiver,0,True,1785287307243,715,0,False
41255651-7b93-5454-8534-02800f00986e,1785287307520,sender -> receiver,0,True,1785287308227,707,0,False
3adadc81-d9eb-50ca-aa7e-9f9805939f1f,1785287307528,sender -> receiver,0,True,1785287308276,748,0,False
fa63ea3e-5f0b-512f-a4ef-b5ed50d8b209,1785287308520,sender -> receiver,0,True,1785287309212,692,0,False
046717a3-f7fe-5289-a133-ed2894f22ab9,1785287309532,sender -> receiver,0,True,1785287310263,731,0,False
350688fd-2e33-5734-ad42-6e4a5d4380a2,1785287309537,sender -> receiver,0,True,1785287310300,763,0,False
5ced254f-a9e6-55cd-be93-bf2f3280eec2,1785287310520,sender -> receiver,0,True,1785287311248,728,0,False
725ce237-fbac-534c-a655-e53d27199a51,1785287310525,sender -> receiver,0,True,1785287311264,739,0,False
1dece8d5-4f37-5c45-98a4-6b66f17e15d2,1785287311560,sender -> receiver,0,True,1785287312278,718,0,False
be9e5cb4-d38e-55df-bad4-0f6df699f6ab,1785287311566,sender -> receiver,0,True,1785287312314,748,0,False
1fc3ab2f-67f5-5350-8bef-dd83739fd8a2,1785287312525,sender -> receiver,0,True,1785287313267,742,0,False
2b949e0f-f6aa-5b7a-a4d6-f28fccf73f5d,1785287312530,sender -> receiver,0,True,1785287313292,762,0,False
90871fc4-7218-57ea-86bf-cdfff30b59dc,1785287313512,sender -> receiver,0,True,1785287314215,703,0,False
00b5e45e-4060-52b8-b83b-11df18dac60e,1785287314521,sender -> receiver,0,True,1785287315250,729,0,False
b026bc1b-2410-5a0b-9e77-2b4c166b28a5,1785287314525,sender -> receiver,0,True,1785287315268,743,0,False
6b354b45-a4ae-5a05-9dd2-ea693659034e,1785287315529,sender -> receiver,0,True,1785287316243,714,0,False
454eb707-3220-5de5-bf6b-2b83dc7747a9,1785287315536,sender -> receiver,0,True,1785287316255,719,0,False
84226545-67cd-56f3-9dc6-860093bf81e2,1785287316521,sender -> receiver,0,True,1785287317234,713,0,False
87fd7d4c-51ad-5f80-b898-149c1afcf504,1785287316529,sender -> receiver,0,True,1785287317259,730,0,False
5cf28fa0-f6e5-5ce1-8275-b316f932ab23,1785287317522,sender -> receiver,0,True,1785287318251,729,0,False
687e7f4e-27a7-58e3-8635-88d31eeb04cc,1785287317526,sender -> receiver,0,True,1785287318310,784,0,False
dad82455-fa14-59bf-b5df-ac18a2ba864b,1785287318543,sender -> receiver,0,True,1785287319244,701,0,False
2b6313da-5895-58e1-95e2-3eb8da0bfbaa,1785287318546,sender -> receiver,0,True,1785287319290,744,0,False
3db69acf-5a07-5a9a-9428-2166b0eae583,1785287319514,sender -> receiver,0,True,1785287320254,740,0,False
14034db0-041e-5a01-93d8-7b5ef35b0996,1785287320518,sender -> receiver,0,True,1785287321238,720,0,False
49149a55-1b41-553a-85ec-9526edcd4aa7,1785287320521,sender -> receiver,0,True,1785287321260,739,0,False
67f0da3d-0466-5814-a3c3-4b033cc0cac5,1785287321510,sender -> receiver,0,True,1785287322230,720,0,False
d5613954-8170-5f33-b4a8-6bbac4e73510,1785287321512,sender -> receiver,0,True,1785287322256,744,0,False
7f59d751-a961-5882-80b6-890a7967c4eb,1785287322524,sender -> receiver,0,True,1785287323256,732,0,False
ba9d77bc-9f08-59db-97af-194af690fe4e,1785287322527,sender -> receiver,0,True,1785287323269,742,0,False
4ad00193-ccce-51a3-b7fc-4377530f17db,1785287323518,sender -> receiver,0,True,1785287324249,731,0,False
cc756c0f-00cf-5274-b098-8eada022acf6,1785287323527,sender -> receiver,0,True,1785287324274,747,0,False
c3287d5c-ecc0-5600-984f-432bb9a653f6,1785287324504,sender -> receiver,0,True,1785287325272,768,0,False
fdb91a4b-82f3-5d9f-9ed2-b3c5739e8f2c,1785287325524,sender -> receiver,0,True,1785287326231,707,0,False
f6d90483-7991-50ab-ae22-8af067ea5922,1785287325529,sender -> receiver,0,True,1785287326263,734,0,False
b7196506-a4d8-5e42-b80d-7bf3df14af61,1785287326509,sender -> receiver,0,True,1785287327231,722,0,False
b574e30b-cf9f-5600-bba2-df8857c8c056,1785287326511,sender -> receiver,0,True,1785287327244,733,0,False
2663dc3a-582e-50b0-8d32-4370b9e88935,1785287327526,sender -> receiver,0,True,1785287328268,742,0,False
9071ac54-3cc2-57a7-9d24-14da1a88aacc,1785287327533,sender -> receiver,0,True,1785287328281,748,0,False
3c507d61-4c27-5031-af7b-1b529b72b388,1785287328549,sender -> receiver,0,True,1785287329282,733,0,False
2f312c52-06d0-5aa2-ae6c-c6d9726ee514,1785287328553,sender -> receiver,0,True,1785287329302,749,0,False
c0e929c1-d91f-50bc-bd45-5db031094a2b,1785287329519,sender -> receiver,0,True,1785287330234,715,0,False
b3395149-f295-56c5-953f-1fb47874cccb,1785287329521,sender -> receiver,0,True,1785287330249,728,0,False
c150aa8f-cd0c-510f-9ad0-71c047e20544,1785287330522,sender -> receiver,0,True,1785287331271,749,0,False
5d78cead-941c-5f74-a1a8-2759384d7af2,1785287331540,sender -> receiver,0,True,1785287332263,723,0,False
06ac850d-c4a3-55c8-8d67-bd5eac33ad43,1785287331544,sender -> receiver,0,True,1785287332279,735,0,False
c2bc2a77-62aa-5d24-ba06-64a87c0fcee2,1785287332520,sender -> receiver,0,True,1785287333242,722,0,False
77d631dd-8ed9-5c3a-90db-354fad3f1858,1785287332525,sender -> receiver,0,True,1785287333260,735,0,False
ec0d4a86-2d75-5e77-8128-3b8e1688d7ea,1785287333519,sender -> receiver,0,True,1785287334242,723,0,False
5f9a2819-7c78-51f1-9718-791eb4447cc1,1785287333521,sender -> receiver,0,True,1785287334258,737,0,False
177fb605-45f4-5b33-803b-63c273275d9c,1785287334521,sender -> receiver,0,True,1785287335216,695,0,False
14fe9d6c-ab93-5527-b30a-0b058678c52d,1785287334525,sender -> receiver,0,True,1785287335235,710,0,False
4131b923-7340-5b39-bab4-daaa3d4d1f93,1785287335526,sender -> receiver,0,True,1785287336252,726,0,False
d21de050-dc42-5a2d-a543-3915723135ed,1785287336513,sender -> receiver,0,True,1785287337260,747,0,False
abc336c8-307b-5889-bb80-fc595d88cca3,1785287336515,sender -> receiver,0,True,1785287337277,762,0,False
f5a3a35b-ba00-5dbd-a84a-e59bce699bf4,1785287337517,sender -> receiver,0,True,1785287338286,769,0,False
4a666e8c-37fe-5dc1-99be-2cae46a31d77,1785287337519,sender -> receiver,0,True,1785287338342,823,0,False
ea6e9683-6647-5f94-8800-70a6e8df7093,1785287338510,sender -> receiver,0,True,1785287339239,729,0,False
1350cf98-5395-52ff-8704-1456f323c782,1785287338512,sender -> receiver,0,True,1785287339251,739,0,False
98cd2f72-0add-523f-9f08-0fd5e572eb58,1785287339510,sender -> receiver,0,True,1785287340232,722,0,False
a8fd3499-b25d-5b3c-804f-cab32fd61e15,1785287339512,sender -> receiver,0,True,1785287340253,741,0,False
a29b4477-f9f7-5ae2-a278-d602939cc4d5,1785287340509,sender -> receiver,0,True,1785287341264,755,0,False
c204a19e-06b8-5d63-8ff6-9eb6022b7778,1785287340511,sender -> receiver,0,True,1785287341299,788,0,False
aeeb7a27-cc52-5c22-808b-8a1fd34a5848,1785287341509,sender -> receiver,0,True,1785287342234,725,0,False
5ef65522-3997-5305-9ce8-0ed2c4f073ec,1785287342509,sender -> receiver,0,True,1785287343249,740,0,False
dc3f9d87-564d-5a67-bd55-78fef4476f15,1785287342515,sender -> receiver,0,True,1785287343260,745,0,False
2b534de2-7aa0-516a-a2d5-fc76d43a5b4f,1785287343527,sender -> receiver,0,True,1785287344289,762,0,False
292615ad-4f8d-5b85-9f08-da321638c4cb,1785287343531,sender -> receiver,0,True,1785287344309,778,0,False
e5900282-9804-55d6-9d67-4298edbcef5d,1785287344519,sender -> receiver,0,True,1785287345209,690,0,False
098f9f1e-a1e5-5796-916d-ba504b42fddf,1785287344524,sender -> receiver,0,True,1785287345277,753,0,False
450cb8b5-c72f-5834-9ca6-62440b90cab2,1785287345521,sender -> receiver,0,True,1785287346244,723,0,False
f22b67c5-de11-568a-af63-02128bd49bbf,1785287345523,sender -> receiver,0,True,1785287346260,737,0,False
820c0d60-eef9-5f7b-a2fa-4b836ed9891b,1785287346545,sender -> receiver,0,True,1785287347252,707,0,False
e4fcd3c7-c3d3-5b98-b801-fa953c835efa,1785287386737,sender -> receiver,0,True,1785287387466,729,0,False
f9ec0f5b-d892-58ea-89da-a872e4d3c073,1785287386743,sender -> receiver,0,True,1785287387527,784,0,False
9e8369ad-5d5d-50e6-b5dd-a6a2b7ca80ed,1785287387765,sender -> receiver,0,True,1785287388462,697,0,False
276d5bc1-bd65-5e89-95f6-0a6a310b1c85,1785287387770,sender -> receiver,0,True,1785287388524,754,0,False
62e24555-412a-5db3-ad20-582cef04eafd,1785287388731,sender -> receiver,0,True,1785287389437,706,0,False
20991828-b461-5044-ad6e-7a2a6209b9ec,1785287388734,sender -> receiver,0,True,1785287389456,722,0,False
19020eb4-c205-5ca8-a986-e61fa4382947,1785287389727,sender -> receiver,0,True,1785287390435,708,0,False
122004a7-9cf6-5f8a-82ca-31b0cfb95ad4,1785287389730,sender -> receiver,0,True,1785287390457,727,0,False
4f42db0b-6ee7-564c-9333-b499a230c6de,1785287390716,sender -> receiver,0,True,1785287391429,713,0,False
34923d32-b27d-54b3-9d31-a2644f8f3f81,1785287391751,sender -> receiver,0,True,1785287392459,708,0,False
fbae7a01-af88-51a5-b028-6d7e238b5d33,1785287391757,sender -> receiver,0,True,1785287392514,757,0,False
39bfdfaf-e7ec-51be-b255-214b0a82b7fa,1785287392731,sender -> receiver,0,True,1785287393471,740,0,False
370c2e10-ec77-5cae-9c49-cafc7d00fac4,1785287392735,sender -> receiver,0,True,1785287393490,755,0,False
be8f6c1c-5ddf-5d1e-8404-1b67877681b8,1785287393730,sender -> receiver,0,True,1785287394441,711,0,False
21f3ce04-52d7-5a58-8ff4-5796c07aad25,1785287393733,sender -> receiver,0,True,1785287394461,728,0,False
45b8df65-4c86-5c6b-a8b4-96ac6951a6db,1785287394815,sender -> receiver,0,True,1785287395524,709,0,False
8ca97c19-8fd7-597a-b3b4-a8a4d4cee772,1785287394823,sender -> receiver,0,True,1785287395538,715,0,False
5ed5deaf-0123-5c71-95d8-36ca52e5f545,1785287395745,sender -> receiver,0,True,1785287396460,715,0,False
fe9535f8-705c-5551-8ab9-530a9e3fa4f2,1785287396753,sender -> receiver,0,True,1785287397454,701,0,False
1f7c43ab-a70e-5450-b784-c37fc61d893f,1785287396762,sender -> receiver,0,True,1785287397473,711,0,False
058fc46c-b1ce-5d18-b74b-85c578eb6a2d,1785287397754,sender -> receiver,0,True,1785287398499,745,0,False
06543f0d-d1f9-5d93-843f-7af93cd7d3ec,1785287397761,sender -> receiver,0,True,1785287398570,809,0,False
cf6d485d-340e-5888-8c8d-2087b1717f6d,1785287398747,sender -> receiver,0,True,1785287399496,749,0,False
08f2c059-1e5c-5742-89c5-370790d28b1b,1785287398752,sender -> receiver,0,True,1785287399507,755,0,False
e3b75836-abdc-580f-ae9f-2c48ac13bc37,1785287399728,sender -> receiver,0,True,1785287400430,702,0,False
cfe7644d-f5c0-5d4d-94d8-2dbf22fc2914,1785287400714,sender -> receiver,0,True,1785287401499,785,0,False
7569a6df-cc7c-5268-8dbe-b5e3ae8e7d99,1785287400716,sender -> receiver,0,True,1785287401513,797,0,False
cc0896a7-e6c3-52de-8ef5-856cda29ae4d,1785287401727,sender -> receiver,0,True,1785287402472,745,0,False
33f94441-2f69-5a93-8469-4081c182faef,1785287401729,sender -> receiver,0,True,1785287402484,755,0,False
f819ef35-abe7-58d6-aaaa-73d9c0f5d377,1785287402756,sender -> receiver,0,True,1785287403497,741,0,False
c3637536-48a6-5bab-88b4-51d1461351e1,1785287402762,sender -> receiver,0,True,1785287403509,747,0,False
1a60e6d7-6350-57fc-93a7-8f509e88a2ce,1785287403733,sender -> receiver,0,True,1785287404430,697,0,False
a223d603-05ec-5aa5-919f-9eaa3403839b,1785287403736,sender -> receiver,0,True,1785287404453,717,0,False
7bb4e26c-a920-50f6-b2ea-fc0b0ffb2848,1785287404750,sender -> receiver,0,True,1785287405459,709,0,False
020759d7-7f30-57a0-8784-5f38f4cb2778,1785287405741,sender -> receiver,0,True,1785287406459,718,0,False
fdc6b7b7-066f-54be-8ba0-dacceab8e3cb,1785287405746,sender -> receiver,0,True,1785287406473,727,0,False
edba9d97-fba9-56f2-965b-4d1f6c0a189d,1785287406752,sender -> receiver,0,True,1785287407448,696,0,False
fd5bdb9a-136e-54bb-b05e-82a64f8943bb,1785287406758,sender -> receiver,0,True,1785287407497,739,0,False
c04d08c3-a8f7-553b-a4a0-77e2df6a558f,1785287407742,sender -> receiver,0,True,1785287408433,691,0,False
353cc69c-ff25-546f-82ff-d6c78242b0f9,1785287407748,sender -> receiver,0,True,1785287408512,764,0,False
64af9872-81eb-5845-ad01-e9e5f26d2ef4,1785287408730,sender -> receiver,0,True,1785287409424,694,0,False
a750273b-c028-52b2-8ed2-02b464134ea9,1785287408733,sender -> receiver,0,True,1785287409490,757,0,False
4e110043-e47b-599d-b0b8-fa1139fdc59f,1785287409720,sender -> receiver,0,True,1785287410409,689,0,False
86adaf22-2c8b-5962-970c-720ab7ca58ae,1785287410732,sender -> receiver,0,True,1785287411450,718,0,False
79be2fef-4211-5e3e-808d-61ae8bbf6c24,1785287410735,sender -> receiver,0,True,1785287411468,733,0,False
59425144-6b5c-5cee-8346-ba02e45832ec,1785287411726,sender -> receiver,0,True,1785287412438,712,0,False
2d786ecf-6cc9-5c56-bdb2-d968f9b735d8,1785287411729,sender -> receiver,0,True,1785287412456,727,0,False
022b14a1-d79e-5b53-b72a-20abb7c146c9,1785287412731,sender -> receiver,0,True,1785287413428,697,0,False
76d5a6e7-3429-5699-b8fc-56a79a7ddbc0,1785287412735,sender -> receiver,0,True,1785287413444,709,0,False
e23762fd-1309-50fe-8a2b-036fb52ccca3,1785287413741,sender -> receiver,0,True,1785287414468,727,0,False
03e09259-3bc8-5c5c-9296-b0fe80cfd7bb,1785287414758,sender -> receiver,0,True,1785287415463,705,0,False
f19ffb23-0a75-543d-9baf-19dc3f150eb2,1785287414761,sender -> receiver,0,True,1785287415477,716,0,False
097413bb-1fdb-5d25-9cbe-54be41ba82df,1785287415746,sender -> receiver,0,True,1785287416449,703,0,False
51dcc7d1-c15b-5291-9bd2-b1f0e762dbc2,1785287415751,sender -> receiver,0,True,1785287416471,720,0,False
67382a76-3126-5d0c-8a2c-cb23baae66ba,1785287416753,sender -> receiver,0,True,1785287417501,748,0,False
ab355e33-5920-5b6d-affa-7357ff8633f6,1785287416759,sender -> receiver,0,True,1785287417513,754,0,False
9e2510f6-520e-57ab-9d9b-63970b33a867,1785287417733,sender -> receiver,0,True,1785287418480,747,0,False
7c3ed117-acc0-5ac5-bd6e-60c15927b742,1785287417737,sender -> receiver,0,True,1785287418534,797,0,False
7faba2a5-de60-5cc8-bc43-2849c245ac92,1785287418717,sender -> receiver,0,True,1785287419409,692,0,False
cf176f00-ebc2-5648-b937-7e8bb8dd155f,1785287419732,sender -> receiver,0,True,1785287420462,730,0,False
b7f711d9-aa8c-5c05-ba48-8175f8026bbe,1785287419736,sender -> receiver,0,True,1785287420512,776,0,False
04340be3-eb4b-5f24-a1f4-598ce6d1c5a6,1785287420751,sender -> receiver,0,True,1785287421526,775,0,False
954bafe3-dc7c-5e72-8770-bc620de822ff,1785287420757,sender -> receiver,0,True,1785287421542,785,0,False
575da0fb-a052-5daf-b742-337d0e4ffa57,1785287421724,sender -> receiver,0,True,1785287422464,740,0,False
e1656ee2-2bec-5028-91bc-a013210af030,1785287421727,sender -> receiver,0,True,1785287422477,750,0,False
c127a511-88e4-5d2f-9b88-3d315e78924b,1785287422734,sender -> receiver,0,True,1785287423463,729,0,False
77bf3dad-a326-536e-ba5e-4c66ac54b6e2,1785287422741,sender -> receiver,0,True,1785287423529,788,0,False
4e705882-390f-55d2-a9da-cfcc8484eeea,1785287423744,sender -> receiver,0,True,1785287424493,749,0,False
e853bf43-50d3-5792-a7cc-a5134a1dbfac,1785287424753,sender -> receiver,0,True,1785287425439,686,0,False
0f992515-d7b8-5947-b49c-d58fcbb15ce4,1785287424757,sender -> receiver,0,True,1785287425529,772,0,False
513dbde9-0cc4-5419-8174-92a571a2275a,1785287425747,sender -> receiver,0,True,1785287426492,745,0,False
11e27ced-efab-561f-8775-bb1498025828,1785287425753,sender -> receiver,0,True,1785287426504,751,0,False
d37f7534-e788-580c-b9fc-9ae3d342df96,1785287426761,sender -> receiver,0,True,1785287427526,765,0,False
dd13b2ed-0567-55b4-9a4e-171f9e3e58ea,1785287426769,sender -> receiver,0,True,1785287427544,775,0,False
9739108b-3790-5a87-94ad-b506e493fda4,1785287427721,sender -> receiver,0,True,1785287428414,693,0,False
ca2b6d71-438b-52e6-8fde-7b07a49c8d83,1785287428726,sender -> receiver,0,True,1785287429448,722,0,False
e54c19ad-28be-5470-9e98-31bfe113870a,1785287428729,sender -> receiver,0,True,1785287429465,736,0,False
c940c645-2465-5679-8b61-2c618a0eaa4d,1785287429735,sender -> receiver,0,True,1785287430450,715,0,False
c5fdcf1f-0b24-5205-a52f-4bb37eea5974,1785287429746,sender -> receiver,0,True,1785287430461,715,0,False
4dc6658e-f17d-55e5-81a2-fa72a9c80bd2,1785287430751,sender -> receiver,0,True,1785287431487,736,0,False
e7803eb8-27bb-5dd5-a05c-e8459cba5b80,1785287430757,sender -> receiver,0,True,1785287431499,742,0,False
494b1d74-a3a4-5559-9c4a-f74eaf45c8ee,1785287431720,sender -> receiver,0,True,1785287432425,705,0,False
a5ad8065-ab66-5962-a1a2-1554a6854f9b,1785287431722,sender -> receiver,0,True,1785287432445,723,0,False
eaa113bc-28c1-5f4c-9116-4a76e145f905,1785287432745,sender -> receiver,0,True,1785287433453,708,0,False
1c50b0e3-87d5-596f-970e-f0bb23b0eac7,1785287433728,sender -> receiver,0,True,1785287434455,727,0,False
f3f2f726-68bc-5226-ab84-8d77854cfefd,1785287433730,sender -> receiver,0,True,1785287434466,736,0,False
3f269657-02fd-5849-af78-58e5dd632c17,1785287434744,sender -> receiver,0,True,1785287435483,739,0,False
fb0a50aa-a7a7-568e-b1b8-ebd61d4d5d5e,1785287434766,sender -> receiver,0,True,1785287435494,728,0,False
cc9cff69-cc21-5f7c-af23-3f1dcf2a9f43,1785287435738,sender -> receiver,0,True,1785287436493,755,0,False
59f2024a-489d-5baf-b56f-789b4eb9aa1e,1785287435745,sender -> receiver,0,True,1785287436506,761,0,False
1454ede4-1713-5d92-bd09-30883abaff7f,1785287436757,sender -> receiver,0,True,1785287437503,746,0,False
e5765a2d-f95b-5499-aa44-8bf3c23620c7,1785287436765,sender -> receiver,0,True,1785287437516,751,0,False
7b70eefa-0122-5d1a-9fcc-5de48ba190e0,1785287437744,sender -> receiver,0,True,1785287438462,718,0,False
ff185541-c9f7-59a7-8b92-b0b8f08bd883,1785287438729,sender -> receiver,0,True,1785287439432,703,0,False
ce5275b8-f6d1-5af1-9a1e-c4c1f78b4f67,1785287438737,sender -> receiver,0,True,1785287439448,711,0,False
d4dfa0c2-7192-5eae-b675-3b9468e03783,1785287439742,sender -> receiver,0,True,1785287440481,739,0,False
951ad187-a0e3-5cab-a868-ddd069ae6435,1785287439745,sender -> receiver,0,True,1785287440488,743,0,False
d05dec15-0b67-5b7b-ba5a-182cd2017221,1785287440754,sender -> receiver,0,True,1785287441488,734,0,False
266a88dc-f99b-569a-88e3-9755bdceb2c8,1785287440760,sender -> receiver,0,True,1785287441502,742,0,False
983abd9a-b542-5c0d-9322-2a62879a0a0c,1785287441723,sender -> receiver,0,True,1785287442461,738,0,False
829fa4b8-a741-5338-b6e7-0e0e33e41408,1785287482456,sender -> receiver,0,True,1785287483182,726,0,False
3b3f173f-3cb0-54e0-8bbd-77a5f62f67fd,1785287482461,sender -> receiver,0,True,1785287483199,738,0,False
43790979-536e-53e6-89d5-7ebb7804e63d,1785287483422,sender -> receiver,0,True,1785287484137,715,0,False
b5adf962-19e7-5bf5-82d0-9dc72273ecc6,1785287483441,sender -> receiver,0,True,1785287484154,713,0,False
6b95dc7b-a322-56b8-a939-c8e81dd75684,1785287484449,sender -> receiver,0,True,1785287485163,714,0,False
3f59b8cc-9ec0-5971-98bb-6b0e4ca71346,1785287484454,sender -> receiver,0,True,1785287485180,726,0,False
4eacbbc5-a1c3-5cc7-a890-43580c098702,1785287485437,sender -> receiver,0,True,1785287486151,714,0,False
de6708e1-8139-5131-b4dd-18b0c68bce63,1785287485464,sender -> receiver,0,True,1785287486168,704,0,False
240b7164-b868-54c5-bc88-f463e656212a,1785287486443,sender -> receiver,0,True,1785287487149,706,0,False
fb85f3b3-9535-5bde-a246-179fcfca3ca1,1785287486448,sender -> receiver,0,True,1785287487185,737,0,False
73d62c0b-0f94-5ea1-8efb-67748e048fb7,1785287487420,sender -> receiver,0,True,1785287488123,703,0,False
17ba40c3-43d8-5f8e-842a-f5448318d173,1785287488446,sender -> receiver,0,True,1785287489172,726,0,False
7bb36dfd-773e-5d05-b73b-8da00a19b904,1785287488451,sender -> receiver,0,True,1785287489212,761,0,False
6cc04a84-7811-529c-9a23-04e5ded4a61d,1785287489417,sender -> receiver,0,True,1785287490116,699,0,False
b272aed0-a377-5e25-8b2e-88dacbc087e0,1785287489419,sender -> receiver,0,True,1785287490163,744,0,False
4c643e8b-893a-5771-93b1-f78bdcb414a5,1785287490424,sender -> receiver,0,True,1785287491144,720,0,False
2bcfd5b6-68f5-516e-9deb-0ef0c356fe3d,1785287490426,sender -> receiver,0,True,1785287491158,732,0,False
72c9479d-2a23-5313-b4b2-f415a3060546,1785287491430,sender -> receiver,0,True,1785287492144,714,0,False
4297822c-8af8-53d7-b540-a0aa59072f45,1785287491432,sender -> receiver,0,True,1785287492192,760,0,False
eccaca6c-a63a-5f0d-a16a-8ff3e481ef50,1785287492418,sender -> receiver,0,True,1785287493230,812,0,False
3c8f874a-1d45-5865-a834-2d03b1450887,1785287493430,sender -> receiver,0,True,1785287494182,752,0,False
2bf7482c-662f-598b-a758-360531bd88d3,1785287493434,sender -> receiver,0,True,1785287494202,768,0,False
ef436bc6-ef2a-5c9b-9d53-dbd60080cfb0,1785287494444,sender -> receiver,0,True,1785287495163,719,0,False
2a14be4d-9bcc-53e7-aa41-733b975ea53a,1785287494448,sender -> receiver,0,True,1785287495184,736,0,False
8d56e689-48b2-5049-8774-78de11c92dfb,1785287495427,sender -> receiver,0,True,1785287496202,775,0,False
d37d6ff9-7486-5926-89a2-f348a8bc5f3b,1785287495430,sender -> receiver,0,True,1785287496223,793,0,False
d90cdbaf-9dbf-5730-9278-628ef453e85a,1785287496426,sender -> receiver,0,True,1785287497146,720,0,False
f56b3e33-7b15-5f66-921d-990ca3437e86,1785287496446,sender -> receiver,0,True,1785287497171,725,0,False
b77499b2-9ea9-5e57-be05-ca4cdb71f290,1785287497469,sender -> receiver,0,True,1785287498180,711,0,False
9f0034ff-7e62-547b-8b85-c36b34090e10,1785287497475,sender -> receiver,0,True,1785287498200,725,0,False
74426b78-3dc5-54df-97e4-d44363d858e3,1785287498467,sender -> receiver,0,True,1785287499216,749,0,False
72979cca-ece6-56b1-bd38-a6b7d2afca17,1785287499448,sender -> receiver,0,True,1785287500171,723,0,False
85b8ddae-81d2-5dae-9093-b3b2b5b543bf,1785287499452,sender -> receiver,0,True,1785287500192,740,0,False
d6391a64-ffbf-5e42-bc11-a84f3dca345b,1785287500424,sender -> receiver,0,True,1785287501137,713,0,False
60db7a3e-7c6e-52e3-bd2f-f9301091384b,1785287500451,sender -> receiver,0,True,1785287501151,700,0,False
c6e8f772-ba23-576a-9669-10cc0a4cfa78,1785287501439,sender -> receiver,0,True,1785287502190,751,0,False
23d64807-e471-5549-a91a-cb9c2fc5af17,1785287501467,sender -> receiver,0,True,1785287502205,738,0,False
edb82991-a486-5eaf-bc14-ff42ac559e0e,1785287502469,sender -> receiver,0,True,1785287503197,728,0,False
293327fb-7040-53eb-9337-ca55b2e0dde3,1785287502474,sender -> receiver,0,True,1785287503212,738,0,False
92878ffa-d0ef-58e0-a30e-9b217b322dd3,1785287503423,sender -> receiver,0,True,1785287504143,720,0,False
4ab5f7ee-d11a-50b5-b701-2d2bfca853b3,1785287504431,sender -> receiver,0,True,1785287505136,705,0,False
a07c84af-09ca-505e-b8ef-ce6124a5cbfc,1785287504470,sender -> receiver,0,True,1785287505176,706,0,False
d8624241-9388-553f-9359-43de58c14000,1785287505465,sender -> receiver,0,True,1785287506215,750,0,False
b895584b-bc62-5ef2-8f08-68e9eaced95f,1785287505470,sender -> receiver,0,True,1785287506231,761,0,False
4da216b9-98fc-5382-8b93-b82ea14b050d,1785287506428,sender -> receiver,0,True,1785287507164,736,0,False
0f328381-b602-5542-b706-f85bae336626,1785287506432,sender -> receiver,0,True,1785287507174,742,0,False
d58d70b2-6d31-55b9-9f61-c1e174d069cd,1785287507443,sender -> receiver,0,True,1785287508164,721,0,False
6254eede-c33f-54c4-ae14-02e35196bd65,1785287507447,sender -> receiver,0,True,1785287508184,737,0,False
0ab3f953-e2f2-5d43-bc65-d31d5bbd2a7c,1785287508427,sender -> receiver,0,True,1785287509138,711,0,False
d6f03e30-4b66-5d19-a143-0c4ae6fe1585,1785287508430,sender -> receiver,0,True,1785287509154,724,0,False
7e790732-ed50-50a9-83e1-325eb509751d,1785287509421,sender -> receiver,0,True,1785287510138,717,0,False
e5a83e5d-b5a4-5383-acc7-8cb89a9ca10e,1785287510427,sender -> receiver,0,True,1785287511131,704,0,False
e7a66868-2bfc-5445-955f-08778d0154c1,1785287510430,sender -> receiver,0,True,1785287511157,727,0,False
4a9213ca-7572-5b4a-87d7-478b89f07d88,1785287511467,sender -> receiver,0,True,1785287512158,691,0,False
d2d9ef35-57dc-55b0-a2a7-d7cffdbd67eb,1785287511473,sender -> receiver,0,True,1785287512273,800,0,False
0ac9ec98-7c1d-5c17-bc77-657e1e945a33,1785287512473,sender -> receiver,0,True,1785287513209,736,0,False
2070413f-76a8-5091-b198-66284b423d6f,1785287512477,sender -> receiver,0,True,1785287513222,745,0,False
dc92e1f6-e57a-5387-8459-b56699e89c44,1785287513437,sender -> receiver,0,True,1785287514183,746,0,False
66ff0110-b322-5849-8b26-3a53c1525d7f,1785287513442,sender -> receiver,0,True,1785287514204,762,0,False
4f9afcf6-d2f4-53dd-8cbc-f078c994509f,1785287514443,sender -> receiver,0,True,1785287515146,703,0,False
93de3210-8415-5f03-8427-b624de0431cb,1785287515478,sender -> receiver,0,True,1785287516187,709,0,False
08941f14-bebf-5e5d-af8f-4877ddce5595,1785287515483,sender -> receiver,0,True,1785287516215,732,0,False
697a5308-7e49-5e46-9f4d-9c44734094a0,1785287516428,sender -> receiver,0,True,1785287517147,719,0,False
3a2e033f-79b9-5a06-9542-7e219fa84792,1785287516454,sender -> receiver,0,True,1785287517161,707,0,False
3ae16605-ae8d-51f1-ac7f-31bb655fcb4c,1785287517449,sender -> receiver,0,True,1785287518159,710,0,False
0e135bdf-96ff-5f9b-94a7-31f4949659cb,1785287517453,sender -> receiver,0,True,1785287518202,749,0,False
164eba18-4917-514c-b43f-c1a75083fb4e,1785287518419,sender -> receiver,0,True,1785287519147,728,0,False
aa55854b-ca95-5da7-a462-15884e46e3f9,1785287518436,sender -> receiver,0,True,1785287519158,722,0,False
12ccb406-c3c6-5f0c-85d5-bf64c1af30cb,1785287519419,sender -> receiver,0,True,1785287520130,711,0,False
d75980d5-2059-5e42-b3e1-c1cc56db2c09,1785287519421,sender -> receiver,0,True,1785287520148,727,0,False
3495caa8-132c-5e9e-a55f-7045395dc5a8,1785287520426,sender -> receiver,0,True,1785287521217,791,0,False
77d8c535-2404-56f7-a6d8-cdeb3cec5be6,1785287521444,sender -> receiver,0,True,1785287522190,746,0,False
7043cf8d-f6f3-5e40-b50c-70d3910b2a27,1785287521447,sender -> receiver,0,True,1785287522207,760,0,False
a3149963-c1b5-5258-9479-c7238b20bcfd,1785287522428,sender -> receiver,0,True,1785287523150,722,0,False
7d8d802a-bf11-53bd-9b92-e9d0d8f68b0d,1785287522430,sender -> receiver,0,True,1785287523175,745,0,False
36e6d672-cce1-5e4a-9959-b592201c3da4,1785287523422,sender -> receiver,0,True,1785287524170,748,0,False
03724dec-4a34-57df-8469-cbc99d715cc9,1785287523439,sender -> receiver,0,True,1785287524184,745,0,False
f56478a4-8dbc-5ed5-9093-589052dd5ffe,1785287524453,sender -> receiver,0,True,1785287525203,750,0,False
00807388-bb0a-5a7a-a208-6753f527aaa6,1785287524457,sender -> receiver,0,True,1785287525217,760,0,False
0891bfd9-0250-5fc4-8aa4-7178e534971f,1785287525422,sender -> receiver,0,True,1785287526168,746,0,False
85867558-2bce-5814-98c4-304e7a0d55e0,1785287526421,sender -> receiver,0,True,1785287527155,734,0,False
b3223d0a-1f45-5e26-83e2-91c641944785,1785287526423,sender -> receiver,0,True,1785287527183,760,0,False
454cb92c-4a54-50a6-acd0-6cfe73818130,1785287527429,sender -> receiver,0,True,1785287528156,727,0,False
436fd3d2-68c1-5aec-b4cf-02c3db403f54,1785287527437,sender -> receiver,0,True,1785287528169,732,0,False
17662634-41aa-536e-bfb2-9f88899081be,1785287528439,sender -> receiver,0,True,1785287529184,745,0,False
2b782df7-3f4b-5bbc-9430-178a897ad2c5,1785287528446,sender -> receiver,0,True,1785287529203,757,0,False
dbf1b33b-d13b-5628-84f4-4eeb8f5f31e7,1785287529436,sender -> receiver,0,True,1785287530175,739,0,False
6873a86f-6c69-5138-a0fd-5bd169515a8d,1785287529463,sender -> receiver,0,True,1785287530209,746,0,False
c4022e45-f9b1-5596-b86f-fed3eaf3c5f6,1785287530424,sender -> receiver,0,True,1785287531153,729,0,False
84dd454a-d214-5c18-a3d6-5c9a21c8e327,1785287530426,sender -> receiver,0,True,1785287531218,792,0,False
b2e0070f-fb20-53fc-80da-3a76f590f058,1785287531416,sender -> receiver,0,True,1785287532153,737,0,False
c7f1919d-5b65-56c1-ac3f-e60ddcda42da,1785287532435,sender -> receiver,0,True,1785287533134,699,0,False
b44aa09c-f3e2-5bab-8498-d1f06fbb0a26,1785287532463,sender -> receiver,0,True,1785287533156,693,0,False
d0cc51a8-d5cc-53c8-90da-ad5218dacf5c,1785287533425,sender -> receiver,0,True,1785287534113,688,0,False
a1e46908-9efa-5f4d-ab80-90f9e1ae3d34,1785287533458,sender -> receiver,0,True,1785287534158,700,0,False
c783fcb1-147a-57fa-b9fa-e3594ed94d73,1785287534426,sender -> receiver,0,True,1785287535162,736,0,False
5eeb19e6-28c6-5351-931b-0d62c860f353,1785287534429,sender -> receiver,0,True,1785287535177,748,0,False
b65a494e-1f0d-5a1a-b186-603e35fe338a,1785287535467,sender -> receiver,0,True,1785287536162,695,0,False
21b4a850-5283-578d-9b72-31e5ddc73549,1785287535474,sender -> receiver,0,True,1785287536211,737,0,False
fc056467-9d6b-58b7-b22c-c4c997313cce,1785287536422,sender -> receiver,0,True,1785287537141,719,0,False
a3aa3188-b4a1-54f8-b2fd-6a3f475ec992,1785287577612,sender -> receiver,0,True,1785287578352,740,0,False
f01e2130-5ed5-5be4-bdbd-d3d0c46ffd88,1785287577627,sender -> receiver,0,True,1785287578406,779,0,False
6581f559-466c-5861-9b85-03b578974ae3,1785287578617,sender -> receiver,0,True,1785287579370,753,0,False
2dc759b2-41b3-5a5a-9dab-14a85d9bcd44,1785287578622,sender -> receiver,0,True,1785287579389,767,0,False
d90060d3-cef9-52bc-931a-10bdb4c463c9,1785287579616,sender -> receiver,0,True,1785287580348,732,0,False
285ab4e6-d1f8-518a-8d01-80eab7c4f8d7,1785287579619,sender -> receiver,0,True,1785287580373,754,0,False
f65514d3-2785-50b1-bee0-e4a38708be1c,1785287580627,sender -> receiver,0,True,1785287581325,698,0,False
436b817c-0197-5747-aca9-7e97d4745a93,1785287580631,sender -> receiver,0,True,1785287581361,730,0,False
e8b060d2-38e6-5115-a532-b3303fa0390b,1785287581668,sender -> receiver,0,True,1785287582356,688,0,False
fda37f71-3429-5ca8-b746-40cb8a6c0a8e,1785287581673,sender -> receiver,0,True,1785287582409,736,0,False
9cce04cc-c7e4-5f53-8c33-da318ee8acf2,1785287582609,sender -> receiver,0,True,1785287583307,698,0,False
bff57d74-b793-5052-b533-cd780eba2c51,1785287583639,sender -> receiver,0,True,1785287584342,703,0,False
490b1a5c-1c44-55e8-9833-075503b05c94,1785287583642,sender -> receiver,0,True,1785287584359,717,0,False
1c8bcdb4-e14c-5f0e-85cf-171a7c0d081a,1785287584617,sender -> receiver,0,True,1785287585328,711,0,False
e2deb64a-ce33-514b-af63-94968f53de59,1785287584638,sender -> receiver,0,True,1785287585343,705,0,False
4aecf35e-923a-51e1-9e55-8ee8bd42fdaf,1785287585615,sender -> receiver,0,True,1785287586339,724,0,False
ff94982e-1a48-5dea-9a1f-567605634944,1785287585619,sender -> receiver,0,True,1785287586356,737,0,False
0cd62516-f10e-5f4d-831d-84831c341c9b,1785287586618,sender -> receiver,0,True,1785287587308,690,0,False
3dd7b78a-b7f3-5130-8b70-e9fe8aadd8cb,1785287586670,sender -> receiver,0,True,1785287587359,689,0,False
e42a1944-f66c-5d18-818d-e4e2f60ccdc7,1785287587625,sender -> receiver,0,True,1785287588379,754,0,False
04b2841a-15b4-501f-91da-e6131e40bf00,1785287588640,sender -> receiver,0,True,1785287589403,763,0,False
52ad5597-174d-5d1c-a08f-10cf0a0c732d,1785287588667,sender -> receiver,0,True,1785287589418,751,0,False
b0d8661d-1a76-5fe0-9b9e-a5f4e571bf33,1785287589617,sender -> receiver,0,True,1785287590352,735,0,False
e7a35aba-b065-52cb-99e7-60123047fe49,1785287589621,sender -> receiver,0,True,1785287590363,742,0,False
b859c8e8-b8ce-5c7b-a2d7-4d825589d7cb,1785287590615,sender -> receiver,0,True,1785287591317,702,0,False
5375f798-054c-5281-8377-eb967293428d,1785287590618,sender -> receiver,0,True,1785287591338,720,0,False
91da74b4-d6b4-53ce-b573-5d985aecf614,1785287591656,sender -> receiver,0,True,1785287592367,711,0,False
14f1144f-31be-53da-884a-da9c16116edb,1785287591661,sender -> receiver,0,True,1785287592433,772,0,False
4576c3c4-fd8c-5fa3-b401-d74fee89e939,1785287592673,sender -> receiver,0,True,1785287593386,713,0,False
f8d612fd-5bb4-5b99-a18a-63e3a565038a,1785287592680,sender -> receiver,0,True,1785287593407,727,0,False
fbb61bb1-d9fc-5e72-9bef-5077dc433ed4,1785287593620,sender -> receiver,0,True,1785287594349,729,0,False
91bdf341-d7b9-5acb-bb76-cdc7d9dc5692,1785287594614,sender -> receiver,0,True,1785287595334,720,0,False
704d8b40-9409-5bda-a9b6-dc85e19c3043,1785287594634,sender -> receiver,0,True,1785287595347,713,0,False
80659b54-8cb8-58dc-8273-54c58349f4e0,1785287595638,sender -> receiver,0,True,1785287596381,743,0,False
ef4fa9f1-a5c8-5042-a3ef-c6dd25e03f65,1785287595645,sender -> receiver,0,True,1785287596396,751,0,False
6a887f6f-927f-5c4e-ac9a-a2d322852e28,1785287596661,sender -> receiver,0,True,1785287597394,733,0,False
8f6baeea-6da9-52e3-85ba-3836e0bf79a6,1785287596666,sender -> receiver,0,True,1785287597423,757,0,False
eefa9a11-7399-5dc2-8cc5-899e726bbf36,1785287597612,sender -> receiver,0,True,1785287598357,745,0,False
8d595c8c-bde9-50d0-9d81-6fb4a0eaf810,1785287597614,sender -> receiver,0,True,1785287598383,769,0,False
2fadeb93-a8a4-5ef6-9ca6-c703e055f527,1785287598607,sender -> receiver,0,True,1785287599382,775,0,False
ba6b3d0e-acf0-5aec-adf0-be6bc05b7646,1785287599618,sender -> receiver,0,True,1785287600397,779,0,False
5ef97637-5976-524c-b542-6b55f16d6003,1785287599622,sender -> receiver,0,True,1785287600415,793,0,False
bdcf3ab9-70af-5c2f-84fb-1aee60b5b38c,1785287600663,sender -> receiver,0,True,1785287601366,703,0,False
9c9952ae-d501-5f61-8767-6cfa2528cb3d,1785287600667,sender -> receiver,0,True,1785287601479,812,0,False
a408b7f4-eac3-55d4-b4b0-5c76e4a56f28,1785287601634,sender -> receiver,0,True,1785287602357,723,0,False
677eeb2a-1e81-50de-956f-ed2f4d7682e8,1785287601637,sender -> receiver,0,True,1785287602388,751,0,False
8f175826-250d-5a77-adda-1c066c2a01f6,1785287602618,sender -> receiver,0,True,1785287603377,759,0,False
6d294423-4d79-5f21-bd35-da289b14d2c3,1785287602639,sender -> receiver,0,True,1785287603414,775,0,False
ba7b4a0a-d3a7-5d66-85c3-6d3326e9327c,1785287603676,sender -> receiver,0,True,1785287604417,741,0,False
3f85e8c7-54c0-5a6c-887e-133009f9af41,1785287603682,sender -> receiver,0,True,1785287604441,759,0,False
07668b01-1aa0-5568-bc8b-57f8d7f993fb,1785287604616,sender -> receiver,0,True,1785287605313,697,0,False
d1d576ae-1de5-5a1b-a471-228300e3267c,1785287605673,sender -> receiver,0,True,1785287606387,714,0,False
68939076-4ceb-5be6-804d-be3ccf90cb36,1785287605678,sender -> receiver,0,True,1785287606402,724,0,False
6d06586b-dd6c-5e6b-9d81-14485943e920,1785287606632,sender -> receiver,0,True,1785287607346,714,0,False
f0a3d7c3-2fbe-57da-8024-c524cca75a2f,1785287606665,sender -> receiver,0,True,1785287607431,766,0,False
17084e3c-f9fe-5a5e-9e8d-b709fc838565,1785287607641,sender -> receiver,0,True,1785287608330,689,0,False
535191f3-69e6-5aa7-b992-8099fd3baea2,1785287607647,sender -> receiver,0,True,1785287608412,765,0,False
af2c0dd2-64bf-504c-862b-9e6827c6fbb7,1785287608620,sender -> receiver,0,True,1785287609321,701,0,False
6274abb5-8222-5164-add2-2be3e8246d0a,1785287608630,sender -> receiver,0,True,1785287609385,755,0,False
b0331b5b-d971-5e70-b46a-ebaffb7de3a6,1785287609651,sender -> receiver,0,True,1785287610360,709,0,False
fbcc4256-8e9c-54cf-94ec-b4a7679c6a1b,1785287610638,sender -> receiver,0,True,1785287611343,705,0,False
8169d949-eab0-532f-b8ee-22ca6e002c7b,1785287610680,sender -> receiver,0,True,1785287611365,685,0,False
87dd165e-11f9-5b85-a81c-d272c894f6bb,1785287611635,sender -> receiver,0,True,1785287612336,701,0,False
ee28b37f-a3a4-5ce7-8843-3e725fc11656,1785287611664,sender -> receiver,0,True,1785287612395,731,0,False
001d4925-eb47-59e3-80bd-50339b5c1c98,1785287612622,sender -> receiver,0,True,1785287613336,714,0,False
757b1f79-058f-5f07-818a-31ef2a634778,1785287612649,sender -> receiver,0,True,1785287613364,715,0,False
3cedc94f-0f54-5f12-93c7-378d543fa35e,1785287613677,sender -> receiver,0,True,1785287614399,722,0,False
574db729-bc9c-5287-aaab-67672c7b797d,1785287613685,sender -> receiver,0,True,1785287614415,730,0,False
a68a87be-dcee-5358-a773-3531c16a1c25,1785287614623,sender -> receiver,0,True,1785287615341,718,0,False
b6ba56c2-9ddb-5c23-afee-063b9b67c332,1785287614652,sender -> receiver,0,True,1785287615389,737,0,False
8b122abd-ae4f-552e-8c65-d13d0b10330f,1785287615614,sender -> receiver,0,True,1785287616343,729,0,False
537e34e0-715f-54be-80bb-f9db6cffa89f,1785287616638,sender -> receiver,0,True,1785287617401,763,0,False
75d41bf6-59ea-5937-a232-4c12a0d7a99e,1785287616642,sender -> receiver,0,True,1785287617417,775,0,False
cd22399f-44f7-5a59-a74e-39b4963bf161,1785287617614,sender -> receiver,0,True,1785287618327,713,0,False
53d529f1-c2b4-56fe-8a2c-97a8fbd3d71c,1785287617642,sender -> receiver,0,True,1785287618344,702,0,False
0f1d945f-d92a-513b-8159-71fcd58db9f9,1785287618627,sender -> receiver,0,True,1785287619352,725,0,False
5e2269f3-642e-531a-9818-4d76c4a084eb,1785287618658,sender -> receiver,0,True,1785287619395,737,0,False
25eaa8ef-d345-5ee0-94a0-a60ebbe2b72b,1785287619639,sender -> receiver,0,True,1785287620367,728,0,False
a6d52559-bd40-57c9-bd8c-04ca2f6f4fd0,1785287619667,sender -> receiver,0,True,1785287620388,721,0,False
ad2ac9e0-c90f-5059-9250-12a98266cce0,1785287620615,sender -> receiver,0,True,1785287621341,726,0,False
1937db24-b938-564f-aeba-515f8f129456,1785287621617,sender -> receiver,0,True,1785287622313,696,0,False
5e7f9deb-fb66-5417-91a5-d69517ad6bb6,1785287621634,sender -> receiver,0,True,1785287622334,700,0,False
9c6e77f3-294a-5f23-8380-046031bdc4ce,1785287622618,sender -> receiver,0,True,1785287623367,749,0,False
c2d1e93e-4a38-5dc7-a340-67716b290f39,1785287622639,sender -> receiver,0,True,1785287623412,773,0,False
461c94e8-22c6-5e30-823c-a38a1a8aa6be,1785287623615,sender -> receiver,0,True,1785287624393,778,0,False
c67d74cb-2b04-5893-8e3c-fde3cd84eead,1785287623635,sender -> receiver,0,True,1785287624404,769,0,False
791052d9-07cf-5465-ad6d-2ef274c046f4,1785287624615,sender -> receiver,0,True,1785287625352,737,0,False
f475fbcd-4478-581c-9492-b740b09660c4,1785287624632,sender -> receiver,0,True,1785287625384,752,0,False
6db6468e-99dc-5496-96e0-df82d51169f9,1785287625630,sender -> receiver,0,True,1785287626325,695,0,False
6d6f0994-0118-5616-ab38-7391909c65c4,1785287625634,sender -> receiver,0,True,1785287626373,739,0,False
921633d9-029b-575f-9924-051fbe46490e,1785287626605,sender -> receiver,0,True,1785287627329,724,0,False
62f220b5-0aba-5dff-bce6-878d6fedc07d,1785287627641,sender -> receiver,0,True,1785287628365,724,0,False
02fdecf3-9699-59f9-b2b1-daa99f5b31d0,1785287627646,sender -> receiver,0,True,1785287628416,770,0,False
69252e47-fa49-510d-9126-9a5612f59eae,1785287628620,sender -> receiver,0,True,1785287629334,714,0,False
af2f36ab-8b6d-5186-8a71-83eae25b1c12,1785287628624,sender -> receiver,0,True,1785287629349,725,0,False
ccc2202c-9af1-56a5-adca-41ec01ac2d38,1785287629654,sender -> receiver,0,True,1785287630422,768,0,False
a4b8cd40-0a3b-5b40-967e-eae1a519b9cd,1785287629660,sender -> receiver,0,True,1785287630436,776,0,False
6769e212-bcfd-505d-a8b1-9286e2161199,1785287630622,sender -> receiver,0,True,1785287631322,700,0,False
898c7cae-6e6c-58d3-a50b-02e6a71319ab,1785287630663,sender -> receiver,0,True,1785287631382,719,0,False
306d0681-fe0a-5c2e-b1b6-66f87ad12b85,1785287631629,sender -> receiver,0,True,1785287632376,747,0,False
b813fa0b-f434-536d-8cf4-06af3bd41eb5,1785287672282,sender -> receiver,0,True,1785287672993,711,0,False
0d8e70ab-cf13-5f97-a96a-e0e8438ab7e1,1785287672287,sender -> receiver,0,True,1785287673005,718,0,False
eb9fe638-596b-5cab-a055-963c80f23db7,1785287673270,sender -> receiver,0,True,1785287674021,751,0,False
22415325-d138-5eb2-abee-5b7ddc4d42b9,1785287673273,sender -> receiver,0,True,1785287674033,760,0,False
9587d965-aa92-5960-bf52-9b0657a0c8f2,1785287674277,sender -> receiver,0,True,1785287675007,730,0,False
971d9936-8d3e-53e9-9af2-df7318e4c14b,1785287674280,sender -> receiver,0,True,1785287675032,752,0,False
d7ee9d8b-9dea-568c-831f-a75b55af034e,1785287675271,sender -> receiver,0,True,1785287676001,730,0,False
0396ac14-75e7-555d-9f28-52cd858e86c7,1785287675274,sender -> receiver,0,True,1785287676017,743,0,False
a74693a8-dbc9-563c-8452-6069dd7a62fb,1785287676266,sender -> receiver,0,True,1785287677005,739,0,False
1ecb5719-9167-50cb-b94c-6a73e3ea78e1,1785287677294,sender -> receiver,0,True,1785287678030,736,0,False
98bb9c3f-1cad-512c-afab-a50b53284c75,1785287677301,sender -> receiver,0,True,1785287678046,745,0,False
bbf48b1b-3e75-55c4-8ef4-f643bea8e9a5,1785287678276,sender -> receiver,0,True,1785287679076,800,0,False
55454150-e375-59b8-8376-40e87f03bc60,1785287678279,sender -> receiver,0,True,1785287679091,812,0,False
0c0a5ee3-0e1f-529f-a1ab-81c5a04a3ba4,1785287679304,sender -> receiver,0,True,1785287680017,713,0,False
9de72999-f152-5bd7-8b76-3adce87ad403,1785287679314,sender -> receiver,0,True,1785287680036,722,0,False
b8c10be7-7cae-57e5-9285-675240e787da,1785287680278,sender -> receiver,0,True,1785287680993,715,0,False
2dea1846-7e35-5204-8937-b838e6625883,1785287680281,sender -> receiver,0,True,1785287681009,728,0,False
c12d7db9-eef1-5ebd-9588-eb31fe8a884e,1785287681267,sender -> receiver,0,True,1785287682049,782,0,False
843c6bca-30f0-5dc5-bf1d-31d6d2e30638,1785287682288,sender -> receiver,0,True,1785287682979,691,0,False
fdcb11e5-d891-5b6d-a230-d017f5f9df76,1785287682293,sender -> receiver,0,True,1785287683035,742,0,False
208081e8-ec21-51b0-9138-e852ab100071,1785287683287,sender -> receiver,0,True,1785287684006,719,0,False
1131c79b-85a8-5d9b-9a6e-ea3bd2491647,1785287683289,sender -> receiver,0,True,1785287684017,728,0,False
c00bcc64-ffaa-52da-a89f-74d99c268fde,1785287684299,sender -> receiver,0,True,1785287684998,699,0,False
76745a3c-1987-5f06-afce-feae95f92c37,1785287684305,sender -> receiver,0,True,1785287685050,745,0,False
e4acd734-daa1-5d60-96c7-40cac686bfc7,1785287685263,sender -> receiver,0,True,1785287686016,753,0,False
e356f48b-cf62-5213-a0fb-11d0d5d6e21c,1785287686273,sender -> receiver,0,True,1785287686981,708,0,False
610699ae-ee2c-5a9b-be4f-55fd7847b0fc,1785287686276,sender -> receiver,0,True,1785287686988,712,0,False
c215fdf2-40dd-5ac9-a897-32500a558cac,1785287687274,sender -> receiver,0,True,1785287688021,747,0,False
e9edd0ac-53da-5a73-8bfe-6e9c5aabb7ad,1785287687277,sender -> receiver,0,True,1785287688043,766,0,False
416a36e5-d311-54c2-9ea1-f3360bdbe4ca,1785287688278,sender -> receiver,0,True,1785287689026,748,0,False
474736b7-5b22-5aad-9102-a1d77c0bb7a0,1785287688280,sender -> receiver,0,True,1785287689091,811,0,False
fd88a5c3-e657-596a-927c-9f6b2b9377a3,1785287689285,sender -> receiver,0,True,1785287690016,731,0,False
1bd8cf2c-7ca7-5b6b-b8ce-f1e62205dbb6,1785287689292,sender -> receiver,0,True,1785287690028,736,0,False
d5be1f6f-7684-5caf-9194-8307b076fb53,1785287690265,sender -> receiver,0,True,1785287691010,745,0,False
797ad8c5-c184-556b-a8c5-31bcf2b39ea9,1785287691274,sender -> receiver,0,True,1785287691989,715,0,False
637a97a7-3b5c-56fb-b8e3-fb48cf3fa604,1785287691279,sender -> receiver,0,True,1785287692000,721,0,False
02b8b67f-38fe-5f1a-bf27-349b5aab70f2,1785287692276,sender -> receiver,0,True,1785287692969,693,0,False
66d67e98-f8ab-51a1-b9a5-8cf8829e4002,1785287692279,sender -> receiver,0,True,1785287693036,757,0,False
1ab23e41-fc1d-566c-bdc3-cf12206c17e5,1785287693275,sender -> receiver,0,True,1785287694004,729,0,False
ad101f77-6af8-5b4a-b9c1-d588b4fd3a62,1785287693278,sender -> receiver,0,True,1785287694016,738,0,False
f38fde66-0357-54b6-beb9-68170e3249e6,1785287694273,sender -> receiver,0,True,1785287695050,777,0,False
aa237d33-bb90-592c-b6b8-438c792f3833,1785287694275,sender -> receiver,0,True,1785287695059,784,0,False
fb1ba80f-52bc-56cb-b49d-3675198df77e,1785287695282,sender -> receiver,0,True,1785287696015,733,0,False
35a6742f-e9f1-5e46-9e8e-99f4fafd9804,1785287696291,sender -> receiver,0,True,1785287697022,731,0,False
3ef3a958-6160-5a9a-9ae4-c364ae4c4057,1785287696297,sender -> receiver,0,True,1785287697032,735,0,False
5928cc08-a50d-528f-a4dc-2b303e8661f5,1785287697282,sender -> receiver,0,True,1785287698014,732,0,False
4a767a00-57d8-5368-a1ce-737c7d65b2bf,1785287697288,sender -> receiver,0,True,1785287698032,744,0,False
1be1bde5-8482-5236-931c-c15cff2c9a7b,1785287698261,sender -> receiver,0,True,1785287698968,707,0,False
25d35620-31f8-54f1-a380-bc326fa7ca67,1785287698264,sender -> receiver,0,True,1785287698997,733,0,False
773cb094-2eb5-573a-9932-d13b4fc9bc9c,1785287699266,sender -> receiver,0,True,1785287700011,745,0,False
4d3b488b-6690-5db6-90ce-233081ecae53,1785287700275,sender -> receiver,0,True,1785287700991,716,0,False
97197665-be33-5492-8258-7c6aacec9f87,1785287700278,sender -> receiver,0,True,1785287701003,725,0,False
442a39b3-50c2-5ff4-8248-b4dc47e9960e,1785287701272,sender -> receiver,0,True,1785287701982,710,0,False
cb72c78b-7328-54d0-b713-1a4a01de541d,1785287701276,sender -> receiver,0,True,1785287701993,717,0,False
119d2ea0-ebc3-550a-ae4c-357837bfc92e,1785287702283,sender -> receiver,0,True,1785287703009,726,0,False
b3098791-52f1-5b6d-a4f6-4a9924861af1,1785287702288,sender -> receiver,0,True,1785287703018,730,0,False
39fcbfea-5fe4-5b51-8636-6b7c29837ac8,1785287703272,sender -> receiver,0,True,1785287704031,759,0,False
934fa926-fd91-594b-9b0c-ec694b960b44,1785287703276,sender -> receiver,0,True,1785287704041,765,0,False
0e2741cd-1803-551e-a23c-631c12f17729,1785287704268,sender -> receiver,0,True,1785287705003,735,0,False
657c726a-d2c3-5b0f-a0d7-3de89aee8d89,1785287705273,sender -> receiver,0,True,1785287706010,737,0,False
8aa3d1c6-a6ec-5a77-98b8-5059ad4ee665,1785287705282,sender -> receiver,0,True,1785287706028,746,0,False
dd1f9bef-e61e-5090-b1e9-1619b1b561ef,1785287706303,sender -> receiver,0,True,1785287707028,725,0,False
1693b145-87b3-54cb-a19f-3cdd5aa08fbd,1785287706309,sender -> receiver,0,True,1785287707041,732,0,False
6187ad4f-6b98-5238-909e-8117fd293c50,1785287707263,sender -> receiver,0,True,1785287708040,777,0,False
27d88abf-130e-593f-bffd-e7a7c41a4222,1785287707265,sender -> receiver,0,True,1785287708057,792,0,False
32e3d223-efc8-551f-b095-f75501eae321,1785287708278,sender -> receiver,0,True,1785287709020,742,0,False
1bcc7bd9-24ec-5edf-9177-c7776b8e47af,1785287708288,sender -> receiver,0,True,1785287709035,747,0,False
88d4b18a-a4e0-542f-90a9-d7047a5384f5,1785287709266,sender -> receiver,0,True,1785287709987,721,0,False
5c467f49-5886-5ca7-89bb-d3272059af69,1785287710272,sender -> receiver,0,True,1785287711059,787,0,False
af2ceb29-8595-5868-9f1b-c800119864cc,1785287710275,sender -> receiver,0,True,1785287711077,802,0,False
fcd158a2-a40b-5ad1-8bc9-2b74a1ed031e,1785287711268,sender -> receiver,0,True,1785287712001,733,0,False
d3d3dd45-c6f5-5bc1-8cd9-2750036b2f25,1785287711270,sender -> receiver,0,True,1785287712017,747,0,False
da0ba22c-2d01-55f2-88f2-42723eb30adb,1785287712295,sender -> receiver,0,True,1785287713023,728,0,False
7331c740-39b6-5aca-a1e2-39005a1c288a,1785287712327,sender -> receiver,0,True,1785287713042,715,0,False
7a32c0c3-b78a-5831-9577-8ae0fe0396b9,1785287713285,sender -> receiver,0,True,1785287713989,704,0,False
916320ca-414a-5cbd-b77f-09fa7d7eccdc,1785287714289,sender -> receiver,0,True,1785287715015,726,0,False
ba5f8136-6200-5f1a-bd5a-fac735ca22a3,1785287714294,sender -> receiver,0,True,1785287715101,807,0,False
bd0bf4d7-e11b-5a5c-94ac-81f70142ffa4,1785287715295,sender -> receiver,0,True,1785287716015,720,0,False
7a8d127f-2f18-5ef6-8ccf-d8ed52f262e9,1785287715300,sender -> receiver,0,True,1785287716030,730,0,False
80221e7e-5015-57e3-8137-099a90a3bae7,1785287716299,sender -> receiver,0,True,1785287717007,708,0,False
2498c25d-b76e-5774-b8da-8cc2c80388b3,1785287716303,sender -> receiver,0,True,1785287717020,717,0,False
0b9af8d6-31a1-5919-be29-fde5a1e23aa1,1785287717301,sender -> receiver,0,True,1785287718079,778,0,False
5ed653df-055c-5d15-b124-395541badfe3,1785287717307,sender -> receiver,0,True,1785287718090,783,0,False
83791aa7-40db-5e01-aadb-8bc0cb97fe0d,1785287718267,sender -> receiver,0,True,1785287719014,747,0,False
944a216b-9c64-5961-aa77-6ac3bf4bc562,1785287719276,sender -> receiver,0,True,1785287720024,748,0,False
12eb90d1-56f3-5480-9fb9-4f08f80c7a4e,1785287719279,sender -> receiver,0,True,1785287720040,761,0,False
953be10b-cad0-5ecf-8cd7-68d3661d2b64,1785287720271,sender -> receiver,0,True,1785287721050,779,0,False
6511dbbe-ad7b-5f5a-94f2-a8ed2fd90bd7,1785287720278,sender -> receiver,0,True,1785287721062,784,0,False
ce7a8dd3-922e-5fdc-b43a-29ea30470f92,1785287721296,sender -> receiver,0,True,1785287721996,700,0,False
fbeecb83-7323-5cd0-a9ca-aab10c481737,1785287721302,sender -> receiver,0,True,1785287722009,707,0,False
3ecce70e-8b06-5ac9-b22e-860e30b22398,1785287722275,sender -> receiver,0,True,1785287722984,709,0,False
abc30730-cbe0-5e37-b1d0-609bccb55750,1785287722281,sender -> receiver,0,True,1785287722995,714,0,False
f06e5a9a-c3ca-5d92-bf85-793907a9c44f,1785287723271,sender -> receiver,0,True,1785287724014,743,0,False
22ae4905-0895-520e-bce1-a3f8344f6de1,1785287724268,sender -> receiver,0,True,1785287724979,711,0,False
d92632ff-22f0-5113-a186-b8d92f002112,1785287724277,sender -> receiver,0,True,1785287725044,767,0,False
3909c200-be4b-50a8-9569-8bbbd25ca395,1785287725296,sender -> receiver,0,True,1785287726000,704,0,False
ecde0022-eb5b-559e-906a-1a4be007b497,1785287725303,sender -> receiver,0,True,1785287726013,710,0,False
6af847cf-22bc-5144-b767-ff5e74a23f8f,1785287726280,sender -> receiver,0,True,1785287727011,731,0,False
fc302f1d-3e47-556d-9bff-562990d416e0,1785287726288,sender -> receiver,0,True,1785287727023,735,0,False
060422ae-c31d-5ffd-994f-6c9e422394ea,1785287727269,sender -> receiver,0,True,1785287728001,732,0,False
42918e2e-b0c8-5660-969e-42d32aa1ac66,1785287768048,sender -> receiver,0,True,1785287768758,710,0,False
c6211376-cab8-5fc7-a48a-45215b956cb5,1785287768051,sender -> receiver,0,True,1785287768784,733,0,False
1c8f4286-2b02-5953-bf0b-08a85506ddf9,1785287769018,sender -> receiver,0,True,1785287769748,730,0,False
e79a317f-76da-51e2-b515-569ce698a70e,1785287769020,sender -> receiver,0,True,1785287769763,743,0,False
fdd2ba89-b0be-59c5-a4c8-9790f744ca7b,1785287770007,sender -> receiver,0,True,1785287770736,729,0,False
41c6e7d5-2317-52e2-94e2-e4d765b8600f,1785287770025,sender -> receiver,0,True,1785287770758,733,0,False
ebc06a51-bbcc-500d-b5b9-4583d1536e0c,1785287771009,sender -> receiver,0,True,1785287771728,719,0,False
f5d6766c-1535-5a34-bef0-a4e2f32d48bf,1785287771028,sender -> receiver,0,True,1785287771758,730,0,False
fe32e1c0-d622-5e40-86a6-ffa22ac95d37,1785287772018,sender -> receiver,0,True,1785287772712,694,0,False
4f28d55f-4349-5377-a803-5cbde856aca3,1785287772022,sender -> receiver,0,True,1785287772778,756,0,False
03fb5850-5893-54c6-98c8-e6a69730b9d8,1785287773019,sender -> receiver,0,True,1785287773783,764,0,False
3777b924-e500-5aac-887f-ebf5843e4fcd,1785287774055,sender -> receiver,0,True,1785287774786,731,0,False
14d0f7f3-8069-50b0-a9c5-921c9406d9bf,1785287774059,sender -> receiver,0,True,1785287774804,745,0,False
af5ff077-23a4-57f9-ab47-b393b8cd8710,1785287775039,sender -> receiver,0,True,1785287775764,725,0,False
c90712f4-5d5a-5716-88d2-6472672c896c,1785287775042,sender -> receiver,0,True,1785287775776,734,0,False
04cf84f3-9d1f-5c62-82b8-5a967bee3289,1785287776003,sender -> receiver,0,True,1785287776763,760,0,False
b1cba430-a917-56fe-8ecb-df083ab7f91e,1785287776005,sender -> receiver,0,True,1785287776781,776,0,False
eda5b0bf-ea64-535c-a033-cbffc133671b,1785287777011,sender -> receiver,0,True,1785287777771,760,0,False
74deacb1-02b9-5be9-ac1c-af76e60dd0ff,1785287777013,sender -> receiver,0,True,1785287777782,769,0,False
13344f1d-9123-592d-80b8-8456aa28c6b1,1785287777996,sender -> receiver,0,True,1785287778694,698,0,False
c6d3d237-b320-5246-9a0a-924c60d66716,1785287779013,sender -> receiver,0,True,1785287779740,727,0,False
8302af82-fd5d-56b7-9600-8a0e22731245,1785287779016,sender -> receiver,0,True,1785287779757,741,0,False
2397176a-b39f-5779-9c4e-7c53be7759a7,1785287780016,sender -> receiver,0,True,1785287780728,712,0,False
38af2b84-14d5-558b-8988-70ea6c27efdc,1785287780019,sender -> receiver,0,True,1785287780748,729,0,False
bf4916cb-7033-5005-9bb3-f3ad472d4fc0,1785287781016,sender -> receiver,0,True,1785287781709,693,0,False
756de1ec-2538-59b0-8702-801c543050fa,1785287781018,sender -> receiver,0,True,1785287781755,737,0,False
14d4ccb6-ed3e-5999-9588-8a3693595cd6,1785287782022,sender -> receiver,0,True,1785287782743,721,0,False
82748b01-7984-559a-8e51-21859ebd5af4,1785287782025,sender -> receiver,0,True,1785287782794,769,0,False
30b5d697-5afd-5333-8531-519844fafdd8,1785287783012,sender -> receiver,0,True,1785287783746,734,0,False
10c656b5-603f-5277-aa7a-61eca8f44777,1785287783037,sender -> receiver,0,True,1785287783772,735,0,False
618213ee-4e4e-5c96-a48a-5c5b75b085d1,1785287784010,sender -> receiver,0,True,1785287784741,731,0,False
1b6bf44b-9fc6-5e23-903a-2212a334346a,1785287785004,sender -> receiver,0,True,1785287785721,717,0,False
d8b82b92-5559-5e23-a9d7-b59a6536b9d2,1785287785006,sender -> receiver,0,True,1785287785736,730,0,False
6a59feaf-2bb7-54dd-a2df-7b3298544ddb,1785287786022,sender -> receiver,0,True,1785287786698,676,0,False
0e6dffff-5972-599c-b055-3be3b72a24a1,1785287786025,sender -> receiver,0,True,1785287786754,729,0,False
76452cbb-af81-5e0f-89b6-2a8164911281,1785287787005,sender -> receiver,0,True,1785287787749,744,0,False
0bd37575-5748-5d32-807e-b8a62bb43ae2,1785287787021,sender -> receiver,0,True,1785287787762,741,0,False
2bab0058-ec29-5bda-859f-2218097c2a40,1785287788040,sender -> receiver,0,True,1785287788779,739,0,False
cac6ce63-db73-5756-a002-b83f1f3f8ca7,1785287788044,sender -> receiver,0,True,1785287788800,756,0,False
55d58471-3eb7-5fdf-93d8-12357a799323,1785287789016,sender -> receiver,0,True,1785287789734,718,0,False
6475d474-01fd-5b4e-9d3c-8ff003132a4d,1785287790056,sender -> receiver,0,True,1785287790766,710,0,False
488fb6dd-be19-52c7-ac77-e55465c6934f,1785287790060,sender -> receiver,0,True,1785287790781,721,0,False
b8eea0a3-aae4-5d9e-bf65-8e27646ff34a,1785287791007,sender -> receiver,0,True,1785287791763,756,0,False
7bdb53b3-a0de-50b6-a786-3b80d82d9f46,1785287791009,sender -> receiver,0,True,1785287791776,767,0,False
ac8d4908-8c50-57b1-90f7-792debf90a07,1785287792008,sender -> receiver,0,True,1785287792734,726,0,False
938a6a11-983d-56b6-b88a-2a08886dead7,1785287792011,sender -> receiver,0,True,1785287792754,743,0,False
00fc96d6-69b1-54c6-8c18-18674e1112bf,1785287793029,sender -> receiver,0,True,1785287793738,709,0,False
fe30e808-6f8b-50a3-bc31-c954eb6e0345,1785287793032,sender -> receiver,0,True,1785287793790,758,0,False
2bb67f2b-da54-5f93-89ed-dfeb2e9f334a,1785287794009,sender -> receiver,0,True,1785287794730,721,0,False
33141601-ea06-5b1f-b4f6-4cfa7e758672,1785287794028,sender -> receiver,0,True,1785287794753,725,0,False
bafafcf0-856a-576b-a4a9-c7e443f8f6ac,1785287795005,sender -> receiver,0,True,1785287795716,711,0,False
a587b89f-0ba4-5ad8-ab8f-6b7e935bd496,1785287796014,sender -> receiver,0,True,1785287796799,785,0,False
1b7001b3-d6cb-5a23-9a10-30666505653a,1785287796016,sender -> receiver,0,True,1785287796818,802,0,False
7b4538c3-3987-50f4-a106-4081e2588c7e,1785287797019,sender -> receiver,0,True,1785287797743,724,0,False
37b6a884-e011-5a54-a80f-7e6a7bbef568,1785287797022,sender -> receiver,0,True,1785287797761,739,0,False
a73096d0-772a-5bdf-86a2-40bc70685fb0,1785287798016,sender -> receiver,0,True,1785287798733,717,0,False
b6259056-57a5-5916-b165-0586bbb74b32,1785287798019,sender -> receiver,0,True,1785287798754,735,0,False
c70ae2fb-b311-57cf-bf19-ce48b8dde76c,1785287799020,sender -> receiver,0,True,1785287799762,742,0,False
89c6a7b0-584e-569d-9e76-52837fc39065,1785287799022,sender -> receiver,0,True,1785287799784,762,0,False
25a8aab3-6353-5b6f-9809-881a192ea8e8,1785287800013,sender -> receiver,0,True,1785287800718,705,0,False
884bb503-4af7-5028-8028-96e00d7ca354,1785287801006,sender -> receiver,0,True,1785287801754,748,0,False
d08ef0a7-b55d-5bf5-9104-63dea67c62d1,1785287801024,sender -> receiver,0,True,1785287801769,745,0,False
045eba77-d2f6-5df4-b94a-1ad25e601364,1785287802005,sender -> receiver,0,True,1785287802739,734,0,False
f2e59622-ce1e-5852-b61e-b0254518c01c,1785287802008,sender -> receiver,0,True,1785287802808,800,0,False
d9c0db49-fb30-5f28-9574-4020cbdf63d1,1785287803023,sender -> receiver,0,True,1785287803711,688,0,False
bab627ac-a809-57df-aae6-73801088060c,1785287803026,sender -> receiver,0,True,1785287803756,730,0,False
ced2cfba-971f-5061-951b-261031759f9d,1785287804009,sender -> receiver,0,True,1785287804709,700,0,False
061d2354-c66c-57ba-8eb4-ae26e7df24dc,1785287804027,sender -> receiver,0,True,1785287804730,703,0,False
557660f7-e50c-5014-8711-54fe4369cfd7,1785287805065,sender -> receiver,0,True,1785287805780,715,0,False
4c2ceb45-b279-5a6f-8986-f6a46930b889,1785287805067,sender -> receiver,0,True,1785287805799,732,0,False
1ebfc6e7-079e-56c4-9fc0-d1f68cf24a6b,1785287806005,sender -> receiver,0,True,1785287806733,728,0,False
59840ce2-132e-54b8-8de7-50b60a59ff19,1785287807032,sender -> receiver,0,True,1785287807785,753,0,False
2096cddc-4b18-5c7c-b97a-d431193fb945,1785287807037,sender -> receiver,0,True,1785287807812,775,0,False
46358ad1-191b-5d03-be97-f274ef671c92,1785287808007,sender -> receiver,0,True,1785287808724,717,0,False
56e1d4b9-ef09-5129-b061-052cdcd78c65,1785287808024,sender -> receiver,0,True,1785287808737,713,0,False
dbc1f6c0-ff87-5cef-83c5-aac500af8983,1785287809004,sender -> receiver,0,True,1785287809724,720,0,False
c27d3c6f-561d-500f-b805-289e80963894,1785287809020,sender -> receiver,0,True,1785287809739,719,0,False
469fcde8-9201-5dc2-9a64-92fc35fca434,1785287810005,sender -> receiver,0,True,1785287810746,741,0,False
96825537-faed-5458-83c2-a2d73beffe52,1785287810008,sender -> receiver,0,True,1785287810769,761,0,False
3a74e6b9-589f-5f5d-a1a1-4562d5fadae9,1785287811024,sender -> receiver,0,True,1785287811769,745,0,False
1b2b8bc9-2766-5475-887a-220a2fee4b10,1785287812020,sender -> receiver,0,True,1785287812730,710,0,False
216a54a4-0f34-5045-9cf6-3bebf3693315,1785287812023,sender -> receiver,0,True,1785287812799,776,0,False
a7676415-be8f-57be-bb0e-af7e2ed9b1f8,1785287813018,sender -> receiver,0,True,1785287813767,749,0,False
56e67bda-d4f4-5b3b-9358-01aff632bd94,1785287813021,sender -> receiver,0,True,1785287813784,763,0,False
0b765947-83b0-5147-a302-2da029eee3a1,1785287814021,sender -> receiver,0,True,1785287814734,713,0,False
99669a94-5c84-584c-9098-6106b492fcb4,1785287814025,sender -> receiver,0,True,1785287814750,725,0,False
7f3d7d28-3be3-5920-893f-be17870d4570,1785287815003,sender -> receiver,0,True,1785287815777,774,0,False
3e3bdfd3-15c5-5d2e-aedb-a512a5befdf1,1785287815019,sender -> receiver,0,True,1785287815788,769,0,False
07a5b3d1-a53e-5035-a1d0-690d887d7b7b,1785287816009,sender -> receiver,0,True,1785287816718,709,0,False
7ed433a3-4d43-516c-b53a-bb19339fbe16,1785287816030,sender -> receiver,0,True,1785287816735,705,0,False
948e1c30-9aca-5804-abd2-b0fe557d25df,1785287817007,sender -> receiver,0,True,1785287817713,706,0,False
655a015b-e2d4-57c3-8257-6711cfc538d9,1785287818007,sender -> receiver,0,True,1785287818748,741,0,False
898b625b-cbdc-540a-8374-764c982d5e3a,1785287818010,sender -> receiver,0,True,1785287818764,754,0,False
8cfdda0f-47f9-5576-858b-796387d3d9ed,1785287819006,sender -> receiver,0,True,1785287819734,728,0,False
b4c0a014-2d69-5430-ad82-675b5529a75c,1785287819023,sender -> receiver,0,True,1785287819747,724,0,False
2b4bc2ff-71ee-5415-ad30-5377951572a2,1785287820006,sender -> receiver,0,True,1785287820727,721,0,False
2e96f92c-8bef-5968-adbe-f56e24c9aa76,1785287820025,sender -> receiver,0,True,1785287820768,743,0,False
f1a0b2f2-0c0a-5211-8792-e88ffc2c1208,1785287821005,sender -> receiver,0,True,1785287821726,721,0,False
19fee7a9-1c9b-5bd9-9421-991f325333d6,1785287821007,sender -> receiver,0,True,1785287821751,744,0,False
0efa674d-e114-5efc-b68e-82aa76dad461,1785287822019,sender -> receiver,0,True,1785287822761,742,0,False
e2158139-84e8-5cb3-b064-9e270ca9f304,1785287864693,sender -> receiver,0,True,1785287865425,732,0,False
00d916b0-e41e-5c98-9938-4411a50c715b,1785287864699,sender -> receiver,0,True,1785287865436,737,0,False
b368d77a-c3e9-5875-9daa-ea3f7640d3cf,1785287865709,sender -> receiver,0,True,1785287866455,746,0,False
cb87a6db-bb99-589d-8fe9-b032cf6dc0e0,1785287865714,sender -> receiver,0,True,1785287866476,762,0,False
b6f709d9-746e-5f05-b0b7-ea7b9b6d891a,1785287866712,sender -> receiver,0,True,1785287867482,770,0,False
27283d7d-0d48-5329-9607-f267a61d189b,1785287866719,sender -> receiver,0,True,1785287867540,821,0,False
0f60faa5-a840-527a-bf56-ac213cd0f4c9,1785287867715,sender -> receiver,0,True,1785287868458,743,0,False
9cd6912b-00d9-5425-b876-1db82455449b,1785287867717,sender -> receiver,0,True,1785287868470,753,0,False
331ed52d-dfdf-55ef-8143-2006203b16a7,1785287868698,sender -> receiver,0,True,1785287869411,713,0,False
8ec571bc-851f-5f6e-b9ed-c054f0f21b1d,1785287868700,sender -> receiver,0,True,1785287869432,732,0,False
85d9e8f2-da13-53fc-b546-d7548d6a359a,1785287869705,sender -> receiver,0,True,1785287870476,771,0,False
e8fa1ee2-a1de-5f91-aba4-04e4787333d3,1785287869713,sender -> receiver,0,True,1785287870494,781,0,False
8e7d9e5a-70e2-5c61-b154-53d29cc05114,1785287870691,sender -> receiver,0,True,1785287871401,710,0,False
52c1f56f-d63c-5655-aac8-8df77a2ea784,1785287871688,sender -> receiver,0,True,1785287872415,727,0,False
b381e542-4082-5a17-be41-26c7770c8aba,1785287871690,sender -> receiver,0,True,1785287872437,747,0,False
ca6c4427-74e7-5910-bf3c-15c212158f90,1785287872711,sender -> receiver,0,True,1785287873430,719,0,False
b4850310-1d9c-5798-b8aa-2fedda2c29db,1785287872717,sender -> receiver,0,True,1785287873453,736,0,False
9b5f47eb-726d-5fd7-9a5a-453f16f19731,1785287873739,sender -> receiver,0,True,1785287874454,715,0,False
88b430cb-fdde-57a5-988b-c3289221a625,1785287873744,sender -> receiver,0,True,1785287874471,727,0,False
1210e1da-680e-541c-988e-629b89730e05,1785287874789,sender -> receiver,0,True,1785287875502,713,0,False
b8ed2161-da36-5a68-9060-c8957b9958d5,1785287874794,sender -> receiver,0,True,1785287875514,720,0,False
b33dffe0-d2e1-5567-bfcd-f10a56db12f3,1785287875702,sender -> receiver,0,True,1785287876436,734,0,False
007d456a-ca63-533f-808d-0beb9cf44626,1785287875709,sender -> receiver,0,True,1785287876448,739,0,False
0e432f0f-79a2-5772-a8c4-76aad6175dc4,1785287876697,sender -> receiver,0,True,1785287877424,727,0,False
e4a74a19-18e9-590e-a702-ef9c5488ebc6,1785287876699,sender -> receiver,0,True,1785287877444,745,0,False
3cda6945-e91b-5747-8b3d-c432ddeb2ead,1785287877701,sender -> receiver,0,True,1785287878457,756,0,False
aeed9245-2d45-52e4-9003-37cdd3f7b80c,1785287878724,sender -> receiver,0,True,1785287879453,729,0,False
25d94188-108b-522c-8922-a27bc53c8782,1785287878762,sender -> receiver,0,True,1785287879464,702,0,False
ba1c0e04-3e0d-5094-a111-284180442857,1785287879710,sender -> receiver,0,True,1785287880499,789,0,False
6ba07701-325c-54ea-a243-f21c3e88c5f0,1785287879714,sender -> receiver,0,True,1785287880512,798,0,False
5c46e889-6e00-5c82-9e18-26247674a487,1785287880694,sender -> receiver,0,True,1785287881422,728,0,False
f8081527-2b33-5afa-bf53-10b32a3a6aae,1785287880697,sender -> receiver,0,True,1785287881440,743,0,False
d6d387d0-49f0-55e5-8612-ba7bd3d447b4,1785287881699,sender -> receiver,0,True,1785287882421,722,0,False
3684add4-ec2a-5409-a162-ff41e6bd2188,1785287881702,sender -> receiver,0,True,1785287882431,729,0,False
6b340334-6963-53e5-8cc6-59b2e2516969,1785287882715,sender -> receiver,0,True,1785287883447,732,0,False
b3665635-d43f-51e4-b260-b5595290f481,1785287882720,sender -> receiver,0,True,1785287883518,798,0,False
11fb3042-5b2b-519c-9f89-adec5708aa88,1785287883707,sender -> receiver,0,True,1785287884454,747,0,False
6b517094-b37c-5cb4-bf6e-4c5324789f9f,1785287883711,sender -> receiver,0,True,1785287884513,802,0,False
f930d23b-9de2-5841-86e7-4ee1afc2e9f9,1785287884695,sender -> receiver,0,True,1785287885449,754,0,False
fc534aaa-f4aa-5d72-93a6-20554db80f29,1785287885707,sender -> receiver,0,True,1785287886426,719,0,False
45c22d1a-ac1a-55d0-a79b-2b6844dc5fc3,1785287885715,sender -> receiver,0,True,1785287886451,736,0,False
0267850b-d715-595d-aa57-2ee72509bd61,1785287886720,sender -> receiver,0,True,1785287887420,700,0,False
82a396ad-a7df-54a0-b80f-a96a949808c2,1785287886730,sender -> receiver,0,True,1785287887476,746,0,False
7c464723-4b79-550d-90ac-6a824e3c1b57,1785287887718,sender -> receiver,0,True,1785287888454,736,0,False
5b730f76-38e0-5d2b-92cc-af85a109b0b8,1785287887723,sender -> receiver,0,True,1785287888464,741,0,False
a69edd01-b3a0-5b3a-a070-1787d96fe0c5,1785287888701,sender -> receiver,0,True,1785287889433,732,0,False
c51116a2-d425-55fd-b996-e3050d276c12,1785287888704,sender -> receiver,0,True,1785287889452,748,0,False
6e72677a-325d-5afd-b188-6ce37c43c6f2,1785287889700,sender -> receiver,0,True,1785287890433,733,0,False
4556c0d5-26b0-5355-be32-cb367d8af416,1785287889703,sender -> receiver,0,True,1785287890454,751,0,False
6a0bd657-a4dc-5b0c-993a-9428d104cf36,1785287890692,sender -> receiver,0,True,1785287891423,731,0,False
8bd0b1f3-36e7-5740-ba64-886729a887ad,1785287891720,sender -> receiver,0,True,1785287892462,742,0,False
a8e15647-059b-533f-a644-53abc776ce9f,1785287891729,sender -> receiver,0,True,1785287892479,750,0,False
8e61dbcf-b99e-5f7b-a50b-d2b4b926772f,1785287892711,sender -> receiver,0,True,1785287893453,742,0,False
9ded02bf-8d72-57a3-ac1b-5d131517f867,1785287892716,sender -> receiver,0,True,1785287893464,748,0,False
590752ae-ca39-5388-bb45-b7f0f6eeb837,1785287893730,sender -> receiver,0,True,1785287894440,710,0,False
35d2c7a7-6a2b-5fcc-9a9e-89bfbd7db9f7,1785287893735,sender -> receiver,0,True,1785287894451,716,0,False
590d15c2-b22b-5014-869d-3577fee5ae92,1785287894747,sender -> receiver,0,True,1785287895420,673,0,False
8aacb7ce-5ee9-590d-a768-43d332018dd5,1785287894753,sender -> receiver,0,True,1785287895478,725,0,False
52b1cb26-613d-5821-bd2e-c6f45f5f18e7,1785287895700,sender -> receiver,0,True,1785287896457,757,0,False
87073735-e2a3-59ac-80dc-9f4a0f7359a5,1785287895703,sender -> receiver,0,True,1785287896475,772,0,False
2e32535d-0472-5618-b0a1-0916137895cd,1785287896721,sender -> receiver,0,True,1785287897440,719,0,False
8f26a393-3b3e-540c-a1a0-ffb07bd173a8,1785287896726,sender -> receiver,0,True,1785287897454,728,0,False
02aafb23-a07e-5999-9bb7-b851865c5a70,1785287897704,sender -> receiver,0,True,1785287898436,732,0,False
e5352a95-0e6f-5a41-82bb-530e72912a8c,1785287898718,sender -> receiver,0,True,1785287899430,712,0,False
dea40dfe-5e93-5df0-9aa7-4d9a34713a05,1785287898724,sender -> receiver,0,True,1785287899441,717,0,False
51c4dde7-08c1-5b24-b4f6-585900ea9e8f,1785287899730,sender -> receiver,0,True,1785287900425,695,0,False
7b038b38-2db9-54c2-9c72-531177c90def,1785287899735,sender -> receiver,0,True,1785287900500,765,0,False
b03892d0-383f-5c16-a65a-5c1f28792550,1785287900690,sender -> receiver,0,True,1785287901426,736,0,False
483bbbbd-ad39-5467-a70f-4329a5ca85de,1785287900693,sender -> receiver,0,True,1785287901436,743,0,False
59d529d4-3530-5fc1-a89f-df1577213bbe,1785287901700,sender -> receiver,0,True,1785287902402,702,0,False
3d374a47-ff88-5ca6-a98b-c14bc1891b6b,1785287901703,sender -> receiver,0,True,1785287902454,751,0,False
2c11741b-7926-5e32-a3e9-6344c8f2402b,1785287902700,sender -> receiver,0,True,1785287903431,731,0,False
1a8d5cff-a404-5653-8947-fadf59e92aa6,1785287902703,sender -> receiver,0,True,1785287903454,751,0,False
4a7bce5b-7503-5cb2-a0b6-454c4db53ca9,1785287903694,sender -> receiver,0,True,1785287904418,724,0,False
d60c9495-20c1-5780-952e-c71fc9131661,1785287903696,sender -> receiver,0,True,1785287904432,736,0,False
03ac9917-a686-5104-b449-86d41f297b16,1785287904713,sender -> receiver,0,True,1785287905411,698,0,False
dfe946cd-01d7-5b8b-b5d3-36b8b9f6e341,1785287905738,sender -> receiver,0,True,1785287906455,717,0,False
d4dc0557-6e59-56b2-9a22-42e0eec94817,1785287905744,sender -> receiver,0,True,1785287906479,735,0,False
f21e037b-066d-56a9-9557-49f007fd89c4,1785287906691,sender -> receiver,0,True,1785287907387,696,0,False
6f76d3f8-af48-5862-90f9-df2686fcbf08,1785287906694,sender -> receiver,0,True,1785287907401,707,0,False
a6cce26b-278c-5430-96da-5ce3860b4857,1785287907696,sender -> receiver,0,True,1785287908433,737,0,False
92bd8c8f-0ed4-594c-850f-75a89ea6fca7,1785287907700,sender -> receiver,0,True,1785287908443,743,0,False
7a2f1adc-bbc8-5890-b5e4-ca8fab072e81,1785287908699,sender -> receiver,0,True,1785287909492,793,0,False
f974a27e-25d6-55e2-84ee-14e767f4bfd9,1785287908703,sender -> receiver,0,True,1785287909507,804,0,False
a1db1396-1fe9-5ebb-a488-b2772e3e1aaa,1785287909697,sender -> receiver,0,True,1785287910410,713,0,False
da0d3e05-5103-50eb-9af9-c23db9c7f9d5,1785287909701,sender -> receiver,0,True,1785287910425,724,0,False
0c173646-8bb8-5d49-9fc1-651b10bf77c3,1785287910682,sender -> receiver,0,True,1785287911408,726,0,False
6403cd92-8e9a-5b69-bb2f-7b504a2d4ff7,1785287910693,sender -> receiver,0,True,1785287911421,728,0,False
651221cd-009a-5d1e-8678-8f0124a76180,1785287911686,sender -> receiver,0,True,1785287912433,747,0,False
12bc76fe-8b8e-5d96-9917-a7bd668b6923,1785287912707,sender -> receiver,0,True,1785287913417,710,0,False
cc686268-e501-5c51-925e-bf79f3c77c15,1785287912712,sender -> receiver,0,True,1785287913431,719,0,False
0303ee41-9ddf-5dc2-bcda-43528fe3d2c6,1785287913688,sender -> receiver,0,True,1785287914413,725,0,False
bd01ae50-e8da-579b-bf61-c50456b72588,1785287913690,sender -> receiver,0,True,1785287914432,742,0,False
0d3793c1-6e4b-5ea5-9a6e-765741b08cd8,1785287914703,sender -> receiver,0,True,1785287915407,704,0,False
658bc311-3922-5788-81fb-20c8e63f4a71,1785287914711,sender -> receiver,0,True,1785287915428,717,0,False
ce4cc5aa-25b9-5e5d-b1ba-1566bc6c9b6c,1785287915754,sender -> receiver,0,True,1785287916485,731,0,False
e12d7ac4-2d52-50ed-b92b-ff5ce58b0648,1785287915758,sender -> receiver,0,True,1785287916497,739,0,False
33ef3b87-7efb-541a-9b9e-2eee2985c981,1785287916715,sender -> receiver,0,True,1785287917424,709,0,False
954a99ea-6693-51db-a799-8938ebb847a5,1785287916718,sender -> receiver,0,True,1785287917440,722,0,False
9be9f862-0a3b-58a7-9ff3-b319c15519b9,1785287917697,sender -> receiver,0,True,1785287918418,721,0,False
aa09858b-a7c5-5f6a-99c8-94380a116dc4,1785287963500,sender -> receiver,0,True,1785287964287,787,0,False
16ea70ec-4d19-587a-8972-559fad1df272,1785287963504,sender -> receiver,0,True,1785287964301,797,0,False
560fd781-ca01-5eaa-8e33-dd2a07e8ef38,1785287964492,sender -> receiver,0,True,1785287965214,722,0,False
ef5f355d-cc40-5911-b5c1-372bab22695c,1785287964498,sender -> receiver,0,True,1785287965258,760,0,False
92ec2a38-a4c4-5fb9-ad96-94f6b25b1b3a,1785287965500,sender -> receiver,0,True,1785287966226,726,0,False
b75df8e1-f108-5cfe-ba78-1bf5e260a07c,1785287965547,sender -> receiver,0,True,1785287966243,696,0,False
3723acac-a0ce-5b98-b95d-79fff42fb47d,1785287966501,sender -> receiver,0,True,1785287967210,709,0,False
18414047-4513-5bb3-a259-673fc6f47b8a,1785287966506,sender -> receiver,0,True,1785287967235,729,0,False
6ff4831c-53a8-56c2-9946-f1df2498dbea,1785287967483,sender -> receiver,0,True,1785287968200,717,0,False
e138e5e0-389c-53c6-b2cc-7f75d5a93388,1785287967529,sender -> receiver,0,True,1785287968208,679,0,False
c3261f32-bfcc-587b-a88f-932b7189b082,1785287968492,sender -> receiver,0,True,1785287969229,737,0,False
7d336818-13e5-50df-bc58-34c8421308a2,1785287968495,sender -> receiver,0,True,1785287969250,755,0,False
7766a95a-e9c0-5834-90a9-989dfcc0d7ad,1785287969496,sender -> receiver,0,True,1785287970220,724,0,False
c6bc0c42-ee50-5fa4-bb85-940ea10d43ff,1785287969502,sender -> receiver,0,True,1785287970232,730,0,False
93f4894b-1a26-574f-8dd2-f4054d2347dd,1785287970465,sender -> receiver,0,True,1785287971209,744,0,False
19f7a7a0-f210-59f9-9f87-48738c51caff,1785287970471,sender -> receiver,0,True,1785287971232,761,0,False
f93d3922-ea39-54de-a2b7-6f1f298b8bf7,1785287971474,sender -> receiver,0,True,1785287972205,731,0,False
78c68811-7520-5500-9a10-d37f28d33127,1785287971478,sender -> receiver,0,True,1785287972227,749,0,False
22b73e7f-28eb-58b3-86db-aa04a996cfeb,1785287972474,sender -> receiver,0,True,1785287973197,723,0,False
bfa8569c-36b8-5432-ac68-48044f0ace6a,1785287972516,sender -> receiver,0,True,1785287973222,706,0,False
80440086-f267-56bc-90be-a0a135618945,1785287973492,sender -> receiver,0,True,1785287974210,718,0,False
98043d6c-ad3f-531c-99d2-951bd35c0d3a,1785287973532,sender -> receiver,0,True,1785287974224,692,0,False
d84d0314-ba71-5f6e-9b3d-c3833cf4cdd2,1785287974496,sender -> receiver,0,True,1785287975167,671,0,False
00b691e0-0e26-5d43-abb9-2cfdc2670813,1785287974499,sender -> receiver,0,True,1785287975216,717,0,False
dbf2f06a-e6a0-585e-a427-1200e7f217d9,1785287975493,sender -> receiver,0,True,1785287976201,708,0,False
0ec17768-0529-5955-acb9-ef0885daf505,1785287975500,sender -> receiver,0,True,1785287976214,714,0,False
70247f90-970b-551d-b39c-486b520c524b,1785287976479,sender -> receiver,0,True,1785287977201,722,0,False
d8fb77c4-424a-52b7-87c8-0933120b5b0d,1785287976523,sender -> receiver,0,True,1785287977230,707,0,False
716ccd33-d730-55f5-9d12-654be7f98b0d,1785287977504,sender -> receiver,0,True,1785287978190,686,0,False
270ff73d-db9a-568e-808d-fbf2e6868430,1785287977508,sender -> receiver,0,True,1785287978248,740,0,False
edd2fe04-8aeb-5f5d-aad7-934ab92de615,1785287978468,sender -> receiver,0,True,1785287979160,692,0,False
622ef190-0962-5e33-acc6-0accc2254573,1785287978500,sender -> receiver,0,True,1785287979173,673,0,False
18f98edf-6232-5f9e-9fe4-4f247f77dd84,1785287979479,sender -> receiver,0,True,1785287980207,728,0,False
cdb1bc52-08e6-5d2e-8c38-0379bdee034a,1785287979481,sender -> receiver,0,True,1785287980229,748,0,False
f8114dad-b1bf-59f1-8206-fbb5f3d43103,1785287980469,sender -> receiver,0,True,1785287981231,762,0,False
bddc33ce-80ad-5212-8547-a2836127e628,1785287980498,sender -> receiver,0,True,1785287981246,748,0,False
9b077aa2-a4fa-580e-bde9-216e64e059c4,1785287981491,sender -> receiver,0,True,1785287982173,682,0,False
57b0d765-a0f1-5b0f-81bf-8c189d95f09e,1785287981498,sender -> receiver,0,True,1785287982220,722,0,False
ab9a35eb-6c73-52d1-a953-db318a9102b6,1785287982469,sender -> receiver,0,True,1785287983186,717,0,False
77c90ac7-6676-59a9-87da-5a5bfad04dbf,1785287982476,sender -> receiver,0,True,1785287983207,731,0,False
b89cc62c-f361-57ca-8c60-556398fc829f,1785287983483,sender -> receiver,0,True,1785287984180,697,0,False
01f9c5c9-7cd0-5774-9839-039c58010eb4,1785287983485,sender -> receiver,0,True,1785287984215,730,0,False
9fb2a699-6a62-58c0-a8ca-2a65414bedb9,1785287984508,sender -> receiver,0,True,1785287985247,739,0,False
cc296848-bac3-5a1d-9790-bd6ad05b529c,1785287984513,sender -> receiver,0,True,1785287985257,744,0,False
f18a47a5-c1a4-552e-962e-8820fde4e1b6,1785287985469,sender -> receiver,0,True,1785287986196,727,0,False
71c50190-18b0-50f3-b507-dc16e7c95f5f,1785287985501,sender -> receiver,0,True,1785287986222,721,0,False
e2bb9210-270c-5069-bcc4-1f6fc6cd3032,1785287986466,sender -> receiver,0,True,1785287987190,724,0,False
9973f4a8-5463-549e-be73-5cb158da952f,1785287986494,sender -> receiver,0,True,1785287987209,715,0,False
7766a999-59d2-551c-9940-ada5549a39dc,1785287987508,sender -> receiver,0,True,1785287988217,709,0,False
38106598-df33-525f-a859-dea0474b5369,1785287987511,sender -> receiver,0,True,1785287988230,719,0,False
d54a6195-b964-5a93-8da0-76566b2b2868,1785287988464,sender -> receiver,0,True,1785287989224,760,0,False
eecf86b5-735c-5a6e-b60e-03095a2b3d1c,1785287988491,sender -> receiver,0,True,1785287989242,751,0,False
fe2bfb32-8ca3-586c-be5c-35d2c27553d8,1785287989487,sender -> receiver,0,True,1785287990215,728,0,False
a62de683-52c5-52fd-94d8-e76d26278fc8,1785287989538,sender -> receiver,0,True,1785287990238,700,0,False
64e37517-366c-5372-a5da-bff9bc632bf9,1785287990498,sender -> receiver,0,True,1785287991220,722,0,False
3b240be3-44c6-5840-9f89-e01d7f5bffed,1785287990501,sender -> receiver,0,True,1785287991233,732,0,False
aebbb642-df9d-565a-9d89-83f941e95d54,1785287991496,sender -> receiver,0,True,1785287992223,727,0,False
d33c400b-9be4-5431-b614-0f40b02af8aa,1785287991544,sender -> receiver,0,True,1785287992244,700,0,False
8f20f346-1389-519b-a432-8616d8e3aad0,1785287992527,sender -> receiver,0,True,1785287993204,677,0,False
8e6045d3-63b6-5147-b628-72b1bb50b219,1785287992533,sender -> receiver,0,True,1785287993257,724,0,False
4b2d608e-a8e4-5f99-ad65-2ce4ea7a4417,1785287993466,sender -> receiver,0,True,1785287994200,734,0,False
f1e8d1b1-5856-5b23-932d-fa9c385b58ea,1785287993489,sender -> receiver,0,True,1785287994227,738,0,False
25428f49-e90a-5683-9820-15d27d206480,1785287994468,sender -> receiver,0,True,1785287995190,722,0,False
332c9953-48aa-5c5c-acaf-610ef757f328,1785287994515,sender -> receiver,0,True,1785287995208,693,0,False
6c08fb6b-7079-506f-bbc0-394e32f0f529,1785287995497,sender -> receiver,0,True,1785287996224,727,0,False
aba80bbc-7095-5ad4-b1be-7329497cf8e8,1785287995500,sender -> receiver,0,True,1785287996240,740,0,False
ee59650c-4bf6-5e39-a21f-9bd87839d390,1785287996500,sender -> receiver,0,True,1785287997207,707,0,False
27d6cbf1-f10c-522a-8e87-158daeb2f72a,1785287996504,sender -> receiver,0,True,1785287997267,763,0,False
135b42a3-e913-5ada-8cab-b2fbf650438e,1785287997469,sender -> receiver,0,True,1785287998205,736,0,False
d3abbf76-f347-5524-9986-b2de94b7ef32,1785287997503,sender -> receiver,0,True,1785287998220,717,0,False
5ab45929-b6bd-5d90-94c0-b5397ee88455,1785287998468,sender -> receiver,0,True,1785287999209,741,0,False
2c7dd83c-8a73-5791-9c86-055b226c679c,1785287998497,sender -> receiver,0,True,1785287999220,723,0,False
553ab68b-6cd2-565f-a90c-83324245bab3,1785287999468,sender -> receiver,0,True,1785288000187,719,0,False
671f2c53-2e05-59b3-b6c0-46663d15c63f,1785287999499,sender -> receiver,0,True,1785288000201,702,0,False
871c14d6-6d7b-5697-b3f8-5bda99e6c154,1785288000466,sender -> receiver,0,True,1785288001203,737,0,False
cb76c44d-f5e0-5fd7-8c96-43f894c246da,1785288000493,sender -> receiver,0,True,1785288001218,725,0,False
728794e0-3d6e-54f4-af42-712c3219cb25,1785288001495,sender -> receiver,0,True,1785288002223,728,0,False
ce548f1b-6e80-5a42-bc0d-d75e17480b6c,1785288001500,sender -> receiver,0,True,1785288002255,755,0,False
d9899680-78da-58bc-8dfb-75263465e415,1785288002492,sender -> receiver,0,True,1785288003213,721,0,False
c589179e-a7d4-5942-b9a4-8a1d19160e53,1785288002495,sender -> receiver,0,True,1785288003228,733,0,False
cd4fc801-6a1d-52f5-89e8-bf61a7c9eae8,1785288003460,sender -> receiver,0,True,1785288004184,724,0,False
31dc3123-bbb7-5045-af93-665400078229,1785288003462,sender -> receiver,0,True,1785288004203,741,0,False
a6917af7-c424-5b63-abfe-444caea051ec,1785288004492,sender -> receiver,0,True,1785288005282,790,0,False
2a5eb2d1-1e4d-5c35-8a97-7e30b99b276a,1785288004496,sender -> receiver,0,True,1785288005306,810,0,False
52eff041-c75d-5903-83c0-2c66d87f3d9c,1785288005458,sender -> receiver,0,True,1785288006185,727,0,False
1c3d23e4-9676-5ae5-9a46-e2cfe810c4c0,1785288005484,sender -> receiver,0,True,1785288006204,720,0,False
cb9f430a-56f9-53f3-8555-97f43ef2b138,1785288006492,sender -> receiver,0,True,1785288007210,718,0,False
27579fae-9e5a-5477-9992-573be1442e0a,1785288006546,sender -> receiver,0,True,1785288007229,683,0,False
3021f749-7c32-5dad-a57e-3f54aa6b236c,1785288007477,sender -> receiver,0,True,1785288008206,729,0,False
c58f65a2-1d9e-54cd-97e1-ca93e9f8be3a,1785288007526,sender -> receiver,0,True,1785288008228,702,0,False
b1ffbff1-8552-5b65-964a-f40427f30f87,1785288008488,sender -> receiver,0,True,1785288009180,692,0,False
dc10e5e7-0a85-56bb-8b3a-103bdc708fbf,1785288008495,sender -> receiver,0,True,1785288009232,737,0,False
80b55175-1f05-59c6-b343-9d654b8d9c07,1785288009467,sender -> receiver,0,True,1785288010186,719,0,False
2e40bc4d-49e0-512f-bc81-b1245d0b102e,1785288009494,sender -> receiver,0,True,1785288010204,710,0,False
e8231b7a-f268-50dc-ac64-a2a6f340a94f,1785288010478,sender -> receiver,0,True,1785288011209,731,0,False
22b83818-75bb-5a22-b996-427cac094a96,1785288010481,sender -> receiver,0,True,1785288011226,745,0,False
944497fd-24ea-58a5-9470-38b4e1b175f1,1785288011471,sender -> receiver,0,True,1785288012212,741,0,False
57ea11c8-7b0e-55d4-9941-4a714899a150,1785288011500,sender -> receiver,0,True,1785288012238,738,0,False
55f0a261-a61a-55be-b5f6-4a587d72bfc2,1785288012462,sender -> receiver,0,True,1785288013203,741,0,False
b740b2eb-174a-5c7e-9dee-d622f2224f66,1785288012490,sender -> receiver,0,True,1785288013227,737,0,False
301b4c1b-ab66-5758-99a7-f7d90a9ead52,1785288053170,sender -> receiver,0,True,1785288053873,703,0,False
06ac644c-3908-5efd-84e5-559e63d2774e,1785288053200,sender -> receiver,0,True,1785288053916,716,0,False
b0f1a31f-7037-56c7-b02f-b290caf58537,1785288054147,sender -> receiver,0,True,1785288054854,707,0,False
896b8e92-b8ac-5251-8931-dae18c32df04,1785288054150,sender -> receiver,0,True,1785288054870,720,0,False
896067c2-1103-52bd-ab72-17d9d7df7529,1785288055152,sender -> receiver,0,True,1785288055890,738,0,False
e65f7897-7a5e-525e-9a59-b1ef65b10dfb,1785288055156,sender -> receiver,0,True,1785288055906,750,0,False
d4532b7e-dcc3-5d1f-beaa-de1e3ae40260,1785288056143,sender -> receiver,0,True,1785288056836,693,0,False
d6d633c9-471f-593e-aa43-6140da1a4463,1785288056145,sender -> receiver,0,True,1785288056856,711,0,False
ff5c5a0c-8465-5289-a463-b6c6ee3e77df,1785288057145,sender -> receiver,0,True,1785288057896,751,0,False
8927b4f3-dd9c-51a9-a025-20791254aacc,1785288058165,sender -> receiver,0,True,1785288058869,704,0,False
91307c45-cb21-5226-870a-5b6026e79329,1785288058170,sender -> receiver,0,True,1785288058880,710,0,False
23b99928-bc25-5d42-9442-d6c0554320ef,1785288059152,sender -> receiver,0,True,1785288059850,698,0,False
07ea6b54-696f-5b93-9a15-5569122b6c0b,1785288059157,sender -> receiver,0,True,1785288059893,736,0,False
b11186b0-f9c9-5413-9f58-d1f700c90913,1785288060145,sender -> receiver,0,True,1785288060851,706,0,False
3bb932e1-a6a2-59b7-8640-fe9de15d125a,1785288060152,sender -> receiver,0,True,1785288060878,726,0,False
6eea2a42-c9db-512e-8563-acf7b9145b33,1785288061145,sender -> receiver,0,True,1785288061886,741,0,False
b5d500f8-88e5-5712-bed1-df302fcd0032,1785288061148,sender -> receiver,0,True,1785288061909,761,0,False
8aa2fc74-9141-5a05-b8ec-bf91850c1ab3,1785288062137,sender -> receiver,0,True,1785288062868,731,0,False
d469ec84-ec02-5ba9-b338-c8f913f811c8,1785288063169,sender -> receiver,0,True,1785288063928,759,0,False
cf35fefd-3ce7-5b0b-a30d-c8e9e6e01781,1785288063179,sender -> receiver,0,True,1785288063940,761,0,False
5b55b44a-e275-5e5c-8ca0-4fc650419d53,1785288064141,sender -> receiver,0,True,1785288064863,722,0,False
e8f3306a-bef6-5fcd-a97d-b51065926c05,1785288064143,sender -> receiver,0,True,1785288064915,772,0,False
d4bf26ed-3fd3-5d2c-a466-3e67f13fe2a8,1785288065166,sender -> receiver,0,True,1785288065950,784,0,False
db079c11-2201-5c9e-b65d-7c86effc51e9,1785288065171,sender -> receiver,0,True,1785288065974,803,0,False
b929b6fd-2b9e-56a3-a5d4-4f5cae630862,1785288066146,sender -> receiver,0,True,1785288066886,740,0,False
2616aafc-7489-51f3-8cd0-cf1552c596cf,1785288067168,sender -> receiver,0,True,1785288067917,749,0,False
e118f19c-df68-510e-9c97-96b48ab0ff31,1785288067173,sender -> receiver,0,True,1785288067944,771,0,False
da6d4f37-dcc1-59aa-9bdd-4b4a31113110,1785288068144,sender -> receiver,0,True,1785288068915,771,0,False
1603d05d-541c-546b-9a72-d2510b50bff0,1785288068150,sender -> receiver,0,True,1785288068937,787,0,False
f78f640c-5bce-50f8-bc07-1d1eeed81c0d,1785288069147,sender -> receiver,0,True,1785288069837,690,0,False
18c58be0-19b3-5235-a00f-a3e45eadfd55,1785288069150,sender -> receiver,0,True,1785288069851,701,0,False
a36afbdc-527d-594b-acdc-072bc17b4b53,1785288070144,sender -> receiver,0,True,1785288070894,750,0,False
8d869e26-00c4-587c-b12c-fd9df59b8a76,1785288070147,sender -> receiver,0,True,1785288070914,767,0,False
4fab089f-273c-5b2a-8f51-b09e6de2e3f7,1785288071132,sender -> receiver,0,True,1785288071861,729,0,False
8b183c7f-c154-5364-8832-412a251a70bf,1785288072166,sender -> receiver,0,True,1785288072863,697,0,False
025169dd-c926-53c3-8e7d-1ac2b81eabcb,1785288072172,sender -> receiver,0,True,1785288072932,760,0,False
25fc9199-0fb3-54d8-90d8-b2c022f28e83,1785288073155,sender -> receiver,0,True,1785288073897,742,0,False
ffd1a02e-9767-52d7-bf20-6a245f709dc6,1785288073160,sender -> receiver,0,True,1785288073919,759,0,False
39c90a9e-53e6-5d9d-b924-f2aadc16f1d2,1785288074155,sender -> receiver,0,True,1785288074884,729,0,False
43719069-cc55-5f43-a0e4-f02a1b5c59be,1785288074157,sender -> receiver,0,True,1785288074896,739,0,False
39ac99d9-39c6-5c16-8347-782e79a6c139,1785288075147,sender -> receiver,0,True,1785288075881,734,0,False
721cac38-22f2-5579-82c5-66409d02366d,1785288075152,sender -> receiver,0,True,1785288075902,750,0,False
41441fe7-42ab-5601-a0ae-43452646f5f3,1785288076152,sender -> receiver,0,True,1785288076879,727,0,False
03fcfbb3-ac3e-5c8a-8545-b47ef49a56df,1785288077171,sender -> receiver,0,True,1785288077890,719,0,False
0d2c3e97-11dd-5265-97c5-529bf7e59b5c,1785288077177,sender -> receiver,0,True,1785288077907,730,0,False
38de9d68-7ddf-5b68-8547-2cae787caf56,1785288078176,sender -> receiver,0,True,1785288078943,767,0,False
da79c342-824e-59f1-8048-01ab3b20b8ba,1785288078181,sender -> receiver,0,True,1785288078975,794,0,False
ba9569d3-8537-5f09-8a7b-80bdc99820c0,1785288079173,sender -> receiver,0,True,1785288079884,711,0,False
cc6047cf-df8a-5b6a-8cbc-842597fef164,1785288079181,sender -> receiver,0,True,1785288079907,726,0,False
c55722d2-fbdd-5ea9-b2f7-64f7bee7251b,1785288080148,sender -> receiver,0,True,1785288080867,719,0,False
ef39ae39-f13e-5268-a2d0-3665547b1a4e,1785288081185,sender -> receiver,0,True,1785288081895,710,0,False
df0ce432-487d-5e04-a606-0bea5258798a,1785288081192,sender -> receiver,0,True,1785288081908,716,0,False
c1e2bf1c-9f2d-5fba-aeaa-0eadc86194ff,1785288082143,sender -> receiver,0,True,1785288082883,740,0,False
b298aab7-3a15-5dc5-813e-d06aa9508687,1785288082147,sender -> receiver,0,True,1785288082899,752,0,False
1c90ed2a-15c8-5716-a60c-2affe1698ecb,1785288083154,sender -> receiver,0,True,1785288083895,741,0,False
3b7f7d4e-b51e-5017-b811-b0fac110ddc2,1785288083162,sender -> receiver,0,True,1785288083923,761,0,False
b302b42c-05dc-53dd-af2a-7a803eaaf75c,1785288084142,sender -> receiver,0,True,1785288084879,737,0,False
5d72c5c3-12a5-5fae-9b24-e819758d1078,1785288084148,sender -> receiver,0,True,1785288084889,741,0,False
bdff0f0b-21fd-51e2-b8de-824e825da760,1785288085164,sender -> receiver,0,True,1785288085858,694,0,False
512e2ade-5889-5851-98ca-e1c95220ff32,1785288086158,sender -> receiver,0,True,1785288086866,708,0,False
9a62aec3-0415-5bc8-a5a9-f3bd06823772,1785288086164,sender -> receiver,0,True,1785288086903,739,0,False
13e59181-eeca-5696-ad27-2cb2b482748e,1785288087167,sender -> receiver,0,True,1785288087899,732,0,False
d4667fbd-06b9-5a0a-91c3-5000e6df668f,1785288087172,sender -> receiver,0,True,1785288087929,757,0,False
8468f10d-0180-588d-8f4a-fc9396ebd3d6,1785288088161,sender -> receiver,0,True,1785288088887,726,0,False
6f990a9a-eb97-5de4-9bbb-f1ebccdb9a96,1785288088168,sender -> receiver,0,True,1785288089018,850,0,False
7274f974-a160-5cd0-9c08-21611605733e,1785288089179,sender -> receiver,0,True,1785288089933,754,0,False
896ed6d6-c3c5-5d90-b729-156c4b41dfd4,1785288089185,sender -> receiver,0,True,1785288089950,765,0,False
706baa6d-a3eb-5ec5-b11d-0c0200d8962a,1785288090152,sender -> receiver,0,True,1785288090854,702,0,False
7e220600-2b1b-5cfa-95cd-14692d8db839,1785288091160,sender -> receiver,0,True,1785288091949,789,0,False
7e904439-98d1-52aa-8ff6-224dec738328,1785288091192,sender -> receiver,0,True,1785288091962,770,0,False
891fc570-2abb-544c-9c5d-fd39a2b832b1,1785288092147,sender -> receiver,0,True,1785288092902,755,0,False
c377e7e7-1060-514c-a142-2b064d237d0a,1785288092150,sender -> receiver,0,True,1785288092915,765,0,False
40b967c4-07d4-55c0-9890-b1183453b8f4,1785288093144,sender -> receiver,0,True,1785288093885,741,0,False
eb0ad1d8-b74f-5f76-b2e6-05e7eb7ee35b,1785288093147,sender -> receiver,0,True,1785288093900,753,0,False
4e009cb5-4805-5080-8c4e-ba05aa473723,1785288094136,sender -> receiver,0,True,1785288094931,795,0,False
0261340d-22d2-55ff-a286-cde4fb1d76c8,1785288095159,sender -> receiver,0,True,1785288095848,689,0,False
964a00a1-7694-54c6-8f40-70cda9b70a71,1785288095164,sender -> receiver,0,True,1785288095891,727,0,False
8d07804a-d621-56e5-93c8-6686ee1abf8d,1785288096146,sender -> receiver,0,True,1785288096848,702,0,False
7b697ed2-aa7d-5fc6-85ac-30e54babe84f,1785288096150,sender -> receiver,0,True,1785288096866,716,0,False
1bda19ac-4963-5139-950b-4e5dc9c1b08c,1785288097167,sender -> receiver,0,True,1785288097879,712,0,False
947b2bd1-1c0c-5572-8881-d61c35cddf7d,1785288097174,sender -> receiver,0,True,1785288097891,717,0,False
b812de62-7a2b-5ec4-9b82-b3270365b337,1785288098174,sender -> receiver,0,True,1785288098926,752,0,False
cedf447d-ef80-5e2d-ac4d-382c8782ad9e,1785288098181,sender -> receiver,0,True,1785288098939,758,0,False
54bd8d54-c559-5e56-b769-f88a7dbbc968,1785288099154,sender -> receiver,0,True,1785288099878,724,0,False
f848d649-1003-5f53-9a88-1da44a091283,1785288100169,sender -> receiver,0,True,1785288100905,736,0,False
23cc3729-171a-5e68-9164-fe26d3b5bcc8,1785288100176,sender -> receiver,0,True,1785288100930,754,0,False
c6c6f0bb-1e44-5909-b561-cff6b3224100,1785288101168,sender -> receiver,0,True,1785288101886,718,0,False
bf75e2e5-1d0a-5c88-9a8b-007d6610b89d,1785288101175,sender -> receiver,0,True,1785288101903,728,0,False
39a2827e-57bb-56c7-988f-1d2c1b3df674,1785288102146,sender -> receiver,0,True,1785288102883,737,0,False
e084991e-9162-5a5e-b219-7e00c9ae3455,1785288102150,sender -> receiver,0,True,1785288102909,759,0,False
7915e708-0c0e-521e-90fd-e1f920a801d8,1785288103165,sender -> receiver,0,True,1785288103896,731,0,False
7b61e334-ffef-5ebf-bbcc-3ce0c56d713e,1785288103171,sender -> receiver,0,True,1785288103912,741,0,False
606b21ad-6f17-5cc2-9a26-feb22305f4e5,1785288104135,sender -> receiver,0,True,1785288104874,739,0,False
756a2c12-11df-537b-a90e-2415a73b21f3,1785288105147,sender -> receiver,0,True,1785288105897,750,0,False
87bf9603-279f-5006-b44c-0d0a1d23e4d9,1785288105150,sender -> receiver,0,True,1785288105917,767,0,False
fa383a6f-9d8a-56c1-b4c5-c43f02a67ec3,1785288106144,sender -> receiver,0,True,1785288106892,748,0,False
ff56dfd3-6ca9-5576-87b9-456cf6f21af8,1785288106151,sender -> receiver,0,True,1785288106917,766,0,False
a83f3754-1ed6-5be7-9262-24414664419c,1785288107144,sender -> receiver,0,True,1785288107923,779,0,False
c34adf72-0231-5f48-8bb3-e8ca53772893,1785288107147,sender -> receiver,0,True,1785288107943,796,0,False
fa41e649-0d93-5397-93aa-e13561b0d355,1785288108133,sender -> receiver,0,True,1785288108871,738,0,False
