messageId,sentAt,path,relayHops,delivered,deliveredAt,latencyMs,recvRelayHops,carried
ecfdcde3-35dd-50e4-a75e-f22c2ca51280,1785335484872,sender -> receiver,0,True,1785335484648.0,-224.0,0.0,False
70e468cc-d17f-5e75-8c9a-8d34705099e9,1785335484874,sender -> receiver,0,True,1785335484654.0,-220.0,0.0,False
471421cc-fc55-58c1-9f62-2ecfd81ba718,1785335484876,sender -> receiver,0,True,1785335484702.0,-174.0,0.0,False
70dc88ae-1cc2-56ab-a499-5d0a0e784266,1785335484877,sender -> receiver,0,True,1785335484705.0,-172.0,0.0,False
800aa70e-c4a9-5522-9c9f-25a441c14729,1785335484878,sender -> receiver,0,True,1785335484709.0,-169.0,0.0,False
dbccc4c0-e92f-5034-a601-c188e5fbee81,1785335484880,sender -> receiver,0,True,1785335484713.0,-167.0,0.0,False
0d8f142a-35e0-5b28-b350-033a36138337,1785335484881,sender -> receiver,0,True,1785335484715.0,-166.0,0.0,False
8f20e94c-1bf6-586b-9c7c-842ae256d49a,1785335484882,sender -> receiver,0,True,1785335484718.0,-164.0,0.0,False
3eb8ce40-7e03-53f7-a1a8-ed73f25b97c1,1785335485857,sender -> receiver,0,True,1785335485671.0,-186.0,0.0,False
c29c541c-ce0a-5353-a572-46effbcfb02a,1785335485859,sender -> receiver,0,True,1785335485678.0,-181.0,0.0,False
dee3b1e0-80fe-52f3-a8b5-23782784b365,1785335485861,sender -> receiver,0,True,1785335485686.0,-175.0,0.0,False
bea1b812-deb0-5347-8139-0132c88037c8,1785335485863,sender -> receiver,0,True,1785335485689.0,-174.0,0.0,False
ca61283d-2c81-527b-bdc3-b619a8d370b5,1785335485865,sender -> receiver,0,True,1785335485709.0,-156.0,0.0,False
651f2323-02cf-5b7d-b855-9e797ea535dd,1785335485867,sender -> receiver,0,True,1785335485738.0,-129.0,0.0,False
045f3d74-338d-5b4e-a195-ea3492bdbb89,1785335485872,sender -> receiver,0,True,1785335485740.0,-132.0,0.0,False
d20c7c61-ef38-58c8-9adb-1e453eeab72a,1785335485889,sender -> receiver,0,True,1785335485743.0,-146.0,0.0,False
5578b677-ac52-5bdd-aacd-56a30ca4e56b,1785335486854,sender -> receiver,0,True,1785335486677.0,-177.0,0.0,False
9febd299-6ece-5286-b58b-cbb6aa0a72fb,1785335486857,sender -> receiver,0,True,1785335486682.0,-175.0,0.0,False
59ddb8c7-acfa-5616-9bdd-575008327228,1785335486858,sender -> receiver,0,True,1785335486691.0,-167.0,0.0,False
66ca1c72-65e0-59bc-983c-722b362fca72,1785335486859,sender -> receiver,0,True,1785335486695.0,-164.0,0.0,False
4a205093-d676-5832-8ffe-00d9ebffa5c7,1785335486861,sender -> receiver,0,True,1785335486698.0,-163.0,0.0,False
be7cb687-405c-56f5-84b8-b0bd0a6728e7,1785335486862,sender -> receiver,0,True,1785335486703.0,-159.0,0.0,False
0c4513e7-71f0-5d9c-a6c3-ecfb5cab1d90,1785335486863,sender -> receiver,0,True,1785335486707.0,-156.0,0.0,False
0ac5019d-bf9f-5773-bb52-6b3ce041e3e3,1785335486865,sender -> receiver,0,True,1785335486731.0,-134.0,0.0,False
02562738-17c3-5073-992b-292fcee194d1,1785335487838,sender -> receiver,0,True,1785335487664.0,-174.0,0.0,False
44cd4065-d48c-5bc3-ade7-708b0df6ac00,1785335487859,sender -> receiver,0,True,1785335487669.0,-190.0,0.0,False
5058622c-9230-5509-8ca5-3d71b813db9f,1785335487861,sender -> receiver,0,True,1785335487675.0,-186.0,0.0,False
3efcea4e-c796-5329-a4e2-ceafc717a4f3,1785335487863,sender -> receiver,0,True,1785335487680.0,-183.0,0.0,False
507263b0-3ce1-58aa-8f5d-b9ed0f5bd399,1785335487864,sender -> receiver,0,True,1785335487705.0,-159.0,0.0,False
fd652275-5aa5-5ccc-b250-19be5c3b9e9a,1785335487866,sender -> receiver,0,True,1785335487707.0,-159.0,0.0,False
d9f1716d-659a-5da6-83bc-df1e0e595594,1785335487867,sender -> receiver,0,True,1785335487709.0,-158.0,0.0,False
98b451f2-fcf7-507d-89fb-ca036e0bc78b,1785335488843,sender -> receiver,0,True,1785335488655.0,-188.0,0.0,False
0740efd2-09e4-5b60-b532-876bee17ccad,1785335488846,sender -> receiver,0,True,1785335488663.0,-183.0,0.0,False
d00078e9-611b-5bb6-a7ef-733d42b72c3c,1785335488850,sender -> receiver,0,True,1785335488666.0,-184.0,0.0,False
f38a686d-dd21-5659-9646-c039f9476615,1785335488859,sender -> receiver,0,True,1785335488670.0,-189.0,0.0,False
9e164730-087e-5f7a-992f-1dcc2b339a09,1785335488863,sender -> receiver,0,True,1785335488686.0,-177.0,0.0,False
088f6804-ff76-54fb-9f0b-a8316e774016,1785335488911,sender -> receiver,0,True,1785335488689.0,-222.0,0.0,False
89f2cd0f-0031-5ed4-aa99-ce6dffccec2b,1785335488915,sender -> receiver,0,True,1785335488710.0,-205.0,0.0,False
e86dad4d-0e01-53ba-840d-09f908ce7a7f,1785335488919,sender -> receiver,0,True,1785335488713.0,-206.0,0.0,False
e886218c-664f-5bc0-ac85-c191cb6a152f,1785335489884,sender -> receiver,0,True,1785335489632.0,-252.0,0.0,False
fb47ed43-3213-518a-ad1e-84ea0e50f60b,1785335489888,sender -> receiver,0,True,1785335489694.0,-194.0,0.0,False
9dbacc1b-4c87-56cb-a30b-703d3b0ab016,1785335489891,sender -> receiver,0,True,1785335489698.0,-193.0,0.0,False
c67b46a4-3b71-5f5a-8b87-63e985e38423,1785335489895,sender -> receiver,0,True,1785335489705.0,-190.0,0.0,False
95bbedfa-4b81-5e57-84e0-4cffca137391,1785335489918,sender -> receiver,0,True,1785335489707.0,-211.0,0.0,False
6d3d72c5-aa07-5b21-b14a-6628655a9914,1785335489920,sender -> receiver,0,True,1785335489711.0,-209.0,0.0,False
df5b42d0-4f24-575e-8ace-4a0e3fc69292,1785335489922,sender -> receiver,0,True,1785335489715.0,-207.0,0.0,False
360df83c-21ed-5531-ade8-88b9b3de8226,1785335489924,sender -> receiver,0,True,1785335489740.0,-184.0,0.0,False
5de99518-b68d-5ec2-820b-088036018c5d,1785335490873,sender -> receiver,0,True,1785335490622.0,-251.0,0.0,False
afd75ba8-f9d6-540d-9111-2cacc07bfdc2,1785335490876,sender -> receiver,0,True,1785335490674.0,-202.0,0.0,False
759ffef0-784b-5fd0-b22e-6ff27c8b9181,1785335490880,sender -> receiver,0,True,1785335490680.0,-200.0,0.0,False
958c423a-1d93-5740-9ca8-748b2bd8074a,1785335490882,sender -> receiver,0,True,1785335490687.0,-195.0,0.0,False
73b5c8ea-3265-522a-b11c-35d6a0faca47,1785335490886,sender -> receiver,0,True,1785335490709.0,-177.0,0.0,False
ff04421e-bc0a-52f3-9e58-80ccbbbfd087,1785335490888,sender -> receiver,0,True,1785335490714.0,-174.0,0.0,False
3b9fd6e5-d8da-5042-b698-eade8b7bd45a,1785335490914,sender -> receiver,0,True,1785335490716.0,-198.0,0.0,False
aa9833d9-d8c8-5005-b4fe-a32fd189a88f,1785335491849,sender -> receiver,0,True,1785335491656.0,-193.0,0.0,False
a1e143ee-1661-5e9e-9318-edad0d0866e1,1785335491851,sender -> receiver,0,True,1785335491664.0,-187.0,0.0,False
5ebbd93c-98a8-5539-b332-94f6194c5d52,1785335491870,sender -> receiver,0,True,1785335491670.0,-200.0,0.0,False
685ca035-d79a-5359-9116-fa56a8341abc,1785335491871,sender -> receiver,0,True,1785335491674.0,-197.0,0.0,False
49659e21-e1da-58f9-8dcf-bf9b456b1920,1785335491876,sender -> receiver,0,True,1785335491679.0,-197.0,0.0,False
2be68fc7-82a0-5811-9d83-aed2d20e7ae8,1785335491877,sender -> receiver,0,True,1785335491718.0,-159.0,0.0,False
d2b0891c-b9ee-5d7c-95f1-a81d9dd229bd,1785335491878,sender -> receiver,0,True,1785335491721.0,-157.0,0.0,False
eb96fc45-3f5e-5b9c-ad96-799600102623,1785335491880,sender -> receiver,0,True,1785335491724.0,-156.0,0.0,False
18bd09cf-6508-5f21-92ed-0a445d234764,1785335492872,sender -> receiver,0,True,1785335492660.0,-212.0,0.0,False
7ad9966e-d927-54ed-8b54-2291a46b075f,1785335492873,sender -> receiver,0,True,1785335492667.0,-206.0,0.0,False
64f1134c-71a5-58cc-82a0-dc69f766f63d,1785335492873,sender -> receiver,0,True,1785335492681.0,-192.0,0.0,False
c24207dd-2469-5ebf-afb3-10634c54d951,1785335492874,sender -> receiver,0,True,1785335492687.0,-187.0,0.0,False
e05c746f-f174-5b45-80b3-a82db5ecdc35,1785335492877,sender -> receiver,0,True,1785335492694.0,-183.0,0.0,False
59a05b4d-9f0b-5c07-ba07-fcb06865cef8,1785335492880,sender -> receiver,0,True,1785335492700.0,-180.0,0.0,False
f446d6bf-4fb7-5d6e-a07a-601222e2f768,1785335492881,sender -> receiver,0,True,1785335492723.0,-158.0,0.0,False
7bfb8b6c-a2cf-5b51-8c7c-eec7dad96cd5,1785335492895,sender -> receiver,0,True,1785335492729.0,-166.0,0.0,False
bd24d80e-55e5-5d66-9f89-e236468a3fdf,1785335493857,sender -> receiver,0,True,1785335493637.0,-220.0,0.0,False
8067ba05-7ea6-5eba-ad8b-6c0d120eaf02,1785335493884,sender -> receiver,0,True,1785335493644.0,-240.0,0.0,False
9966dd41-5561-5023-a671-4eaa9dac8e61,1785335493887,sender -> receiver,0,True,1785335493681.0,-206.0,0.0,False
1f59319b-a03a-5924-b0d4-d2044864d89f,1785335493889,sender -> receiver,0,True,1785335493685.0,-204.0,0.0,False
5e8ffec0-ca67-5b03-a003-1697260d5698,1785335493891,sender -> receiver,0,True,1785335493689.0,-202.0,0.0,False
4876c278-0c08-5eca-a6c7-5f0d3b4b8f9a,1785335493893,sender -> receiver,0,True,1785335493693.0,-200.0,0.0,False
874c1a64-6dc8-5e8b-8e0e-b663e0a537fc,1785335493895,sender -> receiver,0,True,1785335493727.0,-168.0,0.0,False
27acace6-c832-5f29-8dd8-bb0b88f0348a,1785335494852,sender -> receiver,0,True,1785335494626.0,-226.0,0.0,False
1d88990b-2bd3-5aff-a05e-2af99a86bac1,1785335494854,sender -> receiver,0,True,1785335494634.0,-220.0,0.0,False
ddd71960-44ae-5e1b-905e-6bbbd2a63939,1785335494856,sender -> receiver,0,True,1785335494656.0,-200.0,0.0,False
170225f0-4350-58af-a659-f4fbd74b6219,1785335494857,sender -> receiver,0,True,1785335494662.0,-195.0,0.0,False
6d657147-2607-5adb-8326-7c4d5ab3e9fe,1785335494878,sender -> receiver,0,True,1785335494666.0,-212.0,0.0,False
2cee3f14-0271-51cf-86b6-47b876a04669,1785335494881,sender -> receiver,0,True,1785335494682.0,-199.0,0.0,False
45955505-c9a8-502c-8376-9c7877da430b,1785335494884,sender -> receiver,0,True,1785335494684.0,-200.0,0.0,False
4e9ee0aa-4e92-5a8d-83df-2f9b9bc5a082,1785335494886,sender -> receiver,0,True,1785335494687.0,-199.0,0.0,False
0c0dda96-91c6-5cb1-bf52-87b10d2c3c75,1785335495842,sender -> receiver,0,True,1785335495622.0,-220.0,0.0,False
1f157e15-0f54-5b97-afd0-e4bcfdb298bb,1785335495847,sender -> receiver,0,True,1785335495629.0,-218.0,0.0,False
ebc00be6-5732-5162-8012-6262193fc363,1785335495852,sender -> receiver,0,True,1785335495642.0,-210.0,0.0,False
16d2d0f0-9cc7-535f-a415-9fc8cd75984e,1785335495857,sender -> receiver,0,True,1785335495648.0,-209.0,0.0,False
797a11c9-c5da-583c-9294-6c9f494336ad,1785335495899,sender -> receiver,0,True,1785335495654.0,-245.0,0.0,False
c34945f8-378b-5fbf-a096-f9ad1b7c584f,1785335495904,sender -> receiver,0,True,1785335495721.0,-183.0,0.0,False
b8c687d4-d8f5-5cad-80ab-6d3ff36c7abd,1785335495906,sender -> receiver,0,True,1785335495725.0,-181.0,0.0,False
0ecdba46-c919-52be-83be-13c4843fe246,1785335495909,sender -> receiver,0,True,1785335495729.0,-180.0,0.0,False
7c2f8824-7646-534c-8d8b-58cb046ee797,1785335496865,sender -> receiver,0,True,1785335496665.0,-200.0,0.0,False
1cbd3a6b-e09c-5074-83c8-658ef005a494,1785335496869,sender -> receiver,0,True,1785335496668.0,-201.0,0.0,False
3656bcf2-1fe7-5b6e-8928-62ebf4653731,1785335496872,sender -> receiver,0,True,1785335496670.0,-202.0,0.0,False
354505a2-70e1-5858-9fec-7038fcf0461d,1785335496874,sender -> receiver,0,True,1785335496674.0,-200.0,0.0,False
41c90362-8d71-5ace-b2c8-8908bda962af,1785335496878,sender -> receiver,0,True,1785335496676.0,-202.0,0.0,False
715e2cb7-bb59-5114-9963-203025001823,1785335496880,sender -> receiver,0,True,1785335496709.0,-171.0,0.0,False
17ec5e59-4320-5c52-886a-0cb7ea7ef269,1785335496882,sender -> receiver,0,True,1785335496712.0,-170.0,0.0,False
c06e7915-d6d8-53b2-a08f-467abf767fb0,1785335538068,sender -> receiver,0,True,1785335537884.0,-184.0,0.0,False
07fa014f-2ea4-5cea-8269-a2dd4a45006c,1785335538072,sender -> receiver,0,True,1785335537888.0,-184.0,0.0,False
8062ad6e-b231-570f-9d7e-e8c9e0a797e0,1785335538099,sender -> receiver,0,True,1785335537892.0,-207.0,0.0,False
9ffafbe6-a514-5d48-9e0c-c56758c4fee0,1785335538102,sender -> receiver,0,True,1785335537895.0,-207.0,0.0,False
50dbf97c-1434-54d0-90f9-e8d52a4bc282,1785335539097,sender -> receiver,0,True,1785335538860.0,-237.0,0.0,False
5eaffbd2-c974-52a1-b453-00e397f5080f,1785335539102,sender -> receiver,0,True,1785335538907.0,-195.0,0.0,False
e61f052f-70f4-5089-a426-ff083ededfa0,1785335539106,sender -> receiver,0,True,1785335538915.0,-191.0,0.0,False
3d28d0dd-94f8-5301-ba7e-e56f85e68968,1785335539109,sender -> receiver,0,True,1785335538919.0,-190.0,0.0,False
413306fc-efb4-5a04-886b-1fb60f46913a,1785335540074,sender -> receiver,0,True,1785335539852.0,-222.0,0.0,False
71b2935a-93bc-513a-9eeb-31d5603f7407,1785335540077,sender -> receiver,0,True,1785335539861.0,-216.0,0.0,False
4ed8cb9d-98fe-5b0a-b6d2-797031bf3860,1785335540080,sender -> receiver,0,True,1785335539884.0,-196.0,0.0,False
bcdfaaa5-699e-592d-8203-44dc835d2557,1785335540119,sender -> receiver,0,True,1785335539898.0,-221.0,0.0,False
8e34ed24-1ce6-5992-a2bf-980ca745eb00,1785335541068,sender -> receiver,0,True,1785335540864.0,-204.0,0.0,False
1e6b0dd4-3af9-51af-b6dd-481617f15046,1785335541071,sender -> receiver,0,True,1785335540868.0,-203.0,0.0,False
280f0073-110b-5a38-b5b6-3a87da6019e8,1785335541074,sender -> receiver,0,True,1785335540872.0,-202.0,0.0,False
9fa30f35-c1ed-5b4d-88f9-034ef9218331,1785335541077,sender -> receiver,0,True,1785335540875.0,-202.0,0.0,False
d32edc57-72a5-575f-9dbe-99ba10051105,1785335542059,sender -> receiver,0,True,1785335541876.0,-183.0,0.0,False
8a8bef26-22bb-5778-aec0-f5f9bfff4275,1785335542061,sender -> receiver,0,True,1785335541883.0,-178.0,0.0,False
8776ccd5-4955-5f51-af11-f6663b2cda19,1785335542063,sender -> receiver,0,True,1785335541906.0,-157.0,0.0,False
6747dbad-6830-5348-b493-add3e5296e23,1785335542064,sender -> receiver,0,True,1785335541910.0,-154.0,0.0,False
913e297e-7e5a-5f53-8843-4dd8fe666c47,1785335543062,sender -> receiver,0,True,1785335542866.0,-196.0,0.0,False
adf304da-add3-5a3f-b96d-52503e7d218e,1785335543087,sender -> receiver,0,True,1785335542873.0,-214.0,0.0,False
7a92b3c9-8527-578d-87d4-975a2ba6ac75,1785335543090,sender -> receiver,0,True,1785335542877.0,-213.0,0.0,False
adb61af5-a4db-552c-b409-d342511dda38,1785335543093,sender -> receiver,0,True,1785335542887.0,-206.0,0.0,False
370ddb45-f31a-5259-8b8f-517d86db570c,1785335544094,sender -> receiver,0,True,1785335543902.0,-192.0,0.0,False
e5d60e2a-ddf9-5dca-a62b-556fadcf1c3d,1785335544099,sender -> receiver,0,True,1785335543911.0,-188.0,0.0,False
b449cca7-ab3e-5f81-913f-affc3021bc97,1785335544101,sender -> receiver,0,True,1785335543917.0,-184.0,0.0,False
8b8b14e3-a74e-56dd-a179-8fc79915188f,1785335544105,sender -> receiver,0,True,1785335543940.0,-165.0,0.0,False
ab0a50a4-38b7-583c-a5b9-cfba1d2e632b,1785335545058,sender -> receiver,0,True,1785335544846.0,-212.0,0.0,False
c0966b3e-0977-51a6-bf3d-0254c4b2697d,1785335545061,sender -> receiver,0,True,1785335544877.0,-184.0,0.0,False
1eb59da7-ee59-54cb-8e5c-c6f0e492f2d2,1785335545062,sender -> receiver,0,True,1785335544881.0,-181.0,0.0,False
b43db3a3-80de-5979-be7a-b823a64ac945,1785335545076,sender -> receiver,0,True,1785335544890.0,-186.0,0.0,False
77980b21-a57d-55aa-9813-70cc84e62ee5,1785335546058,sender -> receiver,0,True,1785335545837.0,-221.0,0.0,False
ae625df1-f744-5862-b28a-9b0f4cdb015a,1785335546060,sender -> receiver,0,True,1785335545846.0,-214.0,0.0,False
a7a55662-a5c5-5631-8ca3-720df9d6be3c,1785335546062,sender -> receiver,0,True,1785335545852.0,-210.0,0.0,False
fa7bd320-8413-5dcb-a706-0a09a7e76079,1785335546064,sender -> receiver,0,True,1785335545879.0,-185.0,0.0,False
0dd9e0f8-bb74-5a66-a418-bb6ad4f4bf64,1785335547082,sender -> receiver,0,True,1785335546876.0,-206.0,0.0,False
72e39245-f039-58ac-a87b-63cc9a9c055d,1785335547084,sender -> receiver,0,True,1785335546878.0,-206.0,0.0,False
c860b771-defe-512a-bd3c-bf0e6a249d77,1785335547087,sender -> receiver,0,True,1785335546881.0,-206.0,0.0,False
9ecc7deb-9e7a-50a8-99c7-de613da9b4b5,1785335547090,sender -> receiver,0,True,1785335546889.0,-201.0,0.0,False
d90706ae-b949-5cb9-b6a8-a1753abf195e,1785335548066,sender -> receiver,0,True,1785335547862.0,-204.0,0.0,False
00b43181-48b9-573d-9902-ea3a25245257,1785335548068,sender -> receiver,0,True,1785335547869.0,-199.0,0.0,False
2e680c57-9784-56fd-97ac-0605195bb854,1785335548069,sender -> receiver,0,True,1785335547874.0,-195.0,0.0,False
b7cb8843-4657-5e38-9c91-a439553104b8,1785335548071,sender -> receiver,0,True,1785335547904.0,-167.0,0.0,False
dad9d6a0-a1ff-5c17-bc82-9c6afc455c97,1785335549069,sender -> receiver,0,True,1785335548851.0,-218.0,0.0,False
4cc9d493-b068-58be-820f-71ce1d0e3852,1785335549072,sender -> receiver,0,True,1785335548860.0,-212.0,0.0,False
9ae4ab45-47e2-54ab-b876-58e8c30fdd98,1785335549074,sender -> receiver,0,True,1785335548868.0,-206.0,0.0,False
eeae8dcd-bf0f-501d-b9eb-908cbe1a7c1f,1785335549077,sender -> receiver,0,True,1785335548872.0,-205.0,0.0,False
c81c1199-b5f8-56de-a035-50b680d99b3d,1785335550074,sender -> receiver,0,True,1785335549851.0,-223.0,0.0,False
327da93d-62e2-5d4c-80c8-1e8f96ab2075,1785335550078,sender -> receiver,0,True,1785335549856.0,-222.0,0.0,False
d0dc7ed8-2ce4-5b34-bcdd-e655e12c3f22,1785335550080,sender -> receiver,0,True,1785335549861.0,-219.0,0.0,False
128371be-b6e0-5185-a08d-8b805bfa837f,1785335550083,sender -> receiver,0,True,1785335549866.0,-217.0,0.0,False
98964830-626c-5cb4-b6b2-ca8f8cf9c236,1785335551081,sender -> receiver,0,True,1785335550881.0,-200.0,0.0,False
9cfc3e75-7e2a-5e7c-bbd4-4f7ce1d33ba8,1785335551084,sender -> receiver,0,True,1785335550885.0,-199.0,0.0,False
ca992288-1652-5c96-900e-83cdf81fb512,1785335551087,sender -> receiver,0,True,1785335550895.0,-192.0,0.0,False
952f3204-a6f3-5da2-ad1a-9553f7eee820,1785335551090,sender -> receiver,0,True,1785335550899.0,-191.0,0.0,False
c35f0a4a-f960-51f2-a132-74036e964965,1785335552094,sender -> receiver,0,True,1785335551970.0,-124.0,0.0,False
5c9ad33d-758e-5ea2-8222-ab4da5563de1,1785335552097,sender -> receiver,0,True,1785335551975.0,-122.0,0.0,False
499142c4-272b-5d6f-821b-13915e0d405c,1785335552100,sender -> receiver,0,True,1785335551979.0,-121.0,0.0,False
f750b529-12ab-5194-9f15-9093e637d7bc,1785335552103,sender -> receiver,0,True,1785335551984.0,-119.0,0.0,False
f97727ef-90e9-5f5c-8a41-d1f2da6ddaf2,1785335553078,sender -> receiver,0,True,1785335552856.0,-222.0,0.0,False
7820dfd4-7213-5730-b4d4-08e3ba48306f,1785335553080,sender -> receiver,0,True,1785335552863.0,-217.0,0.0,False
747c0d08-d440-56b7-9cb1-eea8e5a70288,1785335553083,sender -> receiver,0,True,1785335552883.0,-200.0,0.0,False
51643561-253b-5db2-a2ec-87fbded89000,1785335553087,sender -> receiver,0,True,1785335552887.0,-200.0,0.0,False
d22a5942-e1ec-50f7-b3fc-1b0df81e894e,1785335554071,sender -> receiver,0,True,1785335553846.0,-225.0,0.0,False
e1d67ad8-16fe-5afc-9493-e7666cd66c27,1785335554073,sender -> receiver,0,True,1785335553852.0,-221.0,0.0,False
cf240e35-0522-5f09-8cc6-41e12853bd26,1785335554075,sender -> receiver,0,True,1785335553856.0,-219.0,0.0,False
e0370365-e5b4-5138-b9e3-1ea8b584f6ad,1785335554076,sender -> receiver,0,True,1785335553863.0,-213.0,0.0,False
61947f08-920d-5fb9-a229-8c67f8264933,1785335555057,sender -> receiver,0,True,1785335554838.0,-219.0,0.0,False
564b3f0c-a0d6-5b01-a0a5-d240a385334d,1785335555060,sender -> receiver,0,True,1785335554849.0,-211.0,0.0,False
b91e67a6-1da6-5cf5-a26c-409e7b7d9a9f,1785335555063,sender -> receiver,0,True,1785335554854.0,-209.0,0.0,False
c542d8d0-b155-510a-9fdf-d46bd409366c,1785335555088,sender -> receiver,0,True,1785335554857.0,-231.0,0.0,False
6704f557-c84a-57b2-86da-79d7468c956f,1785335556067,sender -> receiver,0,True,1785335555891.0,-176.0,0.0,False
d036ae53-49b1-52b3-9ac1-f2fc98c6d12b,1785335556077,sender -> receiver,0,True,1785335555896.0,-181.0,0.0,False
868f2593-3ca1-5abb-8c23-48f9a65033d0,1785335556083,sender -> receiver,0,True,1785335555900.0,-183.0,0.0,False
75f09536-8949-56d8-b5f2-75b7987bc1b2,1785335556109,sender -> receiver,0,True,1785335555904.0,-205.0,0.0,False
e1678775-c934-552a-8cb4-47d5ae03c97d,1785335557091,sender -> receiver,0,True,1785335556862.0,-229.0,0.0,False
68f9ce07-fc03-5044-b41d-9371659991cc,1785335557095,sender -> receiver,0,True,1785335556867.0,-228.0,0.0,False
a8442ac2-d6f3-53d6-80e8-e3bc5c8301d3,1785335557098,sender -> receiver,0,True,1785335556870.0,-228.0,0.0,False
a4a769e0-91e1-52f5-94c0-5f86b073f0e7,1785335557102,sender -> receiver,0,True,1785335556888.0,-214.0,0.0,False
6270babb-18d1-5114-949a-7de35a500a3e,1785335558068,sender -> receiver,0,True,1785335557851.0,-217.0,0.0,False
ea99c2d2-3553-567b-a941-05ed55c023c1,1785335558092,sender -> receiver,0,True,1785335557918.0,-174.0,0.0,False
b7df14dd-ba6a-5643-9c64-69dd7ad8778e,1785335558096,sender -> receiver,0,True,1785335557923.0,-173.0,0.0,False
6d44be04-fd6b-57e8-bcb9-2cac7490d8cc,1785335558099,sender -> receiver,0,True,1785335557927.0,-172.0,0.0,False
ff893d5f-3c25-57f1-b87e-9ff9007fff36,1785335559061,sender -> receiver,0,True,1785335558850.0,-211.0,0.0,False
a7572101-feec-55e2-a143-64cbe160639e,1785335559066,sender -> receiver,0,True,1785335558852.0,-214.0,0.0,False
13ce773c-17f1-598e-b8eb-612c99f1bb12,1785335559067,sender -> receiver,0,True,1785335558854.0,-213.0,0.0,False
b21c140c-315f-551e-bc7a-7feb2e06036f,1785335559083,sender -> receiver,0,True,1785335558856.0,-227.0,0.0,False
a67e800f-1b7b-5e67-9d53-2e3d20397cee,1785335560089,sender -> receiver,0,True,1785335559891.0,-198.0,0.0,False
99e6c3bd-74f6-5f88-96b2-72c7fb74127b,1785335560092,sender -> receiver,0,True,1785335559895.0,-197.0,0.0,False
311d6f6d-9842-5a19-bfcd-a672bd509814,1785335560097,sender -> receiver,0,True,1785335559900.0,-197.0,0.0,False
40952b32-ac4d-5bb1-904d-c1624b4f3a23,1785335560121,sender -> receiver,0,True,1785335559906.0,-215.0,0.0,False
0dbb8bcd-b9c7-5103-ad66-96050a012186,1785335561060,sender -> receiver,0,True,1785335560866.0,-194.0,0.0,False
de0cb179-594e-50cb-b845-b8c6a29c36bf,1785335561087,sender -> receiver,0,True,1785335560874.0,-213.0,0.0,False
7d95fff2-735a-5cfb-aec2-50cdae6c6003,1785335561091,sender -> receiver,0,True,1785335560901.0,-190.0,0.0,False
5d3f7db7-8622-5a1b-8c8f-60c7fd4dc37b,1785335561094,sender -> receiver,0,True,1785335560904.0,-190.0,0.0,False
27723775-da6d-5a5c-a5a0-350a6caeaf05,1785335562074,sender -> receiver,0,True,1785335561855.0,-219.0,0.0,False
5de0a627-1f37-5c39-af53-ca19446b6d37,1785335562116,sender -> receiver,0,True,1785335561900.0,-216.0,0.0,False
63503ea7-ee2c-5301-a280-166b65dafeb6,1785335562118,sender -> receiver,0,True,1785335561904.0,-214.0,0.0,False
a4460291-f0b5-5dd5-a2c5-0650e242342f,1785335562121,sender -> receiver,0,True,1785335561908.0,-213.0,0.0,False
55a828c5-5828-5a5f-b7f6-e397e75319c9,1785335614760,sender -> receiver,0,True,1785335614608.0,-152.0,0.0,False
4db9e593-c140-5ec9-a03d-57be3480faad,1785335614762,sender -> receiver,0,True,1785335614610.0,-152.0,0.0,False
a0d0a13b-7793-5ae2-ae93-5763d0e4412c,1785335614764,sender -> receiver,0,True,1785335614613.0,-151.0,0.0,False
88179032-fa7d-5178-8758-458cb7967669,1785335614767,sender -> receiver,0,True,1785335614615.0,-152.0,0.0,False
31759de7-84f3-5984-a7d4-8bc11cfcf0d2,1785335614769,sender -> receiver,0,True,1785335614617.0,-152.0,0.0,False
7adcba3a-6624-5bf9-a926-767666ab1124,1785335614772,sender -> receiver,0,True,1785335614631.0,-141.0,0.0,False
1d9268f2-a4a8-502f-83bd-79d86de00944,1785335614773,sender -> receiver,0,True,1785335614634.0,-139.0,0.0,False
72c5a0f9-bd82-5f17-b27f-757e330ea4e0,1785335614785,sender -> receiver,0,True,1785335614636.0,-149.0,0.0,False
85ee5241-03c6-5d85-b73f-fa98ee82faa2,1785335615762,sender -> receiver,0,True,1785335615546.0,-216.0,0.0,False
7839db6f-1f07-597b-a757-aaae9ac48e84,1785335615765,sender -> receiver,0,True,1785335615562.0,-203.0,0.0,False
f8fa9bde-f7ad-5d9c-8023-b9115bb22984,1785335615768,sender -> receiver,0,True,1785335615564.0,-204.0,0.0,False
40a8b5e6-f779-515f-8da2-d366c5637711,1785335615771,sender -> receiver,0,True,1785335615567.0,-204.0,0.0,False
1c4f1320-cd37-5eb5-b533-7ad278e10d29,1785335615796,sender -> receiver,0,True,1785335615570.0,-226.0,0.0,False
5c503f11-91d3-5715-9ce4-692eedfc08ac,1785335615799,sender -> receiver,0,True,1785335615609.0,-190.0,0.0,False
74beee33-f0aa-54ef-b4a7-8c9754e4cef6,1785335615802,sender -> receiver,0,True,1785335615613.0,-189.0,0.0,False
421dc935-6120-5624-abca-16929b8f3e08,1785335616761,sender -> receiver,0,True,1785335616561.0,-200.0,0.0,False
3e417d53-571b-5d4d-9eea-aa64ddd1b9f1,1785335616763,sender -> receiver,0,True,1785335616566.0,-197.0,0.0,False
7e9c340c-d2a4-5bd2-856b-5e1eddaaa19d,1785335616766,sender -> receiver,0,True,1785335616571.0,-195.0,0.0,False
98676ca5-3359-5497-ae29-4762f521d245,1785335616788,sender -> receiver,0,True,1785335616596.0,-192.0,0.0,False
5cff61b5-f7b5-5c70-97bd-1c223fa4bf58,1785335616792,sender -> receiver,0,True,1785335616608.0,-184.0,0.0,False
de5cde47-39d8-5233-a10d-9f0caba7fab5,1785335616794,sender -> receiver,0,True,1785335616612.0,-182.0,0.0,False
b3039633-f9a0-5a87-9b75-92b86b0e5239,1785335616796,sender -> receiver,0,True,1785335616618.0,-178.0,0.0,False
6657ac01-f24d-5fa7-8832-7a8171d088e5,1785335617782,sender -> receiver,0,True,1785335617573.0,-209.0,0.0,False
17840851-d967-5896-b581-33adf3a77cd6,1785335617786,sender -> receiver,0,True,1785335617576.0,-210.0,0.0,False
526f7af4-d4df-5589-911b-82574ca6a932,1785335617789,sender -> receiver,0,True,1785335617590.0,-199.0,0.0,False
5d54ea69-ea17-5712-9512-daa472916cda,1785335617792,sender -> receiver,0,True,1785335617592.0,-200.0,0.0,False
ae83657c-63aa-52dd-8a3d-07c537cd6cad,1785335617797,sender -> receiver,0,True,1785335617594.0,-203.0,0.0,False
68dd2c62-7e8e-5149-852b-bdf017ca4076,1785335617818,sender -> receiver,0,True,1785335617597.0,-221.0,0.0,False
0811acc0-ab7d-5701-a4e6-1281f3a88a31,1785335617822,sender -> receiver,0,True,1785335617633.0,-189.0,0.0,False
87c3d3ac-51f6-5f42-acc8-cc45fac7e3a5,1785335618758,sender -> receiver,0,True,1785335618571.0,-187.0,0.0,False
2c63c5cb-8fa1-510b-a71a-b89b4ae1534d,1785335618759,sender -> receiver,0,True,1785335618585.0,-174.0,0.0,False
84c01270-ef32-5e75-8765-245e37420a1e,1785335618760,sender -> receiver,0,True,1785335618592.0,-168.0,0.0,False
fe90129a-73b1-5e0e-bba2-83513f724706,1785335618763,sender -> receiver,0,True,1785335618599.0,-164.0,0.0,False
c44a0d2c-dc5d-5010-b60b-9bd64dc7c54c,1785335618764,sender -> receiver,0,True,1785335618627.0,-137.0,0.0,False
83ae0792-2906-5dd5-8804-70bae57906bb,1785335618766,sender -> receiver,0,True,1785335618633.0,-133.0,0.0,False
5b7c71ee-68ab-5164-8e5d-4d733bbd56cf,1785335618768,sender -> receiver,0,True,1785335618638.0,-130.0,0.0,False
e212a5aa-58eb-5f76-8357-427a5a6c4cf9,1785335619775,sender -> receiver,0,True,1785335619552.0,-223.0,0.0,False
6a693f6b-288d-52d8-8935-de717ba8d303,1785335619776,sender -> receiver,0,True,1785335619564.0,-212.0,0.0,False
26cc1d6e-8eed-5422-9fcc-344246ffbb26,1785335619777,sender -> receiver,0,True,1785335619579.0,-198.0,0.0,False
275d8d2b-b30c-5af0-8b50-c62d112b252b,1785335619778,sender -> receiver,0,True,1785335619585.0,-193.0,0.0,False
6308e7ad-8937-5c53-80c0-87341d52a949,1785335619779,sender -> receiver,0,True,1785335619591.0,-188.0,0.0,False
07421a04-22f1-531f-b6f7-62166469a140,1785335619780,sender -> receiver,0,True,1785335619597.0,-183.0,0.0,False
bd39f017-3e6f-5fb3-8812-f34e910bf25a,1785335619781,sender -> receiver,0,True,1785335619638.0,-143.0,0.0,False
6192989c-e7da-51ba-babd-0e2f3463d747,1785335620774,sender -> receiver,0,True,1785335620583.0,-191.0,0.0,False
9b01d82f-dbc2-5bb9-9570-e0380fb127a7,1785335620779,sender -> receiver,0,True,1785335620592.0,-187.0,0.0,False
dfe26228-b041-5968-b867-7d263e35ea76,1785335620783,sender -> receiver,0,True,1785335620595.0,-188.0,0.0,False
208f529d-3995-5dfe-b08c-a2949e8e149b,1785335620785,sender -> receiver,0,True,1785335620597.0,-188.0,0.0,False
e10a3230-eb6c-5001-8c88-f56acdaaaceb,1785335620786,sender -> receiver,0,True,1785335620600.0,-186.0,0.0,False
26055273-902b-5865-bb79-5ad03b4a300b,1785335620801,sender -> receiver,0,True,1785335620632.0,-169.0,0.0,False
12f625f1-e90a-5d3f-be9e-55f94c8024e0,1785335620804,sender -> receiver,0,True,1785335620635.0,-169.0,0.0,False
678ef254-5bd9-5f41-a923-865249f0aaf9,1785335621759,sender -> receiver,0,True,1785335621573.0,-186.0,0.0,False
c8e46fab-9c4a-58f1-8ba8-8e36cdc9c265,1785335621761,sender -> receiver,0,True,1785335621582.0,-179.0,0.0,False
120db234-b8a8-599c-af77-cc3a1b6b2bd8,1785335621762,sender -> receiver,0,True,1785335621589.0,-173.0,0.0,False
d0b0a1e6-d6ce-570f-9171-06377c7c1d0b,1785335621764,sender -> receiver,0,True,1785335621594.0,-170.0,0.0,False
133820c8-ab8f-5b20-87ed-655e7e2c9c48,1785335621780,sender -> receiver,0,True,1785335621627.0,-153.0,0.0,False
d6678f0a-4c5f-5fe5-a154-3434147ab67d,1785335621782,sender -> receiver,0,True,1785335621636.0,-146.0,0.0,False
6aa429e4-463a-596c-9bb6-e3b35dc201a6,1785335621783,sender -> receiver,0,True,1785335621641.0,-142.0,0.0,False
f001d769-1c08-567c-90bf-8b48158e2742,1785335621785,sender -> receiver,0,True,1785335621648.0,-137.0,0.0,False
47f3afd1-3ac4-5f38-b6a9-788d90c2c3b8,1785335622796,sender -> receiver,0,True,1785335622561.0,-235.0,0.0,False
2208aa30-3cd4-5b88-8f6f-acffcd017b35,1785335622802,sender -> receiver,0,True,1785335622617.0,-185.0,0.0,False
e588a73a-cad7-5ee0-8a79-2eccf6744c71,1785335622809,sender -> receiver,0,True,1785335622619.0,-190.0,0.0,False
63744b53-01c7-5bfd-a824-b0299290d4a3,1785335622812,sender -> receiver,0,True,1785335622620.0,-192.0,0.0,False
a4a6f913-918e-5e3a-b102-e64bff222789,1785335622837,sender -> receiver,0,True,1785335622623.0,-214.0,0.0,False
87d6bccb-92ac-54f3-98f3-95af5d6ceeea,1785335622843,sender -> receiver,0,True,1785335622636.0,-207.0,0.0,False
4331a9c3-c855-593b-becf-d7673138cfc7,1785335622847,sender -> receiver,0,True,1785335622639.0,-208.0,0.0,False
a36078f7-d2b8-5ca5-8e57-4058f443d7dc,1785335623791,sender -> receiver,0,True,1785335623621.0,-170.0,0.0,False
fefe3a4a-893d-5812-92a0-7c91a082ca4e,1785335623796,sender -> receiver,0,True,1785335623627.0,-169.0,0.0,False
59fdc36f-d748-503a-923d-d12c7c79dd74,1785335623830,sender -> receiver,0,True,1785335623632.0,-198.0,0.0,False
b7fd3576-2ed2-5b52-b89b-0429bc7da809,1785335623836,sender -> receiver,0,True,1785335623637.0,-199.0,0.0,False
c409aa03-f5ec-5775-8b1c-0f6d35b30da7,1785335623838,sender -> receiver,0,True,1785335623641.0,-197.0,0.0,False
d19fe0f8-152e-5b7e-9de5-e0e2f7a8df4c,1785335623842,sender -> receiver,0,True,1785335623647.0,-195.0,0.0,False
7e20b1ab-fa5d-51e3-8778-31476e397761,1785335623871,sender -> receiver,0,True,1785335623669.0,-202.0,0.0,False
63137ad7-7dcc-5bdf-8c06-ff6f8387a363,1785335624785,sender -> receiver,0,True,1785335624584.0,-201.0,0.0,False
64d44c65-bfeb-5c4f-89d9-80bc1c560f37,1785335624790,sender -> receiver,0,True,1785335624591.0,-199.0,0.0,False
decbbaf8-718b-50e1-852d-bf81413d0533,1785335624821,sender -> receiver,0,True,1785335624597.0,-224.0,0.0,False
b99f9656-13a5-5cd2-9a10-a32714cc35a8,1785335624826,sender -> receiver,0,True,1785335624601.0,-225.0,0.0,False
8b1e5a13-e9e2-5f67-93bf-c4144380c2b5,1785335624831,sender -> receiver,0,True,1785335624625.0,-206.0,0.0,False
da1b08ec-954f-547d-9cef-0698756df071,1785335624835,sender -> receiver,0,True,1785335624628.0,-207.0,0.0,False
20949edf-cd68-5a79-bd13-d484cff781e3,1785335624839,sender -> receiver,0,True,1785335624631.0,-208.0,0.0,False
aa22c128-8e71-5337-931e-7367f2b26eb8,1785335625782,sender -> receiver,0,True,1785335625578.0,-204.0,0.0,False
0c7a8d92-f2e3-5ccd-8ee5-aff02c99585c,1785335625786,sender -> receiver,0,True,1785335625588.0,-198.0,0.0,False
778f72ce-80c6-5f40-b3b5-646b5181fb9c,1785335625809,sender -> receiver,0,True,1785335625592.0,-217.0,0.0,False
d1697367-844b-5ba2-af4a-984dcc56040b,1785335625813,sender -> receiver,0,True,1785335625597.0,-216.0,0.0,False
c7e2f4d6-5427-588a-8325-bd97db2f9cbe,1785335625816,sender -> receiver,0,True,1785335625627.0,-189.0,0.0,False
7fbf1b10-34db-5546-85db-f97d8601df5b,1785335625819,sender -> receiver,0,True,1785335625633.0,-186.0,0.0,False
fbf6d14a-2fcf-5337-ba8b-e0b24fc34fd5,1785335625847,sender -> receiver,0,True,1785335625638.0,-209.0,0.0,False
851d9781-81b0-552f-9965-e31cfd6b8219,1785335626792,sender -> receiver,0,True,1785335626583.0,-209.0,0.0,False
fa817bfd-78c0-5fdb-beb7-b8aac2fd00ce,1785335626798,sender -> receiver,0,True,1785335626589.0,-209.0,0.0,False
75f2d3aa-11a5-51a3-a3c6-3b0ef6585ec0,1785335626803,sender -> receiver,0,True,1785335626593.0,-210.0,0.0,False
4ba7174f-27b9-55a5-8190-067b5720b017,1785335626828,sender -> receiver,0,True,1785335626598.0,-230.0,0.0,False
86d3dd3f-7af1-5e31-bf16-533b62390f9a,1785335626832,sender -> receiver,0,True,1785335626631.0,-201.0,0.0,False
fe8344f7-0b58-5f8e-8a66-7f8c152aab14,1785335626835,sender -> receiver,0,True,1785335626635.0,-200.0,0.0,False
f0aca848-b4dd-569b-8618-6b1c4e998886,1785335626838,sender -> receiver,0,True,1785335626639.0,-199.0,0.0,False
a9bc3d2a-4c63-5781-9537-e87066f4486c,1785335627797,sender -> receiver,0,True,1785335627671.0,-126.0,0.0,False
27903aa7-b41e-528a-bb09-59ebea704de7,1785335627804,sender -> receiver,0,True,1785335627675.0,-129.0,0.0,False
4899ab9c-e6cd-5ecc-9d46-f5b415377048,1785335627810,sender -> receiver,0,True,1785335627685.0,-125.0,0.0,False
7c2be22e-204b-5de2-8fbe-76cfb1d85a27,1785335627817,sender -> receiver,0,True,1785335627687.0,-130.0,0.0,False
e34b0ed8-97ee-5e01-9adf-2297969fa7ac,1785335627846,sender -> receiver,0,True,1785335627690.0,-156.0,0.0,False
03fda9ce-b51f-587f-92ed-f830cfe84640,1785335627851,sender -> receiver,0,True,1785335627692.0,-159.0,0.0,False
034d9a71-7a2b-5884-b3b1-17eaa8e375d3,1785335627855,sender -> receiver,0,True,1785335627695.0,-160.0,0.0,False
b8e29500-3046-57c8-8b94-d3a130e3fdac,1785335667954,sender -> receiver,0,True,1785335667785.0,-169.0,0.0,False
4b6b4f44-75a1-5937-8ddb-a0193bc6d8c2,1785335667959,sender -> receiver,0,True,1785335667797.0,-162.0,0.0,False
d86531fa-2450-5bf2-a577-0df24bf57339,1785335667988,sender -> receiver,0,True,1785335667803.0,-185.0,0.0,False
3ee464b3-097e-5a4d-84ac-38b902d7972c,1785335667993,sender -> receiver,0,True,1785335667811.0,-182.0,0.0,False
f3b8bfeb-38e3-5eb3-9325-6149a281ef1f,1785335668962,sender -> receiver,0,True,1785335668775.0,-187.0,0.0,False
434aa2d3-742f-5d16-a856-64cc005b1f3c,1785335668966,sender -> receiver,0,True,1785335668782.0,-184.0,0.0,False
377705b5-84e1-5dba-89c3-d2432d9f2b7f,1785335668969,sender -> receiver,0,True,1785335668810.0,-159.0,0.0,False
9c01321f-95ce-51a6-986c-c34023802f12,1785335668971,sender -> receiver,0,True,1785335668814.0,-157.0,0.0,False
766f7adc-e019-57e9-b5a7-50c7c25125b2,1785335669947,sender -> receiver,0,True,1785335669743.0,-204.0,0.0,False
8c1394a0-14b7-5f5f-9387-b2d34b80afcf,1785335669951,sender -> receiver,0,True,1785335669747.0,-204.0,0.0,False
fa156c69-18a8-5615-88fd-1ca397ce1d35,1785335669979,sender -> receiver,0,True,1785335669753.0,-226.0,0.0,False
2161a7d8-fc80-5121-b363-5e9b98dd2b0f,1785335669984,sender -> receiver,0,True,1785335669795.0,-189.0,0.0,False
03c84274-3782-55e3-a22e-a3d46e187394,1785335670942,sender -> receiver,0,True,1785335670712.0,-230.0,0.0,False
9de65efc-480b-5f7a-8fc6-ef818da73539,1785335670946,sender -> receiver,0,True,1785335670720.0,-226.0,0.0,False
b62d36a6-dcec-5c02-91e1-f97b119baf88,1785335670948,sender -> receiver,0,True,1785335670726.0,-222.0,0.0,False
7fff4e44-f7af-5469-abce-1f8d928bd41e,1785335670966,sender -> receiver,0,True,1785335670729.0,-237.0,0.0,False
31e1aa89-d563-5f58-980a-08621c491ba6,1785335671961,sender -> receiver,0,True,1785335671771.0,-190.0,0.0,False
2783b17b-2eb7-57c8-a425-9e3d5cef0065,1785335671996,sender -> receiver,0,True,1785335671790.0,-206.0,0.0,False
394faa95-ae20-50d1-9d8e-7f6dd2d3674b,1785335672002,sender -> receiver,0,True,1785335671808.0,-194.0,0.0,False
559b0ad2-8d68-52fe-a2d5-d108b1c737e2,1785335672006,sender -> receiver,0,True,1785335671811.0,-195.0,0.0,False
ed305a58-5b66-5915-8cef-1079cda94406,1785335672963,sender -> receiver,0,True,1785335672737.0,-226.0,0.0,False
86657380-554e-536c-8f5d-893fb9a93845,1785335672968,sender -> receiver,0,True,1785335672790.0,-178.0,0.0,False
3e24a833-5298-54f5-8fd9-61443d448e22,1785335672974,sender -> receiver,0,True,1785335672794.0,-180.0,0.0,False
2e4e2716-6b44-5b8e-adf1-dec8d9628272,1785335672979,sender -> receiver,0,True,1785335672814.0,-165.0,0.0,False
0123c540-9dcf-5cec-adfd-12ca732715b6,1785335673958,sender -> receiver,0,True,1785335673727.0,-231.0,0.0,False
e1042076-8c88-59e4-bfd0-05701d0a8b47,1785335673964,sender -> receiver,0,True,1785335673729.0,-235.0,0.0,False
7f5278be-32c2-5cfd-9ec2-e0733b7041a5,1785335673970,sender -> receiver,0,True,1785335673799.0,-171.0,0.0,False
b8dedb02-aeee-551c-8bba-860ee077c68b,1785335674967,sender -> receiver,0,True,1785335674787.0,-180.0,0.0,False
8db60bf5-7e31-5829-9cdb-bfaec965848a,1785335675000,sender -> receiver,0,True,1785335674793.0,-207.0,0.0,False
24bac544-4b99-53b3-be5c-57e35830615b,1785335675008,sender -> receiver,0,True,1785335674853.0,-155.0,0.0,False
ab604d70-67b5-56be-b493-7fc0403472c1,1785335675012,sender -> receiver,0,True,1785335674859.0,-153.0,0.0,False
edeb2752-0497-5263-a2e2-942174ab0301,1785335675960,sender -> receiver,0,True,1785335675758.0,-202.0,0.0,False
06f74f14-6b42-5c26-8693-c976226ac0ed,1785335675965,sender -> receiver,0,True,1785335675765.0,-200.0,0.0,False
0c48d178-5429-5adb-8bc1-8158ebe64b47,1785335676011,sender -> receiver,0,True,1785335675767.0,-244.0,0.0,False
3a6ca01c-0481-5c87-9679-f7e0927552ae,1785335676019,sender -> receiver,0,True,1785335675806.0,-213.0,0.0,False
7a1ba514-7a50-5ee7-9d47-b238cdce7e21,1785335676941,sender -> receiver,0,True,1785335676743.0,-198.0,0.0,False
f7d4ee78-2714-5bd8-a692-bb788bee9453,1785335676944,sender -> receiver,0,True,1785335676751.0,-193.0,0.0,False
47381ac1-1610-56e3-87bd-0d88dbccb4b5,1785335676948,sender -> receiver,0,True,1785335676753.0,-195.0,0.0,False
aec593bb-c27e-5507-a9c1-c9aae0372163,1785335676951,sender -> receiver,0,True,1785335676803.0,-148.0,0.0,False
b5846c37-c8e4-5638-8e94-09cbb01d8668,1785335677958,sender -> receiver,0,True,1785335677730.0,-228.0,0.0,False
5415c7b4-c2aa-5ca8-8fb1-08bd5c6b6752,1785335678004,sender -> receiver,0,True,1785335677788.0,-216.0,0.0,False
23691e03-a3ce-538d-ab70-dc4fba12ee34,1785335678008,sender -> receiver,0,True,1785335677792.0,-216.0,0.0,False
ff6bc987-c08d-5fbf-9c87-0c540a53fe98,1785335678011,sender -> receiver,0,True,1785335677798.0,-213.0,0.0,False
69cd2866-d786-591f-baee-dfef7590887c,1785335678938,sender -> receiver,0,True,1785335678722.0,-216.0,0.0,False
629f7616-c625-5f3d-90d0-4f63a28ade4b,1785335678940,sender -> receiver,0,True,1785335678833.0,-107.0,0.0,False
0e3b155f-9932-518e-91f1-a1375c2f74c7,1785335678942,sender -> receiver,0,True,1785335678839.0,-103.0,0.0,False
26cf09a4-fd2b-59b3-886f-bc7ac95a7e09,1785335678945,sender -> receiver,0,True,1785335678844.0,-101.0,0.0,False
1426de14-6e43-504c-9932-db00ecb15000,1785335679948,sender -> receiver,0,True,1785335679772.0,-176.0,0.0,False
a99f1237-b80c-538d-9de3-8ce86eb2c068,1785335679951,sender -> receiver,0,True,1785335679776.0,-175.0,0.0,False
43da72b1-c0d0-55ee-b26e-7904e10743cf,1785335679954,sender -> receiver,0,True,1785335679781.0,-173.0,0.0,False
8d95c07d-9b97-5629-9419-7549f59958ca,1785335680987,sender -> receiver,0,True,1785335680816.0,-171.0,0.0,False
fa532dba-8326-5d82-ba9c-e0365a45f92d,1785335680991,sender -> receiver,0,True,1785335680823.0,-168.0,0.0,False
0e69de13-f83c-5ef2-ba99-50bccd701b48,1785335680997,sender -> receiver,0,True,1785335680827.0,-170.0,0.0,False
7a41ef13-02fe-5161-bd1f-e60fed13043b,1785335681033,sender -> receiver,0,True,1785335680832.0,-201.0,0.0,False
8670331e-f271-512f-b57a-f2d463e15118,1785335681958,sender -> receiver,0,True,1785335681738.0,-220.0,0.0,False
982575eb-3b47-591d-953c-773a94569296,1785335681963,sender -> receiver,0,True,1785335681780.0,-183.0,0.0,False
9c9cc62f-cefa-511e-8095-cfd8f8fbbcc5,1785335681968,sender -> receiver,0,True,1785335681783.0,-185.0,0.0,False
9c70163e-a01d-5dc8-83fa-e6b8e300cbed,1785335681972,sender -> receiver,0,True,1785335681793.0,-179.0,0.0,False
635e1d78-8a88-50ed-b168-4821c64b832b,1785335682956,sender -> receiver,0,True,1785335682737.0,-219.0,0.0,False
107aad77-00dd-5528-b1c1-c14c470f5fd2,1785335682960,sender -> receiver,0,True,1785335682740.0,-220.0,0.0,False
593c13e8-c632-5e7e-bd1c-eef1e9e97005,1785335682986,sender -> receiver,0,True,1785335682797.0,-189.0,0.0,False
85738cf3-192b-5c7a-8206-20129b382510,1785335682990,sender -> receiver,0,True,1785335682800.0,-190.0,0.0,False
a3149e4e-951b-59f5-b806-694da9dee671,1785335683943,sender -> receiver,0,True,1785335683779.0,-164.0,0.0,False
c01432ee-5413-51ac-b2a2-9ba8a4ed0b5d,1785335683964,sender -> receiver,0,True,1785335683785.0,-179.0,0.0,False
0e05f57c-cbe0-57ac-a53f-cd1b7db2386a,1785335683966,sender -> receiver,0,True,1785335683791.0,-175.0,0.0,False
45106dfa-404f-5a79-90d0-eb8b53dae7ca,1785335683969,sender -> receiver,0,True,1785335683828.0,-141.0,0.0,False
8c39d0a5-c87e-522f-a32a-da8ed27e3e4f,1785335684946,sender -> receiver,0,True,1785335684768.0,-178.0,0.0,False
dcbd2a2b-bd02-5b27-9114-d9b4892794bc,1785335684949,sender -> receiver,0,True,1785335684772.0,-177.0,0.0,False
b828c899-79f9-5a7e-bad6-f2ac6489abde,1785335684955,sender -> receiver,0,True,1785335684775.0,-180.0,0.0,False
cf1c08d6-af41-58f2-aa37-e8e88b17da4d,1785335684962,sender -> receiver,0,True,1785335684778.0,-184.0,0.0,False
7dfae37c-ec87-54fa-9025-0056b6e2060b,1785335685963,sender -> receiver,0,True,1785335685798.0,-165.0,0.0,False
6f914dc8-1936-5231-9348-3e33e57e7542,1785335685969,sender -> receiver,0,True,1785335685805.0,-164.0,0.0,False
d779fa43-1da4-5e99-9ae0-3cadabb9c5b3,1785335685976,sender -> receiver,0,True,1785335685815.0,-161.0,0.0,False
4e081a5f-1e37-5f69-ad5c-7feee40d0069,1785335685981,sender -> receiver,0,True,1785335685858.0,-123.0,0.0,False
85262f42-e4d3-57d5-a15d-6f9cead7ce8e,1785335686946,sender -> receiver,0,True,1785335686734.0,-212.0,0.0,False
d8f70592-c2bc-58b2-868e-2db0054b336f,1785335686949,sender -> receiver,0,True,1785335686744.0,-205.0,0.0,False
5d5639a9-dc00-5c4c-9ce2-b825e8203b19,1785335686952,sender -> receiver,0,True,1785335686751.0,-201.0,0.0,False
8991b525-d18d-531b-85bd-c31da1a31624,1785335687954,sender -> receiver,0,True,1785335687745.0,-209.0,0.0,False
bd05e322-791c-5939-bfef-fe9d5088c4e5,1785335687957,sender -> receiver,0,True,1785335687749.0,-208.0,0.0,False
b9b0296c-d09d-5dcd-9d83-43738efbcb8e,1785335687960,sender -> receiver,0,True,1785335687756.0,-204.0,0.0,False
5a37b11e-2926-535e-abb4-42ab204b504c,1785335687963,sender -> receiver,0,True,1785335687770.0,-193.0,0.0,False
13cb72da-ab42-5411-966c-b8f6dd2f36b9,1785335688958,sender -> receiver,0,True,1785335688757.0,-201.0,0.0,False
b64feff8-6d7c-55af-8c78-c136123a49b3,1785335688963,sender -> receiver,0,True,1785335688764.0,-199.0,0.0,False
e5dec3c1-fc96-5839-9999-b05140cdbbad,1785335688968,sender -> receiver,0,True,1785335688767.0,-201.0,0.0,False
c9f96f0c-11ad-54eb-a831-da762c72c3f8,1785335688993,sender -> receiver,0,True,1785335688771.0,-222.0,0.0,False
0c976c0b-97e2-52a0-ac08-2b895ed8c28d,1785335689963,sender -> receiver,0,True,1785335689755.0,-208.0,0.0,False
849d3549-fdd7-524c-b362-e13fe8bd193d,1785335689966,sender -> receiver,0,True,1785335689758.0,-208.0,0.0,False
72272e20-b90b-552e-b0ab-840fb6eeb57b,1785335689997,sender -> receiver,0,True,1785335689789.0,-208.0,0.0,False
07880305-01ce-5c61-8cac-144d069095f6,1785335690003,sender -> receiver,0,True,1785335689842.0,-161.0,0.0,False
6c806ee7-556c-505d-9905-e26722513ff1,1785335690981,sender -> receiver,0,True,1785335690786.0,-195.0,0.0,False
1ddc2822-de41-5559-9c47-9be58542f87d,1785335690990,sender -> receiver,0,True,1785335690792.0,-198.0,0.0,False
a559c4e2-0166-5bb8-acfe-2304b76ccd36,1785335690994,sender -> receiver,0,True,1785335690836.0,-158.0,0.0,False
2b2f03a9-6001-5e7d-8f7e-e649be08cac6,1785335690998,sender -> receiver,0,True,1785335690840.0,-158.0,0.0,False
ddd79e1a-c915-5f9a-bbbc-e7b562e5eeda,1785335691947,sender -> receiver,0,True,1785335691739.0,-208.0,0.0,False
ef7365fd-59dd-5cea-be44-59586ed9163e,1785335691954,sender -> receiver,0,True,1785335691743.0,-211.0,0.0,False
51c8224b-fe8e-5d94-80b9-9101a6dfe25f,1785335691964,sender -> receiver,0,True,1785335691785.0,-179.0,0.0,False
f2c4cf0b-1fc0-5edf-bc2f-a450bfc8e7fe,1785335692001,sender -> receiver,0,True,1785335691788.0,-213.0,0.0,False
9806a57c-8356-5d6d-8d8a-d434ebeb4ff9,1785335692942,sender -> receiver,0,True,1785335692714.0,-228.0,0.0,False
041bcb64-5895-55ab-86e8-402adfff1bf3,1785335692948,sender -> receiver,0,True,1785335692721.0,-227.0,0.0,False
a897f997-94ab-53f7-8e3d-2951c1619f28,1785335692956,sender -> receiver,0,True,1785335692727.0,-229.0,0.0,False
0251425f-08a5-5b90-9c2b-0d46ba4e8380,1785335733219,sender -> receiver,0,True,1785335733001.0,-218.0,0.0,False
d9e8bfa2-4862-5425-8ef5-9d9af72f8171,1785335733223,sender -> receiver,0,True,1785335733008.0,-215.0,0.0,False
30e1870e-4326-52fd-ac96-37fca9f76ecd,1785335733227,sender -> receiver,0,True,1785335733014.0,-213.0,0.0,False
0c58df2f-f071-5f24-8bb5-1b51727cfff1,1785335733251,sender -> receiver,0,True,1785335733019.0,-232.0,0.0,False
02d22723-e864-566f-94e3-497a9997b0a8,1785335734186,sender -> receiver,0,True,1785335733998.0,-188.0,0.0,False
664196f5-d364-5d06-b63b-dfb6a04b2adc,1785335734218,sender -> receiver,0,True,1785335734002.0,-216.0,0.0,False
a0373540-ed57-55ef-bd7e-60574ab9d329,1785335734222,sender -> receiver,0,True,1785335734037.0,-185.0,0.0,False
8df30b30-2ed9-5f66-94ce-0ae7444276b7,1785335734226,sender -> receiver,0,True,1785335734043.0,-183.0,0.0,False
7e610fda-35f4-54cf-b663-4120f159fc1d,1785335735191,sender -> receiver,0,True,1785335734970.0,-221.0,0.0,False
af357756-183f-5bb8-bd0b-250717370d97,1785335735196,sender -> receiver,0,True,1785335734978.0,-218.0,0.0,False
a817347d-3f23-5bd3-a58f-98414aa666c0,1785335735202,sender -> receiver,0,True,1785335734984.0,-218.0,0.0,False
7c567d15-f591-5f73-8560-9c15658a1c21,1785335735227,sender -> receiver,0,True,1785335735014.0,-213.0,0.0,False
8608734d-d675-5ad8-81c7-4b6093922823,1785335736227,sender -> receiver,0,True,1785335736030.0,-197.0,0.0,False
750513ee-37f7-5918-976f-875e8decd699,1785335736230,sender -> receiver,0,True,1785335736040.0,-190.0,0.0,False
fc296356-a7b9-5b36-8888-df819629c13c,1785335736252,sender -> receiver,0,True,1785335736042.0,-210.0,0.0,False
6ac1ae16-7293-553f-8680-0eac89e09d77,1785335736256,sender -> receiver,0,True,1785335736077.0,-179.0,0.0,False
cce5b1ab-389f-56ef-8dc6-8f5ee9164fa0,1785335737178,sender -> receiver,0,True,1785335736959.0,-219.0,0.0,False
486028d2-0d5a-5a86-aaed-27dbcae0a490,1785335737182,sender -> receiver,0,True,1785335736975.0,-207.0,0.0,False
df78ed46-33e5-55ef-bcf2-c09978ff326c,1785335737186,sender -> receiver,0,True,1785335736982.0,-204.0,0.0,False
a546086c-a70d-5921-82bb-807c8a7d6a42,1785335737189,sender -> receiver,0,True,1785335736990.0,-199.0,0.0,False
aacc346e-96eb-505b-ad3c-b5efbad8fbd0,1785335738187,sender -> receiver,0,True,1785335737999.0,-188.0,0.0,False
4484a886-43d5-528a-9b6d-0e779a61fdda,1785335738191,sender -> receiver,0,True,1785335738004.0,-187.0,0.0,False
381e40f5-6b63-5986-947f-a42c25c9d06b,1785335738195,sender -> receiver,0,True,1785335738008.0,-187.0,0.0,False
5d568621-e18d-5208-aa22-7004b80e6243,1785335738198,sender -> receiver,0,True,1785335738013.0,-185.0,0.0,False
919d4a51-fc4e-5fe5-a94f-9c3732b28e43,1785335739203,sender -> receiver,0,True,1785335738975.0,-228.0,0.0,False
c7d361e9-9f1f-5ff8-9b25-bdf51f018531,1785335739207,sender -> receiver,0,True,1785335738994.0,-213.0,0.0,False
0f56d801-6c95-539c-801d-bfa691aa1920,1785335739212,sender -> receiver,0,True,1785335738999.0,-213.0,0.0,False
d2a5f548-1290-59fb-af67-096d60616b10,1785335740177,sender -> receiver,0,True,1785335739970.0,-207.0,0.0,False
fbb6c858-1531-5e09-a89e-8fe4b8a78051,1785335740184,sender -> receiver,0,True,1785335739984.0,-200.0,0.0,False
42ca5be9-f3a7-5f18-a614-8b507e3e03af,1785335740203,sender -> receiver,0,True,1785335739987.0,-216.0,0.0,False
5a6349e6-3b7e-5b78-8ed0-3bcf5cf6dddd,1785335740205,sender -> receiver,0,True,1785335739989.0,-216.0,0.0,False
4d55fa7b-174d-5b0a-aa96-c10a539baf33,1785335741176,sender -> receiver,0,True,1785335741019.0,-157.0,0.0,False
d4951bff-2ca7-5569-9079-6c8058701b9d,1785335741180,sender -> receiver,0,True,1785335741064.0,-116.0,0.0,False
9c920d70-176f-5b1e-b85d-f3695216733a,1785335741184,sender -> receiver,0,True,1785335741070.0,-114.0,0.0,False
55f7f5d1-ea59-571e-946e-42fd7b76c19b,1785335741186,sender -> receiver,0,True,1785335741077.0,-109.0,0.0,False
502ed185-a4fd-5a7b-aaa5-681b2e46aff2,1785335742195,sender -> receiver,0,True,1785335742020.0,-175.0,0.0,False
1b3d15f3-a9ab-5e45-ae87-665309086d27,1785335742203,sender -> receiver,0,True,1785335742028.0,-175.0,0.0,False
6a92e226-8589-544a-b7ae-dee80a8c239d,1785335742206,sender -> receiver,0,True,1785335742035.0,-171.0,0.0,False
b71feeaf-64d9-5610-abab-7b70e97d5e9f,1785335742230,sender -> receiver,0,True,1785335742041.0,-189.0,0.0,False
dcfb4c9c-a286-52a7-b14b-3b2c59878a02,1785335743195,sender -> receiver,0,True,1785335743036.0,-159.0,0.0,False
4a648b73-0300-5d77-adc2-63ea3c12ffea,1785335743200,sender -> receiver,0,True,1785335743057.0,-143.0,0.0,False
0969082e-3388-5bc5-b27b-33ff85f03de3,1785335743203,sender -> receiver,0,True,1785335743060.0,-143.0,0.0,False
c1124392-3db7-5ab6-8cd1-83a2815cc8f7,1785335743228,sender -> receiver,0,True,1785335743064.0,-164.0,0.0,False
924d49be-072f-526d-b5bc-47694a7c31c0,1785335744190,sender -> receiver,0,True,1785335744006.0,-184.0,0.0,False
c863a6be-294e-599c-8d71-4550a593a0c7,1785335744193,sender -> receiver,0,True,1785335744010.0,-183.0,0.0,False
56fd88a6-b1e2-59b6-9ea9-0fafee320abc,1785335744196,sender -> receiver,0,True,1785335744015.0,-181.0,0.0,False
e81e2e66-cb9e-50bb-879d-d58d039ebad1,1785335744222,sender -> receiver,0,True,1785335744029.0,-193.0,0.0,False
5e833826-98d5-57e8-8fb4-505ef46bf049,1785335745174,sender -> receiver,0,True,1785335744962.0,-212.0,0.0,False
63a19b4e-5ed1-5964-884c-a20a8daa3d95,1785335745177,sender -> receiver,0,True,1785335744965.0,-212.0,0.0,False
ea313790-555b-5621-994a-a1dc842a5fc5,1785335745182,sender -> receiver,0,True,1785335744975.0,-207.0,0.0,False
4ac09f12-486a-5124-b965-c79582e5005d,1785335746174,sender -> receiver,0,True,1785335745963.0,-211.0,0.0,False
35f78253-e95a-5411-bdbc-2e434db715de,1785335746178,sender -> receiver,0,True,1785335745972.0,-206.0,0.0,False
d44a2330-6b8c-5aa4-92d1-b02c34d3cea6,1785335746181,sender -> receiver,0,True,1785335745974.0,-207.0,0.0,False
374faae9-b6c4-56d9-a2ee-5cc6819c0492,1785335746184,sender -> receiver,0,True,1785335745982.0,-202.0,0.0,False
1a69fa5c-936b-530e-8cd0-70f735714486,1785335747194,sender -> receiver,0,True,1785335747032.0,-162.0,0.0,False
1e7f1d5d-0bf2-507e-849f-8e6e7b6950cd,1785335747198,sender -> receiver,0,True,1785335747041.0,-157.0,0.0,False
dfe899fe-5e0a-571e-bd8c-6e35d711f1b9,1785335747203,sender -> receiver,0,True,1785335747043.0,-160.0,0.0,False
386821c0-969b-5af7-bcfa-37e02728cff6,1785335747232,sender -> receiver,0,True,1785335747045.0,-187.0,0.0,False
2219a5a7-1a27-5687-9be2-aea56e8041da,1785335748193,sender -> receiver,0,True,1785335747989.0,-204.0,0.0,False
c09fcbf8-707a-5029-acf6-4ae5a598a09c,1785335748197,sender -> receiver,0,True,1785335747996.0,-201.0,0.0,False
b4c8196f-3805-5e66-968c-03f418ed8e31,1785335748201,sender -> receiver,0,True,1785335748004.0,-197.0,0.0,False
d1e40da2-2126-5c4e-825e-83d2bc5124ff,1785335748203,sender -> receiver,0,True,1785335748011.0,-192.0,0.0,False
7bfdce94-f4f7-533a-bce4-9fed8d0a57b1,1785335749223,sender -> receiver,0,True,1785335749011.0,-212.0,0.0,False
9b736be1-a810-5301-bb8c-736e50bfcdf3,1785335749227,sender -> receiver,0,True,1785335749019.0,-208.0,0.0,False
4ecbf126-e23a-5bf4-a0d0-5e8ea0b7e851,1785335749259,sender -> receiver,0,True,1785335749024.0,-235.0,0.0,False
b773fcc9-7c52-58e4-beee-a21546d55be3,1785335749265,sender -> receiver,0,True,1785335749061.0,-204.0,0.0,False
92a064e4-52ee-5405-ba40-6d0f442107b5,1785335750202,sender -> receiver,0,True,1785335750030.0,-172.0,0.0,False
839c7ae5-8f6a-5312-9eb7-98b917451e05,1785335750211,sender -> receiver,0,True,1785335750037.0,-174.0,0.0,False
05f2871a-6ec2-5144-bef4-6e0a366bc8bb,1785335750252,sender -> receiver,0,True,1785335750042.0,-210.0,0.0,False
0fc62271-1fff-58f7-ba8d-339c673202d5,1785335750257,sender -> receiver,0,True,1785335750074.0,-183.0,0.0,False
2d706742-4eb5-5ff4-8c3d-0c43f8b9c84f,1785335751192,sender -> receiver,0,True,1785335751021.0,-171.0,0.0,False
330e2792-c0f5-570a-8749-846c28999852,1785335751197,sender -> receiver,0,True,1785335751027.0,-170.0,0.0,False
a1200dbc-7eef-58f4-a9ba-d7ca3f3edd12,1785335751203,sender -> receiver,0,True,1785335751034.0,-169.0,0.0,False
8b106233-8ad9-501b-b75a-37dfddb4dc8f,1785335751229,sender -> receiver,0,True,1785335751038.0,-191.0,0.0,False
75caf037-649f-502c-af0c-b2acda4e81cc,1785335752186,sender -> receiver,0,True,1785335752012.0,-174.0,0.0,False
bb1367d7-4fe8-50ca-a94d-4912eafe2edf,1785335752214,sender -> receiver,0,True,1785335752018.0,-196.0,0.0,False
60ffff47-7d40-5ca5-aade-59ce595ecdfc,1785335752218,sender -> receiver,0,True,1785335752024.0,-194.0,0.0,False
8d4f8311-835d-5b2a-a8e8-b4299a4bc782,1785335753187,sender -> receiver,0,True,1785335752971.0,-216.0,0.0,False
77331c51-0b07-508a-afee-09cfc3c52b73,1785335753191,sender -> receiver,0,True,1785335752986.0,-205.0,0.0,False
b2306044-9de0-504a-9804-3e2cee6c9efc,1785335753194,sender -> receiver,0,True,1785335752991.0,-203.0,0.0,False
c60d3b2e-f8d9-5f7e-a646-a0eba27ebc70,1785335753219,sender -> receiver,0,True,1785335752996.0,-223.0,0.0,False
cc03ca75-afca-58e1-a553-2142095c6a45,1785335754178,sender -> receiver,0,True,1785335754061.0,-117.0,0.0,False
0aeed462-8f69-5427-b716-e513a60781ad,1785335754182,sender -> receiver,0,True,1785335754064.0,-118.0,0.0,False
488727bd-fcd6-5f09-825c-b84640280b6a,1785335754185,sender -> receiver,0,True,1785335754067.0,-118.0,0.0,False
6219f741-2572-55f9-9a6c-50eacc4a5c3b,1785335754188,sender -> receiver,0,True,1785335754070.0,-118.0,0.0,False
65d4ddee-1a52-513c-ab43-1c66ce1f0176,1785335755204,sender -> receiver,0,True,1785335754949.0,-255.0,0.0,False
4d4f5e72-0518-583a-8d05-12a0e8ce3ff1,1785335755207,sender -> receiver,0,True,1785335754996.0,-211.0,0.0,False
c976e8d9-58b1-5e07-ac58-cb031a3536db,1785335755210,sender -> receiver,0,True,1785335755008.0,-202.0,0.0,False
607d1105-c771-56b2-9275-af25bb107d62,1785335755213,sender -> receiver,0,True,1785335755014.0,-199.0,0.0,False
6c9cd2b9-e404-5fd5-aee4-0b21c3b5a057,1785335756180,sender -> receiver,0,True,1785335755989.0,-191.0,0.0,False
1599c6ed-319f-5bb3-aa78-894e717968db,1785335756184,sender -> receiver,0,True,1785335755993.0,-191.0,0.0,False
fb73c721-3b1b-5194-9e81-037ab836d77b,1785335756204,sender -> receiver,0,True,1785335756004.0,-200.0,0.0,False
ecccb726-5e92-5c20-a1da-0ff0fa8edce7,1785335756206,sender -> receiver,0,True,1785335756052.0,-154.0,0.0,False
071deca7-4080-5497-b6c7-77db03d25a55,1785335757173,sender -> receiver,0,True,1785335756980.0,-193.0,0.0,False
e84057d7-d6f6-5c35-83ca-3f025ad0706e,1785335757175,sender -> receiver,0,True,1785335756993.0,-182.0,0.0,False
1b36b4d3-af79-5f62-9ac5-07b254d3a9b4,1785335757177,sender -> receiver,0,True,1785335756997.0,-180.0,0.0,False
97c9ac5f-9829-52af-9e7f-22ddd9e30c2a,1785335757193,sender -> receiver,0,True,1785335757004.0,-189.0,0.0,False
36bac774-6327-5bec-a747-4c30f09488ba,1785335758211,sender -> receiver,0,True,1785335758014.0,-197.0,0.0,False
322aa83e-8cce-5f9c-a153-623fcd2e4b1d,1785335758216,sender -> receiver,0,True,1785335758026.0,-190.0,0.0,False
c6c19c54-75b4-58c1-803d-4136a777e189,1785335758220,sender -> receiver,0,True,1785335758030.0,-190.0,0.0,False
64133d26-2477-5653-9d01-caa5a7ff228a,1785335804837,sender -> receiver,0,True,1785335804648.0,-189.0,0.0,False
c54f4d9e-8dda-5441-9248-a72aa12f467d,1785335804867,sender -> receiver,0,True,1785335804676.0,-191.0,0.0,False
bf509285-14c0-5a8c-b5db-a13fd2263cd1,1785335804871,sender -> receiver,0,True,1785335804680.0,-191.0,0.0,False
f9eba3ac-b378-54e0-bb6c-b0aa6bcf1b0d,1785335804876,sender -> receiver,0,True,1785335804684.0,-192.0,0.0,False
57a66738-09d2-57de-a236-f986b58887e1,1785335804881,sender -> receiver,0,True,1785335804698.0,-183.0,0.0,False
6a4c8b5f-0738-553a-90a8-74fedd7161a4,1785335804884,sender -> receiver,0,True,1785335804707.0,-177.0,0.0,False
052bd972-8e71-517d-8927-3fd905d4d1fb,1785335805856,sender -> receiver,0,True,1785335805620.0,-236.0,0.0,False
5c98afd9-05bc-5b7f-b308-bdfa42007ffa,1785335805860,sender -> receiver,0,True,1785335805627.0,-233.0,0.0,False
3f592d64-1a64-5180-8c46-e615087417d6,1785335805864,sender -> receiver,0,True,1785335805667.0,-197.0,0.0,False
4da64ec8-89d2-5e00-a139-b19e3fccc5c8,1785335805867,sender -> receiver,0,True,1785335805714.0,-153.0,0.0,False
9544eb7b-5f2a-5770-a1d5-108b168da684,1785335805871,sender -> receiver,0,True,1785335805718.0,-153.0,0.0,False
bf466b45-1db7-52a6-a94e-bf7ab0dc7c9b,1785335806830,sender -> receiver,0,True,1785335806612.0,-218.0,0.0,False
dbb43f4a-f37e-59f1-84ab-0b026eba1940,1785335806860,sender -> receiver,0,True,1785335806642.0,-218.0,0.0,False
01a5bb54-0af3-5459-b3ac-5bf6320c4acb,1785335806864,sender -> receiver,0,True,1785335806658.0,-206.0,0.0,False
e0135329-aa53-53e8-89e7-62b8bc4ddada,1785335806869,sender -> receiver,0,True,1785335806691.0,-178.0,0.0,False
6315bc15-8f41-5955-abcc-c58af931899f,1785335806873,sender -> receiver,0,True,1785335806697.0,-176.0,0.0,False
209adda5-901a-5e62-a8cd-d767f31ad47e,1785335807847,sender -> receiver,0,True,1785335807645.0,-202.0,0.0,False
b840c0e7-921f-534f-b2ee-0bbd4dc49157,1785335807855,sender -> receiver,0,True,1785335807658.0,-197.0,0.0,False
8dbbc20a-068c-5a38-8d9a-14a31ca51300,1785335807882,sender -> receiver,0,True,1785335807671.0,-211.0,0.0,False
80213bfe-fabc-5fdf-841c-fdfc02ee199f,1785335807886,sender -> receiver,0,True,1785335807704.0,-182.0,0.0,False
c79a3183-e567-53e1-9e5a-daa27617718f,1785335807890,sender -> receiver,0,True,1785335807712.0,-178.0,0.0,False
1fc2bcd3-9b27-54a1-b78d-b9cdf324d9d8,1785335807893,sender -> receiver,0,True,1785335807717.0,-176.0,0.0,False
f9511140-ac69-5fe2-9ffa-7b390c723bfe,1785335808819,sender -> receiver,0,True,1785335808592.0,-227.0,0.0,False
23acb465-0b8f-589c-a69f-a9677beb7914,1785335808824,sender -> receiver,0,True,1785335808601.0,-223.0,0.0,False
6a9aae84-3759-5339-ab11-87aa2d91c8ee,1785335808841,sender -> receiver,0,True,1785335808609.0,-232.0,0.0,False
305f2afb-f9f4-5218-8433-ffdd45c8d4e1,1785335808844,sender -> receiver,0,True,1785335808639.0,-205.0,0.0,False
d29c7271-a903-51ec-b9a0-86bd41b8208f,1785335808846,sender -> receiver,0,True,1785335808678.0,-168.0,0.0,False
dd04227c-949a-5679-b505-135fad0708ad,1785335809859,sender -> receiver,0,True,1785335809626.0,-233.0,0.0,False
d93969d8-ba66-5d3b-a9fa-3759c31f6911,1785335809865,sender -> receiver,0,True,1785335809635.0,-230.0,0.0,False
f8e8ee26-e9d7-5a5d-87c2-ff6b55a8b452,1785335809869,sender -> receiver,0,True,1785335809670.0,-199.0,0.0,False
e20d5350-6be6-5f6d-96a0-03e66ce4efb9,1785335809893,sender -> receiver,0,True,1785335809679.0,-214.0,0.0,False
382931c3-6764-5ffa-9f36-cf9762af8970,1785335809897,sender -> receiver,0,True,1785335809687.0,-210.0,0.0,False
45b5fc2a-6bdf-5dda-99ec-f9e1de376196,1785335810838,sender -> receiver,0,True,1785335810618.0,-220.0,0.0,False
7a9d1582-7be9-5de7-b562-5864df9779ec,1785335810840,sender -> receiver,0,True,1785335810626.0,-214.0,0.0,False
96ab775a-e098-59f3-851b-84b3bc6fe5b4,1785335810842,sender -> receiver,0,True,1785335810659.0,-183.0,0.0,False
f641dfc2-d909-5e04-980f-09d8f61fabd1,1785335810845,sender -> receiver,0,True,1785335810668.0,-177.0,0.0,False
27213672-7062-5ea2-8a31-392e5ac1b263,1785335810847,sender -> receiver,0,True,1785335810695.0,-152.0,0.0,False
0a3fb8ab-2750-53a4-839f-4cd08da3513c,1785335811854,sender -> receiver,0,True,1785335811656.0,-198.0,0.0,False
8cebeffc-9d35-5145-b22e-6e3d03ed69da,1785335811860,sender -> receiver,0,True,1785335811669.0,-191.0,0.0,False
7f829279-be0f-5435-875c-acb7aa256ee9,1785335811863,sender -> receiver,0,True,1785335811696.0,-167.0,0.0,False
4096108c-eb8f-56d8-bf0c-1ace5c82db74,1785335811891,sender -> receiver,0,True,1785335811702.0,-189.0,0.0,False
936d1129-049d-5d50-8a92-33ab95719c87,1785335811895,sender -> receiver,0,True,1785335811714.0,-181.0,0.0,False
81b8b6c3-18ed-5cd8-be5a-d48f1a4c248f,1785335811897,sender -> receiver,0,True,1785335811719.0,-178.0,0.0,False
8d5d30f8-cde8-5e92-bdd0-c400918a3bcd,1785335812830,sender -> receiver,0,True,1785335812623.0,-207.0,0.0,False
855df889-cc9d-59fa-aed0-b719b4f840e2,1785335812834,sender -> receiver,0,True,1785335812629.0,-205.0,0.0,False
d8eade1e-528a-56c8-9f30-2b8840dd50ad,1785335812838,sender -> receiver,0,True,1785335812644.0,-194.0,0.0,False
660d79c2-8f48-5bbf-ab20-54ab5f628979,1785335812841,sender -> receiver,0,True,1785335812670.0,-171.0,0.0,False
5bd23e3e-b690-501e-8727-5d56e64d8447,1785335812861,sender -> receiver,0,True,1785335812674.0,-187.0,0.0,False
ea755de4-58d9-56fa-b346-2d6e695b7e78,1785335813840,sender -> receiver,0,True,1785335813639.0,-201.0,0.0,False
84d41758-1e64-5a5f-a8ba-ab40442e0ec0,1785335813844,sender -> receiver,0,True,1785335813642.0,-202.0,0.0,False
84167083-e0e6-5744-9ccd-0a5353db790c,1785335813846,sender -> receiver,0,True,1785335813644.0,-202.0,0.0,False
4bb10e31-5889-5136-98b5-7698766033f7,1785335813848,sender -> receiver,0,True,1785335813662.0,-186.0,0.0,False
13131e92-9d74-5102-94ee-5f1c1ac59bac,1785335813853,sender -> receiver,0,True,1785335813664.0,-189.0,0.0,False
02e72c36-7fe1-5572-b3a7-9aecdbf7baf5,1785335814814,sender -> receiver,0,True,1785335814622.0,-192.0,0.0,False
d09c19ba-1bcb-5f36-8a39-807131368bac,1785335814819,sender -> receiver,0,True,1785335814632.0,-187.0,0.0,False
063d93c3-a6f2-5354-93f0-5e06bb14b9bb,1785335814842,sender -> receiver,0,True,1785335814638.0,-204.0,0.0,False
68033ff8-b231-5dae-a21e-daa7f9d26a5c,1785335814845,sender -> receiver,0,True,1785335814643.0,-202.0,0.0,False
7ba2524a-41de-5571-8275-c4b69103a4b8,1785335814848,sender -> receiver,0,True,1785335814673.0,-175.0,0.0,False
a09540d7-0b8a-5c1b-ba04-38e4f1f71d85,1785335815817,sender -> receiver,0,True,1785335815611.0,-206.0,0.0,False
cda2abdd-29fd-528c-89a1-85e3754dcc5a,1785335815824,sender -> receiver,0,True,1785335815618.0,-206.0,0.0,False
a37faa10-ac78-5d11-8e13-4c89c79df94c,1785335815828,sender -> receiver,0,True,1785335815657.0,-171.0,0.0,False
59e4f983-b9af-5f34-ac4c-3c8c2b38b721,1785335815830,sender -> receiver,0,True,1785335815666.0,-164.0,0.0,False
6ab2d371-0206-5d99-af6b-9c08ca90dced,1785335815847,sender -> receiver,0,True,1785335815673.0,-174.0,0.0,False
5bba4799-efd5-596c-8c24-fcf71916ab89,1785335815850,sender -> receiver,0,True,1785335815709.0,-141.0,0.0,False
28c48f0e-efc1-5cc8-9d1c-0d141c7cbe36,1785335816830,sender -> receiver,0,True,1785335816632.0,-198.0,0.0,False
957ee7c6-13b3-5e26-8fba-7dcb8c5e9bf2,1785335816832,sender -> receiver,0,True,1785335816634.0,-198.0,0.0,False
58119551-5456-59e1-81c5-8c6ae6444b0b,1785335816835,sender -> receiver,0,True,1785335816636.0,-199.0,0.0,False
15769bb6-419f-5bf5-8117-497c01fd0049,1785335816837,sender -> receiver,0,True,1785335816640.0,-197.0,0.0,False
7c6621da-0df4-5823-ba78-4c8aa71ca678,1785335816839,sender -> receiver,0,True,1785335816644.0,-195.0,0.0,False
fc0c5394-fd6a-5751-acbc-845e29b34506,1785335817840,sender -> receiver,0,True,1785335817639.0,-201.0,0.0,False
c7886b4a-5e08-562a-9583-454bdee8ce5f,1785335817844,sender -> receiver,0,True,1785335817681.0,-163.0,0.0,False
31997038-195b-53c1-8d20-6fd6dca4a097,1785335817848,sender -> receiver,0,True,1785335817687.0,-161.0,0.0,False
40a794b0-c235-57f1-ace0-282ddf5a491c,1785335817852,sender -> receiver,0,True,1785335817693.0,-159.0,0.0,False
efd81996-1ea0-51dd-9797-57e8f2294b5e,1785335817855,sender -> receiver,0,True,1785335817698.0,-157.0,0.0,False
97a0805d-5bd5-5350-a122-86f995ac5a76,1785335818820,sender -> receiver,0,True,1785335818633.0,-187.0,0.0,False
a4cbea44-cc3e-5997-866b-54c86f04271f,1785335818825,sender -> receiver,0,True,1785335818636.0,-189.0,0.0,False
bf643f5f-fff4-5071-a386-a12228055086,1785335818832,sender -> receiver,0,True,1785335818653.0,-179.0,0.0,False
625d0176-ba65-5939-8be3-1e0c672167d5,1785335818839,sender -> receiver,0,True,1785335818660.0,-179.0,0.0,False
397940cc-0c23-50c5-ad1c-64191fcc0e25,1785335818887,sender -> receiver,0,True,1785335818668.0,-219.0,0.0,False
bfaa0ff1-7e4e-5097-bd5f-dcc9b64f4484,1785335819824,sender -> receiver,0,True,1785335819644.0,-180.0,0.0,False
df000eb8-0571-5803-98b9-64637867bfad,1785335819866,sender -> receiver,0,True,1785335819649.0,-217.0,0.0,False
433d3f84-429f-5204-a459-59b25b873d91,1785335819872,sender -> receiver,0,True,1785335819704.0,-168.0,0.0,False
ef4d671d-d0c5-5c2b-bba5-883014446a1e,1785335819878,sender -> receiver,0,True,1785335819711.0,-167.0,0.0,False
90637134-e700-5bc0-a519-5bce4fbd3096,1785335819887,sender -> receiver,0,True,1785335819715.0,-172.0,0.0,False
24e7da28-e2a9-5cdb-b7e7-8aca510320be,1785335819916,sender -> receiver,0,True,1785335819718.0,-198.0,0.0,False
1fbc1775-76d4-5e47-80ca-3660ff877d45,1785335820874,sender -> receiver,0,True,1785335820607.0,-267.0,0.0,False
de072c03-0c3f-5f97-8f19-026026616532,1785335820880,sender -> receiver,0,True,1785335820657.0,-223.0,0.0,False
e9f65e2b-c0c6-5cbb-9050-1071b06ad627,1785335820883,sender -> receiver,0,True,1785335820671.0,-212.0,0.0,False
d4180ae6-5c1f-55b4-a27f-83dd67a3296c,1785335820888,sender -> receiver,0,True,1785335820677.0,-211.0,0.0,False
dcfe5a45-d6eb-5da8-bbb2-365814404bad,1785335820892,sender -> receiver,0,True,1785335820684.0,-208.0,0.0,False
5de0f017-2853-50e9-8d5f-7f8080502fc6,1785335821864,sender -> receiver,0,True,1785335821609.0,-255.0,0.0,False
1b220bff-30b0-5681-a63a-e165f40a6a34,1785335821866,sender -> receiver,0,True,1785335821612.0,-254.0,0.0,False
d8b92208-da2c-547d-8904-16be18753767,1785335821867,sender -> receiver,0,True,1785335821615.0,-252.0,0.0,False
d0a1aaf2-cb34-541d-a134-5b2e67203e91,1785335821869,sender -> receiver,0,True,1785335821622.0,-247.0,0.0,False
75fefff8-0f13-51a6-928c-5c5a779915ef,1785335821870,sender -> receiver,0,True,1785335821629.0,-241.0,0.0,False
6b5f1f34-8695-50d6-b129-84c09ab3f08b,1785335822810,sender -> receiver,0,True,1785335822587.0,-223.0,0.0,False
7a1de5ff-290d-584a-ae7b-5b034dfded77,1785335822816,sender -> receiver,0,True,1785335822598.0,-218.0,0.0,False
3e81226d-0933-5a58-bef9-a6887ac30021,1785335822818,sender -> receiver,0,True,1785335822602.0,-216.0,0.0,False
a46f3eff-4bec-5549-97d6-6e0cbe1b7e1c,1785335822836,sender -> receiver,0,True,1785335822605.0,-231.0,0.0,False
6692b893-5f3f-518a-8e0f-257b4794310a,1785335822838,sender -> receiver,0,True,1785335822647.0,-191.0,0.0,False
86fddc7b-5d90-5a91-b87e-f009832b0970,1785335863499,sender -> receiver,0,True,1785335863310.0,-189.0,0.0,False
53fe729e-8726-5a49-b875-bf605c55b1d0,1785335863507,sender -> receiver,0,True,1785335863319.0,-188.0,0.0,False
a46436ba-f0e9-5210-a12f-afe87cfb2064,1785335863553,sender -> receiver,0,True,1785335863325.0,-228.0,0.0,False
f4cb87b5-5ba7-5d0d-818c-89a476628043,1785335863560,sender -> receiver,0,True,1785335863358.0,-202.0,0.0,False
5c877922-4b83-5a96-853e-fdd093df125e,1785335864533,sender -> receiver,0,True,1785335864304.0,-229.0,0.0,False
b74fa085-7ffd-552c-b368-f020d04c7c7a,1785335864537,sender -> receiver,0,True,1785335864309.0,-228.0,0.0,False
4362c1ce-3ef1-5986-b95f-74a234f02564,1785335864542,sender -> receiver,0,True,1785335864339.0,-203.0,0.0,False
14368fb9-a266-5c27-ab58-af2f1ec28f4a,1785335864546,sender -> receiver,0,True,1785335864400.0,-146.0,0.0,False
777a748e-45d8-5be1-8f33-43674caafa4c,1785335865521,sender -> receiver,0,True,1785335865307.0,-214.0,0.0,False
e4a3190d-c9e3-5304-a21e-92b67ca69287,1785335865526,sender -> receiver,0,True,1785335865314.0,-212.0,0.0,False
426da607-6570-5718-a372-7ac07797ddc6,1785335865530,sender -> receiver,0,True,1785335865319.0,-211.0,0.0,False
e532ed60-c845-5cd7-9bb2-0ed436f5f47d,1785335865574,sender -> receiver,0,True,1785335865324.0,-250.0,0.0,False
384ffd3e-afaa-5626-bfc3-ce1269b6907c,1785335866510,sender -> receiver,0,True,1785335866287.0,-223.0,0.0,False
5479b2c1-157b-549a-8dde-52b0ba59cbb5,1785335866514,sender -> receiver,0,True,1785335866290.0,-224.0,0.0,False
9afca5f3-1be4-5868-8c50-aa9f4c7acb6e,1785335866518,sender -> receiver,0,True,1785335866294.0,-224.0,0.0,False
b6a32f83-4ef8-5d58-84fe-0fac4aac9689,1785335866522,sender -> receiver,0,True,1785335866298.0,-224.0,0.0,False
a4a0558f-2668-5c55-9341-0f62d747d818,1785335867496,sender -> receiver,0,True,1785335867270.0,-226.0,0.0,False
cb90a8f5-c064-53bb-9e5b-a4ab9791a67e,1785335867498,sender -> receiver,0,True,1785335867281.0,-217.0,0.0,False
11b33214-b84a-58f5-b314-17aa22cf2da9,1785335867499,sender -> receiver,0,True,1785335867284.0,-215.0,0.0,False
7e0e81d4-b7a0-573e-b3f6-45f3bc919f11,1785335867500,sender -> receiver,0,True,1785335867289.0,-211.0,0.0,False
47fdcfb7-a98b-56de-ad57-bb4d2f75107f,1785335868518,sender -> receiver,0,True,1785335868306.0,-212.0,0.0,False
3ece307a-e95c-525b-9163-052b7359585c,1785335868520,sender -> receiver,0,True,1785335868314.0,-206.0,0.0,False
c9d7d70d-7be3-54bf-94db-25e1e9936a11,1785335868522,sender -> receiver,0,True,1785335868319.0,-203.0,0.0,False
5e8e5007-903b-5149-90d6-9d495ff349d5,1785335868524,sender -> receiver,0,True,1785335868349.0,-175.0,0.0,False
7a510273-d41c-5f86-957b-937052617251,1785335869510,sender -> receiver,0,True,1785335869297.0,-213.0,0.0,False
0ec62387-0c7c-536f-aefb-7ada9eabf469,1785335869512,sender -> receiver,0,True,1785335869307.0,-205.0,0.0,False
57431c66-64f7-5da5-8d06-83c72b36d8cb,1785335869514,sender -> receiver,0,True,1785335869314.0,-200.0,0.0,False
dfaf1851-aa50-54cd-ae22-930a658ce68e,1785335870502,sender -> receiver,0,True,1785335870288.0,-214.0,0.0,False
96965493-6b44-569d-b9a0-9ff452822418,1785335870508,sender -> receiver,0,True,1785335870293.0,-215.0,0.0,False
85dc9754-15ce-5862-8eef-3570d5ea15a5,1785335870552,sender -> receiver,0,True,1785335870303.0,-249.0,0.0,False
54ec9e5a-beef-53d6-aaf6-5322ccc84684,1785335870556,sender -> receiver,0,True,1785335870347.0,-209.0,0.0,False
6dcf6c30-fa9a-5732-92e0-ebd33b9119f9,1785335871508,sender -> receiver,0,True,1785335871282.0,-226.0,0.0,False
f4e7e083-2e78-53aa-838d-b4e8918434ab,1785335871510,sender -> receiver,0,True,1785335871293.0,-217.0,0.0,False
ad7ff684-6c27-5b6f-911e-be102cfaae02,1785335871512,sender -> receiver,0,True,1785335871306.0,-206.0,0.0,False
a5a8807a-4899-5fda-8f98-7eb918d7066d,1785335871514,sender -> receiver,0,True,1785335871329.0,-185.0,0.0,False
9d6a5205-eebe-58e8-9f2e-a96188d7cf8f,1785335872515,sender -> receiver,0,True,1785335872309.0,-206.0,0.0,False
965986c7-94e0-577d-be46-89d933bb83d2,1785335872519,sender -> receiver,0,True,1785335872317.0,-202.0,0.0,False
f01c3a88-2e0a-5a33-8947-f4091faa986c,1785335872523,sender -> receiver,0,True,1785335872321.0,-202.0,0.0,False
ca68f077-33f1-51af-aa6c-93095b1d97b8,1785335872527,sender -> receiver,0,True,1785335872331.0,-196.0,0.0,False
ce2bd51f-63e7-59c3-97bb-41c1218af9cf,1785335873519,sender -> receiver,0,True,1785335873346.0,-173.0,0.0,False
5f1df107-1856-5794-9430-e181f60cfb18,1785335873526,sender -> receiver,0,True,1785335873352.0,-174.0,0.0,False
a42b03f3-9ca8-51ce-b696-073e35252b30,1785335873533,sender -> receiver,0,True,1785335873355.0,-178.0,0.0,False
4527b2db-e84b-51fd-a457-faaf92cd854f,1785335873579,sender -> receiver,0,True,1785335873362.0,-217.0,0.0,False
8345be78-7af9-5cef-a566-817ec501e692,1785335874497,sender -> receiver,0,True,1785335874336.0,-161.0,0.0,False
4456d033-4d88-5fc5-a818-2f8383c9fc99,1785335874499,sender -> receiver,0,True,1785335874349.0,-150.0,0.0,False
c9fd21de-6d7a-564f-b7b7-f3de4e54ee60,1785335874502,sender -> receiver,0,True,1785335874357.0,-145.0,0.0,False
d1afc55d-b075-5215-bc50-206a13c979da,1785335874504,sender -> receiver,0,True,1785335874365.0,-139.0,0.0,False
19029027-f4e7-5e7a-8e3a-98a00b8956f1,1785335875489,sender -> receiver,0,True,1785335875292.0,-197.0,0.0,False
c3ecec2e-36ae-5a8a-a76e-49b16119f269,1785335875491,sender -> receiver,0,True,1785335875299.0,-192.0,0.0,False
c1136fc1-b1b3-5e41-9da2-3edbd9b23686,1785335875492,sender -> receiver,0,True,1785335875304.0,-188.0,0.0,False
f575a5a0-146b-58e9-9c8b-43976b5d89bc,1785335876518,sender -> receiver,0,True,1785335876318.0,-200.0,0.0,False
6d7b53f4-e871-5f8e-b266-3fafe7daf695,1785335876523,sender -> receiver,0,True,1785335876329.0,-194.0,0.0,False
537102ff-7314-530f-a1c6-ba400db6905f,1785335876529,sender -> receiver,0,True,1785335876334.0,-195.0,0.0,False
61f390d9-9b61-5af9-9662-ac196a01597c,1785335876534,sender -> receiver,0,True,1785335876339.0,-195.0,0.0,False
b2f330c2-5d5c-5408-b7d0-2f8fe6ca2493,1785335877500,sender -> receiver,0,True,1785335877357.0,-143.0,0.0,False
cb24bc64-65de-5d83-a95e-8f81d4337374,1785335877503,sender -> receiver,0,True,1785335877362.0,-141.0,0.0,False
86f2f0f7-7124-518c-b636-e504b744c563,1785335877505,sender -> receiver,0,True,1785335877366.0,-139.0,0.0,False
4505807c-52fa-5fa4-bf91-c8a69bbe4db3,1785335877507,sender -> receiver,0,True,1785335877371.0,-136.0,0.0,False
123bb29c-0bdc-5bff-8284-27d83d347142,1785335878498,sender -> receiver,0,True,1785335878296.0,-202.0,0.0,False
bb310f84-8f1c-5d04-a595-6272fbb0e6cb,1785335878502,sender -> receiver,0,True,1785335878306.0,-196.0,0.0,False
4efa13a6-4b84-58ac-935f-6c4d3b4f7660,1785335878506,sender -> receiver,0,True,1785335878311.0,-195.0,0.0,False
50a26ee4-ee2a-5c0b-a103-2d3dfc127a8d,1785335878511,sender -> receiver,0,True,1785335878320.0,-191.0,0.0,False
b7fc6856-f9b1-5d33-8d9a-c8857a87c8e6,1785335879504,sender -> receiver,0,True,1785335879286.0,-218.0,0.0,False
a832a685-be56-5621-84f9-d9e6c16a24de,1785335879506,sender -> receiver,0,True,1785335879296.0,-210.0,0.0,False
bf3b28c7-ecc6-5d39-8428-0bccabc3a3cd,1785335879507,sender -> receiver,0,True,1785335879306.0,-201.0,0.0,False
dac53879-e93b-55eb-8ff7-4cc281aa4ac4,1785335879508,sender -> receiver,0,True,1785335879339.0,-169.0,0.0,False
f9ca83dc-1f34-59dd-956d-b0ada44c6258,1785335880507,sender -> receiver,0,True,1785335880276.0,-231.0,0.0,False
78380b35-f3e5-57b7-91e7-686ab8a27c2c,1785335880511,sender -> receiver,0,True,1785335880285.0,-226.0,0.0,False
ba498ffb-4fb7-5ef3-9c91-d466f0e5543f,1785335880514,sender -> receiver,0,True,1785335880290.0,-224.0,0.0,False
62d4eead-a8e3-5264-8f21-54b793ac6240,1785335880518,sender -> receiver,0,True,1785335880328.0,-190.0,0.0,False
3125d802-05c0-58d9-9e00-a6798d54ba01,1785335881505,sender -> receiver,0,True,1785335881315.0,-190.0,0.0,False
6691e5e5-05a5-5116-aa1c-55cda6f0eeb6,1785335881510,sender -> receiver,0,True,1785335881319.0,-191.0,0.0,False
a590e57e-eda2-5fcb-a63c-4525473cd679,1785335881549,sender -> receiver,0,True,1785335881324.0,-225.0,0.0,False
0247b04d-d026-5cab-af03-55c4ce96aba5,1785335881553,sender -> receiver,0,True,1785335881355.0,-198.0,0.0,False
e3c2d960-5093-5626-8ef4-135eaaee92b3,1785335882510,sender -> receiver,0,True,1785335882303.0,-207.0,0.0,False
fd309dfd-ebfd-5f16-9ffe-1dfaf000e2ca,1785335882515,sender -> receiver,0,True,1785335882310.0,-205.0,0.0,False
9bebde78-c739-5088-8ed8-4b67e0304dfa,1785335882520,sender -> receiver,0,True,1785335882317.0,-203.0,0.0,False
bdc6d824-5856-51c0-b25e-3cfc87efbfae,1785335883536,sender -> receiver,0,True,1785335883293.0,-243.0,0.0,False
42924b3e-c9c0-559c-af48-1b943538d689,1785335883540,sender -> receiver,0,True,1785335883342.0,-198.0,0.0,False
062a5f2c-7b65-5bbf-b4ee-75902ef5ce60,1785335883543,sender -> receiver,0,True,1785335883348.0,-195.0,0.0,False
36c28aa1-3215-5a34-95c6-4e6fe494e30f,1785335883547,sender -> receiver,0,True,1785335883355.0,-192.0,0.0,False
e9783372-f815-5b9d-8c46-c6651ec7981c,1785335884512,sender -> receiver,0,True,1785335884279.0,-233.0,0.0,False
f0514040-e269-5139-8d04-bbf8977beebf,1785335884516,sender -> receiver,0,True,1785335884298.0,-218.0,0.0,False
e1408d07-ee29-56aa-97c9-74cd9a31d2c4,1785335884520,sender -> receiver,0,True,1785335884337.0,-183.0,0.0,False
c8af488e-8eb6-5bf4-84b4-afc475e933d3,1785335884523,sender -> receiver,0,True,1785335884342.0,-181.0,0.0,False
455234fa-19bb-58a4-bdf2-670b7829509a,1785335885509,sender -> receiver,0,True,1785335885314.0,-195.0,0.0,False
b1d695c0-3512-5699-92eb-756dda442f3b,1785335885513,sender -> receiver,0,True,1785335885324.0,-189.0,0.0,False
942acd69-8410-50a2-99d3-ab0cd9884a7a,1785335885549,sender -> receiver,0,True,1785335885329.0,-220.0,0.0,False
4d69f13c-dc66-594c-b6ee-04338e2d55c5,1785335885554,sender -> receiver,0,True,1785335885356.0,-198.0,0.0,False
6a66bd09-9b63-5baa-9b3a-aed14ed91e14,1785335886514,sender -> receiver,0,True,1785335886351.0,-163.0,0.0,False
33b48c0a-988e-509d-add8-e164dfcbc7e0,1785335886521,sender -> receiver,0,True,1785335886363.0,-158.0,0.0,False
3f534d43-5721-5b8b-bc1c-73aeb4203dd8,1785335886529,sender -> receiver,0,True,1785335886370.0,-159.0,0.0,False
822dc6df-7cc7-51d5-b925-d50ee4d7c38b,1785335886570,sender -> receiver,0,True,1785335886395.0,-175.0,0.0,False
ad496d14-7c14-5fe4-a582-d7f18f7b64d0,1785335887503,sender -> receiver,0,True,1785335887301.0,-202.0,0.0,False
6f8b7c93-b8b1-5ffb-9bf7-de5a333ad3cf,1785335887512,sender -> receiver,0,True,1785335887307.0,-205.0,0.0,False
a4d08e95-5d65-545c-9208-13d7b5fce34a,1785335887522,sender -> receiver,0,True,1785335887338.0,-184.0,0.0,False
82b28490-7174-588d-875c-d9623225cb2a,1785335887570,sender -> receiver,0,True,1785335887345.0,-225.0,0.0,False
96d4422a-2a80-52e0-a72d-ff9634b60793,1785335888504,sender -> receiver,0,True,1785335888287.0,-217.0,0.0,False
8763b066-59a9-5af4-9913-d2a9716d6baf,1785335888510,sender -> receiver,0,True,1785335888312.0,-198.0,0.0,False
446371e8-8edc-5c25-8bad-bec0a8a64a59,1785335888516,sender -> receiver,0,True,1785335888317.0,-199.0,0.0,False
b311091c-ac3e-5703-b36b-bfb5c4e9302c,1785335934701,sender -> receiver,0,True,1785335934567.0,-134.0,0.0,False
92c19518-76b4-50c0-a576-6407958eb607,1785335934703,sender -> receiver,0,True,1785335934571.0,-132.0,0.0,False
fa09644e-f1a0-549a-9fef-72b0cd9ba73d,1785335934704,sender -> receiver,0,True,1785335934573.0,-131.0,0.0,False
ec5ab92c-4da3-5dbf-b720-c1e119bbde1c,1785335934706,sender -> receiver,0,True,1785335934576.0,-130.0,0.0,False
ca9c6e42-70c4-5c98-970f-f11ddb45b1ac,1785335934708,sender -> receiver,0,True,1785335934579.0,-129.0,0.0,False
f7c8d9a7-60af-5aa2-962f-fc386eb0c795,1785335935683,sender -> receiver,0,True,1785335935509.0,-174.0,0.0,False
79134e34-e275-5b0a-ab72-1b7d780541cc,1785335935685,sender -> receiver,0,True,1785335935514.0,-171.0,0.0,False
b14d035f-e211-5004-8f9d-ccc450233b42,1785335935687,sender -> receiver,0,True,1785335935521.0,-166.0,0.0,False
bd24fe6c-e9b0-5c6a-8300-43d622c44834,1785335935690,sender -> receiver,0,True,1785335935527.0,-163.0,0.0,False
6d33fdc6-9930-5ea9-a898-c51ccc52d0ec,1785335935692,sender -> receiver,0,True,1785335935533.0,-159.0,0.0,False
9bce1612-85f1-5ee2-b0e2-41e8cac5e7dd,1785335936697,sender -> receiver,0,True,1785335936501.0,-196.0,0.0,False
446353d2-3bd5-595e-8daf-8c284463a00b,1785335936701,sender -> receiver,0,True,1785335936508.0,-193.0,0.0,False
ad5cf313-321e-50bb-b9de-6711d981c905,1785335936705,sender -> receiver,0,True,1785335936515.0,-190.0,0.0,False
fd0675bc-bdfc-5abb-92d1-8ec3fce00e05,1785335936708,sender -> receiver,0,True,1785335936521.0,-187.0,0.0,False
f25eb698-f851-5fa4-8f4b-5e3184d9bf93,1785335936711,sender -> receiver,0,True,1785335936528.0,-183.0,0.0,False
483fe435-2e33-5a14-b90e-3282bfaf74db,1785335937683,sender -> receiver,0,True,1785335937491.0,-192.0,0.0,False
598062ad-ea25-5ba1-8b02-88cf9c17e2f1,1785335937685,sender -> receiver,0,True,1785335937498.0,-187.0,0.0,False
40fa1840-0678-5473-b717-eeeba7673050,1785335937687,sender -> receiver,0,True,1785335937503.0,-184.0,0.0,False
77bc9a8d-0a23-53d2-8319-e59ca19464f8,1785335937689,sender -> receiver,0,True,1785335937507.0,-182.0,0.0,False
43617442-8a97-5ea2-b212-0453a3345b9c,1785335937690,sender -> receiver,0,True,1785335937511.0,-179.0,0.0,False
95eb842c-39d8-5043-8edb-4484366ad70b,1785335938685,sender -> receiver,0,True,1785335938474.0,-211.0,0.0,False
32a0735d-a421-599c-94d5-52f4693afbd8,1785335938688,sender -> receiver,0,True,1785335938480.0,-208.0,0.0,False
56192a5d-9144-5eec-9caa-b8acb4c37747,1785335938703,sender -> receiver,0,True,1785335938550.0,-153.0,0.0,False
1efc2666-83d5-5813-b781-db237b1bdaac,1785335938705,sender -> receiver,0,True,1785335938555.0,-150.0,0.0,False
2a7ce0bd-018d-5f5b-b78e-e5ce90351017,1785335938707,sender -> receiver,0,True,1785335938560.0,-147.0,0.0,False
538fa612-607f-52d9-823a-ce89ce352f66,1785335939688,sender -> receiver,0,True,1785335939499.0,-189.0,0.0,False
72caab48-2aef-5801-82df-dc98a63ccc07,1785335939691,sender -> receiver,0,True,1785335939504.0,-187.0,0.0,False
c04d97dc-138e-5f73-aca2-314b52d60bf0,1785335939696,sender -> receiver,0,True,1785335939534.0,-162.0,0.0,False
a8c415c8-1990-52e4-a5f4-64cc1307ae7a,1785335939698,sender -> receiver,0,True,1785335939538.0,-160.0,0.0,False
da729a00-acb5-5d02-a3c6-e8c6c358ee26,1785335939700,sender -> receiver,0,True,1785335939545.0,-155.0,0.0,False
02de5f2c-621b-568b-a79c-c8a351bfbbb1,1785335940698,sender -> receiver,0,True,1785335940531.0,-167.0,0.0,False
5f08af48-1e28-5174-9f7a-931b7389cca2,1785335940701,sender -> receiver,0,True,1785335940538.0,-163.0,0.0,False
dec940f4-848a-5837-8653-81693d724ec5,1785335940703,sender -> receiver,0,True,1785335940543.0,-160.0,0.0,False
25859813-57cb-537d-8bd9-cd69b9db1fe2,1785335940705,sender -> receiver,0,True,1785335940549.0,-156.0,0.0,False
d07ac98c-9332-59b0-9fe3-f6fa430c2611,1785335940707,sender -> receiver,0,True,1785335940567.0,-140.0,0.0,False
4198864e-ccff-5553-875a-db2d31c11c2d,1785335941710,sender -> receiver,0,True,1785335941494.0,-216.0,0.0,False
b40fb2da-9fc4-5fb6-bef7-666911e0f655,1785335941717,sender -> receiver,0,True,1785335941537.0,-180.0,0.0,False
f860dee8-f8ab-5007-9b6a-6e0076632092,1785335941723,sender -> receiver,0,True,1785335941543.0,-180.0,0.0,False
659315db-1931-558c-8d98-f7600c9c2ce4,1785335941727,sender -> receiver,0,True,1785335941549.0,-178.0,0.0,False
4e4d3d44-7144-55c2-a137-b7ee2e9caec2,1785335941754,sender -> receiver,0,True,1785335941556.0,-198.0,0.0,False
327ba271-46d6-5d1c-85e4-a01a5e278745,1785335942709,sender -> receiver,0,True,1785335942519.0,-190.0,0.0,False
cc3b207f-2870-5b46-8fe8-ad274e6783f7,1785335942715,sender -> receiver,0,True,1785335942521.0,-194.0,0.0,False
bba77b40-c619-5aa6-ba79-3bfa10606600,1785335942720,sender -> receiver,0,True,1785335942523.0,-197.0,0.0,False
b43de5f3-3aa3-5284-b172-abe1c283b95f,1785335942746,sender -> receiver,0,True,1785335942542.0,-204.0,0.0,False
60da7ad9-fb14-5020-a174-3c1e66eef620,1785335942749,sender -> receiver,0,True,1785335942546.0,-203.0,0.0,False
aa66c979-5438-5b3a-9bec-03b0ca2a09b2,1785335943680,sender -> receiver,0,True,1785335943473.0,-207.0,0.0,False
28b429a9-6219-5e61-a0be-a1c22ed5c443,1785335943682,sender -> receiver,0,True,1785335943480.0,-202.0,0.0,False
141f22a6-b1c9-54d7-9b46-24a2d11c93e8,1785335943685,sender -> receiver,0,True,1785335943488.0,-197.0,0.0,False
003ad71c-af41-5914-a51f-e35b4850e9e2,1785335943688,sender -> receiver,0,True,1785335943493.0,-195.0,0.0,False
73030600-c5bb-5e16-bb37-8fe16db9bdec,1785335943690,sender -> receiver,0,True,1785335943497.0,-193.0,0.0,False
d2075ca5-9ff5-57e6-a183-6aaedd952328,1785335944722,sender -> receiver,0,True,1785335944543.0,-179.0,0.0,False
418fc25d-7a03-5b26-91ef-4b0f39ed69a7,1785335944725,sender -> receiver,0,True,1785335944549.0,-176.0,0.0,False
635e78bd-dcaa-55b8-83ca-53a7244c0ae6,1785335944728,sender -> receiver,0,True,1785335944554.0,-174.0,0.0,False
5f5cff1b-8213-5842-8f4f-92389f37153c,1785335944750,sender -> receiver,0,True,1785335944560.0,-190.0,0.0,False
a974ddcd-ef69-5083-a700-c0379dad5a9f,1785335944752,sender -> receiver,0,True,1785335944594.0,-158.0,0.0,False
42e21924-eb8b-5e14-b530-f9b190ad17a9,1785335945686,sender -> receiver,0,True,1785335945513.0,-173.0,0.0,False
6e1c925a-f4a7-5cb0-aca0-5eeb5c760e68,1785335945690,sender -> receiver,0,True,1785335945520.0,-170.0,0.0,False
f3d6c4ca-cfa2-5eed-8395-333c416e9974,1785335945706,sender -> receiver,0,True,1785335945526.0,-180.0,0.0,False
a5bd2f38-a57d-50d7-bc32-87a211e556cf,1785335945709,sender -> receiver,0,True,1785335945531.0,-178.0,0.0,False
496e9e37-d4e4-5931-a2f1-ae0abf78eab8,1785335945711,sender -> receiver,0,True,1785335945534.0,-177.0,0.0,False
aca23d91-73e3-5578-8ee9-1b2a516c24dc,1785335946693,sender -> receiver,0,True,1785335946574.0,-119.0,0.0,False
eabc1401-9aa3-5eef-a191-90a590dfe7d2,1785335946697,sender -> receiver,0,True,1785335946583.0,-114.0,0.0,False
4a14abbe-ff3e-56a0-accb-1cd50aef7418,1785335946701,sender -> receiver,0,True,1785335946593.0,-108.0,0.0,False
cd6ecd5e-d2eb-52ed-8dfb-323048a60afe,1785335946704,sender -> receiver,0,True,1785335946603.0,-101.0,0.0,False
908f9540-003e-540c-89dd-fc55951dde11,1785335946726,sender -> receiver,0,True,1785335946639.0,-87.0,0.0,False
384fa61f-fcb7-5f7a-ba9a-572459286198,1785335947714,sender -> receiver,0,True,1785335947514.0,-200.0,0.0,False
adb42ef3-66af-597d-bbf7-14d6b865fc9e,1785335947721,sender -> receiver,0,True,1785335947520.0,-201.0,0.0,False
039f00a0-138f-5a9c-abd2-41d8b6232224,1785335947743,sender -> receiver,0,True,1785335947527.0,-216.0,0.0,False
8157e69a-18e0-51e0-978f-e78bd5f539fd,1785335947749,sender -> receiver,0,True,1785335947533.0,-216.0,0.0,False
f78c6ba7-36b7-5918-b3db-c8bb984f5b3d,1785335947755,sender -> receiver,0,True,1785335947561.0,-194.0,0.0,False
8ae1df4e-ec16-5b17-ba0a-e3f9e6a41e30,1785335948716,sender -> receiver,0,True,1785335948519.0,-197.0,0.0,False
de7ee6b1-739d-5903-9301-a48f5fb8d877,1785335948721,sender -> receiver,0,True,1785335948523.0,-198.0,0.0,False
57d01341-18fb-5ca3-ab4e-15472eb82104,1785335948729,sender -> receiver,0,True,1785335948526.0,-203.0,0.0,False
7ed91978-9da7-5615-9916-6c12a2689818,1785335948733,sender -> receiver,0,True,1785335948532.0,-201.0,0.0,False
52ad9957-4007-550f-8d6f-17fd32407583,1785335948759,sender -> receiver,0,True,1785335948537.0,-222.0,0.0,False
c9508739-2af6-587a-aaac-df3633794c32,1785335949699,sender -> receiver,0,True,1785335949488.0,-211.0,0.0,False
c2d44c06-892c-51a1-9ab4-2c0a7d650f35,1785335949703,sender -> receiver,0,True,1785335949499.0,-204.0,0.0,False
9cddc1d5-8716-5ed1-bea1-aa928b521691,1785335949707,sender -> receiver,0,True,1785335949506.0,-201.0,0.0,False
43dddf24-9e90-5d6e-a469-6c5e4a5db270,1785335949729,sender -> receiver,0,True,1785335949513.0,-216.0,0.0,False
e9a50c3b-0f26-5d3b-917e-fdff94d3ad58,1785335949732,sender -> receiver,0,True,1785335949539.0,-193.0,0.0,False
ac4264b0-1f22-5089-8efe-6f50796e761c,1785335950713,sender -> receiver,0,True,1785335950554.0,-159.0,0.0,False
0f597d63-4ab1-57cf-b3ed-465078c5b344,1785335950721,sender -> receiver,0,True,1785335950558.0,-163.0,0.0,False
9e12fa63-9a9e-54de-9c80-8815b8840122,1785335950752,sender -> receiver,0,True,1785335950562.0,-190.0,0.0,False
182cf14f-8477-51bb-92f4-2d8d4d4f6585,1785335950757,sender -> receiver,0,True,1785335950565.0,-192.0,0.0,False
9639b151-b32e-5f5f-ae67-58b5315eb527,1785335950762,sender -> receiver,0,True,1785335950569.0,-193.0,0.0,False
49e0102c-7b4a-5540-8bdd-305b57c90617,1785335951693,sender -> receiver,0,True,1785335951481.0,-212.0,0.0,False
e6030bc1-965d-57e4-8047-7c5dce6cdb85,1785335951698,sender -> receiver,0,True,1785335951485.0,-213.0,0.0,False
fcba261d-36dc-5a97-8a6e-1b5b815dcb1d,1785335951702,sender -> receiver,0,True,1785335951490.0,-212.0,0.0,False
9c3d4757-1dac-5005-917f-c2bccabd9e13,1785335951726,sender -> receiver,0,True,1785335951515.0,-211.0,0.0,False
17557e02-639a-5348-8b17-540a1a7be427,1785335951730,sender -> receiver,0,True,1785335951536.0,-194.0,0.0,False
94354bb2-457a-5987-8c5a-5e2fb9c26f6a,1785335952695,sender -> receiver,0,True,1785335952560.0,-135.0,0.0,False
8634ae90-a11f-526a-a574-d5e49b865de0,1785335952700,sender -> receiver,0,True,1785335952565.0,-135.0,0.0,False
42918a17-a4d4-5dc2-b156-8f13268a2c1c,1785335952704,sender -> receiver,0,True,1785335952569.0,-135.0,0.0,False
9a5fb572-89e6-5ac1-bd41-a1afa7f431d0,1785335952709,sender -> receiver,0,True,1785335952574.0,-135.0,0.0,False
28ae4b90-845e-51a2-ae58-79c3272a6e57,1785335952715,sender -> receiver,0,True,1785335952577.0,-138.0,0.0,False
1d61ab6d-5c52-5a03-8494-1eed5f5ee5c2,1785335953693,sender -> receiver,0,True,1785335953520.0,-173.0,0.0,False
67200281-f149-513f-8d4d-3609bdbb7c3b,1785335953696,sender -> receiver,0,True,1785335953529.0,-167.0,0.0,False
92b9f6ca-8c0e-50f5-b8d8-4023ea777549,1785335953699,sender -> receiver,0,True,1785335953532.0,-167.0,0.0,False
b8777540-a3f3-5dd3-b718-6ca8f704e251,1785335953702,sender -> receiver,0,True,1785335953535.0,-167.0,0.0,False
6cf05511-137b-5c5c-bce0-5d94778e2108,1785335953706,sender -> receiver,0,True,1785335953539.0,-167.0,0.0,False
7df2cc48-70cd-57a1-8acc-c64c67b79af0,1785335994963,sender -> receiver,0,True,1785335994807.0,-156.0,0.0,False
f158d781-b96a-5a81-b5e0-0d5ecd48a596,1785335994969,sender -> receiver,0,True,1785335994812.0,-157.0,0.0,False
534c0129-844b-5edc-90eb-f91d97ac93d6,1785335994974,sender -> receiver,0,True,1785335994817.0,-157.0,0.0,False
58b03f4e-cfa7-504a-835a-ab265f92b857,1785335994983,sender -> receiver,0,True,1785335994823.0,-160.0,0.0,False
36d9668c-e776-5c3d-9f8f-a41339337ba9,1785335995961,sender -> receiver,0,True,1785335995745.0,-216.0,0.0,False
69608eec-f1df-527c-8329-2a4b562fe6d6,1785335995965,sender -> receiver,0,True,1785335995796.0,-169.0,0.0,False
6ed79b02-8e55-5203-8ed4-1f7016cd07a7,1785335995970,sender -> receiver,0,True,1785335995800.0,-170.0,0.0,False
71a33fbf-d67b-5d3e-90e8-c481884ae8ea,1785335995973,sender -> receiver,0,True,1785335995811.0,-162.0,0.0,False
a7e422df-86bd-55c7-938b-fa5068656b60,1785335996983,sender -> receiver,0,True,1785335996782.0,-201.0,0.0,False
93f9b59a-fbac-5be3-a382-778a2e411a50,1785335996990,sender -> receiver,0,True,1785335996795.0,-195.0,0.0,False
3e52fb61-9559-5993-87ff-a9849848d3a8,1785335997018,sender -> receiver,0,True,1785335996799.0,-219.0,0.0,False
dd484130-7306-5fb1-87e3-acb900b28d4b,1785335997023,sender -> receiver,0,True,1785335996804.0,-219.0,0.0,False
9d1e9ae9-ce49-548c-9994-7cd021feb167,1785335997957,sender -> receiver,0,True,1785335997796.0,-161.0,0.0,False
72cefb3c-179b-5b84-9c6b-ab748286cd99,1785335997960,sender -> receiver,0,True,1785335997830.0,-130.0,0.0,False
3ac8f517-f72a-5349-afbc-e9d85c54c84b,1785335997966,sender -> receiver,0,True,1785335997836.0,-130.0,0.0,False
280b2420-88dc-5e3d-9c89-39db0333e349,1785335997989,sender -> receiver,0,True,1785335997843.0,-146.0,0.0,False
102209ab-41af-5566-a55c-5fb17ebdf429,1785335998957,sender -> receiver,0,True,1785335998781.0,-176.0,0.0,False
af54c5bc-b12f-58fc-93b0-30e44205c7d1,1785335998958,sender -> receiver,0,True,1785335998786.0,-172.0,0.0,False
d801110e-30fa-5cb9-a033-d8adeef12e7a,1785335998959,sender -> receiver,0,True,1785335998793.0,-166.0,0.0,False
117009b8-59ee-5af7-a33c-ef5c1d284a66,1785335998960,sender -> receiver,0,True,1785335998800.0,-160.0,0.0,False
401effd2-49d0-5260-bd7a-d5adab50973d,1785335999956,sender -> receiver,0,True,1785335999768.0,-188.0,0.0,False
9273724b-b6b6-5291-992c-b1d3e623478e,1785335999960,sender -> receiver,0,True,1785335999774.0,-186.0,0.0,False
ba37a2dd-1f3f-5ae5-b9ad-b03d0bd4ac97,1785335999964,sender -> receiver,0,True,1785335999779.0,-185.0,0.0,False
1ff98fc0-f050-5dc7-9d59-0ba39cfcda2c,1785335999967,sender -> receiver,0,True,1785335999784.0,-183.0,0.0,False
1f4ac1df-0476-5cba-bfa4-5dd3906da0a6,1785336000968,sender -> receiver,0,True,1785336000788.0,-180.0,0.0,False
ba8adcf2-3c5d-5260-aa3c-748d60b68eec,1785336000973,sender -> receiver,0,True,1785336000795.0,-178.0,0.0,False
686a27fd-1722-50d9-9188-d6a1a3837988,1785336001003,sender -> receiver,0,True,1785336000802.0,-201.0,0.0,False
a2fbefed-fa05-516a-83f1-ac83aa1918cb,1785336001010,sender -> receiver,0,True,1785336000855.0,-155.0,0.0,False
a0063da0-4e44-5854-8c19-d6c365f492e2,1785336001985,sender -> receiver,0,True,1785336001777.0,-208.0,0.0,False
26e67278-fb4e-5123-92bc-086ac3244a29,1785336001996,sender -> receiver,0,True,1785336001786.0,-210.0,0.0,False
39f9711c-dc73-5fd1-bb19-300978c1f754,1785336002003,sender -> receiver,0,True,1785336001794.0,-209.0,0.0,False
3a2606ca-ee41-5c02-907d-00e4f3444e0f,1785336002047,sender -> receiver,0,True,1785336001816.0,-231.0,0.0,False
7b8bb42b-5519-5574-858f-1e1c0b0ed5ee,1785336002958,sender -> receiver,0,True,1785336002773.0,-185.0,0.0,False
dcf4e4b8-9b58-5b2b-bef1-f14524c358ac,1785336002963,sender -> receiver,0,True,1785336002778.0,-185.0,0.0,False
a9815c4f-d8dc-5402-9e2a-a96e668c5932,1785336002986,sender -> receiver,0,True,1785336002783.0,-203.0,0.0,False
898a0113-351c-53ee-a2e5-a54182184d4d,1785336002991,sender -> receiver,0,True,1785336002787.0,-204.0,0.0,False
09f56ccc-b2d6-58b1-804b-d0b80a7456f7,1785336003983,sender -> receiver,0,True,1785336003800.0,-183.0,0.0,False
d6479139-bbee-537d-a4c7-839df51d9eaa,1785336003993,sender -> receiver,0,True,1785336003824.0,-169.0,0.0,False
9f6d1ef0-c06f-59cb-8bdc-9f357a5e377e,1785336004001,sender -> receiver,0,True,1785336003830.0,-171.0,0.0,False
6937f8da-eb23-5841-9ba7-91332c26e6f1,1785336004031,sender -> receiver,0,True,1785336003835.0,-196.0,0.0,False
211ff0a1-a904-53b4-9ef6-faebc7a98808,1785336004954,sender -> receiver,0,True,1785336004749.0,-205.0,0.0,False
6efc804f-3c2a-5018-bfba-1ade98c82150,1785336004973,sender -> receiver,0,True,1785336004751.0,-222.0,0.0,False
f0f9a73c-54c5-5e56-ae1a-da5a22e1e7d6,1785336004975,sender -> receiver,0,True,1785336004766.0,-209.0,0.0,False
b41b4b96-4c92-5b91-b0b2-4b7ffd0d46da,1785336004977,sender -> receiver,0,True,1785336004771.0,-206.0,0.0,False
211af1ba-569f-5553-a73e-8d34469dd4a2,1785336005954,sender -> receiver,0,True,1785336005770.0,-184.0,0.0,False
836fc82c-0052-5f93-b9d7-69f648744e2d,1785336005960,sender -> receiver,0,True,1785336005776.0,-184.0,0.0,False
8dcf9075-b691-5981-9bba-2e665b120dc2,1785336005965,sender -> receiver,0,True,1785336005782.0,-183.0,0.0,False
630a8bc7-9631-5bb6-af1a-3434c98aefff,1785336005980,sender -> receiver,0,True,1785336005788.0,-192.0,0.0,False
7cbcfb15-4eac-50a6-9674-8ac1bcf1aeb9,1785336006979,sender -> receiver,0,True,1785336006791.0,-188.0,0.0,False
735902c2-9abe-5428-bf10-433ff1320e62,1785336006987,sender -> receiver,0,True,1785336006800.0,-187.0,0.0,False
9306f6dd-651c-5722-8173-283ad9fd52cb,1785336006993,sender -> receiver,0,True,1785336006806.0,-187.0,0.0,False
1f4fbd6f-ecea-5ba4-9fa1-262f60af3c41,1785336007034,sender -> receiver,0,True,1785336006812.0,-222.0,0.0,False
13e19039-e27a-5129-9d24-2afba24a8fef,1785336007995,sender -> receiver,0,True,1785336007827.0,-168.0,0.0,False
90e48f37-9e11-5948-a9b8-cff0805583bd,1785336008001,sender -> receiver,0,True,1785336007851.0,-150.0,0.0,False
c2aa3bb1-0694-5334-9649-c6a79f3b195e,1785336008006,sender -> receiver,0,True,1785336007879.0,-127.0,0.0,False
fe003ffe-0260-564e-99d7-6dabefd461dd,1785336008030,sender -> receiver,0,True,1785336007885.0,-145.0,0.0,False
f9088d54-e414-5de6-a28f-285ac2d5713e,1785336008956,sender -> receiver,0,True,1785336008769.0,-187.0,0.0,False
bc48654d-82a7-5893-b3f4-556ec4a65ce4,1785336008965,sender -> receiver,0,True,1785336008775.0,-190.0,0.0,False
bd8c0f8b-3bfc-57b6-b656-1ae3c6bc62a9,1785336008974,sender -> receiver,0,True,1785336008783.0,-191.0,0.0,False
3c1669ea-8d16-550f-baab-c81011911775,1785336009002,sender -> receiver,0,True,1785336008795.0,-207.0,0.0,False
2b6248a6-2e65-5cb3-a785-cd7054b1be8c,1785336009969,sender -> receiver,0,True,1785336009743.0,-226.0,0.0,False
bd0f692c-15f4-5d4d-9bf4-829f95948138,1785336009971,sender -> receiver,0,True,1785336009796.0,-175.0,0.0,False
f9792dae-1ee6-53ba-bcf2-3116f2df290f,1785336009973,sender -> receiver,0,True,1785336009802.0,-171.0,0.0,False
a45f26f2-abda-5fd1-8a77-ece553faa1ea,1785336009975,sender -> receiver,0,True,1785336009808.0,-167.0,0.0,False
f4848d37-9ecb-5b0e-8681-55cd93bfea05,1785336010954,sender -> receiver,0,True,1785336010739.0,-215.0,0.0,False
203e7ccd-fae9-5b04-9c12-67904da708e1,1785336010958,sender -> receiver,0,True,1785336010745.0,-213.0,0.0,False
bdb0cd95-8e57-57d2-a910-d1a000a40bce,1785336010965,sender -> receiver,0,True,1785336010750.0,-215.0,0.0,False
c8fd8ac2-1799-5f75-a606-e580f239fc48,1785336010975,sender -> receiver,0,True,1785336010793.0,-182.0,0.0,False
bf74fab2-e834-5e6b-b896-ef82929382f5,1785336011945,sender -> receiver,0,True,1785336011726.0,-219.0,0.0,False
79bd5bad-4479-5c60-a1ce-a531dc65de25,1785336011948,sender -> receiver,0,True,1785336011807.0,-141.0,0.0,False
32bd2370-38bc-5597-9c49-3b5790ffa62d,1785336011951,sender -> receiver,0,True,1785336011813.0,-138.0,0.0,False
db0ad6b7-99d3-5263-9710-44ee8585da12,1785336011954,sender -> receiver,0,True,1785336011820.0,-134.0,0.0,False
4f6d2741-5122-5f09-8a44-aee29259515d,1785336013002,sender -> receiver,0,True,1785336012801.0,-201.0,0.0,False
33c01ced-705f-564b-b936-3287c897d361,1785336013009,sender -> receiver,0,True,1785336012843.0,-166.0,0.0,False
15dd4b6a-5b1f-526e-b3c8-4109d7aaa398,1785336013038,sender -> receiver,0,True,1785336012848.0,-190.0,0.0,False
e2fe3d97-5fe8-5397-aab7-1fac8781bbfd,1785336013044,sender -> receiver,0,True,1785336012854.0,-190.0,0.0,False
0b0ff7a5-f803-5979-b566-e982f00bd826,1785336013973,sender -> receiver,0,True,1785336013775.0,-198.0,0.0,False
3fd8343f-eee4-5437-8999-bc5a345aa64b,1785336013981,sender -> receiver,0,True,1785336013807.0,-174.0,0.0,False
7e2089e1-04c5-50e0-834d-37bc8f62e66f,1785336013990,sender -> receiver,0,True,1785336013813.0,-177.0,0.0,False
61424a1d-ddcb-54c3-afcd-58643c454982,1785336014019,sender -> receiver,0,True,1785336013818.0,-201.0,0.0,False
36f7f01d-6f3d-58f7-a60e-2330a7b20aa1,1785336014954,sender -> receiver,0,True,1785336014754.0,-200.0,0.0,False
2fa572fd-a75e-518b-8b04-a32f616cac8a,1785336014958,sender -> receiver,0,True,1785336014769.0,-189.0,0.0,False
3442d09d-4a73-553b-b37f-8539f0ecd70b,1785336014962,sender -> receiver,0,True,1785336014796.0,-166.0,0.0,False
37f2e523-a32d-535e-b966-96ac62fe3697,1785336014991,sender -> receiver,0,True,1785336014802.0,-189.0,0.0,False
f4706d8f-25f1-5e1e-8e1a-c14c64cf273c,1785336015956,sender -> receiver,0,True,1785336015743.0,-213.0,0.0,False
6f1c4797-199d-5430-809d-a7b8229bfa8f,1785336015963,sender -> receiver,0,True,1785336015746.0,-217.0,0.0,False
4970082b-0a88-5faf-b6b1-4823e197ab54,1785336015988,sender -> receiver,0,True,1785336015748.0,-240.0,0.0,False
84b9d201-0a26-5642-97d9-b59ac04a70b0,1785336015990,sender -> receiver,0,True,1785336015753.0,-237.0,0.0,False
d4d08aeb-265a-51f7-beca-207d469aca90,1785336016953,sender -> receiver,0,True,1785336016778.0,-175.0,0.0,False
7e81b75d-8876-535b-971b-9d90a764bffb,1785336016959,sender -> receiver,0,True,1785336016786.0,-173.0,0.0,False
ddc51fa9-7736-500c-9b1c-bef12d28b86c,1785336016969,sender -> receiver,0,True,1785336016793.0,-176.0,0.0,False
02f89b21-0950-5dc3-8d84-3034a6180f93,1785336016971,sender -> receiver,0,True,1785336016803.0,-168.0,0.0,False
a3d62323-41fc-51c6-a3b3-fe39f445ddc7,1785336017996,sender -> receiver,0,True,1785336017825.0,-171.0,0.0,False
8026c5f8-7c90-593e-b6f3-cb26b7cd0f6f,1785336018001,sender -> receiver,0,True,1785336017834.0,-167.0,0.0,False
eaa6424c-a5b7-5d42-b915-353c4dd8689a,1785336018024,sender -> receiver,0,True,1785336017839.0,-185.0,0.0,False
b3637d3e-1ca4-5994-8e25-22652d02eba6,1785336018029,sender -> receiver,0,True,1785336017845.0,-184.0,0.0,False
62239199-dff4-511c-a80b-27be93a66e49,1785336018960,sender -> receiver,0,True,1785336018768.0,-192.0,0.0,False
a9d34899-d148-5ce1-9e8c-ce0b0d005e85,1785336018966,sender -> receiver,0,True,1785336018776.0,-190.0,0.0,False
96474122-7db5-5550-af05-47fbf3efa2a6,1785336018970,sender -> receiver,0,True,1785336018782.0,-188.0,0.0,False
e054a2a5-ff3b-518e-9041-cf0025ec7f69,1785336018973,sender -> receiver,0,True,1785336018787.0,-186.0,0.0,False
dc13185a-9fe7-591b-9a40-0c4e371b9e80,1785336059639,sender -> receiver,0,True,1785336059425.0,-214.0,0.0,False
2d5cd656-b3c6-5ae2-bdd7-6569f4efa4ac,1785336059658,sender -> receiver,0,True,1785336059436.0,-222.0,0.0,False
67c57e21-da8e-5d60-8880-c9e59af61732,1785336059661,sender -> receiver,0,True,1785336059439.0,-222.0,0.0,False
f3101d16-f503-5c67-be3c-ba114e099526,1785336059663,sender -> receiver,0,True,1785336059442.0,-221.0,0.0,False
204c7f75-82d7-5e21-8b03-fd4031b22399,1785336060636,sender -> receiver,0,True,1785336060425.0,-211.0,0.0,False
2d86b239-867c-59b3-a595-793e7a063c52,1785336060637,sender -> receiver,0,True,1785336060435.0,-202.0,0.0,False
623c5a76-09cb-559b-af1e-5b1bb8359158,1785336060641,sender -> receiver,0,True,1785336060438.0,-203.0,0.0,False
79cf47ec-8842-59f6-bbda-09884587b84d,1785336060649,sender -> receiver,0,True,1785336060441.0,-208.0,0.0,False
5df41f9b-7fb3-539a-aa89-3cd387f7a172,1785336061638,sender -> receiver,0,True,1785336061451.0,-187.0,0.0,False
cd51ad8b-ae49-5477-b871-610c8ff040f1,1785336061641,sender -> receiver,0,True,1785336061460.0,-181.0,0.0,False
bafcbed0-cb93-5f73-8f4a-3d991c25937f,1785336061662,sender -> receiver,0,True,1785336061468.0,-194.0,0.0,False
26b38c9e-dbb5-5417-a4c1-bc263b3a13a3,1785336061664,sender -> receiver,0,True,1785336061479.0,-185.0,0.0,False
2e2ef496-9b27-540d-a8e5-093721e5c953,1785336062635,sender -> receiver,0,True,1785336062484.0,-151.0,0.0,False
2ac5afc5-a28f-56fa-becd-be5bfb9f41ed,1785336062639,sender -> receiver,0,True,1785336062496.0,-143.0,0.0,False
75c86349-37f5-565e-bb87-a2231557346f,1785336062664,sender -> receiver,0,True,1785336062504.0,-160.0,0.0,False
49c0bf0c-31ff-5240-b906-3ab9adf97745,1785336062669,sender -> receiver,0,True,1785336062534.0,-135.0,0.0,False
97fce30d-8403-573e-bc42-13b9b6ea3b78,1785336063649,sender -> receiver,0,True,1785336063437.0,-212.0,0.0,False
8a6126ba-0cb4-59c5-a20c-12fbd29df287,1785336063685,sender -> receiver,0,True,1785336063489.0,-196.0,0.0,False
0c915a16-74dc-5ac6-bd1f-fad924467591,1785336063690,sender -> receiver,0,True,1785336063496.0,-194.0,0.0,False
69a629b9-1ae7-5395-ae6f-384ada97c412,1785336063695,sender -> receiver,0,True,1785336063502.0,-193.0,0.0,False
154b7fb0-37f0-5b65-9a6a-9820cc25ec1e,1785336064653,sender -> receiver,0,True,1785336064428.0,-225.0,0.0,False
9af7e137-3c24-5f5f-89c8-2b084a2c5916,1785336064678,sender -> receiver,0,True,1785336064470.0,-208.0,0.0,False
ae3fe656-4e66-544d-aba4-2d648f74194a,1785336064682,sender -> receiver,0,True,1785336064475.0,-207.0,0.0,False
9261e95c-071d-54e9-8357-896de814f8a8,1785336064686,sender -> receiver,0,True,1785336064483.0,-203.0,0.0,False
f5793ca2-d96b-5266-a09e-086c5a20d1bd,1785336065650,sender -> receiver,0,True,1785336065464.0,-186.0,0.0,False
13aa6ee0-da59-5d91-a7e4-bea67368775b,1785336065652,sender -> receiver,0,True,1785336065471.0,-181.0,0.0,False
7d10fc41-1f1a-5182-b2b3-8073d9d76ab2,1785336065655,sender -> receiver,0,True,1785336065476.0,-179.0,0.0,False
51898b2e-aee7-5840-8877-6e43e8e72a88,1785336065658,sender -> receiver,0,True,1785336065514.0,-144.0,0.0,False
8b454a5b-d266-5efe-84ea-d631dd2594b0,1785336066630,sender -> receiver,0,True,1785336066406.0,-224.0,0.0,False
65f8c27d-cc85-5032-a44b-66746ce4737d,1785336066635,sender -> receiver,0,True,1785336066489.0,-146.0,0.0,False
ec2562a9-c708-58e0-8aab-f642c374c2e1,1785336066638,sender -> receiver,0,True,1785336066499.0,-139.0,0.0,False
ee863d13-7965-59b9-8938-29dfbc005193,1785336066641,sender -> receiver,0,True,1785336066502.0,-139.0,0.0,False
af9d8134-d194-57ae-858d-30fc26232635,1785336067638,sender -> receiver,0,True,1785336067433.0,-205.0,0.0,False
25d70c50-ceb5-5112-ae2e-3af38cac37f2,1785336067662,sender -> receiver,0,True,1785336067435.0,-227.0,0.0,False
de1cfe4d-4141-58ba-9c7f-11937c1771b6,1785336067672,sender -> receiver,0,True,1785336067448.0,-224.0,0.0,False
fd032733-d0fb-5c5e-b2f6-413abc4e6e07,1785336067677,sender -> receiver,0,True,1785336067496.0,-181.0,0.0,False
5fce6d75-e041-5beb-9c34-60cfe1592c64,1785336068649,sender -> receiver,0,True,1785336068448.0,-201.0,0.0,False
b30c0966-6ba0-5a51-9a52-f1907dc26879,1785336068653,sender -> receiver,0,True,1785336068452.0,-201.0,0.0,False
b205660d-1ad7-5146-9a98-e47d03dbe838,1785336068677,sender -> receiver,0,True,1785336068455.0,-222.0,0.0,False
4e6456b0-2796-52dd-98b6-35bdcc898894,1785336068682,sender -> receiver,0,True,1785336068471.0,-211.0,0.0,False
884e4740-9661-53d8-9412-6ae1dfb31705,1785336069641,sender -> receiver,0,True,1785336069419.0,-222.0,0.0,False
7ea1f076-e71e-5a8f-9576-e7b502a44689,1785336069645,sender -> receiver,0,True,1785336069459.0,-186.0,0.0,False
0534c67a-f78c-5d58-be0c-32c06db5ebc9,1785336069673,sender -> receiver,0,True,1785336069467.0,-206.0,0.0,False
0e7d6672-f93a-5ad1-b7a5-21b5cb3aea91,1785336069678,sender -> receiver,0,True,1785336069473.0,-205.0,0.0,False
c15408ef-d39f-52fd-9509-45d2a716ce7c,1785336070659,sender -> receiver,0,True,1785336070449.0,-210.0,0.0,False
6ed14c49-87d0-50a5-bd7c-e54b51b89428,1785336070662,sender -> receiver,0,True,1785336070455.0,-207.0,0.0,False
05ee485b-88d8-501d-9d66-3c1c6f641512,1785336070665,sender -> receiver,0,True,1785336070466.0,-199.0,0.0,False
29019932-012d-558f-ab71-81322b86a74d,1785336070667,sender -> receiver,0,True,1785336070472.0,-195.0,0.0,False
082591b1-8073-57da-acc0-27a1da25fd90,1785336071666,sender -> receiver,0,True,1785336071443.0,-223.0,0.0,False
4618687b-26bc-5378-962d-cbf6d0502a47,1785336071695,sender -> receiver,0,True,1785336071492.0,-203.0,0.0,False
c213ea8f-a281-5bde-bf6b-020a0f1d3506,1785336071699,sender -> receiver,0,True,1785336071498.0,-201.0,0.0,False
77e6a411-7bbd-5fb1-b004-c1ffb0042ed6,1785336071705,sender -> receiver,0,True,1785336071506.0,-199.0,0.0,False
d7cd75b1-3c90-5535-b522-c317882428ec,1785336072652,sender -> receiver,0,True,1785336072457.0,-195.0,0.0,False
835f4f55-3fbe-5e41-b7dc-dc0ae337fda1,1785336072655,sender -> receiver,0,True,1785336072504.0,-151.0,0.0,False
3cbd6355-ae20-5b2d-81f0-8c7466b194c0,1785336072657,sender -> receiver,0,True,1785336072508.0,-149.0,0.0,False
6227211e-8fb4-5985-8ce0-1b960dc7864d,1785336072660,sender -> receiver,0,True,1785336072513.0,-147.0,0.0,False
95e6e115-1127-5ffd-99c7-e8ff9c8dacef,1785336073636,sender -> receiver,0,True,1785336073495.0,-141.0,0.0,False
81c1d818-77fb-5657-8193-593a11e1b1af,1785336073655,sender -> receiver,0,True,1785336073498.0,-157.0,0.0,False
ba3a0850-bc51-506c-a897-a2ddee37698a,1785336073657,sender -> receiver,0,True,1785336073501.0,-156.0,0.0,False
65603d74-14e5-5cf7-b755-ee5b715f6cd6,1785336073660,sender -> receiver,0,True,1785336073505.0,-155.0,0.0,False
e80821d5-751f-5e51-b83b-21c5a641ff4b,1785336074647,sender -> receiver,0,True,1785336074414.0,-233.0,0.0,False
5e90da9f-2a88-5f26-90c6-7dd3ca385995,1785336074672,sender -> receiver,0,True,1785336074461.0,-211.0,0.0,False
90d3bcd8-a858-559c-8702-556915a4820a,1785336074675,sender -> receiver,0,True,1785336074467.0,-208.0,0.0,False
793f0185-25c8-5b9d-890d-a7a24e6f1ed3,1785336074679,sender -> receiver,0,True,1785336074473.0,-206.0,0.0,False
3a8414c3-c7ac-5b05-b7ab-1259eae58813,1785336075628,sender -> receiver,0,True,1785336075484.0,-144.0,0.0,False
5fe1686d-8246-50a7-8dd0-adda48f85d8b,1785336075632,sender -> receiver,0,True,1785336075496.0,-136.0,0.0,False
48ae7c2c-f7a1-586d-b0d3-94fc795bd851,1785336075634,sender -> receiver,0,True,1785336075503.0,-131.0,0.0,False
0c59e602-0509-5f68-b2f1-42192fe00dc5,1785336075636,sender -> receiver,0,True,1785336075529.0,-107.0,0.0,False
71f3be4a-ce81-5e70-a972-6a921d37e0bc,1785336076636,sender -> receiver,0,True,1785336076492.0,-144.0,0.0,False
4ad1ff02-1c4c-5572-8b1a-8e7d212b39aa,1785336076639,sender -> receiver,0,True,1785336076498.0,-141.0,0.0,False
28b22fa6-21b1-552c-ad59-023d5e4be203,1785336076664,sender -> receiver,0,True,1785336076506.0,-158.0,0.0,False
6b34e011-d63c-5c12-be21-2787dcd87bd0,1785336076668,sender -> receiver,0,True,1785336076513.0,-155.0,0.0,False
47c76644-7ce1-53a9-96d7-98e10cdbfc01,1785336077645,sender -> receiver,0,True,1785336077421.0,-224.0,0.0,False
dee5a3e6-17ba-5b96-8df7-52cff2c03c09,1785336077649,sender -> receiver,0,True,1785336077429.0,-220.0,0.0,False
018b8cee-de10-57ce-9367-223b9710caf9,1785336077677,sender -> receiver,0,True,1785336077436.0,-241.0,0.0,False
7d5a4785-4abf-515e-a82e-5d052dc0dbfe,1785336077683,sender -> receiver,0,True,1785336077479.0,-204.0,0.0,False
9670a098-6a57-5b1c-9400-add07e217c46,1785336078642,sender -> receiver,0,True,1785336078430.0,-212.0,0.0,False
f13ce27e-7016-56ee-9868-8c6af9928f65,1785336078670,sender -> receiver,0,True,1785336078436.0,-234.0,0.0,False
1aa3a874-2bec-56e4-a90f-603f11d9d2df,1785336078676,sender -> receiver,0,True,1785336078454.0,-222.0,0.0,False
b35da577-f038-5d6f-859c-e74c8ecb4339,1785336078680,sender -> receiver,0,True,1785336078480.0,-200.0,0.0,False
88e5836a-1064-5af1-b0f8-8bbe94f9a848,1785336079666,sender -> receiver,0,True,1785336079460.0,-206.0,0.0,False
56cedfd0-ed2a-5f61-b97e-561e6067dc1e,1785336079672,sender -> receiver,0,True,1785336079473.0,-199.0,0.0,False
2d5ced39-c18a-5e1a-9c71-dd069702d119,1785336079679,sender -> receiver,0,True,1785336079486.0,-193.0,0.0,False
371b1e5d-68d8-5386-b4a2-78771b0f827f,1785336079705,sender -> receiver,0,True,1785336079496.0,-209.0,0.0,False
b104fb1c-5d8a-54b7-b1e3-f7674617b050,1785336080647,sender -> receiver,0,True,1785336080515.0,-132.0,0.0,False
564bf25c-9db4-53b0-8aff-c2b867cd398a,1785336080683,sender -> receiver,0,True,1785336080523.0,-160.0,0.0,False
dd96e6f7-6a7a-52f1-b724-a3b2a9d30c83,1785336080688,sender -> receiver,0,True,1785336080546.0,-142.0,0.0,False
1cdbaf82-e2a9-5f76-8b95-04c85d6a045e,1785336080692,sender -> receiver,0,True,1785336080550.0,-142.0,0.0,False
4fc59876-f06b-5da3-820c-b2e9b9ea5cd6,1785336081678,sender -> receiver,0,True,1785336081491.0,-187.0,0.0,False
60d27509-23fe-5243-b0e1-811cd01919e6,1785336081683,sender -> receiver,0,True,1785336081501.0,-182.0,0.0,False
ec8edf3d-d885-5db9-adf5-d3ed463bcff1,1785336081687,sender -> receiver,0,True,1785336081504.0,-183.0,0.0,False
184fe081-809b-53e8-8293-b1b847a1a2f9,1785336081691,sender -> receiver,0,True,1785336081507.0,-184.0,0.0,False
e6af850e-7246-5ed6-976e-44f34e89fbac,1785336082689,sender -> receiver,0,True,1785336082480.0,-209.0,0.0,False
f0b2a826-893d-5f40-972d-392236b22c68,1785336082695,sender -> receiver,0,True,1785336082488.0,-207.0,0.0,False
982c9b12-8bc7-53b5-98c8-9a6dca9b60e0,1785336082701,sender -> receiver,0,True,1785336082497.0,-204.0,0.0,False
794c61fb-7256-5bdb-881a-796b8a6383b7,1785336082708,sender -> receiver,0,True,1785336082533.0,-175.0,0.0,False
6387593c-140e-5a33-b4c0-9902bba4210e,1785336083642,sender -> receiver,0,True,1785336083448.0,-194.0,0.0,False
9bd971d3-fa63-535d-9647-3441a4f2576c,1785336083672,sender -> receiver,0,True,1785336083456.0,-216.0,0.0,False
f15e15a3-c4b0-5712-8bfa-3cdf086a7eb3,1785336083676,sender -> receiver,0,True,1785336083461.0,-215.0,0.0,False
61c6d34e-5055-5890-88d1-8a0cd9ae9bac,1785336083680,sender -> receiver,0,True,1785336083482.0,-198.0,0.0,False
16621676-e0b0-53f3-b768-b0ddf25cf87d,1785336274765,sender -> receiver,0,True,1785336274570.0,-195.0,0.0,False
ea7895f9-af32-56a2-aa67-094de287b7c1,1785336274767,sender -> receiver,0,True,1785336274586.0,-181.0,0.0,False
0ef1cf65-52d1-5f69-8d54-02dcac5e929b,1785336274784,sender -> receiver,0,True,1785336274596.0,-188.0,0.0,False
1f7e294b-ec30-59bd-b944-38e56156347d,1785336274786,sender -> receiver,0,True,1785336274603.0,-183.0,0.0,False
759d31af-85b1-575b-8322-d9608446091e,1785336274790,sender -> receiver,0,True,1785336274622.0,-168.0,0.0,False
ac72b8d4-32fa-5337-891b-4fb23181bf65,1785336275712,sender -> receiver,0,True,1785336275487.0,-225.0,0.0,False
61bc7692-0684-506a-b95f-6cd815c1ed7c,1785336275715,sender -> receiver,0,True,1785336275530.0,-185.0,0.0,False
80bdb208-1b7b-5ed8-b674-506bc68c49d3,1785336275718,sender -> receiver,0,True,1785336275544.0,-174.0,0.0,False
bd75d082-c345-5529-8255-b97ed090e6e7,1785336275720,sender -> receiver,0,True,1785336275557.0,-163.0,0.0,False
81533363-a4f2-5660-b862-64e1fe28015e,1785336276775,sender -> receiver,0,True,1785336276589.0,-186.0,0.0,False
1b76ef1b-84f2-599c-8a78-6d921a1834cd,1785336276780,sender -> receiver,0,True,1785336276601.0,-179.0,0.0,False
9313af70-b46e-519b-bb54-44d084967a3c,1785336276785,sender -> receiver,0,True,1785336276608.0,-177.0,0.0,False
96e5ccac-221d-5dad-aae7-fec98711cb15,1785336276789,sender -> receiver,0,True,1785336276614.0,-175.0,0.0,False
49bb38e6-3056-5614-986b-737a7b0b2844,1785336277702,sender -> receiver,0,True,1785336277510.0,-192.0,0.0,False
6dcf6b9f-0af8-58d7-a56b-3732c8951d04,1785336277705,sender -> receiver,0,True,1785336277523.0,-182.0,0.0,False
c5a820b6-0994-5467-b19b-327ff0dfba0b,1785336277719,sender -> receiver,0,True,1785336277535.0,-184.0,0.0,False
951e2880-1057-52e1-85f6-d6e4d7ced959,1785336277721,sender -> receiver,0,True,1785336277543.0,-178.0,0.0,False
58875aa2-8550-563d-8de6-fe7484c1c065,1785336278761,sender -> receiver,0,True,1785336278589.0,-172.0,0.0,False
73bb6450-9333-5dea-93f2-d275e3458826,1785336278766,sender -> receiver,0,True,1785336278611.0,-155.0,0.0,False
fbcd99a0-021f-51d5-8290-b2543f1b2186,1785336278772,sender -> receiver,0,True,1785336278627.0,-145.0,0.0,False
9cc1b7fe-80a7-54d4-b0e3-a1fe884b2408,1785336278795,sender -> receiver,0,True,1785336278642.0,-153.0,0.0,False
5c8de6d2-7446-5302-a565-e7979ceb570f,1785336279790,sender -> receiver,0,True,1785336279631.0,-159.0,0.0,False
3956e5d0-7922-53d0-b8bb-83a0fc1d5848,1785336279800,sender -> receiver,0,True,1785336279649.0,-151.0,0.0,False
c571d399-a582-510b-99f3-2aa73997d6b1,1785336279806,sender -> receiver,0,True,1785336279674.0,-132.0,0.0,False
7f969672-10c3-5ff0-bc8b-7a8bfc319897,1785336279828,sender -> receiver,0,True,1785336279688.0,-140.0,0.0,False
692aa512-8c06-5195-92e7-1357975ea30f,1785336280722,sender -> receiver,0,True,1785336280546.0,-176.0,0.0,False
dc59fceb-5fce-5738-8f9c-4625eb5d24c9,1785336280725,sender -> receiver,0,True,1785336280556.0,-169.0,0.0,False
19d75b3b-a81e-5281-9910-6e9568b1237a,1785336280727,sender -> receiver,0,True,1785336280570.0,-157.0,0.0,False
395c9d9d-f143-58cc-a925-ae24fe8a1c2a,1785336280729,sender -> receiver,0,True,1785336280582.0,-147.0,0.0,False
ee2c5654-1e01-534e-bb14-56434be824f3,1785336280731,sender -> receiver,0,True,1785336280589.0,-142.0,0.0,False
7b4e1949-cfa7-5d09-84e8-714e57858528,1785336281702,sender -> receiver,0,True,1785336281507.0,-195.0,0.0,False
6d0c1ae6-8aa2-5ef7-9476-45caf2ac0b25,1785336281704,sender -> receiver,0,True,1785336281520.0,-184.0,0.0,False
8f690d72-082d-56de-af76-eabf23c9c012,1785336281706,sender -> receiver,0,True,1785336281530.0,-176.0,0.0,False
1d8c697f-2548-500c-b158-5d6b290c11c0,1785336281709,sender -> receiver,0,True,1785336281553.0,-156.0,0.0,False
fabfa32c-b52a-5665-854b-bb31480aed6a,1785336282788,sender -> receiver,0,True,1785336282579.0,-209.0,0.0,False
d447c130-cd1a-5f0e-9326-91c5a319c1f1,1785336282793,sender -> receiver,0,True,1785336282594.0,-199.0,0.0,False
4aa131af-a0f5-5baf-a625-8a0f6cb94701,1785336282797,sender -> receiver,0,True,1785336282604.0,-193.0,0.0,False
7c98993f-1038-5b83-802a-a75c805155ec,1785336282801,sender -> receiver,0,True,1785336282612.0,-189.0,0.0,False
8fbf6944-cb32-5070-b747-e5a94633eaeb,1785336283710,sender -> receiver,0,True,1785336283534.0,-176.0,0.0,False
8cdebcc2-ee20-5671-b0a5-78b3236f0c1a,1785336283713,sender -> receiver,0,True,1785336283544.0,-169.0,0.0,False
7dceeeaf-4f8f-5fbf-87ae-900a0973201a,1785336283714,sender -> receiver,0,True,1785336283567.0,-147.0,0.0,False
526f1c57-8bae-56ca-8d01-ba13d1b1bab5,1785336283717,sender -> receiver,0,True,1785336283587.0,-130.0,0.0,False
fc2d5739-7cea-5a32-bb3f-bc2259bf443d,1785336284714,sender -> receiver,0,True,1785336284514.0,-200.0,0.0,False
b0c96808-b42b-549d-9703-5acace695560,1785336284716,sender -> receiver,0,True,1785336284528.0,-188.0,0.0,False
0dfe504f-d438-5ffb-9862-faecd3e6a98b,1785336284718,sender -> receiver,0,True,1785336284538.0,-180.0,0.0,False
7f5831dc-84a0-5e5b-bbc7-8c3f223ef488,1785336284720,sender -> receiver,0,True,1785336284549.0,-171.0,0.0,False
2c8122db-b443-5d89-97db-0f248f55d9cf,1785336285752,sender -> receiver,0,True,1785336285554.0,-198.0,0.0,False
91c062c4-0025-58da-8fa9-07e3e8322314,1785336285787,sender -> receiver,0,True,1785336285561.0,-226.0,0.0,False
37c575b9-3635-570a-ba79-a95a1cebbcc4,1785336285792,sender -> receiver,0,True,1785336285621.0,-171.0,0.0,False
a6de8723-67f6-5df7-8c6f-78280b08491b,1785336285797,sender -> receiver,0,True,1785336285628.0,-169.0,0.0,False
c2ace03c-bb1a-53d0-800e-073e08e852e6,1785336286738,sender -> receiver,0,True,1785336286540.0,-198.0,0.0,False
49385676-925e-59e5-93a5-37052e6494ae,1785336286741,sender -> receiver,0,True,1785336286556.0,-185.0,0.0,False
9350538a-0aa0-56f6-9b41-0de87d8cd1f9,1785336286746,sender -> receiver,0,True,1785336286567.0,-179.0,0.0,False
1e5614a5-db1a-57c8-803e-3c6f4faf969d,1785336286750,sender -> receiver,0,True,1785336286576.0,-174.0,0.0,False
c0919812-c5ab-5129-ab84-2a481fe068ca,1785336286775,sender -> receiver,0,True,1785336286585.0,-190.0,0.0,False
b77d6191-04ca-5b53-8863-dba6c4be4fbb,1785336287752,sender -> receiver,0,True,1785336287535.0,-217.0,0.0,False
a556f8d8-3b0b-576d-a164-a3ff4b27c49b,1785336287756,sender -> receiver,0,True,1785336287582.0,-174.0,0.0,False
78bafca9-23d2-56f9-9b27-a21b1c52a0a9,1785336287760,sender -> receiver,0,True,1785336287599.0,-161.0,0.0,False
b35ad8f8-9d6f-5a86-86cc-523f38723602,1785336287765,sender -> receiver,0,True,1785336287618.0,-147.0,0.0,False
c5cf37d4-41bc-5f7e-ac33-94171ad13d8f,1785336288771,sender -> receiver,0,True,1785336288578.0,-193.0,0.0,False
fdbacb3f-916a-58ee-b047-e26e60df0e76,1785336288775,sender -> receiver,0,True,1785336288586.0,-189.0,0.0,False
ec29454a-dddf-5dc5-b12e-e5ac7750e619,1785336288777,sender -> receiver,0,True,1785336288594.0,-183.0,0.0,False
d0a5f00a-8f28-5149-ad31-547dddf08e53,1785336288780,sender -> receiver,0,True,1785336288603.0,-177.0,0.0,False
4aa54017-cc2a-5954-8828-0be535a551cd,1785336289760,sender -> receiver,0,True,1785336289576.0,-184.0,0.0,False
0402b636-6c31-5256-b94f-9935a47798a1,1785336289765,sender -> receiver,0,True,1785336289592.0,-173.0,0.0,False
077c2fd1-9d62-5422-b0e8-91a81aa3af97,1785336289768,sender -> receiver,0,True,1785336289606.0,-162.0,0.0,False
8266cbf2-03d8-58e3-b187-1c4c1739ec97,1785336289783,sender -> receiver,0,True,1785336289619.0,-164.0,0.0,False
cd1e2525-b3c8-5477-b101-3501ddb60a59,1785336290775,sender -> receiver,0,True,1785336290576.0,-199.0,0.0,False
1474cf89-976b-577a-9551-3dee9616b414,1785336290778,sender -> receiver,0,True,1785336290600.0,-178.0,0.0,False
09f46621-0683-5411-9f52-dc755b91356f,1785336290782,sender -> receiver,0,True,1785336290638.0,-144.0,0.0,False
c6ff4ba8-1749-5720-b868-33494f9e970f,1785336290785,sender -> receiver,0,True,1785336290647.0,-138.0,0.0,False
3131bdaa-e7a7-5d4c-b10b-88f589ed53bf,1785336291715,sender -> receiver,0,True,1785336291496.0,-219.0,0.0,False
0685712c-4575-5b73-af29-ff199917d66e,1785336291733,sender -> receiver,0,True,1785336291514.0,-219.0,0.0,False
aa6f7c78-7a08-5eaf-8981-100a31ed7f29,1785336291735,sender -> receiver,0,True,1785336291544.0,-191.0,0.0,False
dbd3e06c-9e06-5355-a710-2cf871d8247c,1785336291737,sender -> receiver,0,True,1785336291556.0,-181.0,0.0,False
98987778-5b2b-5e64-a779-a18031191e80,1785336292713,sender -> receiver,0,True,1785336292543.0,-170.0,0.0,False
25c60723-89c4-58d3-a0e1-ee1e46b827bc,1785336292732,sender -> receiver,0,True,1785336292586.0,-146.0,0.0,False
25ef2c94-1033-557e-b2e0-5b41b37103fd,1785336292734,sender -> receiver,0,True,1785336292596.0,-138.0,0.0,False
55e042bb-a6f4-53a3-b85f-5a7a4299fb7f,1785336292736,sender -> receiver,0,True,1785336292603.0,-133.0,0.0,False
3cab6b10-9f12-526d-9124-bf967043ecdb,1785336292738,sender -> receiver,0,True,1785336292610.0,-128.0,0.0,False
18fda0d0-9bc6-57d6-8dca-ac2d9e9f9684,1785336293760,sender -> receiver,0,True,1785336293587.0,-173.0,0.0,False
7a184ca8-6423-5bcd-b133-85bd215a685c,1785336293764,sender -> receiver,0,True,1785336293598.0,-166.0,0.0,False
efbccde5-b390-53e9-84a1-57374393d91c,1785336293768,sender -> receiver,0,True,1785336293606.0,-162.0,0.0,False
168805f1-3fa6-5f3a-8cfe-fc9ebaaaab0a,1785336293789,sender -> receiver,0,True,1785336293618.0,-171.0,0.0,False
9561c557-5aa9-5efa-a883-0f36c0d401d0,1785336294740,sender -> receiver,0,True,1785336294566.0,-174.0,0.0,False
ea5609f0-9578-529e-bc06-f15a329904f1,1785336294743,sender -> receiver,0,True,1785336294579.0,-164.0,0.0,False
1550913d-10d9-5479-bf42-2df7f1881ec8,1785336294747,sender -> receiver,0,True,1785336294608.0,-139.0,0.0,False
67a43eb0-8e00-5bd4-8862-1c6a1bce35d5,1785336294781,sender -> receiver,0,True,1785336294623.0,-158.0,0.0,False
22ef1f39-7116-5305-b79a-8656b2e5430b,1785336295747,sender -> receiver,0,True,1785336295567.0,-180.0,0.0,False
303935cd-9089-5608-b42a-e04b484bcb89,1785336295753,sender -> receiver,0,True,1785336295581.0,-172.0,0.0,False
e37b7aea-44c5-5164-9ec8-162c13cd5c0b,1785336295757,sender -> receiver,0,True,1785336295595.0,-162.0,0.0,False
8f7d4030-586c-5230-aee0-9efa61376c2f,1785336295760,sender -> receiver,0,True,1785336295608.0,-152.0,0.0,False
666169de-877a-58e2-9bef-39d652f5d41e,1785336296755,sender -> receiver,0,True,1785336296539.0,-216.0,0.0,False
6d508a08-4002-5178-ab70-65c7764edc24,1785336296758,sender -> receiver,0,True,1785336296600.0,-158.0,0.0,False
df427ca8-ec54-5251-90fc-f433d916fd48,1785336296761,sender -> receiver,0,True,1785336296619.0,-142.0,0.0,False
746656ee-2f90-5424-9920-839b312d1f68,1785336296765,sender -> receiver,0,True,1785336296634.0,-131.0,0.0,False
e2cebdc3-6782-5e69-b245-084e552012c9,1785336297764,sender -> receiver,0,True,1785336297521.0,-243.0,0.0,False
3f1a4da7-0345-5886-9413-db84e634921b,1785336297768,sender -> receiver,0,True,1785336297584.0,-184.0,0.0,False
52533e03-2ad4-5366-a39f-3ec8a0e6d391,1785336297771,sender -> receiver,0,True,1785336297597.0,-174.0,0.0,False
7789371f-4414-58c8-948a-b1a7cea3beae,1785336297773,sender -> receiver,0,True,1785336297610.0,-163.0,0.0,False
54f83d90-e54f-5bb2-8250-2c4752a35f92,1785336338962,sender -> receiver,0,True,1785336338740.0,-222.0,0.0,False
3305e55c-2ab9-5b9a-891f-ad1ac8cd3940,1785336338981,sender -> receiver,0,True,1785336338755.0,-226.0,0.0,False
99688138-9532-5a6d-9197-c5d17be2c233,1785336338987,sender -> receiver,0,True,1785336338823.0,-164.0,0.0,False
ca0cda7b-7575-5ccd-a243-fd671b790825,1785336338990,sender -> receiver,0,True,1785336338831.0,-159.0,0.0,False
78f3d05b-285f-590c-b307-50e35d981a70,1785336339950,sender -> receiver,0,True,1785336339744.0,-206.0,0.0,False
f6eb7a29-321c-517e-ab68-062b236fd2f5,1785336339953,sender -> receiver,0,True,1785336339769.0,-184.0,0.0,False
70157bc0-4672-5436-81e0-b98aa5508aa2,1785336339955,sender -> receiver,0,True,1785336339785.0,-170.0,0.0,False
aa2e7cc2-b620-5c77-a467-01065f42f936,1785336339958,sender -> receiver,0,True,1785336339799.0,-159.0,0.0,False
b2953d59-f17f-5fe9-b8c8-5ba8a6f2ae10,1785336340937,sender -> receiver,0,True,1785336340794.0,-143.0,0.0,False
3896dc76-abe8-5959-8f56-65d912e213f5,1785336340941,sender -> receiver,0,True,1785336340809.0,-132.0,0.0,False
5c6b14c5-3c7e-5147-af4e-559478266f2f,1785336340945,sender -> receiver,0,True,1785336340823.0,-122.0,0.0,False
dbbcae2a-1a5e-5b4a-ad61-263105f983d7,1785336340948,sender -> receiver,0,True,1785336340835.0,-113.0,0.0,False
26d41976-6419-57bb-ab3b-ca8fd14215a7,1785336341952,sender -> receiver,0,True,1785336341796.0,-156.0,0.0,False
1080b482-26d7-58cd-9b79-885fc992fb2b,1785336341954,sender -> receiver,0,True,1785336341810.0,-144.0,0.0,False
6037aa70-ab66-5922-bb66-c6d782de0e1e,1785336341956,sender -> receiver,0,True,1785336341824.0,-132.0,0.0,False
a6de1b16-eb59-58a1-8dc8-6c0fc27c790a,1785336341958,sender -> receiver,0,True,1785336341835.0,-123.0,0.0,False
3315b98e-e14b-5117-8c0d-94d1b9f98379,1785336342944,sender -> receiver,0,True,1785336342748.0,-196.0,0.0,False
a50ab30d-6be8-56be-8ad6-6eda8353468a,1785336342946,sender -> receiver,0,True,1785336342816.0,-130.0,0.0,False
0ace7edd-9a77-5c50-acb5-30ff63baa471,1785336342950,sender -> receiver,0,True,1785336342826.0,-124.0,0.0,False
0652d640-5d14-5d96-97ac-023a0240b503,1785336342952,sender -> receiver,0,True,1785336342848.0,-104.0,0.0,False
552aaed8-a0a6-5199-8f5a-12db00911d18,1785336343994,sender -> receiver,0,True,1785336343806.0,-188.0,0.0,False
78fb3399-d2db-5e91-bea0-9e1f75aa0f11,1785336343998,sender -> receiver,0,True,1785336343819.0,-179.0,0.0,False
a7db390d-747f-58ef-b75f-e117fd90d035,1785336344000,sender -> receiver,0,True,1785336343840.0,-160.0,0.0,False
7971ddf5-0697-53f5-9b1d-47ea1a3e77f6,1785336344002,sender -> receiver,0,True,1785336343847.0,-155.0,0.0,False
93be40fb-6a6a-5ef7-bc3a-4fa80fe8dceb,1785336344955,sender -> receiver,0,True,1785336344779.0,-176.0,0.0,False
a610907f-8c4f-56d1-9054-d745cd294680,1785336344958,sender -> receiver,0,True,1785336344791.0,-167.0,0.0,False
dd6576a1-a4fc-5858-a53f-93b417f5040c,1785336344960,sender -> receiver,0,True,1785336344803.0,-157.0,0.0,False
afa30a8e-47b4-5d36-a16c-5d3961b6010e,1785336344962,sender -> receiver,0,True,1785336344815.0,-147.0,0.0,False
3360e0ce-eaed-5087-8e48-26e1f73103c5,1785336345961,sender -> receiver,0,True,1785336345759.0,-202.0,0.0,False
3035a0a0-ea1e-57e1-bb0b-d85817583bc6,1785336345964,sender -> receiver,0,True,1785336345766.0,-198.0,0.0,False
ba0485fb-eba8-5ea0-9a46-80745896ea16,1785336345966,sender -> receiver,0,True,1785336345776.0,-190.0,0.0,False
5bb711dd-eed7-5fc8-bb23-56061641695a,1785336345968,sender -> receiver,0,True,1785336345783.0,-185.0,0.0,False
88cf7311-8bd6-529c-8df6-c72624ddae79,1785336346949,sender -> receiver,0,True,1785336346776.0,-173.0,0.0,False
7d787544-d6b3-55b2-9227-1b2a24b58139,1785336346953,sender -> receiver,0,True,1785336346793.0,-160.0,0.0,False
181b24e0-d1ef-5bc0-8d70-9e8c89976df0,1785336346955,sender -> receiver,0,True,1785336346809.0,-146.0,0.0,False
80b1f7a1-1434-5749-a89c-9c2b69029466,1785336346957,sender -> receiver,0,True,1785336346892.0,-65.0,0.0,False
418c24c2-6db6-5a76-ba86-676c483333cb,1785336347953,sender -> receiver,0,True,1785336347749.0,-204.0,0.0,False
d86d20cc-d797-53c7-9604-8d9b854668b6,1785336347955,sender -> receiver,0,True,1785336347759.0,-196.0,0.0,False
25d1a88b-c767-510d-9aba-25a3e96e6b05,1785336347957,sender -> receiver,0,True,1785336347768.0,-189.0,0.0,False
45457a99-37ac-5d74-82dc-85c23c897b07,1785336347959,sender -> receiver,0,True,1785336347776.0,-183.0,0.0,False
daf32ea4-0bce-5055-b518-868e80e6a28a,1785336348946,sender -> receiver,0,True,1785336348730.0,-216.0,0.0,False
1fe986f9-602a-5539-8d98-9b5e23573c39,1785336348951,sender -> receiver,0,True,1785336348751.0,-200.0,0.0,False
8118d72c-7961-5fdd-8d4f-328a2c3847b5,1785336348956,sender -> receiver,0,True,1785336348793.0,-163.0,0.0,False
f243f8d5-01a7-5a47-a3ab-c4e1c2b04871,1785336348962,sender -> receiver,0,True,1785336348800.0,-162.0,0.0,False
22271af4-06c3-50db-9f1b-24d6fd6083c7,1785336349928,sender -> receiver,0,True,1785336349737.0,-191.0,0.0,False
fcd08841-f1fb-5b62-b1dc-fb3665710ef8,1785336349931,sender -> receiver,0,True,1785336349762.0,-169.0,0.0,False
93315836-ff00-5c59-a792-59dd59c87379,1785336349934,sender -> receiver,0,True,1785336349776.0,-158.0,0.0,False
8513da1d-6dea-5885-87a4-db152b2e69dc,1785336349937,sender -> receiver,0,True,1785336349789.0,-148.0,0.0,False
943e416d-4e9a-5dfa-9b49-00f9a7fb7a40,1785336351022,sender -> receiver,0,True,1785336350805.0,-217.0,0.0,False
15e953c6-f7b1-5b87-ba4f-91a167d8b553,1785336351027,sender -> receiver,0,True,1785336350841.0,-186.0,0.0,False
79b2d12b-369d-5378-9aae-19490a0396cc,1785336351030,sender -> receiver,0,True,1785336350852.0,-178.0,0.0,False
5269a3e7-3207-5366-a00f-d3b8a67c957f,1785336351034,sender -> receiver,0,True,1785336350858.0,-176.0,0.0,False
9d033c1f-d584-599d-87b0-2b7c985bfa5c,1785336351944,sender -> receiver,0,True,1785336351766.0,-178.0,0.0,False
194bf398-edf9-5857-9a29-65c64179957c,1785336351946,sender -> receiver,0,True,1785336351776.0,-170.0,0.0,False
251e0dd7-faf0-5a9b-867b-9701a73c7110,1785336351948,sender -> receiver,0,True,1785336351783.0,-165.0,0.0,False
42ebbc86-09fc-5d2b-8562-e08ad8d83990,1785336351964,sender -> receiver,0,True,1785336351790.0,-174.0,0.0,False
ddf83818-a426-59f5-9d10-cd01a3729ddf,1785336352935,sender -> receiver,0,True,1785336352744.0,-191.0,0.0,False
c30f7e34-31a8-5c50-b265-a3eadae19487,1785336352949,sender -> receiver,0,True,1785336352764.0,-185.0,0.0,False
d27fd434-5f38-599b-8bfa-b245f3ec2281,1785336352951,sender -> receiver,0,True,1785336352777.0,-174.0,0.0,False
1f87c540-482b-57f1-a13c-7eee73db3d98,1785336352953,sender -> receiver,0,True,1785336352794.0,-159.0,0.0,False
3fd46c51-7953-59d3-9027-889e1e30d714,1785336354005,sender -> receiver,0,True,1785336353823.0,-182.0,0.0,False
bf3335ec-dd37-5605-8700-5703f0b75e53,1785336354010,sender -> receiver,0,True,1785336353836.0,-174.0,0.0,False
d23489be-a322-5237-a553-3b1719f43d50,1785336354016,sender -> receiver,0,True,1785336353852.0,-164.0,0.0,False
70ac5cb3-a0bb-53ec-b452-06aa46ad8234,1785336354019,sender -> receiver,0,True,1785336353861.0,-158.0,0.0,False
397c7da4-fc92-570e-942e-c4b829e5d4bb,1785336354987,sender -> receiver,0,True,1785336354847.0,-140.0,0.0,False
620260d4-e238-5305-a80c-7f6b4d80bf80,1785336355004,sender -> receiver,0,True,1785336354862.0,-142.0,0.0,False
57fad579-5aee-5e3a-bcf1-dbb8a66148f3,1785336355007,sender -> receiver,0,True,1785336354874.0,-133.0,0.0,False
64a6522f-7b9f-5ac4-9f8a-dafc87e2161e,1785336355009,sender -> receiver,0,True,1785336354882.0,-127.0,0.0,False
68c44f14-fea5-5459-8234-e764b7d0c7e8,1785336355983,sender -> receiver,0,True,1785336355792.0,-191.0,0.0,False
e3be245b-6757-5a4e-8fd5-931514544694,1785336355989,sender -> receiver,0,True,1785336355805.0,-184.0,0.0,False
b14d7858-af8f-507d-8a23-48bc430bd1f9,1785336355994,sender -> receiver,0,True,1785336355811.0,-183.0,0.0,False
eb7442b1-5747-5473-ac9f-669fbb6ecead,1785336355999,sender -> receiver,0,True,1785336355818.0,-181.0,0.0,False
223df5fa-845b-54ab-9272-6c9edec52435,1785336356972,sender -> receiver,0,True,1785336356796.0,-176.0,0.0,False
3ccc0904-041b-5e85-9e05-c69d035de12c,1785336356977,sender -> receiver,0,True,1785336356804.0,-173.0,0.0,False
b1e17a53-3211-5247-a7f5-18f1d2728237,1785336356981,sender -> receiver,0,True,1785336356817.0,-164.0,0.0,False
1a599cef-551f-54a3-9aba-487f8e04d3a4,1785336356987,sender -> receiver,0,True,1785336356836.0,-151.0,0.0,False
d86a76a0-5145-59bd-a7df-157a38d5857d,1785336357955,sender -> receiver,0,True,1785336357731.0,-224.0,0.0,False
dc554e34-21de-55e5-99e6-b02a95241aea,1785336357958,sender -> receiver,0,True,1785336357747.0,-211.0,0.0,False
cb09fa77-01f5-53ce-bc63-9e965c779cab,1785336357960,sender -> receiver,0,True,1785336357761.0,-199.0,0.0,False
df8953a5-3c22-5126-b254-ab2cbda64a32,1785336357962,sender -> receiver,0,True,1785336357773.0,-189.0,0.0,False
caface6e-af1c-5732-ab63-8d6acdd0b71d,1785336358950,sender -> receiver,0,True,1785336358747.0,-203.0,0.0,False
65193a6c-8245-5056-a777-9c7880335345,1785336358955,sender -> receiver,0,True,1785336358793.0,-162.0,0.0,False
d897d348-6dc8-5abb-8ba3-d2c409f9e502,1785336358958,sender -> receiver,0,True,1785336358805.0,-153.0,0.0,False
e213bd5b-beeb-554d-9622-961e23465eaf,1785336358962,sender -> receiver,0,True,1785336358812.0,-150.0,0.0,False
ca8c50dd-247d-5cca-95a5-8dd9dda59254,1785336359983,sender -> receiver,0,True,1785336359801.0,-182.0,0.0,False
7f910746-b8a2-5443-92ce-8dc421620ba8,1785336359987,sender -> receiver,0,True,1785336359846.0,-141.0,0.0,False
580caf07-ca86-5ca3-921e-8fc629a83f4b,1785336359991,sender -> receiver,0,True,1785336359860.0,-131.0,0.0,False
5e69f7b8-f219-5aad-b612-b0fb1fe35a37,1785336359993,sender -> receiver,0,True,1785336359873.0,-120.0,0.0,False
95a61c08-1d6b-5f25-ad27-66da18bdf284,1785336360933,sender -> receiver,0,True,1785336360743.0,-190.0,0.0,False
e46f70a7-55b5-532d-9a32-ccdd3aac53b8,1785336360936,sender -> receiver,0,True,1785336360786.0,-150.0,0.0,False
04cccb0e-cbe7-53ac-aa18-db0892d34174,1785336360939,sender -> receiver,0,True,1785336360794.0,-145.0,0.0,False
01cf5066-feda-596d-8523-d02eaf954067,1785336360940,sender -> receiver,0,True,1785336360803.0,-137.0,0.0,False
68b6a0f3-85cb-5355-bc5b-89b03485ba06,1785336361964,sender -> receiver,0,True,1785336361759.0,-205.0,0.0,False
951b0d5b-8ed4-5d3e-b12b-ddd7b7145c75,1785336361968,sender -> receiver,0,True,1785336361770.0,-198.0,0.0,False
ce773a5a-9164-583a-9d27-743e8e5c1388,1785336361973,sender -> receiver,0,True,1785336361789.0,-184.0,0.0,False
b4106260-aaa5-5d37-9074-38b67d744a8e,1785336361999,sender -> receiver,0,True,1785336361797.0,-202.0,0.0,False
a32d33c2-b4cc-5d80-98ee-f4317e367952,1785336362958,sender -> receiver,0,True,1785336362778.0,-180.0,0.0,False
7c467c26-6ee5-5f5c-9feb-fc3c7c8b1770,1785336362961,sender -> receiver,0,True,1785336362788.0,-173.0,0.0,False
dab91cae-4f7c-5ca4-8b33-16a8ac2ace7e,1785336362965,sender -> receiver,0,True,1785336362795.0,-170.0,0.0,False
2c3a2b3d-40ac-5c5a-bfca-ac30c22ddf31,1785336362968,sender -> receiver,0,True,1785336362803.0,-165.0,0.0,False
7e30c685-fbd2-5c1a-be55-de6a7df3d57c,1785336404215,sender -> receiver,0,True,1785336404009.0,-206.0,0.0,False
07ab62c0-fe54-5b26-916c-cf8f76f6fee8,1785336404247,sender -> receiver,0,True,1785336404021.0,-226.0,0.0,False
fc417174-6a77-57e4-9afa-f3831998f597,1785336404251,sender -> receiver,0,True,1785336404042.0,-209.0,0.0,False
66d6baf0-aac3-5f45-be1a-459267fbd9ce,1785336404255,sender -> receiver,0,True,1785336404054.0,-201.0,0.0,False
13697a38-473b-5182-b30c-81a5c6689e89,1785336405188,sender -> receiver,0,True,1785336404992.0,-196.0,0.0,False
626a5dc2-e8e6-56aa-b4e6-ed5d38f7761e,1785336405190,sender -> receiver,0,True,1785336405000.0,-190.0,0.0,False
299d58a9-15ee-5b66-a42c-cf06e2cb7e9c,1785336405195,sender -> receiver,0,True,1785336405009.0,-186.0,0.0,False
c074735e-0c24-577c-ac66-731f4c9b1656,1785336405197,sender -> receiver,0,True,1785336405020.0,-177.0,0.0,False
017702b9-cce9-5a8d-8b57-4ed1c9fcf1ad,1785336406219,sender -> receiver,0,True,1785336406021.0,-198.0,0.0,False
02b94825-f98c-5fa9-9c7c-560b21babb76,1785336406222,sender -> receiver,0,True,1785336406040.0,-182.0,0.0,False
0f3fd86e-b514-5bb1-a765-1b62f6c70221,1785336406225,sender -> receiver,0,True,1785336406078.0,-147.0,0.0,False
e9bd6a33-9f63-5534-869b-1cf1579f17b6,1785336406228,sender -> receiver,0,True,1785336406092.0,-136.0,0.0,False
870de3cf-4c66-50ee-940c-c6f5254a4efd,1785336407196,sender -> receiver,0,True,1785336407023.0,-173.0,0.0,False
06ff3fa8-dd18-5732-b32e-77fa244ded74,1785336407200,sender -> receiver,0,True,1785336407037.0,-163.0,0.0,False
fd6bb566-60f2-5411-b172-5df8d710e5d4,1785336407204,sender -> receiver,0,True,1785336407049.0,-155.0,0.0,False
9ab4fe0e-0ff5-5b9e-ac52-85b17463dd4b,1785336407208,sender -> receiver,0,True,1785336407058.0,-150.0,0.0,False
ba24b330-c501-500d-89a0-df4de87a631a,1785336408221,sender -> receiver,0,True,1785336408096.0,-125.0,0.0,False
5f0db906-3057-5e86-93e9-91a29dce6411,1785336408224,sender -> receiver,0,True,1785336408107.0,-117.0,0.0,False
0d551ec0-7abb-54d5-a5df-a9987d8c4c3c,1785336408228,sender -> receiver,0,True,1785336408127.0,-101.0,0.0,False
812c02a1-d520-5994-bc0d-144cab60669b,1785336408232,sender -> receiver,0,True,1785336408140.0,-92.0,0.0,False
d2939d68-ce6a-54c8-844c-1b85b5bbe996,1785336409232,sender -> receiver,0,True,1785336409061.0,-171.0,0.0,False
4f1308a1-da9f-50b7-9f2f-76bb89faa933,1785336409236,sender -> receiver,0,True,1785336409074.0,-162.0,0.0,False
ae0d1271-e4c7-53a3-a523-91048f840240,1785336409239,sender -> receiver,0,True,1785336409085.0,-154.0,0.0,False
718a1007-76e5-5f68-8bbd-c71adb06c6c7,1785336409244,sender -> receiver,0,True,1785336409098.0,-146.0,0.0,False
ae2bb47f-6666-5464-8a9a-0c9a9e4976f0,1785336410205,sender -> receiver,0,True,1785336409991.0,-214.0,0.0,False
91c57cc8-c9a6-5fea-8c6d-e9d9c45dbe5a,1785336410209,sender -> receiver,0,True,1785336410036.0,-173.0,0.0,False
3772935c-17de-5921-a73b-d77099cad27b,1785336410213,sender -> receiver,0,True,1785336410047.0,-166.0,0.0,False
2108faf8-c843-5d01-8c3f-6e54b4b2d985,1785336410236,sender -> receiver,0,True,1785336410056.0,-180.0,0.0,False
d571d461-6493-5146-ac46-da9d838a856c,1785336411221,sender -> receiver,0,True,1785336411030.0,-191.0,0.0,False
e4667758-846d-5824-8333-7f2c67a47db5,1785336411225,sender -> receiver,0,True,1785336411042.0,-183.0,0.0,False
218cc3fd-2124-50b5-8075-e36293fb97b4,1785336411252,sender -> receiver,0,True,1785336411056.0,-196.0,0.0,False
c0183932-3821-5e17-818e-29d2de50e041,1785336411257,sender -> receiver,0,True,1785336411091.0,-166.0,0.0,False
897ac42e-e09d-5977-929c-95fb7aa99080,1785336412253,sender -> receiver,0,True,1785336412114.0,-139.0,0.0,False
b61827b9-e666-5895-add9-b26b24f74c13,1785336412257,sender -> receiver,0,True,1785336412123.0,-134.0,0.0,False
c5538a8e-3fce-54cb-b461-b9911c67f39a,1785336412260,sender -> receiver,0,True,1785336412132.0,-128.0,0.0,False
12564b2d-e844-52ed-8661-0ef420f17ce4,1785336412264,sender -> receiver,0,True,1785336412143.0,-121.0,0.0,False
4a31bc2f-8ba3-521e-ba5c-d7cff22737b1,1785336413185,sender -> receiver,0,True,1785336412993.0,-192.0,0.0,False
f7d167e7-d05a-5d57-b9b4-f273d4068d96,1785336413188,sender -> receiver,0,True,1785336413010.0,-178.0,0.0,False
b03ef3f5-db35-5c80-8ec1-7b4ff7f46c62,1785336413191,sender -> receiver,0,True,1785336413025.0,-166.0,0.0,False
1d273e55-5f78-515a-bb57-39235428ed67,1785336413193,sender -> receiver,0,True,1785336413038.0,-155.0,0.0,False
ee06ec8a-6db9-520b-aa4f-ad34a1e66bd4,1785336414225,sender -> receiver,0,True,1785336414064.0,-161.0,0.0,False
b83e3e6e-1494-5567-805a-4c5926581c97,1785336414229,sender -> receiver,0,True,1785336414073.0,-156.0,0.0,False
1648586e-2706-53c0-8465-8b40c5339cce,1785336414233,sender -> receiver,0,True,1785336414082.0,-151.0,0.0,False
bfb684d0-3881-50b2-a938-515c9e52f69b,1785336414237,sender -> receiver,0,True,1785336414093.0,-144.0,0.0,False
28509134-fc83-5b06-9e31-e32129aef807,1785336415187,sender -> receiver,0,True,1785336414993.0,-194.0,0.0,False
d62f8d33-8e71-5263-98f5-356b6a21ed0c,1785336415190,sender -> receiver,0,True,1785336415010.0,-180.0,0.0,False
fa4edbc5-adca-5cf0-98a2-cfa807acaf8f,1785336415193,sender -> receiver,0,True,1785336415020.0,-173.0,0.0,False
8ded49ab-2093-542b-a704-ffed683e0d5e,1785336415196,sender -> receiver,0,True,1785336415031.0,-165.0,0.0,False
1d52006c-4e60-55c4-a6f9-e3002003ad18,1785336416221,sender -> receiver,0,True,1785336416006.0,-215.0,0.0,False
413474ea-b071-5e21-9328-9f26e941d5b1,1785336416228,sender -> receiver,0,True,1785336416025.0,-203.0,0.0,False
6b88daf4-f4fb-5611-89f5-9ec4d3e1b13a,1785336416232,sender -> receiver,0,True,1785336416085.0,-147.0,0.0,False
f8100d96-b89e-56f6-8b29-b69346b5d482,1785336416255,sender -> receiver,0,True,1785336416098.0,-157.0,0.0,False
d0a03f15-eccc-512c-8b50-6ff5142ec540,1785336417186,sender -> receiver,0,True,1785336417018.0,-168.0,0.0,False
35eb5151-0716-572a-8491-863637871c96,1785336417188,sender -> receiver,0,True,1785336417027.0,-161.0,0.0,False
db08de17-01e2-5c20-9f4f-edf19be03b4c,1785336417190,sender -> receiver,0,True,1785336417036.0,-154.0,0.0,False
8b29a24e-bb94-5602-9909-7c5a5aeccd73,1785336417194,sender -> receiver,0,True,1785336417044.0,-150.0,0.0,False
4089ae8e-e780-5a04-9640-dc8c467bb58b,1785336418215,sender -> receiver,0,True,1785336418029.0,-186.0,0.0,False
070c653a-c74a-56f5-a91e-f18883686b2b,1785336418218,sender -> receiver,0,True,1785336418046.0,-172.0,0.0,False
c3994237-9fea-56f2-b195-2b5a3a9176cc,1785336418221,sender -> receiver,0,True,1785336418057.0,-164.0,0.0,False
f34ff6e5-fca9-59d9-b5d2-47b76caca11e,1785336418223,sender -> receiver,0,True,1785336418067.0,-156.0,0.0,False
d9246efd-3871-542a-8ae0-af4bf0f0ae6a,1785336419177,sender -> receiver,0,True,1785336418976.0,-201.0,0.0,False
b770f936-c24c-5256-84fa-2168ea8000ae,1785336419181,sender -> receiver,0,True,1785336418994.0,-187.0,0.0,False
205aa9a4-8f42-538f-966e-794dd493e0a5,1785336419183,sender -> receiver,0,True,1785336419009.0,-174.0,0.0,False
95c6b86d-a6f1-595d-b380-2badea8f8e63,1785336419185,sender -> receiver,0,True,1785336419021.0,-164.0,0.0,False
26f3bb71-45d2-5178-bcd5-9175179d91a8,1785336420219,sender -> receiver,0,True,1785336420016.0,-203.0,0.0,False
1add8e5a-26db-5f25-83af-04ad32b53a7e,1785336420222,sender -> receiver,0,True,1785336420029.0,-193.0,0.0,False
1ec38c71-1c02-5016-ad47-bdf433ece3ca,1785336420226,sender -> receiver,0,True,1785336420075.0,-151.0,0.0,False
f3a3bc38-042e-58a7-8381-226bfb8e7b45,1785336420228,sender -> receiver,0,True,1785336420089.0,-139.0,0.0,False
eeb2704d-97fb-5d38-89af-943e0f849d09,1785336421187,sender -> receiver,0,True,1785336421001.0,-186.0,0.0,False
f24e9430-d56d-559b-aa6b-7a785b00664a,1785336421193,sender -> receiver,0,True,1785336421017.0,-176.0,0.0,False
dfbf5cca-6d93-5ecf-a981-8e99c9f46a42,1785336421196,sender -> receiver,0,True,1785336421031.0,-165.0,0.0,False
cf3bec70-f07f-52c0-8265-9da2946f6dfb,1785336421210,sender -> receiver,0,True,1785336421043.0,-167.0,0.0,False
b0c3c4eb-fe71-57dc-bc4e-83619bd2e7fb,1785336422219,sender -> receiver,0,True,1785336421998.0,-221.0,0.0,False
144b67e2-dc48-50a2-8917-d7e9c1ba5897,1785336422224,sender -> receiver,0,True,1785336422045.0,-179.0,0.0,False
fccfb260-bd6b-57b2-9af7-684d301cfcbb,1785336422246,sender -> receiver,0,True,1785336422054.0,-192.0,0.0,False
17b013d8-dcaf-505f-8024-9e862cdffe9b,1785336422252,sender -> receiver,0,True,1785336422061.0,-191.0,0.0,False
e0272954-5310-5c22-bb14-a5ce70c81548,1785336423175,sender -> receiver,0,True,1785336422986.0,-189.0,0.0,False
4811cd64-799e-535e-a6c4-be0877187f81,1785336423177,sender -> receiver,0,True,1785336423005.0,-172.0,0.0,False
7cb15c99-4be1-5988-b004-419294248f59,1785336423179,sender -> receiver,0,True,1785336423020.0,-159.0,0.0,False
950a416d-6ad0-5d48-ac76-a8506b225c43,1785336423181,sender -> receiver,0,True,1785336423032.0,-149.0,0.0,False
36b2132c-09d4-5880-9f2d-62647eca8e5a,1785336424216,sender -> receiver,0,True,1785336424017.0,-199.0,0.0,False
e787e522-e607-5377-ae85-abca64fe559e,1785336424220,sender -> receiver,0,True,1785336424031.0,-189.0,0.0,False
1da5a7f2-b5f1-5104-964b-a8d0d3622474,1785336424224,sender -> receiver,0,True,1785336424044.0,-180.0,0.0,False
102df404-4d75-50ff-9b3b-5528334c17c7,1785336424228,sender -> receiver,0,True,1785336424055.0,-173.0,0.0,False
d90b052d-23c4-5259-bcc7-1e9391d18411,1785336425218,sender -> receiver,0,True,1785336425004.0,-214.0,0.0,False
2701f404-3526-5a5b-af3f-dba04bfc63b5,1785336425223,sender -> receiver,0,True,1785336425019.0,-204.0,0.0,False
d733e9b1-21f1-5428-8555-b6e2503eac05,1785336425226,sender -> receiver,0,True,1785336425031.0,-195.0,0.0,False
49972f3d-6e9c-5dda-bc2d-82d541477587,1785336425251,sender -> receiver,0,True,1785336425039.0,-212.0,0.0,False
ab3a38a5-d6b9-52fb-ad1c-49f9f1b970e9,1785336426200,sender -> receiver,0,True,1785336426004.0,-196.0,0.0,False
a8b7e9df-bc81-58a5-9df7-1ec09d72439b,1785336426205,sender -> receiver,0,True,1785336426013.0,-192.0,0.0,False
b0536227-45e7-5d11-a84f-92f0d080fb47,1785336426229,sender -> receiver,0,True,1785336426020.0,-209.0,0.0,False
f8e49083-c526-5d3b-959f-44e463e02ae1,1785336426233,sender -> receiver,0,True,1785336426032.0,-201.0,0.0,False
b0445cf1-b125-5c6a-b9f4-5b8962bf7eb9,1785336427220,sender -> receiver,0,True,1785336427055.0,-165.0,0.0,False
3a4c86fa-e684-5631-b7d9-6093dd6e86f2,1785336427223,sender -> receiver,0,True,1785336427066.0,-157.0,0.0,False
f1c24366-7e57-5fad-bed7-14e1f525e7c9,1785336427226,sender -> receiver,0,True,1785336427074.0,-152.0,0.0,False
2e72cc3c-7051-59ac-8283-950cd1bb58ab,1785336427229,sender -> receiver,0,True,1785336427085.0,-144.0,0.0,False
1f0968e2-2b94-59b9-962f-c3290f4795dc,1785336428226,sender -> receiver,0,True,1785336428028.0,-198.0,0.0,False
857b7feb-7fd3-5c62-bd5a-f74101266b69,1785336428232,sender -> receiver,0,True,1785336428044.0,-188.0,0.0,False
41ca8fe4-4a88-5319-bf70-4b9c657283b1,1785336428257,sender -> receiver,0,True,1785336428059.0,-198.0,0.0,False
32068caf-478f-5fe0-87a6-ed111a053d3a,1785336428262,sender -> receiver,0,True,1785336428100.0,-162.0,0.0,False
436f3c42-424d-5791-88f7-c91bbd87bb58,1785336469336,sender -> receiver,0,True,1785336469144.0,-192.0,0.0,False
2fd34436-5603-574f-a7a9-4b1bbc02e766,1785336469340,sender -> receiver,0,True,1785336469156.0,-184.0,0.0,False
2200e28f-e686-5c51-bc7e-2015b32ed369,1785336469344,sender -> receiver,0,True,1785336469163.0,-181.0,0.0,False
4f268541-1065-5ba7-82d8-cf628f856452,1785336469347,sender -> receiver,0,True,1785336469171.0,-176.0,0.0,False
562e9422-f969-5490-8395-13e0f1b0b664,1785336470352,sender -> receiver,0,True,1785336470160.0,-192.0,0.0,False
498d08f8-096b-57fa-afc0-d3ce49ca1d95,1785336470357,sender -> receiver,0,True,1785336470173.0,-184.0,0.0,False
20f67a53-7d37-53d9-9f75-bb5999787530,1785336470363,sender -> receiver,0,True,1785336470185.0,-178.0,0.0,False
369d8627-c190-54c5-a459-3b286be8e3f2,1785336470367,sender -> receiver,0,True,1785336470215.0,-152.0,0.0,False
9b470d5e-d5e5-5461-b995-ecdbf75f47e0,1785336471317,sender -> receiver,0,True,1785336471168.0,-149.0,0.0,False
5672699f-cc5f-51b6-bb8a-909e342ea4ea,1785336471319,sender -> receiver,0,True,1785336471178.0,-141.0,0.0,False
050ebce7-ac92-5003-baca-9b67d310eccd,1785336471322,sender -> receiver,0,True,1785336471189.0,-133.0,0.0,False
ca519818-5c5e-50e9-8390-b1cc18d18365,1785336471325,sender -> receiver,0,True,1785336471200.0,-125.0,0.0,False
eac84276-4f29-579c-8efb-4ef5424bd2b5,1785336472349,sender -> receiver,0,True,1785336472136.0,-213.0,0.0,False
94513184-c7a6-5903-a17e-57dc2b28f11c,1785336472377,sender -> receiver,0,True,1785336472179.0,-198.0,0.0,False
ef08b1d4-b407-534e-b25c-d455705a213f,1785336472382,sender -> receiver,0,True,1785336472189.0,-193.0,0.0,False
a9be2c9e-844a-50f7-b377-a85f2f91b187,1785336472386,sender -> receiver,0,True,1785336472198.0,-188.0,0.0,False
40e5a9d1-0127-5a94-a9f0-bfcfb0c2d567,1785336473359,sender -> receiver,0,True,1785336473153.0,-206.0,0.0,False
d13b0ee9-ef9e-557f-b2ec-fc712c92c582,1785336473363,sender -> receiver,0,True,1785336473169.0,-194.0,0.0,False
abc2498e-36a3-56a8-8bf4-717ab8dd4324,1785336473366,sender -> receiver,0,True,1785336473182.0,-184.0,0.0,False
6ddb1f6f-c7c5-59e6-a180-afb0574de301,1785336473370,sender -> receiver,0,True,1785336473192.0,-178.0,0.0,False
9c31b6fe-9e2b-57a0-bc24-c1ba0601b737,1785336474318,sender -> receiver,0,True,1785336474113.0,-205.0,0.0,False
dffc633d-bbf1-5c37-866d-45fa4845c2d2,1785336474321,sender -> receiver,0,True,1785336474175.0,-146.0,0.0,False
a2b13a27-8cdb-5586-8ad7-5b020fcbab10,1785336474324,sender -> receiver,0,True,1785336474187.0,-137.0,0.0,False
feeb2092-d08b-577d-a678-89d7f7a092b6,1785336474327,sender -> receiver,0,True,1785336474199.0,-128.0,0.0,False
8417c5fb-2098-56f5-a5ce-dd04ca324b80,1785336475318,sender -> receiver,0,True,1785336475097.0,-221.0,0.0,False
52a3c600-4942-5c1b-9383-509bc1f05ef5,1785336475325,sender -> receiver,0,True,1785336475160.0,-165.0,0.0,False
12675cf7-d74b-511d-a6d1-1e3f25c43f2e,1785336475328,sender -> receiver,0,True,1785336475169.0,-159.0,0.0,False
e98b5a8a-0f3d-5d89-a4c8-c15d77556813,1785336475331,sender -> receiver,0,True,1785336475177.0,-154.0,0.0,False
7704a92c-48a5-51f0-9087-35f5a47dbeb6,1785336476314,sender -> receiver,0,True,1785336476181.0,-133.0,0.0,False
2f791ca5-6938-5367-bf6f-0a74f7e2e47a,1785336476328,sender -> receiver,0,True,1785336476204.0,-124.0,0.0,False
3be160d5-b84e-5543-b18b-4b9fd89f26f8,1785336476329,sender -> receiver,0,True,1785336476218.0,-111.0,0.0,False
646f205b-da54-5d64-b709-d38f30fd3357,1785336476330,sender -> receiver,0,True,1785336476231.0,-99.0,0.0,False
5cef56b9-3b95-5059-bf2a-2336c0cac58e,1785336477337,sender -> receiver,0,True,1785336477128.0,-209.0,0.0,False
a3071a08-201e-5840-a69d-2ebf182cacfe,1785336477340,sender -> receiver,0,True,1785336477147.0,-193.0,0.0,False
13cda7cd-ddb2-5a3e-87c6-9272dc8a38d6,1785336477343,sender -> receiver,0,True,1785336477156.0,-187.0,0.0,False
26f431ea-45b9-59c9-aa5a-9a4753389297,1785336477345,sender -> receiver,0,True,1785336477161.0,-184.0,0.0,False
4628309c-8f5c-5001-8bd4-45b5cd193e15,1785336478342,sender -> receiver,0,True,1785336478171.0,-171.0,0.0,False
79248684-af7f-510b-bdcd-fe0308138548,1785336478344,sender -> receiver,0,True,1785336478185.0,-159.0,0.0,False
1e29aa8b-623b-514a-9d42-ec381f49558e,1785336478346,sender -> receiver,0,True,1785336478194.0,-152.0,0.0,False
e02bfba6-a0c4-589e-9514-82091a7837c6,1785336478348,sender -> receiver,0,True,1785336478199.0,-149.0,0.0,False
31b88455-b7be-5649-8268-6db02e7ec999,1785336479332,sender -> receiver,0,True,1785336479095.0,-237.0,0.0,False
5ce0a93a-69a0-5226-88ea-078293f73faa,1785336479334,sender -> receiver,0,True,1785336479169.0,-165.0,0.0,False
b4687bf8-1a92-55b8-8bb0-2cc3fe0aab3a,1785336479336,sender -> receiver,0,True,1785336479183.0,-153.0,0.0,False
ed21b0a2-fc6c-52e2-b535-a57e6fc03bb6,1785336479338,sender -> receiver,0,True,1785336479194.0,-144.0,0.0,False
6fd9ed89-3463-5bf7-be2a-9d626be61032,1785336480316,sender -> receiver,0,True,1785336480127.0,-189.0,0.0,False
8097eddd-c24a-5538-9870-ddb6a1dc517d,1785336480318,sender -> receiver,0,True,1785336480140.0,-178.0,0.0,False
e7c26a0f-90ce-59f3-8737-17ef474dd6ff,1785336480320,sender -> receiver,0,True,1785336480149.0,-171.0,0.0,False
d80bad55-0f38-5cd2-aa5c-7c75bfdc6217,1785336480323,sender -> receiver,0,True,1785336480157.0,-166.0,0.0,False
574c8e68-799e-5307-bb00-45ab4d42fbd0,1785336481345,sender -> receiver,0,True,1785336481119.0,-226.0,0.0,False
7abf2900-b209-59cf-8d7a-7e91dfe2e922,1785336481350,sender -> receiver,0,True,1785336481133.0,-217.0,0.0,False
997cbeac-8f5a-5f11-a915-40381d831511,1785336481356,sender -> receiver,0,True,1785336481145.0,-211.0,0.0,False
27c8d5cf-add1-50a9-bfc2-15db9f41b6f9,1785336481361,sender -> receiver,0,True,1785336481167.0,-194.0,0.0,False
b0884515-983b-5288-aef1-5b0be3137501,1785336482328,sender -> receiver,0,True,1785336482109.0,-219.0,0.0,False
c0c1432b-fbe7-5630-81c9-aea1a49fb09e,1785336482330,sender -> receiver,0,True,1785336482128.0,-202.0,0.0,False
5baf8749-0f38-5ee5-8726-32105b013c54,1785336482335,sender -> receiver,0,True,1785336482176.0,-159.0,0.0,False
b58dcd25-fec7-59d6-be41-5649493f198a,1785336482340,sender -> receiver,0,True,1785336482187.0,-153.0,0.0,False
b9adc7fe-04fc-5f56-a30f-4aaf3327d51c,1785336483360,sender -> receiver,0,True,1785336483149.0,-211.0,0.0,False
1fc7dd60-8eae-535f-aa66-1d9a44f4b63c,1785336483364,sender -> receiver,0,True,1785336483170.0,-194.0,0.0,False
eee669ae-6db1-584b-9fef-6212895864d7,1785336483368,sender -> receiver,0,True,1785336483181.0,-187.0,0.0,False
8e1b414c-04d3-54e0-ab44-bd6feb0a5e58,1785336483371,sender -> receiver,0,True,1785336483192.0,-179.0,0.0,False
ac10272d-4a0d-53e6-80a6-fe313a8c7f47,1785336484369,sender -> receiver,0,True,1785336484146.0,-223.0,0.0,False
97995e52-6ceb-5cc6-86be-2aba4b8f3b60,1785336484375,sender -> receiver,0,True,1785336484176.0,-199.0,0.0,False
f4beee63-b0a7-5250-b9a6-9074b4f8f9d4,1785336484379,sender -> receiver,0,True,1785336484197.0,-182.0,0.0,False
c59c3892-1c61-55d8-97a1-a236c8c3e23f,1785336484386,sender -> receiver,0,True,1785336484206.0,-180.0,0.0,False
b3206d5c-4e78-599a-8f98-0ccff1676239,1785336485342,sender -> receiver,0,True,1785336485131.0,-211.0,0.0,False
a4ed39fd-8f1e-5087-9a21-14c0dd6535d4,1785336485367,sender -> receiver,0,True,1785336485146.0,-221.0,0.0,False
f132e7b8-27de-5fe3-bd9a-e22dd7a018de,1785336485371,sender -> receiver,0,True,1785336485185.0,-186.0,0.0,False
48798cab-5e6c-5d86-b025-04b4ddd994fa,1785336485375,sender -> receiver,0,True,1785336485198.0,-177.0,0.0,False
f385ce5f-efc6-5804-9449-8dad830394df,1785336486369,sender -> receiver,0,True,1785336486166.0,-203.0,0.0,False
1df9e3f0-2451-5024-b907-a863b4a127c1,1785336486376,sender -> receiver,0,True,1785336486182.0,-194.0,0.0,False
44aa3261-eece-5dc0-8b1b-f9667440a0d6,1785336486380,sender -> receiver,0,True,1785336486220.0,-160.0,0.0,False
07d3bbc2-3f9e-5e84-87d2-394c118f76db,1785336486382,sender -> receiver,0,True,1785336486233.0,-149.0,0.0,False
d35e579e-ba47-5084-a725-bc03b6305e70,1785336487335,sender -> receiver,0,True,1785336487106.0,-229.0,0.0,False
70d272c7-6b6d-55b7-85df-04d167b81ef8,1785336487338,sender -> receiver,0,True,1785336487179.0,-159.0,0.0,False
ab130a2e-7496-5735-bbc4-39b2a433ff9d,1785336487341,sender -> receiver,0,True,1785336487194.0,-147.0,0.0,False
1e4f9590-1c68-5762-adc2-b42b26a9f8e7,1785336487343,sender -> receiver,0,True,1785336487205.0,-138.0,0.0,False
04dcfb17-501f-5a92-9b04-0cd5b3b1fcb6,1785336488323,sender -> receiver,0,True,1785336488110.0,-213.0,0.0,False
e9ff9a59-690c-5094-ab78-44c82cb8b800,1785336488325,sender -> receiver,0,True,1785336488132.0,-193.0,0.0,False
986742c3-f17c-584a-9d96-18e495472162,1785336488328,sender -> receiver,0,True,1785336488148.0,-180.0,0.0,False
74e8af2f-ca07-5fd8-9e77-88486c3f5e51,1785336488330,sender -> receiver,0,True,1785336488160.0,-170.0,0.0,False
7526f7b3-e3ed-55eb-9952-1c8d904915f7,1785336489345,sender -> receiver,0,True,1785336489134.0,-211.0,0.0,False
3bd943fc-3f2f-5bff-aedd-919391138776,1785336489348,sender -> receiver,0,True,1785336489143.0,-205.0,0.0,False
fd0d2a98-fb72-5075-bac6-d85209a2aece,1785336489352,sender -> receiver,0,True,1785336489154.0,-198.0,0.0,False
5209d42e-b73c-5cdb-be12-c25fc396e2b1,1785336489356,sender -> receiver,0,True,1785336489161.0,-195.0,0.0,False
13e62fce-c7d6-58b5-b36b-bb8754bed395,1785336490352,sender -> receiver,0,True,1785336490166.0,-186.0,0.0,False
d1221fd7-093b-52b9-9bb9-d18a047848b0,1785336490380,sender -> receiver,0,True,1785336490178.0,-202.0,0.0,False
dbd99352-6c4d-5a7c-b6f1-7397a15f55a4,1785336490384,sender -> receiver,0,True,1785336490186.0,-198.0,0.0,False
4f92ce30-55e7-5b3f-82a7-2e81aeecaf8e,1785336490387,sender -> receiver,0,True,1785336490194.0,-193.0,0.0,False
83c8a8f0-0557-5aa3-9add-15035d21bd87,1785336491333,sender -> receiver,0,True,1785336491165.0,-168.0,0.0,False
9d3c359a-997b-5d8c-a0ef-06a2f874d9dd,1785336491337,sender -> receiver,0,True,1785336491184.0,-153.0,0.0,False
50f9ac83-4bed-52f2-8da7-fb94713b5d12,1785336491340,sender -> receiver,0,True,1785336491208.0,-132.0,0.0,False
edc04177-de79-5721-b2e8-7ca67514af6a,1785336491344,sender -> receiver,0,True,1785336491246.0,-98.0,0.0,False
7e1f7df3-03e9-569d-917e-b4d71d065f85,1785336492331,sender -> receiver,0,True,1785336492154.0,-177.0,0.0,False
e300a04a-0fbe-556d-8bef-179dd59b70a3,1785336492334,sender -> receiver,0,True,1785336492174.0,-160.0,0.0,False
45c682f5-889a-53e1-9f2f-442cb1a2e888,1785336492338,sender -> receiver,0,True,1785336492192.0,-146.0,0.0,False
6037a709-06f4-564e-aaef-2712f87f7809,1785336492340,sender -> receiver,0,True,1785336492206.0,-134.0,0.0,False
eab1d173-c099-557f-b948-fb477f47b78a,1785336493316,sender -> receiver,0,True,1785336493099.0,-217.0,0.0,False
20e0329a-3983-5d53-b627-00889b2d2b65,1785336493318,sender -> receiver,0,True,1785336493117.0,-201.0,0.0,False
38e9bb53-d600-5579-8f45-c95247d48d3c,1785336493320,sender -> receiver,0,True,1785336493130.0,-190.0,0.0,False
c5d16f06-9992-5222-91b6-0dfb1ce45624,1785336493322,sender -> receiver,0,True,1785336493146.0,-176.0,0.0,False
adba46b1-0b61-58ba-82cb-44a365edff2e,1785336545062,sender -> receiver,0,True,1785336544839.0,-223.0,0.0,False
3055b69e-2191-502f-9eb7-50bfb1bbbd73,1785336545064,sender -> receiver,0,True,1785336544857.0,-207.0,0.0,False
00b52c76-7e8f-53c4-b733-c51f5001787c,1785336545066,sender -> receiver,0,True,1785336544869.0,-197.0,0.0,False
f788881f-3e13-5e8f-946d-ae3ee6d0cbf3,1785336545067,sender -> receiver,0,True,1785336544894.0,-173.0,0.0,False
3de132d2-ec48-55d4-b5f1-fa0554c1843e,1785336545069,sender -> receiver,0,True,1785336544906.0,-163.0,0.0,False
28a268ef-7df5-5f26-86fd-b45399886bb4,1785336545080,sender -> receiver,0,True,1785336544912.0,-168.0,0.0,False
4627c473-5f6a-598e-83b3-cd6da9770ebe,1785336545083,sender -> receiver,0,True,1785336544919.0,-164.0,0.0,False
ad1250b7-d3ed-5321-8dbf-480e80c2c1f4,1785336546053,sender -> receiver,0,True,1785336545874.0,-179.0,0.0,False
9f816338-018d-5f94-980a-e465d106033f,1785336546055,sender -> receiver,0,True,1785336545888.0,-167.0,0.0,False
1c2addbc-6cd9-58a9-8c66-2dc59c7ad151,1785336546056,sender -> receiver,0,True,1785336545904.0,-152.0,0.0,False
6db2e15e-bd72-5b68-8ed0-6f8bd001025a,1785336546059,sender -> receiver,0,True,1785336545916.0,-143.0,0.0,False
7dc1d320-85db-5256-9432-0bd46fcc2078,1785336546060,sender -> receiver,0,True,1785336545928.0,-132.0,0.0,False
18579853-eca9-5f90-b666-8411b588b287,1785336546062,sender -> receiver,0,True,1785336545937.0,-125.0,0.0,False
60eb550b-228c-5d9e-a82b-4839e3566654,1785336546064,sender -> receiver,0,True,1785336545953.0,-111.0,0.0,False
0b4b6c05-2c67-54c5-bcfc-9961bd0c8c6e,1785336547068,sender -> receiver,0,True,1785336546866.0,-202.0,0.0,False
0b13e8ed-920e-5571-813f-66b175936437,1785336547070,sender -> receiver,0,True,1785336546895.0,-175.0,0.0,False
ef42dc07-eac8-5dfa-a168-188f3ddc53d3,1785336547073,sender -> receiver,0,True,1785336546905.0,-168.0,0.0,False
af15e3fe-0a16-5a34-a85d-01f97bfad4ff,1785336547075,sender -> receiver,0,True,1785336546912.0,-163.0,0.0,False
ae357ead-0002-5a09-a4cc-e249b8c186a4,1785336547077,sender -> receiver,0,True,1785336546919.0,-158.0,0.0,False
4c1e795d-44f8-5e5c-bf33-f365e5c71450,1785336547079,sender -> receiver,0,True,1785336546925.0,-154.0,0.0,False
4c646bcb-2162-5524-a266-e1c81773f4f3,1785336548065,sender -> receiver,0,True,1785336547855.0,-210.0,0.0,False
8853a5ab-5ccb-5f9d-a8d8-965e12d19e25,1785336548067,sender -> receiver,0,True,1785336547873.0,-194.0,0.0,False
409b9b66-7c63-54e1-bf84-19879a50a5bc,1785336548069,sender -> receiver,0,True,1785336547885.0,-184.0,0.0,False
6173f950-dcdc-5b96-85ab-cab9b5e863f3,1785336548072,sender -> receiver,0,True,1785336547910.0,-162.0,0.0,False
5bbf4fda-d854-5fcf-9ec5-c9419a34fb57,1785336548073,sender -> receiver,0,True,1785336547915.0,-158.0,0.0,False
4cca7e22-7831-51df-b1ec-3626a0097d7b,1785336548075,sender -> receiver,0,True,1785336547928.0,-147.0,0.0,False
4f1c4715-a950-5db4-a6fa-29df34100203,1785336548091,sender -> receiver,0,True,1785336547937.0,-154.0,0.0,False
099ca66e-d3f0-583d-8f1a-bd7ac485c66e,1785336549089,sender -> receiver,0,True,1785336548891.0,-198.0,0.0,False
32693fab-6ea5-5cdc-8c05-3c64418a701c,1785336549091,sender -> receiver,0,True,1785336548911.0,-180.0,0.0,False
ae60c452-935e-5edf-aa48-e42808387c59,1785336549093,sender -> receiver,0,True,1785336548924.0,-169.0,0.0,False
f1baf534-569d-5d1d-8392-955a25bde5e6,1785336549096,sender -> receiver,0,True,1785336548932.0,-164.0,0.0,False
0a6db276-4127-5ee0-a7a3-4cabc925b31d,1785336549098,sender -> receiver,0,True,1785336548949.0,-149.0,0.0,False
5f384530-c770-5fd4-9d80-865ab40a3285,1785336549101,sender -> receiver,0,True,1785336548956.0,-145.0,0.0,False
a9917934-2cc0-588f-b1c3-1eac21f58871,1785336549103,sender -> receiver,0,True,1785336548967.0,-136.0,0.0,False
8a9fcd4e-f967-52dd-9da7-302a6db8c022,1785336550091,sender -> receiver,0,True,1785336549887.0,-204.0,0.0,False
9f2317be-1108-5962-9c42-c176a5ef2233,1785336550094,sender -> receiver,0,True,1785336549911.0,-183.0,0.0,False
ce11aff3-1ed2-5643-8203-95ad4cdade4d,1785336550098,sender -> receiver,0,True,1785336549926.0,-172.0,0.0,False
71a17067-da9b-5afa-89a7-2dad3db660d0,1785336550101,sender -> receiver,0,True,1785336549938.0,-163.0,0.0,False
52b05c0d-a31c-5688-a82f-2d3dfe36b5dd,1785336550117,sender -> receiver,0,True,1785336549966.0,-151.0,0.0,False
ff3dab89-b3fd-5ed5-b8e1-82d41e6ace5c,1785336550121,sender -> receiver,0,True,1785336549974.0,-147.0,0.0,False
5edcf887-619a-57c4-a647-03057e5906bd,1785336551131,sender -> receiver,0,True,1785336550916.0,-215.0,0.0,False
76884b15-dee7-5661-8054-a366a83fe313,1785336551133,sender -> receiver,0,True,1785336550933.0,-200.0,0.0,False
fa9917e7-5d75-5a69-83b6-86552a4444f7,1785336551136,sender -> receiver,0,True,1785336550947.0,-189.0,0.0,False
34ac92d8-c85f-5121-929a-cb4229ee3632,1785336551138,sender -> receiver,0,True,1785336550960.0,-178.0,0.0,False
33e6b497-1151-5ac7-a34d-c442a8631b2a,1785336551140,sender -> receiver,0,True,1785336550981.0,-159.0,0.0,False
ae6228bc-aa69-52b1-899c-43998c71d8f2,1785336551142,sender -> receiver,0,True,1785336550988.0,-154.0,0.0,False
f99471ef-459c-5df3-8dae-c239f08eea62,1785336551145,sender -> receiver,0,True,1785336550997.0,-148.0,0.0,False
e19640dc-00e4-55ee-a88f-4fcbd5bb0437,1785336552091,sender -> receiver,0,True,1785336551916.0,-175.0,0.0,False
e2e985b5-7f38-55a8-9702-f9629e7bd88e,1785336552094,sender -> receiver,0,True,1785336551937.0,-157.0,0.0,False
6bb55e02-7bd1-5995-bc1f-7024e36c9adb,1785336552097,sender -> receiver,0,True,1785336551953.0,-144.0,0.0,False
d5a8adfc-7688-5125-8ce3-0364100ef130,1785336552100,sender -> receiver,0,True,1785336551967.0,-133.0,0.0,False
e4f968bb-65fc-5322-8b65-7a5067a2d625,1785336552102,sender -> receiver,0,True,1785336552001.0,-101.0,0.0,False
4a8de39a-3088-5598-9c07-2e1535dbac3f,1785336552105,sender -> receiver,0,True,1785336552011.0,-94.0,0.0,False
a4e1c795-40ea-59c8-956b-1ff5e39cc2a7,1785336552107,sender -> receiver,0,True,1785336552018.0,-89.0,0.0,False
9902e340-81cd-57cc-8b06-a904932cb483,1785336553111,sender -> receiver,0,True,1785336552896.0,-215.0,0.0,False
1fa7c4a1-1c1b-5c78-8d59-ee5d2f82025f,1785336553113,sender -> receiver,0,True,1785336552912.0,-201.0,0.0,False
dc5ef36e-9cb8-5958-a2ee-0cb21c148872,1785336553116,sender -> receiver,0,True,1785336552924.0,-192.0,0.0,False
ade5d03b-0c1d-5893-8328-3cb950e2c7f1,1785336553118,sender -> receiver,0,True,1785336552933.0,-185.0,0.0,False
7bebdefb-9e55-565b-9928-ee2a28f9df04,1785336553120,sender -> receiver,0,True,1785336552953.0,-167.0,0.0,False
d8d8c4f8-16a3-5d83-9bad-cedb95442949,1785336553136,sender -> receiver,0,True,1785336552960.0,-176.0,0.0,False
ccd340f4-7826-50fe-9133-2b6a0abf8a15,1785336554058,sender -> receiver,0,True,1785336553840.0,-218.0,0.0,False
ad0c5c9f-6014-5cae-a325-64e30a3b6c9b,1785336554061,sender -> receiver,0,True,1785336553874.0,-187.0,0.0,False
80b59038-48b3-5b12-8525-45b9996d0367,1785336554063,sender -> receiver,0,True,1785336553882.0,-181.0,0.0,False
07827d8e-8694-5a11-bd81-098c587a9922,1785336554065,sender -> receiver,0,True,1785336553890.0,-175.0,0.0,False
f07500d8-d26e-5f4d-a686-7bccb6d083f4,1785336554080,sender -> receiver,0,True,1785336553897.0,-183.0,0.0,False
b69da601-49f9-57e2-895c-4ba802d1b90b,1785336554082,sender -> receiver,0,True,1785336553918.0,-164.0,0.0,False
400bf74c-d3db-5c17-8bf3-442d0dfce61b,1785336554084,sender -> receiver,0,True,1785336553924.0,-160.0,0.0,False
a6845485-ef70-5604-8f93-6cb66f234c06,1785336555058,sender -> receiver,0,True,1785336554835.0,-223.0,0.0,False
4125af61-ab06-5fe3-9046-2c4afbd3fa00,1785336555060,sender -> receiver,0,True,1785336554850.0,-210.0,0.0,False
3319ad2a-821f-5d52-907a-b9445663aaa7,1785336555062,sender -> receiver,0,True,1785336554867.0,-195.0,0.0,False
541e7c4e-dea2-51d1-8319-0f28250936ec,1785336555065,sender -> receiver,0,True,1785336554879.0,-186.0,0.0,False
83b798f4-5ceb-5400-a032-f4bf2cc6170c,1785336555078,sender -> receiver,0,True,1785336554893.0,-185.0,0.0,False
9f55e11e-381f-576f-b5e6-3b13c4c64eb2,1785336555081,sender -> receiver,0,True,1785336554919.0,-162.0,0.0,False
9eb408e5-06e4-5950-977c-664f51000b41,1785336555083,sender -> receiver,0,True,1785336554927.0,-156.0,0.0,False
ca12989f-35aa-5e3b-b749-c384e0f4653e,1785336556057,sender -> receiver,0,True,1785336555868.0,-189.0,0.0,False
8c532980-e3a7-54f6-a24b-cc248a4d8299,1785336556059,sender -> receiver,0,True,1785336555885.0,-174.0,0.0,False
fafafb9a-9a90-54db-a447-43cdf869192a,1785336556076,sender -> receiver,0,True,1785336555892.0,-184.0,0.0,False
bbe9b5a5-c5e8-5da6-ab09-ba26577b7027,1785336556079,sender -> receiver,0,True,1785336555901.0,-178.0,0.0,False
16fc2651-378f-5983-9cca-32e656c9062d,1785336556081,sender -> receiver,0,True,1785336555911.0,-170.0,0.0,False
72cd1b22-660b-5708-8fc7-4acce207a904,1785336556083,sender -> receiver,0,True,1785336555923.0,-160.0,0.0,False
e2777365-d540-504e-9215-dba97676d44f,1785336557071,sender -> receiver,0,True,1785336556855.0,-216.0,0.0,False
eae1fb49-566b-5571-a051-bb652f12435c,1785336557073,sender -> receiver,0,True,1785336556868.0,-205.0,0.0,False
e27239f5-7e4d-5564-9a7e-a397953c1a9e,1785336557090,sender -> receiver,0,True,1785336556875.0,-215.0,0.0,False
c6737730-828f-59c1-94cf-ddf3dfae988d,1785336557093,sender -> receiver,0,True,1785336556895.0,-198.0,0.0,False
bb4af1ed-3e67-59ac-bc8d-96589f480a6a,1785336557097,sender -> receiver,0,True,1785336556905.0,-192.0,0.0,False
8bad3ad7-4bf8-55d8-9fff-d9f666edf6b0,1785336557099,sender -> receiver,0,True,1785336556911.0,-188.0,0.0,False
8cc6ee95-5514-5a25-9cc3-12b011d100e0,1785336557101,sender -> receiver,0,True,1785336556928.0,-173.0,0.0,False
9bd4a654-87c1-54d8-8127-6fd3e1cbd961,1785336558064,sender -> receiver,0,True,1785336557855.0,-209.0,0.0,False
9cae0caa-d5eb-5754-a63f-7dc3d0214b6e,1785336558067,sender -> receiver,0,True,1785336557865.0,-202.0,0.0,False
01125450-fbfa-5a56-8d52-6e828b015ccc,1785336558080,sender -> receiver,0,True,1785336557875.0,-205.0,0.0,False
9281907c-b162-5b92-991f-ac91f2d9db6c,1785336558082,sender -> receiver,0,True,1785336557901.0,-181.0,0.0,False
a1c7edb6-b1ed-56b5-b735-b82aa6ad7429,1785336558087,sender -> receiver,0,True,1785336557908.0,-179.0,0.0,False
50d030d8-c15b-5047-9550-778d8c70cb96,1785336558100,sender -> receiver,0,True,1785336557915.0,-185.0,0.0,False
4dcf5e7e-9ac4-5f27-8f86-b4fcd26e891e,1785336558102,sender -> receiver,0,True,1785336557922.0,-180.0,0.0,False
3e266178-cbac-5315-b6df-b478b1ce81b6,1785336559055,sender -> receiver,0,True,1785336558852.0,-203.0,0.0,False
f59706da-f036-5eae-8953-1b894b25c400,1785336559057,sender -> receiver,0,True,1785336558860.0,-197.0,0.0,False
445af4f9-1d5d-5a6c-acb1-cedcd7054b31,1785336559059,sender -> receiver,0,True,1785336558868.0,-191.0,0.0,False
48732602-52da-5edd-b1a2-02f9a310b8c7,1785336559061,sender -> receiver,0,True,1785336558875.0,-186.0,0.0,False
288032dc-774b-5ef1-854a-148460e1484e,1785336559063,sender -> receiver,0,True,1785336558883.0,-180.0,0.0,False
ed8b9676-d74b-51aa-b3b7-4c105891d0c9,1785336559065,sender -> receiver,0,True,1785336558890.0,-175.0,0.0,False
c3f377ab-ec06-5837-bc50-a6487fe5ad0b,1785336599717,sender -> receiver,0,True,1785336599520.0,-197.0,0.0,False
ab2f0aaf-972f-515e-8415-6e89ec2d48ce,1785336599730,sender -> receiver,0,True,1785336599528.0,-202.0,0.0,False
8b1e72a3-89a4-5120-b712-e01d268d7dfc,1785336599732,sender -> receiver,0,True,1785336599538.0,-194.0,0.0,False
b2166f58-8fc2-5087-9c76-3cb4e8677df7,1785336599734,sender -> receiver,0,True,1785336599561.0,-173.0,0.0,False
dfdb90d1-d4fe-5d8c-b46b-983227a73bd5,1785336600742,sender -> receiver,0,True,1785336600563.0,-179.0,0.0,False
57370a29-4fa1-5522-a024-18c86ca8c7d3,1785336600745,sender -> receiver,0,True,1785336600572.0,-173.0,0.0,False
023af846-d80e-5a72-9511-ba9f70652396,1785336600770,sender -> receiver,0,True,1785336600580.0,-190.0,0.0,False
52ce8b3f-f006-55d0-81c3-d875c8805a15,1785336600773,sender -> receiver,0,True,1785336600588.0,-185.0,0.0,False
1797e5b5-cdb7-5658-9240-d568c9a63d50,1785336601763,sender -> receiver,0,True,1785336601551.0,-212.0,0.0,False
4bc129e5-8953-5289-a47d-245da7c08a1c,1785336601766,sender -> receiver,0,True,1785336601564.0,-202.0,0.0,False
4c48a9af-467c-5735-aec2-8dbbbfaa4130,1785336601770,sender -> receiver,0,True,1785336601572.0,-198.0,0.0,False
61a7a368-31f7-5858-84d5-60519e91e16b,1785336601775,sender -> receiver,0,True,1785336601580.0,-195.0,0.0,False
ec06d633-2bc8-5a6c-be5f-09b7e4a01f9c,1785336602794,sender -> receiver,0,True,1785336602619.0,-175.0,0.0,False
698819d0-0f25-5bbe-a10c-1ac29b1ee61c,1785336602799,sender -> receiver,0,True,1785336602638.0,-161.0,0.0,False
b5f5d71f-3156-5372-9839-0e38825655c1,1785336602804,sender -> receiver,0,True,1785336602648.0,-156.0,0.0,False
66397cc9-ebc7-5710-91fa-37ac09b55ed7,1785336602810,sender -> receiver,0,True,1785336602657.0,-153.0,0.0,False
88ac4b42-8a78-5b4c-9d92-b51108d59e4e,1785336603734,sender -> receiver,0,True,1785336603523.0,-211.0,0.0,False
4eaccfa5-05de-562b-b514-31bd746d0221,1785336603736,sender -> receiver,0,True,1785336603540.0,-196.0,0.0,False
4f409857-2748-5f58-9b86-138611749d58,1785336603738,sender -> receiver,0,True,1785336603570.0,-168.0,0.0,False
f12e9c28-ef9d-51e9-b42f-8bd8d4a691ad,1785336603740,sender -> receiver,0,True,1785336603579.0,-161.0,0.0,False
fdebe863-3b6e-5028-b65e-567e881ed054,1785336604740,sender -> receiver,0,True,1785336604532.0,-208.0,0.0,False
77548cb3-f3b0-5efb-8f89-68ae89507a12,1785336604743,sender -> receiver,0,True,1785336604544.0,-199.0,0.0,False
2a5ad2d1-e1ed-5e6b-b495-b449850b1646,1785336604746,sender -> receiver,0,True,1785336604557.0,-189.0,0.0,False
3cd3c928-6419-5a5d-b9a0-df4b2b2ec0ea,1785336604761,sender -> receiver,0,True,1785336604581.0,-180.0,0.0,False
0283c647-0286-56db-baa2-7126c29bf2d9,1785336605761,sender -> receiver,0,True,1785336605545.0,-216.0,0.0,False
4f15607c-e5bd-588a-8242-a78f7dd86ccd,1785336605765,sender -> receiver,0,True,1785336605562.0,-203.0,0.0,False
33beaa36-2bbb-5b3c-8d91-6e164f5f3574,1785336605769,sender -> receiver,0,True,1785336605574.0,-195.0,0.0,False
b31d631f-8f30-5131-b044-b81184f13d8d,1785336605773,sender -> receiver,0,True,1785336605583.0,-190.0,0.0,False
49d9f52d-9749-5b51-8ac4-118c925bdf0a,1785336606730,sender -> receiver,0,True,1785336606543.0,-187.0,0.0,False
329a7f28-66ff-5cad-a3ed-38224354248a,1785336606733,sender -> receiver,0,True,1785336606564.0,-169.0,0.0,False
7d7db8d2-6c9e-5d2e-9d61-454fad901e75,1785336606735,sender -> receiver,0,True,1785336606578.0,-157.0,0.0,False
47c2a04e-4a17-56f9-9be2-2796037bd7ec,1785336606737,sender -> receiver,0,True,1785336606615.0,-122.0,0.0,False
6379ffd1-5757-55dd-b6c6-e12c0840f67e,1785336607754,sender -> receiver,0,True,1785336607538.0,-216.0,0.0,False
dea458b8-783c-54db-9220-1408c8b64f81,1785336607757,sender -> receiver,0,True,1785336607589.0,-168.0,0.0,False
f0cedc3c-c5dd-5cdb-9d31-ba7485c76508,1785336607761,sender -> receiver,0,True,1785336607600.0,-161.0,0.0,False
7975e62c-3cdd-5463-9366-d70fb1e13ec4,1785336607765,sender -> receiver,0,True,1785336607616.0,-149.0,0.0,False
efd069bc-649c-5153-aa05-51dd3e54afcf,1785336608766,sender -> receiver,0,True,1785336608608.0,-158.0,0.0,False
dbb45e80-6377-508e-a75f-e45082611325,1785336608768,sender -> receiver,0,True,1785336608626.0,-142.0,0.0,False
3ea7ca10-1754-548e-9c42-1ef890e369fb,1785336608771,sender -> receiver,0,True,1785336608640.0,-131.0,0.0,False
626dbce5-1173-5a68-9607-5c281c98535d,1785336608774,sender -> receiver,0,True,1785336608653.0,-121.0,0.0,False
c0e451cc-7806-5daa-9611-75a9f6933c75,1785336609738,sender -> receiver,0,True,1785336609576.0,-162.0,0.0,False
c7f9e84a-46a1-55d0-8a9a-9a8b1141f0a7,1785336609742,sender -> receiver,0,True,1785336609593.0,-149.0,0.0,False
349081ff-a725-5863-bceb-ef05d18fcdb6,1785336609759,sender -> receiver,0,True,1785336609606.0,-153.0,0.0,False
2503c2b0-6476-50cc-97b6-f2af81cf42dc,1785336609762,sender -> receiver,0,True,1785336609627.0,-135.0,0.0,False
220ec5c3-5031-5dec-aa7a-8fd85407c966,1785336610792,sender -> receiver,0,True,1785336610584.0,-208.0,0.0,False
bc2ed8b6-2ca3-5b6f-8a3d-004e605ced16,1785336610798,sender -> receiver,0,True,1785336610598.0,-200.0,0.0,False
b9f7b9ac-52e8-5185-aede-5da3ac9df31f,1785336610802,sender -> receiver,0,True,1785336610609.0,-193.0,0.0,False
2fd507db-35e9-551a-90c1-72c0d527c8a7,1785336610805,sender -> receiver,0,True,1785336610630.0,-175.0,0.0,False
314f7068-15cc-5bd4-b23f-55c6583cd847,1785336611774,sender -> receiver,0,True,1785336611606.0,-168.0,0.0,False
640d3c2a-b146-5aef-903a-63982aad48b5,1785336611778,sender -> receiver,0,True,1785336611616.0,-162.0,0.0,False
4c255dae-6b73-5eb2-88dc-77a6d6aacf50,1785336611781,sender -> receiver,0,True,1785336611626.0,-155.0,0.0,False
1e4ac6ca-e1fe-5fef-b22a-efa8e4da8d6b,1785336611786,sender -> receiver,0,True,1785336611635.0,-151.0,0.0,False
5e26be68-ff31-54a9-aeb1-fe6c1c497e71,1785336612742,sender -> receiver,0,True,1785336612527.0,-215.0,0.0,False
16592eac-7102-54b5-b312-69ebfa3f6787,1785336612744,sender -> receiver,0,True,1785336612554.0,-190.0,0.0,False
89422c52-b0dd-57ce-a018-083d21c3d3a5,1785336612761,sender -> receiver,0,True,1785336612571.0,-190.0,0.0,False
84905e08-5334-5219-ae63-86276f27c271,1785336612765,sender -> receiver,0,True,1785336612608.0,-157.0,0.0,False
683c8dd0-1ff6-5c60-9e32-c6d0515a89d9,1785336613732,sender -> receiver,0,True,1785336613519.0,-213.0,0.0,False
09c038bb-7cb5-50e3-8be7-cdde9cbeb4c4,1785336613735,sender -> receiver,0,True,1785336613539.0,-196.0,0.0,False
1c801f59-4aa2-5c49-96d1-2c69f72ce864,1785336613737,sender -> receiver,0,True,1785336613555.0,-182.0,0.0,False
2f353fb1-ef1f-50a0-b463-29430f397451,1785336613740,sender -> receiver,0,True,1785336613569.0,-171.0,0.0,False
9a15f5aa-271a-5be8-846b-5b55c5cc82da,1785336614723,sender -> receiver,0,True,1785336614511.0,-212.0,0.0,False
44de15fd-1920-5b2c-8d55-404a73d55bb6,1785336614725,sender -> receiver,0,True,1785336614524.0,-201.0,0.0,False
42444a23-1126-5478-a29f-50517aa23701,1785336614727,sender -> receiver,0,True,1785336614531.0,-196.0,0.0,False
108cfc45-22c5-5726-b3f3-3f82037a88ce,1785336614729,sender -> receiver,0,True,1785336614538.0,-191.0,0.0,False
920063d7-eb12-52d3-bfec-4f2879ac8be0,1785336615777,sender -> receiver,0,True,1785336615579.0,-198.0,0.0,False
973e8e8d-3988-5d8e-8b66-2706853e5a02,1785336615781,sender -> receiver,0,True,1785336615593.0,-188.0,0.0,False
def3ba4d-9b51-586a-bc98-4b9ebe35b8a1,1785336615785,sender -> receiver,0,True,1785336615603.0,-182.0,0.0,False
76cf8ab6-0fe5-59f4-a901-77c40c37686c,1785336615789,sender -> receiver,0,True,1785336615610.0,-179.0,0.0,False
892e3ea0-2e31-5cd9-80d9-b96bc578edf1,1785336616735,sender -> receiver,0,True,1785336616537.0,-198.0,0.0,False
8ecf34a5-0e3c-5551-958f-6d5f6c669389,1785336616738,sender -> receiver,0,True,1785336616561.0,-177.0,0.0,False
393237fe-e3a4-5eb2-baca-754948c70e13,1785336616741,sender -> receiver,0,True,1785336616578.0,-163.0,0.0,False
c14d408b-c6c7-5a0b-8b61-45a836799ff2,1785336616743,sender -> receiver,0,True,1785336616608.0,-135.0,0.0,False
8a3cb6f6-b3e8-53eb-8e26-037cf9c7b8ef,1785336617733,sender -> receiver,0,True,1785336617529.0,-204.0,0.0,False
87ff0f07-a057-5b53-989c-5b0b4e512511,1785336617736,sender -> receiver,0,True,1785336617551.0,-185.0,0.0,False
40bc2465-f1b9-52cd-a506-b206e798c60e,1785336617739,sender -> receiver,0,True,1785336617568.0,-171.0,0.0,False
ba2567f8-9945-5ae3-b6cc-d605c8e7b2ff,1785336617742,sender -> receiver,0,True,1785336617580.0,-162.0,0.0,False
afe93fdb-aa0e-5a68-aa72-25a28c375d6b,1785336618784,sender -> receiver,0,True,1785336618602.0,-182.0,0.0,False
d932d8de-9613-5e21-8e5d-2df9bdd00559,1785336618787,sender -> receiver,0,True,1785336618617.0,-170.0,0.0,False
e7d6455d-3d7f-50e1-b7f2-3ec03ebdbdbc,1785336618790,sender -> receiver,0,True,1785336618635.0,-155.0,0.0,False
c47164c8-811d-55f0-adc2-e29110df4e72,1785336618795,sender -> receiver,0,True,1785336618642.0,-153.0,0.0,False
58e054af-c01c-5b94-bda0-00748cd53203,1785336619766,sender -> receiver,0,True,1785336619546.0,-220.0,0.0,False
896499c6-aa79-5ac4-9ec6-060720639cda,1785336619770,sender -> receiver,0,True,1785336619561.0,-209.0,0.0,False
3b43b649-053b-5fde-8cc3-2551351ed4a1,1785336619776,sender -> receiver,0,True,1785336619602.0,-174.0,0.0,False
7bbbdfae-100d-5a1e-8e11-6ff7dcb02547,1785336619779,sender -> receiver,0,True,1785336619610.0,-169.0,0.0,False
de3d258d-4af1-5dc8-9d96-5bc98b43f2f7,1785336620722,sender -> receiver,0,True,1785336620568.0,-154.0,0.0,False
6af193fa-fdd9-5ec4-a20f-962a2d22b763,1785336620723,sender -> receiver,0,True,1785336620582.0,-141.0,0.0,False
da69f81c-2290-58cb-a13b-74ba8aa51e75,1785336620726,sender -> receiver,0,True,1785336620600.0,-126.0,0.0,False
324cc842-83a4-5546-b4f9-be1b8e2cca09,1785336620738,sender -> receiver,0,True,1785336620613.0,-125.0,0.0,False
71177114-cc47-5e08-b5e3-aab912b47648,1785336621743,sender -> receiver,0,True,1785336621543.0,-200.0,0.0,False
263d4b2b-6f7d-5cc0-9f40-44b1f9aaf6c2,1785336621746,sender -> receiver,0,True,1785336621562.0,-184.0,0.0,False
fab67c1a-ed5c-54fe-af2c-f1d1b7c3df74,1785336621748,sender -> receiver,0,True,1785336621581.0,-167.0,0.0,False
9927878d-61c9-5499-ae38-51684a015cf8,1785336621753,sender -> receiver,0,True,1785336621594.0,-159.0,0.0,False
154ba9af-1160-56bd-a056-a8abe2337b6c,1785336622770,sender -> receiver,0,True,1785336622557.0,-213.0,0.0,False
70baaf4b-67d2-5ff2-895c-6b2fe13b00e8,1785336622773,sender -> receiver,0,True,1785336622595.0,-178.0,0.0,False
dc9e9d09-e844-551d-9d97-617b36d4c5c4,1785336622775,sender -> receiver,0,True,1785336622606.0,-169.0,0.0,False
e36cb711-a8b7-5cb1-8fb0-539f80b66fd0,1785336622777,sender -> receiver,0,True,1785336622614.0,-163.0,0.0,False
a7158c74-a201-567d-89b9-091061d8b242,1785336623748,sender -> receiver,0,True,1785336623566.0,-182.0,0.0,False
46417478-f3ff-5a5b-aa9f-45cb011e03fc,1785336623750,sender -> receiver,0,True,1785336623582.0,-168.0,0.0,False
1817d1bb-d8fe-5499-be43-3877a5bcb1ba,1785336623755,sender -> receiver,0,True,1785336623594.0,-161.0,0.0,False
5d7748fb-ff85-595f-b296-b5edb1e1404c,1785336623758,sender -> receiver,0,True,1785336623606.0,-152.0,0.0,False
524919e6-8857-5df8-b654-420f71a175eb,1785336665371,sender -> receiver,0,True,1785336665174.0,-197.0,0.0,False
8048ed60-9a89-5991-a4b1-3b68a304e101,1785336665373,sender -> receiver,0,True,1785336665185.0,-188.0,0.0,False
29a13445-5fe6-52ee-8fb5-ddf38e4d97d5,1785336665376,sender -> receiver,0,True,1785336665199.0,-177.0,0.0,False
ad759112-2bf3-5868-82c8-56ab758c524b,1785336665381,sender -> receiver,0,True,1785336665206.0,-175.0,0.0,False
4af47557-9807-58ea-a12b-8617da8ef4c6,1785336666393,sender -> receiver,0,True,1785336666224.0,-169.0,0.0,False
57b6521d-7d95-5496-888d-c244e5b266da,1785336666397,sender -> receiver,0,True,1785336666239.0,-158.0,0.0,False
82da7878-16e2-56f4-8b36-1d32a16362d8,1785336666400,sender -> receiver,0,True,1785336666255.0,-145.0,0.0,False
22678402-bdc6-50c7-ac89-c2e719ecfcb7,1785336666404,sender -> receiver,0,True,1785336666268.0,-136.0,0.0,False
63d93212-b451-5117-8507-c53f070b0c47,1785336667372,sender -> receiver,0,True,1785336667167.0,-205.0,0.0,False
4469c717-9410-5746-a963-aeabefea7f85,1785336667373,sender -> receiver,0,True,1785336667181.0,-192.0,0.0,False
24ffc88f-d509-57e0-9f1f-b831002e760d,1785336667375,sender -> receiver,0,True,1785336667197.0,-178.0,0.0,False
f0776ff4-1a9f-579f-b027-114d3182463c,1785336667377,sender -> receiver,0,True,1785336667204.0,-173.0,0.0,False
9a97508c-24cb-5aaf-82ad-dc47fc008763,1785336668374,sender -> receiver,0,True,1785336668210.0,-164.0,0.0,False
51171962-a342-5ec2-94fc-c9c21a27c5ff,1785336668376,sender -> receiver,0,True,1785336668224.0,-152.0,0.0,False
4634b929-17cf-5b5e-81eb-e6e4e1f8b23a,1785336668378,sender -> receiver,0,True,1785336668238.0,-140.0,0.0,False
d3dc4ff7-666a-54ce-a0bf-3d3053c0602c,1785336668380,sender -> receiver,0,True,1785336668254.0,-126.0,0.0,False
c41cac1f-4cbf-5f81-81b7-abcffe398c76,1785336669378,sender -> receiver,0,True,1785336669179.0,-199.0,0.0,False
dfd36ccf-a67c-5b23-a0e9-0ab45af72427,1785336669380,sender -> receiver,0,True,1785336669196.0,-184.0,0.0,False
0e1f6307-6ae5-5cca-b5ff-9943ec51d528,1785336669383,sender -> receiver,0,True,1785336669213.0,-170.0,0.0,False
b159c8da-a49d-58ca-940e-af512d6384da,1785336669401,sender -> receiver,0,True,1785336669221.0,-180.0,0.0,False
3bdf30ce-fcb4-590f-a375-74dcbc33d790,1785336670389,sender -> receiver,0,True,1785336670237.0,-152.0,0.0,False
613cb558-4eac-5e4c-b291-2612d91a0180,1785336670392,sender -> receiver,0,True,1785336670247.0,-145.0,0.0,False
5eee9f1e-0f25-58a3-ad38-9c3261c20899,1785336670396,sender -> receiver,0,True,1785336670256.0,-140.0,0.0,False
27e1333c-f642-58d0-86eb-6a59411a67a2,1785336670418,sender -> receiver,0,True,1785336670265.0,-153.0,0.0,False
eb3d4b68-5a1d-506d-83ed-165deee8d15d,1785336671375,sender -> receiver,0,True,1785336671160.0,-215.0,0.0,False
a8b67779-b30b-568e-86ec-5e6822de0da1,1785336671377,sender -> receiver,0,True,1785336671179.0,-198.0,0.0,False
b2d6623d-7250-5aee-94ec-68999f555d49,1785336671380,sender -> receiver,0,True,1785336671193.0,-187.0,0.0,False
a5a95f6c-4400-510c-81fe-409e2897feac,1785336671383,sender -> receiver,0,True,1785336671207.0,-176.0,0.0,False
309ca7fd-0c97-5213-a116-812ef5559446,1785336672369,sender -> receiver,0,True,1785336672179.0,-190.0,0.0,False
d9a9aa7e-385e-59d2-9932-e5037f03eedb,1785336672371,sender -> receiver,0,True,1785336672198.0,-173.0,0.0,False
78f12833-7ca9-5175-bdc0-72efd3d5d7e5,1785336672374,sender -> receiver,0,True,1785336672210.0,-164.0,0.0,False
c65d18ac-3aa2-57f0-b2bb-d3b7f83e780b,1785336672376,sender -> receiver,0,True,1785336672224.0,-152.0,0.0,False
e6f0869e-ed86-50ed-b583-70544adf9b55,1785336673374,sender -> receiver,0,True,1785336673181.0,-193.0,0.0,False
f701f8aa-dbc7-52bc-8842-ff8a42dd80ff,1785336673379,sender -> receiver,0,True,1785336673201.0,-178.0,0.0,False
dea4564c-a7ec-5e59-800b-9445d43a83d4,1785336673382,sender -> receiver,0,True,1785336673213.0,-169.0,0.0,False
5a74865c-2673-5361-9851-5049f142a1db,1785336673398,sender -> receiver,0,True,1785336673226.0,-172.0,0.0,False
bbde0b93-f2e1-5883-bd85-1cb79ff043a4,1785336674379,sender -> receiver,0,True,1785336674171.0,-208.0,0.0,False
ec140e7a-e87e-5035-9827-4500115995c5,1785336674382,sender -> receiver,0,True,1785336674193.0,-189.0,0.0,False
bb1d29ba-a22e-542a-8de1-a5434e47c175,1785336674385,sender -> receiver,0,True,1785336674209.0,-176.0,0.0,False
f60e31a9-0d8b-5e30-bb36-9a4bf00cb6f8,1785336674388,sender -> receiver,0,True,1785336674222.0,-166.0,0.0,False
60303327-79ac-5e92-8825-e60835876b0e,1785336675387,sender -> receiver,0,True,1785336675177.0,-210.0,0.0,False
23309748-d0eb-5b19-9db0-20b44fefccd4,1785336675391,sender -> receiver,0,True,1785336675190.0,-201.0,0.0,False
ba2ec2cc-aab2-52b4-bb26-af46b83d331b,1785336675396,sender -> receiver,0,True,1785336675216.0,-180.0,0.0,False
f40e26bc-791c-5c51-982b-a10b3263034a,1785336675399,sender -> receiver,0,True,1785336675224.0,-175.0,0.0,False
e815f79e-a283-5c69-9f0b-7927ab7ab48b,1785336676371,sender -> receiver,0,True,1785336676168.0,-203.0,0.0,False
f038ffa9-503f-5c33-a38f-ca813ca5d17b,1785336676374,sender -> receiver,0,True,1785336676200.0,-174.0,0.0,False
507bebb5-a303-55c6-8f24-2fd652ebe577,1785336676376,sender -> receiver,0,True,1785336676241.0,-135.0,0.0,False
3eb0ce3b-acbe-5b1d-964c-431d373d602b,1785336676378,sender -> receiver,0,True,1785336676253.0,-125.0,0.0,False
e82a120f-3f0d-5dc2-a807-4fa447d5139b,1785336677389,sender -> receiver,0,True,1785336677203.0,-186.0,0.0,False
008fa8c7-071a-541b-8502-24f15d10076a,1785336677393,sender -> receiver,0,True,1785336677225.0,-168.0,0.0,False
5a172fd5-4c04-5d42-a9cd-a925bc57cb8f,1785336677397,sender -> receiver,0,True,1785336677242.0,-155.0,0.0,False
c801ed12-fcfd-5681-acbf-0eefee34161a,1785336677419,sender -> receiver,0,True,1785336677286.0,-133.0,0.0,False
19a0b9ab-ab1c-5c46-9112-b19e8bca0460,1785336678390,sender -> receiver,0,True,1785336678174.0,-216.0,0.0,False
d61d6fcf-35a3-5ddb-9cb4-ab5e8ee9f0dc,1785336678394,sender -> receiver,0,True,1785336678193.0,-201.0,0.0,False
619e7615-4aef-5ff3-ae10-2f88332da64d,1785336678419,sender -> receiver,0,True,1785336678209.0,-210.0,0.0,False
fe318203-3263-5a4b-982c-c11d2852a77f,1785336678423,sender -> receiver,0,True,1785336678240.0,-183.0,0.0,False
f68f068f-f313-55ad-8e90-c49d1e97bf38,1785336679384,sender -> receiver,0,True,1785336679179.0,-205.0,0.0,False
10f0aac5-a3aa-56ce-8f85-37ddb6554a18,1785336679388,sender -> receiver,0,True,1785336679191.0,-197.0,0.0,False
9bf23a2b-58fd-535c-9ea8-0670ce1bff4d,1785336679393,sender -> receiver,0,True,1785336679230.0,-163.0,0.0,False
6d48f384-b809-5acc-827b-02701b0a3953,1785336679415,sender -> receiver,0,True,1785336679246.0,-169.0,0.0,False
54ca3a45-01ec-5476-8130-e201548585dc,1785336680375,sender -> receiver,0,True,1785336680240.0,-135.0,0.0,False
ad495946-f9b1-54de-8002-d14baea478d4,1785336680377,sender -> receiver,0,True,1785336680253.0,-124.0,0.0,False
85f72264-f609-5f45-b3e6-2d02bfad8bba,1785336680380,sender -> receiver,0,True,1785336680264.0,-116.0,0.0,False
4f8bd5f1-3236-5e2c-926d-ddf0307078e7,1785336680382,sender -> receiver,0,True,1785336680276.0,-106.0,0.0,False
89118198-809b-5ec5-a436-6a3e1d2539f7,1785336681367,sender -> receiver,0,True,1785336681165.0,-202.0,0.0,False
1f688a95-7ca1-525a-9bc9-f85177e54874,1785336681370,sender -> receiver,0,True,1785336681180.0,-190.0,0.0,False
ee0734b5-d0e9-5269-8ca0-ba218d28fda2,1785336681372,sender -> receiver,0,True,1785336681205.0,-167.0,0.0,False
20431edc-1adc-561e-9f33-b10338ac809d,1785336681374,sender -> receiver,0,True,1785336681243.0,-131.0,0.0,False
9b4385f7-50a8-5d69-98b9-3720bf7d7198,1785336682380,sender -> receiver,0,True,1785336682192.0,-188.0,0.0,False
6549e8f2-11de-56fc-be76-89517eaaf2da,1785336682385,sender -> receiver,0,True,1785336682208.0,-177.0,0.0,False
ed57741e-f37c-545d-b3a4-a670e490f62d,1785336682387,sender -> receiver,0,True,1785336682254.0,-133.0,0.0,False
c989f95b-63c7-55ad-9532-040d33e43e9c,1785336682390,sender -> receiver,0,True,1785336682264.0,-126.0,0.0,False
ba1a2035-b539-5798-8474-45a1589443d9,1785336683384,sender -> receiver,0,True,1785336683185.0,-199.0,0.0,False
5d76dd42-2433-5c20-a54e-36fd5912be14,1785336683387,sender -> receiver,0,True,1785336683213.0,-174.0,0.0,False
e82e6665-62e3-580d-8a5c-169fe9a3feca,1785336683408,sender -> receiver,0,True,1785336683234.0,-174.0,0.0,False
942cf901-cfbe-5393-a22b-f8af420428c3,1785336683412,sender -> receiver,0,True,1785336683278.0,-134.0,0.0,False
05d17cc6-8d3e-5178-bc04-4ab62841aeb3,1785336684409,sender -> receiver,0,True,1785336684220.0,-189.0,0.0,False
18ecd31d-6afa-5447-902f-4b20566506a9,1785336684435,sender -> receiver,0,True,1785336684232.0,-203.0,0.0,False
8e7e3a73-c209-56d8-a6d4-e416e398cf26,1785336684440,sender -> receiver,0,True,1785336684255.0,-185.0,0.0,False
7965cc99-9c25-532f-9411-affa284081b3,1785336684445,sender -> receiver,0,True,1785336684265.0,-180.0,0.0,False
3213b93d-7682-5d4e-a1b2-0e61631b81f0,1785336685380,sender -> receiver,0,True,1785336685151.0,-229.0,0.0,False
663374d8-d350-55fa-b434-6099790cb638,1785336685397,sender -> receiver,0,True,1785336685205.0,-192.0,0.0,False
95a5c0c9-c23e-52ac-b0e7-5c36eb9c8ac3,1785336685400,sender -> receiver,0,True,1785336685222.0,-178.0,0.0,False
e2d7870a-ccac-557e-a49f-a7a156907afb,1785336685402,sender -> receiver,0,True,1785336685235.0,-167.0,0.0,False
89bcd96a-71cf-5e7b-8dc5-7dc50f12e56e,1785336686375,sender -> receiver,0,True,1785336686186.0,-189.0,0.0,False
db1797a2-68b2-50af-be8c-2b2e779182c3,1785336686377,sender -> receiver,0,True,1785336686205.0,-172.0,0.0,False
08850248-aca4-5d22-835b-4dc8e378984d,1785336686380,sender -> receiver,0,True,1785336686217.0,-163.0,0.0,False
5ca5ce55-0222-5a59-afaf-4ff812c39986,1785336686384,sender -> receiver,0,True,1785336686228.0,-156.0,0.0,False
13737f71-ed01-55b5-974b-0e04bde23777,1785336687365,sender -> receiver,0,True,1785336687174.0,-191.0,0.0,False
a2ca701c-6725-57c3-a252-a02c39889c16,1785336687368,sender -> receiver,0,True,1785336687194.0,-174.0,0.0,False
be00b757-7fa6-561a-acad-7e2f59ddfad7,1785336687370,sender -> receiver,0,True,1785336687205.0,-165.0,0.0,False
e652de30-116d-5107-a187-cda9d7631963,1785336687385,sender -> receiver,0,True,1785336687214.0,-171.0,0.0,False
965698c5-bd40-50ab-8cf9-97ad3164a0f1,1785336688380,sender -> receiver,0,True,1785336688193.0,-187.0,0.0,False
9cb51f71-6fa7-5702-8266-8ace9dde6cb0,1785336688383,sender -> receiver,0,True,1785336688203.0,-180.0,0.0,False
1a144da6-ddb6-587b-8088-0b3a67f67352,1785336688399,sender -> receiver,0,True,1785336688214.0,-185.0,0.0,False
a113d428-c094-5e88-9c97-8e938e8a3a3f,1785336688401,sender -> receiver,0,True,1785336688244.0,-157.0,0.0,False
cc008574-cf4b-52d4-b7b1-69cfac35734f,1785336689381,sender -> receiver,0,True,1785336689161.0,-220.0,0.0,False
c722d1db-8f84-5ec5-ab96-c039f4bad77e,1785336689405,sender -> receiver,0,True,1785336689184.0,-221.0,0.0,False
9a8ffe7a-cac2-508c-a960-5df09274b15f,1785336689408,sender -> receiver,0,True,1785336689209.0,-199.0,0.0,False
ab6d2f86-3524-5ca0-b3b6-6d4888d8d759,1785336689411,sender -> receiver,0,True,1785336689220.0,-191.0,0.0,False
11303b6c-5d99-5337-869a-584061ab7e52,1785336730560,sender -> receiver,0,True,1785336730378.0,-182.0,0.0,False
e16988e8-a106-5b21-bc69-abe6e291b85b,1785336730562,sender -> receiver,0,True,1785336730393.0,-169.0,0.0,False
20a2a85d-db0b-502a-bf5d-4e790a4da78e,1785336730588,sender -> receiver,0,True,1785336730408.0,-180.0,0.0,False
b93cad24-d8d5-5fcc-b6cb-731a1334bbbe,1785336730590,sender -> receiver,0,True,1785336730416.0,-174.0,0.0,False
5ca00190-cf76-5269-bbe5-3dd937d86816,1785336731551,sender -> receiver,0,True,1785336731360.0,-191.0,0.0,False
f32a6f6b-9063-58a0-8fe4-f2d96a9e8cfe,1785336731553,sender -> receiver,0,True,1785336731371.0,-182.0,0.0,False
3a670f50-4fe6-5f03-8857-84be0b7019fb,1785336731555,sender -> receiver,0,True,1785336731378.0,-177.0,0.0,False
8368aaac-ff8b-52f8-ae46-750bd537cc0d,1785336731558,sender -> receiver,0,True,1785336731397.0,-161.0,0.0,False
b6672d0e-fbed-5dd4-a7f9-0ca6ab8d880a,1785336732599,sender -> receiver,0,True,1785336732398.0,-201.0,0.0,False
abf8039e-0101-5de0-8302-996b7a28c765,1785336732603,sender -> receiver,0,True,1785336732417.0,-186.0,0.0,False
0053d18a-94a1-595f-9a9e-0279d1921f76,1785336732607,sender -> receiver,0,True,1785336732429.0,-178.0,0.0,False
578a181e-c920-5eb9-a457-96fa1371b959,1785336732632,sender -> receiver,0,True,1785336732440.0,-192.0,0.0,False
d152dd16-7592-5c0c-bce0-1f88806bce83,1785336733589,sender -> receiver,0,True,1785336733403.0,-186.0,0.0,False
1331883d-06c3-5d8a-95d3-19d385abf69c,1785336733593,sender -> receiver,0,True,1785336733424.0,-169.0,0.0,False
f60ebac4-8f50-5189-9728-9d5005982dbe,1785336733598,sender -> receiver,0,True,1785336733437.0,-161.0,0.0,False
93d63af1-b310-5fe5-9ee3-bd90c3654869,1785336733600,sender -> receiver,0,True,1785336733449.0,-151.0,0.0,False
fb72d0d3-b724-5829-8180-e9dd095ad144,1785336734596,sender -> receiver,0,True,1785336734394.0,-202.0,0.0,False
12cee52f-ff90-50c5-ae5c-8b26b7d579cb,1785336734600,sender -> receiver,0,True,1785336734413.0,-187.0,0.0,False
abf5c595-07c2-52e2-a7f5-fb650c3704cf,1785336734603,sender -> receiver,0,True,1785336734427.0,-176.0,0.0,False
a07318af-5ba7-547d-8376-8dab82c59145,1785336734607,sender -> receiver,0,True,1785336734437.0,-170.0,0.0,False
37f59381-71b8-5e1e-babf-d32f6570373f,1785336735600,sender -> receiver,0,True,1785336735439.0,-161.0,0.0,False
1a4cfcbf-196f-57a4-b6ea-d82f8263a1e7,1785336735603,sender -> receiver,0,True,1785336735451.0,-152.0,0.0,False
ebb83e5b-5775-5ed2-ad13-162fbd4e7dd1,1785336735607,sender -> receiver,0,True,1785336735462.0,-145.0,0.0,False
34dd02d8-8abc-5a27-ad75-472e462e3225,1785336735626,sender -> receiver,0,True,1785336735472.0,-154.0,0.0,False
907678d5-d3d8-588e-8f1d-7070faee3627,1785336736552,sender -> receiver,0,True,1785336736381.0,-171.0,0.0,False
c1c12963-b9c1-5aee-8686-cb4882a8aacc,1785336736554,sender -> receiver,0,True,1785336736394.0,-160.0,0.0,False
6f4a4886-8386-5562-9771-6e56ddcd0ff8,1785336736556,sender -> receiver,0,True,1785336736409.0,-147.0,0.0,False
07d38d8f-3d4e-5292-8474-5c8a733bc1db,1785336736558,sender -> receiver,0,True,1785336736422.0,-136.0,0.0,False
5997c1de-1a0c-58bf-b974-b6469e30d984,1785336737600,sender -> receiver,0,True,1785336737397.0,-203.0,0.0,False
12b73c9f-34f9-527e-825b-c6580d73dbfa,1785336737602,sender -> receiver,0,True,1785336737405.0,-197.0,0.0,False
637349c7-a1fe-5030-8c4f-8c4d729fe9e7,1785336737605,sender -> receiver,0,True,1785336737419.0,-186.0,0.0,False
caf3d1e9-f480-5e6b-abec-de73bd63ba2e,1785336737607,sender -> receiver,0,True,1785336737427.0,-180.0,0.0,False
f02bb9c7-ee36-5e90-aada-e7b50b08e631,1785336738565,sender -> receiver,0,True,1785336738435.0,-130.0,0.0,False
8877e576-7001-58fb-93c0-ed068061d7eb,1785336738567,sender -> receiver,0,True,1785336738446.0,-121.0,0.0,False
451b8663-ef5c-5c9c-a2f5-f0c9a4654fe5,1785336738569,sender -> receiver,0,True,1785336738455.0,-114.0,0.0,False
16c4600e-cd43-5dd1-9350-92261856dea7,1785336738571,sender -> receiver,0,True,1785336738463.0,-108.0,0.0,False
3e292850-774e-53d8-b376-22b4e2243f8b,1785336739560,sender -> receiver,0,True,1785336739390.0,-170.0,0.0,False
5c754f4b-ac57-5c01-b9c8-5baf641ff3ef,1785336739563,sender -> receiver,0,True,1785336739400.0,-163.0,0.0,False
83fd6401-3d11-5668-8f38-4047b2949365,1785336739565,sender -> receiver,0,True,1785336739408.0,-157.0,0.0,False
dccaaf6a-d9f2-5d76-88de-a84c83c43f28,1785336739568,sender -> receiver,0,True,1785336739422.0,-146.0,0.0,False
d9d98ecf-5b17-5e25-912b-40a343df9589,1785336740576,sender -> receiver,0,True,1785336740368.0,-208.0,0.0,False
d7dbd1f8-87b5-5df1-aa01-6ec562faaa44,1785336740580,sender -> receiver,0,True,1785336740384.0,-196.0,0.0,False
35f21a3f-9f97-572c-9077-16a55947fc93,1785336740584,sender -> receiver,0,True,1785336740392.0,-192.0,0.0,False
ac0994c0-6eb2-5958-97e2-3e0b7b2ab374,1785336740588,sender -> receiver,0,True,1785336740399.0,-189.0,0.0,False
1bcd9ab4-f5b3-50e6-a6d5-f22d081a6e77,1785336741553,sender -> receiver,0,True,1785336741366.0,-187.0,0.0,False
d655cad8-b4c1-5cf9-9514-721949f36efd,1785336741555,sender -> receiver,0,True,1785336741396.0,-159.0,0.0,False
1adf2c73-c1ec-5202-872c-cfef0967950a,1785336741557,sender -> receiver,0,True,1785336741412.0,-145.0,0.0,False
4fba54cf-3c0a-5364-8724-753d84d19402,1785336741560,sender -> receiver,0,True,1785336741448.0,-112.0,0.0,False
ccca2d5c-7c31-5fc3-931b-a62bdd5ef4fb,1785336742596,sender -> receiver,0,True,1785336742388.0,-208.0,0.0,False
cab75e66-47e4-5829-9e93-c46cc5fbb70c,1785336742617,sender -> receiver,0,True,1785336742404.0,-213.0,0.0,False
fe91f04f-2210-52a3-9f6f-d71410bca095,1785336742622,sender -> receiver,0,True,1785336742415.0,-207.0,0.0,False
a292d65d-9159-5efe-a60d-3d4a6c9731f3,1785336742626,sender -> receiver,0,True,1785336742423.0,-203.0,0.0,False
d6f442c5-cb02-5774-b154-c29719b3c3c6,1785336743566,sender -> receiver,0,True,1785336743387.0,-179.0,0.0,False
ebbf48a0-8bd9-515c-a979-22b866e82797,1785336743570,sender -> receiver,0,True,1785336743407.0,-163.0,0.0,False
34dd96b8-06f5-5bd7-bf8e-51df15e28d6a,1785336743573,sender -> receiver,0,True,1785336743424.0,-149.0,0.0,False
689e6770-663d-51d2-aba5-91030273cfe2,1785336743595,sender -> receiver,0,True,1785336743437.0,-158.0,0.0,False
9c087c1f-530c-5814-b572-57869238f348,1785336744560,sender -> receiver,0,True,1785336744403.0,-157.0,0.0,False
0f97a5d1-4631-578e-8195-e4beec0f28df,1785336744562,sender -> receiver,0,True,1785336744414.0,-148.0,0.0,False
50edc092-ceeb-550c-9d38-1632a53a551b,1785336744567,sender -> receiver,0,True,1785336744430.0,-137.0,0.0,False
a513f5ca-4824-560a-a19a-bf81aee63357,1785336744569,sender -> receiver,0,True,1785336744448.0,-121.0,0.0,False
562415d7-e7ad-50b9-8804-998c541924f4,1785336745588,sender -> receiver,0,True,1785336745356.0,-232.0,0.0,False
e690034f-dfd1-52c7-bc0c-ee591be2cabd,1785336745592,sender -> receiver,0,True,1785336745408.0,-184.0,0.0,False
ca11ff2b-2e5f-5793-ad98-c88b0338a69d,1785336745595,sender -> receiver,0,True,1785336745426.0,-169.0,0.0,False
64babee7-6fb2-5824-afd3-dcc2c92efe97,1785336745598,sender -> receiver,0,True,1785336745439.0,-159.0,0.0,False
815e87eb-a6c5-590c-b1b3-c9180ff32c71,1785336746582,sender -> receiver,0,True,1785336746408.0,-174.0,0.0,False
eb0447b9-3529-5b05-b5f0-09a13eb91a31,1785336746585,sender -> receiver,0,True,1785336746434.0,-151.0,0.0,False
921ed77e-f9d4-5c2d-8237-e3e23f7daf05,1785336746589,sender -> receiver,0,True,1785336746453.0,-136.0,0.0,False
085f35c5-d5f1-5f2e-b958-290dfc721930,1785336746593,sender -> receiver,0,True,1785336746468.0,-125.0,0.0,False
ad76bbd6-4a81-5383-b1c2-d160c4c9e019,1785336747586,sender -> receiver,0,True,1785336747418.0,-168.0,0.0,False
3ad84e18-cdfd-59a2-971c-2d08bc078c91,1785336747593,sender -> receiver,0,True,1785336747425.0,-168.0,0.0,False
4f54877e-a30b-5116-b1bf-1f122692d13e,1785336747595,sender -> receiver,0,True,1785336747432.0,-163.0,0.0,False
8650f216-61d9-53bb-950f-2d6f76eec7e4,1785336747599,sender -> receiver,0,True,1785336747441.0,-158.0,0.0,False
33522482-47d5-5611-8ed1-296d10a7cf17,1785336748599,sender -> receiver,0,True,1785336748389.0,-210.0,0.0,False
e9e5d96c-47c0-5f9f-a1a5-3504f0e55361,1785336748603,sender -> receiver,0,True,1785336748400.0,-203.0,0.0,False
62fe777d-35e3-54ef-8d3e-ee6f9801a142,1785336748629,sender -> receiver,0,True,1785336748410.0,-219.0,0.0,False
69c958b4-9ff9-5d5f-a1bd-6072e952fa10,1785336748633,sender -> receiver,0,True,1785336748444.0,-189.0,0.0,False
0dd3978b-3053-5035-9ec0-a3977417acd7,1785336749564,sender -> receiver,0,True,1785336749368.0,-196.0,0.0,False
68cad2cd-c6db-5682-8676-015658ad6b11,1785336749567,sender -> receiver,0,True,1785336749387.0,-180.0,0.0,False
53c40eba-d222-57a8-9d5d-04c071aaa7c4,1785336749569,sender -> receiver,0,True,1785336749401.0,-168.0,0.0,False
e9ec0008-490b-5841-8fd7-9668f0dbafb5,1785336749572,sender -> receiver,0,True,1785336749415.0,-157.0,0.0,False
af262296-ca7e-501d-9da5-7798e256ec23,1785336750586,sender -> receiver,0,True,1785336750427.0,-159.0,0.0,False
114ba82e-5036-5b2f-86de-bcb6bae6f352,1785336750589,sender -> receiver,0,True,1785336750443.0,-146.0,0.0,False
7290cb88-67b6-5998-9922-c6a2880c542f,1785336750592,sender -> receiver,0,True,1785336750451.0,-141.0,0.0,False
fe3f69b6-bd6f-5c3c-b679-67d5f1b8a5d3,1785336750595,sender -> receiver,0,True,1785336750487.0,-108.0,0.0,False
40d67a87-e314-56ed-91bb-84de369b91a2,1785336751551,sender -> receiver,0,True,1785336751343.0,-208.0,0.0,False
d2ee440d-cce8-5e06-877c-29433b6afbf3,1785336751559,sender -> receiver,0,True,1785336751365.0,-194.0,0.0,False
7c1256ce-d8c6-5b9f-9615-8b0b6401de60,1785336751575,sender -> receiver,0,True,1785336751376.0,-199.0,0.0,False
9a6a417b-7be4-5786-89fc-0481927b645c,1785336751578,sender -> receiver,0,True,1785336751386.0,-192.0,0.0,False
668161f2-496f-55d0-ab03-1ec51b64e993,1785336752599,sender -> receiver,0,True,1785336752384.0,-215.0,0.0,False
3e1380a5-4074-55c5-9a0c-6f40d7d3f383,1785336752603,sender -> receiver,0,True,1785336752392.0,-211.0,0.0,False
098716d0-de9e-55ca-a0a9-967263e8f14f,1785336752627,sender -> receiver,0,True,1785336752400.0,-227.0,0.0,False
f8f35f6b-a97d-51c2-a65f-9bda7d6a66e0,1785336752631,sender -> receiver,0,True,1785336752420.0,-211.0,0.0,False
6c03e2b9-9cc8-5868-be1e-0d65f2b52a3b,1785336753553,sender -> receiver,0,True,1785336753378.0,-175.0,0.0,False
10791df0-8c3b-545a-8ca6-40610d455750,1785336753555,sender -> receiver,0,True,1785336753397.0,-158.0,0.0,False
c032105d-d720-55cb-9bd4-378be89f1036,1785336753557,sender -> receiver,0,True,1785336753408.0,-149.0,0.0,False
6a7d9b8f-c449-5b21-8d4a-4bce9f367b9a,1785336753559,sender -> receiver,0,True,1785336753418.0,-141.0,0.0,False
3ef48c40-2d01-5d28-85df-22d611f90a43,1785336754559,sender -> receiver,0,True,1785336754371.0,-188.0,0.0,False
b7d531bb-d154-5728-9dbe-88757f74eaae,1785336754565,sender -> receiver,0,True,1785336754393.0,-172.0,0.0,False
31cc7eb9-17a5-576c-8d9d-c1215a534607,1785336754579,sender -> receiver,0,True,1785336754406.0,-173.0,0.0,False
34f49e3b-3ad8-5946-8f20-d3d29acd30e5,1785336754582,sender -> receiver,0,True,1785336754417.0,-165.0,0.0,False
125dba15-3c66-5861-9633-fa1abc95a5e5,1785336796323,sender -> receiver,0,True,1785336796125.0,-198.0,0.0,False
133970a3-9b2d-5ed9-aceb-5fb06b9c9f99,1785336796326,sender -> receiver,0,True,1785336796195.0,-131.0,0.0,False
ebdefb93-2c0e-5d37-99a0-422bfca825c6,1785336796328,sender -> receiver,0,True,1785336796212.0,-116.0,0.0,False
39b4e07d-2364-551e-a80b-be930215f13d,1785336796330,sender -> receiver,0,True,1785336796224.0,-106.0,0.0,False
c0480223-e379-583d-97aa-aca359fd4de4,1785336796332,sender -> receiver,0,True,1785336796232.0,-100.0,0.0,False
d8d4ee17-9729-533d-ac2c-b4abf95fb91f,1785336797314,sender -> receiver,0,True,1785336797159.0,-155.0,0.0,False
746ca445-a253-5f9f-84f4-2797864d75e5,1785336797319,sender -> receiver,0,True,1785336797186.0,-133.0,0.0,False
375519c3-c784-5ac8-9439-e4aae4f99b70,1785336797324,sender -> receiver,0,True,1785336797200.0,-124.0,0.0,False
38bda067-4f72-55cd-bb8a-a4126fb38dc6,1785336797350,sender -> receiver,0,True,1785336797213.0,-137.0,0.0,False
d59aefdb-2701-5397-ab97-99b51775c3dc,1785336798338,sender -> receiver,0,True,1785336798143.0,-195.0,0.0,False
2f727e3d-b000-54f0-a3b6-a4f51d00bb2d,1785336798342,sender -> receiver,0,True,1785336798201.0,-141.0,0.0,False
e767ee8a-2fec-5530-adb2-5c4da67265a6,1785336798345,sender -> receiver,0,True,1785336798211.0,-134.0,0.0,False
df9bc0fe-ba62-5186-baeb-3e4d9740766b,1785336798347,sender -> receiver,0,True,1785336798220.0,-127.0,0.0,False
a08a21c0-6a50-5ac5-93d9-1ce8a014dccb,1785336799319,sender -> receiver,0,True,1785336799158.0,-161.0,0.0,False
5ac34d4c-7b29-5800-891a-3fb007d2066b,1785336799324,sender -> receiver,0,True,1785336799170.0,-154.0,0.0,False
7da8c709-d175-5016-a2d5-ba90cd720951,1785336799328,sender -> receiver,0,True,1785336799184.0,-144.0,0.0,False
55ed7aa0-d34e-56ba-9f80-551ef06bf694,1785336799331,sender -> receiver,0,True,1785336799198.0,-133.0,0.0,False
e3de94ef-fd5f-50b8-86d8-809f2260a397,1785336800294,sender -> receiver,0,True,1785336800104.0,-190.0,0.0,False
a2bc78b8-3681-547d-87eb-43fcca3c3a39,1785336800296,sender -> receiver,0,True,1785336800124.0,-172.0,0.0,False
7016dec7-9e3e-5d3b-a41d-ece764c7a40a,1785336800298,sender -> receiver,0,True,1785336800142.0,-156.0,0.0,False
311a2846-d192-5b90-beb5-2a5c3be92f6d,1785336800300,sender -> receiver,0,True,1785336800157.0,-143.0,0.0,False
8e24c63c-4d1f-5354-b386-5b2b9d63e014,1785336801274,sender -> receiver,0,True,1785336801068.0,-206.0,0.0,False
c0c3f6fb-18ac-50bc-87eb-76daf6a579d2,1785336801277,sender -> receiver,0,True,1785336801085.0,-192.0,0.0,False
5454fbda-0fa4-5f16-aec9-f657a444fe26,1785336801279,sender -> receiver,0,True,1785336801095.0,-184.0,0.0,False
d1360dd7-bde7-58c3-89a8-be0b4b9e0738,1785336801281,sender -> receiver,0,True,1785336801103.0,-178.0,0.0,False
d7c8a999-61c3-54d0-a48f-2672c275dc1c,1785336802318,sender -> receiver,0,True,1785336802119.0,-199.0,0.0,False
9d30488b-4f57-59c5-b621-2f8f884b5449,1785336802322,sender -> receiver,0,True,1785336802138.0,-184.0,0.0,False
c01b9541-028f-5eea-9277-c0a40176b3d0,1785336802326,sender -> receiver,0,True,1785336802173.0,-153.0,0.0,False
746cbf40-a4cc-5722-860c-2e168a3d88af,1785336802330,sender -> receiver,0,True,1785336802189.0,-141.0,0.0,False
b2399fab-8a79-524c-bb42-134d106f9be8,1785336802335,sender -> receiver,0,True,1785336802198.0,-137.0,0.0,False
a6cac862-6e31-5e4e-972f-70b7d672ada1,1785336803338,sender -> receiver,0,True,1785336803141.0,-197.0,0.0,False
3fbcf98a-ded3-5cd9-96f3-56488f8e7e24,1785336803343,sender -> receiver,0,True,1785336803165.0,-178.0,0.0,False
47d6e321-01f7-564e-a8a4-248403f96882,1785336803349,sender -> receiver,0,True,1785336803179.0,-170.0,0.0,False
3da27f56-1085-5c3d-9388-84c59c7850b0,1785336803373,sender -> receiver,0,True,1785336803205.0,-168.0,0.0,False
0598a40c-b2ab-5233-9865-2ff799f4918e,1785336804345,sender -> receiver,0,True,1785336804146.0,-199.0,0.0,False
f170402d-bb04-5caf-834e-c96ebc6585ce,1785336804351,sender -> receiver,0,True,1785336804218.0,-133.0,0.0,False
e59f71cb-cd2c-5d8f-8988-a35d2dff1742,1785336804355,sender -> receiver,0,True,1785336804233.0,-122.0,0.0,False
75ea46dc-8429-5ae5-aba5-b969c38d3fce,1785336804359,sender -> receiver,0,True,1785336804243.0,-116.0,0.0,False
c8b3716e-0efc-5201-ac5b-811a1d3b7df2,1785336805291,sender -> receiver,0,True,1785336805088.0,-203.0,0.0,False
93ce6d94-0884-502f-bb3c-0967ce4793e5,1785336805293,sender -> receiver,0,True,1785336805115.0,-178.0,0.0,False
95688827-a510-579d-bec1-e93dad963a2a,1785336805296,sender -> receiver,0,True,1785336805131.0,-165.0,0.0,False
0f61f7e3-c541-52d4-95d7-28cba54938e2,1785336805298,sender -> receiver,0,True,1785336805146.0,-152.0,0.0,False
823a3f7a-2033-52c2-aa70-7b2762130adb,1785336806319,sender -> receiver,0,True,1785336806140.0,-179.0,0.0,False
de00600f-2785-527a-a29a-a1e8845e5e0a,1785336806352,sender -> receiver,0,True,1785336806155.0,-197.0,0.0,False
3fea4b16-562b-52cd-a95f-67342da972e2,1785336806357,sender -> receiver,0,True,1785336806176.0,-181.0,0.0,False
66ee9ef2-3722-5963-abe5-c65ab20c149e,1785336806360,sender -> receiver,0,True,1785336806190.0,-170.0,0.0,False
81fabdb9-e398-5567-a10a-f17486f705d6,1785336807273,sender -> receiver,0,True,1785336807066.0,-207.0,0.0,False
d5a91b0b-29fc-5b07-b971-19c9f479234d,1785336807276,sender -> receiver,0,True,1785336807083.0,-193.0,0.0,False
7fbb8547-6116-5f21-824f-854a5f521abe,1785336807277,sender -> receiver,0,True,1785336807098.0,-179.0,0.0,False
a2994f63-0ed1-5b12-acd5-6dc25faa0594,1785336807280,sender -> receiver,0,True,1785336807111.0,-169.0,0.0,False
dd751cf3-8589-584b-a171-5cfaf1a63708,1785336808334,sender -> receiver,0,True,1785336808140.0,-194.0,0.0,False
f4c73352-9881-53ee-bec4-18e04ba271b8,1785336808339,sender -> receiver,0,True,1785336808172.0,-167.0,0.0,False
bc9a24b8-ca97-5981-b0b2-e9d5668dddc7,1785336808343,sender -> receiver,0,True,1785336808180.0,-163.0,0.0,False
b2544b84-e957-508c-9fc1-ad0ea581152d,1785336808358,sender -> receiver,0,True,1785336808188.0,-170.0,0.0,False
95d10f1e-3dfb-5e65-b018-3e85b564d98e,1785336808362,sender -> receiver,0,True,1785336808195.0,-167.0,0.0,False
2830b8f2-cf4f-526c-9325-5cc1827b929b,1785336809274,sender -> receiver,0,True,1785336809094.0,-180.0,0.0,False
2ec57fb3-cdf9-5ebf-872d-3279186db910,1785336809277,sender -> receiver,0,True,1785336809107.0,-170.0,0.0,False
d12927af-c5fb-52ac-828b-56c86144b425,1785336809281,sender -> receiver,0,True,1785336809115.0,-166.0,0.0,False
34227b5b-1314-5606-8838-a7e21a5575b2,1785336809284,sender -> receiver,0,True,1785336809126.0,-158.0,0.0,False
e3e76e26-121f-5f95-87ff-24db0345d027,1785336810290,sender -> receiver,0,True,1785336810092.0,-198.0,0.0,False
f016642f-7854-59aa-be25-66b64c8a160d,1785336810316,sender -> receiver,0,True,1785336810126.0,-190.0,0.0,False
2cdae34a-8852-56d8-bf46-8e5492c93fba,1785336810319,sender -> receiver,0,True,1785336810169.0,-150.0,0.0,False
01138d4d-4338-5a66-8138-89bb44e106d5,1785336810321,sender -> receiver,0,True,1785336810183.0,-138.0,0.0,False
5ebdd7ef-2bf8-50c1-a2a3-a96c7350aa36,1785336811336,sender -> receiver,0,True,1785336811157.0,-179.0,0.0,False
faf7dcb4-f827-5779-ac06-195593aa9e33,1785336811340,sender -> receiver,0,True,1785336811168.0,-172.0,0.0,False
e4146626-fb40-5fdd-8e76-9574c7cba3b1,1785336811344,sender -> receiver,0,True,1785336811177.0,-167.0,0.0,False
918903c1-618c-5194-94ee-003695b12a9c,1785336811347,sender -> receiver,0,True,1785336811187.0,-160.0,0.0,False
ee85d9a3-7a6c-532d-9976-7f5329978559,1785336812342,sender -> receiver,0,True,1785336812186.0,-156.0,0.0,False
dfcc0f32-dde7-5cd8-8f5d-e03be619318a,1785336812347,sender -> receiver,0,True,1785336812197.0,-150.0,0.0,False
56e91efc-4047-5a2d-bcd4-2b096553ec60,1785336812352,sender -> receiver,0,True,1785336812207.0,-145.0,0.0,False
699fba65-d7b7-5d38-97ca-00213b03c655,1785336812358,sender -> receiver,0,True,1785336812221.0,-137.0,0.0,False
f88c6de2-77be-5d2e-990a-1bc73237c07a,1785336813294,sender -> receiver,0,True,1785336813090.0,-204.0,0.0,False
4d9c3f23-41ce-5b93-acf4-3ab7753cf425,1785336813297,sender -> receiver,0,True,1785336813145.0,-152.0,0.0,False
5f1e2ce4-15ee-58c9-952d-08d6cb6647db,1785336813299,sender -> receiver,0,True,1785336813158.0,-141.0,0.0,False
41fc66d2-085d-5ad1-8cdd-f72ba1544d47,1785336813301,sender -> receiver,0,True,1785336813170.0,-131.0,0.0,False
91e6df36-4802-5c14-b8b3-f30c17f9cbfd,1785336814302,sender -> receiver,0,True,1785336814120.0,-182.0,0.0,False
b5b90192-6a16-56bd-ae96-a1a22043746b,1785336814304,sender -> receiver,0,True,1785336814153.0,-151.0,0.0,False
841017d5-efe2-547a-8862-aac818fda2e7,1785336814306,sender -> receiver,0,True,1785336814172.0,-134.0,0.0,False
37f553f5-f4c9-50fe-ba3f-612c7bf3ea9c,1785336814308,sender -> receiver,0,True,1785336814183.0,-125.0,0.0,False
7eed4752-83e4-58df-aee8-b5728a0cde3b,1785336814323,sender -> receiver,0,True,1785336814204.0,-119.0,0.0,False
2c27ba0f-18b7-56a6-809f-04d8bcc3efaa,1785336815279,sender -> receiver,0,True,1785336815065.0,-214.0,0.0,False
968972a6-2a74-549c-ae9c-0f9eda878cc2,1785336815281,sender -> receiver,0,True,1785336815083.0,-198.0,0.0,False
aebd1422-4c57-5077-89fb-b66303d089f1,1785336815298,sender -> receiver,0,True,1785336815094.0,-204.0,0.0,False
2ebacf97-e5a5-55fe-9f0f-45ebdb040e99,1785336815300,sender -> receiver,0,True,1785336815135.0,-165.0,0.0,False
61edf0a2-874b-5468-ab26-a9b281835da6,1785336816296,sender -> receiver,0,True,1785336816118.0,-178.0,0.0,False
f21cf222-7fdd-5d2d-bf8f-da1aeb33ba44,1785336816298,sender -> receiver,0,True,1785336816135.0,-163.0,0.0,False
2f4dee71-bf95-5285-b84b-dbf272d340a6,1785336816300,sender -> receiver,0,True,1785336816150.0,-150.0,0.0,False
73d9809a-61bd-5871-be0e-a4f20a8b42e0,1785336816303,sender -> receiver,0,True,1785336816166.0,-137.0,0.0,False
dd4c087b-23a1-59e7-96b0-5cd11d3d66a8,1785336817344,sender -> receiver,0,True,1785336817140.0,-204.0,0.0,False
8267ad81-8c15-55b5-81a8-842f30519263,1785336817349,sender -> receiver,0,True,1785336817150.0,-199.0,0.0,False
8f17c6b5-d508-5aa4-ba3c-85dbf178f639,1785336817355,sender -> receiver,0,True,1785336817173.0,-182.0,0.0,False
06e1337f-7b84-56c1-b238-c9eeefe540f5,1785336817358,sender -> receiver,0,True,1785336817186.0,-172.0,0.0,False
4502a488-381b-5ec1-a56e-1a92a8ad9121,1785336818293,sender -> receiver,0,True,1785336818103.0,-190.0,0.0,False
a7e18f11-ecf0-5e11-94c1-fbcff6f6a4dc,1785336818320,sender -> receiver,0,True,1785336818129.0,-191.0,0.0,False
14dafd60-0dec-54df-975e-d2964e3692ee,1785336818324,sender -> receiver,0,True,1785336818150.0,-174.0,0.0,False
b1adfc05-52f8-5e6d-b18d-47d28aeaff88,1785336818327,sender -> receiver,0,True,1785336818166.0,-161.0,0.0,False
cee162fe-c1da-5c3d-9f67-4a09438c73c4,1785336819319,sender -> receiver,0,True,1785336819113.0,-206.0,0.0,False
f589e2a8-fb71-57d1-8149-f099244709f0,1785336819325,sender -> receiver,0,True,1785336819133.0,-192.0,0.0,False
1caa0e71-f704-535e-be6b-fd5479e1d1b2,1785336819329,sender -> receiver,0,True,1785336819151.0,-178.0,0.0,False
b5f38c2b-e5bd-53d3-8395-14a32d0600a2,1785336819332,sender -> receiver,0,True,1785336819192.0,-140.0,0.0,False
e87f0673-ecec-566f-b259-c9269e053727,1785336860995,sender -> receiver,0,True,1785336860792.0,-203.0,0.0,False
c6566c36-f2d0-5aae-adac-bfd75a4c0bb7,1785336860998,sender -> receiver,0,True,1785336860804.0,-194.0,0.0,False
4cc2a120-feef-5847-bdf1-ce192b6c8ed5,1785336861002,sender -> receiver,0,True,1785336860818.0,-184.0,0.0,False
c7c7e8d1-a0b9-5285-8659-0cf0bc869d69,1785336861007,sender -> receiver,0,True,1785336860828.0,-179.0,0.0,False
611c08b3-4cea-5bd2-8f94-ff0f13ebedb2,1785336861964,sender -> receiver,0,True,1785336861846.0,-118.0,0.0,False
256642ef-7e70-5c9f-b618-1a42b2513bd2,1785336861967,sender -> receiver,0,True,1785336861860.0,-107.0,0.0,False
8c65c244-a7bb-51cf-805b-750e90ada714,1785336861970,sender -> receiver,0,True,1785336861873.0,-97.0,0.0,False
10362599-bf90-5282-8424-5f2924208907,1785336861972,sender -> receiver,0,True,1785336861880.0,-92.0,0.0,False
7eba8427-9656-587f-9b1c-1ff8c0e2dd75,1785336862998,sender -> receiver,0,True,1785336862844.0,-154.0,0.0,False
f1c8af7a-fb92-5baa-88ea-f4ac1d9ab1c8,1785336863004,sender -> receiver,0,True,1785336862859.0,-145.0,0.0,False
9586a1c0-bc60-5122-82b9-e98411e23aa5,1785336863032,sender -> receiver,0,True,1785336862873.0,-159.0,0.0,False
e333ac92-facf-5eda-aa78-a1ce1ed7697b,1785336863036,sender -> receiver,0,True,1785336862881.0,-155.0,0.0,False
249f7737-8a27-5fb9-bf59-d08d703ddc1e,1785336863998,sender -> receiver,0,True,1785336863798.0,-200.0,0.0,False
67360a03-30f5-5161-a6e1-1d4860cd50ae,1785336864002,sender -> receiver,0,True,1785336863829.0,-173.0,0.0,False
940b5cd3-cc5c-55db-96a5-f07d608efa94,1785336864006,sender -> receiver,0,True,1785336863838.0,-168.0,0.0,False
d6b0dbe6-34ec-5b05-a464-ea72f62628a4,1785336864010,sender -> receiver,0,True,1785336863846.0,-164.0,0.0,False
60509e56-2516-544c-9b26-f94df1df4c5d,1785336865019,sender -> receiver,0,True,1785336864826.0,-193.0,0.0,False
7a24454c-7c3d-582f-8616-e3241732be71,1785336865023,sender -> receiver,0,True,1785336864841.0,-182.0,0.0,False
7d828c0b-002d-5cc7-911c-318b3353889e,1785336865027,sender -> receiver,0,True,1785336864849.0,-178.0,0.0,False
fb413829-5b15-5687-9acd-fd7a1558773b,1785336865055,sender -> receiver,0,True,1785336864857.0,-198.0,0.0,False
cc07bdc4-b276-57ad-848a-0452a2855117,1785336865990,sender -> receiver,0,True,1785336865835.0,-155.0,0.0,False
0250b9e1-7938-5456-a99a-2a60755f7fbe,1785336865994,sender -> receiver,0,True,1785336865848.0,-146.0,0.0,False
4db6cc18-8232-59c0-8e12-dfd7faf9d204,1785336865997,sender -> receiver,0,True,1785336865861.0,-136.0,0.0,False
7da3e9d8-5c7a-5a83-9978-f019c2a55eb0,1785336866001,sender -> receiver,0,True,1785336865869.0,-132.0,0.0,False
29052337-b259-5f6e-93c8-1f6a8f7e9fd0,1785336866998,sender -> receiver,0,True,1785336866788.0,-210.0,0.0,False
6be0896f-8169-5de1-b6f0-dc891c4d87a6,1785336867006,sender -> receiver,0,True,1785336866813.0,-193.0,0.0,False
0ace844e-ae81-518b-8169-bdacbb4204dd,1785336867039,sender -> receiver,0,True,1785336866849.0,-190.0,0.0,False
f8b979dd-3aa9-5e45-b828-2a25687e3d85,1785336867043,sender -> receiver,0,True,1785336866856.0,-187.0,0.0,False
9e5da02b-6109-560e-8b42-b5ed1038c475,1785336867959,sender -> receiver,0,True,1785336867767.0,-192.0,0.0,False
5f0519e0-38c1-5cc3-8274-d7c31f5a4b98,1785336867962,sender -> receiver,0,True,1785336867775.0,-187.0,0.0,False
2ad93bf5-2eaf-5491-8e13-e5a95a5b79e0,1785336867964,sender -> receiver,0,True,1785336867783.0,-181.0,0.0,False
2217b3ab-f023-576a-99ce-32ecfcbda0fc,1785336867979,sender -> receiver,0,True,1785336867790.0,-189.0,0.0,False
31574a70-bafb-5a24-a752-e8da2885c820,1785336868997,sender -> receiver,0,True,1785336868810.0,-187.0,0.0,False
8ea66d48-b0e8-5b54-8645-6512d742fe05,1785336869025,sender -> receiver,0,True,1785336868821.0,-204.0,0.0,False
aeb86b75-b78d-5ee5-8caa-b75db1ec0c5d,1785336869026,sender -> receiver,0,True,1785336868844.0,-182.0,0.0,False
473eb203-adff-55d6-8d30-5ffd46f34ab2,1785336869027,sender -> receiver,0,True,1785336868852.0,-175.0,0.0,False
86d607a4-83fb-50b6-a30f-9d81c50a76b9,1785336870022,sender -> receiver,0,True,1785336869830.0,-192.0,0.0,False
cec3a0bd-b53c-5345-be64-abff00dc2bc7,1785336870030,sender -> receiver,0,True,1785336869847.0,-183.0,0.0,False
e726fee6-0fcb-596b-9c8a-83bffe6f8fce,1785336870073,sender -> receiver,0,True,1785336869857.0,-216.0,0.0,False
3a13e2b0-3f65-57b8-bb87-ad7fb44c36df,1785336870077,sender -> receiver,0,True,1785336869885.0,-192.0,0.0,False
db1aaa43-b4a4-547e-9a57-901ab7bd15ee,1785336870974,sender -> receiver,0,True,1785336870775.0,-199.0,0.0,False
2c8f02b9-a180-58d2-b6aa-df2f75e85ed8,1785336870982,sender -> receiver,0,True,1785336870789.0,-193.0,0.0,False
b6e5e44b-3050-52da-b619-6ab9dd1727df,1785336870991,sender -> receiver,0,True,1785336870800.0,-191.0,0.0,False
4239cd70-f0ad-503c-b8c6-f4b3a13527a1,1785336871028,sender -> receiver,0,True,1785336870821.0,-207.0,0.0,False
99284ded-e193-5b2c-9e66-0a4b196e7b57,1785336872008,sender -> receiver,0,True,1785336871832.0,-176.0,0.0,False
f2e739c5-23d2-5a35-877b-1a578a3d531f,1785336872013,sender -> receiver,0,True,1785336871856.0,-157.0,0.0,False
994290c1-c9ed-503d-a477-886575e8fb7d,1785336872050,sender -> receiver,0,True,1785336871864.0,-186.0,0.0,False
0a9cb47b-f74b-53b8-80de-71b3cde1f584,1785336872052,sender -> receiver,0,True,1785336871874.0,-178.0,0.0,False
fbc14c24-6e0c-5de7-b786-d890c2451978,1785336872970,sender -> receiver,0,True,1785336872789.0,-181.0,0.0,False
17120cb4-8278-5a3a-ac84-5779988c7b04,1785336872973,sender -> receiver,0,True,1785336872798.0,-175.0,0.0,False
595aae24-2d9e-502a-a443-aebb1e4d913f,1785336872975,sender -> receiver,0,True,1785336872807.0,-168.0,0.0,False
af8a0cff-3ea5-5da9-a140-8864440b8047,1785336872976,sender -> receiver,0,True,1785336872815.0,-161.0,0.0,False
4d0af612-ab98-572a-a172-e6bf2425e7a1,1785336873994,sender -> receiver,0,True,1785336873819.0,-175.0,0.0,False
77d02a3d-e119-56e6-8bf4-cef1a5f8ddde,1785336873999,sender -> receiver,0,True,1785336873833.0,-166.0,0.0,False
b6a554db-601b-569b-83bc-b6f7a267e3b5,1785336874002,sender -> receiver,0,True,1785336873841.0,-161.0,0.0,False
e225a4b4-be39-5fcc-bd4d-50666faabbdf,1785336874004,sender -> receiver,0,True,1785336873847.0,-157.0,0.0,False
81cf8e80-a185-5672-9fcc-9cb3136c7f64,1785336874985,sender -> receiver,0,True,1785336874830.0,-155.0,0.0,False
b1b90c61-fa6c-55d7-ae29-69f71f77771a,1785336874989,sender -> receiver,0,True,1785336874839.0,-150.0,0.0,False
8b10093b-5379-51a0-917e-c9ad9531fc4e,1785336874993,sender -> receiver,0,True,1785336874847.0,-146.0,0.0,False
4791f63a-64ea-55f6-bd48-fc1206b19cba,1785336874997,sender -> receiver,0,True,1785336874855.0,-142.0,0.0,False
237b608c-62ed-5327-9b85-894f3f9d387e,1785336875967,sender -> receiver,0,True,1785336875778.0,-189.0,0.0,False
d596db37-ba9d-5d7e-a538-26f430de4f32,1785336875970,sender -> receiver,0,True,1785336875793.0,-177.0,0.0,False
70b8f037-c47f-55fd-9fce-6a68f3cd2253,1785336875973,sender -> receiver,0,True,1785336875809.0,-164.0,0.0,False
5663c4ae-9579-5303-b529-cef19dc3d6f8,1785336875979,sender -> receiver,0,True,1785336875821.0,-158.0,0.0,False
ea59fc70-4b6e-53cf-bf20-cbee376ba54c,1785336876963,sender -> receiver,0,True,1785336876800.0,-163.0,0.0,False
7ebabaa1-736e-5be9-870f-5d2726290592,1785336876970,sender -> receiver,0,True,1785336876816.0,-154.0,0.0,False
6a260602-b710-59b8-992d-3d26ab3d23b8,1785336876972,sender -> receiver,0,True,1785336876830.0,-142.0,0.0,False
29272808-070c-5ad4-93d2-49dbd276a270,1785336876975,sender -> receiver,0,True,1785336876853.0,-122.0,0.0,False
6542ff8a-3581-5ed1-be0e-b16f7306ac10,1785336877963,sender -> receiver,0,True,1785336877755.0,-208.0,0.0,False
9fcb8929-6d4d-5c7c-844b-484b6f2109c6,1785336877968,sender -> receiver,0,True,1785336877815.0,-153.0,0.0,False
1d4fd74e-9c94-5ac9-81b9-c5ad20048a41,1785336877970,sender -> receiver,0,True,1785336877828.0,-142.0,0.0,False
28bed79a-48a8-5672-8876-d6d5c2d20ec3,1785336877987,sender -> receiver,0,True,1785336877852.0,-135.0,0.0,False
d2fe690c-1927-5d26-ad78-4d13c602fe6f,1785336878992,sender -> receiver,0,True,1785336878783.0,-209.0,0.0,False
4c2565f3-961f-51bd-8d60-04207cdebbf5,1785336878996,sender -> receiver,0,True,1785336878799.0,-197.0,0.0,False
6c5b668c-25d6-5b95-b72f-03e789621c05,1785336879001,sender -> receiver,0,True,1785336878812.0,-189.0,0.0,False
7ca99ef1-dde4-55f5-90cc-d430583fd0a0,1785336879004,sender -> receiver,0,True,1785336878826.0,-178.0,0.0,False
cb57923c-a984-589a-8c80-d995a59f819b,1785336879978,sender -> receiver,0,True,1785336879794.0,-184.0,0.0,False
e5f76fc4-cd75-5d53-9f3b-5a3fd5d5ca01,1785336879984,sender -> receiver,0,True,1785336879806.0,-178.0,0.0,False
1ac8b815-c0c9-5786-b9f9-6e4e97541f24,1785336880004,sender -> receiver,0,True,1785336879815.0,-189.0,0.0,False
ae62ef7e-34a9-5aed-b3b5-999db9e4d1a7,1785336880010,sender -> receiver,0,True,1785336879824.0,-186.0,0.0,False
63ee5d96-351f-5ebe-bf00-f81d76c7f9b4,1785336880952,sender -> receiver,0,True,1785336880770.0,-182.0,0.0,False
66276183-3010-583a-a17b-2f9ad72909c6,1785336880956,sender -> receiver,0,True,1785336880781.0,-175.0,0.0,False
b4042024-d059-55a9-95bc-61e1051e288c,1785336880959,sender -> receiver,0,True,1785336880795.0,-164.0,0.0,False
b1f1db55-2314-538d-aedc-54f08a2e3bb5,1785336880973,sender -> receiver,0,True,1785336880804.0,-169.0,0.0,False
47c65b14-63e4-5dff-8679-25df11da5c39,1785336881966,sender -> receiver,0,True,1785336881797.0,-169.0,0.0,False
b5d7e86c-864b-573b-8007-9c4f4b30438b,1785336881972,sender -> receiver,0,True,1785336881807.0,-165.0,0.0,False
530b7218-d55a-5ca7-a719-c5d7d36274c9,1785336881992,sender -> receiver,0,True,1785336881840.0,-152.0,0.0,False
b012aa57-444e-5c9a-a5fc-675b666003c7,1785336881996,sender -> receiver,0,True,1785336881849.0,-147.0,0.0,False
b97750e6-2b03-5e06-813e-d20e1c313be4,1785336883014,sender -> receiver,0,True,1785336882832.0,-182.0,0.0,False
17d2dea8-87b5-5750-b7dc-f3b19fadf751,1785336883018,sender -> receiver,0,True,1785336882846.0,-172.0,0.0,False
3a2e4cc5-66cb-5a59-ab06-c720dd8f14ed,1785336883024,sender -> receiver,0,True,1785336882861.0,-163.0,0.0,False
72466c43-43cb-5652-b9cd-82d907dc6402,1785336883028,sender -> receiver,0,True,1785336882873.0,-155.0,0.0,False
a8913345-29c2-5421-a85e-20b9b213595c,1785336884001,sender -> receiver,0,True,1785336883814.0,-187.0,0.0,False
a11e934e-ef77-571d-bce9-21400a25f4c0,1785336884007,sender -> receiver,0,True,1785336883829.0,-178.0,0.0,False
589b500f-bc81-5b37-a630-9f39c654b940,1785336884011,sender -> receiver,0,True,1785336883843.0,-168.0,0.0,False
20f05ef4-4dc8-5341-9024-ce7ed8baf80c,1785336884016,sender -> receiver,0,True,1785336883863.0,-153.0,0.0,False
ad4e009d-a97d-538c-8838-740a4b0502de,1785336885016,sender -> receiver,0,True,1785336884813.0,-203.0,0.0,False
c3e7242f-bf62-5b51-a416-6336dedfa98a,1785336885022,sender -> receiver,0,True,1785336884824.0,-198.0,0.0,False
7794bbc9-85ac-556e-bfe9-e6d5f0720224,1785336885027,sender -> receiver,0,True,1785336884834.0,-193.0,0.0,False
4cebc45b-1677-55ed-8c1f-78a9f04a292d,1785336885031,sender -> receiver,0,True,1785336884842.0,-189.0,0.0,False
222e1052-892b-5699-b9a1-eb71894c0cd7,1785337009300,sender -> receiver,0,True,1785337009127.0,-173.0,0.0,False
03d9084f-d9fb-5c5b-ad5e-6ff04af9456d,1785337009305,sender -> receiver,0,True,1785337009146.0,-159.0,0.0,False
eed1cd51-b200-556c-adfc-82922628468c,1785337009332,sender -> receiver,0,True,1785337009162.0,-170.0,0.0,False
f370d482-4b82-572b-a5e1-3ae1f07c0cac,1785337009337,sender -> receiver,0,True,1785337009195.0,-142.0,0.0,False
5193175e-72af-5e05-bc03-7a83bf645399,1785337010280,sender -> receiver,0,True,1785337010110.0,-170.0,0.0,False
9dd24ca4-0019-5592-b4b3-2951ad3c6a4d,1785337010286,sender -> receiver,0,True,1785337010120.0,-166.0,0.0,False
f4bc66ac-9d92-5c58-afc8-7edac1eba8e6,1785337010289,sender -> receiver,0,True,1785337010128.0,-161.0,0.0,False
ec4a4077-17dc-57dd-aeac-2cb1f98c8814,1785337010293,sender -> receiver,0,True,1785337010141.0,-152.0,0.0,False
8425d449-fa88-5200-bea7-dc7f2892e7f2,1785337011293,sender -> receiver,0,True,1785337011089.0,-204.0,0.0,False
8bbad7da-950f-5a81-b69e-9339d97c9f0d,1785337011299,sender -> receiver,0,True,1785337011109.0,-190.0,0.0,False
5a993681-32de-535f-b9a1-76af776ba05c,1785337011302,sender -> receiver,0,True,1785337011119.0,-183.0,0.0,False
c74fbb5e-ce97-57b3-b8e3-8416aa036944,1785337011306,sender -> receiver,0,True,1785337011130.0,-176.0,0.0,False
5887431d-1cbd-5fd3-b487-59d483f88eca,1785337012289,sender -> receiver,0,True,1785337012087.0,-202.0,0.0,False
0a137c06-9d31-5a9f-a046-bf6c68a40571,1785337012292,sender -> receiver,0,True,1785337012097.0,-195.0,0.0,False
1af31440-cc97-5a56-9c93-c6d2d1a6e598,1785337012297,sender -> receiver,0,True,1785337012105.0,-192.0,0.0,False
800d2d87-3404-5c74-8d96-edeba8e7dbe5,1785337012300,sender -> receiver,0,True,1785337012113.0,-187.0,0.0,False
1b5f641a-abe0-5fe6-a141-2bceb2e80700,1785337013300,sender -> receiver,0,True,1785337013111.0,-189.0,0.0,False
50cffc99-fe3f-57ee-942b-81008d4d43d1,1785337013307,sender -> receiver,0,True,1785337013128.0,-179.0,0.0,False
223888c5-e245-56f2-bab9-640e6b398adf,1785337013313,sender -> receiver,0,True,1785337013141.0,-172.0,0.0,False
4f9b59bf-57e0-5501-b564-3376ccfa58e4,1785337013319,sender -> receiver,0,True,1785337013156.0,-163.0,0.0,False
0644e494-c85b-591a-a82b-c6a6c7b1ebf8,1785337014293,sender -> receiver,0,True,1785337014107.0,-186.0,0.0,False
3722919f-053e-5bda-840f-4c637bf6f101,1785337014298,sender -> receiver,0,True,1785337014125.0,-173.0,0.0,False
72841509-179f-5ca0-976d-869d88912d9f,1785337014322,sender -> receiver,0,True,1785337014142.0,-180.0,0.0,False
f47096af-2f33-5f49-8937-8900bed9445b,1785337014328,sender -> receiver,0,True,1785337014195.0,-133.0,0.0,False
dbf32a27-5fed-58b7-bec5-1f3a3242921f,1785337015257,sender -> receiver,0,True,1785337015044.0,-213.0,0.0,False
294af850-033c-551a-a984-52c948747668,1785337015260,sender -> receiver,0,True,1785337015112.0,-148.0,0.0,False
c94f83e8-97b5-5097-a641-e7d756e17fca,1785337015262,sender -> receiver,0,True,1785337015132.0,-130.0,0.0,False
6d430440-1e4b-56b2-9d0a-196e118ff5df,1785337015264,sender -> receiver,0,True,1785337015147.0,-117.0,0.0,False
5caeb04e-3651-58a8-8d25-65243e70b9ae,1785337016257,sender -> receiver,0,True,1785337016053.0,-204.0,0.0,False
080ef428-eed4-5f5b-a4a1-e9f936633fad,1785337016260,sender -> receiver,0,True,1785337016060.0,-200.0,0.0,False
5b17d535-d7c0-500b-9294-97125097ca6e,1785337016262,sender -> receiver,0,True,1785337016067.0,-195.0,0.0,False
986bdb7e-38e8-58de-90ef-b2ec4d5eea85,1785337016264,sender -> receiver,0,True,1785337016075.0,-189.0,0.0,False
d394ddd0-4741-5e6a-9def-adb95d4632bd,1785337017251,sender -> receiver,0,True,1785337017036.0,-215.0,0.0,False
813196d7-7257-53d1-96a1-2633b6c6d532,1785337017254,sender -> receiver,0,True,1785337017120.0,-134.0,0.0,False
cae9cab2-00aa-54b8-99a9-5fbf8b6f1608,1785337017256,sender -> receiver,0,True,1785337017132.0,-124.0,0.0,False
5f72517f-3f85-5b48-836b-e3ae02c52a07,1785337017258,sender -> receiver,0,True,1785337017142.0,-116.0,0.0,False
d8552e50-bd2b-5c37-a9e8-2520065a2c2d,1785337018252,sender -> receiver,0,True,1785337018060.0,-192.0,0.0,False
9099d348-561b-5a45-9185-0bd3ef27b0d5,1785337018255,sender -> receiver,0,True,1785337018080.0,-175.0,0.0,False
9c706481-1a2f-5b54-96c1-df0c0cff5d69,1785337018257,sender -> receiver,0,True,1785337018091.0,-166.0,0.0,False
1a517593-4d8a-5104-9dfa-520c3b2c2ae5,1785337018259,sender -> receiver,0,True,1785337018102.0,-157.0,0.0,False
20913bd9-01b5-5b9f-92cd-54beea1fe849,1785337019251,sender -> receiver,0,True,1785337019057.0,-194.0,0.0,False
9fddae0f-0389-53cd-8afd-444ddadac607,1785337019253,sender -> receiver,0,True,1785337019069.0,-184.0,0.0,False
0567d982-66c8-537c-b5c0-8d75586e153e,1785337019256,sender -> receiver,0,True,1785337019099.0,-157.0,0.0,False
ad0fbb5c-fba2-5152-98ab-56b80ded56f5,1785337019258,sender -> receiver,0,True,1785337019116.0,-142.0,0.0,False
90ef17f0-fb1d-5b26-96ed-8772ce082ddd,1785337020304,sender -> receiver,0,True,1785337020081.0,-223.0,0.0,False
96327022-79ee-5cd9-b2c1-3e3f28b15a1a,1785337020309,sender -> receiver,0,True,1785337020096.0,-213.0,0.0,False
81893d6e-d19d-52f3-a45d-55b0dbd18dab,1785337020313,sender -> receiver,0,True,1785337020105.0,-208.0,0.0,False
70eadd2d-0e03-599f-8619-a99842c2c462,1785337020317,sender -> receiver,0,True,1785337020115.0,-202.0,0.0,False
141e0948-927e-516f-9186-e8cdb37ea19f,1785337021255,sender -> receiver,0,True,1785337021028.0,-227.0,0.0,False
d7ac1074-2b78-5197-8b0c-44c0421a8545,1785337021259,sender -> receiver,0,True,1785337021033.0,-226.0,0.0,False
0f4b0eb9-f2c1-5cd0-bd63-fdfb7e4c28c1,1785337021261,sender -> receiver,0,True,1785337021069.0,-192.0,0.0,False
f53a14e2-fd4b-5e2a-9618-fa8289ca2f6d,1785337021263,sender -> receiver,0,True,1785337021078.0,-185.0,0.0,False
f8521eae-7638-5a1f-8ed7-e22636549575,1785337022256,sender -> receiver,0,True,1785337022064.0,-192.0,0.0,False
3bf529aa-50fd-57ba-b019-00434b0043d2,1785337022260,sender -> receiver,0,True,1785337022083.0,-177.0,0.0,False
3ee02bf7-7368-5de8-9aad-736c71c5e11f,1785337022262,sender -> receiver,0,True,1785337022092.0,-170.0,0.0,False
653b04f1-c4d2-5be9-a58b-5dcf5865248f,1785337022277,sender -> receiver,0,True,1785337022098.0,-179.0,0.0,False
3e5678fd-26d9-571a-bbb2-dbb2b24c9d1c,1785337023263,sender -> receiver,0,True,1785337023098.0,-165.0,0.0,False
eae58ee8-1441-5f60-b820-03e8e478c6dc,1785337023266,sender -> receiver,0,True,1785337023146.0,-120.0,0.0,False
2425a92f-9840-5c00-9a4c-663afa5349e8,1785337023268,sender -> receiver,0,True,1785337023157.0,-111.0,0.0,False
6e209396-63a3-57d2-9bfc-1144c488963d,1785337023270,sender -> receiver,0,True,1785337023174.0,-96.0,0.0,False
3b8602d9-735d-5667-9cee-00537e2d623d,1785337024255,sender -> receiver,0,True,1785337024072.0,-183.0,0.0,False
99be8e35-b887-5ff8-9628-d775794cf76f,1785337024259,sender -> receiver,0,True,1785337024083.0,-176.0,0.0,False
52ce09fe-021c-5105-8050-f9ce33959176,1785337024263,sender -> receiver,0,True,1785337024092.0,-171.0,0.0,False
289df7fa-c409-5f8c-9638-e59d9169c4ea,1785337024266,sender -> receiver,0,True,1785337024100.0,-166.0,0.0,False
9e6da756-b937-5f8e-b769-0539c6cffdbd,1785337025290,sender -> receiver,0,True,1785337025094.0,-196.0,0.0,False
4780b51d-b86d-57e5-834d-837c3fac2b4f,1785337025296,sender -> receiver,0,True,1785337025118.0,-178.0,0.0,False
c605a7aa-b3a4-5ee6-9cae-2da3f4f36f3f,1785337025326,sender -> receiver,0,True,1785337025134.0,-192.0,0.0,False
82c2e0a6-39ab-5105-8468-43b1b12cb683,1785337025331,sender -> receiver,0,True,1785337025173.0,-158.0,0.0,False
de568cc8-2284-5fff-a34c-5dacaef45818,1785337026245,sender -> receiver,0,True,1785337026046.0,-199.0,0.0,False
2ac10f34-47ed-5032-bae9-dbbb06228ca3,1785337026249,sender -> receiver,0,True,1785337026057.0,-192.0,0.0,False
b3dea3d1-ed5d-5b94-bb30-38e0da3cd9b4,1785337026252,sender -> receiver,0,True,1785337026065.0,-187.0,0.0,False
04bb2ad1-c45e-5820-a506-24eeadd94804,1785337026254,sender -> receiver,0,True,1785337026078.0,-176.0,0.0,False
b37cbdd2-be7f-52db-a116-0edd36d9d427,1785337027295,sender -> receiver,0,True,1785337027114.0,-181.0,0.0,False
05a268e6-f18d-5b0a-b66f-055b08e6933a,1785337027300,sender -> receiver,0,True,1785337027141.0,-159.0,0.0,False
f3025b3f-117f-5008-8f14-457d390164d6,1785337027307,sender -> receiver,0,True,1785337027158.0,-149.0,0.0,False
55ee8661-c83e-529a-8e63-f14b20f0aadd,1785337027333,sender -> receiver,0,True,1785337027171.0,-162.0,0.0,False
c705b3d5-6d7e-5b21-828b-b93d307eba07,1785337028283,sender -> receiver,0,True,1785337028101.0,-182.0,0.0,False
aa4d95fd-e251-521e-8764-acc092c33fa1,1785337028290,sender -> receiver,0,True,1785337028125.0,-165.0,0.0,False
100f1523-5c4a-5a6d-ac6c-ab2ec357a456,1785337028318,sender -> receiver,0,True,1785337028142.0,-176.0,0.0,False
8b0a55ac-8004-52b3-934d-0013627e06e0,1785337028321,sender -> receiver,0,True,1785337028174.0,-147.0,0.0,False
1cf8551d-496f-5a04-ae18-78d6287efce6,1785337029247,sender -> receiver,0,True,1785337029057.0,-190.0,0.0,False
6cf0bdbc-e8b5-5794-9d3e-a1a7e58b2957,1785337029250,sender -> receiver,0,True,1785337029073.0,-177.0,0.0,False
4f34f568-55da-5e55-ac8a-25758a42b3c1,1785337029252,sender -> receiver,0,True,1785337029087.0,-165.0,0.0,False
25c31cc9-bef4-5b3e-b6b2-e45e3ff41501,1785337029254,sender -> receiver,0,True,1785337029100.0,-154.0,0.0,False
a002fd86-f57d-5fcc-9412-73350005c23d,1785337030288,sender -> receiver,0,True,1785337030073.0,-215.0,0.0,False
dfa4bb10-a594-5765-8d1a-15108fe6fd5f,1785337030294,sender -> receiver,0,True,1785337030089.0,-205.0,0.0,False
33c219a1-88c3-5fa9-9f60-f5b01412a727,1785337030322,sender -> receiver,0,True,1785337030105.0,-217.0,0.0,False
ed61e263-16ba-5177-a744-b69c951b40e6,1785337030325,sender -> receiver,0,True,1785337030135.0,-190.0,0.0,False
34c0c522-1057-5930-8b97-62ec89ecae2e,1785337031253,sender -> receiver,0,True,1785337031083.0,-170.0,0.0,False
b07e0be4-8458-559a-8d42-987a0fe5293b,1785337031257,sender -> receiver,0,True,1785337031103.0,-154.0,0.0,False
159d062c-6969-5e8a-8697-ceb849eae669,1785337031260,sender -> receiver,0,True,1785337031118.0,-142.0,0.0,False
d1bc6e2c-116c-50bb-a08a-6c40307065f6,1785337031263,sender -> receiver,0,True,1785337031135.0,-128.0,0.0,False
dc720e4e-9fa8-5fb0-a668-e20766cfbd23,1785337032256,sender -> receiver,0,True,1785337032079.0,-177.0,0.0,False
1c098be6-6976-59c7-9a7f-85955e194974,1785337032262,sender -> receiver,0,True,1785337032088.0,-174.0,0.0,False
fd348739-2bab-5ded-aecc-2d00e3f81081,1785337032264,sender -> receiver,0,True,1785337032099.0,-165.0,0.0,False
c6ad042d-036d-5c31-ab82-86263fe18f90,1785337032266,sender -> receiver,0,True,1785337032113.0,-153.0,0.0,False
69b9448c-933c-5eb2-b8c2-74727050ead0,1785337033262,sender -> receiver,0,True,1785337033047.0,-215.0,0.0,False
bae6e333-464a-54bf-92fc-3a2498d12796,1785337033266,sender -> receiver,0,True,1785337033069.0,-197.0,0.0,False
601036b0-b7a6-505e-9e6f-1a0a002bb8d9,1785337033272,sender -> receiver,0,True,1785337033079.0,-193.0,0.0,False
48fd4f46-0ea7-5c59-bfc2-723c5f1f79e9,1785337033276,sender -> receiver,0,True,1785337033088.0,-188.0,0.0,False
9fb2ac69-7f7e-5d4d-aa27-bd2a7b58ce9c,1785337073970,sender -> receiver,0,True,1785337073788.0,-182.0,0.0,False
fb7f694f-2330-5a98-b1da-5680a3061fd3,1785337073995,sender -> receiver,0,True,1785337073829.0,-166.0,0.0,False
0bddf8fc-d336-5bfe-9234-e7c9e8f755d8,1785337073998,sender -> receiver,0,True,1785337073839.0,-159.0,0.0,False
060f9ffe-b5e6-5a22-bc67-1fb81311a1cf,1785337074001,sender -> receiver,0,True,1785337073849.0,-152.0,0.0,False
5bd99696-558b-58ad-9d2d-a1e363334df4,1785337075028,sender -> receiver,0,True,1785337074800.0,-228.0,0.0,False
b904b075-73ca-50d0-a88e-64c251445459,1785337075032,sender -> receiver,0,True,1785337074847.0,-185.0,0.0,False
105adfe8-46c3-59f8-a0c5-0a107a6c5b25,1785337075036,sender -> receiver,0,True,1785337074863.0,-173.0,0.0,False
06b8cf39-2893-51cb-9b38-eebee75096b7,1785337075040,sender -> receiver,0,True,1785337074874.0,-166.0,0.0,False
3162790f-dd02-5ead-8d77-d071decc08bd,1785337075964,sender -> receiver,0,True,1785337075805.0,-159.0,0.0,False
e74ecfd5-e677-5789-9863-29eb24e9ec34,1785337075967,sender -> receiver,0,True,1785337075815.0,-152.0,0.0,False
4bccd638-93a3-52ec-a870-7a54a5c356c0,1785337075970,sender -> receiver,0,True,1785337075823.0,-147.0,0.0,False
1ef3371b-cf35-5813-928f-db14fa82bff3,1785337075974,sender -> receiver,0,True,1785337075831.0,-143.0,0.0,False
c480c7ee-b0aa-5d3d-b6d2-390b89b0d35c,1785337077046,sender -> receiver,0,True,1785337076823.0,-223.0,0.0,False
84b65380-3312-564f-bd05-248b4e16df0f,1785337077051,sender -> receiver,0,True,1785337076833.0,-218.0,0.0,False
3f4b068d-29a3-5c73-b36d-81099da827d1,1785337077053,sender -> receiver,0,True,1785337076841.0,-212.0,0.0,False
6acd248a-87fc-53f5-bcc8-f057fa0d71d7,1785337077084,sender -> receiver,0,True,1785337076849.0,-235.0,0.0,False
f02ccfe4-b3e4-5088-8a2a-d9cf6058161c,1785337077999,sender -> receiver,0,True,1785337077813.0,-186.0,0.0,False
80f37af7-d817-5e92-b4b9-84f24961c451,1785337078003,sender -> receiver,0,True,1785337077827.0,-176.0,0.0,False
ffadb935-8652-5c7d-84a1-4bdeb5c55094,1785337078033,sender -> receiver,0,True,1785337077873.0,-160.0,0.0,False
1dec754d-ca9a-53b0-8aaa-b0ebd883f913,1785337078035,sender -> receiver,0,True,1785337077882.0,-153.0,0.0,False
f657b13b-d2b5-5648-89ca-a40d38ccad54,1785337078965,sender -> receiver,0,True,1785337078784.0,-181.0,0.0,False
d135aed9-f61d-58ba-bb42-b53c364a1f42,1785337078972,sender -> receiver,0,True,1785337078800.0,-172.0,0.0,False
38f17bad-6466-5743-9a4c-a5c279075db7,1785337078975,sender -> receiver,0,True,1785337078813.0,-162.0,0.0,False
3a26376f-098b-5616-b5c8-d75605d03e35,1785337078977,sender -> receiver,0,True,1785337078825.0,-152.0,0.0,False
90568fde-e7a3-52de-be6b-d9f5ad8ed444,1785337080035,sender -> receiver,0,True,1785337079846.0,-189.0,0.0,False
1973dd44-dc68-5f74-a691-e52f8ed5d702,1785337080038,sender -> receiver,0,True,1785337079863.0,-175.0,0.0,False
bd6e0116-ef38-5e5b-801e-19eaa46cdf56,1785337080042,sender -> receiver,0,True,1785337079880.0,-162.0,0.0,False
0310a865-d016-56cf-a6c6-e7099e0ef0ff,1785337080067,sender -> receiver,0,True,1785337079893.0,-174.0,0.0,False
2633ea34-2f10-51b0-83a7-49f63dc87baf,1785337080964,sender -> receiver,0,True,1785337080761.0,-203.0,0.0,False
c35d96e5-771f-5a32-8f5c-3295571e65a7,1785337080968,sender -> receiver,0,True,1785337080774.0,-194.0,0.0,False
6ab308cb-2e99-5e0a-866d-addfdc6de853,1785337080971,sender -> receiver,0,True,1785337080785.0,-186.0,0.0,False
44c1ddc5-3894-517c-9e66-bf11abe56756,1785337080990,sender -> receiver,0,True,1785337080843.0,-147.0,0.0,False
2bfc154e-c075-59e4-80ce-09840a8ce6c6,1785337082023,sender -> receiver,0,True,1785337081787.0,-236.0,0.0,False
33839853-f397-57aa-b26d-95dd9493e932,1785337082028,sender -> receiver,0,True,1785337081823.0,-205.0,0.0,False
7116d919-bee5-5ccb-b73c-2e85d8b591c5,1785337082032,sender -> receiver,0,True,1785337081834.0,-198.0,0.0,False
97720c80-03df-5856-9c3e-f5e45d059b69,1785337082036,sender -> receiver,0,True,1785337081843.0,-193.0,0.0,False
221ca82a-d186-586d-8acb-90abbd86b207,1785337082975,sender -> receiver,0,True,1785337082785.0,-190.0,0.0,False
9c25d311-5e29-507e-a268-0b4a87f97740,1785337083000,sender -> receiver,0,True,1785337082797.0,-203.0,0.0,False
c05d0391-681d-53d9-9b58-780f460da49e,1785337083006,sender -> receiver,0,True,1785337082827.0,-179.0,0.0,False
8a98ef66-2c8f-5640-be60-f0a33706249a,1785337083010,sender -> receiver,0,True,1785337082843.0,-167.0,0.0,False
8909cc38-298f-56e6-9bb2-bcac40873cd7,1785337083966,sender -> receiver,0,True,1785337083786.0,-180.0,0.0,False
ce269950-0dc5-560b-8ebc-9cb34d40d240,1785337083968,sender -> receiver,0,True,1785337083802.0,-166.0,0.0,False
57630fbe-3f75-5956-9cf2-365dcccdc4fb,1785337083972,sender -> receiver,0,True,1785337083815.0,-157.0,0.0,False
eb5881cd-16ea-528f-bbf5-e8eff770f4ac,1785337083974,sender -> receiver,0,True,1785337083829.0,-145.0,0.0,False
364bda8a-70e7-58d9-ae72-078a932aafcb,1785337084952,sender -> receiver,0,True,1785337084753.0,-199.0,0.0,False
4296bddb-c616-5f3f-9a00-d35dfed8d003,1785337084958,sender -> receiver,0,True,1785337084823.0,-135.0,0.0,False
9a616ac3-8d2f-538c-af77-b79147c93bf5,1785337084960,sender -> receiver,0,True,1785337084838.0,-122.0,0.0,False
d68a70c8-a3e9-57db-a413-1409ae4ccc85,1785337084962,sender -> receiver,0,True,1785337084848.0,-114.0,0.0,False
369b60df-455f-54ee-8e08-9840ffea5aa4,1785337085957,sender -> receiver,0,True,1785337085772.0,-185.0,0.0,False
63356bc5-c92c-5f24-a46e-deb79c54516d,1785337085959,sender -> receiver,0,True,1785337085786.0,-173.0,0.0,False
8438fd6f-7307-59e5-8816-cdb8e3b807a1,1785337085961,sender -> receiver,0,True,1785337085800.0,-161.0,0.0,False
e47a0885-005a-5d5d-b4e8-ddee5a49cb2f,1785337085963,sender -> receiver,0,True,1785337085808.0,-155.0,0.0,False
38cd8a5c-3dbb-5ebb-8e50-97db15986a27,1785337087003,sender -> receiver,0,True,1785337086794.0,-209.0,0.0,False
40d4506d-b971-5f3c-972c-51172247ccf5,1785337087011,sender -> receiver,0,True,1785337086817.0,-194.0,0.0,False
40d989fa-0fb7-5924-82af-3e642738b6a4,1785337087019,sender -> receiver,0,True,1785337086849.0,-170.0,0.0,False
268f0c3c-4d3e-56b9-9215-f61359f2998c,1785337087022,sender -> receiver,0,True,1785337086864.0,-158.0,0.0,False
1ddfdcf0-0d0f-5213-b5e6-c2ec8a622a53,1785337087964,sender -> receiver,0,True,1785337087826.0,-138.0,0.0,False
6abdbaee-0353-5d4c-99af-7b60c4c77331,1785337087967,sender -> receiver,0,True,1785337087847.0,-120.0,0.0,False
0bd04dc8-8b5f-5b7e-8fa9-0bb3f9cae31f,1785337087970,sender -> receiver,0,True,1785337087862.0,-108.0,0.0,False
4fd4a2ca-ca1b-5bdb-bbe0-d3d3de1fd6c7,1785337087973,sender -> receiver,0,True,1785337087889.0,-84.0,0.0,False
0cc2dcec-f2a8-574c-9cb9-9ca72455c949,1785337089006,sender -> receiver,0,True,1785337088830.0,-176.0,0.0,False
15cbdfbc-3b44-58ed-be06-fcd565c1e991,1785337089010,sender -> receiver,0,True,1785337088841.0,-169.0,0.0,False
db7382dc-69f7-5e0d-86ae-e70aceb8a783,1785337089014,sender -> receiver,0,True,1785337088851.0,-163.0,0.0,False
98aea96b-4351-5fd7-988e-4782bc691d87,1785337089018,sender -> receiver,0,True,1785337088858.0,-160.0,0.0,False
5a1b940e-cc84-5cfb-a523-2bb0194a6bd2,1785337090026,sender -> receiver,0,True,1785337089852.0,-174.0,0.0,False
8f318fbc-aabe-52db-b0c8-c1e3e050e567,1785337090030,sender -> receiver,0,True,1785337089864.0,-166.0,0.0,False
b9c5ad60-79a9-54ba-8aa4-8156f9f1f484,1785337090035,sender -> receiver,0,True,1785337089872.0,-163.0,0.0,False
51938b06-66ca-5bac-aac5-8936fd73a605,1785337090039,sender -> receiver,0,True,1785337089881.0,-158.0,0.0,False
aa03712f-3215-5924-a4b5-3790d45868b9,1785337090986,sender -> receiver,0,True,1785337090789.0,-197.0,0.0,False
7ca03fbb-276a-5198-bb6a-db608049854a,1785337090989,sender -> receiver,0,True,1785337090803.0,-186.0,0.0,False
3de734ef-03e1-582e-8b3a-4662db291fa6,1785337090991,sender -> receiver,0,True,1785337090813.0,-178.0,0.0,False
d857dc01-8c15-582d-b66e-ee08e95a27f4,1785337090994,sender -> receiver,0,True,1785337090835.0,-159.0,0.0,False
76a60fb1-d4c5-50cc-b111-4bdb18f3c250,1785337092021,sender -> receiver,0,True,1785337091837.0,-184.0,0.0,False
66c66ec3-b123-5efc-b6e5-885f5f08d3e0,1785337092025,sender -> receiver,0,True,1785337091847.0,-178.0,0.0,False
679cbeda-afbd-5e1a-bd33-0b89d526a942,1785337092028,sender -> receiver,0,True,1785337091855.0,-173.0,0.0,False
82be4fae-9ea7-533b-a99e-fefc1b0ffcf6,1785337092031,sender -> receiver,0,True,1785337091863.0,-168.0,0.0,False
b91ca2ba-e16a-5839-9b45-7aa161d7d1e6,1785337093024,sender -> receiver,0,True,1785337092801.0,-223.0,0.0,False
ec6bdecc-8530-5001-8ac3-207f7a979804,1785337093028,sender -> receiver,0,True,1785337092859.0,-169.0,0.0,False
b568c376-58e7-57b9-b6fe-4eba01127dbd,1785337093031,sender -> receiver,0,True,1785337092866.0,-165.0,0.0,False
671ffb8b-d6c1-5870-85db-1b4296afdfbd,1785337093036,sender -> receiver,0,True,1785337092873.0,-163.0,0.0,False
63a44851-0f42-5f8d-ae53-f871f66fbce1,1785337094037,sender -> receiver,0,True,1785337093844.0,-193.0,0.0,False
745e16a6-4ebb-5fe4-ba52-172173b6addf,1785337094041,sender -> receiver,0,True,1785337093859.0,-182.0,0.0,False
3b764c16-7ac8-5fe1-bdc7-713b3472aa98,1785337094045,sender -> receiver,0,True,1785337093870.0,-175.0,0.0,False
5769bc52-765b-5f52-944f-24fcdf7c38a7,1785337094083,sender -> receiver,0,True,1785337093884.0,-199.0,0.0,False
49138947-b8fd-5cd3-9cec-84ce45cccb90,1785337095018,sender -> receiver,0,True,1785337094844.0,-174.0,0.0,False
2d6c4cb9-5663-575b-a1ca-6a65d1fa0e5e,1785337095022,sender -> receiver,0,True,1785337094895.0,-127.0,0.0,False
7f656021-56b7-59a8-a70a-3e8fada70f05,1785337095026,sender -> receiver,0,True,1785337094909.0,-117.0,0.0,False
73d4ca9f-cb4c-5edd-8446-b796fd02ad4e,1785337095051,sender -> receiver,0,True,1785337094923.0,-128.0,0.0,False
fd46dad8-51c5-515a-b046-4fac3f011c09,1785337096002,sender -> receiver,0,True,1785337095845.0,-157.0,0.0,False
9acae3b5-9bb7-5c9c-a566-41a1d04cfe64,1785337096008,sender -> receiver,0,True,1785337095860.0,-148.0,0.0,False
283dda4d-15bf-53f9-bfd2-f6e8eb7fd4a2,1785337096044,sender -> receiver,0,True,1785337095875.0,-169.0,0.0,False
a2429fab-4cf1-549f-aa49-642cbad76b1e,1785337096048,sender -> receiver,0,True,1785337095886.0,-162.0,0.0,False
082cd841-68e9-5d8e-a21a-e9c6691e2d3e,1785337096983,sender -> receiver,0,True,1785337096801.0,-182.0,0.0,False
6f4bd7dc-a320-5305-9828-b4552b368002,1785337096987,sender -> receiver,0,True,1785337096817.0,-170.0,0.0,False
bf71a8a9-0134-5716-baa3-3822721bb05a,1785337096990,sender -> receiver,0,True,1785337096832.0,-158.0,0.0,False
c9ef9a4e-6466-53df-9b57-6b9f79b9122c,1785337096992,sender -> receiver,0,True,1785337096863.0,-129.0,0.0,False
99ebb116-eeb9-5382-bc04-804c82986635,1785337097970,sender -> receiver,0,True,1785337097757.0,-213.0,0.0,False
8a81a228-98b6-540b-b071-80add174702c,1785337097977,sender -> receiver,0,True,1785337097768.0,-209.0,0.0,False
9756afb4-014d-5e5a-bcbd-35c9692a01d9,1785337097983,sender -> receiver,0,True,1785337097807.0,-176.0,0.0,False
0fa236cb-f63d-570f-bc6e-874e61d7a613,1785337097997,sender -> receiver,0,True,1785337097830.0,-167.0,0.0,False
6bd66fb7-d7bc-51ae-9431-5476748b091c,1785337139713,sender -> receiver,0,True,1785337139530.0,-183.0,0.0,False
d1c7d395-f125-5fdd-874a-472bf415be9c,1785337139720,sender -> receiver,0,True,1785337139550.0,-170.0,0.0,False
263859cf-6492-5ca0-bec3-11e2aa13ae6a,1785337139740,sender -> receiver,0,True,1785337139584.0,-156.0,0.0,False
d73b4400-cbe1-5ede-ab75-82c54c0801ad,1785337139744,sender -> receiver,0,True,1785337139596.0,-148.0,0.0,False
4ca747f3-43c4-5090-92b0-e559e7a8cb86,1785337140702,sender -> receiver,0,True,1785337140509.0,-193.0,0.0,False
e431e99c-10bc-5177-89e1-84e0a5b99c66,1785337140706,sender -> receiver,0,True,1785337140530.0,-176.0,0.0,False
4f7910ce-68b9-5d9f-aaeb-5e201a26fd01,1785337140710,sender -> receiver,0,True,1785337140546.0,-164.0,0.0,False
0a0eaa3e-7eef-5395-8966-28e3e1e0c854,1785337140714,sender -> receiver,0,True,1785337140581.0,-133.0,0.0,False
fdef58b8-be92-5b2d-a61a-4b984d45d6db,1785337141683,sender -> receiver,0,True,1785337141514.0,-169.0,0.0,False
5db429b0-c870-5ab0-852b-dd08afa0a31a,1785337141688,sender -> receiver,0,True,1785337141545.0,-143.0,0.0,False
4d840358-b11b-5ff5-ae21-40a3d143075b,1785337141692,sender -> receiver,0,True,1785337141564.0,-128.0,0.0,False
7f86cb63-7a62-58ca-892c-40fc655cbbc3,1785337141711,sender -> receiver,0,True,1785337141580.0,-131.0,0.0,False
2003b56b-9c9a-5233-b627-c6193e5cecf4,1785337142721,sender -> receiver,0,True,1785337142557.0,-164.0,0.0,False
3037d16e-b0a2-5f02-a468-f354e59f5210,1785337142726,sender -> receiver,0,True,1785337142568.0,-158.0,0.0,False
c483a4cc-6a06-52fd-b5a0-8c2dd40a76b2,1785337142730,sender -> receiver,0,True,1785337142576.0,-154.0,0.0,False
a54e8b24-d165-5de0-9ebd-e224046c5e1f,1785337142734,sender -> receiver,0,True,1785337142597.0,-137.0,0.0,False
4b09660b-5d20-5a04-af22-dedeebf66fdc,1785337143679,sender -> receiver,0,True,1785337143475.0,-204.0,0.0,False
c3662203-a7ab-5c4a-8595-f4fd20c266f2,1785337143682,sender -> receiver,0,True,1785337143494.0,-188.0,0.0,False
c24c2e01-8fc7-5824-9dbd-8846dfef475c,1785337143703,sender -> receiver,0,True,1785337143511.0,-192.0,0.0,False
6f04d148-09f9-5fdb-8272-0733baf185f3,1785337143706,sender -> receiver,0,True,1785337143520.0,-186.0,0.0,False
cb7fbae0-36bd-5be5-8fa6-ff150114d45d,1785337144710,sender -> receiver,0,True,1785337144525.0,-185.0,0.0,False
87d76b5d-fbea-5c79-b044-c8fd4924a398,1785337144714,sender -> receiver,0,True,1785337144545.0,-169.0,0.0,False
b624482c-f04c-54ff-b9a9-066b92507b0a,1785337144716,sender -> receiver,0,True,1785337144560.0,-156.0,0.0,False
88133462-e984-5174-a6ca-ded300fa7c1d,1785337144718,sender -> receiver,0,True,1785337144573.0,-145.0,0.0,False
4d888b7a-88b9-5dc6-bedb-28730f34deb7,1785337145714,sender -> receiver,0,True,1785337145503.0,-211.0,0.0,False
92a4cd0c-dc05-54d4-a778-bab6fd6066ba,1785337145718,sender -> receiver,0,True,1785337145535.0,-183.0,0.0,False
07b3512e-c0ed-59bf-8296-622b4cb97d56,1785337145723,sender -> receiver,0,True,1785337145544.0,-179.0,0.0,False
d56c0860-add2-50f2-bb76-0a23602d3911,1785337145747,sender -> receiver,0,True,1785337145551.0,-196.0,0.0,False
4a042904-3771-501b-96ba-e78637174533,1785337146693,sender -> receiver,0,True,1785337146488.0,-205.0,0.0,False
2a5a15a2-05c4-51cc-b7a6-60f0a42ca372,1785337146697,sender -> receiver,0,True,1785337146510.0,-187.0,0.0,False
b99b7eb6-d1ee-5db6-b3a5-c53453474ba5,1785337146700,sender -> receiver,0,True,1785337146519.0,-181.0,0.0,False
35326bfc-e9ae-5a77-ba8a-fde83dac4b80,1785337146703,sender -> receiver,0,True,1785337146530.0,-173.0,0.0,False
517549c4-d9e8-56d6-8289-ef0b7be6f852,1785337147719,sender -> receiver,0,True,1785337147532.0,-187.0,0.0,False
75187637-9b21-5a2d-be02-be4d4d2777bb,1785337147726,sender -> receiver,0,True,1785337147559.0,-167.0,0.0,False
f10e9325-0bde-546a-8545-25392741727c,1785337147732,sender -> receiver,0,True,1785337147596.0,-136.0,0.0,False
e0ad3b4c-6ab1-5d73-ad83-12c5d5c1d5e3,1785337147757,sender -> receiver,0,True,1785337147610.0,-147.0,0.0,False
dac1a70a-b8c2-59ac-af04-95d98561845c,1785337148688,sender -> receiver,0,True,1785337148481.0,-207.0,0.0,False
7e63e366-5dc4-52d4-b00d-c92bd7acfd15,1785337148690,sender -> receiver,0,True,1785337148495.0,-195.0,0.0,False
aec4b50f-9806-5909-bec3-075c5b80253e,1785337148696,sender -> receiver,0,True,1785337148514.0,-182.0,0.0,False
2cac9a3f-3d8d-5f42-b420-48f6396a0d43,1785337148711,sender -> receiver,0,True,1785337148529.0,-182.0,0.0,False
3fd406a6-7922-55b3-8555-5862820556c6,1785337149681,sender -> receiver,0,True,1785337149474.0,-207.0,0.0,False
5e0298d5-fdf4-5801-a1c2-950f90290b2a,1785337149686,sender -> receiver,0,True,1785337149484.0,-202.0,0.0,False
9d3e6449-eec6-5625-9402-040dce457b49,1785337149688,sender -> receiver,0,True,1785337149513.0,-175.0,0.0,False
969b1183-1234-5717-9f92-c5d8202575c3,1785337149705,sender -> receiver,0,True,1785337149525.0,-180.0,0.0,False
d74414af-12b2-5daa-a26a-253287d9c8a6,1785337150681,sender -> receiver,0,True,1785337150510.0,-171.0,0.0,False
f34206db-8a7b-527d-9ff5-4496b4b43d4a,1785337150684,sender -> receiver,0,True,1785337150524.0,-160.0,0.0,False
8c3187fa-b6b8-5490-9277-aa008155d78e,1785337150687,sender -> receiver,0,True,1785337150537.0,-150.0,0.0,False
d0f1701b-5b17-507a-9ef2-d7294d866afe,1785337150689,sender -> receiver,0,True,1785337150568.0,-121.0,0.0,False
cef41f85-c56b-56be-8887-cf3759db0fdb,1785337151684,sender -> receiver,0,True,1785337151493.0,-191.0,0.0,False
3920e53d-3dcb-5243-9add-6600dfb430aa,1785337151686,sender -> receiver,0,True,1785337151502.0,-184.0,0.0,False
eace934d-0045-5df1-93c1-44d9d24b918d,1785337151688,sender -> receiver,0,True,1785337151525.0,-163.0,0.0,False
f9799c11-4e99-59af-80ea-d4fcb0f97c86,1785337151690,sender -> receiver,0,True,1785337151534.0,-156.0,0.0,False
e3295c82-924f-5460-b688-47956306eee0,1785337152692,sender -> receiver,0,True,1785337152496.0,-196.0,0.0,False
67e502a2-2bfd-5049-9b98-6523b7fc58f0,1785337152695,sender -> receiver,0,True,1785337152506.0,-189.0,0.0,False
22860e99-bd1b-54a9-a7d2-8268b05762ff,1785337152699,sender -> receiver,0,True,1785337152515.0,-184.0,0.0,False
0e3f92c9-27d5-52e8-b93d-257966d023ec,1785337152703,sender -> receiver,0,True,1785337152525.0,-178.0,0.0,False
ca8bac56-011e-595c-86d9-bdc6f4c5fcc4,1785337153704,sender -> receiver,0,True,1785337153533.0,-171.0,0.0,False
43c152c8-a492-5a1c-9918-dada85c4686d,1785337153708,sender -> receiver,0,True,1785337153550.0,-158.0,0.0,False
855802f6-04b2-58f1-8759-5ab12c995d36,1785337153712,sender -> receiver,0,True,1785337153557.0,-155.0,0.0,False
61fc7da3-0b39-5054-a99d-fc1fd027a5b7,1785337153716,sender -> receiver,0,True,1785337153603.0,-113.0,0.0,False
4bce8e0a-8f4a-54e5-9b72-531e4f135f4e,1785337154686,sender -> receiver,0,True,1785337154520.0,-166.0,0.0,False
5ad58ab1-2751-5bd8-830b-72a9b4635d9e,1785337154688,sender -> receiver,0,True,1785337154535.0,-153.0,0.0,False
c3cb5922-8061-5f99-83bf-3c26502dbdf0,1785337154690,sender -> receiver,0,True,1785337154546.0,-144.0,0.0,False
aa815bc5-a2d5-5000-9b4d-67cce044b2ae,1785337154692,sender -> receiver,0,True,1785337154554.0,-138.0,0.0,False
074e2fe8-504c-5c06-bd7d-1ceeba0029d0,1785337155676,sender -> receiver,0,True,1785337155506.0,-170.0,0.0,False
a9c8d9a1-516d-5dd9-b168-da194a9d92ba,1785337155680,sender -> receiver,0,True,1785337155521.0,-159.0,0.0,False
6bb70776-560d-5ed4-bfb2-9ff565a114e2,1785337155682,sender -> receiver,0,True,1785337155535.0,-147.0,0.0,False
8ce59adc-f5ae-588d-9ab3-8f0708100807,1785337155699,sender -> receiver,0,True,1785337155549.0,-150.0,0.0,False
64bf8fbc-a204-57cf-9d4e-1dbbd36c5512,1785337156675,sender -> receiver,0,True,1785337156488.0,-187.0,0.0,False
2a5698ae-24a8-598c-9d6d-d9c04e4e613d,1785337156677,sender -> receiver,0,True,1785337156500.0,-177.0,0.0,False
5e81da2e-c1af-5a6b-a267-a2bb16959dd8,1785337156681,sender -> receiver,0,True,1785337156518.0,-163.0,0.0,False
8f578fc2-420e-57a0-9013-51c69f37608d,1785337156683,sender -> receiver,0,True,1785337156555.0,-128.0,0.0,False
6901daba-255f-5adf-8e65-4182944786d8,1785337157683,sender -> receiver,0,True,1785337157476.0,-207.0,0.0,False
43eff01f-41b9-5036-8ede-286959b55326,1785337157687,sender -> receiver,0,True,1785337157491.0,-196.0,0.0,False
ac433f66-d212-5eba-9c34-5f6f2c1328c7,1785337157706,sender -> receiver,0,True,1785337157511.0,-195.0,0.0,False
ec1e8dd1-36dc-5264-8936-99f3847f1a6f,1785337157708,sender -> receiver,0,True,1785337157538.0,-170.0,0.0,False
bccb0aec-4c8f-5276-a5ac-2f28aa69b9c4,1785337158683,sender -> receiver,0,True,1785337158472.0,-211.0,0.0,False
a7cc57f8-65be-5312-8219-4d68274382cf,1785337158687,sender -> receiver,0,True,1785337158493.0,-194.0,0.0,False
39df0328-dec3-5ea6-8e4e-836e924dc006,1785337158690,sender -> receiver,0,True,1785337158518.0,-172.0,0.0,False
472b73e8-e51f-53cf-9773-4a4169503a1b,1785337158694,sender -> receiver,0,True,1785337158528.0,-166.0,0.0,False
2d9c8c85-d710-5625-8ae9-d0743a3699f2,1785337159676,sender -> receiver,0,True,1785337159496.0,-180.0,0.0,False
077c0f70-8590-5a0b-a4a8-835d0e11bece,1785337159678,sender -> receiver,0,True,1785337159521.0,-157.0,0.0,False
828a0baa-87f7-5d2f-b4b4-245c87def057,1785337159680,sender -> receiver,0,True,1785337159536.0,-144.0,0.0,False
b62d00d0-bd87-551a-bb87-3f435438d250,1785337159683,sender -> receiver,0,True,1785337159576.0,-107.0,0.0,False
845ffb0a-ad3a-5b59-99b3-08a062595533,1785337160677,sender -> receiver,0,True,1785337160506.0,-171.0,0.0,False
03657e64-36db-5ea2-9532-0ad4078b7e08,1785337160680,sender -> receiver,0,True,1785337160528.0,-152.0,0.0,False
a5ea4f24-4db2-5672-9f58-a192e8d46f9b,1785337160683,sender -> receiver,0,True,1785337160571.0,-112.0,0.0,False
00f36979-1403-5553-9b40-12ad7ba177ea,1785337160686,sender -> receiver,0,True,1785337160586.0,-100.0,0.0,False
13ebdb5a-bca2-5af5-bcdd-9b96f926656e,1785337161728,sender -> receiver,0,True,1785337161568.0,-160.0,0.0,False
7c51f94b-b27e-5b37-9fe7-98897f689d64,1785337161732,sender -> receiver,0,True,1785337161590.0,-142.0,0.0,False
7ae70d43-b947-5e55-a786-a68156a691b7,1785337161737,sender -> receiver,0,True,1785337161605.0,-132.0,0.0,False
eb31e0e6-ddaa-5254-a0f0-f9fa1c95ed70,1785337161741,sender -> receiver,0,True,1785337161620.0,-121.0,0.0,False
2dd1356e-9b7b-50c1-997d-1ec024ed1bfe,1785337162682,sender -> receiver,0,True,1785337162475.0,-207.0,0.0,False
659bd534-3b3e-5c48-b013-eb4e6c3d738c,1785337162685,sender -> receiver,0,True,1785337162499.0,-186.0,0.0,False
b10a2f96-177b-55f6-9e1f-bd49a46292da,1785337162687,sender -> receiver,0,True,1785337162516.0,-171.0,0.0,False
bb91fce7-66f7-5bc7-b6e5-59bf7a202331,1785337162689,sender -> receiver,0,True,1785337162530.0,-159.0,0.0,False
87aa357f-579d-5fad-8425-24b255f544dc,1785337163695,sender -> receiver,0,True,1785337163503.0,-192.0,0.0,False
e304f821-bd20-558e-9052-f45444af70c4,1785337163697,sender -> receiver,0,True,1785337163524.0,-173.0,0.0,False
8b208255-f825-5dee-a649-c9676c6c0399,1785337163700,sender -> receiver,0,True,1785337163572.0,-128.0,0.0,False
d5a6319a-8f6a-5d83-9c97-fda39117776f,1785337163704,sender -> receiver,0,True,1785337163585.0,-119.0,0.0,False
62f726d4-1ac9-54a9-9110-6e362ba46df6,1785337204858,sender -> receiver,0,True,1785337204687.0,-171.0,0.0,False
3d52c7a6-20f9-5fab-919a-ce69e2043d88,1785337204860,sender -> receiver,0,True,1785337204703.0,-157.0,0.0,False
8ff799ae-91fd-59b1-9820-a7f6e1280297,1785337204862,sender -> receiver,0,True,1785337204720.0,-142.0,0.0,False
45ce6c9d-800a-5c78-bdf4-34aef1ba09b1,1785337204865,sender -> receiver,0,True,1785337204736.0,-129.0,0.0,False
f99bc64f-34d6-5761-a4ec-603d972efd49,1785337205890,sender -> receiver,0,True,1785337205680.0,-210.0,0.0,False
a393f948-0d1e-5e7e-a22d-e32743b09548,1785337205894,sender -> receiver,0,True,1785337205720.0,-174.0,0.0,False
9b491bea-3dd3-5713-93df-a4fb1ea93720,1785337205900,sender -> receiver,0,True,1785337205731.0,-169.0,0.0,False
79ed7b50-27ff-5ead-b4bb-967941559de0,1785337205927,sender -> receiver,0,True,1785337205741.0,-186.0,0.0,False
a04d04c7-45a2-5947-ad1a-e030bbb152ab,1785337206863,sender -> receiver,0,True,1785337206681.0,-182.0,0.0,False
8e021ca3-41f9-5fe6-84cd-242bddeb4ac2,1785337206866,sender -> receiver,0,True,1785337206691.0,-175.0,0.0,False
2e1f378d-27bc-5e44-9e13-40d06faa98bf,1785337206869,sender -> receiver,0,True,1785337206700.0,-169.0,0.0,False
df1ca611-2a1d-5861-bc26-c64091c4f354,1785337206872,sender -> receiver,0,True,1785337206714.0,-158.0,0.0,False
678275f2-d0ab-5791-99ff-4dde401348c3,1785337207855,sender -> receiver,0,True,1785337207660.0,-195.0,0.0,False
bc0f8242-c321-59d4-baa7-657578738d5f,1785337207857,sender -> receiver,0,True,1785337207670.0,-187.0,0.0,False
da093bb4-dfed-503e-999e-0518ac47af79,1785337207860,sender -> receiver,0,True,1785337207680.0,-180.0,0.0,False
8732ad07-ffb1-50f6-b13d-df4d00059cb7,1785337207862,sender -> receiver,0,True,1785337207689.0,-173.0,0.0,False
43862a97-6f39-556f-b702-9c8ced2c4ccd,1785337208882,sender -> receiver,0,True,1785337208696.0,-186.0,0.0,False
d7fb5503-d875-5ca8-a004-08683ad677e1,1785337208886,sender -> receiver,0,True,1785337208725.0,-161.0,0.0,False
8ee4d81d-ea56-50c7-9338-69950da637bd,1785337208910,sender -> receiver,0,True,1785337208745.0,-165.0,0.0,False
3f94e846-9d3b-574b-83e3-5c6799bae94b,1785337208916,sender -> receiver,0,True,1785337208775.0,-141.0,0.0,False
56e8bcfe-1b42-532f-b628-5297b6b6b270,1785337209886,sender -> receiver,0,True,1785337209683.0,-203.0,0.0,False
76e924a1-a534-54b7-975a-5805ddf65da2,1785337209889,sender -> receiver,0,True,1785337209698.0,-191.0,0.0,False
5ec06783-b903-5d66-8443-8a942a8e6913,1785337209892,sender -> receiver,0,True,1785337209715.0,-177.0,0.0,False
df41f1bd-dbf3-5d10-a716-d96e650b53da,1785337209896,sender -> receiver,0,True,1785337209726.0,-170.0,0.0,False
a856d4fd-731d-5aa6-9883-cc24dd40a727,1785337210862,sender -> receiver,0,True,1785337210655.0,-207.0,0.0,False
7bf412fd-957d-51b8-8798-4ab28eddb9f9,1785337210865,sender -> receiver,0,True,1785337210672.0,-193.0,0.0,False
d7c6b1d5-2906-587b-a58e-c04e8216a3ba,1785337210867,sender -> receiver,0,True,1785337210685.0,-182.0,0.0,False
adf4fb48-4993-5642-9960-df85e33f8f66,1785337210869,sender -> receiver,0,True,1785337210695.0,-174.0,0.0,False
8a4e35f2-a262-5edc-a025-e678bf176831,1785337211862,sender -> receiver,0,True,1785337211652.0,-210.0,0.0,False
1428948f-f315-5f2a-af2a-090e307f8973,1785337211864,sender -> receiver,0,True,1785337211673.0,-191.0,0.0,False
6db810bc-56f8-505e-b1a5-7bee7151564c,1785337211866,sender -> receiver,0,True,1785337211687.0,-179.0,0.0,False
ec6ad020-fa70-587b-b42d-e6f4738f7478,1785337211868,sender -> receiver,0,True,1785337211721.0,-147.0,0.0,False
ac91c4a4-db07-5712-be75-beb3b7505bfe,1785337212861,sender -> receiver,0,True,1785337212703.0,-158.0,0.0,False
69a6619f-8f09-5d7b-9514-0acb9a080acc,1785337212864,sender -> receiver,0,True,1785337212736.0,-128.0,0.0,False
3e747d3d-f9cf-52ea-97d1-41c84c55f698,1785337212866,sender -> receiver,0,True,1785337212782.0,-84.0,0.0,False
b8016e90-3b1c-52e9-8982-8b3197d13e68,1785337212881,sender -> receiver,0,True,1785337212794.0,-87.0,0.0,False
e5e17d14-14fa-5c08-807c-08669331af35,1785337213866,sender -> receiver,0,True,1785337213692.0,-174.0,0.0,False
784da368-a507-5480-8b16-cb203604aba5,1785337213872,sender -> receiver,0,True,1785337213717.0,-155.0,0.0,False
f8990366-c93f-5741-8cd0-faea87e2b2af,1785337213875,sender -> receiver,0,True,1785337213736.0,-139.0,0.0,False
c17f432e-9cff-59d1-94dd-89a770afd180,1785337213877,sender -> receiver,0,True,1785337213751.0,-126.0,0.0,False
b31d587e-f3a7-5c11-9fe6-2a923dfcb89d,1785337214866,sender -> receiver,0,True,1785337214662.0,-204.0,0.0,False
1d563cad-4395-58da-9691-362a56f00f3e,1785337214870,sender -> receiver,0,True,1785337214679.0,-191.0,0.0,False
848c2b7d-3f76-559e-9cf7-7ec241c5ed57,1785337214876,sender -> receiver,0,True,1785337214693.0,-183.0,0.0,False
a81c74e2-eb41-56ff-be14-4b950a143ac5,1785337214879,sender -> receiver,0,True,1785337214703.0,-176.0,0.0,False
f42bbb9c-7519-56e5-8314-9243189cc460,1785337215879,sender -> receiver,0,True,1785337215656.0,-223.0,0.0,False
30705e71-752b-534d-aed5-cb5d33cccf63,1785337215883,sender -> receiver,0,True,1785337215672.0,-211.0,0.0,False
67453176-3923-5e6b-9df3-25e51f9972a0,1785337215888,sender -> receiver,0,True,1785337215714.0,-174.0,0.0,False
ca9ad666-a2ba-572e-88e7-77ff5ceb0bf3,1785337215892,sender -> receiver,0,True,1785337215727.0,-165.0,0.0,False
37c60c61-b0de-5b74-a101-457dfceb8b2e,1785337216900,sender -> receiver,0,True,1785337216710.0,-190.0,0.0,False
763fc3c0-db83-518b-9a36-d0983993c49b,1785337216904,sender -> receiver,0,True,1785337216733.0,-171.0,0.0,False
a8147635-f783-58fb-9bde-d5b08ba096e8,1785337216928,sender -> receiver,0,True,1785337216750.0,-178.0,0.0,False
89a67eb0-7d9d-5e12-ad90-bee73e7b63e1,1785337216933,sender -> receiver,0,True,1785337216788.0,-145.0,0.0,False
f41ba4f8-7bfe-5f4c-8c41-9f48be5aedd1,1785337217868,sender -> receiver,0,True,1785337217683.0,-185.0,0.0,False
294d8b53-4f81-5313-82f8-0871b504cfb9,1785337217871,sender -> receiver,0,True,1785337217706.0,-165.0,0.0,False
f090ea5c-94e9-51ae-aad1-7d210d6cc39b,1785337217874,sender -> receiver,0,True,1785337217724.0,-150.0,0.0,False
1ef9ff1a-4f07-5f16-a0c7-6efd320e5e17,1785337217876,sender -> receiver,0,True,1785337217758.0,-118.0,0.0,False
34d53f25-be55-52d4-8115-394dcb1b090b,1785337218861,sender -> receiver,0,True,1785337218681.0,-180.0,0.0,False
eded4c09-8cab-5dfe-bd6a-02b4ef42578b,1785337218864,sender -> receiver,0,True,1785337218699.0,-165.0,0.0,False
595e8f0a-1350-5fa8-a833-071a8bfbc144,1785337218866,sender -> receiver,0,True,1785337218732.0,-134.0,0.0,False
4d281ee3-e036-56c4-bae9-634e4a9aa1d9,1785337218868,sender -> receiver,0,True,1785337218750.0,-118.0,0.0,False
1e5324de-2081-5bd9-8308-261974a3e244,1785337219862,sender -> receiver,0,True,1785337219686.0,-176.0,0.0,False
3ecf54ff-13a1-56d6-81c7-09c554ab68f7,1785337219865,sender -> receiver,0,True,1785337219717.0,-148.0,0.0,False
25376df4-2799-506a-93d2-3c36debd8e0f,1785337219867,sender -> receiver,0,True,1785337219756.0,-111.0,0.0,False
48af846b-be27-5498-b4e1-e8c2239e2361,1785337219870,sender -> receiver,0,True,1785337219770.0,-100.0,0.0,False
cde67d9d-0e01-5efe-9362-8871e8200dda,1785337220871,sender -> receiver,0,True,1785337220646.0,-225.0,0.0,False
fb6b2066-bc20-5069-8612-663282709743,1785337220876,sender -> receiver,0,True,1785337220702.0,-174.0,0.0,False
d990e5ad-07d6-5099-a0e3-f1ab8a011222,1785337220878,sender -> receiver,0,True,1785337220712.0,-166.0,0.0,False
fcd56cba-845d-5f6f-b96d-265a59d913c1,1785337220881,sender -> receiver,0,True,1785337220720.0,-161.0,0.0,False
8c5898e2-529f-5e0a-8a6e-55ab6fb3690c,1785337221866,sender -> receiver,0,True,1785337221689.0,-177.0,0.0,False
c5ec449e-6925-5afb-a663-c3a89da5e641,1785337221870,sender -> receiver,0,True,1785337221714.0,-156.0,0.0,False
fe467673-9cef-5536-b70b-cb13073ec9ed,1785337221875,sender -> receiver,0,True,1785337221729.0,-146.0,0.0,False
4847f4d5-3468-5fab-ace8-7fff5be03de3,1785337221877,sender -> receiver,0,True,1785337221746.0,-131.0,0.0,False
27ed4e13-520a-51c6-8bff-a4645e3312db,1785337222893,sender -> receiver,0,True,1785337222682.0,-211.0,0.0,False
a1e3d71e-2651-5193-87c6-f52a3893844f,1785337222898,sender -> receiver,0,True,1785337222698.0,-200.0,0.0,False
f3975443-63ab-559f-ae4c-c4c8699d117d,1785337222902,sender -> receiver,0,True,1785337222716.0,-186.0,0.0,False
6c15c08d-81c3-5af9-91d6-01d22793e023,1785337222905,sender -> receiver,0,True,1785337222738.0,-167.0,0.0,False
d1f8aad9-4c8e-5b69-a2c6-9f236c493c14,1785337223866,sender -> receiver,0,True,1785337223663.0,-203.0,0.0,False
9031735c-e772-5aed-a750-63463e0ad53f,1785337223868,sender -> receiver,0,True,1785337223680.0,-188.0,0.0,False
ba210862-26e9-59d8-bad2-884b52d20766,1785337223871,sender -> receiver,0,True,1785337223690.0,-181.0,0.0,False
ed1d6c70-6d05-5a87-ba58-ac8b569b5c8b,1785337223889,sender -> receiver,0,True,1785337223699.0,-190.0,0.0,False
287ab29b-eb11-57e9-9b73-2b4ba5684389,1785337224893,sender -> receiver,0,True,1785337224705.0,-188.0,0.0,False
d8834ab8-0c68-5aba-8452-694f05aec5cd,1785337224898,sender -> receiver,0,True,1785337224716.0,-182.0,0.0,False
dd7eaa2f-2588-5d5b-b553-23ea82f82b62,1785337224901,sender -> receiver,0,True,1785337224742.0,-159.0,0.0,False
2285b1cc-fea7-5cf9-91f9-e6d76cf4508f,1785337224923,sender -> receiver,0,True,1785337224754.0,-169.0,0.0,False
79b222de-cf15-5112-93aa-adc2b8435049,1785337225896,sender -> receiver,0,True,1785337225712.0,-184.0,0.0,False
4949eca5-a335-5978-ac1a-234dcda076d8,1785337225901,sender -> receiver,0,True,1785337225726.0,-175.0,0.0,False
f06b57e8-5349-5bf5-996d-a992fea2400f,1785337225905,sender -> receiver,0,True,1785337225739.0,-166.0,0.0,False
47726cb3-3ced-5985-83b3-11b4dfe499a6,1785337225910,sender -> receiver,0,True,1785337225753.0,-157.0,0.0,False
df09bdd3-2cab-5be8-bd67-d4774245a260,1785337226923,sender -> receiver,0,True,1785337226694.0,-229.0,0.0,False
6ead61a6-5133-597a-8f5f-d592fb8e2c47,1785337226927,sender -> receiver,0,True,1785337226727.0,-200.0,0.0,False
6a1d38cd-cba8-5450-aea3-6180a9df5495,1785337226931,sender -> receiver,0,True,1785337226765.0,-166.0,0.0,False
b1fb4275-30fc-515d-8a75-ab0c48d15701,1785337226935,sender -> receiver,0,True,1785337226783.0,-152.0,0.0,False
5ea81c14-6fa0-5771-87c4-977b0c763d0d,1785337227879,sender -> receiver,0,True,1785337227712.0,-167.0,0.0,False
986ce519-aad0-5557-ac87-8aac5cc3c38a,1785337227882,sender -> receiver,0,True,1785337227729.0,-153.0,0.0,False
24b3eec3-14e7-58a2-86fe-ba0a6f8e77a9,1785337227886,sender -> receiver,0,True,1785337227744.0,-142.0,0.0,False
6aca6338-3c5d-5106-bf9e-cd57ddb72f4e,1785337227888,sender -> receiver,0,True,1785337227756.0,-132.0,0.0,False
f904c7b6-1f86-568c-8f41-528c92f697c1,1785337228895,sender -> receiver,0,True,1785337228711.0,-184.0,0.0,False
6f0edbfa-2c28-5335-97cd-2d1fa8d9c654,1785337228899,sender -> receiver,0,True,1785337228732.0,-167.0,0.0,False
8501f789-37ff-57e7-8aad-751d0009506d,1785337228925,sender -> receiver,0,True,1785337228748.0,-177.0,0.0,False
dc5db892-e4b7-5d6d-b7a9-e0751f7f03fd,1785337228929,sender -> receiver,0,True,1785337228763.0,-166.0,0.0,False
eae78f44-39c1-5833-ad4f-15b3bdcfb2af,1785337274510,sender -> receiver,0,True,1785337274303.0,-207.0,0.0,False
2b21445c-d972-505a-84ec-400d09e00e40,1785337274529,sender -> receiver,0,True,1785337274319.0,-210.0,0.0,False
dfc26e38-3f3a-5955-a134-2ea51d140de6,1785337274532,sender -> receiver,0,True,1785337274341.0,-191.0,0.0,False
68dfe6cf-d4cd-5b5c-83e0-031de360d023,1785337274534,sender -> receiver,0,True,1785337274354.0,-180.0,0.0,False
bf69ee7e-c3fa-5874-ad17-d362e9da7d42,1785337274536,sender -> receiver,0,True,1785337274363.0,-173.0,0.0,False
ccc9088a-3acb-5fbe-baa9-1c98d20cf671,1785337275535,sender -> receiver,0,True,1785337275321.0,-214.0,0.0,False
8ae6f7cc-cb4d-551b-8f80-0a98aececa52,1785337275556,sender -> receiver,0,True,1785337275338.0,-218.0,0.0,False
96391b8e-0507-5fb2-808e-667e3dd409eb,1785337275560,sender -> receiver,0,True,1785337275408.0,-152.0,0.0,False
6ebf302d-1060-5ecf-ba05-0323ddae694e,1785337275563,sender -> receiver,0,True,1785337275458.0,-105.0,0.0,False
09925843-7a25-5d46-9277-44ffb4e32d84,1785337275565,sender -> receiver,0,True,1785337275482.0,-83.0,0.0,False
65f464b8-debd-5a18-9056-0cb982b54276,1785337276517,sender -> receiver,0,True,1785337276324.0,-193.0,0.0,False
75077e48-20c9-5448-adc7-1a4fa9bc60a2,1785337276519,sender -> receiver,0,True,1785337276349.0,-170.0,0.0,False
4ff55522-8341-5db9-a5a0-e3b40bfed5e4,1785337276521,sender -> receiver,0,True,1785337276368.0,-153.0,0.0,False
2d3b723c-9731-5918-9354-94f999177bd2,1785337276522,sender -> receiver,0,True,1785337276382.0,-140.0,0.0,False
b6b0606c-3ef0-5089-8655-29bfddcad273,1785337276524,sender -> receiver,0,True,1785337276415.0,-109.0,0.0,False
3e555a40-df1d-5d9f-bffb-2e9c30062f7b,1785337277512,sender -> receiver,0,True,1785337277353.0,-159.0,0.0,False
93fffd82-08a5-5c09-9888-aa27250f0df0,1785337277533,sender -> receiver,0,True,1785337277365.0,-168.0,0.0,False
bec535ad-1b2e-5db1-a9b7-3c862dac2a40,1785337277536,sender -> receiver,0,True,1785337277381.0,-155.0,0.0,False
bcfe35cc-e9af-55dc-9c41-80ed87d002e6,1785337277539,sender -> receiver,0,True,1785337277390.0,-149.0,0.0,False
0fd82ddc-3d48-5d44-89ad-7fae2b244c53,1785337277541,sender -> receiver,0,True,1785337277399.0,-142.0,0.0,False
c08f6bda-b361-52ad-9c06-9310b3fb527f,1785337278518,sender -> receiver,0,True,1785337278327.0,-191.0,0.0,False
fb210a38-c8b7-5f92-a374-1104b56b84a2,1785337278538,sender -> receiver,0,True,1785337278344.0,-194.0,0.0,False
ea068f29-5c7a-5d3a-b60d-0af343d3e41f,1785337278542,sender -> receiver,0,True,1785337278426.0,-116.0,0.0,False
7608cbcc-3b3f-5f1b-aa09-b4b76ebb1b2c,1785337278549,sender -> receiver,0,True,1785337278439.0,-110.0,0.0,False
86a5163d-249b-578d-a22a-9b4b178729af,1785337278551,sender -> receiver,0,True,1785337278447.0,-104.0,0.0,False
0defeca4-ce65-5232-8371-7c4ae262ae01,1785337279515,sender -> receiver,0,True,1785337279325.0,-190.0,0.0,False
3a6ac50a-2ab2-5c23-8b64-6a2c88dcf3df,1785337279534,sender -> receiver,0,True,1785337279344.0,-190.0,0.0,False
5220ee8c-1d82-5489-89dc-8015cc43cd57,1785337279537,sender -> receiver,0,True,1785337279355.0,-182.0,0.0,False
4c87a8cc-385a-5a0b-a83e-c0ab14c826ba,1785337279539,sender -> receiver,0,True,1785337279365.0,-174.0,0.0,False
26e5fc58-70ab-5256-a937-4d369e21de02,1785337279540,sender -> receiver,0,True,1785337279384.0,-156.0,0.0,False
403b8bb5-9883-5bc6-958d-9b08b676dd82,1785337280514,sender -> receiver,0,True,1785337280320.0,-194.0,0.0,False
09e6ad7b-6c03-54cd-b6f5-ce939e7434a2,1785337280517,sender -> receiver,0,True,1785337280345.0,-172.0,0.0,False
ae67fe50-a7cd-5271-bb5a-32058b97b335,1785337280533,sender -> receiver,0,True,1785337280360.0,-173.0,0.0,False
732600be-2d62-5872-90a8-c4bc994618bd,1785337280536,sender -> receiver,0,True,1785337280376.0,-160.0,0.0,False
e81ae42b-8c16-5228-94b4-ae9fcbb46fd8,1785337280538,sender -> receiver,0,True,1785337280414.0,-124.0,0.0,False
556195b2-de7a-500f-a13b-9f7a399d0530,1785337281506,sender -> receiver,0,True,1785337281399.0,-107.0,0.0,False
0f0f6c3e-b103-517c-8e35-76433a077310,1785337281508,sender -> receiver,0,True,1785337281420.0,-88.0,0.0,False
03751a20-a198-58be-89e6-b5b778bb8090,1785337281511,sender -> receiver,0,True,1785337281430.0,-81.0,0.0,False
63b9d156-0221-59dd-9a4c-bebc79ad60e2,1785337281513,sender -> receiver,0,True,1785337281439.0,-74.0,0.0,False
1f8e017e-71e2-5068-a447-be41ffe8fd9d,1785337281536,sender -> receiver,0,True,1785337281460.0,-76.0,0.0,False
8727311a-ac55-52b4-ac1b-c9fe4c1e2b2d,1785337282512,sender -> receiver,0,True,1785337282295.0,-217.0,0.0,False
8bc6103b-a4b0-5bc8-9e51-956c99cba921,1785337282528,sender -> receiver,0,True,1785337282314.0,-214.0,0.0,False
e3ba393e-c9fe-59f3-9fe4-dda9eb9159bd,1785337282530,sender -> receiver,0,True,1785337282341.0,-189.0,0.0,False
10d8d882-982c-510e-94e8-bbcc15fd3d05,1785337282534,sender -> receiver,0,True,1785337282352.0,-182.0,0.0,False
5c5e2ae4-fe19-520a-bfa6-cb3bca69110e,1785337282535,sender -> receiver,0,True,1785337282360.0,-175.0,0.0,False
ad68b0f6-0f93-5f2b-a038-41b033c31792,1785337283512,sender -> receiver,0,True,1785337283312.0,-200.0,0.0,False
3591a6dd-cb23-5667-8e68-af7307464e23,1785337283530,sender -> receiver,0,True,1785337283330.0,-200.0,0.0,False
a4cd50ca-3cc6-55ea-a6cc-58a76bd2bbeb,1785337283533,sender -> receiver,0,True,1785337283346.0,-187.0,0.0,False
dee76fed-5408-523b-ba46-84505536474c,1785337283535,sender -> receiver,0,True,1785337283355.0,-180.0,0.0,False
de607cbb-55d3-5226-9087-5d2b6a7bfabb,1785337283537,sender -> receiver,0,True,1785337283364.0,-173.0,0.0,False
94adf3db-a27a-5584-a85b-14fc78049bc2,1785337284513,sender -> receiver,0,True,1785337284323.0,-190.0,0.0,False
4ccdda66-0854-5395-b583-09f0d18d49b3,1785337284516,sender -> receiver,0,True,1785337284341.0,-175.0,0.0,False
033edca6-3ced-5103-8419-f4bbbcbc97fb,1785337284518,sender -> receiver,0,True,1785337284354.0,-164.0,0.0,False
56b7d8d1-078d-5cdb-84c9-6c2ed998b479,1785337284521,sender -> receiver,0,True,1785337284364.0,-157.0,0.0,False
0f2b46e8-06c2-5ef7-b804-79f620bb1f81,1785337284523,sender -> receiver,0,True,1785337284385.0,-138.0,0.0,False
7c886195-ca51-5981-a3ef-b03a69d5ee1c,1785337285509,sender -> receiver,0,True,1785337285320.0,-189.0,0.0,False
f40941d5-f432-59da-947f-11e6bb91aeba,1785337285515,sender -> receiver,0,True,1785337285329.0,-186.0,0.0,False
05fdbdc5-ff91-5dbf-8376-bee73f349f52,1785337285517,sender -> receiver,0,True,1785337285336.0,-181.0,0.0,False
031fe827-23df-51bf-a38a-fef7186dc788,1785337285520,sender -> receiver,0,True,1785337285364.0,-156.0,0.0,False
34336e88-2bc2-593e-8f73-d0c080055f88,1785337285522,sender -> receiver,0,True,1785337285372.0,-150.0,0.0,False
4bdde31a-e2bd-50a0-9086-5bdaa06fd032,1785337286513,sender -> receiver,0,True,1785337286301.0,-212.0,0.0,False
e4663d55-7f52-5a5d-b2fd-99093de7a7f1,1785337286531,sender -> receiver,0,True,1785337286319.0,-212.0,0.0,False
7c316836-8213-5b1d-a319-da3e0d86a874,1785337286533,sender -> receiver,0,True,1785337286332.0,-201.0,0.0,False
0e393245-d059-5e8f-8a38-2190fa12f9a2,1785337286536,sender -> receiver,0,True,1785337286340.0,-196.0,0.0,False
f533bbab-7976-5143-8376-6e968f6ea3e2,1785337286537,sender -> receiver,0,True,1785337286358.0,-179.0,0.0,False
7b8950dc-4105-5c66-9047-ab06752c13c7,1785337287512,sender -> receiver,0,True,1785337287332.0,-180.0,0.0,False
558aa886-7372-53e5-9608-fc0f5781e4d7,1785337287530,sender -> receiver,0,True,1785337287342.0,-188.0,0.0,False
75bf794d-6c3c-58c2-bd66-516c81f1eaec,1785337287533,sender -> receiver,0,True,1785337287348.0,-185.0,0.0,False
a24f1034-8b19-57be-8375-44cb8d5f687f,1785337287536,sender -> receiver,0,True,1785337287354.0,-182.0,0.0,False
97cacc62-fbb0-539d-8cb2-840d07a5bad3,1785337287543,sender -> receiver,0,True,1785337287377.0,-166.0,0.0,False
9d1aab01-ac8f-51ff-a0fc-3a8e57b5a50d,1785337288511,sender -> receiver,0,True,1785337288337.0,-174.0,0.0,False
a979105a-2c7a-5d10-bcb1-aacaed8a22f8,1785337288514,sender -> receiver,0,True,1785337288348.0,-166.0,0.0,False
d7e4d47a-8de0-5e2d-88a7-7e160561946a,1785337288516,sender -> receiver,0,True,1785337288358.0,-158.0,0.0,False
45d8d00b-3b2b-51a8-8737-a326dcff37e0,1785337288538,sender -> receiver,0,True,1785337288367.0,-171.0,0.0,False
4396178f-0279-5401-99e2-6e5270605979,1785337288540,sender -> receiver,0,True,1785337288375.0,-165.0,0.0,False
1f195e5c-f0b6-5e83-bdcf-026fc0bc66be,1785337289515,sender -> receiver,0,True,1785337289317.0,-198.0,0.0,False
0ff97c1d-112e-516a-86b0-ddab3dc29019,1785337289532,sender -> receiver,0,True,1785337289333.0,-199.0,0.0,False
76d37c98-464d-5d08-a7c9-7408d4c4d204,1785337289534,sender -> receiver,0,True,1785337289349.0,-185.0,0.0,False
9ea3fd0c-6232-5c43-b69b-27da0a054c41,1785337289536,sender -> receiver,0,True,1785337289363.0,-173.0,0.0,False
31792578-d0ee-56fc-adf9-5f393b300159,1785337289538,sender -> receiver,0,True,1785337289383.0,-155.0,0.0,False
b31893cc-fb91-5737-a8e3-1485bf32c52e,1785337290548,sender -> receiver,0,True,1785337290353.0,-195.0,0.0,False
2fff6edb-b09c-5462-b48e-2bb61ca3884a,1785337290573,sender -> receiver,0,True,1785337290371.0,-202.0,0.0,False
b08c236e-15d9-5015-9d3f-892d4733ea84,1785337290576,sender -> receiver,0,True,1785337290384.0,-192.0,0.0,False
bfbdc2b3-f639-56f0-9874-d3d67da60478,1785337290579,sender -> receiver,0,True,1785337290397.0,-182.0,0.0,False
d132e3db-ff72-5262-92ad-a75eaa85157c,1785337290581,sender -> receiver,0,True,1785337290417.0,-164.0,0.0,False
d86e92ef-7939-5b02-a855-6f06a06e21d8,1785337291512,sender -> receiver,0,True,1785337291299.0,-213.0,0.0,False
38e7ddbe-aab4-5907-be2e-2275b51ade64,1785337291515,sender -> receiver,0,True,1785337291316.0,-199.0,0.0,False
61965908-1063-5cb2-ba11-e4b0e680ed9a,1785337291517,sender -> receiver,0,True,1785337291333.0,-184.0,0.0,False
e0f03eec-dbf3-5685-a5db-8cdd380edb14,1785337291519,sender -> receiver,0,True,1785337291348.0,-171.0,0.0,False
fbf02f02-6f2f-59c9-bd67-760d1774e518,1785337291540,sender -> receiver,0,True,1785337291378.0,-162.0,0.0,False
f5194bae-7815-5389-83c0-60619f4a34d8,1785337292515,sender -> receiver,0,True,1785337292287.0,-228.0,0.0,False
4ca5db02-0dcb-5299-8789-49e3bb79c6ec,1785337292518,sender -> receiver,0,True,1785337292347.0,-171.0,0.0,False
60d50693-792b-5da2-9daf-769b2fd3709b,1785337292521,sender -> receiver,0,True,1785337292362.0,-159.0,0.0,False
230cdd6a-ca9c-523b-8f3f-756da1ad5f98,1785337292523,sender -> receiver,0,True,1785337292375.0,-148.0,0.0,False
9910e9db-8d71-51d4-95e9-ebec466d716a,1785337292525,sender -> receiver,0,True,1785337292388.0,-137.0,0.0,False
f8543239-329e-58e3-bf5c-a9b64967c296,1785337293511,sender -> receiver,0,True,1785337293322.0,-189.0,0.0,False
82d7723e-8174-5bd8-8274-2620852c66dd,1785337293514,sender -> receiver,0,True,1785337293339.0,-175.0,0.0,False
951f8915-58f0-507e-b73d-4400383c4dbf,1785337293520,sender -> receiver,0,True,1785337293354.0,-166.0,0.0,False
0980003a-f397-5523-847c-162d0966e294,1785337293524,sender -> receiver,0,True,1785337293363.0,-161.0,0.0,False
70c1da3e-f8c6-5c6a-8a5b-38129460261c,1785337293526,sender -> receiver,0,True,1785337293387.0,-139.0,0.0,False
816c6fc7-5b08-5580-ac1f-d60761fca481,1785337335230,sender -> receiver,0,True,1785337335036.0,-194.0,0.0,False
15082a51-886f-5a87-967e-22b348b3c265,1785337335233,sender -> receiver,0,True,1785337335054.0,-179.0,0.0,False
0e0d4fca-62d2-5352-808a-5e7c6ac7f0de,1785337335236,sender -> receiver,0,True,1785337335060.0,-176.0,0.0,False
3cf0d622-e445-5b1a-8db7-7b2a907f7bf0,1785337335255,sender -> receiver,0,True,1785337335067.0,-188.0,0.0,False
259cff62-ff18-5048-aae9-31f06d9798c7,1785337336218,sender -> receiver,0,True,1785337336049.0,-169.0,0.0,False
a5b904f3-b0f5-56d4-8d2d-4d46dc43b7f6,1785337336226,sender -> receiver,0,True,1785337336069.0,-157.0,0.0,False
4b4f9646-eb4b-5add-b6bd-50285062e265,1785337336228,sender -> receiver,0,True,1785337336091.0,-137.0,0.0,False
648866df-c072-59c5-b8fb-583262fe62a8,1785337336230,sender -> receiver,0,True,1785337336107.0,-123.0,0.0,False
06604737-8e4e-531b-a661-e17ef6db852d,1785337337214,sender -> receiver,0,True,1785337337038.0,-176.0,0.0,False
476f214a-55d6-549b-bead-042f8709a48e,1785337337216,sender -> receiver,0,True,1785337337059.0,-157.0,0.0,False
c43168f9-1961-5b12-8e90-c18bdaa9a0b8,1785337337220,sender -> receiver,0,True,1785337337082.0,-138.0,0.0,False
671b020e-8d51-53bd-a849-5383b596d0fd,1785337337223,sender -> receiver,0,True,1785337337100.0,-123.0,0.0,False
3a1378dd-52bb-54d3-818f-8c10b0b730cf,1785337338216,sender -> receiver,0,True,1785337338024.0,-192.0,0.0,False
ccff677c-1a7f-50a7-b57c-2fa6ab571ec3,1785337338219,sender -> receiver,0,True,1785337338043.0,-176.0,0.0,False
14f18416-fd6f-51bf-bfaf-880fcbd747f8,1785337338222,sender -> receiver,0,True,1785337338057.0,-165.0,0.0,False
903ac2de-4985-52c1-90d7-b570c58e41b4,1785337338224,sender -> receiver,0,True,1785337338073.0,-151.0,0.0,False
9df69701-129b-5ae3-8cd1-eaf1715380d0,1785337339217,sender -> receiver,0,True,1785337339023.0,-194.0,0.0,False
a8573991-f10f-53f2-8972-cdc8a2b3aefd,1785337339221,sender -> receiver,0,True,1785337339057.0,-164.0,0.0,False
e2dbd683-f6b8-5e12-b0a5-0c61acd14c8f,1785337339237,sender -> receiver,0,True,1785337339085.0,-152.0,0.0,False
24b1ed45-3a2f-5c76-b48d-e21e6790e5cb,1785337339242,sender -> receiver,0,True,1785337339120.0,-122.0,0.0,False
ee74bb0b-2e39-5248-b391-f68fd93ac119,1785337340215,sender -> receiver,0,True,1785337340057.0,-158.0,0.0,False
0b788f33-6b1c-5102-a2e4-a8445a66c2ef,1785337340223,sender -> receiver,0,True,1785337340084.0,-139.0,0.0,False
78657f26-6aac-5172-b3ef-58e17180e016,1785337340240,sender -> receiver,0,True,1785337340102.0,-138.0,0.0,False
c24236ce-ace8-5005-ad9d-8083db6f2057,1785337340243,sender -> receiver,0,True,1785337340148.0,-95.0,0.0,False
ee727e8f-d590-5d9f-89ba-0db669596495,1785337341214,sender -> receiver,0,True,1785337341045.0,-169.0,0.0,False
f3c76bd1-b905-50a5-ada9-a434b5d12109,1785337341217,sender -> receiver,0,True,1785337341070.0,-147.0,0.0,False
82e4e208-0e78-5dfc-9249-139c611c1e50,1785337341219,sender -> receiver,0,True,1785337341094.0,-125.0,0.0,False
543dfe93-930e-550d-b315-701e909dfd94,1785337341222,sender -> receiver,0,True,1785337341113.0,-109.0,0.0,False
9b10f74a-4062-5827-bf51-2ffc38f8903d,1785337342217,sender -> receiver,0,True,1785337342029.0,-188.0,0.0,False
50fbe8a3-0a5f-548e-bc85-5fba6bfa69c4,1785337342220,sender -> receiver,0,True,1785337342051.0,-169.0,0.0,False
360d18b8-0b79-5dab-9366-06d2d7e4a6d3,1785337342222,sender -> receiver,0,True,1785337342067.0,-155.0,0.0,False
ccf6c0ec-1d48-5b56-becf-ac4dfee94baa,1785337342224,sender -> receiver,0,True,1785337342084.0,-140.0,0.0,False
5d7465c0-1823-57f3-b145-34cb76be3117,1785337343213,sender -> receiver,0,True,1785337343025.0,-188.0,0.0,False
5c31ed0b-3838-5e6e-9d57-d83ad98b13b3,1785337343216,sender -> receiver,0,True,1785337343045.0,-171.0,0.0,False
f923bd44-2f7b-5a9f-9ffc-4f81359c8361,1785337343221,sender -> receiver,0,True,1785337343062.0,-159.0,0.0,False
e0824493-724d-52f2-9995-d090d5d85c3d,1785337343223,sender -> receiver,0,True,1785337343100.0,-123.0,0.0,False
3ac3c39e-2b26-5d42-befc-918f444eeef6,1785337344215,sender -> receiver,0,True,1785337344013.0,-202.0,0.0,False
c3dc7d5d-cd7e-5b55-a205-9eb40f710ebd,1785337344223,sender -> receiver,0,True,1785337344045.0,-178.0,0.0,False
97d39503-d6d1-54bf-9097-5b5b0648c5cb,1785337344240,sender -> receiver,0,True,1785337344100.0,-140.0,0.0,False
d33a55e4-0c6a-51c3-a091-494e94c6a7ea,1785337344243,sender -> receiver,0,True,1785337344120.0,-123.0,0.0,False
07724650-3688-5e00-b5dd-4d2b35ee02a0,1785337345264,sender -> receiver,0,True,1785337345094.0,-170.0,0.0,False
a9891492-a61b-5fcb-8d23-7ccd268be85e,1785337345270,sender -> receiver,0,True,1785337345118.0,-152.0,0.0,False
bd20cf94-7965-5f40-91b2-7a0d2c7e8999,1785337345276,sender -> receiver,0,True,1785337345138.0,-138.0,0.0,False
baf25128-d38d-5158-9b00-68f86e459e43,1785337345282,sender -> receiver,0,True,1785337345181.0,-101.0,0.0,False
d8719360-1dd3-530c-a57a-24013f02e7bd,1785337346219,sender -> receiver,0,True,1785337346038.0,-181.0,0.0,False
88c9a7bc-0370-5464-b9b5-2378e7789ddf,1785337346222,sender -> receiver,0,True,1785337346057.0,-165.0,0.0,False
1d5ffbbc-f512-5dd2-ae80-c6fb448c2d59,1785337346229,sender -> receiver,0,True,1785337346077.0,-152.0,0.0,False
828cae16-09b4-5626-a978-e5a8dfafa1e4,1785337346277,sender -> receiver,0,True,1785337346093.0,-184.0,0.0,False
f1e9649c-aba9-5e88-b62f-1e38d63d5821,1785337347255,sender -> receiver,0,True,1785337347070.0,-185.0,0.0,False
7a538a60-507b-5f47-bd51-c7e65d931255,1785337347259,sender -> receiver,0,True,1785337347098.0,-161.0,0.0,False
df1a924b-5715-5960-9e9b-08432ff20d43,1785337347264,sender -> receiver,0,True,1785337347116.0,-148.0,0.0,False
a2730c7e-47a2-5252-9ba4-bb20a21e70e7,1785337347267,sender -> receiver,0,True,1785337347132.0,-135.0,0.0,False
19e5695a-87b1-518a-b0dc-b640b270eb26,1785337348219,sender -> receiver,0,True,1785337348022.0,-197.0,0.0,False
787e0eb3-be3b-5c23-a134-fb8467e82927,1785337348226,sender -> receiver,0,True,1785337348049.0,-177.0,0.0,False
dce0c012-324a-5b5c-aec2-2b821e056d6e,1785337348229,sender -> receiver,0,True,1785337348070.0,-159.0,0.0,False
e8bb1e28-1302-5372-86ce-f630940a9444,1785337348233,sender -> receiver,0,True,1785337348086.0,-147.0,0.0,False
fb33cf50-c24b-5a82-8b24-faf58166b18e,1785337349215,sender -> receiver,0,True,1785337349058.0,-157.0,0.0,False
0b98a15d-f3e0-5d16-8da7-5d3055245b95,1785337349219,sender -> receiver,0,True,1785337349085.0,-134.0,0.0,False
efb52144-3e80-5a34-ac21-087249564911,1785337349223,sender -> receiver,0,True,1785337349103.0,-120.0,0.0,False
94eebe59-aed2-5e88-87fc-c79edb2cd75d,1785337349226,sender -> receiver,0,True,1785337349119.0,-107.0,0.0,False
5983c14c-33c0-5a0f-be94-08955d40c9af,1785337350219,sender -> receiver,0,True,1785337350047.0,-172.0,0.0,False
2cfe68c3-1f76-5345-a0cc-48617928c1e8,1785337350221,sender -> receiver,0,True,1785337350073.0,-148.0,0.0,False
bc9e7945-276f-525f-aef4-202442b4a24b,1785337350223,sender -> receiver,0,True,1785337350094.0,-129.0,0.0,False
7a1faef6-f273-51a3-a889-aa6c867f388c,1785337350225,sender -> receiver,0,True,1785337350112.0,-113.0,0.0,False
9d5d6ff0-a1ec-5552-8d16-de7915a864a6,1785337351218,sender -> receiver,0,True,1785337351036.0,-182.0,0.0,False
c8495084-deb4-5e68-aa21-b970422b8143,1785337351220,sender -> receiver,0,True,1785337351064.0,-156.0,0.0,False
c598e8e2-c763-5d53-bdee-8fd95c5f5f22,1785337351222,sender -> receiver,0,True,1785337351086.0,-136.0,0.0,False
f714e1f1-7f29-52ac-93ac-fcfd81c0d0e6,1785337351224,sender -> receiver,0,True,1785337351134.0,-90.0,0.0,False
dd82a135-998e-5984-8657-ef358b468fb9,1785337352214,sender -> receiver,0,True,1785337352024.0,-190.0,0.0,False
2019940d-bb00-5b36-94e6-587100fca109,1785337352217,sender -> receiver,0,True,1785337352053.0,-164.0,0.0,False
366c1390-6ede-5ea9-ab5b-64f20285bcfd,1785337352220,sender -> receiver,0,True,1785337352070.0,-150.0,0.0,False
71958330-bafd-5800-97d4-a4e63521b03c,1785337352223,sender -> receiver,0,True,1785337352107.0,-116.0,0.0,False
547d8c4d-8497-55b4-9783-637dca035aa7,1785337353213,sender -> receiver,0,True,1785337353057.0,-156.0,0.0,False
4eaa1359-f6bc-56ac-a48d-bbd0317752f3,1785337353216,sender -> receiver,0,True,1785337353081.0,-135.0,0.0,False
6d9ee334-62ea-5bb7-84dc-1d7c5cc6fd08,1785337353219,sender -> receiver,0,True,1785337353107.0,-112.0,0.0,False
32b44713-1b9e-54f8-b88b-5cced7b6a13e,1785337353221,sender -> receiver,0,True,1785337353124.0,-97.0,0.0,False
ea846f95-921f-5a4e-a77f-1ee2e318434a,1785337354215,sender -> receiver,0,True,1785337354085.0,-130.0,0.0,False
f62761b6-eed5-5a1a-8060-5484c039d22f,1785337354219,sender -> receiver,0,True,1785337354103.0,-116.0,0.0,False
b0a98fff-97f9-52f3-b4fb-739cf912bb93,1785337354222,sender -> receiver,0,True,1785337354126.0,-96.0,0.0,False
3002a90e-1e03-511c-85ec-05d8fc60aa3a,1785337354236,sender -> receiver,0,True,1785337354143.0,-93.0,0.0,False
ae802172-60d2-5fc0-88dd-ac59ab718ff4,1785337355257,sender -> receiver,0,True,1785337355079.0,-178.0,0.0,False
9049444d-ff0c-5188-a3ea-192ea9477414,1785337355262,sender -> receiver,0,True,1785337355096.0,-166.0,0.0,False
f299ebb3-ec55-5511-9031-6ab4d62dcd78,1785337355267,sender -> receiver,0,True,1785337355115.0,-152.0,0.0,False
ab7a7f3d-f99b-524e-80a9-c9f04dfa8efd,1785337355272,sender -> receiver,0,True,1785337355129.0,-143.0,0.0,False
d722a629-8cd8-576e-ae75-2102fd6f4b34,1785337356214,sender -> receiver,0,True,1785337356028.0,-186.0,0.0,False
4c80b3b9-459d-552e-a4f9-2c2a5f2da1ae,1785337356217,sender -> receiver,0,True,1785337356054.0,-163.0,0.0,False
388dc0ec-7b05-5f94-b942-d80b6d79a65a,1785337356220,sender -> receiver,0,True,1785337356073.0,-147.0,0.0,False
af294111-1847-5604-b442-0d274a905477,1785337356222,sender -> receiver,0,True,1785337356089.0,-133.0,0.0,False
921bd622-f6f3-597e-9682-52d3d2edf399,1785337357214,sender -> receiver,0,True,1785337357019.0,-195.0,0.0,False
7f78a1b4-8ee9-5c7e-8634-c56d08780e5f,1785337357217,sender -> receiver,0,True,1785337357040.0,-177.0,0.0,False
ebe5971e-55a6-587e-b18d-e842adc31731,1785337357220,sender -> receiver,0,True,1785337357059.0,-161.0,0.0,False
07a9966c-8dc3-53cd-a775-0d714c90c418,1785337357223,sender -> receiver,0,True,1785337357097.0,-126.0,0.0,False
615c7dbc-72ff-5284-a913-36ad2f1de37c,1785337358211,sender -> receiver,0,True,1785337358004.0,-207.0,0.0,False
f221c656-1879-501e-9232-6f294163741c,1785337358213,sender -> receiver,0,True,1785337358029.0,-184.0,0.0,False
c941b568-4095-5562-b5db-25cd8ab799ec,1785337358216,sender -> receiver,0,True,1785337358047.0,-169.0,0.0,False
e7b52c5a-df22-54c3-b4ac-2789c927fa83,1785337358218,sender -> receiver,0,True,1785337358062.0,-156.0,0.0,False
67604204-ae42-5bf6-aa7a-e20f3686c433,1785337359214,sender -> receiver,0,True,1785337359046.0,-168.0,0.0,False
bad26a6e-0168-558c-8963-101990b49fca,1785337359217,sender -> receiver,0,True,1785337359076.0,-141.0,0.0,False
d635170c-7304-518d-8fc8-5e7346037804,1785337359220,sender -> receiver,0,True,1785337359100.0,-120.0,0.0,False
f0afb210-fa16-5e3a-8687-6bd6ebe939a2,1785337359234,sender -> receiver,0,True,1785337359148.0,-86.0,0.0,False
10591827-e05e-5298-bd15-3eee60ae316c,1785337399419,sender -> receiver,0,True,1785337399190.0,-229.0,0.0,False
fc779585-70a7-5556-8eb0-f430a4453ead,1785337399422,sender -> receiver,0,True,1785337399205.0,-217.0,0.0,False
2c17e5c2-0476-57a9-938b-0a1308940ea6,1785337399424,sender -> receiver,0,True,1785337399213.0,-211.0,0.0,False
3278d958-69e1-5b53-8760-0896e4323204,1785337399426,sender -> receiver,0,True,1785337399255.0,-171.0,0.0,False
1dc175f7-77db-54d1-a1c8-72186a6b9a85,1785337400419,sender -> receiver,0,True,1785337400207.0,-212.0,0.0,False
49847245-db17-5e56-9507-c2da72b8d542,1785337400423,sender -> receiver,0,True,1785337400219.0,-204.0,0.0,False
8de8816e-41b7-5488-85ef-5394f94b7dfa,1785337400426,sender -> receiver,0,True,1785337400236.0,-190.0,0.0,False
47fa6980-6676-5d0c-9d93-124180dd376f,1785337400428,sender -> receiver,0,True,1785337400270.0,-158.0,0.0,False
b6bea243-7966-58a3-967c-b50dbe05b9c1,1785337401423,sender -> receiver,0,True,1785337401229.0,-194.0,0.0,False
137dae47-3376-5e09-873a-5284e0ff37d2,1785337401426,sender -> receiver,0,True,1785337401251.0,-175.0,0.0,False
3cd7df8e-9a66-5760-80bf-b04db24f11c6,1785337401442,sender -> receiver,0,True,1785337401260.0,-182.0,0.0,False
0d368b27-7799-5790-b2ab-9a3364387c19,1785337401445,sender -> receiver,0,True,1785337401270.0,-175.0,0.0,False
aef7ee4c-6956-5153-9adf-4aa39cc1603e,1785337402430,sender -> receiver,0,True,1785337402230.0,-200.0,0.0,False
94be105f-9b4d-530a-9e55-993925b5aa29,1785337402432,sender -> receiver,0,True,1785337402294.0,-138.0,0.0,False
a5126d8f-dc79-5849-aa89-956164872b97,1785337402435,sender -> receiver,0,True,1785337402313.0,-122.0,0.0,False
71324719-0be2-5283-9245-f62c05cdd293,1785337402437,sender -> receiver,0,True,1785337402329.0,-108.0,0.0,False
78d0799f-0746-5ac0-b8de-872388f00043,1785337403425,sender -> receiver,0,True,1785337403219.0,-206.0,0.0,False
57c2e85a-d46e-50b3-9e35-ad4e4c24a8f9,1785337403428,sender -> receiver,0,True,1785337403229.0,-199.0,0.0,False
1e49ce5e-b160-5dde-86ba-a18a717ad077,1785337403430,sender -> receiver,0,True,1785337403254.0,-176.0,0.0,False
979748cb-a933-506b-9169-a2cd26b8dc64,1785337403433,sender -> receiver,0,True,1785337403285.0,-148.0,0.0,False
3730b9ef-2a5f-596d-8d46-41750445833b,1785337404425,sender -> receiver,0,True,1785337404201.0,-224.0,0.0,False
948319cc-a2f9-5f07-9f4d-8df07d5c09ed,1785337404427,sender -> receiver,0,True,1785337404218.0,-209.0,0.0,False
7361863a-35ea-5e41-86f7-bc87c12620d8,1785337404428,sender -> receiver,0,True,1785337404231.0,-197.0,0.0,False
6ee30aa9-44eb-5f33-898d-51039bb8f3aa,1785337404431,sender -> receiver,0,True,1785337404242.0,-189.0,0.0,False
c939e809-44a5-53d8-8e15-77ef33301bdf,1785337405417,sender -> receiver,0,True,1785337405225.0,-192.0,0.0,False
4b5550e8-768c-55a8-955c-08381aac5f76,1785337405420,sender -> receiver,0,True,1785337405241.0,-179.0,0.0,False
5e5f7d77-dab1-5835-b4c5-72c82e3df8ea,1785337405426,sender -> receiver,0,True,1785337405257.0,-169.0,0.0,False
6176f5cf-1771-5904-99e9-3e2b9ebdcfa8,1785337406454,sender -> receiver,0,True,1785337406246.0,-208.0,0.0,False
fb092721-71e1-5683-b3f0-124daa8fd352,1785337406459,sender -> receiver,0,True,1785337406262.0,-197.0,0.0,False
3c78e2c0-e628-5d0a-b60d-6d7f65356926,1785337406489,sender -> receiver,0,True,1785337406273.0,-216.0,0.0,False
0cc2cd4e-fd5e-54b7-a938-93cb4680189f,1785337406492,sender -> receiver,0,True,1785337406298.0,-194.0,0.0,False
a3c750d8-199f-5317-b5cc-76c5aa107c7a,1785337407425,sender -> receiver,0,True,1785337407216.0,-209.0,0.0,False
fb40687f-ae5e-56d1-b3f6-6ec34ea35f72,1785337407429,sender -> receiver,0,True,1785337407235.0,-194.0,0.0,False
721df972-0483-588d-beee-9ea64474a6a7,1785337407434,sender -> receiver,0,True,1785337407244.0,-190.0,0.0,False
3f7faf0c-8e8a-5a7e-ac65-31f2e384b47c,1785337407453,sender -> receiver,0,True,1785337407254.0,-199.0,0.0,False
107f0a27-1f45-5df4-9345-2f3af2572864,1785337408426,sender -> receiver,0,True,1785337408240.0,-186.0,0.0,False
f6a2b345-fb1f-54eb-a8e4-7882ed46f94e,1785337408436,sender -> receiver,0,True,1785337408261.0,-175.0,0.0,False
5a423014-0b24-5202-9179-c4484519e070,1785337408452,sender -> receiver,0,True,1785337408280.0,-172.0,0.0,False
58609d29-2c2f-580c-89ff-65fb968b930a,1785337408454,sender -> receiver,0,True,1785337408321.0,-133.0,0.0,False
571530ca-c367-557b-bea6-c6f5d88b4f64,1785337409433,sender -> receiver,0,True,1785337409245.0,-188.0,0.0,False
d579826b-9eb5-54a3-9d87-521147993fc8,1785337409436,sender -> receiver,0,True,1785337409312.0,-124.0,0.0,False
54fb771f-cda9-51ba-802b-3714d8d68d4c,1785337409439,sender -> receiver,0,True,1785337409327.0,-112.0,0.0,False
750cf1ac-9409-5167-8480-199abbc0344c,1785337409441,sender -> receiver,0,True,1785337409349.0,-92.0,0.0,False
59be7159-8c3b-5cb8-a734-7a6fae8e1ec5,1785337410427,sender -> receiver,0,True,1785337410232.0,-195.0,0.0,False
0f21f070-f7c0-52b3-a17b-00e9807e819e,1785337410430,sender -> receiver,0,True,1785337410253.0,-177.0,0.0,False
50e274ca-1b47-5180-87c9-19a8da6803df,1785337410437,sender -> receiver,0,True,1785337410265.0,-172.0,0.0,False
37cb5864-794f-50db-9c36-0b06c8caab89,1785337410439,sender -> receiver,0,True,1785337410275.0,-164.0,0.0,False
0d7f6cc4-fb26-5024-a392-8b388f117b8d,1785337411421,sender -> receiver,0,True,1785337411224.0,-197.0,0.0,False
fbd43f41-a4d8-5536-a199-f5ecc9438246,1785337411424,sender -> receiver,0,True,1785337411246.0,-178.0,0.0,False
d0e059d9-5ac1-576f-bda4-097f1f8e57ff,1785337411427,sender -> receiver,0,True,1785337411259.0,-168.0,0.0,False
25930197-7e70-5488-a973-c4d15cc274a4,1785337412425,sender -> receiver,0,True,1785337412229.0,-196.0,0.0,False
528d107f-c31e-5da6-aa0a-c3ed8e3860be,1785337412428,sender -> receiver,0,True,1785337412256.0,-172.0,0.0,False
02486f79-cd64-5865-bdc8-f2eec9f78679,1785337412431,sender -> receiver,0,True,1785337412270.0,-161.0,0.0,False
179cdddc-ce89-565f-af79-c16de7a25316,1785337412434,sender -> receiver,0,True,1785337412286.0,-148.0,0.0,False
06f82b1b-c506-5b0e-abc4-28b1ff0c0b6e,1785337413424,sender -> receiver,0,True,1785337413203.0,-221.0,0.0,False
2f5c0b27-e6e2-5975-a7c4-02d13fdd62c4,1785337413427,sender -> receiver,0,True,1785337413238.0,-189.0,0.0,False
bba7e126-6df4-5942-bc18-7a91e35f1f9c,1785337413429,sender -> receiver,0,True,1785337413249.0,-180.0,0.0,False
ecf25dd3-5b14-50b3-aacb-199be49b15f6,1785337413432,sender -> receiver,0,True,1785337413258.0,-174.0,0.0,False
2d5c32f4-3ce3-5391-8b4e-318fdae7d627,1785337414403,sender -> receiver,0,True,1785337414194.0,-209.0,0.0,False
a99c65df-ff73-58ec-b827-b1ea06612bfe,1785337414405,sender -> receiver,0,True,1785337414212.0,-193.0,0.0,False
2e630a71-33b4-5e93-8b4b-7e73eb098995,1785337414407,sender -> receiver,0,True,1785337414227.0,-180.0,0.0,False
94214f27-f5b2-505f-8e81-582448ffc881,1785337414408,sender -> receiver,0,True,1785337414237.0,-171.0,0.0,False
5eb1ee5e-dfa1-54fe-ac20-35ed9ca3f1f5,1785337415456,sender -> receiver,0,True,1785337415225.0,-231.0,0.0,False
a85a9591-eea5-554c-95d9-e9e51d35805f,1785337415460,sender -> receiver,0,True,1785337415275.0,-185.0,0.0,False
6da3edbc-7e73-5ed0-a092-462444050fe0,1785337415464,sender -> receiver,0,True,1785337415284.0,-180.0,0.0,False
67f4795f-1c69-5a46-9384-f114cb633f27,1785337415467,sender -> receiver,0,True,1785337415292.0,-175.0,0.0,False
7d38ccce-b441-59d6-a340-d6604fde08fa,1785337416422,sender -> receiver,0,True,1785337416232.0,-190.0,0.0,False
2e7ecf6b-04b7-5d2a-8267-64b742539965,1785337416425,sender -> receiver,0,True,1785337416246.0,-179.0,0.0,False
d9a9c2bb-09c7-5ac9-b07e-a971a7a259dd,1785337416427,sender -> receiver,0,True,1785337416257.0,-170.0,0.0,False
a7b5a0dc-7457-5fab-9a52-d562d18d0438,1785337416430,sender -> receiver,0,True,1785337416267.0,-163.0,0.0,False
4ae9fb73-f8e4-53d3-a98f-b257a9d05707,1785337417448,sender -> receiver,0,True,1785337417273.0,-175.0,0.0,False
d6580b92-5e2e-5daa-9eb1-f3b22913d291,1785337417453,sender -> receiver,0,True,1785337417283.0,-170.0,0.0,False
4d032c3a-b7a4-51a6-9fac-edc679898be4,1785337417458,sender -> receiver,0,True,1785337417293.0,-165.0,0.0,False
f0e3ca7e-5c15-5a3a-9153-cc6868ec0641,1785337417482,sender -> receiver,0,True,1785337417300.0,-182.0,0.0,False
4ea3da72-5a49-5e2f-8a15-769ad34f4e38,1785337418425,sender -> receiver,0,True,1785337418197.0,-228.0,0.0,False
59c3c932-1c50-51da-b99c-0cac45eaf244,1785337418438,sender -> receiver,0,True,1785337418250.0,-188.0,0.0,False
8063e0a7-2b24-5e67-b888-566b4c7b7d91,1785337418446,sender -> receiver,0,True,1785337418262.0,-184.0,0.0,False
49b7609b-4ede-5c8d-bba6-184702e5e307,1785337419425,sender -> receiver,0,True,1785337419243.0,-182.0,0.0,False
5a959cff-61ce-5cc6-a9de-952fe6290cbb,1785337419430,sender -> receiver,0,True,1785337419256.0,-174.0,0.0,False
892e4f3f-2d90-54c8-9d87-33bf49be5001,1785337419436,sender -> receiver,0,True,1785337419267.0,-169.0,0.0,False
11620e68-26eb-5650-ae82-c8c6df4ba570,1785337419439,sender -> receiver,0,True,1785337419276.0,-163.0,0.0,False
a58647ff-c974-5d6d-b6f9-d0d6af0eaf0a,1785337420427,sender -> receiver,0,True,1785337420237.0,-190.0,0.0,False
b724e9f7-675a-541a-9e90-dfce001eb075,1785337420430,sender -> receiver,0,True,1785337420263.0,-167.0,0.0,False
19fd4cf7-0a8b-5102-a254-64111ae4ff3c,1785337420445,sender -> receiver,0,True,1785337420289.0,-156.0,0.0,False
c0228166-e1bf-5e6d-95fd-ee3ec3cc7050,1785337420448,sender -> receiver,0,True,1785337420299.0,-149.0,0.0,False
73235c09-0882-5b5f-bab9-89a9f9c24322,1785337421427,sender -> receiver,0,True,1785337421219.0,-208.0,0.0,False
45c3f415-a0f3-5671-8edb-c92b526e81c4,1785337421430,sender -> receiver,0,True,1785337421243.0,-187.0,0.0,False
4ff510a4-b008-5e54-befc-897dec2eb1cf,1785337421433,sender -> receiver,0,True,1785337421258.0,-175.0,0.0,False
c1b30f38-8a0d-55d7-b856-8618892a8d01,1785337421435,sender -> receiver,0,True,1785337421271.0,-164.0,0.0,False
9fde2a55-578d-5844-948b-a5798bc8dd29,1785337422452,sender -> receiver,0,True,1785337422290.0,-162.0,0.0,False
c2fec7cc-3e75-548a-b46c-7eec4760b6bd,1785337422457,sender -> receiver,0,True,1785337422302.0,-155.0,0.0,False
4b53053c-5859-5847-86c7-572c09c29e4a,1785337422463,sender -> receiver,0,True,1785337422311.0,-152.0,0.0,False
aef222da-0791-5d99-be2a-65cfc6f41e18,1785337422470,sender -> receiver,0,True,1785337422320.0,-150.0,0.0,False
20081f11-046c-520a-ba34-c4ed60cb9d56,1785337423451,sender -> receiver,0,True,1785337423295.0,-156.0,0.0,False
93fc4fd0-8ada-5979-b2e6-3bbfb7b31406,1785337423457,sender -> receiver,0,True,1785337423310.0,-147.0,0.0,False
d283f968-8c79-5556-b673-947edcb015dc,1785337423462,sender -> receiver,0,True,1785337423320.0,-142.0,0.0,False
df6b82f8-330b-5b0b-8f7d-5006366a7ffa,1785337423467,sender -> receiver,0,True,1785337423329.0,-138.0,0.0,False
719bafe8-f96b-5f1f-94bd-fdb2d66f7563,1785337424420,sender -> receiver,0,True,1785337424225.0,-195.0,0.0,False
886a1c8f-8a4f-5fbf-bbc3-66c6bb98a8cf,1785337424426,sender -> receiver,0,True,1785337424243.0,-183.0,0.0,False
d2ffeca2-3582-5787-a477-4995e6b9bb62,1785337424430,sender -> receiver,0,True,1785337424257.0,-173.0,0.0,False
8320444a-bfb6-5cb1-8f0a-ee3ca8d51a27,1785337466173,sender -> receiver,0,True,1785337465985.0,-188.0,0.0,False
de452c30-3072-5d58-a270-1384a189064a,1785337466188,sender -> receiver,0,True,1785337466004.0,-184.0,0.0,False
9af8b2aa-b5e8-5744-8cd6-eacd31768503,1785337466190,sender -> receiver,0,True,1785337466016.0,-174.0,0.0,False
7c813ff4-dfc2-50c9-b5e4-43e7d80939cf,1785337466192,sender -> receiver,0,True,1785337466041.0,-151.0,0.0,False
390ba570-b84e-5472-a24b-23371ddc3731,1785337466194,sender -> receiver,0,True,1785337466050.0,-144.0,0.0,False
0be56c4b-7d65-5892-8e0f-853869f866e5,1785337467167,sender -> receiver,0,True,1785337466977.0,-190.0,0.0,False
f59ff402-8592-561b-a928-66eeab59f6e7,1785337467191,sender -> receiver,0,True,1785337466994.0,-197.0,0.0,False
54bc24fd-4c2a-53e7-a54d-2d474800a5ba,1785337467195,sender -> receiver,0,True,1785337467010.0,-185.0,0.0,False
8d1696b8-5be6-5fb1-a67b-322f81d00119,1785337467198,sender -> receiver,0,True,1785337467025.0,-173.0,0.0,False
16edfb45-e521-51c8-8de9-3df999ae1053,1785337468168,sender -> receiver,0,True,1785337467997.0,-171.0,0.0,False
80721284-5225-57f7-b95c-f5c81d8bce71,1785337468191,sender -> receiver,0,True,1785337468007.0,-184.0,0.0,False
0d4b7839-e2b9-53c8-8451-4edc231b2a2a,1785337468195,sender -> receiver,0,True,1785337468015.0,-180.0,0.0,False
8e6c6a2d-9d95-5971-a7f2-daaac565abc1,1785337468197,sender -> receiver,0,True,1785337468030.0,-167.0,0.0,False
26ee3b89-0e9c-5414-baeb-46d38185ab74,1785337469173,sender -> receiver,0,True,1785337468990.0,-183.0,0.0,False
7285c7bb-6200-58c9-8867-2b7506ce3060,1785337469194,sender -> receiver,0,True,1785337469005.0,-189.0,0.0,False
7d64023e-d6eb-511a-b8f7-3de576106ba8,1785337469197,sender -> receiver,0,True,1785337469019.0,-178.0,0.0,False
429e4afc-c0db-5e8f-ba24-6d58adb14cc4,1785337469200,sender -> receiver,0,True,1785337469027.0,-173.0,0.0,False
a6c9fefd-1c1a-5db7-b7b8-54d6a40ea9a8,1785337470168,sender -> receiver,0,True,1785337469956.0,-212.0,0.0,False
467c9e90-6f81-580d-9757-faed695f09d9,1785337470192,sender -> receiver,0,True,1785337469986.0,-206.0,0.0,False
1a646d8a-14a0-5112-96cd-5e3d3e5d383c,1785337470197,sender -> receiver,0,True,1785337470025.0,-172.0,0.0,False
852f5125-7f3f-5c98-b1e1-0380e9511461,1785337470200,sender -> receiver,0,True,1785337470041.0,-159.0,0.0,False
e50c5a2d-bee2-5ce0-a663-53c93732b4a2,1785337471169,sender -> receiver,0,True,1785337470980.0,-189.0,0.0,False
f96d93e4-dda6-56dd-8c16-bbe65e0ee56e,1785337471187,sender -> receiver,0,True,1785337470999.0,-188.0,0.0,False
d566d7d3-5d81-5fa3-bf7c-7cb61a4ea9b7,1785337471190,sender -> receiver,0,True,1785337471013.0,-177.0,0.0,False
65734c53-59f3-5fb8-9cd9-7a1ca1e1da82,1785337471193,sender -> receiver,0,True,1785337471023.0,-170.0,0.0,False
8fd32f59-858e-5b1d-9982-8772afa03730,1785337472175,sender -> receiver,0,True,1785337471984.0,-191.0,0.0,False
a7814277-f73a-5c71-9b7f-59edf7b2d7e3,1785337472197,sender -> receiver,0,True,1785337471995.0,-202.0,0.0,False
20c9e87a-cab3-5c5a-9796-0409cac354a1,1785337472200,sender -> receiver,0,True,1785337472003.0,-197.0,0.0,False
e866f641-cf97-5b5d-b430-b2a706ec0380,1785337472204,sender -> receiver,0,True,1785337472017.0,-187.0,0.0,False
b7f23db7-cd15-5ade-b2c1-14c0aad3ea78,1785337472207,sender -> receiver,0,True,1785337472070.0,-137.0,0.0,False
8a54242a-3db5-54f8-b6c5-07123b5b555a,1785337473169,sender -> receiver,0,True,1785337472965.0,-204.0,0.0,False
8ffa7c3c-edb1-544d-9660-519303a962bc,1785337473191,sender -> receiver,0,True,1785337473004.0,-187.0,0.0,False
acd68a27-6752-53c6-836b-c78da00717b6,1785337473193,sender -> receiver,0,True,1785337473016.0,-177.0,0.0,False
02bd40ed-f3db-5237-b10e-908246d4d424,1785337473196,sender -> receiver,0,True,1785337473024.0,-172.0,0.0,False
c92ac479-d5e0-5498-9eb8-05f9197d977b,1785337474171,sender -> receiver,0,True,1785337473960.0,-211.0,0.0,False
fc4842d4-feff-55a2-a3ac-103f6ac63a68,1785337474176,sender -> receiver,0,True,1785337473977.0,-199.0,0.0,False
f80bc2a1-9a12-5c0c-835b-e4f7c2e52e47,1785337474179,sender -> receiver,0,True,1785337473992.0,-187.0,0.0,False
a952da62-2919-51e6-b2db-d46d557c6ca4,1785337474182,sender -> receiver,0,True,1785337474008.0,-174.0,0.0,False
46c1a36d-525e-57d1-ba06-84b0d3cd25d6,1785337475172,sender -> receiver,0,True,1785337474984.0,-188.0,0.0,False
7430eb65-362b-56a5-be3b-9b7f088489e3,1785337475195,sender -> receiver,0,True,1785337475003.0,-192.0,0.0,False
7f96f4ee-c348-5a64-83a2-1419fef84105,1785337475200,sender -> receiver,0,True,1785337475018.0,-182.0,0.0,False
4fca4612-4827-5634-b85d-86b5a057b08d,1785337475202,sender -> receiver,0,True,1785337475028.0,-174.0,0.0,False
0fbcee60-a491-58d6-ac41-d5d9a438ade9,1785337476213,sender -> receiver,0,True,1785337476022.0,-191.0,0.0,False
ac4caea0-f8bb-5c81-a345-a213d30b93fb,1785337476243,sender -> receiver,0,True,1785337476039.0,-204.0,0.0,False
c303ec0e-2e3d-52d8-80e2-f2568f21b73c,1785337476248,sender -> receiver,0,True,1785337476054.0,-194.0,0.0,False
c48a6ae2-56e1-5fcb-9e8d-bce418ddad47,1785337476251,sender -> receiver,0,True,1785337476066.0,-185.0,0.0,False
89b4d646-4317-5896-89b3-632b21f62a39,1785337477175,sender -> receiver,0,True,1785337476977.0,-198.0,0.0,False
d3881fc4-a801-5499-90bd-294fa3f49b3b,1785337477196,sender -> receiver,0,True,1785337476993.0,-203.0,0.0,False
723c9547-c7b4-5e5a-9359-73eaffe8fa46,1785337477200,sender -> receiver,0,True,1785337477012.0,-188.0,0.0,False
6700eafc-9228-5cf2-8f53-34805666c347,1785337477203,sender -> receiver,0,True,1785337477025.0,-178.0,0.0,False
89988c9d-71c5-5360-87e8-76c3caddc771,1785337478176,sender -> receiver,0,True,1785337477957.0,-219.0,0.0,False
a4cf6875-31d5-5e50-831e-634f64eb4158,1785337478195,sender -> receiver,0,True,1785337478003.0,-192.0,0.0,False
3797d94b-a6ca-5101-acff-6aca1ea07711,1785337478198,sender -> receiver,0,True,1785337478049.0,-149.0,0.0,False
cdb263bd-d2a2-5442-90bb-7d640a19b6ed,1785337478201,sender -> receiver,0,True,1785337478066.0,-135.0,0.0,False
35f2abda-a204-52e1-8429-b85350e75f89,1785337478203,sender -> receiver,0,True,1785337478081.0,-122.0,0.0,False
2bb3a13d-b6e6-580c-92d1-9e60a86718f4,1785337479171,sender -> receiver,0,True,1785337478969.0,-202.0,0.0,False
3e6d9018-0165-5f17-ae52-05cc1f374575,1785337479192,sender -> receiver,0,True,1785337478993.0,-199.0,0.0,False
91242012-308c-5084-97f2-23b5bca58578,1785337479195,sender -> receiver,0,True,1785337479028.0,-167.0,0.0,False
65bffa90-49d2-57c9-a25e-ea30682fbba0,1785337479198,sender -> receiver,0,True,1785337479037.0,-161.0,0.0,False
c8a364d3-6f93-5585-a247-ec80e1543a77,1785337480171,sender -> receiver,0,True,1785337479986.0,-185.0,0.0,False
3bdb3023-03c7-5e93-a3e1-a4478de65baa,1785337480192,sender -> receiver,0,True,1785337480008.0,-184.0,0.0,False
185fc4d3-4760-58bb-b42d-30965edb17d8,1785337480195,sender -> receiver,0,True,1785337480021.0,-174.0,0.0,False
7e6ab135-cfdb-5b31-ab75-06c5b1be2b1b,1785337480200,sender -> receiver,0,True,1785337480043.0,-157.0,0.0,False
eabcd88f-9056-552b-b487-b80826b313c3,1785337481170,sender -> receiver,0,True,1785337480975.0,-195.0,0.0,False
659ecf18-9787-55d6-b761-98924ef243bf,1785337481192,sender -> receiver,0,True,1785337480996.0,-196.0,0.0,False
00b0c980-b658-516e-a6bc-2a91158e0aa7,1785337481195,sender -> receiver,0,True,1785337481011.0,-184.0,0.0,False
c1a78cdf-72e7-572d-9d84-3cdfd2ab9b2d,1785337481197,sender -> receiver,0,True,1785337481025.0,-172.0,0.0,False
47c6cffc-9d32-5aa2-aecc-11151bff4250,1785337482175,sender -> receiver,0,True,1785337481998.0,-177.0,0.0,False
443d29f4-0d76-59ca-a374-cedf7d767e2c,1785337482179,sender -> receiver,0,True,1785337482019.0,-160.0,0.0,False
8ce99098-5ddc-5847-b487-7c8b599cb223,1785337482184,sender -> receiver,0,True,1785337482026.0,-158.0,0.0,False
d45671fc-d904-5067-8bdc-1995d80d2d68,1785337482200,sender -> receiver,0,True,1785337482031.0,-169.0,0.0,False
140478ea-560d-5951-94c4-0c1fd26bfd43,1785337483171,sender -> receiver,0,True,1785337482967.0,-204.0,0.0,False
673d64e2-3c5e-51d7-aa4a-d49d71104519,1785337483192,sender -> receiver,0,True,1785337482992.0,-200.0,0.0,False
70f1147c-f34b-521b-bb99-ad7e94d6aa55,1785337483195,sender -> receiver,0,True,1785337483051.0,-144.0,0.0,False
5b4163e8-0cd4-55ee-8e42-b3519f4b8d3f,1785337483198,sender -> receiver,0,True,1785337483066.0,-132.0,0.0,False
edc5922f-a253-5d31-8548-b3ba29679de1,1785337484208,sender -> receiver,0,True,1785337483997.0,-211.0,0.0,False
7d207950-b9c2-569e-80be-8fcd427e6d7c,1785337484233,sender -> receiver,0,True,1785337484005.0,-228.0,0.0,False
69090bcf-9d5a-5556-9fd3-57a37d362b98,1785337484235,sender -> receiver,0,True,1785337484040.0,-195.0,0.0,False
84a698cf-d4a8-5807-adb7-e302603bc186,1785337484238,sender -> receiver,0,True,1785337484048.0,-190.0,0.0,False
7fc4f2f7-3345-54dc-9b20-57642a72d27e,1785337484253,sender -> receiver,0,True,1785337484055.0,-198.0,0.0,False
5d026974-b3d1-57c1-a5cb-b56bbf6be193,1785337485170,sender -> receiver,0,True,1785337485009.0,-161.0,0.0,False
54da59dc-3cfc-5205-a53a-aa1569a3d780,1785337485190,sender -> receiver,0,True,1785337485020.0,-170.0,0.0,False
c8be2a56-7bb3-5dd8-bf44-90a296070a87,1785337485193,sender -> receiver,0,True,1785337485029.0,-164.0,0.0,False
8571e6c5-afcc-5a2a-ac83-4176a9456416,1785337485196,sender -> receiver,0,True,1785337485040.0,-156.0,0.0,False
483f2845-29fb-5ebd-9839-ad6186408999,1785337486171,sender -> receiver,0,True,1785337486000.0,-171.0,0.0,False
949939b3-dc63-58f1-9471-04507570e666,1785337486190,sender -> receiver,0,True,1785337486017.0,-173.0,0.0,False
6b403995-cd25-5f90-a370-65fa9d5afd59,1785337486193,sender -> receiver,0,True,1785337486032.0,-161.0,0.0,False
142b1a8d-b75b-5734-a80e-05413c155767,1785337486195,sender -> receiver,0,True,1785337486050.0,-145.0,0.0,False
78c594b6-0437-5c4c-b0f1-6f5d1e4c4c4f,1785337487170,sender -> receiver,0,True,1785337486974.0,-196.0,0.0,False
2112f832-7b64-522f-be78-46c62c10deee,1785337487187,sender -> receiver,0,True,1785337486988.0,-199.0,0.0,False
fb3dce5d-d43f-5705-b2b6-8f8d4ccc2ad4,1785337487190,sender -> receiver,0,True,1785337487023.0,-167.0,0.0,False
2375494a-6359-51d8-b177-c92a112573b3,1785337487192,sender -> receiver,0,True,1785337487051.0,-141.0,0.0,False
27e69718-9199-51ff-8af0-8c3e8cb47e09,1785337488171,sender -> receiver,0,True,1785337488004.0,-167.0,0.0,False
34d9b6e6-c4df-5a36-8af0-5ef481c71575,1785337488191,sender -> receiver,0,True,1785337488032.0,-159.0,0.0,False
32e98dba-95d6-5fa4-89f5-e72413a6b862,1785337488194,sender -> receiver,0,True,1785337488049.0,-145.0,0.0,False
5a70445e-b955-5958-92d8-128c2c4c182d,1785337488196,sender -> receiver,0,True,1785337488063.0,-133.0,0.0,False
b162fab9-5bbc-50cc-8420-1d60dea8c255,1785337489173,sender -> receiver,0,True,1785337488992.0,-181.0,0.0,False
6147f979-4087-57c0-b990-d6e0c9a7ab21,1785337489191,sender -> receiver,0,True,1785337489017.0,-174.0,0.0,False
607f54d8-a391-5f78-8257-b44a9a665cdd,1785337489194,sender -> receiver,0,True,1785337489036.0,-158.0,0.0,False
3b5d10f4-7835-536e-b529-4fe6c74c9f7f,1785337489196,sender -> receiver,0,True,1785337489052.0,-144.0,0.0,False
679ca6a7-904e-5474-80cf-2b0b90795f0a,1785337531426,sender -> receiver,0,True,1785337531279.0,-147.0,0.0,False
6c86fdb9-27a2-5abc-b5ed-c7542f8e2a5e,1785337531448,sender -> receiver,0,True,1785337531295.0,-153.0,0.0,False
0fe08ccf-1fe3-5ff7-a57f-1fded34d38af,1785337531452,sender -> receiver,0,True,1785337531306.0,-146.0,0.0,False
6c0b13e7-4b79-545a-8fa7-a8ebaf2ec40d,1785337531456,sender -> receiver,0,True,1785337531315.0,-141.0,0.0,False
bdabf8f9-ff72-5dca-8151-347ba48e449b,1785337531461,sender -> receiver,0,True,1785337531323.0,-138.0,0.0,False
bbac8b50-8fcf-5526-bc90-b9874461bbb7,1785337532402,sender -> receiver,0,True,1785337532201.0,-201.0,0.0,False
09ab9d9b-7b8c-5428-a02a-2e21c9ad4940,1785337532422,sender -> receiver,0,True,1785337532222.0,-200.0,0.0,False
6935d259-4da8-5a08-b886-46db05f4960d,1785337532427,sender -> receiver,0,True,1785337532244.0,-183.0,0.0,False
ab6c85ae-cd45-5144-a6b6-103be30c0084,1785337532430,sender -> receiver,0,True,1785337532286.0,-144.0,0.0,False
89b2d98f-8bf0-5002-8f2a-0a54d507eeee,1785337533403,sender -> receiver,0,True,1785337533229.0,-174.0,0.0,False
96ead336-8030-5297-8dc0-e1f2c5960b15,1785337533426,sender -> receiver,0,True,1785337533247.0,-179.0,0.0,False
519f1d11-9e6c-5233-8ba7-45183f6e39e1,1785337533429,sender -> receiver,0,True,1785337533264.0,-165.0,0.0,False
000653ce-2243-57bd-bc0c-5107f8661fef,1785337533431,sender -> receiver,0,True,1785337533276.0,-155.0,0.0,False
a4320dce-c023-5b7c-a7c2-bdb525481767,1785337534410,sender -> receiver,0,True,1785337534214.0,-196.0,0.0,False
453ef7bf-2d8f-5196-abc7-638c44ba0322,1785337534421,sender -> receiver,0,True,1785337534236.0,-185.0,0.0,False
3557f789-5216-5b85-bbec-b187087e3d88,1785337534428,sender -> receiver,0,True,1785337534250.0,-178.0,0.0,False
8dfbcad7-690d-5e44-b28f-d077068b2dc9,1785337534464,sender -> receiver,0,True,1785337534266.0,-198.0,0.0,False
eb622439-a681-5885-b779-44d5ae6045e3,1785337535405,sender -> receiver,0,True,1785337535197.0,-208.0,0.0,False
3d0ee09c-8cd3-5729-bcd9-b80067d32142,1785337535428,sender -> receiver,0,True,1785337535219.0,-209.0,0.0,False
fada970c-b2b4-5a07-82a6-8b4731b6c5ca,1785337535432,sender -> receiver,0,True,1785337535266.0,-166.0,0.0,False
c3b92580-23a1-5c2c-90e7-531b0335ca3c,1785337535435,sender -> receiver,0,True,1785337535278.0,-157.0,0.0,False
0851f2d0-7945-512b-abcb-4bf7a5e3385e,1785337536402,sender -> receiver,0,True,1785337536201.0,-201.0,0.0,False
1b213c68-f8a2-57c6-9ea3-b49986f8cd5d,1785337536422,sender -> receiver,0,True,1785337536230.0,-192.0,0.0,False
e20895a0-4aeb-5267-a939-e69476571e31,1785337536426,sender -> receiver,0,True,1785337536272.0,-154.0,0.0,False
c1f27b29-6547-519a-b83d-2dc2d9c49ea2,1785337536430,sender -> receiver,0,True,1785337536289.0,-141.0,0.0,False
b518cee9-5b5a-5001-b9e3-66f4bc18544a,1785337537408,sender -> receiver,0,True,1785337537220.0,-188.0,0.0,False
a20ecff5-66ed-5286-8aea-a999408fd5f0,1785337537429,sender -> receiver,0,True,1785337537244.0,-185.0,0.0,False
c572eacd-8e71-56e2-ae8d-075dcd01ff8a,1785337537432,sender -> receiver,0,True,1785337537253.0,-179.0,0.0,False
bbd8219e-6aa4-5c63-8e15-87fd64cb1bfa,1785337537434,sender -> receiver,0,True,1785337537262.0,-172.0,0.0,False
cf4695cb-c5c2-5504-95fe-531ce9be0992,1785337537437,sender -> receiver,0,True,1785337537276.0,-161.0,0.0,False
f1eec52c-0749-5443-9899-aa7211cbef54,1785337538388,sender -> receiver,0,True,1785337538177.0,-211.0,0.0,False
8b708a07-3709-5be8-ac29-7b8589ac0d1c,1785337538391,sender -> receiver,0,True,1785337538207.0,-184.0,0.0,False
bb41c906-53c1-58fd-b9ef-20bffb61ef43,1785337538392,sender -> receiver,0,True,1785337538227.0,-165.0,0.0,False
c8574de7-bf58-5c18-b6c7-2b54cce09bc0,1785337538399,sender -> receiver,0,True,1785337538242.0,-157.0,0.0,False
6b47456c-98ef-5320-8c26-1e4f0ebf4fd0,1785337539402,sender -> receiver,0,True,1785337539211.0,-191.0,0.0,False
c61b8b92-5a3b-5bed-81a7-97002298311b,1785337539423,sender -> receiver,0,True,1785337539226.0,-197.0,0.0,False
cd67218a-915c-556e-a91d-2ba23833b0f1,1785337539427,sender -> receiver,0,True,1785337539254.0,-173.0,0.0,False
4e59b25d-05b7-5c5b-a7a9-98715ecdcec1,1785337539430,sender -> receiver,0,True,1785337539271.0,-159.0,0.0,False
0fbed2e0-a8be-50e5-b052-1b33f9ca0e57,1785337540413,sender -> receiver,0,True,1785337540194.0,-219.0,0.0,False
44d17d6b-216b-538b-ad05-aaf0b985d833,1785337540441,sender -> receiver,0,True,1785337540218.0,-223.0,0.0,False
5e130e65-730d-5a03-b159-56488c5ee3af,1785337540445,sender -> receiver,0,True,1785337540264.0,-181.0,0.0,False
7e7f0a60-f22c-57e7-b3e5-897dc45bede2,1785337540448,sender -> receiver,0,True,1785337540276.0,-172.0,0.0,False
ae0887e2-9880-5f46-9023-98397bdb6bce,1785337541399,sender -> receiver,0,True,1785337541182.0,-217.0,0.0,False
ad668b5f-696b-5d54-aa40-db5415471103,1785337541417,sender -> receiver,0,True,1785337541199.0,-218.0,0.0,False
69406003-383c-5014-bcfb-7e25dcdbc44f,1785337541419,sender -> receiver,0,True,1785337541244.0,-175.0,0.0,False
7da4f4cb-2a63-50ef-b956-3ad2120c3a5d,1785337541426,sender -> receiver,0,True,1785337541257.0,-169.0,0.0,False
1cf3c4d0-47db-5980-b3c4-07804391485f,1785337542387,sender -> receiver,0,True,1785337542172.0,-215.0,0.0,False
5d373e59-767b-5055-8762-f8ab124117a2,1785337542408,sender -> receiver,0,True,1785337542198.0,-210.0,0.0,False
f5ff9d66-1c0b-50c8-8e4b-b10906cc6f03,1785337542411,sender -> receiver,0,True,1785337542233.0,-178.0,0.0,False
71ce9fd2-3969-5bb2-ac94-5e5de7bdcb0e,1785337542414,sender -> receiver,0,True,1785337542246.0,-168.0,0.0,False
5e776cc3-e534-54de-b3cc-72b9250fd4eb,1785337543407,sender -> receiver,0,True,1785337543208.0,-199.0,0.0,False
6cad82d5-48ce-5b38-b735-70ac6c4cd0b6,1785337543410,sender -> receiver,0,True,1785337543226.0,-184.0,0.0,False
3fb995cb-fd02-5533-9a4a-09dfce62d134,1785337543416,sender -> receiver,0,True,1785337543244.0,-172.0,0.0,False
163fd3d8-2c36-5caf-8849-0a21c0e52874,1785337543419,sender -> receiver,0,True,1785337543257.0,-162.0,0.0,False
e81516df-fecc-5c89-85b9-4aeb8c2acc82,1785337543437,sender -> receiver,0,True,1785337543279.0,-158.0,0.0,False
3cc5d3f5-a39a-5eac-905d-267166d5c35d,1785337544396,sender -> receiver,0,True,1785337544199.0,-197.0,0.0,False
41f39f71-8813-5bb9-b299-d1e0bee1700a,1785337544403,sender -> receiver,0,True,1785337544217.0,-186.0,0.0,False
2e6f2f8a-6e07-58e0-9233-178c1001c496,1785337544406,sender -> receiver,0,True,1785337544227.0,-179.0,0.0,False
55825be5-6c31-57da-83c8-587c8aeedac7,1785337544413,sender -> receiver,0,True,1785337544236.0,-177.0,0.0,False
e0bc2844-23a0-5050-89de-bd4335daabb2,1785337545402,sender -> receiver,0,True,1785337545209.0,-193.0,0.0,False
fe9a1f82-b6bc-5493-aa41-60900ec0d274,1785337545425,sender -> receiver,0,True,1785337545227.0,-198.0,0.0,False
b1fd0089-670d-5dc0-8eb4-fffe15cc66d4,1785337545430,sender -> receiver,0,True,1785337545249.0,-181.0,0.0,False
df90e7a2-baaf-5640-a69a-317d9bd213ad,1785337545433,sender -> receiver,0,True,1785337545286.0,-147.0,0.0,False
f965246c-d05a-5360-92f9-686ece07f72d,1785337546394,sender -> receiver,0,True,1785337546181.0,-213.0,0.0,False
0c8e9331-8128-5bef-80a9-3ffe581a062b,1785337546397,sender -> receiver,0,True,1785337546192.0,-205.0,0.0,False
f72b3ca2-bedb-5f72-931e-e8b6df527a8a,1785337546400,sender -> receiver,0,True,1785337546213.0,-187.0,0.0,False
4976b14b-ecda-5167-a17b-9a8eccb2e2ca,1785337546403,sender -> receiver,0,True,1785337546224.0,-179.0,0.0,False
9d795611-cddf-5bd2-af9f-9287a501d42f,1785337547402,sender -> receiver,0,True,1785337547217.0,-185.0,0.0,False
5e6201eb-8dc7-5818-82f2-c0d4e491c9ba,1785337547423,sender -> receiver,0,True,1785337547253.0,-170.0,0.0,False
180e8425-4cd6-50c4-8a24-cdbbd1b130b5,1785337547427,sender -> receiver,0,True,1785337547270.0,-157.0,0.0,False
067f4531-c0ac-57a3-98d2-1c3144b027a7,1785337547430,sender -> receiver,0,True,1785337547285.0,-145.0,0.0,False
17528958-acaa-5502-98d6-a1e65f234be9,1785337548401,sender -> receiver,0,True,1785337548254.0,-147.0,0.0,False
46bba71f-9a12-5151-a861-2ccba94129d5,1785337548423,sender -> receiver,0,True,1785337548311.0,-112.0,0.0,False
d524dbaa-9177-5e63-befb-5f1ad85101dc,1785337548425,sender -> receiver,0,True,1785337548325.0,-100.0,0.0,False
34bcb153-c97a-5a73-99e4-26ca776ff3be,1785337548429,sender -> receiver,0,True,1785337548337.0,-92.0,0.0,False
c9d1fc00-ebd0-58a9-8fdc-e3c025c8b434,1785337549393,sender -> receiver,0,True,1785337549232.0,-161.0,0.0,False
f0f329af-aad5-5fc2-a50a-0ac5d36694a9,1785337549412,sender -> receiver,0,True,1785337549254.0,-158.0,0.0,False
89b41bd5-5716-5e2e-b1ae-9accd2b51b39,1785337549416,sender -> receiver,0,True,1785337549274.0,-142.0,0.0,False
5ea1db21-e7f9-5d71-983d-eebad954a0bc,1785337549418,sender -> receiver,0,True,1785337549291.0,-127.0,0.0,False
972db91f-bdf8-5e73-98d5-2e66087148ce,1785337549419,sender -> receiver,0,True,1785337549308.0,-111.0,0.0,False
3acc1f26-c819-511d-843b-26faf1883889,1785337550399,sender -> receiver,0,True,1785337550201.0,-198.0,0.0,False
2ff05f16-ba21-5d29-94cf-ba35cbb58442,1785337550402,sender -> receiver,0,True,1785337550237.0,-165.0,0.0,False
1b986d84-f5f3-59a2-a366-d20cb3ffc193,1785337550405,sender -> receiver,0,True,1785337550247.0,-158.0,0.0,False
e97ffce1-4195-5d3a-95b4-fc8f9f15c9fd,1785337550423,sender -> receiver,0,True,1785337550256.0,-167.0,0.0,False
15ed5ded-d5a4-5864-b57d-e3f283aac967,1785337551402,sender -> receiver,0,True,1785337551221.0,-181.0,0.0,False
56df68c9-36cd-51dc-9058-41a3855e52e1,1785337551426,sender -> receiver,0,True,1785337551245.0,-181.0,0.0,False
e75ec7af-9a9e-5682-9f23-32a609cdcfb2,1785337551433,sender -> receiver,0,True,1785337551260.0,-173.0,0.0,False
1de102a5-d74e-54a1-b32e-cab5a3e89461,1785337551435,sender -> receiver,0,True,1785337551276.0,-159.0,0.0,False
59a76065-a898-51a0-af24-8e3fe122ff4f,1785337552396,sender -> receiver,0,True,1785337552205.0,-191.0,0.0,False
a219eb28-88d5-526e-b3ea-13dfb0c32c12,1785337552399,sender -> receiver,0,True,1785337552224.0,-175.0,0.0,False
151af1c2-92a9-5e5c-8466-d2a31b276a5d,1785337552402,sender -> receiver,0,True,1785337552236.0,-166.0,0.0,False
4f973766-fcc1-5cbf-b205-723816ebfb6d,1785337552405,sender -> receiver,0,True,1785337552247.0,-158.0,0.0,False
b1b1e24b-d3dd-5a89-8287-18d51cf5d594,1785337553396,sender -> receiver,0,True,1785337553199.0,-197.0,0.0,False
bc6fda5e-38d7-5b25-a342-9bc6f8420322,1785337553400,sender -> receiver,0,True,1785337553225.0,-175.0,0.0,False
43ae26c3-0de6-52fa-b2b5-da539197badd,1785337553404,sender -> receiver,0,True,1785337553243.0,-161.0,0.0,False
3711a3e9-2689-54c6-b7a7-b4098170fe73,1785337553406,sender -> receiver,0,True,1785337553259.0,-147.0,0.0,False
7782f4a6-2504-51de-a53a-0af9b2955c32,1785337554399,sender -> receiver,0,True,1785337554186.0,-213.0,0.0,False
97206eb7-a774-50c7-bcdd-aa169bb7e8d1,1785337554402,sender -> receiver,0,True,1785337554205.0,-197.0,0.0,False
62443580-c9f3-5f20-b1c5-66872a0d687b,1785337554405,sender -> receiver,0,True,1785337554216.0,-189.0,0.0,False
96b6a925-f861-5600-a2f6-7681676893f8,1785337554408,sender -> receiver,0,True,1785337554224.0,-184.0,0.0,False
48adcb08-bf8a-57a5-956d-98e94c00d544,1785337598062,sender -> receiver,0,True,1785337597844.0,-218.0,0.0,False
a8d8d7e0-c525-55e9-9f4a-5688604ff59c,1785337598064,sender -> receiver,0,True,1785337597861.0,-203.0,0.0,False
6203c768-10d5-5184-b9b8-061e3a260500,1785337598066,sender -> receiver,0,True,1785337597874.0,-192.0,0.0,False
53abed74-c05c-561f-96a5-d5ba37af2dc8,1785337598068,sender -> receiver,0,True,1785337597888.0,-180.0,0.0,False
a424ea23-b48d-561b-9f56-8a21efde446f,1785337598070,sender -> receiver,0,True,1785337597906.0,-164.0,0.0,False
0f097361-4ba8-5e8b-a662-897f6dda273a,1785337599058,sender -> receiver,0,True,1785337598870.0,-188.0,0.0,False
42ca763e-d46a-5830-af05-f05bd3664226,1785337599070,sender -> receiver,0,True,1785337598889.0,-181.0,0.0,False
fc99f12c-3746-5c69-97ac-4d928b38f9e0,1785337599074,sender -> receiver,0,True,1785337598901.0,-173.0,0.0,False
871091a4-2ae0-5eb4-90f5-c9f80fc28a16,1785337599090,sender -> receiver,0,True,1785337598923.0,-167.0,0.0,False
22d6e3ec-63df-555e-9761-86ed863b4c3f,1785337600070,sender -> receiver,0,True,1785337599879.0,-191.0,0.0,False
1e30bb93-8871-5ca9-8972-3fb2ee4b9bf0,1785337600076,sender -> receiver,0,True,1785337599890.0,-186.0,0.0,False
2ac18d0b-1dbf-5be1-b755-1f41adf6148a,1785337600079,sender -> receiver,0,True,1785337599899.0,-180.0,0.0,False
9fde18c1-d552-5d8d-b978-315a4f3485aa,1785337600081,sender -> receiver,0,True,1785337599907.0,-174.0,0.0,False
440b6515-f417-54e7-b89f-0ac97de8fbd4,1785337600098,sender -> receiver,0,True,1785337599915.0,-183.0,0.0,False
af7afa91-4a42-5084-bfc1-3890c9c469a7,1785337601063,sender -> receiver,0,True,1785337600860.0,-203.0,0.0,False
2b182375-af68-5495-aa1e-31d66e4b096b,1785337601065,sender -> receiver,0,True,1785337600869.0,-196.0,0.0,False
5a047fc3-4bcd-53b6-b53f-a67323118456,1785337601067,sender -> receiver,0,True,1785337600879.0,-188.0,0.0,False
8d7afa2e-f275-5bca-ac27-9c47eff93747,1785337601069,sender -> receiver,0,True,1785337600887.0,-182.0,0.0,False
88dd4c52-83c9-52b3-8f21-865f58c680ef,1785337602061,sender -> receiver,0,True,1785337601847.0,-214.0,0.0,False
8a468f84-fe18-5dce-88e3-9e23eab587b3,1785337602066,sender -> receiver,0,True,1785337601863.0,-203.0,0.0,False
6240ee8c-1ab9-5039-a108-07bcf31ad922,1785337602068,sender -> receiver,0,True,1785337601879.0,-189.0,0.0,False
75ff7d9c-33a9-5ff9-a1fb-1da825a126e9,1785337602070,sender -> receiver,0,True,1785337601914.0,-156.0,0.0,False
06364cfe-e876-5ad9-8ba9-8153095a99ac,1785337603115,sender -> receiver,0,True,1785337602919.0,-196.0,0.0,False
a05945d2-b025-5d12-9ea9-e54105b295f5,1785337603121,sender -> receiver,0,True,1785337602938.0,-183.0,0.0,False
4a914b2b-70de-5d3e-aac3-86dbf3e69091,1785337603145,sender -> receiver,0,True,1785337602949.0,-196.0,0.0,False
4d29d75f-e36b-5cc4-82be-9b9a28cbf521,1785337603150,sender -> receiver,0,True,1785337602958.0,-192.0,0.0,False
c8361c44-e7b0-5cff-b1cc-ca97a7a5086b,1785337603156,sender -> receiver,0,True,1785337602975.0,-181.0,0.0,False
af0786b2-019d-57c0-8994-8d34657c573b,1785337604063,sender -> receiver,0,True,1785337603919.0,-144.0,0.0,False
235525e7-57f0-5fc8-8d52-011875346641,1785337604065,sender -> receiver,0,True,1785337603934.0,-131.0,0.0,False
b6f78269-f8d7-5a81-9627-5f83576e8c76,1785337604067,sender -> receiver,0,True,1785337603947.0,-120.0,0.0,False
097c54e2-6289-5835-bd94-dfd0c4c9575d,1785337604069,sender -> receiver,0,True,1785337603959.0,-110.0,0.0,False
a11fe7e3-389a-5724-ad25-2d3e81ab7198,1785337605064,sender -> receiver,0,True,1785337604859.0,-205.0,0.0,False
b634f86f-fbfe-5bd6-b9a2-037851c04948,1785337605066,sender -> receiver,0,True,1785337604876.0,-190.0,0.0,False
9f80238d-8f4a-5a2e-8219-e8b4904d13b1,1785337605069,sender -> receiver,0,True,1785337604890.0,-179.0,0.0,False
9ab02666-988a-59f8-8b9f-876cdde83198,1785337605071,sender -> receiver,0,True,1785337604903.0,-168.0,0.0,False
2c3376f1-6693-593a-a461-cbffa8274866,1785337606060,sender -> receiver,0,True,1785337605846.0,-214.0,0.0,False
34158a73-0b5d-53df-b7a4-ba8e835392fa,1785337606063,sender -> receiver,0,True,1785337605864.0,-199.0,0.0,False
587beee1-916b-5d35-ade8-2f9819d110ca,1785337606065,sender -> receiver,0,True,1785337605876.0,-189.0,0.0,False
7caed5c1-a915-5d07-ad3f-778c2b2e4664,1785337606067,sender -> receiver,0,True,1785337605903.0,-164.0,0.0,False
343bab87-26c3-5dc8-b9a4-0f47c560b1f7,1785337606069,sender -> receiver,0,True,1785337605912.0,-157.0,0.0,False
bb6c39c1-d6c2-5b25-a765-bfe39dc71ee3,1785337607057,sender -> receiver,0,True,1785337606871.0,-186.0,0.0,False
675331fd-8240-50d0-8074-11204735ee7e,1785337607063,sender -> receiver,0,True,1785337606884.0,-179.0,0.0,False
64afeb69-f5fc-5cbf-b3f0-4905498209bc,1785337607065,sender -> receiver,0,True,1785337606894.0,-171.0,0.0,False
0b96d014-2817-5175-8cc3-991a172025df,1785337607067,sender -> receiver,0,True,1785337606903.0,-164.0,0.0,False
688aad1f-8860-50ee-ae4d-f489d53d238b,1785337608066,sender -> receiver,0,True,1785337607870.0,-196.0,0.0,False
87e686dd-38f0-5eee-92c3-c234a307d349,1785337608068,sender -> receiver,0,True,1785337607886.0,-182.0,0.0,False
353844c1-dfb3-5dfb-a479-b0e51b799c71,1785337608072,sender -> receiver,0,True,1785337607900.0,-172.0,0.0,False
fb6a2920-5a8d-5f36-8cb8-3d4bd1eb38ac,1785337608086,sender -> receiver,0,True,1785337607911.0,-175.0,0.0,False
548880e2-c0ca-5749-969a-de15406c5a46,1785337609072,sender -> receiver,0,True,1785337608873.0,-199.0,0.0,False
a2786ab0-db35-5784-8099-a147e6ab449e,1785337609074,sender -> receiver,0,True,1785337608882.0,-192.0,0.0,False
10e2a177-1869-5b1a-b4eb-b756d903fdb2,1785337609076,sender -> receiver,0,True,1785337608891.0,-185.0,0.0,False
e5f5843b-d097-5563-9b26-4a2581e76195,1785337609092,sender -> receiver,0,True,1785337608900.0,-192.0,0.0,False
4fe5e4e7-020f-54c4-994b-3b2639eec70c,1785337609095,sender -> receiver,0,True,1785337608908.0,-187.0,0.0,False
e5ff9fa9-61ca-580b-86c1-73d2007b5af3,1785337610058,sender -> receiver,0,True,1785337609867.0,-191.0,0.0,False
230a7c44-9164-506a-926e-cd56241ae74a,1785337610060,sender -> receiver,0,True,1785337609877.0,-183.0,0.0,False
e57fe285-e41b-532e-9a91-df195fea3caf,1785337610063,sender -> receiver,0,True,1785337609887.0,-176.0,0.0,False
7c5c5886-5fd5-566f-80e4-2e93239cd837,1785337610078,sender -> receiver,0,True,1785337609896.0,-182.0,0.0,False
5505bac8-e5e9-5a48-aa7b-dfd86636aac0,1785337611055,sender -> receiver,0,True,1785337610840.0,-215.0,0.0,False
9e06a5c5-94bc-54c5-ba57-62dec5748d4d,1785337611057,sender -> receiver,0,True,1785337610859.0,-198.0,0.0,False
92832939-1f86-5eab-80d3-536fb78aa3a8,1785337611059,sender -> receiver,0,True,1785337610873.0,-186.0,0.0,False
73a847e6-1d0e-576c-b1bc-3c824692f7b5,1785337611061,sender -> receiver,0,True,1785337610882.0,-179.0,0.0,False
91829193-1505-5666-9979-506e6362f80f,1785337612066,sender -> receiver,0,True,1785337611876.0,-190.0,0.0,False
39934387-e57a-5af9-821c-01ea125fe45a,1785337612072,sender -> receiver,0,True,1785337611896.0,-176.0,0.0,False
7f2d42d2-61ae-54e9-8f81-9fc6ab05eab8,1785337612075,sender -> receiver,0,True,1785337611909.0,-166.0,0.0,False
6b774a0a-a32b-5299-82d6-bd3aae2fb0a0,1785337612076,sender -> receiver,0,True,1785337611920.0,-156.0,0.0,False
2545b0f8-f408-5495-b402-8641b0e8ff53,1785337612079,sender -> receiver,0,True,1785337611939.0,-140.0,0.0,False
88a43115-6ed1-591f-a808-f23247b2f892,1785337613066,sender -> receiver,0,True,1785337612868.0,-198.0,0.0,False
59626d13-fad8-5616-984a-f16f884d24da,1785337613068,sender -> receiver,0,True,1785337612881.0,-187.0,0.0,False
6e784c37-2054-558a-bc2b-6e55b70bf4a8,1785337613070,sender -> receiver,0,True,1785337612910.0,-160.0,0.0,False
4816fab2-e92b-5211-96f7-bb9c7ffce15a,1785337613073,sender -> receiver,0,True,1785337612941.0,-132.0,0.0,False
e9807011-9433-5c93-9602-a4a2fdfc9a36,1785337614056,sender -> receiver,0,True,1785337613857.0,-199.0,0.0,False
e6130d81-f4d9-5c5d-8ef1-fe6e383faa60,1785337614059,sender -> receiver,0,True,1785337613874.0,-185.0,0.0,False
f4aa9032-7d33-5777-b3f2-551dee5ee180,1785337614061,sender -> receiver,0,True,1785337613883.0,-178.0,0.0,False
ce756787-3278-5214-86c6-f327259cfd49,1785337614064,sender -> receiver,0,True,1785337613893.0,-171.0,0.0,False
4f53c418-8d04-52c8-8bb3-176dbb686463,1785337615106,sender -> receiver,0,True,1785337614892.0,-214.0,0.0,False
e074b50a-833e-507a-beb8-dffcdc568e5e,1785337615108,sender -> receiver,0,True,1785337614911.0,-197.0,0.0,False
d1f9f311-29b4-5642-906c-7499af9ab506,1785337615111,sender -> receiver,0,True,1785337614926.0,-185.0,0.0,False
48fa19f0-f2b2-5412-bf9a-4aa62b21d34b,1785337615113,sender -> receiver,0,True,1785337614937.0,-176.0,0.0,False
bc20a894-acd8-5c05-8a89-5e0f559a0ee1,1785337615116,sender -> receiver,0,True,1785337614956.0,-160.0,0.0,False
77218e8f-c2b7-5df3-9105-a8cdb66c0ca3,1785337616056,sender -> receiver,0,True,1785337615837.0,-219.0,0.0,False
8ade8db7-79bb-5f09-aa64-424a7035166e,1785337616059,sender -> receiver,0,True,1785337615884.0,-175.0,0.0,False
c30ddf56-ce59-5751-a023-2927b0869a31,1785337616061,sender -> receiver,0,True,1785337615897.0,-164.0,0.0,False
93a86e91-658f-5fbf-b90d-fedd7aaa0552,1785337616063,sender -> receiver,0,True,1785337615907.0,-156.0,0.0,False
0c701a5e-9091-55e1-ac9c-23db4075a3ba,1785337617057,sender -> receiver,0,True,1785337616887.0,-170.0,0.0,False
09c43b34-a359-536c-a165-fce1d6f64c13,1785337617060,sender -> receiver,0,True,1785337616913.0,-147.0,0.0,False
f627dc41-99bd-5e6a-9cf7-625e7354dec1,1785337617062,sender -> receiver,0,True,1785337616928.0,-134.0,0.0,False
f137ae77-70e1-504c-933d-1d8a7f7032ed,1785337617077,sender -> receiver,0,True,1785337616945.0,-132.0,0.0,False
e863ccd8-d4ad-5465-b046-c4d1d44230a9,1785337618108,sender -> receiver,0,True,1785337617919.0,-189.0,0.0,False
d8fb2068-958a-592b-afe2-284c4a5aec78,1785337618112,sender -> receiver,0,True,1785337617935.0,-177.0,0.0,False
1c8721ca-fec2-5ae9-b148-5e15ca648102,1785337618116,sender -> receiver,0,True,1785337617949.0,-167.0,0.0,False
746f5043-2d2e-5c15-ad3e-4f648503d064,1785337618122,sender -> receiver,0,True,1785337617960.0,-162.0,0.0,False
cc17875c-5004-5681-aed9-08b5f48af571,1785337618126,sender -> receiver,0,True,1785337617970.0,-156.0,0.0,False
44091de4-c850-5818-a019-b531aa825329,1785337619058,sender -> receiver,0,True,1785337618851.0,-207.0,0.0,False
cd6ca4ee-70a8-5429-9677-3d69ae6b0ae3,1785337619060,sender -> receiver,0,True,1785337618868.0,-192.0,0.0,False
750718a1-a997-51a2-bc6d-8c8862a02653,1785337619062,sender -> receiver,0,True,1785337618884.0,-178.0,0.0,False
a6beff77-721a-5d40-b1ef-5da4c4ba8ed9,1785337619064,sender -> receiver,0,True,1785337618896.0,-168.0,0.0,False
5a2a5be9-db48-5895-93f3-c6a1eeabe258,1785337620098,sender -> receiver,0,True,1785337619896.0,-202.0,0.0,False
c093fa28-799d-513f-85d5-40bcc4da8d14,1785337620102,sender -> receiver,0,True,1785337619914.0,-188.0,0.0,False
a33a2b95-df72-5cc6-b065-63c7ea7f8c61,1785337620105,sender -> receiver,0,True,1785337619932.0,-173.0,0.0,False
8c753955-fb0d-556a-bb65-2a9bc8ea9945,1785337620109,sender -> receiver,0,True,1785337619945.0,-164.0,0.0,False
a2c32365-e59a-54b1-bded-007437b331ac,1785337750119,sender -> receiver,0,True,1785337749904.0,-215.0,0.0,False
b1255edc-2a69-5d81-8546-a9d4ddeace2e,1785337750141,sender -> receiver,0,True,1785337749956.0,-185.0,0.0,False
90105009-c218-56d1-b3ab-82e10fbec743,1785337750144,sender -> receiver,0,True,1785337749969.0,-175.0,0.0,False
abb86a15-b06d-5340-a95c-6b0fcefba9e2,1785337750147,sender -> receiver,0,True,1785337749983.0,-164.0,0.0,False
803045ff-b3f9-59aa-ab2a-e6f97a18e989,1785337750149,sender -> receiver,0,True,1785337749997.0,-152.0,0.0,False
8da874b3-a136-5408-b8f5-cd643d6f7c4a,1785337751098,sender -> receiver,0,True,1785337750880.0,-218.0,0.0,False
aeb4aeb2-e854-5f7d-8126-0753eff53476,1785337751101,sender -> receiver,0,True,1785337750899.0,-202.0,0.0,False
aa0f658a-4e37-5872-b00c-42d874b66bd2,1785337751103,sender -> receiver,0,True,1785337750910.0,-193.0,0.0,False
8718e219-0367-52e2-bac9-3a406c92c95e,1785337751106,sender -> receiver,0,True,1785337750929.0,-177.0,0.0,False
4a63adec-dc54-5a4a-99c3-586d31e43a64,1785337752097,sender -> receiver,0,True,1785337751875.0,-222.0,0.0,False
36979e65-cfaf-544f-be9c-219ee8832a4e,1785337752103,sender -> receiver,0,True,1785337751893.0,-210.0,0.0,False
69a084ef-661e-514c-a9de-62d4f57a6d7a,1785337752105,sender -> receiver,0,True,1785337751921.0,-184.0,0.0,False
ba732112-8ec6-5509-8614-627c0f08648c,1785337752120,sender -> receiver,0,True,1785337751931.0,-189.0,0.0,False
d58c4c57-e060-5fa3-902e-de7e09399caf,1785337753127,sender -> receiver,0,True,1785337752906.0,-221.0,0.0,False
da4f274b-8824-513a-b3b4-2fcc13d3d763,1785337753132,sender -> receiver,0,True,1785337752921.0,-211.0,0.0,False
97364890-bcd0-5887-a345-dcc0c1edccbc,1785337753158,sender -> receiver,0,True,1785337752930.0,-228.0,0.0,False
dbbcc617-1ecc-5ac1-b121-6032953a9101,1785337753162,sender -> receiver,0,True,1785337752952.0,-210.0,0.0,False
d61d0d32-41a7-58d9-85dd-0b518810be73,1785337754119,sender -> receiver,0,True,1785337753948.0,-171.0,0.0,False
9b59b9c2-479e-53ee-930c-8960d1cc5457,1785337754123,sender -> receiver,0,True,1785337753959.0,-164.0,0.0,False
792f881c-3124-549f-a6ea-6a5d859dd4a3,1785337754125,sender -> receiver,0,True,1785337753968.0,-157.0,0.0,False
38d712b5-09ba-54a8-8fd4-60a5c1210b0b,1785337754128,sender -> receiver,0,True,1785337753992.0,-136.0,0.0,False
4f427132-840c-5fd3-a2d2-1aba2e658b96,1785337755132,sender -> receiver,0,True,1785337754896.0,-236.0,0.0,False
0f148957-aca2-5ec6-86c7-efd81d3c5386,1785337755137,sender -> receiver,0,True,1785337754974.0,-163.0,0.0,False
5c6532df-678b-51ce-8743-efc947861654,1785337755140,sender -> receiver,0,True,1785337754993.0,-147.0,0.0,False
770d026f-4607-554d-bc83-d1b671478ad7,1785337755161,sender -> receiver,0,True,1785337755005.0,-156.0,0.0,False
81999feb-c21f-59ab-8132-14833688db71,1785337756135,sender -> receiver,0,True,1785337755927.0,-208.0,0.0,False
90d875a5-5d17-511d-adbe-56c14d8acd79,1785337756139,sender -> receiver,0,True,1785337755953.0,-186.0,0.0,False
270c3858-a23c-5b35-bf22-9b44e48c4611,1785337756145,sender -> receiver,0,True,1785337755971.0,-174.0,0.0,False
004c2b78-d757-5296-b721-5bc0df393cc0,1785337756149,sender -> receiver,0,True,1785337755988.0,-161.0,0.0,False
c1f45eac-5468-5afb-bebd-e4c54ef7ebf0,1785337756151,sender -> receiver,0,True,1785337756018.0,-133.0,0.0,False
35855508-df39-5ac3-a85f-864be33b2450,1785337757123,sender -> receiver,0,True,1785337756913.0,-210.0,0.0,False
20e01720-db07-5a4a-bade-b3bd62ce77bd,1785337757126,sender -> receiver,0,True,1785337756930.0,-196.0,0.0,False
6e5ee573-0807-5469-81e8-0aafa2f650e9,1785337757130,sender -> receiver,0,True,1785337756946.0,-184.0,0.0,False
8ad82bca-32a3-5e38-8f70-18b3caaf1d69,1785337757135,sender -> receiver,0,True,1785337756957.0,-178.0,0.0,False
8ff84959-1a19-51ac-9323-8eafae29b8f6,1785337758100,sender -> receiver,0,True,1785337757910.0,-190.0,0.0,False
3a24c7c5-b2fb-5923-ab88-56e21a5dac27,1785337758102,sender -> receiver,0,True,1785337757926.0,-176.0,0.0,False
8973523a-7491-55ec-b6dc-8f81b50cf123,1785337758104,sender -> receiver,0,True,1785337757938.0,-166.0,0.0,False
7691caf8-13f6-5d77-a255-b43de6f2465c,1785337758106,sender -> receiver,0,True,1785337757947.0,-159.0,0.0,False
c67b7240-884b-51d1-ac5e-a8445f536437,1785337759105,sender -> receiver,0,True,1785337758888.0,-217.0,0.0,False
e796d28e-ac46-517c-b356-c186d977b736,1785337759108,sender -> receiver,0,True,1785337758909.0,-199.0,0.0,False
c6bb9d79-0300-5aa5-885a-515e3161f08c,1785337759110,sender -> receiver,0,True,1785337758920.0,-190.0,0.0,False
b8e0a3d9-c38b-5481-927e-317b6e2848d2,1785337759112,sender -> receiver,0,True,1785337758932.0,-180.0,0.0,False
f8871ecc-2b99-555f-8ee2-1d8e73c306f1,1785337760113,sender -> receiver,0,True,1785337759982.0,-131.0,0.0,False
829c31ae-4b53-5fbf-baae-62ae789c3e58,1785337760117,sender -> receiver,0,True,1785337759991.0,-126.0,0.0,False
7cfc72e4-b07b-5200-8fc5-c18a46b028ee,1785337760119,sender -> receiver,0,True,1785337759997.0,-122.0,0.0,False
6f2336d1-9f61-5433-88b5-8538d299877b,1785337760123,sender -> receiver,0,True,1785337760007.0,-116.0,0.0,False
330dbb61-0a3c-5897-87d5-f1dee31790c0,1785337761087,sender -> receiver,0,True,1785337760867.0,-220.0,0.0,False
94cfd0ae-5163-526e-a9d7-67fb1a754837,1785337761106,sender -> receiver,0,True,1785337760887.0,-219.0,0.0,False
bb2fcdac-2456-5567-b30b-08e9baedf777,1785337761109,sender -> receiver,0,True,1785337760941.0,-168.0,0.0,False
db7e7363-4474-552d-86e5-2560f799020c,1785337761112,sender -> receiver,0,True,1785337760961.0,-151.0,0.0,False
42796d48-2276-5977-bbe2-3b772c369329,1785337762100,sender -> receiver,0,True,1785337761907.0,-193.0,0.0,False
0c328e93-accb-5f70-8550-9c428605aa15,1785337762102,sender -> receiver,0,True,1785337761925.0,-177.0,0.0,False
bbef4906-c358-57c2-a583-752bfdd365a8,1785337762104,sender -> receiver,0,True,1785337761941.0,-163.0,0.0,False
21ac44df-ea66-5d55-aaa9-c1b827cea2af,1785337762106,sender -> receiver,0,True,1785337761958.0,-148.0,0.0,False
59c3ca10-aca5-53a7-8041-5c86e9d70c14,1785337762109,sender -> receiver,0,True,1785337761983.0,-126.0,0.0,False
6b807557-97bc-5b47-a016-b752a6079f14,1785337763113,sender -> receiver,0,True,1785337762894.0,-219.0,0.0,False
f3bb4974-c48b-5c9e-a15f-4a8144ffc7c1,1785337763118,sender -> receiver,0,True,1785337762938.0,-180.0,0.0,False
1da186a6-b7ca-5a18-ae41-6266467426e5,1785337763120,sender -> receiver,0,True,1785337762954.0,-166.0,0.0,False
d4eabed8-5ef1-5b37-9123-6c5471a61992,1785337763122,sender -> receiver,0,True,1785337762976.0,-146.0,0.0,False
e11f004f-e275-5db9-8cb2-072923b0c6cd,1785337764131,sender -> receiver,0,True,1785337763972.0,-159.0,0.0,False
62188097-a6ef-5d0e-aa1b-19935af42f03,1785337764135,sender -> receiver,0,True,1785337763992.0,-143.0,0.0,False
cc4a07a8-701d-544c-8f1e-3614dcd85fbc,1785337764140,sender -> receiver,0,True,1785337764007.0,-133.0,0.0,False
e376ada3-4083-5d4e-9023-69af7f4d7888,1785337764144,sender -> receiver,0,True,1785337764024.0,-120.0,0.0,False
fbf677d8-1cc3-59d9-866e-207a1b3678e1,1785337765134,sender -> receiver,0,True,1785337764923.0,-211.0,0.0,False
7a19c05f-855d-5dbf-8f8d-3b4e42f0fab3,1785337765138,sender -> receiver,0,True,1785337764945.0,-193.0,0.0,False
27cbc339-701a-5879-b66c-726de89b85e4,1785337765142,sender -> receiver,0,True,1785337764956.0,-186.0,0.0,False
e61ac0cd-7a91-512b-a10e-b8035422eb0a,1785337765145,sender -> receiver,0,True,1785337764965.0,-180.0,0.0,False
ce464a9c-179d-5b13-9731-3cf4a9710db1,1785337766106,sender -> receiver,0,True,1785337765866.0,-240.0,0.0,False
71e1e186-d5e3-5f86-87f9-ca1750247016,1785337766109,sender -> receiver,0,True,1785337765927.0,-182.0,0.0,False
8b9b0d35-a2cd-53cf-8641-9ec5656d3e77,1785337766111,sender -> receiver,0,True,1785337765946.0,-165.0,0.0,False
6fb8fb62-c420-557a-b88b-930eb8c909ac,1785337766113,sender -> receiver,0,True,1785337765961.0,-152.0,0.0,False
1677cebb-3003-5719-bf0e-5942f5d2aaca,1785337767109,sender -> receiver,0,True,1785337766899.0,-210.0,0.0,False
3aec5a48-2764-5445-acac-1b2b5528b4b7,1785337767112,sender -> receiver,0,True,1785337766921.0,-191.0,0.0,False
5efa3496-f7a5-503a-9e9c-891068c8d598,1785337767114,sender -> receiver,0,True,1785337766935.0,-179.0,0.0,False
f6fca3d7-b11b-52a0-be20-bf356790aaac,1785337767116,sender -> receiver,0,True,1785337766947.0,-169.0,0.0,False
721b6151-c357-5d02-8221-f5fa845552f6,1785337768110,sender -> receiver,0,True,1785337767889.0,-221.0,0.0,False
b60e85f3-dd1d-5db6-9dff-4abfdfcbdd23,1785337768130,sender -> receiver,0,True,1785337767919.0,-211.0,0.0,False
152496f6-9aa7-5729-b481-194c196fa663,1785337768133,sender -> receiver,0,True,1785337767932.0,-201.0,0.0,False
c204f6ad-6a71-57da-bbc9-73c24b399bb4,1785337768137,sender -> receiver,0,True,1785337767951.0,-186.0,0.0,False
500d1e59-9c15-55ef-b16b-43f5ae84d725,1785337768139,sender -> receiver,0,True,1785337767958.0,-181.0,0.0,False
c3e91b35-e6d0-5a79-b32c-eaf67c5a114a,1785337769141,sender -> receiver,0,True,1785337768938.0,-203.0,0.0,False
a16625b4-5316-5e7a-b726-4dd7a0d66ad7,1785337769147,sender -> receiver,0,True,1785337768948.0,-199.0,0.0,False
5649faf7-31fc-5173-ac0d-f9f57d6ee8c8,1785337769151,sender -> receiver,0,True,1785337768958.0,-193.0,0.0,False
eb58b3a1-02ca-5792-ac38-84adf081bb31,1785337769156,sender -> receiver,0,True,1785337768997.0,-159.0,0.0,False
265f5b86-ed2c-5d60-9b30-9b82f045a3dc,1785337770106,sender -> receiver,0,True,1785337769935.0,-171.0,0.0,False
4d88c515-57b4-51d9-8804-fc16d7232451,1785337770132,sender -> receiver,0,True,1785337769957.0,-175.0,0.0,False
71bd1c96-849a-5f15-bb20-157115afd130,1785337770136,sender -> receiver,0,True,1785337769974.0,-162.0,0.0,False
a7fbb7ee-464f-5793-8991-f8f4dd813475,1785337770140,sender -> receiver,0,True,1785337770007.0,-133.0,0.0,False
49b9c8e2-cee9-5575-a501-44b1efdef97c,1785337771113,sender -> receiver,0,True,1785337770914.0,-199.0,0.0,False
cef0e1d0-ca37-5912-9e1f-9afea46ed314,1785337771117,sender -> receiver,0,True,1785337770929.0,-188.0,0.0,False
540bc0e3-9961-5fcf-9e52-dda61575c791,1785337771122,sender -> receiver,0,True,1785337770944.0,-178.0,0.0,False
1f3ca988-0faa-5964-9bb4-8a8d6aa6cc47,1785337771146,sender -> receiver,0,True,1785337770973.0,-173.0,0.0,False
523dfc0d-de01-529c-92bd-12365131d574,1785337772113,sender -> receiver,0,True,1785337771905.0,-208.0,0.0,False
36245429-7f55-517f-9db3-932e684fb51c,1785337772117,sender -> receiver,0,True,1785337771934.0,-183.0,0.0,False
28a0871b-aa25-5798-a53a-6b41f0210103,1785337772120,sender -> receiver,0,True,1785337771954.0,-166.0,0.0,False
c893bc51-56d7-57ca-93c1-d26fe5fcbc93,1785337772123,sender -> receiver,0,True,1785337771971.0,-152.0,0.0,False
0047ea9d-b325-5b7d-b46f-b550c2345b88,1785337773123,sender -> receiver,0,True,1785337772930.0,-193.0,0.0,False
ad69e31a-162e-5737-bc5c-9b3479d3c327,1785337773127,sender -> receiver,0,True,1785337772948.0,-179.0,0.0,False
6b7a117e-d0b6-5b91-874c-5f004f31e094,1785337773131,sender -> receiver,0,True,1785337772960.0,-171.0,0.0,False
39274203-2004-556c-848c-77c2be45a10f,1785337773149,sender -> receiver,0,True,1785337772969.0,-180.0,0.0,False
7b6ac4f5-de11-50af-b3e6-ce0aaaf0ea0a,1785337814787,sender -> receiver,0,True,1785337814613.0,-174.0,0.0,False
d3ec0ccf-4c44-5589-a2aa-e754c2f1b1eb,1785337814789,sender -> receiver,0,True,1785337814627.0,-162.0,0.0,False
b5840263-b3f1-5309-99d3-ee9ad699e2e8,1785337814791,sender -> receiver,0,True,1785337814637.0,-154.0,0.0,False
3b4c7507-c76b-5045-8c01-56e685bd51bf,1785337814804,sender -> receiver,0,True,1785337814647.0,-157.0,0.0,False
bfb9ad93-d193-50b8-a89d-3b17ce23be1c,1785337815795,sender -> receiver,0,True,1785337815594.0,-201.0,0.0,False
4299f266-402b-5969-9c01-8673e7535273,1785337815798,sender -> receiver,0,True,1785337815610.0,-188.0,0.0,False
fbdf498c-99e3-549a-b2ea-37c58364a889,1785337815802,sender -> receiver,0,True,1785337815625.0,-177.0,0.0,False
f59e39bc-f3f4-54e7-9472-7eb1ea757b14,1785337815805,sender -> receiver,0,True,1785337815653.0,-152.0,0.0,False
153a1c10-9971-5e66-96d4-0da07b116f8a,1785337816827,sender -> receiver,0,True,1785337816659.0,-168.0,0.0,False
5c6c8b90-f63d-505c-82b5-58fc44c2ff99,1785337816832,sender -> receiver,0,True,1785337816666.0,-166.0,0.0,False
de7f50fd-e707-5eef-9d20-4c48cb83161c,1785337816838,sender -> receiver,0,True,1785337816671.0,-167.0,0.0,False
b8301530-1a59-5d6a-9c5c-2ae9ff5e6478,1785337816859,sender -> receiver,0,True,1785337816680.0,-179.0,0.0,False
68422c6d-03d8-5ea9-856b-64d044436398,1785337817789,sender -> receiver,0,True,1785337817630.0,-159.0,0.0,False
c19cd769-bc1c-5a67-8755-3139934899d8,1785337817793,sender -> receiver,0,True,1785337817649.0,-144.0,0.0,False
7d6b8062-b0cb-51b7-ad82-45a8366ea91d,1785337817796,sender -> receiver,0,True,1785337817664.0,-132.0,0.0,False
b8102f02-7746-5883-ae8f-a08f999e71d3,1785337817800,sender -> receiver,0,True,1785337817674.0,-126.0,0.0,False
33bf9d7f-e81e-5e5c-8b91-aea65cf67249,1785337818843,sender -> receiver,0,True,1785337818662.0,-181.0,0.0,False
36fea59a-ab13-5308-9061-709b50fe32bf,1785337818848,sender -> receiver,0,True,1785337818686.0,-162.0,0.0,False
1445ae2d-47bc-53fb-9cbf-5f5b211165b7,1785337818852,sender -> receiver,0,True,1785337818701.0,-151.0,0.0,False
a2089364-11c4-508a-aa59-7412fcda4003,1785337818857,sender -> receiver,0,True,1785337818717.0,-140.0,0.0,False
d07258cb-6d65-51c2-8646-925096a3a7f7,1785337819836,sender -> receiver,0,True,1785337819647.0,-189.0,0.0,False
4dc85bdb-1d71-54d3-8c70-9426ed302824,1785337819840,sender -> receiver,0,True,1785337819660.0,-180.0,0.0,False
d81fedca-fc6c-5560-a10d-2840bf93a14d,1785337819864,sender -> receiver,0,True,1785337819693.0,-171.0,0.0,False
246531fa-64b1-5649-84cf-d2c01fab24b0,1785337819869,sender -> receiver,0,True,1785337819709.0,-160.0,0.0,False
3dd16b20-cfde-5e1d-abbb-ebb864eb5b5e,1785337820807,sender -> receiver,0,True,1785337820605.0,-202.0,0.0,False
4edeb9d1-40f0-5f9a-8cf1-f782b91e85b1,1785337820810,sender -> receiver,0,True,1785337820619.0,-191.0,0.0,False
fc07b28e-29cc-5367-9988-e9bd27e34880,1785337820816,sender -> receiver,0,True,1785337820635.0,-181.0,0.0,False
d104f2d3-5994-57e9-b316-4f58e63992b4,1785337820825,sender -> receiver,0,True,1785337820646.0,-179.0,0.0,False
971f96c1-f3b9-56cb-8a53-29b74fd4928b,1785337821829,sender -> receiver,0,True,1785337821620.0,-209.0,0.0,False
15c059ae-3fdd-5c7a-8f6f-d6d1c1f4d7a2,1785337821854,sender -> receiver,0,True,1785337821637.0,-217.0,0.0,False
1599c7b7-6da9-5870-aac4-a2cc1026b23f,1785337821857,sender -> receiver,0,True,1785337821665.0,-192.0,0.0,False
06e8e5f1-be8d-5206-bf87-8aeb4b2dd2a2,1785337821860,sender -> receiver,0,True,1785337821739.0,-121.0,0.0,False
b999303d-98b0-50c2-9ca0-2491b1126b0d,1785337822793,sender -> receiver,0,True,1785337822563.0,-230.0,0.0,False
e6b43363-ddcf-5092-b436-accec6a9881d,1785337822797,sender -> receiver,0,True,1785337822582.0,-215.0,0.0,False
f8455093-da57-593d-a930-4735cea4dd89,1785337822802,sender -> receiver,0,True,1785337822610.0,-192.0,0.0,False
80f78696-9ff3-5b43-ab6d-114a81bd6fc4,1785337822805,sender -> receiver,0,True,1785337822620.0,-185.0,0.0,False
d4ee78aa-8ce9-5bda-996a-cdf66277b5b5,1785337823812,sender -> receiver,0,True,1785337823625.0,-187.0,0.0,False
fac202fe-286a-5752-81f7-310c8d10d73f,1785337823815,sender -> receiver,0,True,1785337823636.0,-179.0,0.0,False
1c7cec93-51dc-5ec4-8a34-1a3f0a23f68f,1785337823819,sender -> receiver,0,True,1785337823647.0,-172.0,0.0,False
2da30e21-33ee-5269-a14c-c89631920cfe,1785337823845,sender -> receiver,0,True,1785337823663.0,-182.0,0.0,False
8aece600-f2bd-5275-99ea-e4e36716d954,1785337824815,sender -> receiver,0,True,1785337824589.0,-226.0,0.0,False
edfe6575-8251-51e9-86ae-e3796ce1cde1,1785337824820,sender -> receiver,0,True,1785337824613.0,-207.0,0.0,False
52983d97-73d7-5e14-a2d5-af3e6a5733f5,1785337824827,sender -> receiver,0,True,1785337824655.0,-172.0,0.0,False
0ec8d986-e070-544f-bfe1-59f7b1eb51f6,1785337824831,sender -> receiver,0,True,1785337824674.0,-157.0,0.0,False
55f5f26e-3e6e-529b-84f5-9ca4f0228052,1785337825792,sender -> receiver,0,True,1785337825579.0,-213.0,0.0,False
108e5853-fd08-5a97-9c62-e103fc8134fb,1785337825799,sender -> receiver,0,True,1785337825594.0,-205.0,0.0,False
8ce1a2ae-96d1-54ed-9edd-5d3ed2b2b656,1785337825816,sender -> receiver,0,True,1785337825603.0,-213.0,0.0,False
afa6e657-11b7-5085-8346-9899931e0358,1785337825821,sender -> receiver,0,True,1785337825627.0,-194.0,0.0,False
d8dd937a-dd34-5131-9117-f737a703db8c,1785337826824,sender -> receiver,0,True,1785337826650.0,-174.0,0.0,False
486c58bf-f898-5778-99d6-8d115a38875b,1785337826829,sender -> receiver,0,True,1785337826659.0,-170.0,0.0,False
dd67b09e-c382-5926-accb-e5c5e70ef761,1785337826853,sender -> receiver,0,True,1785337826670.0,-183.0,0.0,False
4519c5a9-45dc-5d04-beeb-e2bff8b2a4c8,1785337826858,sender -> receiver,0,True,1785337826705.0,-153.0,0.0,False
1cc1453a-5479-5d9b-921a-ad8d7b5aaf72,1785337827819,sender -> receiver,0,True,1785337827619.0,-200.0,0.0,False
5661251e-09c0-556a-91df-684e5544113f,1785337827822,sender -> receiver,0,True,1785337827640.0,-182.0,0.0,False
8e9f8ec7-2ed5-5861-b77d-254b55dd69eb,1785337827825,sender -> receiver,0,True,1785337827663.0,-162.0,0.0,False
ff58559c-ffa8-5ddc-9ba8-745c5856abd8,1785337827828,sender -> receiver,0,True,1785337827679.0,-149.0,0.0,False
be04337a-740e-5866-899f-057be84877de,1785337828812,sender -> receiver,0,True,1785337828593.0,-219.0,0.0,False
e645237e-b573-5602-8cf1-1b0cbf7e4920,1785337828817,sender -> receiver,0,True,1785337828611.0,-206.0,0.0,False
c76272d3-5626-5890-bfef-bffa2b6d2b47,1785337828842,sender -> receiver,0,True,1785337828626.0,-216.0,0.0,False
b5e9c362-f059-5608-8a87-688b5459b72d,1785337828846,sender -> receiver,0,True,1785337828653.0,-193.0,0.0,False
dde9b964-7f70-588a-b1bb-ee5e26bb89aa,1785337829816,sender -> receiver,0,True,1785337829635.0,-181.0,0.0,False
a161fb19-eb5e-5f99-aad4-44acd632d914,1785337829821,sender -> receiver,0,True,1785337829651.0,-170.0,0.0,False
add1279c-4035-568d-b9db-cb8dd80ec2a1,1785337829827,sender -> receiver,0,True,1785337829671.0,-156.0,0.0,False
200839ca-6a5a-5bc0-9c6f-0467d9f56a37,1785337829832,sender -> receiver,0,True,1785337829685.0,-147.0,0.0,False
81fd9351-0286-59ce-a15a-ef3a12578039,1785337830827,sender -> receiver,0,True,1785337830622.0,-205.0,0.0,False
5c808dbb-502c-574c-b325-55f95019d6ec,1785337830832,sender -> receiver,0,True,1785337830637.0,-195.0,0.0,False
1603e2c9-36f3-5649-906a-a5c431626ccf,1785337830836,sender -> receiver,0,True,1785337830647.0,-189.0,0.0,False
f3e4119d-20da-53e6-84dd-b1f1edb3f043,1785337830842,sender -> receiver,0,True,1785337830657.0,-185.0,0.0,False
27fc62f7-3d5d-54d9-b29b-9222d1ca3395,1785337831792,sender -> receiver,0,True,1785337831577.0,-215.0,0.0,False
1214f614-c816-525b-a2c9-0b1abc446dd3,1785337831795,sender -> receiver,0,True,1785337831640.0,-155.0,0.0,False
54359a54-7676-5afb-991d-da81bacf11ac,1785337831799,sender -> receiver,0,True,1785337831658.0,-141.0,0.0,False
88172671-59a7-5fe8-a090-fa565693e4cf,1785337831803,sender -> receiver,0,True,1785337831670.0,-133.0,0.0,False
abc65999-a4a2-50b7-a234-193fff07c68a,1785337832792,sender -> receiver,0,True,1785337832619.0,-173.0,0.0,False
0e44aed6-7746-516e-ba8f-5b4190b6c25a,1785337832796,sender -> receiver,0,True,1785337832630.0,-166.0,0.0,False
88689a42-9bd2-58e2-8bd3-eed07f63c320,1785337832799,sender -> receiver,0,True,1785337832639.0,-160.0,0.0,False
bac7c853-938d-5a76-82d6-845764804988,1785337832801,sender -> receiver,0,True,1785337832655.0,-146.0,0.0,False
e96f7d5c-1dc4-5d49-863d-be839cbee1b1,1785337833796,sender -> receiver,0,True,1785337833594.0,-202.0,0.0,False
f189d6c3-4a0c-57df-b8ec-360fe7d62a26,1785337833801,sender -> receiver,0,True,1785337833611.0,-190.0,0.0,False
e6651459-7a6c-587d-be8d-b39419255a46,1785337833804,sender -> receiver,0,True,1785337833628.0,-176.0,0.0,False
bb206688-20ac-57db-bf49-29b002bd5c1a,1785337833806,sender -> receiver,0,True,1785337833639.0,-167.0,0.0,False
4c9c2681-dcb1-5c00-8baf-1611123353ba,1785337834801,sender -> receiver,0,True,1785337834577.0,-224.0,0.0,False
59237ba7-5c83-5951-830a-e35f5a2880a3,1785337834805,sender -> receiver,0,True,1785337834595.0,-210.0,0.0,False
2dd4ccb9-1070-5d24-8d6c-0e238406a812,1785337834809,sender -> receiver,0,True,1785337834607.0,-202.0,0.0,False
2c4a6c90-bf50-5d73-aef2-bf527e0d1bc7,1785337834836,sender -> receiver,0,True,1785337834616.0,-220.0,0.0,False
625be05f-90c3-5c69-b71f-1e3fce2fee9a,1785337835817,sender -> receiver,0,True,1785337835639.0,-178.0,0.0,False
39275709-8a40-5fbc-9b0f-2b6d962a4c20,1785337835821,sender -> receiver,0,True,1785337835653.0,-168.0,0.0,False
c85dd19c-593f-5812-ae70-13e6b91872ef,1785337835845,sender -> receiver,0,True,1785337835683.0,-162.0,0.0,False
f6d28816-ec32-5f48-9133-9045c4bce05d,1785337835849,sender -> receiver,0,True,1785337835704.0,-145.0,0.0,False
dd610f10-eef9-522f-9b8c-b3bf356b29b5,1785337836796,sender -> receiver,0,True,1785337836604.0,-192.0,0.0,False
9056ec5b-0475-55eb-baba-4c6986e79227,1785337836799,sender -> receiver,0,True,1785337836623.0,-176.0,0.0,False
e4424ae7-4b0b-54fd-8dd3-63bf6b86050c,1785337836812,sender -> receiver,0,True,1785337836637.0,-175.0,0.0,False
edc865f2-46cc-5b39-a5cd-db2041b532cb,1785337836814,sender -> receiver,0,True,1785337836647.0,-167.0,0.0,False
058f62d8-c84a-5a14-82f1-ab07739e4295,1785337837789,sender -> receiver,0,True,1785337837621.0,-168.0,0.0,False
7e15ad39-faa3-576a-a7e7-27f77de9d8b6,1785337837792,sender -> receiver,0,True,1785337837657.0,-135.0,0.0,False
41b25d5a-ba5e-578e-8fbf-0aea7aa60693,1785337837810,sender -> receiver,0,True,1785337837677.0,-133.0,0.0,False
be01c002-9902-5e82-9cdd-17fbda0d8606,1785337837812,sender -> receiver,0,True,1785337837693.0,-119.0,0.0,False
7481d636-833d-5972-9ea8-18b668b934da,1785337838792,sender -> receiver,0,True,1785337838598.0,-194.0,0.0,False
39424af3-31a9-536c-b5e4-17300747c6e8,1785337838795,sender -> receiver,0,True,1785337838609.0,-186.0,0.0,False
6b7af19f-c372-51e7-b00c-e7a058656a43,1785337838798,sender -> receiver,0,True,1785337838619.0,-179.0,0.0,False
d4f2ae8e-51ed-5a27-b3aa-704d2a13d4ad,1785337838800,sender -> receiver,0,True,1785337838629.0,-171.0,0.0,False
d4cdf1ea-2a09-54ca-a1a4-5118f4500a2b,1785337879466,sender -> receiver,0,True,1785337879241.0,-225.0,0.0,False
9951eb64-8393-5ef7-8f3f-57055685e185,1785337879483,sender -> receiver,0,True,1785337879269.0,-214.0,0.0,False
ebc0d206-f4cf-5ccf-9797-3fccd1d117d9,1785337879486,sender -> receiver,0,True,1785337879339.0,-147.0,0.0,False
eabb7e8e-5e77-575d-809b-e5f417c497cc,1785337879488,sender -> receiver,0,True,1785337879354.0,-134.0,0.0,False
8b5472d6-c9d1-5982-ba1a-033ad5dfa475,1785337880522,sender -> receiver,0,True,1785337880314.0,-208.0,0.0,False
fea83b05-27c2-5858-92b4-dc527f40519b,1785337880527,sender -> receiver,0,True,1785337880323.0,-204.0,0.0,False
da8afd91-e061-5069-bb1c-2232e99e6f68,1785337880530,sender -> receiver,0,True,1785337880330.0,-200.0,0.0,False
899be78e-8c76-5442-8d17-3b5e328c8208,1785337880566,sender -> receiver,0,True,1785337880343.0,-223.0,0.0,False
263ae0c4-a7ef-5200-9e10-8c60df535a90,1785337881526,sender -> receiver,0,True,1785337881340.0,-186.0,0.0,False
014ee75a-80e1-5fe9-aa7e-7abb549ee98c,1785337881530,sender -> receiver,0,True,1785337881353.0,-177.0,0.0,False
1b278eed-0571-58cf-af11-0da668f633d6,1785337881534,sender -> receiver,0,True,1785337881368.0,-166.0,0.0,False
cab7639f-17e3-57ca-89dd-dd2e87b888ba,1785337881539,sender -> receiver,0,True,1785337881379.0,-160.0,0.0,False
bffc1607-9257-5c00-9cc4-6bac93b1fbbe,1785337882530,sender -> receiver,0,True,1785337882328.0,-202.0,0.0,False
3d0fd156-470b-56b0-babc-b02388d0e2b7,1785337882534,sender -> receiver,0,True,1785337882345.0,-189.0,0.0,False
d5c07def-ec48-522f-9cfb-8c0aeb927a8d,1785337882538,sender -> receiver,0,True,1785337882374.0,-164.0,0.0,False
c525883e-2756-5035-b210-bb4cfd069dc8,1785337882541,sender -> receiver,0,True,1785337882384.0,-157.0,0.0,False
3ef6bc97-1353-5d80-b8a3-f9fe47cce462,1785337883503,sender -> receiver,0,True,1785337883317.0,-186.0,0.0,False
1b8d9002-b969-5596-8947-554188ec5a87,1785337883508,sender -> receiver,0,True,1785337883337.0,-171.0,0.0,False
421516f7-3136-50da-a18d-30008268d1c3,1785337883512,sender -> receiver,0,True,1785337883350.0,-162.0,0.0,False
62310b79-4f34-58fa-a51e-b0aa592d34fc,1785337883516,sender -> receiver,0,True,1785337883364.0,-152.0,0.0,False
49a2493a-19ae-5672-bca1-28f8984d816b,1785337884533,sender -> receiver,0,True,1785337884307.0,-226.0,0.0,False
c94e86e5-6021-5475-b973-437ea1d137a3,1785337884536,sender -> receiver,0,True,1785337884367.0,-169.0,0.0,False
5047d77b-0565-50ce-98e7-b2808f7190c5,1785337884540,sender -> receiver,0,True,1785337884380.0,-160.0,0.0,False
0ccfedd2-375c-5552-81c5-971499365ea2,1785337884544,sender -> receiver,0,True,1785337884399.0,-145.0,0.0,False
87d89a3f-5e93-5613-b755-ab59d708eca3,1785337885518,sender -> receiver,0,True,1785337885293.0,-225.0,0.0,False
69fb9b2d-c517-556b-b5f2-b64550dbb3fb,1785337885525,sender -> receiver,0,True,1785337885311.0,-214.0,0.0,False
e52b1b2e-c23b-5c9a-988f-c14942fab8dc,1785337885532,sender -> receiver,0,True,1785337885336.0,-196.0,0.0,False
aea49d4a-e31d-5d28-92ae-c50fe001d34e,1785337885564,sender -> receiver,0,True,1785337885347.0,-217.0,0.0,False
a2ec3761-2d44-5ad8-9782-15a485f6eef6,1785337886504,sender -> receiver,0,True,1785337886300.0,-204.0,0.0,False
5d852e7e-dab9-5aa1-8473-1fefcfaeb0bb,1785337886509,sender -> receiver,0,True,1785337886318.0,-191.0,0.0,False
6dbedbf1-fa04-59a8-80a4-246bbf306afd,1785337886512,sender -> receiver,0,True,1785337886336.0,-176.0,0.0,False
f2e6c71e-f6d7-54a6-9887-e7c88db2e2ea,1785337886516,sender -> receiver,0,True,1785337886351.0,-165.0,0.0,False
056f5642-bd56-5a88-a660-dfa545894746,1785337887515,sender -> receiver,0,True,1785337887347.0,-168.0,0.0,False
21c7d66d-d885-58cf-badb-6af3f7e2bf78,1785337887540,sender -> receiver,0,True,1785337887359.0,-181.0,0.0,False
90eb6e2e-fe67-5e0d-b4e2-d29ccaf742a8,1785337887543,sender -> receiver,0,True,1785337887372.0,-171.0,0.0,False
9d073320-a4a1-5a69-aa9b-60441d30100a,1785337887546,sender -> receiver,0,True,1785337887380.0,-166.0,0.0,False
2a8eae5b-a8ae-53f7-8a88-9b8613d98141,1785337888469,sender -> receiver,0,True,1785337888278.0,-191.0,0.0,False
774e8273-ec80-5e35-92a1-394b4a7a55d3,1785337888472,sender -> receiver,0,True,1785337888288.0,-184.0,0.0,False
d8e3a8d5-593a-55ca-b9f8-6131247cda7a,1785337888475,sender -> receiver,0,True,1785337888298.0,-177.0,0.0,False
1c5537b6-bb90-5687-8fed-b4e856955f41,1785337888477,sender -> receiver,0,True,1785337888306.0,-171.0,0.0,False
172c4dfa-e913-5108-bf40-7962f379ac2f,1785337889512,sender -> receiver,0,True,1785337889300.0,-212.0,0.0,False
2671d21b-ea27-54ba-8d54-efa540d6af5f,1785337889514,sender -> receiver,0,True,1785337889316.0,-198.0,0.0,False
610bfa68-9a80-56d3-b436-16ce73e3f1f5,1785337889516,sender -> receiver,0,True,1785337889325.0,-191.0,0.0,False
5c3dc37c-b422-5884-b9c6-eee6f9521f02,1785337889519,sender -> receiver,0,True,1785337889368.0,-151.0,0.0,False
10b0c759-3346-5618-8967-05dd0864646c,1785337890541,sender -> receiver,0,True,1785337890290.0,-251.0,0.0,False
aba2727d-da88-50b1-aa30-c0a8479829e8,1785337890546,sender -> receiver,0,True,1785337890331.0,-215.0,0.0,False
8563c19d-966f-562b-b7fe-c131ba40c0ce,1785337890549,sender -> receiver,0,True,1785337890341.0,-208.0,0.0,False
8ea0658a-78ac-5331-948d-4566a344e76f,1785337890556,sender -> receiver,0,True,1785337890350.0,-206.0,0.0,False
93360ab5-64d9-5b11-8432-b8a486249443,1785337891483,sender -> receiver,0,True,1785337891279.0,-204.0,0.0,False
076ac073-e741-5144-a3bd-c464a3ecd5f5,1785337891486,sender -> receiver,0,True,1785337891295.0,-191.0,0.0,False
785c4119-bdc2-5d85-9022-25f73cdbba3d,1785337891488,sender -> receiver,0,True,1785337891310.0,-178.0,0.0,False
cadbff5e-792b-5587-ac23-009ab8a50e1f,1785337891490,sender -> receiver,0,True,1785337891324.0,-166.0,0.0,False
906f8a0b-9ecb-5940-a451-0edf1f2c8875,1785337892480,sender -> receiver,0,True,1785337892329.0,-151.0,0.0,False
a2a40766-b2ab-55c2-88a0-51a9870958c7,1785337892483,sender -> receiver,0,True,1785337892347.0,-136.0,0.0,False
ab0c11b5-d694-5ee8-b5d2-93c875c4ec6b,1785337892485,sender -> receiver,0,True,1785337892359.0,-126.0,0.0,False
7a508050-88a4-5a55-879c-f7cb9e5cabd1,1785337892488,sender -> receiver,0,True,1785337892379.0,-109.0,0.0,False
3fdfd0b3-1529-52f6-8921-09fc1085d594,1785337893488,sender -> receiver,0,True,1785337893281.0,-207.0,0.0,False
5ece7ba1-6f5f-53f9-bdbf-5d32714e3e3c,1785337893490,sender -> receiver,0,True,1785337893298.0,-192.0,0.0,False
2256410e-1caf-5260-b5b1-8e4d68e49898,1785337893492,sender -> receiver,0,True,1785337893310.0,-182.0,0.0,False
d515231c-1766-511d-8798-d57a2aab0a24,1785337893495,sender -> receiver,0,True,1785337893319.0,-176.0,0.0,False
317853c3-4ee4-5cc2-a564-7135e0160286,1785337894487,sender -> receiver,0,True,1785337894272.0,-215.0,0.0,False
5ff05457-b66f-531d-a040-ea8183cbf8f6,1785337894491,sender -> receiver,0,True,1785337894327.0,-164.0,0.0,False
73228e5e-2a59-5c3a-9379-a867d2458fb7,1785337894494,sender -> receiver,0,True,1785337894336.0,-158.0,0.0,False
6d3cf8dc-6fbc-5686-aac7-9b35457e5bd4,1785337894496,sender -> receiver,0,True,1785337894344.0,-152.0,0.0,False
c2f9cb10-ab32-57a6-b13b-e34436dbed5c,1785337895522,sender -> receiver,0,True,1785337895344.0,-178.0,0.0,False
4c9d72fe-b67d-5810-a636-47c59a76f638,1785337895557,sender -> receiver,0,True,1785337895366.0,-191.0,0.0,False
44e10bd5-2946-549e-a3d2-184bd71860a2,1785337895564,sender -> receiver,0,True,1785337895381.0,-183.0,0.0,False
3f04057f-0799-5cb7-8ddb-1e95c6f1d246,1785337895569,sender -> receiver,0,True,1785337895417.0,-152.0,0.0,False
de03c05e-c9ce-5ab5-9349-a75a3fa96d2e,1785337896478,sender -> receiver,0,True,1785337896319.0,-159.0,0.0,False
52f3ebe4-9922-58fa-b834-1c448c04cf98,1785337896498,sender -> receiver,0,True,1785337896339.0,-159.0,0.0,False
e9a3c4d5-5583-5a10-908e-5e20c37099c2,1785337896501,sender -> receiver,0,True,1785337896357.0,-144.0,0.0,False
66b46b68-9eb9-584b-9687-ac9af3227de6,1785337896503,sender -> receiver,0,True,1785337896379.0,-124.0,0.0,False
7cf8ff53-288d-5e37-b180-46eb7063ef25,1785337897548,sender -> receiver,0,True,1785337897352.0,-196.0,0.0,False
7d1f1167-8c03-58ab-8e96-01d153469e54,1785337897552,sender -> receiver,0,True,1785337897373.0,-179.0,0.0,False
f516ec7e-ac67-5b6e-9518-0d569a997c86,1785337897556,sender -> receiver,0,True,1785337897385.0,-171.0,0.0,False
1ab84eb9-83d2-51c0-8be6-1efe0d62cc36,1785337897590,sender -> receiver,0,True,1785337897403.0,-187.0,0.0,False
da9a0905-9f19-5f4e-8a01-7116bf27016c,1785337898510,sender -> receiver,0,True,1785337898304.0,-206.0,0.0,False
696b38a7-a8f1-5b1c-901b-54b441d2ea48,1785337898514,sender -> receiver,0,True,1785337898318.0,-196.0,0.0,False
d76bb748-7977-5e09-a927-a138ff867333,1785337898518,sender -> receiver,0,True,1785337898338.0,-180.0,0.0,False
030fc32e-cb40-5d0a-8ec3-02427a577d2e,1785337898545,sender -> receiver,0,True,1785337898353.0,-192.0,0.0,False
7d6cca1f-5a00-51de-addf-9a891144366d,1785337899517,sender -> receiver,0,True,1785337899307.0,-210.0,0.0,False
e7cdfa3f-4db7-5cd4-b1ef-7c9bc4badfd7,1785337899523,sender -> receiver,0,True,1785337899349.0,-174.0,0.0,False
1a758e4b-5775-5829-9da0-d65b2da1591f,1785337899528,sender -> receiver,0,True,1785337899364.0,-164.0,0.0,False
d5a4c80d-1287-5f23-b4f6-a22e46b3cbc8,1785337899534,sender -> receiver,0,True,1785337899378.0,-156.0,0.0,False
2e107499-3a00-537a-ac6b-d3d9cef2d75a,1785337900460,sender -> receiver,0,True,1785337900300.0,-160.0,0.0,False
1dfb9205-f6d5-5c4f-8234-6a2594be0bae,1785337900476,sender -> receiver,0,True,1785337900311.0,-165.0,0.0,False
908e5b02-896b-5ee1-a39f-913a9dc3a0f7,1785337900478,sender -> receiver,0,True,1785337900322.0,-156.0,0.0,False
94afaa7f-b196-5070-813c-b43458fc65e6,1785337900484,sender -> receiver,0,True,1785337900329.0,-155.0,0.0,False
e93d2e2a-886c-5d07-83f2-4fd52165f98c,1785337901526,sender -> receiver,0,True,1785337901315.0,-211.0,0.0,False
81ae2fcc-0a41-5a19-80c8-25821c976734,1785337901532,sender -> receiver,0,True,1785337901356.0,-176.0,0.0,False
2760c8fb-17f5-5ea8-bdd3-583891431dcd,1785337901534,sender -> receiver,0,True,1785337901401.0,-133.0,0.0,False
3b9b72d2-94a4-55f7-8bb4-11dcffe83b84,1785337901536,sender -> receiver,0,True,1785337901412.0,-124.0,0.0,False
03a042a8-b2e8-534e-9319-7cd4bb4c7088,1785337902483,sender -> receiver,0,True,1785337902318.0,-165.0,0.0,False
654500f3-ed53-523d-88d4-1b4b4083dda9,1785337902485,sender -> receiver,0,True,1785337902335.0,-150.0,0.0,False
a2ba54f8-1b47-5dc0-9853-1463d45a6991,1785337902488,sender -> receiver,0,True,1785337902349.0,-139.0,0.0,False
f8d552c7-f374-58fc-b79e-1879068f5531,1785337902490,sender -> receiver,0,True,1785337902365.0,-125.0,0.0,False
f31e08fc-2c78-5486-861f-60a07b3c817c,1785337903482,sender -> receiver,0,True,1785337903293.0,-189.0,0.0,False
7e646430-bb5f-5900-b66c-c11164ea56f7,1785337903504,sender -> receiver,0,True,1785337903312.0,-192.0,0.0,False
b95b761a-fcf2-589e-8391-10ab661b6a1b,1785337903507,sender -> receiver,0,True,1785337903325.0,-182.0,0.0,False
ebe60851-cee5-5bd0-8817-7a770d99e6eb,1785337903509,sender -> receiver,0,True,1785337903335.0,-174.0,0.0,False
ec1c75c5-439d-5158-922b-b54eb1592cf3,1785337946189,sender -> receiver,0,True,1785337946016.0,-173.0,0.0,False
9f811345-8540-57d0-9e8e-6dd73b3d9817,1785337946192,sender -> receiver,0,True,1785337946037.0,-155.0,0.0,False
a4c0c928-b3e2-5b51-8578-583bcb152f6d,1785337946194,sender -> receiver,0,True,1785337946056.0,-138.0,0.0,False
4932f264-900c-51a2-9f3a-b0b727caf5f9,1785337946196,sender -> receiver,0,True,1785337946093.0,-103.0,0.0,False
de0f4795-c613-512a-9c6d-73b9c726a0fb,1785337946198,sender -> receiver,0,True,1785337946103.0,-95.0,0.0,False
2160d740-adaa-54b5-aac0-4ec510acbeaf,1785337947177,sender -> receiver,0,True,1785337947014.0,-163.0,0.0,False
79650883-d42c-587a-a05b-e3dcb03a05da,1785337947180,sender -> receiver,0,True,1785337947026.0,-154.0,0.0,False
afc0fc97-bdf7-51ae-b1c8-d2f5ba1da71b,1785337947183,sender -> receiver,0,True,1785337947034.0,-149.0,0.0,False
f6f46dcc-9be9-5aae-b736-54e61eeb14ef,1785337947200,sender -> receiver,0,True,1785337947046.0,-154.0,0.0,False
91613d2b-6627-5e1d-9e3b-a980b987e65e,1785337948233,sender -> receiver,0,True,1785337948030.0,-203.0,0.0,False
ab878837-0cc2-503c-8dea-af8cd6cb057c,1785337948238,sender -> receiver,0,True,1785337948045.0,-193.0,0.0,False
f45ddf8f-7d52-5a94-a63c-a31b7fd67cd8,1785337948243,sender -> receiver,0,True,1785337948058.0,-185.0,0.0,False
4ee1943f-fdb8-504d-b12a-c12284e89e71,1785337948273,sender -> receiver,0,True,1785337948097.0,-176.0,0.0,False
aefd1ec1-0842-533a-a080-71f5ab89900b,1785337949180,sender -> receiver,0,True,1785337948991.0,-189.0,0.0,False
281e19f6-f0d7-5df5-8205-c5c66234b7eb,1785337949184,sender -> receiver,0,True,1785337949007.0,-177.0,0.0,False
916aa8f9-e65f-5bf7-b98f-fb0710db3e3a,1785337949187,sender -> receiver,0,True,1785337949022.0,-165.0,0.0,False
8e4d5be7-ecbf-58f4-bd81-90a1b38ef960,1785337949203,sender -> receiver,0,True,1785337949032.0,-171.0,0.0,False
cd6528f2-d704-583c-9db6-b915d0775add,1785337950197,sender -> receiver,0,True,1785337950009.0,-188.0,0.0,False
ac1c9284-a3d6-5f35-bb8c-ac78ef2f5933,1785337950201,sender -> receiver,0,True,1785337950020.0,-181.0,0.0,False
2e4f4cf2-417c-54c9-bb6a-9c272ea57c9f,1785337950221,sender -> receiver,0,True,1785337950051.0,-170.0,0.0,False
bb1b497e-cc38-53a3-a7d1-784431000515,1785337950224,sender -> receiver,0,True,1785337950069.0,-155.0,0.0,False
eec2f2de-83de-50d6-bb74-7ed1fabc502a,1785337951183,sender -> receiver,0,True,1785337951006.0,-177.0,0.0,False
87a8d90f-1fa1-5351-894e-051ee29749d6,1785337951186,sender -> receiver,0,True,1785337951028.0,-158.0,0.0,False
8fb14aab-fbec-55bd-8839-645c3b32abea,1785337951189,sender -> receiver,0,True,1785337951047.0,-142.0,0.0,False
f97e2410-8b45-5e12-a5a8-86d7d3910076,1785337951191,sender -> receiver,0,True,1785337951063.0,-128.0,0.0,False
f632fcf2-5906-57b1-b7c2-e82e064d5efb,1785337952181,sender -> receiver,0,True,1785337952046.0,-135.0,0.0,False
f660a0d1-d40a-52cb-9356-bffe23a051cd,1785337952187,sender -> receiver,0,True,1785337952070.0,-117.0,0.0,False
2f5d6737-d16c-54a3-a181-f4787a547bf1,1785337952192,sender -> receiver,0,True,1785337952087.0,-105.0,0.0,False
8801d1ae-145a-5cee-9e90-e7011bd7a7a2,1785337952206,sender -> receiver,0,True,1785337952104.0,-102.0,0.0,False
82d37bd4-4b61-55c0-b2d3-0d62da059142,1785337952209,sender -> receiver,0,True,1785337952126.0,-83.0,0.0,False
1f9cf0bf-d5d3-57ac-b8e2-7ee6fcebf8ad,1785337953209,sender -> receiver,0,True,1785337953040.0,-169.0,0.0,False
5e0d5577-1ca7-5ff1-90ca-b72735c044c3,1785337953214,sender -> receiver,0,True,1785337953052.0,-162.0,0.0,False
6f8a643e-4f72-5cc1-b71e-95553f8fb845,1785337953218,sender -> receiver,0,True,1785337953062.0,-156.0,0.0,False
163f6ac1-e8c8-53dd-978a-6096fce78a75,1785337953223,sender -> receiver,0,True,1785337953081.0,-142.0,0.0,False
726102f9-9a90-5309-a5c1-200fb9ce3648,1785337954231,sender -> receiver,0,True,1785337954008.0,-223.0,0.0,False
59cff2b9-9c28-5ae4-a3c0-af6b609eb2d7,1785337954235,sender -> receiver,0,True,1785337954020.0,-215.0,0.0,False
c0e6cbdb-7441-5299-847c-42bcc146acc1,1785337954240,sender -> receiver,0,True,1785337954029.0,-211.0,0.0,False
f94c3dea-ef4e-5183-9f2f-2af0890a4ea2,1785337954244,sender -> receiver,0,True,1785337954038.0,-206.0,0.0,False
0e8b207f-a882-5d6d-bf14-32e246dedb32,1785337955218,sender -> receiver,0,True,1785337955003.0,-215.0,0.0,False
27d772bd-5eb4-5944-8b07-4ac4f6027aff,1785337955222,sender -> receiver,0,True,1785337955022.0,-200.0,0.0,False
d33b0a18-3f9e-5a95-b841-9ce7dcdde57a,1785337955226,sender -> receiver,0,True,1785337955034.0,-192.0,0.0,False
4cb73203-9c8c-594e-91e6-0cb71be2d1a7,1785337955230,sender -> receiver,0,True,1785337955043.0,-187.0,0.0,False
b2091994-329e-5c9e-9081-aaf630f9dac8,1785337956175,sender -> receiver,0,True,1785337955998.0,-177.0,0.0,False
cb1e4c52-acf6-5f0e-adf4-fd5b9fa105d4,1785337956178,sender -> receiver,0,True,1785337956014.0,-164.0,0.0,False
3abf6c62-9936-52ec-93a0-e7205745592c,1785337956181,sender -> receiver,0,True,1785337956053.0,-128.0,0.0,False
96a2af6b-4c27-5070-9c58-837735c75013,1785337956184,sender -> receiver,0,True,1785337956064.0,-120.0,0.0,False
2259d723-7d02-51c8-8d21-d7d9bf37ed46,1785337957180,sender -> receiver,0,True,1785337956992.0,-188.0,0.0,False
962ec235-a1ee-561b-a4de-3764a7a93298,1785337957183,sender -> receiver,0,True,1785337957005.0,-178.0,0.0,False
7c0e9e21-604d-510a-b8f4-7df9bf131cb7,1785337957202,sender -> receiver,0,True,1785337957015.0,-187.0,0.0,False
021d6f44-7911-5d44-9b7b-ca01e5598381,1785337957206,sender -> receiver,0,True,1785337957024.0,-182.0,0.0,False
701dc887-986f-504e-b3ff-72444d1335b8,1785337958203,sender -> receiver,0,True,1785337957968.0,-235.0,0.0,False
67e62a11-e5cd-53f9-b5bf-ee6d9c8fdc43,1785337958206,sender -> receiver,0,True,1785337958018.0,-188.0,0.0,False
9d8d45c9-1957-53dc-abff-54d592811afe,1785337958209,sender -> receiver,0,True,1785337958027.0,-182.0,0.0,False
672f0ddd-962d-5bdf-8d21-596235b0ee22,1785337958211,sender -> receiver,0,True,1785337958051.0,-160.0,0.0,False
c33182e8-6fa5-58a9-aa2f-15c1b38c96db,1785337958213,sender -> receiver,0,True,1785337958059.0,-154.0,0.0,False
d3a9bae1-000f-5075-a31a-dabe312b3a52,1785337959176,sender -> receiver,0,True,1785337958972.0,-204.0,0.0,False
db9a1429-897c-56ca-ae6a-f331a00a177e,1785337959179,sender -> receiver,0,True,1785337958989.0,-190.0,0.0,False
0da02cc8-2ba2-5d2f-b1b3-ccbea33abdd1,1785337959181,sender -> receiver,0,True,1785337959002.0,-179.0,0.0,False
5fbf5a11-1771-59d1-a55f-674e36db7183,1785337959184,sender -> receiver,0,True,1785337959011.0,-173.0,0.0,False
85831f9e-1270-555e-b8b5-13fdea18fb04,1785337960170,sender -> receiver,0,True,1785337959976.0,-194.0,0.0,False
d077bcd6-b443-5e0f-9156-caaa927dde5a,1785337960172,sender -> receiver,0,True,1785337959993.0,-179.0,0.0,False
3127f655-67fa-556a-b67f-40a62bb26aff,1785337960173,sender -> receiver,0,True,1785337960003.0,-170.0,0.0,False
c3619821-28c1-59fe-a1ea-b36b65777edd,1785337960174,sender -> receiver,0,True,1785337960013.0,-161.0,0.0,False
03ce69b9-15d6-5a81-9a51-22a5d1bdcbc6,1785337961188,sender -> receiver,0,True,1785337960995.0,-193.0,0.0,False
e6213f06-cc67-5dd9-b4d0-0a94cd111ef7,1785337961191,sender -> receiver,0,True,1785337961017.0,-174.0,0.0,False
e913f880-5ff1-50ff-bc99-92a694083e2c,1785337961193,sender -> receiver,0,True,1785337961032.0,-161.0,0.0,False
1f23a9af-1739-58a3-82bf-00fbe8cedf5a,1785337961196,sender -> receiver,0,True,1785337961064.0,-132.0,0.0,False
4031f5ba-9a4b-5454-917f-238f2292ea43,1785337962166,sender -> receiver,0,True,1785337962013.0,-153.0,0.0,False
b785a407-2512-5b28-ad42-fb9b2edeaf87,1785337962169,sender -> receiver,0,True,1785337962032.0,-137.0,0.0,False
b5bc2606-d25d-5978-9695-9ddd754bd8c5,1785337962171,sender -> receiver,0,True,1785337962047.0,-124.0,0.0,False
dbbc098f-4611-5ef2-90c1-5a0436ac93e9,1785337962173,sender -> receiver,0,True,1785337962062.0,-111.0,0.0,False
682ee9e6-cede-5c79-9301-2cd9eff5dcd8,1785337963178,sender -> receiver,0,True,1785337962978.0,-200.0,0.0,False
bddbde05-c5d6-5f72-8014-6b02ae4b42af,1785337963180,sender -> receiver,0,True,1785337963005.0,-175.0,0.0,False
3a4e686e-c85a-5863-8a2d-42d47a94ff2c,1785337963182,sender -> receiver,0,True,1785337963028.0,-154.0,0.0,False
d662887b-f3e7-5c71-a641-da97aad31e4a,1785337963184,sender -> receiver,0,True,1785337963046.0,-138.0,0.0,False
a86b0383-5e93-53c0-a274-6e33e47e1435,1785337964184,sender -> receiver,0,True,1785337963999.0,-185.0,0.0,False
d2fa0306-778e-5b56-ba2b-dd2cbe7e7993,1785337964187,sender -> receiver,0,True,1785337964036.0,-151.0,0.0,False
441477a5-7d09-51f0-91ff-dd4cc65af441,1785337964189,sender -> receiver,0,True,1785337964048.0,-141.0,0.0,False
ae9a4bf4-5726-5bf3-b4e5-3cb632ee911a,1785337964203,sender -> receiver,0,True,1785337964059.0,-144.0,0.0,False
f7526405-dcbd-581f-965e-6658760b158e,1785337964205,sender -> receiver,0,True,1785337964067.0,-138.0,0.0,False
88abb630-3f61-5f73-98dd-d967d3951326,1785337965185,sender -> receiver,0,True,1785337964986.0,-199.0,0.0,False
18626231-9815-5624-986c-37fe50ac91f4,1785337965187,sender -> receiver,0,True,1785337965004.0,-183.0,0.0,False
777ba3f3-90f6-5c86-a756-07ca99af8831,1785337965189,sender -> receiver,0,True,1785337965016.0,-173.0,0.0,False
b752903d-a2ca-5ce0-9229-6226523aa2e5,1785337965192,sender -> receiver,0,True,1785337965035.0,-157.0,0.0,False
5b22b0d8-2bf0-5160-981c-a66d7e82ab6a,1785337966173,sender -> receiver,0,True,1785337965981.0,-192.0,0.0,False
c4ecb6a9-1511-5e25-ba63-4da2eb2b8524,1785337966176,sender -> receiver,0,True,1785337966004.0,-172.0,0.0,False
a9678c1b-fe67-5a2f-a55b-971dd896269f,1785337966179,sender -> receiver,0,True,1785337966015.0,-164.0,0.0,False
92e4d64e-ea63-5ebb-bb27-8e04d89fbfd1,1785337966181,sender -> receiver,0,True,1785337966040.0,-141.0,0.0,False
ec3ac7e8-8000-5298-9e99-64762b63e1aa,1785337967207,sender -> receiver,0,True,1785337967025.0,-182.0,0.0,False
348dfe26-7454-54d9-8a13-bdfb630a0719,1785337967212,sender -> receiver,0,True,1785337967047.0,-165.0,0.0,False
b897cead-d139-5948-9f43-fbc031c71984,1785337967238,sender -> receiver,0,True,1785337967057.0,-181.0,0.0,False
a921a9d6-c027-50dc-8be4-bc37d2bd6c8c,1785337967243,sender -> receiver,0,True,1785337967066.0,-177.0,0.0,False
7f2a11db-da16-5d7b-a2e3-930332e90831,1785337968169,sender -> receiver,0,True,1785337967970.0,-199.0,0.0,False
760db9e6-380b-52f9-ada1-f740fd0e7b60,1785337968171,sender -> receiver,0,True,1785337967991.0,-180.0,0.0,False
3f73eca2-8847-5337-aa74-65606777cfed,1785337968186,sender -> receiver,0,True,1785337968008.0,-178.0,0.0,False
5901069a-9ba4-5b3b-a13e-fd657894ec39,1785337968188,sender -> receiver,0,True,1785337968023.0,-165.0,0.0,False
39a89c44-af31-53f5-92da-a73d11cf4eff,1785337969181,sender -> receiver,0,True,1785337968993.0,-188.0,0.0,False
2535bd0b-a141-5b24-8a64-218c5aada5e2,1785337969184,sender -> receiver,0,True,1785337969011.0,-173.0,0.0,False
7a871e97-a5a3-5693-b472-aae00e12e669,1785337969203,sender -> receiver,0,True,1785337969024.0,-179.0,0.0,False
d796e2dc-a822-5008-8036-2920d6a6797c,1785337969205,sender -> receiver,0,True,1785337969034.0,-171.0,0.0,False
2d641b62-5272-5498-8182-0be527437ca3,1785338009872,sender -> receiver,0,True,1785338009644.0,-228.0,0.0,False
69824910-bc3d-5fa5-afba-3b06a512c42f,1785338009876,sender -> receiver,0,True,1785338009665.0,-211.0,0.0,False
3246e519-0b8e-57e0-8acd-16cf5467a436,1785338009888,sender -> receiver,0,True,1785338009681.0,-207.0,0.0,False
340b2524-f9f8-55ba-a994-dcb69eeb8004,1785338009891,sender -> receiver,0,True,1785338009709.0,-182.0,0.0,False
ad0e1c6f-cd22-56d4-8de2-e73a97803e1a,1785338010856,sender -> receiver,0,True,1785338010681.0,-175.0,0.0,False
2f97ebc3-985c-5971-8497-6563db6140fa,1785338010873,sender -> receiver,0,True,1785338010698.0,-175.0,0.0,False
486466fb-f1f7-555d-a3b8-00aaba0150cc,1785338010876,sender -> receiver,0,True,1785338010712.0,-164.0,0.0,False
d9b7d0ef-a865-5c32-8f5c-84b917f09e7f,1785338010878,sender -> receiver,0,True,1785338010724.0,-154.0,0.0,False
6fbb4938-4efd-5df7-9ea7-b0addd06a1ab,1785338011872,sender -> receiver,0,True,1785338011656.0,-216.0,0.0,False
18728ecd-c980-5705-b483-51cde524722d,1785338011874,sender -> receiver,0,True,1785338011676.0,-198.0,0.0,False
f50308f3-2aa4-5339-9f8e-8baceaf35e73,1785338011878,sender -> receiver,0,True,1785338011690.0,-188.0,0.0,False
5a7111ae-1252-5afb-ac4f-b5a9c633f907,1785338011880,sender -> receiver,0,True,1785338011702.0,-178.0,0.0,False
5d14f47d-bd30-5469-8450-e2f610a4dfab,1785338012869,sender -> receiver,0,True,1785338012642.0,-227.0,0.0,False
d9c47af8-e634-5aad-8079-8fbdc9c477e0,1785338012899,sender -> receiver,0,True,1785338012661.0,-238.0,0.0,False
639ae2dc-653f-53c2-bdb9-f36ed53439a9,1785338012902,sender -> receiver,0,True,1785338012702.0,-200.0,0.0,False
99eefc9b-52f1-5d95-9b17-f65394c938de,1785338012905,sender -> receiver,0,True,1785338012713.0,-192.0,0.0,False
33c4a66f-eef9-50c5-8b87-0b365503e91b,1785338013894,sender -> receiver,0,True,1785338013683.0,-211.0,0.0,False
a5dd0daf-bdc4-55e6-99c6-f344a7abe3b3,1785338013900,sender -> receiver,0,True,1785338013698.0,-202.0,0.0,False
171145e8-955f-57e4-a671-20d34ffd9a19,1785338013905,sender -> receiver,0,True,1785338013709.0,-196.0,0.0,False
e52f53d2-1f34-5722-ae1e-6dc6250ff562,1785338013909,sender -> receiver,0,True,1785338013734.0,-175.0,0.0,False
3dd56bdd-c471-5d28-a3c1-b2c89e3d53de,1785338014855,sender -> receiver,0,True,1785338014687.0,-168.0,0.0,False
468a0793-8b74-5a38-acc9-089d8d0e7df6,1785338014857,sender -> receiver,0,True,1785338014708.0,-149.0,0.0,False
afd30c06-7adc-5d67-8b0c-f05bd8070093,1785338014859,sender -> receiver,0,True,1785338014725.0,-134.0,0.0,False
49723a18-3f83-51d0-9bcb-89ee7e3e963c,1785338014861,sender -> receiver,0,True,1785338014740.0,-121.0,0.0,False
b7da1855-9899-53d4-8591-dedeb83c18be,1785338015879,sender -> receiver,0,True,1785338015716.0,-163.0,0.0,False
9aa6fe30-410a-5363-9b59-b082c4db7a30,1785338015886,sender -> receiver,0,True,1785338015728.0,-158.0,0.0,False
156cfa5f-a416-5386-9073-2777338f6344,1785338015888,sender -> receiver,0,True,1785338015738.0,-150.0,0.0,False
e8c9c20b-4406-5b55-9c9c-e640e33f171a,1785338015890,sender -> receiver,0,True,1785338015747.0,-143.0,0.0,False
6c66f95f-6938-5936-96d0-0a47dc8cb9fa,1785338016881,sender -> receiver,0,True,1785338016656.0,-225.0,0.0,False
89dfe45c-f7ed-58b7-adb4-d7852531e62e,1785338016884,sender -> receiver,0,True,1785338016726.0,-158.0,0.0,False
f12273d7-0a7d-5d40-b22e-3859ca63079a,1785338016886,sender -> receiver,0,True,1785338016744.0,-142.0,0.0,False
4cc08fdb-6b8f-5ac7-8975-229575ddbc8d,1785338016888,sender -> receiver,0,True,1785338016762.0,-126.0,0.0,False
ca012e50-4791-5eed-ad6a-cac907ba77be,1785338017914,sender -> receiver,0,True,1785338017747.0,-167.0,0.0,False
109dde8a-9b55-5342-b376-ea6ccf0189ac,1785338017918,sender -> receiver,0,True,1785338017771.0,-147.0,0.0,False
84660380-4c53-5731-99d9-bbd7c8526c9d,1785338017921,sender -> receiver,0,True,1785338017788.0,-133.0,0.0,False
d220535d-268e-5287-8f24-99f68fa63d4f,1785338017924,sender -> receiver,0,True,1785338017805.0,-119.0,0.0,False
f4e2edf4-8e42-551f-94ed-db53eb43a643,1785338018907,sender -> receiver,0,True,1785338018672.0,-235.0,0.0,False
dcaa80ff-6759-5928-9b66-1e2acd07c263,1785338018911,sender -> receiver,0,True,1785338018723.0,-188.0,0.0,False
3595c53b-eb17-52e7-92bb-438537fe47ad,1785338018916,sender -> receiver,0,True,1785338018745.0,-171.0,0.0,False
f8d5137c-ea65-5926-956a-95a6dfcf39c2,1785338018922,sender -> receiver,0,True,1785338018809.0,-113.0,0.0,False
9da9ae62-c1a2-500c-a3a1-afe5a40b0800,1785338019888,sender -> receiver,0,True,1785338019686.0,-202.0,0.0,False
e3bc8258-120e-5bd5-9c9f-a3591ca4da6a,1785338019895,sender -> receiver,0,True,1785338019716.0,-179.0,0.0,False
cd292c22-15bf-57ad-8559-a12ab3f8702d,1785338019901,sender -> receiver,0,True,1785338019799.0,-102.0,0.0,False
b662de2f-7026-59fc-98d5-b3f548f62f70,1785338019907,sender -> receiver,0,True,1785338019809.0,-98.0,0.0,False
97db0102-e700-5b55-beca-06806d0adbff,1785338020907,sender -> receiver,0,True,1785338020703.0,-204.0,0.0,False
3d43ea72-437b-57bc-b271-c1d3c67dd832,1785338020911,sender -> receiver,0,True,1785338020724.0,-187.0,0.0,False
0420752f-cbd2-5ee0-95a8-43fff3844918,1785338020914,sender -> receiver,0,True,1785338020736.0,-178.0,0.0,False
98c91fbf-bdbc-50e9-8207-0f43795ad3c3,1785338020939,sender -> receiver,0,True,1785338020747.0,-192.0,0.0,False
eb5c24e6-65c9-501b-a6e9-728ed9deb341,1785338021860,sender -> receiver,0,True,1785338021648.0,-212.0,0.0,False
e734988c-752c-50d2-850e-21132904b2e2,1785338021879,sender -> receiver,0,True,1785338021738.0,-141.0,0.0,False
068f60d4-ee6d-5cc9-92e5-024b1e1fca1e,1785338021882,sender -> receiver,0,True,1785338021754.0,-128.0,0.0,False
d6b2b331-83b0-5d76-8b43-07c79bab85df,1785338021884,sender -> receiver,0,True,1785338021766.0,-118.0,0.0,False
90dc81c4-458e-5d94-9ebc-e5d7031042cd,1785338022908,sender -> receiver,0,True,1785338022742.0,-166.0,0.0,False
5a24f8f5-9a5e-5837-8413-2b2945404bef,1785338022912,sender -> receiver,0,True,1785338022759.0,-153.0,0.0,False
99947535-9190-5884-930a-91077b2a89cb,1785338022915,sender -> receiver,0,True,1785338022774.0,-141.0,0.0,False
16bd59e4-1ee8-5e56-844b-fec943693c3f,1785338022919,sender -> receiver,0,True,1785338022804.0,-115.0,0.0,False
6a11ecdf-621b-58ed-a443-0be5e9742079,1785338023866,sender -> receiver,0,True,1785338023684.0,-182.0,0.0,False
5500cc56-6d9e-5f53-bc7c-c616984eb845,1785338023869,sender -> receiver,0,True,1785338023693.0,-176.0,0.0,False
33846774-c037-5387-91d9-ba1c8a0abb3f,1785338023886,sender -> receiver,0,True,1785338023698.0,-188.0,0.0,False
d4fed241-9abe-5cf4-b47f-6de5f5b9da1f,1785338023889,sender -> receiver,0,True,1785338023707.0,-182.0,0.0,False
3fcaec8f-db8c-5d00-b007-02c8bf811560,1785338024914,sender -> receiver,0,True,1785338024760.0,-154.0,0.0,False
4c49c5fa-a606-578c-a316-c80a68ace3fb,1785338024919,sender -> receiver,0,True,1785338024794.0,-125.0,0.0,False
43790d62-faef-57d0-9c0a-2d86178cf596,1785338024922,sender -> receiver,0,True,1785338024804.0,-118.0,0.0,False
b9fa1a37-bc3b-5561-b607-4239a4dab1f8,1785338024926,sender -> receiver,0,True,1785338024818.0,-108.0,0.0,False
86acbfda-a91e-5314-b36d-5c31365f045c,1785338025908,sender -> receiver,0,True,1785338025705.0,-203.0,0.0,False
5b0db1f0-5fb0-5a18-9322-80662475161a,1785338025910,sender -> receiver,0,True,1785338025723.0,-187.0,0.0,False
55594976-38a3-58af-a142-ff52720aecde,1785338025913,sender -> receiver,0,True,1785338025743.0,-170.0,0.0,False
e5952d6e-6726-5263-8c44-09bb815b2f0c,1785338025916,sender -> receiver,0,True,1785338025757.0,-159.0,0.0,False
5cef406f-91fa-52d5-bec9-3ef226073cbb,1785338026929,sender -> receiver,0,True,1785338026735.0,-194.0,0.0,False
e64ae952-1dc6-549c-ad48-22f43a13a124,1785338026935,sender -> receiver,0,True,1785338026766.0,-169.0,0.0,False
ce38469a-2baa-50fb-b912-81ae241b2792,1785338026940,sender -> receiver,0,True,1785338026783.0,-157.0,0.0,False
4369cf3a-baf4-55bb-9309-219d714749ea,1785338026966,sender -> receiver,0,True,1785338026797.0,-169.0,0.0,False
fd9e4cba-04c5-5054-81a6-147e2a1c34a7,1785338027906,sender -> receiver,0,True,1785338027730.0,-176.0,0.0,False
6fc8c34c-583b-5cd8-8d38-ace17cbc957c,1785338027912,sender -> receiver,0,True,1785338027739.0,-173.0,0.0,False
7338ca44-6f95-50bc-ad90-145fcc92f158,1785338027916,sender -> receiver,0,True,1785338027789.0,-127.0,0.0,False
da492484-90cb-53cc-a97a-26676592969b,1785338027922,sender -> receiver,0,True,1785338027799.0,-123.0,0.0,False
0fc442f8-5367-5ab9-b7e5-d4122a5f87aa,1785338028865,sender -> receiver,0,True,1785338028681.0,-184.0,0.0,False
c831a439-f06e-5605-aa5e-e1b4415e50f2,1785338028867,sender -> receiver,0,True,1785338028714.0,-153.0,0.0,False
78c77a5d-1466-5c66-8182-cd506a2f6525,1785338028870,sender -> receiver,0,True,1785338028754.0,-116.0,0.0,False
12b54e1f-5d1b-5b24-b554-7994dde15628,1785338028872,sender -> receiver,0,True,1785338028774.0,-98.0,0.0,False
bb8045d7-be8a-587e-8f6f-e1c353bb44da,1785338029858,sender -> receiver,0,True,1785338029664.0,-194.0,0.0,False
8878f9b5-d911-54bd-a519-df8c00413b18,1785338029862,sender -> receiver,0,True,1785338029685.0,-177.0,0.0,False
9cca9c06-5e71-5c6d-b2e0-2e16b85488e4,1785338029864,sender -> receiver,0,True,1785338029704.0,-160.0,0.0,False
84d8ec03-cc67-5aa0-9c11-5854fa3e83e0,1785338029867,sender -> receiver,0,True,1785338029719.0,-148.0,0.0,False
849f9c75-6e0d-54f3-8e48-bc1c7f42b09b,1785338030856,sender -> receiver,0,True,1785338030648.0,-208.0,0.0,False
6cd5a4ad-2666-5f9c-857b-b6f25c178a45,1785338030874,sender -> receiver,0,True,1785338030661.0,-213.0,0.0,False
1ef909dd-6a7f-5640-9a8c-973ec8f485ce,1785338030876,sender -> receiver,0,True,1785338030677.0,-199.0,0.0,False
66a1e33a-43cf-5858-839d-c71122ffe7d8,1785338030879,sender -> receiver,0,True,1785338030715.0,-164.0,0.0,False
6f5e37cb-ebc9-5135-9b28-5dc2f4f65f91,1785338031920,sender -> receiver,0,True,1785338031750.0,-170.0,0.0,False
a245d2c9-22e7-53a0-88d1-8245661a5821,1785338031923,sender -> receiver,0,True,1785338031766.0,-157.0,0.0,False
27e6daaf-5046-58f1-8313-90e0f5766763,1785338031926,sender -> receiver,0,True,1785338031784.0,-142.0,0.0,False
c4227bb2-1eb6-583e-9310-3cdbde1300ab,1785338031929,sender -> receiver,0,True,1785338031823.0,-106.0,0.0,False
fdec3896-eaa7-5fc4-a3e5-f2fefc79add7,1785338032888,sender -> receiver,0,True,1785338032671.0,-217.0,0.0,False
773abcc6-91da-54f3-87d6-b1a7f104f1c6,1785338032892,sender -> receiver,0,True,1785338032685.0,-207.0,0.0,False
794124f2-c185-50e6-9158-45f1028ddfc5,1785338032897,sender -> receiver,0,True,1785338032704.0,-193.0,0.0,False
207d3d81-4173-5aa2-9390-a5cd097ba47e,1785338032902,sender -> receiver,0,True,1785338032715.0,-187.0,0.0,False
a2b7e19f-ffeb-5cbd-996e-0aed93f24176,1785338033922,sender -> receiver,0,True,1785338033731.0,-191.0,0.0,False
53f1fbb8-ea7c-5db7-a83f-f1e7b9305ff0,1785338033927,sender -> receiver,0,True,1785338033747.0,-180.0,0.0,False
95e9890d-f9f9-5902-9cf9-907e2f1d7a59,1785338033932,sender -> receiver,0,True,1785338033758.0,-174.0,0.0,False
25ad5053-fb31-5aa8-95fa-5a2c2e99a38b,1785338033936,sender -> receiver,0,True,1785338033768.0,-168.0,0.0,False
391f4efa-7c48-5081-bfd2-c3269725a0f8,1785338076614,sender -> receiver,0,True,1785338076366.0,-248.0,0.0,False
060c9a23-14af-5eae-859a-5590e2c55ac8,1785338076617,sender -> receiver,0,True,1785338076405.0,-212.0,0.0,False
c1c71d33-46b1-59c7-92f5-e9da90f42964,1785338076620,sender -> receiver,0,True,1785338076416.0,-204.0,0.0,False
e1206903-81b1-59d3-9c93-127396dfcd8d,1785338076622,sender -> receiver,0,True,1785338076424.0,-198.0,0.0,False
ba4eca46-04c4-5373-9272-5726da471568,1785338076624,sender -> receiver,0,True,1785338076432.0,-192.0,0.0,False
4385f924-81f6-5a3e-994b-6b28ffb799ea,1785338077598,sender -> receiver,0,True,1785338077396.0,-202.0,0.0,False
8241a816-e930-5ad5-98eb-85f3d5933c58,1785338077601,sender -> receiver,0,True,1785338077457.0,-144.0,0.0,False
88d2e051-596f-53ac-9a58-2c02ad5fee2e,1785338077603,sender -> receiver,0,True,1785338077469.0,-134.0,0.0,False
e0289bc6-fcef-53c7-9240-80cc1ac71762,1785338077606,sender -> receiver,0,True,1785338077505.0,-101.0,0.0,False
0a2b2e5b-3ef8-56d0-9365-96d9818407fe,1785338078582,sender -> receiver,0,True,1785338078400.0,-182.0,0.0,False
e76180e2-9b74-5d2c-bf1e-1409ba30e3e3,1785338078585,sender -> receiver,0,True,1785338078418.0,-167.0,0.0,False
445217ef-c695-5c54-a08d-1b25b8e76b5a,1785338078589,sender -> receiver,0,True,1785338078429.0,-160.0,0.0,False
6090a93a-f66e-5719-b141-a2103f0a50bf,1785338078592,sender -> receiver,0,True,1785338078440.0,-152.0,0.0,False
49dab198-a4b6-5f54-b0f7-401df0de3956,1785338079612,sender -> receiver,0,True,1785338079434.0,-178.0,0.0,False
f623c542-0bdf-55e0-891f-946f7eda58f2,1785338079619,sender -> receiver,0,True,1785338079451.0,-168.0,0.0,False
6f8536d2-4d9b-5ded-a282-a483a245027f,1785338079623,sender -> receiver,0,True,1785338079466.0,-157.0,0.0,False
34eb3d4f-2f7b-5366-8780-bd04122bcb2f,1785338079648,sender -> receiver,0,True,1785338079479.0,-169.0,0.0,False
270ef4c2-5c9d-513e-a92c-6d424209fe65,1785338080583,sender -> receiver,0,True,1785338080368.0,-215.0,0.0,False
27821145-b9f4-5fe4-9913-7bcc6d4b7022,1785338080586,sender -> receiver,0,True,1785338080388.0,-198.0,0.0,False
9392e270-5dce-514b-8d7f-55469343bf70,1785338080608,sender -> receiver,0,True,1785338080404.0,-204.0,0.0,False
600867a2-b919-5d27-b53f-b827c93556cd,1785338080611,sender -> receiver,0,True,1785338080443.0,-168.0,0.0,False
c1ed8bd2-0039-58a7-b832-7201aa4822b2,1785338081565,sender -> receiver,0,True,1785338081366.0,-199.0,0.0,False
69706d10-3dfd-50fe-81f8-b2b6a87f1ad9,1785338081567,sender -> receiver,0,True,1785338081389.0,-178.0,0.0,False
479dbb8e-e91e-551f-9dc8-c083e07f2d3a,1785338081582,sender -> receiver,0,True,1785338081410.0,-172.0,0.0,False
37b31923-bf24-503f-950b-8d1172037a2c,1785338081585,sender -> receiver,0,True,1785338081429.0,-156.0,0.0,False
a9a90d2f-e062-5359-997f-4bbe6a2c01be,1785338082555,sender -> receiver,0,True,1785338082350.0,-205.0,0.0,False
11bf0eb0-0683-5146-9411-c7e117ad6533,1785338082558,sender -> receiver,0,True,1785338082363.0,-195.0,0.0,False
ce91147c-8cdf-5632-8f2c-48e72c686193,1785338082571,sender -> receiver,0,True,1785338082372.0,-199.0,0.0,False
ad1cef2e-c598-5a80-881e-03115d872ed0,1785338082576,sender -> receiver,0,True,1785338082381.0,-195.0,0.0,False
93e85533-43cb-5f42-95c9-3bfdedf6f2b5,1785338082578,sender -> receiver,0,True,1785338082390.0,-188.0,0.0,False
a7cb4f57-b4ac-5449-8fd5-ea1d4a13132b,1785338083624,sender -> receiver,0,True,1785338083433.0,-191.0,0.0,False
98e37bd6-c3ce-53ac-8724-672b5be9b609,1785338083631,sender -> receiver,0,True,1785338083454.0,-177.0,0.0,False
40afd808-8cd5-56c7-95e6-30348751073a,1785338083634,sender -> receiver,0,True,1785338083469.0,-165.0,0.0,False
a0da9089-2b5e-546c-af2c-e60a50d86221,1785338083638,sender -> receiver,0,True,1785338083486.0,-152.0,0.0,False
004d2061-75cf-5cae-914e-6895f951afc9,1785338084579,sender -> receiver,0,True,1785338084372.0,-207.0,0.0,False
a490f71e-dfef-58f0-8de7-85553d429fe2,1785338084581,sender -> receiver,0,True,1785338084395.0,-186.0,0.0,False
ee05422a-d8c9-5a78-90b2-95e8871c8105,1785338084584,sender -> receiver,0,True,1785338084407.0,-177.0,0.0,False
47dc5586-96fb-57a9-a3b7-429b423b66a8,1785338084596,sender -> receiver,0,True,1785338084417.0,-179.0,0.0,False
fd5e01dd-a503-5478-8b62-e8b3b957d722,1785338085615,sender -> receiver,0,True,1785338085380.0,-235.0,0.0,False
edfb6e13-8d67-555f-985b-0bee9418eca2,1785338085618,sender -> receiver,0,True,1785338085423.0,-195.0,0.0,False
cff21274-9c96-59ad-89ed-05db327fb925,1785338085620,sender -> receiver,0,True,1785338085434.0,-186.0,0.0,False
84f4f562-0c47-59e8-a591-eee1b4f5ee59,1785338085623,sender -> receiver,0,True,1785338085443.0,-180.0,0.0,False
4722c7e4-216e-5ab3-96eb-1ccf4ae95ee5,1785338086594,sender -> receiver,0,True,1785338086403.0,-191.0,0.0,False
28d90318-2070-58e2-8ee5-25faa498d289,1785338086598,sender -> receiver,0,True,1785338086425.0,-173.0,0.0,False
deaea6d9-a69c-5cd0-a49c-d208dfe3263d,1785338086619,sender -> receiver,0,True,1785338086443.0,-176.0,0.0,False
8a2764ac-ecf4-53bb-950a-d559ab2a06dd,1785338086623,sender -> receiver,0,True,1785338086456.0,-167.0,0.0,False
8a84bb4c-1565-5ec2-a2ac-83456f710be1,1785338087594,sender -> receiver,0,True,1785338087389.0,-205.0,0.0,False
2ebb1efc-26c2-521c-b351-2a597d71ab2b,1785338087598,sender -> receiver,0,True,1785338087409.0,-189.0,0.0,False
8d437eb0-9709-5ff3-ba37-73fae7a4bc27,1785338087603,sender -> receiver,0,True,1785338087427.0,-176.0,0.0,False
a8ab950a-4322-5ce3-89c7-7da9abbdefa0,1785338087605,sender -> receiver,0,True,1785338087439.0,-166.0,0.0,False
7e38e19c-d30d-5eb4-99b6-73b9834e3f30,1785338088563,sender -> receiver,0,True,1785338088399.0,-164.0,0.0,False
ce0f2a6c-753d-539c-989a-df7622fd3eeb,1785338088565,sender -> receiver,0,True,1785338088411.0,-154.0,0.0,False
8189912c-c17a-5ef8-8597-3bc9e4ce4aba,1785338088567,sender -> receiver,0,True,1785338088421.0,-146.0,0.0,False
2d2737bc-bb72-59bf-a56d-0359f816e0ef,1785338088582,sender -> receiver,0,True,1785338088429.0,-153.0,0.0,False
addee950-4e0c-5321-86b8-d6442191ad8b,1785338088584,sender -> receiver,0,True,1785338088438.0,-146.0,0.0,False
11b5fe20-72e8-53ea-96c2-37f22f36d66e,1785338089550,sender -> receiver,0,True,1785338089373.0,-177.0,0.0,False
74fa462d-feb6-5698-8e10-5f38bffdba25,1785338089552,sender -> receiver,0,True,1785338089392.0,-160.0,0.0,False
43ce35a9-56f2-5994-89b0-9896ab2dc52d,1785338089554,sender -> receiver,0,True,1785338089409.0,-145.0,0.0,False
ef314e11-b1ce-5cc4-8776-503ff6e7e72f,1785338089556,sender -> receiver,0,True,1785338089424.0,-132.0,0.0,False
e9f085c8-4cc9-56d9-9078-17a09535d8d8,1785338090550,sender -> receiver,0,True,1785338090359.0,-191.0,0.0,False
cdcd885e-13f7-5da6-b1c1-089d1fad3db0,1785338090552,sender -> receiver,0,True,1785338090379.0,-173.0,0.0,False
717e588c-4900-5dda-a2f5-452752447be4,1785338090554,sender -> receiver,0,True,1785338090392.0,-162.0,0.0,False
d33f9ab7-2e50-52b7-861e-12f10736a898,1785338090556,sender -> receiver,0,True,1785338090402.0,-154.0,0.0,False
9e591cf9-63b8-5480-8afb-93ee6b07f36b,1785338091589,sender -> receiver,0,True,1785338091398.0,-191.0,0.0,False
d50dfd30-9c37-587b-ac01-7d3c2f175ab9,1785338091592,sender -> receiver,0,True,1785338091422.0,-170.0,0.0,False
9004b645-1a75-59bc-a332-f6b31d7efdc5,1785338091612,sender -> receiver,0,True,1785338091441.0,-171.0,0.0,False
1022502b-faf3-55bf-9b6b-08263bf68967,1785338091614,sender -> receiver,0,True,1785338091459.0,-155.0,0.0,False
096c4134-c312-56b9-aa04-6ca125a1dfbc,1785338092550,sender -> receiver,0,True,1785338092356.0,-194.0,0.0,False
5f7f9bce-37b7-5650-8404-cbd2dcb4b26a,1785338092552,sender -> receiver,0,True,1785338092369.0,-183.0,0.0,False
ae2ae768-a860-5aa4-b891-80c1052ad558,1785338092567,sender -> receiver,0,True,1785338092382.0,-185.0,0.0,False
afefc6d9-8b3e-571f-b427-95cb25313a21,1785338092569,sender -> receiver,0,True,1785338092395.0,-174.0,0.0,False
f214a18d-ddb1-56f2-a093-b078a5c79521,1785338093548,sender -> receiver,0,True,1785338093346.0,-202.0,0.0,False
18c4111f-68c5-5277-8368-d3e89b96e208,1785338093550,sender -> receiver,0,True,1785338093363.0,-187.0,0.0,False
80be3473-e776-5201-a6dd-5347cc8e3677,1785338093552,sender -> receiver,0,True,1785338093378.0,-174.0,0.0,False
905ed287-ddbe-5d52-9547-d63303116f26,1785338093554,sender -> receiver,0,True,1785338093415.0,-139.0,0.0,False
fa90b556-6aff-5e10-bc5f-bc4e53d8d37d,1785338094596,sender -> receiver,0,True,1785338094410.0,-186.0,0.0,False
02bf1941-3745-5693-a4b0-51a06e202d39,1785338094598,sender -> receiver,0,True,1785338094420.0,-178.0,0.0,False
368f912e-c988-5f46-b05e-b35baf6ba592,1785338094600,sender -> receiver,0,True,1785338094450.0,-150.0,0.0,False
4fba8c79-e4d5-5da2-ae68-139cb4e83e39,1785338094602,sender -> receiver,0,True,1785338094462.0,-140.0,0.0,False
10fa49ff-c738-5937-aef5-363b7e260283,1785338094604,sender -> receiver,0,True,1785338094472.0,-132.0,0.0,False
e508fc94-7940-5cb5-bb03-75fe62145ae7,1785338095616,sender -> receiver,0,True,1785338095429.0,-187.0,0.0,False
8d065c39-30cb-5d73-ae78-7b655e795574,1785338095618,sender -> receiver,0,True,1785338095440.0,-178.0,0.0,False
13bc05e3-e82d-556b-a6a8-7daa0bddce4e,1785338095621,sender -> receiver,0,True,1785338095450.0,-171.0,0.0,False
c0a58edb-91f5-506e-a812-5824a91188a4,1785338095624,sender -> receiver,0,True,1785338095467.0,-157.0,0.0,False
0c463077-df5f-5568-86f9-8c0775ad3c17,1785338096548,sender -> receiver,0,True,1785338096355.0,-193.0,0.0,False
15a01b14-5ea5-5a3f-839e-832f3a2d19a4,1785338096550,sender -> receiver,0,True,1785338096372.0,-178.0,0.0,False
326c8049-a38e-5c5c-aae2-8f489900cc75,1785338096552,sender -> receiver,0,True,1785338096385.0,-167.0,0.0,False
5718caac-c250-5b8a-866a-95e2d0234de5,1785338096566,sender -> receiver,0,True,1785338096399.0,-167.0,0.0,False
917d7ba0-8f7e-50cf-98c3-c84b948d355c,1785338097596,sender -> receiver,0,True,1785338097425.0,-171.0,0.0,False
5e870069-ea5b-5ee8-b54b-7a85d0acdefc,1785338097599,sender -> receiver,0,True,1785338097447.0,-152.0,0.0,False
dba435d3-49d1-596a-973b-c70d5b970ea1,1785338097619,sender -> receiver,0,True,1785338097464.0,-155.0,0.0,False
75958ef9-19d2-5336-865d-5ada98e2f695,1785338097623,sender -> receiver,0,True,1785338097475.0,-148.0,0.0,False
6d50f1ab-bfd5-5dfc-a11b-a282917670a8,1785338098593,sender -> receiver,0,True,1785338098382.0,-211.0,0.0,False
00c9af22-e638-58a9-9f2d-7b1083ed07b7,1785338098607,sender -> receiver,0,True,1785338098460.0,-147.0,0.0,False
918c783e-083e-50cf-ba22-e3aca420cf05,1785338098610,sender -> receiver,0,True,1785338098492.0,-118.0,0.0,False
b8830f78-1091-55f9-a9ec-7dc5366cc9f5,1785338098613,sender -> receiver,0,True,1785338098502.0,-111.0,0.0,False
bec72ffa-9ac4-5ff7-b611-7f184ff3bb3d,1785338099551,sender -> receiver,0,True,1785338099359.0,-192.0,0.0,False
e6bcbe42-4858-51fb-bbce-fb32311df2dc,1785338099553,sender -> receiver,0,True,1785338099380.0,-173.0,0.0,False
b5c78560-ee79-51d8-9ed2-d17a3adf7239,1785338099555,sender -> receiver,0,True,1785338099392.0,-163.0,0.0,False
03e30e16-aee1-5bc5-ba1a-68981b4398ae,1785338099557,sender -> receiver,0,True,1785338099402.0,-155.0,0.0,False
0a4ee42e-dcc1-5751-8657-17394be01764,1785338165959,sender -> receiver,0,True,1785338165786.0,-173.0,0.0,False
fa277256-3dec-5aee-a4b1-e0cc970d0315,1785338165961,sender -> receiver,0,True,1785338165801.0,-160.0,0.0,False
ffb2798f-6ac0-510d-b828-ab5d3c1818d9,1785338165962,sender -> receiver,0,True,1785338165817.0,-145.0,0.0,False
432b0653-118b-5e22-af89-8a864ab46638,1785338165970,sender -> receiver,0,True,1785338165860.0,-110.0,0.0,False
1ce1d614-779d-595b-8345-089b2c3df76c,1785338165972,sender -> receiver,0,True,1785338165870.0,-102.0,0.0,False
5a460b33-e0a6-5458-bd23-ec07bb8f4b1e,1785338165974,sender -> receiver,0,True,1785338165880.0,-94.0,0.0,False
8da20241-8160-5d96-ae05-16c5776d1e80,1785338165975,sender -> receiver,0,True,1785338165889.0,-86.0,0.0,False
1eccc4f0-ed6c-5e1a-bfdc-ce4a015f8a62,1785338165985,sender -> receiver,0,True,1785338165899.0,-86.0,0.0,False
3d3259b2-2dd8-5d16-bced-8786c4389608,1785338165989,sender -> receiver,0,True,1785338165919.0,-70.0,0.0,False
706c9eea-375d-577d-8057-dd7de54b19c1,1785338165991,sender -> receiver,0,True,1785338165927.0,-64.0,0.0,False
4bde367a-1ac9-5cbd-b109-ef886b975948,1785338166009,sender -> receiver,0,True,1785338165934.0,-75.0,0.0,False
244e8ac3-c567-5953-a1c1-549a96462d59,1785338166011,sender -> receiver,0,True,1785338165943.0,-68.0,0.0,False
eb75045f-4286-5e4b-b58b-00484b9a5c82,1785338166013,sender -> receiver,0,True,1785338165960.0,-53.0,0.0,False
5dd8c28d-d7f6-5bc1-882a-5921ef9fa6e5,1785338166015,sender -> receiver,0,True,1785338165976.0,-39.0,0.0,False
3443242d-d87d-5b6a-be11-0903160cf0d1,1785338166016,sender -> receiver,0,True,1785338165984.0,-32.0,0.0,False
8e414fcb-7420-563b-9d59-76b4cd90164d,1785338166018,sender -> receiver,0,True,1785338165991.0,-27.0,0.0,False
c0f35337-729b-5075-bbfe-1cbb2f40edaa,1785338166020,sender -> receiver,0,True,1785338165997.0,-23.0,0.0,False
872be3ae-c366-5e84-b791-7fc3c62e82ac,1785338166022,sender -> receiver,0,True,1785338166004.0,-18.0,0.0,False
fa8a2376-f67a-5d0a-b81f-df1a9467df2a,1785338166023,sender -> receiver,0,True,1785338166010.0,-13.0,0.0,False
bf20e160-f961-5fc6-b34c-34b69ba01976,1785338166025,sender -> receiver,0,True,1785338166033.0,8.0,0.0,False
bbcf17a3-897d-5838-95c1-62009941fdf1,1785338166036,sender -> receiver,0,True,1785338166046.0,10.0,0.0,False
680ebea7-9a39-5ee1-90ef-ff97145563c1,1785338166038,sender -> receiver,0,True,1785338166052.0,14.0,0.0,False
f02974bc-fd46-5721-a746-43acec03a563,1785338166039,sender -> receiver,0,True,1785338166059.0,20.0,0.0,False
313d70a3-9a5c-5354-8da7-00d515d3f781,1785338166041,sender -> receiver,0,True,1785338166073.0,32.0,0.0,False
4de7a33f-1e8d-51fb-ac8e-e53c24a1abd9,1785338166053,sender -> receiver,0,True,1785338166080.0,27.0,0.0,False
7d8c414d-72eb-59c0-aeb7-a099af9f4486,1785338166055,sender -> receiver,0,True,1785338166087.0,32.0,0.0,False
30d3336c-a169-506a-a3a5-cb542afd7981,1785338166057,sender -> receiver,0,True,1785338166094.0,37.0,0.0,False
73d5c1a9-9737-52af-96e8-765ba9b7289f,1785338166070,sender -> receiver,0,True,1785338166109.0,39.0,0.0,False
5cf7b8a2-cffb-5376-bd75-9305e4034523,1785338166072,sender -> receiver,0,True,1785338166122.0,50.0,0.0,False
74072459-ddb3-5cda-a644-1a19434a653b,1785338166074,sender -> receiver,0,True,1785338166129.0,55.0,0.0,False
49d715a1-84e5-502c-9c03-25d3d0838a20,1785338166085,sender -> receiver,0,True,1785338166135.0,50.0,0.0,False
2eef9d15-1fd8-5b8f-bddf-1a536e2a2d00,1785338166087,sender -> receiver,0,True,1785338166142.0,55.0,0.0,False
325d34df-5b8c-52d0-80f1-1dc485971b06,1785338166089,sender -> receiver,0,True,1785338166156.0,67.0,0.0,False
ff384173-832b-5092-8bdc-712d5adead23,1785338166091,sender -> receiver,0,True,1785338166163.0,72.0,0.0,False
022d41ed-4fbc-51e2-b896-6cb46ef551e5,1785338166104,sender -> receiver,0,True,1785338166170.0,66.0,0.0,False
a11fe912-4aa5-5e41-ba60-215796b6d1a4,1785338166106,sender -> receiver,0,True,1785338166176.0,70.0,0.0,False
cb788707-0710-5b2b-86a4-45e95dc9a9a5,1785338166116,sender -> receiver,0,True,1785338166183.0,67.0,0.0,False
4132b645-33b9-55f5-a86f-d9a8fac146f1,1785338166119,sender -> receiver,0,True,1785338166189.0,70.0,0.0,False
590f2294-7c09-5346-b497-3aab729295d2,1785338166120,sender -> receiver,0,True,1785338166196.0,76.0,0.0,False
9cda955f-327c-543d-8bdd-d099d1b7f4a2,1785338166122,sender -> receiver,0,True,1785338166210.0,88.0,0.0,False
b30c8ecb-6ca1-5452-b976-542eb8dc99a5,1785338166124,sender -> receiver,0,True,1785338166217.0,93.0,0.0,False
da84ceb9-aaff-5af3-9a33-edf8cdb0b3d7,1785338166135,sender -> receiver,0,True,1785338166224.0,89.0,0.0,False
ac592f40-f0ce-5510-b155-0d746caea57f,1785338166137,sender -> receiver,0,True,1785338166231.0,94.0,0.0,False
7b829a2c-763d-5173-9b9b-e5d66b9bed44,1785338166139,sender -> receiver,0,True,1785338166241.0,102.0,0.0,False
746b9538-62d0-5f5a-9f26-029da3aa003f,1785338166141,sender -> receiver,0,True,1785338166262.0,121.0,0.0,False
3424fe01-c6c6-57a5-bb79-0306d2ef11dd,1785338166153,sender -> receiver,0,True,1785338166269.0,116.0,0.0,False
51339a9d-cfe7-54d3-a93b-4993854fd560,1785338166157,sender -> receiver,0,True,1785338166276.0,119.0,0.0,False
73409d76-383d-5d76-bcf6-bbd78b3e1516,1785338166169,sender -> receiver,0,True,1785338166282.0,113.0,0.0,False
e888f7e8-7692-5a75-aaef-1685df5c43f8,1785338166171,sender -> receiver,0,True,1785338166289.0,118.0,0.0,False
79c459b8-09ce-501d-8835-2512690948a8,1785338166173,sender -> receiver,0,True,1785338166295.0,122.0,0.0,False
3f90deac-9909-54ab-bd88-7d271eba0094,1785338166931,sender -> receiver,0,True,1785338166735.0,-196.0,0.0,False
062c9520-3fda-5490-8f63-22d28ae039c1,1785338166934,sender -> receiver,0,True,1785338166762.0,-172.0,0.0,False
47f9d32c-0933-5ba7-a20b-c1e8432700f9,1785338166935,sender -> receiver,0,True,1785338166780.0,-155.0,0.0,False
35d137b5-7259-556d-a061-e20355a0f5a2,1785338166937,sender -> receiver,0,True,1785338166799.0,-138.0,0.0,False
e0bd0014-7e54-513b-b696-0674e5a74304,1785338166947,sender -> receiver,0,True,1785338166844.0,-103.0,0.0,False
a6315155-55fc-55de-ac43-d0668970d000,1785338166950,sender -> receiver,0,True,1785338166854.0,-96.0,0.0,False
f81881a8-00e8-5375-872c-0a8d0085ae1a,1785338166953,sender -> receiver,0,True,1785338166873.0,-80.0,0.0,False
d8e8d236-b96e-505f-97e1-b1d37fb9b6d1,1785338166956,sender -> receiver,0,True,1785338166882.0,-74.0,0.0,False
0c4ac3dc-4acd-5387-a779-746638feb941,1785338166971,sender -> receiver,0,True,1785338166890.0,-81.0,0.0,False
297bfde6-3441-52ab-a15c-7f9aeb5a9097,1785338166973,sender -> receiver,0,True,1785338166917.0,-56.0,0.0,False
f07c4148-6dc4-5cde-b2b3-17fa6912f52d,1785338166975,sender -> receiver,0,True,1785338166925.0,-50.0,0.0,False
01b19dd2-4636-50af-9e3c-b5200b9af21e,1785338166977,sender -> receiver,0,True,1785338166933.0,-44.0,0.0,False
c98142fd-48e7-5c1f-86c4-dd12077f8479,1785338166978,sender -> receiver,0,True,1785338166940.0,-38.0,0.0,False
6d7cab22-fa47-533d-8474-41bb48e60b10,1785338166980,sender -> receiver,0,True,1785338166956.0,-24.0,0.0,False
94b0c207-0366-5da5-92ec-3b4adcd6b809,1785338166983,sender -> receiver,0,True,1785338166963.0,-20.0,0.0,False
6fe05e97-cd96-56a2-8540-471eab42bd9d,1785338166985,sender -> receiver,0,True,1785338166970.0,-15.0,0.0,False
1b8a93b6-6a22-52d7-a773-ef769b816cc2,1785338166986,sender -> receiver,0,True,1785338166977.0,-9.0,0.0,False
dd9be567-66b7-55e7-bd52-6283dbf26af3,1785338166988,sender -> receiver,0,True,1785338166985.0,-3.0,0.0,False
ecf03175-00f9-5722-8fc8-bdd4498a4483,1785338167017,sender -> receiver,0,True,1785338166992.0,-25.0,0.0,False
366ed734-8dac-5d7b-9dde-771ea4bbe4c5,1785338167019,sender -> receiver,0,True,1785338167019.0,0.0,0.0,False
0d7e5683-a15f-5679-95b7-312a9c821477,1785338167021,sender -> receiver,0,True,1785338167026.0,5.0,0.0,False
6d921673-2358-5bfd-98e7-ebe386874c03,1785338167023,sender -> receiver,0,True,1785338167033.0,10.0,0.0,False
f4cdefef-065a-5e41-b2eb-25d3af388ad3,1785338167024,sender -> receiver,0,True,1785338167040.0,16.0,0.0,False
78bf0698-15af-59c2-8182-06afae06e7fe,1785338167026,sender -> receiver,0,True,1785338167047.0,21.0,0.0,False
1d7dc7f6-6057-5730-be19-19d3c8cadb62,1785338167028,sender -> receiver,0,True,1785338167055.0,27.0,0.0,False
f06de333-850e-5461-81ef-e8623ea98aaa,1785338167029,sender -> receiver,0,True,1785338167062.0,33.0,0.0,False
2fced868-2eaa-56d7-b47e-4e03c1737a40,1785338167031,sender -> receiver,0,True,1785338167077.0,46.0,0.0,False
f652df77-4926-5f2c-8469-caf890ab20c0,1785338167032,sender -> receiver,0,True,1785338167084.0,52.0,0.0,False
d10b3572-16b6-5ecf-b842-d4b358844baf,1785338167034,sender -> receiver,0,True,1785338167092.0,58.0,0.0,False
faeb8852-a976-57bd-9b68-a90bb4e480cc,1785338167036,sender -> receiver,0,True,1785338167099.0,63.0,0.0,False
328a4078-cb1d-56d6-a98b-e7ed5faf42f2,1785338167038,sender -> receiver,0,True,1785338167106.0,68.0,0.0,False
c2702e9d-8af4-5911-9216-cabaf5ee01d3,1785338167049,sender -> receiver,0,True,1785338167122.0,73.0,0.0,False
fb934329-044d-5df5-a9fa-657b2f9c939f,1785338167053,sender -> receiver,0,True,1785338167130.0,77.0,0.0,False
46a878ec-0e56-51d5-9bbe-ff010b67e41a,1785338167055,sender -> receiver,0,True,1785338167137.0,82.0,0.0,False
57ec486f-674d-5742-8315-8baf1e57d802,1785338167066,sender -> receiver,0,True,1785338167144.0,78.0,0.0,False
76a17c1e-354e-50ca-895a-0a0a103462f6,1785338167068,sender -> receiver,0,True,1785338167158.0,90.0,0.0,False
87303de5-b32a-5463-ba46-eb8848e17f91,1785338167070,sender -> receiver,0,True,1785338167165.0,95.0,0.0,False
145f0cf5-709b-5eaf-85ac-42a907e7f185,1785338167081,sender -> receiver,0,True,1785338167179.0,98.0,0.0,False
b145c922-5bc1-56b3-8b57-97a363e76451,1785338167083,sender -> receiver,0,True,1785338167187.0,104.0,0.0,False
8a43fcb8-e253-5c45-82be-94828697c6bd,1785338167085,sender -> receiver,0,True,1785338167194.0,109.0,0.0,False
14594e33-70c1-59a4-bc07-bc375f643d37,1785338167087,sender -> receiver,0,True,1785338167200.0,113.0,0.0,False
47bcac02-0180-5f63-a1d6-ef185438aa5d,1785338167099,sender -> receiver,0,True,1785338167207.0,108.0,0.0,False
27610815-0f4b-5204-99c5-d7b130654802,1785338167101,sender -> receiver,0,True,1785338167221.0,120.0,0.0,False
93cdf912-d085-5c0f-902b-70c905a44d03,1785338167103,sender -> receiver,0,True,1785338167229.0,126.0,0.0,False
fae4edb8-08bc-5608-bc79-a71590e967cc,1785338167105,sender -> receiver,0,True,1785338167236.0,131.0,0.0,False
7d95e1f8-3591-5959-b481-6b7c8d1f68ce,1785338167115,sender -> receiver,0,True,1785338167244.0,129.0,0.0,False
452a0e94-68dd-51bd-82ed-8900ee4c89e6,1785338167118,sender -> receiver,0,True,1785338167250.0,132.0,0.0,False
f41eb4ee-f032-5d61-8a1f-116956ad2ccb,1785338167119,sender -> receiver,0,True,1785338167257.0,138.0,0.0,False
505842cc-72f5-56a0-ba35-43b157221aa3,1785338167121,sender -> receiver,0,True,1785338167279.0,158.0,0.0,False
c6323891-bdb9-5316-aba1-298e7ae362a3,1785338167132,sender -> receiver,0,True,1785338167294.0,162.0,0.0,False
51925685-ba2a-5340-a84e-e1e498e407b0,1785338204952,sender -> receiver,0,True,1785338204761.0,-191.0,0.0,False
757fb441-659b-5381-96a0-f6d3995bc9c0,1785338204954,sender -> receiver,0,True,1785338204831.0,-123.0,0.0,False
07c3c08f-0ca4-55a5-aaa8-d12e6e3abc31,1785338204956,sender -> receiver,0,True,1785338204842.0,-114.0,0.0,False
d17df747-c6db-59e0-a298-6ea20086ad2a,1785338204957,sender -> receiver,0,True,1785338204853.0,-104.0,0.0,False
cd824d01-3a80-52d6-bfe0-0b65aa593cdb,1785338205958,sender -> receiver,0,True,1785338205783.0,-175.0,0.0,False
7f85c39e-b007-5e7d-a922-074119445ac9,1785338205972,sender -> receiver,0,True,1785338205796.0,-176.0,0.0,False
9d7eb0c6-b938-5797-bb64-f1baeed1d972,1785338205973,sender -> receiver,0,True,1785338205805.0,-168.0,0.0,False
954717a6-9360-5ffa-9ee8-303b2151f907,1785338205974,sender -> receiver,0,True,1785338205814.0,-160.0,0.0,False
7eaf8654-77cf-50a6-958d-79091c81e7c4,1785338206967,sender -> receiver,0,True,1785338206784.0,-183.0,0.0,False
9daec49f-eab0-5b4a-9d00-f5863543965a,1785338206969,sender -> receiver,0,True,1785338206804.0,-165.0,0.0,False
62c374fd-1ec8-5ced-af8e-402c9fa18b5e,1785338206971,sender -> receiver,0,True,1785338206823.0,-148.0,0.0,False
607928b9-7bfd-50a6-93d1-f0652b27f4c3,1785338206973,sender -> receiver,0,True,1785338206839.0,-134.0,0.0,False
7dcd0a7f-4543-516f-866e-839b760b9d87,1785338208010,sender -> receiver,0,True,1785338207825.0,-185.0,0.0,False
b68a0891-0b9a-5e77-bb11-a3e25e8d4a7b,1785338208016,sender -> receiver,0,True,1785338207839.0,-177.0,0.0,False
659207fe-bfbf-549e-b330-12d6047729c3,1785338208021,sender -> receiver,0,True,1785338207851.0,-170.0,0.0,False
71858cb9-aa75-5965-89ba-3c43b2f97bb7,1785338208063,sender -> receiver,0,True,1785338207861.0,-202.0,0.0,False
ac46ad5d-6ab7-5eb8-9d5d-bc3c39489610,1785338208966,sender -> receiver,0,True,1785338208779.0,-187.0,0.0,False
02be246b-b513-5916-8318-bf900ec94cda,1785338208970,sender -> receiver,0,True,1785338208790.0,-180.0,0.0,False
984c2bae-16f1-5409-859c-49c5b31dca45,1785338208973,sender -> receiver,0,True,1785338208799.0,-174.0,0.0,False
ad2979c9-ebf7-5997-bf06-5c8fd269df63,1785338208977,sender -> receiver,0,True,1785338208808.0,-169.0,0.0,False
e879ef21-bef9-5a22-ae7e-5f2436a71eff,1785338210004,sender -> receiver,0,True,1785338209796.0,-208.0,0.0,False
21833548-49eb-554e-9c04-51f4d8d26245,1785338210008,sender -> receiver,0,True,1785338209807.0,-201.0,0.0,False
a6a55549-53cb-5a52-a5ac-91235fc40e67,1785338210013,sender -> receiver,0,True,1785338209818.0,-195.0,0.0,False
04c25786-c055-5156-b0f9-573550c2ed44,1785338210043,sender -> receiver,0,True,1785338209837.0,-206.0,0.0,False
9c6ec887-87e1-5cb5-bc16-0d5246e0e29a,1785338210972,sender -> receiver,0,True,1785338210775.0,-197.0,0.0,False
c791c2c1-d6f9-514a-8910-ce34b7cdb384,1785338210978,sender -> receiver,0,True,1785338210788.0,-190.0,0.0,False
740459d3-0b6a-5c90-8565-983c8148c9c1,1785338211001,sender -> receiver,0,True,1785338210796.0,-205.0,0.0,False
f00c6ff9-035d-538f-8908-fe084b749564,1785338211999,sender -> receiver,0,True,1785338211828.0,-171.0,0.0,False
6f5ca1c8-ff53-5861-abd3-1bb55ef09336,1785338212005,sender -> receiver,0,True,1785338211843.0,-162.0,0.0,False
6376d5cb-b618-5849-988c-200117c98f73,1785338212039,sender -> receiver,0,True,1785338211853.0,-186.0,0.0,False
6681d90b-0199-53e9-abea-a66797a1a8e3,1785338212042,sender -> receiver,0,True,1785338211862.0,-180.0,0.0,False
6d2558b9-3c66-5294-b1fc-36566e9f67ca,1785338213011,sender -> receiver,0,True,1785338212803.0,-208.0,0.0,False
a2360970-6a7f-5f07-86d6-7099001ade11,1785338213015,sender -> receiver,0,True,1785338212834.0,-181.0,0.0,False
46e8c300-a222-586a-a0f4-d074958a86ea,1785338213054,sender -> receiver,0,True,1785338212845.0,-209.0,0.0,False
08e265f3-e192-5284-9dc7-63fb91bdc4ad,1785338213059,sender -> receiver,0,True,1785338212858.0,-201.0,0.0,False
f3c6e69b-4b4f-5516-8c78-87cef4ce6bb2,1785338213965,sender -> receiver,0,True,1785338213800.0,-165.0,0.0,False
d08b1cd0-b309-58d5-befa-8cd70d8ab222,1785338213970,sender -> receiver,0,True,1785338213830.0,-140.0,0.0,False
aebaab02-f2f2-58e0-a2fd-92e9ab5f343a,1785338213972,sender -> receiver,0,True,1785338213842.0,-130.0,0.0,False
29e620a2-3719-5207-805d-6d15a54eed62,1785338213975,sender -> receiver,0,True,1785338213850.0,-125.0,0.0,False
9e9c7917-97c8-50cf-9486-90c43c7743f4,1785338214980,sender -> receiver,0,True,1785338214806.0,-174.0,0.0,False
1f0e2661-57e7-5321-89ed-1ae8803b1ae9,1785338214986,sender -> receiver,0,True,1785338214820.0,-166.0,0.0,False
04a3e77b-38be-5665-8933-db07263938c2,1785338214989,sender -> receiver,0,True,1785338214836.0,-153.0,0.0,False
5651d8da-57f3-5153-84a1-eec63ec21189,1785338215011,sender -> receiver,0,True,1785338214857.0,-154.0,0.0,False
e45c8a00-99ad-5291-87f2-ca9081264c11,1785338215990,sender -> receiver,0,True,1785338215778.0,-212.0,0.0,False
69d3c2cd-9c26-5612-8095-ed6500c36ee4,1785338215994,sender -> receiver,0,True,1785338215819.0,-175.0,0.0,False
490582c2-1749-5e3d-a781-68e35d057012,1785338215998,sender -> receiver,0,True,1785338215839.0,-159.0,0.0,False
29dc3b3c-a87f-5cb2-ae07-cb5e04a40da6,1785338216002,sender -> receiver,0,True,1785338215850.0,-152.0,0.0,False
4cde536a-efb9-5013-a867-27ab0fc1ea14,1785338216982,sender -> receiver,0,True,1785338216805.0,-177.0,0.0,False
0bea56d9-4182-5c9d-b53a-ba85b33fd424,1785338216990,sender -> receiver,0,True,1785338216827.0,-163.0,0.0,False
51b9d139-6086-508a-8059-7b6271376dee,1785338216994,sender -> receiver,0,True,1785338216844.0,-150.0,0.0,False
a4fbf60f-05f6-590e-a9d9-9114402adfc8,1785338217990,sender -> receiver,0,True,1785338217840.0,-150.0,0.0,False
d9dc24d6-2165-5086-b63b-51f01025c576,1785338217994,sender -> receiver,0,True,1785338217857.0,-137.0,0.0,False
8b25d659-990d-5712-8f78-5ade6f953da6,1785338218031,sender -> receiver,0,True,1785338217872.0,-159.0,0.0,False
69b16435-2a54-5add-91ad-798d4dd3e9ce,1785338218036,sender -> receiver,0,True,1785338217907.0,-129.0,0.0,False
474a8207-1026-563a-9eb8-c1427e6db935,1785338218954,sender -> receiver,0,True,1785338218756.0,-198.0,0.0,False
33735dba-3827-5846-b597-6e0147014dc8,1785338218957,sender -> receiver,0,True,1785338218767.0,-190.0,0.0,False
a52715fe-dee9-5868-b6f9-e48e524c979f,1785338218959,sender -> receiver,0,True,1785338218777.0,-182.0,0.0,False
066fbc0b-bd25-5286-a022-2d68bf8bd91a,1785338218961,sender -> receiver,0,True,1785338218787.0,-174.0,0.0,False
888399a6-ee67-5f6e-9913-d49d52b9f03e,1785338219974,sender -> receiver,0,True,1785338219803.0,-171.0,0.0,False
df98d522-4bf8-5121-8970-983404e88c2f,1785338219980,sender -> receiver,0,True,1785338219823.0,-157.0,0.0,False
57dda2c9-75cd-5de9-afc3-445c024698a6,1785338219986,sender -> receiver,0,True,1785338219838.0,-148.0,0.0,False
2d7e6bc0-b343-5bb0-9c0f-5d886c588603,1785338219990,sender -> receiver,0,True,1785338219868.0,-122.0,0.0,False
2fa23bfd-7747-5955-94c8-e27c3328f520,1785338220992,sender -> receiver,0,True,1785338220790.0,-202.0,0.0,False
547cba93-1abc-52bb-8066-e002f7e9e83d,1785338220996,sender -> receiver,0,True,1785338220803.0,-193.0,0.0,False
b51d0623-4b5d-5804-87d4-f517a1036033,1785338221025,sender -> receiver,0,True,1785338220813.0,-212.0,0.0,False
1c67bb92-bd5a-5232-b150-a385ca6bcabb,1785338221028,sender -> receiver,0,True,1785338220836.0,-192.0,0.0,False
af08efe4-0bd0-5ac1-b728-9d64d506fe49,1785338221995,sender -> receiver,0,True,1785338221805.0,-190.0,0.0,False
b6e3efc6-4f5e-5110-befc-70d1578d7106,1785338221999,sender -> receiver,0,True,1785338221814.0,-185.0,0.0,False
93ac2bbb-af39-52e0-838f-74e6239fc27b,1785338222032,sender -> receiver,0,True,1785338221823.0,-209.0,0.0,False
aa0fa94b-bfec-529b-b3a0-9e9c6c59d4f8,1785338222036,sender -> receiver,0,True,1785338221845.0,-191.0,0.0,False
dd22135b-5436-568f-aafc-0a36ee00d76c,1785338222962,sender -> receiver,0,True,1785338222790.0,-172.0,0.0,False
d947e260-4d9e-53c7-a1c1-480fa87e085c,1785338222967,sender -> receiver,0,True,1785338222804.0,-163.0,0.0,False
542a329b-b200-54b5-8b04-f3ea46013027,1785338222969,sender -> receiver,0,True,1785338222823.0,-146.0,0.0,False
d11b5c91-8e3e-5d3d-8cc2-83ea8eee94eb,1785338222974,sender -> receiver,0,True,1785338222837.0,-137.0,0.0,False
8c1a51d2-bf83-5699-a5da-95841d317f5c,1785338223968,sender -> receiver,0,True,1785338223808.0,-160.0,0.0,False
81056b27-066c-500b-a100-0c9c5561ecba,1785338223972,sender -> receiver,0,True,1785338223839.0,-133.0,0.0,False
d93de07c-0854-508c-86e2-af55b5cf72c1,1785338223976,sender -> receiver,0,True,1785338223850.0,-126.0,0.0,False
fb58231b-f4c0-5709-9079-9875ec034d58,1785338224966,sender -> receiver,0,True,1785338224753.0,-213.0,0.0,False
bbe90148-6a9a-534e-a58b-f272b5c39bce,1785338224968,sender -> receiver,0,True,1785338224777.0,-191.0,0.0,False
453cdbc4-78e2-55dd-8ee5-28a476550fe2,1785338224970,sender -> receiver,0,True,1785338224822.0,-148.0,0.0,False
6142aefb-3a6f-50dc-adeb-165c1fd65d62,1785338224972,sender -> receiver,0,True,1785338224831.0,-141.0,0.0,False
94a66808-df3b-502f-b5de-fb59c79d6024,1785338225975,sender -> receiver,0,True,1785338225762.0,-213.0,0.0,False
c3af04b8-4db7-5d0d-9ff3-05d44e5690e5,1785338225979,sender -> receiver,0,True,1785338225773.0,-206.0,0.0,False
b33293e1-48ad-5aef-a8a3-7f431017daa0,1785338225984,sender -> receiver,0,True,1785338225784.0,-200.0,0.0,False
084ed47d-7b09-564c-b87b-609bd16aa8fd,1785338225989,sender -> receiver,0,True,1785338225793.0,-196.0,0.0,False
2ce723b2-5efd-5bbf-969e-82356e6cf2bf,1785338226995,sender -> receiver,0,True,1785338226803.0,-192.0,0.0,False
6f555860-731f-5b1f-be45-9c0170a89619,1785338226999,sender -> receiver,0,True,1785338226836.0,-163.0,0.0,False
aaa56c80-75ac-528a-aca1-f36798435ec1,1785338227002,sender -> receiver,0,True,1785338226846.0,-156.0,0.0,False
efec4612-af02-5587-bb6e-558d9e917499,1785338227005,sender -> receiver,0,True,1785338226855.0,-150.0,0.0,False
00515a33-ea6a-59e2-92bd-02d85cff48c1,1785338228020,sender -> receiver,0,True,1785338227833.0,-187.0,0.0,False
6637b24d-0c6b-5398-812c-0d40b3affe5a,1785338228026,sender -> receiver,0,True,1785338227852.0,-174.0,0.0,False
fa6ab8c3-6530-52cc-9b5b-c1d454afcbe4,1785338228029,sender -> receiver,0,True,1785338227865.0,-164.0,0.0,False
cc1fe0a4-1dbc-5734-9aba-13d898165a2e,1785338228033,sender -> receiver,0,True,1785338227874.0,-159.0,0.0,False
fd6b1e69-b831-5748-a544-b50af27692d3,1785338228978,sender -> receiver,0,True,1785338228823.0,-155.0,0.0,False
70db20fa-d085-558f-aec4-7cf2b5243939,1785338228985,sender -> receiver,0,True,1785338228839.0,-146.0,0.0,False
7d7928af-ebf6-529b-be00-5ea053e21737,1785338229012,sender -> receiver,0,True,1785338228853.0,-159.0,0.0,False
d50c1b41-3cf4-591b-8551-c12d4d0f58af,1785338229016,sender -> receiver,0,True,1785338228876.0,-140.0,0.0,False
6b7a496c-d453-53fa-801c-b1f1af4842fa,1785338229959,sender -> receiver,0,True,1785338229833.0,-126.0,0.0,False
59b88a1d-f02e-5ddf-b2e0-d0654dce836a,1785338229961,sender -> receiver,0,True,1785338229847.0,-114.0,0.0,False
b4d603eb-5fbc-5e62-97a7-fbabca6395c7,1785338229964,sender -> receiver,0,True,1785338229884.0,-80.0,0.0,False
f375de96-9414-548d-a6b0-99c22ac88f54,1785338284749,sender,0,False,,,,False
3ef78a05-998b-5fb8-9343-3c22ab35f06b,1785338284750,sender,0,False,,,,False
6e36a8bc-4b8f-5328-9f5b-d2bb618bc732,1785338284752,sender,0,False,,,,False
f8090f0b-9c9d-52fc-9a5b-38ab8d8b83f9,1785338284754,sender,0,False,,,,False
27d3d798-9a65-5079-93e2-e7f055df191e,1785338284755,sender,0,False,,,,False
14857dca-c8a3-51ac-a1bd-550165aa8f3c,1785338284757,sender,0,False,,,,False
bfea1cf8-05bf-5b62-afd1-88d8865083c5,1785338284758,sender,0,False,,,,False
2e44211b-72ab-5a49-a615-aa07f737feff,1785338284770,sender,0,False,,,,False
4cb91266-e995-5ef1-83f9-a0610d9f840a,1785338284772,sender,0,False,,,,False
cf7925c2-a419-50f2-bf4b-ee0f5bd7c912,1785338284773,sender,0,False,,,,False
a8b26b89-99e5-5f26-aeca-af00e8d267ba,1785338285814,sender -> receiver,0,True,1785338285628.0,-186.0,0.0,False
bc01e65a-49fb-5e95-bffb-13e7db7681d6,1785338285817,sender -> receiver,0,True,1785338285657.0,-160.0,0.0,False
4db639a9-02d1-5a28-8c8f-5431c6dd7f5c,1785338285819,sender -> receiver,0,True,1785338285699.0,-120.0,0.0,False
847c3545-afda-573e-925d-0281e3bf3ae0,1785338285821,sender -> receiver,0,True,1785338285711.0,-110.0,0.0,False
de7e394a-862f-5272-a908-914f96447ff7,1785338285834,sender -> receiver,0,True,1785338285722.0,-112.0,0.0,False
a829869c-7730-5501-8b0d-d10290677491,1785338285837,sender -> receiver,0,True,1785338285731.0,-106.0,0.0,False
95709e15-a6fc-5731-ae71-8cf1bd27ec31,1785338285852,sender -> receiver,0,True,1785338285741.0,-111.0,0.0,False
fea7c5be-e642-550d-9bba-5c364419595c,1785338285854,sender -> receiver,0,True,1785338285757.0,-97.0,0.0,False
5eb1d33b-fa82-5a99-9900-6101d1808dd0,1785338285856,sender -> receiver,0,True,1785338285765.0,-91.0,0.0,False
4d66520a-bd7d-51aa-a3a6-12c14f6bd746,1785338286731,sender -> receiver,0,True,1785338286520.0,-211.0,0.0,False
003b5e10-3cfc-53bf-a489-2ca03bd51a5a,1785338286732,sender -> receiver,0,True,1785338286543.0,-189.0,0.0,False
aeb5b7a4-32a3-56e3-bbd9-666b36fde375,1785338286744,sender -> receiver,0,True,1785338286581.0,-163.0,0.0,False
fd4c7a6b-c53e-5830-ac3a-31a4b63a371b,1785338286746,sender -> receiver,0,True,1785338286599.0,-147.0,0.0,False
955c3aef-535c-5718-b432-a50c9ecaec20,1785338286748,sender -> receiver,0,True,1785338286613.0,-135.0,0.0,False
70fcbd76-6fd8-5d0e-afca-7b646014d6cb,1785338286759,sender -> receiver,0,True,1785338286622.0,-137.0,0.0,False
f482cb62-c5bd-5e8c-beb9-f0c18a4b73a1,1785338286762,sender -> receiver,0,True,1785338286632.0,-130.0,0.0,False
1a082c7c-1b8f-5565-bfb8-8f30f3f40a16,1785338286764,sender -> receiver,0,True,1785338286655.0,-109.0,0.0,False
beb68b56-43f6-5fde-ac35-5792feb401bb,1785338286766,sender -> receiver,0,True,1785338286665.0,-101.0,0.0,False
899b5752-9f29-584f-a7d8-cc4230fd182a,1785338287756,sender -> receiver,0,True,1785338287550.0,-206.0,0.0,False
398d7a9e-60ec-5e25-b4de-73b5977eb67c,1785338287759,sender -> receiver,0,True,1785338287593.0,-166.0,0.0,False
8074d16b-5f86-5d43-a797-ef4ad08620fc,1785338287765,sender -> receiver,0,True,1785338287611.0,-154.0,0.0,False
39254ee9-07f3-5a25-be78-a01e1ba02986,1785338287767,sender -> receiver,0,True,1785338287621.0,-146.0,0.0,False
740279aa-7816-5cc6-a57b-7213741b7d8a,1785338287770,sender -> receiver,0,True,1785338287630.0,-140.0,0.0,False
0a10b0f9-c9f3-51c1-88ad-f8260b3b2d61,1785338287772,sender -> receiver,0,True,1785338287638.0,-134.0,0.0,False
b5568957-8391-52ae-8f28-bc3cb4ab5ddd,1785338287773,sender -> receiver,0,True,1785338287646.0,-127.0,0.0,False
4121bad3-205d-5e84-a286-61c34827ca78,1785338287775,sender -> receiver,0,True,1785338287662.0,-113.0,0.0,False
c9552975-3d39-5d8d-84ce-7ad12ea46374,1785338287777,sender -> receiver,0,True,1785338287673.0,-104.0,0.0,False
d84ef84c-81a7-57ed-b910-ea6d63dc4a6e,1785338288802,sender -> receiver,0,True,1785338288582.0,-220.0,0.0,False
432f70f0-6434-523b-852b-85fff654e7e9,1785338288805,sender -> receiver,0,True,1785338288602.0,-203.0,0.0,False
e28f9240-5fa0-5f58-92ea-7b1e535cb82d,1785338288807,sender -> receiver,0,True,1785338288615.0,-192.0,0.0,False
a982db0c-eb53-5ca1-9a3c-64a109d2ed6e,1785338288821,sender -> receiver,0,True,1785338288626.0,-195.0,0.0,False
fef98274-af8a-5015-9312-ea19fa61df9d,1785338288824,sender -> receiver,0,True,1785338288650.0,-174.0,0.0,False
1e69904f-e552-5e4e-8924-fe4f4433911f,1785338288827,sender -> receiver,0,True,1785338288660.0,-167.0,0.0,False
b9987e8a-43b4-5470-8232-fa3ae4776e76,1785338288830,sender -> receiver,0,True,1785338288669.0,-161.0,0.0,False
5e82aa21-43ec-53de-9468-196e9b603804,1785338288832,sender -> receiver,0,True,1785338288677.0,-155.0,0.0,False
c9515a54-8bb0-5fc6-b964-0206db08803d,1785338288834,sender -> receiver,0,True,1785338288690.0,-144.0,0.0,False
b58e49aa-91d2-5eaa-9767-a3aa02a79bdb,1785338289754,sender -> receiver,0,True,1785338289525.0,-229.0,0.0,False
aa49d5dc-4e95-539e-ac31-6684aa18e8ee,1785338289757,sender -> receiver,0,True,1785338289545.0,-212.0,0.0,False
136526f2-a805-5c62-98e4-d1841e2abeca,1785338289759,sender -> receiver,0,True,1785338289557.0,-202.0,0.0,False
0bc88f31-0ecc-5b8f-8631-31f9060259e1,1785338289761,sender -> receiver,0,True,1785338289566.0,-195.0,0.0,False
78e5fd6b-e43f-5541-a9e1-a349bfadb9eb,1785338289763,sender -> receiver,0,True,1785338289586.0,-177.0,0.0,False
353556e5-146e-5797-97c1-15ebe912bdf1,1785338289766,sender -> receiver,0,True,1785338289596.0,-170.0,0.0,False
7ba073b8-c645-5351-8642-acb3f4e4f843,1785338289770,sender -> receiver,0,True,1785338289614.0,-156.0,0.0,False
d9a042e7-3221-5def-84cd-bcd58a6ba34f,1785338289784,sender -> receiver,0,True,1785338289639.0,-145.0,0.0,False
497eef49-cdf5-57bc-bcb4-0f0546bca9ab,1785338289787,sender -> receiver,0,True,1785338289653.0,-134.0,0.0,False
35397098-6421-58f5-928b-16d8f10581c5,1785338290739,sender -> receiver,0,True,1785338290532.0,-207.0,0.0,False
35e0de1c-5738-5e8f-84e6-5e9846e5075b,1785338290743,sender -> receiver,0,True,1785338290554.0,-189.0,0.0,False
8d2f5cc0-43ea-517e-83d0-cabf49e7c313,1785338290745,sender -> receiver,0,True,1785338290571.0,-174.0,0.0,False
f384f2d8-e2de-58f6-93b8-89ae7663a4fa,1785338290746,sender -> receiver,0,True,1785338290590.0,-156.0,0.0,False
ae9e7325-4e0f-5e8f-b05f-fd330121ecca,1785338290749,sender -> receiver,0,True,1785338290632.0,-117.0,0.0,False
8f0de8be-ce44-5434-9dd1-7deb5b048c41,1785338290751,sender -> receiver,0,True,1785338290643.0,-108.0,0.0,False
463a2272-7332-507b-a572-773bcb7aa234,1785338290763,sender -> receiver,0,True,1785338290653.0,-110.0,0.0,False
9dd7c361-5b13-5b8e-bbc5-392a92fb57c4,1785338290765,sender -> receiver,0,True,1785338290663.0,-102.0,0.0,False
ec5d9172-a5c3-5343-98de-90718d66771b,1785338290767,sender -> receiver,0,True,1785338290672.0,-95.0,0.0,False
d6ea1cbc-d348-56c9-bb00-9e424d7f268b,1785338291790,sender -> receiver,0,True,1785338291687.0,-103.0,0.0,False
dd98366f-18c8-57d4-a9d7-7485c859904f,1785338291793,sender -> receiver,0,True,1785338291695.0,-98.0,0.0,False
312c2f8f-c578-541f-aaa4-6a5bbb880dc9,1785338291797,sender -> receiver,0,True,1785338291704.0,-93.0,0.0,False
f7e9b1d9-b67f-5579-820d-f46163b8c217,1785338291817,sender -> receiver,0,True,1785338291715.0,-102.0,0.0,False
7b79ce12-a323-5191-90ad-1d18840f1e35,1785338291822,sender -> receiver,0,True,1785338291722.0,-100.0,0.0,False
3f9074ae-eacb-5229-9bb5-57e812ce309a,1785338291825,sender -> receiver,0,True,1785338291730.0,-95.0,0.0,False
2eff1c19-df7e-5cff-856d-c7e8d30c0ada,1785338291827,sender -> receiver,0,True,1785338291748.0,-79.0,0.0,False
5d220497-9d6d-557a-bd33-f512f7174adc,1785338291830,sender -> receiver,0,True,1785338291756.0,-74.0,0.0,False
9f659c22-3c1a-5f31-805f-33f9894ef970,1785338291844,sender -> receiver,0,True,1785338291764.0,-80.0,0.0,False
8223a144-1fd3-51e7-a751-8dc004de9fa1,1785338292751,sender -> receiver,0,True,1785338292563.0,-188.0,0.0,False
d80e4df1-fa78-5e08-8c78-d5435df01ae9,1785338292753,sender -> receiver,0,True,1785338292571.0,-182.0,0.0,False
535d8cce-95dc-51c7-ab3e-7e33fb3e8c8f,1785338292755,sender -> receiver,0,True,1785338292580.0,-175.0,0.0,False
39f4d3fd-307c-524f-a043-42760efcad47,1785338292757,sender -> receiver,0,True,1785338292625.0,-132.0,0.0,False
b9464fdd-fdf8-543f-8d9a-d983a40b2f4d,1785338292759,sender -> receiver,0,True,1785338292656.0,-103.0,0.0,False
ec9c3228-6a21-5c0c-8345-57f04a5b3f1b,1785338292760,sender -> receiver,0,True,1785338292680.0,-80.0,0.0,False
21f99b29-7b27-5bc6-94ad-3a385b8fccb8,1785338292773,sender -> receiver,0,True,1785338292688.0,-85.0,0.0,False
b1dbb894-a9ab-57d0-8a06-36f9ef1d0b17,1785338292776,sender -> receiver,0,True,1785338292698.0,-78.0,0.0,False
d164ea89-f018-5316-983f-15847e046a1d,1785338292777,sender -> receiver,0,True,1785338292705.0,-72.0,0.0,False
b7081531-57e3-5025-a016-632b68265364,1785338293755,sender -> receiver,0,True,1785338293552.0,-203.0,0.0,False
d2f8596f-73c9-57a8-a288-5e0166d1e441,1785338293758,sender -> receiver,0,True,1785338293564.0,-194.0,0.0,False
f3fcce3d-9f6c-511d-9b47-5830ef68ce1b,1785338293760,sender -> receiver,0,True,1785338293597.0,-163.0,0.0,False
7b4c17e3-c91e-5f44-a5e9-61568faa4ee7,1785338293763,sender -> receiver,0,True,1785338293612.0,-151.0,0.0,False
d2470e6e-608e-5351-9713-6d2027ef6d8c,1785338293765,sender -> receiver,0,True,1785338293630.0,-135.0,0.0,False
ab2c6e90-7147-5324-8933-1324e3c39542,1785338293767,sender -> receiver,0,True,1785338293657.0,-110.0,0.0,False
5e3aa966-9a0b-5b05-8bd0-c817f4d45b6d,1785338293770,sender -> receiver,0,True,1785338293668.0,-102.0,0.0,False
691fb103-55b8-5693-be8c-ddf9760afb1a,1785338293782,sender -> receiver,0,True,1785338293680.0,-102.0,0.0,False
7c6dce74-9746-5de7-ad0b-dfc8d51ea113,1785338293784,sender -> receiver,0,True,1785338293690.0,-94.0,0.0,False
70076df6-921d-5b7b-952a-80e470c54123,1785338294794,sender -> receiver,0,True,1785338294688.0,-106.0,0.0,False
98241114-480c-51fe-ae28-43ab5bfea22d,1785338294797,sender -> receiver,0,True,1785338294705.0,-92.0,0.0,False
e5c71311-b901-53a9-a4c6-6554f5ce8688,1785338294800,sender -> receiver,0,True,1785338294714.0,-86.0,0.0,False
ff5abeec-ab78-5dbb-86d3-f9824dae6ef6,1785338294819,sender -> receiver,0,True,1785338294723.0,-96.0,0.0,False
b556a778-232f-5102-9049-5f32698798c4,1785338294822,sender -> receiver,0,True,1785338294740.0,-82.0,0.0,False
fce3cece-c1e0-5990-889c-478171946dae,1785338294824,sender -> receiver,0,True,1785338294750.0,-74.0,0.0,False
42b7799e-8e73-597a-ae18-445583470885,1785338294826,sender -> receiver,0,True,1785338294759.0,-67.0,0.0,False
c188eb62-253e-5d7d-b4f0-fbc0128c58a1,1785338294828,sender -> receiver,0,True,1785338294767.0,-61.0,0.0,False
b42612b6-7b9a-5900-ac6e-5393789715da,1785338294830,sender -> receiver,0,True,1785338294796.0,-34.0,0.0,False
6c38a9ba-6f4a-5f52-8cdb-7ddd349fca85,1785338335408,sender -> receiver,0,True,1785338335183.0,-225.0,0.0,False
6589a2c1-7829-5974-a40c-d0983d4d0500,1785338335410,sender -> receiver,0,True,1785338335205.0,-205.0,0.0,False
335938be-293f-59cd-a9a0-2b26c97c2e46,1785338335424,sender -> receiver,0,True,1785338335210.0,-214.0,0.0,False
0043f941-e03a-56e8-8398-b13329f6c0cb,1785338335426,sender -> receiver,0,True,1785338335227.0,-199.0,0.0,False
4bc79702-b377-5587-918c-9c9ce8a9c5ad,1785338336420,sender -> receiver,0,True,1785338336240.0,-180.0,0.0,False
dfb9f219-f99a-5165-b27d-0e252319c9fa,1785338336422,sender -> receiver,0,True,1785338336255.0,-167.0,0.0,False
71b9e4d6-879f-5f8e-af91-b79a48ac3a3b,1785338336424,sender -> receiver,0,True,1785338336274.0,-150.0,0.0,False
736767bb-34d2-5d8c-bdd9-bc36b97c10b1,1785338336436,sender -> receiver,0,True,1785338336288.0,-148.0,0.0,False
a533cc57-b167-5dee-92d4-44f29aef8ae9,1785338337414,sender -> receiver,0,True,1785338337231.0,-183.0,0.0,False
fef19a9d-4aca-58ab-ae7a-041d7c255a87,1785338337416,sender -> receiver,0,True,1785338337244.0,-172.0,0.0,False
2dd396e7-0eba-5844-9d92-e9b188788640,1785338337419,sender -> receiver,0,True,1785338337264.0,-155.0,0.0,False
62321812-c8ef-5410-aaf6-0e177610519f,1785338337422,sender -> receiver,0,True,1785338337275.0,-147.0,0.0,False
a1544084-42d5-5c1d-b71f-4821b6568d57,1785338338455,sender -> receiver,0,True,1785338338285.0,-170.0,0.0,False
1347c7b8-c020-5167-890e-5908230dbe3b,1785338338460,sender -> receiver,0,True,1785338338296.0,-164.0,0.0,False
41ad72e9-7782-5afb-a91e-9add4c7ea7e0,1785338338464,sender -> receiver,0,True,1785338338306.0,-158.0,0.0,False
f7ffd221-bc4c-526b-a228-adc774213c20,1785338338467,sender -> receiver,0,True,1785338338315.0,-152.0,0.0,False
ee19bd77-7861-5937-84ba-e9078a5f5f55,1785338339451,sender -> receiver,0,True,1785338339298.0,-153.0,0.0,False
88300689-4311-5d61-81f0-45a8d9643399,1785338339456,sender -> receiver,0,True,1785338339315.0,-141.0,0.0,False
995f9645-753a-5a09-876e-db3deafa08fa,1785338339461,sender -> receiver,0,True,1785338339368.0,-93.0,0.0,False
fd58d048-d8e9-589b-bc87-7e4153b075fc,1785338339466,sender -> receiver,0,True,1785338339381.0,-85.0,0.0,False
166ae2b7-ad18-5ca3-8bfc-fbafc793a563,1785338340419,sender -> receiver,0,True,1785338340200.0,-219.0,0.0,False
b3b7949a-7ede-5f4d-8cd0-44636e181434,1785338340423,sender -> receiver,0,True,1785338340222.0,-201.0,0.0,False
41cbb2fa-c51c-58cd-9758-98b02d594d59,1785338340426,sender -> receiver,0,True,1785338340233.0,-193.0,0.0,False
29d0a635-a719-500c-9da3-160f1001aef9,1785338340444,sender -> receiver,0,True,1785338340244.0,-200.0,0.0,False
91f8dc9f-6ea1-515f-b611-9b1c0f680ca4,1785338341420,sender -> receiver,0,True,1785338341233.0,-187.0,0.0,False
0b258162-0722-5f20-b303-b844aa68a500,1785338341424,sender -> receiver,0,True,1785338341255.0,-169.0,0.0,False
215d4cae-0345-5658-a6f2-7d6289b7cd65,1785338341442,sender -> receiver,0,True,1785338341269.0,-173.0,0.0,False
e5fff608-21ad-5e4c-9418-de3c69190cac,1785338342426,sender -> receiver,0,True,1785338342239.0,-187.0,0.0,False
dec3d0b4-aa9c-5a77-8f91-ad84c405e2a3,1785338342431,sender -> receiver,0,True,1785338342250.0,-181.0,0.0,False
7160875c-bbc7-5fbf-abe6-a7b8a0d76545,1785338342435,sender -> receiver,0,True,1785338342260.0,-175.0,0.0,False
8a35f77e-2114-5543-bcd7-9c9869fbcb5d,1785338342460,sender -> receiver,0,True,1785338342272.0,-188.0,0.0,False
7a1caa94-16f4-5024-b925-e6076aec9367,1785338343441,sender -> receiver,0,True,1785338343234.0,-207.0,0.0,False
f20223e2-3704-517b-aab4-a9382cd2d96c,1785338343447,sender -> receiver,0,True,1785338343254.0,-193.0,0.0,False
96a5774f-efa7-57c5-9982-685c4c4937b9,1785338343451,sender -> receiver,0,True,1785338343301.0,-150.0,0.0,False
e0d7b857-3809-5890-bdcd-99174e34881f,1785338343479,sender -> receiver,0,True,1785338343311.0,-168.0,0.0,False
ddcd580b-9d28-5bf0-bad3-072a2ac444aa,1785338344443,sender -> receiver,0,True,1785338344249.0,-194.0,0.0,False
f6b3c172-e2b4-5577-b2f8-dc687d45296e,1785338344450,sender -> receiver,0,True,1785338344307.0,-143.0,0.0,False
df743437-689e-5cee-8228-46c954349189,1785338344453,sender -> receiver,0,True,1785338344318.0,-135.0,0.0,False
9cd4baca-49c6-5502-8089-25d5329e45e4,1785338344457,sender -> receiver,0,True,1785338344330.0,-127.0,0.0,False
dd5d8f7f-e2ca-5fe9-ae98-2eaedc379315,1785338345412,sender -> receiver,0,True,1785338345204.0,-208.0,0.0,False
1527fc20-48ca-5ca9-a4ea-19d3c7348303,1785338345414,sender -> receiver,0,True,1785338345225.0,-189.0,0.0,False
9fae5d1f-e7e3-53e0-b9af-145f044a4153,1785338345416,sender -> receiver,0,True,1785338345240.0,-176.0,0.0,False
0186ef12-2d0d-58f7-a4ef-8a158c6e1d80,1785338345418,sender -> receiver,0,True,1785338345258.0,-160.0,0.0,False
e02c5269-3475-5075-9303-53b59ab807c6,1785338346417,sender -> receiver,0,True,1785338346239.0,-178.0,0.0,False
84a263c7-1b36-52a5-b1a4-c95cd267142b,1785338346419,sender -> receiver,0,True,1785338346255.0,-164.0,0.0,False
593bf2f2-1c23-5438-892f-43ad023c6ed1,1785338346422,sender -> receiver,0,True,1785338346269.0,-153.0,0.0,False
9a2ac483-e47d-59c7-962a-3139a0fdc48e,1785338346425,sender -> receiver,0,True,1785338346303.0,-122.0,0.0,False
c157e7fc-9882-58d4-aced-bc0f25d54e63,1785338347409,sender -> receiver,0,True,1785338347217.0,-192.0,0.0,False
7654506b-3d00-5b04-9770-644707d558c9,1785338347412,sender -> receiver,0,True,1785338347238.0,-174.0,0.0,False
af2bf8c3-807f-5612-8000-936aae65479b,1785338347420,sender -> receiver,0,True,1785338347290.0,-130.0,0.0,False
5370b357-5ba1-5934-bc67-f7c620e592c6,1785338348415,sender -> receiver,0,True,1785338348238.0,-177.0,0.0,False
9314e6f2-6f2c-53a4-ae25-ed56d6d13b1b,1785338348417,sender -> receiver,0,True,1785338348263.0,-154.0,0.0,False
304204ca-5b52-5f11-bf6a-3d77c01f6aa1,1785338348419,sender -> receiver,0,True,1785338348284.0,-135.0,0.0,False
bbfe1dfc-e07b-5c3f-865f-1b4a9e3e1827,1785338348421,sender -> receiver,0,True,1785338348301.0,-120.0,0.0,False
e81f2b39-0983-5bd1-9d4c-7adb70f6e1c5,1785338349417,sender -> receiver,0,True,1785338349212.0,-205.0,0.0,False
451c3646-8aed-5b43-833b-fe2605dc8363,1785338349421,sender -> receiver,0,True,1785338349225.0,-196.0,0.0,False
7916011f-74ed-5ad1-aef5-af8ac44453f3,1785338349423,sender -> receiver,0,True,1785338349236.0,-187.0,0.0,False
f994fe73-1ebb-5a0d-9087-a2c61db0a0b2,1785338349439,sender -> receiver,0,True,1785338349246.0,-193.0,0.0,False
1f6070fc-c368-50d2-bc6d-2494a45e9080,1785338350419,sender -> receiver,0,True,1785338350232.0,-187.0,0.0,False
5cd7e368-160c-577b-9920-c123a5f85b9e,1785338350421,sender -> receiver,0,True,1785338350272.0,-149.0,0.0,False
b5ec265c-a545-5177-9ad2-8b2f9b960935,1785338350423,sender -> receiver,0,True,1785338350291.0,-132.0,0.0,False
e1954879-0745-5167-8b8d-7cadeac17e8c,1785338350425,sender -> receiver,0,True,1785338350301.0,-124.0,0.0,False
5fe0e7f7-e012-541d-9508-b10f8b92387e,1785338351417,sender -> receiver,0,True,1785338351248.0,-169.0,0.0,False
3e618bcc-e79c-5301-99e6-b6a992ecc63e,1785338351420,sender -> receiver,0,True,1785338351267.0,-153.0,0.0,False
f67db46f-cc02-5db5-b7b1-482b44f3ae44,1785338351426,sender -> receiver,0,True,1785338351282.0,-144.0,0.0,False
629905d6-c547-5c88-b39c-fd96085d2b35,1785338351428,sender -> receiver,0,True,1785338351338.0,-90.0,0.0,False
2ae7ebb7-a3be-5c61-9898-69553ab0f5d7,1785338352446,sender -> receiver,0,True,1785338352277.0,-169.0,0.0,False
65f7124a-e084-5016-9f98-dc7033c89299,1785338352449,sender -> receiver,0,True,1785338352293.0,-156.0,0.0,False
21e388ff-9e1e-541a-b316-000f21380245,1785338352452,sender -> receiver,0,True,1785338352308.0,-144.0,0.0,False
95eddf2f-552d-5d0a-ad2c-981f951c7a72,1785338352455,sender -> receiver,0,True,1785338352326.0,-129.0,0.0,False
8d3cc9a1-92ab-5015-95fb-b9a19990b754,1785338353442,sender -> receiver,0,True,1785338353269.0,-173.0,0.0,False
c93a2f3e-d6e4-536c-8619-25964bc3b6a2,1785338353448,sender -> receiver,0,True,1785338353301.0,-147.0,0.0,False
096a4d0f-20e6-5a25-9ddb-3dcda9beaa96,1785338353453,sender -> receiver,0,True,1785338353311.0,-142.0,0.0,False
393b4191-a314-5989-b8fa-831ab3f4426f,1785338353459,sender -> receiver,0,True,1785338353320.0,-139.0,0.0,False
abf2ee94-c19c-5142-b8c5-8d1aae326f03,1785338354407,sender -> receiver,0,True,1785338354203.0,-204.0,0.0,False
21b16450-6380-54bd-a442-4c5848d52cfb,1785338354408,sender -> receiver,0,True,1785338354218.0,-190.0,0.0,False
4679fb3f-a419-5a6e-bc38-b33f524fff52,1785338354410,sender -> receiver,0,True,1785338354233.0,-177.0,0.0,False
c630126b-3fd1-5d37-9a5c-5b2e600f8b15,1785338355416,sender -> receiver,0,True,1785338355232.0,-184.0,0.0,False
e26b3545-7c22-55b0-92d8-fd34ef04a0b8,1785338355420,sender -> receiver,0,True,1785338355249.0,-171.0,0.0,False
687f7dc0-07a0-504f-8d37-fc6703c1c85f,1785338355424,sender -> receiver,0,True,1785338355267.0,-157.0,0.0,False
c1133b1a-63e8-57bd-8edc-6d7fe1d86f20,1785338355427,sender -> receiver,0,True,1785338355301.0,-126.0,0.0,False
0d906dc8-f541-5619-a7d0-7543d5a1f753,1785338356413,sender -> receiver,0,True,1785338356228.0,-185.0,0.0,False
a93b1e82-8466-59ee-a49e-446dc51e5a48,1785338356416,sender -> receiver,0,True,1785338356256.0,-160.0,0.0,False
026d59be-7ce7-5ffa-a7d9-ddb0b6c1ae7a,1785338356419,sender -> receiver,0,True,1785338356276.0,-143.0,0.0,False
c0bd30bb-0201-561a-8f43-02bb532ae4ac,1785338356421,sender -> receiver,0,True,1785338356327.0,-94.0,0.0,False
7cfa5588-885a-56da-b685-58dda699d1b3,1785338357428,sender -> receiver,0,True,1785338357234.0,-194.0,0.0,False
cc359d3a-5c9b-5ff3-8fe1-af644c187150,1785338357430,sender -> receiver,0,True,1785338357255.0,-175.0,0.0,False
973cf969-b942-52fb-aa25-285985f905ee,1785338357433,sender -> receiver,0,True,1785338357270.0,-163.0,0.0,False
9049be77-9be8-5072-a439-af7788aabc61,1785338357435,sender -> receiver,0,True,1785338357288.0,-147.0,0.0,False
92258d84-b7e4-5fa2-819c-d77ada07e79a,1785338358421,sender -> receiver,0,True,1785338358198.0,-223.0,0.0,False
e76c9851-cfdf-5462-9509-0430fd0d9aa5,1785338358425,sender -> receiver,0,True,1785338358219.0,-206.0,0.0,False
42f937a2-ad38-5e27-9adb-fd48572460fa,1785338358452,sender -> receiver,0,True,1785338358231.0,-221.0,0.0,False
f4cb3ed4-e46e-552d-ad6e-f7fec02ab629,1785338358457,sender -> receiver,0,True,1785338358260.0,-197.0,0.0,False
b682b6e7-cdd8-54ab-adc6-b9b2133a8861,1785338359412,sender -> receiver,0,True,1785338359253.0,-159.0,0.0,False
214dd893-a519-55d4-95df-78f5b19afd02,1785338359415,sender -> receiver,0,True,1785338359265.0,-150.0,0.0,False
95060647-7c27-57c6-bb8d-70eed9a1ec6e,1785338359417,sender -> receiver,0,True,1785338359276.0,-141.0,0.0,False
dbd678eb-680e-5ddd-a6e2-4b531add23e7,1785338359432,sender -> receiver,0,True,1785338359286.0,-146.0,0.0,False
8932ac0b-decb-5072-8a06-c826c2a394ac,1785338360435,sender -> receiver,0,True,1785338360240.0,-195.0,0.0,False
5eceb247-d47a-5fef-b459-d0c76bfddd22,1785338360438,sender -> receiver,0,True,1785338360272.0,-166.0,0.0,False
26e288c7-c245-561a-aece-0a9ec4fc9e6e,1785338360442,sender -> receiver,0,True,1785338360331.0,-111.0,0.0,False
42869162-6632-5f42-b819-226174ca2492,1785338538361,sender -> receiver,0,True,1785338538177.0,-184.0,0.0,False
a4079621-128e-5044-8782-4eaac05a31fa,1785338538365,sender -> receiver,0,True,1785338538202.0,-163.0,0.0,False
0b7c04a5-6b0f-5c91-aeb6-06e9248d4309,1785338538369,sender -> receiver,0,True,1785338538221.0,-148.0,0.0,False
571955bd-f18e-5665-9908-f61844fc13c2,1785338538373,sender -> receiver,0,True,1785338538265.0,-108.0,0.0,False
2e7adfc3-5cb6-5aaa-a13d-6b24244bb9e5,1785338538377,sender -> receiver,0,True,1785338538278.0,-99.0,0.0,False
aa8eff7a-d9c2-5ceb-b687-75a88649a1c9,1785338538401,sender -> receiver,0,True,1785338538289.0,-112.0,0.0,False
1ad47b7c-0515-5d02-a141-6ae0aeef8017,1785338538404,sender -> receiver,0,True,1785338538314.0,-90.0,0.0,False
92b102b6-4716-5953-94eb-a2e8dfa8f53e,1785338539327,sender -> receiver,0,True,1785338539153.0,-174.0,0.0,False
03a5f421-4d20-5e3f-babd-89d31316761f,1785338539330,sender -> receiver,0,True,1785338539167.0,-163.0,0.0,False
0a48dd64-296f-5bd8-b345-5a3dba07971f,1785338539333,sender -> receiver,0,True,1785338539178.0,-155.0,0.0,False
c2ff4272-1b26-5987-8209-2d0735d11e2d,1785338539338,sender -> receiver,0,True,1785338539188.0,-150.0,0.0,False
d8e9b2cc-7767-5950-b571-1c47d0e980fb,1785338539342,sender -> receiver,0,True,1785338539197.0,-145.0,0.0,False
b25be633-67d4-59e9-b933-8add3db0c524,1785338539356,sender -> receiver,0,True,1785338539223.0,-133.0,0.0,False
f3a67c11-ec3b-5042-9a24-6457be4336af,1785338539359,sender -> receiver,0,True,1785338539231.0,-128.0,0.0,False
e2f34233-9699-56e2-a6c6-9213ad50b8f1,1785338540326,sender -> receiver,0,True,1785338540157.0,-169.0,0.0,False
e13e3437-58d7-56b3-9cab-e82060b7e51a,1785338540329,sender -> receiver,0,True,1785338540170.0,-159.0,0.0,False
eb659b11-8878-5a6a-bddb-be8e99fb040b,1785338540332,sender -> receiver,0,True,1785338540182.0,-150.0,0.0,False
a7d600ac-b92a-5862-8bd6-3118697e4a09,1785338540335,sender -> receiver,0,True,1785338540192.0,-143.0,0.0,False
298177e3-93b1-5117-ba7a-1f95c24c87b1,1785338540348,sender -> receiver,0,True,1785338540201.0,-147.0,0.0,False
af5717e0-942d-55b7-8c45-81f095bc7f5e,1785338540351,sender -> receiver,0,True,1785338540210.0,-141.0,0.0,False
91b65825-539f-5dde-914c-d6539b633453,1785338541324,sender -> receiver,0,True,1785338541155.0,-169.0,0.0,False
56690adc-893d-5a67-b2dd-5e3966df5f7a,1785338541326,sender -> receiver,0,True,1785338541174.0,-152.0,0.0,False
2413d950-948d-5f3a-a37a-e9c49398d6d8,1785338541328,sender -> receiver,0,True,1785338541192.0,-136.0,0.0,False
4d3296ac-9f31-5161-b702-90d84026cf79,1785338541330,sender -> receiver,0,True,1785338541203.0,-127.0,0.0,False
caa63c3d-07ed-5eb1-a5fc-1681fc8dc083,1785338541333,sender -> receiver,0,True,1785338541214.0,-119.0,0.0,False
3384dc56-011f-563c-83e0-92a93d386943,1785338541335,sender -> receiver,0,True,1785338541234.0,-101.0,0.0,False
cbc834bf-3a41-5925-8e37-5e4f92fbb701,1785338541350,sender -> receiver,0,True,1785338541244.0,-106.0,0.0,False
ef0e6492-98a7-5521-a59c-57ad9895599b,1785338542323,sender -> receiver,0,True,1785338542124.0,-199.0,0.0,False
be3220a5-356c-5060-a9f2-136d102dd615,1785338542326,sender -> receiver,0,True,1785338542140.0,-186.0,0.0,False
3861d6f1-f61f-5a9f-9f88-e60149ce0d76,1785338542328,sender -> receiver,0,True,1785338542150.0,-178.0,0.0,False
71e3b053-0961-5167-9c3d-44e7b99ddfa8,1785338542330,sender -> receiver,0,True,1785338542171.0,-159.0,0.0,False
858c87e7-6bdd-50bc-9e4c-d0a64dfdf093,1785338542344,sender -> receiver,0,True,1785338542181.0,-163.0,0.0,False
19360cc7-77dc-55e4-b240-0c02ed920ab2,1785338542345,sender -> receiver,0,True,1785338542189.0,-156.0,0.0,False
4cd60cfd-0b75-5e35-b5e9-2fee5a4dc820,1785338542347,sender -> receiver,0,True,1785338542197.0,-150.0,0.0,False
6c9066bb-1189-525e-9c77-3dc1f53261cf,1785338543324,sender -> receiver,0,True,1785338543102.0,-222.0,0.0,False
e5766a27-0957-56cc-9c9e-e981e677688c,1785338543327,sender -> receiver,0,True,1785338543123.0,-204.0,0.0,False
b25884e9-0dfa-5175-ae4a-156c24231068,1785338543329,sender -> receiver,0,True,1785338543138.0,-191.0,0.0,False
919be512-a1cb-5dd8-96ff-92f9b8cc79f4,1785338543331,sender -> receiver,0,True,1785338543150.0,-181.0,0.0,False
170d7f8c-3c50-503d-95e2-85f5adcb4295,1785338543333,sender -> receiver,0,True,1785338543176.0,-157.0,0.0,False
5ff6f84f-436e-5735-b983-7603dd4606ac,1785338543335,sender -> receiver,0,True,1785338543186.0,-149.0,0.0,False
8a4b9fb5-81a1-531f-97ec-3b4ac9047222,1785338544326,sender -> receiver,0,True,1785338544173.0,-153.0,0.0,False
338e4169-a26b-5d43-94a0-090d1dea283d,1785338544328,sender -> receiver,0,True,1785338544185.0,-143.0,0.0,False
b75e62e8-733b-53d4-963d-d42bd9a46eca,1785338544330,sender -> receiver,0,True,1785338544195.0,-135.0,0.0,False
fe9161a9-df19-54f4-8593-91d189879acc,1785338544332,sender -> receiver,0,True,1785338544204.0,-128.0,0.0,False
bbc1466c-981e-5327-b982-4dc75f943a4b,1785338544334,sender -> receiver,0,True,1785338544213.0,-121.0,0.0,False
e285c5e1-9c5d-52b8-96f2-3864a1033ecd,1785338544336,sender -> receiver,0,True,1785338544230.0,-106.0,0.0,False
668a20ad-d7b2-5cf0-b935-8db7945b3da1,1785338544350,sender -> receiver,0,True,1785338544239.0,-111.0,0.0,False
b82cf4da-5cf2-5b97-9415-731f05f6679c,1785338545326,sender -> receiver,0,True,1785338545131.0,-195.0,0.0,False
18d070ee-4316-5626-88bf-e845c4a3769e,1785338545328,sender -> receiver,0,True,1785338545154.0,-174.0,0.0,False
907e22db-01f6-5cec-a483-df35945f1ef4,1785338545332,sender -> receiver,0,True,1785338545170.0,-162.0,0.0,False
89a431aa-e424-57e1-902b-90358d9b3991,1785338545334,sender -> receiver,0,True,1785338545187.0,-147.0,0.0,False
eeba24e0-56bc-534e-a6ff-d74a2ba05bf7,1785338545336,sender -> receiver,0,True,1785338545212.0,-124.0,0.0,False
9746d7a5-0db6-57e3-aa58-3435b0d093af,1785338545339,sender -> receiver,0,True,1785338545223.0,-116.0,0.0,False
5eed30bf-92b7-5592-9c88-d020c2c6289d,1785338545343,sender -> receiver,0,True,1785338545231.0,-112.0,0.0,False
66d2a848-d09b-5cd2-bb0e-b29f39a2f6b7,1785338546321,sender -> receiver,0,True,1785338546151.0,-170.0,0.0,False
ec129633-d614-53a7-9f5c-f3e68437bf77,1785338546327,sender -> receiver,0,True,1785338546162.0,-165.0,0.0,False
efab84b1-cc63-5552-ac59-5ccbbd62f4cb,1785338546329,sender -> receiver,0,True,1785338546170.0,-159.0,0.0,False
75c3a49a-2e4f-5b22-9966-50e54119a538,1785338546343,sender -> receiver,0,True,1785338546183.0,-160.0,0.0,False
164b06de-00c5-5bd0-a5d4-0f7f7091c08c,1785338546346,sender -> receiver,0,True,1785338546193.0,-153.0,0.0,False
6a4f9108-abb1-5f3b-a828-d367a7e2bfa3,1785338546348,sender -> receiver,0,True,1785338546203.0,-145.0,0.0,False
7b2cceeb-a731-5cfd-8cdb-f23d5d2775a1,1785338547374,sender -> receiver,0,True,1785338547167.0,-207.0,0.0,False
416a01b7-0375-56e4-b082-2e77f4e7a903,1785338547379,sender -> receiver,0,True,1785338547184.0,-195.0,0.0,False
fdf96215-4f94-558a-9ba6-8ed27a0756a0,1785338547395,sender -> receiver,0,True,1785338547220.0,-175.0,0.0,False
8ec1d609-57a5-59a2-83ed-1ec276b49ad2,1785338547399,sender -> receiver,0,True,1785338547239.0,-160.0,0.0,False
a286f8f1-396e-5944-a86e-c3fbc8fa6ef9,1785338547401,sender -> receiver,0,True,1785338547270.0,-131.0,0.0,False
51a82bea-eb3c-59b6-9e6a-7c611aee4dee,1785338547403,sender -> receiver,0,True,1785338547282.0,-121.0,0.0,False
4ae7a360-d09f-5cea-8322-c0847563a00d,1785338547405,sender -> receiver,0,True,1785338547296.0,-109.0,0.0,False
6a4681f4-3e4d-5868-b995-f4592bf0d8f8,1785338548327,sender -> receiver,0,True,1785338548162.0,-165.0,0.0,False
78b23402-1db9-5878-91dd-3e585c28cf11,1785338548329,sender -> receiver,0,True,1785338548187.0,-142.0,0.0,False
993fde1a-e339-5c12-9257-4b8c3fae813a,1785338548331,sender -> receiver,0,True,1785338548205.0,-126.0,0.0,False
8f5d75c1-f287-5456-882d-ac1cb49fc803,1785338548333,sender -> receiver,0,True,1785338548222.0,-111.0,0.0,False
686b74b0-1603-5e83-b71c-4f457bd55a1b,1785338548336,sender -> receiver,0,True,1785338548255.0,-81.0,0.0,False
83c396ff-4f7e-591a-a094-5dea45d60788,1785338548350,sender -> receiver,0,True,1785338548267.0,-83.0,0.0,False
24616d9c-4f14-56a3-867b-f70b38325f03,1785338548352,sender -> receiver,0,True,1785338548279.0,-73.0,0.0,False
06fff383-acb3-537e-87d4-bfbba8b5aba4,1785338549322,sender -> receiver,0,True,1785338549153.0,-169.0,0.0,False
e02e56c1-46bf-541a-b276-95e313a4ae3f,1785338549325,sender -> receiver,0,True,1785338549166.0,-159.0,0.0,False
e98a5452-d7cd-507b-8562-19ba975c1cb0,1785338549327,sender -> receiver,0,True,1785338549178.0,-149.0,0.0,False
cd4a796e-e800-532e-ba3c-7675abd2d9c2,1785338549329,sender -> receiver,0,True,1785338549191.0,-138.0,0.0,False
af4f2b96-34c6-5897-8541-7ed741186c34,1785338549331,sender -> receiver,0,True,1785338549202.0,-129.0,0.0,False
eb1d2152-082e-5f8b-84db-e775efba9dd4,1785338549333,sender -> receiver,0,True,1785338549221.0,-112.0,0.0,False
2c67d40f-167a-554b-958c-b75e5cf4815e,1785338550327,sender -> receiver,0,True,1785338550123.0,-204.0,0.0,False
fdb58cdf-a2b8-5eea-949c-c6672a3cf76c,1785338550329,sender -> receiver,0,True,1785338550140.0,-189.0,0.0,False
5b44b75e-b7d1-5c64-8606-df2e3957fd3a,1785338550332,sender -> receiver,0,True,1785338550152.0,-180.0,0.0,False
8015f644-cb37-53b5-80c5-dd05f96ace98,1785338550346,sender -> receiver,0,True,1785338550162.0,-184.0,0.0,False
a6b68878-e5f4-5055-9c4b-1b9e9878a49b,1785338550348,sender -> receiver,0,True,1785338550170.0,-178.0,0.0,False
083851c8-486f-5d65-9436-1d861ada7e17,1785338550350,sender -> receiver,0,True,1785338550188.0,-162.0,0.0,False
b0d1894f-d9e4-5b98-a8c4-11cd40952d40,1785338550356,sender -> receiver,0,True,1785338550196.0,-160.0,0.0,False
3fa0a213-d00b-523f-a8f7-1dde40463bad,1785338551325,sender -> receiver,0,True,1785338551117.0,-208.0,0.0,False
225bfcad-f4ec-5f67-9c2e-771248a75ce4,1785338551327,sender -> receiver,0,True,1785338551144.0,-183.0,0.0,False
d1aa0cd8-294f-5fcf-b079-3ea826350660,1785338551329,sender -> receiver,0,True,1785338551163.0,-166.0,0.0,False
7c65031c-b510-57e2-8406-0105070b39b4,1785338551331,sender -> receiver,0,True,1785338551182.0,-149.0,0.0,False
dbc72414-31ed-5d1c-8c5a-b6f220cd2e5e,1785338551333,sender -> receiver,0,True,1785338551208.0,-125.0,0.0,False
01a696a9-25a4-577b-88f9-72b8f17bd637,1785338551336,sender -> receiver,0,True,1785338551220.0,-116.0,0.0,False
191a46ad-8a78-5281-970c-1522c54cd7f1,1785338551338,sender -> receiver,0,True,1785338551229.0,-109.0,0.0,False
ba1a62be-09e0-510e-8c53-d555c83c0d2f,1785338552376,sender -> receiver,0,True,1785338552153.0,-223.0,0.0,False
1b09edb0-f73b-5a1c-b110-8ca1a062b4bf,1785338552383,sender -> receiver,0,True,1785338552210.0,-173.0,0.0,False
57a597cf-d7ed-52ec-b48a-8f54646aca86,1785338552389,sender -> receiver,0,True,1785338552228.0,-161.0,0.0,False
35d8fafe-c1b6-59fe-abd0-fc6e99649047,1785338552393,sender -> receiver,0,True,1785338552247.0,-146.0,0.0,False
cc78d9b0-41e7-5d7c-bdbb-33433f3eea20,1785338552415,sender -> receiver,0,True,1785338552260.0,-155.0,0.0,False
ccd5e193-774c-50d3-bd85-cb88ab01cc97,1785338552417,sender -> receiver,0,True,1785338552271.0,-146.0,0.0,False
b951b673-5084-56aa-98a4-564b032badde,1785338592505,sender -> receiver,0,True,1785338592280.0,-225.0,0.0,False
1423f380-ec06-5fe3-ad69-4f727eec1b1d,1785338592507,sender -> receiver,0,True,1785338592300.0,-207.0,0.0,False
1c72479a-1e2d-5a4f-ae59-00bd61b64315,1785338592509,sender -> receiver,0,True,1785338592318.0,-191.0,0.0,False
96b40c75-1064-54cf-9d97-d23744e1382d,1785338592511,sender -> receiver,0,True,1785338592337.0,-174.0,0.0,False
d7d130dd-6173-5dec-b6a5-ab1ae043fbb1,1785338593509,sender -> receiver,0,True,1785338593296.0,-213.0,0.0,False
1dddf319-4860-5aa5-8eeb-fcf9cf9f98d0,1785338593512,sender -> receiver,0,True,1785338593312.0,-200.0,0.0,False
b431cae7-7f16-5474-9611-1c522cc84f14,1785338593514,sender -> receiver,0,True,1785338593341.0,-173.0,0.0,False
a5013aa9-28f9-5eba-80d8-1565007346be,1785338593516,sender -> receiver,0,True,1785338593361.0,-155.0,0.0,False
21246b4f-294a-58a2-bafb-9d2785a84103,1785338594495,sender -> receiver,0,True,1785338594283.0,-212.0,0.0,False
b78e0aab-2ae2-5272-9278-52096872716d,1785338594498,sender -> receiver,0,True,1785338594334.0,-164.0,0.0,False
2c426f7b-7ef7-5844-b36d-4027e4f5156b,1785338594500,sender -> receiver,0,True,1785338594349.0,-151.0,0.0,False
5f4b67d7-aa4d-5be4-b75c-12994f933362,1785338594502,sender -> receiver,0,True,1785338594360.0,-142.0,0.0,False
f57e806a-0316-5c13-919f-6c7c1e1444d5,1785338595515,sender -> receiver,0,True,1785338595321.0,-194.0,0.0,False
092e60d7-415f-5e0d-b3bb-afc6f16e7720,1785338595518,sender -> receiver,0,True,1785338595332.0,-186.0,0.0,False
607661f9-75b1-5f21-87ba-57761f7fb2a5,1785338595521,sender -> receiver,0,True,1785338595343.0,-178.0,0.0,False
afb51343-4b52-5aab-841b-d50ed725003d,1785338595523,sender -> receiver,0,True,1785338595352.0,-171.0,0.0,False
a0a125d1-b533-5154-a9eb-64ff288df571,1785338596512,sender -> receiver,0,True,1785338596302.0,-210.0,0.0,False
f9378953-4274-5a3b-b647-91011c013153,1785338596517,sender -> receiver,0,True,1785338596327.0,-190.0,0.0,False
7e8006d3-38dc-53ca-bc93-9b423da64bc5,1785338596520,sender -> receiver,0,True,1785338596346.0,-174.0,0.0,False
813a7807-e0aa-5749-8191-666168de2231,1785338596522,sender -> receiver,0,True,1785338596367.0,-155.0,0.0,False
becc486e-6b7e-586e-b85a-f5f9a2b8b17f,1785338597540,sender -> receiver,0,True,1785338597334.0,-206.0,0.0,False
41088a8f-f43d-50c3-97a8-bec0f6d49f3b,1785338597546,sender -> receiver,0,True,1785338597351.0,-195.0,0.0,False
d37610ac-5437-5977-b806-54d0c98d8b05,1785338597552,sender -> receiver,0,True,1785338597364.0,-188.0,0.0,False
b6064174-a598-55c8-9430-ee5b70ecc4fd,1785338597585,sender -> receiver,0,True,1785338597390.0,-195.0,0.0,False
bb939a5e-519a-5363-876d-22a539fb462a,1785338598509,sender -> receiver,0,True,1785338598325.0,-184.0,0.0,False
ceea7808-824e-5b04-ae9a-09f975374f79,1785338598515,sender -> receiver,0,True,1785338598346.0,-169.0,0.0,False
35b2e3ef-982a-50b5-997c-a96c2fa85278,1785338598532,sender -> receiver,0,True,1785338598364.0,-168.0,0.0,False
26ec1765-5e25-5fdc-8000-0b6aa5dbd3aa,1785338599552,sender -> receiver,0,True,1785338599351.0,-201.0,0.0,False
a6ce50d8-7f90-51ce-a2bb-208b190f08cc,1785338599558,sender -> receiver,0,True,1785338599372.0,-186.0,0.0,False
a7c88a76-cd49-5725-8d65-039b20520817,1785338599564,sender -> receiver,0,True,1785338599386.0,-178.0,0.0,False
e35c46dd-7661-568c-8709-45d53a632c52,1785338599604,sender -> receiver,0,True,1785338599397.0,-207.0,0.0,False
1b1c8337-a77b-5333-92f7-9c02ea4255f8,1785338600509,sender -> receiver,0,True,1785338600322.0,-187.0,0.0,False
f3954f89-0c43-53a7-b7dc-1494241e2083,1785338600513,sender -> receiver,0,True,1785338600340.0,-173.0,0.0,False
b825ea2d-a573-5314-96a4-f7c889dd820a,1785338600517,sender -> receiver,0,True,1785338600359.0,-158.0,0.0,False
adb5f82e-ad5b-585b-9c93-9e83e5f9808a,1785338600519,sender -> receiver,0,True,1785338600374.0,-145.0,0.0,False
398444ef-3303-52c0-96f0-00495c70eff9,1785338601510,sender -> receiver,0,True,1785338601320.0,-190.0,0.0,False
5ed97e9d-ea6c-5048-b0a1-64d380110bcb,1785338601514,sender -> receiver,0,True,1785338601332.0,-182.0,0.0,False
78650713-04c1-5bec-8cc4-273b17bb650d,1785338601518,sender -> receiver,0,True,1785338601343.0,-175.0,0.0,False
82b8dfad-0c99-5068-b480-e63717805c7c,1785338601540,sender -> receiver,0,True,1785338601352.0,-188.0,0.0,False
421f8e6e-a5b3-5c68-b378-02ec88786f02,1785338602515,sender -> receiver,0,True,1785338602327.0,-188.0,0.0,False
fd739cfc-a83b-509d-a4bf-c04c6e177eb1,1785338602518,sender -> receiver,0,True,1785338602346.0,-172.0,0.0,False
741e180a-2204-5274-bd52-177a3d2e1012,1785338602521,sender -> receiver,0,True,1785338602359.0,-162.0,0.0,False
822e4b95-77fb-5395-9b11-c9a9508e9364,1785338602523,sender -> receiver,0,True,1785338602373.0,-150.0,0.0,False
8e5d2bd6-cafd-536d-8a61-4c98e97793e7,1785338603549,sender -> receiver,0,True,1785338603422.0,-127.0,0.0,False
5f1a00d5-0870-5b89-9bfe-66c612e42e78,1785338603555,sender -> receiver,0,True,1785338603440.0,-115.0,0.0,False
409181a1-f08a-5c59-9591-6297654fabe0,1785338603561,sender -> receiver,0,True,1785338603457.0,-104.0,0.0,False
0367b541-b016-5f18-97e5-933af1ee7de4,1785338603598,sender -> receiver,0,True,1785338603476.0,-122.0,0.0,False
76d4c9e6-78dc-5735-923a-182027785dd6,1785338604544,sender -> receiver,0,True,1785338604351.0,-193.0,0.0,False
33c4eea9-a5e3-56f1-a9c9-917a85aa8538,1785338604569,sender -> receiver,0,True,1785338604376.0,-193.0,0.0,False
baa53e9b-6987-52e1-8259-cb333ff4875b,1785338604576,sender -> receiver,0,True,1785338604395.0,-181.0,0.0,False
ef78dcf4-a164-5bd7-bb5a-101378645863,1785338605504,sender -> receiver,0,True,1785338605318.0,-186.0,0.0,False
c1bfb933-4753-5eed-9fc0-63570c8be63e,1785338605506,sender -> receiver,0,True,1785338605329.0,-177.0,0.0,False
cddacae7-e948-5099-b649-40775dc29c80,1785338605509,sender -> receiver,0,True,1785338605338.0,-171.0,0.0,False
1da07392-6bc9-5dff-ba6f-8fa956b2adac,1785338605511,sender -> receiver,0,True,1785338605349.0,-162.0,0.0,False
8227db7c-2c55-5f73-bcad-34f7aedf5869,1785338606514,sender -> receiver,0,True,1785338606333.0,-181.0,0.0,False
b561ce97-a3d3-50f3-80db-59ef9a70a0dd,1785338606518,sender -> receiver,0,True,1785338606351.0,-167.0,0.0,False
fc66236d-4020-5f50-87ee-1de4fd801c3e,1785338606522,sender -> receiver,0,True,1785338606365.0,-157.0,0.0,False
f1b6c42f-5514-5b06-aaee-8afc960eaabe,1785338606524,sender -> receiver,0,True,1785338606396.0,-128.0,0.0,False
44f94973-1dfa-569e-bb5b-8f31d6a755c1,1785338607513,sender -> receiver,0,True,1785338607320.0,-193.0,0.0,False
52299895-3f9e-5c51-958b-910c78ed64d1,1785338607517,sender -> receiver,0,True,1785338607341.0,-176.0,0.0,False
9d1ce630-c188-5a89-b373-5c43a880c9ba,1785338607520,sender -> receiver,0,True,1785338607352.0,-168.0,0.0,False
dadf094a-b785-5d5b-965d-77428a872bee,1785338607523,sender -> receiver,0,True,1785338607371.0,-152.0,0.0,False
556d1ca3-46a0-5c7b-960c-7598b2f34dd5,1785338608509,sender -> receiver,0,True,1785338608307.0,-202.0,0.0,False
d04dd17c-ad6d-5224-af6f-436dcea790c5,1785338608514,sender -> receiver,0,True,1785338608327.0,-187.0,0.0,False
cfe89e46-0f6f-56f0-9fb5-64fd57436ab8,1785338608522,sender -> receiver,0,True,1785338608344.0,-178.0,0.0,False
12a9dfb6-dc56-572c-92a4-ebadefb8aae7,1785338608544,sender -> receiver,0,True,1785338608363.0,-181.0,0.0,False
19afba09-1576-56c5-9832-d23005fc6448,1785338609511,sender -> receiver,0,True,1785338609330.0,-181.0,0.0,False
84b4d47b-9936-5547-a7d7-61915524317a,1785338609515,sender -> receiver,0,True,1785338609345.0,-170.0,0.0,False
f590491c-bdf9-50cd-99cc-9ea11f441bd1,1785338609542,sender -> receiver,0,True,1785338609359.0,-183.0,0.0,False
b6a3c55a-30fc-5029-9229-e069a810f1e7,1785338609545,sender -> receiver,0,True,1785338609382.0,-163.0,0.0,False
dce87351-df06-5fc2-8c61-1c3832f2d5d2,1785338610512,sender -> receiver,0,True,1785338610306.0,-206.0,0.0,False
69e8e684-4433-53c4-b9a8-dd0ff455e848,1785338610516,sender -> receiver,0,True,1785338610333.0,-183.0,0.0,False
80e40a6d-582e-553b-b744-2746df26dfc7,1785338610522,sender -> receiver,0,True,1785338610368.0,-154.0,0.0,False
7227a870-091a-56e3-9ffa-d277109bd9af,1785338610527,sender -> receiver,0,True,1785338610377.0,-150.0,0.0,False
246ad850-d005-54e9-9f7b-e9963700dc18,1785338611536,sender -> receiver,0,True,1785338611331.0,-205.0,0.0,False
7816a211-23cf-5a03-ad99-2e7c6d0d4af6,1785338611544,sender -> receiver,0,True,1785338611339.0,-205.0,0.0,False
5653ab24-4fb3-5584-b149-82928938e649,1785338611574,sender -> receiver,0,True,1785338611347.0,-227.0,0.0,False
8c138f16-0853-526f-b9e3-09379af30091,1785338612516,sender -> receiver,0,True,1785338612333.0,-183.0,0.0,False
f5807211-3f72-5db4-874b-ed49444d5ef9,1785338612519,sender -> receiver,0,True,1785338612350.0,-169.0,0.0,False
39174207-90c0-5479-8598-faadd7611ead,1785338612522,sender -> receiver,0,True,1785338612369.0,-153.0,0.0,False
1a4a61be-be94-5b0d-bc1d-bd682ae68abd,1785338612524,sender -> receiver,0,True,1785338612385.0,-139.0,0.0,False
4b87df07-3d5c-5dda-be73-aa6f7e48a2a9,1785338613511,sender -> receiver,0,True,1785338613311.0,-200.0,0.0,False
9fa6dc36-4d78-5ec5-be3a-fd0ccfafe62d,1785338613514,sender -> receiver,0,True,1785338613329.0,-185.0,0.0,False
f00d36f1-0114-5012-b1de-18fe1a901eb6,1785338613517,sender -> receiver,0,True,1785338613353.0,-164.0,0.0,False
1686fb3d-1eb9-56d7-bd6a-5fc7cc17a1a0,1785338613539,sender -> receiver,0,True,1785338613371.0,-168.0,0.0,False
d5391ec2-9a68-5968-a578-83b1633274aa,1785338614514,sender -> receiver,0,True,1785338614292.0,-222.0,0.0,False
2878e5da-c1bd-587f-9ed7-4151c55b0821,1785338614517,sender -> receiver,0,True,1785338614312.0,-205.0,0.0,False
38feb806-aef4-5439-946d-37412767f9cf,1785338614520,sender -> receiver,0,True,1785338614326.0,-194.0,0.0,False
e93d6cd9-be48-5416-a511-7cdca6d82279,1785338614523,sender -> receiver,0,True,1785338614336.0,-187.0,0.0,False
7fb0dc89-33e4-5313-85e3-1664a9ce3f51,1785338615511,sender -> receiver,0,True,1785338615337.0,-174.0,0.0,False
1c70db8c-9ca1-549f-bb55-d51e9e9962c8,1785338615515,sender -> receiver,0,True,1785338615358.0,-157.0,0.0,False
9177e2ed-231d-5a48-aebc-8abe780da828,1785338615518,sender -> receiver,0,True,1785338615369.0,-149.0,0.0,False
ff7f41ba-3225-553b-ad3b-5206af7be24a,1785338615520,sender -> receiver,0,True,1785338615380.0,-140.0,0.0,False
20b22740-0e1c-5338-aa40-5f6166bed46a,1785338616516,sender -> receiver,0,True,1785338616320.0,-196.0,0.0,False
29c2fed4-a4c7-5079-8eab-9721084e05bb,1785338616520,sender -> receiver,0,True,1785338616343.0,-177.0,0.0,False
3d652050-b3af-5ba8-96ff-6b3a936e7d6c,1785338616535,sender -> receiver,0,True,1785338616361.0,-174.0,0.0,False
6a9c0816-7fe0-563a-a1ff-8606fc7e2d69,1785338616538,sender -> receiver,0,True,1785338616404.0,-134.0,0.0,False
8a293992-2156-56fe-a273-dcce3040e9dd,1785338617504,sender -> receiver,0,True,1785338617301.0,-203.0,0.0,False
84b8a780-833f-5e17-8b44-91c41c21cce1,1785338617506,sender -> receiver,0,True,1785338617312.0,-194.0,0.0,False
091a77b3-2195-50b7-886a-faa0f5ea030c,1785338617509,sender -> receiver,0,True,1785338617320.0,-189.0,0.0,False
f29d0fe3-1391-5310-95c1-317354bf5832,1785338658240,sender -> receiver,0,True,1785338658014.0,-226.0,0.0,False
73ff69ae-764c-57a9-8275-d7d4565e6353,1785338658243,sender -> receiver,0,True,1785338658063.0,-180.0,0.0,False
a6a2b669-8a3b-5d50-b8f4-c2a606e46560,1785338658245,sender -> receiver,0,True,1785338658078.0,-167.0,0.0,False
c6ee359b-4f0e-5652-af23-d8c4e42d38c0,1785338658247,sender -> receiver,0,True,1785338658091.0,-156.0,0.0,False
0f46a198-8119-5c7f-b923-9bf9cda5608f,1785338659223,sender -> receiver,0,True,1785338659029.0,-194.0,0.0,False
cc810f11-e3ac-5c70-a381-0a8c3826c4f8,1785338659237,sender -> receiver,0,True,1785338659051.0,-186.0,0.0,False
14f879ad-c723-5ce5-abe0-13d775e1a099,1785338659239,sender -> receiver,0,True,1785338659069.0,-170.0,0.0,False
73bf73f8-725b-5494-9cf7-66688bbeb9dc,1785338659241,sender -> receiver,0,True,1785338659087.0,-154.0,0.0,False
59edf88c-c4c3-5a06-80d9-dbfb8db517a3,1785338660226,sender -> receiver,0,True,1785338660013.0,-213.0,0.0,False
40c0d33c-dd59-5c88-94cf-f6719b9452c1,1785338660232,sender -> receiver,0,True,1785338660036.0,-196.0,0.0,False
d08655e9-d705-5063-af41-a54af603e45c,1785338660234,sender -> receiver,0,True,1785338660051.0,-183.0,0.0,False
d09db7e7-2d4a-5667-8f98-4a29a4dfa865,1785338660248,sender -> receiver,0,True,1785338660068.0,-180.0,0.0,False
77a80c4e-5a4b-507c-b5cb-f4affc5c2088,1785338661234,sender -> receiver,0,True,1785338661068.0,-166.0,0.0,False
ef50ee97-bd94-5400-9ee0-a08d1a49c226,1785338661254,sender -> receiver,0,True,1785338661085.0,-169.0,0.0,False
6e9c6844-ed82-5615-9c52-5a53a22edab6,1785338661257,sender -> receiver,0,True,1785338661097.0,-160.0,0.0,False
617621f4-18bb-57a9-84a8-267d82dc2d6f,1785338661259,sender -> receiver,0,True,1785338661107.0,-152.0,0.0,False
3065915c-e0d6-5812-ad4c-27adb68306c2,1785338662235,sender -> receiver,0,True,1785338662038.0,-197.0,0.0,False
b54e880f-1d49-55cd-a5dd-40ae0499410f,1785338662238,sender -> receiver,0,True,1785338662059.0,-179.0,0.0,False
37447e7e-8716-5422-ade1-2e390f3122fb,1785338662241,sender -> receiver,0,True,1785338662070.0,-171.0,0.0,False
3baef159-a17b-561d-9556-70bc32c716b5,1785338662260,sender -> receiver,0,True,1785338662079.0,-181.0,0.0,False
7df32866-3a12-5337-a41f-81329c77ecd2,1785338663230,sender -> receiver,0,True,1785338663045.0,-185.0,0.0,False
3b77f20b-676e-51d5-9001-7bfec3e70405,1785338663233,sender -> receiver,0,True,1785338663072.0,-161.0,0.0,False
84887d8f-d41f-5b36-86c9-3acb56da8e0e,1785338663236,sender -> receiver,0,True,1785338663088.0,-148.0,0.0,False
5702c737-9d90-5fef-956f-8940d87e1ed9,1785338663252,sender -> receiver,0,True,1785338663104.0,-148.0,0.0,False
98bf6bea-de91-535c-941c-7fb3866368fa,1785338664229,sender -> receiver,0,True,1785338664023.0,-206.0,0.0,False
4fe73b01-6aa9-56eb-bf89-672e5fe9d6e5,1785338664250,sender -> receiver,0,True,1785338664050.0,-200.0,0.0,False
fb20137f-9cbb-567d-9e78-6699749c202a,1785338664253,sender -> receiver,0,True,1785338664088.0,-165.0,0.0,False
b19dd2fd-7fbb-5df4-af28-0d32a36c3205,1785338664255,sender -> receiver,0,True,1785338664099.0,-156.0,0.0,False
8c3453d6-e591-5257-8dd1-4f8c6f19d152,1785338665234,sender -> receiver,0,True,1785338665060.0,-174.0,0.0,False
8bd11f35-19c4-5640-a4ae-b2cb61567750,1785338665254,sender -> receiver,0,True,1785338665086.0,-168.0,0.0,False
116f2a62-e2d7-5490-8b8a-15150925d5e3,1785338665256,sender -> receiver,0,True,1785338665104.0,-152.0,0.0,False
bf4a388f-f0bf-5ba3-a35b-5b78e49cfa13,1785338665262,sender -> receiver,0,True,1785338665119.0,-143.0,0.0,False
255a7af4-7487-5eb3-aa02-07d7f4e0c2db,1785338666231,sender -> receiver,0,True,1785338666047.0,-184.0,0.0,False
87c58c7b-1104-540d-8c1d-3d8042a1229f,1785338666234,sender -> receiver,0,True,1785338666069.0,-165.0,0.0,False
6126ff6a-6638-5d0c-896b-3885cb54e209,1785338666238,sender -> receiver,0,True,1785338666079.0,-159.0,0.0,False
bba040ed-8ec2-58db-8aec-e5198bf962f1,1785338666240,sender -> receiver,0,True,1785338666089.0,-151.0,0.0,False
796b5379-5f71-5c89-a697-741a7a9eef9a,1785338667238,sender -> receiver,0,True,1785338667052.0,-186.0,0.0,False
759d20e0-7bfa-5dc2-a646-6b76c380be1d,1785338667259,sender -> receiver,0,True,1785338667069.0,-190.0,0.0,False
e9873106-8dea-500e-9734-79c6e0c6bbb4,1785338667262,sender -> receiver,0,True,1785338667088.0,-174.0,0.0,False
367b1152-70fb-5f78-aa18-775e184d0f6d,1785338667264,sender -> receiver,0,True,1785338667097.0,-167.0,0.0,False
6d90d84a-2b1a-5607-9714-f161a8f99de4,1785338668234,sender -> receiver,0,True,1785338668024.0,-210.0,0.0,False
462be246-f745-52e8-91cb-760e58fedbee,1785338668238,sender -> receiver,0,True,1785338668034.0,-204.0,0.0,False
5488241f-be61-5a56-b70e-d0eda6658540,1785338668241,sender -> receiver,0,True,1785338668067.0,-174.0,0.0,False
0cb0f2e5-3b0a-5b07-b389-f4260973986d,1785338668244,sender -> receiver,0,True,1785338668090.0,-154.0,0.0,False
001113e0-7356-5184-88fe-b3709236cafd,1785338669232,sender -> receiver,0,True,1785338669069.0,-163.0,0.0,False
76be8466-73e9-54ea-8eba-efc6637b7e05,1785338669235,sender -> receiver,0,True,1785338669084.0,-151.0,0.0,False
ec5deb17-443b-5954-a3c7-059c3eeb4750,1785338669238,sender -> receiver,0,True,1785338669116.0,-122.0,0.0,False
3ce37b92-bbcf-5cdd-8d19-8be616d68435,1785338669241,sender -> receiver,0,True,1785338669135.0,-106.0,0.0,False
a5fc3ef6-d982-5823-91d3-99a7072090af,1785338670234,sender -> receiver,0,True,1785338670079.0,-155.0,0.0,False
da7e19ad-ed57-5bdb-8c5a-a4300f66bdde,1785338670253,sender -> receiver,0,True,1785338670089.0,-164.0,0.0,False
d7063264-5d25-5082-8d15-72561d86d373,1785338670256,sender -> receiver,0,True,1785338670097.0,-159.0,0.0,False
8020f96a-6add-58b6-9476-cd5160fae7a4,1785338670258,sender -> receiver,0,True,1785338670121.0,-137.0,0.0,False
f6d13186-166c-5a41-991c-3be3b7866594,1785338671229,sender -> receiver,0,True,1785338671049.0,-180.0,0.0,False
5421d528-0cb2-5559-8fb4-afb889773618,1785338671232,sender -> receiver,0,True,1785338671077.0,-155.0,0.0,False
48c34895-84b9-57ec-8d68-11c6360181bc,1785338671234,sender -> receiver,0,True,1785338671096.0,-138.0,0.0,False
87f39260-098e-57d3-a7a6-c5f368a731f0,1785338671236,sender -> receiver,0,True,1785338671113.0,-123.0,0.0,False
b04dfb64-6cc0-51b6-92f3-4cad89221296,1785338672232,sender -> receiver,0,True,1785338672032.0,-200.0,0.0,False
7541c987-408a-5707-80eb-55eb18c68418,1785338672235,sender -> receiver,0,True,1785338672057.0,-178.0,0.0,False
f3bf13da-3227-544b-80a1-5587e3cfee53,1785338672238,sender -> receiver,0,True,1785338672078.0,-160.0,0.0,False
d4070bde-8f96-54bd-8911-c9ee4d5938b4,1785338672241,sender -> receiver,0,True,1785338672095.0,-146.0,0.0,False
387a8434-9bcd-5adc-8ad9-97b3d9edd568,1785338673234,sender -> receiver,0,True,1785338673031.0,-203.0,0.0,False
cc60869e-2e00-5595-9b9d-139085f67d4c,1785338673253,sender -> receiver,0,True,1785338673047.0,-206.0,0.0,False
8991a037-dc79-5204-9380-05573d09df52,1785338673256,sender -> receiver,0,True,1785338673062.0,-194.0,0.0,False
90f5de59-9788-54fb-902b-19f71330d946,1785338673260,sender -> receiver,0,True,1785338673073.0,-187.0,0.0,False
881547ce-0fe7-59ef-9845-a50f35a0c6e8,1785338674233,sender -> receiver,0,True,1785338674019.0,-214.0,0.0,False
b87b14cc-1dc5-5f7f-b58f-dd7f866b10a1,1785338674236,sender -> receiver,0,True,1785338674078.0,-158.0,0.0,False
7efb690e-ba08-56e8-97ac-1b84ed33e77c,1785338674240,sender -> receiver,0,True,1785338674096.0,-144.0,0.0,False
9c3ccd10-69b1-5bb9-bb49-1b57afed7223,1785338674256,sender -> receiver,0,True,1785338674116.0,-140.0,0.0,False
a0c120f9-b62d-5697-8367-8cf4476df5e0,1785338675290,sender -> receiver,0,True,1785338675094.0,-196.0,0.0,False
1c8476ad-19ec-5f78-84fe-d42ac5fe7a29,1785338675323,sender -> receiver,0,True,1785338675113.0,-210.0,0.0,False
cafdfab6-2ced-56ac-a7eb-80a64917539e,1785338675329,sender -> receiver,0,True,1785338675137.0,-192.0,0.0,False
a6daeb95-8e75-5500-9daf-06356eb90dd0,1785338675336,sender -> receiver,0,True,1785338675170.0,-166.0,0.0,False
e435647a-65f8-5d7b-80fa-ee915b2da192,1785338676238,sender -> receiver,0,True,1785338676045.0,-193.0,0.0,False
472719eb-1769-5906-868d-62a586feeb37,1785338676259,sender -> receiver,0,True,1785338676066.0,-193.0,0.0,False
dd3a5970-f934-598e-9cbd-a1ea4d1082c7,1785338676262,sender -> receiver,0,True,1785338676082.0,-180.0,0.0,False
679481f2-2f0d-5438-a8bb-49f17f9936b1,1785338676272,sender -> receiver,0,True,1785338676094.0,-178.0,0.0,False
bd47338b-6164-5ed6-95d6-8befa4a02a43,1785338677261,sender -> receiver,0,True,1785338677098.0,-163.0,0.0,False
641020f6-6049-52b6-abdc-09e4da8f2325,1785338677266,sender -> receiver,0,True,1785338677121.0,-145.0,0.0,False
179e5032-8448-515c-b2d2-7176cd81b6e5,1785338677271,sender -> receiver,0,True,1785338677133.0,-138.0,0.0,False
c0ecfd54-862b-5b8d-b5cc-7f5d13de2d8e,1785338677276,sender -> receiver,0,True,1785338677157.0,-119.0,0.0,False
bddbe057-5d2a-5fca-a9e2-8b58ddba3820,1785338678256,sender -> receiver,0,True,1785338678090.0,-166.0,0.0,False
fc11651e-1716-5048-98a1-8fb5f9048b06,1785338678261,sender -> receiver,0,True,1785338678112.0,-149.0,0.0,False
6888e657-fc63-5003-9f9a-2f0569ccf859,1785338678289,sender -> receiver,0,True,1785338678130.0,-159.0,0.0,False
10c5e213-0aac-578d-8fc7-ab9468d7e8ec,1785338678293,sender -> receiver,0,True,1785338678142.0,-151.0,0.0,False
8a99679d-9975-50d5-bedd-4f1255270875,1785338679282,sender -> receiver,0,True,1785338679100.0,-182.0,0.0,False
a183a384-a69d-5d60-afa1-1ca4a7413a6e,1785338679317,sender -> receiver,0,True,1785338679123.0,-194.0,0.0,False
0170653c-26e2-54dc-ac5c-591b945f0fec,1785338679321,sender -> receiver,0,True,1785338679139.0,-182.0,0.0,False
a462c16d-dadd-5e94-8aad-345d46af6b86,1785338679326,sender -> receiver,0,True,1785338679178.0,-148.0,0.0,False
9850cdb0-f43b-51e3-976f-90831ce9a6ff,1785338680224,sender -> receiver,0,True,1785338680054.0,-170.0,0.0,False
4baaaf3e-ce0a-59c6-896c-0131fe123acb,1785338680226,sender -> receiver,0,True,1785338680072.0,-154.0,0.0,False
595ef97e-6ee7-5a48-b8f9-d8bbeb98409a,1785338680228,sender -> receiver,0,True,1785338680084.0,-144.0,0.0,False
de32c596-6fc6-573c-b350-b6de895950ff,1785338680242,sender -> receiver,0,True,1785338680101.0,-141.0,0.0,False
6587d01e-af67-5edf-91e3-df0cf5784a0c,1785338681230,sender -> receiver,0,True,1785338681052.0,-178.0,0.0,False
6493abff-04d6-55fa-830d-1b97f822ed34,1785338681238,sender -> receiver,0,True,1785338681070.0,-168.0,0.0,False
0fd5b591-0332-5cd4-b901-7e03565e2f14,1785338681241,sender -> receiver,0,True,1785338681087.0,-154.0,0.0,False
5e2e99df-d872-545c-b758-5a01adf2ded3,1785338681245,sender -> receiver,0,True,1785338681106.0,-139.0,0.0,False
29174a1e-290c-5fad-b0a5-8b0af9d12c99,1785338682234,sender -> receiver,0,True,1785338682040.0,-194.0,0.0,False
378e0edf-77ea-5ea0-b64e-2a00d1ed3c65,1785338682254,sender -> receiver,0,True,1785338682046.0,-208.0,0.0,False
6b515882-b4eb-5b51-9c80-efbed2941eb3,1785338682257,sender -> receiver,0,True,1785338682074.0,-183.0,0.0,False
5de0b192-d293-5fb0-9da9-4809fa411787,1785338682260,sender -> receiver,0,True,1785338682098.0,-162.0,0.0,False
89e6ea7d-abeb-5d14-b3e4-dfd4bb3f9e46,1785338723470,sender -> receiver,0,True,1785338723259.0,-211.0,0.0,False
e86bd6b6-ba7c-5e7e-8458-1a1fa1380427,1785338723473,sender -> receiver,0,True,1785338723334.0,-139.0,0.0,False
930d800d-caa0-55d5-a12d-6e7865873b1e,1785338723475,sender -> receiver,0,True,1785338723347.0,-128.0,0.0,False
a2a591e7-1008-50b6-8adb-544d94f6de8a,1785338723477,sender -> receiver,0,True,1785338723357.0,-120.0,0.0,False
ef81138a-1e11-5d06-91cf-944d25abe887,1785338724453,sender -> receiver,0,True,1785338724245.0,-208.0,0.0,False
2f6a8bdc-dc0a-5ff8-b307-a19b60aef01c,1785338724456,sender -> receiver,0,True,1785338724264.0,-192.0,0.0,False
891687ed-3ccd-54ca-96dc-e070cbee1221,1785338724460,sender -> receiver,0,True,1785338724278.0,-182.0,0.0,False
d17e260a-46fd-56d4-9271-b050a9be93b0,1785338724479,sender -> receiver,0,True,1785338724288.0,-191.0,0.0,False
12141424-e02f-5aba-bef8-c0f8dd99b07e,1785338725451,sender -> receiver,0,True,1785338725312.0,-139.0,0.0,False
21a4c949-ee8d-55e3-837a-53881a5925bb,1785338725454,sender -> receiver,0,True,1785338725337.0,-117.0,0.0,False
20d29f36-df82-5fd7-bdfb-d863bb885a32,1785338725471,sender -> receiver,0,True,1785338725353.0,-118.0,0.0,False
492a1263-404c-5402-aaa9-eb21deb408bc,1785338725473,sender -> receiver,0,True,1785338725364.0,-109.0,0.0,False
715ccb44-cb2e-56c4-882a-be1b583d7fd1,1785338726462,sender -> receiver,0,True,1785338726290.0,-172.0,0.0,False
8a667ce9-e4a0-59b8-b8d8-6160dde3f045,1785338726464,sender -> receiver,0,True,1785338726301.0,-163.0,0.0,False
9b483192-004d-5492-99c0-7e0df3f43de5,1785338726466,sender -> receiver,0,True,1785338726312.0,-154.0,0.0,False
b6e18d86-3329-50dd-9c5d-b81fdde031cc,1785338726468,sender -> receiver,0,True,1785338726321.0,-147.0,0.0,False
dd9e763b-da26-5d99-b192-ad62b2998acc,1785338727486,sender -> receiver,0,True,1785338727304.0,-182.0,0.0,False
99404156-e34a-57b4-99af-fcbbfd26e571,1785338727491,sender -> receiver,0,True,1785338727320.0,-171.0,0.0,False
3d95a04f-89bc-5ec3-8a1e-6cf3f7589c90,1785338727495,sender -> receiver,0,True,1785338727338.0,-157.0,0.0,False
f6239b65-9964-5215-b795-b284959ea9e7,1785338727498,sender -> receiver,0,True,1785338727350.0,-148.0,0.0,False
8914e27c-14af-5673-9283-4315ac389216,1785338728478,sender -> receiver,0,True,1785338728278.0,-200.0,0.0,False
407800fc-13a8-54b5-8b7e-8017ac668974,1785338728484,sender -> receiver,0,True,1785338728300.0,-184.0,0.0,False
ce1e63c3-3e2f-523c-96df-daef7f6bd783,1785338728489,sender -> receiver,0,True,1785338728311.0,-178.0,0.0,False
44508d45-075b-5847-ac15-a68a0f3117db,1785338728494,sender -> receiver,0,True,1785338728322.0,-172.0,0.0,False
86f2f0eb-ce82-58e2-836c-ce64daccd6df,1785338729475,sender -> receiver,0,True,1785338729311.0,-164.0,0.0,False
3b35acb4-0761-535f-ac47-1cffb12ef070,1785338729478,sender -> receiver,0,True,1785338729329.0,-149.0,0.0,False
c0f88fed-6be6-5f20-87e5-6d27d0e7cc3d,1785338729483,sender -> receiver,0,True,1785338729346.0,-137.0,0.0,False
624ac185-e231-527c-93a5-575c4c67984b,1785338729485,sender -> receiver,0,True,1785338729358.0,-127.0,0.0,False
da8977e2-c052-57a3-958d-320dc7336e06,1785338730496,sender -> receiver,0,True,1785338730303.0,-193.0,0.0,False
d3936d97-b535-5945-b87d-a5f1cda5bf23,1785338730500,sender -> receiver,0,True,1785338730327.0,-173.0,0.0,False
de84c4d6-a00d-547e-ac57-702f6b3b9b11,1785338730503,sender -> receiver,0,True,1785338730344.0,-159.0,0.0,False
8e6964df-d604-5f3c-bbef-bc1b0ad26e01,1785338730529,sender -> receiver,0,True,1785338730364.0,-165.0,0.0,False
97683711-478e-5371-aa0c-10a23191bc01,1785338731477,sender -> receiver,0,True,1785338731302.0,-175.0,0.0,False
2493b196-6537-529d-9c74-e71cc7ea01c9,1785338731482,sender -> receiver,0,True,1785338731328.0,-154.0,0.0,False
fad9bf33-43a3-5d97-996f-6845e9d38db7,1785338731510,sender -> receiver,0,True,1785338731345.0,-165.0,0.0,False
f14e0ca6-477f-5424-8476-9938dcbf6be2,1785338731514,sender -> receiver,0,True,1785338731356.0,-158.0,0.0,False
23b1c04b-081e-5b17-a842-91d494b90c6c,1785338732509,sender -> receiver,0,True,1785338732287.0,-222.0,0.0,False
68a44b66-7596-52b0-a56b-8a5e2a0f22cd,1785338732512,sender -> receiver,0,True,1785338732299.0,-213.0,0.0,False
05a11fff-05a6-5754-a769-a1dab94bd018,1785338732516,sender -> receiver,0,True,1785338732323.0,-193.0,0.0,False
17a573ce-812d-52c8-a9bd-eaa65a6c6a5e,1785338732519,sender -> receiver,0,True,1785338732346.0,-173.0,0.0,False
a7c500f9-39b8-53a6-85a6-0423542958ae,1785338733470,sender -> receiver,0,True,1785338733275.0,-195.0,0.0,False
296740bb-cecc-577a-bb09-9b6619e60762,1785338733473,sender -> receiver,0,True,1785338733295.0,-178.0,0.0,False
e545e1bd-e11c-55f2-8b13-bd07124ba5bb,1785338733476,sender -> receiver,0,True,1785338733306.0,-170.0,0.0,False
0f142974-9e37-59ac-bdb8-088f1d5d250b,1785338733479,sender -> receiver,0,True,1785338733316.0,-163.0,0.0,False
5b426c4b-bff3-52e5-9f02-673c5c158d30,1785338734493,sender -> receiver,0,True,1785338734307.0,-186.0,0.0,False
2d72b2f2-b1b5-52f2-9d83-b47818fddcf8,1785338734497,sender -> receiver,0,True,1785338734325.0,-172.0,0.0,False
42af8c45-c9a8-5b8b-9ab6-ca7ade6c6676,1785338734501,sender -> receiver,0,True,1785338734340.0,-161.0,0.0,False
d487662c-44d7-52bd-9357-4d18e5446030,1785338734542,sender -> receiver,0,True,1785338734358.0,-184.0,0.0,False
a2ba9cd4-c00e-507f-8628-93da1b63e491,1785338735490,sender -> receiver,0,True,1785338735296.0,-194.0,0.0,False
e9a15d68-4253-5077-ae32-74e3714ae6b9,1785338735494,sender -> receiver,0,True,1785338735316.0,-178.0,0.0,False
6539ae1d-86b4-5ea8-8a70-67f2f7b67d18,1785338735497,sender -> receiver,0,True,1785338735325.0,-172.0,0.0,False
1ebfbb2b-fc93-59f9-a879-9d49299e15a4,1785338735500,sender -> receiver,0,True,1785338735332.0,-168.0,0.0,False
8989e558-c4e6-5722-8e6f-77e1c302d477,1785338736472,sender -> receiver,0,True,1785338736291.0,-181.0,0.0,False
432729ae-bd7e-596f-b87f-856532bd9bd8,1785338736475,sender -> receiver,0,True,1785338736315.0,-160.0,0.0,False
d90a506e-5905-5fb6-bf07-9b387658dc21,1785338736477,sender -> receiver,0,True,1785338736334.0,-143.0,0.0,False
1a341643-9b73-5d3f-a7e0-61e67c8a263a,1785338736480,sender -> receiver,0,True,1785338736353.0,-127.0,0.0,False
ea2e17ce-e824-5c6c-9ec6-4026778035a2,1785338737510,sender -> receiver,0,True,1785338737325.0,-185.0,0.0,False
60e0f6f2-25ff-537d-9539-2ade8af82ad1,1785338737513,sender -> receiver,0,True,1785338737345.0,-168.0,0.0,False
f463164f-1fb5-5961-bc69-02a50d92acd5,1785338737516,sender -> receiver,0,True,1785338737377.0,-139.0,0.0,False
37b725d0-d704-5e67-9534-735ce11c0265,1785338737519,sender -> receiver,0,True,1785338737388.0,-131.0,0.0,False
c8c13fa9-1400-5b5e-88db-315c6448094e,1785338738465,sender -> receiver,0,True,1785338738297.0,-168.0,0.0,False
2382817d-011c-520c-95bb-56bf90168fec,1785338738468,sender -> receiver,0,True,1785338738316.0,-152.0,0.0,False
a8305ac6-e75f-5f3b-b2a1-9d3a243680f7,1785338738471,sender -> receiver,0,True,1785338738332.0,-139.0,0.0,False
8c9c6c95-5c08-56c3-a050-b76ca919dac3,1785338738473,sender -> receiver,0,True,1785338738343.0,-130.0,0.0,False
25f805c0-0d7d-5217-abd7-0e9015fd61c8,1785338739507,sender -> receiver,0,True,1785338739297.0,-210.0,0.0,False
0024c240-8740-5891-8ec8-806ca3c936ea,1785338739511,sender -> receiver,0,True,1785338739309.0,-202.0,0.0,False
f052a441-f342-5332-bd3d-2005d912a8fb,1785338739513,sender -> receiver,0,True,1785338739320.0,-193.0,0.0,False
51a558b8-5015-5760-9a27-bdab91266540,1785338739517,sender -> receiver,0,True,1785338739343.0,-174.0,0.0,False
5785e8e8-1180-53b2-b52c-2a2b8d583e9a,1785338740460,sender -> receiver,0,True,1785338740247.0,-213.0,0.0,False
2e37ad9a-cf70-5ecb-8734-72c31d0e94a9,1785338740466,sender -> receiver,0,True,1785338740300.0,-166.0,0.0,False
ec6f7f72-7f8a-5a91-ad32-56bc2b477c64,1785338740469,sender -> receiver,0,True,1785338740309.0,-160.0,0.0,False
a0230f1a-6710-5d1d-b67e-f1ede875584d,1785338740474,sender -> receiver,0,True,1785338740329.0,-145.0,0.0,False
28b39bc7-68d7-546a-a406-2b15dd2a6b4e,1785338741504,sender -> receiver,0,True,1785338741328.0,-176.0,0.0,False
2405d98a-aaad-54f6-853b-0363e9a2c092,1785338741508,sender -> receiver,0,True,1785338741349.0,-159.0,0.0,False
0adffb63-575d-5d98-b0a5-b9e46e22a9f6,1785338741511,sender -> receiver,0,True,1785338741367.0,-144.0,0.0,False
23eac9cd-3c20-5e47-84a1-d40df474b0ed,1785338741514,sender -> receiver,0,True,1785338741387.0,-127.0,0.0,False
8fd50963-6860-5400-8667-f6f2b84044a2,1785338742480,sender -> receiver,0,True,1785338742281.0,-199.0,0.0,False
b87333cc-673b-525f-8365-e9690d3a9cd3,1785338742484,sender -> receiver,0,True,1785338742302.0,-182.0,0.0,False
b573f95b-9785-562f-ae34-bc08b2ee1716,1785338742487,sender -> receiver,0,True,1785338742323.0,-164.0,0.0,False
c674f20c-86cf-512d-bc33-a8ce640d0d0f,1785338742490,sender -> receiver,0,True,1785338742337.0,-153.0,0.0,False
70ffea3f-fc96-5d27-9765-dc2f96e3e932,1785338743468,sender -> receiver,0,True,1785338743296.0,-172.0,0.0,False
18797350-8c0b-517c-ab2c-2bd84846bf4c,1785338743472,sender -> receiver,0,True,1785338743315.0,-157.0,0.0,False
09c41a2e-d0d8-582f-83da-cdf628e91401,1785338743477,sender -> receiver,0,True,1785338743331.0,-146.0,0.0,False
d66d301a-3ecf-5013-9f24-41ec3bc32c29,1785338743480,sender -> receiver,0,True,1785338743349.0,-131.0,0.0,False
a1b7ab28-1043-5029-893e-b35e20d9bee0,1785338744496,sender -> receiver,0,True,1785338744297.0,-199.0,0.0,False
008a09a1-6859-569d-8186-f125a5bcf5bb,1785338744502,sender -> receiver,0,True,1785338744319.0,-183.0,0.0,False
c364582a-7df1-59f2-8956-5277f94b2898,1785338744508,sender -> receiver,0,True,1785338744337.0,-171.0,0.0,False
9354f422-ceb5-59bb-b95b-ee61a69a591e,1785338744534,sender -> receiver,0,True,1785338744352.0,-182.0,0.0,False
ad44eea3-2a28-5707-a2b7-c3ee020f3182,1785338745514,sender -> receiver,0,True,1785338745306.0,-208.0,0.0,False
f1598ade-6ee2-5340-8d82-60e12fcd48ab,1785338745519,sender -> receiver,0,True,1785338745337.0,-182.0,0.0,False
ecc2bfa1-eac5-5401-80d0-b709bceb4b0f,1785338745525,sender -> receiver,0,True,1785338745354.0,-171.0,0.0,False
73671c1e-3ae7-53a5-b5d2-fb64845d1fa4,1785338745562,sender -> receiver,0,True,1785338745371.0,-191.0,0.0,False
5512f703-9e97-542a-9d79-7e049f88a77b,1785338746508,sender -> receiver,0,True,1785338746305.0,-203.0,0.0,False
924879c9-3f24-5b0f-a457-7fc9d259bb35,1785338746515,sender -> receiver,0,True,1785338746340.0,-175.0,0.0,False
670dca26-1b5c-5592-835c-112b1572201d,1785338746520,sender -> receiver,0,True,1785338746353.0,-167.0,0.0,False
457c3a96-b0d0-599a-86f8-a8929b248e88,1785338746539,sender -> receiver,0,True,1785338746365.0,-174.0,0.0,False
67767590-2631-566b-bbcf-0213e64203c9,1785338747496,sender -> receiver,0,True,1785338747298.0,-198.0,0.0,False
68358aa7-1029-589d-a88d-700323c61846,1785338747502,sender -> receiver,0,True,1785338747320.0,-182.0,0.0,False
640ee1bc-9386-5bae-8179-e5a47d9c9416,1785338747507,sender -> receiver,0,True,1785338747339.0,-168.0,0.0,False
b776b6e0-8282-57ef-8b74-dec03fa88bb5,1785338747510,sender -> receiver,0,True,1785338747366.0,-144.0,0.0,False
2e8911a2-e33d-58dc-b27e-9706b294cc4b,1785338789692,sender -> receiver,0,True,1785338789452.0,-240.0,0.0,False
1b615bfc-4757-56b5-ae8f-a7487c68305e,1785338789695,sender -> receiver,0,True,1785338789474.0,-221.0,0.0,False
3ac562c9-ad4a-54d5-8461-6793b83b80b1,1785338789697,sender -> receiver,0,True,1785338789494.0,-203.0,0.0,False
7920caa2-e967-5e81-bedf-14aa6d3a43dd,1785338789699,sender -> receiver,0,True,1785338789522.0,-177.0,0.0,False
0ca5e7d9-881f-57da-9886-d66a8f06acb3,1785338789701,sender -> receiver,0,True,1785338789533.0,-168.0,0.0,False
c1169aaa-61f0-5eba-b1db-61db3f820307,1785338790688,sender -> receiver,0,True,1785338790486.0,-202.0,0.0,False
aa171978-b3d7-5e4f-aa64-e3c716c2fc95,1785338790690,sender -> receiver,0,True,1785338790514.0,-176.0,0.0,False
479e887a-0f0d-5fde-b0a6-268131616917,1785338790691,sender -> receiver,0,True,1785338790534.0,-157.0,0.0,False
a9248699-9505-520a-9818-2eb6137f6f3b,1785338790693,sender -> receiver,0,True,1785338790574.0,-119.0,0.0,False
563aee94-ea7f-55c8-85e2-db3d30c92eca,1785338791691,sender -> receiver,0,True,1785338791517.0,-174.0,0.0,False
99af03a5-8ca2-5e7d-98ae-c869769b00b9,1785338791694,sender -> receiver,0,True,1785338791549.0,-145.0,0.0,False
98ba6804-ac28-53f8-b339-05c3e7e994d0,1785338791696,sender -> receiver,0,True,1785338791571.0,-125.0,0.0,False
c3257c5b-3a68-5615-8ffb-0be92d4d22c8,1785338791698,sender -> receiver,0,True,1785338791615.0,-83.0,0.0,False
0dd07665-5e17-5e6f-8cc2-e9873a7f5524,1785338792689,sender -> receiver,0,True,1785338792504.0,-185.0,0.0,False
ac19c706-759a-5d31-a0c9-f57d102b781a,1785338792691,sender -> receiver,0,True,1785338792528.0,-163.0,0.0,False
d06534f7-9d9a-5c75-a47b-4ec0db3587e0,1785338792693,sender -> receiver,0,True,1785338792547.0,-146.0,0.0,False
8585f0cb-d5da-51ec-bad7-e5e67ce1ba9a,1785338792696,sender -> receiver,0,True,1785338792566.0,-130.0,0.0,False
2af8a240-0758-5754-a5ca-8c3fd204e805,1785338793707,sender -> receiver,0,True,1785338793506.0,-201.0,0.0,False
911f4299-cb16-5281-b59e-12274204279a,1785338793710,sender -> receiver,0,True,1785338793525.0,-185.0,0.0,False
f206d921-4f8f-5d20-b9bd-88b33e8d6137,1785338793715,sender -> receiver,0,True,1785338793554.0,-161.0,0.0,False
a6a73322-711d-5060-b4cc-e3b4db7ae9d8,1785338793720,sender -> receiver,0,True,1785338793579.0,-141.0,0.0,False
bd336c04-bf5c-5b53-b639-4c705ca0673e,1785338794718,sender -> receiver,0,True,1785338794526.0,-192.0,0.0,False
a4031dae-46c1-5ead-9ed9-eda5dcb467dd,1785338794742,sender -> receiver,0,True,1785338794543.0,-199.0,0.0,False
2fc30254-d218-568f-898b-d1aa65718f62,1785338794746,sender -> receiver,0,True,1785338794557.0,-189.0,0.0,False
0174bf71-c132-5847-86dc-3d5758bca040,1785338794751,sender -> receiver,0,True,1785338794578.0,-173.0,0.0,False
af07fdd1-077b-544a-bea9-085ca8855a10,1785338795714,sender -> receiver,0,True,1785338795526.0,-188.0,0.0,False
7f729b73-6464-5dba-a551-fad825203a86,1785338795742,sender -> receiver,0,True,1785338795557.0,-185.0,0.0,False
7c11eea9-a13c-54eb-b593-d8f150031bdd,1785338795745,sender -> receiver,0,True,1785338795639.0,-106.0,0.0,False
6d507fc3-3ce6-5884-953a-4f4ca1e2f18d,1785338795748,sender -> receiver,0,True,1785338795650.0,-98.0,0.0,False
60a07a55-2ad9-58b1-8767-c5a4f6c9bdb3,1785338795750,sender -> receiver,0,True,1785338795660.0,-90.0,0.0,False
580ac376-6f79-5a7a-90bc-a52ed56c9920,1785338796708,sender -> receiver,0,True,1785338796495.0,-213.0,0.0,False
c94ae9cc-4a14-5263-954b-b2e66db9e069,1785338796738,sender -> receiver,0,True,1785338796521.0,-217.0,0.0,False
bade497c-7bbf-59b9-846f-ccb582dd526f,1785338796743,sender -> receiver,0,True,1785338796548.0,-195.0,0.0,False
3d9fddd5-f1c9-54ad-9a1a-6ec07c93ab56,1785338796748,sender -> receiver,0,True,1785338796558.0,-190.0,0.0,False
de4b0df6-77cf-53fe-a412-173c2e75552e,1785338797720,sender -> receiver,0,True,1785338797540.0,-180.0,0.0,False
298917e3-b4a9-5691-a6e0-c023ca762346,1785338797725,sender -> receiver,0,True,1785338797562.0,-163.0,0.0,False
d88080c0-2e0f-5ed6-aeb6-4143c119b9fa,1785338797728,sender -> receiver,0,True,1785338797584.0,-144.0,0.0,False
f8f02cd5-138e-5295-86d2-e5608d97dc32,1785338797732,sender -> receiver,0,True,1785338797616.0,-116.0,0.0,False
c7ff28d8-42da-5661-a8b7-ae53d3f3339e,1785338798724,sender -> receiver,0,True,1785338798548.0,-176.0,0.0,False
20e5b0ea-6379-5ba3-8b07-6f4b8b3cd692,1785338798728,sender -> receiver,0,True,1785338798578.0,-150.0,0.0,False
7c730ec0-69e2-56d5-a76f-037602ab7834,1785338798732,sender -> receiver,0,True,1785338798601.0,-131.0,0.0,False
d27797b0-bcea-514a-a27c-62cd6eddc4ae,1785338798736,sender -> receiver,0,True,1785338798649.0,-87.0,0.0,False
77173e01-bf21-5dd3-869a-7a779abf28f7,1785338799709,sender -> receiver,0,True,1785338799519.0,-190.0,0.0,False
2fed9b4a-fcec-50d5-9cae-af5b1182fd11,1785338799714,sender -> receiver,0,True,1785338799567.0,-147.0,0.0,False
580b4c4d-84a1-5709-a4a9-99f36e5259c7,1785338799720,sender -> receiver,0,True,1785338799577.0,-143.0,0.0,False
b50227ba-d3d2-574f-abd9-f3c877592cde,1785338799745,sender -> receiver,0,True,1785338799587.0,-158.0,0.0,False
1cdefa51-83bd-536d-af99-396a81e78a04,1785338800685,sender -> receiver,0,True,1785338800471.0,-214.0,0.0,False
f1b2e967-98b9-548f-9a89-c1d6183179e3,1785338800717,sender -> receiver,0,True,1785338800519.0,-198.0,0.0,False
70802a8a-2f1a-5744-96fd-e18a327523f6,1785338800722,sender -> receiver,0,True,1785338800533.0,-189.0,0.0,False
3dae8b7c-7d6c-5a4e-b281-8ab9f329fba6,1785338800728,sender -> receiver,0,True,1785338800544.0,-184.0,0.0,False
077aaeb9-2d2e-5165-948b-974fa3a0f06e,1785338801719,sender -> receiver,0,True,1785338801490.0,-229.0,0.0,False
56788e96-5daa-5e50-8ac9-104f32d10dfe,1785338801723,sender -> receiver,0,True,1785338801549.0,-174.0,0.0,False
c5c3a8f0-0fff-53aa-a454-5e6a44a300e8,1785338801725,sender -> receiver,0,True,1785338801563.0,-162.0,0.0,False
8d87beae-8716-5013-a679-94463b84176a,1785338801728,sender -> receiver,0,True,1785338801575.0,-153.0,0.0,False
7d434ba1-ef8a-558e-9da4-9c18c6d7fb80,1785338801731,sender -> receiver,0,True,1785338801585.0,-146.0,0.0,False
91918898-39bc-5fb9-a447-ebf67c0b9589,1785338802697,sender -> receiver,0,True,1785338802486.0,-211.0,0.0,False
84f2b961-ce31-5e37-a496-fa5273b43f97,1785338802700,sender -> receiver,0,True,1785338802513.0,-187.0,0.0,False
30ccad0f-a7fe-5cef-a78d-84dfa155c1a8,1785338802702,sender -> receiver,0,True,1785338802532.0,-170.0,0.0,False
12f144c8-6cd1-5f22-b0bf-6d3978de7d86,1785338802704,sender -> receiver,0,True,1785338802557.0,-147.0,0.0,False
0e09fab4-08fb-5598-972c-475643d89ba6,1785338803708,sender -> receiver,0,True,1785338803566.0,-142.0,0.0,False
6e4addff-fc90-5e8f-8c19-f5d6745a7f88,1785338803713,sender -> receiver,0,True,1785338803584.0,-129.0,0.0,False
719f3e76-dc58-51ad-acd3-50c193e451d8,1785338803720,sender -> receiver,0,True,1785338803597.0,-123.0,0.0,False
9a3a96f9-4922-56e2-b33b-e17cfffafd9f,1785338803724,sender -> receiver,0,True,1785338803625.0,-99.0,0.0,False
e0f6aa34-5bc1-5a51-9c79-9126944f2815,1785338804699,sender -> receiver,0,True,1785338804536.0,-163.0,0.0,False
fced8247-8050-5fc4-977d-99d582fcbcaa,1785338804702,sender -> receiver,0,True,1785338804555.0,-147.0,0.0,False
9618cba9-7a5a-5132-9b2a-31b5f6dceb85,1785338804704,sender -> receiver,0,True,1785338804573.0,-131.0,0.0,False
e476ed2d-cf84-588c-ad71-39d27dd62df6,1785338804706,sender -> receiver,0,True,1785338804586.0,-120.0,0.0,False
5b98ecd6-5dde-507c-b11d-8ac18338d906,1785338805683,sender -> receiver,0,True,1785338805554.0,-129.0,0.0,False
70199331-2541-5d8f-b59e-be2700c99fea,1785338805709,sender -> receiver,0,True,1785338805578.0,-131.0,0.0,False
2068e924-9c48-5c43-a0c5-78c78c6ece7e,1785338805714,sender -> receiver,0,True,1785338805591.0,-123.0,0.0,False
79cd757a-1100-596f-abf3-ee5cff516932,1785338805718,sender -> receiver,0,True,1785338805603.0,-115.0,0.0,False
fcba82e3-b957-5a04-9a54-8569df5b2b4c,1785338806680,sender -> receiver,0,True,1785338806508.0,-172.0,0.0,False
711f5714-4129-5312-8c27-67646bdd42e1,1785338806700,sender -> receiver,0,True,1785338806528.0,-172.0,0.0,False
54f18c6e-9e98-5848-b4c7-04b0775ddf35,1785338806703,sender -> receiver,0,True,1785338806541.0,-162.0,0.0,False
7c5d6d5a-963d-5f40-a73a-b65298c365e8,1785338806705,sender -> receiver,0,True,1785338806553.0,-152.0,0.0,False
d7e9c276-cae7-5d4d-8422-20fee9a1156e,1785338807683,sender -> receiver,0,True,1785338807544.0,-139.0,0.0,False
654b8a9b-eb60-5b84-8ba5-5a12553d88a3,1785338807685,sender -> receiver,0,True,1785338807576.0,-109.0,0.0,False
1a008de4-e8a9-521b-820a-b1f161ce990c,1785338807687,sender -> receiver,0,True,1785338807600.0,-87.0,0.0,False
e15a9b34-44c1-5eb4-9b1f-562ff4ea61f2,1785338807689,sender -> receiver,0,True,1785338807617.0,-72.0,0.0,False
452a53cd-f0b5-543c-8507-7a67a2ca3199,1785338807691,sender -> receiver,0,True,1785338807636.0,-55.0,0.0,False
54c6fb5d-3c7d-599f-b225-8100eff195e3,1785338808685,sender -> receiver,0,True,1785338808498.0,-187.0,0.0,False
79d94826-19be-5c0b-b09b-daa743caae89,1785338808708,sender -> receiver,0,True,1785338808519.0,-189.0,0.0,False
2cf1376e-a3c0-51a8-a373-cf23ce957419,1785338808712,sender -> receiver,0,True,1785338808568.0,-144.0,0.0,False
38a3b14e-a954-57ee-908e-ba724a9d9799,1785338808714,sender -> receiver,0,True,1785338808574.0,-140.0,0.0,False
4c0158da-bc59-5a00-a5f4-53c992e6deb7,1785338809680,sender -> receiver,0,True,1785338809473.0,-207.0,0.0,False
bb5e9405-b0c6-5a42-b55a-7b70e9331e56,1785338809698,sender -> receiver,0,True,1785338809503.0,-195.0,0.0,False
f7b42c6d-43de-5218-84e4-f0e4babccfac,1785338809700,sender -> receiver,0,True,1785338809553.0,-147.0,0.0,False
51f9dff3-c78d-5ee0-ae5a-2bf501b2db6f,1785338809702,sender -> receiver,0,True,1785338809567.0,-135.0,0.0,False
1bc2aeae-f191-555c-b2c8-574ef9c67574,1785338810681,sender -> receiver,0,True,1785338810501.0,-180.0,0.0,False
fc0fd927-d884-597d-88bc-0be86f85a5b2,1785338810701,sender -> receiver,0,True,1785338810516.0,-185.0,0.0,False
941d1e3f-e12d-5fa1-9b4f-75be6399a45a,1785338810703,sender -> receiver,0,True,1785338810529.0,-174.0,0.0,False
eb94e458-c8ce-540c-9fc0-2d99c8a67b37,1785338810706,sender -> receiver,0,True,1785338810539.0,-167.0,0.0,False
30c66485-a6e0-504a-892b-a87b3aff4224,1785338811687,sender -> receiver,0,True,1785338811498.0,-189.0,0.0,False
f26aed67-fda1-566b-8765-e847429a6857,1785338811707,sender -> receiver,0,True,1785338811517.0,-190.0,0.0,False
ef627529-cdf7-5c5a-a382-f3c9b503ab39,1785338811709,sender -> receiver,0,True,1785338811531.0,-178.0,0.0,False
d8318c68-d3e9-5bb9-8cdc-e03c93d97634,1785338811712,sender -> receiver,0,True,1785338811563.0,-149.0,0.0,False
7e0924d4-08e6-518a-b88c-7752efd4dbd1,1785338812675,sender -> receiver,0,True,1785338812510.0,-165.0,0.0,False
27d8c206-75aa-5867-80e7-398cafbef734,1785338812692,sender -> receiver,0,True,1785338812532.0,-160.0,0.0,False
695890e2-86d7-5a23-a7e5-c8507da9e421,1785338812695,sender -> receiver,0,True,1785338812549.0,-146.0,0.0,False
76682408-8013-538f-952e-6280e42369ad,1785338812696,sender -> receiver,0,True,1785338812583.0,-113.0,0.0,False
1f5f553c-5c3f-54a1-826e-9b10b3422ae2,1785338853934,sender -> receiver,0,True,1785338853758.0,-176.0,0.0,False
217477c3-009a-55b5-b521-569b69f3db68,1785338853937,sender -> receiver,0,True,1785338853784.0,-153.0,0.0,False
3ec575ca-216e-519b-a10a-f4bd18c3b944,1785338853939,sender -> receiver,0,True,1785338853841.0,-98.0,0.0,False
bc913daa-244f-515e-af3a-de2a291c2d6e,1785338853951,sender -> receiver,0,True,1785338853873.0,-78.0,0.0,False
5a6b6ea9-1f0e-5ec9-941a-090c8744d13b,1785338854915,sender -> receiver,0,True,1785338854727.0,-188.0,0.0,False
bb83eb92-3d01-5228-86c8-4dcc0024e613,1785338854917,sender -> receiver,0,True,1785338854750.0,-167.0,0.0,False
f91c0a78-9dd3-51e5-90c5-eddfae092a3a,1785338854919,sender -> receiver,0,True,1785338854766.0,-153.0,0.0,False
d8f3a2e5-4aa9-5184-b352-471b1916e5fe,1785338854932,sender -> receiver,0,True,1785338854785.0,-147.0,0.0,False
d53f4b71-081e-5633-9a08-e4aee740efdc,1785338855912,sender -> receiver,0,True,1785338855773.0,-139.0,0.0,False
ae619265-62e0-5e7b-8403-696414c4efff,1785338855914,sender -> receiver,0,True,1785338855785.0,-129.0,0.0,False
94975157-da51-5cdd-957f-dcce3dbe1766,1785338855916,sender -> receiver,0,True,1785338855798.0,-118.0,0.0,False
3cfe4ba3-74c1-5ff9-a371-6ca9a1eb4ade,1785338855918,sender -> receiver,0,True,1785338855808.0,-110.0,0.0,False
cc476d08-0d0e-5157-bd52-45d515036e0f,1785338856909,sender -> receiver,0,True,1785338856721.0,-188.0,0.0,False
bce50494-e5e4-5a12-bbdb-b8ccf0a39515,1785338856927,sender -> receiver,0,True,1785338856758.0,-169.0,0.0,False
1a4c2ce4-1322-5515-928f-ec7f1f7eb241,1785338856930,sender -> receiver,0,True,1785338856782.0,-148.0,0.0,False
7db5cf6e-ba41-5630-98a4-55c7114ac0d2,1785338856932,sender -> receiver,0,True,1785338856801.0,-131.0,0.0,False
3e198cea-e48f-5ebc-a088-5917faa50798,1785338857974,sender -> receiver,0,True,1785338857787.0,-187.0,0.0,False
e62bfe28-2b72-597e-ba44-2559af89dd87,1785338857983,sender -> receiver,0,True,1785338857805.0,-178.0,0.0,False
4df451ed-b186-5243-81d2-ad35ff1688a7,1785338858011,sender -> receiver,0,True,1785338857819.0,-192.0,0.0,False
5733e3a5-7fd1-5431-9b1f-1e156f5b4aa3,1785338858016,sender -> receiver,0,True,1785338857830.0,-186.0,0.0,False
4b233457-a604-5b25-8bdc-7dad1b267645,1785338858958,sender -> receiver,0,True,1785338858780.0,-178.0,0.0,False
35568be1-6e14-5085-95e6-acc23ecc5c5a,1785338858962,sender -> receiver,0,True,1785338858794.0,-168.0,0.0,False
7b57b617-ae21-5a8a-8f3c-67000ad9d4d3,1785338858966,sender -> receiver,0,True,1785338858804.0,-162.0,0.0,False
5a26fde9-b811-592a-8231-2849c8b5b017,1785338858969,sender -> receiver,0,True,1785338858830.0,-139.0,0.0,False
47999bdd-45b3-5819-b76e-2f70cac72591,1785338859921,sender -> receiver,0,True,1785338859775.0,-146.0,0.0,False
cd47339d-dd14-54dc-968c-84471925fd8c,1785338859945,sender -> receiver,0,True,1785338859793.0,-152.0,0.0,False
e766aaad-b5a1-59d4-b9f7-db18d325b0bf,1785338859947,sender -> receiver,0,True,1785338859836.0,-111.0,0.0,False
4212471f-9be4-58bb-8121-ca4a7f935f79,1785338859949,sender -> receiver,0,True,1785338859846.0,-103.0,0.0,False
ef279d37-39fe-5abb-ae9f-4d82e4a21563,1785338860933,sender -> receiver,0,True,1785338860715.0,-218.0,0.0,False
544e3f6a-c673-5937-bb85-daf32fa29895,1785338860936,sender -> receiver,0,True,1785338860744.0,-192.0,0.0,False
7cf777ec-652b-5067-894c-ff32c9cee0f2,1785338860939,sender -> receiver,0,True,1785338860757.0,-182.0,0.0,False
6c541565-a922-5dfd-b4ce-8a2ae9e601a5,1785338860945,sender -> receiver,0,True,1785338860768.0,-177.0,0.0,False
1b92c6c3-11a2-5b62-821f-2dc887f0caac,1785338861916,sender -> receiver,0,True,1785338861711.0,-205.0,0.0,False
6124f850-685c-571b-9d2c-8cd82d7f0cac,1785338861932,sender -> receiver,0,True,1785338861814.0,-118.0,0.0,False
b5a50694-3841-53df-888a-57e16eff499f,1785338861935,sender -> receiver,0,True,1785338861825.0,-110.0,0.0,False
4e7315cf-b570-5187-b6d8-0afb2a5c1970,1785338861939,sender -> receiver,0,True,1785338861834.0,-105.0,0.0,False
e56b41ca-d760-5f2d-b3d6-cd89d8531846,1785338862948,sender -> receiver,0,True,1785338862736.0,-212.0,0.0,False
64452f13-d52d-5a0a-bf4c-a0e9e5fc852f,1785338862953,sender -> receiver,0,True,1785338862757.0,-196.0,0.0,False
264ba8ee-9687-579c-a015-84579c7e64d8,1785338862977,sender -> receiver,0,True,1785338862767.0,-210.0,0.0,False
319492a4-53c3-5e33-8a56-39462038efde,1785338862980,sender -> receiver,0,True,1785338862797.0,-183.0,0.0,False
dcb60a77-1b69-5890-9617-d4e5cbaac749,1785338863945,sender -> receiver,0,True,1785338863793.0,-152.0,0.0,False
549ec14f-e58f-5403-8209-2e4c384c3ef4,1785338863972,sender -> receiver,0,True,1785338863805.0,-167.0,0.0,False
e3d551a7-ddc9-52e6-b2d8-b8da20743757,1785338863976,sender -> receiver,0,True,1785338863815.0,-161.0,0.0,False
616c1734-4502-50fa-8cab-b9de47384918,1785338863979,sender -> receiver,0,True,1785338863825.0,-154.0,0.0,False
66ae7774-3452-5836-8880-6cc65c8c64bf,1785338864930,sender -> receiver,0,True,1785338864724.0,-206.0,0.0,False
b52fdd9d-8f75-5459-b9f0-878983535cf3,1785338864933,sender -> receiver,0,True,1785338864746.0,-187.0,0.0,False
bafc811a-9f1e-5b69-a105-cf2269a5007d,1785338864935,sender -> receiver,0,True,1785338864763.0,-172.0,0.0,False
7ece77df-b9b3-55e0-a5a3-9146243def78,1785338864937,sender -> receiver,0,True,1785338864781.0,-156.0,0.0,False
1c66f62b-5c9a-53b4-94e0-4aaa47c00b7a,1785338865966,sender -> receiver,0,True,1785338865752.0,-214.0,0.0,False
2c2e84da-6af9-542f-997f-ee465e4914f5,1785338865971,sender -> receiver,0,True,1785338865816.0,-155.0,0.0,False
4ae2292e-5f4d-5960-9025-2ba9f49f7aa5,1785338865978,sender -> receiver,0,True,1785338865829.0,-149.0,0.0,False
ccfbff58-a490-5ef8-8bcf-75f7208cad80,1785338866007,sender -> receiver,0,True,1785338865853.0,-154.0,0.0,False
7874e2e8-b921-5c6b-b49c-45271b3253b2,1785338866921,sender -> receiver,0,True,1785338866722.0,-199.0,0.0,False
3225f47c-327f-5734-8532-e3495a3905a1,1785338866925,sender -> receiver,0,True,1785338866784.0,-141.0,0.0,False
f388eede-bb27-581b-abc3-49ee91c2cdfe,1785338866929,sender -> receiver,0,True,1785338866796.0,-133.0,0.0,False
66c3fea1-0ed7-5204-a23e-79545b6b06be,1785338866932,sender -> receiver,0,True,1785338866806.0,-126.0,0.0,False
b064e7ae-0c5c-5e9d-97ad-46d7866b59d8,1785338867915,sender -> receiver,0,True,1785338867753.0,-162.0,0.0,False
9d1c0f8f-902d-55c1-aa83-551601110f20,1785338867917,sender -> receiver,0,True,1785338867778.0,-139.0,0.0,False
d272af30-5fc2-5e3f-acca-5b0d38498be3,1785338867919,sender -> receiver,0,True,1785338867799.0,-120.0,0.0,False
1d9e96de-7b64-5f8f-a2f8-e2877610f29a,1785338867921,sender -> receiver,0,True,1785338867840.0,-81.0,0.0,False
33b1d808-664a-581e-8215-d5adb76a7f93,1785338868974,sender -> receiver,0,True,1785338868791.0,-183.0,0.0,False
1a205ffc-5311-5454-b17d-e144488ed26d,1785338868978,sender -> receiver,0,True,1785338868810.0,-168.0,0.0,False
58f82e71-79ca-5363-9d12-78938a5252c2,1785338868981,sender -> receiver,0,True,1785338868828.0,-153.0,0.0,False
f6142770-42a4-5a81-a025-866dfe45ae09,1785338868985,sender -> receiver,0,True,1785338868844.0,-141.0,0.0,False
ff32bbab-ec2a-5b94-aed9-0006a9820dd8,1785338869996,sender -> receiver,0,True,1785338869881.0,-115.0,0.0,False
7e2917b6-6b8b-5cbd-ab52-4547f8de7af0,1785338870003,sender -> receiver,0,True,1785338869896.0,-107.0,0.0,False
a297893c-8df5-5819-8aba-8e73951e1ab3,1785338870010,sender -> receiver,0,True,1785338869907.0,-103.0,0.0,False
13effee4-4057-5a94-9dd1-a64b39faeea9,1785338870038,sender -> receiver,0,True,1785338869917.0,-121.0,0.0,False
dba939d1-ae59-5f56-8062-e6282c0c0d1c,1785338870980,sender -> receiver,0,True,1785338870796.0,-184.0,0.0,False
2fe3df75-984d-5fbe-a45c-b42b3e8ed0bd,1785338870985,sender -> receiver,0,True,1785338870846.0,-139.0,0.0,False
518dff38-ecce-57b7-bae4-02b1738f023c,1785338870990,sender -> receiver,0,True,1785338870858.0,-132.0,0.0,False
a9a3879f-86cb-51f8-ab83-79ba8cf4ee1a,1785338870994,sender -> receiver,0,True,1785338870868.0,-126.0,0.0,False
7d83f86c-e763-52bf-83a3-a30bfe4663de,1785338871921,sender -> receiver,0,True,1785338871740.0,-181.0,0.0,False
53593e65-d08c-50ab-912c-26095a7a3503,1785338871925,sender -> receiver,0,True,1785338871762.0,-163.0,0.0,False
380b40e6-cc48-5635-b2c4-bb5a0d2bfe58,1785338871929,sender -> receiver,0,True,1785338871783.0,-146.0,0.0,False
17437e67-c2dd-53d1-9d91-8d660ed2f64b,1785338871931,sender -> receiver,0,True,1785338871801.0,-130.0,0.0,False
fb968d1f-49cb-5102-92d8-fafec2337236,1785338872920,sender -> receiver,0,True,1785338872740.0,-180.0,0.0,False
e9458314-a1cb-5d6e-951b-1843a74be718,1785338872924,sender -> receiver,0,True,1785338872763.0,-161.0,0.0,False
fad41f5f-2665-5050-b332-a02683e95c11,1785338872930,sender -> receiver,0,True,1785338872819.0,-111.0,0.0,False
5de999ca-62eb-5ed8-a66d-f456e72a000c,1785338872932,sender -> receiver,0,True,1785338872831.0,-101.0,0.0,False
85c60ada-db1e-5b51-94a0-04d99271808a,1785338873960,sender -> receiver,0,True,1785338873782.0,-178.0,0.0,False
ea4fdd6f-bef8-5bf3-a272-212fdd07b790,1785338873965,sender -> receiver,0,True,1785338873800.0,-165.0,0.0,False
797a65b5-f9e2-57a0-9bf5-0c3419574cf6,1785338873988,sender -> receiver,0,True,1785338873813.0,-175.0,0.0,False
46208da9-b2a8-5d06-8a28-6c197b9d134b,1785338873993,sender -> receiver,0,True,1785338873824.0,-169.0,0.0,False
e01022c6-3d13-586c-b880-bb1bb9f1ef19,1785338874965,sender -> receiver,0,True,1785338874768.0,-197.0,0.0,False
3bf7d12e-6528-52c5-8b9d-6e9b2a918321,1785338874969,sender -> receiver,0,True,1785338874783.0,-186.0,0.0,False
10d74751-de7f-58e9-8aeb-de7801e9d563,1785338874974,sender -> receiver,0,True,1785338874793.0,-181.0,0.0,False
2a149e0f-8a49-54c2-acf6-78e04f7f15b1,1785338874978,sender -> receiver,0,True,1785338874802.0,-176.0,0.0,False
26016cfa-f608-5f15-b7b6-dc234488bb92,1785338875919,sender -> receiver,0,True,1785338875719.0,-200.0,0.0,False
480c3fdb-bf68-52e7-b918-9739250adef6,1785338875921,sender -> receiver,0,True,1785338875729.0,-192.0,0.0,False
41bda0e0-d6d1-5fd0-97b8-9f1e29d51e75,1785338875924,sender -> receiver,0,True,1785338875738.0,-186.0,0.0,False
e43d305e-30b4-5c2a-bdc5-de1c0b535b61,1785338875926,sender -> receiver,0,True,1785338875769.0,-157.0,0.0,False
32100d5e-7cf3-59d9-8ace-94f9d87fed0e,1785338876922,sender -> receiver,0,True,1785338876748.0,-174.0,0.0,False
acc4dd04-c07c-5c91-bde9-04cb6bf13092,1785338876925,sender -> receiver,0,True,1785338876767.0,-158.0,0.0,False
94958c53-be41-575e-abd7-769545cf2a4f,1785338876927,sender -> receiver,0,True,1785338876780.0,-147.0,0.0,False
821ad162-0460-5bfa-bdbf-75b5e7791c65,1785338876930,sender -> receiver,0,True,1785338876791.0,-139.0,0.0,False
f271aa83-d069-540e-8335-613c4d4830ea,1785338877930,sender -> receiver,0,True,1785338877739.0,-191.0,0.0,False
5d8385ff-8841-5f81-8806-b541a2179323,1785338877948,sender -> receiver,0,True,1785338877762.0,-186.0,0.0,False
ae704125-8b3d-5f05-b631-fddc57129e81,1785338877950,sender -> receiver,0,True,1785338877775.0,-175.0,0.0,False
389dc766-0f4f-5fed-a624-63203dc50446,1785338877954,sender -> receiver,0,True,1785338877788.0,-166.0,0.0,False
2ed3994c-6f87-5ae3-bc3b-db984698b66d,1785338919573,sender -> receiver,0,True,1785338919357.0,-216.0,0.0,False
71bcef47-a743-53ef-84a0-bd9c304fedba,1785338919575,sender -> receiver,0,True,1785338919396.0,-179.0,0.0,False
df323f5c-adda-59b5-8cb3-cc82f92b3673,1785338919576,sender -> receiver,0,True,1785338919419.0,-157.0,0.0,False
2ca4863f-63ec-5f1e-9de8-b6f533a0db33,1785338919578,sender -> receiver,0,True,1785338919434.0,-144.0,0.0,False
472d8c29-3e26-5df9-9c30-fc2b43afdfc7,1785338920572,sender -> receiver,0,True,1785338920395.0,-177.0,0.0,False
e288a942-0f01-595d-96d0-9c7f62b43472,1785338920573,sender -> receiver,0,True,1785338920424.0,-149.0,0.0,False
5a0c6086-2f90-5959-a587-1d380340464a,1785338920575,sender -> receiver,0,True,1785338920450.0,-125.0,0.0,False
9fc25c73-74e2-57f9-b2a5-d7b2a01e58b2,1785338920577,sender -> receiver,0,True,1785338920474.0,-103.0,0.0,False
a50af40a-394b-5b17-8a0f-ddab983e8d9a,1785338921571,sender -> receiver,0,True,1785338921389.0,-182.0,0.0,False
b6caa69b-5eb3-5526-a8c3-dfbd8292c9c2,1785338921574,sender -> receiver,0,True,1785338921423.0,-151.0,0.0,False
ed33e7c0-f538-54bc-8e27-35d97ebea4b1,1785338921577,sender -> receiver,0,True,1785338921446.0,-131.0,0.0,False
7358dd0e-50d3-5362-8dcd-cb9920a0f0e9,1785338921590,sender -> receiver,0,True,1785338921465.0,-125.0,0.0,False
0123009c-87ba-5e72-9ee0-1f32646e91ab,1785338922571,sender -> receiver,0,True,1785338922373.0,-198.0,0.0,False
40c6d4b7-b574-501b-af59-6702792a9d77,1785338922573,sender -> receiver,0,True,1785338922383.0,-190.0,0.0,False
8f0028e1-1973-55db-bcc6-329223346337,1785338922576,sender -> receiver,0,True,1785338922391.0,-185.0,0.0,False
b6cd76de-a887-5024-a24c-65a294b992c1,1785338922578,sender -> receiver,0,True,1785338922406.0,-172.0,0.0,False
5d9a3953-381e-5a22-954c-adcd94fd75c5,1785338923576,sender -> receiver,0,True,1785338923396.0,-180.0,0.0,False
311d6499-c2a7-535c-a18c-a0cfe07ef52b,1785338923578,sender -> receiver,0,True,1785338923419.0,-159.0,0.0,False
750b16a7-550f-5f0a-a85b-150ad5886890,1785338923580,sender -> receiver,0,True,1785338923432.0,-148.0,0.0,False
58036840-581c-5687-b4f0-27f168ba41f7,1785338923582,sender -> receiver,0,True,1785338923443.0,-139.0,0.0,False
59f12c93-dbab-5f2b-96be-1f7399590b6a,1785338924571,sender -> receiver,0,True,1785338924404.0,-167.0,0.0,False
28b2654a-8c64-5c71-957a-e50b21cbbb0b,1785338924573,sender -> receiver,0,True,1785338924419.0,-154.0,0.0,False
f4890f33-5d67-56ec-b5af-d2b6738a8bff,1785338924576,sender -> receiver,0,True,1785338924431.0,-145.0,0.0,False
86b484d8-ec75-5da4-a49d-e7877ebef496,1785338924579,sender -> receiver,0,True,1785338924442.0,-137.0,0.0,False
58fd12e8-dbae-573f-8914-a73747969d20,1785338925567,sender -> receiver,0,True,1785338925387.0,-180.0,0.0,False
2329f122-c92b-5f34-b109-b95ef8012bbc,1785338925570,sender -> receiver,0,True,1785338925410.0,-160.0,0.0,False
b05cb287-1859-5c44-aa63-b019225262a0,1785338925572,sender -> receiver,0,True,1785338925426.0,-146.0,0.0,False
e0278636-6acc-5db9-b5d8-2ce43a966eca,1785338925574,sender -> receiver,0,True,1785338925459.0,-115.0,0.0,False
38877eab-7059-516b-8d08-29b2088adfa3,1785338926594,sender -> receiver,0,True,1785338926367.0,-227.0,0.0,False
903d622f-c719-515c-bc30-a8be0b7df2bc,1785338926598,sender -> receiver,0,True,1785338926412.0,-186.0,0.0,False
d1c9b70f-9388-5698-b867-1397a9e02b89,1785338926604,sender -> receiver,0,True,1785338926436.0,-168.0,0.0,False
22a4183d-7562-5f5a-8b88-c4588f70d951,1785338926608,sender -> receiver,0,True,1785338926477.0,-131.0,0.0,False
e9203e6a-4d64-53fb-bfce-8b791df56ef3,1785338927602,sender -> receiver,0,True,1785338927414.0,-188.0,0.0,False
0df00f9e-20fa-5291-9d96-b71a36748201,1785338927605,sender -> receiver,0,True,1785338927470.0,-135.0,0.0,False
43474c4a-4971-5dc5-b883-29ef5ac83c2b,1785338927608,sender -> receiver,0,True,1785338927497.0,-111.0,0.0,False
168f7761-6132-57fb-a196-822268e87b43,1785338927611,sender -> receiver,0,True,1785338927513.0,-98.0,0.0,False
8ef62aae-6366-5dab-9a2e-ee75c88df10e,1785338928604,sender -> receiver,0,True,1785338928409.0,-195.0,0.0,False
c54eb39b-c624-5081-a905-b8e6d8bb3798,1785338928608,sender -> receiver,0,True,1785338928437.0,-171.0,0.0,False
b3fee41b-1e1c-5b5c-b388-35c7a3e1c0af,1785338928612,sender -> receiver,0,True,1785338928454.0,-158.0,0.0,False
b3a23855-692c-5331-a09d-be238cfa679f,1785338928616,sender -> receiver,0,True,1785338928474.0,-142.0,0.0,False
05375f0b-c1da-5a16-afbc-5ae5e2ecac4f,1785338929582,sender -> receiver,0,True,1785338929382.0,-200.0,0.0,False
9f376643-5fc7-56f3-8fce-e8415df133f1,1785338929584,sender -> receiver,0,True,1785338929403.0,-181.0,0.0,False
ec6df9cf-e494-587c-a959-89f402dc2a1a,1785338929587,sender -> receiver,0,True,1785338929424.0,-163.0,0.0,False
56004ae0-908a-5069-8c31-0705fc9d5445,1785338929589,sender -> receiver,0,True,1785338929443.0,-146.0,0.0,False
28473ec5-4217-5b5f-9f9a-a4a6394fd72a,1785338930595,sender -> receiver,0,True,1785338930370.0,-225.0,0.0,False
b4fbe37a-5b7e-566d-94f5-01baa88ed690,1785338930599,sender -> receiver,0,True,1785338930393.0,-206.0,0.0,False
ecb0c121-d032-512a-b7e6-097eb2b56497,1785338930604,sender -> receiver,0,True,1785338930407.0,-197.0,0.0,False
537dba1d-6b8d-5810-be70-f24fea916400,1785338930609,sender -> receiver,0,True,1785338930435.0,-174.0,0.0,False
11c931a2-3f1d-5df0-b090-472aa8fac3f9,1785338931587,sender -> receiver,0,True,1785338931416.0,-171.0,0.0,False
552d502e-fcc7-56e1-9f3d-4bc39489006d,1785338931591,sender -> receiver,0,True,1785338931442.0,-149.0,0.0,False
0ca96b5e-b4cb-59b1-b3bc-04dc59199997,1785338931594,sender -> receiver,0,True,1785338931496.0,-98.0,0.0,False
bb73f267-ed30-5fcf-b0fb-efdcb4d03867,1785338931597,sender -> receiver,0,True,1785338931510.0,-87.0,0.0,False
c3ab6509-8a06-5494-b997-2b5ad0cddc6f,1785338932595,sender -> receiver,0,True,1785338932413.0,-182.0,0.0,False
bb4a4019-7431-5c55-899a-b3162508a923,1785338932598,sender -> receiver,0,True,1785338932425.0,-173.0,0.0,False
db1d54a5-cfe3-5ac6-864f-d1322ed68849,1785338932602,sender -> receiver,0,True,1785338932435.0,-167.0,0.0,False
22f3786c-a7c7-5077-bf38-805450590b7d,1785338932605,sender -> receiver,0,True,1785338932453.0,-152.0,0.0,False
5b81d9f7-34a5-56f0-860d-f129ecf3e773,1785338933570,sender -> receiver,0,True,1785338933389.0,-181.0,0.0,False
f274bb35-9e45-5b70-bf2f-635dccf26fd7,1785338933572,sender -> receiver,0,True,1785338933415.0,-157.0,0.0,False
e7afd3af-192a-5c45-b523-131ad404758b,1785338933587,sender -> receiver,0,True,1785338933432.0,-155.0,0.0,False
efe9a51e-a59d-50b4-9417-7ded0eed1baf,1785338933589,sender -> receiver,0,True,1785338933449.0,-140.0,0.0,False
ea4d28f5-a411-5607-a32f-7f181a423492,1785338934577,sender -> receiver,0,True,1785338934374.0,-203.0,0.0,False
9cd8687c-1c69-5fb7-8279-5ec74be8f21a,1785338934579,sender -> receiver,0,True,1785338934396.0,-183.0,0.0,False
613549f5-0124-5c66-9d1a-2de3cf018d91,1785338934581,sender -> receiver,0,True,1785338934429.0,-152.0,0.0,False
878c7e39-924a-5019-b467-3f940781f1de,1785338934583,sender -> receiver,0,True,1785338934440.0,-143.0,0.0,False
66653195-57d9-504a-9308-35721c02f0cd,1785338935571,sender -> receiver,0,True,1785338935377.0,-194.0,0.0,False
9f5adfb8-b65a-5f66-b4e3-a2006dcc2f23,1785338935585,sender -> receiver,0,True,1785338935388.0,-197.0,0.0,False
6e04de99-9a00-59a5-baae-cbfb313fc2dc,1785338935588,sender -> receiver,0,True,1785338935397.0,-191.0,0.0,False
5257a680-631d-5296-af23-c2a6890b9dd0,1785338935593,sender -> receiver,0,True,1785338935411.0,-182.0,0.0,False
3c9083ad-7774-5dab-89d9-f3d69abd98c0,1785338936567,sender -> receiver,0,True,1785338936427.0,-140.0,0.0,False
a60541b3-e316-5601-8312-5276e072520c,1785338936569,sender -> receiver,0,True,1785338936449.0,-120.0,0.0,False
0fe7e1d9-8e43-500f-9ec8-fc5e759a9ad5,1785338936572,sender -> receiver,0,True,1785338936462.0,-110.0,0.0,False
16a1aa91-c52b-5a83-b475-798f0e0d0db3,1785338936574,sender -> receiver,0,True,1785338936473.0,-101.0,0.0,False
dce79a13-9e90-5748-8fd9-885692fd1175,1785338937570,sender -> receiver,0,True,1785338937347.0,-223.0,0.0,False
d959788c-1534-5ae1-918d-1503a2bfbd24,1785338937572,sender -> receiver,0,True,1785338937385.0,-187.0,0.0,False
933a01b9-4ab6-5827-8ffa-cb17d1216172,1785338937574,sender -> receiver,0,True,1785338937409.0,-165.0,0.0,False
b48d549b-edc9-52a1-9960-7a497d25e787,1785338937577,sender -> receiver,0,True,1785338937423.0,-154.0,0.0,False
7cffb846-9fe7-5f78-af6d-9dd358e2e1b2,1785338938591,sender -> receiver,0,True,1785338938383.0,-208.0,0.0,False
66ef78ff-dfca-52c1-86fa-5d2f1c4b56b8,1785338938595,sender -> receiver,0,True,1785338938404.0,-191.0,0.0,False
5ad98397-8a95-5079-9980-f3c7c956df5f,1785338938599,sender -> receiver,0,True,1785338938419.0,-180.0,0.0,False
996ab2dd-1a7d-5092-b9bc-5c818e0051d2,1785338938601,sender -> receiver,0,True,1785338938432.0,-169.0,0.0,False
298728f5-8310-58a1-afb2-86bdd31decad,1785338939568,sender -> receiver,0,True,1785338939375.0,-193.0,0.0,False
9c7b80b7-9d53-524d-aa0e-c4b18d2adcda,1785338939571,sender -> receiver,0,True,1785338939409.0,-162.0,0.0,False
84210fc7-21e2-5855-a76d-681e13fdcb7a,1785338939573,sender -> receiver,0,True,1785338939429.0,-144.0,0.0,False
e136482f-29c6-5bf6-9ab2-bf293c55d10e,1785338939575,sender -> receiver,0,True,1785338939445.0,-130.0,0.0,False
456bacd0-329b-5e6a-ad33-b80f61240e69,1785338940568,sender -> receiver,0,True,1785338940367.0,-201.0,0.0,False
d3b68508-2a77-5bd7-a7e1-89ed45eb04ba,1785338940570,sender -> receiver,0,True,1785338940381.0,-189.0,0.0,False
8d958a9e-e8dd-5767-a890-8de6e728f2f9,1785338940573,sender -> receiver,0,True,1785338940393.0,-180.0,0.0,False
3f2ccc78-4fd8-5258-ab8a-5f2db505ebf9,1785338940578,sender -> receiver,0,True,1785338940409.0,-169.0,0.0,False
6643bc8c-4328-5806-8ad2-e607aacc6b7b,1785338941569,sender -> receiver,0,True,1785338941349.0,-220.0,0.0,False
5d369bd3-a50a-5c41-a055-3d65c0054bd4,1785338941571,sender -> receiver,0,True,1785338941370.0,-201.0,0.0,False
2b99170d-fd38-538c-9f56-f4f87b9af6af,1785338941574,sender -> receiver,0,True,1785338941387.0,-187.0,0.0,False
e0406fe3-92a7-53cc-b4ef-25444d27472c,1785338941576,sender -> receiver,0,True,1785338941400.0,-176.0,0.0,False
f87c0e78-374b-59f2-90df-56894713701a,1785338942567,sender -> receiver,0,True,1785338942343.0,-224.0,0.0,False
987cfbb5-62e6-54cc-8e94-5bb885fe43d2,1785338942570,sender -> receiver,0,True,1785338942363.0,-207.0,0.0,False
9841efdb-5658-5c1b-ab25-37025c57298a,1785338942584,sender -> receiver,0,True,1785338942376.0,-208.0,0.0,False
b517be8f-6617-5197-9ef3-9ccb7c561b99,1785338942586,sender -> receiver,0,True,1785338942404.0,-182.0,0.0,False
cd1bef54-4c10-5943-b5e4-2752c72e3603,1785338943568,sender -> receiver,0,True,1785338943391.0,-177.0,0.0,False
b0cfdefd-6e6e-53b8-b6bd-39de84c0bfc6,1785338943570,sender -> receiver,0,True,1785338943417.0,-153.0,0.0,False
8b95146c-5ae2-5c22-ad60-e69a39a76e12,1785338943572,sender -> receiver,0,True,1785338943438.0,-134.0,0.0,False
30aeaeda-0c24-504b-88f1-ef06e2751465,1785338943576,sender -> receiver,0,True,1785338943455.0,-121.0,0.0,False
ccb5e8eb-c0b7-5d79-8728-7cab16ac936a,1785338987289,sender -> receiver,0,True,1785338987085.0,-204.0,0.0,False
fb1da52a-6b98-5760-92d0-669046a381ca,1785338987291,sender -> receiver,0,True,1785338987130.0,-161.0,0.0,False
0fb167e6-cb30-5dda-a3f2-3633a2aebb73,1785338987293,sender -> receiver,0,True,1785338987148.0,-145.0,0.0,False
02c53c81-ebce-5b03-9165-024190d3bdb5,1785338987295,sender -> receiver,0,True,1785338987160.0,-135.0,0.0,False
b3475ea2-4ff2-5ed2-a064-74c18f411df4,1785338987296,sender -> receiver,0,True,1785338987175.0,-121.0,0.0,False
4644d17c-cb5c-5c68-80ad-a664f21e891a,1785338988296,sender -> receiver,0,True,1785338988089.0,-207.0,0.0,False
717a3418-1a12-560b-a75d-606c909967a5,1785338988298,sender -> receiver,0,True,1785338988102.0,-196.0,0.0,False
660f9c71-9347-5d2e-b090-71df2f62dc9f,1785338988300,sender -> receiver,0,True,1785338988113.0,-187.0,0.0,False
9208cbe0-0821-5294-90fe-31ad16b84201,1785338988313,sender -> receiver,0,True,1785338988124.0,-189.0,0.0,False
d11256dc-38ce-5770-b588-a06c5e58e147,1785338988315,sender -> receiver,0,True,1785338988134.0,-181.0,0.0,False
9132a096-3818-5178-bfdd-f83f4de747f6,1785338989293,sender -> receiver,0,True,1785338989099.0,-194.0,0.0,False
dd51ded7-3653-5ae8-a018-7d98cbf45246,1785338989296,sender -> receiver,0,True,1785338989110.0,-186.0,0.0,False
e1c83f7f-172a-57e9-8c96-16cc39e06380,1785338989299,sender -> receiver,0,True,1785338989119.0,-180.0,0.0,False
f37c5e4f-de34-58e1-9b71-77352ec49920,1785338989303,sender -> receiver,0,True,1785338989149.0,-154.0,0.0,False
e27ec374-7a15-5df6-aff6-dce5d7a09b8b,1785338990339,sender -> receiver,0,True,1785338990136.0,-203.0,0.0,False
69d8c8f9-ee11-500e-9cb0-af6222a05bf5,1785338990343,sender -> receiver,0,True,1785338990160.0,-183.0,0.0,False
0d5e6031-cdb6-548f-8ee3-07b2e6cc0e7b,1785338990346,sender -> receiver,0,True,1785338990175.0,-171.0,0.0,False
2b5b68ab-5e92-50f7-b7ec-ab72b49fdeac,1785338990352,sender -> receiver,0,True,1785338990197.0,-155.0,0.0,False
f0333b07-36af-5380-87aa-10b96525a679,1785338990354,sender -> receiver,0,True,1785338990208.0,-146.0,0.0,False
0c0e5b22-0101-57f5-9164-ccb3e46d4b46,1785338991267,sender -> receiver,0,True,1785338991097.0,-170.0,0.0,False
bd64deda-1145-5fdd-9bff-89e0b9b67df9,1785338991283,sender -> receiver,0,True,1785338991124.0,-159.0,0.0,False
33504604-a471-5a47-8c48-1e3f4090ada1,1785338991286,sender -> receiver,0,True,1785338991162.0,-124.0,0.0,False
39fc6207-fa96-54df-9e3b-0ad3fb244805,1785338991288,sender -> receiver,0,True,1785338991217.0,-71.0,0.0,False
70ed9400-d363-58c8-bc9b-c756d3147511,1785338992341,sender -> receiver,0,True,1785338992148.0,-193.0,0.0,False
1c8773ff-424e-5206-a567-95a09640ce52,1785338992346,sender -> receiver,0,True,1785338992177.0,-169.0,0.0,False
58f1d9d6-eeca-5a22-b8c6-68cbc3fd1ee7,1785338992349,sender -> receiver,0,True,1785338992198.0,-151.0,0.0,False
97fd41fb-71b4-56af-9809-1f38b592e972,1785338992363,sender -> receiver,0,True,1785338992218.0,-145.0,0.0,False
5304e047-01b0-5f7e-afe1-3dd25263a1c7,1785338992366,sender -> receiver,0,True,1785338992246.0,-120.0,0.0,False
bd757ae2-7e69-5dbd-bcad-0cca08ff0a47,1785338993339,sender -> receiver,0,True,1785338993148.0,-191.0,0.0,False
b6baefc0-77ff-573f-8cda-46d80a076f2a,1785338993345,sender -> receiver,0,True,1785338993169.0,-176.0,0.0,False
cd9d2372-476a-5b58-a4c8-2614d82eca38,1785338993350,sender -> receiver,0,True,1785338993181.0,-169.0,0.0,False
0bc38e17-0130-5aef-b707-779111d3ea08,1785338993355,sender -> receiver,0,True,1785338993192.0,-163.0,0.0,False
1f4a446a-eb2e-57e3-b289-ae0718394692,1785338994361,sender -> receiver,0,True,1785338994166.0,-195.0,0.0,False
4ca2587c-bb7d-5fb7-93a3-da36ddbe7957,1785338994365,sender -> receiver,0,True,1785338994182.0,-183.0,0.0,False
b962d0a4-0b4f-566b-8971-0a75ea2e2162,1785338994372,sender -> receiver,0,True,1785338994234.0,-138.0,0.0,False
a286e369-cd48-536b-b43e-12b49524643b,1785338994376,sender -> receiver,0,True,1785338994246.0,-130.0,0.0,False
63f08009-ed13-5da7-9004-aefe7b259ecf,1785338994379,sender -> receiver,0,True,1785338994259.0,-120.0,0.0,False
bcc6930f-281b-5aa3-a814-f1385e62792b,1785338995312,sender -> receiver,0,True,1785338995124.0,-188.0,0.0,False
bb053050-5e22-563b-af1b-500a752005c5,1785338995317,sender -> receiver,0,True,1785338995144.0,-173.0,0.0,False
3d32d3d7-f250-52e7-87f3-8a63acb78fb7,1785338995320,sender -> receiver,0,True,1785338995153.0,-167.0,0.0,False
df640cd6-264c-58b1-b46a-93ff333da441,1785338995323,sender -> receiver,0,True,1785338995157.0,-166.0,0.0,False
c1949427-b010-5356-86bb-f590c21fb1a9,1785338996302,sender -> receiver,0,True,1785338996134.0,-168.0,0.0,False
b4481cb5-19c2-5973-8951-8b9a6ebfc8e3,1785338996304,sender -> receiver,0,True,1785338996156.0,-148.0,0.0,False
757bfce3-9c3a-52a8-ae7d-782960e2a86c,1785338996307,sender -> receiver,0,True,1785338996177.0,-130.0,0.0,False
9b689d10-3be8-5f2e-867d-3623bca84d7a,1785338996310,sender -> receiver,0,True,1785338996207.0,-103.0,0.0,False
78975756-b629-5a66-850e-0d9106fcaa24,1785338996313,sender -> receiver,0,True,1785338996224.0,-89.0,0.0,False
7b4466ba-2c8f-5f20-a821-6431368cf4d2,1785338997340,sender -> receiver,0,True,1785338997161.0,-179.0,0.0,False
3b4706cb-57e0-5fa8-b5bd-41ae87e405bf,1785338997344,sender -> receiver,0,True,1785338997192.0,-152.0,0.0,False
ecf0cebf-0943-5518-95c2-bb83db973052,1785338997346,sender -> receiver,0,True,1785338997216.0,-130.0,0.0,False
dbc772ee-18c9-5e95-af42-5fab64cfeb1d,1785338997350,sender -> receiver,0,True,1785338997254.0,-96.0,0.0,False
b65f28b2-6dc5-5295-9520-4c23d4f2a839,1785338998330,sender -> receiver,0,True,1785338998165.0,-165.0,0.0,False
896762f8-229c-5ad9-bd41-8b93355d276b,1785338998335,sender -> receiver,0,True,1785338998176.0,-159.0,0.0,False
cc19a438-c8cb-5294-bf28-d10159cbdb4e,1785338998340,sender -> receiver,0,True,1785338998185.0,-155.0,0.0,False
39e099a4-fbf8-5ea4-8fe9-cb0980534f7c,1785338998344,sender -> receiver,0,True,1785338998203.0,-141.0,0.0,False
0ebcc5b3-2c1a-5368-9cc0-b76cd85a3815,1785338998365,sender -> receiver,0,True,1785338998220.0,-145.0,0.0,False
c9b589ec-d781-5546-8aa9-963118964641,1785338999286,sender -> receiver,0,True,1785338999086.0,-200.0,0.0,False
cf8c541d-09da-52fd-9cef-d5ae5b8596b8,1785338999305,sender -> receiver,0,True,1785338999109.0,-196.0,0.0,False
2463628d-19bb-5771-91e0-5f63b66f6685,1785338999308,sender -> receiver,0,True,1785338999124.0,-184.0,0.0,False
7fd30a3f-eda0-5086-90d8-fbd14fb60672,1785338999311,sender -> receiver,0,True,1785338999136.0,-175.0,0.0,False
ecc61819-4006-5e89-861c-f35f6740bf44,1785338999313,sender -> receiver,0,True,1785338999161.0,-152.0,0.0,False
5a9a1516-7a35-5774-95ec-ae819b8cd9d5,1785339000284,sender -> receiver,0,True,1785339000091.0,-193.0,0.0,False
e6ad84f4-8759-5650-ae90-d93514a75985,1785339000287,sender -> receiver,0,True,1785339000107.0,-180.0,0.0,False
e68a065e-e6cb-59c3-bb0d-94cd22f9822b,1785339000290,sender -> receiver,0,True,1785339000120.0,-170.0,0.0,False
1f5a4830-5bca-5dbc-b69e-ac1aab85ec97,1785339000295,sender -> receiver,0,True,1785339000160.0,-135.0,0.0,False
e0390b74-30ef-5741-87ba-edced76f4fab,1785339001300,sender -> receiver,0,True,1785339001165.0,-135.0,0.0,False
60aee0ff-8a3c-5181-9554-e9ac1a51da7d,1785339001302,sender -> receiver,0,True,1785339001174.0,-128.0,0.0,False
5a8be85a-0d40-5638-950a-a3efda58e7bc,1785339001305,sender -> receiver,0,True,1785339001184.0,-121.0,0.0,False
71d95887-c8e7-53a1-9ab8-df9079b97b1a,1785339001307,sender -> receiver,0,True,1785339001202.0,-105.0,0.0,False
9f15df8a-a397-5cdf-a9fb-40a1585c7126,1785339001309,sender -> receiver,0,True,1785339001212.0,-97.0,0.0,False
f8154030-ad63-52ee-bae6-eed21fd35b8c,1785339002275,sender -> receiver,0,True,1785339002058.0,-217.0,0.0,False
5ecb674c-a6e4-58fe-8323-a2a1b966b6c3,1785339002277,sender -> receiver,0,True,1785339002086.0,-191.0,0.0,False
b9208de1-5537-5415-a3f9-5c0a79e34163,1785339002293,sender -> receiver,0,True,1785339002103.0,-190.0,0.0,False
ad6e81f4-0e33-58ed-bb9c-8498d8a8417d,1785339002296,sender -> receiver,0,True,1785339002133.0,-163.0,0.0,False
257e63b3-e634-5a2f-9282-20177b197f95,1785339003326,sender -> receiver,0,True,1785339003094.0,-232.0,0.0,False
40a8600d-0b1b-5d54-bbaa-98c640422ba5,1785339003331,sender -> receiver,0,True,1785339003132.0,-199.0,0.0,False
ae055ac5-c18f-5af5-8b97-500682ea23e0,1785339003335,sender -> receiver,0,True,1785339003147.0,-188.0,0.0,False
650c203c-8355-5f48-bfcf-7277bf517e26,1785339003337,sender -> receiver,0,True,1785339003157.0,-180.0,0.0,False
644f1fbf-4fae-5471-9a60-a85b6b5d936e,1785339003340,sender -> receiver,0,True,1785339003167.0,-173.0,0.0,False
8cfca1e5-4804-5a7e-b783-6454a481c195,1785339004278,sender -> receiver,0,True,1785339004083.0,-195.0,0.0,False
b09cdf23-b1ff-5d18-a9b9-dc08cf6727a9,1785339004283,sender -> receiver,0,True,1785339004106.0,-177.0,0.0,False
fba41f0e-c53f-5a12-bebf-cfdf5ec7afc1,1785339004286,sender -> receiver,0,True,1785339004122.0,-164.0,0.0,False
4cae579d-86d1-5d6a-bcce-24e6d3b9491a,1785339004289,sender -> receiver,0,True,1785339004147.0,-142.0,0.0,False
b3619bb6-f029-589b-bf3c-ea57bc757de8,1785339005290,sender -> receiver,0,True,1785339005137.0,-153.0,0.0,False
0ac1dac5-d2ce-5867-9cb3-61ec8a354592,1785339005309,sender -> receiver,0,True,1785339005162.0,-147.0,0.0,False
2aa03546-a2c2-55e7-8c2d-1a7422d0036b,1785339005312,sender -> receiver,0,True,1785339005179.0,-133.0,0.0,False
99e81a97-0acc-5592-a2e1-f7c8fb98211e,1785339005313,sender -> receiver,0,True,1785339005221.0,-92.0,0.0,False
4ff6ae10-447b-5b6f-a29c-941d27342aaa,1785339005316,sender -> receiver,0,True,1785339005233.0,-83.0,0.0,False
2faeb318-cf99-5cd4-b568-51fb78169dae,1785339006278,sender -> receiver,0,True,1785339006106.0,-172.0,0.0,False
94cc9062-56c9-5ed4-87f9-79be3a549ef3,1785339006281,sender -> receiver,0,True,1785339006126.0,-155.0,0.0,False
7e65626e-a850-52d2-bdb6-46fed4794760,1785339006285,sender -> receiver,0,True,1785339006146.0,-139.0,0.0,False
4503a2d6-ca8c-502f-a87a-b0e6229acf83,1785339006288,sender -> receiver,0,True,1785339006175.0,-113.0,0.0,False
e6f3d14f-2f74-5c95-86dd-bc34a95a332c,1785339007283,sender -> receiver,0,True,1785339007101.0,-182.0,0.0,False
b6716b04-4823-5fc5-acbd-03c2d62a288c,1785339007287,sender -> receiver,0,True,1785339007148.0,-139.0,0.0,False
36e1704a-d749-5e7c-a503-2c5b1f239b0a,1785339007293,sender -> receiver,0,True,1785339007166.0,-127.0,0.0,False
79c92f1a-8edc-574f-98c3-42b02e193a1b,1785339007310,sender -> receiver,0,True,1785339007178.0,-132.0,0.0,False
87304918-54ba-5d29-9f0b-e821b12e65a9,1785339007313,sender -> receiver,0,True,1785339007190.0,-123.0,0.0,False
8fae7542-c031-5708-8dbf-57ba9ce28848,1785339008286,sender -> receiver,0,True,1785339008096.0,-190.0,0.0,False
08819a27-8ca7-54e7-860f-1b2917d8df9a,1785339008306,sender -> receiver,0,True,1785339008110.0,-196.0,0.0,False
5def154a-e911-52c4-80ba-f3bbffb81959,1785339008312,sender -> receiver,0,True,1785339008122.0,-190.0,0.0,False
8c96bf2a-39fa-548e-b28a-ed298fdd841a,1785339008315,sender -> receiver,0,True,1785339008133.0,-182.0,0.0,False
77f75bb5-ff22-5f25-8937-bc1bae055a2d,1785339049951,sender -> receiver,0,True,1785339049731.0,-220.0,0.0,False
5a55da04-da63-5432-b134-843bc8197313,1785339049953,sender -> receiver,0,True,1785339049769.0,-184.0,0.0,False
abe38ff4-f2e4-5c36-80a6-e973f7f99e12,1785339049956,sender -> receiver,0,True,1785339049826.0,-130.0,0.0,False
b3e0cf6b-8edc-59a9-9b64-d944b4a614ed,1785339049960,sender -> receiver,0,True,1785339049838.0,-122.0,0.0,False
c938ee63-0bd0-5b64-9a12-3442501fdcc1,1785339050951,sender -> receiver,0,True,1785339050733.0,-218.0,0.0,False
32b503a5-bd2f-53d9-b883-d1394ea0abb1,1785339050952,sender -> receiver,0,True,1785339050774.0,-178.0,0.0,False
b2d3ab49-fb12-5911-a789-b081f248c3d2,1785339050954,sender -> receiver,0,True,1785339050803.0,-151.0,0.0,False
1e83e597-89ba-572d-bf71-e49dd84af7f5,1785339050956,sender -> receiver,0,True,1785339050825.0,-131.0,0.0,False
246da1b2-c85d-5dac-b01a-844a74b5ff4c,1785339051953,sender -> receiver,0,True,1785339051822.0,-131.0,0.0,False
4cf4cff6-2af5-5398-b670-dc68745f2418,1785339051959,sender -> receiver,0,True,1785339051843.0,-116.0,0.0,False
62eaf825-e32f-50d0-bc82-de4ef47479b7,1785339051966,sender -> receiver,0,True,1785339051858.0,-108.0,0.0,False
d4e51a81-51f7-571d-9fab-0ac2e9a6bb87,1785339051990,sender -> receiver,0,True,1785339051870.0,-120.0,0.0,False
05b12393-fc4c-5420-8f47-a3d2b9e86f66,1785339052948,sender -> receiver,0,True,1785339052744.0,-204.0,0.0,False
6551470f-9b7c-531c-aa9e-a1e830d660d8,1785339052950,sender -> receiver,0,True,1785339052770.0,-180.0,0.0,False
255a4d46-924e-5c19-802f-32b7f598f07a,1785339052953,sender -> receiver,0,True,1785339052797.0,-156.0,0.0,False
13ff12a0-d53e-568f-a941-ed56de5f4152,1785339052956,sender -> receiver,0,True,1785339052815.0,-141.0,0.0,False
b270ec41-9899-52c6-ba5c-e51f61de7d4d,1785339053980,sender -> receiver,0,True,1785339053786.0,-194.0,0.0,False
74bce111-3c0d-5ee4-83c7-8c3ec658ae16,1785339053988,sender -> receiver,0,True,1785339053799.0,-189.0,0.0,False
5dba0774-513c-50bc-987e-37fdf1369f15,1785339054013,sender -> receiver,0,True,1785339053811.0,-202.0,0.0,False
2f5a2642-eec5-59e5-a4a3-d98dc0b98752,1785339054018,sender -> receiver,0,True,1785339053825.0,-193.0,0.0,False
88f34d7e-0ad7-5e5c-896f-784a17557a92,1785339054963,sender -> receiver,0,True,1785339054812.0,-151.0,0.0,False
22957e75-cede-56e3-9d0e-2c4c5d1a2ef0,1785339054966,sender -> receiver,0,True,1785339054824.0,-142.0,0.0,False
76b7b80f-c7f3-59fc-84e3-46ed748f4699,1785339054970,sender -> receiver,0,True,1785339054846.0,-124.0,0.0,False
7db2afce-5518-5b7d-9f6f-a20d22490513,1785339054974,sender -> receiver,0,True,1785339054855.0,-119.0,0.0,False
75d339cf-ff2b-5704-a607-0a8b9e732954,1785339055946,sender -> receiver,0,True,1785339055743.0,-203.0,0.0,False
3e9d8ec2-45cd-5e41-b7a4-8403e0d1abec,1785339055949,sender -> receiver,0,True,1785339055802.0,-147.0,0.0,False
be0e517b-eefd-5286-ac40-4f797015e00a,1785339055951,sender -> receiver,0,True,1785339055814.0,-137.0,0.0,False
c58e4c18-55d6-5a17-9513-7af157c6e717,1785339055953,sender -> receiver,0,True,1785339055837.0,-116.0,0.0,False
9e4115eb-52a0-5892-9a15-524c289f1de0,1785339056990,sender -> receiver,0,True,1785339056868.0,-122.0,0.0,False
dd91cf72-2bbe-5b89-a422-48017869d9ef,1785339056994,sender -> receiver,0,True,1785339056888.0,-106.0,0.0,False
b1b1bdb4-9378-57a8-b301-762d0582e03a,1785339057028,sender -> receiver,0,True,1785339056905.0,-123.0,0.0,False
06cd4b38-7540-5fb0-a604-8ebbfe82119a,1785339057030,sender -> receiver,0,True,1785339056921.0,-109.0,0.0,False
6b2389e6-f110-587e-a64b-127f54ece339,1785339057939,sender -> receiver,0,True,1785339057724.0,-215.0,0.0,False
bd6ff125-bed3-59c6-8d85-1cf7a9b016a3,1785339057941,sender -> receiver,0,True,1785339057752.0,-189.0,0.0,False
2fa5d4bf-5127-54de-aaa2-245c70f35fe5,1785339057943,sender -> receiver,0,True,1785339057772.0,-171.0,0.0,False
7620ff86-c032-5bd3-9f36-d1b92e368933,1785339057946,sender -> receiver,0,True,1785339057790.0,-156.0,0.0,False
75a38b79-0d3a-5e1b-afc6-54d846b63508,1785339058944,sender -> receiver,0,True,1785339058786.0,-158.0,0.0,False
2095437b-2e12-560e-9603-3940211774e0,1785339058960,sender -> receiver,0,True,1785339058807.0,-153.0,0.0,False
a4cbc74b-646f-574e-94e2-cc784ad97954,1785339058963,sender -> receiver,0,True,1785339058823.0,-140.0,0.0,False
11f3bf47-a59e-556d-a258-0ce6af38c797,1785339058965,sender -> receiver,0,True,1785339058853.0,-112.0,0.0,False
2085f63f-e6c5-51a2-9bf0-1d08cf0b7181,1785339059964,sender -> receiver,0,True,1785339059774.0,-190.0,0.0,False
176c4a6d-8bbf-5749-9460-9a1489da9122,1785339059969,sender -> receiver,0,True,1785339059786.0,-183.0,0.0,False
71a7e59e-d880-5e3a-80da-c7ff4d2353ff,1785339059972,sender -> receiver,0,True,1785339059798.0,-174.0,0.0,False
c8c41350-9310-5da0-8013-b18b5f9c7662,1785339059975,sender -> receiver,0,True,1785339059809.0,-166.0,0.0,False
1ea54157-3785-5a72-84bf-060a02a230a7,1785339060988,sender -> receiver,0,True,1785339060785.0,-203.0,0.0,False
e653735f-857e-54cb-a295-c20a29da39f6,1785339060995,sender -> receiver,0,True,1785339060808.0,-187.0,0.0,False
73167868-f587-58e9-ab6f-204cdca4b932,1785339061036,sender -> receiver,0,True,1785339060823.0,-213.0,0.0,False
6fd08fd6-3139-5355-aa2e-f7ec3fb61016,1785339061040,sender -> receiver,0,True,1785339060848.0,-192.0,0.0,False
f7b0ab60-5814-5621-aba3-c4c203604a97,1785339062002,sender -> receiver,0,True,1785339061822.0,-180.0,0.0,False
17971af3-14d4-5e84-b7dd-57f34c63cd4c,1785339062026,sender -> receiver,0,True,1785339061837.0,-189.0,0.0,False
3769a5fb-f334-553f-9d63-6513aaa56acb,1785339062032,sender -> receiver,0,True,1785339061853.0,-179.0,0.0,False
2f54b93a-3960-5c9b-94b5-d1439d7b1975,1785339062036,sender -> receiver,0,True,1785339061863.0,-173.0,0.0,False
02b61f40-caf1-5d5f-a80e-faeff834000b,1785339062963,sender -> receiver,0,True,1785339062822.0,-141.0,0.0,False
a58267db-b8af-54a7-a5dc-13cb93d76185,1785339062967,sender -> receiver,0,True,1785339062845.0,-122.0,0.0,False
2744bc81-13b9-5114-a599-2a1d5c034f1f,1785339062970,sender -> receiver,0,True,1785339062864.0,-106.0,0.0,False
8d8ad829-3121-5d58-95a5-a3a8e3a5bb16,1785339062974,sender -> receiver,0,True,1785339062901.0,-73.0,0.0,False
61a52943-f07a-5026-a91d-d55d746ce261,1785339063967,sender -> receiver,0,True,1785339063783.0,-184.0,0.0,False
93a60de8-7992-5c1f-8846-e87169a1c375,1785339063971,sender -> receiver,0,True,1785339063802.0,-169.0,0.0,False
abae3307-993d-5796-a3fd-ecf011987c2f,1785339063978,sender -> receiver,0,True,1785339063820.0,-158.0,0.0,False
08e48dbd-145e-5982-bff4-6a80f1991405,1785339064004,sender -> receiver,0,True,1785339063832.0,-172.0,0.0,False
4845dae0-9ee3-5d37-9b67-a089d9f9c177,1785339064997,sender -> receiver,0,True,1785339064787.0,-210.0,0.0,False
fefdd267-be44-58f4-8ddc-78bd3472e6b3,1785339065001,sender -> receiver,0,True,1785339064805.0,-196.0,0.0,False
62d71b99-7dd0-50b0-9f22-fb2f8c96f3b6,1785339065004,sender -> receiver,0,True,1785339064816.0,-188.0,0.0,False
3f50c8d3-b1bd-5d38-a3f1-e2ec005685e6,1785339065036,sender -> receiver,0,True,1785339064850.0,-186.0,0.0,False
c243ac94-03f3-5df4-b98f-5155eb0b1010,1785339065972,sender -> receiver,0,True,1785339065799.0,-173.0,0.0,False
f93d0bd1-b43e-5314-b741-39e629b04f40,1785339065976,sender -> receiver,0,True,1785339065815.0,-161.0,0.0,False
68a24b9e-0e0e-5d22-a7a8-d195b8c1d0d2,1785339065979,sender -> receiver,0,True,1785339065826.0,-153.0,0.0,False
faf75352-8fe5-5fe7-9ad2-3560d6b15071,1785339065985,sender -> receiver,0,True,1785339065847.0,-138.0,0.0,False
6960d7e4-9e96-5c1f-869a-f21fea081113,1785339066953,sender -> receiver,0,True,1785339066775.0,-178.0,0.0,False
d18bf8df-f65f-5431-8dee-efac4401e443,1785339066957,sender -> receiver,0,True,1785339066795.0,-162.0,0.0,False
816c3114-80df-51f7-a3dc-83fdde86fcd0,1785339066960,sender -> receiver,0,True,1785339066816.0,-144.0,0.0,False
aa7ec00c-e494-5c42-9a93-7b95277940ee,1785339066964,sender -> receiver,0,True,1785339066849.0,-115.0,0.0,False
fbb9beff-d253-5456-bdc5-0f030e4a6ae9,1785339067951,sender -> receiver,0,True,1785339067755.0,-196.0,0.0,False
154fd22f-8a12-54c7-b1e1-c57e184a22ce,1785339067955,sender -> receiver,0,True,1785339067823.0,-132.0,0.0,False
fc23fbff-0ab3-5563-92ce-6c832acd8108,1785339067960,sender -> receiver,0,True,1785339067838.0,-122.0,0.0,False
c6aadd52-8912-5074-8477-b062c68a3523,1785339067964,sender -> receiver,0,True,1785339067876.0,-88.0,0.0,False
f43ffe8d-a10f-5c64-b7b2-b825f9ac52be,1785339068952,sender -> receiver,0,True,1785339068745.0,-207.0,0.0,False
20572e6c-967d-5d7c-b6b0-e73cd76a230c,1785339068954,sender -> receiver,0,True,1785339068816.0,-138.0,0.0,False
0c981eeb-3a9d-54a2-953d-2369b11b29a3,1785339068957,sender -> receiver,0,True,1785339068828.0,-129.0,0.0,False
547737e7-4ba6-5543-b54f-1f558a9d8f8b,1785339068971,sender -> receiver,0,True,1785339068857.0,-114.0,0.0,False
027d0b19-c81e-5232-88e9-db8385846834,1785339069952,sender -> receiver,0,True,1785339069754.0,-198.0,0.0,False
3e8a77e2-fb39-5356-8ccf-c95557a96481,1785339069955,sender -> receiver,0,True,1785339069790.0,-165.0,0.0,False
44e498da-1c94-5715-b7c0-f39679c4dac6,1785339069959,sender -> receiver,0,True,1785339069812.0,-147.0,0.0,False
abb30fca-76c1-582e-9dc4-1cea3dfcb54b,1785339069962,sender -> receiver,0,True,1785339069829.0,-133.0,0.0,False
63218157-7a7f-51e4-af56-e703b7fd92bb,1785339070995,sender -> receiver,0,True,1785339070786.0,-209.0,0.0,False
8ea08269-9908-5a26-a450-545663e132e8,1785339071001,sender -> receiver,0,True,1785339070799.0,-202.0,0.0,False
0f2f07cc-dcca-5344-81fb-b03c29313a05,1785339071028,sender -> receiver,0,True,1785339070821.0,-207.0,0.0,False
130458e5-1520-5cdd-9e24-c367e2e5356e,1785339071032,sender -> receiver,0,True,1785339070831.0,-201.0,0.0,False
40df04c3-ed6b-5d57-ab16-43e235ae3fc3,1785339071957,sender -> receiver,0,True,1785339071808.0,-149.0,0.0,False
9fba5fee-7976-5840-9afb-bbbe2b324a06,1785339071960,sender -> receiver,0,True,1785339071828.0,-132.0,0.0,False
d04df364-1a50-5ab3-824e-7193f7b6cbe9,1785339071964,sender -> receiver,0,True,1785339071846.0,-118.0,0.0,False
99ab46e1-c48c-588e-aeb5-a17e975a590d,1785339071980,sender -> receiver,0,True,1785339071877.0,-103.0,0.0,False
a9cbe03b-95e2-5f48-8c40-c148280b2641,1785339072950,sender -> receiver,0,True,1785339072780.0,-170.0,0.0,False
b5630beb-c72d-5c7f-829a-5945b1298a50,1785339072953,sender -> receiver,0,True,1785339072795.0,-158.0,0.0,False
a9c7c8ab-a60c-5064-9d37-7e802df20c43,1785339072956,sender -> receiver,0,True,1785339072808.0,-148.0,0.0,False
73e87086-3744-546e-bb83-43816c6f2746,1785339072971,sender -> receiver,0,True,1785339072819.0,-152.0,0.0,False
995f055a-3ff9-55b5-bbf3-620eb695a84c,1785339073955,sender -> receiver,0,True,1785339073767.0,-188.0,0.0,False
20697c46-8482-571b-81b9-1d0e45e1035a,1785339073958,sender -> receiver,0,True,1785339073784.0,-174.0,0.0,False
999f4d39-c2ee-51dd-aaff-fe22605241ba,1785339073963,sender -> receiver,0,True,1785339073795.0,-168.0,0.0,False
9e05a11c-dcdb-5a1c-8c25-cce52a1d91b1,1785339073966,sender -> receiver,0,True,1785339073838.0,-128.0,0.0,False
9f776729-c1da-57f7-8ef0-d4722e6506d1,1785339115670,sender -> receiver,0,True,1785339115464.0,-206.0,0.0,False
acb067f6-098d-5cd3-b111-7f461ab8f71d,1785339115672,sender -> receiver,0,True,1785339115495.0,-177.0,0.0,False
3d31cd58-14ee-5d65-ad2c-944b58f2a506,1785339115674,sender -> receiver,0,True,1785339115516.0,-158.0,0.0,False
0cb6eea9-7164-53b4-b63e-c55335bafe29,1785339115676,sender -> receiver,0,True,1785339115530.0,-146.0,0.0,False
ddfd1e32-a61f-5537-8b29-0fe86e7f9439,1785339115688,sender -> receiver,0,True,1785339115559.0,-129.0,0.0,False
25dc439f-21c3-5adf-aa4b-9cb5952d339b,1785339116675,sender -> receiver,0,True,1785339116448.0,-227.0,0.0,False
17bd2b08-70ec-5530-86b5-61298ca7811b,1785339116678,sender -> receiver,0,True,1785339116474.0,-204.0,0.0,False
86c5ed37-5ab2-5f97-856e-2b1ecd97746b,1785339116680,sender -> receiver,0,True,1785339116492.0,-188.0,0.0,False
e98ce45c-62d3-52ff-96a0-0281b464414f,1785339116683,sender -> receiver,0,True,1785339116507.0,-176.0,0.0,False
b2ddfe09-7785-5bfc-8c5f-8981e39d08bb,1785339117681,sender -> receiver,0,True,1785339117495.0,-186.0,0.0,False
4e399fce-78ff-5ee2-9051-eabe0391cf90,1785339117683,sender -> receiver,0,True,1785339117524.0,-159.0,0.0,False
1e4f357e-b1e8-5877-8495-e240b1b60fcf,1785339117685,sender -> receiver,0,True,1785339117549.0,-136.0,0.0,False
90d9c4cc-1933-5900-8c19-89937fc65f40,1785339117686,sender -> receiver,0,True,1785339117566.0,-120.0,0.0,False
186dcce6-eaf9-5781-8f07-171891a36fae,1785339118658,sender -> receiver,0,True,1785339118491.0,-167.0,0.0,False
d9b51db9-cfab-58f1-8c8b-49cf9d905c98,1785339118661,sender -> receiver,0,True,1785339118515.0,-146.0,0.0,False
a3c60e19-31d4-531a-9a19-02bb8bbe5ced,1785339118663,sender -> receiver,0,True,1785339118537.0,-126.0,0.0,False
e86ac995-68c4-5586-b014-e43ea32bd17c,1785339118681,sender -> receiver,0,True,1785339118551.0,-130.0,0.0,False
e5616ad0-47b7-559b-8cc7-ec134eaf2574,1785339119698,sender -> receiver,0,True,1785339119520.0,-178.0,0.0,False
d3175bda-dad5-52b3-8d1a-5f429466bf53,1785339119702,sender -> receiver,0,True,1785339119548.0,-154.0,0.0,False
b2e66938-b618-5570-a35b-a3be87928a23,1785339119706,sender -> receiver,0,True,1785339119573.0,-133.0,0.0,False
9cdc906e-2212-551f-81cf-ce94200789a1,1785339119709,sender -> receiver,0,True,1785339119587.0,-122.0,0.0,False
8e59be69-9231-5112-8588-3abc8fd19119,1785339120678,sender -> receiver,0,True,1785339120457.0,-221.0,0.0,False
5ff04a38-c9f5-5677-88ec-4c090272b5e7,1785339120681,sender -> receiver,0,True,1785339120496.0,-185.0,0.0,False
c0d966ee-15d2-59dd-b982-8fbc057b6e8e,1785339120684,sender -> receiver,0,True,1785339120508.0,-176.0,0.0,False
dde7d55f-d8cc-590b-ac4e-1c82d90ba313,1785339120686,sender -> receiver,0,True,1785339120518.0,-168.0,0.0,False
7dde87ac-5117-571e-a1be-7c74688c61bb,1785339121667,sender -> receiver,0,True,1785339121540.0,-127.0,0.0,False
496fc020-7cd2-56bd-8dcc-c72eb931bb66,1785339121669,sender -> receiver,0,True,1785339121551.0,-118.0,0.0,False
f6ae1b5b-6c7c-5957-878c-430e40aa1c7b,1785339121671,sender -> receiver,0,True,1785339121579.0,-92.0,0.0,False
a3cb310f-5d8c-5cb5-974d-31f2e7f80a9b,1785339121673,sender -> receiver,0,True,1785339121589.0,-84.0,0.0,False
4265cba2-2e54-5ee7-8e7a-d6edac6487d8,1785339121676,sender -> receiver,0,True,1785339121599.0,-77.0,0.0,False
6453eb23-68ac-50a9-b169-74a5b2630c62,1785339122659,sender -> receiver,0,True,1785339122490.0,-169.0,0.0,False
91344d92-51b7-53dd-b249-a230de0940e1,1785339122661,sender -> receiver,0,True,1785339122516.0,-145.0,0.0,False
7251f8d4-cee4-53b0-a303-69b56a45331f,1785339122662,sender -> receiver,0,True,1785339122556.0,-106.0,0.0,False
76c4e243-5f9d-55ed-8ce3-dcdf74ff4d65,1785339122676,sender -> receiver,0,True,1785339122572.0,-104.0,0.0,False
e7c0939d-1ce0-5941-ba35-93909849ce9f,1785339123723,sender -> receiver,0,True,1785339123526.0,-197.0,0.0,False
0af56d61-0bae-5c85-9a49-a8172ee1dc59,1785339123730,sender -> receiver,0,True,1785339123556.0,-174.0,0.0,False
f77d3256-fa7a-5571-8d46-6a227f2fe843,1785339123735,sender -> receiver,0,True,1785339123576.0,-159.0,0.0,False
cfc52701-632a-50c6-9da6-c3e6f920a418,1785339123737,sender -> receiver,0,True,1785339123620.0,-117.0,0.0,False
8aceb402-eac4-511d-b304-705fa8e9e299,1785339124671,sender -> receiver,0,True,1785339124461.0,-210.0,0.0,False
8fa001a4-8d92-5127-9466-76d56bdb5a23,1785339124676,sender -> receiver,0,True,1785339124485.0,-191.0,0.0,False
58faad3b-248a-55fd-8c4b-ade753fa870e,1785339124678,sender -> receiver,0,True,1785339124507.0,-171.0,0.0,False
bbdcff3b-5312-5605-9cdf-307bc372fe53,1785339124680,sender -> receiver,0,True,1785339124524.0,-156.0,0.0,False
f03e9950-9142-524a-a460-a589cd64cbbb,1785339125678,sender -> receiver,0,True,1785339125497.0,-181.0,0.0,False
3ccb82b2-9eec-572e-8378-b23f29a44c67,1785339125680,sender -> receiver,0,True,1785339125506.0,-174.0,0.0,False
d3ee03fc-aaff-5aa9-8a3d-b026ac7a7152,1785339125682,sender -> receiver,0,True,1785339125533.0,-149.0,0.0,False
f69849dd-2ebf-5247-9174-de353667fa9c,1785339125684,sender -> receiver,0,True,1785339125543.0,-141.0,0.0,False
f5aef662-ef71-5e2f-a46e-affaa8faae4b,1785339126668,sender -> receiver,0,True,1785339126517.0,-151.0,0.0,False
434a09e8-5c1f-5d0c-81e4-b7ffbb94480f,1785339126672,sender -> receiver,0,True,1785339126530.0,-142.0,0.0,False
ccd38a6c-b1e4-5259-afb2-6b370621dd09,1785339126674,sender -> receiver,0,True,1785339126540.0,-134.0,0.0,False
c8796d6a-30a0-5fc5-ae13-182c70a6f0e2,1785339126676,sender -> receiver,0,True,1785339126557.0,-119.0,0.0,False
6fbbb0a9-1968-57c9-a538-6b359200fafc,1785339127689,sender -> receiver,0,True,1785339127560.0,-129.0,0.0,False
0ea8200d-f0de-5c5c-b6bd-a7fa4446d911,1785339127692,sender -> receiver,0,True,1785339127577.0,-115.0,0.0,False
231a6d5f-fa2a-50d7-9d2a-ad630fe341c6,1785339127694,sender -> receiver,0,True,1785339127586.0,-108.0,0.0,False
e369770a-d5ce-50ad-925a-1f10e1b8bf09,1785339127696,sender -> receiver,0,True,1785339127594.0,-102.0,0.0,False
07e57bca-2905-5eac-8fce-a7eae511b0f0,1785339127698,sender -> receiver,0,True,1785339127604.0,-94.0,0.0,False
95150cf0-0aaf-5694-9b64-a3ad084a87b2,1785339128660,sender -> receiver,0,True,1785339128482.0,-178.0,0.0,False
1b74a50e-7541-5d23-8eab-808b1edc39e3,1785339128662,sender -> receiver,0,True,1785339128512.0,-150.0,0.0,False
48ad377a-af73-5579-adca-0934e40a6e9e,1785339128665,sender -> receiver,0,True,1785339128533.0,-132.0,0.0,False
80eab7cb-cc43-5b5b-8db9-72c5d87a72d7,1785339128667,sender -> receiver,0,True,1785339128552.0,-115.0,0.0,False
60cb1152-4cab-56c2-90bf-20a23f2853b3,1785339129709,sender -> receiver,0,True,1785339129518.0,-191.0,0.0,False
9dd27b52-72bb-5a19-a94c-519c74f8fa0c,1785339129714,sender -> receiver,0,True,1785339129536.0,-178.0,0.0,False
72ded197-4108-5dc5-9f01-11e77a82a31e,1785339129719,sender -> receiver,0,True,1785339129554.0,-165.0,0.0,False
5a14b5b0-05a7-5709-ab06-462ad5408d88,1785339129739,sender -> receiver,0,True,1785339129565.0,-174.0,0.0,False
bcb0cf02-3786-5aa1-af9f-068d04b87055,1785339130694,sender -> receiver,0,True,1785339130510.0,-184.0,0.0,False
45012b68-740b-5f73-9486-ea195d428237,1785339130698,sender -> receiver,0,True,1785339130543.0,-155.0,0.0,False
33af5c78-b45a-54df-b346-8321e1ad8271,1785339130701,sender -> receiver,0,True,1785339130583.0,-118.0,0.0,False
6aa84a57-5d41-5595-897d-a0b653df7334,1785339130703,sender -> receiver,0,True,1785339130603.0,-100.0,0.0,False
a97f0779-862a-5b6b-b813-6cf2dcff180a,1785339131698,sender -> receiver,0,True,1785339131521.0,-177.0,0.0,False
de94c3d2-6833-57d0-9f95-0e69fcf15c75,1785339131702,sender -> receiver,0,True,1785339131541.0,-161.0,0.0,False
a5c139d3-05ef-57d1-a5af-1e0d3658812d,1785339131705,sender -> receiver,0,True,1785339131557.0,-148.0,0.0,False
67ddb4ef-028b-5d42-aa9e-9525448339aa,1785339131709,sender -> receiver,0,True,1785339131569.0,-140.0,0.0,False
52ec5ba6-98ed-5ef6-84b1-c2f60a880c87,1785339132664,sender -> receiver,0,True,1785339132467.0,-197.0,0.0,False
57318fd2-77f3-5717-baf0-23f1b3aaa93f,1785339132684,sender -> receiver,0,True,1785339132488.0,-196.0,0.0,False
20940f19-e182-5be3-83c4-b04dbf485e22,1785339132687,sender -> receiver,0,True,1785339132504.0,-183.0,0.0,False
c9f61b52-6149-5419-b9ba-4690105c4ee9,1785339132689,sender -> receiver,0,True,1785339132524.0,-165.0,0.0,False
088de8b2-7aed-5e26-9d73-75132d480854,1785339133670,sender -> receiver,0,True,1785339133461.0,-209.0,0.0,False
0a3f3d75-ef8a-5d8b-8b9b-9efdb2966f00,1785339133672,sender -> receiver,0,True,1785339133480.0,-192.0,0.0,False
4d1d862c-6ca5-5d89-b67b-6b09f37a7a4d,1785339133674,sender -> receiver,0,True,1785339133499.0,-175.0,0.0,False
12d2dacf-c179-52cb-b33f-086e59bb3e58,1785339133676,sender -> receiver,0,True,1785339133511.0,-165.0,0.0,False
5d150f02-4225-540f-b991-0ff0ee32ee0a,1785339133678,sender -> receiver,0,True,1785339133521.0,-157.0,0.0,False
3bc4d0db-8a5e-5460-a2b8-f4ea11e3124f,1785339134691,sender -> receiver,0,True,1785339134555.0,-136.0,0.0,False
42ae4960-e514-5e92-8cae-79016dc8fd2e,1785339134694,sender -> receiver,0,True,1785339134563.0,-131.0,0.0,False
627903d0-58f0-5fbd-859c-75c337c3e6b5,1785339134697,sender -> receiver,0,True,1785339134568.0,-129.0,0.0,False
1bb1cf74-20df-5454-809b-17b913b5e371,1785339134699,sender -> receiver,0,True,1785339134578.0,-121.0,0.0,False
a157a2fb-7c2b-5bdb-af9a-05e278db3b00,1785339135668,sender -> receiver,0,True,1785339135503.0,-165.0,0.0,False
18982b92-6e4e-5c88-8639-591628147f04,1785339135688,sender -> receiver,0,True,1785339135521.0,-167.0,0.0,False
a74f0aad-feb6-5327-9ae1-d911433c54a3,1785339135691,sender -> receiver,0,True,1785339135536.0,-155.0,0.0,False
f28fa7a4-b1ab-57e5-bb89-6dc679dd7603,1785339135693,sender -> receiver,0,True,1785339135547.0,-146.0,0.0,False
569cac6f-ede4-58d2-aa75-4bd27f16186e,1785339136666,sender -> receiver,0,True,1785339136471.0,-195.0,0.0,False
15d9eeb3-a776-5a03-b990-00f4356acf94,1785339136669,sender -> receiver,0,True,1785339136483.0,-186.0,0.0,False
1c847a5a-922a-52ba-a349-55330f2f5db7,1785339136672,sender -> receiver,0,True,1785339136516.0,-156.0,0.0,False
8a5ccb4b-019e-5cd0-92e7-e9e6f978354e,1785339136689,sender -> receiver,0,True,1785339136529.0,-160.0,0.0,False
bb3a4a03-e798-57f2-9c3e-0c204974d836,1785339137664,sender -> receiver,0,True,1785339137508.0,-156.0,0.0,False
140c78b2-3a4d-545d-b880-cfc31854ab28,1785339137668,sender -> receiver,0,True,1785339137522.0,-146.0,0.0,False
503d510d-f7de-5f0e-87b6-cbe1c6279290,1785339137684,sender -> receiver,0,True,1785339137535.0,-149.0,0.0,False
b3e9596c-e301-5939-8432-0b8fdf2a79cc,1785339137686,sender -> receiver,0,True,1785339137558.0,-128.0,0.0,False
932b3462-770b-545d-913d-6ae286026dba,1785339138667,sender -> receiver,0,True,1785339138463.0,-204.0,0.0,False
0a163af6-f5d0-5cf7-8ce1-34ca3d82790a,1785339138686,sender -> receiver,0,True,1785339138489.0,-197.0,0.0,False
256f9519-e2c1-5a56-9f22-5030923e4c4f,1785339138690,sender -> receiver,0,True,1785339138520.0,-170.0,0.0,False
e6b98d93-8b2e-5730-85f5-55069dc82bed,1785339138692,sender -> receiver,0,True,1785339138541.0,-151.0,0.0,False
43ca4d34-3157-524b-bb80-ee99f1030ea7,1785339684333,sender -> receiver,0,True,1785339684111.0,-222.0,0.0,False
f6da053c-b928-5493-9922-bc502fc90467,1785339684336,sender -> receiver,0,True,1785339684146.0,-190.0,0.0,False
b48d453b-f30d-52ce-9561-ad89f028d0d5,1785339684338,sender -> receiver,0,True,1785339684174.0,-164.0,0.0,False
69d3d884-6013-5a5e-802b-74a824858f68,1785339684340,sender -> receiver,0,True,1785339684214.0,-126.0,0.0,False
43042cf4-bb2d-535f-825d-cbdf93980fbd,1785339685333,sender -> receiver,0,True,1785339685124.0,-209.0,0.0,False
6914ab86-ce2d-5539-9d61-bfb18d0aed5d,1785339685335,sender -> receiver,0,True,1785339685153.0,-182.0,0.0,False
e01b9c43-fd6f-5dc8-954a-f3fbb61b12aa,1785339685337,sender -> receiver,0,True,1785339685172.0,-165.0,0.0,False
aeae6c0b-88c5-5d0d-a223-4bcaefc5535c,1785339685339,sender -> receiver,0,True,1785339685189.0,-150.0,0.0,False
494760f3-315c-5fb8-b873-adb40dd4b422,1785339686335,sender -> receiver,0,True,1785339686170.0,-165.0,0.0,False
a89ad2c6-6173-521c-bce4-3799454adfd4,1785339686338,sender -> receiver,0,True,1785339686179.0,-159.0,0.0,False
204ebb1b-eb1c-5fd3-8470-b53e55af5d5d,1785339686340,sender -> receiver,0,True,1785339686188.0,-152.0,0.0,False
2b68acb2-3a04-5a04-8460-7be4d9b2842c,1785339686343,sender -> receiver,0,True,1785339686207.0,-136.0,0.0,False
d29be8fe-3e1f-5be8-9278-0cb3f0556fd4,1785339687351,sender -> receiver,0,True,1785339687156.0,-195.0,0.0,False
b9d3992f-1e2b-5bdd-b60b-6b26160ac7a6,1785339687355,sender -> receiver,0,True,1785339687167.0,-188.0,0.0,False
d6c2497b-7a51-5efa-8c7f-db36d63dfd19,1785339687359,sender -> receiver,0,True,1785339687177.0,-182.0,0.0,False
d464a02b-b669-57ce-b526-abe3a8a4d38d,1785339687363,sender -> receiver,0,True,1785339687199.0,-164.0,0.0,False
d190f32e-7c8e-53e3-9b99-00aa8d3383a8,1785339688344,sender -> receiver,0,True,1785339688150.0,-194.0,0.0,False
8c143c59-8329-5f76-9fed-073439ef298b,1785339688347,sender -> receiver,0,True,1785339688164.0,-183.0,0.0,False
9412fc23-da00-51f8-a51f-ff8aac6901ec,1785339688351,sender -> receiver,0,True,1785339688191.0,-160.0,0.0,False
af231d7c-a72c-5994-9cc7-aaa3789640e4,1785339688353,sender -> receiver,0,True,1785339688204.0,-149.0,0.0,False
d3f69480-fc11-5b6d-833a-7a43d5b18be3,1785339689366,sender -> receiver,0,True,1785339689180.0,-186.0,0.0,False
fad0b0f5-5b7b-51b0-87c7-2dfe2cbd87a8,1785339689371,sender -> receiver,0,True,1785339689191.0,-180.0,0.0,False
ebb53a73-90ff-5091-b6e8-991419b5023e,1785339689374,sender -> receiver,0,True,1785339689201.0,-173.0,0.0,False
cec9209b-156b-58b2-bf38-4978cce33ee5,1785339689400,sender -> receiver,0,True,1785339689249.0,-151.0,0.0,False
896ce8b7-99e4-5063-8a1e-5ce6013ac36d,1785339690385,sender -> receiver,0,True,1785339690192.0,-193.0,0.0,False
53625b05-8678-509b-ae0d-9638b9459fc7,1785339690389,sender -> receiver,0,True,1785339690213.0,-176.0,0.0,False
b98a436b-76e6-586b-8323-335c43620fd1,1785339690392,sender -> receiver,0,True,1785339690234.0,-158.0,0.0,False
3be9270f-8f92-59e4-bd4a-9996645c7fea,1785339690395,sender -> receiver,0,True,1785339690258.0,-137.0,0.0,False
4b7a25af-5a7e-5ca6-9d3c-9f340a03f062,1785339691398,sender -> receiver,0,True,1785339691210.0,-188.0,0.0,False
8ece97fc-be68-5b9d-a12e-6da14b136f4f,1785339691402,sender -> receiver,0,True,1785339691236.0,-166.0,0.0,False
533bf840-9291-5da0-8606-045c89d68a97,1785339691405,sender -> receiver,0,True,1785339691254.0,-151.0,0.0,False
038fe780-48ea-5892-b216-7e1573c6407c,1785339691410,sender -> receiver,0,True,1785339691280.0,-130.0,0.0,False
fdc809d7-a28c-5fb3-8f80-dde304242656,1785339692344,sender -> receiver,0,True,1785339692134.0,-210.0,0.0,False
b53b9f89-0b1c-5312-af64-ecee0ea40528,1785339692349,sender -> receiver,0,True,1785339692160.0,-189.0,0.0,False
e5c55de1-0c18-5851-ae93-e5fb6e8b1418,1785339692353,sender -> receiver,0,True,1785339692205.0,-148.0,0.0,False
34e2bfe9-34e2-5524-adeb-53e2b71b412f,1785339692357,sender -> receiver,0,True,1785339692222.0,-135.0,0.0,False
f281133d-26ba-567e-a1e3-512cb825ace0,1785339693380,sender -> receiver,0,True,1785339693163.0,-217.0,0.0,False
5cef61e9-caac-561e-85ed-cb56ea00a730,1785339693385,sender -> receiver,0,True,1785339693178.0,-207.0,0.0,False
a8307364-7c3c-585d-af9f-8f1f422575ae,1785339693389,sender -> receiver,0,True,1785339693189.0,-200.0,0.0,False
c532060e-7846-5084-916f-7b737ed278e8,1785339693410,sender -> receiver,0,True,1785339693200.0,-210.0,0.0,False
dc92609f-ab80-5765-8ac3-b7bd1cc4d02d,1785339694383,sender -> receiver,0,True,1785339694210.0,-173.0,0.0,False
9c87f949-f379-593b-ae86-d5bf4f9be2e4,1785339694388,sender -> receiver,0,True,1785339694228.0,-160.0,0.0,False
a474ef08-c757-50b7-8d1a-650f520af6b0,1785339694391,sender -> receiver,0,True,1785339694273.0,-118.0,0.0,False
9fc45d35-c535-5b9a-8a23-db524c3d0aba,1785339694395,sender -> receiver,0,True,1785339694284.0,-111.0,0.0,False
4011bcc7-33d4-5e5a-992b-19b895e0e673,1785339695360,sender -> receiver,0,True,1785339695159.0,-201.0,0.0,False
1032de69-0808-5cac-b08a-3dbdb70ce2d9,1785339695365,sender -> receiver,0,True,1785339695180.0,-185.0,0.0,False
aa853f3b-b8a0-5420-af73-2f39833d1c78,1785339695370,sender -> receiver,0,True,1785339695218.0,-152.0,0.0,False
11444521-5815-58fe-a17a-daa8fac9dc84,1785339695374,sender -> receiver,0,True,1785339695234.0,-140.0,0.0,False
ae6f070d-8a1a-523e-be7f-f4604009f2a8,1785339696328,sender -> receiver,0,True,1785339696195.0,-133.0,0.0,False
2d42263a-799a-543e-9e96-fc62d4aa2a22,1785339696355,sender -> receiver,0,True,1785339696214.0,-141.0,0.0,False
e4720df9-1a6b-5c02-a75e-1d8b0353eadd,1785339696358,sender -> receiver,0,True,1785339696227.0,-131.0,0.0,False
ff3b504a-f146-5e5d-b56e-1b8aba06543e,1785339696360,sender -> receiver,0,True,1785339696238.0,-122.0,0.0,False
27a115a6-5b6f-5e9c-9e38-2ed6d26fb140,1785339697373,sender -> receiver,0,True,1785339697169.0,-204.0,0.0,False
7bb38d58-a645-5689-9afd-dfef64898931,1785339697377,sender -> receiver,0,True,1785339697192.0,-185.0,0.0,False
22674a10-7eca-558a-9476-eecaf67b0abb,1785339697380,sender -> receiver,0,True,1785339697206.0,-174.0,0.0,False
2317a882-27ed-5987-a952-2f32b4e0a523,1785339697384,sender -> receiver,0,True,1785339697229.0,-155.0,0.0,False
5151cde6-add0-576f-830a-2f367711ec6b,1785339698380,sender -> receiver,0,True,1785339698207.0,-173.0,0.0,False
ebd03470-584d-53be-9a0d-de78bf1c3bfc,1785339698386,sender -> receiver,0,True,1785339698216.0,-170.0,0.0,False
1d049176-82cc-528f-bee5-4e6693a6d389,1785339698392,sender -> receiver,0,True,1785339698225.0,-167.0,0.0,False
b58a56e5-61f4-5df3-8b69-297690a959b0,1785339698397,sender -> receiver,0,True,1785339698248.0,-149.0,0.0,False
4b8c0817-0996-52c5-bf9c-00bdf12aa3c7,1785339699363,sender -> receiver,0,True,1785339699163.0,-200.0,0.0,False
69e9425f-375c-522a-baea-8b3f3ebaefb4,1785339699371,sender -> receiver,0,True,1785339699186.0,-185.0,0.0,False
c9d0f16b-a746-5a09-97f8-6eb83bc138eb,1785339699375,sender -> receiver,0,True,1785339699208.0,-167.0,0.0,False
25251f6e-97c5-5ac0-92f2-5948abbd191a,1785339699379,sender -> receiver,0,True,1785339699248.0,-131.0,0.0,False
4d6d7358-750a-50b3-a69b-89cbf051bf57,1785339700377,sender -> receiver,0,True,1785339700201.0,-176.0,0.0,False
a0d4dcbc-1206-5f71-979a-23979d440b36,1785339700382,sender -> receiver,0,True,1785339700227.0,-155.0,0.0,False
13f8a20b-49a5-5ce6-8676-a1d9902dc2a2,1785339700386,sender -> receiver,0,True,1785339700247.0,-139.0,0.0,False
e8110fe4-ea09-5827-9db4-094b6f25e799,1785339700390,sender -> receiver,0,True,1785339700264.0,-126.0,0.0,False
ac560af7-971b-50f5-82e5-1dbc2a6b1f95,1785339701382,sender -> receiver,0,True,1785339701192.0,-190.0,0.0,False
65c9f24e-03c1-514c-ac08-b475deb9cc6c,1785339701387,sender -> receiver,0,True,1785339701204.0,-183.0,0.0,False
05a17e83-8d88-552f-88b8-2448d2e32771,1785339701391,sender -> receiver,0,True,1785339701214.0,-177.0,0.0,False
c6610b89-b496-5577-8760-1aa4c40f05af,1785339701395,sender -> receiver,0,True,1785339701224.0,-171.0,0.0,False
71a92e9c-24cf-5bf6-b6c4-708691e94b97,1785339702385,sender -> receiver,0,True,1785339702234.0,-151.0,0.0,False
90a592e4-bf5d-5999-b140-118f2fd2b19e,1785339702390,sender -> receiver,0,True,1785339702270.0,-120.0,0.0,False
e0a1937c-d71d-5004-86c9-8eb5cc0451a8,1785339702396,sender -> receiver,0,True,1785339702293.0,-103.0,0.0,False
141646e2-9d91-5da2-a2e6-f39d2eab6f01,1785339702401,sender -> receiver,0,True,1785339702339.0,-62.0,0.0,False
8b1d343d-1b94-5c82-bcbe-788d4890fa19,1785339703348,sender -> receiver,0,True,1785339703157.0,-191.0,0.0,False
6aee18ca-6e58-5a82-b9c0-4f8f96c09128,1785339703351,sender -> receiver,0,True,1785339703177.0,-174.0,0.0,False
cab13280-02b2-5994-8ec6-88911ba2c364,1785339703353,sender -> receiver,0,True,1785339703209.0,-144.0,0.0,False
4e42565b-f811-558b-a8b0-fe728cfd1f7e,1785339703356,sender -> receiver,0,True,1785339703223.0,-133.0,0.0,False
ffa7e49d-f465-5c9a-ae07-00740dc6eeab,1785339704328,sender -> receiver,0,True,1785339704153.0,-175.0,0.0,False
eb80dc08-29e1-5939-9de0-867f68c209fa,1785339704331,sender -> receiver,0,True,1785339704170.0,-161.0,0.0,False
0ab04e53-3d2f-59fe-97ef-ed20a11bc37c,1785339704333,sender -> receiver,0,True,1785339704192.0,-141.0,0.0,False
e4bb4e1d-31e6-5c8b-bd9e-1546e79a1fd6,1785339704335,sender -> receiver,0,True,1785339704205.0,-130.0,0.0,False
bc4d567d-71d8-506d-9167-6f964b141594,1785339705396,sender -> receiver,0,True,1785339705203.0,-193.0,0.0,False
d9f7c1f6-0ea6-549e-8cca-d870e022dea5,1785339705400,sender -> receiver,0,True,1785339705213.0,-187.0,0.0,False
6eeb74f8-3de6-54ad-bd42-6da461037ae1,1785339705404,sender -> receiver,0,True,1785339705222.0,-182.0,0.0,False
4aaabffe-14b9-560f-b07d-6e61a8301f3d,1785339705408,sender -> receiver,0,True,1785339705240.0,-168.0,0.0,False
c2b9de7e-269e-5546-8ea6-f0f6c733a1b5,1785339706377,sender -> receiver,0,True,1785339706182.0,-195.0,0.0,False
778a6974-9cd9-5d5c-a0d2-8f338276502c,1785339706384,sender -> receiver,0,True,1785339706207.0,-177.0,0.0,False
dfcceb63-2765-5e2c-a439-30c0bf023918,1785339706390,sender -> receiver,0,True,1785339706225.0,-165.0,0.0,False
cb096649-512e-59e2-9721-ebdda0e00564,1785339706404,sender -> receiver,0,True,1785339706245.0,-159.0,0.0,False
7c23845d-f26e-5df7-891e-47d9fe708fb5,1785339707335,sender -> receiver,0,True,1785339707129.0,-206.0,0.0,False
6673bad6-329f-5cbf-bcc3-71ab93374f39,1785339707339,sender -> receiver,0,True,1785339707148.0,-191.0,0.0,False
85e41137-2df1-5fad-9039-f07b17a6a87d,1785339707341,sender -> receiver,0,True,1785339707169.0,-172.0,0.0,False
8ba88740-c2ca-52da-8409-c30ec6c1c2df,1785339707343,sender -> receiver,0,True,1785339707188.0,-155.0,0.0,False
0ece6674-6741-57af-b676-35dfbda5ce86,1785339708387,sender -> receiver,0,True,1785339708192.0,-195.0,0.0,False
93ef0404-903e-5846-828b-de40912a0347,1785339708391,sender -> receiver,0,True,1785339708214.0,-177.0,0.0,False
cd7f59f8-305f-5aa3-abb1-cdd1b099f561,1785339708394,sender -> receiver,0,True,1785339708232.0,-162.0,0.0,False
680f14c8-2b28-5422-b5ec-62d6e4feb8f7,1785339708413,sender -> receiver,0,True,1785339708246.0,-167.0,0.0,False
1b91e84d-a1b7-5295-8fba-22cd1145dd13,1785339749060,sender -> receiver,0,True,1785339748839.0,-221.0,0.0,False
ffe2fc1c-d236-5124-8a09-193029f0ee1a,1785339749072,sender -> receiver,0,True,1785339748857.0,-215.0,0.0,False
7673372c-e634-5d4f-a7da-7ae0e65a9b45,1785339749075,sender -> receiver,0,True,1785339748870.0,-205.0,0.0,False
d5b9e501-7164-53ca-bd66-bbf6be872f43,1785339749077,sender -> receiver,0,True,1785339748883.0,-194.0,0.0,False
44e5fe9c-a0fc-501e-9237-5fcd5af377d2,1785339750084,sender -> receiver,0,True,1785339749849.0,-235.0,0.0,False
97c80189-70da-550d-b592-f9f685a608ef,1785339750088,sender -> receiver,0,True,1785339749879.0,-209.0,0.0,False
e9466b4d-a6e3-5037-8c3e-f7286d75c4cc,1785339750090,sender -> receiver,0,True,1785339749909.0,-181.0,0.0,False
c3e44fa7-5cd1-51ad-aac2-e865b945ddaa,1785339750093,sender -> receiver,0,True,1785339749924.0,-169.0,0.0,False
6c5e68ae-79c3-5a4a-a691-96740c257386,1785339751055,sender -> receiver,0,True,1785339750851.0,-204.0,0.0,False
c979cbd4-0694-5867-9cdd-2b70383465a4,1785339751057,sender -> receiver,0,True,1785339750871.0,-186.0,0.0,False
32edf551-bf72-5096-a6d8-dba9a1901148,1785339751059,sender -> receiver,0,True,1785339750886.0,-173.0,0.0,False
4d2d24df-a885-58eb-9cb0-fbd7dfc5fab2,1785339751062,sender -> receiver,0,True,1785339750897.0,-165.0,0.0,False
905dde59-5cef-5db5-a386-e6a79eb361a3,1785339752091,sender -> receiver,0,True,1785339751888.0,-203.0,0.0,False
edb5f7ef-5e82-506e-ac81-ba015648588f,1785339752094,sender -> receiver,0,True,1785339751902.0,-192.0,0.0,False
5bb699bf-fff1-5833-a61c-2222e863a3cd,1785339752116,sender -> receiver,0,True,1785339751915.0,-201.0,0.0,False
d32ad20a-0f42-5c3c-aaef-2f446228bf34,1785339752120,sender -> receiver,0,True,1785339751926.0,-194.0,0.0,False
e16c1975-b919-51e0-8a7a-8bb34a1b1675,1785339753105,sender -> receiver,0,True,1785339752885.0,-220.0,0.0,False
3a6c219b-c36b-580e-a3b4-587190d6e72a,1785339753110,sender -> receiver,0,True,1785339752938.0,-172.0,0.0,False
a2c0736f-2632-5a6e-8632-d42a7de4dd54,1785339753132,sender -> receiver,0,True,1785339752956.0,-176.0,0.0,False
45b72467-2404-5834-b3ea-40a97c677c08,1785339753136,sender -> receiver,0,True,1785339752966.0,-170.0,0.0,False
cdc331b0-3c30-5425-bb87-a57fdb5e6dbf,1785339754079,sender -> receiver,0,True,1785339753866.0,-213.0,0.0,False
a7a26880-9ecb-53d7-9311-37b1588f32cd,1785339754086,sender -> receiver,0,True,1785339753887.0,-199.0,0.0,False
76f318dd-7f00-57fb-a123-c02b2eddb84c,1785339754090,sender -> receiver,0,True,1785339753910.0,-180.0,0.0,False
f8afcc98-1a59-52a7-81bc-a344e9a51ce8,1785339754117,sender -> receiver,0,True,1785339753936.0,-181.0,0.0,False
a8f23e99-715a-5e2c-9ec8-9ca48c951aef,1785339755106,sender -> receiver,0,True,1785339754860.0,-246.0,0.0,False
e42bf63c-8313-5d3c-8f0d-cdcaac24a9f6,1785339755112,sender -> receiver,0,True,1785339754947.0,-165.0,0.0,False
15482308-0533-5490-9250-625dcff23a4b,1785339755116,sender -> receiver,0,True,1785339754974.0,-142.0,0.0,False
988dabe3-3935-5c02-a922-fdea0399c51d,1785339756092,sender -> receiver,0,True,1785339755888.0,-204.0,0.0,False
3f71e0a5-323d-51f7-b7c5-35003488a4e0,1785339756096,sender -> receiver,0,True,1785339755938.0,-158.0,0.0,False
bfaabd31-abf5-527d-ac67-fd6b84dcd5d5,1785339756119,sender -> receiver,0,True,1785339755948.0,-171.0,0.0,False
39f647f3-42a5-5d7b-b9b4-1c7387fd17fa,1785339756123,sender -> receiver,0,True,1785339755958.0,-165.0,0.0,False
08db2870-afab-518a-bfe3-620329b27f13,1785339757069,sender -> receiver,0,True,1785339756848.0,-221.0,0.0,False
d8a4ecc0-c6dc-5c84-88e3-55da9262b166,1785339757073,sender -> receiver,0,True,1785339756891.0,-182.0,0.0,False
2fb7db00-2a78-59b7-b6b1-da011a2e968a,1785339757076,sender -> receiver,0,True,1785339756980.0,-96.0,0.0,False
8c4d2be0-9377-58bf-96fb-ed2e58f1a553,1785339757095,sender -> receiver,0,True,1785339757007.0,-88.0,0.0,False
2f3ddf1e-0429-57eb-ba66-4e78c88f0785,1785339758091,sender -> receiver,0,True,1785339757902.0,-189.0,0.0,False
0615e0cc-3e96-5988-a4e7-77e9c0e3a12b,1785339758094,sender -> receiver,0,True,1785339757921.0,-173.0,0.0,False
00c30c33-d101-51fe-86e8-d2c4f8703e04,1785339758099,sender -> receiver,0,True,1785339757939.0,-160.0,0.0,False
90c9824a-aaea-5639-9b6e-d07e71985039,1785339758103,sender -> receiver,0,True,1785339757951.0,-152.0,0.0,False
d7caa050-18d7-50e2-9e8b-26d5fa679b6e,1785339759081,sender -> receiver,0,True,1785339758976.0,-105.0,0.0,False
4e20af79-6303-5689-bbd0-0e9562c3fd60,1785339759085,sender -> receiver,0,True,1785339758997.0,-88.0,0.0,False
4c889e89-8e79-5b48-b88f-878698632cce,1785339759089,sender -> receiver,0,True,1785339759016.0,-73.0,0.0,False
3e4add8d-19a1-543d-9cf9-f26349a9a202,1785339759113,sender -> receiver,0,True,1785339759034.0,-79.0,0.0,False
543fbe66-cedd-5c57-9b3f-cfb790e4056f,1785339760054,sender -> receiver,0,True,1785339759882.0,-172.0,0.0,False
57382e20-6036-55be-902f-ee69eb8a817e,1785339760056,sender -> receiver,0,True,1785339759899.0,-157.0,0.0,False
400e4562-c5b3-5495-8566-1f6ef36e394a,1785339760058,sender -> receiver,0,True,1785339759911.0,-147.0,0.0,False
10ce1c58-b7c2-55a8-b618-1996f501de33,1785339760061,sender -> receiver,0,True,1785339759923.0,-138.0,0.0,False
9bf80832-0514-5dfb-9bfd-2b16e8cc4057,1785339761088,sender -> receiver,0,True,1785339760898.0,-190.0,0.0,False
43e4188e-aa4c-590f-a8a4-d617321963c4,1785339761092,sender -> receiver,0,True,1785339760918.0,-174.0,0.0,False
dc5a1d74-ab83-57a9-af17-8d3c2a5994bc,1785339761095,sender -> receiver,0,True,1785339760934.0,-161.0,0.0,False
17ee3aab-414a-58eb-98c2-fadbd48504fa,1785339762080,sender -> receiver,0,True,1785339761877.0,-203.0,0.0,False
7bec41bf-3ae9-54f4-a9a9-f7c0dae81506,1785339762082,sender -> receiver,0,True,1785339761895.0,-187.0,0.0,False
a59e69f3-209b-57a4-bffb-10b651f49401,1785339762084,sender -> receiver,0,True,1785339761907.0,-177.0,0.0,False
fc0fddf1-30e7-51b2-bcd4-2e3c5a34c702,1785339762087,sender -> receiver,0,True,1785339761917.0,-170.0,0.0,False
fe38ff3a-92d5-54f0-8fcc-f259cc4b98ef,1785339763092,sender -> receiver,0,True,1785339762867.0,-225.0,0.0,False
eb62a782-d048-5ca4-9538-7f4c55bcebca,1785339763096,sender -> receiver,0,True,1785339762887.0,-209.0,0.0,False
a63ccff0-6f15-52a4-bb64-245dae5050ba,1785339763101,sender -> receiver,0,True,1785339762906.0,-195.0,0.0,False
34357c54-86ed-55f2-9a66-93fab1c8bdef,1785339763105,sender -> receiver,0,True,1785339762937.0,-168.0,0.0,False
9b554b5a-b600-594e-8102-4bea695f45db,1785339764123,sender -> receiver,0,True,1785339763952.0,-171.0,0.0,False
668cec2d-efd1-5fbd-8eca-b798cb61405d,1785339764125,sender -> receiver,0,True,1785339763984.0,-141.0,0.0,False
b6d6d133-3635-5a9e-bea9-93023dd6f559,1785339764127,sender -> receiver,0,True,1785339764003.0,-124.0,0.0,False
3b5c1d0a-7cbb-5a81-95da-24b90d23c77d,1785339764130,sender -> receiver,0,True,1785339764024.0,-106.0,0.0,False
02e94af4-5cfd-5d85-81ce-2b05e1f81cda,1785339765052,sender -> receiver,0,True,1785339764846.0,-206.0,0.0,False
3705de32-762d-5dbb-8e20-228e5a44e72e,1785339765054,sender -> receiver,0,True,1785339764879.0,-175.0,0.0,False
6bb57eb4-5d8c-54bb-bfe9-f44377000a95,1785339765056,sender -> receiver,0,True,1785339764892.0,-164.0,0.0,False
450815d9-528b-5434-96ee-06780cb84038,1785339765070,sender -> receiver,0,True,1785339764903.0,-167.0,0.0,False
013bb963-b86d-5183-bc8f-4acf06e171e2,1785339766098,sender -> receiver,0,True,1785339765927.0,-171.0,0.0,False
ddfcc4a9-e24e-5c85-b5e7-509900cecca2,1785339766100,sender -> receiver,0,True,1785339765948.0,-152.0,0.0,False
b1c24393-cc30-5ec2-9ee8-79766ee08ab5,1785339766103,sender -> receiver,0,True,1785339765964.0,-139.0,0.0,False
d54552b6-1429-5c36-b7b7-2941d23916ea,1785339766123,sender -> receiver,0,True,1785339765977.0,-146.0,0.0,False
1f21f727-04c6-595b-903b-999e818b1057,1785339767078,sender -> receiver,0,True,1785339766877.0,-201.0,0.0,False
e64bbdf1-6bbd-5f95-bffa-d39715ebeb2c,1785339767082,sender -> receiver,0,True,1785339766898.0,-184.0,0.0,False
fcf23623-7f15-5254-bfd7-38c458777c17,1785339767099,sender -> receiver,0,True,1785339766936.0,-163.0,0.0,False
7b320cf8-bf33-59de-9048-041ef57b02b7,1785339767102,sender -> receiver,0,True,1785339766949.0,-153.0,0.0,False
3722cc0d-0a4c-513d-bec8-03d29f9026f9,1785339768079,sender -> receiver,0,True,1785339767872.0,-207.0,0.0,False
407762e9-1c3d-5253-b287-16f627196d6c,1785339768116,sender -> receiver,0,True,1785339767929.0,-187.0,0.0,False
a9f76f4f-440e-5bf8-8f8d-0e25e5293c98,1785339768120,sender -> receiver,0,True,1785339767996.0,-124.0,0.0,False
2f25303c-9a7d-57c8-a3cb-162c64c5fab5,1785339769059,sender -> receiver,0,True,1785339768861.0,-198.0,0.0,False
a7903432-c8f5-5332-bf5f-b4eb4d7e6ee7,1785339769062,sender -> receiver,0,True,1785339768880.0,-182.0,0.0,False
b7bf8e4f-e07c-5ca4-960a-7e6eb33978f2,1785339769064,sender -> receiver,0,True,1785339768897.0,-167.0,0.0,False
a7ba4755-c959-5730-88a1-d35e0b5515a7,1785339769066,sender -> receiver,0,True,1785339768927.0,-139.0,0.0,False
53bbafb4-cb9c-53d1-8084-20adfe993741,1785339770126,sender -> receiver,0,True,1785339769932.0,-194.0,0.0,False
64ab9dcd-b4b8-5e9c-ace3-cb8e83c4a214,1785339770132,sender -> receiver,0,True,1785339769954.0,-178.0,0.0,False
9246b039-8797-5e20-8cad-8fb8b27d650d,1785339770134,sender -> receiver,0,True,1785339769969.0,-165.0,0.0,False
c8ee77de-8007-5990-8afc-a5892c10bd1e,1785339770151,sender -> receiver,0,True,1785339769982.0,-169.0,0.0,False
5b48b374-715e-5831-ae9a-037f4b30121e,1785339771051,sender -> receiver,0,True,1785339770835.0,-216.0,0.0,False
fc4561f3-ee2e-597c-af3c-768ea6a38b8f,1785339771053,sender -> receiver,0,True,1785339770899.0,-154.0,0.0,False
994eb3fa-6fea-5f2a-8d18-324f76360d5d,1785339771055,sender -> receiver,0,True,1785339770912.0,-143.0,0.0,False
21ab9286-d74d-5983-b4aa-667e12f7ee6b,1785339771056,sender -> receiver,0,True,1785339770927.0,-129.0,0.0,False
c60e4b09-0d73-549c-8580-d4ff4e9505e5,1785339772052,sender -> receiver,0,True,1785339771880.0,-172.0,0.0,False
143d9ca5-6edd-50f1-b95b-0db3f8f453f9,1785339772054,sender -> receiver,0,True,1785339771899.0,-155.0,0.0,False
d293d79d-09ac-574c-86a3-fccdf2880329,1785339772056,sender -> receiver,0,True,1785339771912.0,-144.0,0.0,False
2142c64b-106b-5996-b25c-bf3ae03c3d7e,1785339772060,sender -> receiver,0,True,1785339771924.0,-136.0,0.0,False
48e012dc-e057-516c-bb74-98380273d656,1785339773127,sender -> receiver,0,True,1785339772912.0,-215.0,0.0,False
a8041558-eb0c-551a-816c-bc2fbc001436,1785339773130,sender -> receiver,0,True,1785339772931.0,-199.0,0.0,False
1bc25e15-a014-54b4-b820-e1fa037d65c7,1785339773132,sender -> receiver,0,True,1785339772946.0,-186.0,0.0,False
18491335-54f5-5f5c-9453-f610c330e5db,1785339773135,sender -> receiver,0,True,1785339772957.0,-178.0,0.0,False
3163df7e-c2be-5a2c-aa11-704b8a07db75,1785339774071,sender -> receiver,0,True,1785339773852.0,-219.0,0.0,False
841a2b69-ca44-5f68-8704-99fdd308b0e6,1785339774074,sender -> receiver,0,True,1785339773864.0,-210.0,0.0,False
77048041-e945-5b34-8f46-ccda9461870a,1785339774078,sender -> receiver,0,True,1785339773873.0,-205.0,0.0,False
dbd1fe7a-21cd-5d71-89de-b8c4fef1acdb,1785339814759,sender -> receiver,0,True,1785339814540.0,-219.0,0.0,False
2caf1779-6ddf-5e59-8969-89b8ddaa10c0,1785339814761,sender -> receiver,0,True,1785339814569.0,-192.0,0.0,False
815894f3-c489-5a34-885a-6ef10d94bb94,1785339814763,sender -> receiver,0,True,1785339814603.0,-160.0,0.0,False
72b1fdfb-73d5-503e-933b-19980de2885a,1785339814765,sender -> receiver,0,True,1785339814616.0,-149.0,0.0,False
a19f7af1-e4bb-54c0-a5db-8885fcc0dd3f,1785339815748,sender -> receiver,0,True,1785339815525.0,-223.0,0.0,False
2cb39137-e629-5085-93c4-801e98f6968d,1785339815750,sender -> receiver,0,True,1785339815565.0,-185.0,0.0,False
1be04ec3-10cd-545c-a634-4ed15f8633c4,1785339815752,sender -> receiver,0,True,1785339815590.0,-162.0,0.0,False
a8d2cec4-2075-57fa-9571-8d87c20edf14,1785339815754,sender -> receiver,0,True,1785339815606.0,-148.0,0.0,False
d04b9349-0ac8-5337-bb37-2d8ecc478091,1785339816772,sender -> receiver,0,True,1785339816559.0,-213.0,0.0,False
55cd7771-9e92-56bd-b5bc-2c95aead22d8,1785339816774,sender -> receiver,0,True,1785339816604.0,-170.0,0.0,False
c1e23692-2b0c-52b9-a603-68722f500e61,1785339816779,sender -> receiver,0,True,1785339816662.0,-117.0,0.0,False
dba70b64-af0c-5594-9440-f4a1047084e0,1785339816781,sender -> receiver,0,True,1785339816685.0,-96.0,0.0,False
c7ab451e-bfd3-51ec-8a39-73124398c9c7,1785339817818,sender -> receiver,0,True,1785339817654.0,-164.0,0.0,False
a2809aa0-011a-50f9-ae05-bc6fabb18274,1785339817823,sender -> receiver,0,True,1785339817669.0,-154.0,0.0,False
219bb5d4-7d9a-52ed-8d81-eedf2d2a4333,1785339817826,sender -> receiver,0,True,1785339817681.0,-145.0,0.0,False
4271ad24-e72a-5e84-8e61-c77820221d46,1785339817830,sender -> receiver,0,True,1785339817701.0,-129.0,0.0,False
6eb0539d-7775-5c01-89f6-e2a601482ab7,1785339818815,sender -> receiver,0,True,1785339818644.0,-171.0,0.0,False
7eff6a23-0eaf-51cf-ad90-0821b091ed83,1785339818821,sender -> receiver,0,True,1785339818670.0,-151.0,0.0,False
4c278c3e-69d5-5457-807e-152489c103c2,1785339818825,sender -> receiver,0,True,1785339818697.0,-128.0,0.0,False
b5e0e517-7d91-5be9-869e-17aa3daf47cc,1785339818830,sender -> receiver,0,True,1785339818716.0,-114.0,0.0,False
ace7d8e2-5999-5e44-babd-276728b58874,1785339819834,sender -> receiver,0,True,1785339819616.0,-218.0,0.0,False
23e6aa9a-5884-56e8-99b1-90cd198c3378,1785339819838,sender -> receiver,0,True,1785339819670.0,-168.0,0.0,False
bff700e7-124c-5f3f-b9c4-c6845ae4eba7,1785339819844,sender -> receiver,0,True,1785339819691.0,-153.0,0.0,False
d152f3e0-3681-5136-8bb9-ed3f2829d034,1785339819863,sender -> receiver,0,True,1785339819703.0,-160.0,0.0,False
bfa0f1cd-3595-5450-bd0f-4cd4c708a45a,1785339820761,sender -> receiver,0,True,1785339820560.0,-201.0,0.0,False
e4275ad2-0d60-59ea-be30-51457cb1fdee,1785339820779,sender -> receiver,0,True,1785339820592.0,-187.0,0.0,False
42c53bff-5d24-575f-991a-f3cbcbca8d21,1785339820781,sender -> receiver,0,True,1785339820634.0,-147.0,0.0,False
d060f3f2-f7b1-5a54-a1ce-1d030419aa93,1785339820783,sender -> receiver,0,True,1785339820647.0,-136.0,0.0,False
1150061c-6e3a-57e2-a167-a9e56c0cb567,1785339821777,sender -> receiver,0,True,1785339821599.0,-178.0,0.0,False
bded1c93-5340-515d-80ce-773c708f8fd9,1785339821780,sender -> receiver,0,True,1785339821626.0,-154.0,0.0,False
2311e060-74e7-591c-b599-487c2d7c98ea,1785339821786,sender -> receiver,0,True,1785339821646.0,-140.0,0.0,False
2018dbf2-70e3-53f7-b136-909864ab71fa,1785339821798,sender -> receiver,0,True,1785339821687.0,-111.0,0.0,False
43cf9d7c-f4e6-5618-a8fa-ea4d39637497,1785339822799,sender -> receiver,0,True,1785339822585.0,-214.0,0.0,False
97b028cd-e394-5d8f-9649-c2ba3465eaab,1785339822804,sender -> receiver,0,True,1785339822609.0,-195.0,0.0,False
301c65d3-7b5b-5059-b09b-b7b19e7d6219,1785339822807,sender -> receiver,0,True,1785339822629.0,-178.0,0.0,False
c075325b-c0f3-54d3-b9fd-f428f60d5f3b,1785339822811,sender -> receiver,0,True,1785339822645.0,-166.0,0.0,False
bbd9bac0-d05f-5ecf-a37e-23f9b16545ff,1785339823762,sender -> receiver,0,True,1785339823529.0,-233.0,0.0,False
1a3a46d7-2b7c-503a-9016-968c9f7e2721,1785339823764,sender -> receiver,0,True,1785339823609.0,-155.0,0.0,False
b7aa5dff-4900-5849-bd47-fe0f26cc0e66,1785339823766,sender -> receiver,0,True,1785339823635.0,-131.0,0.0,False
66fc456e-43de-510b-be45-6c1f9440ecda,1785339823769,sender -> receiver,0,True,1785339823652.0,-117.0,0.0,False
6fe0ef80-78e8-5858-b9ff-b53530c77ec0,1785339824762,sender -> receiver,0,True,1785339824581.0,-181.0,0.0,False
ca813adc-bdee-52ed-b3b6-658600db94a8,1785339824765,sender -> receiver,0,True,1785339824596.0,-169.0,0.0,False
a57ffbb9-1bdb-5f41-9537-e0d2dc6f9ce3,1785339824768,sender -> receiver,0,True,1785339824607.0,-161.0,0.0,False
17f63870-6e86-5b9c-99ac-bd2e1d3f0d28,1785339824771,sender -> receiver,0,True,1785339824617.0,-154.0,0.0,False
0f877682-ec77-5f71-bf39-211cad9e50a3,1785339825782,sender -> receiver,0,True,1785339825605.0,-177.0,0.0,False
2635a318-ccc5-5845-8c50-1bef36a99326,1785339825784,sender -> receiver,0,True,1785339825615.0,-169.0,0.0,False
d40a1f93-1bec-554a-a999-1cafd78f08dc,1785339825786,sender -> receiver,0,True,1785339825624.0,-162.0,0.0,False
52d4137d-df3f-5a8f-bf01-4b171dc0e035,1785339825789,sender -> receiver,0,True,1785339825656.0,-133.0,0.0,False
cd77c69d-cce7-5a6f-a791-ef10d588afe0,1785339826830,sender -> receiver,0,True,1785339826613.0,-217.0,0.0,False
b459fc5c-0f37-52f1-966e-3c69ba7f2d45,1785339826838,sender -> receiver,0,True,1785339826680.0,-158.0,0.0,False
7c73a2d2-d6e0-5f1b-afc8-72df85a76ee6,1785339826842,sender -> receiver,0,True,1785339826700.0,-142.0,0.0,False
8c163599-2bea-50b2-afd1-3962f2eb32b7,1785339826847,sender -> receiver,0,True,1785339826717.0,-130.0,0.0,False
a1e8d2db-d090-5730-81e4-cb45b8e36a90,1785339827775,sender -> receiver,0,True,1785339827553.0,-222.0,0.0,False
205c92d9-bbc1-5a9e-af27-2254e460fade,1785339827778,sender -> receiver,0,True,1785339827598.0,-180.0,0.0,False
52473396-b7ee-5a82-9359-132eaa893982,1785339827781,sender -> receiver,0,True,1785339827617.0,-164.0,0.0,False
686f918e-ef2f-5296-882d-13583f8da696,1785339827783,sender -> receiver,0,True,1785339827636.0,-147.0,0.0,False
7f1a6677-ef0a-5c7b-b12f-b04a233d83fb,1785339828779,sender -> receiver,0,True,1785339828593.0,-186.0,0.0,False
79806095-0322-5f51-83d6-85aab6fd5fa9,1785339828781,sender -> receiver,0,True,1785339828612.0,-169.0,0.0,False
d5ccadfe-81c7-57c2-bc52-7f881a94d8b0,1785339828787,sender -> receiver,0,True,1785339828626.0,-161.0,0.0,False
43433928-cc9f-50b5-9222-f4b1a269a5ca,1785339828789,sender -> receiver,0,True,1785339828638.0,-151.0,0.0,False
18a5b719-67d4-5280-b533-169d7343bce4,1785339829763,sender -> receiver,0,True,1785339829573.0,-190.0,0.0,False
863b4093-c6be-5d06-a75b-f8ada608e92c,1785339829782,sender -> receiver,0,True,1785339829608.0,-174.0,0.0,False
a2e73aad-2e52-5677-89b9-32cf467a5665,1785339829785,sender -> receiver,0,True,1785339829648.0,-137.0,0.0,False
97c0a267-467e-5850-ae7c-3e53eb2c592a,1785339829788,sender -> receiver,0,True,1785339829681.0,-107.0,0.0,False
c6fd4074-004c-57e4-8319-adfced861669,1785339830783,sender -> receiver,0,True,1785339830602.0,-181.0,0.0,False
6f1273b2-d896-5aa2-8850-090e76e2cad3,1785339830786,sender -> receiver,0,True,1785339830623.0,-163.0,0.0,False
31f2da22-c13b-5310-8f18-2a2594a802a0,1785339830788,sender -> receiver,0,True,1785339830637.0,-151.0,0.0,False
948a0abf-799c-5e80-8a0d-c85c5976bdb0,1785339830790,sender -> receiver,0,True,1785339830648.0,-142.0,0.0,False
7f018ee9-849a-57d7-af1d-f17cf0382639,1785339831796,sender -> receiver,0,True,1785339831609.0,-187.0,0.0,False
70fbb1ac-6293-570a-9661-8410353d5f0a,1785339831799,sender -> receiver,0,True,1785339831624.0,-175.0,0.0,False
4578c2c9-1ecd-5162-be88-be4984cb732f,1785339831802,sender -> receiver,0,True,1785339831636.0,-166.0,0.0,False
e69b3880-6fd0-5ffe-8aac-ba29f05764a8,1785339831805,sender -> receiver,0,True,1785339831647.0,-158.0,0.0,False
99a8527f-1b5f-552c-8bb1-5c6f18bd528c,1785339832800,sender -> receiver,0,True,1785339832624.0,-176.0,0.0,False
e6ce561e-97ad-50a3-a300-ea9c7a59c865,1785339832804,sender -> receiver,0,True,1785339832639.0,-165.0,0.0,False
cc8e5cb8-afa5-5448-8b58-b2cff6c684eb,1785339832807,sender -> receiver,0,True,1785339832654.0,-153.0,0.0,False
28daf1dc-ce72-5086-bfe5-9daab07e92c5,1785339832810,sender -> receiver,0,True,1785339832688.0,-122.0,0.0,False
af327124-ba73-5fe1-9f18-9f73e0f2e0d9,1785339833771,sender -> receiver,0,True,1785339833560.0,-211.0,0.0,False
2a300dc4-419d-5f27-af97-f1aa3eed7f70,1785339833773,sender -> receiver,0,True,1785339833576.0,-197.0,0.0,False
12bc5212-11c4-524b-a50d-2ef048c8cdd1,1785339833775,sender -> receiver,0,True,1785339833586.0,-189.0,0.0,False
4b2f9d57-fdb7-5e44-a441-fe978cc61947,1785339833777,sender -> receiver,0,True,1785339833595.0,-182.0,0.0,False
13a29a4d-c53a-563c-9ba1-ada6b59e851c,1785339834747,sender -> receiver,0,True,1785339834574.0,-173.0,0.0,False
26ea9844-8115-52d3-8254-eb2baae26864,1785339834749,sender -> receiver,0,True,1785339834594.0,-155.0,0.0,False
ac34a41a-e38c-5582-a0b6-c304ff9be2ed,1785339834751,sender -> receiver,0,True,1785339834612.0,-139.0,0.0,False
3eec9c29-044c-5e6d-a7a0-91a7e6f69af9,1785339834753,sender -> receiver,0,True,1785339834631.0,-122.0,0.0,False
3c599f27-2346-567b-a7bd-f43e15516c4e,1785339835786,sender -> receiver,0,True,1785339835620.0,-166.0,0.0,False
c7ca2f72-0141-53b7-bb79-544639fbec55,1785339835789,sender -> receiver,0,True,1785339835630.0,-159.0,0.0,False
d08693da-a988-5132-b665-0c55b7ed0620,1785339835792,sender -> receiver,0,True,1785339835669.0,-123.0,0.0,False
933bbcbb-3632-5c31-931b-6b6b0ce10454,1785339835811,sender -> receiver,0,True,1785339835682.0,-129.0,0.0,False
468b6b1b-742f-5868-b354-fae6e686021f,1785339836820,sender -> receiver,0,True,1785339836637.0,-183.0,0.0,False
729032b3-42fd-565c-88a5-cdfe8299f774,1785339836824,sender -> receiver,0,True,1785339836659.0,-165.0,0.0,False
7833a2c9-9049-5513-8c8e-f5b337138c3a,1785339836827,sender -> receiver,0,True,1785339836677.0,-150.0,0.0,False
4480125d-717b-5011-b1e8-3748aad4b6c2,1785339836833,sender -> receiver,0,True,1785339836713.0,-120.0,0.0,False
5d23ebc0-d47b-52f1-9e50-ae9515b8674e,1785339837810,sender -> receiver,0,True,1785339837611.0,-199.0,0.0,False
76a6a0e7-6ba4-519a-9854-868cb8c54833,1785339837813,sender -> receiver,0,True,1785339837635.0,-178.0,0.0,False
d1874228-8516-5792-a3a8-b77fbe63d17f,1785339837816,sender -> receiver,0,True,1785339837649.0,-167.0,0.0,False
2b891c08-1022-59e2-abdc-2aaa88f2931a,1785339837819,sender -> receiver,0,True,1785339837663.0,-156.0,0.0,False
bc991205-88ab-51a6-a53f-c6867077ed03,1785339838791,sender -> receiver,0,True,1785339838606.0,-185.0,0.0,False
bf03ef67-54bc-54df-bea2-aa43373d29fa,1785339838794,sender -> receiver,0,True,1785339838632.0,-162.0,0.0,False
d82f2f6c-2052-5323-a556-a755478451a2,1785339838797,sender -> receiver,0,True,1785339838656.0,-141.0,0.0,False
b7117093-97ea-508f-ae6a-da66c2a53918,1785339838800,sender -> receiver,0,True,1785339838670.0,-130.0,0.0,False
8b7303dc-dcf4-5cf7-b4a8-730185ea666e,1785339884934,sender -> receiver,0,True,1785339884741.0,-193.0,0.0,False
0945e195-9db4-5d6a-b241-cc8b0fadba95,1785339884937,sender -> receiver,0,True,1785339884765.0,-172.0,0.0,False
93a5972c-b667-5e58-a78c-4af164ca8b34,1785339884939,sender -> receiver,0,True,1785339884781.0,-158.0,0.0,False
8b1ebfa3-bdb1-5724-afd6-8d37d37fdac7,1785339884941,sender -> receiver,0,True,1785339884799.0,-142.0,0.0,False
9209d2f9-4ce7-5860-862f-685083df716b,1785339884942,sender -> receiver,0,True,1785339884834.0,-108.0,0.0,False
a8859e37-9932-58a4-aad0-2d51132e95da,1785339885926,sender -> receiver,0,True,1785339885730.0,-196.0,0.0,False
c3e6507c-fcdc-570e-8a54-7eb5a613358c,1785339885928,sender -> receiver,0,True,1785339885753.0,-175.0,0.0,False
a35cecc7-2fe8-5dd1-ae8e-79790fdde8f7,1785339885930,sender -> receiver,0,True,1785339885773.0,-157.0,0.0,False
7e840da4-3265-5910-bb9b-63fc3e06bad8,1785339885933,sender -> receiver,0,True,1785339885785.0,-148.0,0.0,False
47653e5d-6b81-587b-8ef5-cb8a627bfb0a,1785339885935,sender -> receiver,0,True,1785339885829.0,-106.0,0.0,False
9e5c9591-da06-5feb-9c94-32bb16096f08,1785339886939,sender -> receiver,0,True,1785339886800.0,-139.0,0.0,False
1746f4fb-cd8c-512c-b29f-8d54e330056c,1785339886944,sender -> receiver,0,True,1785339886818.0,-126.0,0.0,False
51983a30-bea1-5f69-8935-3622e9398603,1785339886946,sender -> receiver,0,True,1785339886839.0,-107.0,0.0,False
e91edd01-b574-5b45-a347-9a449043598c,1785339886949,sender -> receiver,0,True,1785339886866.0,-83.0,0.0,False
3609e026-835b-5b2f-ac7d-b1413828a3c3,1785339886951,sender -> receiver,0,True,1785339886879.0,-72.0,0.0,False
1658181a-5313-5dd2-a2e4-8bd1aa275ee4,1785339887954,sender -> receiver,0,True,1785339887744.0,-210.0,0.0,False
56684dbc-1d6b-5cbf-a2cc-8bbc3d91f4a6,1785339887958,sender -> receiver,0,True,1785339887793.0,-165.0,0.0,False
cabc8582-1686-5126-8a47-8315dedb4571,1785339887962,sender -> receiver,0,True,1785339887805.0,-157.0,0.0,False
11c9c3ee-c0bb-5c4a-ad51-9c2249cef901,1785339887967,sender -> receiver,0,True,1785339887829.0,-138.0,0.0,False
47679b1b-be89-5ccb-8995-b395c57b1191,1785339887991,sender -> receiver,0,True,1785339887839.0,-152.0,0.0,False
3da1dbca-0d3b-5185-a34d-42cce2260100,1785339888950,sender -> receiver,0,True,1785339888790.0,-160.0,0.0,False
7b3c28e9-08df-5f49-8bf3-8a86bac08fe0,1785339888978,sender -> receiver,0,True,1785339888810.0,-168.0,0.0,False
f6976eed-3647-52ed-8e49-e621671a6d72,1785339888984,sender -> receiver,0,True,1785339888829.0,-155.0,0.0,False
0d7d22e1-8af3-502c-9f55-8f6456c69b77,1785339888989,sender -> receiver,0,True,1785339888845.0,-144.0,0.0,False
8a635461-f7ac-5ef5-9cfe-1cf411b1fa77,1785339888992,sender -> receiver,0,True,1785339888856.0,-136.0,0.0,False
826fe835-09fc-54a3-9e07-f29851839c09,1785339889923,sender -> receiver,0,True,1785339889754.0,-169.0,0.0,False
34ffd49f-781b-5d91-9d40-7d3f08e23985,1785339889926,sender -> receiver,0,True,1785339889763.0,-163.0,0.0,False
80845d13-1cac-586a-9e48-dde94b455ce5,1785339889928,sender -> receiver,0,True,1785339889773.0,-155.0,0.0,False
aecdefa0-ca82-5a10-bcfe-394e3963d97a,1785339889930,sender -> receiver,0,True,1785339889787.0,-143.0,0.0,False
a160b8dd-4771-5539-b741-69458d04bb13,1785339889932,sender -> receiver,0,True,1785339889797.0,-135.0,0.0,False
78293755-cdb9-50d9-9f9a-fb8535efb359,1785339890972,sender -> receiver,0,True,1785339890813.0,-159.0,0.0,False
610ffd08-1de5-5beb-b87e-5ad6d328047e,1785339890977,sender -> receiver,0,True,1785339890827.0,-150.0,0.0,False
cb671cd9-bd9f-5903-83e3-2fc66b6f72c6,1785339890982,sender -> receiver,0,True,1785339890840.0,-142.0,0.0,False
b47d0c92-b85e-5c25-80fa-c28a6915de0b,1785339890988,sender -> receiver,0,True,1785339890851.0,-137.0,0.0,False
f1f6d266-3616-51b3-97db-d08b7770718e,1785339890995,sender -> receiver,0,True,1785339890861.0,-134.0,0.0,False
e896a581-a014-5d13-8080-26c241e01aab,1785339891946,sender -> receiver,0,True,1785339891748.0,-198.0,0.0,False
a80f64cf-03f7-52af-9676-0ae9627d910f,1785339891949,sender -> receiver,0,True,1785339891796.0,-153.0,0.0,False
a96e3979-8c1d-5bfc-b9dc-48040577ceb3,1785339891951,sender -> receiver,0,True,1785339891806.0,-145.0,0.0,False
0bdb0df7-acc6-53aa-8b72-540775a0b703,1785339891969,sender -> receiver,0,True,1785339891829.0,-140.0,0.0,False
2608018b-3c44-5eea-b0cc-3d7bde325d32,1785339891972,sender -> receiver,0,True,1785339891838.0,-134.0,0.0,False
2fd8514d-7433-5db2-8853-44ce36607d7e,1785339892916,sender -> receiver,0,True,1785339892709.0,-207.0,0.0,False
ead1cab1-2938-5f9d-a4a6-a114f71728ff,1785339892919,sender -> receiver,0,True,1785339892747.0,-172.0,0.0,False
455e5ee5-8956-5f03-96f9-4a305a61aa32,1785339892921,sender -> receiver,0,True,1785339892787.0,-134.0,0.0,False
5c003518-c0dc-5497-95c1-848b06093115,1785339892924,sender -> receiver,0,True,1785339892804.0,-120.0,0.0,False
2d9a4341-5d69-581a-a159-541f738ef48a,1785339892926,sender -> receiver,0,True,1785339892818.0,-108.0,0.0,False
11ef175e-0820-5f71-b017-84b0040131b5,1785339893982,sender -> receiver,0,True,1785339893789.0,-193.0,0.0,False
31f58163-d504-5a68-a441-57e78102af15,1785339893986,sender -> receiver,0,True,1785339893815.0,-171.0,0.0,False
d44afab2-19dd-53a7-a445-bdd689955267,1785339893989,sender -> receiver,0,True,1785339893843.0,-146.0,0.0,False
6f0b2288-0f0c-5c7b-8023-2e694e535ea5,1785339893992,sender -> receiver,0,True,1785339893855.0,-137.0,0.0,False
a2ab474d-9633-5438-b20c-7ea96d00919c,1785339894015,sender -> receiver,0,True,1785339893866.0,-149.0,0.0,False
83e3e61f-2196-5883-85b6-9db346419db9,1785339894929,sender -> receiver,0,True,1785339894744.0,-185.0,0.0,False
518dc4e1-fca7-5036-a47b-aa4e439de35e,1785339894932,sender -> receiver,0,True,1785339894753.0,-179.0,0.0,False
9b5d52a4-2827-544c-b304-feb92d5326cd,1785339894934,sender -> receiver,0,True,1785339894763.0,-171.0,0.0,False
5a021007-7f2e-59d4-b233-c41a73ee2233,1785339894936,sender -> receiver,0,True,1785339894780.0,-156.0,0.0,False
97ac8162-559b-54dc-8067-3ab03efa75d7,1785339894947,sender -> receiver,0,True,1785339894800.0,-147.0,0.0,False
e04d9788-bda5-5074-b8e6-74cb22802f3e,1785339895998,sender -> receiver,0,True,1785339895796.0,-202.0,0.0,False
6e3af4de-3245-5670-b9a1-5d6981c78656,1785339896002,sender -> receiver,0,True,1785339895822.0,-180.0,0.0,False
3fb0a966-b1ef-5832-a7fb-4e08cfbdc428,1785339896006,sender -> receiver,0,True,1785339895834.0,-172.0,0.0,False
de22a59f-0622-5f3a-8d78-287388cd5ea4,1785339896009,sender -> receiver,0,True,1785339895844.0,-165.0,0.0,False
41df313c-d85e-5ea9-b81d-e5dfce682c61,1785339896014,sender -> receiver,0,True,1785339895866.0,-148.0,0.0,False
c83927fe-01aa-51ae-9e54-34fb15362910,1785339896988,sender -> receiver,0,True,1785339896787.0,-201.0,0.0,False
06803af0-914f-5027-b14c-155db9bfe939,1785339896991,sender -> receiver,0,True,1785339896807.0,-184.0,0.0,False
bbfe4cc1-824c-5061-818f-3f9a23417e2e,1785339896993,sender -> receiver,0,True,1785339896820.0,-173.0,0.0,False
c3028d88-c24f-5801-804b-976cea94116f,1785339896996,sender -> receiver,0,True,1785339896833.0,-163.0,0.0,False
95dbb205-64ab-50e4-b119-6fac258e1d15,1785339896998,sender -> receiver,0,True,1785339896854.0,-144.0,0.0,False
c56e3d98-9fd0-518b-84ac-08693932642f,1785339898011,sender -> receiver,0,True,1785339897828.0,-183.0,0.0,False
adcde67c-3a95-541f-98e0-0545d8be3b34,1785339898016,sender -> receiver,0,True,1785339897844.0,-172.0,0.0,False
91fb23e5-6d3b-519f-8135-c26e98ae372a,1785339898020,sender -> receiver,0,True,1785339897860.0,-160.0,0.0,False
e8345851-27a3-50ff-b0b5-6f51245c42c0,1785339898024,sender -> receiver,0,True,1785339897888.0,-136.0,0.0,False
4437fed3-3909-562a-b855-e2707f854994,1785339898055,sender -> receiver,0,True,1785339897899.0,-156.0,0.0,False
236c9cf9-7c34-5f24-bd33-ed08eae6ba75,1785339898959,sender -> receiver,0,True,1785339898809.0,-150.0,0.0,False
cc7a4e5a-8c45-549e-8416-ffbee24b3e5d,1785339898965,sender -> receiver,0,True,1785339898827.0,-138.0,0.0,False
44b9ba43-b64c-5817-85c3-2e57b983766a,1785339898970,sender -> receiver,0,True,1785339898845.0,-125.0,0.0,False
fc1bd62e-51b6-50ba-ab1e-f01afbe5d78a,1785339898997,sender -> receiver,0,True,1785339898876.0,-121.0,0.0,False
c95b1481-1bb6-5753-aa2d-97a3be7265c3,1785339899004,sender -> receiver,0,True,1785339898890.0,-114.0,0.0,False
1684302d-2156-594b-a240-59ba4e0fbdce,1785339899935,sender -> receiver,0,True,1785339899715.0,-220.0,0.0,False
69872aa0-5fea-527b-9c10-c5a5fb9dc77c,1785339899938,sender -> receiver,0,True,1785339899742.0,-196.0,0.0,False
3ee8d7a6-8080-5b54-9337-5ed11371ccbc,1785339899940,sender -> receiver,0,True,1785339899756.0,-184.0,0.0,False
500cb8bf-00c1-507e-b892-dc2e75261e95,1785339899942,sender -> receiver,0,True,1785339899789.0,-153.0,0.0,False
150f788e-1b6a-56ab-82c0-2cf73d54caaf,1785339899944,sender -> receiver,0,True,1785339899797.0,-147.0,0.0,False
da9822d0-0510-5f4b-a4f9-bf3e892aaf1e,1785339900948,sender -> receiver,0,True,1785339900714.0,-234.0,0.0,False
7687d314-f75f-5564-9354-065aec30e835,1785339900951,sender -> receiver,0,True,1785339900811.0,-140.0,0.0,False
260220a9-d8a3-553f-b007-5b02ce0edf51,1785339900953,sender -> receiver,0,True,1785339900825.0,-128.0,0.0,False
0565da53-8045-5f20-b747-3c19177c4d49,1785339900955,sender -> receiver,0,True,1785339900837.0,-118.0,0.0,False
82881b86-34d8-5867-8899-eba8e7970e8b,1785339900957,sender -> receiver,0,True,1785339900848.0,-109.0,0.0,False
46972fbc-4c1c-5bf5-b958-c8d635739a98,1785339901999,sender -> receiver,0,True,1785339901785.0,-214.0,0.0,False
da88a42f-4a2f-5308-aa7e-4e3a1a8f43f4,1785339902003,sender -> receiver,0,True,1785339901808.0,-195.0,0.0,False
0492af79-3678-5552-9c49-76f352d9fc5c,1785339902007,sender -> receiver,0,True,1785339901822.0,-185.0,0.0,False
615f2939-7914-5906-8a0a-51afcff0c4e7,1785339902011,sender -> receiver,0,True,1785339901835.0,-176.0,0.0,False
f3bfe77e-90e7-5e64-8a83-b646cb9ff69a,1785339902014,sender -> receiver,0,True,1785339901858.0,-156.0,0.0,False
eb99e34e-bb30-5505-a0dd-1ee93d1641bd,1785339902984,sender -> receiver,0,True,1785339902799.0,-185.0,0.0,False
384e8ac5-ab9c-588e-acbb-022f95ebebea,1785339902988,sender -> receiver,0,True,1785339902815.0,-173.0,0.0,False
4b7b4d23-dc73-59eb-8341-59aa4713cf18,1785339902991,sender -> receiver,0,True,1785339902827.0,-164.0,0.0,False
79da30d9-189f-573f-a335-5750a9a3ea3f,1785339902996,sender -> receiver,0,True,1785339902848.0,-148.0,0.0,False
f553c589-a0d9-5576-93e7-6855fe312274,1785339902998,sender -> receiver,0,True,1785339902858.0,-140.0,0.0,False
0e3fc0c7-21bc-58e9-a171-a481e4d4f07d,1785339903980,sender -> receiver,0,True,1785339903807.0,-173.0,0.0,False
7f181f27-3391-57f7-973f-9755576fa905,1785339903985,sender -> receiver,0,True,1785339903825.0,-160.0,0.0,False
5ec661ba-5187-52d3-bf27-f7ae2caf3cb4,1785339903987,sender -> receiver,0,True,1785339903839.0,-148.0,0.0,False
44835228-d125-50ea-a061-bc01ff264357,1785339903989,sender -> receiver,0,True,1785339903865.0,-124.0,0.0,False
1af2e8ed-0ec3-5777-9837-5a05cdebca3b,1785339903992,sender -> receiver,0,True,1785339903877.0,-115.0,0.0,False
3febdcb5-c0fe-593d-b8de-3b894a59f233,1785339945552,sender -> receiver,0,True,1785339945348.0,-204.0,0.0,False
452b9937-47f4-5d67-b717-b4ecf27e9b56,1785339945565,sender -> receiver,0,True,1785339945370.0,-195.0,0.0,False
7fd89ee5-7b76-5a4c-a1e3-888abe9e8e25,1785339945568,sender -> receiver,0,True,1785339945392.0,-176.0,0.0,False
b9b71d41-a1f8-56dd-b6d8-facabc439743,1785339945570,sender -> receiver,0,True,1785339945409.0,-161.0,0.0,False
17a23268-bc76-50ec-8d09-5356b538eba1,1785339946547,sender -> receiver,0,True,1785339946339.0,-208.0,0.0,False
cba438a9-95bf-50fe-a791-06945de222d8,1785339946550,sender -> receiver,0,True,1785339946374.0,-176.0,0.0,False
cc68b768-aaa3-5a14-a986-5b924e3b69ee,1785339946565,sender -> receiver,0,True,1785339946400.0,-165.0,0.0,False
22d3d448-e0ef-57a4-8b36-f5b42b728d9a,1785339946567,sender -> receiver,0,True,1785339946422.0,-145.0,0.0,False
c5918a62-3015-5c1d-b881-7c06e697790c,1785339947552,sender -> receiver,0,True,1785339947386.0,-166.0,0.0,False
a0814dee-208b-5eac-8d75-18dfe5714b2c,1785339947554,sender -> receiver,0,True,1785339947415.0,-139.0,0.0,False
620dd93c-df98-59bc-9f61-d1b20d85c7db,1785339947556,sender -> receiver,0,True,1785339947434.0,-122.0,0.0,False
84fc266f-ff82-591f-b81d-5dc01f1a8119,1785339947558,sender -> receiver,0,True,1785339947456.0,-102.0,0.0,False
967ac9b7-8bc6-5de6-a075-10fa8f0b460a,1785339948552,sender -> receiver,0,True,1785339948364.0,-188.0,0.0,False
6228aba4-13d8-5e26-9316-ac25e9746d80,1785339948555,sender -> receiver,0,True,1785339948394.0,-161.0,0.0,False
87ceb6ad-667a-56b9-a928-5953e38726e5,1785339948557,sender -> receiver,0,True,1785339948412.0,-145.0,0.0,False
900da4c2-a44e-5d90-92e4-b134489c5517,1785339948560,sender -> receiver,0,True,1785339948430.0,-130.0,0.0,False
3358be8d-a9e4-5fde-b45f-978ffd547f60,1785339949562,sender -> receiver,0,True,1785339949352.0,-210.0,0.0,False
ac592a8f-9fb5-572d-a485-fcec5ed0a5d7,1785339949565,sender -> receiver,0,True,1785339949383.0,-182.0,0.0,False
48b913c4-d535-52dd-8740-e6456a9f7a11,1785339949570,sender -> receiver,0,True,1785339949403.0,-167.0,0.0,False
46d82eb3-b576-5fb9-878e-78f9a22910bd,1785339949574,sender -> receiver,0,True,1785339949423.0,-151.0,0.0,False
f4ccef86-6301-5608-a072-1610fcabe14f,1785339950590,sender -> receiver,0,True,1785339950451.0,-139.0,0.0,False
ae41e840-da61-5564-9dd9-80b1966a6994,1785339950594,sender -> receiver,0,True,1785339950486.0,-108.0,0.0,False
930795b1-8092-5f9a-855b-e4f247c21100,1785339950600,sender -> receiver,0,True,1785339950510.0,-90.0,0.0,False
61d22911-b26c-573d-8596-a607600986e4,1785339950604,sender -> receiver,0,True,1785339950558.0,-46.0,0.0,False
d915fdb0-22ad-5a9b-ad96-0539d93a48db,1785339951545,sender -> receiver,0,True,1785339951329.0,-216.0,0.0,False
6204ba95-b537-51a5-9070-569b4b63cb78,1785339951560,sender -> receiver,0,True,1785339951350.0,-210.0,0.0,False
ef4caaba-7446-5f30-8404-f6e4e2a1b6b8,1785339951562,sender -> receiver,0,True,1785339951392.0,-170.0,0.0,False
9edbf5d2-c67f-5475-80c2-69bf75f890e0,1785339951564,sender -> receiver,0,True,1785339951407.0,-157.0,0.0,False
f9d0ade5-340e-5450-8e2e-8c72f748f81c,1785339952584,sender -> receiver,0,True,1785339952375.0,-209.0,0.0,False
c1c99418-d4cc-59ff-b2b5-93e31db74e85,1785339952588,sender -> receiver,0,True,1785339952406.0,-182.0,0.0,False
2f74dc62-ce43-57b9-ae16-0126c1ba531b,1785339952594,sender -> receiver,0,True,1785339952432.0,-162.0,0.0,False
d709b11e-8cca-552e-9c9a-e7c30f0469d3,1785339952598,sender -> receiver,0,True,1785339952465.0,-133.0,0.0,False
0bfc471c-af54-5e1f-8635-a5502b568eab,1785339953552,sender -> receiver,0,True,1785339953369.0,-183.0,0.0,False
8a47f204-5e2d-5359-9e31-8a399bed3d30,1785339953555,sender -> receiver,0,True,1785339953402.0,-153.0,0.0,False
d0c0f97e-93d5-5c69-bb00-068bffdba2d8,1785339953569,sender -> receiver,0,True,1785339953446.0,-123.0,0.0,False
8fbecc0e-caad-50cc-95f6-c1cad53b9578,1785339953571,sender -> receiver,0,True,1785339953462.0,-109.0,0.0,False
54d7fd98-0e6b-580c-ae3f-6860b5a2b2d4,1785339954553,sender -> receiver,0,True,1785339954347.0,-206.0,0.0,False
f5134244-0071-56e1-bd9b-6d9df17858bb,1785339954555,sender -> receiver,0,True,1785339954397.0,-158.0,0.0,False
e915b775-845c-5acc-ac24-1c49a7983c13,1785339954557,sender -> receiver,0,True,1785339954417.0,-140.0,0.0,False
b3b86674-658b-5f42-9a08-dea9b6149739,1785339954559,sender -> receiver,0,True,1785339954432.0,-127.0,0.0,False
4528f676-aa72-5f43-9c61-3e0c733c0f5f,1785339955608,sender -> receiver,0,True,1785339955394.0,-214.0,0.0,False
3f2c98e2-81fb-5b6d-af56-b4460779bcc4,1785339955610,sender -> receiver,0,True,1785339955437.0,-173.0,0.0,False
9f344c14-fd83-58da-8c98-a950d3f37dbb,1785339955613,sender -> receiver,0,True,1785339955485.0,-128.0,0.0,False
d07c3f8a-4b3d-58b5-b2cf-5390aad83d69,1785339955615,sender -> receiver,0,True,1785339955506.0,-109.0,0.0,False
9e1782f6-8e7c-52f6-8e5c-92643ee46e53,1785339956590,sender -> receiver,0,True,1785339956381.0,-209.0,0.0,False
5f8614e9-cc84-57a7-bbea-60930874533a,1785339956593,sender -> receiver,0,True,1785339956411.0,-182.0,0.0,False
c206a9b6-9b85-5a65-93a4-2440db68dffe,1785339956614,sender -> receiver,0,True,1785339956437.0,-177.0,0.0,False
7a1c34fc-19e4-5a4a-92f9-95485625a135,1785339956618,sender -> receiver,0,True,1785339956479.0,-139.0,0.0,False
f7ebab11-056d-5008-8b8b-f1a709cbb407,1785339957553,sender -> receiver,0,True,1785339957359.0,-194.0,0.0,False
ea2cd208-eaa4-5508-b94f-53614fc37998,1785339957555,sender -> receiver,0,True,1785339957386.0,-169.0,0.0,False
48d1f301-5cb1-5f91-a80f-5ad11754f078,1785339957558,sender -> receiver,0,True,1785339957404.0,-154.0,0.0,False
cf17f938-c355-5562-96bd-ab58639bdd62,1785339957560,sender -> receiver,0,True,1785339957417.0,-143.0,0.0,False
492de6bb-854a-5885-9795-aeb2b5a2c804,1785339958545,sender -> receiver,0,True,1785339958357.0,-188.0,0.0,False
7929ff76-f886-54ae-b1a1-9487da8804e0,1785339958547,sender -> receiver,0,True,1785339958390.0,-157.0,0.0,False
afc8754c-7bc3-5a1f-8597-d209c4cbea40,1785339958549,sender -> receiver,0,True,1785339958414.0,-135.0,0.0,False
218aca8e-c96e-572f-a2f0-0a7be6c18a0e,1785339958561,sender -> receiver,0,True,1785339958434.0,-127.0,0.0,False
6df5489b-4387-5780-902d-7f506bf26d7f,1785339959563,sender -> receiver,0,True,1785339959395.0,-168.0,0.0,False
f7adceaf-317b-52e0-bcf4-d9ca8df435e7,1785339959565,sender -> receiver,0,True,1785339959423.0,-142.0,0.0,False
3f8847f0-d0a4-565c-8b43-8c0c4b9861e5,1785339959568,sender -> receiver,0,True,1785339959440.0,-128.0,0.0,False
408da3c3-36b3-569b-a701-8f3717cd89f8,1785339959570,sender -> receiver,0,True,1785339959462.0,-108.0,0.0,False
ed17d3c4-49a9-5470-a560-ec2296713e9c,1785339960552,sender -> receiver,0,True,1785339960330.0,-222.0,0.0,False
7ba002f0-18de-5d94-a282-4799e5618d8e,1785339960554,sender -> receiver,0,True,1785339960354.0,-200.0,0.0,False
40dbf1a2-32a6-5119-b287-07d562571481,1785339960556,sender -> receiver,0,True,1785339960374.0,-182.0,0.0,False
e571eec7-5a71-521a-8d47-8f6edcc738ed,1785339960558,sender -> receiver,0,True,1785339960394.0,-164.0,0.0,False
cc406853-435e-5012-b876-773aa5c46b1f,1785339961550,sender -> receiver,0,True,1785339961370.0,-180.0,0.0,False
8927f652-0f39-55c7-b3cd-d910c901d64d,1785339961553,sender -> receiver,0,True,1785339961412.0,-141.0,0.0,False
5ea27bb6-adf8-57e7-8cc4-aa20b54bf4d9,1785339961555,sender -> receiver,0,True,1785339961437.0,-118.0,0.0,False
0bbe6da6-4ee3-5a3d-ae0f-c0670c09eb08,1785339961569,sender -> receiver,0,True,1785339961467.0,-102.0,0.0,False
60c737ad-d2ea-55e1-a11e-5027c0399f51,1785339962613,sender -> receiver,0,True,1785339962463.0,-150.0,0.0,False
33e34dab-53da-5cab-99d8-0293c626daac,1785339962616,sender -> receiver,0,True,1785339962495.0,-121.0,0.0,False
3b6d2533-c085-5dcf-9739-64d205da1b1f,1785339962618,sender -> receiver,0,True,1785339962518.0,-100.0,0.0,False
664ffd7a-e30d-54cc-ac01-747dd94eb3a9,1785339962620,sender -> receiver,0,True,1785339962543.0,-77.0,0.0,False
befbee38-cfd5-54e7-bfb1-114eeac037d7,1785339963595,sender -> receiver,0,True,1785339963413.0,-182.0,0.0,False
c74746dd-38d6-554c-8e42-579e1349f72f,1785339963599,sender -> receiver,0,True,1785339963449.0,-150.0,0.0,False
21d267ee-07d8-5b04-92bf-c819666e3628,1785339963625,sender -> receiver,0,True,1785339963470.0,-155.0,0.0,False
0889c4ae-3991-502b-a58f-f559e778e4a0,1785339963630,sender -> receiver,0,True,1785339963490.0,-140.0,0.0,False
a21f4789-7490-51f3-becb-a881e87587ac,1785339964583,sender -> receiver,0,True,1785339964390.0,-193.0,0.0,False
bdf29185-a315-58dd-9db0-8f26c8b9244a,1785339964586,sender -> receiver,0,True,1785339964428.0,-158.0,0.0,False
0d0b17b4-9a38-5f32-a32a-25d3a327a560,1785339964588,sender -> receiver,0,True,1785339964452.0,-136.0,0.0,False
ebda23cf-c7e1-5eee-865f-3acd84d92153,1785339964590,sender -> receiver,0,True,1785339964472.0,-118.0,0.0,False
28bf0cab-4662-5386-a3e2-0a839e9fdc21,1785339965544,sender -> receiver,0,True,1785339965328.0,-216.0,0.0,False
07678e2c-c302-581d-bfd7-0b06195a9b09,1785339965546,sender -> receiver,0,True,1785339965350.0,-196.0,0.0,False
b2214ed6-ae37-5405-8eea-ddbf9d26c91c,1785339965549,sender -> receiver,0,True,1785339965371.0,-178.0,0.0,False
60244916-c07e-5cac-bd19-76f8892df375,1785339965551,sender -> receiver,0,True,1785339965386.0,-165.0,0.0,False
51fe6c22-f065-5a53-ab54-87495840a089,1785339966547,sender -> receiver,0,True,1785339966379.0,-168.0,0.0,False
5095f931-faec-5499-a784-231bbb48b3fa,1785339966549,sender -> receiver,0,True,1785339966405.0,-144.0,0.0,False
7aab7f8e-4e5c-5048-ae69-57c4b0e77cb2,1785339966564,sender -> receiver,0,True,1785339966423.0,-141.0,0.0,False
8f7965ae-c6ce-5859-8539-b0da05d4cee8,1785339966567,sender -> receiver,0,True,1785339966459.0,-108.0,0.0,False
be920978-c01e-58e5-806f-aefb72fcd4bc,1785339967563,sender -> receiver,0,True,1785339967369.0,-194.0,0.0,False
b2a36341-96e3-5e23-99a4-47aa8df7a4c4,1785339967566,sender -> receiver,0,True,1785339967388.0,-178.0,0.0,False
75f89c7b-bf23-5e97-9c48-0434e2acff3e,1785339967568,sender -> receiver,0,True,1785339967406.0,-162.0,0.0,False
9a082e13-523f-52ec-80d1-611f2ef93a51,1785339967571,sender -> receiver,0,True,1785339967426.0,-145.0,0.0,False
62c73f99-d79c-5b4e-b7b0-dd57ec71de53,1785339968567,sender -> receiver,0,True,1785339968407.0,-160.0,0.0,False
6520f1ba-9c19-5d22-9e3d-b2382458fdc7,1785339968570,sender -> receiver,0,True,1785339968447.0,-123.0,0.0,False
e5824c18-ce63-5355-8022-4fede39e042c,1785339968574,sender -> receiver,0,True,1785339968473.0,-101.0,0.0,False
e4018ad5-2bea-55bc-b639-17d5df6ed5dd,1785339968597,sender -> receiver,0,True,1785339968488.0,-109.0,0.0,False
85e9e8f3-6ea4-5a46-baf4-490def8fb143,1785339969566,sender -> receiver,0,True,1785339969390.0,-176.0,0.0,False
e97d3b4e-859d-51a8-9960-b0ab7a357061,1785339969568,sender -> receiver,0,True,1785339969421.0,-147.0,0.0,False
393673b1-da06-540a-a29a-6527eb069820,1785339969571,sender -> receiver,0,True,1785339969440.0,-131.0,0.0,False
3f0f7276-be1d-57b7-a7fa-733bec45e75d,1785339969586,sender -> receiver,0,True,1785339969460.0,-126.0,0.0,False
cf3e7cd2-7b31-5f86-b71e-363534435e8b,1785340010258,sender -> receiver,0,True,1785340010063.0,-195.0,0.0,False
b4dc0366-0d31-5aeb-94f4-768ba257d8a9,1785340010274,sender -> receiver,0,True,1785340010094.0,-180.0,0.0,False
1bd3144c-df6e-5a4f-b049-c72f5597fab0,1785340010276,sender -> receiver,0,True,1785340010118.0,-158.0,0.0,False
6b5843ee-bd46-5d62-9ab7-5bbf77bede2b,1785340010278,sender -> receiver,0,True,1785340010153.0,-125.0,0.0,False
33c37203-db16-5e8e-b0fa-78b5b70c5af4,1785340011279,sender -> receiver,0,True,1785340011064.0,-215.0,0.0,False
872e4b6e-802a-5e77-8b43-2884089eb8f2,1785340011283,sender -> receiver,0,True,1785340011098.0,-185.0,0.0,False
be8df18b-fb19-5235-bf0a-43432ce3b2cc,1785340011286,sender -> receiver,0,True,1785340011120.0,-166.0,0.0,False
bff030c1-7ad8-58d1-97fa-3d2532e23c02,1785340011300,sender -> receiver,0,True,1785340011135.0,-165.0,0.0,False
57fb4e4f-b1fc-5667-a9f3-273c1f11cd30,1785340012320,sender -> receiver,0,True,1785340012128.0,-192.0,0.0,False
0cd53e54-e352-5c79-9f57-919bad3ca12f,1785340012323,sender -> receiver,0,True,1785340012157.0,-166.0,0.0,False
4d0fe99c-343d-591a-b23e-b0e12bb74975,1785340012327,sender -> receiver,0,True,1785340012180.0,-147.0,0.0,False
428d2287-1a84-5fed-a210-e74d143847a6,1785340012329,sender -> receiver,0,True,1785340012213.0,-116.0,0.0,False
3c0dee7f-21ad-5a16-93e9-b599eacd15d1,1785340013276,sender -> receiver,0,True,1785340013073.0,-203.0,0.0,False
62681344-661a-5b45-aea0-367332652b4d,1785340013279,sender -> receiver,0,True,1785340013096.0,-183.0,0.0,False
80444dfa-d72d-5ba8-9d18-ef25cd1762bc,1785340013282,sender -> receiver,0,True,1785340013105.0,-177.0,0.0,False
59a88fdd-bd20-5863-bd48-b646e5205444,1785340013284,sender -> receiver,0,True,1785340013112.0,-172.0,0.0,False
15284a4a-49b0-5509-b746-9d06013c608e,1785340014261,sender -> receiver,0,True,1785340014070.0,-191.0,0.0,False
1e82becd-c7a7-5298-8d43-ce426e778d3a,1785340014264,sender -> receiver,0,True,1785340014118.0,-146.0,0.0,False
64d407ed-4645-575c-ab29-984b1f0b635a,1785340014267,sender -> receiver,0,True,1785340014140.0,-127.0,0.0,False
ce94834a-42cb-5de6-a305-f4b7405e980d,1785340014269,sender -> receiver,0,True,1785340014166.0,-103.0,0.0,False
382bb276-11d8-5690-9b41-fccba55a4e6d,1785340015281,sender -> receiver,0,True,1785340015046.0,-235.0,0.0,False
2fd5632f-daaa-57cc-bd64-bd31a6350eb8,1785340015283,sender -> receiver,0,True,1785340015102.0,-181.0,0.0,False
f649a074-3fe6-5ad1-8ea6-38114fb2c671,1785340015287,sender -> receiver,0,True,1785340015117.0,-170.0,0.0,False
b45d2108-8fb8-5281-9b61-7a0fd20caa5b,1785340015289,sender -> receiver,0,True,1785340015128.0,-161.0,0.0,False
17d69e3f-a452-5613-a9dc-cc27828ee5be,1785340016341,sender -> receiver,0,True,1785340016139.0,-202.0,0.0,False
08aa0685-4631-5f92-acb4-67d92cc0dd21,1785340016347,sender -> receiver,0,True,1785340016162.0,-185.0,0.0,False
ec8263e3-a1c3-51a0-ae3f-564d29f21cb5,1785340016353,sender -> receiver,0,True,1785340016178.0,-175.0,0.0,False
42734b28-02d9-5697-be8d-05eb9d168786,1785340016374,sender -> receiver,0,True,1785340016190.0,-184.0,0.0,False
6536eb0f-c11b-567a-8ffc-a3e7095164c3,1785340017299,sender -> receiver,0,True,1785340017085.0,-214.0,0.0,False
304514db-f6fb-5f96-9a42-f8084aceeabd,1785340017303,sender -> receiver,0,True,1785340017115.0,-188.0,0.0,False
ec8c6655-912f-5a01-ac77-e65b3184cc0f,1785340017307,sender -> receiver,0,True,1785340017156.0,-151.0,0.0,False
48b6ec22-fabc-591f-86b1-e0138e1f835c,1785340017311,sender -> receiver,0,True,1785340017170.0,-141.0,0.0,False
c9b68c8c-9361-5055-bdf6-9faa78c467c1,1785340018326,sender -> receiver,0,True,1785340018113.0,-213.0,0.0,False
d9499592-68c8-5bb2-b742-edcdc3011b03,1785340018332,sender -> receiver,0,True,1785340018133.0,-199.0,0.0,False
8bc1c99d-cdc8-5d93-925d-fe6be63abe30,1785340018335,sender -> receiver,0,True,1785340018152.0,-183.0,0.0,False
fe167af7-177c-5272-8a1c-a43417a7671b,1785340018340,sender -> receiver,0,True,1785340018165.0,-175.0,0.0,False
bfa9392d-5fbe-5a8a-8dcc-ad3fdc44fe36,1785340019280,sender -> receiver,0,True,1785340019056.0,-224.0,0.0,False
2dec94d3-36ea-5c25-9e42-e70a8fccdb59,1785340019282,sender -> receiver,0,True,1785340019117.0,-165.0,0.0,False
6f0dbedd-e1bc-583f-8cff-55800232d49e,1785340019284,sender -> receiver,0,True,1785340019136.0,-148.0,0.0,False
dcf6f0b8-93e6-549b-91d8-9fa1ea23909a,1785340019286,sender -> receiver,0,True,1785340019149.0,-137.0,0.0,False
22cc3b80-e7e7-5adc-8429-281d359d92ba,1785340020297,sender -> receiver,0,True,1785340020084.0,-213.0,0.0,False
16c74d35-a13b-5c63-b729-d9cdd5ce7c5a,1785340020302,sender -> receiver,0,True,1785340020097.0,-205.0,0.0,False
757516b6-d06e-5f7c-b1d2-79d19a286103,1785340020305,sender -> receiver,0,True,1785340020107.0,-198.0,0.0,False
4a94c5cd-5c5e-5c3c-aa2d-8cdc9eab04cb,1785340020309,sender -> receiver,0,True,1785340020116.0,-193.0,0.0,False
a6bb85b2-18fb-5911-9cd0-81dbefafdd4b,1785340021331,sender -> receiver,0,True,1785340021122.0,-209.0,0.0,False
21491d83-0468-517e-b119-ffc61b15169d,1785340021338,sender -> receiver,0,True,1785340021145.0,-193.0,0.0,False
22253128-f63b-5685-9eac-ed2a59728760,1785340021348,sender -> receiver,0,True,1785340021179.0,-169.0,0.0,False
77f2eade-a39c-5f6a-a1f6-3a1d7088c392,1785340021369,sender -> receiver,0,True,1785340021191.0,-178.0,0.0,False
f911bbcb-a226-5eb1-909c-766fe84cd059,1785340022326,sender -> receiver,0,True,1785340022127.0,-199.0,0.0,False
399c837b-126b-5612-98ab-bd6eb06ece5b,1785340022331,sender -> receiver,0,True,1785340022161.0,-170.0,0.0,False
9240b005-6971-524f-bfe2-6457bf534d78,1785340022335,sender -> receiver,0,True,1785340022203.0,-132.0,0.0,False
71edcfa0-42d7-56cf-8abe-6ec1db0af3f1,1785340022339,sender -> receiver,0,True,1785340022215.0,-124.0,0.0,False
22251918-8afc-5dad-9041-8cc06389d542,1785340023259,sender -> receiver,0,True,1785340023057.0,-202.0,0.0,False
8c2b1f9f-adb4-5ff3-92a9-40ff94fb7b34,1785340023278,sender -> receiver,0,True,1785340023075.0,-203.0,0.0,False
cd88e230-e5e0-5974-9959-e4b41b8cf085,1785340023281,sender -> receiver,0,True,1785340023088.0,-193.0,0.0,False
4bd779c5-aea0-515b-a58d-eb81cffd9c7d,1785340023283,sender -> receiver,0,True,1785340023100.0,-183.0,0.0,False
0d4425ae-7933-545e-b93f-a38fb1cea27a,1785340024348,sender -> receiver,0,True,1785340024187.0,-161.0,0.0,False
0f99efb0-1941-5b5b-8b9f-6c2ea8c7f7cd,1785340024352,sender -> receiver,0,True,1785340024202.0,-150.0,0.0,False
d2881194-2651-5df6-8ca7-e31513cfb008,1785340024356,sender -> receiver,0,True,1785340024215.0,-141.0,0.0,False
443bc288-3dee-57b7-809e-cc8f59f3b743,1785340024360,sender -> receiver,0,True,1785340024227.0,-133.0,0.0,False
fe72501c-05f3-5b4f-951e-1f2e3a751c6d,1785340025304,sender -> receiver,0,True,1785340025086.0,-218.0,0.0,False
ee9b0f94-74cf-5a85-8f81-539a7f416e92,1785340025308,sender -> receiver,0,True,1785340025109.0,-199.0,0.0,False
58bb36ee-09e0-5b27-823d-9130c04251a6,1785340025312,sender -> receiver,0,True,1785340025127.0,-185.0,0.0,False
3669d28f-2785-5269-862c-2b2285af451c,1785340025316,sender -> receiver,0,True,1785340025146.0,-170.0,0.0,False
b0a5eb75-6b18-527d-a746-a560160fdab1,1785340026263,sender -> receiver,0,True,1785340026117.0,-146.0,0.0,False
c949b3e1-6b9f-5591-9d4e-a50daa1db239,1785340026266,sender -> receiver,0,True,1785340026141.0,-125.0,0.0,False
788ab4ba-4bb8-583f-8e40-08acea39b48c,1785340026269,sender -> receiver,0,True,1785340026155.0,-114.0,0.0,False
fdc87e56-6601-5658-a3d4-a5d0893b78db,1785340026271,sender -> receiver,0,True,1785340026167.0,-104.0,0.0,False
3fdc6236-9630-576b-8f5e-2a4e11f65548,1785340027313,sender -> receiver,0,True,1785340027120.0,-193.0,0.0,False
fa38d3aa-c72a-5581-b8af-f4dd3ba08705,1785340027318,sender -> receiver,0,True,1785340027130.0,-188.0,0.0,False
d6d0197f-cfd9-51f4-84d8-dd5748d57108,1785340027334,sender -> receiver,0,True,1785340027137.0,-197.0,0.0,False
6b4b59d3-8b5d-5182-9bc9-79c09e1af2fa,1785340027337,sender -> receiver,0,True,1785340027149.0,-188.0,0.0,False
5e4b5715-b548-5ffa-ba4c-f613c333f781,1785340028277,sender -> receiver,0,True,1785340028053.0,-224.0,0.0,False
d4673691-adfc-535d-a5eb-2dc28e862140,1785340028280,sender -> receiver,0,True,1785340028110.0,-170.0,0.0,False
aa0fb606-c89c-5fdc-88ec-8674b72bb282,1785340028285,sender -> receiver,0,True,1785340028124.0,-161.0,0.0,False
ecff6d3b-0476-5d29-b30e-73b95f84dfe7,1785340028287,sender -> receiver,0,True,1785340028136.0,-151.0,0.0,False
cb6c8c13-67e1-5d9a-be61-967763d32c8e,1785340029295,sender -> receiver,0,True,1785340029085.0,-210.0,0.0,False
a5e8f7e5-fd86-56dc-8e4c-6a2d557f92f0,1785340029299,sender -> receiver,0,True,1785340029110.0,-189.0,0.0,False
42e0b104-f3fd-510c-a3e9-811c46193c65,1785340029303,sender -> receiver,0,True,1785340029125.0,-178.0,0.0,False
3f8cdff8-1226-5b5d-80e3-c1d34db0e35d,1785340029308,sender -> receiver,0,True,1785340029137.0,-171.0,0.0,False
58d49e58-e12f-5e3c-bf29-e1443f289c60,1785340030304,sender -> receiver,0,True,1785340030088.0,-216.0,0.0,False
54705550-fe63-5bc2-a5ad-ce2df848f338,1785340030309,sender -> receiver,0,True,1785340030135.0,-174.0,0.0,False
68b7fc02-169d-54d6-99fc-fc1fb3349d9f,1785340030312,sender -> receiver,0,True,1785340030156.0,-156.0,0.0,False
2f22e68d-9a6c-539e-bee2-9ba74e0d52a4,1785340030315,sender -> receiver,0,True,1785340030170.0,-145.0,0.0,False
862e676d-7a5a-5bea-874a-810780426d9a,1785340031303,sender -> receiver,0,True,1785340031113.0,-190.0,0.0,False
3b6e2189-800f-5c12-b245-3604029a1e7c,1785340031308,sender -> receiver,0,True,1785340031133.0,-175.0,0.0,False
06eb003c-313e-5c26-a0a6-fd97e15fa90a,1785340031312,sender -> receiver,0,True,1785340031154.0,-158.0,0.0,False
1330a4e3-a4bb-5c5f-b3b5-af255854c0a1,1785340031315,sender -> receiver,0,True,1785340031173.0,-142.0,0.0,False
4469f6ac-5646-516c-aade-52938032b390,1785340032270,sender -> receiver,0,True,1785340032058.0,-212.0,0.0,False
bf949dce-00a1-5328-9ee5-cf708c18f250,1785340032272,sender -> receiver,0,True,1785340032085.0,-187.0,0.0,False
a0658ccf-1798-5eec-9813-9ff522e904bf,1785340032274,sender -> receiver,0,True,1785340032099.0,-175.0,0.0,False
6c2cbf15-b18a-50bf-bd07-eadf01249dc5,1785340032276,sender -> receiver,0,True,1785340032112.0,-164.0,0.0,False
0d2da6ac-7e45-5b70-ab25-f4ee4f23493c,1785340033262,sender -> receiver,0,True,1785340033078.0,-184.0,0.0,False
1b48373e-dea1-5286-8c60-97ff8d9bfa02,1785340033264,sender -> receiver,0,True,1785340033095.0,-169.0,0.0,False
a8ae2446-bba2-5fa5-b3c1-1684bb751ce3,1785340033266,sender -> receiver,0,True,1785340033107.0,-159.0,0.0,False
131e4324-8684-518c-8aee-476d3842d990,1785340033268,sender -> receiver,0,True,1785340033119.0,-149.0,0.0,False
3c96817c-bba3-5c30-9c20-cd522d311907,1785340034319,sender -> receiver,0,True,1785340034130.0,-189.0,0.0,False
4dc0d668-ef9e-51fd-8c71-677bc5fe4820,1785340034322,sender -> receiver,0,True,1785340034193.0,-129.0,0.0,False
f9cd265b-855f-504d-9fb1-65aa321cbb32,1785340034325,sender -> receiver,0,True,1785340034226.0,-99.0,0.0,False
309a1cc0-72bd-568a-8938-d7eb743ba282,1785340034328,sender -> receiver,0,True,1785340034263.0,-65.0,0.0,False
76a407ae-fd78-5984-892f-e7b0d21ff228,1785340074981,sender -> receiver,0,True,1785340074777.0,-204.0,0.0,False
f6d38d27-f827-56b9-b2ca-18306a94ff9c,1785340074998,sender -> receiver,0,True,1785340074795.0,-203.0,0.0,False
5fff5332-12d9-5cd4-98c9-215814e937c1,1785340075000,sender -> receiver,0,True,1785340074814.0,-186.0,0.0,False
0592c3e9-85a2-5b38-bc51-1b304836a13e,1785340075002,sender -> receiver,0,True,1785340074828.0,-174.0,0.0,False
f6f3b9a1-a93d-5cef-a9ff-ac152287ecbc,1785340075989,sender -> receiver,0,True,1785340075770.0,-219.0,0.0,False
e1b7d5ea-d1ba-5640-965a-9a803bfde2a8,1785340075991,sender -> receiver,0,True,1785340075792.0,-199.0,0.0,False
5deab0a6-80a7-5048-a69e-a8fccb41cb82,1785340075993,sender -> receiver,0,True,1785340075811.0,-182.0,0.0,False
4eea2eb9-e8b7-5a2d-bc5b-51873f5635c9,1785340075995,sender -> receiver,0,True,1785340075825.0,-170.0,0.0,False
87609163-620c-535c-80bc-77b256fef7e1,1785340076991,sender -> receiver,0,True,1785340076813.0,-178.0,0.0,False
796a3ce7-0097-5cc9-a86c-690138fd9746,1785340077009,sender -> receiver,0,True,1785340076837.0,-172.0,0.0,False
d8d40d0c-303c-56a5-82ce-4062bd29687c,1785340077012,sender -> receiver,0,True,1785340076855.0,-157.0,0.0,False
ea4b0b0e-88e1-5d2c-a0da-75731e2b9697,1785340077014,sender -> receiver,0,True,1785340076899.0,-115.0,0.0,False
d382ba99-6138-5d95-b5b5-0f7170da170e,1785340078032,sender -> receiver,0,True,1785340077830.0,-202.0,0.0,False
3de6ae8d-4aee-5394-bc1c-cf688086c243,1785340078036,sender -> receiver,0,True,1785340077845.0,-191.0,0.0,False
5059bf04-4b84-5d80-b11d-13391fdc65d0,1785340078040,sender -> receiver,0,True,1785340077856.0,-184.0,0.0,False
93711e4f-a416-5e33-af4c-bc70e5f04db0,1785340078044,sender -> receiver,0,True,1785340077867.0,-177.0,0.0,False
b06a6783-a635-598e-a6d1-aa57dbca7c12,1785340078980,sender -> receiver,0,True,1785340078779.0,-201.0,0.0,False
f62d2757-ac9d-5de0-947f-fe5fabba5fb1,1785340078985,sender -> receiver,0,True,1785340078811.0,-174.0,0.0,False
3545e745-2367-5b0e-8239-89cfbc21f0d2,1785340078989,sender -> receiver,0,True,1785340078846.0,-143.0,0.0,False
035d8e04-e67e-5a7e-97f5-3ed560e38af8,1785340078994,sender -> receiver,0,True,1785340078859.0,-135.0,0.0,False
d54974e1-029d-53f0-9949-3c4fdb3a9f4a,1785340080037,sender -> receiver,0,True,1785340079903.0,-134.0,0.0,False
af4e8dae-47a3-561c-99fe-ff205e1bd037,1785340080041,sender -> receiver,0,True,1785340079923.0,-118.0,0.0,False
fb924508-284c-558f-b5a1-c94e932b3fb1,1785340080045,sender -> receiver,0,True,1785340079944.0,-101.0,0.0,False
c1720d4c-63be-5f57-803d-141ab2ad1b75,1785340080078,sender -> receiver,0,True,1785340079979.0,-99.0,0.0,False
fd2fff32-0c80-526b-89f7-99976937b43c,1785340081016,sender -> receiver,0,True,1785340080799.0,-217.0,0.0,False
889b7118-e0ce-522c-96a3-36910aa79e4e,1785340081022,sender -> receiver,0,True,1785340080818.0,-204.0,0.0,False
751d22d5-909d-5dee-88a9-dee94789c025,1785340081027,sender -> receiver,0,True,1785340080849.0,-178.0,0.0,False
1bd1f4c5-0ec7-5a83-931b-db07625cd333,1785340081978,sender -> receiver,0,True,1785340081782.0,-196.0,0.0,False
904d643e-f414-5e44-a6b4-c2516107b8c6,1785340081985,sender -> receiver,0,True,1785340081804.0,-181.0,0.0,False
81064eba-5a4f-5f5b-b4af-7860366e9bde,1785340081988,sender -> receiver,0,True,1785340081817.0,-171.0,0.0,False
08de86e5-ea3d-57f8-be80-9197f32f0ee8,1785340082001,sender -> receiver,0,True,1785340081828.0,-173.0,0.0,False
a593e967-9371-5715-b27c-25a6ca637b41,1785340083012,sender -> receiver,0,True,1785340082820.0,-192.0,0.0,False
531b35fb-1a69-5535-939b-d51cfb8e3e11,1785340083019,sender -> receiver,0,True,1785340082872.0,-147.0,0.0,False
b209f495-1486-593d-83fa-6ffbbfa509d6,1785340083053,sender -> receiver,0,True,1785340082887.0,-166.0,0.0,False
f9d9d036-6d59-5934-a010-1c16ea285b5f,1785340083056,sender -> receiver,0,True,1785340082903.0,-153.0,0.0,False
45c499b6-8b86-56f6-b517-8e095d101c38,1785340084022,sender -> receiver,0,True,1785340083852.0,-170.0,0.0,False
ecef68f3-4609-5bc7-a8da-a0e6810dc400,1785340084026,sender -> receiver,0,True,1785340083876.0,-150.0,0.0,False
1535b13b-e7d4-528a-aee6-762e53bcbbb8,1785340084030,sender -> receiver,0,True,1785340083893.0,-137.0,0.0,False
27f20817-cc8c-52ee-9ce1-6ae822b8771a,1785340084069,sender -> receiver,0,True,1785340083908.0,-161.0,0.0,False
7157f6b2-02d9-53cd-87bb-6534f7a811dc,1785340085011,sender -> receiver,0,True,1785340084846.0,-165.0,0.0,False
2ee080cf-e2f3-5d5e-b869-08d8ead09efd,1785340085015,sender -> receiver,0,True,1785340084863.0,-152.0,0.0,False
bfb5f329-524d-583f-897a-6994c29895fc,1785340085019,sender -> receiver,0,True,1785340084876.0,-143.0,0.0,False
b2a2ab8e-5e99-5648-b691-6bee0034016b,1785340085024,sender -> receiver,0,True,1785340084891.0,-133.0,0.0,False
f73e246a-d9e3-54f3-abde-5f2be8b1c197,1785340085989,sender -> receiver,0,True,1785340085801.0,-188.0,0.0,False
695ede0b-0849-5bf1-a245-1412073a0ee6,1785340085993,sender -> receiver,0,True,1785340085821.0,-172.0,0.0,False
ee63d426-50e1-5ce1-ac5c-94e85dd0ac12,1785340085995,sender -> receiver,0,True,1785340085836.0,-159.0,0.0,False
5e16ce99-3e7b-5730-90e9-2e466f043651,1785340085998,sender -> receiver,0,True,1785340085858.0,-140.0,0.0,False
ce703c6a-c905-53c7-9de9-30ac0d13970a,1785340087003,sender -> receiver,0,True,1785340086834.0,-169.0,0.0,False
bc3c38d6-0899-57cf-9091-a6e9915abc42,1785340087007,sender -> receiver,0,True,1785340086856.0,-151.0,0.0,False
3c894fb6-ecd8-5705-be46-d8057273b3d4,1785340087011,sender -> receiver,0,True,1785340086876.0,-135.0,0.0,False
185b4f92-b8de-5416-badc-0fcfb6b384c6,1785340088007,sender -> receiver,0,True,1785340087827.0,-180.0,0.0,False
964b23ce-128a-5982-a6c8-38f1fef30d0e,1785340088011,sender -> receiver,0,True,1785340087847.0,-164.0,0.0,False
90c9f6c0-3bf9-5dde-b053-2cefefb7311d,1785340088015,sender -> receiver,0,True,1785340087861.0,-154.0,0.0,False
ad19958a-3fca-5b09-9901-8b957905425e,1785340088052,sender -> receiver,0,True,1785340087872.0,-180.0,0.0,False
e3a23247-ff25-5376-b91c-4dc4514f5865,1785340088989,sender -> receiver,0,True,1785340088795.0,-194.0,0.0,False
a2d2d012-5173-5c11-888b-4465db7e39a3,1785340088993,sender -> receiver,0,True,1785340088817.0,-176.0,0.0,False
c00e6e14-eae5-525a-bee8-882648735654,1785340088997,sender -> receiver,0,True,1785340088826.0,-171.0,0.0,False
a2ba298b-7847-5ead-acbb-2264ee3244db,1785340089002,sender -> receiver,0,True,1785340088835.0,-167.0,0.0,False
917e66ba-ccdf-5034-a011-8aa5eb0281ec,1785340090016,sender -> receiver,0,True,1785340089836.0,-180.0,0.0,False
cd6bcb6f-49e7-5617-af43-f549479f5e39,1785340090021,sender -> receiver,0,True,1785340089857.0,-164.0,0.0,False
1e440729-f2c5-5269-a208-970b3037ff5b,1785340090060,sender -> receiver,0,True,1785340089873.0,-187.0,0.0,False
657573a9-810d-556b-b5a0-bfb8d801de31,1785340090063,sender -> receiver,0,True,1785340089898.0,-165.0,0.0,False
d5962cce-cdeb-509a-bd3a-c6a91b2428bb,1785340090981,sender -> receiver,0,True,1785340090832.0,-149.0,0.0,False
a62e186b-ebff-5fb4-9ad4-ebba5082834d,1785340090985,sender -> receiver,0,True,1785340090852.0,-133.0,0.0,False
53ed90d1-5c04-5f29-8cde-bbfe9d374a7a,1785340090987,sender -> receiver,0,True,1785340090872.0,-115.0,0.0,False
859c443b-52e0-5498-9105-307c77964015,1785340090990,sender -> receiver,0,True,1785340090903.0,-87.0,0.0,False
d34b33da-0ef4-5355-9f2c-617752be0a27,1785340091996,sender -> receiver,0,True,1785340091823.0,-173.0,0.0,False
3730a190-25b7-56c7-8e72-31f60b2faf27,1785340091999,sender -> receiver,0,True,1785340091836.0,-163.0,0.0,False
0709f6c8-fd6b-57ea-b34b-6ee9217df93e,1785340092002,sender -> receiver,0,True,1785340091850.0,-152.0,0.0,False
fbb5c248-058c-50ec-b071-4206d90f955e,1785340092005,sender -> receiver,0,True,1785340091860.0,-145.0,0.0,False
187395ef-97cb-51be-86ba-0286cc06a2c5,1785340092983,sender -> receiver,0,True,1785340092785.0,-198.0,0.0,False
4495b070-12dc-5d8a-919d-ea46d85be228,1785340092985,sender -> receiver,0,True,1785340092806.0,-179.0,0.0,False
277d69fa-d577-53b7-bf4a-34a84351f2c1,1785340092987,sender -> receiver,0,True,1785340092828.0,-159.0,0.0,False
a0c589bf-cac5-5ac9-9d78-486dbfc2fe5e,1785340092990,sender -> receiver,0,True,1785340092843.0,-147.0,0.0,False
a896c881-2a21-5923-ac08-bf09161398a7,1785340094015,sender -> receiver,0,True,1785340093795.0,-220.0,0.0,False
99cf2629-f1c0-513a-901e-1aabe643d6e6,1785340094019,sender -> receiver,0,True,1785340093843.0,-176.0,0.0,False
8299bf9b-b6c3-567f-8057-1e6088e41116,1785340094026,sender -> receiver,0,True,1785340093927.0,-99.0,0.0,False
d89643f8-c1b2-5fac-9caf-4fb118d6d786,1785340094983,sender -> receiver,0,True,1785340094836.0,-147.0,0.0,False
5fe4d6d0-9612-5448-88df-da9ccf2e0111,1785340094986,sender -> receiver,0,True,1785340094855.0,-131.0,0.0,False
2f9dafac-2f3a-5b84-9986-b758edd8dc6f,1785340094988,sender -> receiver,0,True,1785340094867.0,-121.0,0.0,False
6d0ff68a-b9cc-5cab-8284-ca6aec8bd55e,1785340094990,sender -> receiver,0,True,1785340094896.0,-94.0,0.0,False
9334dcc7-b721-5a1a-a276-ea14b8fb0b20,1785340095991,sender -> receiver,0,True,1785340095791.0,-200.0,0.0,False
39cbb365-b7c4-5221-b07b-2b385d7a7b00,1785340095994,sender -> receiver,0,True,1785340095812.0,-182.0,0.0,False
beb67025-beac-58d2-9586-9d7a6093d5cc,1785340095996,sender -> receiver,0,True,1785340095828.0,-168.0,0.0,False
e6122ef9-22a3-5494-a868-37ae74e98450,1785340096019,sender -> receiver,0,True,1785340095840.0,-179.0,0.0,False
8a5c7410-6889-555f-8489-d6218b739f52,1785340097045,sender -> receiver,0,True,1785340096852.0,-193.0,0.0,False
a84d4e14-9b08-5b91-bc69-f445f80b8e60,1785340097049,sender -> receiver,0,True,1785340096864.0,-185.0,0.0,False
f9e3cc88-cbf6-5053-a851-6b49c4cc2969,1785340097054,sender -> receiver,0,True,1785340096874.0,-180.0,0.0,False
d5611dec-c225-5f17-b17d-4222b66a1196,1785340097058,sender -> receiver,0,True,1785340096884.0,-174.0,0.0,False
96baf379-f030-5eee-b705-451811cbcfe1,1785340097992,sender -> receiver,0,True,1785340097816.0,-176.0,0.0,False
a7c65b7a-1404-5c11-adc1-f92e1435d6c6,1785340097996,sender -> receiver,0,True,1785340097831.0,-165.0,0.0,False
92566180-7868-58cc-bde4-4f7dc35dc60b,1785340098002,sender -> receiver,0,True,1785340097844.0,-158.0,0.0,False
63e0e483-2180-51f4-8b85-0db3ff6b5189,1785340098028,sender -> receiver,0,True,1785340097866.0,-162.0,0.0,False
d3276c6c-92ad-5ad6-9607-7001ab8cea1f,1785340099004,sender -> receiver,0,True,1785340098793.0,-211.0,0.0,False
18d49241-795a-5178-9c29-57f03bfca1d0,1785340099009,sender -> receiver,0,True,1785340098816.0,-193.0,0.0,False
2845e173-974d-555e-8661-4368401dc130,1785340099012,sender -> receiver,0,True,1785340098829.0,-183.0,0.0,False
b5bcad23-d1bc-52b9-b6be-7f92263e1e03,1785340099018,sender -> receiver,0,True,1785340098842.0,-176.0,0.0,False
cd2ca066-422e-5ef4-9441-74cb66634134,1785340100025,sender -> receiver,0,True,1785340099848.0,-177.0,0.0,False
62b4b745-143a-5e2a-bfd3-6a42d98744b1,1785340100031,sender -> receiver,0,True,1785340099860.0,-171.0,0.0,False
3c7a62c4-118e-5aa2-9fd3-ee6e9d6573ba,1785340100075,sender -> receiver,0,True,1785340099871.0,-204.0,0.0,False
b61769b9-ab47-57a7-af2a-38ba3d440444,1785340146723,sender -> receiver,0,True,1785340146524.0,-199.0,0.0,False
a68d36c9-85f9-55e5-8467-4de0c576fd2d,1785340146728,sender -> receiver,0,True,1785340146546.0,-182.0,0.0,False
ce7b0395-a2ea-5f85-a095-02200f314f9c,1785340146731,sender -> receiver,0,True,1785340146568.0,-163.0,0.0,False
acc9ba07-fa99-540b-801e-98209a72f757,1785340146735,sender -> receiver,0,True,1785340146599.0,-136.0,0.0,False
a3275f64-86d2-5110-9ec5-1d140820daa4,1785340146755,sender -> receiver,0,True,1785340146610.0,-145.0,0.0,False
be2ba391-98d1-51d6-b6aa-851065dbe151,1785340146759,sender -> receiver,0,True,1785340146620.0,-139.0,0.0,False
1323a4e6-8f92-57cd-8aec-5697ac6fdf6c,1785340147741,sender -> receiver,0,True,1785340147550.0,-191.0,0.0,False
361d03b2-eda1-56eb-91b4-b32ef1d2604d,1785340147743,sender -> receiver,0,True,1785340147576.0,-167.0,0.0,False
627c9336-533a-5c25-94b9-01636d7d8fa5,1785340147747,sender -> receiver,0,True,1785340147594.0,-153.0,0.0,False
f598d7b4-3fe4-571b-a7a4-d6e8d234e090,1785340147765,sender -> receiver,0,True,1785340147608.0,-157.0,0.0,False
e9cbf4d4-19b8-55ef-8595-b63adaaabaa2,1785340147769,sender -> receiver,0,True,1785340147631.0,-138.0,0.0,False
5e0f2322-12ff-5d43-97f2-652f1c86cfe0,1785340148749,sender -> receiver,0,True,1785340148557.0,-192.0,0.0,False
14a6dfb4-33a5-5351-8d6e-fa435e9ee4c5,1785340148753,sender -> receiver,0,True,1785340148574.0,-179.0,0.0,False
7888a80d-0984-5f53-8aab-ba86854060f4,1785340148758,sender -> receiver,0,True,1785340148619.0,-139.0,0.0,False
846e91bd-ee6b-57a6-92aa-57fb9b7211b5,1785340148762,sender -> receiver,0,True,1785340148639.0,-123.0,0.0,False
a9b0a944-7c51-5824-8229-e5bcc4b447dc,1785340148782,sender -> receiver,0,True,1785340148659.0,-123.0,0.0,False
5a16c138-df3a-56a7-b95e-ee01f7f59e69,1785340149721,sender -> receiver,0,True,1785340149532.0,-189.0,0.0,False
19b78177-4820-5890-9161-afffb0f1539a,1785340149725,sender -> receiver,0,True,1785340149559.0,-166.0,0.0,False
5f035aa9-6a31-5dba-8e43-33e358825e31,1785340149728,sender -> receiver,0,True,1785340149577.0,-151.0,0.0,False
64aff573-c8db-5432-b0c7-21e8a23a1d54,1785340149731,sender -> receiver,0,True,1785340149590.0,-141.0,0.0,False
f8070ce9-7a0a-5b66-b089-0948e8dea082,1785340149734,sender -> receiver,0,True,1785340149613.0,-121.0,0.0,False
d5673ec7-d162-5bc8-bc7a-8d4edba01aa2,1785340149737,sender -> receiver,0,True,1785340149623.0,-114.0,0.0,False
008252f5-5e29-5d97-a70e-8f20c88fc61f,1785340150694,sender -> receiver,0,True,1785340150503.0,-191.0,0.0,False
3b705b12-897a-58ec-9bb9-176985e69fdf,1785340150696,sender -> receiver,0,True,1785340150527.0,-169.0,0.0,False
bab851c2-6d97-5e18-80c3-37119c1730c5,1785340150699,sender -> receiver,0,True,1785340150548.0,-151.0,0.0,False
01171c6b-ec11-5e6a-b1ca-8f3fe8a33bb5,1785340150721,sender -> receiver,0,True,1785340150572.0,-149.0,0.0,False
ab480ac2-fd17-5dde-a582-664a629455b7,1785340150724,sender -> receiver,0,True,1785340150583.0,-141.0,0.0,False
4733c3ec-2a46-5583-bb05-89c5d6c0790b,1785340151736,sender -> receiver,0,True,1785340151557.0,-179.0,0.0,False
37c217d5-3756-5269-8511-c18bd102e7e8,1785340151741,sender -> receiver,0,True,1785340151584.0,-157.0,0.0,False
2290a3b0-5cd6-5415-86b0-5da4bee6b273,1785340151744,sender -> receiver,0,True,1785340151597.0,-147.0,0.0,False
8be54c2e-b60c-5d3b-ac75-7b8b50240629,1785340151746,sender -> receiver,0,True,1785340151610.0,-136.0,0.0,False
70ff4911-b4fe-5e74-b84e-e91e8a0de941,1785340151759,sender -> receiver,0,True,1785340151632.0,-127.0,0.0,False
8bbf45e4-f42a-5727-986a-f712c88d8d93,1785340152687,sender -> receiver,0,True,1785340152515.0,-172.0,0.0,False
c210bad4-48ed-56a7-8d95-e441423a8c64,1785340152689,sender -> receiver,0,True,1785340152548.0,-141.0,0.0,False
571c1d64-d76b-53c6-ae92-486659168ed7,1785340152692,sender -> receiver,0,True,1785340152571.0,-121.0,0.0,False
60b418f9-788a-5537-9ffc-1c770bd8bb2f,1785340152693,sender -> receiver,0,True,1785340152610.0,-83.0,0.0,False
4e6b6aa6-3cd6-5d94-b479-e7329b89b058,1785340152702,sender -> receiver,0,True,1785340152627.0,-75.0,0.0,False
ca0c35bd-139e-5ce4-9f68-3b9a5e2a972b,1785340153681,sender -> receiver,0,True,1785340153493.0,-188.0,0.0,False
0b4bc6fc-d8e3-597d-b9c4-7ab981ceca5d,1785340153684,sender -> receiver,0,True,1785340153521.0,-163.0,0.0,False
ea3f58d2-6147-5aae-9b75-320aae0413db,1785340153686,sender -> receiver,0,True,1785340153548.0,-138.0,0.0,False
3299c2fa-a08b-55c7-84be-6e001916a756,1785340153692,sender -> receiver,0,True,1785340153567.0,-125.0,0.0,False
6696676f-7f31-5e00-bac3-5b5c8c20e8f0,1785340153707,sender -> receiver,0,True,1785340153600.0,-107.0,0.0,False
2deca66d-27f7-58a8-a6ae-7cd91f063d26,1785340153709,sender -> receiver,0,True,1785340153613.0,-96.0,0.0,False
f9f85dff-64e9-5ba4-985c-74f1e7b79995,1785340154695,sender -> receiver,0,True,1785340154508.0,-187.0,0.0,False
4b5d35d0-1e04-5d9a-9500-87842381f99e,1785340154697,sender -> receiver,0,True,1785340154530.0,-167.0,0.0,False
ab428f44-6b24-5d0f-a241-7f11b8da29da,1785340154699,sender -> receiver,0,True,1785340154545.0,-154.0,0.0,False
fe0db323-aae5-59e4-a7cf-057e1312566e,1785340154701,sender -> receiver,0,True,1785340154560.0,-141.0,0.0,False
45de0cc0-5f03-5bf5-9616-3861bfe844ea,1785340154703,sender -> receiver,0,True,1785340154580.0,-123.0,0.0,False
953b7f85-3688-5b25-848b-214c60d6751b,1785340155679,sender -> receiver,0,True,1785340155497.0,-182.0,0.0,False
1efd18e8-03cc-5538-8d2b-a2a019103805,1785340155681,sender -> receiver,0,True,1785340155508.0,-173.0,0.0,False
561c93b0-1e9c-5ce1-b8f8-712cb97d4efc,1785340155683,sender -> receiver,0,True,1785340155517.0,-166.0,0.0,False
d62592a2-24f7-536b-8016-7a60407e3b74,1785340155686,sender -> receiver,0,True,1785340155530.0,-156.0,0.0,False
ad134b7e-06f3-51c7-b2d9-64cd5bdbca85,1785340155687,sender -> receiver,0,True,1785340155543.0,-144.0,0.0,False
c8a3d2af-b670-5a29-bb77-915fae7efd26,1785340156729,sender -> receiver,0,True,1785340156566.0,-163.0,0.0,False
88dc9dae-8785-541b-b761-a1b1fbd5ab98,1785340156732,sender -> receiver,0,True,1785340156604.0,-128.0,0.0,False
d438b834-ca7a-5815-9c63-5bdc1331a7ed,1785340156734,sender -> receiver,0,True,1785340156630.0,-104.0,0.0,False
1e556f6a-12bd-5b3a-8dc6-305559f5ce89,1785340156736,sender -> receiver,0,True,1785340156649.0,-87.0,0.0,False
038184b4-1560-51e4-866f-218551c45aa9,1785340156739,sender -> receiver,0,True,1785340156681.0,-58.0,0.0,False
3bf77cfb-655a-5bc4-8e91-940335a3d93f,1785340157721,sender -> receiver,0,True,1785340157544.0,-177.0,0.0,False
eccb5fdd-bfb2-5e8e-95ae-b5e6a7c87005,1785340157725,sender -> receiver,0,True,1785340157568.0,-157.0,0.0,False
b9965110-d53c-5dcf-a0cc-45f958b89445,1785340157728,sender -> receiver,0,True,1785340157576.0,-152.0,0.0,False
bd56a079-6765-594b-846e-f57200b35223,1785340157731,sender -> receiver,0,True,1785340157584.0,-147.0,0.0,False
d3214b99-40b2-589c-84b5-46689b9243a6,1785340157733,sender -> receiver,0,True,1785340157602.0,-131.0,0.0,False
14e201cc-434e-549e-837f-aaf25457c1e4,1785340157736,sender -> receiver,0,True,1785340157616.0,-120.0,0.0,False
877b975a-8556-54dc-8019-2387b25cc6dd,1785340158692,sender -> receiver,0,True,1785340158532.0,-160.0,0.0,False
9226f626-fef8-5f60-b02b-7f1a91a2158a,1785340158695,sender -> receiver,0,True,1785340158565.0,-130.0,0.0,False
9ed20e4e-0e6f-5560-8ae7-4918a3b195f5,1785340158697,sender -> receiver,0,True,1785340158579.0,-118.0,0.0,False
277dbbe1-0749-5d32-bd85-4d790dff0252,1785340158699,sender -> receiver,0,True,1785340158601.0,-98.0,0.0,False
e70b34d1-83e2-5547-9b43-68bf2bee1bea,1785340158701,sender -> receiver,0,True,1785340158613.0,-88.0,0.0,False
5fc56a9a-1efa-5c7e-992b-8755c9e35bd0,1785340159675,sender -> receiver,0,True,1785340159477.0,-198.0,0.0,False
0ecaa3b2-eb6c-5e45-a27a-c8348147bd9e,1785340159677,sender -> receiver,0,True,1785340159498.0,-179.0,0.0,False
a226c02f-ec1a-5afb-a22e-6373ba34efe4,1785340159679,sender -> receiver,0,True,1785340159517.0,-162.0,0.0,False
721968c8-b006-5ea7-9319-5f21a569bfb7,1785340159694,sender -> receiver,0,True,1785340159530.0,-164.0,0.0,False
69751450-4ac7-5b3d-960c-1a6cb0ff495d,1785340159696,sender -> receiver,0,True,1785340159553.0,-143.0,0.0,False
2e8b53c8-94ef-5af1-8ef6-3fd2699959fa,1785340160714,sender -> receiver,0,True,1785340160522.0,-192.0,0.0,False
de3479e2-713a-546f-afa3-8e7055b8c207,1785340160716,sender -> receiver,0,True,1785340160534.0,-182.0,0.0,False
d00ea38d-7d8f-5b50-8428-d498375a15ce,1785340160719,sender -> receiver,0,True,1785340160574.0,-145.0,0.0,False
3b38f274-b9ad-5eba-a699-fb38ec157c3a,1785340160722,sender -> receiver,0,True,1785340160609.0,-113.0,0.0,False
68511ed1-ad28-5a9a-b0e3-d7fc011ebf8d,1785340160725,sender -> receiver,0,True,1785340160622.0,-103.0,0.0,False
8ab9d287-b059-5bea-81ef-af47aeacfdbf,1785340161746,sender -> receiver,0,True,1785340161594.0,-152.0,0.0,False
afb37c4e-f77a-5663-ad1f-35d845885c64,1785340161752,sender -> receiver,0,True,1785340161616.0,-136.0,0.0,False
654ce8d3-50fa-52f2-bfb9-55fadfda039b,1785340161756,sender -> receiver,0,True,1785340161630.0,-126.0,0.0,False
3061a7bf-3552-532f-907d-6231f551d355,1785340161776,sender -> receiver,0,True,1785340161642.0,-134.0,0.0,False
cc9b5705-b417-593c-a293-96252b51c96c,1785340161779,sender -> receiver,0,True,1785340161665.0,-114.0,0.0,False
0477676e-a50d-5ccb-8af3-37e2c127f7a2,1785340161781,sender -> receiver,0,True,1785340161676.0,-105.0,0.0,False
1e2ac8f9-8bcc-517f-8b1b-39d2ee3b80ec,1785340162700,sender -> receiver,0,True,1785340162514.0,-186.0,0.0,False
d6155ecc-4b49-5840-be25-3f132db8b199,1785340162703,sender -> receiver,0,True,1785340162523.0,-180.0,0.0,False
219e6e28-58a8-5dbd-9bf9-8b03b84cb3d6,1785340162704,sender -> receiver,0,True,1785340162529.0,-175.0,0.0,False
3fabce4b-24c7-55a1-b779-24e1e43d447f,1785340162706,sender -> receiver,0,True,1785340162543.0,-163.0,0.0,False
558e2cd2-0c9b-5cbb-95d0-3e3fbadb774b,1785340162708,sender -> receiver,0,True,1785340162554.0,-154.0,0.0,False
847fcd49-2800-5e4b-ab08-aea14efcaa1a,1785340163689,sender -> receiver,0,True,1785340163483.0,-206.0,0.0,False
60153add-662c-5a36-8176-2e779e22fd9d,1785340163692,sender -> receiver,0,True,1785340163512.0,-180.0,0.0,False
9119c82e-332a-5dfb-8843-0744e50cc97e,1785340163694,sender -> receiver,0,True,1785340163525.0,-169.0,0.0,False
27e1cb20-6797-5b51-aa8b-f21b315cfe80,1785340163696,sender -> receiver,0,True,1785340163537.0,-159.0,0.0,False
9829eba8-1a79-5ad2-afaa-5e80c665ecd9,1785340163710,sender -> receiver,0,True,1785340163560.0,-150.0,0.0,False
88599411-5822-54e0-b567-b20c242087e3,1785340164707,sender -> receiver,0,True,1785340164534.0,-173.0,0.0,False
b2ec8b20-b5b1-5c69-8556-8a2f3ffba41d,1785340164709,sender -> receiver,0,True,1785340164546.0,-163.0,0.0,False
3b0ea19f-152e-5ea1-89ef-05ab2c221d08,1785340164711,sender -> receiver,0,True,1785340164559.0,-152.0,0.0,False
4c07ba69-e01f-5033-bea4-aef38a6bf4a2,1785340164713,sender -> receiver,0,True,1785340164580.0,-133.0,0.0,False
0f132da8-51f9-5c39-aad3-5321825e5a1a,1785340164715,sender -> receiver,0,True,1785340164619.0,-96.0,0.0,False
83519c3d-2b97-5ab7-a345-1f34a456afe5,1785340214995,sender -> receiver,0,True,1785340214906.0,-89.0,0.0,False
1410e8ba-bb30-5489-bb20-8e72129f3897,1785340214998,sender -> receiver,0,True,1785340214916.0,-82.0,0.0,False
83becc03-334b-5d91-aff5-236d40f40c9d,1785340215000,sender -> receiver,0,True,1785340214925.0,-75.0,0.0,False
6e0078a6-6e5d-5503-a616-9e347d5dd444,1785340215002,sender -> receiver,0,True,1785340214944.0,-58.0,0.0,False
2eae2777-b8d7-5dbc-93df-71b53a37f932,1785340215004,sender -> receiver,0,True,1785340214953.0,-51.0,0.0,False
d15fb192-f801-576a-9539-97029008a898,1785340215006,sender -> receiver,0,True,1785340214962.0,-44.0,0.0,False
3697841d-f06b-54e3-b589-443a4619b9c4,1785340215032,sender -> receiver,0,True,1785340214971.0,-61.0,0.0,False
69cd3fc6-0b73-5517-a088-e6a92dafcedc,1785340215930,sender -> receiver,0,True,1785340215713.0,-217.0,0.0,False
2a48265a-c0a9-567e-a3f7-21281174698c,1785340215937,sender -> receiver,0,True,1785340215760.0,-177.0,0.0,False
10701345-3a30-531b-8a96-5c17e284d1f9,1785340215939,sender -> receiver,0,True,1785340215790.0,-149.0,0.0,False
b7a3abcc-6c3d-5ed9-83d3-0c534b0032a7,1785340215941,sender -> receiver,0,True,1785340215836.0,-105.0,0.0,False
9b6b59ff-694b-58d6-946c-517790fce761,1785340215944,sender -> receiver,0,True,1785340215850.0,-94.0,0.0,False
b99b01e6-ff00-58bf-be40-f2b628f5d515,1785340215947,sender -> receiver,0,True,1785340215861.0,-86.0,0.0,False
08faf0b1-508d-5830-99ec-3b3c8cff177d,1785340216935,sender -> receiver,0,True,1785340216749.0,-186.0,0.0,False
33839c70-080b-5060-86b7-1e9222de162b,1785340216936,sender -> receiver,0,True,1785340216775.0,-161.0,0.0,False
11f8bf51-1ef2-502e-a304-e7d18cae5a93,1785340216937,sender -> receiver,0,True,1785340216799.0,-138.0,0.0,False
c7488e98-a39f-59e4-9f89-3622572067ee,1785340216937,sender -> receiver,0,True,1785340216814.0,-123.0,0.0,False
e0d52686-dd56-57f0-9a34-7b3afc24532e,1785340216938,sender -> receiver,0,True,1785340216848.0,-90.0,0.0,False
73ddddd7-b721-5934-9298-ecc4fdbe4326,1785340216938,sender -> receiver,0,True,1785340216857.0,-81.0,0.0,False
3c5f2fd4-99dc-5f5c-910c-2564799530a6,1785340217907,sender -> receiver,0,True,1785340217690.0,-217.0,0.0,False
97947f7b-856b-5ac1-9958-c08a9754cf39,1785340217923,sender -> receiver,0,True,1785340217704.0,-219.0,0.0,False
dec787e5-4b27-5059-9847-3cd1ce81a543,1785340217926,sender -> receiver,0,True,1785340217747.0,-179.0,0.0,False
d3a74eab-d6be-517e-86a3-e74210c8106e,1785340217928,sender -> receiver,0,True,1785340217794.0,-134.0,0.0,False
9a6d43b8-3986-5d05-83c4-c45e409f1302,1785340217930,sender -> receiver,0,True,1785340217807.0,-123.0,0.0,False
50e02b1c-ea1e-5392-a705-0ab5b06a5dea,1785340217933,sender -> receiver,0,True,1785340217819.0,-114.0,0.0,False
640b7c9a-bdcb-514c-8410-77cee77d6915,1785340218972,sender -> receiver,0,True,1785340218794.0,-178.0,0.0,False
b60e89e5-5e49-5275-9f9d-8c868c663dff,1785340218975,sender -> receiver,0,True,1785340218814.0,-161.0,0.0,False
ef1810f2-af0f-57c1-bf02-2f8c568fe9e5,1785340218977,sender -> receiver,0,True,1785340218828.0,-149.0,0.0,False
2c2e0727-ce61-500d-a92b-6456d08e002c,1785340218980,sender -> receiver,0,True,1785340218841.0,-139.0,0.0,False
738a60c7-4abc-558d-9bca-7539573b2c1f,1785340218983,sender -> receiver,0,True,1785340218863.0,-120.0,0.0,False
3bc8f6a2-f5da-576b-a11a-5716eb44ff70,1785340218985,sender -> receiver,0,True,1785340218874.0,-111.0,0.0,False
22e75507-f8fb-5d2d-a97a-80ecb1418cf9,1785340218988,sender -> receiver,0,True,1785340218884.0,-104.0,0.0,False
55c23b98-7a06-579e-9067-10b92212b161,1785340219984,sender -> receiver,0,True,1785340219818.0,-166.0,0.0,False
60e8cf75-ec17-535e-ba1a-0802ace9aaa5,1785340219986,sender -> receiver,0,True,1785340219833.0,-153.0,0.0,False
96cbac55-7892-5aa8-886f-ab9d9c419073,1785340219989,sender -> receiver,0,True,1785340219845.0,-144.0,0.0,False
49e73b76-c20f-5ea8-b04b-12ab05466624,1785340219991,sender -> receiver,0,True,1785340219858.0,-133.0,0.0,False
4d332db9-4fbb-5a2e-abef-e7d0161ee5f4,1785340219993,sender -> receiver,0,True,1785340219869.0,-124.0,0.0,False
a9da5242-5c6f-5d2c-a339-0d00ded5c6e3,1785340219995,sender -> receiver,0,True,1785340219888.0,-107.0,0.0,False
a569bf01-aac3-5a8d-b200-19660701bd98,1785340220989,sender -> receiver,0,True,1785340220819.0,-170.0,0.0,False
dd2b398a-6a6c-511f-b558-5fcc8797eac0,1785340220996,sender -> receiver,0,True,1785340220835.0,-161.0,0.0,False
fbde0f3f-4d85-5268-83b8-358812342dc9,1785340221000,sender -> receiver,0,True,1785340220849.0,-151.0,0.0,False
dd408341-50f3-5adc-b037-3c1d6a175c07,1785340221003,sender -> receiver,0,True,1785340220863.0,-140.0,0.0,False
c277c3a4-a2bc-5d33-8e87-58b529700da4,1785340221028,sender -> receiver,0,True,1785340220883.0,-145.0,0.0,False
17cb8633-fc0f-5f7f-8b9e-d4446eff2afb,1785340221031,sender -> receiver,0,True,1785340220892.0,-139.0,0.0,False
2271f06c-cf04-5014-874f-59d6985782ac,1785340221969,sender -> receiver,0,True,1785340221788.0,-181.0,0.0,False
d0bcad70-fb65-51ec-a339-8a8208f734d9,1785340221972,sender -> receiver,0,True,1785340221803.0,-169.0,0.0,False
303f2144-3136-5364-99a2-a9e8e779cde7,1785340221974,sender -> receiver,0,True,1785340221814.0,-160.0,0.0,False
4fbd0740-e81f-5e7c-8d2d-194fca13090c,1785340221976,sender -> receiver,0,True,1785340221824.0,-152.0,0.0,False
efe1f92b-369a-5cca-9f2f-1c38aaa4e6a2,1785340221978,sender -> receiver,0,True,1785340221846.0,-132.0,0.0,False
313f3792-26c0-5fac-9cb0-4e2556c4a212,1785340221980,sender -> receiver,0,True,1785340221856.0,-124.0,0.0,False
8dce4ace-a035-58fb-976e-1ebefbb69216,1785340222934,sender -> receiver,0,True,1785340222722.0,-212.0,0.0,False
9f8443a6-91ed-5451-8dee-2a817407e133,1785340222936,sender -> receiver,0,True,1785340222756.0,-180.0,0.0,False
6d347c7a-c721-5b07-a164-b21f37ca08bb,1785340222937,sender -> receiver,0,True,1785340222768.0,-169.0,0.0,False
07d88666-9da0-5661-801e-4f4aced20fc6,1785340222939,sender -> receiver,0,True,1785340222778.0,-161.0,0.0,False
c672c55a-2dc0-5353-819e-a0021e88fb8a,1785340222941,sender -> receiver,0,True,1785340222807.0,-134.0,0.0,False
a0450221-7e18-5057-91f5-5965c554abc6,1785340222943,sender -> receiver,0,True,1785340222816.0,-127.0,0.0,False
a3b740f7-3ff7-5039-b1fa-118df3b25a3d,1785340222955,sender -> receiver,0,True,1785340222826.0,-129.0,0.0,False
53240cee-8048-512a-8e24-2a6f8875ad26,1785340223949,sender -> receiver,0,True,1785340223786.0,-163.0,0.0,False
0922020b-dcd4-557d-b40e-69ee28814095,1785340223952,sender -> receiver,0,True,1785340223805.0,-147.0,0.0,False
1497152d-11a7-5dcd-a273-79ab53256c5d,1785340223954,sender -> receiver,0,True,1785340223820.0,-134.0,0.0,False
024d34b1-6e46-50ed-b4a7-b05a29192910,1785340223958,sender -> receiver,0,True,1785340223833.0,-125.0,0.0,False
5bc1175b-827b-5c7b-96ab-decdef088d7a,1785340223976,sender -> receiver,0,True,1785340223855.0,-121.0,0.0,False
ecc9636d-693a-543b-a89d-449cfb4ee7e7,1785340223980,sender -> receiver,0,True,1785340223866.0,-114.0,0.0,False
1aeaa90b-1ba6-5e37-84ff-df3a3b360ef9,1785340224938,sender -> receiver,0,True,1785340224772.0,-166.0,0.0,False
d876e90b-8e05-5686-ae6c-b107f65ef93d,1785340224940,sender -> receiver,0,True,1785340224782.0,-158.0,0.0,False
4bce758e-1618-555a-8d88-af183def7d5c,1785340224942,sender -> receiver,0,True,1785340224790.0,-152.0,0.0,False
66cd4c6f-e2f9-54d5-af6f-9b1bb775d9e8,1785340224944,sender -> receiver,0,True,1785340224805.0,-139.0,0.0,False
6ddf2ce0-6aaf-50e0-b151-dbe94f389041,1785340224946,sender -> receiver,0,True,1785340224815.0,-131.0,0.0,False
e441f4d1-643c-5887-80c3-f1b4c4c95d98,1785340224948,sender -> receiver,0,True,1785340224825.0,-123.0,0.0,False
45696073-f79a-5c30-bb11-5df42d812d5a,1785340225952,sender -> receiver,0,True,1785340225774.0,-178.0,0.0,False
cd59d966-3680-5ea1-a9b0-7e559067ab92,1785340225956,sender -> receiver,0,True,1785340225786.0,-170.0,0.0,False
fa3cbdb6-ac28-595d-9c8f-a21a020867b9,1785340225958,sender -> receiver,0,True,1785340225798.0,-160.0,0.0,False
8df188ac-8591-5d1d-aabc-db977966ff25,1785340225961,sender -> receiver,0,True,1785340225810.0,-151.0,0.0,False
1ca20525-a57e-5f20-9d8b-7c0f59c9478c,1785340225964,sender -> receiver,0,True,1785340225820.0,-144.0,0.0,False
568de752-f50f-5e3d-a0d7-96afa084ac14,1785340225966,sender -> receiver,0,True,1785340225838.0,-128.0,0.0,False
4a4d91cb-ac23-5f2a-8184-aa8e14f4a838,1785340226980,sender -> receiver,0,True,1785340226820.0,-160.0,0.0,False
78efcebd-fbda-5df4-82fd-7a5316adecb3,1785340226984,sender -> receiver,0,True,1785340226843.0,-141.0,0.0,False
2086529b-fd9e-52df-a37b-d4b0fa7dfca8,1785340226987,sender -> receiver,0,True,1785340226854.0,-133.0,0.0,False
7185739a-1cb1-5dbc-b042-776facaa5df5,1785340226989,sender -> receiver,0,True,1785340226865.0,-124.0,0.0,False
3d7fe5d0-fe48-562e-ab91-6a10e80b5ef2,1785340226991,sender -> receiver,0,True,1785340226884.0,-107.0,0.0,False
df004b85-8b28-50a2-aee2-19ede6547faa,1785340226993,sender -> receiver,0,True,1785340226894.0,-99.0,0.0,False
d0d34225-a4ac-552a-a451-8356fa5728c3,1785340226995,sender -> receiver,0,True,1785340226904.0,-91.0,0.0,False
4ae1bec9-7e76-52c4-b79c-bcd6c97a2de9,1785340227923,sender -> receiver,0,True,1785340227730.0,-193.0,0.0,False
353863a9-7423-51b6-9cf9-f85ae65086a6,1785340227925,sender -> receiver,0,True,1785340227760.0,-165.0,0.0,False
382954f2-91cc-5657-9f8f-a6447610c212,1785340227929,sender -> receiver,0,True,1785340227814.0,-115.0,0.0,False
408b0a5a-d7aa-55f2-b6eb-402aa5d90523,1785340227930,sender -> receiver,0,True,1785340227843.0,-87.0,0.0,False
9437190f-c90f-515e-b566-a318a0a8d6de,1785340227932,sender -> receiver,0,True,1785340227857.0,-75.0,0.0,False
1384898c-9305-5ddd-8dc7-563d61efc0ed,1785340227933,sender -> receiver,0,True,1785340227879.0,-54.0,0.0,False
1ef5caba-ea9a-5f42-aef7-c919ed4c5e7d,1785340228931,sender -> receiver,0,True,1785340228719.0,-212.0,0.0,False
5c101894-af2d-5d44-a694-9e537ba94b17,1785340228933,sender -> receiver,0,True,1785340228792.0,-141.0,0.0,False
33ba94a7-b653-580a-8c48-df275336be93,1785340228937,sender -> receiver,0,True,1785340228809.0,-128.0,0.0,False
4a02da87-ee98-5b9a-af87-e5d82a6b7b90,1785340228939,sender -> receiver,0,True,1785340228824.0,-115.0,0.0,False
eecb689d-8064-5fd9-ba61-a36726a3ff79,1785340228941,sender -> receiver,0,True,1785340228836.0,-105.0,0.0,False
70107558-f01b-5d16-8317-439870270f9e,1785340228944,sender -> receiver,0,True,1785340228848.0,-96.0,0.0,False
371aa8dd-e6ea-5052-ae4d-7b71bf09c156,1785340229958,sender -> receiver,0,True,1785340229742.0,-216.0,0.0,False
85c7d958-63a1-5fcc-8752-858189d1b01b,1785340229961,sender -> receiver,0,True,1785340229794.0,-167.0,0.0,False
b21d4b81-3f5a-5cff-a429-bef1ca2b906a,1785340229964,sender -> receiver,0,True,1785340229808.0,-156.0,0.0,False
ef299682-bed4-5971-bd95-da928accfaea,1785340229967,sender -> receiver,0,True,1785340229822.0,-145.0,0.0,False
d78a00cd-4f8a-54b2-959f-9f15644779e0,1785340229982,sender -> receiver,0,True,1785340229832.0,-150.0,0.0,False
b75c79cd-4c51-5176-8aa6-a2a516f25636,1785340229985,sender -> receiver,0,True,1785340229853.0,-132.0,0.0,False
d895c749-a84b-5172-b170-009db042321c,1785340272154,sender -> receiver,0,True,1785340271926.0,-228.0,0.0,False
17f4cdeb-8aab-5c42-8ca2-adc516108ada,1785340272157,sender -> receiver,0,True,1785340271956.0,-201.0,0.0,False
263fadb3-a394-5b95-a0eb-136723958253,1785340272159,sender -> receiver,0,True,1785340271976.0,-183.0,0.0,False
2f8cad52-4141-51fd-a528-06a5adbcab23,1785340272172,sender -> receiver,0,True,1785340272002.0,-170.0,0.0,False
3c930ce3-2a26-5303-9e0c-a87d5a7f6991,1785340272174,sender -> receiver,0,True,1785340272018.0,-156.0,0.0,False
67bdca22-8774-5b59-92b9-44ee834f84f5,1785340273147,sender -> receiver,0,True,1785340272953.0,-194.0,0.0,False
af4da090-69d8-5dbf-b37e-c8d69b715ac7,1785340273150,sender -> receiver,0,True,1785340272988.0,-162.0,0.0,False
c471197d-c420-524b-894c-b90d5edcb1f2,1785340273152,sender -> receiver,0,True,1785340273032.0,-120.0,0.0,False
f7a61a74-f90d-53db-a347-08f5aacf7c62,1785340273153,sender -> receiver,0,True,1785340273049.0,-104.0,0.0,False
23e4b7b9-3826-5095-85bd-677aa76c8e36,1785340274154,sender -> receiver,0,True,1785340273936.0,-218.0,0.0,False
f92e3271-de2d-5d1b-9b99-39a19d6a6390,1785340274161,sender -> receiver,0,True,1785340273969.0,-192.0,0.0,False
c440835e-1f2f-570c-9fb0-0b21b4aa10d2,1785340274164,sender -> receiver,0,True,1785340274016.0,-148.0,0.0,False
5c0f5e61-bf5a-5b5b-af2a-b0d95a3c79fb,1785340274167,sender -> receiver,0,True,1785340274035.0,-132.0,0.0,False
4907654f-8b77-5bd7-acc1-1dad939178d4,1785340275143,sender -> receiver,0,True,1785340274924.0,-219.0,0.0,False
77b2431a-0342-5d99-86a4-28f033cc4cf3,1785340275147,sender -> receiver,0,True,1785340274949.0,-198.0,0.0,False
16025ddc-4caf-588f-866c-f2cc7eecb0cc,1785340275150,sender -> receiver,0,True,1785340274968.0,-182.0,0.0,False
62909378-fdb9-5128-b71a-c74eed7e3feb,1785340275172,sender -> receiver,0,True,1785340274986.0,-186.0,0.0,False
43e63e3d-3c03-5bc4-b926-88abebe836f1,1785340276127,sender -> receiver,0,True,1785340275967.0,-160.0,0.0,False
1386ec24-16ab-5f2a-aace-b530c4920912,1785340276129,sender -> receiver,0,True,1785340276030.0,-99.0,0.0,False
137defc0-0062-5afc-8f01-c3f578cdc572,1785340276132,sender -> receiver,0,True,1785340276051.0,-81.0,0.0,False
8dfa6527-0925-54a1-928c-c0483fb0f76c,1785340276135,sender -> receiver,0,True,1785340276072.0,-63.0,0.0,False
8b0676a1-77af-5556-8067-2908e11c3286,1785340277130,sender -> receiver,0,True,1785340276959.0,-171.0,0.0,False
ed0d56d9-a7f3-54f8-aa3f-fbf7fad4b457,1785340277132,sender -> receiver,0,True,1785340276974.0,-158.0,0.0,False
c3aff099-44e7-5956-923d-f20da226e8fc,1785340277134,sender -> receiver,0,True,1785340276986.0,-148.0,0.0,False
0f1787f7-97bd-5927-9eb4-2ed863d66155,1785340277137,sender -> receiver,0,True,1785340276998.0,-139.0,0.0,False
7df25385-ae60-5377-b85f-bbe4bc05c9cb,1785340278142,sender -> receiver,0,True,1785340277949.0,-193.0,0.0,False
56391e02-717f-5ef8-8638-2c52580434ed,1785340278158,sender -> receiver,0,True,1785340277972.0,-186.0,0.0,False
e18c7fd8-b29d-5fa3-a554-151499b763bb,1785340278161,sender -> receiver,0,True,1785340277987.0,-174.0,0.0,False
a89e378b-b5ee-591b-a5ea-6f91e5338316,1785340278163,sender -> receiver,0,True,1785340277999.0,-164.0,0.0,False
3f0d565b-364b-510f-940f-4988a3d4cea6,1785340278165,sender -> receiver,0,True,1785340278010.0,-155.0,0.0,False
8a69df7e-73b5-5e0a-ab10-b11a6cf1d707,1785340279190,sender -> receiver,0,True,1785340278971.0,-219.0,0.0,False
0a65ecd7-c771-5e2f-8d6b-8c7f64daf6a8,1785340279194,sender -> receiver,0,True,1785340278989.0,-205.0,0.0,False
026b14b7-dc45-5dc0-b27a-2ad0b6ddc4f9,1785340279197,sender -> receiver,0,True,1785340279004.0,-193.0,0.0,False
9c22da3b-19b2-5ea1-8fb7-65dc763de49c,1785340279212,sender -> receiver,0,True,1785340279016.0,-196.0,0.0,False
0b62a9b5-2530-59f8-a9b3-ba80d9e1f25f,1785340280127,sender -> receiver,0,True,1785340279937.0,-190.0,0.0,False
a302d9c7-2b55-56f1-b6b1-4bd31287bd44,1785340280145,sender -> receiver,0,True,1785340279966.0,-179.0,0.0,False
b6fbcf6f-c035-59e7-a8fe-a021d8aa6b54,1785340280148,sender -> receiver,0,True,1785340280009.0,-139.0,0.0,False
91388c0d-9b9f-54ac-aa5a-da3dacdaf739,1785340280150,sender -> receiver,0,True,1785340280023.0,-127.0,0.0,False
74014a90-e923-5948-a9f6-8d50e7becfcc,1785340281130,sender -> receiver,0,True,1785340280906.0,-224.0,0.0,False
06196b1e-e0a4-5809-bece-f6d9fd9acc0f,1785340281147,sender -> receiver,0,True,1785340280925.0,-222.0,0.0,False
775b0494-3147-5f27-81c6-1df91be34dfc,1785340281150,sender -> receiver,0,True,1785340280952.0,-198.0,0.0,False
8b23aa6b-2d5e-5e0c-8cde-6cf23bb49ea0,1785340281153,sender -> receiver,0,True,1785340280992.0,-161.0,0.0,False
b0c814dc-858f-5f51-8cb7-a60f57efd9cf,1785340282186,sender -> receiver,0,True,1785340282016.0,-170.0,0.0,False
defed3e4-1148-5afe-9ef7-c9753876c55f,1785340282191,sender -> receiver,0,True,1785340282033.0,-158.0,0.0,False
f79af14d-0a2d-5eb5-a3cf-e1541e34b2c2,1785340282194,sender -> receiver,0,True,1785340282045.0,-149.0,0.0,False
b619c6a1-e69a-5eb2-a7e4-f54b7e5819ff,1785340282200,sender -> receiver,0,True,1785340282056.0,-144.0,0.0,False
bfed1a71-f346-551c-900f-68221319af76,1785340283159,sender -> receiver,0,True,1785340282935.0,-224.0,0.0,False
6f87f53e-d676-5ca6-8f92-288fdfaeb755,1785340283162,sender -> receiver,0,True,1785340283039.0,-123.0,0.0,False
6951e454-10af-5d0e-9fd4-83ea85158e81,1785340283165,sender -> receiver,0,True,1785340283055.0,-110.0,0.0,False
43e83b05-7764-5525-a17c-bccc4226ecab,1785340283167,sender -> receiver,0,True,1785340283072.0,-95.0,0.0,False
a49876bb-3398-55ba-966c-703224cae5d7,1785340284174,sender -> receiver,0,True,1785340283965.0,-209.0,0.0,False
6623e8bf-3593-58e8-88ee-528e71d53746,1785340284178,sender -> receiver,0,True,1785340283989.0,-189.0,0.0,False
55251a00-5066-5c18-99f0-fd0edc1e301b,1785340284180,sender -> receiver,0,True,1785340284005.0,-175.0,0.0,False
3b86af4f-c8a2-598e-a82b-e945fd23cbd0,1785340284183,sender -> receiver,0,True,1785340284017.0,-166.0,0.0,False
b28c5f88-3266-5411-a722-0487f768e079,1785340284185,sender -> receiver,0,True,1785340284038.0,-147.0,0.0,False
2a9ce431-b207-55e7-b686-1ab01b212436,1785340285170,sender -> receiver,0,True,1785340284968.0,-202.0,0.0,False
a1800bbb-4ac5-5dbd-ad9a-776cd5d3fbed,1785340285175,sender -> receiver,0,True,1785340284977.0,-198.0,0.0,False
bb90d4bb-1e75-5c20-9d0a-5c8139c060d0,1785340285200,sender -> receiver,0,True,1785340284986.0,-214.0,0.0,False
26f26109-ea34-50d9-89f2-1aa98732ff5e,1785340285205,sender -> receiver,0,True,1785340285014.0,-191.0,0.0,False
4c6fbb76-9293-5ede-aeda-1c5e213f17e1,1785340286152,sender -> receiver,0,True,1785340285965.0,-187.0,0.0,False
a103bae9-65d0-5fb4-b165-84258998b36a,1785340286155,sender -> receiver,0,True,1785340285999.0,-156.0,0.0,False
6e08e8af-5d28-5c7f-a327-cef8f340eaa6,1785340286157,sender -> receiver,0,True,1785340286024.0,-133.0,0.0,False
769bf361-4529-52ea-8b58-18a1bf541167,1785340286160,sender -> receiver,0,True,1785340286040.0,-120.0,0.0,False
7f8dc153-0a34-5ff8-9068-ed492d5e63ed,1785340287191,sender -> receiver,0,True,1785340286984.0,-207.0,0.0,False
a55fbb8e-5abb-5fd7-8d67-ae6485913a9e,1785340287194,sender -> receiver,0,True,1785340287013.0,-181.0,0.0,False
00144cb1-f9d4-5e3a-af6e-181fa77d68be,1785340287196,sender -> receiver,0,True,1785340287027.0,-169.0,0.0,False
cffcc836-68bd-5a4a-bda7-955aeebe9051,1785340287199,sender -> receiver,0,True,1785340287040.0,-159.0,0.0,False
2788cd2a-a61c-5518-a1be-5d3331c2531e,1785340288150,sender -> receiver,0,True,1785340287982.0,-168.0,0.0,False
c5294aed-18cb-57dc-88bd-8631e3eec552,1785340288153,sender -> receiver,0,True,1785340288004.0,-149.0,0.0,False
7c57cf0c-0528-5959-8a85-a201b3bf0082,1785340288156,sender -> receiver,0,True,1785340288021.0,-135.0,0.0,False
60aa59a4-1fdd-5e64-8c73-3000e417bdff,1785340288158,sender -> receiver,0,True,1785340288037.0,-121.0,0.0,False
75500329-2f47-5f55-b1b1-5b407b90dcc6,1785340289166,sender -> receiver,0,True,1785340288971.0,-195.0,0.0,False
72ba4691-efec-5722-8c0f-0d72bb707bc4,1785340289170,sender -> receiver,0,True,1785340288991.0,-179.0,0.0,False
8b456583-29c6-5b12-9882-9efe7c64f7cf,1785340289173,sender -> receiver,0,True,1785340289010.0,-163.0,0.0,False
f31b4603-edc3-52f3-8153-2db08f1885ca,1785340289190,sender -> receiver,0,True,1785340289021.0,-169.0,0.0,False
a17afb38-9a82-5c5f-820a-81429b1027c1,1785340290144,sender -> receiver,0,True,1785340289970.0,-174.0,0.0,False
6c243814-83b7-5525-84f5-edbca5a94f75,1785340290147,sender -> receiver,0,True,1785340289998.0,-149.0,0.0,False
552622c8-270e-555f-9fb0-0bdb3ecf18b8,1785340290149,sender -> receiver,0,True,1785340290019.0,-130.0,0.0,False
909ef428-2d87-5a66-acad-59636e29b051,1785340290151,sender -> receiver,0,True,1785340290040.0,-111.0,0.0,False
81f95116-7797-58fb-9849-eeb729401915,1785340290153,sender -> receiver,0,True,1785340290074.0,-79.0,0.0,False
7400f960-b022-5b77-aa45-a34ce0571873,1785340291195,sender -> receiver,0,True,1785340291000.0,-195.0,0.0,False
4435ef8d-0bd9-5c1c-a717-3dfa42d33d85,1785340291201,sender -> receiver,0,True,1785340291022.0,-179.0,0.0,False
098bcb84-c462-5eca-a48d-0ec3208d4f3d,1785340291206,sender -> receiver,0,True,1785340291042.0,-164.0,0.0,False
5073e09a-c268-55b3-822d-0e632ebd9768,1785340291211,sender -> receiver,0,True,1785340291054.0,-157.0,0.0,False
621506fd-dba5-56b6-ba8f-a97cd54a9c30,1785340292156,sender -> receiver,0,True,1785340292069.0,-87.0,0.0,False
d7a324dc-4d82-5811-9b9d-be45fff28d14,1785340292160,sender -> receiver,0,True,1785340292095.0,-65.0,0.0,False
ef2d853a-55d3-5c07-8408-a7c6783afbfd,1785340292162,sender -> receiver,0,True,1785340292109.0,-53.0,0.0,False
37ff36ea-976e-5d6b-a27f-9479cbb3e660,1785340292164,sender -> receiver,0,True,1785340292122.0,-42.0,0.0,False
491630bf-36dd-5974-bd3c-6cdadb8ce1e2,1785340293154,sender -> receiver,0,True,1785340292995.0,-159.0,0.0,False
4d916f92-45c9-5577-8e25-b2a41dfa76c9,1785340293185,sender -> receiver,0,True,1785340293018.0,-167.0,0.0,False
4e25e663-649e-5026-af07-625e092e5d6f,1785340293190,sender -> receiver,0,True,1785340293039.0,-151.0,0.0,False
162c10a8-a857-54ab-94db-1fb3b58f2341,1785340293195,sender -> receiver,0,True,1785340293056.0,-139.0,0.0,False
c0f85bd8-ab0e-56e9-a048-ff074a355a51,1785340294137,sender -> receiver,0,True,1785340293913.0,-224.0,0.0,False
86bc355e-70cb-57d7-9de7-11a8f2459f4b,1785340294141,sender -> receiver,0,True,1785340293973.0,-168.0,0.0,False
f3d5bb36-e692-5ba9-9fc8-b0adfb768e47,1785340294145,sender -> receiver,0,True,1785340293987.0,-158.0,0.0,False
cdfb1b00-17be-57ad-a5d0-332399e72fa2,1785340294148,sender -> receiver,0,True,1785340293999.0,-149.0,0.0,False
af275ea9-0a42-58b1-a168-6fcf3aca05f3,1785340295141,sender -> receiver,0,True,1785340294947.0,-194.0,0.0,False
5da3bf90-c154-5aef-b958-ea32ebca3b6e,1785340295162,sender -> receiver,0,True,1785340294970.0,-192.0,0.0,False
b35eddfd-cdf7-55cd-ae2a-8fd45dcf1759,1785340295165,sender -> receiver,0,True,1785340294990.0,-175.0,0.0,False
f66acc0f-a9e8-5ff5-af31-1c5d53842404,1785340295166,sender -> receiver,0,True,1785340295011.0,-155.0,0.0,False
55583749-6c60-52ef-b79f-1ccbc107d58c,1785340439648,sender -> receiver,0,True,1785340439428.0,-220.0,0.0,False
4ccd686a-2a12-5685-af42-05a417b14c72,1785340439650,sender -> receiver,0,True,1785340439458.0,-192.0,0.0,False
95b72fcf-1361-5ea7-9b99-b8307b8788ee,1785340439653,sender -> receiver,0,True,1785340439483.0,-170.0,0.0,False
fa40698d-ddeb-59da-aaca-258bb4da8b63,1785340439655,sender -> receiver,0,True,1785340439517.0,-138.0,0.0,False
1d1d3082-d1f2-5648-8274-b6ad02b050f5,1785340440632,sender -> receiver,0,True,1785340440409.0,-223.0,0.0,False
53ebf199-0c3f-57d3-8b27-2ad9f68c6154,1785340440634,sender -> receiver,0,True,1785340440443.0,-191.0,0.0,False
284b3b27-c845-5432-ac96-9c92128e201a,1785340440636,sender -> receiver,0,True,1785340440463.0,-173.0,0.0,False
0e630734-7c3d-5528-8a4f-c6c7556c51bd,1785340440637,sender -> receiver,0,True,1785340440477.0,-160.0,0.0,False
47ce738f-3f3e-52d8-a56a-ba34a522c65d,1785340441639,sender -> receiver,0,True,1785340441439.0,-200.0,0.0,False
331dee95-d294-5bc1-9933-efe0d61bfd97,1785340441645,sender -> receiver,0,True,1785340441462.0,-183.0,0.0,False
ea7256fe-2d3f-58a5-839f-e47f05e03561,1785340441647,sender -> receiver,0,True,1785340441484.0,-163.0,0.0,False
c8ce1aea-dbcc-5648-b9bd-cabb8a102e1b,1785340441650,sender -> receiver,0,True,1785340441519.0,-131.0,0.0,False
b3cb1051-a862-5047-9195-8f307984ca3b,1785340442639,sender -> receiver,0,True,1785340442450.0,-189.0,0.0,False
f1625395-2517-5be0-901e-7b800ccf5f38,1785340442641,sender -> receiver,0,True,1785340442498.0,-143.0,0.0,False
de4ef299-0187-5600-a942-e82b3d1e079e,1785340442643,sender -> receiver,0,True,1785340442520.0,-123.0,0.0,False
727cc505-5a01-5eac-bc70-f9c691067f42,1785340442645,sender -> receiver,0,True,1785340442533.0,-112.0,0.0,False
83a7665b-462b-5165-8aae-2748911762c5,1785340443667,sender -> receiver,0,True,1785340443458.0,-209.0,0.0,False
99da88ce-0688-5d7e-a76a-f7ae5e9a5bb5,1785340443671,sender -> receiver,0,True,1785340443471.0,-200.0,0.0,False
6f14d153-163b-53c0-b947-a1ce9d11239a,1785340443675,sender -> receiver,0,True,1785340443485.0,-190.0,0.0,False
07175533-bfeb-53f1-9ab2-706d8501e56c,1785340443679,sender -> receiver,0,True,1785340443509.0,-170.0,0.0,False
c8c16428-c96e-51e3-9385-ad0a55eb9c1f,1785340444677,sender -> receiver,0,True,1785340444487.0,-190.0,0.0,False
f2f05210-8024-542d-8f74-2fbfc46c70bf,1785340444682,sender -> receiver,0,True,1785340444515.0,-167.0,0.0,False
caa3665e-e575-5c36-83ae-f38e1ddbbcf9,1785340444687,sender -> receiver,0,True,1785340444537.0,-150.0,0.0,False
3a13e59d-7b70-5c8d-8bcb-c80a8f5b6020,1785340444690,sender -> receiver,0,True,1785340444554.0,-136.0,0.0,False
339905be-cc46-5005-a0d1-54734264801f,1785340445655,sender -> receiver,0,True,1785340445471.0,-184.0,0.0,False
71fc80a5-858c-580f-b914-ed851eaef294,1785340445659,sender -> receiver,0,True,1785340445490.0,-169.0,0.0,False
10140510-beca-5542-82ba-db3d9e685e70,1785340445662,sender -> receiver,0,True,1785340445503.0,-159.0,0.0,False
a23c1430-f064-5e7b-abb1-c9a17b28b19d,1785340445666,sender -> receiver,0,True,1785340445515.0,-151.0,0.0,False
f7ef48fc-9276-54b4-836c-c1119e668834,1785340446643,sender -> receiver,0,True,1785340446431.0,-212.0,0.0,False
0aad9dad-e968-5baf-acad-2b35f9036a1f,1785340446646,sender -> receiver,0,True,1785340446505.0,-141.0,0.0,False
6cb41327-bef2-5a41-8dcf-3a150478af98,1785340446650,sender -> receiver,0,True,1785340446529.0,-121.0,0.0,False
48bc4681-9039-5602-b082-1e1acf1e6084,1785340446653,sender -> receiver,0,True,1785340446544.0,-109.0,0.0,False
c3918883-a07e-57bf-9cdc-020dace52371,1785340447625,sender -> receiver,0,True,1785340447418.0,-207.0,0.0,False
739a7d14-8e59-5cd8-be1d-f16e880c6175,1785340447627,sender -> receiver,0,True,1785340447456.0,-171.0,0.0,False
8b77be01-d059-5246-8ac3-b958b56e1c0e,1785340447629,sender -> receiver,0,True,1785340447478.0,-151.0,0.0,False
f2a8aef2-21f9-5d90-943c-dcd6124439dd,1785340447631,sender -> receiver,0,True,1785340447500.0,-131.0,0.0,False
11948475-436f-57fa-af1d-4fd6e6b2e9fd,1785340448638,sender -> receiver,0,True,1785340448469.0,-169.0,0.0,False
eba97e5f-86ff-5990-9b95-e529a06ae06b,1785340448641,sender -> receiver,0,True,1785340448486.0,-155.0,0.0,False
2a43ca19-f3b8-55f8-b7fa-e0064f640a66,1785340448643,sender -> receiver,0,True,1785340448498.0,-145.0,0.0,False
376b539d-dfbf-5cdb-9475-68c5c4b7dffd,1785340448646,sender -> receiver,0,True,1785340448509.0,-137.0,0.0,False
3a99af4c-832b-541d-84f7-b67563606faa,1785340449636,sender -> receiver,0,True,1785340449432.0,-204.0,0.0,False
d3410813-292f-5c55-b024-c9a20bb34ce2,1785340449638,sender -> receiver,0,True,1785340449457.0,-181.0,0.0,False
d984c103-58d7-5685-8ff2-797e9468fc4b,1785340449640,sender -> receiver,0,True,1785340449479.0,-161.0,0.0,False
090325cb-ab0f-5b3b-86f1-9490cec528f1,1785340449643,sender -> receiver,0,True,1785340449500.0,-143.0,0.0,False
05269cbc-27e3-59c7-bc0e-a79afa507684,1785340450637,sender -> receiver,0,True,1785340450452.0,-185.0,0.0,False
b5ccc740-ce60-5cc5-8e39-593fa038a238,1785340450639,sender -> receiver,0,True,1785340450476.0,-163.0,0.0,False
70e80ad0-3f62-5fbf-a4cb-11408c6e4fb6,1785340450641,sender -> receiver,0,True,1785340450498.0,-143.0,0.0,False
b3c3de56-3801-5340-aec6-b1606ea960f6,1785340450643,sender -> receiver,0,True,1785340450515.0,-128.0,0.0,False
c39db06f-e638-5b26-bf03-e495de99f12a,1785340451638,sender -> receiver,0,True,1785340451463.0,-175.0,0.0,False
21a4e40b-e658-5ff6-ae91-bd0ca3819fc2,1785340451641,sender -> receiver,0,True,1785340451480.0,-161.0,0.0,False
8fbce2ae-3752-5281-9acf-501d00b94e2c,1785340451643,sender -> receiver,0,True,1785340451494.0,-149.0,0.0,False
64485f9f-3ca7-545f-a4f8-042bdf274961,1785340451646,sender -> receiver,0,True,1785340451506.0,-140.0,0.0,False
5846813f-9c55-5003-ae74-800d5f4caa31,1785340452642,sender -> receiver,0,True,1785340452488.0,-154.0,0.0,False
502d028a-d05e-538e-8030-768ebed47e75,1785340452645,sender -> receiver,0,True,1785340452500.0,-145.0,0.0,False
9cc20ee6-b478-5159-a660-0699cd793e91,1785340452647,sender -> receiver,0,True,1785340452509.0,-138.0,0.0,False
b4c2fd7c-012e-5caf-be98-1bfadcc9c516,1785340452650,sender -> receiver,0,True,1785340452526.0,-124.0,0.0,False
0241a0cf-5abb-5756-b993-c35ced8d459f,1785340453620,sender -> receiver,0,True,1785340453455.0,-165.0,0.0,False
1c5cca1a-de06-5403-ac4a-479e57b0ab5d,1785340453623,sender -> receiver,0,True,1785340453477.0,-146.0,0.0,False
d993f1ec-2aa2-5f4f-99dd-f38c2672d97d,1785340453627,sender -> receiver,0,True,1785340453497.0,-130.0,0.0,False
f24f3768-2bf1-533b-89f9-4299abe9081b,1785340453645,sender -> receiver,0,True,1785340453519.0,-126.0,0.0,False
0b3e6062-1eff-5c59-9563-3954fc9706e3,1785340454615,sender -> receiver,0,True,1785340454445.0,-170.0,0.0,False
a32169a0-cb4f-5622-8dbe-1d6a0a3d0e05,1785340454630,sender -> receiver,0,True,1785340454467.0,-163.0,0.0,False
1a320e70-af43-5cbc-96fd-ac75c8e9df94,1785340454648,sender -> receiver,0,True,1785340454489.0,-159.0,0.0,False
5f9fa464-2ade-52d7-993a-ad7e587319a4,1785340454650,sender -> receiver,0,True,1785340454504.0,-146.0,0.0,False
746a8073-3fde-55a0-a0a2-0073a36341db,1785340455652,sender -> receiver,0,True,1785340455460.0,-192.0,0.0,False
68bbd901-3af7-5ccc-aa5b-ef583f741dce,1785340455658,sender -> receiver,0,True,1785340455484.0,-174.0,0.0,False
0137240c-daa6-573c-9c28-60faccbc1660,1785340455662,sender -> receiver,0,True,1785340455497.0,-165.0,0.0,False
327bf380-06c5-53a1-930e-80783a31c1ec,1785340455666,sender -> receiver,0,True,1785340455510.0,-156.0,0.0,False
63a09ee9-137f-569c-ab6a-6b92f0599b08,1785340456629,sender -> receiver,0,True,1785340456415.0,-214.0,0.0,False
af6ea20e-7e2e-5d82-9b8b-1ce603565fe3,1785340456642,sender -> receiver,0,True,1785340456438.0,-204.0,0.0,False
31cce1e2-7a3f-5479-b52e-82345c61700b,1785340456645,sender -> receiver,0,True,1785340456458.0,-187.0,0.0,False
fad2b6c2-be92-55bc-b13d-07c988db7b49,1785340456648,sender -> receiver,0,True,1785340456473.0,-175.0,0.0,False
98a63095-2e4d-5a33-8c5d-ff4003ee425d,1785340457623,sender -> receiver,0,True,1785340457423.0,-200.0,0.0,False
c13d195d-d8e9-5b6e-85b5-505fca85994b,1785340457639,sender -> receiver,0,True,1785340457445.0,-194.0,0.0,False
09a01842-2fd8-5783-858e-b6016ccc2fca,1785340457644,sender -> receiver,0,True,1785340457461.0,-183.0,0.0,False
0f29ee3d-ceb3-5c8c-a5b9-0044f56c7230,1785340457647,sender -> receiver,0,True,1785340457485.0,-162.0,0.0,False
5ff22ec9-92ed-5df8-9a40-8c4d9d5b1b5d,1785340458617,sender -> receiver,0,True,1785340458463.0,-154.0,0.0,False
f5eae609-a785-5ac0-8aa7-9b8b6feedd59,1785340458619,sender -> receiver,0,True,1785340458477.0,-142.0,0.0,False
7e2a902d-f88f-5d04-ac09-6b6dfb151235,1785340458621,sender -> receiver,0,True,1785340458486.0,-135.0,0.0,False
d70443cb-6fcf-59d6-b5fa-4232b6d60648,1785340458623,sender -> receiver,0,True,1785340458507.0,-116.0,0.0,False
ab39f277-9e0d-5ad1-9dfd-3b58e4a03963,1785340459627,sender -> receiver,0,True,1785340459427.0,-200.0,0.0,False
d9cb26fb-38ff-59f6-be93-4e87b02a8b7f,1785340459630,sender -> receiver,0,True,1785340459444.0,-186.0,0.0,False
9b4e5f1e-151d-5afe-b41d-8216ebd790f1,1785340459632,sender -> receiver,0,True,1785340459458.0,-174.0,0.0,False
9f227c03-beff-526c-ad03-b339741f77d6,1785340459635,sender -> receiver,0,True,1785340459475.0,-160.0,0.0,False
cabb782c-8a40-5a09-8d34-ef6c27115262,1785340460624,sender -> receiver,0,True,1785340460415.0,-209.0,0.0,False
c44c442e-8532-587d-bde2-531a88c2a8f0,1785340460643,sender -> receiver,0,True,1785340460426.0,-217.0,0.0,False
bf21868b-1fad-5ebc-865d-c20ea7475dc9,1785340460646,sender -> receiver,0,True,1785340460458.0,-188.0,0.0,False
ea790322-9b15-56d1-a7cb-ccaa84e06947,1785340460649,sender -> receiver,0,True,1785340460470.0,-179.0,0.0,False
aa5bf5bc-ca8d-5eec-b90a-1e2fca26efe8,1785340461624,sender -> receiver,0,True,1785340461399.0,-225.0,0.0,False
d16f5db3-338e-55ea-baf0-1b99f853c5a5,1785340461654,sender -> receiver,0,True,1785340461422.0,-232.0,0.0,False
7f10dd69-ecdd-54d7-839c-c59391f13ea5,1785340461656,sender -> receiver,0,True,1785340461472.0,-184.0,0.0,False
5471faad-cd38-5914-ae57-4378e9492fad,1785340461659,sender -> receiver,0,True,1785340461494.0,-165.0,0.0,False
481be7a7-4012-5d4c-b8d2-bdae140efd27,1785340462622,sender -> receiver,0,True,1785340462452.0,-170.0,0.0,False
0a19de65-e01b-55c0-b0e1-36c47d324ec8,1785340462625,sender -> receiver,0,True,1785340462485.0,-140.0,0.0,False
edf4c733-6dd8-598c-aaff-910de80a2a62,1785340462627,sender -> receiver,0,True,1785340462507.0,-120.0,0.0,False
ed714577-3895-5607-b010-7a822140a566,1785340462630,sender -> receiver,0,True,1785340462528.0,-102.0,0.0,False
5afda69b-3342-5549-92a0-2e70cb764f14,1785340463621,sender -> receiver,0,True,1785340463456.0,-165.0,0.0,False
3adec6af-f6a6-5050-b085-7c7aac256585,1785340463623,sender -> receiver,0,True,1785340463477.0,-146.0,0.0,False
fe53c991-e7fd-5650-bd5e-e97f125b2fa7,1785340463626,sender -> receiver,0,True,1785340463499.0,-127.0,0.0,False
31e66a91-5ff5-5fef-a8e6-a6848437982e,1785340463629,sender -> receiver,0,True,1785340463515.0,-114.0,0.0,False
34bb6990-5f91-5879-ac69-fdd5a53f690c,1785340504783,sender -> receiver,0,True,1785340504570.0,-213.0,0.0,False
3f345107-67f3-5797-9119-86134243cc77,1785340504785,sender -> receiver,0,True,1785340504584.0,-201.0,0.0,False
cb0b304f-8974-5603-9ec5-76be3ad00e35,1785340504788,sender -> receiver,0,True,1785340504595.0,-193.0,0.0,False
6052302a-4196-5eeb-9f18-637dffd276c3,1785340504801,sender -> receiver,0,True,1785340504610.0,-191.0,0.0,False
8bb9bcc2-415f-5af5-884c-8c34f9087f6b,1785340505773,sender -> receiver,0,True,1785340505552.0,-221.0,0.0,False
d304234c-0326-5980-ae0b-fe67a7c6b09d,1785340505788,sender -> receiver,0,True,1785340505593.0,-195.0,0.0,False
14bebc02-d1d9-514b-baa2-6e67a1a4475f,1785340505790,sender -> receiver,0,True,1785340505616.0,-174.0,0.0,False
e38d5a63-64be-5cdf-a48d-3b2bea8f4473,1785340505792,sender -> receiver,0,True,1785340505638.0,-154.0,0.0,False
e7b00d07-df9f-593c-8f99-928f7ed9e15a,1785340506789,sender -> receiver,0,True,1785340506596.0,-193.0,0.0,False
8f074677-baee-561a-9ad8-bdc40e816afe,1785340506791,sender -> receiver,0,True,1785340506614.0,-177.0,0.0,False
5a348ac2-fb70-502c-94ea-164d6fad713a,1785340506792,sender -> receiver,0,True,1785340506636.0,-156.0,0.0,False
a3e174ea-49ce-5f09-a85d-f50af864ed08,1785340506795,sender -> receiver,0,True,1785340506689.0,-106.0,0.0,False
960046e8-7cbc-5780-a14d-dd1b00798f75,1785340507766,sender -> receiver,0,True,1785340507613.0,-153.0,0.0,False
5e80ea56-c1a0-54b7-9e4f-1707c88ec2ba,1785340507768,sender -> receiver,0,True,1785340507626.0,-142.0,0.0,False
5664f850-8408-50d5-a279-ac4014381473,1785340507770,sender -> receiver,0,True,1785340507637.0,-133.0,0.0,False
14b7dd61-2cdd-5e3d-9ff1-c31f4c729cda,1785340507772,sender -> receiver,0,True,1785340507649.0,-123.0,0.0,False
93396370-7af2-57f9-aba8-2dc958b8bb36,1785340508791,sender -> receiver,0,True,1785340508613.0,-178.0,0.0,False
48c65d95-1094-52a8-a0b8-0ea998ed03b3,1785340508793,sender -> receiver,0,True,1785340508639.0,-154.0,0.0,False
38dd6f39-03c6-5e32-8cc0-daa3e4ef6a32,1785340508796,sender -> receiver,0,True,1785340508666.0,-130.0,0.0,False
51cb627a-d65d-5422-b6e3-84d01c563d30,1785340508798,sender -> receiver,0,True,1785340508692.0,-106.0,0.0,False
8780f319-c493-5aad-afe6-579512adfcab,1785340509840,sender -> receiver,0,True,1785340509645.0,-195.0,0.0,False
4f554c5e-58e8-5511-bb95-b42b0fb22bbb,1785340509842,sender -> receiver,0,True,1785340509669.0,-173.0,0.0,False
161c2f76-9a32-549e-ba8d-d5dbe569bb33,1785340509844,sender -> receiver,0,True,1785340509686.0,-158.0,0.0,False
03451669-0daa-5a31-a7de-03405e46c4f9,1785340509846,sender -> receiver,0,True,1785340509701.0,-145.0,0.0,False
3adfc7e4-ff4b-586c-93bf-df38bbba93bb,1785340510831,sender -> receiver,0,True,1785340510641.0,-190.0,0.0,False
33af52d8-d5b9-53ed-bea0-1276825a1211,1785340510835,sender -> receiver,0,True,1785340510660.0,-175.0,0.0,False
d571fae2-a705-5c76-a612-190803e8da86,1785340510839,sender -> receiver,0,True,1785340510676.0,-163.0,0.0,False
06835bc1-7407-5798-a5eb-d8b05fbf8f8d,1785340510843,sender -> receiver,0,True,1785340510689.0,-154.0,0.0,False
5307c367-6fac-5af7-8813-e57f8d45dd2c,1785340511823,sender -> receiver,0,True,1785340511645.0,-178.0,0.0,False
41e35c55-4a1e-5864-a29b-d99d4571c6c5,1785340511827,sender -> receiver,0,True,1785340511664.0,-163.0,0.0,False
2b3b6fb5-f014-5006-92ce-64befc135ed3,1785340511831,sender -> receiver,0,True,1785340511694.0,-137.0,0.0,False
7ea86a93-d5e3-5df9-825d-90ff2c474990,1785340511836,sender -> receiver,0,True,1785340511708.0,-128.0,0.0,False
3079b8c7-ccda-5870-abbc-e919b5f2378e,1785340512794,sender -> receiver,0,True,1785340512591.0,-203.0,0.0,False
7ff9a438-981c-5473-897e-20d43ab678f5,1785340512797,sender -> receiver,0,True,1785340512619.0,-178.0,0.0,False
1696682b-452d-52c4-bef9-10c24e4dabfc,1785340512800,sender -> receiver,0,True,1785340512637.0,-163.0,0.0,False
58e9ff4a-528c-5f8c-a78c-5861d8031b11,1785340512802,sender -> receiver,0,True,1785340512651.0,-151.0,0.0,False
d28777ec-9ab5-51fe-ae72-7a626f995354,1785340513784,sender -> receiver,0,True,1785340513610.0,-174.0,0.0,False
b0432965-747e-52e3-aa03-5734b9dfb6c2,1785340513800,sender -> receiver,0,True,1785340513620.0,-180.0,0.0,False
f8e18334-399e-5613-935a-0d525efc00f5,1785340513803,sender -> receiver,0,True,1785340513631.0,-172.0,0.0,False
c10dbaa1-1f51-52e5-a438-21a86b9df85c,1785340513806,sender -> receiver,0,True,1785340513653.0,-153.0,0.0,False
15424dd3-fe45-58cc-b01c-13d2da957982,1785340514818,sender -> receiver,0,True,1785340514597.0,-221.0,0.0,False
cb946d35-971e-588a-b641-d9fb9e018147,1785340514822,sender -> receiver,0,True,1785340514651.0,-171.0,0.0,False
68a23146-0a31-568a-81eb-b270c4215665,1785340514825,sender -> receiver,0,True,1785340514660.0,-165.0,0.0,False
7da177d4-223e-5b9b-9391-ec0d22d8d35d,1785340514830,sender -> receiver,0,True,1785340514669.0,-161.0,0.0,False
9abf2cd3-ffa7-5e5b-bd52-7d63325700ef,1785340515796,sender -> receiver,0,True,1785340515607.0,-189.0,0.0,False
5d3fe31e-d822-5bc5-99c3-ea4ff1181140,1785340515800,sender -> receiver,0,True,1785340515630.0,-170.0,0.0,False
b9e7d9aa-86bf-5c3e-a065-e2f00335abe1,1785340515804,sender -> receiver,0,True,1785340515652.0,-152.0,0.0,False
ee2a88ce-6f34-553b-bbaa-df6880ca2e9a,1785340515807,sender -> receiver,0,True,1785340515665.0,-142.0,0.0,False
df72633a-902b-5bc2-8484-ae47b44bcab5,1785340516836,sender -> receiver,0,True,1785340516666.0,-170.0,0.0,False
b871c697-58cd-5446-84ff-1b189b869b6b,1785340516840,sender -> receiver,0,True,1785340516675.0,-165.0,0.0,False
6ae01352-0093-5325-9b6b-f498fbc38e65,1785340516844,sender -> receiver,0,True,1785340516684.0,-160.0,0.0,False
fc6396ca-e285-5443-bc18-e3c3d0609a85,1785340516848,sender -> receiver,0,True,1785340516719.0,-129.0,0.0,False
281c1a0b-cdd0-5748-8aed-1b73babdbb30,1785340517791,sender -> receiver,0,True,1785340517621.0,-170.0,0.0,False
72ce7c58-145b-501f-a2da-1427a60ea03d,1785340517793,sender -> receiver,0,True,1785340517628.0,-165.0,0.0,False
e358184e-dae6-5d1e-a646-808d79a4af81,1785340517795,sender -> receiver,0,True,1785340517638.0,-157.0,0.0,False
0648ece7-b687-59a5-aab7-b239e23e4080,1785340517798,sender -> receiver,0,True,1785340517653.0,-145.0,0.0,False
4f4698dc-1055-5978-a42d-ac1969200945,1785340518781,sender -> receiver,0,True,1785340518602.0,-179.0,0.0,False
a1be59cd-8d09-5537-907a-f7882438f88e,1785340518784,sender -> receiver,0,True,1785340518626.0,-158.0,0.0,False
155f72f9-485f-5e06-8c2b-1ffaaee75cde,1785340518786,sender -> receiver,0,True,1785340518645.0,-141.0,0.0,False
a31b2938-48fe-579c-a585-7b0c2fb75463,1785340518788,sender -> receiver,0,True,1785340518657.0,-131.0,0.0,False
33822174-36c1-5e6d-8c08-9e9c34c54116,1785340519850,sender -> receiver,0,True,1785340519646.0,-204.0,0.0,False
33c802e2-f4ed-57da-93dc-1cd78064f232,1785340519856,sender -> receiver,0,True,1785340519678.0,-178.0,0.0,False
4f19faa7-95a4-5c03-a461-6cb36596074d,1785340519862,sender -> receiver,0,True,1785340519699.0,-163.0,0.0,False
1186519a-9bf7-5157-bf71-974e400b97ed,1785340519885,sender -> receiver,0,True,1785340519733.0,-152.0,0.0,False
05947779-71f6-5bbe-9e7d-d3da00ce6550,1785340520777,sender -> receiver,0,True,1785340520576.0,-201.0,0.0,False
eb6ae071-2407-5417-b290-0daa00a140a3,1785340520780,sender -> receiver,0,True,1785340520599.0,-181.0,0.0,False
0ca91110-14c3-595c-928a-a72217331873,1785340520783,sender -> receiver,0,True,1785340520622.0,-161.0,0.0,False
ac274d21-9485-5d48-9640-10def8432c62,1785340520788,sender -> receiver,0,True,1785340520650.0,-138.0,0.0,False
c2bb805e-6da9-54c9-a2cf-513636636928,1785340521780,sender -> receiver,0,True,1785340521611.0,-169.0,0.0,False
7bc967db-e425-54ba-95be-c9f569e135a7,1785340521783,sender -> receiver,0,True,1785340521624.0,-159.0,0.0,False
cabcd2b0-e409-5eeb-8c4e-348506c2f91d,1785340521790,sender -> receiver,0,True,1785340521637.0,-153.0,0.0,False
72881f2d-9e3d-5aad-af10-e0a0517b6ae7,1785340521806,sender -> receiver,0,True,1785340521649.0,-157.0,0.0,False
785f660b-f046-5cfb-983d-89f40615c475,1785340522780,sender -> receiver,0,True,1785340522594.0,-186.0,0.0,False
a5090939-d4d3-5fde-b32a-53365e93a84e,1785340522786,sender -> receiver,0,True,1785340522628.0,-158.0,0.0,False
47ce05fb-5e24-58dd-b73b-8941f79c8205,1785340522805,sender -> receiver,0,True,1785340522653.0,-152.0,0.0,False
fe6d5e54-d98a-59e5-94f7-8a30c549ba42,1785340522807,sender -> receiver,0,True,1785340522673.0,-134.0,0.0,False
65bddbcc-8029-5b7b-89b9-7bb2cf4fa251,1785340523781,sender -> receiver,0,True,1785340523590.0,-191.0,0.0,False
5b436339-a7fa-568e-831e-3c130557b4dd,1785340523785,sender -> receiver,0,True,1785340523617.0,-168.0,0.0,False
b67e963d-6272-5101-923e-268d0ff0737a,1785340523788,sender -> receiver,0,True,1785340523630.0,-158.0,0.0,False
07cbf2a4-29b2-575d-9f3f-83eb1bf9be05,1785340523790,sender -> receiver,0,True,1785340523642.0,-148.0,0.0,False
c0a1930f-e33b-5ba0-a019-d045a1ed4385,1785340524776,sender -> receiver,0,True,1785340524577.0,-199.0,0.0,False
ac4d8bba-eb11-5d88-acb8-c69b150d6641,1785340524793,sender -> receiver,0,True,1785340524592.0,-201.0,0.0,False
c1f51398-c44d-5c35-9827-76c1fa7a4023,1785340524796,sender -> receiver,0,True,1785340524603.0,-193.0,0.0,False
54e91581-8991-595e-9165-410f8228f962,1785340524798,sender -> receiver,0,True,1785340524614.0,-184.0,0.0,False
3d3d0bfa-e446-59d4-94f6-5a8ddf45b39e,1785340525778,sender -> receiver,0,True,1785340525576.0,-202.0,0.0,False
47251100-66a7-5456-b767-a1432c7d3d0d,1785340525781,sender -> receiver,0,True,1785340525605.0,-176.0,0.0,False
3195b3b7-aad3-5791-aada-9d4b5bd43bfb,1785340525784,sender -> receiver,0,True,1785340525626.0,-158.0,0.0,False
596af61a-c8ea-58bf-b6ee-c236721837d5,1785340525787,sender -> receiver,0,True,1785340525643.0,-144.0,0.0,False
838f984b-841e-5e7c-b904-0dd03d2bad47,1785340526780,sender -> receiver,0,True,1785340526616.0,-164.0,0.0,False
4199a2dd-756b-52a2-8ec1-d093f5dc2ab1,1785340526788,sender -> receiver,0,True,1785340526626.0,-162.0,0.0,False
b2042669-051c-53df-87f3-9c41f9f2da8d,1785340526791,sender -> receiver,0,True,1785340526635.0,-156.0,0.0,False
e51efa3f-7da5-508e-9d58-eda7224e011e,1785340526807,sender -> receiver,0,True,1785340526649.0,-158.0,0.0,False
5cd408da-6ea2-597a-962d-899db7832930,1785340527778,sender -> receiver,0,True,1785340527602.0,-176.0,0.0,False
1eca0576-a703-55ca-b495-9417eae209d6,1785340527781,sender -> receiver,0,True,1785340527623.0,-158.0,0.0,False
fe5273be-8d00-5dad-a821-e9cf54f3885a,1785340527784,sender -> receiver,0,True,1785340527653.0,-131.0,0.0,False
b0461f30-e630-5bd4-be4a-30ce98a8a300,1785340527787,sender -> receiver,0,True,1785340527685.0,-102.0,0.0,False
48ff27ae-4bd1-54f1-a5da-47a82bb45416,1785340528778,sender -> receiver,0,True,1785340528645.0,-133.0,0.0,False
bdf330f1-1374-55a0-b2c6-ffe6c26cb17f,1785340528781,sender -> receiver,0,True,1785340528666.0,-115.0,0.0,False
03fdc969-d2c3-5ec2-a08e-15c520986007,1785340528784,sender -> receiver,0,True,1785340528681.0,-103.0,0.0,False
21ce6f31-0a05-5dd8-a605-8978d386509d,1785340528786,sender -> receiver,0,True,1785340528709.0,-77.0,0.0,False
599d31c8-9dd1-5932-b4e5-fc24709a2ba5,1785340570996,sender -> receiver,0,True,1785340570799.0,-197.0,0.0,False
d6f36a4e-5f03-584e-85b3-530234088b61,1785340570999,sender -> receiver,0,True,1785340570824.0,-175.0,0.0,False
50c63266-09d6-5a3f-845b-6d459689c57d,1785340571001,sender -> receiver,0,True,1785340570844.0,-157.0,0.0,False
365b6a28-3911-5c03-9485-7d052d83dfe9,1785340571003,sender -> receiver,0,True,1785340570860.0,-143.0,0.0,False
3a63e2ef-f4c7-560f-8513-706e71dbc276,1785340571005,sender -> receiver,0,True,1785340570891.0,-114.0,0.0,False
d3bc85bc-d099-5a7b-b0f0-ad511b95fdd2,1785340571993,sender -> receiver,0,True,1785340571782.0,-211.0,0.0,False
9c5c4b29-d0e4-57d8-8d95-b08a942172ff,1785340571996,sender -> receiver,0,True,1785340571806.0,-190.0,0.0,False
3e1f9ed0-4ae0-5f06-8977-c6b11a1a56f2,1785340571998,sender -> receiver,0,True,1785340571825.0,-173.0,0.0,False
b1351c5c-2623-5d82-bd85-298715dc3dac,1785340572000,sender -> receiver,0,True,1785340571866.0,-134.0,0.0,False
c2e287b6-55bf-50fe-91cd-ebc42265a704,1785340572987,sender -> receiver,0,True,1785340572780.0,-207.0,0.0,False
ed6c6bc5-3fed-534c-9b10-e2cc5f9053a8,1785340572990,sender -> receiver,0,True,1785340572800.0,-190.0,0.0,False
e55dfb55-1b43-5c19-bc12-42d35a533bc9,1785340572992,sender -> receiver,0,True,1785340572817.0,-175.0,0.0,False
d8cae8dc-4ee7-5663-a0ec-9851c64079b1,1785340572993,sender -> receiver,0,True,1785340572856.0,-137.0,0.0,False
fbde4e53-67df-53fe-b837-e1fb305a13c4,1785340573998,sender -> receiver,0,True,1785340573812.0,-186.0,0.0,False
bf02695b-4d74-5ea7-a619-dc61eb2a5adf,1785340574002,sender -> receiver,0,True,1785340573860.0,-142.0,0.0,False
d5aca998-a4db-536c-9846-47cf87fe0fcb,1785340574004,sender -> receiver,0,True,1785340573879.0,-125.0,0.0,False
ca99d9a1-d549-5b76-b2dc-e10f55c0a459,1785340574006,sender -> receiver,0,True,1785340573896.0,-110.0,0.0,False
07b46062-e731-598a-9197-90e2c534fbbc,1785340575023,sender -> receiver,0,True,1785340574802.0,-221.0,0.0,False
287bf415-07d8-5124-9876-f2e6957c7460,1785340575028,sender -> receiver,0,True,1785340574835.0,-193.0,0.0,False
c3dea2c9-93ff-5be0-8407-8723aad65514,1785340575031,sender -> receiver,0,True,1785340574855.0,-176.0,0.0,False
ea5737c3-c7fb-5a22-86fd-7b00d4382a73,1785340575036,sender -> receiver,0,True,1785340574870.0,-166.0,0.0,False
bbab8db1-566a-5b29-8f63-8af9497d24df,1785340576033,sender -> receiver,0,True,1785340575825.0,-208.0,0.0,False
6de37e93-2bb1-5040-8b37-95049630b819,1785340576036,sender -> receiver,0,True,1785340575876.0,-160.0,0.0,False
b1f2f111-a57c-5e1b-92c8-3fd37e290abf,1785340576040,sender -> receiver,0,True,1785340575896.0,-144.0,0.0,False
1029e1e2-fa7c-5dc7-9b85-f4ef9d7fd952,1785340576043,sender -> receiver,0,True,1785340575919.0,-124.0,0.0,False
8ad0e794-b020-568a-ae25-446aa3f11b95,1785340577002,sender -> receiver,0,True,1785340576814.0,-188.0,0.0,False
4e0a1694-ff78-5e03-9b76-b7f94c1f0cfc,1785340577006,sender -> receiver,0,True,1785340576841.0,-165.0,0.0,False
ea59bf0c-3428-51be-9446-7e25a8949138,1785340577008,sender -> receiver,0,True,1785340576861.0,-147.0,0.0,False
72126e84-20a4-557a-b016-1f0abc71082c,1785340577010,sender -> receiver,0,True,1785340576900.0,-110.0,0.0,False
186e9936-1745-52d0-930f-0f594654b40c,1785340577013,sender -> receiver,0,True,1785340576915.0,-98.0,0.0,False
f3d5b7e1-5458-5db3-b512-808c35f0eeb9,1785340578035,sender -> receiver,0,True,1785340577863.0,-172.0,0.0,False
f51adf00-cf6b-5bcc-938a-5fb0e4e67dd9,1785340578039,sender -> receiver,0,True,1785340577890.0,-149.0,0.0,False
40a650f5-bd63-5df1-a97a-501cd5b292ab,1785340578043,sender -> receiver,0,True,1785340577908.0,-135.0,0.0,False
de2e8e89-f5ca-546e-bc68-b32676e4c7af,1785340578046,sender -> receiver,0,True,1785340577930.0,-116.0,0.0,False
5825ae35-e532-5d1f-80d0-f6fb6a5c0e9e,1785340578994,sender -> receiver,0,True,1785340578829.0,-165.0,0.0,False
5230f69d-eb7a-5657-b573-29b729eb9505,1785340579017,sender -> receiver,0,True,1785340578855.0,-162.0,0.0,False
fb7d47a3-e7ff-54c1-aefc-fe0fea41900a,1785340579022,sender -> receiver,0,True,1785340578875.0,-147.0,0.0,False
06c36288-c759-5c1f-952a-a284942cdc16,1785340579026,sender -> receiver,0,True,1785340578914.0,-112.0,0.0,False
57fd47a6-a618-5a4d-a577-260191deb04c,1785340580008,sender -> receiver,0,True,1785340579813.0,-195.0,0.0,False
3994f6ac-4209-5a31-988f-07301d27dc62,1785340580012,sender -> receiver,0,True,1785340579838.0,-174.0,0.0,False
ea37a9b1-d233-59fc-b708-9d5590891c5c,1785340580015,sender -> receiver,0,True,1785340579879.0,-136.0,0.0,False
3e1bd07a-548d-51ea-946f-3532079d2496,1785340580018,sender -> receiver,0,True,1785340579898.0,-120.0,0.0,False
a076b209-8e00-54c7-98e8-e14421af999e,1785340581031,sender -> receiver,0,True,1785340580831.0,-200.0,0.0,False
5fa52aa8-01b2-5993-b883-89608d13003b,1785340581036,sender -> receiver,0,True,1785340580854.0,-182.0,0.0,False
1216a2f0-e3fa-5fe3-8cca-d387cbc551ff,1785340581039,sender -> receiver,0,True,1785340580873.0,-166.0,0.0,False
66ec79c1-939f-58e6-8319-aec4adadbcfb,1785340581071,sender -> receiver,0,True,1785340580885.0,-186.0,0.0,False
15c7d42b-107f-53d5-9f78-a0f208f081c8,1785340581994,sender -> receiver,0,True,1785340581832.0,-162.0,0.0,False
4e248848-a5de-5181-9ba5-a8ab7de2669c,1785340581999,sender -> receiver,0,True,1785340581881.0,-118.0,0.0,False
8201a153-03da-5628-a49e-49791fca21cd,1785340582001,sender -> receiver,0,True,1785340581904.0,-97.0,0.0,False
f71c30a1-e466-580c-9789-b76f4503a845,1785340582003,sender -> receiver,0,True,1785340581921.0,-82.0,0.0,False
4f3c3020-eac4-5a38-96d5-3db9de80530d,1785340583052,sender -> receiver,0,True,1785340582825.0,-227.0,0.0,False
c0c9e86c-5769-574c-987a-c9bf5cb39102,1785340583059,sender -> receiver,0,True,1785340582871.0,-188.0,0.0,False
d8ab580c-eeae-532c-b54a-87fb7961e9ac,1785340583063,sender -> receiver,0,True,1785340582887.0,-176.0,0.0,False
b3a99c0b-c273-5d97-ba96-e3c8254d9114,1785340583067,sender -> receiver,0,True,1785340582900.0,-167.0,0.0,False
14a8d0fe-bb9f-54a0-8942-1488c52677d1,1785340583070,sender -> receiver,0,True,1785340582912.0,-158.0,0.0,False
bd9b8651-c9d7-552a-87e6-969ffce2e6d1,1785340584022,sender -> receiver,0,True,1785340583847.0,-175.0,0.0,False
cd004a9c-4cfd-5460-9b14-24e6faefe455,1785340584027,sender -> receiver,0,True,1785340583870.0,-157.0,0.0,False
2b7cf31d-844d-5fcc-905d-84577729fb7e,1785340584066,sender -> receiver,0,True,1785340583886.0,-180.0,0.0,False
eaf2f796-996f-550a-82dd-d5cf48ccd563,1785340584070,sender -> receiver,0,True,1785340583898.0,-172.0,0.0,False
58f5e76f-d99b-52ea-8cad-d26746491967,1785340585041,sender -> receiver,0,True,1785340584812.0,-229.0,0.0,False
fc96864b-acb9-584b-b228-02db754d1884,1785340585046,sender -> receiver,0,True,1785340584874.0,-172.0,0.0,False
a3a0f999-6b7b-596d-8c83-c9ceb87b7aa7,1785340585052,sender -> receiver,0,True,1785340584893.0,-159.0,0.0,False
421ba796-48ac-51ff-ac0a-8075453126dc,1785340585081,sender -> receiver,0,True,1785340584905.0,-176.0,0.0,False
5d1c07e6-4c4a-5c72-99ad-736e96c8d41e,1785340585979,sender -> receiver,0,True,1785340585786.0,-193.0,0.0,False
04078e8e-3a0a-5fdd-be81-0946598e48f2,1785340585999,sender -> receiver,0,True,1785340585811.0,-188.0,0.0,False
905def7e-cde8-5a50-846c-04d5bc618000,1785340586002,sender -> receiver,0,True,1785340585832.0,-170.0,0.0,False
340bb752-4750-50f3-ad09-c95e6cbf1507,1785340586008,sender -> receiver,0,True,1785340585848.0,-160.0,0.0,False
81c8bc12-44bd-5dd7-bbfb-5ceccc4846e7,1785340586975,sender -> receiver,0,True,1785340586811.0,-164.0,0.0,False
15a7c7c8-3a46-5679-962d-065b15a29ac1,1785340586979,sender -> receiver,0,True,1785340586836.0,-143.0,0.0,False
084cd35e-e805-58c0-8c7c-c65e7bbae215,1785340586984,sender -> receiver,0,True,1785340586857.0,-127.0,0.0,False
72edd9e3-a1d4-5572-8167-8f966b2ce785,1785340586986,sender -> receiver,0,True,1785340586884.0,-102.0,0.0,False
41bbf75b-883a-5949-8f7b-ab0fff4d9101,1785340587991,sender -> receiver,0,True,1785340587818.0,-173.0,0.0,False
452764f6-596a-576b-a143-ebb537130114,1785340588013,sender -> receiver,0,True,1785340587839.0,-174.0,0.0,False
6cb82503-e216-5b3a-bfd4-5ff8c489101d,1785340588016,sender -> receiver,0,True,1785340587861.0,-155.0,0.0,False
3c934a80-3b87-50ea-a771-2e1a53b7b085,1785340588022,sender -> receiver,0,True,1785340587886.0,-136.0,0.0,False
1b9c94f0-7e29-5fb4-a9ff-08ddeef64d1d,1785340588979,sender -> receiver,0,True,1785340588810.0,-169.0,0.0,False
cfe2d02b-82e8-56ba-9a40-0a48d663267f,1785340588982,sender -> receiver,0,True,1785340588834.0,-148.0,0.0,False
534073c8-c749-5946-b037-252f7e92442c,1785340588985,sender -> receiver,0,True,1785340588853.0,-132.0,0.0,False
9c66488a-3050-5ab3-8180-0fcf6a99cbc1,1785340588988,sender -> receiver,0,True,1785340588878.0,-110.0,0.0,False
61375b0d-7c2a-5e0d-b9cd-f24c598e82fd,1785340589010,sender -> receiver,0,True,1785340588891.0,-119.0,0.0,False
eb3c8c3d-2505-518d-92bb-1e3dec761b05,1785340589978,sender -> receiver,0,True,1785340589809.0,-169.0,0.0,False
509f7c69-831d-5bbe-ab50-7f17a84cd726,1785340589982,sender -> receiver,0,True,1785340589828.0,-154.0,0.0,False
82097e6f-12d3-5eee-810b-d70a47ff1b09,1785340589987,sender -> receiver,0,True,1785340589842.0,-145.0,0.0,False
31e1e55a-1cc0-59d1-9bea-6c0d4c18741d,1785340589991,sender -> receiver,0,True,1785340589865.0,-126.0,0.0,False
c504ac98-9d8b-5cac-b133-549499410755,1785340590980,sender -> receiver,0,True,1785340590814.0,-166.0,0.0,False
826209c9-0522-54d0-ac5e-40d90101d638,1785340590998,sender -> receiver,0,True,1785340590839.0,-159.0,0.0,False
f95530f1-2ed4-5621-bab5-9e644c1ba652,1785340591002,sender -> receiver,0,True,1785340590861.0,-141.0,0.0,False
5f003179-c7c2-57c0-98c3-ccf0cca9fd36,1785340591004,sender -> receiver,0,True,1785340590889.0,-115.0,0.0,False
7e3c0d14-0167-5840-9e06-1af9c936e24f,1785340591978,sender -> receiver,0,True,1785340591820.0,-158.0,0.0,False
95ffd9c8-c22a-5bed-8608-c8562de8a731,1785340591985,sender -> receiver,0,True,1785340591842.0,-143.0,0.0,False
e13e7990-cde3-5542-bab8-80c434d5e5d4,1785340591986,sender -> receiver,0,True,1785340591864.0,-122.0,0.0,False
ad7227a4-8ea5-514f-bd4f-fbd76d94c24d,1785340591989,sender -> receiver,0,True,1785340591894.0,-95.0,0.0,False
8081ee8d-90b8-5666-8afd-66ca462ab8a0,1785340592980,sender -> receiver,0,True,1785340592802.0,-178.0,0.0,False
100669c9-7a8e-5c05-a7ce-c07d5e972ee2,1785340592986,sender -> receiver,0,True,1785340592839.0,-147.0,0.0,False
e20df885-0cb8-53b1-86d3-87496fd0cfe3,1785340592989,sender -> receiver,0,True,1785340592856.0,-133.0,0.0,False
5f7ecc06-ae9e-52ce-9eac-79f43545e70e,1785340593008,sender -> receiver,0,True,1785340592871.0,-137.0,0.0,False
1b727880-7902-5910-9e06-0e873840d5c7,1785340593979,sender -> receiver,0,True,1785340593821.0,-158.0,0.0,False
ccf85f1e-c103-5a32-a45e-9e04d82fb1db,1785340593986,sender -> receiver,0,True,1785340593847.0,-139.0,0.0,False
f2c582d4-63c7-57b9-b0f8-34735b948f15,1785340593989,sender -> receiver,0,True,1785340593867.0,-122.0,0.0,False
92c2a338-f109-5f01-bf9c-8261c9c3925a,1785340593992,sender -> receiver,0,True,1785340593904.0,-88.0,0.0,False
30f9a89a-0e3d-58da-8d8e-dcb41c98bc27,1785340634708,sender -> receiver,0,True,1785340634501.0,-207.0,0.0,False
6727209a-321d-5334-8673-dc825276842c,1785340634711,sender -> receiver,0,True,1785340634531.0,-180.0,0.0,False
9a337fad-d5f3-56d1-922b-92be96c8c77a,1785340634713,sender -> receiver,0,True,1785340634555.0,-158.0,0.0,False
95f8d9cc-ae69-596e-8499-e659c4e56bbe,1785340634715,sender -> receiver,0,True,1785340634572.0,-143.0,0.0,False
d0770acf-0bce-5e50-91a6-35d3d3f072a0,1785340635689,sender -> receiver,0,True,1785340635468.0,-221.0,0.0,False
f102ec1e-b040-5f24-8df5-9972556f3e1f,1785340635699,sender -> receiver,0,True,1785340635505.0,-194.0,0.0,False
43fcffd4-e60d-59e1-9fdf-2f7251923985,1785340635733,sender -> receiver,0,True,1785340635542.0,-191.0,0.0,False
6017518f-9dd7-5807-894d-701fcf0bc0c2,1785340635737,sender -> receiver,0,True,1785340635564.0,-173.0,0.0,False
6c2dc86d-d811-5a8d-98d0-4976180314a2,1785340636685,sender -> receiver,0,True,1785340636454.0,-231.0,0.0,False
de47cd36-2c30-5974-9f6c-0024e03dab23,1785340636687,sender -> receiver,0,True,1785340636496.0,-191.0,0.0,False
44848675-606e-5112-8713-fdc00509ac28,1785340636689,sender -> receiver,0,True,1785340636517.0,-172.0,0.0,False
df10621d-96d2-5027-85fd-3ca917018d7e,1785340636691,sender -> receiver,0,True,1785340636561.0,-130.0,0.0,False
029ba93f-a4f3-5866-8557-008834ecec43,1785340637680,sender -> receiver,0,True,1785340637514.0,-166.0,0.0,False
f11557c6-082f-5b5b-9ef4-569c0fcd9981,1785340637682,sender -> receiver,0,True,1785340637520.0,-162.0,0.0,False
08f2ef4b-5c6d-5005-95d9-6f30e5b1f510,1785340637685,sender -> receiver,0,True,1785340637526.0,-159.0,0.0,False
e5821280-5595-5be5-bb76-d8b07fca21e1,1785340637687,sender -> receiver,0,True,1785340637537.0,-150.0,0.0,False
70a3137d-6afd-5156-a155-f56a1a1f6e40,1785340638735,sender -> receiver,0,True,1785340638519.0,-216.0,0.0,False
93aeaf6b-8144-58aa-abcd-0896d501afff,1785340638743,sender -> receiver,0,True,1785340638540.0,-203.0,0.0,False
5c11acde-5781-5797-8403-6ff3eaf28da6,1785340638771,sender -> receiver,0,True,1785340638548.0,-223.0,0.0,False
89f1646c-97e8-542f-9ced-a91ab01ced2d,1785340638777,sender -> receiver,0,True,1785340638585.0,-192.0,0.0,False
c650f6df-079d-5fe7-ad34-18add2f61151,1785340639726,sender -> receiver,0,True,1785340639533.0,-193.0,0.0,False
5272d603-8968-5553-b526-f25a4d151b4b,1785340639732,sender -> receiver,0,True,1785340639561.0,-171.0,0.0,False
1ff6f7c8-7a07-5be1-a500-997b602b5647,1785340639736,sender -> receiver,0,True,1785340639587.0,-149.0,0.0,False
9716cdfc-4591-5bb8-83bb-4daed2ea52ac,1785340639740,sender -> receiver,0,True,1785340639609.0,-131.0,0.0,False
2c63de62-1cee-58a9-b92d-75b09e3361b4,1785340640676,sender -> receiver,0,True,1785340640462.0,-214.0,0.0,False
0d17ec7b-da1d-5c90-a0f8-ee6f239f689f,1785340640678,sender -> receiver,0,True,1785340640495.0,-183.0,0.0,False
d7a8742c-1291-5d7e-a332-3b3d8d7d4a22,1785340640680,sender -> receiver,0,True,1785340640520.0,-160.0,0.0,False
f1330af9-274b-589a-85b3-20ac28b26351,1785340641729,sender -> receiver,0,True,1785340641549.0,-180.0,0.0,False
e7a55452-6cf1-595b-8d25-4ccc14df62ad,1785340641734,sender -> receiver,0,True,1785340641569.0,-165.0,0.0,False
f510321f-464f-582f-9981-14c2a513155e,1785340641739,sender -> receiver,0,True,1785340641585.0,-154.0,0.0,False
dcb88564-4216-5fc8-9fc5-74a84fa81b33,1785340641743,sender -> receiver,0,True,1785340641614.0,-129.0,0.0,False
fcb4e7b9-f5a2-523d-8197-b07752ab25b5,1785340642719,sender -> receiver,0,True,1785340642564.0,-155.0,0.0,False
8b2fed32-d7c1-5beb-a30a-66a2f2bf9aed,1785340642724,sender -> receiver,0,True,1785340642581.0,-143.0,0.0,False
98ea876f-2cb6-55a1-9216-74a4b5370f88,1785340642750,sender -> receiver,0,True,1785340642596.0,-154.0,0.0,False
cac0ec15-a452-5bfb-93f1-4ae7d55ccbf8,1785340642753,sender -> receiver,0,True,1785340642621.0,-132.0,0.0,False
403298cb-17a9-5a79-9089-1f59a958830f,1785340643702,sender -> receiver,0,True,1785340643513.0,-189.0,0.0,False
44e2efb6-063f-5c3c-bb07-aa92f9af37ed,1785340643707,sender -> receiver,0,True,1785340643540.0,-167.0,0.0,False
5abce2bf-c43b-57a0-b25e-3d6d04798abb,1785340643729,sender -> receiver,0,True,1785340643559.0,-170.0,0.0,False
5c60a436-e7f9-5886-82cd-5c51d3575d96,1785340643732,sender -> receiver,0,True,1785340643575.0,-157.0,0.0,False
6e2086f5-efae-5fcf-9060-81b8306c1e2e,1785340644756,sender -> receiver,0,True,1785340644558.0,-198.0,0.0,False
32c3534f-2a56-5532-ab31-63d2b2e8f7ed,1785340644760,sender -> receiver,0,True,1785340644591.0,-169.0,0.0,False
cea65691-ace5-5943-a4eb-1feb176bd727,1785340644765,sender -> receiver,0,True,1785340644611.0,-154.0,0.0,False
9d34fc08-ebef-5e5a-8745-5dadf1cc4f07,1785340644784,sender -> receiver,0,True,1785340644629.0,-155.0,0.0,False
f6c9d656-6f10-57c3-adf0-097816857e70,1785340645676,sender -> receiver,0,True,1785340645468.0,-208.0,0.0,False
ee07170b-f1f8-5e80-9292-2d6ce1a8569e,1785340645678,sender -> receiver,0,True,1785340645513.0,-165.0,0.0,False
461d5f95-2641-5584-9ce2-33c98f341bce,1785340645694,sender -> receiver,0,True,1785340645534.0,-160.0,0.0,False
71f04be1-bbb7-50c8-9450-20bf480511b0,1785340645696,sender -> receiver,0,True,1785340645554.0,-142.0,0.0,False
11507922-5203-54f7-8205-b1b728df88e5,1785340646675,sender -> receiver,0,True,1785340646505.0,-170.0,0.0,False
408ccdce-e107-526d-a9b8-11ed09d8d900,1785340646678,sender -> receiver,0,True,1785340646538.0,-140.0,0.0,False
97fa19e3-d17a-5799-8ce5-87a4226711c9,1785340646682,sender -> receiver,0,True,1785340646563.0,-119.0,0.0,False
6c89e58c-9db7-5e79-98b2-9a444350397e,1785340647719,sender -> receiver,0,True,1785340647528.0,-191.0,0.0,False
74af9e5b-6c9d-5d3b-8fac-a0a8020a7c7a,1785340647725,sender -> receiver,0,True,1785340647549.0,-176.0,0.0,False
5c0a2324-3096-5317-8712-294ac043a16e,1785340647749,sender -> receiver,0,True,1785340647567.0,-182.0,0.0,False
e4159684-8db1-5483-b979-aaaaa9999a32,1785340647754,sender -> receiver,0,True,1785340647578.0,-176.0,0.0,False
f5dadbe5-cb4c-5fb4-abdb-e98caac01ef6,1785340648687,sender -> receiver,0,True,1785340648477.0,-210.0,0.0,False
9bdc4faa-1644-5b72-be76-82f2cc3e3456,1785340648692,sender -> receiver,0,True,1785340648488.0,-204.0,0.0,False
07a24605-a41c-5e50-878b-427caa93931e,1785340648694,sender -> receiver,0,True,1785340648516.0,-178.0,0.0,False
da568e06-bde1-5ee1-b42e-02b8306dc1de,1785340648697,sender -> receiver,0,True,1785340648531.0,-166.0,0.0,False
e874834e-1a41-52c9-b398-35e92fdfa276,1785340649741,sender -> receiver,0,True,1785340649542.0,-199.0,0.0,False
c10b599a-3519-5103-938c-37a136da1ccf,1785340649748,sender -> receiver,0,True,1785340649557.0,-191.0,0.0,False
6b6b1fc1-2843-525d-b974-324fc7b9d6d0,1785340649778,sender -> receiver,0,True,1785340649569.0,-209.0,0.0,False
dc85ef38-5781-5777-989c-fb7ebbca1c3b,1785340649787,sender -> receiver,0,True,1785340649603.0,-184.0,0.0,False
2c6cea57-b744-5c35-ab1d-77428caa5b93,1785340650708,sender -> receiver,0,True,1785340650520.0,-188.0,0.0,False
a6c5560d-10d9-510b-8588-90ba1147be39,1785340650714,sender -> receiver,0,True,1785340650545.0,-169.0,0.0,False
5e9c4d2a-f4be-5bf5-a3fc-18bc4754dcfe,1785340650722,sender -> receiver,0,True,1785340650564.0,-158.0,0.0,False
b9140069-eb7b-556b-8121-c5eed6447032,1785340650725,sender -> receiver,0,True,1785340650582.0,-143.0,0.0,False
e69ff550-359d-58fd-96f0-71641134da87,1785340651689,sender -> receiver,0,True,1785340651495.0,-194.0,0.0,False
49bc6075-da66-571b-b112-66e5a49eec43,1785340651693,sender -> receiver,0,True,1785340651512.0,-181.0,0.0,False
f3879773-f458-5983-be26-5caa2048e06e,1785340651697,sender -> receiver,0,True,1785340651526.0,-171.0,0.0,False
55c5b3a3-65fc-5f5d-a671-bb51c0711d8f,1785340651700,sender -> receiver,0,True,1785340651540.0,-160.0,0.0,False
3ccea60e-4ddd-5754-b649-e8bcc9c0ab31,1785340652691,sender -> receiver,0,True,1785340652486.0,-205.0,0.0,False
9c6caadf-ebfe-5ffc-800a-6a9335bba1c6,1785340652695,sender -> receiver,0,True,1785340652509.0,-186.0,0.0,False
c8b3723a-f174-5df2-8553-af70837c0258,1785340652698,sender -> receiver,0,True,1785340652536.0,-162.0,0.0,False
5e9ea44b-b5ac-5567-a9ae-1e9346ba8075,1785340652701,sender -> receiver,0,True,1785340652555.0,-146.0,0.0,False
b9781cac-c389-5628-b3a6-59b76c61fc4d,1785340653684,sender -> receiver,0,True,1785340653464.0,-220.0,0.0,False
99351dd7-622d-509a-9346-a988bcd4bc59,1785340653687,sender -> receiver,0,True,1785340653495.0,-192.0,0.0,False
7dcd2583-a097-5f68-8913-5094574471a0,1785340653690,sender -> receiver,0,True,1785340653515.0,-175.0,0.0,False
1bff1bc0-24b4-55c8-9394-083a53b5eaea,1785340654695,sender -> receiver,0,True,1785340654512.0,-183.0,0.0,False
ce193a7a-30d2-5b6b-9f2d-7194a571120d,1785340654697,sender -> receiver,0,True,1785340654524.0,-173.0,0.0,False
f8c8e94d-58e8-5d48-856b-b6e9ffb89e78,1785340654699,sender -> receiver,0,True,1785340654535.0,-164.0,0.0,False
03b37878-3be9-5844-b9f3-706c324eb8af,1785340654701,sender -> receiver,0,True,1785340654554.0,-147.0,0.0,False
fbee3061-ad56-52f5-a39b-3b4b716da481,1785340655686,sender -> receiver,0,True,1785340655487.0,-199.0,0.0,False
e1a67cb0-90ad-5ad8-b969-8f5e72999ee2,1785340655693,sender -> receiver,0,True,1785340655512.0,-181.0,0.0,False
87e74464-1484-5e9c-97e4-ecdb95449916,1785340655696,sender -> receiver,0,True,1785340655532.0,-164.0,0.0,False
da37fead-3a4f-5894-9437-cc0a9e58b32d,1785340655703,sender -> receiver,0,True,1785340655553.0,-150.0,0.0,False
fbd5ef4d-d9a3-5d01-a954-f562068f5fd8,1785340656688,sender -> receiver,0,True,1785340656476.0,-212.0,0.0,False
35849eaa-0c14-5471-b107-e1c107622d4a,1785340656691,sender -> receiver,0,True,1785340656518.0,-173.0,0.0,False
792c8a1a-0c76-5d78-a9f8-6d381468ba41,1785340656693,sender -> receiver,0,True,1785340656533.0,-160.0,0.0,False
a54bacdf-af87-504d-b4f8-da1af4bdc32c,1785340656696,sender -> receiver,0,True,1785340656548.0,-148.0,0.0,False
4a6cd3ab-5662-53cc-aee6-6a5d7560a7e9,1785340657685,sender -> receiver,0,True,1785340657491.0,-194.0,0.0,False
7c287298-d554-5fbd-9fb3-51b9ee1094fc,1785340657688,sender -> receiver,0,True,1785340657511.0,-177.0,0.0,False
abd9ceb0-55c7-56ce-9484-c03d9305e85b,1785340657699,sender -> receiver,0,True,1785340657530.0,-169.0,0.0,False
c80a93ce-a55e-5f45-bfc7-460004875472,1785340657716,sender -> receiver,0,True,1785340657569.0,-147.0,0.0,False
c9ff247d-e28b-50c8-bfec-39ebfe7f9198,1785340658718,sender -> receiver,0,True,1785340658520.0,-198.0,0.0,False
1eb25e48-ab13-5937-aaf0-9bc4e6bfd7ff,1785340658723,sender -> receiver,0,True,1785340658547.0,-176.0,0.0,False
f6e5ea10-fe28-5968-970d-b6d24ab45753,1785340658749,sender -> receiver,0,True,1785340658569.0,-180.0,0.0,False
f94bb304-c16c-51c2-accc-c645d5976444,1785340658752,sender -> receiver,0,True,1785340658606.0,-146.0,0.0,False
e75fd820-f2c8-5150-9ca6-ad12fbeeee45,1785340659685,sender -> receiver,0,True,1785340659513.0,-172.0,0.0,False
5e443087-985d-589a-a934-ffa80ec2442d,1785340659689,sender -> receiver,0,True,1785340659532.0,-157.0,0.0,False
7397842f-e785-5189-8f32-4567f869762e,1785340659691,sender -> receiver,0,True,1785340659545.0,-146.0,0.0,False
b6dcf5aa-a42e-5a7b-a4ed-42c2423d2fdf,1785340699876,sender -> receiver,0,True,1785340699652.0,-224.0,0.0,False
960cad48-c56e-52d3-9ec7-63ed57d4f3cd,1785340699881,sender -> receiver,0,True,1785340699690.0,-191.0,0.0,False
f29f1352-465c-5417-bd26-f38549f619aa,1785340699895,sender -> receiver,0,True,1785340699710.0,-185.0,0.0,False
835bc0ac-a7c6-5d89-996c-e64d5a73b5c1,1785340699897,sender -> receiver,0,True,1785340699727.0,-170.0,0.0,False
05caa0f8-9675-5652-b3c9-1bed512b3aa5,1785340700882,sender -> receiver,0,True,1785340700658.0,-224.0,0.0,False
2e4b8fe0-acf4-5daf-b146-763bb466c213,1785340700884,sender -> receiver,0,True,1785340700692.0,-192.0,0.0,False
6f6c67b5-b477-523c-bc5b-55a435918300,1785340700887,sender -> receiver,0,True,1785340700718.0,-169.0,0.0,False
f74bc51f-e933-5dd0-af8c-6943c5afeebd,1785340700890,sender -> receiver,0,True,1785340700747.0,-143.0,0.0,False
7494dd64-2dfe-5f23-b443-827e3b67c810,1785340701883,sender -> receiver,0,True,1785340701664.0,-219.0,0.0,False
58d22091-229b-55a6-b14a-9f42ca305cbf,1785340701885,sender -> receiver,0,True,1785340701700.0,-185.0,0.0,False
f26624de-66cc-5952-b88f-8e1fd17b4661,1785340701887,sender -> receiver,0,True,1785340701725.0,-162.0,0.0,False
a82df5cf-197b-51f9-b6b3-0ef055ccd5fe,1785340701890,sender -> receiver,0,True,1785340701750.0,-140.0,0.0,False
8fc0f240-0399-5d93-89f1-c47e11d28c7a,1785340702888,sender -> receiver,0,True,1785340702689.0,-199.0,0.0,False
32f1f391-b628-5e68-8a58-e7ca03025853,1785340702890,sender -> receiver,0,True,1785340702716.0,-174.0,0.0,False
0bdb94ee-66f0-5836-a418-51046955e0f9,1785340702892,sender -> receiver,0,True,1785340702733.0,-159.0,0.0,False
ec6903ae-301d-513d-899d-04a750be8c8c,1785340702894,sender -> receiver,0,True,1785340702757.0,-137.0,0.0,False
97eb2b09-f758-55e7-9d88-0ffac6ef3934,1785340703900,sender -> receiver,0,True,1785340703722.0,-178.0,0.0,False
5eef990d-105b-5273-b854-54ee8cea3d3c,1785340703908,sender -> receiver,0,True,1785340703750.0,-158.0,0.0,False
12d026f9-7c24-5bff-b963-0a7f29badcdf,1785340703914,sender -> receiver,0,True,1785340703764.0,-150.0,0.0,False
3dd50f4d-0bc7-571d-b887-1c4dad485d09,1785340703918,sender -> receiver,0,True,1785340703777.0,-141.0,0.0,False
d9ff1bce-3823-54a7-85fa-57f012b3c05c,1785340704890,sender -> receiver,0,True,1785340704680.0,-210.0,0.0,False
1ef31cae-53ea-5f9e-a79b-baab924627fe,1785340704892,sender -> receiver,0,True,1785340704732.0,-160.0,0.0,False
881ed8ba-365c-554f-8001-a4354b0ce961,1785340704894,sender -> receiver,0,True,1785340704757.0,-137.0,0.0,False
1c675f57-009e-5d2d-be0c-ddcc111c39e1,1785340704911,sender -> receiver,0,True,1785340704776.0,-135.0,0.0,False
1902a857-3712-53cb-a81c-28d31e37a638,1785340705937,sender -> receiver,0,True,1785340705755.0,-182.0,0.0,False
8f79ebdb-e076-5e49-a537-855e038e534e,1785340705945,sender -> receiver,0,True,1785340705773.0,-172.0,0.0,False
5a071aa8-f31b-5885-8624-ce0cecb196a4,1785340705950,sender -> receiver,0,True,1785340705789.0,-161.0,0.0,False
528d2c7f-588a-5a7a-a82c-eaaddac924a5,1785340706879,sender -> receiver,0,True,1785340706743.0,-136.0,0.0,False
a4d9ed86-8a9c-58ae-b2b2-5b5463699bc9,1785340706883,sender -> receiver,0,True,1785340706800.0,-83.0,0.0,False
c2988648-6188-5ea9-92f3-e08e685749e8,1785340706886,sender -> receiver,0,True,1785340706814.0,-72.0,0.0,False
66d6fd38-60db-566e-b255-58cb17eceabe,1785340706902,sender -> receiver,0,True,1785340706838.0,-64.0,0.0,False
5a309bbc-f426-5d11-95e0-87ffb6f23948,1785340707919,sender -> receiver,0,True,1785340707739.0,-180.0,0.0,False
af1217fa-9593-568a-aef7-3d6ccc243879,1785340707950,sender -> receiver,0,True,1785340707765.0,-185.0,0.0,False
56b27d8c-9bf2-57de-b2ea-6547841e25d3,1785340707955,sender -> receiver,0,True,1785340707780.0,-175.0,0.0,False
2080ebf0-b1d3-5ba6-adf2-f2dc00db7306,1785340707961,sender -> receiver,0,True,1785340707811.0,-150.0,0.0,False
57ce6107-8455-5840-bd14-8842764d84df,1785340708880,sender -> receiver,0,True,1785340708715.0,-165.0,0.0,False
6255bb14-0dd0-5b08-8382-86601ba369cc,1785340708883,sender -> receiver,0,True,1785340708738.0,-145.0,0.0,False
408b6c91-053b-5a47-a526-135e9b0ced37,1785340708886,sender -> receiver,0,True,1785340708763.0,-123.0,0.0,False
96dcc511-c260-5e0d-ac4f-ebada3297fa4,1785340708888,sender -> receiver,0,True,1785340708780.0,-108.0,0.0,False
529c7745-b011-5871-9fe4-35145a9e4fde,1785340709890,sender -> receiver,0,True,1785340709770.0,-120.0,0.0,False
066bd98b-bf44-57f2-bb2b-298ffd67b144,1785340709895,sender -> receiver,0,True,1785340709787.0,-108.0,0.0,False
b0940b42-be4b-5e03-a181-1f7d01445da3,1785340709898,sender -> receiver,0,True,1785340709801.0,-97.0,0.0,False
9021a449-ab76-53e7-b3c0-e2975857ae6a,1785340709902,sender -> receiver,0,True,1785340709814.0,-88.0,0.0,False
c178aa95-f20a-5f0f-ac40-501f3d92c0d1,1785340710884,sender -> receiver,0,True,1785340710790.0,-94.0,0.0,False
7ca076f5-be97-5061-9db8-46afa1cfa1ff,1785340710887,sender -> receiver,0,True,1785340710813.0,-74.0,0.0,False
69bfb6ed-57d2-5890-a261-599fcf8d549c,1785340710903,sender -> receiver,0,True,1785340710835.0,-68.0,0.0,False
e3b27866-b41f-5ca6-bb6a-b78294ffbb79,1785340710905,sender -> receiver,0,True,1785340710855.0,-50.0,0.0,False
1a2fce5f-7678-52a8-84bd-1b79e2f0341e,1785340711933,sender -> receiver,0,True,1785340711737.0,-196.0,0.0,False
6e7d3ac9-6aae-5e81-b7c3-123e545c2f30,1785340711940,sender -> receiver,0,True,1785340711748.0,-192.0,0.0,False
f714c79f-163e-506b-949c-0c3a9f98a2be,1785340711968,sender -> receiver,0,True,1785340711802.0,-166.0,0.0,False
6b82a21a-1583-5159-b735-0e2c1877c0f9,1785340712913,sender -> receiver,0,True,1785340712745.0,-168.0,0.0,False
ea0cdc1c-d9f8-5eaf-8eab-d96f6f373786,1785340712936,sender -> receiver,0,True,1785340712771.0,-165.0,0.0,False
ebf40895-4d52-52fe-8b08-ae36d67b4868,1785340712941,sender -> receiver,0,True,1785340712826.0,-115.0,0.0,False
2ddddb83-0af9-5a94-80db-554ecb2dc560,1785340712944,sender -> receiver,0,True,1785340712844.0,-100.0,0.0,False
f3d19a9c-f01c-52b8-81d0-278f4d925233,1785340713924,sender -> receiver,0,True,1785340713713.0,-211.0,0.0,False
b30e7850-1bf1-5530-a8f4-cb37a6480336,1785340713931,sender -> receiver,0,True,1785340713740.0,-191.0,0.0,False
0d12d545-ab52-5be5-80d9-c53be4131cfa,1785340713957,sender -> receiver,0,True,1785340713755.0,-202.0,0.0,False
63dea894-5de4-55b3-b7d4-38fa4e937068,1785340713962,sender -> receiver,0,True,1785340713789.0,-173.0,0.0,False
c6f82421-ff04-52d0-8281-40f866c05f0b,1785340714890,sender -> receiver,0,True,1785340714720.0,-170.0,0.0,False
2b1f8396-7813-5980-9ddf-653398b32d02,1785340714906,sender -> receiver,0,True,1785340714748.0,-158.0,0.0,False
d3702d75-299e-5a7a-a11f-ff2205a510fe,1785340714910,sender -> receiver,0,True,1785340714776.0,-134.0,0.0,False
383d3a99-2d41-5161-b38d-7c2d8cb7c7c6,1785340714915,sender -> receiver,0,True,1785340714794.0,-121.0,0.0,False
a82c0ef6-5f09-5a31-ac61-1bf012d56e07,1785340715921,sender -> receiver,0,True,1785340715773.0,-148.0,0.0,False
ed04acc7-2d10-59e8-b9c1-b1224fa83a6c,1785340715926,sender -> receiver,0,True,1785340715795.0,-131.0,0.0,False
79059360-e404-53ac-b862-77e323097d7f,1785340715932,sender -> receiver,0,True,1785340715810.0,-122.0,0.0,False
a9906e4d-e159-50cd-b265-74d345726f9a,1785340715936,sender -> receiver,0,True,1785340715822.0,-114.0,0.0,False
49e655cc-f608-5b5d-93c3-77a495f4a6c2,1785340716885,sender -> receiver,0,True,1785340716747.0,-138.0,0.0,False
763e8740-fca2-553f-8c81-ca8b85cb6c27,1785340716890,sender -> receiver,0,True,1785340716763.0,-127.0,0.0,False
ac69bd33-bde8-58e2-9a56-b509f2901714,1785340716893,sender -> receiver,0,True,1785340716779.0,-114.0,0.0,False
275389b9-23c7-5a6b-ae0d-038bb42b9fc8,1785340716896,sender -> receiver,0,True,1785340716790.0,-106.0,0.0,False
e0b68d3f-a310-5fe7-b359-5b5df9bb25ca,1785340717888,sender -> receiver,0,True,1785340717679.0,-209.0,0.0,False
1fb25adf-e8a1-5d71-a8e4-9679af77fdf1,1785340717894,sender -> receiver,0,True,1785340717710.0,-184.0,0.0,False
7ded9b09-5317-587f-a462-710d25203210,1785340717898,sender -> receiver,0,True,1785340717731.0,-167.0,0.0,False
413286ee-9f5f-5530-bca1-fae99952c723,1785340717915,sender -> receiver,0,True,1785340717793.0,-122.0,0.0,False
4403587b-91fe-5a38-a140-4039cc539b1f,1785340718882,sender -> receiver,0,True,1785340718679.0,-203.0,0.0,False
50fbc535-981c-5ee3-aaae-4f26c530e82e,1785340718886,sender -> receiver,0,True,1785340718688.0,-198.0,0.0,False
289a283e-bdc4-5cf0-8700-8823a16e1de6,1785340718890,sender -> receiver,0,True,1785340718697.0,-193.0,0.0,False
fbee18f7-3862-57ab-97ab-b1faafb14189,1785340719887,sender -> receiver,0,True,1785340719703.0,-184.0,0.0,False
5bf5a20b-1d1c-5a1d-8fc4-bc69b8df6ccc,1785340719891,sender -> receiver,0,True,1785340719727.0,-164.0,0.0,False
5ec3de12-7ed2-58f6-b12d-cdf623ae99d6,1785340719894,sender -> receiver,0,True,1785340719749.0,-145.0,0.0,False
4b8a004a-4ca4-5903-99ae-bc9d61ac1d4e,1785340719896,sender -> receiver,0,True,1785340719762.0,-134.0,0.0,False
c6295f07-c652-5ba5-89de-4cbd79b20c49,1785340720887,sender -> receiver,0,True,1785340720704.0,-183.0,0.0,False
7aac21bb-e1fa-5328-a9d6-31e22c496504,1785340720891,sender -> receiver,0,True,1785340720725.0,-166.0,0.0,False
fbec4c7a-6e47-5a84-b5e6-3dca04ce3728,1785340720894,sender -> receiver,0,True,1785340720741.0,-153.0,0.0,False
bc5e9099-4f7c-5f69-b5a9-60c74d3c4077,1785340720896,sender -> receiver,0,True,1785340720754.0,-142.0,0.0,False
2240b213-ed71-5618-afba-cdfedfa64ac4,1785340721887,sender -> receiver,0,True,1785340721705.0,-182.0,0.0,False
0128b63b-0ceb-5968-a6b9-e1ec4b3b6d5c,1785340721891,sender -> receiver,0,True,1785340721717.0,-174.0,0.0,False
63645e4b-563a-5c52-adcf-1eccbe977c8b,1785340721894,sender -> receiver,0,True,1785340721727.0,-167.0,0.0,False
b289bc02-9b0a-58be-a9b6-216ebe888a5b,1785340721910,sender -> receiver,0,True,1785340721748.0,-162.0,0.0,False
055fb922-3d09-5e67-902c-85b7e92a1fb3,1785340722885,sender -> receiver,0,True,1785340722673.0,-212.0,0.0,False
d077054e-a9ab-5bba-8324-1296a00c699e,1785340722891,sender -> receiver,0,True,1785340722682.0,-209.0,0.0,False
db593fea-5120-5d12-b8a1-84f99d513ca8,1785340722896,sender -> receiver,0,True,1785340722715.0,-181.0,0.0,False
17f23694-a36e-5703-9b15-bf1a27c53858,1785340722912,sender -> receiver,0,True,1785340722730.0,-182.0,0.0,False
e5dfbdd9-7cf2-5d2e-ab6f-ab65b76fefb2,1785340723887,sender -> receiver,0,True,1785340723707.0,-180.0,0.0,False
e63f3eae-e16d-5c39-b984-1553db6f9b4b,1785340723893,sender -> receiver,0,True,1785340723737.0,-156.0,0.0,False
2fde958c-1b27-5948-8597-3a5d99d561ef,1785340723896,sender -> receiver,0,True,1785340723758.0,-138.0,0.0,False
08094951-a860-598e-868d-f498dbb645fd,1785340723901,sender -> receiver,0,True,1785340723783.0,-118.0,0.0,False
f6363f6b-2a98-50a0-b247-f6dba37ece6a,1785340724884,sender -> receiver,0,True,1785340724700.0,-184.0,0.0,False
16ac7174-6081-508e-91ad-fa96e5828776,1785340724888,sender -> receiver,0,True,1785340724719.0,-169.0,0.0,False
b6dd8cd2-2cdf-5fd7-ac40-2d05f3a84ad1,1785340724893,sender -> receiver,0,True,1785340724733.0,-160.0,0.0,False
06daaaf0-42ca-5915-9cad-b7faefb27236,1785340765071,sender -> receiver,0,True,1785340764847.0,-224.0,0.0,False
8e553a5a-c399-5861-aa39-cf247af3d874,1785340765074,sender -> receiver,0,True,1785340764872.0,-202.0,0.0,False
fb97b730-08d9-5e55-accc-9e83c310854e,1785340765095,sender -> receiver,0,True,1785340764883.0,-212.0,0.0,False
8a88aa08-674e-5336-a664-b3023425d7e7,1785340765100,sender -> receiver,0,True,1785340764910.0,-190.0,0.0,False
25d79c2d-d9a4-5265-b812-4a931c28cae0,1785340766038,sender -> receiver,0,True,1785340765814.0,-224.0,0.0,False
2cdb9562-db09-515a-8a42-08eb233584d8,1785340766040,sender -> receiver,0,True,1785340765851.0,-189.0,0.0,False
63e42a8f-a8b8-5d54-9f61-f0a03fa0008a,1785340766045,sender -> receiver,0,True,1785340765878.0,-167.0,0.0,False
e906934c-22c4-5250-b611-e19c3ab2397b,1785340766047,sender -> receiver,0,True,1785340765915.0,-132.0,0.0,False
89e6d678-64ee-5a54-86df-abfd575602b7,1785340767049,sender -> receiver,0,True,1785340766843.0,-206.0,0.0,False
c9e919c6-159d-51ad-8a8c-4f49c3c3278f,1785340767062,sender -> receiver,0,True,1785340766870.0,-192.0,0.0,False
d80fe99c-0c4a-529c-82b0-174e66470d7a,1785340767065,sender -> receiver,0,True,1785340766892.0,-173.0,0.0,False
735d8e25-2683-5a15-9ef4-82969382ef31,1785340767078,sender -> receiver,0,True,1785340766906.0,-172.0,0.0,False
63d6963c-f0a4-5348-bad0-9cba1491ea6d,1785340768095,sender -> receiver,0,True,1785340767897.0,-198.0,0.0,False
21201654-6d7b-5611-a12d-8b8a4416d217,1785340768102,sender -> receiver,0,True,1785340767915.0,-187.0,0.0,False
f92bfed7-b23f-509c-b88d-1ec1bbc323fa,1785340768128,sender -> receiver,0,True,1785340767932.0,-196.0,0.0,False
80b67c6b-8026-58d9-ad62-e3bed4569a71,1785340768133,sender -> receiver,0,True,1785340767977.0,-156.0,0.0,False
0462bdb8-d048-55d7-adaf-5e472ca653ff,1785340769064,sender -> receiver,0,True,1785340768838.0,-226.0,0.0,False
3bc2c658-a91b-5f96-83f2-e69e57be0a44,1785340769066,sender -> receiver,0,True,1785340768854.0,-212.0,0.0,False
801e35d9-eb31-51ae-b638-7aa958c52b02,1785340769069,sender -> receiver,0,True,1785340768867.0,-202.0,0.0,False
3dd793a3-898f-5dd8-851f-5e80d1741a5b,1785340769072,sender -> receiver,0,True,1785340768879.0,-193.0,0.0,False
a5b49e70-693c-571f-90c6-d6360ca8000b,1785340770056,sender -> receiver,0,True,1785340769890.0,-166.0,0.0,False
5bf86182-5b8c-5ebb-8b60-4e2512142692,1785340770059,sender -> receiver,0,True,1785340769919.0,-140.0,0.0,False
b4565dc1-d901-576f-813a-905990acd123,1785340770061,sender -> receiver,0,True,1785340769939.0,-122.0,0.0,False
9b67e9fa-e54d-5814-bf3b-f76d33e14d96,1785340770063,sender -> receiver,0,True,1785340769973.0,-90.0,0.0,False
d3e823c7-2bff-52b5-84a4-a3fd4720f86e,1785340771064,sender -> receiver,0,True,1785340770891.0,-173.0,0.0,False
b9d7edfb-5f59-58f1-aa08-c221da366939,1785340771067,sender -> receiver,0,True,1785340770914.0,-153.0,0.0,False
460ee9e4-3ebe-537f-832e-7447989a1f2f,1785340771069,sender -> receiver,0,True,1785340770929.0,-140.0,0.0,False
56a8eae5-be98-50b2-b224-73aedf1c517c,1785340772067,sender -> receiver,0,True,1785340771864.0,-203.0,0.0,False
2180dbba-2515-5d6b-8a31-8e0678d0e3c5,1785340772071,sender -> receiver,0,True,1785340771884.0,-187.0,0.0,False
74f7ac84-7013-54dc-a1ac-be31a38a3d78,1785340772075,sender -> receiver,0,True,1785340771902.0,-173.0,0.0,False
9d4a916a-4e4c-59f4-bb5f-4e3bf67a047b,1785340772079,sender -> receiver,0,True,1785340771921.0,-158.0,0.0,False
562b6f73-bd0d-5530-b20c-3fddabb54da9,1785340773067,sender -> receiver,0,True,1785340772852.0,-215.0,0.0,False
1eb8991b-79ca-5cfb-b53a-491b0a3f2474,1785340773071,sender -> receiver,0,True,1785340772876.0,-195.0,0.0,False
6ca783d7-d641-52a6-8733-1d34877115dc,1785340773075,sender -> receiver,0,True,1785340772897.0,-178.0,0.0,False
dace69bf-1d03-5871-b76d-21366c22e74d,1785340773096,sender -> receiver,0,True,1785340772924.0,-172.0,0.0,False
cad86bf1-3c6d-5ae8-b15a-fe9653b9a32b,1785340774079,sender -> receiver,0,True,1785340773884.0,-195.0,0.0,False
267c1819-037d-5816-8b94-f9ee6216c447,1785340774083,sender -> receiver,0,True,1785340773908.0,-175.0,0.0,False
61c2f78c-3880-52a6-8318-2149e1581cdf,1785340774089,sender -> receiver,0,True,1785340773925.0,-164.0,0.0,False
31e0f426-b9e0-56d7-a4c8-6715330cf927,1785340774112,sender -> receiver,0,True,1785340773949.0,-163.0,0.0,False
59e0e811-783a-5a75-92bc-a13a65f2d6a1,1785340775042,sender -> receiver,0,True,1785340774836.0,-206.0,0.0,False
5df1a4ca-1488-51f3-b7b4-a9002cc3f56e,1785340775044,sender -> receiver,0,True,1785340774855.0,-189.0,0.0,False
18c00d8a-dcda-51ce-b54f-ce4a0f08952b,1785340775046,sender -> receiver,0,True,1785340774868.0,-178.0,0.0,False
1deacb97-dfc1-5c2d-839b-33a38ce2c6f7,1785340775049,sender -> receiver,0,True,1785340774879.0,-170.0,0.0,False
5fb33f73-bbc3-5623-b681-f7fc89d1cd3e,1785340776042,sender -> receiver,0,True,1785340775859.0,-183.0,0.0,False
7e2c5a7f-6f66-52af-a472-a3e2cd5a3f24,1785340776044,sender -> receiver,0,True,1785340775871.0,-173.0,0.0,False
c4cf83e8-ead2-5c50-9145-802f2c707ef7,1785340776046,sender -> receiver,0,True,1785340775902.0,-144.0,0.0,False
3fb46ce7-bd87-582e-bce9-b03d8112ca65,1785340776061,sender -> receiver,0,True,1785340775915.0,-146.0,0.0,False
3db58ffc-0b85-5c4c-ba6f-176eb183a420,1785340777064,sender -> receiver,0,True,1785340776855.0,-209.0,0.0,False
14d4b1f8-c7e2-5249-b795-cf5f0b449036,1785340777067,sender -> receiver,0,True,1785340776874.0,-193.0,0.0,False
9288b515-2633-5baa-bb5f-d04c2608dc65,1785340777069,sender -> receiver,0,True,1785340776893.0,-176.0,0.0,False
14c0077d-906a-5e71-a291-c92b07935fbb,1785340778058,sender -> receiver,0,True,1785340777840.0,-218.0,0.0,False
b212a4ba-950b-5b4a-87c5-ade7ee7f86e1,1785340778061,sender -> receiver,0,True,1785340777864.0,-197.0,0.0,False
a648988c-aa9e-5055-b6db-7d5fb9834539,1785340778064,sender -> receiver,0,True,1785340777881.0,-183.0,0.0,False
d9184f8e-464f-5532-b14b-afbdc9a629fd,1785340778066,sender -> receiver,0,True,1785340777896.0,-170.0,0.0,False
1ddae561-6a2c-5139-a58c-534eb7a117e2,1785340779075,sender -> receiver,0,True,1785340778940.0,-135.0,0.0,False
927e1678-2844-56d9-a456-89a868fd550f,1785340779078,sender -> receiver,0,True,1785340778964.0,-114.0,0.0,False
79a9208c-f8bf-5d45-be06-6d6eb0fdc64d,1785340779080,sender -> receiver,0,True,1785340778987.0,-93.0,0.0,False
9022977a-b3b7-5417-b3e6-40e1a03fd9a0,1785340779082,sender -> receiver,0,True,1785340779002.0,-80.0,0.0,False
620e6999-2657-5299-8120-01b696657c8d,1785340780040,sender -> receiver,0,True,1785340779862.0,-178.0,0.0,False
34069eed-165b-5cd5-9bf3-d585deb7ffd7,1785340780042,sender -> receiver,0,True,1785340779886.0,-156.0,0.0,False
7b57fc6c-4041-5a93-8163-77821c34e1c9,1785340780044,sender -> receiver,0,True,1785340779906.0,-138.0,0.0,False
d53a40b0-d17d-598f-82e6-f30eb13c9de3,1785340780060,sender -> receiver,0,True,1785340779923.0,-137.0,0.0,False
812ba135-bfca-5055-9a94-c99bc0f85715,1785340781039,sender -> receiver,0,True,1785340780873.0,-166.0,0.0,False
b0ba3acd-d0be-53ed-ba13-6c883f79e2ac,1785340781042,sender -> receiver,0,True,1785340780882.0,-160.0,0.0,False
8b142d4a-ba36-5764-9acf-c08507875540,1785340781056,sender -> receiver,0,True,1785340780892.0,-164.0,0.0,False
40103ed7-2545-5238-9d25-4355af0b51fc,1785340781059,sender -> receiver,0,True,1785340780908.0,-151.0,0.0,False
3730c274-8a62-5c32-841f-ad00329fcc50,1785340782054,sender -> receiver,0,True,1785340781853.0,-201.0,0.0,False
568b2f1e-1d77-50d2-b265-04bdf00a1cd4,1785340782056,sender -> receiver,0,True,1785340781870.0,-186.0,0.0,False
ef7a8cb8-b313-5696-a407-f58e56e51ed4,1785340782059,sender -> receiver,0,True,1785340781885.0,-174.0,0.0,False
af12054c-a16e-5fd6-80d4-91bb34151931,1785340782061,sender -> receiver,0,True,1785340781912.0,-149.0,0.0,False
d67ae3b1-c9db-5b99-903d-e874acd077d6,1785340783050,sender -> receiver,0,True,1785340782832.0,-218.0,0.0,False
ff3ff5f9-e281-52b1-be5d-1dd9c3893c4f,1785340783053,sender -> receiver,0,True,1785340782884.0,-169.0,0.0,False
8b09deda-b8aa-5d36-ab9a-d549dc095ba6,1785340783055,sender -> receiver,0,True,1785340782905.0,-150.0,0.0,False
4f09397d-18ed-56f0-be12-098e95493c6c,1785340783058,sender -> receiver,0,True,1785340782921.0,-137.0,0.0,False
d8c66425-8432-599b-b18d-dfe8651d3826,1785340784042,sender -> receiver,0,True,1785340783819.0,-223.0,0.0,False
2f7deba2-616b-5074-b3ec-60f75384b437,1785340784045,sender -> receiver,0,True,1785340783832.0,-213.0,0.0,False
678b04a9-60ea-52d0-81b6-3cd683d8ab4f,1785340784047,sender -> receiver,0,True,1785340783899.0,-148.0,0.0,False
164a0302-b32e-5167-8f5e-1772e058de50,1785340785118,sender -> receiver,0,True,1785340784910.0,-208.0,0.0,False
af50bc3a-ce7d-5117-b1f5-0844e723f5d6,1785340785124,sender -> receiver,0,True,1785340784946.0,-178.0,0.0,False
b75f9ac3-f7dd-5b19-a6f6-091bc129a747,1785340785148,sender -> receiver,0,True,1785340784975.0,-173.0,0.0,False
43cf3f9c-30fa-5a35-b1c0-5da4d5cbcad5,1785340785152,sender -> receiver,0,True,1785340785011.0,-141.0,0.0,False
bc4e59dc-3ac7-5fb5-8de7-0d6940b19725,1785340786056,sender -> receiver,0,True,1785340785895.0,-161.0,0.0,False
fa0df0cc-191e-5ff2-8572-9b93a43eefdd,1785340786058,sender -> receiver,0,True,1785340785923.0,-135.0,0.0,False
9bee0a08-e0e3-5dc2-8651-b4bf496cc116,1785340786065,sender -> receiver,0,True,1785340785946.0,-119.0,0.0,False
8a983c4d-f27d-5707-8eeb-11cb238172f8,1785340786067,sender -> receiver,0,True,1785340785974.0,-93.0,0.0,False
c091c08e-fe91-5f2f-ac45-fabe4e1d152f,1785340787047,sender -> receiver,0,True,1785340786842.0,-205.0,0.0,False
436cff53-1b83-5c4e-9551-6b819964563e,1785340787052,sender -> receiver,0,True,1785340786866.0,-186.0,0.0,False
6317a98d-d1a5-5e3d-a797-8727b8ef2516,1785340787055,sender -> receiver,0,True,1785340786887.0,-168.0,0.0,False
164e3f81-5a13-5fe3-8a14-d20cf7ac4130,1785340787058,sender -> receiver,0,True,1785340786908.0,-150.0,0.0,False
ec29972d-3bbb-5ff1-ad3d-5c304d47d53c,1785340788046,sender -> receiver,0,True,1785340787849.0,-197.0,0.0,False
072e6383-a9da-5d6a-a395-d8df31bc744b,1785340788048,sender -> receiver,0,True,1785340787873.0,-175.0,0.0,False
ce33b1b6-abc0-5a15-b1f2-f848956f7058,1785340788051,sender -> receiver,0,True,1785340787896.0,-155.0,0.0,False
a7c2f9d0-88b7-5b8c-839d-d823318aaf4e,1785340788053,sender -> receiver,0,True,1785340787915.0,-138.0,0.0,False
5b7293a8-72d9-5b0b-bf0a-b88fbe923489,1785340789056,sender -> receiver,0,True,1785340788866.0,-190.0,0.0,False
cd55bdfc-21ed-5ef7-bdb2-96f6f68f27ac,1785340789058,sender -> receiver,0,True,1785340788891.0,-167.0,0.0,False
ada498a0-152a-5259-b48e-9eece8c15502,1785340789060,sender -> receiver,0,True,1785340788911.0,-149.0,0.0,False
44cebe62-d0cc-5c75-ae4d-4fc86102c8bf,1785340789075,sender -> receiver,0,True,1785340788933.0,-142.0,0.0,False
ff503b54-e98e-5f1c-be74-43c9b70b8287,1785340790049,sender -> receiver,0,True,1785340789915.0,-134.0,0.0,False
9638c802-80cf-548c-afe3-20cefc36d39e,1785340790051,sender -> receiver,0,True,1785340789950.0,-101.0,0.0,False
72809673-f3f2-559a-99de-1c38d4280546,1785340790054,sender -> receiver,0,True,1785340789977.0,-77.0,0.0,False
16eebe34-bf68-5f17-a35e-6dc807a51f98,1785340834733,sender -> receiver,0,True,1785340834538.0,-195.0,0.0,False
7766a34a-f588-58d1-81c4-5c97072876b6,1785340834735,sender -> receiver,0,True,1785340834562.0,-173.0,0.0,False
e11c701c-852b-58fa-b59d-e925d07d672c,1785340834737,sender -> receiver,0,True,1785340834588.0,-149.0,0.0,False
1a6ca30b-ff70-5ed8-9796-f7aa6b7e3ad6,1785340834739,sender -> receiver,0,True,1785340834600.0,-139.0,0.0,False
23c8b154-19b6-5dea-b858-3a7ab2ae4745,1785340834752,sender -> receiver,0,True,1785340834610.0,-142.0,0.0,False
8fcefb91-ae8f-5d51-bd34-7bda16edeb6d,1785340835789,sender -> receiver,0,True,1785340835657.0,-132.0,0.0,False
c6aed718-7bba-5a44-bc36-8ad3e81b4da9,1785340835791,sender -> receiver,0,True,1785340835666.0,-125.0,0.0,False
68bb9dbb-98a2-5a0b-92a5-ef276d2137b4,1785340835794,sender -> receiver,0,True,1785340835671.0,-123.0,0.0,False
67b995a4-85ba-5f7b-96f7-985c2c49b55f,1785340835796,sender -> receiver,0,True,1785340835684.0,-112.0,0.0,False
9e08d76e-d5e9-5eda-a05c-e24b4171d454,1785340835799,sender -> receiver,0,True,1785340835698.0,-101.0,0.0,False
ecd2ed4b-15ba-5f7d-be91-be37c430d019,1785340836753,sender -> receiver,0,True,1785340836569.0,-184.0,0.0,False
e6f4356a-8f08-5924-b0cd-381a3761c201,1785340836755,sender -> receiver,0,True,1785340836608.0,-147.0,0.0,False
1ae4ddb2-34ec-5821-9de2-457377d150c0,1785340836757,sender -> receiver,0,True,1785340836622.0,-135.0,0.0,False
a6ebb258-3619-5006-bb48-b02c2bd040f1,1785340836759,sender -> receiver,0,True,1785340836633.0,-126.0,0.0,False
173d5f00-b46d-5381-9431-9c6f51fd24b9,1785340836762,sender -> receiver,0,True,1785340836645.0,-117.0,0.0,False
beac0f35-ef12-5d51-a7ed-59552bc38036,1785340837757,sender -> receiver,0,True,1785340837586.0,-171.0,0.0,False
0821c7a7-7bd3-533c-a6eb-f7f3924e9e7d,1785340837759,sender -> receiver,0,True,1785340837602.0,-157.0,0.0,False
7d656dde-a4ab-5f76-a743-c7f15084fc3d,1785340837762,sender -> receiver,0,True,1785340837614.0,-148.0,0.0,False
de821ba5-b841-5859-b7a8-950e8dc5ff85,1785340837764,sender -> receiver,0,True,1785340837635.0,-129.0,0.0,False
c49f139e-cf48-529d-89e1-a0a0f0ab4011,1785340837766,sender -> receiver,0,True,1785340837659.0,-107.0,0.0,False
b14c4807-c14b-5567-ba61-abafb1dc9653,1785340838798,sender -> receiver,0,True,1785340838606.0,-192.0,0.0,False
264ff738-d4fb-53f3-b917-1782ba086e5a,1785340838802,sender -> receiver,0,True,1785340838641.0,-161.0,0.0,False
d27eb5e1-0df2-5848-b316-3fc9eafa4ffd,1785340838807,sender -> receiver,0,True,1785340838667.0,-140.0,0.0,False
e4fcdff4-a8de-58fc-88a7-2a7716f0f0ed,1785340838831,sender -> receiver,0,True,1785340838694.0,-137.0,0.0,False
b68f3796-29e8-5e82-810c-f7438123a321,1785340839774,sender -> receiver,0,True,1785340839596.0,-178.0,0.0,False
92ac611a-279e-5b27-9d2e-91f95a616ffe,1785340839780,sender -> receiver,0,True,1785340839619.0,-161.0,0.0,False
1ecf7891-372f-5044-91bb-cb8951165682,1785340839783,sender -> receiver,0,True,1785340839633.0,-150.0,0.0,False
8134b616-f5da-56ee-8f05-88b577845a33,1785340839787,sender -> receiver,0,True,1785340839645.0,-142.0,0.0,False
564f7eb4-7cfc-5549-9ef4-ee8561053ec7,1785340839802,sender -> receiver,0,True,1785340839657.0,-145.0,0.0,False
6e9bb544-227e-5cfb-b422-3452b1287aa0,1785340840756,sender -> receiver,0,True,1785340840572.0,-184.0,0.0,False
d298d0d9-3a31-5433-a422-c818526d43c9,1785340840759,sender -> receiver,0,True,1785340840590.0,-169.0,0.0,False
f06a61c9-7280-5bb9-84d9-e5755279259e,1785340840761,sender -> receiver,0,True,1785340840614.0,-147.0,0.0,False
f24d37c4-880d-5d85-b3f5-8e0737586eb5,1785340840763,sender -> receiver,0,True,1785340840628.0,-135.0,0.0,False
63d6426f-734f-5904-9ad4-79370c8ce1da,1785340840767,sender -> receiver,0,True,1785340840641.0,-126.0,0.0,False
0116535a-8f63-5bb4-8ecb-e691bec140e1,1785340841784,sender -> receiver,0,True,1785340841604.0,-180.0,0.0,False
e3eeae17-781b-570f-b7d2-119d92bfda37,1785340841787,sender -> receiver,0,True,1785340841623.0,-164.0,0.0,False
667a311b-ab48-54ef-8006-7937c4b75680,1785340841789,sender -> receiver,0,True,1785340841635.0,-154.0,0.0,False
34207a17-a6b6-5370-bb0d-78fde29a02b2,1785340841791,sender -> receiver,0,True,1785340841647.0,-144.0,0.0,False
55705267-3fcd-5e97-bf7a-9c2a28cf5e51,1785340841795,sender -> receiver,0,True,1785340841667.0,-128.0,0.0,False
be346eb3-3cb5-5220-a703-5241231e7b91,1785340842727,sender -> receiver,0,True,1785340842506.0,-221.0,0.0,False
e69b700a-de6e-558e-b661-3370755de860,1785340842730,sender -> receiver,0,True,1785340842532.0,-198.0,0.0,False
dc9a511e-7425-5b13-a940-46fe182f64e0,1785340842732,sender -> receiver,0,True,1785340842554.0,-178.0,0.0,False
8771e6f7-98fc-5418-bc0a-1c3bd01c55ba,1785340842735,sender -> receiver,0,True,1785340842575.0,-160.0,0.0,False
d1581a06-6962-53e8-911d-24539ccc86c7,1785340843818,sender -> receiver,0,True,1785340843646.0,-172.0,0.0,False
822ed1fd-718f-53a4-b514-84948f79c9b1,1785340843822,sender -> receiver,0,True,1785340843674.0,-148.0,0.0,False
fd166fae-db79-500d-b99b-6d22f6efb732,1785340843826,sender -> receiver,0,True,1785340843692.0,-134.0,0.0,False
41dad37d-02a8-5c51-adc6-658844a8469b,1785340843847,sender -> receiver,0,True,1785340843705.0,-142.0,0.0,False
946c96ca-a68d-5363-b6ae-c30b3887973a,1785340843851,sender -> receiver,0,True,1785340843734.0,-117.0,0.0,False
130d3f8f-dd0f-5ed3-a612-0c4505eefe14,1785340844749,sender -> receiver,0,True,1785340844526.0,-223.0,0.0,False
46a31b3e-67e3-5741-bef4-456379f31f92,1785340844753,sender -> receiver,0,True,1785340844546.0,-207.0,0.0,False
6a19b298-66ce-5bef-86b2-3a6aad9c3b97,1785340844776,sender -> receiver,0,True,1785340844579.0,-197.0,0.0,False
81a9b43c-f5a3-501a-b70b-3cc699df7eab,1785340844780,sender -> receiver,0,True,1785340844592.0,-188.0,0.0,False
de420903-5c38-582d-839b-2a36742fbb6f,1785340844783,sender -> receiver,0,True,1785340844603.0,-180.0,0.0,False
bc5c388c-bf7b-5ddc-9222-9052b2d5186e,1785340845743,sender -> receiver,0,True,1785340845624.0,-119.0,0.0,False
607e87a9-3e0e-5cd8-a536-f54386255899,1785340845746,sender -> receiver,0,True,1785340845636.0,-110.0,0.0,False
784f5e83-858a-5ae8-8f1a-47c10fcddd03,1785340845748,sender -> receiver,0,True,1785340845645.0,-103.0,0.0,False
26de7670-3e5d-5177-9db5-6307f9480387,1785340845750,sender -> receiver,0,True,1785340845672.0,-78.0,0.0,False
e2698211-b8a3-5fba-8898-aa6089123042,1785340845752,sender -> receiver,0,True,1785340845690.0,-62.0,0.0,False
fca94269-4981-585e-bb1e-1fe67431fef9,1785340846747,sender -> receiver,0,True,1785340846532.0,-215.0,0.0,False
8486f964-7add-5083-b537-2c4a3db3c4a5,1785340846750,sender -> receiver,0,True,1785340846585.0,-165.0,0.0,False
3512e0ef-bad7-5f6e-9b81-6469e951fe6d,1785340846755,sender -> receiver,0,True,1785340846605.0,-150.0,0.0,False
5bbdf785-98d1-5038-879a-398d4982fe54,1785340846757,sender -> receiver,0,True,1785340846619.0,-138.0,0.0,False
34e6668b-772d-5baf-910e-72600ce498cf,1785340847741,sender -> receiver,0,True,1785340847547.0,-194.0,0.0,False
5ad63903-8d2a-5b0f-8bcf-d3bdb4f66062,1785340847764,sender -> receiver,0,True,1785340847573.0,-191.0,0.0,False
36069350-18fe-5087-84ff-c3df1cebe632,1785340847766,sender -> receiver,0,True,1785340847586.0,-180.0,0.0,False
56ad5ee5-fa8e-506c-a88f-556860e62096,1785340847769,sender -> receiver,0,True,1785340847598.0,-171.0,0.0,False
34b8914b-81bc-5561-8d67-1ef115634df4,1785340847771,sender -> receiver,0,True,1785340847603.0,-168.0,0.0,False
9a98f979-5bee-5d9d-b9aa-0f13a86d6e87,1785340848739,sender -> receiver,0,True,1785340848547.0,-192.0,0.0,False
0bbe6838-c7c3-5407-acf8-8cbaadeebc4c,1785340848756,sender -> receiver,0,True,1785340848572.0,-184.0,0.0,False
9be5bbc8-bcac-5e69-808d-bd5fe7649dc1,1785340848759,sender -> receiver,0,True,1785340848595.0,-164.0,0.0,False
3692ad17-6270-55ef-9aff-2e2068cc6418,1785340848762,sender -> receiver,0,True,1785340848630.0,-132.0,0.0,False
3263102b-8e14-541d-9ab1-cc791c7f23bf,1785340848764,sender -> receiver,0,True,1785340848644.0,-120.0,0.0,False
c0a94456-6917-5466-be15-f5271447a0d3,1785340849738,sender -> receiver,0,True,1785340849520.0,-218.0,0.0,False
25b55cff-a571-5155-a719-6f3ddbc7457a,1785340849761,sender -> receiver,0,True,1785340849535.0,-226.0,0.0,False
738bffa6-493d-57df-a185-2b4dfa114a16,1785340849764,sender -> receiver,0,True,1785340849581.0,-183.0,0.0,False
a521f4ee-21a8-59f1-9d42-5707122fa228,1785340849766,sender -> receiver,0,True,1785340849594.0,-172.0,0.0,False
68ce3563-968a-5580-b7db-0c31f430599e,1785340849768,sender -> receiver,0,True,1785340849606.0,-162.0,0.0,False
bf0ab110-a642-5b60-8a71-71b9083257c4,1785340850749,sender -> receiver,0,True,1785340850512.0,-237.0,0.0,False
f37bd353-20af-59e1-a1c8-659547a1b181,1785340850752,sender -> receiver,0,True,1785340850580.0,-172.0,0.0,False
f9c4887a-97ba-5894-a310-1f1e0f1fe453,1785340850754,sender -> receiver,0,True,1785340850603.0,-151.0,0.0,False
ea17e199-3d03-51c2-bb84-55f1760b1729,1785340850757,sender -> receiver,0,True,1785340850623.0,-134.0,0.0,False
7102e20d-fb7a-5fb0-862c-7086bba837e5,1785340851742,sender -> receiver,0,True,1785340851552.0,-190.0,0.0,False
fe873267-a73a-56c0-abfa-78ae89fc24fb,1785340851765,sender -> receiver,0,True,1785340851584.0,-181.0,0.0,False
7238133a-d420-5d6f-962d-5841ebfdee4f,1785340851770,sender -> receiver,0,True,1785340851605.0,-165.0,0.0,False
254759c5-03fe-5da4-bee1-898eb4f5e0b7,1785340851775,sender -> receiver,0,True,1785340851620.0,-155.0,0.0,False
e378a2bc-e64c-5383-a42b-11a00850620d,1785340851788,sender -> receiver,0,True,1785340851644.0,-144.0,0.0,False
398f7cad-c0ae-5886-be24-597085ba3d01,1785340852782,sender -> receiver,0,True,1785340852582.0,-200.0,0.0,False
4e46d3ee-3a1b-5530-afe6-6e95f958406b,1785340852813,sender -> receiver,0,True,1785340852600.0,-213.0,0.0,False
10876847-761a-5adc-b722-119932e46bb5,1785340852818,sender -> receiver,0,True,1785340852629.0,-189.0,0.0,False
66979ea8-bcd5-5caf-97b9-293050a13b59,1785340852821,sender -> receiver,0,True,1785340852643.0,-178.0,0.0,False
f4d26fe4-e44b-505f-a895-9bf1ceeb83c8,1785340852823,sender -> receiver,0,True,1785340852653.0,-170.0,0.0,False
048d98c7-ce13-51e6-a35f-06f849a149a4,1785340853765,sender -> receiver,0,True,1785340853576.0,-189.0,0.0,False
0ffc61d7-3a35-5843-91be-a366469671d8,1785340853792,sender -> receiver,0,True,1785340853586.0,-206.0,0.0,False
37ec185f-8f58-5a3a-8533-734ae2395d46,1785340853795,sender -> receiver,0,True,1785340853617.0,-178.0,0.0,False
93f9f2f8-6587-5cc5-94bc-23fbde6ce731,1785340853797,sender -> receiver,0,True,1785340853631.0,-166.0,0.0,False
53094bac-dba6-5f0a-9594-111cccab8b16,1785340853800,sender -> receiver,0,True,1785340853646.0,-154.0,0.0,False
bc2fe427-cc59-53fd-a3c4-3ebce272929f,1785340854721,sender -> receiver,0,True,1785340854599.0,-122.0,0.0,False
50ac87f7-b6f4-5a09-b2e2-758beb8b8972,1785340854737,sender -> receiver,0,True,1785340854613.0,-124.0,0.0,False
ed691dcb-a66a-502f-ab91-919688b8f9f8,1785340854740,sender -> receiver,0,True,1785340854625.0,-115.0,0.0,False
566b1241-a1ab-59b7-b931-78148ed24f8e,1785340854742,sender -> receiver,0,True,1785340854637.0,-105.0,0.0,False
d6c898c7-2d17-5514-9208-cf930d333815,1785340895487,sender -> receiver,0,True,1785340895301.0,-186.0,0.0,False
947639f3-1897-59cb-bdf2-2256fa0338df,1785340895489,sender -> receiver,0,True,1785340895322.0,-167.0,0.0,False
966d4455-cc7f-5e6e-98b5-e1716d2f6b43,1785340895491,sender -> receiver,0,True,1785340895340.0,-151.0,0.0,False
50da7b17-a3b5-576f-bb20-03370c7b002d,1785340895492,sender -> receiver,0,True,1785340895372.0,-120.0,0.0,False
fd317464-3a9a-5931-9a73-f676f55b32c5,1785340896473,sender -> receiver,0,True,1785340896283.0,-190.0,0.0,False
5999a13e-3e0b-5671-9cc2-4420dcbeaecb,1785340896480,sender -> receiver,0,True,1785340896299.0,-181.0,0.0,False
67c30b3a-1f96-53a0-9ef2-d6665b13afa1,1785340896484,sender -> receiver,0,True,1785340896331.0,-153.0,0.0,False
9a909ae4-2e36-5046-ae40-56cd24b39da1,1785340896530,sender -> receiver,0,True,1785340896346.0,-184.0,0.0,False
b7688024-f29c-5f31-8e64-2026f1beb040,1785340897472,sender -> receiver,0,True,1785340897254.0,-218.0,0.0,False
c451d40d-061a-5923-b2be-158d899d9a42,1785340897476,sender -> receiver,0,True,1785340897322.0,-154.0,0.0,False
7347e98e-d7c9-54e6-8349-febab99d3d3a,1785340897484,sender -> receiver,0,True,1785340897342.0,-142.0,0.0,False
02c82d44-0138-5e61-b769-9d6074adf775,1785340897497,sender -> receiver,0,True,1785340897359.0,-138.0,0.0,False
2ae33689-9ec5-5ab8-90be-3100e769846b,1785340898512,sender -> receiver,0,True,1785340898299.0,-213.0,0.0,False
e2b528ad-5671-5f9e-9d96-b799e3257463,1785340898518,sender -> receiver,0,True,1785340898316.0,-202.0,0.0,False
382a31b4-2565-5018-a5ea-4b942da3ad28,1785340898522,sender -> receiver,0,True,1785340898326.0,-196.0,0.0,False
feaad940-982d-5b62-a2fc-5a9fdbc31664,1785340898545,sender -> receiver,0,True,1785340898336.0,-209.0,0.0,False
cfcfdd80-e8bc-594c-8438-20848cd6ce94,1785340899507,sender -> receiver,0,True,1785340899348.0,-159.0,0.0,False
7886322d-b86e-585a-b60c-5a1b8be31d69,1785340899511,sender -> receiver,0,True,1785340899370.0,-141.0,0.0,False
62bc615d-0f50-55a5-a2bf-2a80e659c89f,1785340899515,sender -> receiver,0,True,1785340899384.0,-131.0,0.0,False
0b860615-05b5-5a02-8904-53d9121f54bc,1785340899519,sender -> receiver,0,True,1785340899397.0,-122.0,0.0,False
6d185868-063d-5ea7-b357-6cd26a344cda,1785340900474,sender -> receiver,0,True,1785340900363.0,-111.0,0.0,False
e8dd9105-799c-5f84-8910-870c8284c791,1785340900477,sender -> receiver,0,True,1785340900385.0,-92.0,0.0,False
25b03db1-8339-5052-ac8a-413165538dd5,1785340900480,sender -> receiver,0,True,1785340900404.0,-76.0,0.0,False
42c6a363-02ba-5c83-b1e8-ed07a06debed,1785340900486,sender -> receiver,0,True,1785340900420.0,-66.0,0.0,False
d359f11f-4157-5873-a946-a6cfc94625e3,1785340901465,sender -> receiver,0,True,1785340901283.0,-182.0,0.0,False
867783df-0cbf-5779-a273-edbca87ef75d,1785340901467,sender -> receiver,0,True,1785340901308.0,-159.0,0.0,False
b56146b9-dc8e-5e12-b211-77e7b6ae4c40,1785340901470,sender -> receiver,0,True,1785340901327.0,-143.0,0.0,False
88df1cde-56da-5c1f-bd38-130ca6c9ab93,1785340902522,sender -> receiver,0,True,1785340902307.0,-215.0,0.0,False
e8465f99-d18b-59b4-ad08-69f773d5c5f9,1785340902566,sender -> receiver,0,True,1785340902329.0,-237.0,0.0,False
ca1a8222-55b2-5c29-9db0-1be6a899db83,1785340902571,sender -> receiver,0,True,1785340902396.0,-175.0,0.0,False
e9299170-c4f0-57bb-b7f9-9e36edcd5b0a,1785340902574,sender -> receiver,0,True,1785340902415.0,-159.0,0.0,False
85c3d497-2762-5a99-8cf6-9b97af746aeb,1785340903525,sender -> receiver,0,True,1785340903295.0,-230.0,0.0,False
78cf8f2f-b67b-52c6-8ad3-f02fc541e008,1785340903531,sender -> receiver,0,True,1785340903354.0,-177.0,0.0,False
2bf0f289-0abe-53ff-91f1-6a8f2272a9cc,1785340903538,sender -> receiver,0,True,1785340903373.0,-165.0,0.0,False
e6898a31-6340-5945-a54b-905875844726,1785340903580,sender -> receiver,0,True,1785340903388.0,-192.0,0.0,False
4019e591-ca2e-52bf-956c-356e73a92dc5,1785340904502,sender -> receiver,0,True,1785340904286.0,-216.0,0.0,False
8cc35b66-564b-5562-883a-99b96cb0602d,1785340904506,sender -> receiver,0,True,1785340904308.0,-198.0,0.0,False
53d39c9b-cd90-5c55-a9b4-c2087236b645,1785340904508,sender -> receiver,0,True,1785340904324.0,-184.0,0.0,False
9bc7c38b-3861-5b5a-8797-e94d83a28f3b,1785340904511,sender -> receiver,0,True,1785340904336.0,-175.0,0.0,False
f2063f7a-ae7e-5cda-9fa9-5b8de971782e,1785340905485,sender -> receiver,0,True,1785340905279.0,-206.0,0.0,False
5659ec22-eafd-516e-9a89-2238c69646f4,1785340905489,sender -> receiver,0,True,1785340905335.0,-154.0,0.0,False
31b27aa9-73c9-50dd-99dc-3f90849d5534,1785340905491,sender -> receiver,0,True,1785340905351.0,-140.0,0.0,False
c6b0457c-1761-5df2-a283-9879e71f77d7,1785340905494,sender -> receiver,0,True,1785340905366.0,-128.0,0.0,False
faf04aa5-ab95-548d-80bd-7cd30db54fed,1785340906500,sender -> receiver,0,True,1785340906329.0,-171.0,0.0,False
1663c3cf-585f-5e53-8714-8d330edbab85,1785340906504,sender -> receiver,0,True,1785340906360.0,-144.0,0.0,False
fd4a017f-4956-5155-bc27-9829dd390af0,1785340906508,sender -> receiver,0,True,1785340906385.0,-123.0,0.0,False
299715c4-a99a-5dcd-a5d5-85fdb89fe96e,1785340906533,sender -> receiver,0,True,1785340906407.0,-126.0,0.0,False
9488f5a2-86e7-54a2-8040-1534962fb115,1785340907492,sender -> receiver,0,True,1785340907325.0,-167.0,0.0,False
53576a02-153e-518d-b5cd-308f0a17976f,1785340907499,sender -> receiver,0,True,1785340907346.0,-153.0,0.0,False
27f4ba41-0ed5-5749-b351-d2e6d76d6b23,1785340907504,sender -> receiver,0,True,1785340907366.0,-138.0,0.0,False
a2d28d41-09d3-546d-8506-0a8532a3018b,1785340908512,sender -> receiver,0,True,1785340908311.0,-201.0,0.0,False
f1441404-62a6-59a5-9bbf-61f89677cd57,1785340908518,sender -> receiver,0,True,1785340908335.0,-183.0,0.0,False
06fb34dc-442b-5278-a8de-5573aef2a711,1785340908551,sender -> receiver,0,True,1785340908368.0,-183.0,0.0,False
dfd8af45-6829-52c0-8c13-9a125bee31c7,1785340908554,sender -> receiver,0,True,1785340908383.0,-171.0,0.0,False
12a60486-3486-5850-a1a5-ce4acd5db7cd,1785340909492,sender -> receiver,0,True,1785340909292.0,-200.0,0.0,False
53ebb35b-c0d9-549c-bdfb-5af17a4704bc,1785340909499,sender -> receiver,0,True,1785340909307.0,-192.0,0.0,False
a9b49db2-5408-5d77-84da-b97b061c024a,1785340909528,sender -> receiver,0,True,1785340909323.0,-205.0,0.0,False
e3c9284c-9c7d-5714-b867-c82f90ee326a,1785340909531,sender -> receiver,0,True,1785340909347.0,-184.0,0.0,False
7fcce00c-cd04-587c-85af-5004a7380f1f,1785340910526,sender -> receiver,0,True,1785340910365.0,-161.0,0.0,False
ef9878f9-c39e-5d69-8f36-641486009702,1785340910532,sender -> receiver,0,True,1785340910384.0,-148.0,0.0,False
028e83ba-e143-59bf-bf13-c2f0545a1329,1785340910536,sender -> receiver,0,True,1785340910401.0,-135.0,0.0,False
511cccac-8a33-58e2-915e-4b34b1c50f96,1785340910541,sender -> receiver,0,True,1785340910414.0,-127.0,0.0,False
4decc7db-ae61-516e-a218-740844ce9573,1785340911474,sender -> receiver,0,True,1785340911277.0,-197.0,0.0,False
1a5319c6-44d8-5115-9b27-10dcce29631a,1785340911476,sender -> receiver,0,True,1785340911339.0,-137.0,0.0,False
f3ec66ca-8b67-54c0-a246-4f530c6f5dc9,1785340911479,sender -> receiver,0,True,1785340911355.0,-124.0,0.0,False
1b4999cc-f76f-5522-90ba-fd84b9863cbd,1785340911483,sender -> receiver,0,True,1785340911368.0,-115.0,0.0,False
8596816c-cc5a-543f-b654-bb54d4886cb8,1785340912470,sender -> receiver,0,True,1785340912271.0,-199.0,0.0,False
5f657dbc-a7b2-5d69-bba1-c3f7d1ad2285,1785340912474,sender -> receiver,0,True,1785340912285.0,-189.0,0.0,False
6aa2a83a-de76-5161-95ab-9fd25ba2eb3d,1785340912477,sender -> receiver,0,True,1785340912298.0,-179.0,0.0,False
9340a03b-aa6f-5327-8b48-adbe5fd24624,1785340912479,sender -> receiver,0,True,1785340912310.0,-169.0,0.0,False
30373e19-f732-590a-9501-a86c9b42d0e8,1785340913505,sender -> receiver,0,True,1785340913290.0,-215.0,0.0,False
ce3a5ffc-3c88-5362-9e00-b13aab959fd6,1785340913512,sender -> receiver,0,True,1785340913317.0,-195.0,0.0,False
69dd4f28-4df7-5fed-a790-398d3907891e,1785340913541,sender -> receiver,0,True,1785340913336.0,-205.0,0.0,False
3dfbb679-4bef-575a-afae-7ab23d755c55,1785340913545,sender -> receiver,0,True,1785340913367.0,-178.0,0.0,False
d387c326-75b1-504f-b39e-cb8eb2481ec2,1785340914473,sender -> receiver,0,True,1785340914285.0,-188.0,0.0,False
f85fed00-61ba-54f2-9442-25fedadf96fa,1785340914476,sender -> receiver,0,True,1785340914300.0,-176.0,0.0,False
00836509-18f2-5343-a18a-0e93df820753,1785340914479,sender -> receiver,0,True,1785340914312.0,-167.0,0.0,False
44e520af-11d1-5ed3-8689-7caa04fc3643,1785340915508,sender -> receiver,0,True,1785340915318.0,-190.0,0.0,False
0b1d3636-0dd2-573a-8837-6bfc58086952,1785340915513,sender -> receiver,0,True,1785340915348.0,-165.0,0.0,False
049601a0-dfed-59ff-8cd8-61a601be82b5,1785340915518,sender -> receiver,0,True,1785340915369.0,-149.0,0.0,False
ac635441-b826-5fe3-bc35-2865145f9351,1785340915523,sender -> receiver,0,True,1785340915390.0,-133.0,0.0,False
9f6a59e2-393a-53ae-9fb3-4bfa063711d9,1785340916478,sender -> receiver,0,True,1785340916268.0,-210.0,0.0,False
73547f86-3eb3-5d35-9f9b-0a7ae95806f2,1785340916482,sender -> receiver,0,True,1785340916292.0,-190.0,0.0,False
ff21d94d-b63e-5058-833b-48986d124cb4,1785340916486,sender -> receiver,0,True,1785340916310.0,-176.0,0.0,False
798c5a48-9f43-5195-a36d-59acab2191b4,1785340916491,sender -> receiver,0,True,1785340916340.0,-151.0,0.0,False
22a15c9b-89a7-57c0-ab20-8b606cdab0b5,1785340917513,sender -> receiver,0,True,1785340917307.0,-206.0,0.0,False
a75afb23-d223-55d6-a147-2227c332abb9,1785340917522,sender -> receiver,0,True,1785340917328.0,-194.0,0.0,False
8fa65530-9c53-5e05-8512-d1832995647d,1785340917544,sender -> receiver,0,True,1785340917345.0,-199.0,0.0,False
46ebc4bb-6093-505f-8829-8d3ed4cb920d,1785340917548,sender -> receiver,0,True,1785340917443.0,-105.0,0.0,False
65b21efc-7d8f-5426-bcba-7a03d5671ea9,1785340918475,sender -> receiver,0,True,1785340918292.0,-183.0,0.0,False
21f5728f-6197-5b03-9561-89c92b434d75,1785340918478,sender -> receiver,0,True,1785340918311.0,-167.0,0.0,False
3360a119-494d-5985-8c47-933733964fd8,1785340918484,sender -> receiver,0,True,1785340918331.0,-153.0,0.0,False
386838e3-4a17-5ac5-b805-c2c70fa25e54,1785340918487,sender -> receiver,0,True,1785340918363.0,-124.0,0.0,False
ceb7d965-121e-5dcf-a1f4-681f91ab9a41,1785340919468,sender -> receiver,0,True,1785340919290.0,-178.0,0.0,False
02eefa1c-ba61-5838-b82a-708e69f5d6b1,1785340919471,sender -> receiver,0,True,1785340919315.0,-156.0,0.0,False
8c55e459-c124-5b1b-89c4-a23a7055fe1a,1785340919474,sender -> receiver,0,True,1785340919329.0,-145.0,0.0,False
dc1249cf-f668-52a8-824d-b2e69b2fe5ed,1785340919476,sender -> receiver,0,True,1785340919342.0,-134.0,0.0,False
95f767ac-c945-55ba-a253-4a96da5f37fd,1785340920507,sender -> receiver,0,True,1785340920317.0,-190.0,0.0,False
460359eb-88d1-5871-8f7e-58d9a1b4c842,1785340920513,sender -> receiver,0,True,1785340920337.0,-176.0,0.0,False
958e98b9-3862-5988-bb65-ad32525b331d,1785340920520,sender -> receiver,0,True,1785340920368.0,-152.0,0.0,False
65ce40b1-5e4f-591a-8243-538a5669b889,1785340961716,sender -> receiver,0,True,1785340961495.0,-221.0,0.0,False
1d551c51-bb0e-5406-8b18-27d82af88be1,1785340961719,sender -> receiver,0,True,1785340961527.0,-192.0,0.0,False
9ab1dad6-6cc9-56e9-8006-6fc34f7339da,1785340961721,sender -> receiver,0,True,1785340961551.0,-170.0,0.0,False
d1e9b258-3e71-53b8-824b-a606e2947934,1785340961723,sender -> receiver,0,True,1785340961571.0,-152.0,0.0,False
2c7e82e9-4f79-5bf8-9da3-bb0149653f81,1785340962714,sender -> receiver,0,True,1785340962492.0,-222.0,0.0,False
d0fabd70-10fe-530b-a939-a8b8a8ee16f1,1785340962716,sender -> receiver,0,True,1785340962527.0,-189.0,0.0,False
93c97e84-09cc-528e-ac05-7eefc6132f3c,1785340962719,sender -> receiver,0,True,1785340962549.0,-170.0,0.0,False
b9bfc0e4-82c9-5e5f-b6bf-28820ccdc978,1785340962721,sender -> receiver,0,True,1785340962569.0,-152.0,0.0,False
6e3800c2-d27f-5978-aead-a713c036b0dd,1785340963715,sender -> receiver,0,True,1785340963496.0,-219.0,0.0,False
ad53dc61-9fd6-544b-9c79-0d107fd3c369,1785340963718,sender -> receiver,0,True,1785340963524.0,-194.0,0.0,False
7506f736-8416-5f64-acd4-71d3fd8090f1,1785340963734,sender -> receiver,0,True,1785340963545.0,-189.0,0.0,False
a8bebfd1-42b1-59c8-bee2-556ca682cdad,1785340963736,sender -> receiver,0,True,1785340963566.0,-170.0,0.0,False
23ca0928-9c1a-5471-bc86-4c80bbc64c47,1785340964706,sender -> receiver,0,True,1785340964500.0,-206.0,0.0,False
b8aeac15-1f54-55ff-b844-f582194ed3fd,1785340964708,sender -> receiver,0,True,1785340964520.0,-188.0,0.0,False
3a859a31-89c2-55ef-8eb3-1b72c3e1b5b0,1785340964710,sender -> receiver,0,True,1785340964544.0,-166.0,0.0,False
cf42de8f-c39b-5c1a-ac2e-d48c94c9e3ed,1785340964713,sender -> receiver,0,True,1785340964556.0,-157.0,0.0,False
ad86b1a0-ca29-5676-925f-b6dd977d377a,1785340965718,sender -> receiver,0,True,1785340965540.0,-178.0,0.0,False
57ca718a-0544-5eeb-a62f-e6db40a703da,1785340965720,sender -> receiver,0,True,1785340965562.0,-158.0,0.0,False
7eda6191-36c7-515f-8f36-46fb92217b68,1785340965723,sender -> receiver,0,True,1785340965577.0,-146.0,0.0,False
bd5d6a16-1269-5336-8a31-53263bef8217,1785340965726,sender -> receiver,0,True,1785340965589.0,-137.0,0.0,False
fb495288-aaac-5df7-a5ef-ccc07acbb98b,1785340966772,sender -> receiver,0,True,1785340966570.0,-202.0,0.0,False
34583fac-6fb9-5676-8c0a-511346bbc5e0,1785340966779,sender -> receiver,0,True,1785340966593.0,-186.0,0.0,False
dd011568-75f1-58c4-ba35-5b0edafbf7d3,1785340966810,sender -> receiver,0,True,1785340966607.0,-203.0,0.0,False
f9c0c678-2528-57f2-9fac-6a7fe4226b21,1785340966814,sender -> receiver,0,True,1785340966634.0,-180.0,0.0,False
9546dbe2-bc9f-5859-ae6d-da52bce876da,1785340967716,sender -> receiver,0,True,1785340967514.0,-202.0,0.0,False
fbcf1627-56d1-5188-b60f-1163ecd7df28,1785340967720,sender -> receiver,0,True,1785340967538.0,-182.0,0.0,False
75960ddf-a67f-57d1-9668-eea89e9f2b16,1785340967737,sender -> receiver,0,True,1785340967555.0,-182.0,0.0,False
e8df6d4d-6f4d-5ef3-95a3-12aa86843eaf,1785340967742,sender -> receiver,0,True,1785340967569.0,-173.0,0.0,False
f94a7791-febb-5761-8839-16b48e213dd5,1785340968719,sender -> receiver,0,True,1785340968512.0,-207.0,0.0,False
20b51048-8b96-5cc1-8f97-37dfc519e371,1785340968721,sender -> receiver,0,True,1785340968522.0,-199.0,0.0,False
57f41d51-02fa-5d2a-b1bc-e1779d810d30,1785340968724,sender -> receiver,0,True,1785340968532.0,-192.0,0.0,False
bed864ae-04c4-5ca2-9c98-307c4d2145e0,1785340968727,sender -> receiver,0,True,1785340968546.0,-181.0,0.0,False
3e524a9a-50c5-5220-a8b1-cfbb00f0defa,1785340969717,sender -> receiver,0,True,1785340969529.0,-188.0,0.0,False
cf0bfcd5-9bb7-5102-85ea-1e3118bbc7dc,1785340969720,sender -> receiver,0,True,1785340969549.0,-171.0,0.0,False
f1e90832-93d3-5c56-991f-e51403defc86,1785340969723,sender -> receiver,0,True,1785340969572.0,-151.0,0.0,False
58c36380-8f7a-59b9-a5c8-542127b4ca8b,1785340969726,sender -> receiver,0,True,1785340969587.0,-139.0,0.0,False
ef8e31b0-9d93-5fd2-9c3c-94bd475150e2,1785340970717,sender -> receiver,0,True,1785340970566.0,-151.0,0.0,False
3663fc72-7d48-5417-a497-39857b8a9cb8,1785340970720,sender -> receiver,0,True,1785340970576.0,-144.0,0.0,False
59f3303b-d544-5b0f-9341-5d816bc3dde3,1785340970723,sender -> receiver,0,True,1785340970584.0,-139.0,0.0,False
f2504d4e-6910-5e28-ae20-c77f16fa2e3b,1785340970726,sender -> receiver,0,True,1785340970600.0,-126.0,0.0,False
14fe9c10-a1db-57fa-b200-ea0da1534a50,1785340971717,sender -> receiver,0,True,1785340971536.0,-181.0,0.0,False
d7041b47-da87-52ab-b3b4-6c9b07959350,1785340971720,sender -> receiver,0,True,1785340971561.0,-159.0,0.0,False
e159d4da-fe8d-5377-8977-4c28e4bbfea6,1785340971723,sender -> receiver,0,True,1785340971579.0,-144.0,0.0,False
1c9254f1-c9b4-573f-bb6e-35c5384bd2a3,1785340971726,sender -> receiver,0,True,1785340971591.0,-135.0,0.0,False
62aa316e-2a15-537f-a4e6-d18a44efdc81,1785340972721,sender -> receiver,0,True,1785340972515.0,-206.0,0.0,False
12db062c-15b0-58eb-8e56-afd8089a99b6,1785340972724,sender -> receiver,0,True,1785340972533.0,-191.0,0.0,False
3939aede-0667-53be-8d95-11a7ae9c86fe,1785340972726,sender -> receiver,0,True,1785340972555.0,-171.0,0.0,False
3ff0851f-747a-57a4-b7ed-b590072fbb2d,1785340972729,sender -> receiver,0,True,1785340972566.0,-163.0,0.0,False
18eded3d-4a93-5113-9360-418e25b02dc2,1785340973714,sender -> receiver,0,True,1785340973512.0,-202.0,0.0,False
3d2d5736-dd7b-5a10-8e10-95ec5041b288,1785340973716,sender -> receiver,0,True,1785340973538.0,-178.0,0.0,False
ec535b0f-e6c9-5e17-ab58-99c6b35942fa,1785340973718,sender -> receiver,0,True,1785340973557.0,-161.0,0.0,False
4d422ec9-3ebf-5df9-8ea1-322eff572954,1785340973721,sender -> receiver,0,True,1785340973573.0,-148.0,0.0,False
4fdb2360-8a98-5dee-8e41-c84940811aed,1785340974719,sender -> receiver,0,True,1785340974549.0,-170.0,0.0,False
67a1cc35-a227-519c-aa15-0cf9dc8ab6e1,1785340974723,sender -> receiver,0,True,1785340974572.0,-151.0,0.0,False
6846b625-d1d7-51de-a181-91e4d375c1c0,1785340974741,sender -> receiver,0,True,1785340974593.0,-148.0,0.0,False
891bb902-7f2b-53c7-8f10-1485432dd89b,1785340974744,sender -> receiver,0,True,1785340974630.0,-114.0,0.0,False
35b80e93-c4a3-5897-a8d4-5503020a2390,1785340975709,sender -> receiver,0,True,1785340975550.0,-159.0,0.0,False
6946b8c1-ee45-58fd-982c-92303d789f36,1785340975712,sender -> receiver,0,True,1785340975572.0,-140.0,0.0,False
e30e3075-6918-53b7-9bce-5cfdfd5f1ca1,1785340975714,sender -> receiver,0,True,1785340975590.0,-124.0,0.0,False
d521aa27-cab4-5b3a-8daa-8437aa27f106,1785340975716,sender -> receiver,0,True,1785340975604.0,-112.0,0.0,False
5d7dad8f-6966-5596-916c-050229051ebd,1785340976714,sender -> receiver,0,True,1785340976548.0,-166.0,0.0,False
1e4973e6-6ed5-513c-8253-d8b48c7f3361,1785340976717,sender -> receiver,0,True,1785340976559.0,-158.0,0.0,False
55177062-6d9d-5648-9088-c62e500afeee,1785340976720,sender -> receiver,0,True,1785340976573.0,-147.0,0.0,False
c0ad836f-07b1-58a3-81bc-44b76c27852e,1785340976723,sender -> receiver,0,True,1785340976598.0,-125.0,0.0,False
72ecfa8d-03e9-50a1-903f-34d49d09b833,1785340977718,sender -> receiver,0,True,1785340977529.0,-189.0,0.0,False
2bd8fc79-eeeb-5939-80d5-b4e389f65af1,1785340977723,sender -> receiver,0,True,1785340977555.0,-168.0,0.0,False
92cac5b3-4161-5658-a30c-d4cca85e4e18,1785340977725,sender -> receiver,0,True,1785340977568.0,-157.0,0.0,False
dd96e4f3-c6fc-5b98-83ae-3873b97d5dba,1785340977727,sender -> receiver,0,True,1785340977580.0,-147.0,0.0,False
58b68335-0f5a-5841-afdb-f1a37441ee37,1785340978715,sender -> receiver,0,True,1785340978509.0,-206.0,0.0,False
49351c88-f708-5530-af39-7c5e5af9ac00,1785340978718,sender -> receiver,0,True,1785340978530.0,-188.0,0.0,False
28cdf88c-07d3-5970-9338-9a0021b2e94d,1785340978720,sender -> receiver,0,True,1785340978551.0,-169.0,0.0,False
4ef07234-b527-51ae-a4ee-7278984294df,1785340978723,sender -> receiver,0,True,1785340978574.0,-149.0,0.0,False
4c780f5c-a768-58d3-80ad-a8e2724818af,1785340979718,sender -> receiver,0,True,1785340979561.0,-157.0,0.0,False
8509b9e8-9447-55c6-86f1-016659c75f74,1785340979721,sender -> receiver,0,True,1785340979583.0,-138.0,0.0,False
43df9da3-b1f0-5eff-9361-f2b111700148,1785340979724,sender -> receiver,0,True,1785340979603.0,-121.0,0.0,False
9ef3ecd7-a5d8-54d3-a569-85fc88bbed53,1785340979726,sender -> receiver,0,True,1785340979624.0,-102.0,0.0,False
45948544-4b8b-5f9b-9ed4-03ec93d6bd73,1785340980720,sender -> receiver,0,True,1785340980520.0,-200.0,0.0,False
5f06a908-5d3b-53ab-8806-824550062b02,1785340980724,sender -> receiver,0,True,1785340980539.0,-185.0,0.0,False
5005ac2c-7ec9-5a0a-86d1-31cdd79893d6,1785340980726,sender -> receiver,0,True,1785340980553.0,-173.0,0.0,False
b4e7c771-53fe-5930-ad2b-184fcdd41c04,1785340980729,sender -> receiver,0,True,1785340980566.0,-163.0,0.0,False
43a9d08f-559f-5e09-87b9-9b20449cf15e,1785340981763,sender -> receiver,0,True,1785340981558.0,-205.0,0.0,False
eb618a4e-0391-5798-b9e2-ca2069f7f82d,1785340981769,sender -> receiver,0,True,1785340981570.0,-199.0,0.0,False
7941010e-8720-55da-a5b3-50f531fd52d4,1785340981775,sender -> receiver,0,True,1785340981607.0,-168.0,0.0,False
1cf8d9d2-1b85-5d87-8656-70586374a1ef,1785340981781,sender -> receiver,0,True,1785340981620.0,-161.0,0.0,False
50a1ecdd-1720-5312-99a6-fa84d041f5e5,1785340982755,sender -> receiver,0,True,1785340982546.0,-209.0,0.0,False
308092d0-366f-5d24-9e52-f6f76672c745,1785340982760,sender -> receiver,0,True,1785340982568.0,-192.0,0.0,False
8768a0ee-d6c6-506f-9682-d0335e5c64f3,1785340982790,sender -> receiver,0,True,1785340982585.0,-205.0,0.0,False
ed814dba-840d-5d4f-8bdd-81e692788094,1785340982795,sender -> receiver,0,True,1785340982607.0,-188.0,0.0,False
e55f1e44-a183-5c59-ba20-31bda5623f21,1785340983717,sender -> receiver,0,True,1785340983559.0,-158.0,0.0,False
4b29f1ff-cafe-5f64-b022-f664188a4c75,1785340983720,sender -> receiver,0,True,1785340983568.0,-152.0,0.0,False
7cf141ee-cbf7-5e9e-90c7-1e4da2b0a3ad,1785340983723,sender -> receiver,0,True,1785340983577.0,-146.0,0.0,False
c5e9a524-a197-526a-afe5-5007e97606a8,1785340983726,sender -> receiver,0,True,1785340983598.0,-128.0,0.0,False
8bfdae1e-2101-5f02-8de5-d1e48f054c17,1785340984710,sender -> receiver,0,True,1785340984579.0,-131.0,0.0,False
53ee663a-8586-5a78-9a4f-117f526bb166,1785340984712,sender -> receiver,0,True,1785340984604.0,-108.0,0.0,False
73b016eb-6b46-568a-830d-292c27702d9d,1785340984714,sender -> receiver,0,True,1785340984623.0,-91.0,0.0,False
4ea3eefc-5ac2-5d69-813d-d98ae384bbd5,1785340984729,sender -> receiver,0,True,1785340984644.0,-85.0,0.0,False
741cfcfe-251a-5690-a251-230cd7f0d17d,1785340985717,sender -> receiver,0,True,1785340985521.0,-196.0,0.0,False
12a71445-7a60-5f72-9f73-69f089a4d105,1785340985720,sender -> receiver,0,True,1785340985539.0,-181.0,0.0,False
efe5f505-8b1a-5587-9c5f-7f67a0e04ccd,1785340985723,sender -> receiver,0,True,1785340985553.0,-170.0,0.0,False
74897415-320b-5381-8952-eacbdf874a57,1785340985725,sender -> receiver,0,True,1785340985582.0,-143.0,0.0,False
0923723d-ba85-5f70-88e9-f66cbfbdaa59,1785341052779,sender -> receiver,0,True,1785341052599.0,-180.0,0.0,False
25ddbadf-19c1-5512-b855-068910c6b8f3,1785341052796,sender -> receiver,0,True,1785341052611.0,-185.0,0.0,False
c5ef5f8b-d846-587c-a720-027387d35464,1785341052799,sender -> receiver,0,True,1785341052623.0,-176.0,0.0,False
ec6e6198-aca4-56af-96f3-d8dc9714254f,1785341052805,sender -> receiver,0,True,1785341052634.0,-171.0,0.0,False
96ef8a05-d8d6-54e7-96b6-f1df46f1c150,1785341052807,sender -> receiver,0,True,1785341052645.0,-162.0,0.0,False
6cd5cbb4-4e83-575b-a630-d5b6b3b769a0,1785341052808,sender -> receiver,0,True,1785341052655.0,-153.0,0.0,False
1e215f88-9db9-5166-865d-5348ca8bd8db,1785341052810,sender -> receiver,0,True,1785341052675.0,-135.0,0.0,False
d0b32b65-513e-5929-9770-39cfc2824533,1785341052811,sender -> receiver,0,True,1785341052685.0,-126.0,0.0,False
df1b7bc7-e4dd-5171-a5d9-009ed68d59e1,1785341052829,sender -> receiver,0,True,1785341052754.0,-75.0,0.0,False
27df019d-3d49-5f94-a1d1-8f5a89f1b968,1785341052831,sender -> receiver,0,True,1785341052765.0,-66.0,0.0,False
2101f54e-3a7e-5a8e-90c3-d1a3d5636267,1785341052834,sender -> receiver,0,True,1785341052775.0,-59.0,0.0,False
dd6ed31a-efa6-548a-bf93-67301656f32c,1785341052835,sender -> receiver,0,True,1785341052785.0,-50.0,0.0,False
44356750-b273-5ff3-a2b8-7a270098781c,1785341052837,sender -> receiver,0,True,1785341052812.0,-25.0,0.0,False
19435e62-0d64-5450-9a54-b450fddd3fd1,1785341052838,sender -> receiver,0,True,1785341052822.0,-16.0,0.0,False
60b2d65e-4092-5697-9f50-befe025f56c1,1785341052840,sender -> receiver,0,True,1785341052841.0,1.0,0.0,False
61db8ec4-c6f2-59f4-a109-ffb8ec2cd9e6,1785341052841,sender -> receiver,0,True,1785341052851.0,10.0,0.0,False
5d5a376e-0bcc-521b-a26b-f693c20797a2,1785341052843,sender -> receiver,0,True,1785341052861.0,18.0,0.0,False
84d9defd-840c-5991-83fe-95e19a43ec26,1785341052844,sender -> receiver,0,True,1785341052871.0,27.0,0.0,False
d41c5db2-305b-5ff1-b218-dc16272180a8,1785341052846,sender -> receiver,0,True,1785341052882.0,36.0,0.0,False
38a92c29-ce61-5e30-8d0f-572add5ef38d,1785341052855,sender -> receiver,0,True,1785341052914.0,59.0,0.0,False
f880973c-5f6b-593f-8148-ba7349622b4c,1785341052860,sender -> receiver,0,True,1785341052925.0,65.0,0.0,False
938911ac-4e0a-530a-b010-09d789dda9ba,1785341052862,sender -> receiver,0,True,1785341052935.0,73.0,0.0,False
b67a5564-a5ae-54ed-b0bd-24cdb408139f,1785341052868,sender -> receiver,0,True,1785341052946.0,78.0,0.0,False
53cc8796-d9d6-5f94-b67f-a9b0f6a27837,1785341052870,sender -> receiver,0,True,1785341052955.0,85.0,0.0,False
88b6eece-2f6f-5791-9f7e-4a0ed16a651a,1785341052871,sender -> receiver,0,True,1785341052965.0,94.0,0.0,False
79a38946-78a2-5247-b2c5-64bc8f372fa0,1785341052873,sender -> receiver,0,True,1785341052983.0,110.0,0.0,False
59af3d78-e623-55ea-a29d-fb783cd3c781,1785341052884,sender -> receiver,0,True,1785341052994.0,110.0,0.0,False
50c232d8-0ff9-5381-bf05-7e314c71575c,1785341052886,sender -> receiver,0,True,1785341053004.0,118.0,0.0,False
f3e48446-e250-512a-b153-b982cfaf9ae0,1785341052887,sender -> receiver,0,True,1785341053014.0,127.0,0.0,False
971bbf69-9f18-52eb-8ef8-c9131b28d698,1785341052889,sender,0,False,,,,False
39f18b0c-cee6-5f02-a487-25e7de7b595c,1785341052890,sender,0,False,,,,False
8a025d9e-39b6-5732-a361-7d4fdd34bb8b,1785341052901,sender,0,False,,,,False
98abe597-76fd-52d6-b327-b2f8249153f3,1785341052906,sender,0,False,,,,False
172cfa69-86df-562d-8fac-5369a339c661,1785341052907,sender,0,False,,,,False
0bdd001a-125f-5bbc-8eeb-984fbcf76541,1785341052909,sender,0,False,,,,False
b6e63fed-1f3a-5d70-b15f-9ff7f2835145,1785341052911,sender,0,False,,,,False
1a25ddd3-d287-5336-a80b-c6436c5ecb74,1785341052913,sender,0,False,,,,False
68d8662f-494e-5f92-a4c2-fe088a847f42,1785341052914,sender,0,False,,,,False
0cb04316-e78d-5e08-b1ce-f62e54e4bfa2,1785341052916,sender,0,False,,,,False
4d8ad06c-c55e-562f-8b74-d58efccffb99,1785341052917,sender,0,False,,,,False
e3a7bd89-eefe-5e96-89c3-b78cad4e47c9,1785341052965,sender,0,False,,,,False
75864d38-d2ac-510f-9cdb-de7fffbfe49a,1785341052976,sender,0,False,,,,False
02c5c1bc-deb8-556e-9519-5a9719c2b11d,1785341052979,sender,0,False,,,,False
c192287e-e820-54f9-8146-88197498832c,1785341052982,sender,0,False,,,,False
57256198-ecb5-5975-be1a-97cbf03707fe,1785341052985,sender,0,False,,,,False
89540f43-5a05-53d0-84fb-c9d2a615def5,1785341052988,sender,0,False,,,,False
2be8da51-f104-52b0-be7a-abb86dd885df,1785341052991,sender,0,False,,,,False
2d6c12f0-39f7-5bcc-b9c5-ada41a752c71,1785341053008,sender,0,False,,,,False
736177e1-3357-5417-8494-a8599df49cf7,1785341053011,sender,0,False,,,,False
32e0db82-0cdf-5b48-b72b-12f6989fcfae,1785341053014,sender,0,False,,,,False
955f817c-2c59-54eb-b93b-e47418ddfa03,1785341053017,sender,0,False,,,,False
78ef5232-6a48-517b-8b4e-4e526260315d,1785341053022,sender,0,False,,,,False
397beb83-a1ec-5f61-83c1-4593bac57afa,1785341053024,sender,0,False,,,,False
3b17d723-925c-535f-92eb-c3ba8903306c,1785341053035,sender,0,False,,,,False
9ba326ae-d96b-52b2-a8c8-13e5cf5f9633,1785341053038,sender,0,False,,,,False
9e1f6405-150f-5061-ac64-422e34ba1876,1785341053041,sender,0,False,,,,False
dd54ad47-d2a5-5e2e-b64b-459dc4f47be3,1785341053043,sender,0,False,,,,False
831df156-74b9-5eef-92f5-cacd41139183,1785341053049,sender,0,False,,,,False
3a878042-0b22-5554-a08b-ca5314d5ea88,1785341053051,sender,0,False,,,,False
2bd42d14-efa5-5b3a-9636-17197a188eff,1785341053054,sender,0,False,,,,False
27251ac7-5d8e-5a78-be51-e43b349be607,1785341053056,sender,0,False,,,,False
c5978d63-bff3-5652-b3ab-1d1099c95354,1785341053067,sender,0,False,,,,False
1b6cf812-573a-506c-b49c-715443b651ec,1785341053070,sender,0,False,,,,False
5eb322fe-c980-520c-9aca-f2971a90f7ba,1785341053072,sender,0,False,,,,False
d8de039b-f100-5e21-ac22-f74e095fb48b,1785341053083,sender,0,False,,,,False
88b2404c-3113-5571-b573-ce8e0f3b0306,1785341053086,sender,0,False,,,,False
a1664dbd-7774-5fa2-8818-fe59b760cf1b,1785341053089,sender,0,False,,,,False
a3fd1d33-05cf-5238-841f-b7ee1ae911c5,1785341053100,sender,0,False,,,,False
ada2dad0-36e0-5b0b-b3f8-4a1c5936b822,1785341053103,sender,0,False,,,,False
611c3bdf-50fd-54f3-a312-116a6bd898b8,1785341053106,sender,0,False,,,,False
ae0db640-5d54-5a63-9df8-9c7fa88f703d,1785341053117,sender,0,False,,,,False
dfe3020b-05cf-5d61-aaaf-c1f2cfeab2de,1785341053120,sender,0,False,,,,False
1ffe1aa6-8a48-51c7-8a1e-90e3512292ae,1785341053123,sender,0,False,,,,False
3bcc749f-10ad-59e6-b1d8-4a6b2c048f04,1785341053136,sender,0,False,,,,False
d7e02ef5-5743-54a3-a134-37c33a69c6b7,1785341053139,sender,0,False,,,,False
633b6cd1-3069-5ba3-9977-e65b90925bef,1785341053141,sender,0,False,,,,False
d1b0b67f-4c13-5a09-bcd1-7d4a07ded4c3,1785341053144,sender,0,False,,,,False
c75cb6f6-4af9-5733-8208-7ce0810c6efe,1785341053146,sender,0,False,,,,False
bf840dc0-487b-51ee-b774-b6f3057a5c25,1785341053148,sender,0,False,,,,False
d986417c-5fea-5bfc-a4f0-3aa7b5d78007,1785341053151,sender,0,False,,,,False
97f2fc51-2784-5308-90f0-13194d95fddd,1785341053153,sender,0,False,,,,False
bbd6a27b-06d4-5ba5-a95b-ee5f75f4864e,1785341053157,sender,0,False,,,,False
75b31d77-4862-5026-acee-f7117282d62b,1785341053168,sender,0,False,,,,False
1cf93680-e484-5b0e-9c82-1ff43411094f,1785341053172,sender,0,False,,,,False
05d9d3c8-09c1-59e8-b76a-8d3eed2be853,1785341053174,sender,0,False,,,,False
d8c7e026-a68e-55dd-a22d-f43e9655ee1e,1785341053176,sender,0,False,,,,False
6675fd48-e7ea-51ac-af9f-1e963b49c1d5,1785341053179,sender,0,False,,,,False
9ff7cd45-a813-5da0-8aec-04bdea0c1696,1785341053181,sender,0,False,,,,False
5b152cc8-f414-5cbd-9b5a-c02f91be0186,1785341053184,sender,0,False,,,,False
5e24953d-96b0-5cdb-bc5d-1bd9e44605db,1785341053187,sender,0,False,,,,False
e528217e-5d39-540e-baed-3ddc6807a0f9,1785341053192,sender,0,False,,,,False
a00b7644-7d7d-556d-8efe-5aafcbff8917,1785341053202,sender,0,False,,,,False
e11fd925-ac0a-52f6-8a1a-d7d42915e374,1785341053206,sender,0,False,,,,False
d1e0e830-1b51-554c-8f73-e5b0cd084774,1785341053209,sender,0,False,,,,False
35cdadac-35e9-5ef8-95c1-853344593cc8,1785341053211,sender,0,False,,,,False
301d0477-c6d0-5954-805b-bc554b3042bd,1785341053214,sender,0,False,,,,False
d24ad45e-24df-533e-a3d3-29e137f8cb87,1785341053216,sender,0,False,,,,False
068d0c87-b046-5dab-922c-5a5412b9d97a,1785341053218,sender,0,False,,,,False
8738172a-e216-50c9-b749-d4e2408973bd,1785341053221,sender,0,False,,,,False
fb2378ed-2c95-5d07-bafc-3641d50932d3,1785341053223,sender,0,False,,,,False
