messageId,sender,sentAt,payloadSize,deliveredAt,latencyMs
bd8bb216-977e-5765-b835-02b0303ced4c,98d46b55a78b65aeb87adada4b7b0270ab313e4fe15cdb332564b9276467c5ed,1785263728776,184.0,1785263728823,47
afac9313-04d5-5f5d-9e07-44e2c9fa8014,98d46b55a78b65aeb87adada4b7b0270ab313e4fe15cdb332564b9276467c5ed,1785263728779,184.0,1785263728827,48
d75179f0-b4e9-5fa5-97ff-0828baf7645f,98d46b55a78b65aeb87adada4b7b0270ab313e4fe15cdb332564b9276467c5ed,1785263729626,184.0,1785263729670,44
8f04e6c4-aa2e-5d31-9d76-1efe7964cb78,98d46b55a78b65aeb87adada4b7b0270ab313e4fe15cdb332564b9276467c5ed,1785263729662,184.0,1785263729723,61
c09281d6-9fd6-558d-98e9-d9ba9a5bc3d9,98d46b55a78b65aeb87adada4b7b0270ab313e4fe15cdb332564b9276467c5ed,1785263730641,184.0,1785263730706,65
aa544bc3-33b4-59ab-8c3f-aaac5f2791f8,98d46b55a78b65aeb87adada4b7b0270ab313e4fe15cdb332564b9276467c5ed,1785263730645,184.0,1785263730798,153
f7950ac2-816b-52c4-9c9b-4a7890ad2ae2,98d46b55a78b65aeb87adada4b7b0270ab313e4fe15cdb332564b9276467c5ed,1785263731631,184.0,1785263731696,65
08190873-6b2a-53bd-a6ac-fc413a88a99f,98d46b55a78b65aeb87adada4b7b0270ab313e4fe15cdb332564b9276467c5ed,1785263732635,184.0,1785263732732,97
0d8f6872-6a60-52e5-b88f-6cd5ec643793,98d46b55a78b65aeb87adada4b7b0270ab313e4fe15cdb332564b9276467c5ed,1785263732658,184.0,1785263732763,105
37efd600-9d8e-53e6-97dc-14469fb654cc,98d46b55a78b65aeb87adada4b7b0270ab313e4fe15cdb332564b9276467c5ed,1785263733657,184.0,1785263733689,32
8b1e91a4-f527-53ef-a1fd-53a110844bdf,98d46b55a78b65aeb87adada4b7b0270ab313e4fe15cdb332564b9276467c5ed,1785263733685,184.0,1785263733774,89
2132c21b-ecea-5f57-84fb-d79be70eebb0,98d46b55a78b65aeb87adada4b7b0270ab313e4fe15cdb332564b9276467c5ed,1785263734648,184.0,1785263734757,109
d794fb13-21d9-5659-8efe-c538382e4558,98d46b55a78b65aeb87adada4b7b0270ab313e4fe15cdb332564b9276467c5ed,1785263735640,184.0,1785263735715,75
0bcac172-2a6b-5792-9b29-22b5cd246e61,98d46b55a78b65aeb87adada4b7b0270ab313e4fe15cdb332564b9276467c5ed,1785263735677,184.0,1785263735754,77
a8dbb327-c29c-5587-9876-e11c444a26a5,98d46b55a78b65aeb87adada4b7b0270ab313e4fe15cdb332564b9276467c5ed,1785263736647,184.0,1785263736736,89
0e6e3f11-ca28-5bd7-a7b6-2ea093c4b42f,98d46b55a78b65aeb87adada4b7b0270ab313e4fe15cdb332564b9276467c5ed,1785263736693,184.0,1785263736825,132
d804b19b-ee18-5125-bcb9-7deb05034158,98d46b55a78b65aeb87adada4b7b0270ab313e4fe15cdb332564b9276467c5ed,1785263737638,184.0,1785263737691,53
f16eca20-1402-5b5f-9385-246f457b9a13,98d46b55a78b65aeb87adada4b7b0270ab313e4fe15cdb332564b9276467c5ed,1785263738671,184.0,1785263738714,43
74371bdc-c39e-50c5-b8d1-9bd456544dfa,98d46b55a78b65aeb87adada4b7b0270ab313e4fe15cdb332564b9276467c5ed,1785263738673,184.0,1785263738767,94
b49b30c9-38db-5d36-84a3-e0f59c59d67d,98d46b55a78b65aeb87adada4b7b0270ab313e4fe15cdb332564b9276467c5ed,1785263739661,184.0,1785263739783,122
d577ccf3-8df8-5248-99c8-9cf20b5a76ab,98d46b55a78b65aeb87adada4b7b0270ab313e4fe15cdb332564b9276467c5ed,1785263739673,184.0,1785263739789,116
580947ad-37f7-5e53-adbd-8dbbc3a45caf,98d46b55a78b65aeb87adada4b7b0270ab313e4fe15cdb332564b9276467c5ed,1785263740642,184.0,1785263740696,54
90abee97-1880-574f-b235-79f0dcc1023e,98d46b55a78b65aeb87adada4b7b0270ab313e4fe15cdb332564b9276467c5ed,1785263740661,184.0,1785263740749,88
89f42ce7-3909-50f9-ae3f-e6671431e041,98d46b55a78b65aeb87adada4b7b0270ab313e4fe15cdb332564b9276467c5ed,1785263741654,184.0,1785263741697,43
b0eae054-149d-5e73-af7e-1a3506da6580,98d46b55a78b65aeb87adada4b7b0270ab313e4fe15cdb332564b9276467c5ed,1785263742599,184.0,1785263742681,82
4823b754-394c-5864-968c-a95abd4f80b2,98d46b55a78b65aeb87adada4b7b0270ab313e4fe15cdb332564b9276467c5ed,1785263742601,184.0,1785263742688,87
5aef681a-5bb3-5747-bc31-d202574f3e24,98d46b55a78b65aeb87adada4b7b0270ab313e4fe15cdb332564b9276467c5ed,1785263743635,184.0,1785263743799,164
f98eceb6-5dd9-533b-86e0-29fe861f46bf,98d46b55a78b65aeb87adada4b7b0270ab313e4fe15cdb332564b9276467c5ed,1785263743655,184.0,1785263743813,158
96bc4702-4a3b-5fc3-9f14-8c766f7216b8,98d46b55a78b65aeb87adada4b7b0270ab313e4fe15cdb332564b9276467c5ed,1785263744594,184.0,1785263744653,59
bd8bb216-977e-5765-b835-02b0303ced4c,98d46b55a78b65aeb87adada4b7b0270ab313e4fe15cdb332564b9276467c5ed,1785263751146,184.0,1785263728823,-22323
afac9313-04d5-5f5d-9e07-44e2c9fa8014,98d46b55a78b65aeb87adada4b7b0270ab313e4fe15cdb332564b9276467c5ed,1785263751153,184.0,1785263728827,-22326
d75179f0-b4e9-5fa5-97ff-0828baf7645f,98d46b55a78b65aeb87adada4b7b0270ab313e4fe15cdb332564b9276467c5ed,1785263751906,184.0,1785263729670,-22236
8f04e6c4-aa2e-5d31-9d76-1efe7964cb78,98d46b55a78b65aeb87adada4b7b0270ab313e4fe15cdb332564b9276467c5ed,1785263751912,184.0,1785263729723,-22189
c09281d6-9fd6-558d-98e9-d9ba9a5bc3d9,98d46b55a78b65aeb87adada4b7b0270ab313e4fe15cdb332564b9276467c5ed,1785263752876,184.0,1785263730706,-22170
aa544bc3-33b4-59ab-8c3f-aaac5f2791f8,98d46b55a78b65aeb87adada4b7b0270ab313e4fe15cdb332564b9276467c5ed,1785263752878,184.0,1785263730798,-22080
f7950ac2-816b-52c4-9c9b-4a7890ad2ae2,98d46b55a78b65aeb87adada4b7b0270ab313e4fe15cdb332564b9276467c5ed,1785263753899,184.0,1785263731696,-22203
08190873-6b2a-53bd-a6ac-fc413a88a99f,98d46b55a78b65aeb87adada4b7b0270ab313e4fe15cdb332564b9276467c5ed,1785263754883,184.0,1785263732732,-22151
0d8f6872-6a60-52e5-b88f-6cd5ec643793,98d46b55a78b65aeb87adada4b7b0270ab313e4fe15cdb332564b9276467c5ed,1785263754884,184.0,1785263732763,-22121
37efd600-9d8e-53e6-97dc-14469fb654cc,98d46b55a78b65aeb87adada4b7b0270ab313e4fe15cdb332564b9276467c5ed,1785263755918,184.0,1785263733689,-22229
8b1e91a4-f527-53ef-a1fd-53a110844bdf,98d46b55a78b65aeb87adada4b7b0270ab313e4fe15cdb332564b9276467c5ed,1785263755918,184.0,1785263733774,-22144
2132c21b-ecea-5f57-84fb-d79be70eebb0,98d46b55a78b65aeb87adada4b7b0270ab313e4fe15cdb332564b9276467c5ed,1785263756892,184.0,1785263734757,-22135
d794fb13-21d9-5659-8efe-c538382e4558,98d46b55a78b65aeb87adada4b7b0270ab313e4fe15cdb332564b9276467c5ed,1785263757901,184.0,1785263735715,-22186
0bcac172-2a6b-5792-9b29-22b5cd246e61,98d46b55a78b65aeb87adada4b7b0270ab313e4fe15cdb332564b9276467c5ed,1785263757903,184.0,1785263735754,-22149
a8dbb327-c29c-5587-9876-e11c444a26a5,98d46b55a78b65aeb87adada4b7b0270ab313e4fe15cdb332564b9276467c5ed,1785263758893,184.0,1785263736736,-22157
0e6e3f11-ca28-5bd7-a7b6-2ea093c4b42f,98d46b55a78b65aeb87adada4b7b0270ab313e4fe15cdb332564b9276467c5ed,1785263758896,184.0,1785263736825,-22071
d804b19b-ee18-5125-bcb9-7deb05034158,98d46b55a78b65aeb87adada4b7b0270ab313e4fe15cdb332564b9276467c5ed,1785263759891,184.0,1785263737691,-22200
f16eca20-1402-5b5f-9385-246f457b9a13,98d46b55a78b65aeb87adada4b7b0270ab313e4fe15cdb332564b9276467c5ed,1785263760889,184.0,1785263738714,-22175
74371bdc-c39e-50c5-b8d1-9bd456544dfa,98d46b55a78b65aeb87adada4b7b0270ab313e4fe15cdb332564b9276467c5ed,1785263760898,184.0,1785263738767,-22131
b49b30c9-38db-5d36-84a3-e0f59c59d67d,98d46b55a78b65aeb87adada4b7b0270ab313e4fe15cdb332564b9276467c5ed,1785263761880,184.0,1785263739783,-22097
d577ccf3-8df8-5248-99c8-9cf20b5a76ab,98d46b55a78b65aeb87adada4b7b0270ab313e4fe15cdb332564b9276467c5ed,1785263761881,184.0,1785263739789,-22092
580947ad-37f7-5e53-adbd-8dbbc3a45caf,98d46b55a78b65aeb87adada4b7b0270ab313e4fe15cdb332564b9276467c5ed,1785263762862,184.0,1785263740696,-22166
90abee97-1880-574f-b235-79f0dcc1023e,98d46b55a78b65aeb87adada4b7b0270ab313e4fe15cdb332564b9276467c5ed,1785263762867,184.0,1785263740749,-22118
89f42ce7-3909-50f9-ae3f-e6671431e041,98d46b55a78b65aeb87adada4b7b0270ab313e4fe15cdb332564b9276467c5ed,1785263763880,184.0,1785263741697,-22183
b0eae054-149d-5e73-af7e-1a3506da6580,98d46b55a78b65aeb87adada4b7b0270ab313e4fe15cdb332564b9276467c5ed,1785263764889,184.0,1785263742681,-22208
4823b754-394c-5864-968c-a95abd4f80b2,98d46b55a78b65aeb87adada4b7b0270ab313e4fe15cdb332564b9276467c5ed,1785263764892,184.0,1785263742688,-22204
5aef681a-5bb3-5747-bc31-d202574f3e24,98d46b55a78b65aeb87adada4b7b0270ab313e4fe15cdb332564b9276467c5ed,1785263765893,184.0,1785263743799,-22094
f98eceb6-5dd9-533b-86e0-29fe861f46bf,98d46b55a78b65aeb87adada4b7b0270ab313e4fe15cdb332564b9276467c5ed,1785263765895,184.0,1785263743813,-22082
96bc4702-4a3b-5fc3-9f14-8c766f7216b8,98d46b55a78b65aeb87adada4b7b0270ab313e4fe15cdb332564b9276467c5ed,1785263766897,184.0,1785263744653,-22244
9e73a2fb-a818-5346-b815-45a21318ee35,98d46b55a78b65aeb87adada4b7b0270ab313e4fe15cdb332564b9276467c5ed,1785263767880,184.0,1785263767945,65
c93b4579-ed2b-5d84-a594-0aae24df5315,98d46b55a78b65aeb87adada4b7b0270ab313e4fe15cdb332564b9276467c5ed,1785263767902,184.0,1785263767989,87
1518bb60-dbc1-5f6f-8fff-0ba65fdeec2e,98d46b55a78b65aeb87adada4b7b0270ab313e4fe15cdb332564b9276467c5ed,1785263768882,184.0,1785263768963,81
d05d9e58-ead9-562c-980c-dd87db0c3ef9,98d46b55a78b65aeb87adada4b7b0270ab313e4fe15cdb332564b9276467c5ed,1785263768920,184.0,1785263768969,49
0ff7e349-e9e9-5874-8c7b-cf636aa37abe,98d46b55a78b65aeb87adada4b7b0270ab313e4fe15cdb332564b9276467c5ed,1785263769891,184.0,1785263769946,55
c998c495-392d-53b0-8b66-b43e7fe9507e,98d46b55a78b65aeb87adada4b7b0270ab313e4fe15cdb332564b9276467c5ed,1785263770917,184.0,1785263770996,79
ab233032-4642-5157-9221-557aa0a5d29f,98d46b55a78b65aeb87adada4b7b0270ab313e4fe15cdb332564b9276467c5ed,1785263770950,184.0,1785263771032,82
eb1e0521-ef5f-5ba1-a1f2-adf845e3b695,98d46b55a78b65aeb87adada4b7b0270ab313e4fe15cdb332564b9276467c5ed,1785263771893,184.0,1785263771973,80
866b1e40-a0b3-5f5b-b5d5-b9a01dfb7757,98d46b55a78b65aeb87adada4b7b0270ab313e4fe15cdb332564b9276467c5ed,1785263771897,184.0,1785263771981,84
22713422-0bee-55a8-8b73-f895a207353a,98d46b55a78b65aeb87adada4b7b0270ab313e4fe15cdb332564b9276467c5ed,1785263772874,184.0,1785263772923,49
393905d8-7b6e-5d64-9d4e-866a1f3657ef,98d46b55a78b65aeb87adada4b7b0270ab313e4fe15cdb332564b9276467c5ed,1785263773905,184.0,1785263773956,51
b98c378e-3be2-50ff-ab8d-6112b6a8ad0e,98d46b55a78b65aeb87adada4b7b0270ab313e4fe15cdb332564b9276467c5ed,1785263773935,184.0,1785263774003,68
00d1f48a-e964-52b5-aefb-f03aa2f60b82,98d46b55a78b65aeb87adada4b7b0270ab313e4fe15cdb332564b9276467c5ed,1785263774884,184.0,1785263774958,74
8d3da061-7b4c-5ec6-9fce-08d2919b7bde,98d46b55a78b65aeb87adada4b7b0270ab313e4fe15cdb332564b9276467c5ed,1785263774919,184.0,1785263774995,76
c4622fc3-cd65-5d45-807a-f68f780e8bab,98d46b55a78b65aeb87adada4b7b0270ab313e4fe15cdb332564b9276467c5ed,1785263775890,184.0,1785263775982,92
7d1470a8-91c1-5c0d-a69b-4cc251ab1219,98d46b55a78b65aeb87adada4b7b0270ab313e4fe15cdb332564b9276467c5ed,1785263775917,184.0,1785263775986,69
7c88afa0-ba46-585a-8b6a-a3942fbba827,98d46b55a78b65aeb87adada4b7b0270ab313e4fe15cdb332564b9276467c5ed,1785263776925,184.0,1785263776965,40
b351b53f-3e55-5c1f-a0d2-4ebfce4e3011,98d46b55a78b65aeb87adada4b7b0270ab313e4fe15cdb332564b9276467c5ed,1785263777886,184.0,1785263777954,68
91872ea3-f6e4-5ead-a04c-97f40661b7f2,98d46b55a78b65aeb87adada4b7b0270ab313e4fe15cdb332564b9276467c5ed,1785263777889,184.0,1785263777961,72
9637a70f-fca2-5186-a4d7-010184bfeb40,98d46b55a78b65aeb87adada4b7b0270ab313e4fe15cdb332564b9276467c5ed,1785263778911,184.0,1785263778994,83
65a5aa3f-b6a1-5763-8e72-effefc4a0b68,98d46b55a78b65aeb87adada4b7b0270ab313e4fe15cdb332564b9276467c5ed,1785263778917,184.0,1785263779003,86
481d94ac-c220-5c83-ba80-4ce8fc1bb543,98d46b55a78b65aeb87adada4b7b0270ab313e4fe15cdb332564b9276467c5ed,1785263779886,184.0,1785263779935,49
7dd8df91-6c09-5fb8-813a-515eee31c1e8,98d46b55a78b65aeb87adada4b7b0270ab313e4fe15cdb332564b9276467c5ed,1785263780898,184.0,1785263780969,71
d5debca0-1db3-55b2-80a5-3b7fc1b26625,98d46b55a78b65aeb87adada4b7b0270ab313e4fe15cdb332564b9276467c5ed,1785263780901,184.0,1785263780973,72
353f004d-0870-5cc1-8744-ad21f86cf0c9,98d46b55a78b65aeb87adada4b7b0270ab313e4fe15cdb332564b9276467c5ed,1785263781893,184.0,1785263781923,30
5621b263-51d5-563a-8e7a-7da05a02c204,98d46b55a78b65aeb87adada4b7b0270ab313e4fe15cdb332564b9276467c5ed,1785263781916,184.0,1785263781959,43
6e9db35f-3ff0-50b1-9ff5-2e0fc346899f,98d46b55a78b65aeb87adada4b7b0270ab313e4fe15cdb332564b9276467c5ed,1785263782858,184.0,1785263782911,53
914c0ee2-7e58-551e-9fc9-3b415dae51bd,98d46b55a78b65aeb87adada4b7b0270ab313e4fe15cdb332564b9276467c5ed,1785263783957,184.0,1785263784029,72
5862dcec-0ef0-5cf5-ad5a-718219380e6d,98d46b55a78b65aeb87adada4b7b0270ab313e4fe15cdb332564b9276467c5ed,1785263783959,184.0,1785263784033,74
549302db-48a5-552d-a584-748d3e1a6dce,98d46b55a78b65aeb87adada4b7b0270ab313e4fe15cdb332564b9276467c5ed,1785263784894,184.0,1785263784976,82
13fbfec2-eaf2-5877-81cd-1c884cd84b2e,98d46b55a78b65aeb87adada4b7b0270ab313e4fe15cdb332564b9276467c5ed,1785263784897,184.0,1785263785020,123
65297a95-988c-56b7-b3e0-bbeff98de672,98d46b55a78b65aeb87adada4b7b0270ab313e4fe15cdb332564b9276467c5ed,1785263785914,184.0,1785263785965,51
fc4c154b-850a-59aa-8ee6-fbac0bbbf2a1,98d46b55a78b65aeb87adada4b7b0270ab313e4fe15cdb332564b9276467c5ed,1785263785917,184.0,1785263785973,56
cd43587b-327e-5068-bb43-dc86fd89c23e,98d46b55a78b65aeb87adada4b7b0270ab313e4fe15cdb332564b9276467c5ed,1785263786875,184.0,1785263786914,39
83cc7410-71aa-590f-9494-3510a4a97ed2,98d46b55a78b65aeb87adada4b7b0270ab313e4fe15cdb332564b9276467c5ed,1785263787881,184.0,1785263787964,83
aff8be3e-403e-59fb-b77e-5d81afea4c0d,98d46b55a78b65aeb87adada4b7b0270ab313e4fe15cdb332564b9276467c5ed,1785263787929,184.0,1785263788004,75
bb735cc1-e764-5a19-bd83-e32b89fb6e53,98d46b55a78b65aeb87adada4b7b0270ab313e4fe15cdb332564b9276467c5ed,1785263788902,184.0,1785263788979,77
96cda4ea-2cb8-5f01-81d0-7145de741f41,98d46b55a78b65aeb87adada4b7b0270ab313e4fe15cdb332564b9276467c5ed,1785263788902,184.0,1785263788986,84
44e58dc3-624f-5112-9ef8-aa8ecf288bce,98d46b55a78b65aeb87adada4b7b0270ab313e4fe15cdb332564b9276467c5ed,1785263789894,184.0,1785263789969,75
b897615a-54e1-5fd4-98a1-47c5c31c3e75,98d46b55a78b65aeb87adada4b7b0270ab313e4fe15cdb332564b9276467c5ed,1785263790898,184.0,1785263791007,109
7ac5359b-47cc-52d9-be2f-e4934053ab1f,98d46b55a78b65aeb87adada4b7b0270ab313e4fe15cdb332564b9276467c5ed,1785263790902,184.0,1785263791016,114
d685e350-7d86-5302-b222-3f34286a77c4,98d46b55a78b65aeb87adada4b7b0270ab313e4fe15cdb332564b9276467c5ed,1785263791904,184.0,1785263791999,95
e9b3c215-1573-5341-a625-3a9c8f9ebd3e,98d46b55a78b65aeb87adada4b7b0270ab313e4fe15cdb332564b9276467c5ed,1785263791923,184.0,1785263792003,80
3f975bc6-dbb2-5f71-a6f9-39930583d7b1,98d46b55a78b65aeb87adada4b7b0270ab313e4fe15cdb332564b9276467c5ed,1785263792875,184.0,1785263792940,65
68aa370f-2174-55ba-9d40-ca672ddb2b57,98d46b55a78b65aeb87adada4b7b0270ab313e4fe15cdb332564b9276467c5ed,1785263793931,184.0,1785263793976,45
3d4e249f-fa33-5e9e-a7f0-efe7a43a4546,98d46b55a78b65aeb87adada4b7b0270ab313e4fe15cdb332564b9276467c5ed,1785263793969,184.0,1785263793981,12
d149b4c2-ffe3-5604-9e6c-3dc9ab0729b1,98d46b55a78b65aeb87adada4b7b0270ab313e4fe15cdb332564b9276467c5ed,1785263794882,184.0,1785263794933,51
9f96379a-ecf0-5a41-ad76-db8d416af205,98d46b55a78b65aeb87adada4b7b0270ab313e4fe15cdb332564b9276467c5ed,1785263794884,184.0,1785263794939,55
17fb9d27-f76e-53d2-b2fc-a92dd7b9e2a8,98d46b55a78b65aeb87adada4b7b0270ab313e4fe15cdb332564b9276467c5ed,1785263795889,184.0,1785263795958,69
2dd5413a-559f-5e83-a528-f6ca9b018a15,98d46b55a78b65aeb87adada4b7b0270ab313e4fe15cdb332564b9276467c5ed,1785263796905,184.0,1785263796990,85
696471c3-d95d-54ac-8b8d-8e42a0651609,98d46b55a78b65aeb87adada4b7b0270ab313e4fe15cdb332564b9276467c5ed,1785263796924,184.0,1785263796996,72
ccbb8e4d-8d74-5d91-86b8-44497a6d7077,98d46b55a78b65aeb87adada4b7b0270ab313e4fe15cdb332564b9276467c5ed,1785263797913,184.0,1785263797979,66
a1902460-f69a-58bd-80bd-c6dcc23a6e20,98d46b55a78b65aeb87adada4b7b0270ab313e4fe15cdb332564b9276467c5ed,1785263797914,184.0,1785263797983,69
c5fb4528-6f1e-5634-834f-18f9da449c9d,98d46b55a78b65aeb87adada4b7b0270ab313e4fe15cdb332564b9276467c5ed,1785263798892,184.0,1785263798928,36
e728d952-043f-50a4-99e1-5a74dd0a6e8a,98d46b55a78b65aeb87adada4b7b0270ab313e4fe15cdb332564b9276467c5ed,1785263798923,184.0,1785263798970,47
5a806625-384e-5c27-b160-4005c24d5418,98d46b55a78b65aeb87adada4b7b0270ab313e4fe15cdb332564b9276467c5ed,1785263799877,184.0,1785263799914,37
d726851c-d52d-588f-91b8-46fab5eb5118,98d46b55a78b65aeb87adada4b7b0270ab313e4fe15cdb332564b9276467c5ed,1785263800880,184.0,1785263800911,31
53274aba-9526-5dcd-b22a-b68714199754,98d46b55a78b65aeb87adada4b7b0270ab313e4fe15cdb332564b9276467c5ed,1785263800897,184.0,1785263800948,51
e66c938b-a19c-523a-8e52-09b57b3c9183,98d46b55a78b65aeb87adada4b7b0270ab313e4fe15cdb332564b9276467c5ed,1785263801904,184.0,1785263801940,36
1c339486-65b0-57d1-a599-1a90bfb0a1ce,98d46b55a78b65aeb87adada4b7b0270ab313e4fe15cdb332564b9276467c5ed,1785263801928,184.0,1785263802005,77
8492c684-805b-5c63-a78a-ef2c38f1b7b8,98d46b55a78b65aeb87adada4b7b0270ab313e4fe15cdb332564b9276467c5ed,1785263802883,184.0,1785263802974,91
912ac0eb-aca9-5450-8f88-74a22a357f6d,98d46b55a78b65aeb87adada4b7b0270ab313e4fe15cdb332564b9276467c5ed,1785263803897,184.0,1785263804010,113
c7381100-c456-5556-b578-5de003a4d90f,98d46b55a78b65aeb87adada4b7b0270ab313e4fe15cdb332564b9276467c5ed,1785263803902,184.0,1785263804016,114
4e23cb79-6d3d-5117-a828-099cacaafab6,98d46b55a78b65aeb87adada4b7b0270ab313e4fe15cdb332564b9276467c5ed,1785263804884,184.0,1785263804957,73
6a67bfd3-df24-5b44-9e02-3da4ab3679ad,98d46b55a78b65aeb87adada4b7b0270ab313e4fe15cdb332564b9276467c5ed,1785263804886,184.0,1785263804963,77
c612042c-8514-5e24-9ebe-a4b5e6ca3d41,98d46b55a78b65aeb87adada4b7b0270ab313e4fe15cdb332564b9276467c5ed,1785263805883,184.0,1785263805945,62
982b69bc-6d5e-501e-bad4-713519be2278,98d46b55a78b65aeb87adada4b7b0270ab313e4fe15cdb332564b9276467c5ed,1785263806895,184.0,1785263806980,85
bc218608-d2d3-5b72-86ef-2a4d88a6916d,98d46b55a78b65aeb87adada4b7b0270ab313e4fe15cdb332564b9276467c5ed,1785263806896,184.0,1785263806984,88
805feff5-f0da-5ec9-97c6-b709edc63336,98d46b55a78b65aeb87adada4b7b0270ab313e4fe15cdb332564b9276467c5ed,1785263807897,184.0,1785263807974,77
47828724-b270-503d-b7d4-6a8d0ea96504,98d46b55a78b65aeb87adada4b7b0270ab313e4fe15cdb332564b9276467c5ed,1785263807901,184.0,1785263808014,113
f8c2be94-f63a-54ec-8dcd-09a333db456f,98d46b55a78b65aeb87adada4b7b0270ab313e4fe15cdb332564b9276467c5ed,1785263808877,184.0,1785263808960,83
d51a5858-7c8f-5be4-ba07-1bf30bce29aa,98d46b55a78b65aeb87adada4b7b0270ab313e4fe15cdb332564b9276467c5ed,1785263809888,184.0,1785263809954,66
c454ce88-ad9a-533e-a6a3-ea9b9b19ec8e,98d46b55a78b65aeb87adada4b7b0270ab313e4fe15cdb332564b9276467c5ed,1785263809890,184.0,1785263809961,71
455340df-3ffa-5da8-9ff0-47f3f44c8be2,98d46b55a78b65aeb87adada4b7b0270ab313e4fe15cdb332564b9276467c5ed,1785263810893,184.0,1785263810939,46
a1f5e86e-186a-526c-ae53-e842a570b34f,98d46b55a78b65aeb87adada4b7b0270ab313e4fe15cdb332564b9276467c5ed,1785263810925,184.0,1785263810983,58
ea819f17-95f8-52f9-ab64-848c145fe73e,98d46b55a78b65aeb87adada4b7b0270ab313e4fe15cdb332564b9276467c5ed,1785263811904,184.0,1785263811974,70
a25f20e7-6013-5929-995b-f272b2b2d459,98d46b55a78b65aeb87adada4b7b0270ab313e4fe15cdb332564b9276467c5ed,1785263811909,184.0,1785263811980,71
3437b73e-4f09-582d-ab65-ba823b68ae79,98d46b55a78b65aeb87adada4b7b0270ab313e4fe15cdb332564b9276467c5ed,1785263812864,184.0,1785263812926,62
5dd6c090-fc6a-5b0c-a8d5-955202dd93d1,98d46b55a78b65aeb87adada4b7b0270ab313e4fe15cdb332564b9276467c5ed,1785263813884,184.0,1785263813999,115
c412475d-bbd5-5fc6-ae11-8c90972d28e8,98d46b55a78b65aeb87adada4b7b0270ab313e4fe15cdb332564b9276467c5ed,1785263813886,184.0,1785263814046,160
dbcbc579-d277-580a-a554-8f3136463163,98d46b55a78b65aeb87adada4b7b0270ab313e4fe15cdb332564b9276467c5ed,1785263814893,184.0,1785263814946,53
d9d250e1-a6a5-5ce1-aaa0-9b4d5732bbf4,98d46b55a78b65aeb87adada4b7b0270ab313e4fe15cdb332564b9276467c5ed,1785263814897,184.0,1785263814996,99
94169dff-3ec5-5f43-8181-18b1a650ad07,98d46b55a78b65aeb87adada4b7b0270ab313e4fe15cdb332564b9276467c5ed,1785263815906,184.0,1785263815948,42
b67fc422-89f6-519d-93d9-3e0512073586,98d46b55a78b65aeb87adada4b7b0270ab313e4fe15cdb332564b9276467c5ed,1785263816886,184.0,1785263816979,93
d8a1161d-5e21-5673-89a5-8be2c51b5cf3,98d46b55a78b65aeb87adada4b7b0270ab313e4fe15cdb332564b9276467c5ed,1785263816888,184.0,1785263816983,95
55944530-c47e-55dd-908b-5174d4a96a1b,98d46b55a78b65aeb87adada4b7b0270ab313e4fe15cdb332564b9276467c5ed,1785263817903,184.0,1785263818012,109
47494574-2a76-5e9e-8979-b3815ea11711,98d46b55a78b65aeb87adada4b7b0270ab313e4fe15cdb332564b9276467c5ed,1785263817936,184.0,1785263818053,117
f46b5980-0748-561a-985f-36ad89e22d0f,98d46b55a78b65aeb87adada4b7b0270ab313e4fe15cdb332564b9276467c5ed,1785263818899,184.0,1785263818964,65
65feeceb-f894-5fe2-be5a-36b7f76f3990,98d46b55a78b65aeb87adada4b7b0270ab313e4fe15cdb332564b9276467c5ed,1785263819900,184.0,1785263819990,90
09eb4d99-576f-502c-9d42-cabc755cf134,98d46b55a78b65aeb87adada4b7b0270ab313e4fe15cdb332564b9276467c5ed,1785263819901,184.0,1785263819999,98
71fc7f0f-c9a2-5709-9965-cc5efbf4f41f,98d46b55a78b65aeb87adada4b7b0270ab313e4fe15cdb332564b9276467c5ed,1785263820893,184.0,1785263820975,82
5d54e1c8-2519-5ae1-ba15-a6dc576aae58,98d46b55a78b65aeb87adada4b7b0270ab313e4fe15cdb332564b9276467c5ed,1785263820894,184.0,1785263820980,86
fcc25cb7-7ac2-532a-a5df-095501f714f1,98d46b55a78b65aeb87adada4b7b0270ab313e4fe15cdb332564b9276467c5ed,1785263821892,184.0,1785263822011,119
0642003a-1805-5668-bc6d-714dbfec87b5,98d46b55a78b65aeb87adada4b7b0270ab313e4fe15cdb332564b9276467c5ed,1785263821893,184.0,1785263822018,125
228764a9-ea27-55a1-bbef-748514f679e2,98d46b55a78b65aeb87adada4b7b0270ab313e4fe15cdb332564b9276467c5ed,1785263822916,184.0,1785263823000,84
87ea4150-5d50-531e-8f8d-566270f1e8fe,98d46b55a78b65aeb87adada4b7b0270ab313e4fe15cdb332564b9276467c5ed,1785263823916,184.0,1785263823958,42
5860df66-09a9-5724-8506-d21139c957dd,98d46b55a78b65aeb87adada4b7b0270ab313e4fe15cdb332564b9276467c5ed,1785263823917,184.0,1785263823963,46
629c40a5-a18e-5097-9d5b-60843a47a183,98d46b55a78b65aeb87adada4b7b0270ab313e4fe15cdb332564b9276467c5ed,1785263824898,184.0,1785263824988,90
b0a46afd-a0c7-599e-a5f6-12403d0674c3,98d46b55a78b65aeb87adada4b7b0270ab313e4fe15cdb332564b9276467c5ed,1785263824924,184.0,1785263824996,72
95e4c745-5ae0-5a29-8585-878f60c1f907,98d46b55a78b65aeb87adada4b7b0270ab313e4fe15cdb332564b9276467c5ed,1785263825918,184.0,1785263825970,52
a9368455-0b8a-52cb-967c-f64062f6a9c1,98d46b55a78b65aeb87adada4b7b0270ab313e4fe15cdb332564b9276467c5ed,1785263826895,184.0,1785263826959,64
8c03db5b-b78b-5b36-9fa9-b15a001907c2,98d46b55a78b65aeb87adada4b7b0270ab313e4fe15cdb332564b9276467c5ed,1785263826896,184.0,1785263826963,67
e3872b81-b053-5aad-ae77-9448c1c7cb2e,98d46b55a78b65aeb87adada4b7b0270ab313e4fe15cdb332564b9276467c5ed,1785263827900,184.0,1785263827962,62
63405b42-01cd-5037-94b7-de4ec76ec0fe,98d46b55a78b65aeb87adada4b7b0270ab313e4fe15cdb332564b9276467c5ed,1785263827900,184.0,1785263827968,68
a17448da-7c4b-572f-9beb-d19f83d1fc06,98d46b55a78b65aeb87adada4b7b0270ab313e4fe15cdb332564b9276467c5ed,1785263828888,184.0,1785263828938,50
68c043de-e6e4-57b5-a42d-89bd587023f7,98d46b55a78b65aeb87adada4b7b0270ab313e4fe15cdb332564b9276467c5ed,1785263829910,184.0,1785263829975,65
1a028aa6-3b54-5fca-8851-61f903ef3a9b,98d46b55a78b65aeb87adada4b7b0270ab313e4fe15cdb332564b9276467c5ed,1785263829911,184.0,1785263829981,70
5f471896-4c5b-5bd8-9e20-c71aa6fd7e8c,98d46b55a78b65aeb87adada4b7b0270ab313e4fe15cdb332564b9276467c5ed,1785263830888,184.0,1785263830931,43
8f44fde3-2dd5-521e-8092-da341ea1e4fa,98d46b55a78b65aeb87adada4b7b0270ab313e4fe15cdb332564b9276467c5ed,1785263830892,184.0,1785263830935,43
ace0763e-b2f8-5c0e-8151-d8fa0c7d8d06,98d46b55a78b65aeb87adada4b7b0270ab313e4fe15cdb332564b9276467c5ed,1785263831872,184.0,1785263831953,81
19e604c8-10f8-5505-8b0b-32d49c8b3f7f,98d46b55a78b65aeb87adada4b7b0270ab313e4fe15cdb332564b9276467c5ed,1785263832889,184.0,1785263832990,101
23226b0c-e28e-51e5-aa56-4bd01c35e125,98d46b55a78b65aeb87adada4b7b0270ab313e4fe15cdb332564b9276467c5ed,1785263832892,184.0,1785263832999,107
da52cf60-b8c0-5e7f-9280-5a66f3e1d01a,98d46b55a78b65aeb87adada4b7b0270ab313e4fe15cdb332564b9276467c5ed,1785263833898,184.0,1785263833981,83
c3fa89c9-44eb-545a-afd2-db9955af455f,98d46b55a78b65aeb87adada4b7b0270ab313e4fe15cdb332564b9276467c5ed,1785263833898,184.0,1785263833993,95
2ae10ef9-c352-5f48-b728-874f37800139,98d46b55a78b65aeb87adada4b7b0270ab313e4fe15cdb332564b9276467c5ed,1785263834909,184.0,1785263835084,175
6f891531-82aa-5c0d-baa0-4f5a2d21b6c7,98d46b55a78b65aeb87adada4b7b0270ab313e4fe15cdb332564b9276467c5ed,1785263834945,184.0,1785263835089,144
315e9b89-3cd6-56ed-b8bf-c93d87ed8fb7,98d46b55a78b65aeb87adada4b7b0270ab313e4fe15cdb332564b9276467c5ed,1785263835890,184.0,1785263835961,71
060f103f-982b-509d-b81f-8526adde835b,98d46b55a78b65aeb87adada4b7b0270ab313e4fe15cdb332564b9276467c5ed,1785263836904,184.0,1785263836950,46
7b06bcc6-a5b4-5401-8162-a976c8f7b197,98d46b55a78b65aeb87adada4b7b0270ab313e4fe15cdb332564b9276467c5ed,1785263836942,184.0,1785263837006,64
e9cb8e10-94e7-5a54-9fdb-73809f2231d4,98d46b55a78b65aeb87adada4b7b0270ab313e4fe15cdb332564b9276467c5ed,1785263837885,184.0,1785263837938,53
ba75eb20-da10-5bf0-843a-86fa0a875466,98d46b55a78b65aeb87adada4b7b0270ab313e4fe15cdb332564b9276467c5ed,1785263837891,184.0,1785263837989,98
369bea42-cc87-5c3d-acba-e754d766885f,98d46b55a78b65aeb87adada4b7b0270ab313e4fe15cdb332564b9276467c5ed,1785263838899,184.0,1785263838937,38
0ce3c201-d727-5ad3-a7d5-4c8236aba061,98d46b55a78b65aeb87adada4b7b0270ab313e4fe15cdb332564b9276467c5ed,1785263839892,184.0,1785263839964,72
ab88d85c-6a24-5a3e-bba5-203097d3664c,98d46b55a78b65aeb87adada4b7b0270ab313e4fe15cdb332564b9276467c5ed,1785263839894,184.0,1785263839969,75
277b9a18-c023-51c1-8139-c8a3e50057cf,98d46b55a78b65aeb87adada4b7b0270ab313e4fe15cdb332564b9276467c5ed,1785263840896,184.0,1785263840954,58
21221e6f-8cd4-5d12-97fd-e74a60476e57,98d46b55a78b65aeb87adada4b7b0270ab313e4fe15cdb332564b9276467c5ed,1785263840901,184.0,1785263840960,59
007a4765-eb6c-5033-bf2a-8fca625dfc97,98d46b55a78b65aeb87adada4b7b0270ab313e4fe15cdb332564b9276467c5ed,1785263841892,184.0,1785263841952,60
869a8ae9-83b1-5cd4-9ecf-56d368200d64,98d46b55a78b65aeb87adada4b7b0270ab313e4fe15cdb332564b9276467c5ed,1785263842891,184.0,1785263842981,90
623b3068-0843-538e-9359-60e35e03c66b,98d46b55a78b65aeb87adada4b7b0270ab313e4fe15cdb332564b9276467c5ed,1785263842891,184.0,1785263842986,95
453788da-25d4-547e-8aa4-62a5ba6bbf23,98d46b55a78b65aeb87adada4b7b0270ab313e4fe15cdb332564b9276467c5ed,1785263843887,184.0,1785263843924,37
2cef2583-ebcd-57cb-989b-76376f92042c,98d46b55a78b65aeb87adada4b7b0270ab313e4fe15cdb332564b9276467c5ed,1785263843895,184.0,1785263843928,33
cabd6030-0d16-5be5-9e9c-159b7b939c0d,98d46b55a78b65aeb87adada4b7b0270ab313e4fe15cdb332564b9276467c5ed,1785263844880,184.0,1785263844913,33
796ef8c9-ec3a-517e-a78b-24b00b51ef80,98d46b55a78b65aeb87adada4b7b0270ab313e4fe15cdb332564b9276467c5ed,1785263844895,184.0,1785263844966,71
c40de5fc-139e-54df-84a5-71dda8f36a3c,98d46b55a78b65aeb87adada4b7b0270ab313e4fe15cdb332564b9276467c5ed,1785263845873,184.0,1785263845908,35
9a0d4e4a-8a74-5052-8015-9bac2d9d181d,98d46b55a78b65aeb87adada4b7b0270ab313e4fe15cdb332564b9276467c5ed,1785263846904,184.0,1785263846986,82
ec50b1aa-6d99-5ca7-bb7d-59a4214db4d5,98d46b55a78b65aeb87adada4b7b0270ab313e4fe15cdb332564b9276467c5ed,1785263846907,184.0,1785263846994,87
469b1ee8-5f77-5a49-bf09-ef9e94a0da03,98d46b55a78b65aeb87adada4b7b0270ab313e4fe15cdb332564b9276467c5ed,1785263847904,184.0,1785263847975,71
03499cc5-8928-5b5a-a1d8-0e64e292c2ed,98d46b55a78b65aeb87adada4b7b0270ab313e4fe15cdb332564b9276467c5ed,1785263847905,184.0,1785263847984,79
4f236e3d-3fbc-5146-9a50-f69f030ea0a0,98d46b55a78b65aeb87adada4b7b0270ab313e4fe15cdb332564b9276467c5ed,1785263848879,184.0,1785263848922,43
b62cc9da-afd5-5f53-9949-2608015fd960,98d46b55a78b65aeb87adada4b7b0270ab313e4fe15cdb332564b9276467c5ed,1785263849897,184.0,1785263849998,101
56e54315-24c5-5c69-a28c-d12d50fe4298,98d46b55a78b65aeb87adada4b7b0270ab313e4fe15cdb332564b9276467c5ed,1785263849923,184.0,1785263850003,80
539704a7-0513-59c3-9a6c-9c9605dbc9a1,98d46b55a78b65aeb87adada4b7b0270ab313e4fe15cdb332564b9276467c5ed,1785263850894,184.0,1785263850989,95
25e5e6bd-73cb-50f6-9f41-0002f7774d17,98d46b55a78b65aeb87adada4b7b0270ab313e4fe15cdb332564b9276467c5ed,1785263850921,184.0,1785263850995,74
63f4dec8-a1a1-5443-a0d0-dadd279a9b87,98d46b55a78b65aeb87adada4b7b0270ab313e4fe15cdb332564b9276467c5ed,1785263851885,184.0,1785263851934,49
ef52e135-271c-5374-910c-9f3730824443,98d46b55a78b65aeb87adada4b7b0270ab313e4fe15cdb332564b9276467c5ed,1785263852863,184.0,1785263852934,71
e381c0e7-149b-508d-80f9-f1235d82854e,98d46b55a78b65aeb87adada4b7b0270ab313e4fe15cdb332564b9276467c5ed,1785263852896,184.0,1785263852939,43
f9c4473d-080e-5043-9d35-96ea1ac233c3,98d46b55a78b65aeb87adada4b7b0270ab313e4fe15cdb332564b9276467c5ed,1785263853885,184.0,1785263853918,33
d335ea2c-cb3c-5dcf-898b-f3c01035c80d,98d46b55a78b65aeb87adada4b7b0270ab313e4fe15cdb332564b9276467c5ed,1785263853885,184.0,1785263853959,74
633cbe70-63de-5442-8862-2dd9ce2cdf8d,98d46b55a78b65aeb87adada4b7b0270ab313e4fe15cdb332564b9276467c5ed,1785263854886,184.0,1785263854948,62
4157a368-2281-5256-8af2-ccce59307ae3,98d46b55a78b65aeb87adada4b7b0270ab313e4fe15cdb332564b9276467c5ed,1785263855948,184.0,1785263856029,81
17bf6e4e-3ab0-5673-84c9-6a892ee79403,98d46b55a78b65aeb87adada4b7b0270ab313e4fe15cdb332564b9276467c5ed,1785263855977,184.0,1785263856033,56
e5c7b482-0eba-5eb2-8eb0-0906d17fd554,98d46b55a78b65aeb87adada4b7b0270ab313e4fe15cdb332564b9276467c5ed,1785263856890,184.0,1785263856929,39
14f62107-3bd3-55aa-b248-192b10de437f,98d46b55a78b65aeb87adada4b7b0270ab313e4fe15cdb332564b9276467c5ed,1785263856891,184.0,1785263856984,93
d5754af2-fed5-5a5b-9b04-0f98f12e05a9,98d46b55a78b65aeb87adada4b7b0270ab313e4fe15cdb332564b9276467c5ed,1785263857885,184.0,1785263857917,32
cda6b7bc-5006-5b28-b7e9-dc16e429e362,98d46b55a78b65aeb87adada4b7b0270ab313e4fe15cdb332564b9276467c5ed,1785263857892,184.0,1785263857965,73
cd9f8fe9-4f6d-5c7b-842b-71ec8a53f725,98d46b55a78b65aeb87adada4b7b0270ab313e4fe15cdb332564b9276467c5ed,1785263858875,184.0,1785263858954,79
cd1406cd-f236-528f-a181-fe54d1144246,98d46b55a78b65aeb87adada4b7b0270ab313e4fe15cdb332564b9276467c5ed,1785263859900,184.0,1785263859998,98
b69ea647-8050-52b5-98cc-b659e6290206,98d46b55a78b65aeb87adada4b7b0270ab313e4fe15cdb332564b9276467c5ed,1785263859902,184.0,1785263859999,97
a81e75c9-1fb5-5abd-baad-b76f08b7d7a4,98d46b55a78b65aeb87adada4b7b0270ab313e4fe15cdb332564b9276467c5ed,1785263860902,184.0,1785263860935,33
73be9105-8add-566e-b4f3-a268e1288787,98d46b55a78b65aeb87adada4b7b0270ab313e4fe15cdb332564b9276467c5ed,1785263860924,184.0,1785263860989,65
27f79dad-1896-50ad-8a82-992db1587439,98d46b55a78b65aeb87adada4b7b0270ab313e4fe15cdb332564b9276467c5ed,1785263861888,184.0,1785263861938,50
5bffed2e-9379-5425-b39d-509d2e506b0b,98d46b55a78b65aeb87adada4b7b0270ab313e4fe15cdb332564b9276467c5ed,1785263862884,184.0,1785263862924,40
b3787baf-f654-5fd2-ab19-b624b3f8bf07,98d46b55a78b65aeb87adada4b7b0270ab313e4fe15cdb332564b9276467c5ed,1785263862884,184.0,1785263862927,43
e48f8d6b-c93e-57b5-852b-21336300cb75,98d46b55a78b65aeb87adada4b7b0270ab313e4fe15cdb332564b9276467c5ed,1785263863924,184.0,1785263863953,29
ecb49277-51a0-5c5f-8fcb-9555ee5033be,98d46b55a78b65aeb87adada4b7b0270ab313e4fe15cdb332564b9276467c5ed,1785263863924,184.0,1785263863959,35
dd001f8b-6ce2-596f-9668-ec03b038dc65,98d46b55a78b65aeb87adada4b7b0270ab313e4fe15cdb332564b9276467c5ed,1785263864904,184.0,1785263864984,80
4f317be5-3ad5-5856-99d5-bd3dbb6e6110,98d46b55a78b65aeb87adada4b7b0270ab313e4fe15cdb332564b9276467c5ed,1785263865893,184.0,1785263865979,86
62ccf051-cda1-587e-b6a6-c5965e4c1361,98d46b55a78b65aeb87adada4b7b0270ab313e4fe15cdb332564b9276467c5ed,1785263865913,184.0,1785263865986,73
10eff8c7-fa81-58ab-966d-6079a7362ada,98d46b55a78b65aeb87adada4b7b0270ab313e4fe15cdb332564b9276467c5ed,1785263866894,184.0,1785263866965,71
01eb81aa-0205-5abc-80e4-5d1a36eaa613,98d46b55a78b65aeb87adada4b7b0270ab313e4fe15cdb332564b9276467c5ed,1785263866897,184.0,1785263866969,72
e9d26c24-6942-5e28-aca6-b3395bbc9c7c,98d46b55a78b65aeb87adada4b7b0270ab313e4fe15cdb332564b9276467c5ed,1785263867881,184.0,1785263867909,28
4bc48425-70a7-53cb-90af-f002fdcedfcc,98d46b55a78b65aeb87adada4b7b0270ab313e4fe15cdb332564b9276467c5ed,1785263876093,184.0,1785263876218,125
a35acf63-5517-5643-b6be-c5f5647cd4ef,98d46b55a78b65aeb87adada4b7b0270ab313e4fe15cdb332564b9276467c5ed,1785263876096,184.0,1785263876221,125
c3220131-14af-5353-b9f9-b86bcd6c4919,98d46b55a78b65aeb87adada4b7b0270ab313e4fe15cdb332564b9276467c5ed,1785263876926,184.0,1785263876954,28
a8ba341a-3025-5a0e-957b-c08e93d93933,98d46b55a78b65aeb87adada4b7b0270ab313e4fe15cdb332564b9276467c5ed,1785263876928,184.0,1785263876997,69
a5edc022-041d-5501-b4d9-a02f63f29e12,98d46b55a78b65aeb87adada4b7b0270ab313e4fe15cdb332564b9276467c5ed,1785263877950,184.0,1785263877989,39
516aa5a9-a0d7-52ab-8bbe-885ba97a3ec4,98d46b55a78b65aeb87adada4b7b0270ab313e4fe15cdb332564b9276467c5ed,1785263877953,184.0,1785263877993,40
0d1d4122-76e8-52ba-b2df-90e1d29409a3,98d46b55a78b65aeb87adada4b7b0270ab313e4fe15cdb332564b9276467c5ed,1785263878917,184.0,1785263878977,60
edcc5cbc-794b-5125-89fd-d2a84fa6ca37,98d46b55a78b65aeb87adada4b7b0270ab313e4fe15cdb332564b9276467c5ed,1785263879913,184.0,1785263879967,54
2e0c5bfc-5e71-572f-a1b2-c91d5ec67e40,98d46b55a78b65aeb87adada4b7b0270ab313e4fe15cdb332564b9276467c5ed,1785263879955,184.0,1785263880016,61
87abdb58-d276-520c-88d0-ff6e99f0cf11,98d46b55a78b65aeb87adada4b7b0270ab313e4fe15cdb332564b9276467c5ed,1785263880924,184.0,1785263881003,79
acc76173-64f4-58a0-9515-59f41d48c1a6,98d46b55a78b65aeb87adada4b7b0270ab313e4fe15cdb332564b9276467c5ed,1785263880925,184.0,1785263881006,81
feb24978-8ae6-5eb5-b971-0f976dc51b89,98d46b55a78b65aeb87adada4b7b0270ab313e4fe15cdb332564b9276467c5ed,1785263881930,184.0,1785263881993,63
51e910d0-1863-57d4-9fcc-26413bbb2f89,98d46b55a78b65aeb87adada4b7b0270ab313e4fe15cdb332564b9276467c5ed,1785263882940,184.0,1785263882983,43
7a9ceb0c-7bf1-55c6-836f-e4f3d4052afe,98d46b55a78b65aeb87adada4b7b0270ab313e4fe15cdb332564b9276467c5ed,1785263882942,184.0,1785263882989,47
cba67d32-8d35-5468-961d-efe180d46cf9,98d46b55a78b65aeb87adada4b7b0270ab313e4fe15cdb332564b9276467c5ed,1785263883947,184.0,1785263883990,43
31421ea8-2fa7-58e8-9602-0015a2842866,98d46b55a78b65aeb87adada4b7b0270ab313e4fe15cdb332564b9276467c5ed,1785263883948,184.0,1785263883995,47
cc226ed6-5a9d-5865-847c-e02a1d875dd4,98d46b55a78b65aeb87adada4b7b0270ab313e4fe15cdb332564b9276467c5ed,1785263884911,184.0,1785263884964,53
ed5f426f-6d99-5f41-b04e-51ee8fe4a78e,98d46b55a78b65aeb87adada4b7b0270ab313e4fe15cdb332564b9276467c5ed,1785263885962,184.0,1785263886057,95
b2d54e2f-aadc-50e6-8e82-2da00a1c3c7a,98d46b55a78b65aeb87adada4b7b0270ab313e4fe15cdb332564b9276467c5ed,1785263885964,184.0,1785263886061,97
5eb9622f-6a37-561c-a0cf-fc19314d6afc,98d46b55a78b65aeb87adada4b7b0270ab313e4fe15cdb332564b9276467c5ed,1785263886935,184.0,1785263886991,56
f0757960-b3e5-5db4-924d-744acce14ff0,98d46b55a78b65aeb87adada4b7b0270ab313e4fe15cdb332564b9276467c5ed,1785263886954,184.0,1785263887034,80
bf2e3618-e5c2-5250-b6f8-0deb0172a35a,98d46b55a78b65aeb87adada4b7b0270ab313e4fe15cdb332564b9276467c5ed,1785263887948,184.0,1785263887978,30
708842e5-a85f-5c64-b170-6da2eb32caee,98d46b55a78b65aeb87adada4b7b0270ab313e4fe15cdb332564b9276467c5ed,1785263887949,184.0,1785263888069,120
ddf79f0c-16c6-5304-8a06-09fd46efc3b0,98d46b55a78b65aeb87adada4b7b0270ab313e4fe15cdb332564b9276467c5ed,1785263888933,184.0,1785263888975,42
2f4c9d0e-ea3c-5830-902b-fd0ed1dec75d,98d46b55a78b65aeb87adada4b7b0270ab313e4fe15cdb332564b9276467c5ed,1785263889929,184.0,1785263890005,76
0560ed82-c017-54a8-801a-856d7302a4cc,98d46b55a78b65aeb87adada4b7b0270ab313e4fe15cdb332564b9276467c5ed,1785263889932,184.0,1785263890009,77
21091391-0586-51e2-920b-6d95f4a3988c,98d46b55a78b65aeb87adada4b7b0270ab313e4fe15cdb332564b9276467c5ed,1785263890959,184.0,1785263891037,78
2557ba9b-9a6a-5c15-92a1-0aa83341d9ef,98d46b55a78b65aeb87adada4b7b0270ab313e4fe15cdb332564b9276467c5ed,1785263890962,184.0,1785263891082,120
b94510d3-1a2d-53a7-94ba-2d8e6a45ede7,98d46b55a78b65aeb87adada4b7b0270ab313e4fe15cdb332564b9276467c5ed,1785263891945,184.0,1785263891983,38
89f8f84d-5f69-57b3-b6a7-de5a576e0bb2,98d46b55a78b65aeb87adada4b7b0270ab313e4fe15cdb332564b9276467c5ed,1785263892905,184.0,1785263892972,67
f6bd4ea9-83db-5654-a96a-3b005e5eb11f,98d46b55a78b65aeb87adada4b7b0270ab313e4fe15cdb332564b9276467c5ed,1785263892936,184.0,1785263892978,42
79b799f2-8772-5657-b6be-5ff756087940,98d46b55a78b65aeb87adada4b7b0270ab313e4fe15cdb332564b9276467c5ed,1785263893974,184.0,1785263894013,39
b7079357-fa7a-5abb-b3f2-19920fef88fd,98d46b55a78b65aeb87adada4b7b0270ab313e4fe15cdb332564b9276467c5ed,1785263894009,184.0,1785263894017,8
e42ffc0c-bede-5f1e-83dd-65a219c899ad,98d46b55a78b65aeb87adada4b7b0270ab313e4fe15cdb332564b9276467c5ed,1785263894930,184.0,1785263894998,68
d03a9757-63bd-5a0c-b2a6-389b1b76e5b2,98d46b55a78b65aeb87adada4b7b0270ab313e4fe15cdb332564b9276467c5ed,1785263895950,184.0,1785263896081,131
f15308b0-1001-5215-b8db-ec86b1feb2e4,98d46b55a78b65aeb87adada4b7b0270ab313e4fe15cdb332564b9276467c5ed,1785263895954,184.0,1785263896087,133
c3a4ddb9-f48b-51e5-9067-420fb0138e85,98d46b55a78b65aeb87adada4b7b0270ab313e4fe15cdb332564b9276467c5ed,1785263896952,184.0,1785263897069,117
4bd343dc-98df-5ad2-a888-a7ddc2c02671,98d46b55a78b65aeb87adada4b7b0270ab313e4fe15cdb332564b9276467c5ed,1785263896952,184.0,1785263897073,121
1961255e-e0e5-51a1-8944-d46a39093d45,98d46b55a78b65aeb87adada4b7b0270ab313e4fe15cdb332564b9276467c5ed,1785263897927,184.0,1785263898014,87
4ffdf272-4820-557c-928c-0111ccf8e3ed,98d46b55a78b65aeb87adada4b7b0270ab313e4fe15cdb332564b9276467c5ed,1785263898920,184.0,1785263899004,84
059ce758-095a-5073-bed2-d849e39e80ca,98d46b55a78b65aeb87adada4b7b0270ab313e4fe15cdb332564b9276467c5ed,1785263898922,184.0,1785263899010,88
d2575bea-0aa0-5943-b39d-9b4e6baca662,98d46b55a78b65aeb87adada4b7b0270ab313e4fe15cdb332564b9276467c5ed,1785263899926,184.0,1785263899993,67
01afff29-9077-5caf-9fa3-714ec9341a79,98d46b55a78b65aeb87adada4b7b0270ab313e4fe15cdb332564b9276467c5ed,1785263899929,184.0,1785263900041,112
aa69375f-f6a2-5b70-a0fc-cdf6fa3eda3a,98d46b55a78b65aeb87adada4b7b0270ab313e4fe15cdb332564b9276467c5ed,1785263900945,184.0,1785263901028,83
b7e46f89-e695-520d-b7ee-c26378a24726,98d46b55a78b65aeb87adada4b7b0270ab313e4fe15cdb332564b9276467c5ed,1785263900948,184.0,1785263901036,88
95dedbfc-d6bd-5df9-8b27-f0051ec5011c,98d46b55a78b65aeb87adada4b7b0270ab313e4fe15cdb332564b9276467c5ed,1785263901950,184.0,1785263902018,68
643a751a-8626-554f-849d-7d4cf164d805,98d46b55a78b65aeb87adada4b7b0270ab313e4fe15cdb332564b9276467c5ed,1785263902933,184.0,1785263902973,40
91889d9e-0f5e-5eed-a831-9c0ab08cd449,98d46b55a78b65aeb87adada4b7b0270ab313e4fe15cdb332564b9276467c5ed,1785263902934,184.0,1785263903009,75
2fbfb54d-9b91-58dd-a455-fee6daac71aa,98d46b55a78b65aeb87adada4b7b0270ab313e4fe15cdb332564b9276467c5ed,1785263903964,184.0,1785263904000,36
09e043c5-ae26-5ffa-ac84-cf5e6ed66c99,98d46b55a78b65aeb87adada4b7b0270ab313e4fe15cdb332564b9276467c5ed,1785263903993,184.0,1785263904056,63
dc6b348c-2750-5001-9b5e-a5975bcb320a,98d46b55a78b65aeb87adada4b7b0270ab313e4fe15cdb332564b9276467c5ed,1785263904932,184.0,1785263904989,57
06b1b34b-35a0-5148-be4f-bcdd85a7b686,98d46b55a78b65aeb87adada4b7b0270ab313e4fe15cdb332564b9276467c5ed,1785263905954,184.0,1785263906032,78
bd566493-cf3e-5350-97c3-a0266b09c34a,98d46b55a78b65aeb87adada4b7b0270ab313e4fe15cdb332564b9276467c5ed,1785263905960,184.0,1785263906038,78
a980dedc-0990-5f18-87d1-cdf41db850bd,98d46b55a78b65aeb87adada4b7b0270ab313e4fe15cdb332564b9276467c5ed,1785263906933,184.0,1785263906969,36
c8954b22-2060-55a8-925d-0383c3c6e79f,98d46b55a78b65aeb87adada4b7b0270ab313e4fe15cdb332564b9276467c5ed,1785263906938,184.0,1785263906975,37
6c91e277-2d79-5758-86c3-3849d2521fdd,98d46b55a78b65aeb87adada4b7b0270ab313e4fe15cdb332564b9276467c5ed,1785263907925,184.0,1785263907965,40
b1fcb995-a396-51bd-ba6c-489d4efcad08,98d46b55a78b65aeb87adada4b7b0270ab313e4fe15cdb332564b9276467c5ed,1785263908954,184.0,1785263908992,38
c40afa29-d043-58fb-a925-4433ec207676,98d46b55a78b65aeb87adada4b7b0270ab313e4fe15cdb332564b9276467c5ed,1785263908956,184.0,1785263909043,87
8efcb341-7d28-535d-b49a-af943292100d,98d46b55a78b65aeb87adada4b7b0270ab313e4fe15cdb332564b9276467c5ed,1785263909943,184.0,1785263910028,85
fa170762-c307-507e-9a4e-c65a6e60c7f8,98d46b55a78b65aeb87adada4b7b0270ab313e4fe15cdb332564b9276467c5ed,1785263909948,184.0,1785263910073,125
dcf6d8c8-d079-50a1-9390-9de1ea039e4f,98d46b55a78b65aeb87adada4b7b0270ab313e4fe15cdb332564b9276467c5ed,1785263910933,184.0,1785263911018,85
54794e40-1bda-58aa-8a28-c838e5228115,98d46b55a78b65aeb87adada4b7b0270ab313e4fe15cdb332564b9276467c5ed,1785263910964,184.0,1785263911023,59
0a6f30ba-c60a-5a04-b976-24a14e00ff41,98d46b55a78b65aeb87adada4b7b0270ab313e4fe15cdb332564b9276467c5ed,1785263911925,184.0,1785263911972,47
554a41f2-44cf-5a9d-a7d2-6b2a6c029097,98d46b55a78b65aeb87adada4b7b0270ab313e4fe15cdb332564b9276467c5ed,1785263912928,184.0,1785263912975,47
64cf6671-64f3-59c2-80dc-d18dd3da1ff2,98d46b55a78b65aeb87adada4b7b0270ab313e4fe15cdb332564b9276467c5ed,1785263912930,184.0,1785263912997,67
aefcc5dc-52b6-5d91-9f8e-3816629ea673,98d46b55a78b65aeb87adada4b7b0270ab313e4fe15cdb332564b9276467c5ed,1785263913915,184.0,1785263914052,137
7a7403cd-5d4e-5092-9778-f6c112c9f1dc,98d46b55a78b65aeb87adada4b7b0270ab313e4fe15cdb332564b9276467c5ed,1785263913915,184.0,1785263914056,141
7ec4f278-5121-504f-b7c7-361053059d6f,98d46b55a78b65aeb87adada4b7b0270ab313e4fe15cdb332564b9276467c5ed,1785263914915,184.0,1785263915023,108
381721fa-308c-56e0-bb43-89096abc9d4a,98d46b55a78b65aeb87adada4b7b0270ab313e4fe15cdb332564b9276467c5ed,1785263915944,184.0,1785263915980,36
7202e318-ac0b-5f4c-bdcd-631bb3a08e98,98d46b55a78b65aeb87adada4b7b0270ab313e4fe15cdb332564b9276467c5ed,1785263915948,184.0,1785263916016,68
b72ec292-9f2b-5418-9146-a3a52facd095,98d46b55a78b65aeb87adada4b7b0270ab313e4fe15cdb332564b9276467c5ed,1785263916926,184.0,1785263917005,79
ce6c0161-ce81-5c70-8519-ea579aa421b0,98d46b55a78b65aeb87adada4b7b0270ab313e4fe15cdb332564b9276467c5ed,1785263916930,184.0,1785263917012,82
e1bfefac-1f6e-534a-8618-1ba287acfada,98d46b55a78b65aeb87adada4b7b0270ab313e4fe15cdb332564b9276467c5ed,1785263917936,184.0,1785263917993,57
b79efb17-7183-5225-8d6c-b42a77e9fc36,98d46b55a78b65aeb87adada4b7b0270ab313e4fe15cdb332564b9276467c5ed,1785263918951,184.0,1785263919032,81
fffd08ef-6330-51aa-a9e0-b0496ba7affb,98d46b55a78b65aeb87adada4b7b0270ab313e4fe15cdb332564b9276467c5ed,1785263918957,184.0,1785263919042,85
9567e398-9f55-534a-9b84-b82ac9c873ce,98d46b55a78b65aeb87adada4b7b0270ab313e4fe15cdb332564b9276467c5ed,1785263919936,184.0,1785263920021,85
749382ff-87b7-5877-a460-221703278812,98d46b55a78b65aeb87adada4b7b0270ab313e4fe15cdb332564b9276467c5ed,1785263919989,184.0,1785263920027,38
e0eb73bb-7e76-52f3-a6b3-8e29cf15010c,98d46b55a78b65aeb87adada4b7b0270ab313e4fe15cdb332564b9276467c5ed,1785263920924,184.0,1785263921007,83
766c54f6-6633-5755-8134-aa82f3b32a48,98d46b55a78b65aeb87adada4b7b0270ab313e4fe15cdb332564b9276467c5ed,1785263921939,184.0,1785263921999,60
496b36f1-aedf-5fd9-8787-48fa39207a90,98d46b55a78b65aeb87adada4b7b0270ab313e4fe15cdb332564b9276467c5ed,1785263921939,184.0,1785263922004,65
2176ca18-e0ab-52e8-988b-a369c603ac78,98d46b55a78b65aeb87adada4b7b0270ab313e4fe15cdb332564b9276467c5ed,1785263922929,184.0,1785263922989,60
59b98059-6bec-5369-8efd-1b00015770d4,98d46b55a78b65aeb87adada4b7b0270ab313e4fe15cdb332564b9276467c5ed,1785263922934,184.0,1785263922994,60
9eeeb4c8-52b4-5303-9fea-e4ce772a78a7,98d46b55a78b65aeb87adada4b7b0270ab313e4fe15cdb332564b9276467c5ed,1785263923988,184.0,1785263924030,42
72136dad-580c-5869-8892-fe51719db9ac,98d46b55a78b65aeb87adada4b7b0270ab313e4fe15cdb332564b9276467c5ed,1785263923988,184.0,1785263924034,46
a77f5e94-f633-56b8-9a92-29aef5e1ad47,98d46b55a78b65aeb87adada4b7b0270ab313e4fe15cdb332564b9276467c5ed,1785263924922,184.0,1785263924968,46
622050ec-cdfd-5ed0-9ec3-15c535e97bd5,98d46b55a78b65aeb87adada4b7b0270ab313e4fe15cdb332564b9276467c5ed,1785263925931,184.0,1785263925966,35
e60463e3-c9b7-5c50-999a-d7c6129fa855,98d46b55a78b65aeb87adada4b7b0270ab313e4fe15cdb332564b9276467c5ed,1785263925964,184.0,1785263926007,43
b5537f31-ddbd-5014-879f-a134c8acbfc3,98d46b55a78b65aeb87adada4b7b0270ab313e4fe15cdb332564b9276467c5ed,1785263926923,184.0,1785263927039,116
f5c2daf6-45d1-53d5-9b8a-e0218ef68d01,98d46b55a78b65aeb87adada4b7b0270ab313e4fe15cdb332564b9276467c5ed,1785263926941,184.0,1785263927043,102
4df44562-ef05-52d9-91a0-a9431b09bdd9,98d46b55a78b65aeb87adada4b7b0270ab313e4fe15cdb332564b9276467c5ed,1785263927924,184.0,1785263927983,59
f4e58b36-eafa-57d9-b760-c128e4d0d740,98d46b55a78b65aeb87adada4b7b0270ab313e4fe15cdb332564b9276467c5ed,1785263928947,184.0,1785263929018,71
979a6828-0689-59f5-8247-36cdfdfec836,98d46b55a78b65aeb87adada4b7b0270ab313e4fe15cdb332564b9276467c5ed,1785263928954,184.0,1785263929043,89
13a40824-a993-580d-9c4a-7c9e11f0a49e,98d46b55a78b65aeb87adada4b7b0270ab313e4fe15cdb332564b9276467c5ed,1785263929939,184.0,1785263930008,69
c6763a4e-fedc-578d-85a0-c349a65e2eca,98d46b55a78b65aeb87adada4b7b0270ab313e4fe15cdb332564b9276467c5ed,1785263929943,184.0,1785263930013,70
227ed0bb-aa4d-5177-99dc-9ee737c1ec15,98d46b55a78b65aeb87adada4b7b0270ab313e4fe15cdb332564b9276467c5ed,1785263930915,184.0,1785263930999,84
1d1f9050-cce6-5c3d-8e36-2f5bf7260ded,98d46b55a78b65aeb87adada4b7b0270ab313e4fe15cdb332564b9276467c5ed,1785263931912,184.0,1785263932121,209
640f6c67-138a-530a-87e1-03350692775c,98d46b55a78b65aeb87adada4b7b0270ab313e4fe15cdb332564b9276467c5ed,1785263931915,184.0,1785263932125,210
53f99bbb-c957-5826-b01a-244d1a8c2242,98d46b55a78b65aeb87adada4b7b0270ab313e4fe15cdb332564b9276467c5ed,1785263932947,184.0,1785263932988,41
274e60fc-77a8-5fd3-93ed-29eafe5d3a71,98d46b55a78b65aeb87adada4b7b0270ab313e4fe15cdb332564b9276467c5ed,1785263932949,184.0,1785263932992,43
a2b468b3-b109-573a-837b-7156e9c27097,98d46b55a78b65aeb87adada4b7b0270ab313e4fe15cdb332564b9276467c5ed,1785263933973,184.0,1785263934012,39
7936e023-7f72-5ee8-87e1-cb9b2a344da1,98d46b55a78b65aeb87adada4b7b0270ab313e4fe15cdb332564b9276467c5ed,1785263934929,184.0,1785263935006,77
3ef1e847-da26-56e4-b4c6-0c57be2cd9c5,98d46b55a78b65aeb87adada4b7b0270ab313e4fe15cdb332564b9276467c5ed,1785263934930,184.0,1785263935014,84
0d7c8bf5-8d1f-5838-bf8a-f926f925fdd0,98d46b55a78b65aeb87adada4b7b0270ab313e4fe15cdb332564b9276467c5ed,1785263935943,184.0,1785263936050,107
48f43681-05ee-5a57-b179-b3fecf17ec34,98d46b55a78b65aeb87adada4b7b0270ab313e4fe15cdb332564b9276467c5ed,1785263935970,184.0,1785263936090,120
d2329272-d6b3-52b9-b206-bc552ef3d5e8,98d46b55a78b65aeb87adada4b7b0270ab313e4fe15cdb332564b9276467c5ed,1785263936945,184.0,1785263937030,85
910b1b5e-267a-5f4b-af8b-255e51a91b45,98d46b55a78b65aeb87adada4b7b0270ab313e4fe15cdb332564b9276467c5ed,1785263936946,184.0,1785263937085,139
5c1bf20f-4981-53a6-9d6d-08cc65faf086,98d46b55a78b65aeb87adada4b7b0270ab313e4fe15cdb332564b9276467c5ed,1785263937915,184.0,1785263937974,59
ca8aa4fb-c6d5-59a9-839d-3ed72225637f,98d46b55a78b65aeb87adada4b7b0270ab313e4fe15cdb332564b9276467c5ed,1785263938924,184.0,1785263939008,84
60b548d5-ccdc-5063-a893-bf5817b19979,98d46b55a78b65aeb87adada4b7b0270ab313e4fe15cdb332564b9276467c5ed,1785263938961,184.0,1785263939012,51
99f09814-9fb0-596a-b8f8-2a1a01ea2b84,98d46b55a78b65aeb87adada4b7b0270ab313e4fe15cdb332564b9276467c5ed,1785263939935,184.0,1785263940044,109
dbb5da90-0c51-5589-bd0b-dccab9e4da79,98d46b55a78b65aeb87adada4b7b0270ab313e4fe15cdb332564b9276467c5ed,1785263939938,184.0,1785263940078,140
1c0c9dc5-39a2-5a6a-93cb-84f89109f59a,98d46b55a78b65aeb87adada4b7b0270ab313e4fe15cdb332564b9276467c5ed,1785263940922,184.0,1785263940988,66
a3780687-b915-51f0-a172-91e9d0d4b0ab,98d46b55a78b65aeb87adada4b7b0270ab313e4fe15cdb332564b9276467c5ed,1785263941915,184.0,1785263942022,107
49140827-2ddc-5854-8dc2-8b1f35897176,98d46b55a78b65aeb87adada4b7b0270ab313e4fe15cdb332564b9276467c5ed,1785263941916,184.0,1785263942027,111
8c663cc8-b28c-5c6f-868e-7ad5a936ebae,98d46b55a78b65aeb87adada4b7b0270ab313e4fe15cdb332564b9276467c5ed,1785263942935,184.0,1785263943015,80
0a8f83ef-eb66-503c-87d4-f78b81a3a610,98d46b55a78b65aeb87adada4b7b0270ab313e4fe15cdb332564b9276467c5ed,1785263942936,184.0,1785263943021,85
34fe813c-120d-5f1f-9d81-77a7b3592aee,98d46b55a78b65aeb87adada4b7b0270ab313e4fe15cdb332564b9276467c5ed,1785263943934,184.0,1785263944003,69
2a580905-3daf-5e01-9ec0-a2c03eca6452,98d46b55a78b65aeb87adada4b7b0270ab313e4fe15cdb332564b9276467c5ed,1785263944937,184.0,1785263945086,149
e0c83627-312a-53a7-a696-175bdd17922f,98d46b55a78b65aeb87adada4b7b0270ab313e4fe15cdb332564b9276467c5ed,1785263944937,184.0,1785263945089,152
f6e9012e-bfc5-513d-ba6c-843ab471755c,98d46b55a78b65aeb87adada4b7b0270ab313e4fe15cdb332564b9276467c5ed,1785263945943,184.0,1785263946028,85
e88f906d-6617-51c2-92d0-b167a8790213,98d46b55a78b65aeb87adada4b7b0270ab313e4fe15cdb332564b9276467c5ed,1785263945947,184.0,1785263946033,86
75de9402-1fb0-5c0e-9ec1-cd82a99e4333,98d46b55a78b65aeb87adada4b7b0270ab313e4fe15cdb332564b9276467c5ed,1785263946937,184.0,1785263947084,147
dceae684-bad9-57e0-bc24-44e5964ece08,98d46b55a78b65aeb87adada4b7b0270ab313e4fe15cdb332564b9276467c5ed,1785263946938,184.0,1785263947090,152
5a8daab9-c9d8-5fdb-be34-0bbca651ae1d,98d46b55a78b65aeb87adada4b7b0270ab313e4fe15cdb332564b9276467c5ed,1785263947956,184.0,1785263948022,66
205c2fa2-5a69-5b55-ab85-308c2e3181f1,98d46b55a78b65aeb87adada4b7b0270ab313e4fe15cdb332564b9276467c5ed,1785263948931,184.0,1785263948998,67
6aa4fe3f-93b0-54be-b90d-631639e37dfd,98d46b55a78b65aeb87adada4b7b0270ab313e4fe15cdb332564b9276467c5ed,1785263948945,184.0,1785263949047,102
63b0aeb9-1eca-5a8d-97f9-38619fa59c4e,98d46b55a78b65aeb87adada4b7b0270ab313e4fe15cdb332564b9276467c5ed,1785263949936,184.0,1785263950032,96
4c7be62a-dc7a-5c21-990c-a423c6705c27,98d46b55a78b65aeb87adada4b7b0270ab313e4fe15cdb332564b9276467c5ed,1785263949938,184.0,1785263950036,98
3711e717-5795-5b27-8489-a992dc3ca43c,98d46b55a78b65aeb87adada4b7b0270ab313e4fe15cdb332564b9276467c5ed,1785263950921,184.0,1785263950977,56
3d9bd092-650f-5c79-ac45-56198b71f66f,98d46b55a78b65aeb87adada4b7b0270ab313e4fe15cdb332564b9276467c5ed,1785263951925,184.0,1785263952013,88
b5c8e2fe-e75f-59c4-83b9-14dee91bf1d5,98d46b55a78b65aeb87adada4b7b0270ab313e4fe15cdb332564b9276467c5ed,1785263951929,184.0,1785263952018,89
58544fee-c72c-579c-9bb9-9e45010ee927,98d46b55a78b65aeb87adada4b7b0270ab313e4fe15cdb332564b9276467c5ed,1785263952934,184.0,1785263953003,69
4d224b72-7650-5c4f-a535-9b5c3fd6dd7c,98d46b55a78b65aeb87adada4b7b0270ab313e4fe15cdb332564b9276467c5ed,1785263952937,184.0,1785263953049,112
e4a52972-455b-596f-9c28-795821f8cfdd,98d46b55a78b65aeb87adada4b7b0270ab313e4fe15cdb332564b9276467c5ed,1785263953933,184.0,1785263953994,61
b3eca63e-22d0-54e5-940e-a2f9678189aa,98d46b55a78b65aeb87adada4b7b0270ab313e4fe15cdb332564b9276467c5ed,1785263954958,184.0,1785263955090,132
eae91597-7ba8-55d5-9636-6ac4272b24da,98d46b55a78b65aeb87adada4b7b0270ab313e4fe15cdb332564b9276467c5ed,1785263954958,184.0,1785263955100,142
6723a677-94e3-5970-92e3-bad085ae0050,98d46b55a78b65aeb87adada4b7b0270ab313e4fe15cdb332564b9276467c5ed,1785263955965,184.0,1785263956063,98
f1f8434e-936c-57a9-820e-406f25b53500,98d46b55a78b65aeb87adada4b7b0270ab313e4fe15cdb332564b9276467c5ed,1785263955970,184.0,1785263956069,99
0a5a76ce-9c9f-599f-bfc2-1a677efe8cb7,98d46b55a78b65aeb87adada4b7b0270ab313e4fe15cdb332564b9276467c5ed,1785263956935,184.0,1785263957008,73
f8677f1d-f2a4-5be5-99ef-a4ce6ff48113,98d46b55a78b65aeb87adada4b7b0270ab313e4fe15cdb332564b9276467c5ed,1785263957925,184.0,1785263957998,73
a01b8aa9-989a-53a6-8087-37474a685ca6,98d46b55a78b65aeb87adada4b7b0270ab313e4fe15cdb332564b9276467c5ed,1785263957926,184.0,1785263958002,76
6e7e12f1-aac0-552a-b0f8-2e3746aea472,98d46b55a78b65aeb87adada4b7b0270ab313e4fe15cdb332564b9276467c5ed,1785263958956,184.0,1785263958987,31
8e2e2b35-ba5c-5621-be57-fa5ff40755c2,98d46b55a78b65aeb87adada4b7b0270ab313e4fe15cdb332564b9276467c5ed,1785263958957,184.0,1785263958993,36
9d751caa-f058-5d5a-8c98-2c8185d64eb1,98d46b55a78b65aeb87adada4b7b0270ab313e4fe15cdb332564b9276467c5ed,1785263959929,184.0,1785263960114,185
21a551b1-5752-52fe-8304-5e49d396d540,98d46b55a78b65aeb87adada4b7b0270ab313e4fe15cdb332564b9276467c5ed,1785263959949,184.0,1785263960121,172
c93b6a9e-1edd-51e3-a133-bce27c7dece1,98d46b55a78b65aeb87adada4b7b0270ab313e4fe15cdb332564b9276467c5ed,1785263960972,184.0,1785263961013,41
f7130793-6ec2-5f00-860e-6bf3726d6f92,98d46b55a78b65aeb87adada4b7b0270ab313e4fe15cdb332564b9276467c5ed,1785263961936,184.0,1785263962003,67
77213ea1-f007-5fff-ae06-632578c33e84,98d46b55a78b65aeb87adada4b7b0270ab313e4fe15cdb332564b9276467c5ed,1785263961938,184.0,1785263962061,123
0c372c10-11fd-5863-a6a7-587cd9913ffa,98d46b55a78b65aeb87adada4b7b0270ab313e4fe15cdb332564b9276467c5ed,1785263962935,184.0,1785263963039,104
4cb0fc28-0856-511a-a9b6-903bc4a3cfc7,98d46b55a78b65aeb87adada4b7b0270ab313e4fe15cdb332564b9276467c5ed,1785263962937,184.0,1785263963065,128
9613a7dd-3978-5a55-b673-555dd3dc8a18,98d46b55a78b65aeb87adada4b7b0270ab313e4fe15cdb332564b9276467c5ed,1785263963957,184.0,1785263963991,34
68ac3f0a-558b-5a31-83c6-7ae12c8080d2,98d46b55a78b65aeb87adada4b7b0270ab313e4fe15cdb332564b9276467c5ed,1785263964943,184.0,1785263965017,74
cd64a082-01da-581b-9c68-e97324bf2b3a,98d46b55a78b65aeb87adada4b7b0270ab313e4fe15cdb332564b9276467c5ed,1785263964949,184.0,1785263965051,102
05c39886-6161-5544-bd47-f6f8fe19605c,98d46b55a78b65aeb87adada4b7b0270ab313e4fe15cdb332564b9276467c5ed,1785263965953,184.0,1785263966008,55
01355338-fa87-567d-a777-c99efad05156,98d46b55a78b65aeb87adada4b7b0270ab313e4fe15cdb332564b9276467c5ed,1785263965958,184.0,1785263966070,112
2b678564-3183-5703-8965-3ed07e0d2f07,98d46b55a78b65aeb87adada4b7b0270ab313e4fe15cdb332564b9276467c5ed,1785263966940,184.0,1785263967047,107
4cd71cb4-bf0c-5888-8de7-a4e84eb7eaef,98d46b55a78b65aeb87adada4b7b0270ab313e4fe15cdb332564b9276467c5ed,1785263967940,184.0,1785263968033,93
b4c90b03-7aaa-54b7-bb38-d7f635e20c21,98d46b55a78b65aeb87adada4b7b0270ab313e4fe15cdb332564b9276467c5ed,1785263967942,184.0,1785263968038,96
68ec727d-498b-58d5-98bf-27ea94bd8b44,98d46b55a78b65aeb87adada4b7b0270ab313e4fe15cdb332564b9276467c5ed,1785263968943,184.0,1785263969023,80
3d2f89b6-f337-5142-8d6b-555466fa0c8e,98d46b55a78b65aeb87adada4b7b0270ab313e4fe15cdb332564b9276467c5ed,1785263968950,184.0,1785263969028,78
6bc28c28-2306-552c-852f-b4776a2e61a3,98d46b55a78b65aeb87adada4b7b0270ab313e4fe15cdb332564b9276467c5ed,1785263969936,184.0,1785263970149,213
0b444e65-d433-5428-b1eb-6a3218b9a8eb,98d46b55a78b65aeb87adada4b7b0270ab313e4fe15cdb332564b9276467c5ed,1785263969954,184.0,1785263970155,201
b3993a88-edf0-5520-9e65-8f0d7311cbcb,98d46b55a78b65aeb87adada4b7b0270ab313e4fe15cdb332564b9276467c5ed,1785263970942,184.0,1785263971003,61
c0fd696d-e8de-5055-b824-3f98f7e36a03,98d46b55a78b65aeb87adada4b7b0270ab313e4fe15cdb332564b9276467c5ed,1785263971953,184.0,1785263971994,41
13cb6c14-469d-5a9a-8c44-778f1ccb7cbf,98d46b55a78b65aeb87adada4b7b0270ab313e4fe15cdb332564b9276467c5ed,1785263971956,184.0,1785263972000,44
67ce4df3-314e-571f-a231-80b4e6981b44,98d46b55a78b65aeb87adada4b7b0270ab313e4fe15cdb332564b9276467c5ed,1785263972933,184.0,1785263973028,95
5796e65e-060f-51f5-8fc4-efd670c524f5,98d46b55a78b65aeb87adada4b7b0270ab313e4fe15cdb332564b9276467c5ed,1785263972976,184.0,1785263973034,58
ad5a2c88-2d88-53c1-ad79-928e3e19e261,98d46b55a78b65aeb87adada4b7b0270ab313e4fe15cdb332564b9276467c5ed,1785263973931,184.0,1785263973970,39
ec39a85b-b3ca-5313-97d9-aa1e1202414e,98d46b55a78b65aeb87adada4b7b0270ab313e4fe15cdb332564b9276467c5ed,1785263974966,184.0,1785263975067,101
45dcd115-c3a8-57bd-bc16-b8709caa9062,98d46b55a78b65aeb87adada4b7b0270ab313e4fe15cdb332564b9276467c5ed,1785263974968,184.0,1785263975073,105
37895a52-0399-5f59-bc01-c73a3a86fd9b,98d46b55a78b65aeb87adada4b7b0270ab313e4fe15cdb332564b9276467c5ed,1785263975929,184.0,1785263975998,69
73b370b6-5864-5715-a6c2-e31b6ea7ab33,98d46b55a78b65aeb87adada4b7b0270ab313e4fe15cdb332564b9276467c5ed,1785263975932,184.0,1785263976043,111
6c90a203-e46a-527e-bb5c-81d47f21f610,98d46b55a78b65aeb87adada4b7b0270ab313e4fe15cdb332564b9276467c5ed,1785263976933,184.0,1785263976988,55
e2e8899c-1feb-528f-8556-b0db544d5158,98d46b55a78b65aeb87adada4b7b0270ab313e4fe15cdb332564b9276467c5ed,1785263977937,184.0,1785263977979,42
bf202842-a78e-57dc-89ff-d8749e29ab99,98d46b55a78b65aeb87adada4b7b0270ab313e4fe15cdb332564b9276467c5ed,1785263977974,184.0,1785263978047,73
3fe85647-b5a9-508c-81ee-19681de10fe3,98d46b55a78b65aeb87adada4b7b0270ab313e4fe15cdb332564b9276467c5ed,1785263978958,184.0,1785263979025,67
0b4c7dc8-339f-5846-85bf-ea03e6eb2e6d,98d46b55a78b65aeb87adada4b7b0270ab313e4fe15cdb332564b9276467c5ed,1785263978962,184.0,1785263979066,104
3fc33627-46b4-5c62-bb2b-2977b86b9ba6,98d46b55a78b65aeb87adada4b7b0270ab313e4fe15cdb332564b9276467c5ed,1785263979943,184.0,1785263980056,113
2413ec41-a950-5e2c-99bc-eb2d4b02e8f7,98d46b55a78b65aeb87adada4b7b0270ab313e4fe15cdb332564b9276467c5ed,1785263980936,184.0,1785263981037,101
d8d82e62-d9af-5766-b2d1-14ecc05603c7,98d46b55a78b65aeb87adada4b7b0270ab313e4fe15cdb332564b9276467c5ed,1785263980971,184.0,1785263981073,102
4c76d9df-74dd-56c4-8f08-85d058f03cfd,98d46b55a78b65aeb87adada4b7b0270ab313e4fe15cdb332564b9276467c5ed,1785263981925,184.0,1785263981982,57
1830d0a9-8f78-59f6-bf87-a894d1c33ddb,98d46b55a78b65aeb87adada4b7b0270ab313e4fe15cdb332564b9276467c5ed,1785263981928,184.0,1785263982039,111
6275083c-444a-57e4-9eab-ea26a1ab4aca,98d46b55a78b65aeb87adada4b7b0270ab313e4fe15cdb332564b9276467c5ed,1785263982972,184.0,1785263983062,90
e7a3cb11-5c13-5838-ac9b-81b5338112d3,98d46b55a78b65aeb87adada4b7b0270ab313e4fe15cdb332564b9276467c5ed,1785263982975,184.0,1785263983067,92
f006eea7-4708-53a7-8284-49eff79743f8,98d46b55a78b65aeb87adada4b7b0270ab313e4fe15cdb332564b9276467c5ed,1785263983950,184.0,1785263984015,65
bcec426e-185d-5cb5-afc8-5070fa5bfd43,98d46b55a78b65aeb87adada4b7b0270ab313e4fe15cdb332564b9276467c5ed,1785263984940,184.0,1785263984997,57
251a84c5-5612-5f99-981a-a1544612c689,98d46b55a78b65aeb87adada4b7b0270ab313e4fe15cdb332564b9276467c5ed,1785263984959,184.0,1785263985042,83
a450497b-20b6-58f7-9856-974b09409821,98d46b55a78b65aeb87adada4b7b0270ab313e4fe15cdb332564b9276467c5ed,1785263985924,184.0,1785263985987,63
11cfec80-5f5a-5d4c-93a8-f2a6e5e5cc2f,98d46b55a78b65aeb87adada4b7b0270ab313e4fe15cdb332564b9276467c5ed,1785263985928,184.0,1785263985993,65
b5f5432c-c318-5280-ae1f-90d40b3beaa3,98d46b55a78b65aeb87adada4b7b0270ab313e4fe15cdb332564b9276467c5ed,1785263986943,184.0,1785263986987,44
2e7de138-a2aa-5666-b8ea-88d5f8b46ea0,98d46b55a78b65aeb87adada4b7b0270ab313e4fe15cdb332564b9276467c5ed,1785263987964,184.0,1785263988013,49
a3cef254-e100-578c-a0b0-ce2d12efe664,98d46b55a78b65aeb87adada4b7b0270ab313e4fe15cdb332564b9276467c5ed,1785263987966,184.0,1785263988060,94
8c75e7ca-0c5e-58d5-ade1-24d9194284ec,98d46b55a78b65aeb87adada4b7b0270ab313e4fe15cdb332564b9276467c5ed,1785263988943,184.0,1785263989047,104
18db84df-5122-5e30-9fdd-b27bf98cd70d,98d46b55a78b65aeb87adada4b7b0270ab313e4fe15cdb332564b9276467c5ed,1785263988946,184.0,1785263989072,126
a6c4b882-93d2-5456-901c-c23a9becab9c,98d46b55a78b65aeb87adada4b7b0270ab313e4fe15cdb332564b9276467c5ed,1785263989927,184.0,1785263990041,114
93ce614c-b7d6-598f-89bf-41324bc88cac,98d46b55a78b65aeb87adada4b7b0270ab313e4fe15cdb332564b9276467c5ed,1785263990939,184.0,1785263991075,136
f8d47ca7-9b85-5a9a-b472-ee31467d6743,98d46b55a78b65aeb87adada4b7b0270ab313e4fe15cdb332564b9276467c5ed,1785263990939,184.0,1785263991103,164
920f9c1e-31a0-56c0-ab2e-d4da302d01d9,98d46b55a78b65aeb87adada4b7b0270ab313e4fe15cdb332564b9276467c5ed,1785263991928,184.0,1785263991972,44
884685a6-2e47-5ede-af97-95252e2df32d,98d46b55a78b65aeb87adada4b7b0270ab313e4fe15cdb332564b9276467c5ed,1785263991931,184.0,1785263991978,47
f4fb491c-744c-5a09-8baf-7f882daebc40,98d46b55a78b65aeb87adada4b7b0270ab313e4fe15cdb332564b9276467c5ed,1785263992935,184.0,1785263993085,150
53769cff-371a-5ab4-a753-f505776d1e12,98d46b55a78b65aeb87adada4b7b0270ab313e4fe15cdb332564b9276467c5ed,1785264001199,184.0,1785264001372,173
b2bd46ae-5ffe-58ae-93eb-5a3e24fb200c,98d46b55a78b65aeb87adada4b7b0270ab313e4fe15cdb332564b9276467c5ed,1785264001201,184.0,1785264001379,178
97832721-02a7-5971-aeb9-3ea2bcd7d5ff,98d46b55a78b65aeb87adada4b7b0270ab313e4fe15cdb332564b9276467c5ed,1785264001941,184.0,1785264002008,67
f9ee63b9-22ee-573a-a310-92a36b61b0e3,98d46b55a78b65aeb87adada4b7b0270ab313e4fe15cdb332564b9276467c5ed,1785264001943,184.0,1785264002013,70
09865173-05c4-5005-bee3-35d62b36fba2,98d46b55a78b65aeb87adada4b7b0270ab313e4fe15cdb332564b9276467c5ed,1785264002969,184.0,1785264003042,73
6fa2a23d-d150-5bba-8d0e-6dbea4708a94,98d46b55a78b65aeb87adada4b7b0270ab313e4fe15cdb332564b9276467c5ed,1785264002972,184.0,1785264003142,170
cdc36ac5-593e-5c29-9da2-b3729fb50574,98d46b55a78b65aeb87adada4b7b0270ab313e4fe15cdb332564b9276467c5ed,1785264003920,184.0,1785264003942,22
61def5ad-fffa-5e85-9b08-3d151183ee70,98d46b55a78b65aeb87adada4b7b0270ab313e4fe15cdb332564b9276467c5ed,1785264004949,184.0,1785264005077,128
ddec6408-64cf-5894-bf5f-b928777a3990,98d46b55a78b65aeb87adada4b7b0270ab313e4fe15cdb332564b9276467c5ed,1785264004951,184.0,1785264005085,134
291285f2-bb4d-5094-9ff7-b8df47272193,98d46b55a78b65aeb87adada4b7b0270ab313e4fe15cdb332564b9276467c5ed,1785264005974,184.0,1785264006011,37
1c8a57e4-2d38-583b-a934-e8a0ee74da1e,98d46b55a78b65aeb87adada4b7b0270ab313e4fe15cdb332564b9276467c5ed,1785264005978,184.0,1785264006062,84
2f81b4bb-838c-5d34-9a85-3a6b99e9e959,98d46b55a78b65aeb87adada4b7b0270ab313e4fe15cdb332564b9276467c5ed,1785264006941,184.0,1785264007002,61
13639239-7d89-5598-8602-09717f79033d,98d46b55a78b65aeb87adada4b7b0270ab313e4fe15cdb332564b9276467c5ed,1785264007967,184.0,1785264008038,71
423c3e11-6bc6-51c8-b371-bf37722c5dee,98d46b55a78b65aeb87adada4b7b0270ab313e4fe15cdb332564b9276467c5ed,1785264007968,184.0,1785264008043,75
559a45bf-aad7-5e03-8f03-8bad12e0d437,98d46b55a78b65aeb87adada4b7b0270ab313e4fe15cdb332564b9276467c5ed,1785264008958,184.0,1785264009042,84
76f7e1e0-e731-5744-b1c9-a7a1453ec383,98d46b55a78b65aeb87adada4b7b0270ab313e4fe15cdb332564b9276467c5ed,1785264008974,184.0,1785264009079,105
7b44faad-584c-50e0-96b8-b7995cfcd538,98d46b55a78b65aeb87adada4b7b0270ab313e4fe15cdb332564b9276467c5ed,1785264009926,184.0,1785264009972,46
ab8ec95b-d3e1-5815-970f-bd9e281bb69a,98d46b55a78b65aeb87adada4b7b0270ab313e4fe15cdb332564b9276467c5ed,1785264010941,184.0,1785264011006,65
fcd72367-55ff-5b55-a99c-54fb2cce8564,98d46b55a78b65aeb87adada4b7b0270ab313e4fe15cdb332564b9276467c5ed,1785264010943,184.0,1785264011011,68
0e82d1ca-ac73-54da-a6b7-9a2b68340d64,98d46b55a78b65aeb87adada4b7b0270ab313e4fe15cdb332564b9276467c5ed,1785264011949,184.0,1785264011998,49
df8424c3-fc4d-54c6-a338-47860894085b,98d46b55a78b65aeb87adada4b7b0270ab313e4fe15cdb332564b9276467c5ed,1785264011952,184.0,1785264012004,52
dc881155-a6a9-5323-a6e4-e2d99434ed95,98d46b55a78b65aeb87adada4b7b0270ab313e4fe15cdb332564b9276467c5ed,1785264012934,184.0,1785264012986,52
df77dd97-ab7d-5f36-b186-086b8bf96a88,98d46b55a78b65aeb87adada4b7b0270ab313e4fe15cdb332564b9276467c5ed,1785264012936,184.0,1785264012991,55
f848f6de-cff0-52d6-9910-2f68288400ce,98d46b55a78b65aeb87adada4b7b0270ab313e4fe15cdb332564b9276467c5ed,1785264013965,184.0,1785264014027,62
d9440574-1966-5241-ab3c-e5a02c8825a7,98d46b55a78b65aeb87adada4b7b0270ab313e4fe15cdb332564b9276467c5ed,1785264014956,184.0,1785264015013,57
a8bbf755-d2f1-5c2d-8aa5-8552c4ee44e6,98d46b55a78b65aeb87adada4b7b0270ab313e4fe15cdb332564b9276467c5ed,1785264014959,184.0,1785264015073,114
44a67754-d536-5355-8bae-42f06500fb00,98d46b55a78b65aeb87adada4b7b0270ab313e4fe15cdb332564b9276467c5ed,1785264015939,184.0,1785264016047,108
329a71a5-cb72-5194-9ac2-4fa5364d01cc,98d46b55a78b65aeb87adada4b7b0270ab313e4fe15cdb332564b9276467c5ed,1785264015949,184.0,1785264016053,104
6780b4f2-ed58-594f-a6d4-4d068a4e6c0d,98d46b55a78b65aeb87adada4b7b0270ab313e4fe15cdb332564b9276467c5ed,1785264016945,184.0,1785264016992,47
a9321b33-079e-5df6-8d13-5d8a83d6b8a2,98d46b55a78b65aeb87adada4b7b0270ab313e4fe15cdb332564b9276467c5ed,1785264017939,184.0,1785264018048,109
5897e439-e70c-5599-95ae-cf525829d8a9,98d46b55a78b65aeb87adada4b7b0270ab313e4fe15cdb332564b9276467c5ed,1785264017942,184.0,1785264018104,162
debccf16-ab25-52b7-bb87-b411b06af5cf,98d46b55a78b65aeb87adada4b7b0270ab313e4fe15cdb332564b9276467c5ed,1785264018941,184.0,1785264018972,31
9396b80a-e582-5385-ab9b-234dfe67b6b1,98d46b55a78b65aeb87adada4b7b0270ab313e4fe15cdb332564b9276467c5ed,1785264018944,184.0,1785264019022,78
8fda1d86-b2e6-50bd-a5c9-aa1f0a9538fe,98d46b55a78b65aeb87adada4b7b0270ab313e4fe15cdb332564b9276467c5ed,1785264019942,184.0,1785264020007,65
d22025e5-5771-54e0-b995-3fde1a72d360,98d46b55a78b65aeb87adada4b7b0270ab313e4fe15cdb332564b9276467c5ed,1785264020924,184.0,1785264020999,75
b8bb2e65-437f-5bbd-b108-2790b1146139,98d46b55a78b65aeb87adada4b7b0270ab313e4fe15cdb332564b9276467c5ed,1785264020924,184.0,1785264021048,124
6a4c3b02-df5e-550d-8b29-55e5577ed8f0,98d46b55a78b65aeb87adada4b7b0270ab313e4fe15cdb332564b9276467c5ed,1785264021952,184.0,1785264022037,85
d733c348-617a-51b6-bbf6-e12964875c92,98d46b55a78b65aeb87adada4b7b0270ab313e4fe15cdb332564b9276467c5ed,1785264021957,184.0,1785264022043,86
636d8588-aa3c-516f-af95-c01391d39fd1,98d46b55a78b65aeb87adada4b7b0270ab313e4fe15cdb332564b9276467c5ed,1785264022940,184.0,1785264022977,37
9a0233b4-1931-5346-ba85-7c7013482dc8,98d46b55a78b65aeb87adada4b7b0270ab313e4fe15cdb332564b9276467c5ed,1785264023992,184.0,1785264024012,20
5f3652c9-558c-54af-ad1b-21723e248ef4,98d46b55a78b65aeb87adada4b7b0270ab313e4fe15cdb332564b9276467c5ed,1785264023993,184.0,1785264024057,64
5bac845f-fdec-5e83-a2e5-32dad7b927a2,98d46b55a78b65aeb87adada4b7b0270ab313e4fe15cdb332564b9276467c5ed,1785264024928,184.0,1785264025002,74
b747d164-05cc-5542-a3f4-cb48ea1758c0,98d46b55a78b65aeb87adada4b7b0270ab313e4fe15cdb332564b9276467c5ed,1785264024930,184.0,1785264025007,77
6ccc0bc2-d42c-52d6-a923-93dc07963a93,98d46b55a78b65aeb87adada4b7b0270ab313e4fe15cdb332564b9276467c5ed,1785264025942,184.0,1785264025999,57
2b4b3d8b-b858-5bc2-a4ef-9a982d1b24a5,98d46b55a78b65aeb87adada4b7b0270ab313e4fe15cdb332564b9276467c5ed,1785264025945,184.0,1785264026007,62
37f58ec0-b0b5-57d1-8406-d8a4f33e52da,98d46b55a78b65aeb87adada4b7b0270ab313e4fe15cdb332564b9276467c5ed,1785264026940,184.0,1785264027027,87
368d6f6c-515e-50ab-952f-d89a6da76ec4,98d46b55a78b65aeb87adada4b7b0270ab313e4fe15cdb332564b9276467c5ed,1785264027936,184.0,1785264028079,143
3b378aca-12a9-5429-b278-9c560290ade4,98d46b55a78b65aeb87adada4b7b0270ab313e4fe15cdb332564b9276467c5ed,1785264027975,184.0,1785264028085,110
9a64c967-6c8e-580b-b277-eb077456001c,98d46b55a78b65aeb87adada4b7b0270ab313e4fe15cdb332564b9276467c5ed,1785264028934,184.0,1785264029008,74
f1bea208-e845-5abc-abbd-dfbd3b5de2c7,98d46b55a78b65aeb87adada4b7b0270ab313e4fe15cdb332564b9276467c5ed,1785264028938,184.0,1785264029012,74
21778b4e-3dca-57e0-8aad-25ad44f556b5,98d46b55a78b65aeb87adada4b7b0270ab313e4fe15cdb332564b9276467c5ed,1785264029972,184.0,1785264030043,71
5ca128af-08e0-521d-8008-30036da539e1,98d46b55a78b65aeb87adada4b7b0270ab313e4fe15cdb332564b9276467c5ed,1785264030970,184.0,1785264031041,71
d98b99c6-b7a0-56fb-85f5-e1afbe43c076,98d46b55a78b65aeb87adada4b7b0270ab313e4fe15cdb332564b9276467c5ed,1785264031001,184.0,1785264031077,76
2030238a-4e4a-5d7b-8cfb-f80a4866daa0,98d46b55a78b65aeb87adada4b7b0270ab313e4fe15cdb332564b9276467c5ed,1785264031944,184.0,1785264031980,36
74e0a2c1-8428-5333-89f9-ff28cc0b45fa,98d46b55a78b65aeb87adada4b7b0270ab313e4fe15cdb332564b9276467c5ed,1785264031975,184.0,1785264032023,48
701744b7-0a48-5f15-a2e4-442d29358997,98d46b55a78b65aeb87adada4b7b0270ab313e4fe15cdb332564b9276467c5ed,1785264032928,184.0,1785264032966,38
acae8caa-88e8-5cd3-a16c-8de218d063c6,98d46b55a78b65aeb87adada4b7b0270ab313e4fe15cdb332564b9276467c5ed,1785264033972,184.0,1785264034047,75
8d43ecf8-9771-5a02-9dad-d2ea9e4cc579,98d46b55a78b65aeb87adada4b7b0270ab313e4fe15cdb332564b9276467c5ed,1785264033974,184.0,1785264034052,78
6e55254b-28b1-5547-bad9-e978bb8b3a0d,98d46b55a78b65aeb87adada4b7b0270ab313e4fe15cdb332564b9276467c5ed,1785264034956,184.0,1785264035069,113
b87f6d92-eff9-513a-86bd-8dd2e4cf3588,98d46b55a78b65aeb87adada4b7b0270ab313e4fe15cdb332564b9276467c5ed,1785264034987,184.0,1785264035074,87
801bf164-b30a-5d1a-b4d6-58f5ee35d844,98d46b55a78b65aeb87adada4b7b0270ab313e4fe15cdb332564b9276467c5ed,1785264035970,184.0,1785264036027,57
c825e071-0b41-5f01-b472-b22f9ad1d835,98d46b55a78b65aeb87adada4b7b0270ab313e4fe15cdb332564b9276467c5ed,1785264035974,184.0,1785264036079,105
c04ae160-cd15-58de-a62a-e0c22ad71090,98d46b55a78b65aeb87adada4b7b0270ab313e4fe15cdb332564b9276467c5ed,1785264036947,184.0,1785264037018,71
b908f79e-1588-5ceb-9d78-4527579be5e5,98d46b55a78b65aeb87adada4b7b0270ab313e4fe15cdb332564b9276467c5ed,1785264037956,184.0,1785264038072,116
3181776c-399b-50c6-a857-6ed1df24eee5,98d46b55a78b65aeb87adada4b7b0270ab313e4fe15cdb332564b9276467c5ed,1785264037993,184.0,1785264038077,84
8ae0ead9-6806-51d8-91d6-cfc71b70bb55,98d46b55a78b65aeb87adada4b7b0270ab313e4fe15cdb332564b9276467c5ed,1785264038954,184.0,1785264039059,105
21a4ab52-0ecd-53d9-a9f0-4c93ec3b37a3,98d46b55a78b65aeb87adada4b7b0270ab313e4fe15cdb332564b9276467c5ed,1785264038988,184.0,1785264039066,78
3c09d51c-ad7a-571b-b3d4-01330ff06923,98d46b55a78b65aeb87adada4b7b0270ab313e4fe15cdb332564b9276467c5ed,1785264039960,184.0,1785264040034,74
0b7e7c49-ab7e-5e76-aa63-488ab63e54f2,98d46b55a78b65aeb87adada4b7b0270ab313e4fe15cdb332564b9276467c5ed,1785264040960,184.0,1785264041072,112
cfe62c2d-23cd-55f5-a200-b45e517676c3,98d46b55a78b65aeb87adada4b7b0270ab313e4fe15cdb332564b9276467c5ed,1785264040962,184.0,1785264041077,115
c414af5b-689e-58b5-8b31-e89c317c5045,98d46b55a78b65aeb87adada4b7b0270ab313e4fe15cdb332564b9276467c5ed,1785264041943,184.0,1785264042019,76
aab5a95f-170b-59dc-b697-f6a4105bd640,98d46b55a78b65aeb87adada4b7b0270ab313e4fe15cdb332564b9276467c5ed,1785264041946,184.0,1785264042023,77
3b6447fe-ab59-59a3-93c5-b0803f096ae6,98d46b55a78b65aeb87adada4b7b0270ab313e4fe15cdb332564b9276467c5ed,1785264042930,184.0,1785264043001,71
01aacdf9-caf2-521c-b5a0-f7deb0994915,98d46b55a78b65aeb87adada4b7b0270ab313e4fe15cdb332564b9276467c5ed,1785264043997,184.0,1785264044088,91
96b0a6e6-cd85-5278-99f0-de8eebea5146,98d46b55a78b65aeb87adada4b7b0270ab313e4fe15cdb332564b9276467c5ed,1785264044000,184.0,1785264044093,93
39387af3-cc0f-5a15-8fd0-459b4c8601d6,98d46b55a78b65aeb87adada4b7b0270ab313e4fe15cdb332564b9276467c5ed,1785264044931,184.0,1785264044984,53
e19b3ce9-14cb-53f8-9c49-bce56ec72ee5,98d46b55a78b65aeb87adada4b7b0270ab313e4fe15cdb332564b9276467c5ed,1785264044932,184.0,1785264045027,95
921c4780-611d-552a-b003-886a2bfefbe1,98d46b55a78b65aeb87adada4b7b0270ab313e4fe15cdb332564b9276467c5ed,1785264045931,184.0,1785264045972,41
c10a5389-7894-5dc6-a1aa-418528062e7c,98d46b55a78b65aeb87adada4b7b0270ab313e4fe15cdb332564b9276467c5ed,1785264046968,184.0,1785264047054,86
d3e71043-0fe1-5de2-8449-0ef19d01ad71,98d46b55a78b65aeb87adada4b7b0270ab313e4fe15cdb332564b9276467c5ed,1785264046970,184.0,1785264047061,91
8f6d260b-6f0c-595d-a9bc-eccbafe968de,98d46b55a78b65aeb87adada4b7b0270ab313e4fe15cdb332564b9276467c5ed,1785264047940,184.0,1785264048019,79
e37db99d-166a-52a9-a0ae-baef7c57e476,98d46b55a78b65aeb87adada4b7b0270ab313e4fe15cdb332564b9276467c5ed,1785264047943,184.0,1785264048051,108
abaab50b-c668-543c-ac00-84ebaaae22b0,98d46b55a78b65aeb87adada4b7b0270ab313e4fe15cdb332564b9276467c5ed,1785264048949,184.0,1785264049034,85
d8c66811-7976-544e-97b0-f9e4dfa7ef39,98d46b55a78b65aeb87adada4b7b0270ab313e4fe15cdb332564b9276467c5ed,1785264048951,184.0,1785264049041,90
f48da456-fe3c-54c5-a39e-907d3eeb6861,98d46b55a78b65aeb87adada4b7b0270ab313e4fe15cdb332564b9276467c5ed,1785264049947,184.0,1785264050021,74
0957f8c0-ce81-5b50-bf42-c90d4915272d,98d46b55a78b65aeb87adada4b7b0270ab313e4fe15cdb332564b9276467c5ed,1785264050949,184.0,1785264051013,64
fd0590e9-99b0-597f-a463-96efa00ec15e,98d46b55a78b65aeb87adada4b7b0270ab313e4fe15cdb332564b9276467c5ed,1785264050953,184.0,1785264051018,65
2ba2f571-1452-5d14-8a52-545d15363475,98d46b55a78b65aeb87adada4b7b0270ab313e4fe15cdb332564b9276467c5ed,1785264051955,184.0,1785264052055,100
62a70fac-8abb-5d58-8906-beeaa08aa0ee,98d46b55a78b65aeb87adada4b7b0270ab313e4fe15cdb332564b9276467c5ed,1785264051957,184.0,1785264052092,135
db21033d-2926-5132-959f-b072f74281f6,98d46b55a78b65aeb87adada4b7b0270ab313e4fe15cdb332564b9276467c5ed,1785264052982,184.0,1785264053037,55
6cbf1a39-841f-5ab0-9fa9-f1a9cd83d6e0,98d46b55a78b65aeb87adada4b7b0270ab313e4fe15cdb332564b9276467c5ed,1785264053966,184.0,1785264053988,22
eeadc025-792c-5a5b-8cd3-696e994e4d0e,98d46b55a78b65aeb87adada4b7b0270ab313e4fe15cdb332564b9276467c5ed,1785264053967,184.0,1785264053992,25
93d787c8-a369-5c9f-8873-3a91d33cbc3d,98d46b55a78b65aeb87adada4b7b0270ab313e4fe15cdb332564b9276467c5ed,1785264054959,184.0,1785264055109,150
689fd20b-0586-5137-9aa4-0092a3c9a7e4,98d46b55a78b65aeb87adada4b7b0270ab313e4fe15cdb332564b9276467c5ed,1785264055002,184.0,1785264055116,114
b3f62b06-98ef-5f71-b355-81821411e09e,98d46b55a78b65aeb87adada4b7b0270ab313e4fe15cdb332564b9276467c5ed,1785264055947,184.0,1785264056009,62
d255f581-5c6b-5e6b-b7b0-0f5328d2e1e3,98d46b55a78b65aeb87adada4b7b0270ab313e4fe15cdb332564b9276467c5ed,1785264056961,184.0,1785264056998,37
55a318a0-dc29-5ce8-9ab2-81fe981c6376,98d46b55a78b65aeb87adada4b7b0270ab313e4fe15cdb332564b9276467c5ed,1785264056963,184.0,1785264057002,39
22c22189-950a-5b25-8c96-9ba5c7257182,98d46b55a78b65aeb87adada4b7b0270ab313e4fe15cdb332564b9276467c5ed,1785264057957,184.0,1785264058033,76
905a74d1-b6ab-5e55-88bb-ae6212f436eb,98d46b55a78b65aeb87adada4b7b0270ab313e4fe15cdb332564b9276467c5ed,1785264057959,184.0,1785264058040,81
c61ac747-73e8-575b-b2cf-e1d31bfc0387,98d46b55a78b65aeb87adada4b7b0270ab313e4fe15cdb332564b9276467c5ed,1785264058942,184.0,1785264058996,54
8daf2695-64a1-5cb6-b440-17231b35e92a,98d46b55a78b65aeb87adada4b7b0270ab313e4fe15cdb332564b9276467c5ed,1785264059965,184.0,1785264060055,90
7bb90c50-50e8-55b4-b2c9-49a26e398ead,98d46b55a78b65aeb87adada4b7b0270ab313e4fe15cdb332564b9276467c5ed,1785264059968,184.0,1785264060059,91
8aa80e4a-ba85-5395-9bab-eb0428cd86c5,98d46b55a78b65aeb87adada4b7b0270ab313e4fe15cdb332564b9276467c5ed,1785264060937,184.0,1785264060982,45
951c8f0b-5c0e-504e-980a-e110cc301f91,98d46b55a78b65aeb87adada4b7b0270ab313e4fe15cdb332564b9276467c5ed,1785264060941,184.0,1785264061030,89
c2382539-9239-5aba-a20d-053a81dfbe4e,98d46b55a78b65aeb87adada4b7b0270ab313e4fe15cdb332564b9276467c5ed,1785264061955,184.0,1785264062083,128
eb5af7e2-5020-545b-880f-ff373fb1696d,98d46b55a78b65aeb87adada4b7b0270ab313e4fe15cdb332564b9276467c5ed,1785264061979,184.0,1785264062091,112
d7ed18da-45d2-5b6f-872a-f5e8b37ec3c3,98d46b55a78b65aeb87adada4b7b0270ab313e4fe15cdb332564b9276467c5ed,1785264062950,184.0,1785264062983,33
2141d80d-39b8-540c-b4f9-deb2bea19d6f,98d46b55a78b65aeb87adada4b7b0270ab313e4fe15cdb332564b9276467c5ed,1785264063973,184.0,1785264064019,46
07fa2ad5-f56c-541b-bc91-eaebee4e43e9,98d46b55a78b65aeb87adada4b7b0270ab313e4fe15cdb332564b9276467c5ed,1785264063974,184.0,1785264064025,51
7c481fd0-1bb2-522a-913c-dc90039dba39,98d46b55a78b65aeb87adada4b7b0270ab313e4fe15cdb332564b9276467c5ed,1785264064959,184.0,1785264065052,93
66cbd4b2-bba0-5456-956f-86a6e0c7c7a4,98d46b55a78b65aeb87adada4b7b0270ab313e4fe15cdb332564b9276467c5ed,1785264064964,184.0,1785264065056,92
fa7093fb-5a88-5adf-826a-012f5230a64a,98d46b55a78b65aeb87adada4b7b0270ab313e4fe15cdb332564b9276467c5ed,1785264065956,184.0,1785264066016,60
4aa65808-3596-568a-aa9a-3735101a6954,98d46b55a78b65aeb87adada4b7b0270ab313e4fe15cdb332564b9276467c5ed,1785264066926,184.0,1785264067050,124
b259edd4-21a6-5f50-ad2f-3aeec4af69ba,98d46b55a78b65aeb87adada4b7b0270ab313e4fe15cdb332564b9276467c5ed,1785264066929,184.0,1785264067094,165
1f7a4bd6-7d2d-58e2-b681-33ad5d702f0a,98d46b55a78b65aeb87adada4b7b0270ab313e4fe15cdb332564b9276467c5ed,1785264067947,184.0,1785264068022,75
23fbfcb7-01ff-5ce5-9401-928cccce97e3,98d46b55a78b65aeb87adada4b7b0270ab313e4fe15cdb332564b9276467c5ed,1785264067949,184.0,1785264068029,80
b8152da5-5fe3-545d-b6c3-cb95eb91908d,98d46b55a78b65aeb87adada4b7b0270ab313e4fe15cdb332564b9276467c5ed,1785264068949,184.0,1785264069012,63
b2ea668d-0887-54a8-bea2-5e5fcad6b61f,98d46b55a78b65aeb87adada4b7b0270ab313e4fe15cdb332564b9276467c5ed,1785264069957,184.0,1785264070004,47
da863a21-3959-5d5d-82ae-53b5f49af60d,98d46b55a78b65aeb87adada4b7b0270ab313e4fe15cdb332564b9276467c5ed,1785264069962,184.0,1785264070010,48
3ff634a0-c37c-5a0b-aadc-5ee84d3f8120,98d46b55a78b65aeb87adada4b7b0270ab313e4fe15cdb332564b9276467c5ed,1785264070935,184.0,1785264071036,101
00e70e32-72fd-5aa4-9587-3f776236b477,98d46b55a78b65aeb87adada4b7b0270ab313e4fe15cdb332564b9276467c5ed,1785264070938,184.0,1785264071054,116
f07ad6ae-9047-51b9-ac1a-c5e7ed7f0deb,98d46b55a78b65aeb87adada4b7b0270ab313e4fe15cdb332564b9276467c5ed,1785264071950,184.0,1785264072032,82
a5bfd07f-954c-53b4-a003-a2df6aed29fd,98d46b55a78b65aeb87adada4b7b0270ab313e4fe15cdb332564b9276467c5ed,1785264071969,184.0,1785264072038,69
a0d7f9e7-f9a7-554b-b8f9-75a957988835,98d46b55a78b65aeb87adada4b7b0270ab313e4fe15cdb332564b9276467c5ed,1785264072954,184.0,1785264072994,40
0adc4709-4a4d-5e49-b736-7bd2c7e7e5f8,98d46b55a78b65aeb87adada4b7b0270ab313e4fe15cdb332564b9276467c5ed,1785264073981,184.0,1785264074017,36
3e7cc2cb-08d9-59ee-a1a8-2115a2246d01,98d46b55a78b65aeb87adada4b7b0270ab313e4fe15cdb332564b9276467c5ed,1785264073981,184.0,1785264074022,41
f61b4f3d-9ece-5f18-a2ee-4ca9bf872094,98d46b55a78b65aeb87adada4b7b0270ab313e4fe15cdb332564b9276467c5ed,1785264074925,184.0,1785264075041,116
6e8faef1-eaed-593a-b2ab-c3f6b4b2e64c,98d46b55a78b65aeb87adada4b7b0270ab313e4fe15cdb332564b9276467c5ed,1785264074928,184.0,1785264075045,117
7b6cce6c-47b7-5cd5-856a-84ef0a4e7fc0,98d46b55a78b65aeb87adada4b7b0270ab313e4fe15cdb332564b9276467c5ed,1785264075925,184.0,1785264076078,153
203d9a39-455d-5261-92f1-c8033912b5fb,98d46b55a78b65aeb87adada4b7b0270ab313e4fe15cdb332564b9276467c5ed,1785264076955,184.0,1785264076994,39
6e7c3d48-2f94-56ef-ba3f-a7b225d335ed,98d46b55a78b65aeb87adada4b7b0270ab313e4fe15cdb332564b9276467c5ed,1785264076955,184.0,1785264077034,79
f294ea7c-7bf7-55f3-8a79-43b19b0cbd10,98d46b55a78b65aeb87adada4b7b0270ab313e4fe15cdb332564b9276467c5ed,1785264077937,184.0,1785264078013,76
056a41ee-cc89-5365-aab9-8031185f0a4d,98d46b55a78b65aeb87adada4b7b0270ab313e4fe15cdb332564b9276467c5ed,1785264077942,184.0,1785264078020,78
7cc2183c-7e24-5fa0-a2d5-52901b179fbc,98d46b55a78b65aeb87adada4b7b0270ab313e4fe15cdb332564b9276467c5ed,1785264078931,184.0,1785264078976,45
322a8cce-5b3a-53a9-abf3-62d163226f47,98d46b55a78b65aeb87adada4b7b0270ab313e4fe15cdb332564b9276467c5ed,1785264079971,184.0,1785264080101,130
3dc01e7b-111f-5cf2-8054-7dff25a5fc9d,98d46b55a78b65aeb87adada4b7b0270ab313e4fe15cdb332564b9276467c5ed,1785264079972,184.0,1785264080106,134
55c400a1-1b2f-569e-878e-34fd3c72ea7c,98d46b55a78b65aeb87adada4b7b0270ab313e4fe15cdb332564b9276467c5ed,1785264080937,184.0,1785264081071,134
8fb429da-a64b-5785-a8d5-346be36fd7ce,98d46b55a78b65aeb87adada4b7b0270ab313e4fe15cdb332564b9276467c5ed,1785264080937,184.0,1785264081076,139
9c28a314-dadf-5573-bff4-3156736fb704,98d46b55a78b65aeb87adada4b7b0270ab313e4fe15cdb332564b9276467c5ed,1785264081939,184.0,1785264081999,60
3457578a-2b04-541b-8f28-bdacb9480a09,98d46b55a78b65aeb87adada4b7b0270ab313e4fe15cdb332564b9276467c5ed,1785264082918,184.0,1785264083012,94
454902d6-1db4-5054-91bb-8bf1bf16b280,98d46b55a78b65aeb87adada4b7b0270ab313e4fe15cdb332564b9276467c5ed,1785264082951,184.0,1785264083052,101
00f5655f-18d2-5b65-a490-53d1474c2a53,98d46b55a78b65aeb87adada4b7b0270ab313e4fe15cdb332564b9276467c5ed,1785264083973,184.0,1785264084014,41
976c3cd2-0a72-5ee1-89be-8ba5bde4d858,98d46b55a78b65aeb87adada4b7b0270ab313e4fe15cdb332564b9276467c5ed,1785264083975,184.0,1785264084021,46
d36b665d-8084-5368-a8c5-9d52e842a848,98d46b55a78b65aeb87adada4b7b0270ab313e4fe15cdb332564b9276467c5ed,1785264084934,184.0,1785264085077,143
89982b68-2ce1-5ee8-99b1-4b883c50e9cb,98d46b55a78b65aeb87adada4b7b0270ab313e4fe15cdb332564b9276467c5ed,1785264084936,184.0,1785264085085,149
6d98b052-84b7-510f-8c77-52511f4c76d2,98d46b55a78b65aeb87adada4b7b0270ab313e4fe15cdb332564b9276467c5ed,1785264085943,184.0,1785264086023,80
6e25feab-b1d7-5381-be57-a4db7ac6c2e1,98d46b55a78b65aeb87adada4b7b0270ab313e4fe15cdb332564b9276467c5ed,1785264086960,184.0,1785264087102,142
013d282e-4e63-58a2-8d65-66d67f0cb6eb,98d46b55a78b65aeb87adada4b7b0270ab313e4fe15cdb332564b9276467c5ed,1785264086966,184.0,1785264087149,183
1cd8a3f3-3cc7-575b-8b42-c263f129e76c,98d46b55a78b65aeb87adada4b7b0270ab313e4fe15cdb332564b9276467c5ed,1785264088010,184.0,1785264088154,144
98998603-a547-574e-94c5-99b404a7f478,98d46b55a78b65aeb87adada4b7b0270ab313e4fe15cdb332564b9276467c5ed,1785264088012,184.0,1785264088205,193
a44d9dcb-753d-57aa-b619-a46a63036824,98d46b55a78b65aeb87adada4b7b0270ab313e4fe15cdb332564b9276467c5ed,1785264088920,184.0,1785264088959,39
20c5bc08-e774-52bc-a08d-1fda77d5d98c,98d46b55a78b65aeb87adada4b7b0270ab313e4fe15cdb332564b9276467c5ed,1785264089949,184.0,1785264090039,90
85dcf175-b926-5108-880d-44a6c74630e4,98d46b55a78b65aeb87adada4b7b0270ab313e4fe15cdb332564b9276467c5ed,1785264089968,184.0,1785264090044,76
5e066825-b0dd-5523-90b5-de92c7384902,98d46b55a78b65aeb87adada4b7b0270ab313e4fe15cdb332564b9276467c5ed,1785264090953,184.0,1785264091061,108
287be99b-4a40-5831-8862-829abca1bd97,98d46b55a78b65aeb87adada4b7b0270ab313e4fe15cdb332564b9276467c5ed,1785264090956,184.0,1785264091067,111
d5ce1be4-8e68-56fa-89b9-75064ab35bd4,98d46b55a78b65aeb87adada4b7b0270ab313e4fe15cdb332564b9276467c5ed,1785264091963,184.0,1785264092016,53
51f264df-ba79-52e6-8d1b-3e57fb873320,98d46b55a78b65aeb87adada4b7b0270ab313e4fe15cdb332564b9276467c5ed,1785264092925,184.0,1785264093001,76
92cc71b7-a20c-564c-9f84-e01fc0279dac,98d46b55a78b65aeb87adada4b7b0270ab313e4fe15cdb332564b9276467c5ed,1785264092929,184.0,1785264093011,82
c31a3d7c-19d3-53b6-8fea-0b6b829d2d44,98d46b55a78b65aeb87adada4b7b0270ab313e4fe15cdb332564b9276467c5ed,1785264093973,184.0,1785264094040,67
9ee3a985-250f-59e7-93f9-b8a3a00716ad,98d46b55a78b65aeb87adada4b7b0270ab313e4fe15cdb332564b9276467c5ed,1785264093973,184.0,1785264094045,72
f36719d5-fdef-5ed9-8388-e7a18398af3a,98d46b55a78b65aeb87adada4b7b0270ab313e4fe15cdb332564b9276467c5ed,1785264094950,184.0,1785264095030,80
acd40f88-94f4-51d4-b694-913ddb5b281c,98d46b55a78b65aeb87adada4b7b0270ab313e4fe15cdb332564b9276467c5ed,1785264094968,184.0,1785264095035,67
f3247b4b-efa0-563b-86b1-e05fbc800309,98d46b55a78b65aeb87adada4b7b0270ab313e4fe15cdb332564b9276467c5ed,1785264095945,184.0,1785264096013,68
c68435d9-d209-51c2-8b41-8d679f1c872d,98d46b55a78b65aeb87adada4b7b0270ab313e4fe15cdb332564b9276467c5ed,1785264096976,184.0,1785264097025,49
a603bef2-eaf4-501a-b177-89e44e0f5878,98d46b55a78b65aeb87adada4b7b0270ab313e4fe15cdb332564b9276467c5ed,1785264096987,184.0,1785264097068,81
9f43f2ed-8868-54f5-bd93-2cf57abf0d29,98d46b55a78b65aeb87adada4b7b0270ab313e4fe15cdb332564b9276467c5ed,1785264097965,184.0,1785264098087,122
9fc8ab14-bb65-513d-897e-9acd27da1c0b,98d46b55a78b65aeb87adada4b7b0270ab313e4fe15cdb332564b9276467c5ed,1785264097972,184.0,1785264098096,124
0b119a5f-b573-5ca4-885a-e19c1ac291eb,98d46b55a78b65aeb87adada4b7b0270ab313e4fe15cdb332564b9276467c5ed,1785264098922,184.0,1785264098987,65
0ce2c097-e7fa-54d7-a937-9c39bd986774,98d46b55a78b65aeb87adada4b7b0270ab313e4fe15cdb332564b9276467c5ed,1785264099944,184.0,1785264100061,117
555ec910-72a3-5609-b42e-5af80ff3e149,98d46b55a78b65aeb87adada4b7b0270ab313e4fe15cdb332564b9276467c5ed,1785264099946,184.0,1785264100065,119
2608679c-332f-579e-b1f3-51c7b48cd645,98d46b55a78b65aeb87adada4b7b0270ab313e4fe15cdb332564b9276467c5ed,1785264100987,184.0,1785264101064,77
43ad5aac-6ef8-5f24-9df5-6f5785be824e,98d46b55a78b65aeb87adada4b7b0270ab313e4fe15cdb332564b9276467c5ed,1785264100988,184.0,1785264101110,122
eb2d6a30-6ea9-5542-b3b7-0c9091ed3344,98d46b55a78b65aeb87adada4b7b0270ab313e4fe15cdb332564b9276467c5ed,1785264101938,184.0,1785264101996,58
e932840d-96ec-57a7-afe4-ffa9f7e0db62,98d46b55a78b65aeb87adada4b7b0270ab313e4fe15cdb332564b9276467c5ed,1785264102931,184.0,1785264102995,64
40378efc-6d5a-512a-a9b7-e6a44616eff5,98d46b55a78b65aeb87adada4b7b0270ab313e4fe15cdb332564b9276467c5ed,1785264102955,184.0,1785264103056,101
802311c3-b4ca-52fa-8694-36b313e8b4a2,98d46b55a78b65aeb87adada4b7b0270ab313e4fe15cdb332564b9276467c5ed,1785264103946,184.0,1785264103987,41
db881f13-93ea-51ba-a93c-11f2398ee1b3,98d46b55a78b65aeb87adada4b7b0270ab313e4fe15cdb332564b9276467c5ed,1785264103970,184.0,1785264104043,73
4ee1b772-f4a6-55d0-b72e-cf1857b268fe,98d46b55a78b65aeb87adada4b7b0270ab313e4fe15cdb332564b9276467c5ed,1785264104932,184.0,1785264104966,34
d743b107-a4f7-58f1-be21-ac042d77213c,98d46b55a78b65aeb87adada4b7b0270ab313e4fe15cdb332564b9276467c5ed,1785264105940,184.0,1785264106047,107
f2ec71c2-2ae4-5cab-897d-6e32da6f6bb7,98d46b55a78b65aeb87adada4b7b0270ab313e4fe15cdb332564b9276467c5ed,1785264105944,184.0,1785264106072,128
ed0060bd-d2d3-5f81-ad69-e98c2575d184,98d46b55a78b65aeb87adada4b7b0270ab313e4fe15cdb332564b9276467c5ed,1785264106930,184.0,1785264107039,109
7bca5b5c-420e-53ef-b007-fc148eba20c0,98d46b55a78b65aeb87adada4b7b0270ab313e4fe15cdb332564b9276467c5ed,1785264106932,184.0,1785264107047,115
b33ceb3c-d18d-58f8-a68a-e204275f85fd,98d46b55a78b65aeb87adada4b7b0270ab313e4fe15cdb332564b9276467c5ed,1785264107959,184.0,1785264108073,114
97479691-4529-575e-84e7-d04a1ef9248d,98d46b55a78b65aeb87adada4b7b0270ab313e4fe15cdb332564b9276467c5ed,1785264107959,184.0,1785264108079,120
f3ce91b9-b50a-537b-8982-09bd2c7b8e05,98d46b55a78b65aeb87adada4b7b0270ab313e4fe15cdb332564b9276467c5ed,1785264108937,184.0,1785264109068,131
c6ac159d-7fcc-5163-b8de-28cef2b639c9,98d46b55a78b65aeb87adada4b7b0270ab313e4fe15cdb332564b9276467c5ed,1785264109992,184.0,1785264110061,69
ae71a71f-c7c1-5009-a1e3-ed9b5d14f2d3,98d46b55a78b65aeb87adada4b7b0270ab313e4fe15cdb332564b9276467c5ed,1785264109995,184.0,1785264110066,71
5917280d-e9ec-596c-8e53-16fb6a365323,98d46b55a78b65aeb87adada4b7b0270ab313e4fe15cdb332564b9276467c5ed,1785264110921,184.0,1785264110999,78
2bcf5aa3-8628-51e0-bd7b-b170263224ac,98d46b55a78b65aeb87adada4b7b0270ab313e4fe15cdb332564b9276467c5ed,1785264110957,184.0,1785264111009,52
fd7f1eae-26b2-5b43-99e5-ac2906465f7f,98d46b55a78b65aeb87adada4b7b0270ab313e4fe15cdb332564b9276467c5ed,1785264111943,184.0,1785264112005,62
e59251ed-e9bf-5095-a3af-df574cdfa6e1,98d46b55a78b65aeb87adada4b7b0270ab313e4fe15cdb332564b9276467c5ed,1785264112963,184.0,1785264112976,13
0c3acabd-ec4e-53de-ad75-473f44f296fa,98d46b55a78b65aeb87adada4b7b0270ab313e4fe15cdb332564b9276467c5ed,1785264112967,184.0,1785264113025,58
1ef87c72-dc47-511f-b701-e720370c30a8,98d46b55a78b65aeb87adada4b7b0270ab313e4fe15cdb332564b9276467c5ed,1785264113950,184.0,1785264114055,105
df84b8ad-1e8b-5a40-aae4-97ebfd5011f1,98d46b55a78b65aeb87adada4b7b0270ab313e4fe15cdb332564b9276467c5ed,1785264113980,184.0,1785264114103,123
b255f558-b48f-507d-9588-16b2f360c394,98d46b55a78b65aeb87adada4b7b0270ab313e4fe15cdb332564b9276467c5ed,1785264114945,184.0,1785264115001,56
8bce4beb-f0b4-5d61-8256-4bf777b78b05,98d46b55a78b65aeb87adada4b7b0270ab313e4fe15cdb332564b9276467c5ed,1785264115955,184.0,1785264116039,84
9191f7ee-9501-56bf-9208-c49c9265efa7,98d46b55a78b65aeb87adada4b7b0270ab313e4fe15cdb332564b9276467c5ed,1785264115963,184.0,1785264116068,105
5345125d-84e3-5ffa-a948-b6772fd624e2,98d46b55a78b65aeb87adada4b7b0270ab313e4fe15cdb332564b9276467c5ed,1785264116944,184.0,1785264117026,82
237a1672-eead-5390-916e-d5096e80d0bf,98d46b55a78b65aeb87adada4b7b0270ab313e4fe15cdb332564b9276467c5ed,1785264116948,184.0,1785264117122,174
7dd75941-0559-5423-ac76-f52d302a2705,98d46b55a78b65aeb87adada4b7b0270ab313e4fe15cdb332564b9276467c5ed,1785264117946,184.0,1785264118015,69
7446df61-ec17-527c-b123-6e0a0b1a8bca,98d46b55a78b65aeb87adada4b7b0270ab313e4fe15cdb332564b9276467c5ed,1785264126154,184.0,1785264126308,154
c540da63-4c04-50df-b3b3-9aee8387275a,98d46b55a78b65aeb87adada4b7b0270ab313e4fe15cdb332564b9276467c5ed,1785264126933,184.0,1785264127016,83
2a72df84-59fe-5e9c-b709-fffb5e63e78d,98d46b55a78b65aeb87adada4b7b0270ab313e4fe15cdb332564b9276467c5ed,1785264126936,184.0,1785264127040,104
0dfbea6e-8b0e-5e32-8b4f-c9ddde52839d,98d46b55a78b65aeb87adada4b7b0270ab313e4fe15cdb332564b9276467c5ed,1785264127956,184.0,1785264128053,97
0b199c38-8064-5a07-99b9-1b0fcd5db335,98d46b55a78b65aeb87adada4b7b0270ab313e4fe15cdb332564b9276467c5ed,1785264127959,184.0,1785264128090,131
655df7ac-5d87-512a-b0bf-5ebb588a8152,98d46b55a78b65aeb87adada4b7b0270ab313e4fe15cdb332564b9276467c5ed,1785264128967,184.0,1785264129014,47
643de196-b7da-5426-bd1a-3984dad8549f,98d46b55a78b65aeb87adada4b7b0270ab313e4fe15cdb332564b9276467c5ed,1785264129961,184.0,1785264130032,71
20addf6d-a665-58e0-9a9d-54d051e973b5,98d46b55a78b65aeb87adada4b7b0270ab313e4fe15cdb332564b9276467c5ed,1785264129968,184.0,1785264130040,72
16dde054-81bd-5142-944e-84ae4ca14ab1,98d46b55a78b65aeb87adada4b7b0270ab313e4fe15cdb332564b9276467c5ed,1785264130970,184.0,1785264131087,117
21b4fa16-348f-575e-867e-ed98a3eebe18,98d46b55a78b65aeb87adada4b7b0270ab313e4fe15cdb332564b9276467c5ed,1785264130971,184.0,1785264131092,121
13cf0e63-c6c7-5860-9cac-16f9503abbac,98d46b55a78b65aeb87adada4b7b0270ab313e4fe15cdb332564b9276467c5ed,1785264131179,184.0,1785264131220,41
dbcac182-cb13-5863-a12d-13cc4d5408b4,98d46b55a78b65aeb87adada4b7b0270ab313e4fe15cdb332564b9276467c5ed,1785264131991,184.0,1785264132062,71
a3aae5c1-1bff-5bc8-af38-05cd79d3b468,98d46b55a78b65aeb87adada4b7b0270ab313e4fe15cdb332564b9276467c5ed,1785264133004,184.0,1785264133092,88
4c140439-c11a-5278-bf3a-71c2e12d4d08,98d46b55a78b65aeb87adada4b7b0270ab313e4fe15cdb332564b9276467c5ed,1785264133022,184.0,1785264133099,77
617456ca-f585-5484-82cf-1dd42fad832d,98d46b55a78b65aeb87adada4b7b0270ab313e4fe15cdb332564b9276467c5ed,1785264133982,184.0,1785264133998,16
4894e7d5-aca4-5ffe-b44f-7bfb3daf5171,98d46b55a78b65aeb87adada4b7b0270ab313e4fe15cdb332564b9276467c5ed,1785264133983,184.0,1785264134042,59
111d2ed5-fc37-537a-af43-4e38cfb44626,98d46b55a78b65aeb87adada4b7b0270ab313e4fe15cdb332564b9276467c5ed,1785264134959,184.0,1785264134992,33
0fe282dd-4917-569c-a282-152b5f58f1e8,98d46b55a78b65aeb87adada4b7b0270ab313e4fe15cdb332564b9276467c5ed,1785264135963,184.0,1785264136077,114
6199ac35-03ab-5c13-847c-9c213db6eecf,98d46b55a78b65aeb87adada4b7b0270ab313e4fe15cdb332564b9276467c5ed,1785264135965,184.0,1785264136084,119
6ee81ed9-36c7-59a5-89db-f1749b9ead8a,98d46b55a78b65aeb87adada4b7b0270ab313e4fe15cdb332564b9276467c5ed,1785264136942,184.0,1785264137015,73
cf94ee56-5cc9-5e9d-87cc-de66faa3fa36,98d46b55a78b65aeb87adada4b7b0270ab313e4fe15cdb332564b9276467c5ed,1785264136975,184.0,1785264137020,45
7e475fc4-2a6c-5310-89c9-8f0248ff11bb,98d46b55a78b65aeb87adada4b7b0270ab313e4fe15cdb332564b9276467c5ed,1785264137961,184.0,1785264138040,79
54416329-4722-5e10-a962-628a3863a214,98d46b55a78b65aeb87adada4b7b0270ab313e4fe15cdb332564b9276467c5ed,1785264137962,184.0,1785264138063,101
2ba1eb3c-4837-523c-8abc-623bdc480495,98d46b55a78b65aeb87adada4b7b0270ab313e4fe15cdb332564b9276467c5ed,1785264138947,184.0,1785264139031,84
a82601a2-6a85-5e7c-a677-404aeeeffb74,98d46b55a78b65aeb87adada4b7b0270ab313e4fe15cdb332564b9276467c5ed,1785264139958,184.0,1785264140021,63
865d4066-643d-57d3-b700-aa0f3e009998,98d46b55a78b65aeb87adada4b7b0270ab313e4fe15cdb332564b9276467c5ed,1785264140000,184.0,1785264140044,44
776cd38a-aa55-5109-92fa-12fac701f796,98d46b55a78b65aeb87adada4b7b0270ab313e4fe15cdb332564b9276467c5ed,1785264140976,184.0,1785264141011,35
bdbb8874-d935-5163-a382-90e13056fc41,98d46b55a78b65aeb87adada4b7b0270ab313e4fe15cdb332564b9276467c5ed,1785264140977,184.0,1785264141101,124
1e3ae9ce-910a-5c82-9f33-3db02ce63516,98d46b55a78b65aeb87adada4b7b0270ab313e4fe15cdb332564b9276467c5ed,1785264141952,184.0,1785264142001,49
7a4a4509-fa3a-599e-9bf3-70f304197c23,98d46b55a78b65aeb87adada4b7b0270ab313e4fe15cdb332564b9276467c5ed,1785264142966,184.0,1785264143000,34
92272e8c-8bb7-5b8b-8304-2f875c7deecc,98d46b55a78b65aeb87adada4b7b0270ab313e4fe15cdb332564b9276467c5ed,1785264142967,184.0,1785264143007,40
d3ae7c71-861a-5b44-b7eb-aae0fd3942b2,98d46b55a78b65aeb87adada4b7b0270ab313e4fe15cdb332564b9276467c5ed,1785264143986,184.0,1785264144025,39
e73c07fd-f764-57a9-bb65-e43b0c403ef4,98d46b55a78b65aeb87adada4b7b0270ab313e4fe15cdb332564b9276467c5ed,1785264143990,184.0,1785264144030,40
8b7dad23-dae3-5ebf-813d-d3ac46481573,98d46b55a78b65aeb87adada4b7b0270ab313e4fe15cdb332564b9276467c5ed,1785264144966,184.0,1785264145031,65
e4fe2345-99de-5489-a675-de973366afb8,98d46b55a78b65aeb87adada4b7b0270ab313e4fe15cdb332564b9276467c5ed,1785264145958,184.0,1785264146052,94
e7c181bd-e332-5447-8edb-94b6364bbd84,98d46b55a78b65aeb87adada4b7b0270ab313e4fe15cdb332564b9276467c5ed,1785264146001,184.0,1785264146085,84
a9425147-f50f-53f2-9118-6206bde1fe3c,98d46b55a78b65aeb87adada4b7b0270ab313e4fe15cdb332564b9276467c5ed,1785264146947,184.0,1785264146996,49
ce7dd357-bcb1-5721-91c4-c4325cc9eb85,98d46b55a78b65aeb87adada4b7b0270ab313e4fe15cdb332564b9276467c5ed,1785264146948,184.0,1785264147046,98
c6dd3ff2-92f1-5c0e-ae74-40358a2ff669,98d46b55a78b65aeb87adada4b7b0270ab313e4fe15cdb332564b9276467c5ed,1785264147938,184.0,1785264147987,49
d555c2d5-1d7b-557e-b135-dfe379cf6cfe,98d46b55a78b65aeb87adada4b7b0270ab313e4fe15cdb332564b9276467c5ed,1785264148944,184.0,1785264149021,77
8621ba1d-8ca2-5473-aabe-267f9e388308,98d46b55a78b65aeb87adada4b7b0270ab313e4fe15cdb332564b9276467c5ed,1785264148945,184.0,1785264149027,82
ad21331b-3cfc-5f80-9d46-3babee242a30,98d46b55a78b65aeb87adada4b7b0270ab313e4fe15cdb332564b9276467c5ed,1785264149928,184.0,1785264150010,82
11ccb70c-3bcc-52e8-a2c7-b7aa47d387c9,98d46b55a78b65aeb87adada4b7b0270ab313e4fe15cdb332564b9276467c5ed,1785264149931,184.0,1785264150016,85
2e90f9ab-fa18-5b15-9658-29f318f16f7c,98d46b55a78b65aeb87adada4b7b0270ab313e4fe15cdb332564b9276467c5ed,1785264150956,184.0,1785264151016,60
a8341a85-767e-5f04-b14f-8564bc1e5475,98d46b55a78b65aeb87adada4b7b0270ab313e4fe15cdb332564b9276467c5ed,1785264150959,184.0,1785264151021,62
ebfe0094-5290-5d4a-8f92-ad95c39d636d,98d46b55a78b65aeb87adada4b7b0270ab313e4fe15cdb332564b9276467c5ed,1785264151950,184.0,1785264152010,60
21f5780c-d3da-5be9-a553-29cefda835c0,98d46b55a78b65aeb87adada4b7b0270ab313e4fe15cdb332564b9276467c5ed,1785264152944,184.0,1785264152981,37
9acf996f-a066-5908-9b77-d56951a72d40,98d46b55a78b65aeb87adada4b7b0270ab313e4fe15cdb332564b9276467c5ed,1785264152966,184.0,1785264153043,77
2b45492d-fe54-5e95-9e6b-bd5683ce27b5,98d46b55a78b65aeb87adada4b7b0270ab313e4fe15cdb332564b9276467c5ed,1785264153998,184.0,1785264154072,74
4f211c88-83e8-5e09-94bf-0583d021f393,98d46b55a78b65aeb87adada4b7b0270ab313e4fe15cdb332564b9276467c5ed,1785264154003,184.0,1785264154080,77
eb359621-ba0c-5f41-aaf0-a9d470b1a165,98d46b55a78b65aeb87adada4b7b0270ab313e4fe15cdb332564b9276467c5ed,1785264154940,184.0,1785264155006,66
60582a0c-e39d-5972-8ea0-b9a536a21a7a,98d46b55a78b65aeb87adada4b7b0270ab313e4fe15cdb332564b9276467c5ed,1785264155975,184.0,1785264156054,79
8974b93f-08b4-5da3-bce1-0146ad70bfcc,98d46b55a78b65aeb87adada4b7b0270ab313e4fe15cdb332564b9276467c5ed,1785264155976,184.0,1785264156059,83
4cd74147-129e-5bb1-98f6-0794684473e8,98d46b55a78b65aeb87adada4b7b0270ab313e4fe15cdb332564b9276467c5ed,1785264156958,184.0,1785264157032,74
99e6745b-5331-5b04-8c19-76928dcc140e,98d46b55a78b65aeb87adada4b7b0270ab313e4fe15cdb332564b9276467c5ed,1785264156960,184.0,1785264157040,80
c250a5da-8146-5ebc-9747-0e6b61a40820,98d46b55a78b65aeb87adada4b7b0270ab313e4fe15cdb332564b9276467c5ed,1785264157946,184.0,1785264158022,76
f340ccf5-ff31-5a58-af15-2aab20200f01,98d46b55a78b65aeb87adada4b7b0270ab313e4fe15cdb332564b9276467c5ed,1785264158972,184.0,1785264159060,88
41957d71-2b0b-502c-9a5c-3c99a56c0436,98d46b55a78b65aeb87adada4b7b0270ab313e4fe15cdb332564b9276467c5ed,1785264158974,184.0,1785264159102,128
9ff08c42-af61-5a68-8473-3bd03efeb88b,98d46b55a78b65aeb87adada4b7b0270ab313e4fe15cdb332564b9276467c5ed,1785264159933,184.0,1785264160001,68
49fc478b-e185-5783-9c56-e98c3064dda7,98d46b55a78b65aeb87adada4b7b0270ab313e4fe15cdb332564b9276467c5ed,1785264159938,184.0,1785264160006,68
c1dfb4ea-41f2-5bcc-a678-8b1827f01b79,98d46b55a78b65aeb87adada4b7b0270ab313e4fe15cdb332564b9276467c5ed,1785264160947,184.0,1785264161038,91
6a405fb6-2708-5be9-b526-d02ac4b7ca33,98d46b55a78b65aeb87adada4b7b0270ab313e4fe15cdb332564b9276467c5ed,1785264160950,184.0,1785264161045,95
1c15a543-e444-5376-980b-8208a358f6c4,98d46b55a78b65aeb87adada4b7b0270ab313e4fe15cdb332564b9276467c5ed,1785264161925,184.0,1785264161980,55
4c51a34d-644f-5543-ba5a-d4ddc173b32c,98d46b55a78b65aeb87adada4b7b0270ab313e4fe15cdb332564b9276467c5ed,1785264162947,184.0,1785264163016,69
29d14af0-8272-5926-8c31-a6561659fa8f,98d46b55a78b65aeb87adada4b7b0270ab313e4fe15cdb332564b9276467c5ed,1785264162953,184.0,1785264163074,121
399a5f60-5bb6-5583-bb51-86878f538bcf,98d46b55a78b65aeb87adada4b7b0270ab313e4fe15cdb332564b9276467c5ed,1785264163954,184.0,1785264164052,98
96897772-88ea-5650-9542-20c1ce3e7f71,98d46b55a78b65aeb87adada4b7b0270ab313e4fe15cdb332564b9276467c5ed,1785264163955,184.0,1785264164077,122
fb719b01-ed92-53b2-85e1-8ec3d2c9074e,98d46b55a78b65aeb87adada4b7b0270ab313e4fe15cdb332564b9276467c5ed,1785264164952,184.0,1785264165015,63
730bbb17-4db7-5b7f-8894-f3bc62a63a42,98d46b55a78b65aeb87adada4b7b0270ab313e4fe15cdb332564b9276467c5ed,1785264165945,184.0,1785264166032,87
35ef3256-e67b-5f53-8bb3-3aebab7d5add,98d46b55a78b65aeb87adada4b7b0270ab313e4fe15cdb332564b9276467c5ed,1785264165946,184.0,1785264166038,92
5ef009d3-8e98-51df-a365-60991c792fe0,98d46b55a78b65aeb87adada4b7b0270ab313e4fe15cdb332564b9276467c5ed,1785264166942,184.0,1785264167032,90
79dc92f4-e012-5c25-9e6a-3408273df505,98d46b55a78b65aeb87adada4b7b0270ab313e4fe15cdb332564b9276467c5ed,1785264166945,184.0,1785264167083,138
b73b140b-03c7-5cd2-a7ea-1c2a93af9acb,98d46b55a78b65aeb87adada4b7b0270ab313e4fe15cdb332564b9276467c5ed,1785264167936,184.0,1785264168011,75
6b6715be-bd53-53ff-bcdb-377bd80bddab,98d46b55a78b65aeb87adada4b7b0270ab313e4fe15cdb332564b9276467c5ed,1785264168985,184.0,1785264169091,106
7979c689-c448-576e-8dc0-874d0b681a3b,98d46b55a78b65aeb87adada4b7b0270ab313e4fe15cdb332564b9276467c5ed,1785264168990,184.0,1785264169098,108
0ee299ac-5fde-5f73-b1e5-122a9b92f6f9,98d46b55a78b65aeb87adada4b7b0270ab313e4fe15cdb332564b9276467c5ed,1785264169975,184.0,1785264170010,35
ee8149c3-4b8b-5178-a749-f40505ea7a0e,98d46b55a78b65aeb87adada4b7b0270ab313e4fe15cdb332564b9276467c5ed,1785264169975,184.0,1785264170092,117
e08757b3-7df5-5ef6-8ef5-ebce1454c780,98d46b55a78b65aeb87adada4b7b0270ab313e4fe15cdb332564b9276467c5ed,1785264170977,184.0,1785264171025,48
c6e496a3-4537-50da-88a2-5aa9696bb50c,98d46b55a78b65aeb87adada4b7b0270ab313e4fe15cdb332564b9276467c5ed,1785264171966,184.0,1785264172073,107
a3ca2c45-af5e-5d32-b4f9-7af497d61445,98d46b55a78b65aeb87adada4b7b0270ab313e4fe15cdb332564b9276467c5ed,1785264171968,184.0,1785264172081,113
149d70a9-53e3-5c8a-807b-1cf4c0b7cbce,98d46b55a78b65aeb87adada4b7b0270ab313e4fe15cdb332564b9276467c5ed,1785264172944,184.0,1785264173066,122
401ef82f-2f9f-5511-bb4b-e2941aa44a00,98d46b55a78b65aeb87adada4b7b0270ab313e4fe15cdb332564b9276467c5ed,1785264172947,184.0,1785264173075,128
4771f6b9-e7ac-55ca-bdd8-f23c70c1a293,98d46b55a78b65aeb87adada4b7b0270ab313e4fe15cdb332564b9276467c5ed,1785264174016,184.0,1785264174054,38
01ed33df-41a3-5095-8a02-cab600fadac3,98d46b55a78b65aeb87adada4b7b0270ab313e4fe15cdb332564b9276467c5ed,1785264174024,184.0,1785264174058,34
59fb4176-1141-5991-aa6d-d1afdd0651f6,98d46b55a78b65aeb87adada4b7b0270ab313e4fe15cdb332564b9276467c5ed,1785264174934,184.0,1785264174987,53
82e08ab6-6e7e-59bc-a500-b7fd796c7938,98d46b55a78b65aeb87adada4b7b0270ab313e4fe15cdb332564b9276467c5ed,1785264175950,184.0,1785264176035,85
d8a7538e-cde4-5982-9df2-8b85547ee81a,98d46b55a78b65aeb87adada4b7b0270ab313e4fe15cdb332564b9276467c5ed,1785264175989,184.0,1785264176040,51
0182f607-e80d-5566-b3e3-2717bdb95681,98d46b55a78b65aeb87adada4b7b0270ab313e4fe15cdb332564b9276467c5ed,1785264176985,184.0,1785264177025,40
49249186-350a-56e6-9a7a-916f06f31ffd,98d46b55a78b65aeb87adada4b7b0270ab313e4fe15cdb332564b9276467c5ed,1785264176986,184.0,1785264177030,44
68b14243-aedc-547d-b7ea-48a22cdcca4d,98d46b55a78b65aeb87adada4b7b0270ab313e4fe15cdb332564b9276467c5ed,1785264177991,184.0,1785264178001,10
370425f3-8952-5551-9690-0fb222423b94,98d46b55a78b65aeb87adada4b7b0270ab313e4fe15cdb332564b9276467c5ed,1785264179001,184.0,1785264179042,41
14176cc4-35fe-5c33-9730-66531bec7034,98d46b55a78b65aeb87adada4b7b0270ab313e4fe15cdb332564b9276467c5ed,1785264179003,184.0,1785264179047,44
40cf7bb4-fa98-5ac5-ba45-8888a4e610d8,98d46b55a78b65aeb87adada4b7b0270ab313e4fe15cdb332564b9276467c5ed,1785264179982,184.0,1785264180081,99
274d7b2e-16de-55a2-94ea-ab098545b94a,98d46b55a78b65aeb87adada4b7b0270ab313e4fe15cdb332564b9276467c5ed,1785264179984,184.0,1785264180083,99
f3b220d3-875c-53f1-939a-6c088f5100a9,98d46b55a78b65aeb87adada4b7b0270ab313e4fe15cdb332564b9276467c5ed,1785264180929,184.0,1785264180988,59
422ecb63-8f7e-5def-9e79-02b1aa314ed6,98d46b55a78b65aeb87adada4b7b0270ab313e4fe15cdb332564b9276467c5ed,1785264181938,184.0,1785264182076,138
81706466-6b85-51b8-8fa0-dafed777957a,98d46b55a78b65aeb87adada4b7b0270ab313e4fe15cdb332564b9276467c5ed,1785264181941,184.0,1785264182082,141
db8f07d7-be42-591b-92a7-ad5efb3d7d71,98d46b55a78b65aeb87adada4b7b0270ab313e4fe15cdb332564b9276467c5ed,1785264182953,184.0,1785264183041,88
7bf91484-ec5d-55b4-8156-1d3cd955d4ff,98d46b55a78b65aeb87adada4b7b0270ab313e4fe15cdb332564b9276467c5ed,1785264182986,184.0,1785264183080,94
b8b35f35-ab67-5c08-9e56-ecd5817093ca,98d46b55a78b65aeb87adada4b7b0270ab313e4fe15cdb332564b9276467c5ed,1785264183954,184.0,1785264183995,41
d58414d3-3dcc-5f1c-88ec-3e00a85558b1,98d46b55a78b65aeb87adada4b7b0270ab313e4fe15cdb332564b9276467c5ed,1785264184944,184.0,1785264185025,81
f3852a3b-08ab-5d7e-953a-4ba50f50c875,98d46b55a78b65aeb87adada4b7b0270ab313e4fe15cdb332564b9276467c5ed,1785264184947,184.0,1785264185033,86
6a643363-1ed1-50dc-af4e-835e30663258,98d46b55a78b65aeb87adada4b7b0270ab313e4fe15cdb332564b9276467c5ed,1785264185938,184.0,1785264186066,128
d70a58c5-6b10-5ef6-8cae-a06df9f69037,98d46b55a78b65aeb87adada4b7b0270ab313e4fe15cdb332564b9276467c5ed,1785264185942,184.0,1785264186071,129
7fc979c4-7dff-5860-802e-95640f2bf932,98d46b55a78b65aeb87adada4b7b0270ab313e4fe15cdb332564b9276467c5ed,1785264186941,184.0,1785264187047,106
3658953c-0b18-5807-bcd4-0d4769f57e62,98d46b55a78b65aeb87adada4b7b0270ab313e4fe15cdb332564b9276467c5ed,1785264186969,184.0,1785264187081,112
c1409332-2738-56f9-a662-6d8b90ec8add,98d46b55a78b65aeb87adada4b7b0270ab313e4fe15cdb332564b9276467c5ed,1785264187965,184.0,1785264188035,70
e2042009-8801-5238-94d5-472c87dff5cc,98d46b55a78b65aeb87adada4b7b0270ab313e4fe15cdb332564b9276467c5ed,1785264188966,184.0,1785264189030,64
4f438102-5384-5162-9ccf-43dc826c8f9b,98d46b55a78b65aeb87adada4b7b0270ab313e4fe15cdb332564b9276467c5ed,1785264188971,184.0,1785264189042,71
fb5bd000-4638-5bb2-89cd-88fa3df799d4,98d46b55a78b65aeb87adada4b7b0270ab313e4fe15cdb332564b9276467c5ed,1785264189941,184.0,1785264190077,136
4933252c-95a2-53ec-a750-97d1ac1912ef,98d46b55a78b65aeb87adada4b7b0270ab313e4fe15cdb332564b9276467c5ed,1785264189954,184.0,1785264190085,131
cff5ab3c-cd2f-5bb5-b90c-19e4a3825495,98d46b55a78b65aeb87adada4b7b0270ab313e4fe15cdb332564b9276467c5ed,1785264190947,184.0,1785264191054,107
71dfe676-2f70-5e05-9bb6-26f088345209,98d46b55a78b65aeb87adada4b7b0270ab313e4fe15cdb332564b9276467c5ed,1785264191959,184.0,1785264192041,82
c1f9fc03-5476-501c-bb2d-f3cfe3387819,98d46b55a78b65aeb87adada4b7b0270ab313e4fe15cdb332564b9276467c5ed,1785264191962,184.0,1785264192110,148
f00747a7-8382-5cdf-b94d-b42de300c676,98d46b55a78b65aeb87adada4b7b0270ab313e4fe15cdb332564b9276467c5ed,1785264192954,184.0,1785264192987,33
8262a1a0-7339-543e-b03a-7d413714f75a,98d46b55a78b65aeb87adada4b7b0270ab313e4fe15cdb332564b9276467c5ed,1785264192984,184.0,1785264193030,46
c1c93134-08f5-5813-92a5-15328f5fa3f4,98d46b55a78b65aeb87adada4b7b0270ab313e4fe15cdb332564b9276467c5ed,1785264193973,184.0,1785264194038,65
8084ef9b-532c-511f-876f-b1d3985043f1,98d46b55a78b65aeb87adada4b7b0270ab313e4fe15cdb332564b9276467c5ed,1785264194979,184.0,1785264195057,78
c8c3eee7-9563-5d3e-a282-c0cedeb4b8be,98d46b55a78b65aeb87adada4b7b0270ab313e4fe15cdb332564b9276467c5ed,1785264194980,184.0,1785264195089,109
8f879762-ef9c-5f9f-b847-b4c79a230cf6,98d46b55a78b65aeb87adada4b7b0270ab313e4fe15cdb332564b9276467c5ed,1785264195990,184.0,1785264196090,100
4b43cd06-38d6-5785-9c4f-f293bf2ba74a,98d46b55a78b65aeb87adada4b7b0270ab313e4fe15cdb332564b9276467c5ed,1785264195993,184.0,1785264196100,107
9e9e00a3-4226-56bb-b833-fad8ceda5fab,98d46b55a78b65aeb87adada4b7b0270ab313e4fe15cdb332564b9276467c5ed,1785264196944,184.0,1785264197037,93
1850a99e-df27-5cad-ab3e-24f5aace2250,98d46b55a78b65aeb87adada4b7b0270ab313e4fe15cdb332564b9276467c5ed,1785264196946,184.0,1785264197044,98
3255d4b0-8f8d-5e4d-9b6e-327c11841d91,98d46b55a78b65aeb87adada4b7b0270ab313e4fe15cdb332564b9276467c5ed,1785264197948,184.0,1785264198005,57
7af2a4ee-4d83-5d96-ba34-6ad74437992f,98d46b55a78b65aeb87adada4b7b0270ab313e4fe15cdb332564b9276467c5ed,1785264198947,184.0,1785264199085,138
641fc649-c997-5047-a18b-595f9bb8e66d,98d46b55a78b65aeb87adada4b7b0270ab313e4fe15cdb332564b9276467c5ed,1785264198951,184.0,1785264199093,142
104d0264-3625-52e8-84fe-9d2c4c00ec8d,98d46b55a78b65aeb87adada4b7b0270ab313e4fe15cdb332564b9276467c5ed,1785264199978,184.0,1785264200098,120
ba7cdda1-2e80-5b82-8e1e-6083c21db0cd,98d46b55a78b65aeb87adada4b7b0270ab313e4fe15cdb332564b9276467c5ed,1785264199998,184.0,1785264200107,109
be3e2c16-5794-514d-8cea-eadadc152559,98d46b55a78b65aeb87adada4b7b0270ab313e4fe15cdb332564b9276467c5ed,1785264200933,184.0,1785264200996,63
7ff0b571-2632-5aa2-b674-e7e2e0bccddf,98d46b55a78b65aeb87adada4b7b0270ab313e4fe15cdb332564b9276467c5ed,1785264201948,184.0,1785264201985,37
0b51f68d-8c36-5e1c-8484-9a142d075219,98d46b55a78b65aeb87adada4b7b0270ab313e4fe15cdb332564b9276467c5ed,1785264201950,184.0,1785264201990,40
5050e1e8-685b-58f6-8629-5a7f28d53c2f,98d46b55a78b65aeb87adada4b7b0270ab313e4fe15cdb332564b9276467c5ed,1785264202954,184.0,1785264203031,77
9e0a2e8e-b522-5f98-b91a-bfcbad8052a6,98d46b55a78b65aeb87adada4b7b0270ab313e4fe15cdb332564b9276467c5ed,1785264202964,184.0,1785264203038,74
dd67d5ef-9352-5a6c-bc31-b1182f224b8d,98d46b55a78b65aeb87adada4b7b0270ab313e4fe15cdb332564b9276467c5ed,1785264203969,184.0,1785264204010,41
7cda14a0-5fea-5a0d-9f97-56d739f556ed,98d46b55a78b65aeb87adada4b7b0270ab313e4fe15cdb332564b9276467c5ed,1785264204940,184.0,1785264205001,61
07e43ada-6158-5986-94cc-cfa7ad376934,98d46b55a78b65aeb87adada4b7b0270ab313e4fe15cdb332564b9276467c5ed,1785264204943,184.0,1785264205007,64
85776003-97bc-56f0-9f94-7fa88542a3be,98d46b55a78b65aeb87adada4b7b0270ab313e4fe15cdb332564b9276467c5ed,1785264205982,184.0,1785264205993,11
f362b203-3de0-5424-92d6-e80b6613bbd4,98d46b55a78b65aeb87adada4b7b0270ab313e4fe15cdb332564b9276467c5ed,1785264205983,184.0,1785264206049,66
85e26874-301d-5a4e-ad14-ed6800930239,98d46b55a78b65aeb87adada4b7b0270ab313e4fe15cdb332564b9276467c5ed,1785264206942,184.0,1785264206996,54
aa55aa7a-412a-5a4c-9901-eee274760660,98d46b55a78b65aeb87adada4b7b0270ab313e4fe15cdb332564b9276467c5ed,1785264207948,184.0,1785264208044,96
fc90be9c-ce17-5acf-b270-9671137a4946,98d46b55a78b65aeb87adada4b7b0270ab313e4fe15cdb332564b9276467c5ed,1785264207989,184.0,1785264208077,88
8c2e4e55-bde0-581f-9a05-96410d0b9d0c,98d46b55a78b65aeb87adada4b7b0270ab313e4fe15cdb332564b9276467c5ed,1785264208941,184.0,1785264209057,116
e1df94fc-26e2-565c-9af2-dcb7bbfaf4a7,98d46b55a78b65aeb87adada4b7b0270ab313e4fe15cdb332564b9276467c5ed,1785264208946,184.0,1785264209063,117
be351ac2-f626-5b92-92f6-52421ea32540,98d46b55a78b65aeb87adada4b7b0270ab313e4fe15cdb332564b9276467c5ed,1785264209962,184.0,1785264210040,78
e0b2c807-cf54-5d33-a8f0-b4fb96b70389,98d46b55a78b65aeb87adada4b7b0270ab313e4fe15cdb332564b9276467c5ed,1785264209963,184.0,1785264210045,82
1dbc4a5d-8b2e-5761-8eb5-c95ae6a669a2,98d46b55a78b65aeb87adada4b7b0270ab313e4fe15cdb332564b9276467c5ed,1785264210982,184.0,1785264211031,49
4de54fc5-1a25-56b1-aec6-081801b4af7f,98d46b55a78b65aeb87adada4b7b0270ab313e4fe15cdb332564b9276467c5ed,1785264211961,184.0,1785264212133,172
5f89fd5d-e449-517a-a459-02e35532746f,98d46b55a78b65aeb87adada4b7b0270ab313e4fe15cdb332564b9276467c5ed,1785264211964,184.0,1785264212139,175
dcad22e3-b0a7-5240-a503-e249b63bdd4f,98d46b55a78b65aeb87adada4b7b0270ab313e4fe15cdb332564b9276467c5ed,1785264212991,184.0,1785264213017,26
16e4a2eb-dd62-584e-b8c4-bd37c637cb0d,98d46b55a78b65aeb87adada4b7b0270ab313e4fe15cdb332564b9276467c5ed,1785264213013,184.0,1785264213055,42
80086a42-e611-589d-9d24-594563dd84e2,98d46b55a78b65aeb87adada4b7b0270ab313e4fe15cdb332564b9276467c5ed,1785264213959,184.0,1785264214000,41
be6bc216-c3f8-52ba-87ac-718829a83442,98d46b55a78b65aeb87adada4b7b0270ab313e4fe15cdb332564b9276467c5ed,1785264214947,184.0,1785264215040,93
f087aec4-ab07-5ef3-940c-517d5c24b7aa,98d46b55a78b65aeb87adada4b7b0270ab313e4fe15cdb332564b9276467c5ed,1785264214950,184.0,1785264215076,126
9d9c94a4-9b81-537b-bcc8-302dbff2905a,98d46b55a78b65aeb87adada4b7b0270ab313e4fe15cdb332564b9276467c5ed,1785264215943,184.0,1785264216026,83
1757e320-ccea-569b-81f6-5271e2757afd,98d46b55a78b65aeb87adada4b7b0270ab313e4fe15cdb332564b9276467c5ed,1785264215946,184.0,1785264216033,87
f79fb02f-4bbc-5998-b2b0-c90876558c13,98d46b55a78b65aeb87adada4b7b0270ab313e4fe15cdb332564b9276467c5ed,1785264216941,184.0,1785264217023,82
c432fbc8-779d-5d7c-bffe-c4025a2f3c36,98d46b55a78b65aeb87adada4b7b0270ab313e4fe15cdb332564b9276467c5ed,1785264217944,184.0,1785264218078,134
1a39f572-2445-57b2-9189-2ebe7e72261b,98d46b55a78b65aeb87adada4b7b0270ab313e4fe15cdb332564b9276467c5ed,1785264217948,184.0,1785264218085,137
c8b6e5cf-25ea-5da1-a3a5-651794bdc603,98d46b55a78b65aeb87adada4b7b0270ab313e4fe15cdb332564b9276467c5ed,1785264218967,184.0,1785264218998,31
9b2e3113-4eea-5cdd-ad26-2a4e0e7c8024,98d46b55a78b65aeb87adada4b7b0270ab313e4fe15cdb332564b9276467c5ed,1785264218995,184.0,1785264219044,49
0ae66973-0d51-5c31-bfb7-c3546ff75d1b,98d46b55a78b65aeb87adada4b7b0270ab313e4fe15cdb332564b9276467c5ed,1785264219981,184.0,1785264220121,140
77494fc8-8abd-5fee-aaf3-64bb6c28bd32,98d46b55a78b65aeb87adada4b7b0270ab313e4fe15cdb332564b9276467c5ed,1785264219986,184.0,1785264220126,140
3c907bdc-09ac-5e35-8aee-98f1f6d46b16,98d46b55a78b65aeb87adada4b7b0270ab313e4fe15cdb332564b9276467c5ed,1785264220937,184.0,1785264220977,40
e4c4d2f6-fe45-5572-847c-77bd7800a3a8,98d46b55a78b65aeb87adada4b7b0270ab313e4fe15cdb332564b9276467c5ed,1785264221993,184.0,1785264222032,39
3ac6dcf0-47d8-5748-a116-3cf189e9b91a,98d46b55a78b65aeb87adada4b7b0270ab313e4fe15cdb332564b9276467c5ed,1785264221994,184.0,1785264222038,44
dd0bb651-7de3-5c17-a95c-9a88fdbef2af,98d46b55a78b65aeb87adada4b7b0270ab313e4fe15cdb332564b9276467c5ed,1785264222965,184.0,1785264223003,38
c29e780e-1be8-5e58-8d0f-fdf2080a373c,98d46b55a78b65aeb87adada4b7b0270ab313e4fe15cdb332564b9276467c5ed,1785264222968,184.0,1785264223053,85
7a3d68b4-27aa-5b94-9004-61e7d86ac9e6,98d46b55a78b65aeb87adada4b7b0270ab313e4fe15cdb332564b9276467c5ed,1785264223981,184.0,1785264224080,99
f39e43ca-8a00-5383-8316-ac287fb30a6d,98d46b55a78b65aeb87adada4b7b0270ab313e4fe15cdb332564b9276467c5ed,1785264224969,184.0,1785264225044,75
d1ad8ff5-ca59-5ad3-92fd-d4de94334be0,98d46b55a78b65aeb87adada4b7b0270ab313e4fe15cdb332564b9276467c5ed,1785264224994,184.0,1785264225048,54
b41ee163-4d84-5c97-90d4-a740c929220d,98d46b55a78b65aeb87adada4b7b0270ab313e4fe15cdb332564b9276467c5ed,1785264225973,184.0,1785264226065,92
58f88882-0cab-5182-898b-bcee7b1b102c,98d46b55a78b65aeb87adada4b7b0270ab313e4fe15cdb332564b9276467c5ed,1785264225975,184.0,1785264226076,101
5ed839fb-770a-5cab-86fd-7bacef1f6aa2,98d46b55a78b65aeb87adada4b7b0270ab313e4fe15cdb332564b9276467c5ed,1785264226958,184.0,1785264227060,102
e6e23157-ae5a-53fe-99d3-858db8b0c023,98d46b55a78b65aeb87adada4b7b0270ab313e4fe15cdb332564b9276467c5ed,1785264227951,184.0,1785264228085,134
efcdce7b-aa41-5b46-95cd-7933603ea1ff,98d46b55a78b65aeb87adada4b7b0270ab313e4fe15cdb332564b9276467c5ed,1785264227954,184.0,1785264228092,138
3212aa68-01c2-56b3-ba6c-5ce4b262a904,98d46b55a78b65aeb87adada4b7b0270ab313e4fe15cdb332564b9276467c5ed,1785264228957,184.0,1785264229030,73
f636d0b0-5ca9-518a-b9f2-7bf4282ec823,98d46b55a78b65aeb87adada4b7b0270ab313e4fe15cdb332564b9276467c5ed,1785264228990,184.0,1785264229036,46
1362a811-7f7a-5180-a096-c20d67d98cdd,98d46b55a78b65aeb87adada4b7b0270ab313e4fe15cdb332564b9276467c5ed,1785264229949,184.0,1785264229986,37
136b29b4-bb7f-54a8-9acf-c38634299676,98d46b55a78b65aeb87adada4b7b0270ab313e4fe15cdb332564b9276467c5ed,1785264230954,184.0,1785264231030,76
ed0cf86f-8e35-56dc-9523-41505735f79b,98d46b55a78b65aeb87adada4b7b0270ab313e4fe15cdb332564b9276467c5ed,1785264230984,184.0,1785264231037,53
4bfa2d65-5118-5da7-9035-9a7f91e89f45,98d46b55a78b65aeb87adada4b7b0270ab313e4fe15cdb332564b9276467c5ed,1785264231960,184.0,1785264232016,56
c04272be-ad17-5b39-bc2a-85e169fa63f6,98d46b55a78b65aeb87adada4b7b0270ab313e4fe15cdb332564b9276467c5ed,1785264231977,184.0,1785264232046,69
662ad7c8-dbd3-5a20-bb3b-13580af1d9a3,98d46b55a78b65aeb87adada4b7b0270ab313e4fe15cdb332564b9276467c5ed,1785264232981,184.0,1785264232990,9
7d492b63-4f27-52bf-bd54-d193125592e9,98d46b55a78b65aeb87adada4b7b0270ab313e4fe15cdb332564b9276467c5ed,1785264233013,184.0,1785264233039,26
12727ba4-34d8-5400-8f27-4a07e90138a0,98d46b55a78b65aeb87adada4b7b0270ab313e4fe15cdb332564b9276467c5ed,1785264233989,184.0,1785264234031,42
db6b5c92-0b44-55ce-ab11-4b5e76606475,98d46b55a78b65aeb87adada4b7b0270ab313e4fe15cdb332564b9276467c5ed,1785264234944,184.0,1785264235021,77
1ccaa8eb-de87-5dfb-9700-21820173f707,98d46b55a78b65aeb87adada4b7b0270ab313e4fe15cdb332564b9276467c5ed,1785264234986,184.0,1785264235026,40
c9daa47f-1fb0-5459-95dc-082df118f6c1,98d46b55a78b65aeb87adada4b7b0270ab313e4fe15cdb332564b9276467c5ed,1785264235931,184.0,1785264236006,75
916c1bcb-296d-553c-a9be-a10a4a2985ef,98d46b55a78b65aeb87adada4b7b0270ab313e4fe15cdb332564b9276467c5ed,1785264235934,184.0,1785264236012,78
a9ddab2b-9879-5ba3-832b-6a03c87ef606,98d46b55a78b65aeb87adada4b7b0270ab313e4fe15cdb332564b9276467c5ed,1785264236948,184.0,1785264237010,62
eab49cac-2e2f-5176-9aa5-ede06e5576db,98d46b55a78b65aeb87adada4b7b0270ab313e4fe15cdb332564b9276467c5ed,1785264237948,184.0,1785264238030,82
64c8b62c-ee6b-56f1-a905-bfc9047ae4c4,98d46b55a78b65aeb87adada4b7b0270ab313e4fe15cdb332564b9276467c5ed,1785264237952,184.0,1785264238036,84
596c5969-e17c-5123-9ea3-b03f6f5f4777,98d46b55a78b65aeb87adada4b7b0270ab313e4fe15cdb332564b9276467c5ed,1785264238951,184.0,1785264239021,70
56ccbc29-2818-5b99-9b9e-b0fd1161da11,98d46b55a78b65aeb87adada4b7b0270ab313e4fe15cdb332564b9276467c5ed,1785264238954,184.0,1785264239029,75
d04848cc-5e04-5f08-ba6a-5c35e8d5cf76,98d46b55a78b65aeb87adada4b7b0270ab313e4fe15cdb332564b9276467c5ed,1785264239937,184.0,1785264240012,75
60447c93-7268-58a7-904d-4c2b47dfd0b0,98d46b55a78b65aeb87adada4b7b0270ab313e4fe15cdb332564b9276467c5ed,1785264240973,184.0,1785264241019,46
d6530898-a0f0-5abd-97a0-499d6fed9c2d,98d46b55a78b65aeb87adada4b7b0270ab313e4fe15cdb332564b9276467c5ed,1785264240975,184.0,1785264241027,52
7d89ad2d-d695-5064-ac0b-d8e79826075e,98d46b55a78b65aeb87adada4b7b0270ab313e4fe15cdb332564b9276467c5ed,1785264241958,184.0,1785264241995,37
cff29086-6086-547e-a40d-faba220c2729,98d46b55a78b65aeb87adada4b7b0270ab313e4fe15cdb332564b9276467c5ed,1785264241959,184.0,1785264242037,78
05016179-f71c-5f3d-9dad-b367be0add0f,98d46b55a78b65aeb87adada4b7b0270ab313e4fe15cdb332564b9276467c5ed,1785264242948,184.0,1785264243025,77
bf51dbf8-6df2-5d47-8060-689ac085c50d,98d46b55a78b65aeb87adada4b7b0270ab313e4fe15cdb332564b9276467c5ed,1785264251164,184.0,1785264251312,148
aceaead9-4ba1-56be-843d-66640ec67e3d,98d46b55a78b65aeb87adada4b7b0270ab313e4fe15cdb332564b9276467c5ed,1785264251285,184.0,1785264251382,97
1272ef85-dfdc-5022-b0d5-965674083200,98d46b55a78b65aeb87adada4b7b0270ab313e4fe15cdb332564b9276467c5ed,1785264251947,184.0,1785264252036,89
7cbccbd2-4733-583c-b872-e4b2d0d6a145,98d46b55a78b65aeb87adada4b7b0270ab313e4fe15cdb332564b9276467c5ed,1785264251949,184.0,1785264252081,132
88c5450a-5908-5866-9935-ff6569c59345,98d46b55a78b65aeb87adada4b7b0270ab313e4fe15cdb332564b9276467c5ed,1785264252978,184.0,1785264253016,38
88f2281d-a4e9-5f6b-9be7-da1d75797a8b,98d46b55a78b65aeb87adada4b7b0270ab313e4fe15cdb332564b9276467c5ed,1785264252980,184.0,1785264253020,40
7cd6f6fa-d081-55a9-80ca-5add61242190,98d46b55a78b65aeb87adada4b7b0270ab313e4fe15cdb332564b9276467c5ed,1785264253988,184.0,1785264254005,17
dd59ccd0-34ed-591c-94d6-dab7af4c6f4d,98d46b55a78b65aeb87adada4b7b0270ab313e4fe15cdb332564b9276467c5ed,1785264254968,184.0,1785264255040,72
025d366f-a381-53d7-946c-81ea85f95bc2,98d46b55a78b65aeb87adada4b7b0270ab313e4fe15cdb332564b9276467c5ed,1785264254971,184.0,1785264255046,75
db1fe1ef-eef1-5ccb-aa6c-a2dbab1e8c36,98d46b55a78b65aeb87adada4b7b0270ab313e4fe15cdb332564b9276467c5ed,1785264255973,184.0,1785264256033,60
c4641fcc-e244-5ca4-a520-1b39fc42ba94,98d46b55a78b65aeb87adada4b7b0270ab313e4fe15cdb332564b9276467c5ed,1785264255973,184.0,1785264256122,149
0a922c3b-1fd1-58bc-bcad-37a7fcd41e9f,98d46b55a78b65aeb87adada4b7b0270ab313e4fe15cdb332564b9276467c5ed,1785264256927,184.0,1785264256982,55
53667424-040d-5f0c-93d8-b67eacaf702b,98d46b55a78b65aeb87adada4b7b0270ab313e4fe15cdb332564b9276467c5ed,1785264257996,184.0,1785264258011,15
c224f3d9-1f20-5829-9be6-6c8714677fca,98d46b55a78b65aeb87adada4b7b0270ab313e4fe15cdb332564b9276467c5ed,1785264257997,184.0,1785264258062,65
0b26824e-3295-5c70-8e5d-42f69eff0739,98d46b55a78b65aeb87adada4b7b0270ab313e4fe15cdb332564b9276467c5ed,1785264258947,184.0,1785264259052,105
0bbd16cd-ff37-574b-a2fb-d5d7e68f6c08,98d46b55a78b65aeb87adada4b7b0270ab313e4fe15cdb332564b9276467c5ed,1785264258949,184.0,1785264259056,107
00643f37-1f82-592e-bb0e-139c0b2bb303,98d46b55a78b65aeb87adada4b7b0270ab313e4fe15cdb332564b9276467c5ed,1785264259954,184.0,1785264259995,41
5ad95e34-2efe-54d4-8875-245d8605c921,98d46b55a78b65aeb87adada4b7b0270ab313e4fe15cdb332564b9276467c5ed,1785264260962,184.0,1785264261032,70
4ef6fb66-7d8b-5f80-b7c2-ce21f5720a89,98d46b55a78b65aeb87adada4b7b0270ab313e4fe15cdb332564b9276467c5ed,1785264260989,184.0,1785264261040,51
982a3ae0-af65-55e1-b5f7-6fcdd7ef809c,98d46b55a78b65aeb87adada4b7b0270ab313e4fe15cdb332564b9276467c5ed,1785264261978,184.0,1785264262015,37
48048180-ad87-5c18-85fb-313fcae77986,98d46b55a78b65aeb87adada4b7b0270ab313e4fe15cdb332564b9276467c5ed,1785264261999,184.0,1785264262064,65
eb2cd631-8856-5d79-91fb-7fe44111c7e4,98d46b55a78b65aeb87adada4b7b0270ab313e4fe15cdb332564b9276467c5ed,1785264262964,184.0,1785264263006,42
d8526e2f-77a6-5062-8a1a-e89df7706d5f,98d46b55a78b65aeb87adada4b7b0270ab313e4fe15cdb332564b9276467c5ed,1785264262967,184.0,1785264263062,95
d2f6f2cb-e31c-5683-b3e4-01c3056a66c7,98d46b55a78b65aeb87adada4b7b0270ab313e4fe15cdb332564b9276467c5ed,1785264264016,184.0,1785264264054,38
f2c12025-7aec-5595-a22e-2abcde5c20cb,98d46b55a78b65aeb87adada4b7b0270ab313e4fe15cdb332564b9276467c5ed,1785264264968,184.0,1785264265076,108
b4b492ca-63d0-5432-b94f-a0044892b8c4,98d46b55a78b65aeb87adada4b7b0270ab313e4fe15cdb332564b9276467c5ed,1785264264972,184.0,1785264265082,110
ec5f1936-d15e-52dc-a4f0-d01fe59f6855,98d46b55a78b65aeb87adada4b7b0270ab313e4fe15cdb332564b9276467c5ed,1785264265975,184.0,1785264266100,125
1a9f8bb8-e8a4-5764-a9ff-2aca03ee370e,98d46b55a78b65aeb87adada4b7b0270ab313e4fe15cdb332564b9276467c5ed,1785264265980,184.0,1785264266106,126
c651a81c-475d-5e87-8152-6f06f793168a,98d46b55a78b65aeb87adada4b7b0270ab313e4fe15cdb332564b9276467c5ed,1785264266986,184.0,1785264267074,88
b90cf8c6-e5d2-5e6b-8ce3-ee6103c5e05f,98d46b55a78b65aeb87adada4b7b0270ab313e4fe15cdb332564b9276467c5ed,1785264267960,184.0,1785264268045,85
7db31a68-f951-5f70-b110-962ba55eef33,98d46b55a78b65aeb87adada4b7b0270ab313e4fe15cdb332564b9276467c5ed,1785264267986,184.0,1785264268090,104
a6357f70-f9c0-5f2d-8a80-d750baf582b6,98d46b55a78b65aeb87adada4b7b0270ab313e4fe15cdb332564b9276467c5ed,1785264268964,184.0,1785264269179,215
6ae0f678-825b-5b2c-b9c8-85458aec9978,98d46b55a78b65aeb87adada4b7b0270ab313e4fe15cdb332564b9276467c5ed,1785264268985,184.0,1785264269194,209
2d655dfa-00b4-528c-8a5f-787263763622,98d46b55a78b65aeb87adada4b7b0270ab313e4fe15cdb332564b9276467c5ed,1785264269958,184.0,1785264270008,50
205e75a7-a382-53ee-9872-04c19a05d820,98d46b55a78b65aeb87adada4b7b0270ab313e4fe15cdb332564b9276467c5ed,1785264270987,184.0,1785264271065,78
4a40d284-8ebe-5aa0-8e24-ff25d78b673e,98d46b55a78b65aeb87adada4b7b0270ab313e4fe15cdb332564b9276467c5ed,1785264271021,184.0,1785264271070,49
ad76d07a-1826-5e3e-95f0-dca226299935,98d46b55a78b65aeb87adada4b7b0270ab313e4fe15cdb332564b9276467c5ed,1785264271952,184.0,1785264272065,113
097b85b0-ddd5-507b-88a6-e8f7c74cc55d,98d46b55a78b65aeb87adada4b7b0270ab313e4fe15cdb332564b9276467c5ed,1785264271973,184.0,1785264272071,98
840ac0bb-cc3b-542d-8e02-929185ae25f1,98d46b55a78b65aeb87adada4b7b0270ab313e4fe15cdb332564b9276467c5ed,1785264272985,184.0,1785264273053,68
d7de334a-fc25-52fd-94ee-85d8ef92db17,98d46b55a78b65aeb87adada4b7b0270ab313e4fe15cdb332564b9276467c5ed,1785264273965,184.0,1785264274034,69
31a4dd74-2a5e-5090-98da-aaee07a3e4a9,98d46b55a78b65aeb87adada4b7b0270ab313e4fe15cdb332564b9276467c5ed,1785264273992,184.0,1785264274037,45
244cfdcb-dcb6-5eee-807c-b7f2c58b338f,98d46b55a78b65aeb87adada4b7b0270ab313e4fe15cdb332564b9276467c5ed,1785264274971,184.0,1785264275067,96
ff3f9662-6186-56c2-b584-c7750274c9a8,98d46b55a78b65aeb87adada4b7b0270ab313e4fe15cdb332564b9276467c5ed,1785264274972,184.0,1785264275072,100
27d51659-e97b-5e5b-a152-51c8ab661863,98d46b55a78b65aeb87adada4b7b0270ab313e4fe15cdb332564b9276467c5ed,1785264275947,184.0,1785264276008,61
10018d0d-e697-5a3a-bf49-fdf1d69c663f,98d46b55a78b65aeb87adada4b7b0270ab313e4fe15cdb332564b9276467c5ed,1785264275950,184.0,1785264276017,67
d7c0543e-63ee-56ca-9a06-91fa75cbe234,98d46b55a78b65aeb87adada4b7b0270ab313e4fe15cdb332564b9276467c5ed,1785264276940,184.0,1785264277001,61
3820ba7d-723e-57f0-96cd-a0cd853c434c,98d46b55a78b65aeb87adada4b7b0270ab313e4fe15cdb332564b9276467c5ed,1785264277977,184.0,1785264278033,56
3b01251a-1d2c-5a5e-8717-cd81c9cd786b,98d46b55a78b65aeb87adada4b7b0270ab313e4fe15cdb332564b9276467c5ed,1785264277998,184.0,1785264278081,83
1bec8632-a53e-51f5-a01d-42324169a2e8,98d46b55a78b65aeb87adada4b7b0270ab313e4fe15cdb332564b9276467c5ed,1785264278981,184.0,1785264279070,89
662c1de0-2621-5b04-87d9-e8ec080ce4ee,98d46b55a78b65aeb87adada4b7b0270ab313e4fe15cdb332564b9276467c5ed,1785264278984,184.0,1785264279074,90
3c49b48e-2c74-5b10-87d0-b68e5d799669,98d46b55a78b65aeb87adada4b7b0270ab313e4fe15cdb332564b9276467c5ed,1785264279963,184.0,1785264280022,59
5b280949-755a-56ab-84fa-a766960b2d1f,98d46b55a78b65aeb87adada4b7b0270ab313e4fe15cdb332564b9276467c5ed,1785264280967,184.0,1785264281012,45
318a0e21-e86c-556a-87e4-82db01309e71,98d46b55a78b65aeb87adada4b7b0270ab313e4fe15cdb332564b9276467c5ed,1785264280969,184.0,1785264281074,105
7c090e66-ac7b-5efa-8ff9-c4ed6e983e7e,98d46b55a78b65aeb87adada4b7b0270ab313e4fe15cdb332564b9276467c5ed,1785264282013,184.0,1785264282084,71
891fd89a-6a66-56be-9a94-6484d56e75b4,98d46b55a78b65aeb87adada4b7b0270ab313e4fe15cdb332564b9276467c5ed,1785264282014,184.0,1785264282089,75
f96b8cf5-2fc9-5a15-9d54-d78229e911ef,98d46b55a78b65aeb87adada4b7b0270ab313e4fe15cdb332564b9276467c5ed,1785264282954,184.0,1785264283006,52
1844cebe-65c5-5255-9377-38eaa6ac0687,98d46b55a78b65aeb87adada4b7b0270ab313e4fe15cdb332564b9276467c5ed,1785264283994,184.0,1785264284064,70
561fe3f4-3c52-5612-be6e-97a81d0fe1b3,98d46b55a78b65aeb87adada4b7b0270ab313e4fe15cdb332564b9276467c5ed,1785264283995,184.0,1785264284069,74
38682ab1-d75c-5150-a099-e934d5634b07,98d46b55a78b65aeb87adada4b7b0270ab313e4fe15cdb332564b9276467c5ed,1785264284972,184.0,1785264285100,128
f1b00c7e-8df4-5243-bc16-1f192583bea4,98d46b55a78b65aeb87adada4b7b0270ab313e4fe15cdb332564b9276467c5ed,1785264284974,184.0,1785264285108,134
40e0cd15-42b6-5aad-b1bc-8906c8c312e7,98d46b55a78b65aeb87adada4b7b0270ab313e4fe15cdb332564b9276467c5ed,1785264285967,184.0,1785264285999,32
9b39c3a5-b37b-59cc-bc16-e4e5797ebc24,98d46b55a78b65aeb87adada4b7b0270ab313e4fe15cdb332564b9276467c5ed,1785264285971,184.0,1785264286048,77
57b22d41-f0b4-5240-9b1d-1a03f58d853e,98d46b55a78b65aeb87adada4b7b0270ab313e4fe15cdb332564b9276467c5ed,1785264286956,184.0,1785264286993,37
45c59c23-ab8a-5ac0-8f9a-6bceb3f9f435,98d46b55a78b65aeb87adada4b7b0270ab313e4fe15cdb332564b9276467c5ed,1785264287956,184.0,1785264288087,131
8585947b-0247-5f6d-a515-46618d511c89,98d46b55a78b65aeb87adada4b7b0270ab313e4fe15cdb332564b9276467c5ed,1785264287959,184.0,1785264288093,134
624f43eb-e9fe-534a-9bda-9426ee0ebcae,98d46b55a78b65aeb87adada4b7b0270ab313e4fe15cdb332564b9276467c5ed,1785264288954,184.0,1785264289074,120
1f34bdaa-e995-58be-9778-e86123591cb4,98d46b55a78b65aeb87adada4b7b0270ab313e4fe15cdb332564b9276467c5ed,1785264288998,184.0,1785264289083,85
d0739557-df25-52c6-b560-83d8f1ed5272,98d46b55a78b65aeb87adada4b7b0270ab313e4fe15cdb332564b9276467c5ed,1785264289951,184.0,1785264290062,111
872b397a-48d7-54d2-a240-eba600c2396d,98d46b55a78b65aeb87adada4b7b0270ab313e4fe15cdb332564b9276467c5ed,1785264290972,184.0,1785264291085,113
99f79d8c-7941-59cc-9102-a5ca0afa779a,98d46b55a78b65aeb87adada4b7b0270ab313e4fe15cdb332564b9276467c5ed,1785264290973,184.0,1785264291133,160
aca32f73-06b6-5a99-aaf9-197c3e162641,98d46b55a78b65aeb87adada4b7b0270ab313e4fe15cdb332564b9276467c5ed,1785264291954,184.0,1785264292007,53
538d634f-8d6f-5931-a3e3-1e3791d7b1d5,98d46b55a78b65aeb87adada4b7b0270ab313e4fe15cdb332564b9276467c5ed,1785264291956,184.0,1785264292036,80
bcfac6b0-a520-57e1-81f0-858abdc39133,98d46b55a78b65aeb87adada4b7b0270ab313e4fe15cdb332564b9276467c5ed,1785264292953,184.0,1785264293020,67
062f3683-872c-547c-b85f-777b8f7b4944,98d46b55a78b65aeb87adada4b7b0270ab313e4fe15cdb332564b9276467c5ed,1785264293975,184.0,1785264294009,34
ade2673d-7224-5c01-bb13-d323c34d9dca,98d46b55a78b65aeb87adada4b7b0270ab313e4fe15cdb332564b9276467c5ed,1785264293976,184.0,1785264294014,38
c64e38f3-0db2-528e-80eb-4915caa21727,98d46b55a78b65aeb87adada4b7b0270ab313e4fe15cdb332564b9276467c5ed,1785264294950,184.0,1785264295019,69
b97d37e6-5b39-5c35-83b5-3dfca6043258,98d46b55a78b65aeb87adada4b7b0270ab313e4fe15cdb332564b9276467c5ed,1785264294978,184.0,1785264295056,78
73b93afb-0b74-5741-adeb-003e30d07faa,98d46b55a78b65aeb87adada4b7b0270ab313e4fe15cdb332564b9276467c5ed,1785264295954,184.0,1785264295999,45
2001211f-a88e-5091-b1d3-7d08499e9faa,98d46b55a78b65aeb87adada4b7b0270ab313e4fe15cdb332564b9276467c5ed,1785264296967,184.0,1785264297117,150
40158085-0c74-5d48-90cc-30d251f3edd2,98d46b55a78b65aeb87adada4b7b0270ab313e4fe15cdb332564b9276467c5ed,1785264297015,184.0,1785264297122,107
ebc032b6-4506-5686-bc37-0b299190d33a,98d46b55a78b65aeb87adada4b7b0270ab313e4fe15cdb332564b9276467c5ed,1785264297953,184.0,1785264298069,116
1034beca-a697-57d7-b3b4-2d436aeab3de,98d46b55a78b65aeb87adada4b7b0270ab313e4fe15cdb332564b9276467c5ed,1785264297956,184.0,1785264298076,120
d42fec2c-3bd2-5224-91a8-1710bec8249b,98d46b55a78b65aeb87adada4b7b0270ab313e4fe15cdb332564b9276467c5ed,1785264298984,184.0,1785264299079,95
5ea2a113-a3b2-506f-a5c3-c26d17ceb5c6,98d46b55a78b65aeb87adada4b7b0270ab313e4fe15cdb332564b9276467c5ed,1785264298985,184.0,1785264299086,101
340a5f57-d123-5b22-86a5-c59ae48056c5,98d46b55a78b65aeb87adada4b7b0270ab313e4fe15cdb332564b9276467c5ed,1785264299951,184.0,1785264300042,91
7c9ac7e9-0506-5207-b3f5-3a82a6760973,98d46b55a78b65aeb87adada4b7b0270ab313e4fe15cdb332564b9276467c5ed,1785264300946,184.0,1785264301033,87
ead86429-5a02-559c-bfbd-782f70c7da0a,98d46b55a78b65aeb87adada4b7b0270ab313e4fe15cdb332564b9276467c5ed,1785264300949,184.0,1785264301045,96
8df6430c-74e7-5f6c-998a-1e51e87b8893,98d46b55a78b65aeb87adada4b7b0270ab313e4fe15cdb332564b9276467c5ed,1785264301965,184.0,1785264302023,58
52a4dfba-6644-5542-864c-818cc14660d1,98d46b55a78b65aeb87adada4b7b0270ab313e4fe15cdb332564b9276467c5ed,1785264301968,184.0,1785264302066,98
38878e5e-495a-5bfc-8a45-82796397906f,98d46b55a78b65aeb87adada4b7b0270ab313e4fe15cdb332564b9276467c5ed,1785264303002,184.0,1785264303069,67
47da7436-60da-5d54-a000-0935ed84d140,98d46b55a78b65aeb87adada4b7b0270ab313e4fe15cdb332564b9276467c5ed,1785264303996,184.0,1785264304043,47
dd04ddbe-b744-56a8-a4d3-e643d57e3004,98d46b55a78b65aeb87adada4b7b0270ab313e4fe15cdb332564b9276467c5ed,1785264303998,184.0,1785264304090,92
a7faf011-16f4-5edc-989a-11531206b000,98d46b55a78b65aeb87adada4b7b0270ab313e4fe15cdb332564b9276467c5ed,1785264304997,184.0,1785264305089,92
2e955633-1d48-5d6d-8405-5fe44ccbee60,98d46b55a78b65aeb87adada4b7b0270ab313e4fe15cdb332564b9276467c5ed,1785264305005,184.0,1785264305094,89
42fe17d7-0f18-50a0-a378-c18af0c9eacf,98d46b55a78b65aeb87adada4b7b0270ab313e4fe15cdb332564b9276467c5ed,1785264305940,184.0,1785264306025,85
77eb79ac-6cbe-5ff6-8803-00ec4ab5b011,98d46b55a78b65aeb87adada4b7b0270ab313e4fe15cdb332564b9276467c5ed,1785264306956,184.0,1785264307060,104
9b1b18b3-3a3b-5c42-88a7-3139ffc388af,98d46b55a78b65aeb87adada4b7b0270ab313e4fe15cdb332564b9276467c5ed,1785264306973,184.0,1785264307067,94
d9c5f886-d1fa-5a0e-a41b-a8e539dc2eaa,98d46b55a78b65aeb87adada4b7b0270ab313e4fe15cdb332564b9276467c5ed,1785264308005,184.0,1785264308104,99
06c1499a-7a2d-55cc-8fa7-01a55a56bc47,98d46b55a78b65aeb87adada4b7b0270ab313e4fe15cdb332564b9276467c5ed,1785264308040,184.0,1785264308110,70
62d49a35-ea0e-52df-8d13-d7bac83e43ec,98d46b55a78b65aeb87adada4b7b0270ab313e4fe15cdb332564b9276467c5ed,1785264308949,184.0,1785264309020,71
a45c53a6-272b-59f0-bb47-b9cdfefa4044,98d46b55a78b65aeb87adada4b7b0270ab313e4fe15cdb332564b9276467c5ed,1785264309963,184.0,1785264310031,68
933700f5-2a6a-5a35-99df-781f209cb281,98d46b55a78b65aeb87adada4b7b0270ab313e4fe15cdb332564b9276467c5ed,1785264309967,184.0,1785264310037,70
7528edd0-8e67-5d5d-9459-d783ed6d53e5,98d46b55a78b65aeb87adada4b7b0270ab313e4fe15cdb332564b9276467c5ed,1785264310946,184.0,1785264311020,74
a99a8700-7422-5bbb-a08d-32dd563bc563,98d46b55a78b65aeb87adada4b7b0270ab313e4fe15cdb332564b9276467c5ed,1785264310949,184.0,1785264311026,77
91646cee-7be3-5a62-a733-a0e7b4c0054a,98d46b55a78b65aeb87adada4b7b0270ab313e4fe15cdb332564b9276467c5ed,1785264311973,184.0,1785264312055,82
cb3b4291-96c5-5feb-9675-de7d2fbefeca,98d46b55a78b65aeb87adada4b7b0270ab313e4fe15cdb332564b9276467c5ed,1785264311975,184.0,1785264312091,116
04e713b3-e42b-5486-b74b-310bb6f7a182,98d46b55a78b65aeb87adada4b7b0270ab313e4fe15cdb332564b9276467c5ed,1785264312942,184.0,1785264312999,57
97c8ebbf-0639-5a26-9ba3-512a54ea12a6,98d46b55a78b65aeb87adada4b7b0270ab313e4fe15cdb332564b9276467c5ed,1785264313956,184.0,1785264314062,106
2c94156c-3f98-584e-9094-40da79af5889,98d46b55a78b65aeb87adada4b7b0270ab313e4fe15cdb332564b9276467c5ed,1785264313982,184.0,1785264314069,87
3ef0b721-1575-5cfc-9313-a37ae88247d5,98d46b55a78b65aeb87adada4b7b0270ab313e4fe15cdb332564b9276467c5ed,1785264314968,184.0,1785264315081,113
c55c460c-524d-5a52-a70b-5c05cfda3cea,98d46b55a78b65aeb87adada4b7b0270ab313e4fe15cdb332564b9276467c5ed,1785264315006,184.0,1785264315087,81
851a82ca-5e16-5ebd-9f47-c9c894c67c7e,98d46b55a78b65aeb87adada4b7b0270ab313e4fe15cdb332564b9276467c5ed,1785264315942,184.0,1785264316015,73
c275c1b8-40be-5244-af71-99e343fbf4bf,98d46b55a78b65aeb87adada4b7b0270ab313e4fe15cdb332564b9276467c5ed,1785264316952,184.0,1785264317069,117
226890c6-7961-5114-ab67-f8792cb7e747,98d46b55a78b65aeb87adada4b7b0270ab313e4fe15cdb332564b9276467c5ed,1785264316954,184.0,1785264317076,122
04fbb062-fd09-59db-a7bf-be8aae0358d7,98d46b55a78b65aeb87adada4b7b0270ab313e4fe15cdb332564b9276467c5ed,1785264317961,184.0,1785264318133,172
f5b9fc8f-4194-5aba-94b2-bd44db52a56d,98d46b55a78b65aeb87adada4b7b0270ab313e4fe15cdb332564b9276467c5ed,1785264318005,184.0,1785264318143,138
12ba696b-2d7a-5686-9fff-823d04fb51cd,98d46b55a78b65aeb87adada4b7b0270ab313e4fe15cdb332564b9276467c5ed,1785264318958,184.0,1785264319005,47
946d4d26-3cad-5f60-8c58-e4dba2993fcb,98d46b55a78b65aeb87adada4b7b0270ab313e4fe15cdb332564b9276467c5ed,1785264319944,184.0,1785264320019,75
30bf9810-21a7-53b1-b137-6dd8aee620ef,98d46b55a78b65aeb87adada4b7b0270ab313e4fe15cdb332564b9276467c5ed,1785264319946,184.0,1785264320025,79
62b65ed1-8de3-589f-88f6-745e7349e5bd,98d46b55a78b65aeb87adada4b7b0270ab313e4fe15cdb332564b9276467c5ed,1785264320965,184.0,1785264321092,127
7ddd8d29-8f34-522c-82e0-8abcaea489ee,98d46b55a78b65aeb87adada4b7b0270ab313e4fe15cdb332564b9276467c5ed,1785264320983,184.0,1785264321099,116
2ff61ed8-086f-5b44-8fe8-1033b1dbb0fc,98d46b55a78b65aeb87adada4b7b0270ab313e4fe15cdb332564b9276467c5ed,1785264321973,184.0,1785264322057,84
ed502eb5-2089-5810-9a32-62734fb3b02d,98d46b55a78b65aeb87adada4b7b0270ab313e4fe15cdb332564b9276467c5ed,1785264322011,184.0,1785264322062,51
09d4359a-fb7b-58a2-a1f2-c10612e1d1a5,98d46b55a78b65aeb87adada4b7b0270ab313e4fe15cdb332564b9276467c5ed,1785264322965,184.0,1785264323034,69
9165acf7-c400-5268-a087-21318a69bd16,98d46b55a78b65aeb87adada4b7b0270ab313e4fe15cdb332564b9276467c5ed,1785264324047,184.0,1785264324081,34
9654b253-d23a-51cd-a9e7-410b4d40397f,98d46b55a78b65aeb87adada4b7b0270ab313e4fe15cdb332564b9276467c5ed,1785264324049,184.0,1785264324127,78
410d28f5-90b5-5f32-8614-90077f668945,98d46b55a78b65aeb87adada4b7b0270ab313e4fe15cdb332564b9276467c5ed,1785264324963,184.0,1785264325080,117
b734f644-8fd2-5cc4-9be9-1ead299eff27,98d46b55a78b65aeb87adada4b7b0270ab313e4fe15cdb332564b9276467c5ed,1785264324966,184.0,1785264325089,123
d6456ac5-5fd1-5dd8-9cda-2c4f941e7bad,98d46b55a78b65aeb87adada4b7b0270ab313e4fe15cdb332564b9276467c5ed,1785264325973,184.0,1785264326025,52
ca6ec860-208e-521d-93fe-23c03cad03af,98d46b55a78b65aeb87adada4b7b0270ab313e4fe15cdb332564b9276467c5ed,1785264326972,184.0,1785264327051,79
233dd56b-4274-5cc1-be0c-3b6fc65b0639,98d46b55a78b65aeb87adada4b7b0270ab313e4fe15cdb332564b9276467c5ed,1785264327003,184.0,1785264327084,81
016e7d17-5c07-5ce7-ba61-240585895fc1,98d46b55a78b65aeb87adada4b7b0270ab313e4fe15cdb332564b9276467c5ed,1785264327953,184.0,1785264327997,44
9df5cbd4-6746-5469-9caa-c3a9d7a50053,98d46b55a78b65aeb87adada4b7b0270ab313e4fe15cdb332564b9276467c5ed,1785264327956,184.0,1785264328039,83
9a70d723-cda5-5503-b8ad-71bef333f9d2,98d46b55a78b65aeb87adada4b7b0270ab313e4fe15cdb332564b9276467c5ed,1785264328964,184.0,1785264329026,62
f63eac34-56bc-59a3-b086-c7071dace9fc,98d46b55a78b65aeb87adada4b7b0270ab313e4fe15cdb332564b9276467c5ed,1785264329994,184.0,1785264330066,72
addd1492-0ecf-51cd-9644-722f3c1abae5,98d46b55a78b65aeb87adada4b7b0270ab313e4fe15cdb332564b9276467c5ed,1785264329995,184.0,1785264330073,78
3f702d21-7a51-5036-80f4-d9abfc8f7c30,98d46b55a78b65aeb87adada4b7b0270ab313e4fe15cdb332564b9276467c5ed,1785264330937,184.0,1785264331004,67
4b4a7459-1d37-5f0b-9e64-f4dcd7b884a5,98d46b55a78b65aeb87adada4b7b0270ab313e4fe15cdb332564b9276467c5ed,1785264330938,184.0,1785264331045,107
b1dcbe15-7fc9-5b29-aa02-354939ac771c,98d46b55a78b65aeb87adada4b7b0270ab313e4fe15cdb332564b9276467c5ed,1785264331971,184.0,1785264332034,63
cb1c393e-31de-585b-a0e7-e7981ae49ee9,98d46b55a78b65aeb87adada4b7b0270ab313e4fe15cdb332564b9276467c5ed,1785264332963,184.0,1785264332998,35
9a82eb1e-a8cd-53f2-9e78-e91efd01c8fe,98d46b55a78b65aeb87adada4b7b0270ab313e4fe15cdb332564b9276467c5ed,1785264332966,184.0,1785264333042,76
50164c91-68db-57fd-a4a4-f1a4fa1017d3,98d46b55a78b65aeb87adada4b7b0270ab313e4fe15cdb332564b9276467c5ed,1785264333990,184.0,1785264334019,29
cc452e7d-fd3c-5bee-b817-50e1ddc34c58,98d46b55a78b65aeb87adada4b7b0270ab313e4fe15cdb332564b9276467c5ed,1785264334018,184.0,1785264334058,40
1a301b31-603c-51a4-a68a-7ba82eb731ba,98d46b55a78b65aeb87adada4b7b0270ab313e4fe15cdb332564b9276467c5ed,1785264335002,184.0,1785264335079,77
e05d2c80-e6a7-5716-9a72-7c343c9ab426,98d46b55a78b65aeb87adada4b7b0270ab313e4fe15cdb332564b9276467c5ed,1785264335003,184.0,1785264335094,91
76a30254-a0e7-5c74-a55f-7c96749b5b85,98d46b55a78b65aeb87adada4b7b0270ab313e4fe15cdb332564b9276467c5ed,1785264335959,184.0,1785264336049,90
9bb8e806-eab1-545e-9260-06d852ea15c2,98d46b55a78b65aeb87adada4b7b0270ab313e4fe15cdb332564b9276467c5ed,1785264336974,184.0,1785264337076,102
875cbeab-1e68-5a33-9bf5-a8fc8d10ce85,98d46b55a78b65aeb87adada4b7b0270ab313e4fe15cdb332564b9276467c5ed,1785264336977,184.0,1785264337082,105
83238674-e5fd-576c-815c-584da9573ad2,98d46b55a78b65aeb87adada4b7b0270ab313e4fe15cdb332564b9276467c5ed,1785264337977,184.0,1785264338073,96
116eb118-134c-591b-af06-8b5dc842cbd6,98d46b55a78b65aeb87adada4b7b0270ab313e4fe15cdb332564b9276467c5ed,1785264337981,184.0,1785264338080,99
e38938c1-facc-5b9b-bf03-9c4a3333c284,98d46b55a78b65aeb87adada4b7b0270ab313e4fe15cdb332564b9276467c5ed,1785264338990,184.0,1785264339065,75
17e8b6be-9016-5589-863c-d30e63e30a2b,98d46b55a78b65aeb87adada4b7b0270ab313e4fe15cdb332564b9276467c5ed,1785264340002,184.0,1785264340094,92
16c88059-5f73-56bc-add7-7a2abf27cf81,98d46b55a78b65aeb87adada4b7b0270ab313e4fe15cdb332564b9276467c5ed,1785264340003,184.0,1785264340100,97
c605baae-8363-530a-a63a-7924ce49631b,98d46b55a78b65aeb87adada4b7b0270ab313e4fe15cdb332564b9276467c5ed,1785264340966,184.0,1785264341008,42
da9b9b5f-825c-5e5f-a4bb-67be2a37ae84,98d46b55a78b65aeb87adada4b7b0270ab313e4fe15cdb332564b9276467c5ed,1785264340968,184.0,1785264341014,46
3acbda3f-fc61-5bab-94aa-9dfb45588aa8,98d46b55a78b65aeb87adada4b7b0270ab313e4fe15cdb332564b9276467c5ed,1785264341956,184.0,1785264342006,50
84a46c73-a84e-5af3-af4b-8c8bf5f4919d,98d46b55a78b65aeb87adada4b7b0270ab313e4fe15cdb332564b9276467c5ed,1785264342969,184.0,1785264343023,54
96673784-b5ea-5341-ad05-e383a15be8be,98d46b55a78b65aeb87adada4b7b0270ab313e4fe15cdb332564b9276467c5ed,1785264342971,184.0,1785264343081,110
458d1c01-07b4-5bd2-a9cd-fae2da13268c,98d46b55a78b65aeb87adada4b7b0270ab313e4fe15cdb332564b9276467c5ed,1785264343980,184.0,1785264344012,32
9ab156e6-f660-5b85-a48c-c7f64e366874,98d46b55a78b65aeb87adada4b7b0270ab313e4fe15cdb332564b9276467c5ed,1785264343982,184.0,1785264344049,67
a6481a76-1fc4-5b27-8376-590817a1fda2,98d46b55a78b65aeb87adada4b7b0270ab313e4fe15cdb332564b9276467c5ed,1785264344941,184.0,1785264344993,52
180a0684-782e-5348-ad59-4776ec9b0cef,98d46b55a78b65aeb87adada4b7b0270ab313e4fe15cdb332564b9276467c5ed,1785264344943,184.0,1785264344998,55
052c592d-b75e-5526-b32a-8bb9d49140c4,98d46b55a78b65aeb87adada4b7b0270ab313e4fe15cdb332564b9276467c5ed,1785264345975,184.0,1785264346030,55
3efde402-a1ca-5a0d-afc7-c028ba04ee61,98d46b55a78b65aeb87adada4b7b0270ab313e4fe15cdb332564b9276467c5ed,1785264346947,184.0,1785264347071,124
0145c5ae-a963-54ce-a5de-02744328e43a,98d46b55a78b65aeb87adada4b7b0270ab313e4fe15cdb332564b9276467c5ed,1785264346951,184.0,1785264347080,129
38475439-4b0b-5cbc-9a40-1d16cf9f36cc,98d46b55a78b65aeb87adada4b7b0270ab313e4fe15cdb332564b9276467c5ed,1785264347967,184.0,1785264348055,88
e1c8db2f-814b-566c-901a-2b9740fd8033,98d46b55a78b65aeb87adada4b7b0270ab313e4fe15cdb332564b9276467c5ed,1785264347970,184.0,1785264348061,91
4426229f-874a-5118-aae2-4c73f1d1b302,98d46b55a78b65aeb87adada4b7b0270ab313e4fe15cdb332564b9276467c5ed,1785264348941,184.0,1785264349008,67
817f3d43-2600-5dcb-8e24-eab04821c8d6,98d46b55a78b65aeb87adada4b7b0270ab313e4fe15cdb332564b9276467c5ed,1785264349952,184.0,1785264350033,81
1e885f5c-b017-5843-b58f-e732a0e884cd,98d46b55a78b65aeb87adada4b7b0270ab313e4fe15cdb332564b9276467c5ed,1785264349953,184.0,1785264350082,129
9217b2d7-0430-514b-836f-55de1c8a7106,98d46b55a78b65aeb87adada4b7b0270ab313e4fe15cdb332564b9276467c5ed,1785264350962,184.0,1785264351070,108
8d585595-fd58-57b0-8ab7-a8c135d6b298,98d46b55a78b65aeb87adada4b7b0270ab313e4fe15cdb332564b9276467c5ed,1785264350965,184.0,1785264351078,113
19f71e83-2508-5650-9096-7c79ae43bb9c,98d46b55a78b65aeb87adada4b7b0270ab313e4fe15cdb332564b9276467c5ed,1785264351965,184.0,1785264352016,51
0abe51ac-0f04-5b15-9730-ef48e229cbec,98d46b55a78b65aeb87adada4b7b0270ab313e4fe15cdb332564b9276467c5ed,1785264352971,184.0,1785264353069,98
4719690c-9256-5e55-85f4-dace2af8931d,98d46b55a78b65aeb87adada4b7b0270ab313e4fe15cdb332564b9276467c5ed,1785264352975,184.0,1785264353076,101
5fade582-4e56-55df-98cb-91af8569b4fa,98d46b55a78b65aeb87adada4b7b0270ab313e4fe15cdb332564b9276467c5ed,1785264354014,184.0,1785264354047,33
5405c39d-8cbf-54ab-8e3b-744f8a845888,98d46b55a78b65aeb87adada4b7b0270ab313e4fe15cdb332564b9276467c5ed,1785264354017,184.0,1785264354083,66
8fef2497-7899-579a-ba5b-6fa438659e28,98d46b55a78b65aeb87adada4b7b0270ab313e4fe15cdb332564b9276467c5ed,1785264354946,184.0,1785264355032,86
3944c285-f831-536b-9be3-59fdd27fc2d5,98d46b55a78b65aeb87adada4b7b0270ab313e4fe15cdb332564b9276467c5ed,1785264355967,184.0,1785264356021,54
62dab95c-d7ef-5420-a475-a9c510e567ae,98d46b55a78b65aeb87adada4b7b0270ab313e4fe15cdb332564b9276467c5ed,1785264355991,184.0,1785264356068,77
c45e1884-307a-5c3b-baf1-23ebabaeb444,98d46b55a78b65aeb87adada4b7b0270ab313e4fe15cdb332564b9276467c5ed,1785264356989,184.0,1785264357070,81
bc54df6d-c49d-50ed-8bff-d2a007bbc05f,98d46b55a78b65aeb87adada4b7b0270ab313e4fe15cdb332564b9276467c5ed,1785264356990,184.0,1785264357079,89
fa8cdce0-6375-5cc3-a405-547fd50cfa6f,98d46b55a78b65aeb87adada4b7b0270ab313e4fe15cdb332564b9276467c5ed,1785264357957,184.0,1785264358045,88
0242519f-ceed-50fd-9b2c-03c688b4d7d3,98d46b55a78b65aeb87adada4b7b0270ab313e4fe15cdb332564b9276467c5ed,1785264357965,184.0,1785264358077,112
7557ea2b-bf35-5e51-be0d-13734adf606f,98d46b55a78b65aeb87adada4b7b0270ab313e4fe15cdb332564b9276467c5ed,1785264358978,184.0,1785264359036,58
7d1ced01-58a2-5a91-8d3c-da9fa5e535f0,98d46b55a78b65aeb87adada4b7b0270ab313e4fe15cdb332564b9276467c5ed,1785264359967,184.0,1785264360074,107
1091ddef-7b9d-5e15-9887-1f4ce41fd828,98d46b55a78b65aeb87adada4b7b0270ab313e4fe15cdb332564b9276467c5ed,1785264359971,184.0,1785264360079,108
44fc3cf7-f540-51a3-848b-ca107e8a7b00,98d46b55a78b65aeb87adada4b7b0270ab313e4fe15cdb332564b9276467c5ed,1785264360956,184.0,1785264361060,104
5d7efada-5c1a-5357-9ed1-769b5cd63799,98d46b55a78b65aeb87adada4b7b0270ab313e4fe15cdb332564b9276467c5ed,1785264360995,184.0,1785264361066,71
32de3220-e450-586d-bb5b-6538a6b649c3,98d46b55a78b65aeb87adada4b7b0270ab313e4fe15cdb332564b9276467c5ed,1785264361991,184.0,1785264362049,58
946363d2-b6bf-56c4-9b6b-c9781750ec4c,98d46b55a78b65aeb87adada4b7b0270ab313e4fe15cdb332564b9276467c5ed,1785264362974,184.0,1785264363085,111
117fbf60-cdea-5671-aa03-989b8f982144,98d46b55a78b65aeb87adada4b7b0270ab313e4fe15cdb332564b9276467c5ed,1785264362976,184.0,1785264363091,115
c7de7640-25cb-566d-9296-2cff24ab9788,98d46b55a78b65aeb87adada4b7b0270ab313e4fe15cdb332564b9276467c5ed,1785264364036,184.0,1785264364123,87
34c718e1-f54d-5f90-a8e5-0362a2e70534,98d46b55a78b65aeb87adada4b7b0270ab313e4fe15cdb332564b9276467c5ed,1785264364037,184.0,1785264364128,91
6e9101db-e379-5b6d-8b15-4615e6d38eaa,98d46b55a78b65aeb87adada4b7b0270ab313e4fe15cdb332564b9276467c5ed,1785264365005,184.0,1785264365039,34
b81e4b3d-64ab-5704-aa74-e946b6a3cd3b,98d46b55a78b65aeb87adada4b7b0270ab313e4fe15cdb332564b9276467c5ed,1785264365958,184.0,1785264366102,144
2ec3cea8-540d-5385-8cce-7d9ce2ffb8ed,98d46b55a78b65aeb87adada4b7b0270ab313e4fe15cdb332564b9276467c5ed,1785264365960,184.0,1785264366108,148
06b73bc0-3c23-5107-8877-7bd23eadfc94,98d46b55a78b65aeb87adada4b7b0270ab313e4fe15cdb332564b9276467c5ed,1785264366944,184.0,1785264367046,102
2bbf6f64-bd6e-53bc-83eb-f828211d757f,98d46b55a78b65aeb87adada4b7b0270ab313e4fe15cdb332564b9276467c5ed,1785264366978,184.0,1785264367053,75
6464a624-2caf-5271-94d9-3a52fe1f47da,98d46b55a78b65aeb87adada4b7b0270ab313e4fe15cdb332564b9276467c5ed,1785264367953,184.0,1785264368039,86
