messageId,sentAt,path,relayHops,delivered,deliveredAt,latencyMs,recvRelayHops,carried
7b66f1c6-6816-5300-9275-db8501e86bb1,1785390711394,sender -> receiver,0,True,1785390711229.0,-165.0,0.0,False
a1cf2d9a-6884-5959-9cdf-4fa1848d3318,1785390711423,sender -> receiver,0,True,1785390711239.0,-184.0,0.0,False
f14d4ea2-683e-5886-b28a-9cda8121cb2e,1785390711426,sender -> receiver,0,True,1785390711240.0,-186.0,0.0,False
e7747ea0-23ff-5887-8ecf-d7ef5e3681e6,1785390711430,sender -> receiver,0,True,1785390711242.0,-188.0,0.0,False
77546079-461c-5b90-8774-24c85098c370,1785390711435,sender -> receiver,0,True,1785390711258.0,-177.0,0.0,False
75ac4d73-720d-50fc-9373-0092c9a33f92,1785390711464,sender -> receiver,0,True,1785390711263.0,-201.0,0.0,False
3ab64728-92b9-5596-87e7-de35377225fc,1785390712375,sender -> receiver,0,True,1785390712255.0,-120.0,0.0,False
a4a2d6cc-bc27-5efa-83ef-efb8abe7e493,1785390712413,sender -> receiver,0,True,1785390712257.0,-156.0,0.0,False
cb22994f-99ee-5298-aeb6-7a58e9c40ad7,1785390712417,sender -> receiver,0,True,1785390712260.0,-157.0,0.0,False
aad57d6e-9b82-5227-80d8-d5992dd756ef,1785390712420,sender -> receiver,0,True,1785390712262.0,-158.0,0.0,False
b7acd542-0867-5d47-9322-3eb1ef0fef24,1785390712424,sender -> receiver,0,True,1785390712265.0,-159.0,0.0,False
e176b665-91c8-51ad-9ea8-ea528cec9e35,1785390713404,sender -> receiver,0,True,1785390713444.0,40.0,0.0,False
37583e29-989f-5e44-85c4-36e6b9f5b8e6,1785390713408,sender -> receiver,0,True,1785390713451.0,43.0,0.0,False
4aed98c2-944f-54a8-81b2-f40fd04647a2,1785390713411,sender -> receiver,0,True,1785390713455.0,44.0,0.0,False
6de13bdf-ec31-57f8-96f7-6f4b25851a5b,1785390713414,sender -> receiver,0,True,1785390713459.0,45.0,0.0,False
079b4929-80fd-5b18-b50d-78f8f7883778,1785390713441,sender -> receiver,0,True,1785390713464.0,23.0,0.0,False
b86d5bc3-f99d-5d1a-aef9-ed0ce8d88329,1785390714384,sender -> receiver,0,True,1785390714303.0,-81.0,0.0,False
ccbf7764-a006-57a7-a456-057543c0d70d,1785390714387,sender -> receiver,0,True,1785390714311.0,-76.0,0.0,False
1d4bd8cf-7bc8-5c32-95e2-b0a450573e30,1785390714389,sender -> receiver,0,True,1785390714316.0,-73.0,0.0,False
fb9d9a52-d84b-547c-9e7b-9cd12b8c2276,1785390714391,sender -> receiver,0,True,1785390714321.0,-70.0,0.0,False
d00253e4-6c5c-50b6-af97-a37c5aed8f54,1785390714393,sender -> receiver,0,True,1785390714326.0,-67.0,0.0,False
38294655-9ee9-5cd8-b366-824340e13f95,1785390714397,sender -> receiver,0,True,1785390714331.0,-66.0,0.0,False
743c7742-8f9c-5dbe-bc1e-779ed407dedb,1785390715370,sender -> receiver,0,True,1785390715190.0,-180.0,0.0,False
0f44b7e6-6d99-5542-9c87-76d2788d3e30,1785390715415,sender -> receiver,0,True,1785390715203.0,-212.0,0.0,False
d8f1ca38-0312-5f9f-b15b-0acbe7e9f99b,1785390715416,sender -> receiver,0,True,1785390715210.0,-206.0,0.0,False
4b5a2612-7aad-5f42-9bb4-e56522e55805,1785390715417,sender -> receiver,0,True,1785390715237.0,-180.0,0.0,False
6436549e-467e-5f05-ad4e-9e8444abde3f,1785390715418,sender -> receiver,0,True,1785390715249.0,-169.0,0.0,False
b787d2f0-a2a2-5d88-94f7-7ae23cbe8ed4,1785390716360,sender -> receiver,0,True,1785390716189.0,-171.0,0.0,False
525f5ad4-a260-5cd4-8871-589228972bf4,1785390716382,sender -> receiver,0,True,1785390716197.0,-185.0,0.0,False
47b7a427-67f9-54f4-8b53-eeb8429734be,1785390716384,sender -> receiver,0,True,1785390716201.0,-183.0,0.0,False
95f4e5e6-6807-52dc-a8dd-193a6e5fa3f7,1785390716386,sender -> receiver,0,True,1785390716205.0,-181.0,0.0,False
30cc2a47-38f7-5b9e-95af-0830b2c16410,1785390716388,sender -> receiver,0,True,1785390716231.0,-157.0,0.0,False
555054be-288e-581d-85ec-e049807ea3a7,1785390717365,sender -> receiver,0,True,1785390717214.0,-151.0,0.0,False
c4e97654-cbe0-50f8-9b23-46155fb6695c,1785390717390,sender -> receiver,0,True,1785390717224.0,-166.0,0.0,False
50a79595-74a9-5e70-9d06-54f2d98eee32,1785390717393,sender -> receiver,0,True,1785390717229.0,-164.0,0.0,False
a9bc8e30-4a4d-53aa-846a-fe2690c7a08d,1785390717394,sender -> receiver,0,True,1785390717258.0,-136.0,0.0,False
a40b335b-f2d2-553d-8465-d4b66e3bb4bd,1785390717396,sender -> receiver,0,True,1785390717266.0,-130.0,0.0,False
5daf8140-4310-5e33-b5fc-f71ba4f378ad,1785390718365,sender -> receiver,0,True,1785390718182.0,-183.0,0.0,False
90c090a0-cce5-5421-bbe1-f89199fb53d0,1785390718370,sender -> receiver,0,True,1785390718219.0,-151.0,0.0,False
6c37a56d-cb71-52d0-8871-393a6ca7a205,1785390718416,sender -> receiver,0,True,1785390718224.0,-192.0,0.0,False
713963d7-003d-56f7-955a-293d4d7e03f3,1785390718422,sender -> receiver,0,True,1785390718313.0,-109.0,0.0,False
fbbd42eb-750d-55b1-8629-600ffdc0eb9e,1785390718432,sender -> receiver,0,True,1785390718319.0,-113.0,0.0,False
b18dd86d-1b96-5958-b387-f3cb7a0cdf6b,1785390718436,sender -> receiver,0,True,1785390718323.0,-113.0,0.0,False
039e395a-c98f-5931-96f8-f028f89beab5,1785390719363,sender -> receiver,0,True,1785390719193.0,-170.0,0.0,False
4ba0cea6-ad4f-5aff-aaab-e686e3ac4075,1785390719364,sender -> receiver,0,True,1785390719202.0,-162.0,0.0,False
cdc94e83-d34c-5c86-b38d-3be3af1d97bf,1785390719364,sender -> receiver,0,True,1785390719206.0,-158.0,0.0,False
ad210e34-a324-56b6-9fef-5c48908d037b,1785390719364,sender -> receiver,0,True,1785390719240.0,-124.0,0.0,False
5db7378a-657f-5428-adb1-52b6571151f3,1785390719365,sender -> receiver,0,True,1785390719245.0,-120.0,0.0,False
1f5bfe75-301d-53a3-b259-943518cd0084,1785390720384,sender -> receiver,0,True,1785390720203.0,-181.0,0.0,False
240f41ff-bbf9-5aa8-92a3-e0107f68b891,1785390720418,sender -> receiver,0,True,1785390720210.0,-208.0,0.0,False
747b5aa9-eae9-5367-a32e-13a0450a220e,1785390720422,sender -> receiver,0,True,1785390720245.0,-177.0,0.0,False
72869fde-17a7-5b02-b064-6d14d9b4ba54,1785390720424,sender -> receiver,0,True,1785390720250.0,-174.0,0.0,False
952b6a17-1992-55ac-aff4-24d49195e812,1785390720428,sender -> receiver,0,True,1785390720257.0,-171.0,0.0,False
12131e07-902e-5799-a1ac-4f3d4c0ebf31,1785390721380,sender -> receiver,0,True,1785390721191.0,-189.0,0.0,False
a570727c-f39b-5613-881f-42b71cf3e331,1785390721418,sender -> receiver,0,True,1785390721224.0,-194.0,0.0,False
556cd62f-f7c9-52e5-824a-91463d6c3652,1785390721423,sender -> receiver,0,True,1785390721230.0,-193.0,0.0,False
cf15dc85-c2eb-5456-8c45-6a158ac6c215,1785390721427,sender -> receiver,0,True,1785390721241.0,-186.0,0.0,False
87c776ca-1906-5690-9210-b932f0440f5d,1785390721453,sender -> receiver,0,True,1785390721245.0,-208.0,0.0,False
d25d9849-9eee-5357-a01c-0d8fdcd31546,1785390722371,sender -> receiver,0,True,1785390722249.0,-122.0,0.0,False
920e9991-c603-5b48-9509-0bac15d19872,1785390722407,sender -> receiver,0,True,1785390722252.0,-155.0,0.0,False
e521dd48-296d-5d7e-a376-fbed511e3bf2,1785390722413,sender -> receiver,0,True,1785390722254.0,-159.0,0.0,False
120fc72c-ae1f-51df-84d9-2bfed937e45e,1785390722417,sender -> receiver,0,True,1785390722258.0,-159.0,0.0,False
4de520e3-b94e-5da4-b21b-1f1b1f0fc41a,1785390722421,sender -> receiver,0,True,1785390722261.0,-160.0,0.0,False
1884fc75-693e-52d2-ac50-88c96a07da25,1785390722426,sender -> receiver,0,True,1785390722263.0,-163.0,0.0,False
6d91bfd4-4c6a-578c-b67b-51e2ae5acd89,1785390723414,sender -> receiver,0,True,1785390723290.0,-124.0,0.0,False
1945c569-d3f2-5422-bb18-23b86c06d3c6,1785390723418,sender -> receiver,0,True,1785390723298.0,-120.0,0.0,False
a801b3e4-d538-5e80-a5ac-6bbff4e5733e,1785390723421,sender -> receiver,0,True,1785390723302.0,-119.0,0.0,False
51032db0-8a65-5011-a80b-238eb69d1c30,1785390723425,sender -> receiver,0,True,1785390723307.0,-118.0,0.0,False
9906434f-b512-5cac-9aa8-8632b0c53a0c,1785390723450,sender -> receiver,0,True,1785390723312.0,-138.0,0.0,False
c8e9dc45-2a80-5137-ac5b-1aa577022e27,1785390724376,sender -> receiver,0,True,1785390724190.0,-186.0,0.0,False
65ce7712-4d98-5827-abd1-57c0c4c4c4b1,1785390724412,sender -> receiver,0,True,1785390724199.0,-213.0,0.0,False
f16ea2a8-3e6f-5781-a2ac-10b2930f9dbd,1785390724416,sender -> receiver,0,True,1785390724235.0,-181.0,0.0,False
4f868049-9ae7-5a9d-a67b-0adb4165995d,1785390724418,sender -> receiver,0,True,1785390724245.0,-173.0,0.0,False
2e7279fd-d039-5583-979a-82074597729c,1785390724421,sender -> receiver,0,True,1785390724251.0,-170.0,0.0,False
a81cde27-093f-5f39-9d62-f7be41b2d5fb,1785390725365,sender -> receiver,0,True,1785390725483.0,118.0,0.0,False
ff98aa84-0af8-5fb1-8b49-cc5b37c5ac62,1785390725404,sender -> receiver,0,True,1785390725491.0,87.0,0.0,False
5d40a400-bbb8-5013-9083-1087cb4d151a,1785390725410,sender -> receiver,0,True,1785390725558.0,148.0,0.0,False
d383ada6-cd15-5b48-8d1b-0f137cc9b7d9,1785390725412,sender -> receiver,0,True,1785390725562.0,150.0,0.0,False
15f4b69e-3e78-5d43-82fe-3b92acfae634,1785390725415,sender -> receiver,0,True,1785390725567.0,152.0,0.0,False
f13fdab4-8856-510e-9af1-3fe4f28256d0,1785390726360,sender -> receiver,0,True,1785390726540.0,180.0,0.0,False
ad3c1ea3-a8c1-5f3d-98c4-e06a42a0bacd,1785390726363,sender -> receiver,0,True,1785390726542.0,179.0,0.0,False
49d88237-4606-5ff9-9d1a-e0f00e9039c2,1785390726388,sender -> receiver,0,True,1785390726545.0,157.0,0.0,False
d14ee0eb-cc57-53a4-ac75-fef0f7fbf813,1785390726391,sender -> receiver,0,True,1785390726611.0,220.0,0.0,False
5d96a2b1-f2e1-5fb2-8f74-6f41651d6cf6,1785390726394,sender -> receiver,0,True,1785390726616.0,222.0,0.0,False
1470f46b-e03f-5e75-b6df-65f10fa7afd1,1785390726398,sender -> receiver,0,True,1785390726627.0,229.0,0.0,False
375e7c5e-0730-5b7d-9932-3384da02d3a9,1785390727361,sender -> receiver,0,True,1785390727576.0,215.0,0.0,False
c5d81688-0d70-5492-a899-7c4f0dffcef3,1785390727365,sender -> receiver,0,True,1785390727581.0,216.0,0.0,False
da30dffe-d48c-57fa-9ea7-31db9ccd1a28,1785390727397,sender -> receiver,0,True,1785390727586.0,189.0,0.0,False
99c06ce4-1d73-5046-97d7-5158c801a847,1785390727401,sender -> receiver,0,True,1785390727632.0,231.0,0.0,False
c82d2741-f986-5ceb-8513-97eee2078247,1785390727405,sender -> receiver,0,True,1785390727636.0,231.0,0.0,False
83ba7ac9-12c6-5fdb-bee3-1a1706956e33,1785390728375,sender -> receiver,0,True,1785390728488.0,113.0,0.0,False
e5e14c3d-dd07-54f9-98ec-b036b74e0bac,1785390728415,sender -> receiver,0,True,1785390728496.0,81.0,0.0,False
189e58f0-e83a-5b11-bdbe-e78930e084b0,1785390728419,sender -> receiver,0,True,1785390728616.0,197.0,0.0,False
fed66334-bf67-504d-98ef-b1a91eac7832,1785390728423,sender -> receiver,0,True,1785390728623.0,200.0,0.0,False
70b12f12-001b-584c-a424-0c3c1bef7fbc,1785390728427,sender -> receiver,0,True,1785390728631.0,204.0,0.0,False
d064a19f-279b-5dde-8277-1bb51cb594e0,1785390729377,sender -> receiver,0,True,1785390729226.0,-151.0,0.0,False
33ebf977-9721-53a3-aeef-d675a7671f88,1785390729412,sender -> receiver,0,True,1785390729230.0,-182.0,0.0,False
922f3ede-1a37-50af-b732-e8baf16f1d63,1785390729416,sender -> receiver,0,True,1785390729252.0,-164.0,0.0,False
208efd91-5236-5327-bbbf-6acfcb616443,1785390729420,sender -> receiver,0,True,1785390729254.0,-166.0,0.0,False
d2c03ae4-52d2-5886-aff3-b1d893b12de4,1785390729424,sender -> receiver,0,True,1785390729256.0,-168.0,0.0,False
fc7b27da-c1b1-54e4-bd85-b2c2c00bffbc,1785390771045,sender -> receiver,0,True,1785390770932.0,-113.0,0.0,False
4630c13b-1a62-524a-8e6f-504e04da79f1,1785390771047,sender -> receiver,0,True,1785390770940.0,-107.0,0.0,False
3c146909-ad63-5984-9e5d-32001e0cc2eb,1785390771050,sender -> receiver,0,True,1785390770944.0,-106.0,0.0,False
162d1954-f5f7-5dab-a979-6e040b6cddfe,1785390771052,sender -> receiver,0,True,1785390770948.0,-104.0,0.0,False
021d606a-872d-51d1-9f5e-2385fd9385a5,1785390772046,sender -> receiver,0,True,1785390771894.0,-152.0,0.0,False
3755c650-0cf4-58b8-8ee6-3d25277e58b0,1785390772050,sender -> receiver,0,True,1785390771899.0,-151.0,0.0,False
f5fc1bd9-54bb-51f9-83f4-a142b16c8a07,1785390772053,sender -> receiver,0,True,1785390771906.0,-147.0,0.0,False
93098084-364d-590b-beac-ab82ff2b9eef,1785390772057,sender -> receiver,0,True,1785390771916.0,-141.0,0.0,False
a0c8500f-6261-53bd-aaed-3082d9fb6d7e,1785390773046,sender -> receiver,0,True,1785390772923.0,-123.0,0.0,False
d3a0d75d-6aba-5cfb-b5c1-203c636560a3,1785390773049,sender -> receiver,0,True,1785390772926.0,-123.0,0.0,False
2fd8ca71-450d-5ca2-a914-dcaaf5f767f7,1785390773052,sender -> receiver,0,True,1785390772928.0,-124.0,0.0,False
b32556be-460e-55ba-8786-ac43a57dd301,1785390773073,sender -> receiver,0,True,1785390772933.0,-140.0,0.0,False
4f33c890-fd69-5459-baa9-942c12ec33fe,1785390774045,sender -> receiver,0,True,1785390773952.0,-93.0,0.0,False
ae168f24-d4f8-5372-91a2-f00113786f03,1785390774049,sender -> receiver,0,True,1785390773959.0,-90.0,0.0,False
f7e74fd5-e790-5aa7-80b4-d527c5768861,1785390774054,sender -> receiver,0,True,1785390773969.0,-85.0,0.0,False
114d4f04-5c4d-59bb-af4f-0f0fe293a5bf,1785390774092,sender -> receiver,0,True,1785390774011.0,-81.0,0.0,False
bc833e14-5500-58b9-a9f8-3b404d8b036a,1785390775044,sender -> receiver,0,True,1785390774872.0,-172.0,0.0,False
0edc1a32-4767-5d6e-854d-112d8eb3a27e,1785390775049,sender -> receiver,0,True,1785390774886.0,-163.0,0.0,False
996db404-31b0-50a1-a9f0-e223c11965a7,1785390775086,sender -> receiver,0,True,1785390774892.0,-194.0,0.0,False
ebea723b-59e8-50cd-9702-6265958c82c0,1785390775091,sender -> receiver,0,True,1785390774938.0,-153.0,0.0,False
edba01b7-2610-5e8c-8a86-8a0eff0340c8,1785390776059,sender -> receiver,0,True,1785390775906.0,-153.0,0.0,False
f773b0f5-bd42-5ee0-a335-c262240b9520,1785390776062,sender -> receiver,0,True,1785390775917.0,-145.0,0.0,False
f6c0309f-6468-5958-a098-57e4377eba2a,1785390776083,sender -> receiver,0,True,1785390775922.0,-161.0,0.0,False
c274d458-2f19-56be-9a69-81aca7f09686,1785390776086,sender -> receiver,0,True,1785390775926.0,-160.0,0.0,False
367b2d34-2c4a-5c93-878c-bf9ffaf8aad1,1785390777066,sender -> receiver,0,True,1785390776895.0,-171.0,0.0,False
5cda71d8-f05c-590c-8dbf-b96db1aa2b4f,1785390777070,sender -> receiver,0,True,1785390776904.0,-166.0,0.0,False
b4e2390f-6c67-5fcf-9443-d6d5f7c15723,1785390777073,sender -> receiver,0,True,1785390776908.0,-165.0,0.0,False
0f4ea45a-68a7-5e1a-9d70-7d200f6db7f9,1785390777076,sender -> receiver,0,True,1785390776912.0,-164.0,0.0,False
724f67ce-fdb3-527f-9a51-60cbab4590ca,1785390778044,sender -> receiver,0,True,1785390777895.0,-149.0,0.0,False
d1a34e16-fd46-5535-a3ef-dea13e6b3452,1785390778046,sender -> receiver,0,True,1785390777903.0,-143.0,0.0,False
a66a99be-2cda-5417-a1a9-2ce2f2039006,1785390778048,sender -> receiver,0,True,1785390777908.0,-140.0,0.0,False
d8ce8797-bf3a-5849-83a2-220d0c0780ed,1785390778051,sender -> receiver,0,True,1785390777912.0,-139.0,0.0,False
9af1c92c-0882-5018-b9b5-d7c66ec8ea05,1785390779043,sender -> receiver,0,True,1785390778941.0,-102.0,0.0,False
d33633e3-367f-556c-a8f6-9bfba82b1235,1785390779045,sender -> receiver,0,True,1785390778948.0,-97.0,0.0,False
59532739-3951-5b75-8681-2aa9e1c5dc6f,1785390779047,sender -> receiver,0,True,1785390778962.0,-85.0,0.0,False
2a1f70d9-61b5-5d77-a290-2b1255a7fc13,1785390779049,sender -> receiver,0,True,1785390778987.0,-62.0,0.0,False
a86c04cd-d1ee-5c72-8a40-2aa5312dcb37,1785390780053,sender -> receiver,0,True,1785390779937.0,-116.0,0.0,False
b3869ec5-a192-526f-952d-031fceece98b,1785390780055,sender -> receiver,0,True,1785390779939.0,-116.0,0.0,False
01275216-720c-52f6-afef-b788d3f44980,1785390780058,sender -> receiver,0,True,1785390779943.0,-115.0,0.0,False
8ec3fb0d-fdd9-5056-8a48-8feacc9fc294,1785390780060,sender -> receiver,0,True,1785390779947.0,-113.0,0.0,False
375ca5c7-3b59-58a4-9143-9e2f5fd58a85,1785390781045,sender -> receiver,0,True,1785390780844.0,-201.0,0.0,False
f2967af5-a787-5850-b75f-688ed9f80e07,1785390781047,sender -> receiver,0,True,1785390780852.0,-195.0,0.0,False
cc2956b5-1568-5730-b013-e8189b1b8976,1785390781072,sender -> receiver,0,True,1785390780882.0,-190.0,0.0,False
e3fe7421-66c1-56b1-b4d6-bdb81695d319,1785390781075,sender -> receiver,0,True,1785390780927.0,-148.0,0.0,False
6bfeb1f6-b314-563d-bfed-67e362083e76,1785390782048,sender -> receiver,0,True,1785390781953.0,-95.0,0.0,False
39404679-61fe-516d-bb6b-c231a0605a5e,1785390782051,sender -> receiver,0,True,1785390781961.0,-90.0,0.0,False
e4395412-f3ec-58c9-9ea6-91632eadd158,1785390782054,sender -> receiver,0,True,1785390781963.0,-91.0,0.0,False
95a2c0de-27b4-5d8d-8542-7409d589bd03,1785390782058,sender -> receiver,0,True,1785390781966.0,-92.0,0.0,False
662a4995-3a69-59d0-af0d-f2b0bd49eda5,1785390783061,sender -> receiver,0,True,1785390782880.0,-181.0,0.0,False
d204eb2c-c7ea-539a-9f39-00ab45ec2504,1785390783065,sender -> receiver,0,True,1785390782895.0,-170.0,0.0,False
2f877e19-e1c8-5276-8c69-2a868466ae99,1785390783068,sender -> receiver,0,True,1785390782910.0,-158.0,0.0,False
24d406df-c671-5917-9fba-93ad63765e97,1785390783072,sender -> receiver,0,True,1785390782916.0,-156.0,0.0,False
34828f9d-7177-5a6b-b7ce-558efd6ad8ab,1785390784055,sender -> receiver,0,True,1785390783862.0,-193.0,0.0,False
5ca55246-2a45-5b8e-8722-abd66501c7a7,1785390784058,sender -> receiver,0,True,1785390783873.0,-185.0,0.0,False
528154c0-5a12-5aff-9b4c-96851fbc0fb0,1785390784062,sender -> receiver,0,True,1785390783878.0,-184.0,0.0,False
6e0f60bd-9a6c-5167-b526-0aaa93994753,1785390784066,sender -> receiver,0,True,1785390783884.0,-182.0,0.0,False
874f61b9-15d9-544e-9ee4-15bbf8dd419c,1785390785051,sender -> receiver,0,True,1785390784852.0,-199.0,0.0,False
f08b646c-efef-5ab2-a327-1d3c6573e224,1785390785055,sender -> receiver,0,True,1785390784865.0,-190.0,0.0,False
a36b8b81-1817-56b6-870e-54475e212763,1785390785060,sender -> receiver,0,True,1785390784871.0,-189.0,0.0,False
d880ab4a-67fb-52e5-a985-9946f9e3632e,1785390785064,sender -> receiver,0,True,1785390784908.0,-156.0,0.0,False
bd825081-60ee-51ed-a513-b8f0c2444c76,1785390786056,sender -> receiver,0,True,1785390785885.0,-171.0,0.0,False
72e66b92-340e-5978-908a-a0c133260991,1785390786059,sender -> receiver,0,True,1785390785897.0,-162.0,0.0,False
e44ebb8c-e4e4-5a59-aa27-d0e5ab4cf1dc,1785390786062,sender -> receiver,0,True,1785390785902.0,-160.0,0.0,False
303fe641-7447-55c6-ad5f-618c00d7d585,1785390786066,sender -> receiver,0,True,1785390785907.0,-159.0,0.0,False
3add1d8f-a6ac-5f14-952d-188b96da3564,1785390787058,sender -> receiver,0,True,1785390786872.0,-186.0,0.0,False
3ed3a806-8b78-526b-bd26-8ead8f8da8ec,1785390787062,sender -> receiver,0,True,1785390786882.0,-180.0,0.0,False
04ede366-587d-5c30-a70c-f67c2afefd3e,1785390787087,sender -> receiver,0,True,1785390786887.0,-200.0,0.0,False
fa11756b-a4d1-5702-a9af-9c0099ff92e4,1785390787092,sender -> receiver,0,True,1785390786920.0,-172.0,0.0,False
db5e0141-c00f-5a46-becc-ed5f56227ac8,1785390788041,sender -> receiver,0,True,1785390787869.0,-172.0,0.0,False
e3cfefcb-dfd0-5e88-ad2e-307be3a2b2c1,1785390788055,sender -> receiver,0,True,1785390787871.0,-184.0,0.0,False
bd333bff-e02f-5cb9-bfd7-d15568e23b61,1785390788058,sender -> receiver,0,True,1785390787884.0,-174.0,0.0,False
0907e9c2-c06c-553e-a745-22b95fcc5e1d,1785390788060,sender -> receiver,0,True,1785390787886.0,-174.0,0.0,False
912e8612-67f1-53e0-9e40-e5a5217c0251,1785390789044,sender -> receiver,0,True,1785390788909.0,-135.0,0.0,False
3a09d72c-8233-5c96-a510-a7936a595971,1785390789046,sender -> receiver,0,True,1785390788915.0,-131.0,0.0,False
ac0eca55-62c1-5dd6-90f0-7d97940f0625,1785390789048,sender -> receiver,0,True,1785390788920.0,-128.0,0.0,False
77ef3889-0113-53cb-b3d6-bccad7e940d1,1785390789050,sender -> receiver,0,True,1785390788925.0,-125.0,0.0,False
9ffd65b6-1c7c-5238-ac61-ec3f20e83ba7,1785390790059,sender -> receiver,0,True,1785390789934.0,-125.0,0.0,False
85e6bcfa-4f99-5fee-a713-13ea42350f6e,1785390790064,sender -> receiver,0,True,1785390789942.0,-122.0,0.0,False
7ae9293e-95a6-5a5f-9f4d-a654e0b1b8ac,1785390790067,sender -> receiver,0,True,1785390789946.0,-121.0,0.0,False
b2fa9478-a8da-5f12-96d5-d26a25f9e6ca,1785390790071,sender -> receiver,0,True,1785390789951.0,-120.0,0.0,False
1020a5f8-66e8-5b43-916a-b74f7c79d7a1,1785390791044,sender -> receiver,0,True,1785390790925.0,-119.0,0.0,False
f245789f-847b-5eea-af01-815bbb7a13e8,1785390791047,sender -> receiver,0,True,1785390790928.0,-119.0,0.0,False
273a37ab-9290-5442-8b3b-32587d76140d,1785390791050,sender -> receiver,0,True,1785390790930.0,-120.0,0.0,False
da24790a-4656-5579-bfa0-6aaadfb7b301,1785390791064,sender -> receiver,0,True,1785390790934.0,-130.0,0.0,False
faa67dc1-6163-5367-b2dd-851cee3032bc,1785390792056,sender -> receiver,0,True,1785390791923.0,-133.0,0.0,False
f41af381-5589-5e2e-a92a-e5bfa533b3a2,1785390792086,sender -> receiver,0,True,1785390791928.0,-158.0,0.0,False
3af5d281-8d73-5b11-81d7-519f3464fa05,1785390792090,sender -> receiver,0,True,1785390791976.0,-114.0,0.0,False
4e59f031-a71a-5d71-92e8-593eaab3f2f8,1785390792093,sender -> receiver,0,True,1785390791981.0,-112.0,0.0,False
de5609c0-b039-525e-a131-5471c8e2eb40,1785390793049,sender -> receiver,0,True,1785390792863.0,-186.0,0.0,False
6d8438e7-8cd9-5d7b-a742-4a2ce370d7b0,1785390793053,sender -> receiver,0,True,1785390792868.0,-185.0,0.0,False
692d36b9-6c91-5ebe-90a3-b4c2abc22d69,1785390793058,sender -> receiver,0,True,1785390792879.0,-179.0,0.0,False
9bfdcb5f-7c41-5ed8-a4df-ce53c38769ac,1785390793062,sender -> receiver,0,True,1785390792885.0,-177.0,0.0,False
48594c6f-c01a-571a-872f-eaecc625a15b,1785390794047,sender -> receiver,0,True,1785390793917.0,-130.0,0.0,False
83c46d0e-1c97-5201-beca-4c16f544be0f,1785390794050,sender -> receiver,0,True,1785390793923.0,-127.0,0.0,False
1a17684e-b3a7-51ff-ba0c-6700ae755cd8,1785390794052,sender -> receiver,0,True,1785390793933.0,-119.0,0.0,False
5fca1410-c8f4-5f88-908d-363fde83d73e,1785390794055,sender -> receiver,0,True,1785390793938.0,-117.0,0.0,False
7c3a62eb-1de4-5d91-b3e7-903ebf7bd32d,1785390795041,sender -> receiver,0,True,1785390794886.0,-155.0,0.0,False
a478d279-c206-5f91-bb81-4a5ae71f17d1,1785390795042,sender -> receiver,0,True,1785390794898.0,-144.0,0.0,False
4cef3dde-ada9-5320-8afa-11e238ed6ea8,1785390795044,sender -> receiver,0,True,1785390794904.0,-140.0,0.0,False
6740837d-1595-51fc-b9c3-6b00fb1526c1,1785390795045,sender -> receiver,0,True,1785390794934.0,-111.0,0.0,False
3d45614c-70e4-5f52-8ef6-0805aa15e677,1785390835186,sender -> receiver,0,True,1785390834978.0,-208.0,0.0,False
bb7b93a9-bf18-57cd-8131-86689507b6ce,1785390835191,sender -> receiver,0,True,1785390835038.0,-153.0,0.0,False
81ea286e-8785-589d-b44f-a351e1862d58,1785390835194,sender -> receiver,0,True,1785390835047.0,-147.0,0.0,False
8018bf70-7c6e-57bb-b608-152c84dc92ee,1785390835199,sender -> receiver,0,True,1785390835055.0,-144.0,0.0,False
151928c0-90b6-5486-96bc-4c8b1f161075,1785390836177,sender -> receiver,0,True,1785390836077.0,-100.0,0.0,False
7903565d-58ca-5d17-9490-c93c261541c7,1785390836180,sender -> receiver,0,True,1785390836082.0,-98.0,0.0,False
5e76a677-8bd8-5a3d-9a27-ad86d2be985f,1785390836200,sender -> receiver,0,True,1785390836087.0,-113.0,0.0,False
f7240c6f-b92a-50b7-8222-5e4629cbefff,1785390836202,sender -> receiver,0,True,1785390836092.0,-110.0,0.0,False
8f3fdbfb-1b36-514c-9383-6473d41c4999,1785390837175,sender -> receiver,0,True,1785390837040.0,-135.0,0.0,False
dde360b5-92b0-5961-865e-cc4fe05a3e78,1785390837178,sender -> receiver,0,True,1785390837046.0,-132.0,0.0,False
3a480b8f-de28-5522-8f0a-f1a899aee118,1785390837181,sender -> receiver,0,True,1785390837106.0,-75.0,0.0,False
7d8ff47b-9310-5e94-a5df-efc6db73b96e,1785390837182,sender -> receiver,0,True,1785390837110.0,-72.0,0.0,False
8246c3a4-1e21-584d-b6e3-aca910e2c526,1785390838172,sender -> receiver,0,True,1785390838020.0,-152.0,0.0,False
dae56ceb-55e9-5ff3-b44c-16f74fed3387,1785390838175,sender -> receiver,0,True,1785390838026.0,-149.0,0.0,False
71b31688-7b2a-5a94-a9d8-a9d6b7ae813c,1785390838196,sender -> receiver,0,True,1785390838034.0,-162.0,0.0,False
cf9e9a4f-e8dd-581e-bf04-f87c228c7f34,1785390838199,sender -> receiver,0,True,1785390838041.0,-158.0,0.0,False
ce1ef1b5-a311-52d2-ba05-448183647520,1785390839186,sender -> receiver,0,True,1785390838992.0,-194.0,0.0,False
88b6de19-279a-5bdd-be76-523032ee972b,1785390839189,sender -> receiver,0,True,1785390839071.0,-118.0,0.0,False
de1e67d7-fd47-5ef8-b872-769d9cf2e041,1785390839192,sender -> receiver,0,True,1785390839076.0,-116.0,0.0,False
1f45162f-61be-5576-a56d-48af627108d0,1785390839196,sender -> receiver,0,True,1785390839081.0,-115.0,0.0,False
791c5875-712e-59ef-917d-9750ad03f4d7,1785390840172,sender -> receiver,0,True,1785390839993.0,-179.0,0.0,False
9bc78b0f-7e07-5b2a-93b6-e551cc6c3472,1785390840176,sender -> receiver,0,True,1785390840003.0,-173.0,0.0,False
7c3cc6f8-822b-5f67-822a-a57aa9d36725,1785390840182,sender -> receiver,0,True,1785390840006.0,-176.0,0.0,False
e83a26b1-477c-599d-bf6b-5ce35bc27812,1785390840185,sender -> receiver,0,True,1785390840009.0,-176.0,0.0,False
ebdfaa3c-7c5f-5944-bf90-439b4e7fa0fa,1785390841169,sender -> receiver,0,True,1785390840966.0,-203.0,0.0,False
9502071d-1195-5379-9c8d-871af0631184,1785390841172,sender -> receiver,0,True,1785390840978.0,-194.0,0.0,False
b195487d-7340-56b3-b76a-bb2a67e60350,1785390841174,sender -> receiver,0,True,1785390840986.0,-188.0,0.0,False
34f08d79-0d59-5e58-9658-0158fd79ec0b,1785390842226,sender -> receiver,0,True,1785390841998.0,-228.0,0.0,False
8f6ebf67-e12b-5cf9-a484-1f3c90dc0a70,1785390842231,sender -> receiver,0,True,1785390842049.0,-182.0,0.0,False
1d8a1d99-5a4b-54f3-a6a2-109bb887fd9f,1785390842235,sender -> receiver,0,True,1785390842107.0,-128.0,0.0,False
adfdbc06-c56f-55f6-81d7-6ffa4576035a,1785390842239,sender -> receiver,0,True,1785390842112.0,-127.0,0.0,False
eb3fff85-2923-5a49-ad78-fd02b7d44889,1785390843177,sender -> receiver,0,True,1785390843016.0,-161.0,0.0,False
7d8cd074-167a-5926-9c5f-11c7150588aa,1785390843177,sender -> receiver,0,True,1785390843023.0,-154.0,0.0,False
91d96961-6fbc-57b4-9bda-d53b240ecdc0,1785390843178,sender -> receiver,0,True,1785390843031.0,-147.0,0.0,False
6ca251bd-f427-58db-b742-c64ef26e842a,1785390843178,sender -> receiver,0,True,1785390843038.0,-140.0,0.0,False
ca80014c-8c71-5c2c-a879-7456770630b9,1785390844184,sender -> receiver,0,True,1785390844018.0,-166.0,0.0,False
be26edfe-b6c5-5416-8079-715887bb68b9,1785390844185,sender -> receiver,0,True,1785390844021.0,-164.0,0.0,False
4f4876ec-f7f4-5e6f-89fe-538e1dbf901c,1785390844186,sender -> receiver,0,True,1785390844023.0,-163.0,0.0,False
ac0314a3-9558-5491-9dfa-7be142bb6dee,1785390844187,sender -> receiver,0,True,1785390844028.0,-159.0,0.0,False
3db2c71d-5fd0-5e79-b593-ffd06b20d4db,1785390845171,sender -> receiver,0,True,1785390844983.0,-188.0,0.0,False
956d785b-a96e-5d85-8f44-4cbfa8ba5b5a,1785390845174,sender -> receiver,0,True,1785390844989.0,-185.0,0.0,False
02fe14bf-70f2-571b-915f-2cc4cf4094d1,1785390845176,sender -> receiver,0,True,1785390844995.0,-181.0,0.0,False
1a1fdccc-7264-5f87-8ab5-2dfc5408a017,1785390845179,sender -> receiver,0,True,1785390845019.0,-160.0,0.0,False
d35b2a35-25bc-5267-999d-e5a2b40dcab5,1785390846192,sender -> receiver,0,True,1785390846014.0,-178.0,0.0,False
4e580265-e737-5ad4-9764-57ff10c51297,1785390846197,sender -> receiver,0,True,1785390846019.0,-178.0,0.0,False
ae100e4f-78a4-52fb-8b52-fd9b64b43874,1785390846203,sender -> receiver,0,True,1785390846077.0,-126.0,0.0,False
37ac1bdc-80cf-58a0-b0ac-14bada4dee94,1785390846234,sender -> receiver,0,True,1785390846085.0,-149.0,0.0,False
3c8d1c8b-6805-5e0c-ac95-b341393f5015,1785390847177,sender -> receiver,0,True,1785390847018.0,-159.0,0.0,False
e2999d34-3caf-53d9-a051-898603caedd3,1785390847183,sender -> receiver,0,True,1785390847020.0,-163.0,0.0,False
14ef6556-40eb-5373-8a15-db4b47e0f444,1785390847187,sender -> receiver,0,True,1785390847022.0,-165.0,0.0,False
81d105f3-e167-52e1-b4e4-1e938459c7ee,1785390848181,sender -> receiver,0,True,1785390847997.0,-184.0,0.0,False
e5dc2844-31e4-5e98-919d-34433881c89d,1785390848182,sender -> receiver,0,True,1785390848010.0,-172.0,0.0,False
65c66c09-4e6e-5577-a57a-6c9717468b07,1785390848183,sender -> receiver,0,True,1785390848019.0,-164.0,0.0,False
c20ab836-b065-5bce-9d65-44e19b2f70da,1785390848184,sender -> receiver,0,True,1785390848029.0,-155.0,0.0,False
7b56e6f3-ee25-5c91-8e9c-60407d3ea673,1785390849177,sender -> receiver,0,True,1785390848982.0,-195.0,0.0,False
2f95508d-45e9-55c8-8fd1-b3086dd01ff8,1785390849183,sender -> receiver,0,True,1785390848991.0,-192.0,0.0,False
f733c452-4aaa-5b3c-9a47-a6fcad7f437e,1785390849186,sender -> receiver,0,True,1785390849046.0,-140.0,0.0,False
b1b2ce9f-2d11-50bf-afe8-bbd9c4454eb0,1785390849189,sender -> receiver,0,True,1785390849052.0,-137.0,0.0,False
7a7ddc10-b0fa-51b9-9239-2e699a072c83,1785390850176,sender -> receiver,0,True,1785390850017.0,-159.0,0.0,False
7e8dd6a5-2437-5dc5-87b7-b2a02c26eafe,1785390850179,sender -> receiver,0,True,1785390850025.0,-154.0,0.0,False
573eaab9-152c-5d16-b8d8-bcc593efd084,1785390850182,sender -> receiver,0,True,1785390850035.0,-147.0,0.0,False
93d64626-d6fe-59b7-bcba-ba86053b5af2,1785390850184,sender -> receiver,0,True,1785390850042.0,-142.0,0.0,False
95589c57-23d0-525a-96c4-d0c0e3943c31,1785390851166,sender -> receiver,0,True,1785390851006.0,-160.0,0.0,False
7f5d88d8-6b9c-5fbd-b697-752a4d1c1e47,1785390851168,sender -> receiver,0,True,1785390851021.0,-147.0,0.0,False
96694a76-fe74-5e4f-9175-2bc87ce2090e,1785390851169,sender -> receiver,0,True,1785390851028.0,-141.0,0.0,False
266da78c-88cb-54dc-8685-44e5e49e1554,1785390851171,sender -> receiver,0,True,1785390851034.0,-137.0,0.0,False
9528e147-cec8-5688-84c7-6564cde69d0d,1785390852187,sender -> receiver,0,True,1785390852004.0,-183.0,0.0,False
9ffabf50-fb2d-53a9-bdc2-e421c16d35d2,1785390852191,sender -> receiver,0,True,1785390852010.0,-181.0,0.0,False
9560ed41-bb16-5c3d-81b6-63046206f9bb,1785390852193,sender -> receiver,0,True,1785390852036.0,-157.0,0.0,False
46e943a9-780b-5d1c-9fe6-53059c40af9a,1785390852195,sender -> receiver,0,True,1785390852043.0,-152.0,0.0,False
dad15976-1c9e-5289-a6bf-73b58db98e43,1785390853194,sender -> receiver,0,True,1785390853035.0,-159.0,0.0,False
417ea233-3a08-5b4b-a56b-a45bb27f711d,1785390853199,sender -> receiver,0,True,1785390853058.0,-141.0,0.0,False
868ec27b-583b-59d8-acee-d5672d573785,1785390853227,sender -> receiver,0,True,1785390853062.0,-165.0,0.0,False
b01c90ac-ce20-51ad-962f-3e3d8ac3109d,1785390853231,sender -> receiver,0,True,1785390853134.0,-97.0,0.0,False
ab07f4b3-e6ce-5407-b9c4-df144c4a74d0,1785390854176,sender -> receiver,0,True,1785390854020.0,-156.0,0.0,False
4ede72e6-1391-5f14-a362-cc2712ebbf7a,1785390854183,sender -> receiver,0,True,1785390854026.0,-157.0,0.0,False
8082e85f-16dd-5700-93ac-00526858900b,1785390854192,sender -> receiver,0,True,1785390854032.0,-160.0,0.0,False
f4a92dc8-cd2a-5ffb-836d-d8254c1e236d,1785390855194,sender -> receiver,0,True,1785390855015.0,-179.0,0.0,False
87a9475c-6b2d-5687-84b4-aedb4c5d7f6b,1785390855199,sender -> receiver,0,True,1785390855028.0,-171.0,0.0,False
aa51b59b-0e92-5817-a54b-1a68d414ef39,1785390855205,sender -> receiver,0,True,1785390855034.0,-171.0,0.0,False
70148fa0-cc0d-50c7-91b4-584489ddef48,1785390855210,sender -> receiver,0,True,1785390855090.0,-120.0,0.0,False
777c8969-3123-5e09-b4d0-78f3025b8f45,1785390856178,sender -> receiver,0,True,1785390856032.0,-146.0,0.0,False
cb680522-7d3c-5248-92d4-655a4b51217b,1785390856183,sender -> receiver,0,True,1785390856041.0,-142.0,0.0,False
5424b4a4-5c53-537c-a850-ddcccadce884,1785390856186,sender -> receiver,0,True,1785390856049.0,-137.0,0.0,False
01012191-8d92-554c-b34d-88691519fd93,1785390856190,sender -> receiver,0,True,1785390856056.0,-134.0,0.0,False
382b987c-8c55-5dde-9e09-35c2b64624f4,1785390857181,sender -> receiver,0,True,1785390856993.0,-188.0,0.0,False
d139e16a-a378-5e30-9dff-e2c8df4c20ac,1785390857183,sender -> receiver,0,True,1785390856995.0,-188.0,0.0,False
59606962-2061-5437-8677-a638c677202b,1785390857185,sender -> receiver,0,True,1785390856998.0,-187.0,0.0,False
c8611f2a-78d5-5a68-9401-d58c21da05ff,1785390857188,sender -> receiver,0,True,1785390857002.0,-186.0,0.0,False
26a41b62-3b2f-537c-9dcc-b8588f4454ca,1785390858179,sender -> receiver,0,True,1785390858011.0,-168.0,0.0,False
08c056b0-4b21-530e-96c8-5680f0831feb,1785390858180,sender -> receiver,0,True,1785390858019.0,-161.0,0.0,False
df91dd14-5c1e-5239-a9f9-a90b970d9c39,1785390858181,sender -> receiver,0,True,1785390858025.0,-156.0,0.0,False
1c8f2c06-b766-523e-ba0e-f5f834fcb3df,1785390858184,sender -> receiver,0,True,1785390858031.0,-153.0,0.0,False
fb506820-c95d-5e5b-b7a5-e47ba41599a9,1785390859173,sender -> receiver,0,True,1785390859013.0,-160.0,0.0,False
b6e4922f-75c5-597e-a3ce-a5403e715430,1785390859176,sender -> receiver,0,True,1785390859026.0,-150.0,0.0,False
08f26b5c-bf27-5f83-8f35-726846f86adc,1785390859179,sender -> receiver,0,True,1785390859031.0,-148.0,0.0,False
25b2f256-1fb8-5f0b-9cca-68c512cc930e,1785390859183,sender -> receiver,0,True,1785390859038.0,-145.0,0.0,False
fad51112-f847-5613-ad5d-72fbd2dfefff,1785390860198,sender -> receiver,0,True,1785390860026.0,-172.0,0.0,False
a81e25df-3bcf-569e-b0c0-43dfea70b0e9,1785390860236,sender -> receiver,0,True,1785390860091.0,-145.0,0.0,False
8b01be09-33a2-502a-91de-60802e7f46fd,1785390860241,sender -> receiver,0,True,1785390860099.0,-142.0,0.0,False
81878f7e-9832-5cc3-b5ce-5670b184090d,1785390900431,sender -> receiver,0,True,1785390900235.0,-196.0,0.0,False
44324c4b-4656-5209-b2da-3f30c4724c94,1785390900434,sender -> receiver,0,True,1785390900241.0,-193.0,0.0,False
e3941456-46d3-5e2a-a65b-1048584c3087,1785390900438,sender -> receiver,0,True,1785390900247.0,-191.0,0.0,False
6d4bd536-2e14-5c80-92d5-fdf94e3086d8,1785390900443,sender -> receiver,0,True,1785390900260.0,-183.0,0.0,False
5c4bca50-d6f2-5b9a-82ad-3a610458a854,1785390901451,sender -> receiver,0,True,1785390901275.0,-176.0,0.0,False
ed50f186-37f4-5f62-bca0-01fa1167a941,1785390901452,sender -> receiver,0,True,1785390901287.0,-165.0,0.0,False
7db933ff-5fa1-5180-85b0-8979b48e28ce,1785390901454,sender -> receiver,0,True,1785390901300.0,-154.0,0.0,False
ce7a9b8a-fc52-5cc3-900d-d62ec37cc596,1785390901454,sender -> receiver,0,True,1785390901307.0,-147.0,0.0,False
d487ee3c-ba2b-5d21-8799-b736af75d720,1785390902436,sender -> receiver,0,True,1785390902256.0,-180.0,0.0,False
f4c7f82c-e86f-5a51-9487-5f17a20d4cc6,1785390902438,sender -> receiver,0,True,1785390902264.0,-174.0,0.0,False
77142d6e-bb4f-518e-b2c1-80211668139b,1785390902441,sender -> receiver,0,True,1785390902269.0,-172.0,0.0,False
f825153e-4aa1-5252-9a39-ab37f88a366d,1785390902472,sender -> receiver,0,True,1785390902275.0,-197.0,0.0,False
96f34c75-5b79-537b-a3ed-e23f483b6019,1785390903438,sender -> receiver,0,True,1785390903269.0,-169.0,0.0,False
e0adc818-fa75-51d5-b1a3-7154f2647ccf,1785390903441,sender -> receiver,0,True,1785390903273.0,-168.0,0.0,False
4e43fce2-9616-5232-83e0-e88420dbd530,1785390903445,sender -> receiver,0,True,1785390903276.0,-169.0,0.0,False
4580a314-5ed4-5e3e-936f-f927ed76e3e2,1785390903447,sender -> receiver,0,True,1785390903282.0,-165.0,0.0,False
c5a2adf2-5463-5b81-b71b-c0955d85a4a8,1785390904451,sender -> receiver,0,True,1785390904240.0,-211.0,0.0,False
a61a4100-0b68-5b3e-a1ee-5973df718e8d,1785390904454,sender -> receiver,0,True,1785390904255.0,-199.0,0.0,False
2d365c54-344e-54cf-a428-684011beba4d,1785390904457,sender -> receiver,0,True,1785390904261.0,-196.0,0.0,False
9a94ca87-cb97-5596-b2ce-5559d273eeee,1785390904459,sender -> receiver,0,True,1785390904267.0,-192.0,0.0,False
575e4ffc-63dc-5a55-a3b8-f18136dc08cd,1785390905431,sender -> receiver,0,True,1785390905230.0,-201.0,0.0,False
c41bea2e-1e57-5e77-8eb4-6ddb18eacd3a,1785390905434,sender -> receiver,0,True,1785390905312.0,-122.0,0.0,False
ddde4136-65c0-528e-a811-2ecd1f73cc7f,1785390905437,sender -> receiver,0,True,1785390905321.0,-116.0,0.0,False
901f2b72-1244-5684-8ebb-521f1e6a349b,1785390905439,sender -> receiver,0,True,1785390905328.0,-111.0,0.0,False
d3b03ef4-a06f-5c02-ad1a-ef37d3d2baba,1785390906423,sender -> receiver,0,True,1785390906267.0,-156.0,0.0,False
f91519b0-23e4-5061-b886-69e51f5b2b0c,1785390906425,sender -> receiver,0,True,1785390906285.0,-140.0,0.0,False
a9fe3ecb-050b-5269-b1cf-e7237bacd95e,1785390906426,sender -> receiver,0,True,1785390906292.0,-134.0,0.0,False
55583451-0ec1-57cd-8030-f139420bc16c,1785390907444,sender -> receiver,0,True,1785390907252.0,-192.0,0.0,False
fd12dfc2-d413-508f-8679-83a1f4cba01c,1785390907448,sender -> receiver,0,True,1785390907259.0,-189.0,0.0,False
1aa4c7e5-d0d7-5f9d-bdb8-745d7d7c1dff,1785390907453,sender -> receiver,0,True,1785390907274.0,-179.0,0.0,False
99ddd6c6-f38e-51ff-99cb-236934f16b47,1785390907457,sender -> receiver,0,True,1785390907280.0,-177.0,0.0,False
7df6ed42-c583-5620-8081-e44aeda92b38,1785390908439,sender -> receiver,0,True,1785390908242.0,-197.0,0.0,False
badf4d8f-6625-5edf-8976-29f9c454ef9d,1785390908448,sender -> receiver,0,True,1785390908254.0,-194.0,0.0,False
34b46b69-092e-50b6-ae95-19971a9d57ad,1785390908455,sender -> receiver,0,True,1785390908291.0,-164.0,0.0,False
a7b2c00e-9ba5-530a-a936-03a7554b63b8,1785390908503,sender -> receiver,0,True,1785390908297.0,-206.0,0.0,False
4a0cf7e0-6e07-54aa-8c55-5d20219f8803,1785390909433,sender -> receiver,0,True,1785390909247.0,-186.0,0.0,False
8d261604-ede9-5ea1-bfe3-f4db0c84d80a,1785390909437,sender -> receiver,0,True,1785390909252.0,-185.0,0.0,False
b9e913da-b9e9-5ecf-89ef-abebfe9c04e8,1785390909440,sender -> receiver,0,True,1785390909258.0,-182.0,0.0,False
93c3e59c-ca6b-5a46-bfb1-623595711d75,1785390909443,sender -> receiver,0,True,1785390909263.0,-180.0,0.0,False
933d65f3-096e-5571-84be-ff7a37690e08,1785390910435,sender -> receiver,0,True,1785390910284.0,-151.0,0.0,False
36757f78-b27f-5370-bc6d-203782170bef,1785390910442,sender -> receiver,0,True,1785390910290.0,-152.0,0.0,False
dee1810d-efb1-50e9-a374-c2a787d7895c,1785390910450,sender -> receiver,0,True,1785390910296.0,-154.0,0.0,False
55fa2712-d960-54b3-8c8b-befaec4ceebf,1785390910509,sender -> receiver,0,True,1785390910301.0,-208.0,0.0,False
eb5e6247-bad0-5c30-9ed0-8be477d95787,1785390911453,sender -> receiver,0,True,1785390911253.0,-200.0,0.0,False
5642151e-deda-5192-92ab-978ea4099035,1785390911457,sender -> receiver,0,True,1785390911263.0,-194.0,0.0,False
defbfb9d-6c47-5ea1-8718-9e8eb44dcc3c,1785390911461,sender -> receiver,0,True,1785390911289.0,-172.0,0.0,False
ac1fe324-11bc-59c3-87b6-fcc0cca0e790,1785390911505,sender -> receiver,0,True,1785390911300.0,-205.0,0.0,False
65115b8f-9cba-5f3f-a156-b65e8953ea19,1785390912435,sender -> receiver,0,True,1785390912256.0,-179.0,0.0,False
4a41f2bb-3219-5911-89bf-4b39134edaff,1785390912446,sender -> receiver,0,True,1785390912262.0,-184.0,0.0,False
fa0fc5ca-2c38-5157-b49f-ca6d815bcfb7,1785390912492,sender -> receiver,0,True,1785390912268.0,-224.0,0.0,False
1627f0da-c94f-552c-ad95-e9109576db06,1785390913455,sender -> receiver,0,True,1785390913282.0,-173.0,0.0,False
765b09b8-ad9d-59bc-98f6-15ec5d7875c5,1785390913465,sender -> receiver,0,True,1785390913289.0,-176.0,0.0,False
805134c5-1624-5b39-b2f7-695658a36c98,1785390913506,sender -> receiver,0,True,1785390913300.0,-206.0,0.0,False
c5509ccb-182b-5464-b11b-b789a98d22ed,1785390913512,sender -> receiver,0,True,1785390913363.0,-149.0,0.0,False
3c7360aa-7e16-54f4-90b9-74ddd07c92ad,1785390914454,sender -> receiver,0,True,1785390914271.0,-183.0,0.0,False
0a2cbda0-871b-5b19-a684-db88757fbc74,1785390914457,sender -> receiver,0,True,1785390914282.0,-175.0,0.0,False
7ba0acad-78e1-5ce1-b53d-d5d619f1d8c7,1785390914459,sender -> receiver,0,True,1785390914288.0,-171.0,0.0,False
f8d6e27d-57b5-5ee2-a09b-0b2047c58ba1,1785390914461,sender -> receiver,0,True,1785390914295.0,-166.0,0.0,False
2202fb45-7cd9-5055-a933-a02618b2d099,1785390915451,sender -> receiver,0,True,1785390915267.0,-184.0,0.0,False
3a3dcf99-3923-59a6-aaaf-e1590949534b,1785390915460,sender -> receiver,0,True,1785390915280.0,-180.0,0.0,False
b8bbdee7-2e84-59f3-bc3e-056892fc9d87,1785390915466,sender -> receiver,0,True,1785390915287.0,-179.0,0.0,False
245f5559-3de3-5559-8942-bb24b58d86a3,1785390915513,sender -> receiver,0,True,1785390915294.0,-219.0,0.0,False
902b886d-41c4-547e-9f1f-5700d25951e8,1785390916437,sender -> receiver,0,True,1785390916259.0,-178.0,0.0,False
04789390-4939-54e8-a437-8e34bfad6a0b,1785390916444,sender -> receiver,0,True,1785390916267.0,-177.0,0.0,False
7cfec0ce-8dfa-5ad0-b871-e82f62a8e945,1785390916454,sender -> receiver,0,True,1785390916273.0,-181.0,0.0,False
8a02580a-ace7-5fd2-b80d-d7e1c5974af1,1785390916481,sender -> receiver,0,True,1785390916278.0,-203.0,0.0,False
a2095c02-c3c7-55b5-9e44-162550819dbc,1785390917451,sender -> receiver,0,True,1785390917286.0,-165.0,0.0,False
d0a97d5e-9c53-5887-877a-ce31b88e53d2,1785390917456,sender -> receiver,0,True,1785390917298.0,-158.0,0.0,False
a2e46033-fca2-55ae-8d0c-7277f3db5fe1,1785390917461,sender -> receiver,0,True,1785390917304.0,-157.0,0.0,False
c1d91558-8fe3-5bad-819a-d82103881202,1785390917466,sender -> receiver,0,True,1785390917310.0,-156.0,0.0,False
664c9c0b-8725-5525-b198-a30cbdaca8b2,1785390918445,sender -> receiver,0,True,1785390918253.0,-192.0,0.0,False
15e10f2e-34ba-5612-abd3-c1e1ad352d67,1785390918450,sender -> receiver,0,True,1785390918262.0,-188.0,0.0,False
518593b0-be5f-5fa9-b6e9-5e8ce8858414,1785390918452,sender -> receiver,0,True,1785390918270.0,-182.0,0.0,False
44126f8f-9a25-5f5f-91ed-10a256197973,1785390918456,sender -> receiver,0,True,1785390918275.0,-181.0,0.0,False
b5dfc0d0-ade8-514e-a833-a079c3c80dad,1785390919434,sender -> receiver,0,True,1785390919263.0,-171.0,0.0,False
c2041cfe-99e1-5832-b8bb-c30c20d5d329,1785390919438,sender -> receiver,0,True,1785390919272.0,-166.0,0.0,False
d6f2bb9f-5930-5b4a-b83f-51dd5e446e17,1785390919457,sender -> receiver,0,True,1785390919277.0,-180.0,0.0,False
214a3bc5-2f6d-5103-b352-51022e1c3f7d,1785390920449,sender -> receiver,0,True,1785390920271.0,-178.0,0.0,False
922bea49-e87d-53cd-8a10-2cff1f6812b1,1785390920456,sender -> receiver,0,True,1785390920277.0,-179.0,0.0,False
dfe9f78f-5314-5a0e-8b1f-db9640be266a,1785390920509,sender -> receiver,0,True,1785390920283.0,-226.0,0.0,False
517badff-155a-5c04-a00b-8f92dcb614cc,1785390920513,sender -> receiver,0,True,1785390920342.0,-171.0,0.0,False
d7eb6a83-a501-5ffb-a4c1-1435774c4218,1785390921451,sender -> receiver,0,True,1785390921275.0,-176.0,0.0,False
7f6b7f2c-f2a4-5f8a-b36a-aa71bc6705fb,1785390921458,sender -> receiver,0,True,1785390921288.0,-170.0,0.0,False
21ed8139-4d57-5e7b-9b24-ad43bce8eeb0,1785390921463,sender -> receiver,0,True,1785390921296.0,-167.0,0.0,False
05487df5-737b-58d2-8143-6fd118305115,1785390921468,sender -> receiver,0,True,1785390921302.0,-166.0,0.0,False
f184f4a1-0e3e-5a3c-9729-04eb726ff8d1,1785390922437,sender -> receiver,0,True,1785390922294.0,-143.0,0.0,False
70f16123-424d-5347-82bc-346fad492ab5,1785390922439,sender -> receiver,0,True,1785390922301.0,-138.0,0.0,False
8713b902-308a-5f8b-b7e9-9d584225f425,1785390922442,sender -> receiver,0,True,1785390922307.0,-135.0,0.0,False
f450e1f2-1f79-535f-bd88-5f8475fccff4,1785390922446,sender -> receiver,0,True,1785390922313.0,-133.0,0.0,False
4b7b3e7c-53cc-53cf-a3fb-a48ed79c3545,1785390923448,sender -> receiver,0,True,1785390923297.0,-151.0,0.0,False
0182a602-683b-52c9-afa1-4c72b2f59be2,1785390923451,sender -> receiver,0,True,1785390923299.0,-152.0,0.0,False
d5303948-72f4-51db-bb2e-a322754a3a73,1785390923455,sender -> receiver,0,True,1785390923302.0,-153.0,0.0,False
2ae322cc-f001-538e-8f9f-37cc9ae4a607,1785390923459,sender -> receiver,0,True,1785390923306.0,-153.0,0.0,False
4dea5a7b-3cc9-5db6-bca6-94fb5af551db,1785390924432,sender -> receiver,0,True,1785390924322.0,-110.0,0.0,False
c4cbb4e5-8654-5328-a487-787ae39c29a8,1785390924436,sender -> receiver,0,True,1785390924328.0,-108.0,0.0,False
35de0e6a-dccd-5741-a99d-6b8c46e349c7,1785390924440,sender -> receiver,0,True,1785390924335.0,-105.0,0.0,False
79d12b61-0253-505f-ae14-34e9dbf75bf6,1785390924478,sender -> receiver,0,True,1785390924366.0,-112.0,0.0,False
7078ab55-4763-5cd3-9ccf-573a6e778af1,1785390925461,sender -> receiver,0,True,1785390925294.0,-167.0,0.0,False
b7e7bd0a-566a-5f2f-86c2-096a91d43ae1,1785390925468,sender -> receiver,0,True,1785390925304.0,-164.0,0.0,False
b63f0aa0-1701-529a-825d-ce7e5bf62aa5,1785390925478,sender -> receiver,0,True,1785390925309.0,-169.0,0.0,False
55171a38-dbf7-507e-8bd6-bdf159e54e3f,1785390965631,sender -> receiver,0,True,1785390965433.0,-198.0,0.0,False
54438e41-15d0-530d-8fd0-a4b0c2c74f3f,1785390965634,sender -> receiver,0,True,1785390965442.0,-192.0,0.0,False
d8361bdc-e9de-504e-bc60-69c02cf53bcc,1785390965653,sender -> receiver,0,True,1785390965447.0,-206.0,0.0,False
b4fb5ef6-d93d-5a21-9913-3eeb8ec34020,1785390965655,sender -> receiver,0,True,1785390965521.0,-134.0,0.0,False
4cbc006d-dc1b-5e07-b09a-5a852f38c986,1785390966629,sender -> receiver,0,True,1785390966438.0,-191.0,0.0,False
cb00cfdf-55f6-5444-8326-cf28bd3f1db4,1785390966632,sender -> receiver,0,True,1785390966443.0,-189.0,0.0,False
8d41d3cb-3575-5002-82f4-46b38d94a67a,1785390966656,sender -> receiver,0,True,1785390966449.0,-207.0,0.0,False
3be13ac1-3ebb-5124-86da-4e58791acd25,1785390966658,sender -> receiver,0,True,1785390966489.0,-169.0,0.0,False
489ab347-b9dc-57b9-9f79-3ad2fa58c119,1785390967655,sender -> receiver,0,True,1785390967465.0,-190.0,0.0,False
7b5df8c6-88bd-5699-8680-0a38c9715ca5,1785390967659,sender -> receiver,0,True,1785390967484.0,-175.0,0.0,False
06df85ea-c506-5f20-a0f8-efbf8539ef33,1785390967663,sender -> receiver,0,True,1785390967494.0,-169.0,0.0,False
38193328-b75e-5d73-83cc-e9c81f6d1bbe,1785390967692,sender -> receiver,0,True,1785390967503.0,-189.0,0.0,False
a55d0afb-77c8-5098-aef3-544e76627f60,1785390968645,sender -> receiver,0,True,1785390968451.0,-194.0,0.0,False
bbc41eaf-6de7-5a47-876f-cc0def369e91,1785390968648,sender -> receiver,0,True,1785390968460.0,-188.0,0.0,False
a8193dab-0695-5356-8547-d19ca231ad25,1785390968650,sender -> receiver,0,True,1785390968465.0,-185.0,0.0,False
26d46089-be15-53a3-817d-7ff5c183d59c,1785390968652,sender -> receiver,0,True,1785390968470.0,-182.0,0.0,False
95521bf3-4d34-52a8-8d5e-2a39cc8b3461,1785390969651,sender -> receiver,0,True,1785390969498.0,-153.0,0.0,False
06d07524-2759-5f8f-bec8-af525d10f67e,1785390969658,sender -> receiver,0,True,1785390969506.0,-152.0,0.0,False
03fca4da-ba0f-586c-9544-919cbde3ed9b,1785390969692,sender -> receiver,0,True,1785390969512.0,-180.0,0.0,False
1cad8b2c-771e-55c2-8b47-441490cf3a1b,1785390969697,sender -> receiver,0,True,1785390969536.0,-161.0,0.0,False
e27efe9c-a60f-53d7-ac4a-f9a5420e550f,1785390970643,sender -> receiver,0,True,1785390970472.0,-171.0,0.0,False
6b2b68c2-aa32-524a-afb6-f6e96891e8c3,1785390970649,sender -> receiver,0,True,1785390970481.0,-168.0,0.0,False
f95274fc-eb15-51f4-89bd-ace7b73aefa2,1785390970653,sender -> receiver,0,True,1785390970486.0,-167.0,0.0,False
474dc82b-a7fd-55d8-8eff-8be6a45331dd,1785390970657,sender -> receiver,0,True,1785390970529.0,-128.0,0.0,False
ec416c48-cc47-5e96-a202-6a66a1058fcc,1785390971655,sender -> receiver,0,True,1785390971470.0,-185.0,0.0,False
ef0b10ce-2cb8-50a9-91d5-26aef12748fa,1785390971663,sender -> receiver,0,True,1785390971475.0,-188.0,0.0,False
b49c18e3-d11e-5c4d-abdb-874f005cb356,1785390971668,sender -> receiver,0,True,1785390971481.0,-187.0,0.0,False
2cab4390-c2da-5e3e-bf55-1307208f3215,1785390972633,sender -> receiver,0,True,1785390972478.0,-155.0,0.0,False
1c4a49e0-a34b-58fa-a39f-eaf9bc84d8bf,1785390972657,sender -> receiver,0,True,1785390972485.0,-172.0,0.0,False
02e67a2d-f7ba-5934-b15e-c7a40631a1fd,1785390972660,sender -> receiver,0,True,1785390972494.0,-166.0,0.0,False
ca5f7452-5dab-5789-930b-dbbf12a99cc8,1785390972663,sender -> receiver,0,True,1785390972500.0,-163.0,0.0,False
99edc377-036e-5e86-be4c-d18384318517,1785390973640,sender -> receiver,0,True,1785390973495.0,-145.0,0.0,False
e50905e3-d0e8-57dd-8c8f-9e09eaf44a8c,1785390973641,sender -> receiver,0,True,1785390973501.0,-140.0,0.0,False
20d9e0e9-12ee-5376-b64c-4f53e4f8225a,1785390973642,sender -> receiver,0,True,1785390973507.0,-135.0,0.0,False
7db9a4fc-b163-5bd4-9493-d748bc25533e,1785390973645,sender -> receiver,0,True,1785390973513.0,-132.0,0.0,False
0b6a2e3f-c44a-518b-9f61-3ad90864c840,1785390974650,sender -> receiver,0,True,1785390974479.0,-171.0,0.0,False
f5f6ecbb-8544-5dfe-b23e-64a7e4a2a52d,1785390974657,sender -> receiver,0,True,1785390974490.0,-167.0,0.0,False
6c63d1c0-0bcb-579a-a2d6-611bd4bd0e90,1785390974692,sender -> receiver,0,True,1785390974496.0,-196.0,0.0,False
f150710c-888d-5ac1-ae33-7656c97a7e56,1785390974698,sender -> receiver,0,True,1785390974527.0,-171.0,0.0,False
e52dd37c-df68-5599-aac7-e77a7578a273,1785390975650,sender -> receiver,0,True,1785390975475.0,-175.0,0.0,False
fab8af9d-7ff8-5c72-af82-db707a12bfd5,1785390975657,sender -> receiver,0,True,1785390975483.0,-174.0,0.0,False
51c08262-821e-516d-9b92-0d2823df5c86,1785390975684,sender -> receiver,0,True,1785390975489.0,-195.0,0.0,False
e136afe4-9e48-5af2-bd5d-6d99b8137c22,1785390975688,sender -> receiver,0,True,1785390975538.0,-150.0,0.0,False
42298435-3674-56eb-a4a5-a17887e53923,1785390976643,sender -> receiver,0,True,1785390976461.0,-182.0,0.0,False
25a5cae7-c7d1-5bd9-9e32-30b1aa88ff48,1785390976648,sender -> receiver,0,True,1785390976467.0,-181.0,0.0,False
903e11d1-4434-5d65-8744-93658ad5c67b,1785390976652,sender -> receiver,0,True,1785390976480.0,-172.0,0.0,False
84cdffa7-f2b0-57e9-a74b-45d08d6774ee,1785390976681,sender -> receiver,0,True,1785390976485.0,-196.0,0.0,False
d2000535-0701-5cb3-b90e-ce0e20afa1ec,1785390977631,sender -> receiver,0,True,1785390977458.0,-173.0,0.0,False
072afae9-0b69-5542-8bdd-b0208c4dc782,1785390977635,sender -> receiver,0,True,1785390977471.0,-164.0,0.0,False
e70ac72c-26f1-5ab8-84aa-03a68afe7894,1785390977638,sender -> receiver,0,True,1785390977520.0,-118.0,0.0,False
d5be1775-1b67-5d1b-9294-6619de391139,1785390978644,sender -> receiver,0,True,1785390978443.0,-201.0,0.0,False
f0d5e836-9bc6-515f-8dd5-cf08b09c3406,1785390978645,sender -> receiver,0,True,1785390978446.0,-199.0,0.0,False
c71072b3-f5bb-597e-b431-cae6724b6036,1785390978646,sender -> receiver,0,True,1785390978458.0,-188.0,0.0,False
32f58cdb-51ad-5ca8-86dc-7e03595c740a,1785390978647,sender -> receiver,0,True,1785390978460.0,-187.0,0.0,False
678ce67d-e916-59da-b6a8-986534f7f137,1785390979639,sender -> receiver,0,True,1785390979474.0,-165.0,0.0,False
f83200ca-b533-5c51-9e4b-de152b288e13,1785390979644,sender -> receiver,0,True,1785390979490.0,-154.0,0.0,False
8ddc4d0d-8232-5af7-a1c4-093df7befff1,1785390979655,sender -> receiver,0,True,1785390979498.0,-157.0,0.0,False
221a237f-2748-5599-b208-4c6c8a159223,1785390979698,sender -> receiver,0,True,1785390979506.0,-192.0,0.0,False
29f3cf6a-1acf-5c0e-bd9c-5368ac36ab3c,1785390980649,sender -> receiver,0,True,1785390980472.0,-177.0,0.0,False
36ce96a1-a4c7-50f7-a609-7eadb171731e,1785390980654,sender -> receiver,0,True,1785390980492.0,-162.0,0.0,False
d341e1e7-33dc-5bd3-a6b8-593169439048,1785390980659,sender -> receiver,0,True,1785390980502.0,-157.0,0.0,False
ef7d4def-8809-5154-94d3-167811513535,1785390980683,sender -> receiver,0,True,1785390980510.0,-173.0,0.0,False
95c9ec40-8ff0-5e57-b7b5-4e3c75699df6,1785390981635,sender -> receiver,0,True,1785390981455.0,-180.0,0.0,False
e659df00-e236-5fc2-97cf-dfb28cbd539e,1785390981639,sender -> receiver,0,True,1785390981466.0,-173.0,0.0,False
a54ee4c9-92d2-5f7d-97ba-f8e96a642f48,1785390981642,sender -> receiver,0,True,1785390981473.0,-169.0,0.0,False
ae71538f-469a-54ae-9296-1d29c6dec277,1785390981645,sender -> receiver,0,True,1785390981480.0,-165.0,0.0,False
237ec35a-0f7e-5bf5-8281-916b427adfb0,1785390982652,sender -> receiver,0,True,1785390982546.0,-106.0,0.0,False
9fe3fa40-3599-5a9c-a6d1-c00683a50b9f,1785390982657,sender -> receiver,0,True,1785390982552.0,-105.0,0.0,False
65346563-b8b1-53db-b114-f1cf20b8b608,1785390982662,sender -> receiver,0,True,1785390982559.0,-103.0,0.0,False
3b9e57d1-2d9e-5f6d-a5aa-37061e96c3c9,1785390982667,sender -> receiver,0,True,1785390982564.0,-103.0,0.0,False
1019223e-dd1d-5b6b-8f8f-7cbb680f8856,1785390983633,sender -> receiver,0,True,1785390983511.0,-122.0,0.0,False
7fe2546c-8574-528d-a601-a3b2c93d5047,1785390983637,sender -> receiver,0,True,1785390983518.0,-119.0,0.0,False
5be82120-9b25-50b2-ad49-ad1372b909a0,1785390983640,sender -> receiver,0,True,1785390983527.0,-113.0,0.0,False
111df3a9-be4e-5647-b41a-d0f6c84ad056,1785390983645,sender -> receiver,0,True,1785390983535.0,-110.0,0.0,False
fb2e2100-91ee-5c33-9741-5b776027ac87,1785390984632,sender -> receiver,0,True,1785390984466.0,-166.0,0.0,False
544aad3b-2a57-5a0e-add5-b6a2e2dc93b5,1785390984638,sender -> receiver,0,True,1785390984477.0,-161.0,0.0,False
0c217946-fa83-5ab9-a478-f8e37292dd65,1785390984647,sender -> receiver,0,True,1785390984483.0,-164.0,0.0,False
2eab522b-f937-50c4-8a46-d79c70491680,1785390985648,sender -> receiver,0,True,1785390985459.0,-189.0,0.0,False
0265a845-0b71-566c-aa77-3905e1bbac4d,1785390985653,sender -> receiver,0,True,1785390985468.0,-185.0,0.0,False
17c2ed28-e07d-53aa-bf00-0c6b1b18d25f,1785390985661,sender -> receiver,0,True,1785390985471.0,-190.0,0.0,False
5ac1da47-b537-54bc-9317-467e81bebc3c,1785390985690,sender -> receiver,0,True,1785390985473.0,-217.0,0.0,False
0d2fec61-bfbe-5808-870b-ab737086ed1f,1785390986633,sender -> receiver,0,True,1785390986462.0,-171.0,0.0,False
d5018fb7-a6e4-5538-b5f9-836d79f6fc88,1785390986639,sender -> receiver,0,True,1785390986466.0,-173.0,0.0,False
9bf9dfa7-c8cd-58ed-bf7a-a5cbfa3991f3,1785390986644,sender -> receiver,0,True,1785390986472.0,-172.0,0.0,False
06bfa436-4a52-5d6d-80a2-be2e3abc784e,1785390986674,sender -> receiver,0,True,1785390986477.0,-197.0,0.0,False
61bb55b0-0629-598a-a6c1-a5c69beeb18d,1785390987648,sender -> receiver,0,True,1785390987483.0,-165.0,0.0,False
f3dacc45-5495-55c0-922b-f08d84f3a09d,1785390987655,sender -> receiver,0,True,1785390987514.0,-141.0,0.0,False
00347c00-1a24-5a81-966a-2c7860b8f205,1785390987689,sender -> receiver,0,True,1785390987521.0,-168.0,0.0,False
66ee403f-31ff-58b4-9b26-2403bae86114,1785390987694,sender -> receiver,0,True,1785390987532.0,-162.0,0.0,False
f75108d4-a3a0-5ea3-a954-bcab2f2566a5,1785390988657,sender -> receiver,0,True,1785390988521.0,-136.0,0.0,False
52f3c459-67df-5683-8c00-a545d4a328c9,1785390988665,sender -> receiver,0,True,1785390988530.0,-135.0,0.0,False
97460aab-322e-5be4-840d-b6fce74bfc99,1785390988671,sender -> receiver,0,True,1785390988535.0,-136.0,0.0,False
1e63fd7b-8c8c-57f2-bbe2-5877f81c582e,1785390988698,sender -> receiver,0,True,1785390988542.0,-156.0,0.0,False
b8ac8d2e-1eb2-5082-9933-e0912e50e83a,1785390989656,sender -> receiver,0,True,1785390989478.0,-178.0,0.0,False
e1859f53-b570-5658-bfc4-c99e45019b2b,1785390989665,sender -> receiver,0,True,1785390989486.0,-179.0,0.0,False
5ad6b3bb-2b11-5a86-8210-e6002df02349,1785390989692,sender -> receiver,0,True,1785390989493.0,-199.0,0.0,False
5343c709-e0da-5313-ae56-7b76b1240949,1785390989696,sender -> receiver,0,True,1785390989534.0,-162.0,0.0,False
8415721b-0730-5672-8bbf-b5f761d1202f,1785390990631,sender -> receiver,0,True,1785390990454.0,-177.0,0.0,False
673ca122-cfcb-5d53-8003-bdd01a538631,1785390990634,sender -> receiver,0,True,1785390990462.0,-172.0,0.0,False
03917310-e582-5770-a9e0-bcb60f0f90b4,1785390990637,sender -> receiver,0,True,1785390990476.0,-161.0,0.0,False
0aefa1ef-9c26-5dd6-b77c-28a49b65be06,1785391041323,sender -> receiver,0,True,1785391041156.0,-167.0,0.0,False
6adcfc5f-323d-537e-8017-6d6a228bed01,1785391041354,sender -> receiver,0,True,1785391041162.0,-192.0,0.0,False
c2d833a5-adef-5e97-bdbf-fe3c804cbb08,1785391041358,sender -> receiver,0,True,1785391041179.0,-179.0,0.0,False
770f831d-376e-573f-9a7e-6d5b41751efd,1785391041361,sender -> receiver,0,True,1785391041186.0,-175.0,0.0,False
2b1cf3c6-7703-5861-8841-0cf86bfe54b3,1785391041365,sender -> receiver,0,True,1785391041218.0,-147.0,0.0,False
5fe7fff0-c2ea-546e-a5f7-ea2481d0f973,1785391041368,sender -> receiver,0,True,1785391041228.0,-140.0,0.0,False
5b083bc7-cbb1-50cc-85a2-f786526ac402,1785391041371,sender -> receiver,0,True,1785391041234.0,-137.0,0.0,False
4f83e8a5-3bcf-5b53-9334-c9fbb7644600,1785391042361,sender -> receiver,0,True,1785391042157.0,-204.0,0.0,False
89d7c142-b4f0-5d82-940f-643e9f1c220e,1785391042367,sender -> receiver,0,True,1785391042168.0,-199.0,0.0,False
911a934e-ea00-5630-a759-e37b6b6eacbe,1785391042370,sender -> receiver,0,True,1785391042203.0,-167.0,0.0,False
ea22cd8a-6c3f-5ac5-b0ec-57ea0f585f0e,1785391042396,sender -> receiver,0,True,1785391042214.0,-182.0,0.0,False
5628e817-4d8a-599a-81e0-a1e6c779e81a,1785391042400,sender -> receiver,0,True,1785391042221.0,-179.0,0.0,False
926804d8-c5a9-5f44-be1e-6b2549e12671,1785391042403,sender -> receiver,0,True,1785391042265.0,-138.0,0.0,False
9b0bcf23-4af1-5043-8370-5c11b417fceb,1785391042418,sender -> receiver,0,True,1785391042270.0,-148.0,0.0,False
e2e1134b-4d50-5080-beff-91d0f5c597d2,1785391043333,sender -> receiver,0,True,1785391043150.0,-183.0,0.0,False
8192f30d-8eba-5800-8b3c-dc2a300cc7d3,1785391043340,sender -> receiver,0,True,1785391043164.0,-176.0,0.0,False
ae995c2c-6869-553e-9008-394ea1c2b55f,1785391043368,sender -> receiver,0,True,1785391043172.0,-196.0,0.0,False
a8ccf7c8-d77c-5161-a349-c13181f83235,1785391043373,sender -> receiver,0,True,1785391043213.0,-160.0,0.0,False
678c349e-e1a0-5a83-9190-558b9319737b,1785391043376,sender -> receiver,0,True,1785391043220.0,-156.0,0.0,False
02c1d672-95c0-5994-ab65-8cb0b3574a71,1785391043381,sender -> receiver,0,True,1785391043227.0,-154.0,0.0,False
71ea4f38-ca19-5808-8571-337aca643c34,1785391044353,sender -> receiver,0,True,1785391044151.0,-202.0,0.0,False
2367ea1b-39b5-514b-874e-088d2a73b621,1785391044358,sender -> receiver,0,True,1785391044197.0,-161.0,0.0,False
1b80bf21-7599-5dfd-b6f5-320ac66cc337,1785391044361,sender -> receiver,0,True,1785391044204.0,-157.0,0.0,False
f0fdb3fb-65ac-5b62-a83b-6d272587de84,1785391044364,sender -> receiver,0,True,1785391044212.0,-152.0,0.0,False
9fade30b-6c59-5e86-a8a1-95c20cb232e9,1785391044385,sender -> receiver,0,True,1785391044217.0,-168.0,0.0,False
1572b747-a3ab-5c3d-90ad-6a15985baf7b,1785391044391,sender -> receiver,0,True,1785391044223.0,-168.0,0.0,False
7a2035eb-ab0e-5543-b9d2-38dd09b9bdf1,1785391044395,sender -> receiver,0,True,1785391044229.0,-166.0,0.0,False
c1f25704-344f-5d45-9b73-ded54533301d,1785391045320,sender -> receiver,0,True,1785391045131.0,-189.0,0.0,False
3a338da9-5d5f-5a11-be31-d353ab248990,1785391045328,sender -> receiver,0,True,1785391045142.0,-186.0,0.0,False
3fe932c6-bd59-5119-8e3f-b1cd6acfd635,1785391045341,sender -> receiver,0,True,1785391045150.0,-191.0,0.0,False
8efc2709-37bf-5039-8d44-62c29f1d541e,1785391045376,sender -> receiver,0,True,1785391045200.0,-176.0,0.0,False
844c21fa-719c-520e-a499-17a9b4336816,1785391045381,sender -> receiver,0,True,1785391045207.0,-174.0,0.0,False
7652fea4-dd85-567f-b2dc-7e423bda73bc,1785391045387,sender -> receiver,0,True,1785391045216.0,-171.0,0.0,False
a84b2fb3-a667-5e50-81b2-9f3a695fee7d,1785391045393,sender -> receiver,0,True,1785391045263.0,-130.0,0.0,False
26ff77c2-eb20-542e-a11c-284656c24374,1785391046344,sender -> receiver,0,True,1785391046169.0,-175.0,0.0,False
80547500-36df-587f-8bf6-2853afcea6b0,1785391046380,sender -> receiver,0,True,1785391046187.0,-193.0,0.0,False
8bb642c8-d386-5b51-8448-751af9be44be,1785391046385,sender -> receiver,0,True,1785391046232.0,-153.0,0.0,False
3f66ad05-5a54-5854-80d7-0d2d69b27f3f,1785391046389,sender -> receiver,0,True,1785391046239.0,-150.0,0.0,False
de464bd4-cf0e-5e1d-96dc-83283ae7b8da,1785391046394,sender -> receiver,0,True,1785391046247.0,-147.0,0.0,False
7852cfb6-8d0e-588b-99f3-45cbe00b5de7,1785391046398,sender -> receiver,0,True,1785391046259.0,-139.0,0.0,False
b06ae6c3-aeb1-5634-9e40-d3943a1c1027,1785391047337,sender -> receiver,0,True,1785391047167.0,-170.0,0.0,False
609981bb-41bc-5473-b6e8-e11c98672a7e,1785391047360,sender -> receiver,0,True,1785391047173.0,-187.0,0.0,False
c969b8e1-b82d-58d3-8110-4759b1fb910a,1785391047364,sender -> receiver,0,True,1785391047179.0,-185.0,0.0,False
11d6ef43-2ab2-5c19-afe0-4407da3cf81b,1785391047367,sender -> receiver,0,True,1785391047185.0,-182.0,0.0,False
25451edb-6bbc-5405-91fd-c7133fbce649,1785391047372,sender -> receiver,0,True,1785391047191.0,-181.0,0.0,False
a0bcf2f0-bd29-5b11-83c5-ecc9eddfc21f,1785391047376,sender -> receiver,0,True,1785391047232.0,-144.0,0.0,False
65b670e5-ea97-5408-ac5a-5420a53f7c63,1785391047397,sender -> receiver,0,True,1785391047241.0,-156.0,0.0,False
97b88a08-5880-57e1-93a8-4bc2231e2ce9,1785391048321,sender -> receiver,0,True,1785391048151.0,-170.0,0.0,False
60ab55da-6399-5955-948e-003927566fb3,1785391048342,sender -> receiver,0,True,1785391048161.0,-181.0,0.0,False
6ba3d97d-66af-5863-b0bb-0c6f3186fe16,1785391048345,sender -> receiver,0,True,1785391048192.0,-153.0,0.0,False
1d55a3cf-fe59-5d5d-b883-975b6dceefa3,1785391048348,sender -> receiver,0,True,1785391048201.0,-147.0,0.0,False
da42d7b8-ecd8-5fb6-8de6-3c8ea63f0a71,1785391048351,sender -> receiver,0,True,1785391048207.0,-144.0,0.0,False
47ee200b-57d6-5633-b969-0ffc75961b22,1785391048354,sender -> receiver,0,True,1785391048213.0,-141.0,0.0,False
0f870b03-5566-5f2c-86e3-efeb95df4511,1785391048371,sender -> receiver,0,True,1785391048219.0,-152.0,0.0,False
9c6f9aeb-b407-5f8a-8d58-599637267130,1785391049319,sender -> receiver,0,True,1785391049133.0,-186.0,0.0,False
95cf127f-fa61-5360-b332-86175598dfbc,1785391049326,sender -> receiver,0,True,1785391049145.0,-181.0,0.0,False
ddfdbc33-bbc9-5708-b755-fe0946431fa0,1785391049339,sender -> receiver,0,True,1785391049153.0,-186.0,0.0,False
af2f2dab-87c7-59b5-bfc6-88d8d81f3f52,1785391049347,sender -> receiver,0,True,1785391049188.0,-159.0,0.0,False
c4066cb2-b9c0-5569-8911-303c845a8302,1785391049383,sender -> receiver,0,True,1785391049203.0,-180.0,0.0,False
2d6df70f-90cb-5d41-8f8a-4c5070f414dd,1785391049388,sender -> receiver,0,True,1785391049210.0,-178.0,0.0,False
480539f0-9062-5f59-8aa7-25cacaa8a6ed,1785391050324,sender -> receiver,0,True,1785391050142.0,-182.0,0.0,False
a585fd49-320a-56b9-a2c1-6d5acb609db4,1785391050328,sender -> receiver,0,True,1785391050149.0,-179.0,0.0,False
813d1064-1fb8-5397-9e80-1f9084705ac8,1785391050358,sender -> receiver,0,True,1785391050155.0,-203.0,0.0,False
e574546d-d4d9-5760-99b2-76862a56ce9f,1785391050361,sender -> receiver,0,True,1785391050191.0,-170.0,0.0,False
16193044-3033-596c-85a2-7aa0c627bc26,1785391050364,sender -> receiver,0,True,1785391050197.0,-167.0,0.0,False
020970ec-ed6d-5015-a25b-60c1aa0726be,1785391050378,sender -> receiver,0,True,1785391050203.0,-175.0,0.0,False
4fa5cf13-1322-522a-9217-a677145473ce,1785391050383,sender -> receiver,0,True,1785391050210.0,-173.0,0.0,False
ca1d16a3-30c5-5443-9aaa-d2a332e05ab8,1785391051345,sender -> receiver,0,True,1785391051161.0,-184.0,0.0,False
32bedd3d-6553-5f66-8a7c-f2276e15fb02,1785391051351,sender -> receiver,0,True,1785391051173.0,-178.0,0.0,False
716a4cce-2624-5452-9a41-8c8c3508194f,1785391051359,sender -> receiver,0,True,1785391051181.0,-178.0,0.0,False
eb4d4ce0-e29c-5d71-b772-50ad237b28e6,1785391051363,sender -> receiver,0,True,1785391051191.0,-172.0,0.0,False
d0c20be3-67ce-50b5-a969-4447e85d3efe,1785391051395,sender -> receiver,0,True,1785391051199.0,-196.0,0.0,False
3f550739-53a5-5b21-9e3b-49ca53a6761c,1785391051402,sender -> receiver,0,True,1785391051242.0,-160.0,0.0,False
04c52a1e-8e15-50a0-9420-380c9dad05d3,1785391051407,sender -> receiver,0,True,1785391051249.0,-158.0,0.0,False
5add7ea0-67be-59b9-970b-b40642b36f7d,1785391052337,sender -> receiver,0,True,1785391052148.0,-189.0,0.0,False
1a648912-3574-52b0-8237-7ad37f8b61d4,1785391052369,sender -> receiver,0,True,1785391052161.0,-208.0,0.0,False
3a7a0bb9-139e-503c-bff2-3b915473ca9b,1785391052374,sender -> receiver,0,True,1785391052221.0,-153.0,0.0,False
60019267-1377-523c-a2e8-22693e2fdd1a,1785391052378,sender -> receiver,0,True,1785391052228.0,-150.0,0.0,False
596f7878-fcc2-5e6a-a5bd-b9c8da63e5df,1785391052403,sender -> receiver,0,True,1785391052235.0,-168.0,0.0,False
df664ef8-6cc0-56d9-b596-458b78660316,1785391052407,sender -> receiver,0,True,1785391052248.0,-159.0,0.0,False
78d5914d-a634-5fae-a9de-1767911e3fc2,1785391053344,sender -> receiver,0,True,1785391053138.0,-206.0,0.0,False
1078fec9-1a10-564a-9fdd-cd23536b2cdf,1785391053353,sender -> receiver,0,True,1785391053195.0,-158.0,0.0,False
aae2e359-cd1c-5d63-84b9-86d4cb271f98,1785391053359,sender -> receiver,0,True,1785391053202.0,-157.0,0.0,False
32407a5f-6329-555c-ad84-51ac72ebdca6,1785391053390,sender -> receiver,0,True,1785391053209.0,-181.0,0.0,False
2f9c18fe-ea3d-54cc-b509-a6d6b25dffd0,1785391053395,sender -> receiver,0,True,1785391053215.0,-180.0,0.0,False
f5901196-2bbb-57a9-9e6c-6d99b2b4067c,1785391053399,sender -> receiver,0,True,1785391053221.0,-178.0,0.0,False
2c873e8c-8fbf-5e40-8814-65de458a36ac,1785391053403,sender -> receiver,0,True,1785391053270.0,-133.0,0.0,False
99a679b0-25c4-587e-868c-3291ed913501,1785391054344,sender -> receiver,0,True,1785391054173.0,-171.0,0.0,False
2cd52007-344e-507e-8202-64148427e536,1785391054349,sender -> receiver,0,True,1785391054189.0,-160.0,0.0,False
a7f89774-6013-5ded-a654-a454d8dccf52,1785391054353,sender -> receiver,0,True,1785391054195.0,-158.0,0.0,False
500411c3-2092-50a7-8d39-4c9dd09a51a9,1785391054359,sender -> receiver,0,True,1785391054224.0,-135.0,0.0,False
9f37482a-02d9-5ac5-99d7-ea27ade575b6,1785391054385,sender -> receiver,0,True,1785391054239.0,-146.0,0.0,False
794b4d9e-a283-5649-b374-83377f075b44,1785391054390,sender -> receiver,0,True,1785391054251.0,-139.0,0.0,False
8f315b0d-a8cf-5bc0-8f10-b6da6b179ae5,1785391054393,sender -> receiver,0,True,1785391054281.0,-112.0,0.0,False
84c19262-a972-55f3-9d3a-cfabf8c9f054,1785391055362,sender -> receiver,0,True,1785391055165.0,-197.0,0.0,False
43a851ed-7325-50b5-b77c-3ebed388e804,1785391055367,sender -> receiver,0,True,1785391055177.0,-190.0,0.0,False
e16fad8d-18c5-5611-b3b5-8a6a1964e0fe,1785391055372,sender -> receiver,0,True,1785391055185.0,-187.0,0.0,False
3548ba02-0595-5a08-a1d6-b68da7bb9b8a,1785391055397,sender -> receiver,0,True,1785391055192.0,-205.0,0.0,False
f0af652f-c4f5-509c-a245-b1b49913a77d,1785391055401,sender -> receiver,0,True,1785391055231.0,-170.0,0.0,False
7ac3ed28-2323-5125-bfc9-aaa8a2e5ada8,1785391055404,sender -> receiver,0,True,1785391055238.0,-166.0,0.0,False
e9a5ed22-9044-5e4b-bc46-0a5f0c9e10c6,1785391096580,sender -> receiver,0,True,1785391096411.0,-169.0,0.0,False
cfb75a21-40ed-58f1-a16b-01084c3b9f15,1785391096604,sender -> receiver,0,True,1785391096417.0,-187.0,0.0,False
c4126877-6458-5f5c-946b-e5b7dbf7414a,1785391096608,sender -> receiver,0,True,1785391096435.0,-173.0,0.0,False
af851d7f-eaef-516e-bfeb-92076472fd19,1785391096612,sender -> receiver,0,True,1785391096461.0,-151.0,0.0,False
fdab4acd-a6a7-5f33-969e-0f50b8477af6,1785391097600,sender -> receiver,0,True,1785391097418.0,-182.0,0.0,False
7a513a8b-b2be-5455-b192-3224068fce75,1785391097607,sender -> receiver,0,True,1785391097428.0,-179.0,0.0,False
a0927a3b-c8b9-5012-8f4f-51abcb341a6f,1785391097610,sender -> receiver,0,True,1785391097434.0,-176.0,0.0,False
95ad6db0-6060-5fd2-9266-189da6087d12,1785391097616,sender -> receiver,0,True,1785391097440.0,-176.0,0.0,False
967dc49c-0f91-57dd-9e0e-3aa88c6d0f62,1785391098580,sender -> receiver,0,True,1785391098408.0,-172.0,0.0,False
f8a8a470-3257-51cb-9e62-367fac0c09bd,1785391098584,sender -> receiver,0,True,1785391098439.0,-145.0,0.0,False
c4e93304-75d1-58e6-964a-4420c55c8687,1785391098588,sender -> receiver,0,True,1785391098448.0,-140.0,0.0,False
c731dd02-7187-5086-ad29-bb67227b40a5,1785391098591,sender -> receiver,0,True,1785391098458.0,-133.0,0.0,False
a8add4e5-a52f-598c-872b-1deac77af3e8,1785391099581,sender -> receiver,0,True,1785391099401.0,-180.0,0.0,False
b15bcd96-734e-5cd3-a89c-5ad0babfb543,1785391099585,sender -> receiver,0,True,1785391099408.0,-177.0,0.0,False
b70d1de7-4474-588c-b5eb-6c4970835185,1785391099590,sender -> receiver,0,True,1785391099418.0,-172.0,0.0,False
b52a9496-a882-58f0-9446-7d70d43adeec,1785391099606,sender -> receiver,0,True,1785391099424.0,-182.0,0.0,False
c0b93cad-79bc-5aa7-abb5-c22e816e7c80,1785391100600,sender -> receiver,0,True,1785391100401.0,-199.0,0.0,False
084937fb-89ba-59a4-9319-d94a5da1a272,1785391100603,sender -> receiver,0,True,1785391100440.0,-163.0,0.0,False
67392003-e010-5b64-b8d0-e9008843ff52,1785391100605,sender -> receiver,0,True,1785391100448.0,-157.0,0.0,False
d77ab5d9-4183-5d84-8bd9-e5bab9995398,1785391100610,sender -> receiver,0,True,1785391100455.0,-155.0,0.0,False
de3223a9-7a09-5d36-827b-b70c38f6f0b8,1785391101584,sender -> receiver,0,True,1785391101398.0,-186.0,0.0,False
2683e55d-bc42-5d44-9d48-c65a9b97d78f,1785391101588,sender -> receiver,0,True,1785391101401.0,-187.0,0.0,False
c5e5c47a-d2aa-5a0b-ac45-4d9feac8cd5c,1785391101593,sender -> receiver,0,True,1785391101424.0,-169.0,0.0,False
bc3215f6-510f-5b0b-afdd-02786e02ca0e,1785391101597,sender -> receiver,0,True,1785391101433.0,-164.0,0.0,False
5aab5c93-2a95-5ffd-82fc-0db7ab19ee67,1785391102587,sender -> receiver,0,True,1785391102425.0,-162.0,0.0,False
2144680e-0a62-59e7-a169-07cf988d785a,1785391102623,sender -> receiver,0,True,1785391102432.0,-191.0,0.0,False
1dfd1f58-df6f-5178-8d01-cb63e66d59dc,1785391102629,sender -> receiver,0,True,1785391102500.0,-129.0,0.0,False
1c601d20-7b1b-54cd-87c9-277e7e0d6457,1785391102633,sender -> receiver,0,True,1785391102509.0,-124.0,0.0,False
abddfcff-cff3-5b26-83a7-5c798a75c72d,1785391103595,sender -> receiver,0,True,1785391103407.0,-188.0,0.0,False
f60faf65-5b0a-5754-aa26-2a1069a4a5dc,1785391103600,sender -> receiver,0,True,1785391103413.0,-187.0,0.0,False
54472a55-86b7-52ad-b4e8-be5ff4ab203d,1785391103605,sender -> receiver,0,True,1785391103426.0,-179.0,0.0,False
348776a6-faf5-5717-bf89-f80a410b9ee6,1785391103610,sender -> receiver,0,True,1785391103431.0,-179.0,0.0,False
6b7afda2-2f2e-536f-9d80-11e00b825142,1785391104593,sender -> receiver,0,True,1785391104417.0,-176.0,0.0,False
51cdd7d0-cab9-52fa-b064-860573fb5c57,1785391104599,sender -> receiver,0,True,1785391104424.0,-175.0,0.0,False
bdb2b28d-d8e2-5788-af9c-42492b81cc7a,1785391104603,sender -> receiver,0,True,1785391104430.0,-173.0,0.0,False
3cc9b340-7aec-5b02-b666-9bd9f837e2c0,1785391104608,sender -> receiver,0,True,1785391104473.0,-135.0,0.0,False
daa96d27-eee9-5620-88d9-5fbc296f653b,1785391105585,sender -> receiver,0,True,1785391105401.0,-184.0,0.0,False
0dad0f36-a498-5c0e-8d74-4bf660d45cdd,1785391105592,sender -> receiver,0,True,1785391105407.0,-185.0,0.0,False
8fd9b3a3-1203-5a9e-9454-6d0333390798,1785391105623,sender -> receiver,0,True,1785391105427.0,-196.0,0.0,False
59d5cb6b-2e11-52f8-bfa8-79a3699cfa4f,1785391105628,sender -> receiver,0,True,1785391105457.0,-171.0,0.0,False
b5c898bb-6b4d-54e1-ba8b-a1154f6783a8,1785391106575,sender -> receiver,0,True,1785391106374.0,-201.0,0.0,False
7a85eb8a-78e4-549d-8cc8-b4ac9a90f82e,1785391106594,sender -> receiver,0,True,1785391106402.0,-192.0,0.0,False
d99c966f-e4a0-5971-b96e-8032185d2825,1785391106597,sender -> receiver,0,True,1785391106418.0,-179.0,0.0,False
c2cfcf90-b16c-58e1-80c7-887291f07fad,1785391106599,sender -> receiver,0,True,1785391106426.0,-173.0,0.0,False
fcc556f2-6927-5b6a-97cb-2de035964826,1785391107589,sender -> receiver,0,True,1785391107408.0,-181.0,0.0,False
18033762-9314-5d27-bdc8-62a9759ca78f,1785391107599,sender -> receiver,0,True,1785391107418.0,-181.0,0.0,False
0ed99e53-f2fa-5c36-b8da-ec8d3fccdfd2,1785391107607,sender -> receiver,0,True,1785391107425.0,-182.0,0.0,False
96b6766d-0fa6-50db-b080-284eb13dce09,1785391107641,sender -> receiver,0,True,1785391107431.0,-210.0,0.0,False
0ab5cae1-2674-5a49-b380-a5512e1772c1,1785391108583,sender -> receiver,0,True,1785391108430.0,-153.0,0.0,False
a617e9ac-7c1f-5529-829d-e13d67db46a6,1785391108586,sender -> receiver,0,True,1785391108433.0,-153.0,0.0,False
8a7d1998-0aee-511a-a295-234789c1488a,1785391108590,sender -> receiver,0,True,1785391108436.0,-154.0,0.0,False
80ef7604-d142-52ab-a792-d9d9739a93e1,1785391108593,sender -> receiver,0,True,1785391108442.0,-151.0,0.0,False
9fde2f3c-0648-5cd8-a5ef-0121fa9c907f,1785391109584,sender -> receiver,0,True,1785391109442.0,-142.0,0.0,False
caeb85f3-2944-5e3f-9cd5-9f3b786ea072,1785391109587,sender -> receiver,0,True,1785391109450.0,-137.0,0.0,False
6ec4baaf-65a2-5fc6-9946-d349eb6ce514,1785391109591,sender -> receiver,0,True,1785391109457.0,-134.0,0.0,False
ef0f9eda-63c6-5d05-8125-3fc8d574bc21,1785391109594,sender -> receiver,0,True,1785391109464.0,-130.0,0.0,False
d3235946-c7d2-52eb-a93b-ba4542039727,1785391110586,sender -> receiver,0,True,1785391110403.0,-183.0,0.0,False
39172439-a99d-5e5e-ac72-c57daef881c6,1785391110599,sender -> receiver,0,True,1785391110467.0,-132.0,0.0,False
2416bafc-a230-5d38-8f2b-f865f730fc28,1785391110628,sender -> receiver,0,True,1785391110481.0,-147.0,0.0,False
31732f41-da3c-500c-89c5-4cd0b568d864,1785391110635,sender -> receiver,0,True,1785391110487.0,-148.0,0.0,False
0e8d52c8-ea1a-5434-ab14-6a410f3ce810,1785391111586,sender -> receiver,0,True,1785391111420.0,-166.0,0.0,False
35f7ae3e-bd64-5404-a3a1-caca3f336a34,1785391111594,sender -> receiver,0,True,1785391111428.0,-166.0,0.0,False
c2b4b4ed-8c42-5588-9d6b-9782a342fbff,1785391111635,sender -> receiver,0,True,1785391111438.0,-197.0,0.0,False
848eecc6-7145-5c98-a61f-ead86a12bf97,1785391111643,sender -> receiver,0,True,1785391111487.0,-156.0,0.0,False
86f5c762-2048-57ef-ac18-cbcd29602c82,1785391112638,sender -> receiver,0,True,1785391112406.0,-232.0,0.0,False
e19eff98-c67e-5739-91b8-ae54a58b07bf,1785391112641,sender -> receiver,0,True,1785391112418.0,-223.0,0.0,False
afcf4b44-075b-554c-a90d-7cd50ec1106e,1785391112643,sender -> receiver,0,True,1785391112424.0,-219.0,0.0,False
38d3ede0-a6ba-5ecb-a514-823193684fec,1785391112646,sender -> receiver,0,True,1785391112430.0,-216.0,0.0,False
8acde9f8-369e-5f72-a762-c8596ba74ebe,1785391113585,sender -> receiver,0,True,1785391113396.0,-189.0,0.0,False
dd62aa37-9521-520a-9a11-de6c89fc7e53,1785391113589,sender -> receiver,0,True,1785391113411.0,-178.0,0.0,False
eac856ff-0bd0-5eb5-9e7a-765bd16b8425,1785391113591,sender -> receiver,0,True,1785391113420.0,-171.0,0.0,False
43cb7433-69b6-5d97-8894-ed3e08186bc7,1785391113594,sender -> receiver,0,True,1785391113451.0,-143.0,0.0,False
a69b5bf7-bca9-521f-aa84-129a7b52ee93,1785391114583,sender -> receiver,0,True,1785391114404.0,-179.0,0.0,False
04cb6dba-9b72-5b46-9a08-7fb4aa299ed8,1785391114585,sender -> receiver,0,True,1785391114410.0,-175.0,0.0,False
ccb44a0e-769a-5577-a683-899d94194bf6,1785391114588,sender -> receiver,0,True,1785391114418.0,-170.0,0.0,False
cfd2652e-490c-574c-b674-84a279f1ee91,1785391114591,sender -> receiver,0,True,1785391114426.0,-165.0,0.0,False
36d1b87c-a629-51b4-8dbf-0a25ee583f54,1785391115606,sender -> receiver,0,True,1785391115419.0,-187.0,0.0,False
a0509979-3b97-58f1-bd95-191bde46d03e,1785391115611,sender -> receiver,0,True,1785391115426.0,-185.0,0.0,False
e9e13cdd-e9a3-55a7-a9bc-62c1b1185ea6,1785391115615,sender -> receiver,0,True,1785391115438.0,-177.0,0.0,False
4a27d7fd-6d1f-5d04-8f8b-45f71cfd75d8,1785391115620,sender -> receiver,0,True,1785391115465.0,-155.0,0.0,False
f4e26a07-5af1-5fde-95be-5a74d7ab2b1c,1785391116578,sender -> receiver,0,True,1785391116413.0,-165.0,0.0,False
74973d73-22b4-576d-835e-2c7d6b9f5ac8,1785391116581,sender -> receiver,0,True,1785391116420.0,-161.0,0.0,False
b86c309d-84ec-5698-8da9-cd28f21f09f2,1785391116584,sender -> receiver,0,True,1785391116432.0,-152.0,0.0,False
276ee534-7488-5787-bf53-0f0fa69989e3,1785391116587,sender -> receiver,0,True,1785391116438.0,-149.0,0.0,False
537bc36f-e715-59b0-a5e4-b41bacdfddf0,1785391117583,sender -> receiver,0,True,1785391117441.0,-142.0,0.0,False
d837dc11-bd37-570f-94a9-5ae1f4f06223,1785391117589,sender -> receiver,0,True,1785391117449.0,-140.0,0.0,False
4e1948cb-dc4c-589f-a6e7-56e100f377a0,1785391117595,sender -> receiver,0,True,1785391117455.0,-140.0,0.0,False
0518f1b3-1c8d-52ef-8aa1-e1932bc09d79,1785391117598,sender -> receiver,0,True,1785391117461.0,-137.0,0.0,False
d89438c6-9785-58e0-ae6f-9c9ca76568fc,1785391118588,sender -> receiver,0,True,1785391118387.0,-201.0,0.0,False
16e757b0-098f-54a3-baae-79ddf17472a5,1785391118590,sender -> receiver,0,True,1785391118398.0,-192.0,0.0,False
8cfad421-ee9a-531d-bc18-164b98748362,1785391118592,sender -> receiver,0,True,1785391118404.0,-188.0,0.0,False
27215030-8e6e-58d0-ba7d-a981dcc37c24,1785391118595,sender -> receiver,0,True,1785391118410.0,-185.0,0.0,False
2fa46de8-e8fc-5009-9edc-8fe2c11ebe25,1785391119584,sender -> receiver,0,True,1785391119441.0,-143.0,0.0,False
74f0d818-9825-5f16-8a31-26501941cb6f,1785391119588,sender -> receiver,0,True,1785391119443.0,-145.0,0.0,False
5ab0c2b8-c2b3-54b1-b9bc-923f0780990c,1785391119590,sender -> receiver,0,True,1785391119446.0,-144.0,0.0,False
caa5e624-2dba-5e69-83a9-a3150c853046,1785391119592,sender -> receiver,0,True,1785391119456.0,-136.0,0.0,False
828ca0e6-7109-5ca9-b2c5-44c0820309e2,1785391120585,sender -> receiver,0,True,1785391120415.0,-170.0,0.0,False
e318546e-9f46-5964-81be-830553d495bf,1785391120589,sender -> receiver,0,True,1785391120427.0,-162.0,0.0,False
67bdfb39-5e9a-555a-9953-f30d87969d76,1785391120593,sender -> receiver,0,True,1785391120434.0,-159.0,0.0,False
fbf5cf66-e593-576b-8595-19ee0d6c203e,1785391120617,sender -> receiver,0,True,1785391120443.0,-174.0,0.0,False
78ae1177-f0ea-54e1-a116-6b3fe78b55ec,1785391162726,sender -> receiver,0,True,1785391162548.0,-178.0,0.0,False
b4bec22b-c833-5814-9e79-7468843326a6,1785391162743,sender -> receiver,0,True,1785391162561.0,-182.0,0.0,False
4f985a04-8053-5c3b-bce2-7c819b9714d7,1785391162747,sender -> receiver,0,True,1785391162637.0,-110.0,0.0,False
332cd7e1-3ade-59bb-bf6c-2b06e0213a37,1785391162749,sender -> receiver,0,True,1785391162645.0,-104.0,0.0,False
7b23f8e4-0ac9-50d0-b7a7-d2852f8c0e45,1785391162754,sender -> receiver,0,True,1785391162652.0,-102.0,0.0,False
703017eb-92f5-5ff5-a6c3-26b5a7173868,1785391163725,sender -> receiver,0,True,1785391163598.0,-127.0,0.0,False
458f0e12-d660-50ea-adfe-75e6706fe177,1785391163755,sender -> receiver,0,True,1785391163606.0,-149.0,0.0,False
aa5848e0-6a33-56c2-a93d-747bc6dff831,1785391163760,sender -> receiver,0,True,1785391163615.0,-145.0,0.0,False
7ef3c529-88ad-5169-8c14-94f6aaba3419,1785391163765,sender -> receiver,0,True,1785391163627.0,-138.0,0.0,False
47f23057-535f-5799-8876-5402b79e5637,1785391164726,sender -> receiver,0,True,1785391164584.0,-142.0,0.0,False
ec529c6d-483a-5a0e-ac20-1959aba0eb3f,1785391164754,sender -> receiver,0,True,1785391164594.0,-160.0,0.0,False
64828fb2-a18d-54b1-8aea-7eb77e63db76,1785391164758,sender -> receiver,0,True,1785391164603.0,-155.0,0.0,False
49d41ad7-cdd4-5a79-a54a-a92cbf79b126,1785391164761,sender -> receiver,0,True,1785391164610.0,-151.0,0.0,False
82d60cce-b673-5b38-8223-79023cf33fca,1785391165721,sender -> receiver,0,True,1785391165559.0,-162.0,0.0,False
f09df5b5-f802-5daa-b9d4-d9044b9cedbd,1785391165747,sender -> receiver,0,True,1785391165624.0,-123.0,0.0,False
bc880d78-0c1c-55d8-95a9-4aa9c748cd78,1785391165751,sender -> receiver,0,True,1785391165638.0,-113.0,0.0,False
fe2b3bb1-5f35-536e-9707-077254dbbddb,1785391165757,sender -> receiver,0,True,1785391165656.0,-101.0,0.0,False
93ea6126-b8da-5693-bf1c-73df9d3b4487,1785391166721,sender -> receiver,0,True,1785391166551.0,-170.0,0.0,False
bb2651a9-01f4-5890-93c2-3668cba27b51,1785391166747,sender -> receiver,0,True,1785391166565.0,-182.0,0.0,False
86eed1f9-98fe-5c1a-86ed-7ff35edd888f,1785391166751,sender -> receiver,0,True,1785391166630.0,-121.0,0.0,False
a016ded5-c7b2-560d-bfcc-fb21ba092d8b,1785391166753,sender -> receiver,0,True,1785391166638.0,-115.0,0.0,False
ffa24ef4-f2bd-5aa4-8226-5466e644e8fa,1785391167727,sender -> receiver,0,True,1785391167528.0,-199.0,0.0,False
d19477c8-7858-5967-b3f9-f061dbb9b13b,1785391167750,sender -> receiver,0,True,1785391167531.0,-219.0,0.0,False
752b6584-bf3b-5967-8ec8-29f04530b984,1785391167751,sender -> receiver,0,True,1785391167543.0,-208.0,0.0,False
6a99c9fc-2a7f-5efb-ae57-276dd507cbd9,1785391167752,sender -> receiver,0,True,1785391167545.0,-207.0,0.0,False
2b5f6943-df19-5548-a37e-a8be4c33e174,1785391168723,sender -> receiver,0,True,1785391168528.0,-195.0,0.0,False
01012a48-7bf6-500d-838c-51c06f501d4f,1785391168744,sender -> receiver,0,True,1785391168535.0,-209.0,0.0,False
86c176de-28e1-527d-aadd-9bf10092037d,1785391168746,sender -> receiver,0,True,1785391168601.0,-145.0,0.0,False
67d15c41-096f-5ff7-af4f-75e1567da391,1785391168749,sender -> receiver,0,True,1785391168607.0,-142.0,0.0,False
e3570fd1-bf11-5f3c-a9c9-7e4fd61a9750,1785391168751,sender -> receiver,0,True,1785391168613.0,-138.0,0.0,False
1b99c7ec-4e00-53dc-9689-6cbd0fe67c8d,1785391169739,sender -> receiver,0,True,1785391169575.0,-164.0,0.0,False
45fa7dd9-7f7f-5d4b-80dc-3b055a67e6c9,1785391169772,sender -> receiver,0,True,1785391169582.0,-190.0,0.0,False
0bb5d1a1-ceb1-5638-a6af-64d2a213e891,1785391169777,sender -> receiver,0,True,1785391169634.0,-143.0,0.0,False
1e560161-5269-5fc2-ae6b-eb6394079667,1785391169782,sender -> receiver,0,True,1785391169640.0,-142.0,0.0,False
9413e8d6-79bf-5f1f-9c08-bfb181663ba3,1785391170725,sender -> receiver,0,True,1785391170578.0,-147.0,0.0,False
7190a2c5-8c9f-5017-aab8-98d62379cbe1,1785391170749,sender -> receiver,0,True,1785391170585.0,-164.0,0.0,False
9015b3f7-4833-575d-85f8-166ff3e3a57e,1785391170752,sender -> receiver,0,True,1785391170594.0,-158.0,0.0,False
32f865b0-444c-53bc-9737-19fb814365ca,1785391170755,sender -> receiver,0,True,1785391170605.0,-150.0,0.0,False
670061a4-039d-5499-b5f6-4c87736e52a8,1785391171718,sender -> receiver,0,True,1785391171535.0,-183.0,0.0,False
854cadc3-35b4-5dd8-aa67-e18dd61d2f7a,1785391171761,sender -> receiver,0,True,1785391171547.0,-214.0,0.0,False
87433156-75a4-5550-995f-6f8224adc78c,1785391171766,sender -> receiver,0,True,1785391171615.0,-151.0,0.0,False
8a00b0f4-0725-5ecf-babe-83b8e040972d,1785391171771,sender -> receiver,0,True,1785391171624.0,-147.0,0.0,False
492ca8c6-da41-5547-9793-7456b8802fb7,1785391172737,sender -> receiver,0,True,1785391172615.0,-122.0,0.0,False
3818360c-2a93-597c-bf9c-07777ce6e57d,1785391172762,sender -> receiver,0,True,1785391172623.0,-139.0,0.0,False
7308cc99-76b3-54f9-b5e2-04a2c5294b4d,1785391172766,sender -> receiver,0,True,1785391172629.0,-137.0,0.0,False
3350b5fa-bf40-54aa-99fc-fdc518eb5ae3,1785391172770,sender -> receiver,0,True,1785391172636.0,-134.0,0.0,False
bbe787bd-4109-5294-ba07-4ba1b3e24f34,1785391173736,sender -> receiver,0,True,1785391173584.0,-152.0,0.0,False
d323d76f-401d-5363-aeef-7c84b364c9f8,1785391173775,sender -> receiver,0,True,1785391173597.0,-178.0,0.0,False
d29ddb22-fef9-5d22-8072-bce91c54ac45,1785391173780,sender -> receiver,0,True,1785391173655.0,-125.0,0.0,False
da9d52b0-dd2e-5c17-93cc-015ab1f9a184,1785391173785,sender -> receiver,0,True,1785391173661.0,-124.0,0.0,False
992f1d58-29a6-5a76-9d9e-35adaa5c3a7c,1785391174743,sender -> receiver,0,True,1785391174632.0,-111.0,0.0,False
21224aab-d572-5e69-bfb2-e6b3808910f1,1785391174746,sender -> receiver,0,True,1785391174640.0,-106.0,0.0,False
868feb8e-a529-538b-9a2a-5372e498ecf2,1785391174749,sender -> receiver,0,True,1785391174647.0,-102.0,0.0,False
fab83434-08bc-529d-b342-38ca371c2bdc,1785391174751,sender -> receiver,0,True,1785391174653.0,-98.0,0.0,False
f2026d7e-34c1-5a33-a04a-2192eb8db95e,1785391174769,sender -> receiver,0,True,1785391174683.0,-86.0,0.0,False
8f787a52-b2bf-5c2a-bbd2-ffc4be723cc3,1785391175735,sender -> receiver,0,True,1785391175536.0,-199.0,0.0,False
269013ab-b672-5760-8a69-d2725aa21545,1785391175738,sender -> receiver,0,True,1785391175546.0,-192.0,0.0,False
5fe45be1-3a57-5bf3-aaed-44d69993f7cd,1785391175740,sender -> receiver,0,True,1785391175604.0,-136.0,0.0,False
b9c36ace-efb7-5cb6-9523-1d49cdff3917,1785391175744,sender -> receiver,0,True,1785391175612.0,-132.0,0.0,False
ef2d39fc-2045-59d2-bdf4-0dff9976f67a,1785391176739,sender -> receiver,0,True,1785391176584.0,-155.0,0.0,False
05e5f87e-ba2c-5fa4-ab27-1ced29f5a04a,1785391176773,sender -> receiver,0,True,1785391176590.0,-183.0,0.0,False
fdd0d2e4-24d4-50f8-9d3c-d77b62c77b6d,1785391176779,sender -> receiver,0,True,1785391176598.0,-181.0,0.0,False
b454a80b-ec9e-50be-a70e-1e8691fb32ed,1785391176786,sender -> receiver,0,True,1785391176604.0,-182.0,0.0,False
23053e14-6599-53b5-813e-5a9ab4fd23cc,1785391177736,sender -> receiver,0,True,1785391177578.0,-158.0,0.0,False
ba81f9f8-4e25-59ab-9c17-5e3ca15618d1,1785391177770,sender -> receiver,0,True,1785391177584.0,-186.0,0.0,False
7818cb20-f600-5e68-8d13-54ebb66cd364,1785391177775,sender -> receiver,0,True,1785391177592.0,-183.0,0.0,False
05d4d12f-f29a-587c-aa9c-94fb69deb971,1785391177781,sender -> receiver,0,True,1785391177637.0,-144.0,0.0,False
37fb7a8c-0a78-51ec-be7f-8604ea94400f,1785391178723,sender -> receiver,0,True,1785391178559.0,-164.0,0.0,False
18a10ce4-7375-5129-85e5-2450cb7e15fa,1785391178745,sender -> receiver,0,True,1785391178614.0,-131.0,0.0,False
9b48949c-7df9-59e5-9158-3effdbc51055,1785391178748,sender -> receiver,0,True,1785391178623.0,-125.0,0.0,False
409a3e3a-7b70-596f-9537-028c54708df9,1785391178750,sender -> receiver,0,True,1785391178631.0,-119.0,0.0,False
11d8ca63-8d29-57e1-8d31-e0ce4d478bdb,1785391179764,sender -> receiver,0,True,1785391179600.0,-164.0,0.0,False
6626c5d1-c469-505f-970f-3b2c95568ccc,1785391179769,sender -> receiver,0,True,1785391179608.0,-161.0,0.0,False
88915a73-da0f-5904-bf6d-a69a928d58f3,1785391179775,sender -> receiver,0,True,1785391179616.0,-159.0,0.0,False
50c83663-d1d7-5fe5-a6c7-63b6e90881e8,1785391179807,sender -> receiver,0,True,1785391179623.0,-184.0,0.0,False
0ee3de1f-43a9-530e-b258-dd7e19ff4e70,1785391180764,sender -> receiver,0,True,1785391180602.0,-162.0,0.0,False
f40104d3-6c7f-5887-aa43-406762415ca3,1785391180768,sender -> receiver,0,True,1785391180610.0,-158.0,0.0,False
a95f2774-a966-5cc5-af03-ba940f62d649,1785391180773,sender -> receiver,0,True,1785391180617.0,-156.0,0.0,False
b0f45d19-de5e-5e0c-befa-24e82012cef3,1785391180794,sender -> receiver,0,True,1785391180623.0,-171.0,0.0,False
5e560835-c450-5e0b-98be-1bc3e2a97b15,1785391180797,sender -> receiver,0,True,1785391180661.0,-136.0,0.0,False
f24ac12b-b6fd-5774-baa4-4ad790ecf14f,1785391181748,sender -> receiver,0,True,1785391181574.0,-174.0,0.0,False
1ba9a3b2-d7b0-52d1-b1f7-67ca7f86f6d9,1785391181794,sender -> receiver,0,True,1785391181581.0,-213.0,0.0,False
54fc9153-89bf-5fbb-a375-e4663dd5b3ae,1785391181799,sender -> receiver,0,True,1785391181620.0,-179.0,0.0,False
bac89502-1fa6-5623-93be-9aa9725bcba1,1785391181805,sender -> receiver,0,True,1785391181627.0,-178.0,0.0,False
573b9eea-c480-5873-ab04-58010bb9aa32,1785391182735,sender -> receiver,0,True,1785391182600.0,-135.0,0.0,False
30fd7792-d34d-5c0d-bfdd-b9ff4ebcc084,1785391182737,sender -> receiver,0,True,1785391182607.0,-130.0,0.0,False
962bbe06-6f31-5ed0-9bf2-6a305a1a98d2,1785391182740,sender -> receiver,0,True,1785391182614.0,-126.0,0.0,False
b814bc68-6107-5919-8b58-86a36981bbca,1785391182745,sender -> receiver,0,True,1785391182620.0,-125.0,0.0,False
fd528149-526f-5391-97dd-dc544c441909,1785391183735,sender -> receiver,0,True,1785391183584.0,-151.0,0.0,False
76c98608-a2d1-5805-ba41-4da4d6e8e1ff,1785391183766,sender -> receiver,0,True,1785391183594.0,-172.0,0.0,False
dc000d39-6ad7-54d5-9108-aaa83e767212,1785391183771,sender -> receiver,0,True,1785391183606.0,-165.0,0.0,False
d0a2fcf9-8d50-5970-86fe-1dc5ab732bb8,1785391183776,sender -> receiver,0,True,1785391183616.0,-160.0,0.0,False
d1c8c0c2-2f78-5e42-8c4d-a440b3564a42,1785391184721,sender -> receiver,0,True,1785391184545.0,-176.0,0.0,False
fec201c2-b3e7-586e-92f9-ef16924b6400,1785391184745,sender -> receiver,0,True,1785391184551.0,-194.0,0.0,False
616688cc-46a0-5f7f-af2c-3dc4d8698b2c,1785391184747,sender -> receiver,0,True,1785391184558.0,-189.0,0.0,False
7c0d6a48-e0a1-5e9c-9892-fd4658a24414,1785391184750,sender -> receiver,0,True,1785391184564.0,-186.0,0.0,False
96a62232-60e5-5a48-ab80-442a69394078,1785391185752,sender -> receiver,0,True,1785391185578.0,-174.0,0.0,False
f8576a1d-4cb5-5b0b-aaec-a7eea32c364f,1785391185788,sender -> receiver,0,True,1785391185586.0,-202.0,0.0,False
49e81d02-c3ed-594b-80c6-ef583a8106e0,1785391185793,sender -> receiver,0,True,1785391185640.0,-153.0,0.0,False
d2e10f90-a1ba-54ce-a5d6-5a929513ba9a,1785391185799,sender -> receiver,0,True,1785391185648.0,-151.0,0.0,False
d70da5cc-455a-5ab2-b76b-37d08fb234f8,1785391231434,sender -> receiver,0,True,1785391231401.0,-33.0,0.0,False
ed87f447-6ffd-5369-b0a4-df09360f91d9,1785391231458,sender -> receiver,0,True,1785391231412.0,-46.0,0.0,False
a8f2746d-1712-5ecb-b058-f1edabfb1b9e,1785391231461,sender -> receiver,0,True,1785391231418.0,-43.0,0.0,False
5eb08438-5efb-5c98-a1fb-1dec9c12c907,1785391231463,sender -> receiver,0,True,1785391231424.0,-39.0,0.0,False
79beddae-8455-5b08-b37e-7acb4bd11cce,1785391231465,sender -> receiver,0,True,1785391231431.0,-34.0,0.0,False
157b6f4e-7971-5ff0-a260-5fe1445a903d,1785391232438,sender -> receiver,0,True,1785391232279.0,-159.0,0.0,False
1e5d3854-1e9c-5d50-ada9-2ac079118069,1785391232447,sender -> receiver,0,True,1785391232287.0,-160.0,0.0,False
b5c6c86a-b86e-5897-acdc-6171a729fa47,1785391232458,sender -> receiver,0,True,1785391232375.0,-83.0,0.0,False
03ae7279-1948-59c8-ab32-892bf6caba3c,1785391232507,sender -> receiver,0,True,1785391232384.0,-123.0,0.0,False
2f2dc7c3-75e8-52f3-9949-584934197ac7,1785391232513,sender -> receiver,0,True,1785391232398.0,-115.0,0.0,False
3bcda6d2-ec05-5237-a65b-d8aeb8563468,1785391233438,sender -> receiver,0,True,1785391233394.0,-44.0,0.0,False
a80c6756-6ac1-5305-a932-7604e515fe00,1785391233443,sender -> receiver,0,True,1785391233401.0,-42.0,0.0,False
b2d727d3-9224-575f-840d-5e4d4a67d161,1785391233448,sender -> receiver,0,True,1785391233440.0,-8.0,0.0,False
60bfc4dd-081a-504a-b27b-2edc30142b9e,1785391233487,sender -> receiver,0,True,1785391233449.0,-38.0,0.0,False
221150a4-1420-5a22-8188-35242d604fbc,1785391233490,sender -> receiver,0,True,1785391233480.0,-10.0,0.0,False
beea6276-f3cf-5ec1-a6a9-93e6cede4c02,1785391234475,sender -> receiver,0,True,1785391234274.0,-201.0,0.0,False
89a99d06-77b4-5c6a-9b0a-f837f662cbf7,1785391234481,sender -> receiver,0,True,1785391234354.0,-127.0,0.0,False
29220929-e6d9-5f4f-b894-5c7cfaef985d,1785391234486,sender -> receiver,0,True,1785391234367.0,-119.0,0.0,False
66ecb235-1210-5a7e-b700-fad7a63cbe10,1785391234491,sender -> receiver,0,True,1785391234376.0,-115.0,0.0,False
fad12d14-6f90-578e-ba4e-fa9142a377bf,1785391234495,sender -> receiver,0,True,1785391234383.0,-112.0,0.0,False
dc5bd67e-6ec7-57c9-a701-7417699a6f88,1785391235427,sender -> receiver,0,True,1785391235409.0,-18.0,0.0,False
c36ac5a3-cb33-55e0-befa-78edfc5f571f,1785391235434,sender -> receiver,0,True,1785391235415.0,-19.0,0.0,False
27f29275-b6ac-5094-970f-52875cb69d4c,1785391235439,sender -> receiver,0,True,1785391235422.0,-17.0,0.0,False
518bb49b-44b9-57f5-a85a-e57fcc99f0be,1785391235444,sender -> receiver,0,True,1785391235428.0,-16.0,0.0,False
cf5c1092-1f32-5488-a213-b3cdca163456,1785391236445,sender -> receiver,0,True,1785391236362.0,-83.0,0.0,False
be93fc0b-8aa6-5b86-aafb-18fa3912263c,1785391236452,sender -> receiver,0,True,1785391236371.0,-81.0,0.0,False
d62c318c-2d2c-5d70-bc51-d298b8287921,1785391236458,sender -> receiver,0,True,1785391236392.0,-66.0,0.0,False
24be7aec-189a-5743-a1c0-adfe62a4860d,1785391236504,sender -> receiver,0,True,1785391236398.0,-106.0,0.0,False
ab5d394c-0f4c-552a-ad22-5866164477d2,1785391236515,sender -> receiver,0,True,1785391236429.0,-86.0,0.0,False
20f8f490-e56f-524e-9675-587bc2a69af3,1785391237430,sender -> receiver,0,True,1785391237387.0,-43.0,0.0,False
d25e22c0-e1e8-5719-8356-8ab07dc4d2ee,1785391237431,sender -> receiver,0,True,1785391237393.0,-38.0,0.0,False
17faff9e-be89-5952-a8e1-d3d2f16c09a6,1785391237433,sender -> receiver,0,True,1785391237400.0,-33.0,0.0,False
3ede33f5-0ca1-520f-b74d-cbd00e1bf663,1785391237436,sender -> receiver,0,True,1785391237406.0,-30.0,0.0,False
00be71e8-da07-5ea4-a6ae-ef3228631c20,1785391237437,sender -> receiver,0,True,1785391237412.0,-25.0,0.0,False
3170b751-ec50-5726-b56d-78dcd98b0a6e,1785391238454,sender -> receiver,0,True,1785391238302.0,-152.0,0.0,False
b682823c-014b-55e6-9f58-fec263fe8524,1785391238485,sender -> receiver,0,True,1785391238306.0,-179.0,0.0,False
03486392-e275-5abb-996d-70dea49040ce,1785391238490,sender -> receiver,0,True,1785391238322.0,-168.0,0.0,False
1dd24c88-7cb8-59f6-a0ff-c62f20a5c38a,1785391238493,sender -> receiver,0,True,1785391238326.0,-167.0,0.0,False
1ccaa9ce-a10c-55e8-8cfa-444eb6a99057,1785391238498,sender -> receiver,0,True,1785391238329.0,-169.0,0.0,False
69385999-161b-5033-a5e6-94d4d34e7ded,1785391239447,sender -> receiver,0,True,1785391239340.0,-107.0,0.0,False
bbaf1066-9665-503e-ad74-85e1b0445e97,1785391239452,sender -> receiver,0,True,1785391239347.0,-105.0,0.0,False
6cee2396-c306-5a31-b6b1-d3a59f9b3ef0,1785391239456,sender -> receiver,0,True,1785391239354.0,-102.0,0.0,False
a9375045-bfe2-57b7-8a03-fdd19a4c7ea6,1785391239460,sender -> receiver,0,True,1785391239361.0,-99.0,0.0,False
7eaa6009-c715-57a2-93c2-22de5fc5a191,1785391240454,sender -> receiver,0,True,1785391240290.0,-164.0,0.0,False
67e00fc5-40bf-53f3-afda-7780f4f08948,1785391240460,sender -> receiver,0,True,1785391240304.0,-156.0,0.0,False
155b636a-2770-5e78-8e15-7e7ad1e2f5bd,1785391240507,sender -> receiver,0,True,1785391240312.0,-195.0,0.0,False
27204ed0-0037-516c-92f0-078892516f89,1785391240511,sender -> receiver,0,True,1785391240352.0,-159.0,0.0,False
e53f45ff-79b2-552f-b0fc-1ec3130eed54,1785391240515,sender -> receiver,0,True,1785391240384.0,-131.0,0.0,False
0a98e90a-73d0-50fa-ab04-2bbbeffb3bbb,1785391241452,sender -> receiver,0,True,1785391241529.0,77.0,0.0,False
e137f977-1c69-5ee9-ae83-ded1ed800a6f,1785391241458,sender -> receiver,0,True,1785391241536.0,78.0,0.0,False
3d036d1e-3c63-529a-bc8d-15be47997477,1785391241502,sender -> receiver,0,True,1785391241545.0,43.0,0.0,False
769b0d7e-8cd6-5871-9031-9dc353365d38,1785391241505,sender -> receiver,0,True,1785391241552.0,47.0,0.0,False
04a653d0-c35e-59dd-bf23-db129eb86360,1785391241507,sender -> receiver,0,True,1785391241561.0,54.0,0.0,False
6a33eca3-554a-5f1f-98e3-7a13766a97f5,1785391242451,sender -> receiver,0,True,1785391242611.0,160.0,0.0,False
003cd8c1-da0f-5969-b9ae-d89cbdaaa815,1785391242458,sender -> receiver,0,True,1785391242621.0,163.0,0.0,False
b5677ee0-a931-51f2-983d-0faa09b4be03,1785391242513,sender -> receiver,0,True,1785391242628.0,115.0,0.0,False
ec0a5670-0053-5ce2-9c6e-112c4fd0693b,1785391242517,sender -> receiver,0,True,1785391242667.0,150.0,0.0,False
1c6cea79-3f64-55e3-9768-0acc39b5bf6e,1785391242521,sender -> receiver,0,True,1785391242674.0,153.0,0.0,False
30086234-5926-5bb0-870b-99120761ca28,1785391243421,sender -> receiver,0,True,1785391243918.0,497.0,0.0,False
56bda6aa-ad92-5c32-949c-43dfba77b403,1785391243426,sender -> receiver,0,True,1785391243925.0,499.0,0.0,False
5b7a8651-dc40-58a0-b956-c25cde5909ec,1785391243431,sender -> receiver,0,True,1785391243932.0,501.0,0.0,False
dffcb89a-1982-51e4-963c-724908031045,1785391243437,sender -> receiver,0,True,1785391243942.0,505.0,0.0,False
e2aaac58-ebd3-5ec2-a18a-a0948b098c65,1785391244448,sender -> receiver,0,True,1785391245255.0,807.0,0.0,False
3d5e561a-6a89-594b-afa7-e239a507dea0,1785391244455,sender -> receiver,0,True,1785391245263.0,808.0,0.0,False
7d152127-125e-5b83-84a4-78524bae712c,1785391244459,sender -> receiver,0,True,1785391245272.0,813.0,0.0,False
3f789f7a-4461-5d47-848b-cec3fb400d57,1785391244463,sender -> receiver,0,True,1785391245279.0,816.0,0.0,False
8a4e428f-0003-57eb-a7d1-6fa328bff8aa,1785391244505,sender -> receiver,0,True,1785391245320.0,815.0,0.0,False
6c09ac68-f9a1-5ff3-842d-793508922a78,1785391245419,sender -> receiver,0,True,1785391246392.0,973.0,0.0,False
b945d682-f6a9-5da8-bbff-b076f54ec7d2,1785391245421,sender -> receiver,0,True,1785391246401.0,980.0,0.0,False
a75f2675-2678-5f9c-86b1-3c63c9dfecd1,1785391245423,sender -> receiver,0,True,1785391246408.0,985.0,0.0,False
156cdf2a-c127-5d41-a6bd-a271010826cf,1785391245426,sender -> receiver,0,True,1785391246415.0,989.0,0.0,False
810c794c-aa70-56d8-88cf-ad862d9e1dd9,1785391245443,sender -> receiver,0,True,1785391246421.0,978.0,0.0,False
9dd340a1-367b-5d68-9989-9ca4cc96232b,1785391246453,sender -> receiver,0,True,1785391247531.0,1078.0,0.0,False
7b4bfc55-5681-5920-ab12-e9ef4c433c1d,1785391246458,sender -> receiver,0,True,1785391247538.0,1080.0,0.0,False
1c8562e2-0fba-5536-8148-bea6685f6b4a,1785391246485,sender -> receiver,0,True,1785391247547.0,1062.0,0.0,False
93ead310-f194-5574-a802-3dba86599bee,1785391246503,sender -> receiver,0,True,1785391247558.0,1055.0,0.0,False
16a6753c-942f-58bf-9d25-4e365077a958,1785391246505,sender -> receiver,0,True,1785391247617.0,1112.0,0.0,False
e85a9d0e-745f-5a2b-9c91-270d5cebbd9f,1785391247443,sender -> receiver,0,True,1785391248653.0,1210.0,0.0,False
10f775f2-5f7d-55e7-b5b0-dbaa0896963a,1785391247447,sender -> receiver,0,True,1785391248659.0,1212.0,0.0,False
d9d851cd-9c71-5ccb-b0e2-55d3a82e05f2,1785391247451,sender -> receiver,0,True,1785391248667.0,1216.0,0.0,False
bfc0e3e4-468d-54a4-98f0-e97ab792939e,1785391247456,sender -> receiver,0,True,1785391248673.0,1217.0,0.0,False
c2afc4f6-e71f-5157-9f89-1ddff4000aa8,1785391248429,sender -> receiver,0,True,1785391249878.0,1449.0,0.0,False
0874ed81-0b9e-5baf-aa60-c32870fb626a,1785391248430,sender -> receiver,0,True,1785391249886.0,1456.0,0.0,False
4258c91e-beb1-5751-992c-e5e6d077b362,1785391248431,sender -> receiver,0,True,1785391249919.0,1488.0,0.0,False
9508a8d2-052f-54fb-b8e1-456ef802480f,1785391248432,sender -> receiver,0,True,1785391249926.0,1494.0,0.0,False
150ecf4a-8962-5d88-82fb-bd36cc33f665,1785391248433,sender -> receiver,0,True,1785391249935.0,1502.0,0.0,False
2486c1e4-b754-55fb-8aba-c14c4feb71fe,1785391249453,sender -> receiver,0,True,1785391251356.0,1903.0,0.0,False
ee42a565-5e2c-50c8-812b-835e27adc91c,1785391249457,sender -> receiver,0,True,1785391251482.0,2025.0,0.0,False
202277b7-1b18-5214-9740-892eb96f369f,1785391249460,sender -> receiver,0,True,1785391251488.0,2028.0,0.0,False
99e0d8a2-b716-5dfc-b39f-3b9af2c8e82a,1785391249463,sender -> receiver,0,True,1785391251495.0,2032.0,0.0,False
fb1347aa-d4ac-58c2-80a9-e22063234ac4,1785391249466,sender -> receiver,0,True,1785391251501.0,2035.0,0.0,False
d7bf715b-32ed-5496-8492-db4821aa6b0b,1785391250445,sender -> receiver,0,True,1785391252414.0,1969.0,0.0,False
012f921a-3ea3-57dc-9b94-16403b43555f,1785391250452,sender -> receiver,0,True,1785391252464.0,2012.0,0.0,False
a9543302-f9a7-55a3-9a26-569d19f328bf,1785391250477,sender -> receiver,0,True,1785391252471.0,1994.0,0.0,False
ec5e8569-712a-5edd-b121-95f2509949a2,1785391250482,sender -> receiver,0,True,1785391252478.0,1996.0,0.0,False
0cde025d-7218-57c8-a21e-eb36be257c9c,1785391250485,sender -> receiver,0,True,1785391252484.0,1999.0,0.0,False
326b3f29-7632-5c09-a189-3d0bd87c7c44,1785391251449,sender -> receiver,0,True,1785391253386.0,1937.0,0.0,False
6af8493a-df4b-53eb-92f4-f2a271edea0b,1785391251456,sender -> receiver,0,True,1785391253394.0,1938.0,0.0,False
5ee5d28f-6d76-5808-9eee-b67001973bf0,1785391251491,sender -> receiver,0,True,1785391253406.0,1915.0,0.0,False
ff96776b-cce9-5199-908f-bced8301a05b,1785391251494,sender -> receiver,0,True,1785391253418.0,1924.0,0.0,False
ccd77d10-364b-53ca-8e95-279b034daaf5,1785391294150,sender -> receiver,0,True,1785391293937.0,-213.0,0.0,False
861f69d6-9cdd-5697-856b-6192b18df858,1785391294152,sender -> receiver,0,True,1785391294069.0,-83.0,0.0,False
9087bf5c-62c3-5f6c-b364-757526f1adea,1785391294154,sender -> receiver,0,True,1785391294076.0,-78.0,0.0,False
fb6fc76b-086f-5f3c-8d17-9d084f36b4d7,1785391294156,sender -> receiver,0,True,1785391294082.0,-74.0,0.0,False
3f1f1f80-3a82-5d7e-92ef-fcf8c583af49,1785391294158,sender -> receiver,0,True,1785391294131.0,-27.0,0.0,False
a46967c0-5f4b-5646-904e-5c5e5cd0579f,1785391295134,sender -> receiver,0,True,1785391295016.0,-118.0,0.0,False
4f375bc1-8ecd-5445-9f26-c798bc2dcd89,1785391295160,sender -> receiver,0,True,1785391295024.0,-136.0,0.0,False
605a9b96-abf4-52ee-a99d-1ab2e19630ce,1785391295164,sender -> receiver,0,True,1785391295034.0,-130.0,0.0,False
2fea8b38-b875-5025-83b9-f501765419ff,1785391295170,sender -> receiver,0,True,1785391295041.0,-129.0,0.0,False
e512247f-d971-50c2-a154-cf3aadaf4590,1785391296130,sender -> receiver,0,True,1785391295965.0,-165.0,0.0,False
17b8435b-a7ae-5f4b-ac14-742931cd5fe6,1785391296132,sender -> receiver,0,True,1785391295972.0,-160.0,0.0,False
f9067c12-71ec-5342-bb22-afee89e4b827,1785391296134,sender -> receiver,0,True,1785391295979.0,-155.0,0.0,False
2b94f154-0322-517e-be63-76efd13bcf8c,1785391296135,sender -> receiver,0,True,1785391295985.0,-150.0,0.0,False
a6671ddd-5940-554a-9a12-007146935a24,1785391296147,sender -> receiver,0,True,1785391296028.0,-119.0,0.0,False
0d6fbdf2-4e2d-53fb-8bd0-d8b6b31367be,1785391297175,sender -> receiver,0,True,1785391297024.0,-151.0,0.0,False
b67fc0b3-e219-5511-9171-4991d9a823b2,1785391297181,sender -> receiver,0,True,1785391297033.0,-148.0,0.0,False
b8fde5c6-739b-5003-add8-dc1682f2b869,1785391297184,sender -> receiver,0,True,1785391297037.0,-147.0,0.0,False
2f868682-9962-500e-b1d7-cacbce6067f9,1785391297189,sender -> receiver,0,True,1785391297048.0,-141.0,0.0,False
4e094003-88db-553d-9084-f64dd5a89f0e,1785391298124,sender -> receiver,0,True,1785391298024.0,-100.0,0.0,False
b29167d4-1fb3-5919-bee6-bb54b5513ba8,1785391298129,sender -> receiver,0,True,1785391298031.0,-98.0,0.0,False
6fb518d2-61d4-5198-8a69-8401bd2707dd,1785391298133,sender -> receiver,0,True,1785391298039.0,-94.0,0.0,False
0491443e-9456-52fa-849f-d9bc58c45220,1785391298156,sender -> receiver,0,True,1785391298046.0,-110.0,0.0,False
9844900c-9534-5b48-a6f5-bccc80da2522,1785391299128,sender -> receiver,0,True,1785391299010.0,-118.0,0.0,False
17c982fa-1040-5f01-8692-a25657cebe83,1785391299145,sender -> receiver,0,True,1785391299016.0,-129.0,0.0,False
cc16e3a0-e40e-533b-afb7-e234b67d3b0f,1785391299148,sender -> receiver,0,True,1785391299022.0,-126.0,0.0,False
3baa7002-9934-5504-b07d-2a7c3d5ff3ef,1785391299150,sender -> receiver,0,True,1785391299062.0,-88.0,0.0,False
12595449-e39f-5453-b568-41b5fbae2950,1785391299152,sender -> receiver,0,True,1785391299073.0,-79.0,0.0,False
e95bf482-f25b-51c3-89c4-c0a77a959aad,1785391300134,sender -> receiver,0,True,1785391300046.0,-88.0,0.0,False
5b640948-179e-5b1c-9131-34d79497cc2e,1785391300180,sender -> receiver,0,True,1785391300052.0,-128.0,0.0,False
a73283d6-abb8-5751-a19f-e7ee11a7b419,1785391300187,sender -> receiver,0,True,1785391300098.0,-89.0,0.0,False
77c7f82a-9925-5bdb-adb2-658eebbf288f,1785391300193,sender -> receiver,0,True,1785391300105.0,-88.0,0.0,False
0c921fcc-da18-5048-bea6-84f5cd943eda,1785391301179,sender -> receiver,0,True,1785391300998.0,-181.0,0.0,False
806147b8-e3b9-511b-8ae1-ff37ca98bac5,1785391301185,sender -> receiver,0,True,1785391301011.0,-174.0,0.0,False
e7e93973-f91a-5a9c-9681-45d588a15484,1785391301192,sender -> receiver,0,True,1785391301015.0,-177.0,0.0,False
9b2cf2b4-ef27-531e-89df-5e20badff03b,1785391301196,sender -> receiver,0,True,1785391301019.0,-177.0,0.0,False
8958361e-125c-5ba3-9c41-f56ad9cd7135,1785391302127,sender -> receiver,0,True,1785391301958.0,-169.0,0.0,False
41005aeb-678e-50d2-8675-47c438480e5c,1785391302153,sender -> receiver,0,True,1785391301967.0,-186.0,0.0,False
b2c6d169-4e49-5d15-a402-3b73eda736f8,1785391302160,sender -> receiver,0,True,1785391302011.0,-149.0,0.0,False
fbbaee17-3811-5818-af67-df745e24276f,1785391302163,sender -> receiver,0,True,1785391302022.0,-141.0,0.0,False
b5d9e043-4741-5ad8-a1f3-afa36d7ae431,1785391302166,sender -> receiver,0,True,1785391302029.0,-137.0,0.0,False
aad6e772-ad5e-524f-bb7d-97c0e88355df,1785391303148,sender -> receiver,0,True,1785391303002.0,-146.0,0.0,False
069a94e8-c7fa-50d2-92d3-dbe150b96f16,1785391303185,sender -> receiver,0,True,1785391303006.0,-179.0,0.0,False
5da6d19d-8294-5c72-bc77-a80aa6b4e3db,1785391303191,sender -> receiver,0,True,1785391303009.0,-182.0,0.0,False
dafc1a5e-102c-5508-bd8b-f094f837061c,1785391303196,sender -> receiver,0,True,1785391303036.0,-160.0,0.0,False
6ea5d622-244f-5cfd-b96b-f55aa7d8f66a,1785391304183,sender -> receiver,0,True,1785391304026.0,-157.0,0.0,False
55c58b5c-3a08-5778-a7c6-efd7c0bd0979,1785391304188,sender -> receiver,0,True,1785391304033.0,-155.0,0.0,False
aa68a9ed-088e-56f8-997d-aacc8f0840bd,1785391304193,sender -> receiver,0,True,1785391304042.0,-151.0,0.0,False
8b4cc0dc-6f78-5e6b-b3d4-6ad3d891ef9a,1785391304215,sender -> receiver,0,True,1785391304050.0,-165.0,0.0,False
c77d1dbb-6984-5615-8328-7fd7a1fd462c,1785391305149,sender -> receiver,0,True,1785391305067.0,-82.0,0.0,False
58582d22-3302-516b-a597-c699fa1caf72,1785391305153,sender -> receiver,0,True,1785391305076.0,-77.0,0.0,False
4904dfb4-b66f-5c44-8518-516603973cf9,1785391305157,sender -> receiver,0,True,1785391305089.0,-68.0,0.0,False
eb94d0f8-772f-50ca-81ef-5dc14c966ac7,1785391305161,sender -> receiver,0,True,1785391305096.0,-65.0,0.0,False
1bc28b73-b866-59ec-b84d-6f5accfb0152,1785391305192,sender -> receiver,0,True,1785391305103.0,-89.0,0.0,False
8c6358d3-89aa-55ff-94fb-44ce73195320,1785391306144,sender -> receiver,0,True,1785391305948.0,-196.0,0.0,False
77c90c84-bae0-52a1-a716-b72e10612ff5,1785391306183,sender -> receiver,0,True,1785391305959.0,-224.0,0.0,False
484eb179-bbdb-52a4-9142-ebb19f76558e,1785391306189,sender -> receiver,0,True,1785391306028.0,-161.0,0.0,False
ecf187de-9a6a-5a88-b676-3df32b3f3247,1785391306195,sender -> receiver,0,True,1785391306035.0,-160.0,0.0,False
8a6d4c0b-527f-5344-b0c7-2975bb22936b,1785391307128,sender -> receiver,0,True,1785391307009.0,-119.0,0.0,False
b93b1227-9e21-5902-babb-1b5fc071b23d,1785391307156,sender -> receiver,0,True,1785391307016.0,-140.0,0.0,False
996dbfa6-d19a-5714-8168-d3ff4ba1c431,1785391307160,sender -> receiver,0,True,1785391307082.0,-78.0,0.0,False
84a833bb-7b4c-5f13-91bc-9ef37ce8c3f2,1785391307164,sender -> receiver,0,True,1785391307089.0,-75.0,0.0,False
f496d24f-b564-5ebd-b5c7-665d49b4ffac,1785391308123,sender -> receiver,0,True,1785391307937.0,-186.0,0.0,False
61739bf4-59fc-5f15-9d39-f49ead49b303,1785391308125,sender -> receiver,0,True,1785391307942.0,-183.0,0.0,False
b59d89a9-4b75-5948-80f6-8176e68f3dfa,1785391308127,sender -> receiver,0,True,1785391307946.0,-181.0,0.0,False
66bd7fe0-660b-507c-8cb6-e48d9c6792de,1785391308143,sender -> receiver,0,True,1785391307954.0,-189.0,0.0,False
eb79e3a8-683e-5ee2-9ba4-7619f3731749,1785391308146,sender -> receiver,0,True,1785391307977.0,-169.0,0.0,False
aa51aa2c-f8ba-521d-88fb-2685adbb6697,1785391309131,sender -> receiver,0,True,1785391308983.0,-148.0,0.0,False
81ce88b3-03e0-540f-85f9-fccb52a12db0,1785391309150,sender -> receiver,0,True,1785391308987.0,-163.0,0.0,False
f91914d0-5b27-510b-a654-7affabe80324,1785391309153,sender -> receiver,0,True,1785391308991.0,-162.0,0.0,False
f935b937-9a17-5646-81ed-b692eadd568a,1785391309155,sender -> receiver,0,True,1785391308998.0,-157.0,0.0,False
5b47b940-0cfc-510c-a0a8-d7edbd7b4dda,1785391310125,sender -> receiver,0,True,1785391309973.0,-152.0,0.0,False
597ee540-076f-563f-95ce-fa7ca8f10fff,1785391310147,sender -> receiver,0,True,1785391309984.0,-163.0,0.0,False
33a59ebd-e7f4-55e3-b4a9-480a4be8f8f4,1785391310151,sender -> receiver,0,True,1785391309991.0,-160.0,0.0,False
d357bc9d-da2e-5183-a5ae-97504555de25,1785391310153,sender -> receiver,0,True,1785391309998.0,-155.0,0.0,False
edfb804e-0884-5466-a444-c9ec03174619,1785391311125,sender -> receiver,0,True,1785391310945.0,-180.0,0.0,False
0c2f2ea9-75b6-57b7-a860-8aadbd298776,1785391311142,sender -> receiver,0,True,1785391310982.0,-160.0,0.0,False
e1ff662d-87bc-5da3-a354-f3d32d3c841d,1785391311145,sender -> receiver,0,True,1785391310991.0,-154.0,0.0,False
5a567183-ada1-56aa-a75a-d8da6c27826f,1785391311147,sender -> receiver,0,True,1785391311001.0,-146.0,0.0,False
39a20370-87f0-53e3-9e5f-778153fde8b3,1785391311149,sender -> receiver,0,True,1785391311008.0,-141.0,0.0,False
7516e8a2-0dff-5e81-9adf-facc47d8f08c,1785391312129,sender -> receiver,0,True,1785391311935.0,-194.0,0.0,False
e6365abe-2b53-513c-bd47-127d5b157895,1785391312132,sender -> receiver,0,True,1785391311944.0,-188.0,0.0,False
68dbbf57-52f4-5665-a257-e2f69b980c0a,1785391312150,sender -> receiver,0,True,1785391311958.0,-192.0,0.0,False
1c20e6d4-918c-55b6-84e2-2bf58e56dac6,1785391312154,sender -> receiver,0,True,1785391311991.0,-163.0,0.0,False
808c833d-33ed-53f8-baec-0ed74a2bb00a,1785391313169,sender -> receiver,0,True,1785391312999.0,-170.0,0.0,False
7de792d0-e457-5a37-8d34-2ad3703dbdfb,1785391313174,sender -> receiver,0,True,1785391313008.0,-166.0,0.0,False
5440e30e-5392-5688-b366-355df9ad1893,1785391313178,sender -> receiver,0,True,1785391313016.0,-162.0,0.0,False
5e67c7c7-8908-51fb-b499-f82918fd5bcd,1785391313198,sender -> receiver,0,True,1785391313026.0,-172.0,0.0,False
a7e59a99-501c-5e1a-9680-6b4c642334d2,1785391314150,sender -> receiver,0,True,1785391313959.0,-191.0,0.0,False
ba1e4f9e-0cc4-5edc-b3e2-c4bb0bc69177,1785391314189,sender -> receiver,0,True,1785391313975.0,-214.0,0.0,False
dbfcf231-d04a-5df9-ae61-29179771df00,1785391314193,sender -> receiver,0,True,1785391314011.0,-182.0,0.0,False
02964159-3dec-5f2a-bbac-30683cf235a5,1785391314199,sender -> receiver,0,True,1785391314019.0,-180.0,0.0,False
38d5cfb5-7d32-571e-a0f8-08535b65f67a,1785391314204,sender -> receiver,0,True,1785391314027.0,-177.0,0.0,False
2da4b13c-ac73-5c57-b26c-35912172733b,1785391315148,sender -> receiver,0,True,1785391314965.0,-183.0,0.0,False
5980861a-ace7-5301-bd54-d59e67364b4b,1785391315149,sender -> receiver,0,True,1785391314984.0,-165.0,0.0,False
a76d823f-7ebc-5dc3-8ed7-b4332933caec,1785391315150,sender -> receiver,0,True,1785391314998.0,-152.0,0.0,False
b10bdb1c-9175-59fb-8210-6089c405af81,1785391315151,sender -> receiver,0,True,1785391315012.0,-139.0,0.0,False
041e17f7-6a37-5461-86c4-63d2045bedb9,1785391316120,sender -> receiver,0,True,1785391315939.0,-181.0,0.0,False
7373df52-0fcb-586c-82d2-6aa383b394ab,1785391316134,sender -> receiver,0,True,1785391315955.0,-179.0,0.0,False
f1c1ba8a-e2d9-5c84-9aea-a1f87cea49b8,1785391316136,sender -> receiver,0,True,1785391315964.0,-172.0,0.0,False
5685e02e-0981-50f0-b4e3-f30affe35dda,1785391316138,sender -> receiver,0,True,1785391315971.0,-167.0,0.0,False
bbe07405-95b5-517b-a8b7-f71339d0e74f,1785391543212,sender -> receiver,0,True,1785391543035.0,-177.0,0.0,False
bba7f2d4-7176-5e07-8092-400d350351a0,1785391543217,sender -> receiver,0,True,1785391543050.0,-167.0,0.0,False
04171b71-9615-516d-acdc-30e62d1809b2,1785391543219,sender -> receiver,0,True,1785391543081.0,-138.0,0.0,False
f3a4efc7-e0bb-54f3-959f-9e004ccb88e8,1785391543221,sender -> receiver,0,True,1785391543137.0,-84.0,0.0,False
d38dad1f-635b-545f-bfc3-893772ef3b06,1785391544200,sender -> receiver,0,True,1785391544039.0,-161.0,0.0,False
d3e8a544-4d1a-5cf5-9507-27d4d0de1342,1785391544204,sender -> receiver,0,True,1785391544052.0,-152.0,0.0,False
13856301-9a22-5767-be4f-ee13adacb304,1785391544206,sender -> receiver,0,True,1785391544062.0,-144.0,0.0,False
7c21dee7-f583-5a67-971e-66dfbec61685,1785391544209,sender -> receiver,0,True,1785391544074.0,-135.0,0.0,False
59e5afcb-b963-5696-b151-6332c6bc7fdf,1785391545244,sender -> receiver,0,True,1785391545094.0,-150.0,0.0,False
5fad74f7-88a7-5232-8de8-b1dc5cef68d3,1785391545251,sender -> receiver,0,True,1785391545111.0,-140.0,0.0,False
1e651db2-18cb-556f-8f8b-268e4fb234eb,1785391545256,sender -> receiver,0,True,1785391545125.0,-131.0,0.0,False
2bd5fd51-21bb-5ca6-ad1e-02f7d3dad421,1785391545260,sender -> receiver,0,True,1785391545138.0,-122.0,0.0,False
bd0fc5f6-ecdc-59f6-9d0e-7817d52e4d0b,1785391546245,sender -> receiver,0,True,1785391546086.0,-159.0,0.0,False
cdf962d9-f404-5be5-8e1a-98825815dd80,1785391546251,sender -> receiver,0,True,1785391546102.0,-149.0,0.0,False
849a9679-b22d-54d4-aafe-814c537f4453,1785391546256,sender -> receiver,0,True,1785391546118.0,-138.0,0.0,False
e9dd9e10-ba8c-5dd5-a710-29c5d66d148a,1785391546282,sender -> receiver,0,True,1785391546152.0,-130.0,0.0,False
1c75c63c-083e-59f8-9b3f-440fb7290d7b,1785391547258,sender -> receiver,0,True,1785391547147.0,-111.0,0.0,False
4344d673-4ec6-56fa-a2ea-4a7dc5b48066,1785391547263,sender -> receiver,0,True,1785391547160.0,-103.0,0.0,False
1d31280d-7e33-5411-a8e3-d0e29c74c521,1785391547268,sender -> receiver,0,True,1785391547174.0,-94.0,0.0,False
9ae7499d-720b-5044-b842-024039eda602,1785391547272,sender -> receiver,0,True,1785391547188.0,-84.0,0.0,False
1f390959-043d-5285-8a34-d1985f616ae5,1785391548240,sender -> receiver,0,True,1785391548094.0,-146.0,0.0,False
5367a5d4-3534-5d87-84df-a1e608843d57,1785391548246,sender -> receiver,0,True,1785391548108.0,-138.0,0.0,False
8d79f171-1dc8-53fe-ac93-6fc1ee681099,1785391548251,sender -> receiver,0,True,1785391548156.0,-95.0,0.0,False
17c9f829-edb4-52c9-b050-740b9b004909,1785391548277,sender -> receiver,0,True,1785391548173.0,-104.0,0.0,False
2dda9461-af1c-52b4-a74e-da21b792f0df,1785391549240,sender -> receiver,0,True,1785391549103.0,-137.0,0.0,False
3446d395-3ac1-5f35-a4c0-4f50a1c14c27,1785391549246,sender -> receiver,0,True,1785391549118.0,-128.0,0.0,False
bc0b226d-b46e-55f9-b6fc-91a5e4f797ba,1785391549249,sender -> receiver,0,True,1785391549204.0,-45.0,0.0,False
16d0e9b1-8112-5cd6-b1c7-a0c8d02f83a1,1785391549275,sender -> receiver,0,True,1785391549218.0,-57.0,0.0,False
2967f63d-b31a-5ca2-b2ad-ddba46614d7f,1785391550237,sender -> receiver,0,True,1785391550092.0,-145.0,0.0,False
af302a47-78e8-5995-a4c8-fc456cab1995,1785391550245,sender -> receiver,0,True,1785391550106.0,-139.0,0.0,False
f8c06718-c48d-56a6-9130-1402800bc262,1785391550272,sender -> receiver,0,True,1785391550121.0,-151.0,0.0,False
e5997096-6405-55b2-a6bd-5883a012bed6,1785391550276,sender -> receiver,0,True,1785391550137.0,-139.0,0.0,False
921bef99-3bde-57d2-8696-23db093cacaa,1785391551233,sender -> receiver,0,True,1785391551143.0,-90.0,0.0,False
eb4b1123-eadc-510f-aa06-ffe56f83c759,1785391551237,sender -> receiver,0,True,1785391551153.0,-84.0,0.0,False
c1cbb6d8-6cf9-567d-b440-73d43d402627,1785391551241,sender -> receiver,0,True,1785391551164.0,-77.0,0.0,False
a4c6fbbb-9beb-59e8-8f78-ecfdf5f1194a,1785391551267,sender -> receiver,0,True,1785391551175.0,-92.0,0.0,False
e11466e9-47d9-5521-8586-9579d76cc962,1785391552228,sender -> receiver,0,True,1785391552102.0,-126.0,0.0,False
6b00f110-ad50-5398-8d2a-0115a663c6b2,1785391552231,sender -> receiver,0,True,1785391552117.0,-114.0,0.0,False
aeb1ff6e-efa6-5fe0-a62a-cb5eb374f6c2,1785391552234,sender -> receiver,0,True,1785391552131.0,-103.0,0.0,False
03ba4a9c-a9b5-5b75-b0b6-d1902ccc8022,1785391552236,sender -> receiver,0,True,1785391552145.0,-91.0,0.0,False
84189c69-62d7-5f6c-9704-f12e97c81438,1785391553254,sender -> receiver,0,True,1785391553098.0,-156.0,0.0,False
4514a9e2-3826-5bda-9c75-665c4fa75b12,1785391553258,sender -> receiver,0,True,1785391553113.0,-145.0,0.0,False
f4f77586-3fbb-5be8-b881-ef532ea9d79b,1785391553262,sender -> receiver,0,True,1785391553153.0,-109.0,0.0,False
ebca48dd-8673-5fa8-ba15-1834a2d9ab6d,1785391553266,sender -> receiver,0,True,1785391553167.0,-99.0,0.0,False
c64da789-9870-5b0b-9b07-0e83afa16187,1785391554247,sender -> receiver,0,True,1785391554086.0,-161.0,0.0,False
2d1cd3ce-d55f-5e32-a2d0-d24929bd4633,1785391554251,sender -> receiver,0,True,1785391554102.0,-149.0,0.0,False
4d02bc3e-fe61-5f10-b47d-383c2cb86e8d,1785391554255,sender -> receiver,0,True,1785391554119.0,-136.0,0.0,False
a297cbfa-1718-51b6-a2cd-14d9e4005ca4,1785391554260,sender -> receiver,0,True,1785391554133.0,-127.0,0.0,False
7c439352-920c-53c1-abdf-ac8872257f2d,1785391555237,sender -> receiver,0,True,1785391555136.0,-101.0,0.0,False
ae80cf7a-72b7-50a2-8516-be265274bfa0,1785391555241,sender -> receiver,0,True,1785391555152.0,-89.0,0.0,False
a258790d-74c1-5bc2-99db-a15db90cbf73,1785391555245,sender -> receiver,0,True,1785391555167.0,-78.0,0.0,False
6f6d48f1-fdef-5ac2-916d-579f61aac877,1785391555265,sender -> receiver,0,True,1785391555182.0,-83.0,0.0,False
a7cb165d-e057-59d3-b939-984f4e4dea11,1785391556204,sender -> receiver,0,True,1785391556049.0,-155.0,0.0,False
34a589a3-d4cf-5c88-b6f1-6bc7f120ce7a,1785391556207,sender -> receiver,0,True,1785391556063.0,-144.0,0.0,False
765ee6e9-1738-5557-ab1d-dced23554578,1785391556209,sender -> receiver,0,True,1785391556078.0,-131.0,0.0,False
706389e2-802a-5ffa-a403-24808e1c30b1,1785391556224,sender -> receiver,0,True,1785391556133.0,-91.0,0.0,False
9dd00bff-430b-584b-99e7-9e680e2c8514,1785391557205,sender -> receiver,0,True,1785391557148.0,-57.0,0.0,False
b96eebe3-99a2-5324-a935-c1fea43c237f,1785391557207,sender -> receiver,0,True,1785391557162.0,-45.0,0.0,False
da7866ca-9643-5653-8cd0-99bd788bb15e,1785391557209,sender -> receiver,0,True,1785391557176.0,-33.0,0.0,False
6b909979-dbb5-5b5e-a605-44305b46fc53,1785391557212,sender -> receiver,0,True,1785391557217.0,5.0,0.0,False
75f484f7-870e-5df4-9842-eeb25f0426dd,1785391558250,sender -> receiver,0,True,1785391558263.0,13.0,0.0,False
470cc368-8a3f-5a3e-a1a2-a34738cb5cc7,1785391558253,sender -> receiver,0,True,1785391558279.0,26.0,0.0,False
744f7262-e84c-5c26-81a2-3d90c70514ea,1785391558255,sender -> receiver,0,True,1785391558294.0,39.0,0.0,False
925a0a02-d428-5f8c-9f68-3bebdeaf67ef,1785391558258,sender -> receiver,0,True,1785391558311.0,53.0,0.0,False
293a2f87-fc19-561b-af26-85435015d51b,1785391559200,sender -> receiver,0,True,1785391559174.0,-26.0,0.0,False
4add2168-03e6-53e3-a000-3b6f8f1ade75,1785391559202,sender -> receiver,0,True,1785391559188.0,-14.0,0.0,False
37549a7a-dd26-5601-90fb-e531b450e80a,1785391559205,sender -> receiver,0,True,1785391559204.0,-1.0,0.0,False
4f0407c4-8956-5359-a956-0bd0941e8f80,1785391559207,sender -> receiver,0,True,1785391559219.0,12.0,0.0,False
b08b4cb2-4aa7-53ce-8a5a-202628c3298e,1785391560210,sender -> receiver,0,True,1785391560105.0,-105.0,0.0,False
b1d28e50-3512-56f4-9373-9f1b4184bc58,1785391560212,sender -> receiver,0,True,1785391560121.0,-91.0,0.0,False
7e2bfca6-2929-594b-8654-0ffbf3a5565a,1785391560229,sender -> receiver,0,True,1785391560135.0,-94.0,0.0,False
289531f7-a621-5c5f-a0b9-15168b4a392b,1785391560232,sender -> receiver,0,True,1785391560149.0,-83.0,0.0,False
73084f99-1364-5ee3-b257-f6cade2c9d72,1785391561230,sender -> receiver,0,True,1785391561060.0,-170.0,0.0,False
e0889458-f8e6-5446-bae1-6ec6fe9f04aa,1785391561233,sender -> receiver,0,True,1785391561120.0,-113.0,0.0,False
18075b66-c024-5011-b031-744b58147d95,1785391561237,sender -> receiver,0,True,1785391561138.0,-99.0,0.0,False
7d8bee34-506f-5db9-bfd2-83dd3093ad2e,1785391561241,sender -> receiver,0,True,1785391561157.0,-84.0,0.0,False
4fabb504-9faa-50fb-ad6f-276127389437,1785391562251,sender -> receiver,0,True,1785391562174.0,-77.0,0.0,False
a2ec5466-39ad-5479-8c60-4e414eb18f39,1785391562254,sender -> receiver,0,True,1785391562189.0,-65.0,0.0,False
8acd2194-fe01-5ca0-ba2e-e1d59a7ff833,1785391562258,sender -> receiver,0,True,1785391562206.0,-52.0,0.0,False
12445f58-0c97-50f5-b300-b7943b67be80,1785391562281,sender -> receiver,0,True,1785391562220.0,-61.0,0.0,False
d50165b4-88e9-531d-b404-7c85391c04d5,1785391563213,sender -> receiver,0,True,1785391563040.0,-173.0,0.0,False
3e5d88b1-bac8-5829-af99-ea56008d7060,1785391563215,sender -> receiver,0,True,1785391563063.0,-152.0,0.0,False
07117359-50c3-5df2-a3bc-10a209e3396d,1785391563218,sender -> receiver,0,True,1785391563078.0,-140.0,0.0,False
1709bdd5-5866-5487-875a-690a4c1dc6e8,1785391563234,sender -> receiver,0,True,1785391563093.0,-141.0,0.0,False
219b9210-e8b1-528f-9de8-a1ba6095d050,1785391564244,sender -> receiver,0,True,1785391564085.0,-159.0,0.0,False
d5ba98ea-a845-5dc5-b089-cd8bc8da65a9,1785391564250,sender -> receiver,0,True,1785391564099.0,-151.0,0.0,False
475345d7-a438-570a-b933-ba387380a89e,1785391564277,sender -> receiver,0,True,1785391564115.0,-162.0,0.0,False
86d0f08e-88ba-5e4b-827f-8c3a2a64c7f6,1785391564284,sender -> receiver,0,True,1785391564159.0,-125.0,0.0,False
cd515e21-2282-55e4-b3ae-77fe69257046,1785391565255,sender -> receiver,0,True,1785391565106.0,-149.0,0.0,False
c9d8f955-cd4d-5ce0-8bfa-7f705213d401,1785391565260,sender -> receiver,0,True,1785391565126.0,-134.0,0.0,False
f68b9c73-bac1-5e53-8cb9-559d3806a39d,1785391565266,sender -> receiver,0,True,1785391565141.0,-125.0,0.0,False
7ba508f2-515e-5753-b53a-a037e6b02e52,1785391565287,sender -> receiver,0,True,1785391565155.0,-132.0,0.0,False
e7f1adf2-1ae3-52da-88d9-7d98f569b7de,1785391566230,sender -> receiver,0,True,1785391566108.0,-122.0,0.0,False
1aa5c949-fa0d-5ed7-a7f2-1fdda54e03eb,1785391566233,sender -> receiver,0,True,1785391566128.0,-105.0,0.0,False
700fad06-de13-5f98-b876-2675ca925229,1785391566237,sender -> receiver,0,True,1785391566147.0,-90.0,0.0,False
11224426-00c7-56e6-91b4-2fc19a4bb124,1785391566241,sender -> receiver,0,True,1785391566161.0,-80.0,0.0,False
35a00e27-d50b-536c-b8c1-919128f278d0,1785391567258,sender -> receiver,0,True,1785391567118.0,-140.0,0.0,False
63022188-c107-5677-a9f0-e71289ef5b7a,1785391567263,sender -> receiver,0,True,1785391567136.0,-127.0,0.0,False
cf6c98f0-8a91-5da1-84f8-5bda2f82eb7b,1785391567268,sender -> receiver,0,True,1785391567150.0,-118.0,0.0,False
52b02223-34f3-5bc2-927a-44ccaec20561,1785391567272,sender -> receiver,0,True,1785391567164.0,-108.0,0.0,False
67be3906-8e3f-572c-9bc3-e523b3e9a7f7,1785391621546,sender -> receiver,0,True,1785391621427.0,-119.0,0.0,False
21a465a8-26bb-568b-9f8c-6667667d30aa,1785391621548,sender -> receiver,0,True,1785391621442.0,-106.0,0.0,False
3b075ac0-6c94-5ccd-adbb-5d58a54b5344,1785391621549,sender -> receiver,0,True,1785391621456.0,-93.0,0.0,False
dc4925a3-fe71-5c1d-9a96-b18fe60c91d8,1785391621551,sender -> receiver,0,True,1785391621495.0,-56.0,0.0,False
ad802209-2332-5e68-858f-1321a4c923c2,1785391621553,sender -> receiver,0,True,1785391621513.0,-40.0,0.0,False
3b6a29f1-47a4-56a6-851a-765392842363,1785391621555,sender -> receiver,0,True,1785391621531.0,-24.0,0.0,False
7a406ea6-68a1-5799-9ee4-650d6262ce0e,1785391621557,sender -> receiver,0,True,1785391621608.0,51.0,0.0,False
e500d4ec-e89e-5eac-ab99-c8da18359304,1785391621570,sender -> receiver,0,True,1785391621627.0,57.0,0.0,False
720e9b56-19d8-5a6f-b05c-9bc202d4ac32,1785391621573,sender -> receiver,0,True,1785391621672.0,99.0,0.0,False
08dc469d-426d-51eb-9ac0-c73c537870af,1785391622524,sender -> receiver,0,True,1785391622327.0,-197.0,0.0,False
ca021389-0d9c-5586-be3d-f21034d4671f,1785391622527,sender -> receiver,0,True,1785391622348.0,-179.0,0.0,False
3ed3c613-03f5-5625-ae68-2e3909e91d05,1785391622540,sender -> receiver,0,True,1785391622358.0,-182.0,0.0,False
72d1b9b2-061a-529e-a9bf-121352dab721,1785391622545,sender -> receiver,0,True,1785391622402.0,-143.0,0.0,False
e786cb9d-e309-5c65-b9a0-242784fc7ca4,1785391622547,sender -> receiver,0,True,1785391622419.0,-128.0,0.0,False
000dfede-3882-5a1d-b293-6f793aaf5a7f,1785391622549,sender -> receiver,0,True,1785391622435.0,-114.0,0.0,False
b3147872-9629-5579-9e59-132e5cabba94,1785391622551,sender -> receiver,0,True,1785391622449.0,-102.0,0.0,False
bb6faea6-a482-58cc-93e1-9bb41fc69882,1785391622553,sender -> receiver,0,True,1785391622464.0,-89.0,0.0,False
20b31c53-bc1d-599b-8650-9c9b5e824f99,1785391623523,sender -> receiver,0,True,1785391623370.0,-153.0,0.0,False
cfb80a4b-6fd0-5990-8081-fcd3970523c0,1785391623526,sender -> receiver,0,True,1785391623385.0,-141.0,0.0,False
0c1990c0-b426-5950-8008-de59fc1a18ed,1785391623528,sender -> receiver,0,True,1785391623396.0,-132.0,0.0,False
3116b04f-2c17-5fba-867e-53a733c5822e,1785391623530,sender -> receiver,0,True,1785391623409.0,-121.0,0.0,False
c50357db-a270-568b-8391-b8fa9a739067,1785391623532,sender -> receiver,0,True,1785391623421.0,-111.0,0.0,False
c0d16d77-583e-559c-87fe-8babfa91f6d9,1785391623535,sender -> receiver,0,True,1785391623433.0,-102.0,0.0,False
84497637-da22-57da-9f8c-818c77efe6ac,1785391623537,sender -> receiver,0,True,1785391623445.0,-92.0,0.0,False
42a3e020-1e00-5e2b-8204-84db1847c501,1785391623550,sender -> receiver,0,True,1785391623458.0,-92.0,0.0,False
ed99c7a4-b0b3-56d6-aa3d-edfa7c113354,1785391624590,sender -> receiver,0,True,1785391624442.0,-148.0,0.0,False
96fc0753-3734-5d9c-ae2f-9cc83dbcb433,1785391624593,sender -> receiver,0,True,1785391624456.0,-137.0,0.0,False
4ffb21a4-4f3f-5b29-8e88-026b32bda224,1785391624596,sender -> receiver,0,True,1785391624471.0,-125.0,0.0,False
e002dd80-6cba-55b6-9c21-aeb31aa5f925,1785391624598,sender -> receiver,0,True,1785391624485.0,-113.0,0.0,False
35903711-0910-5025-88dd-9dce9e203136,1785391624612,sender -> receiver,0,True,1785391624522.0,-90.0,0.0,False
5f93249c-d3fb-5a91-b450-b0bd1a9d75c0,1785391624615,sender -> receiver,0,True,1785391624543.0,-72.0,0.0,False
e305a724-f972-5872-8d10-08846670315b,1785391624617,sender -> receiver,0,True,1785391624582.0,-35.0,0.0,False
f894e448-15ed-5cd6-89e6-2c638475e5da,1785391624620,sender -> receiver,0,True,1785391624649.0,29.0,0.0,False
0ca2f69a-0ac3-55d1-9a59-324f8866b622,1785391624622,sender -> receiver,0,True,1785391624664.0,42.0,0.0,False
fc7b5858-97cd-5164-b741-06b7b71068b4,1785391625527,sender -> receiver,0,True,1785391625365.0,-162.0,0.0,False
a6893962-b004-5ddb-b603-adc098470ca4,1785391625529,sender -> receiver,0,True,1785391625385.0,-144.0,0.0,False
ca11ac35-6953-5f77-8112-13d61f99ca97,1785391625531,sender -> receiver,0,True,1785391625400.0,-131.0,0.0,False
4009384d-dca8-5469-ba44-a2993728a66e,1785391625548,sender -> receiver,0,True,1785391625414.0,-134.0,0.0,False
326c7d56-9783-52de-8234-6df5a461bce2,1785391625554,sender -> receiver,0,True,1785391625451.0,-103.0,0.0,False
3c9c0805-64bb-5603-a11d-0bc439f2274d,1785391625557,sender -> receiver,0,True,1785391625467.0,-90.0,0.0,False
68e75d6d-3e8e-5f84-8c65-b19fb60d9cda,1785391625563,sender -> receiver,0,True,1785391625482.0,-81.0,0.0,False
715d8946-6c89-546e-a866-6d1b7d2c4258,1785391625574,sender -> receiver,0,True,1785391625552.0,-22.0,0.0,False
b80fe3d8-0f11-51c0-8269-2419b99d06c6,1785391626601,sender -> receiver,0,True,1785391626441.0,-160.0,0.0,False
8fcfb751-a11e-5dcd-82eb-5478506aaa9a,1785391626617,sender -> receiver,0,True,1785391626480.0,-137.0,0.0,False
7d5cc371-ddd1-52a4-bed7-d60c2aa03ad7,1785391626619,sender -> receiver,0,True,1785391626496.0,-123.0,0.0,False
79aa5f45-1f46-5b12-98eb-fc345e3192a7,1785391626621,sender -> receiver,0,True,1785391626512.0,-109.0,0.0,False
b2f53a2b-00f1-55e1-b98f-6d1b90a391bf,1785391626624,sender -> receiver,0,True,1785391626528.0,-96.0,0.0,False
29351f8c-b744-5ebe-9026-c3475fa5e194,1785391626628,sender -> receiver,0,True,1785391626542.0,-86.0,0.0,False
21feb00b-c24d-5238-8e41-d66b6fd0cd90,1785391626640,sender -> receiver,0,True,1785391626585.0,-55.0,0.0,False
5440aa3f-2e95-529c-ab61-c872419c43a2,1785391626643,sender -> receiver,0,True,1785391626601.0,-42.0,0.0,False
ad11762a-e57a-517f-931f-94bb6b50d73e,1785391627558,sender -> receiver,0,True,1785391627521.0,-37.0,0.0,False
314307ff-ce8a-50cd-b0fe-41a84277a7b4,1785391627561,sender -> receiver,0,True,1785391627532.0,-29.0,0.0,False
45757458-72c9-5f20-b57a-b20b135610d5,1785391627563,sender -> receiver,0,True,1785391627544.0,-19.0,0.0,False
485f6632-d47b-5828-bbaf-d62333ad4760,1785391627565,sender -> receiver,0,True,1785391627557.0,-8.0,0.0,False
664094d9-b3af-5398-a0f5-474a9223c2bf,1785391627570,sender -> receiver,0,True,1785391627570.0,0.0,0.0,False
9e945bbf-ce4b-56b6-906a-00d6cccdf4e5,1785391627572,sender -> receiver,0,True,1785391627584.0,12.0,0.0,False
2e434b34-110f-5650-8527-cc65636e7234,1785391627574,sender -> receiver,0,True,1785391627598.0,24.0,0.0,False
f0ec45c4-27bf-5dad-b97c-c4d600daee36,1785391627587,sender -> receiver,0,True,1785391627610.0,23.0,0.0,False
6f83727a-b6a2-5887-bd84-97707fc02e1c,1785391627590,sender -> receiver,0,True,1785391627623.0,33.0,0.0,False
0adcad4b-ca89-5263-bd34-0c50488adfd7,1785391628556,sender -> receiver,0,True,1785391628420.0,-136.0,0.0,False
dbcf1929-ed77-573f-b522-7a14a3063ff9,1785391628559,sender -> receiver,0,True,1785391628434.0,-125.0,0.0,False
7a14b484-3d27-56b6-a1b2-86ee4a0562ba,1785391628561,sender -> receiver,0,True,1785391628451.0,-110.0,0.0,False
3ac72f70-8bcb-583c-8a61-1a6885da5d0b,1785391628565,sender -> receiver,0,True,1785391628485.0,-80.0,0.0,False
a3b0bc94-9e20-5449-b031-2aad3c130e3d,1785391628568,sender -> receiver,0,True,1785391628501.0,-67.0,0.0,False
fd4c152b-038e-5ba2-b3ba-dfd2ae334e70,1785391628570,sender -> receiver,0,True,1785391628523.0,-47.0,0.0,False
4518b9d9-3060-5be8-93fa-50c74433fbd5,1785391628585,sender -> receiver,0,True,1785391628536.0,-49.0,0.0,False
45f6412c-2866-5d98-afb8-dd7073f254ea,1785391628587,sender -> receiver,0,True,1785391628578.0,-9.0,0.0,False
3376bb1c-7f51-5ba2-8c54-80923f17d761,1785391629542,sender -> receiver,0,True,1785391629382.0,-160.0,0.0,False
9525c6e3-0eeb-55c9-8d31-0d4758359352,1785391629544,sender -> receiver,0,True,1785391629399.0,-145.0,0.0,False
f4bdd222-d56d-5dc5-9500-68cd49c4d45e,1785391629547,sender -> receiver,0,True,1785391629437.0,-110.0,0.0,False
62ac4c68-ea3a-57ad-a6a6-ffaa15e43bd3,1785391629549,sender -> receiver,0,True,1785391629454.0,-95.0,0.0,False
3fd4a0cb-ec0c-5883-9ddf-9f7115e24ea7,1785391629552,sender -> receiver,0,True,1785391629470.0,-82.0,0.0,False
c1012832-5a80-54fd-9ad3-d3dae0b66110,1785391629565,sender -> receiver,0,True,1785391629484.0,-81.0,0.0,False
ac4dedd7-1227-57db-9586-cebe557fa33d,1785391629567,sender -> receiver,0,True,1785391629520.0,-47.0,0.0,False
da9bfa5f-5c35-5e7d-ad23-61f2c547f95d,1785391629569,sender -> receiver,0,True,1785391629535.0,-34.0,0.0,False
7b8dc49b-40d2-5902-99a2-9b34c8f8a8e4,1785391630573,sender -> receiver,0,True,1785391630410.0,-163.0,0.0,False
3548fc48-198e-56bf-b1a1-6f8f1a42a898,1785391630575,sender -> receiver,0,True,1785391630425.0,-150.0,0.0,False
491ab379-3087-529f-ba6f-fc65a262d720,1785391630578,sender -> receiver,0,True,1785391630441.0,-137.0,0.0,False
d0636e63-bf80-5037-8135-d5c8e65b803e,1785391630582,sender -> receiver,0,True,1785391630487.0,-95.0,0.0,False
5576e253-60bc-5945-8ed2-f1d65d1e358f,1785391630596,sender -> receiver,0,True,1785391630503.0,-93.0,0.0,False
180f170a-e0b4-5075-9752-8ad17c2e4f7e,1785391630598,sender -> receiver,0,True,1785391630518.0,-80.0,0.0,False
86bfa44c-17d7-5525-9a32-de21dec295f4,1785391630600,sender -> receiver,0,True,1785391630533.0,-67.0,0.0,False
675c3c0e-bddc-5c7a-bbbc-eb499f9b9f2a,1785391630602,sender -> receiver,0,True,1785391630547.0,-55.0,0.0,False
c61ce165-bbf0-590b-bd1a-bf682d4963c9,1785391630604,sender -> receiver,0,True,1785391630581.0,-23.0,0.0,False
d1526e90-0958-5988-ae6c-5f7a00fec854,1785391631576,sender -> receiver,0,True,1785391631401.0,-175.0,0.0,False
2f92949f-049a-5418-ad4b-b2c9b234ac4e,1785391631579,sender -> receiver,0,True,1785391631416.0,-163.0,0.0,False
29a2c26f-f7c4-5da6-8e04-bf1c4c53c029,1785391631597,sender -> receiver,0,True,1785391631432.0,-165.0,0.0,False
1621290a-aab9-547c-bad7-6485835e4274,1785391631600,sender -> receiver,0,True,1785391631478.0,-122.0,0.0,False
9b32203f-f4ae-5d3a-b5a7-9c20eed0c522,1785391631603,sender -> receiver,0,True,1785391631493.0,-110.0,0.0,False
a0d9d0d8-19a1-5c37-af0b-3e8a87d9bd98,1785391631605,sender -> receiver,0,True,1785391631508.0,-97.0,0.0,False
e947793b-cbbb-5de1-bd7e-29dfb61749ff,1785391631608,sender -> receiver,0,True,1785391631523.0,-85.0,0.0,False
2aaf548e-3360-5185-84df-2eaedd474d25,1785391631611,sender -> receiver,0,True,1785391631538.0,-73.0,0.0,False
7b7bf144-1df7-5991-9fc5-293f41f947f8,1785391632561,sender -> receiver,0,True,1785391632435.0,-126.0,0.0,False
bc556101-e7f2-5816-8f6d-bc168fd7f615,1785391632563,sender -> receiver,0,True,1785391632454.0,-109.0,0.0,False
75a18f56-af0d-527d-8c34-85d35423d8c0,1785391632566,sender -> receiver,0,True,1785391632495.0,-71.0,0.0,False
3d09fe30-93ec-5cb6-b385-ba488f77c171,1785391632568,sender -> receiver,0,True,1785391632517.0,-51.0,0.0,False
7ed3e3a7-e237-5b51-9067-e3914db43818,1785391632570,sender -> receiver,0,True,1785391632537.0,-33.0,0.0,False
d496bb24-34bc-54c7-a6a4-5a9561e21a5f,1785391632573,sender -> receiver,0,True,1785391632551.0,-22.0,0.0,False
e82ca56f-7792-516f-88c2-b224946cf997,1785391632575,sender -> receiver,0,True,1785391632587.0,12.0,0.0,False
fc263a8d-08b3-5daf-ac13-4544d57dff9d,1785391632578,sender -> receiver,0,True,1785391632605.0,27.0,0.0,False
1cca9713-b11a-5d28-9730-1702b088384f,1785391681301,sender -> receiver,0,True,1785391681134.0,-167.0,0.0,False
0202017d-347f-5cd1-aede-8b94b09d0577,1785391681330,sender -> receiver,0,True,1785391681150.0,-180.0,0.0,False
1ef1f7b7-08b6-5eee-af77-e5ee600a8591,1785391681333,sender -> receiver,0,True,1785391681174.0,-159.0,0.0,False
bb5eda80-302a-5394-a3aa-32f4e923dfd4,1785391681337,sender -> receiver,0,True,1785391681189.0,-148.0,0.0,False
cab195c1-ca7e-5ea6-b82a-66d88fbe6483,1785391681339,sender -> receiver,0,True,1785391681205.0,-134.0,0.0,False
5265c8ac-5a32-54e5-912e-c66bd986eefb,1785391681341,sender -> receiver,0,True,1785391681242.0,-99.0,0.0,False
63557cc3-3532-5b27-9022-d25d9b0146d8,1785391682314,sender -> receiver,0,True,1785391682184.0,-130.0,0.0,False
0b548c4f-8baf-5105-afad-22420b9d610f,1785391682322,sender -> receiver,0,True,1785391682198.0,-124.0,0.0,False
a96d3b35-e7bf-572a-b744-15e3c423adb0,1785391682327,sender -> receiver,0,True,1785391682212.0,-115.0,0.0,False
30ac903b-4b36-5fff-96a5-c3885e6791ff,1785391682331,sender -> receiver,0,True,1785391682254.0,-77.0,0.0,False
29e26eba-4d0b-5485-9917-d927b4d73a10,1785391682351,sender -> receiver,0,True,1785391682268.0,-83.0,0.0,False
0d8c2e8f-c95b-565f-bb42-f2213e3f62a3,1785391682355,sender -> receiver,0,True,1785391682292.0,-63.0,0.0,False
72755436-4aea-5356-9029-e0dfa91a240a,1785391683312,sender -> receiver,0,True,1785391683164.0,-148.0,0.0,False
faa9cd3d-31fe-593a-a6c5-aa220fcd6ae3,1785391683318,sender -> receiver,0,True,1785391683179.0,-139.0,0.0,False
2c3118a2-eee1-58af-bdb0-ce33c64e7902,1785391683343,sender -> receiver,0,True,1785391683193.0,-150.0,0.0,False
8dfdbafc-e126-5690-8961-38125783e2c3,1785391683346,sender -> receiver,0,True,1785391683207.0,-139.0,0.0,False
0b28b87c-6c1c-5045-b6fb-1e5093bc01b5,1785391683349,sender -> receiver,0,True,1785391683222.0,-127.0,0.0,False
8bcef415-d7a1-55a1-b622-aafa7f0e32aa,1785391683353,sender -> receiver,0,True,1785391683260.0,-93.0,0.0,False
38a3a10a-cf37-536b-aad7-139153a46311,1785391684324,sender -> receiver,0,True,1785391684152.0,-172.0,0.0,False
62552a13-55fe-5029-925e-238d33a41436,1785391684329,sender -> receiver,0,True,1785391684167.0,-162.0,0.0,False
868f4020-bfe3-520c-9f1b-465ea388e0a2,1785391684333,sender -> receiver,0,True,1785391684182.0,-151.0,0.0,False
efb24a76-4580-5289-8076-327e33096e03,1785391684337,sender -> receiver,0,True,1785391684218.0,-119.0,0.0,False
c8522277-251f-5ae3-a262-8a6ed683b039,1785391684340,sender -> receiver,0,True,1785391684246.0,-94.0,0.0,False
845a57f3-c3d4-5be6-88a7-1d81b8fd0691,1785391684343,sender -> receiver,0,True,1785391684262.0,-81.0,0.0,False
e7a4aecb-d7f3-509b-894f-670e1cb72ca7,1785391685313,sender -> receiver,0,True,1785391685180.0,-133.0,0.0,False
3e148253-e04f-5e99-aac4-03cc9712ce36,1785391685317,sender -> receiver,0,True,1785391685195.0,-122.0,0.0,False
eca98b87-6727-57f5-9b86-05f8f8b4fd65,1785391685321,sender -> receiver,0,True,1785391685210.0,-111.0,0.0,False
c51567d6-8990-5267-be8a-d56033307eac,1785391685339,sender -> receiver,0,True,1785391685226.0,-113.0,0.0,False
3873a785-c9ea-5883-b6e1-f69749f7e44d,1785391685341,sender -> receiver,0,True,1785391685264.0,-77.0,0.0,False
9185ed65-6f66-5fdd-bc38-864db78a8937,1785391685343,sender -> receiver,0,True,1785391685308.0,-35.0,0.0,False
7a6c871c-67d9-5d08-843b-f417b355744d,1785391686310,sender -> receiver,0,True,1785391686210.0,-100.0,0.0,False
37cc9b06-c0ac-539c-a12f-aa5e1c2b28b2,1785391686315,sender -> receiver,0,True,1785391686226.0,-89.0,0.0,False
dcde3e9e-b362-5f51-ba68-3c23a8d53946,1785391686317,sender -> receiver,0,True,1785391686241.0,-76.0,0.0,False
340a053a-eb8c-5624-bbd1-e617f33d21f7,1785391686319,sender -> receiver,0,True,1785391686257.0,-62.0,0.0,False
baa19a22-917d-58ab-a1b7-fc99ae6f2eab,1785391686321,sender -> receiver,0,True,1785391686294.0,-27.0,0.0,False
07bb2b3d-f0f3-5717-81c8-534558dc1d10,1785391686324,sender -> receiver,0,True,1785391686321.0,-3.0,0.0,False
5c54d1ec-a0d8-5d7d-a5e0-159c90eac0e8,1785391687316,sender -> receiver,0,True,1785391687174.0,-142.0,0.0,False
9a3629d4-4aff-519c-81e3-5a70f6c4bbaa,1785391687322,sender -> receiver,0,True,1785391687185.0,-137.0,0.0,False
427bc423-8687-5a44-b106-e9ce6149da39,1785391687328,sender -> receiver,0,True,1785391687196.0,-132.0,0.0,False
d748c0d2-65c6-514e-ab77-1e7d3555272e,1785391687332,sender -> receiver,0,True,1785391687210.0,-122.0,0.0,False
9ddc0dae-c613-5f76-8e50-74d837ff3031,1785391687336,sender -> receiver,0,True,1785391687224.0,-112.0,0.0,False
78603b4e-fcec-5a34-ad2f-68c554826a12,1785391687360,sender -> receiver,0,True,1785391687237.0,-123.0,0.0,False
f387f164-09c8-5bf2-8cc7-7ac277b03546,1785391688297,sender -> receiver,0,True,1785391688189.0,-108.0,0.0,False
cde85bac-de64-5620-8bd2-97d3aa4be709,1785391688300,sender -> receiver,0,True,1785391688203.0,-97.0,0.0,False
bf8fa934-539b-577b-a4a0-5e752179d5c5,1785391688303,sender -> receiver,0,True,1785391688219.0,-84.0,0.0,False
a1797cc3-6835-5bad-bfde-5eaa272b9564,1785391688306,sender -> receiver,0,True,1785391688234.0,-72.0,0.0,False
1c67e799-d7b0-5619-8d43-b00ad7bce385,1785391688310,sender -> receiver,0,True,1785391688282.0,-28.0,0.0,False
d653a799-d23a-50aa-a24c-c31067ab9879,1785391688313,sender -> receiver,0,True,1785391688302.0,-11.0,0.0,False
db01fc56-802d-5115-9e42-ff3b060bea69,1785391689254,sender -> receiver,0,True,1785391689102.0,-152.0,0.0,False
57d647c9-bbf0-5f00-adeb-24ddfae61d98,1785391689272,sender -> receiver,0,True,1785391689118.0,-154.0,0.0,False
837fd509-2fe9-5587-bd87-ec2a963cca3b,1785391689275,sender -> receiver,0,True,1785391689132.0,-143.0,0.0,False
b94efa81-60b0-525f-b652-d5321884f02c,1785391689278,sender -> receiver,0,True,1785391689147.0,-131.0,0.0,False
91421722-364e-5134-9f6e-f25b4234af6f,1785391689281,sender -> receiver,0,True,1785391689161.0,-120.0,0.0,False
3353750f-b89e-5b90-9919-0c50145f0679,1785391690304,sender -> receiver,0,True,1785391690117.0,-187.0,0.0,False
23fe8ec7-d29a-55a9-bcaa-bb4cd991d4fc,1785391690308,sender -> receiver,0,True,1785391690135.0,-173.0,0.0,False
e7aca184-fb24-56fe-b44a-3d90f9f730e5,1785391690331,sender -> receiver,0,True,1785391690151.0,-180.0,0.0,False
c6cf05d4-d6af-56b7-a7a0-ef0286e7568f,1785391690337,sender -> receiver,0,True,1785391690213.0,-124.0,0.0,False
a4d7db23-1b39-5992-a03d-7265bef05ac5,1785391690339,sender -> receiver,0,True,1785391690235.0,-104.0,0.0,False
d56a441e-3a8d-581b-88e3-7d1ccc6648c4,1785391690357,sender -> receiver,0,True,1785391690253.0,-104.0,0.0,False
54beedf8-dfc1-51a2-9f93-b2a0aec5d7e9,1785391691245,sender -> receiver,0,True,1785391691103.0,-142.0,0.0,False
dda9276d-5c67-58b5-8940-d7ff07f08dbf,1785391691262,sender -> receiver,0,True,1785391691118.0,-144.0,0.0,False
e261dadf-cf5f-56de-9825-458622f93758,1785391691264,sender -> receiver,0,True,1785391691132.0,-132.0,0.0,False
e195d45e-2589-50d4-bbb4-0ac1232c5c39,1785391691270,sender -> receiver,0,True,1785391691146.0,-124.0,0.0,False
c0e3894e-bd11-55a3-8b19-b2cd6f0b7d9f,1785391691272,sender -> receiver,0,True,1785391691160.0,-112.0,0.0,False
e3665df3-c304-5b69-a922-666356b61b5b,1785391691287,sender -> receiver,0,True,1785391691200.0,-87.0,0.0,False
d5aa69a1-0253-5ea2-a543-52c6af1c4d24,1785391692274,sender -> receiver,0,True,1785391692133.0,-141.0,0.0,False
5f956219-73a8-59e2-9327-764dc3f92af4,1785391692277,sender -> receiver,0,True,1785391692146.0,-131.0,0.0,False
a141497d-c1b9-56a7-adf6-e7ceb6e2f4dd,1785391692280,sender -> receiver,0,True,1785391692161.0,-119.0,0.0,False
5a640745-8b4e-5c3f-9760-7145841615f5,1785391692282,sender -> receiver,0,True,1785391692177.0,-105.0,0.0,False
f6902d74-eecb-525e-9bd4-a8c7b4ab1a0e,1785391692285,sender -> receiver,0,True,1785391692221.0,-64.0,0.0,False
638af24b-293c-5d3d-8e06-f17dd3e0a6de,1785391692297,sender -> receiver,0,True,1785391692248.0,-49.0,0.0,False
5f3b34e1-a7cf-57eb-a2b1-87161046534f,1785391693263,sender -> receiver,0,True,1785391693097.0,-166.0,0.0,False
81e6eddb-f59b-5178-bdc5-fdf74465a469,1785391693265,sender -> receiver,0,True,1785391693111.0,-154.0,0.0,False
6a915f77-74c7-5dc2-af0c-8142ffe72586,1785391693283,sender -> receiver,0,True,1785391693125.0,-158.0,0.0,False
f0cdfa95-036e-59b1-a3e8-bdef1dcf05a8,1785391693286,sender -> receiver,0,True,1785391693139.0,-147.0,0.0,False
66d5dacd-756e-5466-9532-518ea4a4e4cf,1785391693288,sender -> receiver,0,True,1785391693189.0,-99.0,0.0,False
ded56a1d-5d54-55f8-99ee-cdde0446740a,1785391693291,sender -> receiver,0,True,1785391693205.0,-86.0,0.0,False
8981c17b-92bf-5a62-92c7-e26d23a2b21d,1785391694310,sender -> receiver,0,True,1785391694125.0,-185.0,0.0,False
e374ee59-8ad6-54a1-8116-d4d9f2345edb,1785391694316,sender -> receiver,0,True,1785391694141.0,-175.0,0.0,False
f6773fe7-ea3b-51d5-9454-401d4947c3e2,1785391694320,sender -> receiver,0,True,1785391694155.0,-165.0,0.0,False
d61253db-7d93-5fe2-bc5c-03cc94145536,1785391694324,sender -> receiver,0,True,1785391694170.0,-154.0,0.0,False
6e74f7f1-ff50-53ff-b949-b1599149e86c,1785391694328,sender -> receiver,0,True,1785391694204.0,-124.0,0.0,False
3ad3bc2f-af27-5087-aeba-737a0bf3089b,1785391694354,sender -> receiver,0,True,1785391694220.0,-134.0,0.0,False
f875c61f-1cd3-505e-bfa1-37e600d3a712,1785391695350,sender -> receiver,0,True,1785391695272.0,-78.0,0.0,False
d9a8aab7-2c61-5c54-ae6b-4688104e0e36,1785391695357,sender -> receiver,0,True,1785391695288.0,-69.0,0.0,False
6e69ea81-719b-5af6-bcce-4a64048511ce,1785391695368,sender -> receiver,0,True,1785391695397.0,29.0,0.0,False
7508c69d-7284-5f78-8697-60a95f00f940,1785391695391,sender -> receiver,0,True,1785391695412.0,21.0,0.0,False
90ccf63e-0a6e-5969-b40a-8983107df08d,1785391695396,sender -> receiver,0,True,1785391695431.0,35.0,0.0,False
d77921c1-dc3c-5c10-a71f-2085f796c44c,1785391695399,sender -> receiver,0,True,1785391695446.0,47.0,0.0,False
262320c6-e8fa-53a7-a806-84bdfaa6f165,1785391696259,sender -> receiver,0,True,1785391696082.0,-177.0,0.0,False
82296b8c-fd06-53ec-b1d6-09389ecac139,1785391696280,sender -> receiver,0,True,1785391696163.0,-117.0,0.0,False
c61c45a4-c26a-5a14-911f-5f7a18b324d3,1785391696285,sender -> receiver,0,True,1785391696178.0,-107.0,0.0,False
7d2877b2-0873-56a6-8f1a-27c9b195f1bb,1785391696287,sender -> receiver,0,True,1785391696228.0,-59.0,0.0,False
bbc9ce3d-e1e7-5cba-9109-78c95a5186ba,1785391696289,sender -> receiver,0,True,1785391696245.0,-44.0,0.0,False
fe347727-3b62-5bea-89f2-5545821bd121,1785391696293,sender -> receiver,0,True,1785391696263.0,-30.0,0.0,False
d02ce336-b84f-50e0-aeb5-5dc702f30d93,1785391697328,sender -> receiver,0,True,1785391697140.0,-188.0,0.0,False
e37c1930-992e-5e02-8758-6854c58803b9,1785391697334,sender -> receiver,0,True,1785391697157.0,-177.0,0.0,False
2dadb32a-9d30-5256-99fe-54fd1021239e,1785391697338,sender -> receiver,0,True,1785391697173.0,-165.0,0.0,False
82ee7065-df3c-52ae-a695-2d0e1cea6980,1785391697359,sender -> receiver,0,True,1785391697188.0,-171.0,0.0,False
32e2e1f7-aec6-5988-8ed0-ac0138980052,1785391697363,sender -> receiver,0,True,1785391697229.0,-134.0,0.0,False
b4c9b075-e0e6-52cd-b148-3fa9617e6683,1785391740498,sender -> receiver,0,True,1785391740299.0,-199.0,0.0,False
374cb1c2-e00a-593e-943d-2d8ec5980598,1785391740500,sender -> receiver,0,True,1785391740319.0,-181.0,0.0,False
3b3ec74d-eb4c-5179-8873-590c6b124814,1785391740502,sender -> receiver,0,True,1785391740337.0,-165.0,0.0,False
02d769da-fd59-5585-8ae1-252eaf670633,1785391740504,sender -> receiver,0,True,1785391740349.0,-155.0,0.0,False
3d33742b-65e3-52fb-b9c7-bdc14c59b8b5,1785391740505,sender -> receiver,0,True,1785391740365.0,-140.0,0.0,False
41ca98e4-29fe-5926-b05a-9049b969e1d8,1785391741540,sender -> receiver,0,True,1785391741391.0,-149.0,0.0,False
00a138e3-602a-52eb-978e-008f79208cd2,1785391741544,sender -> receiver,0,True,1785391741414.0,-130.0,0.0,False
41449ac9-098d-5ada-add2-f0fa93c4816c,1785391741570,sender -> receiver,0,True,1785391741432.0,-138.0,0.0,False
b0be3c5b-d1d5-5635-9bc4-d4b8a901f48b,1785391741573,sender -> receiver,0,True,1785391741448.0,-125.0,0.0,False
c5ce175e-bab2-59b5-84d2-7c2443165ed1,1785391742489,sender -> receiver,0,True,1785391742369.0,-120.0,0.0,False
6c210562-1582-50bd-b954-6c8beda4c090,1785391742513,sender -> receiver,0,True,1785391742384.0,-129.0,0.0,False
ad1fb4f8-1f12-510c-9a30-7dccb955a375,1785391742516,sender -> receiver,0,True,1785391742399.0,-117.0,0.0,False
4f4e4678-cc31-5623-b664-025a78ee6ec8,1785391742520,sender -> receiver,0,True,1785391742413.0,-107.0,0.0,False
f9875499-e331-546d-998b-7742ae8f4191,1785391742534,sender -> receiver,0,True,1785391742458.0,-76.0,0.0,False
fe707860-4feb-5997-a2cb-67f1eb064a7c,1785391743559,sender -> receiver,0,True,1785391743434.0,-125.0,0.0,False
cdf2155e-323c-566e-b8b8-3ffb60980321,1785391743563,sender -> receiver,0,True,1785391743450.0,-113.0,0.0,False
1fc06c18-c72b-53e2-a5f9-1efdb628cb75,1785391743566,sender -> receiver,0,True,1785391743464.0,-102.0,0.0,False
3742c554-f18e-5538-b32e-c4dfd2834fb2,1785391743570,sender -> receiver,0,True,1785391743479.0,-91.0,0.0,False
1a5ebae2-dc56-5efc-aed1-2c7aecae3a44,1785391744543,sender -> receiver,0,True,1785391744341.0,-202.0,0.0,False
3604ae85-117a-5499-be4b-1110c396cad4,1785391744546,sender -> receiver,0,True,1785391744387.0,-159.0,0.0,False
8dfe40f9-6d3c-54cb-b889-0cbd68237a81,1785391744551,sender -> receiver,0,True,1785391744407.0,-144.0,0.0,False
595e5943-f3e3-52ad-92e5-65b0804b02a0,1785391744567,sender -> receiver,0,True,1785391744421.0,-146.0,0.0,False
e103588a-f701-5772-aa6a-8c999a628f17,1785391745525,sender -> receiver,0,True,1785391745358.0,-167.0,0.0,False
b15cb71b-c5eb-5732-81d1-8680c9329915,1785391745527,sender -> receiver,0,True,1785391745375.0,-152.0,0.0,False
f22a1851-169a-52a0-bb35-b67f69e5bfe9,1785391745529,sender -> receiver,0,True,1785391745391.0,-138.0,0.0,False
d8046ff3-d219-5b79-9535-a63bdda5ef7b,1785391745531,sender -> receiver,0,True,1785391745405.0,-126.0,0.0,False
a820e3c7-0d1c-57b9-89d6-2f31d083c77e,1785391745534,sender -> receiver,0,True,1785391745420.0,-114.0,0.0,False
4d9c1f55-5ced-5f37-8cf5-2b1f98f9a08f,1785391746568,sender -> receiver,0,True,1785391746414.0,-154.0,0.0,False
a9cabd23-d5c6-5251-93d1-45ab39573ba1,1785391746572,sender -> receiver,0,True,1785391746428.0,-144.0,0.0,False
d3feb795-fc2a-56b2-a1e9-47904bbb43ae,1785391746576,sender -> receiver,0,True,1785391746443.0,-133.0,0.0,False
93449162-3e8c-5040-9ce5-177ff7cf6d89,1785391746580,sender -> receiver,0,True,1785391746486.0,-94.0,0.0,False
e50a065e-2be1-5267-a4d1-1cb1a44c0d55,1785391747566,sender -> receiver,0,True,1785391747479.0,-87.0,0.0,False
adfc2f3e-f0aa-5f60-a238-153411f6dbf2,1785391747569,sender -> receiver,0,True,1785391747496.0,-73.0,0.0,False
0e6916bc-4247-521e-af80-94e9d7950aca,1785391747573,sender -> receiver,0,True,1785391747511.0,-62.0,0.0,False
3b99034d-c7eb-5298-bece-0fd2841143d1,1785391747576,sender -> receiver,0,True,1785391747525.0,-51.0,0.0,False
955935e0-103f-51a9-8091-04cf6e5e35b3,1785391748489,sender -> receiver,0,True,1785391748359.0,-130.0,0.0,False
103084ed-bb68-5b6e-9048-9339b1b9c553,1785391748491,sender -> receiver,0,True,1785391748374.0,-117.0,0.0,False
2cc79710-725c-5c68-a639-6c4f8f990bc4,1785391748493,sender -> receiver,0,True,1785391748389.0,-104.0,0.0,False
d8cf7a7f-ccb4-57a8-9c6c-897d94c4a050,1785391748495,sender -> receiver,0,True,1785391748404.0,-91.0,0.0,False
1c7c33b5-c033-5e23-bbc4-4e524fcd3d8b,1785391748497,sender -> receiver,0,True,1785391748450.0,-47.0,0.0,False
03e88a32-2b6e-5c15-8b80-f3e9e3db3cc3,1785391749486,sender -> receiver,0,True,1785391749298.0,-188.0,0.0,False
87bc5b16-eab4-5119-b0e1-35cb34ad0a94,1785391749488,sender -> receiver,0,True,1785391749314.0,-174.0,0.0,False
b75a7bec-72c4-5c6d-9ce5-5f86f8e73807,1785391749491,sender -> receiver,0,True,1785391749329.0,-162.0,0.0,False
291fbe1f-fc5a-555f-983f-27002d48827b,1785391749493,sender -> receiver,0,True,1785391749377.0,-116.0,0.0,False
e2b22fe8-4828-5bdd-85a6-4750c300681b,1785391750577,sender -> receiver,0,True,1785391750432.0,-145.0,0.0,False
2cada74b-1562-5c5d-82dc-849fe6f4337f,1785391750581,sender -> receiver,0,True,1785391750448.0,-133.0,0.0,False
c18bff59-53c4-5e72-b9d2-f66cc20326f7,1785391750585,sender -> receiver,0,True,1785391750464.0,-121.0,0.0,False
048dca7f-d3a4-5e7b-8d4b-b9f195fc2553,1785391750589,sender -> receiver,0,True,1785391750481.0,-108.0,0.0,False
a1a2e0ba-9ba7-5572-97f1-6f8dc9de0473,1785391751543,sender -> receiver,0,True,1785391751388.0,-155.0,0.0,False
d47afd63-2844-5a75-ad09-87665a36fd42,1785391751547,sender -> receiver,0,True,1785391751404.0,-143.0,0.0,False
1136f41e-8d66-5861-adb4-3bcf45a6d4e4,1785391751571,sender -> receiver,0,True,1785391751419.0,-152.0,0.0,False
52bfdc3a-02f0-5f4b-a3ae-ec84c8cbd81e,1785391751576,sender -> receiver,0,True,1785391751467.0,-109.0,0.0,False
deab4d30-e5b9-5d42-ac98-5d71b5a9b77f,1785391751579,sender -> receiver,0,True,1785391751483.0,-96.0,0.0,False
d75d1a20-3bb4-568f-bee0-8d0365829fde,1785391752566,sender -> receiver,0,True,1785391752399.0,-167.0,0.0,False
f10a35c0-1f11-5fc8-95a5-61fd4649510f,1785391752571,sender -> receiver,0,True,1785391752420.0,-151.0,0.0,False
5cc3fb8a-205c-541b-8ccf-6a19e140f3af,1785391752575,sender -> receiver,0,True,1785391752437.0,-138.0,0.0,False
ad6621e5-caa7-5f6d-b551-499027f422a3,1785391752579,sender -> receiver,0,True,1785391752452.0,-127.0,0.0,False
1d42754a-9050-58b3-900d-92ecadb07722,1785391753488,sender -> receiver,0,True,1785391753339.0,-149.0,0.0,False
5359df86-fd6d-5f3a-90d2-cdb5ff99746d,1785391753503,sender -> receiver,0,True,1785391753396.0,-107.0,0.0,False
fdf9a551-0f37-5be2-bafd-246214a8339e,1785391753506,sender -> receiver,0,True,1785391753413.0,-93.0,0.0,False
00931778-2a43-55b9-a0a3-8489bd4940ac,1785391753511,sender -> receiver,0,True,1785391753428.0,-83.0,0.0,False
b3815324-b850-5a40-94ab-ccfb9cef68ab,1785391754514,sender -> receiver,0,True,1785391754362.0,-152.0,0.0,False
75311730-e2a1-5f77-a1f7-60b7c7b66afd,1785391754548,sender -> receiver,0,True,1785391754374.0,-174.0,0.0,False
d4362c7b-71a3-55ce-9f27-82d2ec38709d,1785391754551,sender -> receiver,0,True,1785391754406.0,-145.0,0.0,False
dc218a99-4c16-57bb-914f-a33f5092c3de,1785391754553,sender -> receiver,0,True,1785391754454.0,-99.0,0.0,False
641edb33-4eb0-51d0-b49c-18229fea3554,1785391754556,sender -> receiver,0,True,1785391754469.0,-87.0,0.0,False
0baaabe8-c305-533f-b3f1-a1474c08f5c8,1785391755552,sender -> receiver,0,True,1785391755392.0,-160.0,0.0,False
2bd05716-b908-5f7c-8166-bac0e6494d0d,1785391755555,sender -> receiver,0,True,1785391755415.0,-140.0,0.0,False
f5e6b3f1-30e1-5b4a-86b9-6bf5258d652c,1785391755559,sender -> receiver,0,True,1785391755430.0,-129.0,0.0,False
e24e5086-32b0-5ad6-8d7f-7d410f343abb,1785391755563,sender -> receiver,0,True,1785391755448.0,-115.0,0.0,False
1b8d021c-2a83-583c-b51c-b80b88eaef8b,1785391756476,sender -> receiver,0,True,1785391756311.0,-165.0,0.0,False
7d6a9aea-45a0-5430-93ad-37355912860d,1785391756520,sender -> receiver,0,True,1785391756330.0,-190.0,0.0,False
bf1d1d5b-ea71-5462-bf7a-c312c30bbe6a,1785391756523,sender -> receiver,0,True,1785391756376.0,-147.0,0.0,False
7cbfc601-67f2-5b0e-8ee4-6c28713269e6,1785391756525,sender -> receiver,0,True,1785391756396.0,-129.0,0.0,False
ab332050-0de0-51d2-886b-40f7fc11c605,1785391757554,sender -> receiver,0,True,1785391757393.0,-161.0,0.0,False
c0e5776e-3c16-51eb-9b18-7bf2919f35b9,1785391757557,sender -> receiver,0,True,1785391757411.0,-146.0,0.0,False
222ec758-417c-5ac2-9a64-8c5fb9916d37,1785391757561,sender -> receiver,0,True,1785391757428.0,-133.0,0.0,False
74efec02-41bf-54e3-ad56-6e5512cd24fe,1785391757576,sender -> receiver,0,True,1785391757445.0,-131.0,0.0,False
f29875ca-4bef-5c6c-b8a3-aecaf05cad9a,1785391757579,sender -> receiver,0,True,1785391757482.0,-97.0,0.0,False
e979c409-7a4c-5ad1-b0cd-c03d5900c977,1785391758530,sender -> receiver,0,True,1785391758401.0,-129.0,0.0,False
f20fea92-3af5-58ca-ac59-e12a041f9c95,1785391758533,sender -> receiver,0,True,1785391758417.0,-116.0,0.0,False
a5dc8880-260e-56c6-a0ec-cde4cea69a4b,1785391758538,sender -> receiver,0,True,1785391758432.0,-106.0,0.0,False
d90aaa8d-9061-5730-9434-f8bafe78cd43,1785391758543,sender -> receiver,0,True,1785391758447.0,-96.0,0.0,False
e85c657c-3f1a-5770-8d4d-d24e31d2f401,1785391759480,sender -> receiver,0,True,1785391759297.0,-183.0,0.0,False
87fc8aa1-ec14-56a6-8319-1c2b1b606c2c,1785391759483,sender -> receiver,0,True,1785391759307.0,-176.0,0.0,False
13fb7bd4-ef99-55ae-9a1d-5cac12607225,1785391759485,sender -> receiver,0,True,1785391759324.0,-161.0,0.0,False
657c1c4f-4da5-58a5-9af4-5746919123a9,1785391759487,sender -> receiver,0,True,1785391759344.0,-143.0,0.0,False
33fd555b-0ad4-5320-bbb9-b8cb703f83f5,1785391760493,sender -> receiver,0,True,1785391760322.0,-171.0,0.0,False
db1edd7d-b693-5616-8b68-66495629b9d8,1785391760495,sender -> receiver,0,True,1785391760368.0,-127.0,0.0,False
7145fa21-6138-5560-af78-e16e3f4aa6f9,1785391760496,sender -> receiver,0,True,1785391760385.0,-111.0,0.0,False
1a26f5c5-b034-5216-b9ff-ce9c32cb2583,1785391760498,sender -> receiver,0,True,1785391760401.0,-97.0,0.0,False
b744110b-530a-5bed-864a-695de3f66c16,1785391760500,sender -> receiver,0,True,1785391760417.0,-83.0,0.0,False
337c86e8-62af-5929-bfb2-f4029ce24b8e,1785391761567,sender -> receiver,0,True,1785391761396.0,-171.0,0.0,False
8fed5f08-c389-5f2e-a985-3052f12948bd,1785391761572,sender -> receiver,0,True,1785391761413.0,-159.0,0.0,False
1589d79e-7fbd-5684-8867-0d82a4025500,1785391761577,sender -> receiver,0,True,1785391761428.0,-149.0,0.0,False
a36cc399-76bb-5ddb-aff7-6c74e1b8169c,1785391761582,sender -> receiver,0,True,1785391761444.0,-138.0,0.0,False
6833b46e-4f12-51c8-b0a5-c1b0bbc4992f,1785391762478,sender -> receiver,0,True,1785391762367.0,-111.0,0.0,False
aecf8e5b-3a8f-5f07-a23f-e8b9c388e8d8,1785391762509,sender -> receiver,0,True,1785391762384.0,-125.0,0.0,False
a2837272-2a9b-5420-8c4c-25545e7b9016,1785391762511,sender -> receiver,0,True,1785391762401.0,-110.0,0.0,False
e83af9c0-7f02-5745-9927-b2f0c391ec14,1785391762515,sender -> receiver,0,True,1785391762416.0,-99.0,0.0,False
d080d227-0f6d-591a-962e-2ab7f3de6b57,1785391803713,sender -> receiver,0,True,1785391803517.0,-196.0,0.0,False
d2cc19ad-401c-587a-bc8e-2cefbaafba01,1785391803740,sender -> receiver,0,True,1785391803536.0,-204.0,0.0,False
2806e630-51e8-5dde-821e-3657ee6acd08,1785391803743,sender -> receiver,0,True,1785391803598.0,-145.0,0.0,False
9bcda3ed-bc31-5f0a-bca9-ea8d33871bc0,1785391803747,sender -> receiver,0,True,1785391803615.0,-132.0,0.0,False
10b84a08-280b-5532-a5e7-95e86c23c709,1785391804717,sender -> receiver,0,True,1785391804564.0,-153.0,0.0,False
136d6ccb-c092-54c6-b4e4-577bcff3891c,1785391804743,sender -> receiver,0,True,1785391804577.0,-166.0,0.0,False
25148584-26c4-5d88-b3c2-fc5c0e1113e6,1785391804748,sender -> receiver,0,True,1785391804628.0,-120.0,0.0,False
61f61be6-49fd-590b-acb8-c424a1176ea3,1785391804751,sender -> receiver,0,True,1785391804645.0,-106.0,0.0,False
a3e175c1-0c31-5df1-ac6c-d105c88847b0,1785391805696,sender -> receiver,0,True,1785391805497.0,-199.0,0.0,False
750e3256-1954-5cd1-a166-293983c6c5aa,1785391805702,sender -> receiver,0,True,1785391805518.0,-184.0,0.0,False
b47199ef-dd9e-5520-8c4c-4a393b6628cb,1785391805707,sender -> receiver,0,True,1785391805565.0,-142.0,0.0,False
e97be72d-980d-5cee-a50b-846294ec6d02,1785391805709,sender -> receiver,0,True,1785391805582.0,-127.0,0.0,False
6b87660d-1b7e-5651-9c33-f6eca436576c,1785391806711,sender -> receiver,0,True,1785391806637.0,-74.0,0.0,False
ebf020fe-9a47-535b-955d-df88bef796c4,1785391806733,sender -> receiver,0,True,1785391806651.0,-82.0,0.0,False
632f1711-8b3e-587d-b3ce-825c43f1161a,1785391806737,sender -> receiver,0,True,1785391806666.0,-71.0,0.0,False
c7fe4471-d0ce-5320-8077-1a1c9ec9c3e8,1785391806741,sender -> receiver,0,True,1785391806681.0,-60.0,0.0,False
9c503f4c-4769-541d-8cbd-bff9580a19bb,1785391807746,sender -> receiver,0,True,1785391807522.0,-224.0,0.0,False
9e194e8f-c1af-5785-a5ad-0022b231a0ee,1785391807750,sender -> receiver,0,True,1785391807646.0,-104.0,0.0,False
fbc34291-8865-5413-bc80-3e0312bd4ff1,1785391807753,sender -> receiver,0,True,1785391807660.0,-93.0,0.0,False
ad580a2c-7275-5119-b750-17d6e90c15b3,1785391807755,sender -> receiver,0,True,1785391807674.0,-81.0,0.0,False
73fd51b3-64db-5af4-953e-04d3460ba02b,1785391808696,sender -> receiver,0,True,1785391808515.0,-181.0,0.0,False
084e80e3-ff64-59d1-bce8-14015675dc14,1785391808698,sender -> receiver,0,True,1785391808533.0,-165.0,0.0,False
4e6ec9ce-2267-5a2f-915d-3110fb623c59,1785391808700,sender -> receiver,0,True,1785391808550.0,-150.0,0.0,False
0d621a7f-6cb9-5365-9097-1c21b4e05207,1785391808702,sender -> receiver,0,True,1785391808565.0,-137.0,0.0,False
3930c8e0-8574-577d-ba73-047fd0a93f6c,1785391809744,sender -> receiver,0,True,1785391809581.0,-163.0,0.0,False
f7043a77-1f59-569f-8644-9b7a02330099,1785391809750,sender -> receiver,0,True,1785391809598.0,-152.0,0.0,False
ce7a2d89-27f0-52d0-96ee-d99f4041d13d,1785391809754,sender -> receiver,0,True,1785391809612.0,-142.0,0.0,False
925b63dc-8002-56e6-a361-66a6d6c7cfdc,1785391809758,sender -> receiver,0,True,1785391809627.0,-131.0,0.0,False
80af1c5f-e3ce-5627-a1a0-eed5a0437595,1785391810701,sender -> receiver,0,True,1785391810537.0,-164.0,0.0,False
a2add8f7-e871-5021-9ace-5d1404e40f93,1785391810722,sender -> receiver,0,True,1785391810558.0,-164.0,0.0,False
ebe44f84-2219-54e3-a363-2354e1ac25eb,1785391810725,sender -> receiver,0,True,1785391810573.0,-152.0,0.0,False
1509760e-b0de-52ad-a2db-d3fb0847d122,1785391810728,sender -> receiver,0,True,1785391810648.0,-80.0,0.0,False
445f7241-37b2-5829-9f11-5d83003c2cb4,1785391811703,sender -> receiver,0,True,1785391811538.0,-165.0,0.0,False
1fcf4f71-a806-5d30-81c7-f3d23af6cda4,1785391811705,sender -> receiver,0,True,1785391811553.0,-152.0,0.0,False
3c6477b0-2a2d-5c9f-8688-4ab1a33fe5fa,1785391811708,sender -> receiver,0,True,1785391811569.0,-139.0,0.0,False
46cb855b-a782-52de-b96e-1d80bf66e91e,1785391811710,sender -> receiver,0,True,1785391811585.0,-125.0,0.0,False
e5196486-db9e-5937-9fcc-eefd749d1d85,1785391812694,sender -> receiver,0,True,1785391812519.0,-175.0,0.0,False
07e5f4e4-e3e1-5b13-a952-689adcb85215,1785391812712,sender -> receiver,0,True,1785391812544.0,-168.0,0.0,False
a04218cc-e08e-549c-8b27-62cf09a5dfbd,1785391812715,sender -> receiver,0,True,1785391812560.0,-155.0,0.0,False
e27a0879-fe26-5ba0-b074-960fd89e9a42,1785391812720,sender -> receiver,0,True,1785391812578.0,-142.0,0.0,False
7a9233a9-91c0-5609-ba82-fa351188445a,1785391813725,sender -> receiver,0,True,1785391813554.0,-171.0,0.0,False
09f815a3-d372-5f33-87f9-ec87f84470f6,1785391813756,sender -> receiver,0,True,1785391813624.0,-132.0,0.0,False
d3fef245-f134-5de5-9fbd-94766bc9cbff,1785391813761,sender -> receiver,0,True,1785391813649.0,-112.0,0.0,False
14b016b8-1fb3-51ee-acdd-19357d32ea63,1785391813765,sender -> receiver,0,True,1785391813663.0,-102.0,0.0,False
4305bc6c-9f44-52bc-b8e3-fff8995b1ff0,1785391814766,sender -> receiver,0,True,1785391814629.0,-137.0,0.0,False
fbae3e40-5023-5264-9dcb-cb5181521f8b,1785391814772,sender -> receiver,0,True,1785391814651.0,-121.0,0.0,False
4d4d9afb-559a-5eda-b633-6c4c9ce4ccd0,1785391814776,sender -> receiver,0,True,1785391814667.0,-109.0,0.0,False
3cdc98c2-ad27-54aa-8466-cf56051ab927,1785391814779,sender -> receiver,0,True,1785391814681.0,-98.0,0.0,False
2a810bc2-8c26-5c61-be0a-1c809d86b848,1785391815686,sender -> receiver,0,True,1785391815501.0,-185.0,0.0,False
836f3b42-051b-5d3d-965c-946b3c51e976,1785391815704,sender -> receiver,0,True,1785391815550.0,-154.0,0.0,False
28628445-f787-5d62-9a35-cdb8362e9726,1785391815706,sender -> receiver,0,True,1785391815565.0,-141.0,0.0,False
9e77126a-2dfe-56e1-91a4-cc6275fdcca6,1785391815709,sender -> receiver,0,True,1785391815584.0,-125.0,0.0,False
28d3f784-7afa-5364-a3d8-556d532f1683,1785391816724,sender -> receiver,0,True,1785391816592.0,-132.0,0.0,False
191526cb-016a-5c89-b5da-3e4d62879b02,1785391816748,sender -> receiver,0,True,1785391816612.0,-136.0,0.0,False
d2e79da3-12ad-5b45-80cd-8d549dc6d976,1785391816752,sender -> receiver,0,True,1785391816626.0,-126.0,0.0,False
2af3ce9a-6f09-5c5c-a524-ad0847dfa1b6,1785391816756,sender -> receiver,0,True,1785391816640.0,-116.0,0.0,False
416e58f5-6a97-5d93-b488-65d7f6bbba68,1785391817695,sender -> receiver,0,True,1785391817544.0,-151.0,0.0,False
f09e2d4a-afef-5fa9-b6d9-33e5e6f07dd6,1785391817699,sender -> receiver,0,True,1785391817562.0,-137.0,0.0,False
92e124b9-b665-5521-89f4-3f3fc8670194,1785391817702,sender -> receiver,0,True,1785391817576.0,-126.0,0.0,False
2a7a7df9-349e-5ebd-9f3d-2638fa929976,1785391817706,sender -> receiver,0,True,1785391817591.0,-115.0,0.0,False
e45a8aa3-3e32-5f07-865f-12ca685e365c,1785391818727,sender -> receiver,0,True,1785391818588.0,-139.0,0.0,False
bd0db1a4-d095-5d39-8cae-36d5db2acc43,1785391818755,sender -> receiver,0,True,1785391818603.0,-152.0,0.0,False
51f27ab4-785f-51c4-b8a5-be4830f3fb1e,1785391818758,sender -> receiver,0,True,1785391818622.0,-136.0,0.0,False
14970c77-0ec2-50ea-a053-6f32e9afa3e2,1785391818761,sender -> receiver,0,True,1785391818637.0,-124.0,0.0,False
9faa858c-6c85-5cdb-bf67-29728c5ad41a,1785391819686,sender -> receiver,0,True,1785391819514.0,-172.0,0.0,False
be402d91-58ec-5315-833b-ae434eebd13c,1785391819706,sender -> receiver,0,True,1785391819528.0,-178.0,0.0,False
e8800b48-0955-51c7-a34c-29a0f59d81c1,1785391819708,sender -> receiver,0,True,1785391819550.0,-158.0,0.0,False
b4ece2a4-07c0-53b1-ba7d-be197f670aa9,1785391819711,sender -> receiver,0,True,1785391819565.0,-146.0,0.0,False
be1c2eec-37c5-5dce-9ee1-e48bcce9c26f,1785391820755,sender -> receiver,0,True,1785391820589.0,-166.0,0.0,False
64b526ac-acb1-5326-a499-7b2453c63d6f,1785391820758,sender -> receiver,0,True,1785391820604.0,-154.0,0.0,False
a57a8dd5-b26d-57d8-8935-e6493ac18ece,1785391820761,sender -> receiver,0,True,1785391820621.0,-140.0,0.0,False
450fd54c-3da2-56f3-a168-1b996d3ee149,1785391820764,sender -> receiver,0,True,1785391820636.0,-128.0,0.0,False
281b88c4-d7bb-54cc-8078-de9596d1bd3c,1785391821727,sender -> receiver,0,True,1785391821586.0,-141.0,0.0,False
4dbacc19-1a87-530a-983c-2f9e7ba7e724,1785391821732,sender -> receiver,0,True,1785391821606.0,-126.0,0.0,False
645df045-7f69-53b5-888a-cad4aa4a19a8,1785391821735,sender -> receiver,0,True,1785391821621.0,-114.0,0.0,False
217bda74-c9be-5a87-9e7d-8585124aabb1,1785391821739,sender -> receiver,0,True,1785391821637.0,-102.0,0.0,False
b1466504-328b-5f81-8c3f-c3cee16dc087,1785391822711,sender -> receiver,0,True,1785391822621.0,-90.0,0.0,False
38e27042-7e14-5755-bd25-59a601892fc7,1785391822741,sender -> receiver,0,True,1785391822639.0,-102.0,0.0,False
e4aff479-c935-53f8-869a-68e06e821dfa,1785391822748,sender -> receiver,0,True,1785391822655.0,-93.0,0.0,False
c2d2c2ab-d9b4-5069-94d1-ab48ad42e830,1785391822751,sender -> receiver,0,True,1785391822671.0,-80.0,0.0,False
d6bc9765-0118-5d54-b058-47dc71f7f901,1785391823768,sender -> receiver,0,True,1785391823606.0,-162.0,0.0,False
25e2d2cb-2f48-5eae-bda3-45deedfdca91,1785391823775,sender -> receiver,0,True,1785391823621.0,-154.0,0.0,False
fc7a2b73-22cc-5c46-aa08-d56684f4abce,1785391823779,sender -> receiver,0,True,1785391823636.0,-143.0,0.0,False
8f94d7a8-666f-5dd2-9d1b-94e70b5cf623,1785391823784,sender -> receiver,0,True,1785391823651.0,-133.0,0.0,False
7fd78ede-7e27-559a-8394-8eff319d064e,1785391824710,sender -> receiver,0,True,1785391824534.0,-176.0,0.0,False
7fad28a8-4577-5029-8fdd-c015f7087979,1785391824738,sender -> receiver,0,True,1785391824555.0,-183.0,0.0,False
2b26b861-f077-59d3-8fb9-0de3b8c7ac0d,1785391824743,sender -> receiver,0,True,1785391824624.0,-119.0,0.0,False
41aeca8e-b9eb-5939-a153-c945b95f6888,1785391824747,sender -> receiver,0,True,1785391824641.0,-106.0,0.0,False
a5a382da-2044-5100-84ae-58064a1aff0e,1785391825753,sender -> receiver,0,True,1785391825587.0,-166.0,0.0,False
36709866-6df3-51b8-ba59-2254aec489f0,1785391825758,sender -> receiver,0,True,1785391825605.0,-153.0,0.0,False
158055e8-60b2-5140-a7d1-416c1e89a36c,1785391825763,sender -> receiver,0,True,1785391825620.0,-143.0,0.0,False
b8ff99f2-05b1-5ef4-85dc-70c8031de7b3,1785391825768,sender -> receiver,0,True,1785391825635.0,-133.0,0.0,False
6391d340-41df-5c00-9ba0-0ce68ab936fc,1785391826699,sender -> receiver,0,True,1785391826612.0,-87.0,0.0,False
82852458-719c-50bd-830e-9b31db07d3be,1785391826703,sender -> receiver,0,True,1785391826626.0,-77.0,0.0,False
a199f453-f050-52fb-a778-73a573af69e8,1785391826706,sender -> receiver,0,True,1785391826664.0,-42.0,0.0,False
466ce64b-e896-5dd0-9310-31870bd6850b,1785391826710,sender -> receiver,0,True,1785391826679.0,-31.0,0.0,False
2f002bfb-77d5-52ec-b211-4d0cfe4a6b02,1785391827696,sender -> receiver,0,True,1785391827517.0,-179.0,0.0,False
d7889a12-021d-5c1c-bd30-9643e2eed24e,1785391827717,sender -> receiver,0,True,1785391827531.0,-186.0,0.0,False
43936300-51f0-5d9a-be72-c14c2972bfa3,1785391827721,sender -> receiver,0,True,1785391827552.0,-169.0,0.0,False
24cf0d75-a70b-5f1d-ae89-1898184bd384,1785391827724,sender -> receiver,0,True,1785391827567.0,-157.0,0.0,False
7e4617c9-bd09-54ef-a4bb-2852f19e8f31,1785391869956,sender -> receiver,0,True,1785391869789.0,-167.0,0.0,False
55a026fc-20bb-56c7-88ab-78236716ee73,1785391869959,sender -> receiver,0,True,1785391869804.0,-155.0,0.0,False
41c80a62-2f14-5dd2-aaf1-63d1d3ffb3b4,1785391869962,sender -> receiver,0,True,1785391869819.0,-143.0,0.0,False
2ec09efe-d039-5d24-b8f7-5ace983862b4,1785391869968,sender -> receiver,0,True,1785391869834.0,-134.0,0.0,False
2dc9a8f2-f07b-5080-80a7-64a3976845de,1785391869969,sender -> receiver,0,True,1785391869848.0,-121.0,0.0,False
c96edd03-544c-5114-9685-2f14929b1623,1785391870986,sender -> receiver,0,True,1785391870825.0,-161.0,0.0,False
80334f10-babf-5cab-a314-a5f0bd80d3c8,1785391870991,sender -> receiver,0,True,1785391870849.0,-142.0,0.0,False
b4fa919f-ca76-5044-8768-84efe7f99a87,1785391870995,sender -> receiver,0,True,1785391870887.0,-108.0,0.0,False
45c78ea0-e2fa-5cb9-ada2-c32c0c599850,1785391871000,sender -> receiver,0,True,1785391870905.0,-95.0,0.0,False
b1c48a29-2ac9-55c9-9006-7792de47640f,1785391871952,sender -> receiver,0,True,1785391871757.0,-195.0,0.0,False
3179bcf8-ebd9-5894-b07e-1a72fac6d82f,1785391871956,sender -> receiver,0,True,1785391871786.0,-170.0,0.0,False
dcfea2ca-bb06-554d-8178-3f16270f7c1e,1785391871958,sender -> receiver,0,True,1785391871845.0,-113.0,0.0,False
a6616140-e6ce-50e0-a634-f4bb69496b87,1785391871960,sender -> receiver,0,True,1785391871861.0,-99.0,0.0,False
f1efcc7a-62eb-575b-ae99-8c1dcf3e4029,1785391872966,sender -> receiver,0,True,1785391872795.0,-171.0,0.0,False
9e9888c5-1367-5c9a-94ac-af238be1484e,1785391872972,sender -> receiver,0,True,1785391872816.0,-156.0,0.0,False
323508a4-6d9e-552b-85dc-c8b138cbdbd0,1785391872976,sender -> receiver,0,True,1785391872843.0,-133.0,0.0,False
4eb12621-5803-512b-9687-e2b222b66143,1785391872981,sender -> receiver,0,True,1785391872858.0,-123.0,0.0,False
2adcfd5a-2eee-586c-b81e-3fd5b6a3755a,1785391874002,sender -> receiver,0,True,1785391873821.0,-181.0,0.0,False
f605adc1-1ef7-57df-aaf5-7494c0e63328,1785391874007,sender -> receiver,0,True,1785391873840.0,-167.0,0.0,False
f09753be-2794-58d6-890c-9dad705f47da,1785391874014,sender -> receiver,0,True,1785391873857.0,-157.0,0.0,False
42df3216-4c17-5dfc-a5ed-dc37c54631a4,1785391874019,sender -> receiver,0,True,1785391873901.0,-118.0,0.0,False
1b98b33c-f139-534f-8b3f-ac1bf5a4123f,1785391874937,sender -> receiver,0,True,1785391874764.0,-173.0,0.0,False
60eceac6-0f67-57d0-94ff-26cb4aaee7b7,1785391874955,sender -> receiver,0,True,1785391874779.0,-176.0,0.0,False
3f68740b-bb3c-5bdf-8411-eada57d2808d,1785391874960,sender -> receiver,0,True,1785391874804.0,-156.0,0.0,False
249c58c2-905f-5e6f-ae1d-e7bc07102834,1785391874963,sender -> receiver,0,True,1785391874819.0,-144.0,0.0,False
d4333896-9926-5259-a0ac-40d29b7e2ec9,1785391876017,sender -> receiver,0,True,1785391875864.0,-153.0,0.0,False
4c394bf4-bce1-5b4b-be04-d7c2d4acda0a,1785391876023,sender -> receiver,0,True,1785391875876.0,-147.0,0.0,False
cc82cd8a-f81a-5ba2-9597-71c7ce3ac33e,1785391876027,sender -> receiver,0,True,1785391875887.0,-140.0,0.0,False
b22e61d8-bd92-5668-a0e4-3a09c88559fd,1785391876031,sender -> receiver,0,True,1785391875901.0,-130.0,0.0,False
c38e2a84-f74a-519d-b23c-3e5e1bad9182,1785391876034,sender -> receiver,0,True,1785391875915.0,-119.0,0.0,False
b46f7efa-c00b-5568-89cd-d95fb5dd9373,1785391876951,sender -> receiver,0,True,1785391876779.0,-172.0,0.0,False
ef651265-59e7-55ae-a668-b39c524a4d89,1785391876953,sender -> receiver,0,True,1785391876800.0,-153.0,0.0,False
b3238756-3159-57eb-9507-b88b435735e6,1785391876956,sender -> receiver,0,True,1785391876818.0,-138.0,0.0,False
9d4e4f88-abfc-52e5-8fd2-7e32ce849a3f,1785391876959,sender -> receiver,0,True,1785391876835.0,-124.0,0.0,False
91b98cc1-777e-5aa9-8896-970c34513dcd,1785391877937,sender -> receiver,0,True,1785391877774.0,-163.0,0.0,False
ea7b68ef-07ac-5096-be57-bb5ddab20460,1785391877955,sender -> receiver,0,True,1785391877791.0,-164.0,0.0,False
f7c98599-65b3-506e-946c-6ff3b5e88143,1785391877960,sender -> receiver,0,True,1785391877807.0,-153.0,0.0,False
956e9a41-28f9-5706-a3c8-833e341b7d45,1785391877963,sender -> receiver,0,True,1785391877823.0,-140.0,0.0,False
7b5b0880-3fc3-5966-8230-092774bbb0b2,1785391878968,sender -> receiver,0,True,1785391878821.0,-147.0,0.0,False
f1a0b0f1-c411-55a6-9ad6-2e7944ac6123,1785391878996,sender -> receiver,0,True,1785391878842.0,-154.0,0.0,False
ae806b20-1cef-5cf2-809a-acc408f8a110,1785391879001,sender -> receiver,0,True,1785391878869.0,-132.0,0.0,False
0b65a97d-d5ee-5e19-af03-bcdfb2d0da09,1785391879005,sender -> receiver,0,True,1785391878907.0,-98.0,0.0,False
7367b368-80e1-53da-8381-9d8d350f1b24,1785391879996,sender -> receiver,0,True,1785391879871.0,-125.0,0.0,False
f9299ca3-1020-50d6-89e4-e25426766bcd,1785391880000,sender -> receiver,0,True,1785391879885.0,-115.0,0.0,False
3249c752-29f0-52fc-83db-27821e61a6de,1785391880005,sender -> receiver,0,True,1785391879901.0,-104.0,0.0,False
924fc5eb-9240-546e-9a1b-0d5fee68d0d5,1785391880011,sender -> receiver,0,True,1785391879915.0,-96.0,0.0,False
d9d57c13-bffe-519b-b5b4-ff8c88e50b40,1785391880953,sender -> receiver,0,True,1785391880782.0,-171.0,0.0,False
c0317269-0e82-5930-aa27-3b309e23215e,1785391880980,sender -> receiver,0,True,1785391880802.0,-178.0,0.0,False
1afd9a1a-a488-5bd5-a792-1b170842bb53,1785391880985,sender -> receiver,0,True,1785391880820.0,-165.0,0.0,False
3b5ed5c4-e203-5841-9041-0b32d48ae06a,1785391880991,sender -> receiver,0,True,1785391880851.0,-140.0,0.0,False
122c114f-911d-5828-b827-8b567e883edb,1785391881975,sender -> receiver,0,True,1785391881819.0,-156.0,0.0,False
9ce691f4-71de-5cad-b733-e219c1d44182,1785391881979,sender -> receiver,0,True,1785391881839.0,-140.0,0.0,False
adbd0507-1636-5dee-9f99-f429a899601e,1785391881982,sender -> receiver,0,True,1785391881858.0,-124.0,0.0,False
be1a0dd1-4553-5511-8226-4da4370c4174,1785391882018,sender -> receiver,0,True,1785391881875.0,-143.0,0.0,False
7a294cdf-4982-5b41-a857-6a6660fa225d,1785391882022,sender -> receiver,0,True,1785391881912.0,-110.0,0.0,False
80a483ea-1a19-5f7e-8ab3-7cfffcf70759,1785391882951,sender -> receiver,0,True,1785391882771.0,-180.0,0.0,False
3ca07dd4-c382-5d1a-a333-73b2276c3e04,1785391882954,sender -> receiver,0,True,1785391882792.0,-162.0,0.0,False
5a52d6ed-50e5-5048-84d2-3a0847f9fba1,1785391882956,sender -> receiver,0,True,1785391882815.0,-141.0,0.0,False
db761031-9f7d-5365-a06b-1d544f6f4743,1785391882958,sender -> receiver,0,True,1785391882831.0,-127.0,0.0,False
96e7f1a6-60f7-577b-8075-8a603f04b0a6,1785391883943,sender -> receiver,0,True,1785391883770.0,-173.0,0.0,False
3751135c-d535-5d3b-9412-c5ac08814bb4,1785391883962,sender -> receiver,0,True,1785391883794.0,-168.0,0.0,False
52c62ae7-fc05-5ddb-9a95-3aac025cdc09,1785391883964,sender -> receiver,0,True,1785391883849.0,-115.0,0.0,False
e6041f6f-c352-5b47-b166-7ae05dd9c9a3,1785391883966,sender -> receiver,0,True,1785391883869.0,-97.0,0.0,False
87c11610-298d-5644-8fe8-ee7cab7ba38c,1785391884940,sender -> receiver,0,True,1785391884748.0,-192.0,0.0,False
59e310b8-dc7c-5866-bdc8-ca69a0a7c154,1785391884943,sender -> receiver,0,True,1785391884788.0,-155.0,0.0,False
93eeecc4-3e72-532d-a242-c55223b5ee12,1785391884946,sender -> receiver,0,True,1785391884804.0,-142.0,0.0,False
11489903-6e6d-5df4-bbd9-d4fdf3ee7df0,1785391884948,sender -> receiver,0,True,1785391884822.0,-126.0,0.0,False
c0e7eb29-c093-5e65-93b6-9afd6d31e269,1785391885939,sender -> receiver,0,True,1785391885803.0,-136.0,0.0,False
23f17e23-2b6c-515b-9d74-21ef6f084946,1785391885957,sender -> receiver,0,True,1785391885819.0,-138.0,0.0,False
9726c3a9-0fe8-548a-abd6-7e629beab56a,1785391885960,sender -> receiver,0,True,1785391885836.0,-124.0,0.0,False
77d94951-c1f4-5b38-89dd-d51f76ae5d24,1785391885962,sender -> receiver,0,True,1785391885849.0,-113.0,0.0,False
9b00da84-e75f-5fe5-83db-4bd90b2e5afc,1785391886937,sender -> receiver,0,True,1785391886786.0,-151.0,0.0,False
ca9ba278-b6ab-5610-8fc9-7eb28f2517f2,1785391886960,sender -> receiver,0,True,1785391886801.0,-159.0,0.0,False
213036b1-df39-5451-bb88-cbdf1f06dc43,1785391886962,sender -> receiver,0,True,1785391886816.0,-146.0,0.0,False
5537699c-72b0-53f7-a24f-bf8680d3ded3,1785391886967,sender -> receiver,0,True,1785391886831.0,-136.0,0.0,False
12b4abbb-6bc9-5d06-a145-374653c4f37d,1785391887938,sender -> receiver,0,True,1785391887800.0,-138.0,0.0,False
2c443251-7572-5343-a437-b5efc027f8ce,1785391887955,sender -> receiver,0,True,1785391887824.0,-131.0,0.0,False
af0ac2d5-2db0-5f77-afdf-621fd6c2ea11,1785391887959,sender -> receiver,0,True,1785391887839.0,-120.0,0.0,False
96897c45-570b-582f-a514-33bec1b9dadb,1785391887962,sender -> receiver,0,True,1785391887854.0,-108.0,0.0,False
0b4c5c7e-a2fb-5355-ac05-8261743af7ef,1785391887964,sender -> receiver,0,True,1785391887867.0,-97.0,0.0,False
2ce9b7a7-121e-59d1-af3f-b56878306f27,1785391888939,sender -> receiver,0,True,1785391888794.0,-145.0,0.0,False
bc79dc72-0fdf-5551-b117-771c49870e06,1785391888941,sender -> receiver,0,True,1785391888813.0,-128.0,0.0,False
199e31c9-c5d9-53fd-9a0b-dd99d80a7cd1,1785391888944,sender -> receiver,0,True,1785391888829.0,-115.0,0.0,False
a705057c-e749-50b1-82e1-7e43c51597a3,1785391888947,sender -> receiver,0,True,1785391888844.0,-103.0,0.0,False
e87a2e03-1bcc-51a3-855f-55bc16ea6bd2,1785391889949,sender -> receiver,0,True,1785391889796.0,-153.0,0.0,False
b9d34c4e-d00b-5694-87d8-9a54907d19ce,1785391889955,sender -> receiver,0,True,1785391889815.0,-140.0,0.0,False
afbc0730-95ec-5707-aeda-938937f5beb5,1785391889957,sender -> receiver,0,True,1785391889831.0,-126.0,0.0,False
32db7b0d-6ef9-57a5-82da-7a0fb3cc52e7,1785391889959,sender -> receiver,0,True,1785391889845.0,-114.0,0.0,False
a2ea1d6f-2cb0-57c5-89af-0b2ce5ff5110,1785391890998,sender -> receiver,0,True,1785391890837.0,-161.0,0.0,False
a46fee4b-f371-5d86-ad29-dc65a957c03b,1785391891002,sender -> receiver,0,True,1785391890851.0,-151.0,0.0,False
15484e11-c929-5046-8efa-3157a6d220a2,1785391891031,sender -> receiver,0,True,1785391890863.0,-168.0,0.0,False
b194d06d-8713-5c89-8f68-cadb7c2a7d86,1785391891034,sender -> receiver,0,True,1785391890916.0,-118.0,0.0,False
74d1f6e5-3279-5c53-8b05-aa565fcd7ad8,1785391891980,sender -> receiver,0,True,1785391891785.0,-195.0,0.0,False
b6b8f7d8-e9cb-52a3-bda0-8768aca0934a,1785391891985,sender -> receiver,0,True,1785391891822.0,-163.0,0.0,False
cb8d818a-dad2-5f17-8a60-83ba4dc839cc,1785391891989,sender -> receiver,0,True,1785391891873.0,-116.0,0.0,False
bb029104-7f1c-5907-a5cf-f19ee5d57003,1785391891992,sender -> receiver,0,True,1785391891889.0,-103.0,0.0,False
97225cb8-7774-56ad-adc7-f2c197f71eb3,1785391893005,sender -> receiver,0,True,1785391892821.0,-184.0,0.0,False
6748d29d-c883-59ba-9ebc-8d0e2e0e6698,1785391893010,sender -> receiver,0,True,1785391892849.0,-161.0,0.0,False
edc62957-efb4-57c9-a84d-5ca211e0979e,1785391893013,sender -> receiver,0,True,1785391892888.0,-125.0,0.0,False
44830813-b82f-5c5e-847c-b1b19772897c,1785391893016,sender -> receiver,0,True,1785391892904.0,-112.0,0.0,False
2592dbc6-b061-55fc-aff8-955df825b52f,1785391941214,sender -> receiver,0,True,1785391941061.0,-153.0,0.0,False
f1de280f-79e8-53bd-a5ed-439d8c0a9dc0,1785391941237,sender -> receiver,0,True,1785391941077.0,-160.0,0.0,False
68711622-e9d3-5266-9976-2d81a60809a1,1785391941240,sender -> receiver,0,True,1785391941158.0,-82.0,0.0,False
db26ac2d-ef16-57cb-95f6-b9e4134decbe,1785391941242,sender -> receiver,0,True,1785391941173.0,-69.0,0.0,False
82c356a9-dec8-5bc6-8f2e-e6f55f4a8bd7,1785391941245,sender -> receiver,0,True,1785391941187.0,-58.0,0.0,False
ef22ec00-7a00-5939-9d9c-a4fe84237122,1785391941247,sender -> receiver,0,True,1785391941202.0,-45.0,0.0,False
93a5add5-7596-5cf1-866f-2a8a991a3462,1785391942194,sender -> receiver,0,True,1785391942075.0,-119.0,0.0,False
6ee29cee-dba5-5610-92dd-c3bf52b04e02,1785391942196,sender -> receiver,0,True,1785391942093.0,-103.0,0.0,False
0ba1a2a2-3e24-57d2-8680-7723b2bb440c,1785391942198,sender -> receiver,0,True,1785391942109.0,-89.0,0.0,False
36d3b496-5ee7-517a-8550-17b22e38f966,1785391942204,sender -> receiver,0,True,1785391942124.0,-80.0,0.0,False
09115e2a-082f-5bd5-89bf-979796310990,1785391942220,sender -> receiver,0,True,1785391942140.0,-80.0,0.0,False
d4650d75-a039-5d75-b750-a7c76632139a,1785391942225,sender -> receiver,0,True,1785391942175.0,-50.0,0.0,False
31a6dc69-7d78-59f3-9b65-63b3d09a8d30,1785391943227,sender -> receiver,0,True,1785391943096.0,-131.0,0.0,False
fe443493-8cb6-51fe-82cc-06846d14e160,1785391943249,sender -> receiver,0,True,1785391943113.0,-136.0,0.0,False
0204f2dc-1081-5c51-b152-c8019ac0e49a,1785391943252,sender -> receiver,0,True,1785391943128.0,-124.0,0.0,False
12dcc29f-60bc-5181-a8ef-aeb6b6971b33,1785391943254,sender -> receiver,0,True,1785391943143.0,-111.0,0.0,False
fd5be79a-f172-561e-a719-301b71a4daa6,1785391943256,sender -> receiver,0,True,1785391943157.0,-99.0,0.0,False
e296a39c-8926-5ef1-a19b-66a09bbf133f,1785391944221,sender -> receiver,0,True,1785391944103.0,-118.0,0.0,False
3c714dc5-24c9-512c-bcca-318d4debc468,1785391944225,sender -> receiver,0,True,1785391944117.0,-108.0,0.0,False
c87b2113-fe2b-5498-8bd2-4fc02d6a5d1e,1785391944229,sender -> receiver,0,True,1785391944131.0,-98.0,0.0,False
42023faa-6700-51b8-85da-8c3f75f43024,1785391944255,sender -> receiver,0,True,1785391944145.0,-110.0,0.0,False
a92cd1a2-598a-59f1-8c93-8ef43f566be3,1785391944260,sender -> receiver,0,True,1785391944195.0,-65.0,0.0,False
da36e013-51a7-5111-aab2-73a7ffaae015,1785391944262,sender -> receiver,0,True,1785391944214.0,-48.0,0.0,False
c310c610-afd6-54db-a897-ab07b531af56,1785391945179,sender -> receiver,0,True,1785391945005.0,-174.0,0.0,False
f6a1dd8e-ae88-57a8-b19a-e1850d3b2031,1785391945195,sender -> receiver,0,True,1785391945024.0,-171.0,0.0,False
d41ea03e-5734-5248-8ade-d2fcba81a023,1785391945198,sender -> receiver,0,True,1785391945041.0,-157.0,0.0,False
9d573bf4-064a-5365-a124-f90787fcfbe0,1785391945200,sender -> receiver,0,True,1785391945057.0,-143.0,0.0,False
7e651320-2cbe-5c40-a421-0fbc452be0d9,1785391945202,sender -> receiver,0,True,1785391945095.0,-107.0,0.0,False
7b56bfe8-6084-5e0e-a6ea-8bb77b197659,1785391946197,sender -> receiver,0,True,1785391946133.0,-64.0,0.0,False
4fdf7833-e97d-55e7-a904-f7d7d1c325a9,1785391946215,sender -> receiver,0,True,1785391946148.0,-67.0,0.0,False
075a8029-06e4-5706-b00c-cdebef82fd42,1785391946218,sender -> receiver,0,True,1785391946164.0,-54.0,0.0,False
a9b54bec-c351-5a13-9ced-eb6e3f8c63d1,1785391946222,sender -> receiver,0,True,1785391946178.0,-44.0,0.0,False
09732dcf-2500-5f1c-a06e-28e9f8f662e5,1785391946224,sender -> receiver,0,True,1785391946192.0,-32.0,0.0,False
ad48294e-b041-5ad5-bc3d-b437a3da3e06,1785391946226,sender -> receiver,0,True,1785391946229.0,3.0,0.0,False
39fd824c-3f2f-50c3-8708-b970ebf39353,1785391947232,sender -> receiver,0,True,1785391947142.0,-90.0,0.0,False
844d84e4-d524-5128-8f0f-3088b5109eb6,1785391947236,sender -> receiver,0,True,1785391947157.0,-79.0,0.0,False
c694bdbd-09c3-5812-9da7-ad3d11f9bbe6,1785391947262,sender -> receiver,0,True,1785391947173.0,-89.0,0.0,False
621fa4fe-41fb-5f8c-9176-9add73916b35,1785391947267,sender -> receiver,0,True,1785391947189.0,-78.0,0.0,False
d49a568a-edb0-53a7-b366-a52ab0c9f87e,1785391947272,sender -> receiver,0,True,1785391947203.0,-69.0,0.0,False
48c845e9-a0fc-5a70-9177-dc985251d3fa,1785391948280,sender -> receiver,0,True,1785391948185.0,-95.0,0.0,False
3a57c41e-215c-5d9c-af61-f0cc0cbb5158,1785391948284,sender -> receiver,0,True,1785391948200.0,-84.0,0.0,False
67894cf9-fef6-5e53-b243-3ccbead528f0,1785391948290,sender -> receiver,0,True,1785391948215.0,-75.0,0.0,False
147d1d5b-045e-5b74-a695-66db22efd98d,1785391948293,sender -> receiver,0,True,1785391948231.0,-62.0,0.0,False
3054a548-6d35-5fec-819b-7602507facb9,1785391948295,sender -> receiver,0,True,1785391948272.0,-23.0,0.0,False
e38abd2b-58e4-5a73-bb85-de4d8fa6558b,1785391948298,sender -> receiver,0,True,1785391948289.0,-9.0,0.0,False
468ecbcc-f70d-5c48-b118-726825e84d21,1785391949231,sender -> receiver,0,True,1785391949087.0,-144.0,0.0,False
e7f95c2a-03ab-526f-9a59-eccb6a1ffce8,1785391949257,sender -> receiver,0,True,1785391949103.0,-154.0,0.0,False
ce2be594-c854-5e07-96c8-fee5ffae44e2,1785391949261,sender -> receiver,0,True,1785391949123.0,-138.0,0.0,False
07085858-8d2c-5de5-8d75-b9a98fbca2a7,1785391949265,sender -> receiver,0,True,1785391949138.0,-127.0,0.0,False
95dadcc6-d0ba-5eb9-a59e-a2ee8d557d70,1785391949270,sender -> receiver,0,True,1785391949153.0,-117.0,0.0,False
6c874d57-4f4e-5f8a-b5a9-6763afe5601b,1785391950240,sender -> receiver,0,True,1785391950084.0,-156.0,0.0,False
3b3f71df-c6a0-528b-8155-c783da7112fa,1785391950242,sender -> receiver,0,True,1785391950104.0,-138.0,0.0,False
d2514390-54cc-51fb-ab93-3eaeeb34e780,1785391950260,sender -> receiver,0,True,1785391950118.0,-142.0,0.0,False
08a3bcdc-5a89-54e3-bee6-7ccc5aebe36b,1785391950263,sender -> receiver,0,True,1785391950133.0,-130.0,0.0,False
8399106b-1226-5d15-bfa0-33b7c69b9d31,1785391950265,sender -> receiver,0,True,1785391950168.0,-97.0,0.0,False
2edc6273-2acb-5cd6-bcec-1423eea1694c,1785391950268,sender -> receiver,0,True,1785391950183.0,-85.0,0.0,False
fbf19c4e-c008-570d-9cf5-e804e42e9381,1785391951206,sender -> receiver,0,True,1785391951079.0,-127.0,0.0,False
43e39520-f9b1-5578-9ad4-7b12c06bf6fb,1785391951209,sender -> receiver,0,True,1785391951097.0,-112.0,0.0,False
aad1a488-8cf8-5579-b4d7-136afd462103,1785391951210,sender -> receiver,0,True,1785391951111.0,-99.0,0.0,False
0eca9b9a-cfa9-559b-99e1-d5e6f45edc9e,1785391951213,sender -> receiver,0,True,1785391951126.0,-87.0,0.0,False
d3aa8afa-75ac-58bb-a01b-f71f0b780871,1785391951214,sender -> receiver,0,True,1785391951158.0,-56.0,0.0,False
8a9e0b15-4c8c-5a2b-80f8-1cd7738144e0,1785391951217,sender -> receiver,0,True,1785391951175.0,-42.0,0.0,False
98e9e8bc-449b-546d-9016-fdd6b0e5c6da,1785391952184,sender -> receiver,0,True,1785391952023.0,-161.0,0.0,False
b035e7d2-1014-5748-b4d6-43a365c2ac0b,1785391952204,sender -> receiver,0,True,1785391952037.0,-167.0,0.0,False
b598ec87-83a0-5daf-89c6-a51c5c083a8c,1785391952206,sender -> receiver,0,True,1785391952061.0,-145.0,0.0,False
b37bc941-0ca2-50f2-a17a-c8b9d4bca94b,1785391952209,sender -> receiver,0,True,1785391952113.0,-96.0,0.0,False
f16209ba-9b96-5bf3-9de3-a18e3d12e51c,1785391952211,sender -> receiver,0,True,1785391952129.0,-82.0,0.0,False
ac00d332-79cd-5e7d-bb0c-0233a6e1a592,1785391953191,sender -> receiver,0,True,1785391953054.0,-137.0,0.0,False
43ca3838-0b2d-5846-b43a-1dba3924aacc,1785391953194,sender -> receiver,0,True,1785391953069.0,-125.0,0.0,False
c2e17e6c-aeb8-5473-b6a5-feb95cd53001,1785391953196,sender -> receiver,0,True,1785391953083.0,-113.0,0.0,False
a85621dd-138e-59bc-a01a-15a80cd29a61,1785391953199,sender -> receiver,0,True,1785391953138.0,-61.0,0.0,False
d68c7046-d98c-5c5f-8b7e-f60bba5e11bd,1785391953216,sender -> receiver,0,True,1785391953154.0,-62.0,0.0,False
9a6dca98-fdd9-5eb2-8f81-63d3a3e3152a,1785391953218,sender -> receiver,0,True,1785391953168.0,-50.0,0.0,False
3451c56f-668f-560f-804b-3d0da4e17589,1785391954193,sender -> receiver,0,True,1785391953997.0,-196.0,0.0,False
69e6f94a-d4a8-59af-9fc2-4df7f50a8bb4,1785391954195,sender -> receiver,0,True,1785391954016.0,-179.0,0.0,False
77e2754d-0956-519a-9cdb-a7e96dab716c,1785391954212,sender -> receiver,0,True,1785391954033.0,-179.0,0.0,False
5217572c-7315-5081-8fbf-b986cfe92d6c,1785391954215,sender -> receiver,0,True,1785391954072.0,-143.0,0.0,False
6458690b-4cff-58e8-9727-abdad7b7ad9b,1785391954218,sender -> receiver,0,True,1785391954088.0,-130.0,0.0,False
d7785003-628f-59f1-a04e-5633f45a4089,1785391955198,sender -> receiver,0,True,1785391955081.0,-117.0,0.0,False
0726ce66-71d9-52c4-81cb-492533fb5b6c,1785391955213,sender -> receiver,0,True,1785391955097.0,-116.0,0.0,False
2932affb-7a42-5ead-b02b-cab9dac326f4,1785391955215,sender -> receiver,0,True,1785391955113.0,-102.0,0.0,False
6a582921-c595-5b4b-aacb-fface451a6ea,1785391955217,sender -> receiver,0,True,1785391955128.0,-89.0,0.0,False
9b7d1557-a98a-55f2-9b28-044d90ff54a9,1785391955219,sender -> receiver,0,True,1785391955144.0,-75.0,0.0,False
25b4445f-2c15-5c2d-b938-5deba40ce5b8,1785391955222,sender -> receiver,0,True,1785391955179.0,-43.0,0.0,False
e744cf79-2b86-5328-8ff7-6f217370e434,1785391956186,sender -> receiver,0,True,1785391956079.0,-107.0,0.0,False
26eab907-fa39-5ead-a27d-a153507ee4f9,1785391956191,sender -> receiver,0,True,1785391956098.0,-93.0,0.0,False
6c7f9f34-1348-5980-af64-53a97196e175,1785391956193,sender -> receiver,0,True,1785391956114.0,-79.0,0.0,False
ee6fb9ed-7bf1-5ea1-899b-ff1ce6832a12,1785391956195,sender -> receiver,0,True,1785391956128.0,-67.0,0.0,False
9f9e698e-0fc3-58bf-b49c-5cdd53cdc298,1785391956197,sender -> receiver,0,True,1785391956143.0,-54.0,0.0,False
fb3349a5-49d1-55c4-a618-ee58facc4d1d,1785391957246,sender -> receiver,0,True,1785391957157.0,-89.0,0.0,False
96025e14-b38c-53a5-a99c-43e5bb365305,1785391957250,sender -> receiver,0,True,1785391957176.0,-74.0,0.0,False
eac8b70c-6809-5aea-8bc8-17a0c06fb343,1785391957254,sender -> receiver,0,True,1785391957186.0,-68.0,0.0,False
eb62d3f8-c47a-5be6-bf59-328f64948f89,1785391957263,sender -> receiver,0,True,1785391957197.0,-66.0,0.0,False
ecefea36-9389-58e3-9074-bd56661381f6,1785391957265,sender -> receiver,0,True,1785391957211.0,-54.0,0.0,False
45861a2c-ee56-551f-9c6a-7fca2b77c71f,1785391957267,sender -> receiver,0,True,1785391957224.0,-43.0,0.0,False
c36500ce-8e9d-54b0-91f2-135677f69d94,1785391958207,sender -> receiver,0,True,1785391958005.0,-202.0,0.0,False
7d808b1c-3da6-530a-a533-32b0460d637e,1785391958211,sender -> receiver,0,True,1785391958056.0,-155.0,0.0,False
0700c48d-3e30-50e9-9958-10bdb9646634,1785391958214,sender -> receiver,0,True,1785391958080.0,-134.0,0.0,False
7c96bf1e-d8d3-5bb8-b322-6453245b447a,1785391958216,sender -> receiver,0,True,1785391958096.0,-120.0,0.0,False
cb84809a-3660-57f8-8deb-51d38198a751,1785391958231,sender -> receiver,0,True,1785391958157.0,-74.0,0.0,False
c93749b5-6e06-531a-ab00-ef09343ae0e3,1785392011419,sender -> receiver,0,True,1785392011481.0,62.0,0.0,False
b36a07c8-e14f-53a3-9e65-febeb4ae9251,1785392011431,sender -> receiver,0,True,1785392011496.0,65.0,0.0,False
b585d9c3-4cb6-5694-a15c-8f74b72618c7,1785392011434,sender -> receiver,0,True,1785392011513.0,79.0,0.0,False
2698dd15-8c00-5342-be51-15e336da20a1,1785392011436,sender -> receiver,0,True,1785392011528.0,92.0,0.0,False
b7fa0247-3938-530d-bef1-085ec1fa5705,1785392011439,sender -> receiver,0,True,1785392011547.0,108.0,0.0,False
e82c91b8-5eab-5119-88a1-ad66c5cea03a,1785392011442,sender -> receiver,0,True,1785392011585.0,143.0,0.0,False
b4287054-e2d1-5660-a040-936423734d02,1785392011444,sender -> receiver,0,True,1785392011655.0,211.0,0.0,False
d724dc1d-4570-5485-ae77-8a7da67395fc,1785392011447,sender -> receiver,0,True,1785392011672.0,225.0,0.0,False
f1a9799d-cf87-5141-ad3a-6eb52e623223,1785392012437,sender -> receiver,0,True,1785392012246.0,-191.0,0.0,False
9f3046c7-5d7a-52b0-81b0-ad74b5059d94,1785392012439,sender -> receiver,0,True,1785392012278.0,-161.0,0.0,False
aeb96004-eaa8-5c88-9f4e-eefe10502563,1785392012444,sender -> receiver,0,True,1785392012305.0,-139.0,0.0,False
e746b942-d474-5442-8df5-fa9fcb89209e,1785392012446,sender -> receiver,0,True,1785392012350.0,-96.0,0.0,False
0f0a7e06-5c5a-521c-bc1e-c7344fb63da3,1785392012448,sender -> receiver,0,True,1785392012368.0,-80.0,0.0,False
134a3f7e-12e7-59aa-940a-74356e411371,1785392012450,sender -> receiver,0,True,1785392012386.0,-64.0,0.0,False
910255a7-b73c-5e0b-acee-275a31fa8f1a,1785392012470,sender -> receiver,0,True,1785392012402.0,-68.0,0.0,False
87b8cb30-c333-55ae-876c-57de737189bf,1785392012472,sender -> receiver,0,True,1785392012465.0,-7.0,0.0,False
c318c2f9-b211-5f3a-a1ae-9c3f2e25df1e,1785392013429,sender -> receiver,0,True,1785392013295.0,-134.0,0.0,False
37e8cc6a-53d4-5c32-91b9-d132be46fcd1,1785392013432,sender -> receiver,0,True,1785392013309.0,-123.0,0.0,False
5c78fd40-ca0b-51ce-8dba-a329ff2e0b23,1785392013437,sender -> receiver,0,True,1785392013319.0,-118.0,0.0,False
994ffe84-6f27-588e-ac39-c1f0e7c03a7f,1785392013439,sender -> receiver,0,True,1785392013334.0,-105.0,0.0,False
d50c2dfe-9c2c-5a36-8649-3ba504470ed4,1785392013441,sender -> receiver,0,True,1785392013349.0,-92.0,0.0,False
c77c4db8-3aec-5ad9-8bb4-0d41ca149105,1785392013443,sender -> receiver,0,True,1785392013397.0,-46.0,0.0,False
9c6f5523-05e5-5123-a30b-8553759b8415,1785392013445,sender -> receiver,0,True,1785392013414.0,-31.0,0.0,False
0a9c25f6-1b9c-5b28-9440-b20a4ba83d33,1785392013448,sender -> receiver,0,True,1785392013455.0,7.0,0.0,False
f52dbcde-dee3-5583-9532-5fba62717a8b,1785392014483,sender -> receiver,0,True,1785392014321.0,-162.0,0.0,False
4a59dbcf-961f-54c3-a750-35fecab23d2f,1785392014487,sender -> receiver,0,True,1785392014339.0,-148.0,0.0,False
a2449fa7-c83f-5649-861a-67a7e03aa108,1785392014491,sender -> receiver,0,True,1785392014374.0,-117.0,0.0,False
e16596b3-f545-5399-b27f-004a136650ef,1785392014493,sender -> receiver,0,True,1785392014409.0,-84.0,0.0,False
4dba153e-5191-5762-a4da-1239ef3cacef,1785392014495,sender -> receiver,0,True,1785392014427.0,-68.0,0.0,False
99726de9-98e3-5dec-b6be-9bc51a6f973a,1785392014519,sender -> receiver,0,True,1785392014443.0,-76.0,0.0,False
193c43dd-b9e4-5ccd-b140-73d5e54d8c3b,1785392014521,sender -> receiver,0,True,1785392014458.0,-63.0,0.0,False
ecb2995e-ced4-5c90-927e-1a2e8b6c937f,1785392015497,sender -> receiver,0,True,1785392015371.0,-126.0,0.0,False
52ea80e5-6585-59b7-8a49-6abff03869d9,1785392015503,sender -> receiver,0,True,1785392015393.0,-110.0,0.0,False
5064b2b8-4aa2-5748-83e6-99e0b85c630f,1785392015506,sender -> receiver,0,True,1785392015408.0,-98.0,0.0,False
a8c52e0b-d672-5fcc-8b29-62e7be07e420,1785392015509,sender -> receiver,0,True,1785392015423.0,-86.0,0.0,False
cb08fd54-184a-5d36-a622-e6d0adcbbbaa,1785392015542,sender -> receiver,0,True,1785392015459.0,-83.0,0.0,False
06fe9a29-2a19-5a5f-a1d5-af425569106a,1785392015545,sender -> receiver,0,True,1785392015475.0,-70.0,0.0,False
698ad0ad-35ff-5fd3-863b-d4deaf0cc069,1785392015548,sender -> receiver,0,True,1785392015492.0,-56.0,0.0,False
1ea3e515-5685-5a6c-b9a1-898b84107b55,1785392015551,sender -> receiver,0,True,1785392015507.0,-44.0,0.0,False
5d3a85ca-d4f2-55ee-9b18-09b3e83bff01,1785392016494,sender -> receiver,0,True,1785392016417.0,-77.0,0.0,False
c358afe4-af40-5127-b0a7-e4a15bc97415,1785392016516,sender -> receiver,0,True,1785392016432.0,-84.0,0.0,False
45607694-5310-5e9f-ad1a-71d71ae4fef7,1785392016520,sender -> receiver,0,True,1785392016476.0,-44.0,0.0,False
cd2180cb-353e-5204-91cc-92950f61aecc,1785392016524,sender -> receiver,0,True,1785392016492.0,-32.0,0.0,False
cbebfdbc-c0c1-57c2-828b-7b567eb75e2e,1785392016526,sender -> receiver,0,True,1785392016509.0,-17.0,0.0,False
46e050ff-9e4a-58a7-b2d1-7c5cde4dec5a,1785392016529,sender -> receiver,0,True,1785392016524.0,-5.0,0.0,False
012cef80-fd00-519c-a718-b191ebacf051,1785392016531,sender -> receiver,0,True,1785392016539.0,8.0,0.0,False
d3509cac-823a-54cf-8afd-3a37357ef032,1785392016534,sender -> receiver,0,True,1785392016575.0,41.0,0.0,False
ccdd8518-4b74-55d6-91fa-35f2b9ae07a9,1785392017468,sender -> receiver,0,True,1785392017317.0,-151.0,0.0,False
a4b15719-fe4b-5205-b529-94dd30992bb1,1785392017490,sender -> receiver,0,True,1785392017336.0,-154.0,0.0,False
c3eb0d39-c4a8-5f72-bd83-5194871bf920,1785392017493,sender -> receiver,0,True,1785392017360.0,-133.0,0.0,False
96361a7f-8f1d-5c67-9923-a18f1eb108fe,1785392017495,sender -> receiver,0,True,1785392017374.0,-121.0,0.0,False
ae1241ff-53e1-591d-98b5-b0517c39ba10,1785392017497,sender -> receiver,0,True,1785392017391.0,-106.0,0.0,False
14022340-972f-58d7-ab2a-fa9ab7e1f373,1785392017499,sender -> receiver,0,True,1785392017432.0,-67.0,0.0,False
4b0ab7c2-b87b-5f90-8713-a8f78080f97c,1785392017502,sender -> receiver,0,True,1785392017451.0,-51.0,0.0,False
47bd148a-35d1-5536-878e-247301da1115,1785392018452,sender -> receiver,0,True,1785392018271.0,-181.0,0.0,False
42aa6818-a110-52ed-9ac6-2bfc0aaca586,1785392018455,sender -> receiver,0,True,1785392018355.0,-100.0,0.0,False
0385d587-0186-51e5-9eb2-8fecc257e5b8,1785392018457,sender -> receiver,0,True,1785392018370.0,-87.0,0.0,False
e183a64e-d204-59e3-95f0-b13d9418bb2e,1785392018458,sender -> receiver,0,True,1785392018384.0,-74.0,0.0,False
daf41d08-4e3c-5b7f-894e-717b6c167795,1785392018460,sender -> receiver,0,True,1785392018399.0,-61.0,0.0,False
9564681c-b559-555f-b73c-7136a6ff683b,1785392018462,sender -> receiver,0,True,1785392018437.0,-25.0,0.0,False
773a2d66-fd8b-55ff-b7a7-22c5f57b42c2,1785392018464,sender -> receiver,0,True,1785392018458.0,-6.0,0.0,False
12157e39-bf32-5b1a-8278-940ae6f5de80,1785392018484,sender -> receiver,0,True,1785392018473.0,-11.0,0.0,False
8ffd164b-d71e-5877-9b88-da71eb274e63,1785392019498,sender -> receiver,0,True,1785392019369.0,-129.0,0.0,False
8efe121f-3726-519b-b9e8-4a0bd9b87b88,1785392019503,sender -> receiver,0,True,1785392019387.0,-116.0,0.0,False
038c29c8-017c-542a-80e9-803b835a9354,1785392019507,sender -> receiver,0,True,1785392019406.0,-101.0,0.0,False
1fec4a61-24a8-5356-94b6-c6a54b04d97f,1785392019514,sender -> receiver,0,True,1785392019422.0,-92.0,0.0,False
1d1031d9-2e88-5742-9f3e-fd622ff98c48,1785392019549,sender -> receiver,0,True,1785392019438.0,-111.0,0.0,False
5cc9225a-9581-5c1d-b670-1e9cdd9ca3da,1785392019552,sender -> receiver,0,True,1785392019499.0,-53.0,0.0,False
81e28d76-07c3-5b53-a21e-ab2ce497735d,1785392019555,sender -> receiver,0,True,1785392019515.0,-40.0,0.0,False
e4f44057-9da6-5ff8-9ed5-2cba3f0b261a,1785392019558,sender -> receiver,0,True,1785392019530.0,-28.0,0.0,False
73014e01-cba5-5f84-b37b-dbccf3c0a595,1785392020474,sender -> receiver,0,True,1785392020290.0,-184.0,0.0,False
2a9ede78-f71d-53f6-81b1-2a30c430a694,1785392020478,sender -> receiver,0,True,1785392020305.0,-173.0,0.0,False
039d0e84-ada7-5bd0-a46c-2729535e1c27,1785392020482,sender -> receiver,0,True,1785392020329.0,-153.0,0.0,False
ecc89a50-8ac2-5b15-b6a7-9fd7c6472d5e,1785392020485,sender -> receiver,0,True,1785392020365.0,-120.0,0.0,False
5d7cf81d-04b8-50f4-83d8-d30b84dcdf05,1785392020489,sender -> receiver,0,True,1785392020383.0,-106.0,0.0,False
ee29d1fd-3830-5791-8f7d-5bf13f2f9824,1785392020491,sender -> receiver,0,True,1785392020402.0,-89.0,0.0,False
24b4e483-8b73-5040-9325-f8906d21041d,1785392020519,sender -> receiver,0,True,1785392020419.0,-100.0,0.0,False
b1a696b9-9ddf-5bf4-807e-dbc392dd408f,1785392021481,sender -> receiver,0,True,1785392021316.0,-165.0,0.0,False
96f82c14-8d4d-5f71-8ddb-8949034cc538,1785392021486,sender -> receiver,0,True,1785392021384.0,-102.0,0.0,False
b639a3e5-6986-5160-bba9-164a520f23e0,1785392021490,sender -> receiver,0,True,1785392021399.0,-91.0,0.0,False
74cdcf3e-1d34-51a4-a754-25426cb9efeb,1785392021524,sender -> receiver,0,True,1785392021414.0,-110.0,0.0,False
91b93d39-706c-58ee-acee-3e2d4bf469eb,1785392021527,sender -> receiver,0,True,1785392021450.0,-77.0,0.0,False
22f6241a-bd1f-57e8-a492-e39f30663d99,1785392021530,sender -> receiver,0,True,1785392021466.0,-64.0,0.0,False
e4d73150-9805-581c-94d7-e572b751de0e,1785392021533,sender -> receiver,0,True,1785392021482.0,-51.0,0.0,False
6862a2eb-6b2d-593f-a21b-c4ea2029ca27,1785392021535,sender -> receiver,0,True,1785392021497.0,-38.0,0.0,False
1efcbeae-1e81-5c83-8b91-d2b9c0b07f59,1785392022476,sender -> receiver,0,True,1785392022319.0,-157.0,0.0,False
e9f137cd-3489-5040-bf45-48ad4a35ad96,1785392022478,sender -> receiver,0,True,1785392022342.0,-136.0,0.0,False
1e5b8c5b-fbf1-52ee-9300-ec3c7768add7,1785392022481,sender -> receiver,0,True,1785392022358.0,-123.0,0.0,False
5dc14c01-f238-5628-8989-693bfb192ef1,1785392022484,sender -> receiver,0,True,1785392022375.0,-109.0,0.0,False
a395c07d-a5c8-585b-8d5b-961b2d21fa8c,1785392022509,sender -> receiver,0,True,1785392022411.0,-98.0,0.0,False
41e5f8cb-5cd8-5f79-be59-d61adf1fb150,1785392022512,sender -> receiver,0,True,1785392022429.0,-83.0,0.0,False
f83c7c4b-d964-5485-9b3d-7bc89dbb490d,1785392022515,sender -> receiver,0,True,1785392022445.0,-70.0,0.0,False
5e83a59f-1f24-59a1-974f-0b4f9aa53384,1785392022518,sender -> receiver,0,True,1785392022460.0,-58.0,0.0,False
049c1b0b-e87b-5164-8a70-61b68cb844d5,1785392023496,sender -> receiver,0,True,1785392023315.0,-181.0,0.0,False
9f425e37-e63c-5b02-8eea-2cef2bfb23c1,1785392023499,sender -> receiver,0,True,1785392023354.0,-145.0,0.0,False
b6daa847-a8bb-5231-8275-c98f65d89b5b,1785392023502,sender -> receiver,0,True,1785392023370.0,-132.0,0.0,False
c11132f9-f8a2-5381-9c7d-edaf46b6743f,1785392023505,sender -> receiver,0,True,1785392023412.0,-93.0,0.0,False
dc8cef62-a74a-5e69-b8e2-b6868e4a03bb,1785392023508,sender -> receiver,0,True,1785392023433.0,-75.0,0.0,False
6ace51b6-da2e-5932-ae03-b22906ec3a49,1785392023511,sender -> receiver,0,True,1785392023448.0,-63.0,0.0,False
67565aba-e592-57ce-8e56-01e8778b15b9,1785392023515,sender -> receiver,0,True,1785392023464.0,-51.0,0.0,False
e88a6eee-7d14-5d7f-92ed-1bbd33df6edb,1785392065689,sender -> receiver,0,True,1785392065530.0,-159.0,0.0,False
e205084a-cfb3-5bf0-bf16-a17c138ac7f7,1785392065714,sender -> receiver,0,True,1785392065548.0,-166.0,0.0,False
a5ba7d46-07a5-5619-95e5-15d9b1f656cd,1785392065721,sender -> receiver,0,True,1785392065570.0,-151.0,0.0,False
3a7d87bf-4591-5f74-9291-f6130c83421a,1785392065727,sender -> receiver,0,True,1785392065587.0,-140.0,0.0,False
74212ce2-aa1b-582b-a291-1ad14f76b3e2,1785392065733,sender -> receiver,0,True,1785392065662.0,-71.0,0.0,False
76b1fdfc-5055-55fb-88a7-81e28e1cf9d2,1785392066663,sender -> receiver,0,True,1785392066583.0,-80.0,0.0,False
12ef1789-47f1-5bf7-8027-0cf7362d1287,1785392066667,sender -> receiver,0,True,1785392066598.0,-69.0,0.0,False
5b3175b1-1c36-5e0c-828a-3892fae23db8,1785392066686,sender -> receiver,0,True,1785392066613.0,-73.0,0.0,False
a0a3f540-659c-55df-835e-b4835f99afaa,1785392066689,sender -> receiver,0,True,1785392066628.0,-61.0,0.0,False
d882e4e4-c99b-5d84-96b7-367b79895cc4,1785392067670,sender -> receiver,0,True,1785392067667.0,-3.0,0.0,False
a02413ed-437f-5e44-b305-0600140be17c,1785392067674,sender -> receiver,0,True,1785392067683.0,9.0,0.0,False
3ecffdd7-44b0-5855-b20e-4201f2fddcd4,1785392067676,sender -> receiver,0,True,1785392067699.0,23.0,0.0,False
79df4c4d-7323-5c2b-846e-12e6e58f26d4,1785392067679,sender -> receiver,0,True,1785392067717.0,38.0,0.0,False
cba75928-9ef2-5479-9ba7-4986d0356a24,1785392068690,sender -> receiver,0,True,1785392069134.0,444.0,0.0,False
617f4f50-f368-5a1a-9ef0-22d7c8d4eed1,1785392068694,sender -> receiver,0,True,1785392069149.0,455.0,0.0,False
0e54a713-2b8a-56ce-bba5-58396d140216,1785392068713,sender -> receiver,0,True,1785392069164.0,451.0,0.0,False
e193ac1f-d9e7-5afa-9cf5-79a70d4eb7aa,1785392068716,sender -> receiver,0,True,1785392069179.0,463.0,0.0,False
871df7ee-2d20-5b67-a386-93a5fabe58f8,1785392069705,sender -> receiver,0,True,1785392070708.0,1003.0,0.0,False
bceef204-432b-5145-8baa-bd81a2896572,1785392069709,sender -> receiver,0,True,1785392070724.0,1015.0,0.0,False
c342aab5-2f36-5a69-9da1-422e688fd955,1785392069736,sender -> receiver,0,True,1785392070742.0,1006.0,0.0,False
ddbb178a-6a98-5f36-954c-774da15da4a0,1785392069741,sender -> receiver,0,True,1785392070786.0,1045.0,0.0,False
e8ecf180-f45a-50d3-b8b7-2ce40480a894,1785392070650,sender -> receiver,0,True,1785392071878.0,1228.0,0.0,False
d37890a0-e93e-51dc-aefa-be8922b2c5cb,1785392070652,sender -> receiver,0,True,1785392071889.0,1237.0,0.0,False
d4fb96ac-826d-5d98-b85f-8bc9ca11e474,1785392070654,sender -> receiver,0,True,1785392071901.0,1247.0,0.0,False
d40fe808-d8bb-5c00-8f1d-383cef1ba6b8,1785392070668,sender -> receiver,0,True,1785392071915.0,1247.0,0.0,False
4f3a8319-4c09-520a-8193-9d66b01b4ccf,1785392071703,sender -> receiver,0,True,1785392072952.0,1249.0,0.0,False
0bc1996a-8c3c-55f5-89ee-05ebea3ee310,1785392071707,sender -> receiver,0,True,1785392072964.0,1257.0,0.0,False
7100c162-0829-597a-a2e4-2d4156640fca,1785392071710,sender -> receiver,0,True,1785392072975.0,1265.0,0.0,False
e9450325-33a5-5120-b4cd-3c65d1a03069,1785392071715,sender -> receiver,0,True,1785392072989.0,1274.0,0.0,False
5b90581f-88a6-53d9-af1b-d30d3f900211,1785392071720,sender -> receiver,0,True,1785392073003.0,1283.0,0.0,False
5a1835a0-ee3b-513b-a498-a83ee581780a,1785392072647,sender -> receiver,0,True,1785392073764.0,1117.0,0.0,False
de1ddaa1-bf0b-5e01-b0d5-4aed74d7c9fd,1785392072649,sender -> receiver,0,True,1785392073781.0,1132.0,0.0,False
b0c48288-dbd0-5b16-bf73-b484015ad86a,1785392072650,sender -> receiver,0,True,1785392073797.0,1147.0,0.0,False
760e1361-fa02-5f69-b6ae-9ff10fe6eaa2,1785392072652,sender -> receiver,0,True,1785392073811.0,1159.0,0.0,False
0b37d549-73c0-57cb-96d3-ce81b2002b55,1785392073681,sender -> receiver,0,True,1785392074764.0,1083.0,0.0,False
305f1647-65f4-5888-9c18-e8f3ff56fb1b,1785392073684,sender -> receiver,0,True,1785392074780.0,1096.0,0.0,False
deea383b-25ec-556a-9653-0dc89dfc5f82,1785392073687,sender -> receiver,0,True,1785392074798.0,1111.0,0.0,False
8b17efac-49b4-5c00-aa16-be25a9d063c1,1785392073692,sender -> receiver,0,True,1785392074814.0,1122.0,0.0,False
0ec5e90d-98fb-5b0c-a92b-3cfac4900c46,1785392074655,sender -> receiver,0,True,1785392075866.0,1211.0,0.0,False
6f83c2c0-d055-53c4-900d-2a3e17b78e56,1785392074658,sender -> receiver,0,True,1785392075897.0,1239.0,0.0,False
bebc4a34-20df-54ca-853b-c1da2e2a8489,1785392074674,sender -> receiver,0,True,1785392075912.0,1238.0,0.0,False
6692e56c-0c38-5be9-82cc-d92cbbf55c8b,1785392074676,sender -> receiver,0,True,1785392075927.0,1251.0,0.0,False
88ee8453-39ad-5954-a177-cb72b8b1c080,1785392075695,sender -> receiver,0,True,1785392077046.0,1351.0,0.0,False
33d9ad6c-3c2c-552c-972e-5f5fa352d6ac,1785392075699,sender -> receiver,0,True,1785392077063.0,1364.0,0.0,False
f06c7d7f-b5fb-55f7-a118-241fb0dd815f,1785392075703,sender -> receiver,0,True,1785392077079.0,1376.0,0.0,False
94889b88-269d-5af1-9b7e-e515b426b680,1785392075707,sender -> receiver,0,True,1785392077145.0,1438.0,0.0,False
3a703720-dea1-5924-b4c3-d3009bfc0062,1785392076655,sender -> receiver,0,True,1785392078521.0,1866.0,0.0,False
b7fbe868-810c-5ad8-95c6-dabd565e43f7,1785392076657,sender -> receiver,0,True,1785392078535.0,1878.0,0.0,False
0d431da2-7db1-563c-9364-c440961a1b87,1785392076659,sender -> receiver,0,True,1785392078551.0,1892.0,0.0,False
0e6ca143-2db6-5b9b-9be9-9c3d656daf09,1785392076661,sender -> receiver,0,True,1785392078568.0,1907.0,0.0,False
795ad744-b580-5dea-837c-0da23f6dae4a,1785392077693,sender -> receiver,0,True,1785392079918.0,2225.0,0.0,False
15dbd0bb-d84c-5c81-a694-9bd6289476e5,1785392077697,sender -> receiver,0,True,1785392079941.0,2244.0,0.0,False
d07314e3-e549-5ffb-85f9-a170c5c86816,1785392077700,sender -> receiver,0,True,1785392079958.0,2258.0,0.0,False
0d8b54fe-8d4d-57c7-9aa5-30c61eec7576,1785392077720,sender -> receiver,0,True,1785392079973.0,2253.0,0.0,False
1beaa4e0-d069-5777-ac0e-f180829de193,1785392077722,sender -> receiver,0,True,1785392079990.0,2268.0,0.0,False
a4c8e962-ebfa-580a-8987-c5ff33ddbe89,1785392078700,sender -> receiver,0,True,1785392081051.0,2351.0,0.0,False
f5ed4211-9b23-5578-92f5-d6fc5a35f3b9,1785392078704,sender -> receiver,0,True,1785392081061.0,2357.0,0.0,False
8e9286bb-cfce-57b4-9eea-f525b4fc9c9e,1785392078708,sender -> receiver,0,True,1785392081072.0,2364.0,0.0,False
8c252d89-abd6-5c8d-b9b3-2d91563c202d,1785392078713,sender -> receiver,0,True,1785392081085.0,2372.0,0.0,False
bb14b413-43e0-58fa-b22b-d64fcd8cebb5,1785392079670,sender -> receiver,0,True,1785392082098.0,2428.0,0.0,False
643f853e-18e2-582e-9640-95c540ea5070,1785392079672,sender -> receiver,0,True,1785392082114.0,2442.0,0.0,False
c8cecaa8-85a5-5544-b1ca-dbdeb4da591f,1785392079676,sender -> receiver,0,True,1785392082129.0,2453.0,0.0,False
3b6063e3-7c50-5f5e-a8d1-1ae318a53aed,1785392079678,sender -> receiver,0,True,1785392082169.0,2491.0,0.0,False
101b9884-4445-5366-bdb1-4e247905df5a,1785392080691,sender -> receiver,0,True,1785392083058.0,2367.0,0.0,False
bdad5af8-148b-5d7b-aa6f-60e4a8786148,1785392080695,sender -> receiver,0,True,1785392083143.0,2448.0,0.0,False
d3449f46-e9ec-5ac7-b0eb-3ea394b35985,1785392080698,sender -> receiver,0,True,1785392083160.0,2462.0,0.0,False
ccf9d41b-5a56-5eab-913f-a2cd53fb2cd7,1785392080701,sender -> receiver,0,True,1785392083177.0,2476.0,0.0,False
508208d8-7477-5657-ae9f-cea163198fe2,1785392081667,sender -> receiver,0,True,1785392084138.0,2471.0,0.0,False
502f6068-9ba7-5e5d-a07b-a3b9e10afa5a,1785392081669,sender -> receiver,0,True,1785392084183.0,2514.0,0.0,False
9f91911b-0873-5325-89fc-b4ca10e52161,1785392081671,sender -> receiver,0,True,1785392084199.0,2528.0,0.0,False
e3788940-8106-585c-ad9d-04572489b80c,1785392081686,sender -> receiver,0,True,1785392084213.0,2527.0,0.0,False
e45a6456-ca60-57b9-8a44-3cab42903b54,1785392082694,sender -> receiver,0,True,1785392085039.0,2345.0,0.0,False
c8fd14e5-c983-58ce-8234-164e2de94dfe,1785392082699,sender -> receiver,0,True,1785392085055.0,2356.0,0.0,False
deac09b8-623d-58f1-beb7-b649b0ffae45,1785392082702,sender -> receiver,0,True,1785392085073.0,2371.0,0.0,False
c5e18e37-386b-5aab-97b9-46b1fea8318c,1785392082723,sender -> receiver,0,True,1785392085090.0,2367.0,0.0,False
bc86e552-aa5e-5f98-8f74-ec6f5474e60d,1785392083711,sender -> receiver,0,True,1785392086359.0,2648.0,0.0,False
7a9e3e9e-1b96-5960-a782-3f745c699afa,1785392083716,sender -> receiver,0,True,1785392086378.0,2662.0,0.0,False
339f1ee1-9b66-529a-8774-077ef36c55f3,1785392083734,sender -> receiver,0,True,1785392086393.0,2659.0,0.0,False
350659d3-b963-5eb7-9466-6a880c7daaf6,1785392083738,sender -> receiver,0,True,1785392086409.0,2671.0,0.0,False
52c5c4d1-6388-550f-8161-b4fc90d97408,1785392083741,sender -> receiver,0,True,1785392086444.0,2703.0,0.0,False
2e7e7670-b217-517d-8d5a-6ff72dfd7a80,1785392084695,sender -> receiver,0,True,1785392087450.0,2755.0,0.0,False
0c1de0b0-bc78-53f1-9346-530848e555db,1785392084698,sender -> receiver,0,True,1785392087466.0,2768.0,0.0,False
35960495-9df1-5f80-b944-85b3503d2a1d,1785392084721,sender -> receiver,0,True,1785392087482.0,2761.0,0.0,False
9abb4894-7860-5ba3-827d-700ca5418ee5,1785392084727,sender -> receiver,0,True,1785392087498.0,2771.0,0.0,False
bfeda365-933d-5778-b812-904052ea4a80,1785392085687,sender -> receiver,0,True,1785392088359.0,2672.0,0.0,False
8d50c2c1-d317-55f5-b478-8071f3996152,1785392085691,sender -> receiver,0,True,1785392088377.0,2686.0,0.0,False
7239836a-c374-598c-8222-4bc2bc4034dd,1785392085695,sender -> receiver,0,True,1785392088393.0,2698.0,0.0,False
393c41e3-59a1-549e-958f-8b53017c6dae,1785392085720,sender -> receiver,0,True,1785392088408.0,2688.0,0.0,False
29ae2d16-76fa-5300-bb82-19a81656b88a,1785392086658,sender -> receiver,0,True,1785392089153.0,2495.0,0.0,False
935b7ec2-10ff-5d2f-b5e9-53b4a303f52f,1785392086661,sender -> receiver,0,True,1785392089169.0,2508.0,0.0,False
1d28d0a2-9e86-512f-937f-8d10ea7734cb,1785392086663,sender -> receiver,0,True,1785392089185.0,2522.0,0.0,False
3efe0d06-949f-5a3b-ad9c-edd3e612653e,1785392086665,sender -> receiver,0,True,1785392089202.0,2537.0,0.0,False
a00f2552-b131-56e6-a30d-8d0819aa47d5,1785392087652,sender -> receiver,0,True,1785392090121.0,2469.0,0.0,False
484305ac-e931-5827-9eae-88b5c207911c,1785392087654,sender -> receiver,0,True,1785392090136.0,2482.0,0.0,False
fd967c9d-ba67-51af-8799-3a0e4efccb59,1785392087667,sender -> receiver,0,True,1785392090151.0,2484.0,0.0,False
1bf027c7-d1a8-5511-aa00-8a899cbdbd43,1785392087669,sender -> receiver,0,True,1785392090199.0,2530.0,0.0,False
57de7b29-39dd-51c7-92c3-a9731eea19c0,1785392088670,sender -> receiver,0,True,1785392090927.0,2257.0,0.0,False
c4544011-132d-5f5e-a31c-03f3a73f5228,1785392088674,sender -> receiver,0,True,1785392090972.0,2298.0,0.0,False
16a08306-ff6d-5688-bb79-72684dcdead5,1785392088679,sender -> receiver,0,True,1785392090988.0,2309.0,0.0,False
0e720f0e-5a94-5929-a727-84bbca0eb164,1785392088681,sender -> receiver,0,True,1785392091003.0,2322.0,0.0,False
7d9b5412-fc10-5596-b995-2590476b316d,1785392141914,sender -> receiver,0,True,1785392142093.0,179.0,0.0,False
8fba3c98-59f8-5e77-8346-b42c28fd07d8,1785392141917,sender -> receiver,0,True,1785392142107.0,190.0,0.0,False
b5061e78-f6f3-511c-9e15-c57f170dc722,1785392141919,sender -> receiver,0,True,1785392142122.0,203.0,0.0,False
6e8aa45e-9af2-532b-9f5d-31b4919c5da1,1785392141921,sender -> receiver,0,True,1785392142137.0,216.0,0.0,False
59da0b4f-b26b-5303-9d8a-50f7c6925fc5,1785392141923,sender -> receiver,0,True,1785392142151.0,228.0,0.0,False
2842059c-c1f9-5f66-b9a7-798bfcc97936,1785392141940,sender -> receiver,0,True,1785392142187.0,247.0,0.0,False
0ae53858-d861-58ee-a7ab-8742776b4106,1785392141943,sender -> receiver,0,True,1785392142206.0,263.0,0.0,False
4cf2f875-0b2f-59a7-9db2-042093bfc74c,1785392141945,sender -> receiver,0,True,1785392142221.0,276.0,0.0,False
80d91898-3ff8-5ebf-9152-7fa6a030d473,1785392142878,sender -> receiver,0,True,1785392142683.0,-195.0,0.0,False
6fc16556-ed45-5f65-b818-d7c0418d241b,1785392142881,sender -> receiver,0,True,1785392142745.0,-136.0,0.0,False
a42b836f-7909-5c69-b172-3ba4b006ced2,1785392142883,sender -> receiver,0,True,1785392142762.0,-121.0,0.0,False
bde665d5-4a8f-5d0c-8d5f-6dae0ffdfa72,1785392142884,sender -> receiver,0,True,1785392142777.0,-107.0,0.0,False
f71965d2-4020-5613-b8b5-d95b264b3740,1785392142886,sender -> receiver,0,True,1785392142792.0,-94.0,0.0,False
c05e79c2-4ede-5563-90a9-ae2bede458ee,1785392142899,sender -> receiver,0,True,1785392142826.0,-73.0,0.0,False
87b85465-58d2-5b2a-b505-caf3fe7a9ceb,1785392142901,sender -> receiver,0,True,1785392142860.0,-41.0,0.0,False
f7d0c32c-b4cb-50ab-baf0-a86cf97c462b,1785392142903,sender -> receiver,0,True,1785392142914.0,11.0,0.0,False
295f9b90-3b6c-5c9e-bb59-111b67c514ac,1785392143871,sender -> receiver,0,True,1785392143672.0,-199.0,0.0,False
7771b27d-0ed8-5615-ba19-423b55a14591,1785392143873,sender -> receiver,0,True,1785392143713.0,-160.0,0.0,False
098fd9af-690c-5112-a88c-3258b2849510,1785392143875,sender -> receiver,0,True,1785392143729.0,-146.0,0.0,False
a23d2902-ee77-5d63-a338-c56218ca18ae,1785392143877,sender -> receiver,0,True,1785392143745.0,-132.0,0.0,False
12f3ca0f-1570-5095-aae1-38ca3aae05d0,1785392143879,sender -> receiver,0,True,1785392143761.0,-118.0,0.0,False
017f91fe-d3cb-531e-ba65-9a2dac46e590,1785392143882,sender -> receiver,0,True,1785392143777.0,-105.0,0.0,False
c7714b58-ab19-5de9-a91e-ba77fdcff1f1,1785392143884,sender -> receiver,0,True,1785392143812.0,-72.0,0.0,False
50b6094c-78b7-5a1c-9d45-255a0e955ecd,1785392143886,sender -> receiver,0,True,1785392143831.0,-55.0,0.0,False
1228d31c-6102-51a9-858b-cdaf5efbf0f8,1785392144891,sender -> receiver,0,True,1785392144778.0,-113.0,0.0,False
8ba00545-71db-595f-b7f5-1ddbcbaec049,1785392144897,sender -> receiver,0,True,1785392144795.0,-102.0,0.0,False
f43c0ae3-5bce-595d-ad31-e5f96d63bb98,1785392144900,sender -> receiver,0,True,1785392144812.0,-88.0,0.0,False
406e9e92-4b62-57f7-9703-d8ecdda01ce4,1785392144920,sender -> receiver,0,True,1785392144850.0,-70.0,0.0,False
244c49e3-a12c-5492-8e58-0334759a506e,1785392144922,sender -> receiver,0,True,1785392144868.0,-54.0,0.0,False
ee0ca06c-6e6d-5f76-a7db-b70bb468840d,1785392144924,sender -> receiver,0,True,1785392144920.0,-4.0,0.0,False
03e7cabb-65d3-55ba-a395-a0d6aecd4d79,1785392144927,sender -> receiver,0,True,1785392144938.0,11.0,0.0,False
4627f629-9804-540c-b80e-98f57bdcb8a0,1785392145924,sender -> receiver,0,True,1785392145765.0,-159.0,0.0,False
039c4845-2947-5293-8cfd-17f372fe3941,1785392145927,sender -> receiver,0,True,1785392145784.0,-143.0,0.0,False
ad4ce39c-98a6-5fcf-8d7b-09bd2cf1647e,1785392145932,sender -> receiver,0,True,1785392145801.0,-131.0,0.0,False
1c67ae1b-3c73-5e87-922a-075b0b56a0a4,1785392145935,sender -> receiver,0,True,1785392145819.0,-116.0,0.0,False
6b7e60f8-00da-57d8-8a74-109e40fb6fb3,1785392145938,sender -> receiver,0,True,1785392145857.0,-81.0,0.0,False
3a99dc36-db22-50b5-9aa7-f59884d8a93e,1785392145941,sender -> receiver,0,True,1785392145874.0,-67.0,0.0,False
74ea804b-d032-5194-af9b-4849bd919f71,1785392145945,sender -> receiver,0,True,1785392145895.0,-50.0,0.0,False
c9a78b9b-63a9-5d90-a1a7-68c87aa23731,1785392145948,sender -> receiver,0,True,1785392145911.0,-37.0,0.0,False
a12fc9f0-5d41-595a-bf5b-da6565cba8f4,1785392146914,sender -> receiver,0,True,1785392146770.0,-144.0,0.0,False
0f9be65f-e1dd-5a4c-a44b-b452b4f74d21,1785392146916,sender -> receiver,0,True,1785392146781.0,-135.0,0.0,False
70c5ed54-a825-52ce-aa26-29c66d13c9a5,1785392146918,sender -> receiver,0,True,1785392146792.0,-126.0,0.0,False
35539eb9-eada-595a-bacd-73b5ae51715f,1785392146920,sender -> receiver,0,True,1785392146809.0,-111.0,0.0,False
7ca7b8ef-a222-51e9-b6a8-3131db2ea5ae,1785392146923,sender -> receiver,0,True,1785392146822.0,-101.0,0.0,False
574ffc50-5547-5df3-8df7-817f357dc945,1785392146925,sender -> receiver,0,True,1785392146836.0,-89.0,0.0,False
03daa798-8b41-505b-a38a-f4305dacc58f,1785392146929,sender -> receiver,0,True,1785392146849.0,-80.0,0.0,False
b0020c86-717f-5428-b2e0-a75e6e00dac4,1785392146944,sender -> receiver,0,True,1785392146863.0,-81.0,0.0,False
73bd4827-7fc4-51a7-b512-689307724b44,1785392147878,sender -> receiver,0,True,1785392147769.0,-109.0,0.0,False
8b47601f-57fa-522a-bf4d-5338f2ead4b6,1785392147880,sender -> receiver,0,True,1785392147781.0,-99.0,0.0,False
3432075d-6d34-546b-a81c-c983cea2e8f9,1785392147882,sender -> receiver,0,True,1785392147792.0,-90.0,0.0,False
92f532ae-d451-59a1-8ffe-6db0e96fc637,1785392147884,sender -> receiver,0,True,1785392147807.0,-77.0,0.0,False
13382d8b-6047-57d9-9179-46374c081c53,1785392147887,sender -> receiver,0,True,1785392147821.0,-66.0,0.0,False
57cc489d-389b-5ea9-883a-c7d25868b71e,1785392147889,sender -> receiver,0,True,1785392147835.0,-54.0,0.0,False
fd9fd696-a2df-5196-aa0b-df222a0f50d4,1785392147904,sender -> receiver,0,True,1785392147849.0,-55.0,0.0,False
5f5b1b41-6df7-5a45-9cc2-940538168424,1785392148877,sender -> receiver,0,True,1785392148815.0,-62.0,0.0,False
cd781bee-50a1-56a4-8ac3-88191fd0f5d5,1785392148883,sender -> receiver,0,True,1785392148832.0,-51.0,0.0,False
65eee6c8-c1cd-56b2-9225-6eb69502ba90,1785392148885,sender -> receiver,0,True,1785392148850.0,-35.0,0.0,False
9e91d5b2-d99c-57c6-bd58-f599bec5afa9,1785392148888,sender -> receiver,0,True,1785392148885.0,-3.0,0.0,False
cba65da9-e393-50aa-bd83-6efb492a459a,1785392148903,sender -> receiver,0,True,1785392148903.0,0.0,0.0,False
f2061bce-ecd2-5a00-a3bb-bbf97c5e1de3,1785392148905,sender -> receiver,0,True,1785392148963.0,58.0,0.0,False
b8f8f7d1-2fab-565b-b267-5d3f030b7ba1,1785392148908,sender -> receiver,0,True,1785392148980.0,72.0,0.0,False
e6a5d14b-b0ec-5890-9124-aa87ea122ceb,1785392148910,sender -> receiver,0,True,1785392148995.0,85.0,0.0,False
a979414f-7cec-565a-a468-ad7f3fef4d12,1785392149873,sender -> receiver,0,True,1785392149736.0,-137.0,0.0,False
967506bb-9dab-5da6-a6ac-4776a0d21851,1785392149876,sender -> receiver,0,True,1785392149753.0,-123.0,0.0,False
8110a699-0ada-5421-be50-c41e2b9bb7f2,1785392149878,sender -> receiver,0,True,1785392149769.0,-109.0,0.0,False
23188e35-7059-5de4-b2f2-dddc6e2415fc,1785392149881,sender -> receiver,0,True,1785392149786.0,-95.0,0.0,False
41d45ab9-7309-58d5-ac3e-2bcd18d5bcb5,1785392149883,sender -> receiver,0,True,1785392149823.0,-60.0,0.0,False
b20b57d2-3582-55fd-a8ef-906a2bd348fa,1785392149898,sender -> receiver,0,True,1785392149844.0,-54.0,0.0,False
ef65eb72-928e-5573-bc20-a10381f6be51,1785392149900,sender -> receiver,0,True,1785392149868.0,-32.0,0.0,False
b583a8c7-9b0b-5031-a703-042778690fa3,1785392149902,sender -> receiver,0,True,1785392149908.0,6.0,0.0,False
e49ec8ae-3982-589b-bd59-58eb04b7d24d,1785392150920,sender -> receiver,0,True,1785392150791.0,-129.0,0.0,False
618cd61b-f73f-5cfa-b8b2-35ed8c9053e1,1785392150924,sender -> receiver,0,True,1785392150806.0,-118.0,0.0,False
6dc5e045-eb98-58dd-aaaf-01901b59ddab,1785392150934,sender -> receiver,0,True,1785392150830.0,-104.0,0.0,False
c91f6b14-ef83-55f7-b351-ef3036381f2c,1785392150951,sender -> receiver,0,True,1785392150868.0,-83.0,0.0,False
00ee6d3b-3977-50ed-83ce-56f6a802fbea,1785392150954,sender -> receiver,0,True,1785392150899.0,-55.0,0.0,False
becc6ad9-336a-5f07-be1d-dabf153ac486,1785392150957,sender -> receiver,0,True,1785392150914.0,-43.0,0.0,False
64361281-ed2d-59f4-af40-7dc3deca1af1,1785392150960,sender -> receiver,0,True,1785392150951.0,-9.0,0.0,False
474c8f82-aa8c-5c43-a4e6-04eee9ac5086,1785392151896,sender -> receiver,0,True,1785392151869.0,-27.0,0.0,False
e39241f9-b15c-5e32-b108-907689b94114,1785392151898,sender -> receiver,0,True,1785392151885.0,-13.0,0.0,False
4c74866b-1495-5451-9bb0-29412bb3d062,1785392151901,sender -> receiver,0,True,1785392151902.0,1.0,0.0,False
55543553-3a90-54fe-ab66-fbe89ba8fa66,1785392151905,sender -> receiver,0,True,1785392151918.0,13.0,0.0,False
b7cd7181-2ad8-5bbd-a1f6-60867377d2e6,1785392151908,sender -> receiver,0,True,1785392151955.0,47.0,0.0,False
ddd0f1dc-02ed-5c47-8922-a6b608a720ee,1785392151912,sender -> receiver,0,True,1785392151975.0,63.0,0.0,False
77be0eb2-61d3-5025-8d33-2dbddbb9d77b,1785392151926,sender -> receiver,0,True,1785392152035.0,109.0,0.0,False
1ae81c93-9695-5f0d-b0f7-e5051d20f12b,1785392151929,sender -> receiver,0,True,1785392152055.0,126.0,0.0,False
c2a746a9-ea3f-5c8f-bd03-20d7e893db28,1785392152945,sender -> receiver,0,True,1785392152792.0,-153.0,0.0,False
a408e869-dbdc-578f-9196-cc7eb11db73e,1785392152949,sender -> receiver,0,True,1785392152810.0,-139.0,0.0,False
1139b12b-c1f3-512e-a5e1-e95344346a4c,1785392152953,sender -> receiver,0,True,1785392152857.0,-96.0,0.0,False
30550ed2-4904-5957-a2ff-0f1449f2773e,1785392152957,sender -> receiver,0,True,1785392152878.0,-79.0,0.0,False
e861b8a6-ebb6-52d5-970a-fa4457bb4eb2,1785392152960,sender -> receiver,0,True,1785392152893.0,-67.0,0.0,False
ae15fea9-c427-560b-999d-75625ba544b3,1785392153000,sender -> receiver,0,True,1785392152909.0,-91.0,0.0,False
c7f27a34-b1c8-58c1-b47a-72aa8f95828d,1785392153003,sender -> receiver,0,True,1785392152958.0,-45.0,0.0,False
ff7c83a3-7a67-52e2-9ac1-e1e7b5c07284,1785392153007,sender -> receiver,0,True,1785392152973.0,-34.0,0.0,False
a2204fff-3eff-5834-8665-ff72d2fd43da,1785392153912,sender -> receiver,0,True,1785392153750.0,-162.0,0.0,False
9e7aaa85-ed0c-5c13-ad9e-ee965a326261,1785392153917,sender -> receiver,0,True,1785392153771.0,-146.0,0.0,False
df1b346f-8fc5-504a-a94e-c8c7dbd6276c,1785392153921,sender -> receiver,0,True,1785392153788.0,-133.0,0.0,False
cf9c8f16-beff-5ef5-8d09-49296a18c4dd,1785392153945,sender -> receiver,0,True,1785392153805.0,-140.0,0.0,False
507fa1a9-6bdb-5f7b-a998-7f0cbefbc2fd,1785392153948,sender -> receiver,0,True,1785392153840.0,-108.0,0.0,False
43e00631-140e-58ce-81a3-ba91e70af355,1785392153954,sender -> receiver,0,True,1785392153855.0,-99.0,0.0,False
708551d3-f771-55d3-a218-c1cc121a9603,1785392153957,sender -> receiver,0,True,1785392153871.0,-86.0,0.0,False
854d04f4-9d2c-5f67-b15f-510ea8e38704,1785392611251,sender -> receiver,0,True,1785392611112.0,-139.0,0.0,False
89f448d3-5b05-5a26-a85e-6bbd43a3cc78,1785392611254,sender -> receiver,0,True,1785392611128.0,-126.0,0.0,False
7047fbf8-8031-55e4-8aaa-b87c81345f32,1785392611257,sender -> receiver,0,True,1785392611144.0,-113.0,0.0,False
4d1e5fa9-348d-575f-b4e4-d9d4faa0dc87,1785392611260,sender -> receiver,0,True,1785392611160.0,-100.0,0.0,False
3a1582aa-6de6-5b8b-8401-3b918b574dfa,1785392611283,sender -> receiver,0,True,1785392611175.0,-108.0,0.0,False
72d8c8a1-0d67-595a-9d8b-aa9a19dd6196,1785392611287,sender -> receiver,0,True,1785392611212.0,-75.0,0.0,False
321106d7-1624-50a1-8538-b1036395e4db,1785392612236,sender -> receiver,0,True,1785392612109.0,-127.0,0.0,False
5d323ed9-06d9-54bc-bf9c-8dae9875b7df,1785392612241,sender -> receiver,0,True,1785392612126.0,-115.0,0.0,False
975440d7-7601-51a1-9808-d148eb582354,1785392612269,sender -> receiver,0,True,1785392612142.0,-127.0,0.0,False
fcf76cc6-1be0-5287-a2f7-9c4eb2abccab,1785392612273,sender -> receiver,0,True,1785392612193.0,-80.0,0.0,False
f101b336-5ac9-52ea-a14d-e18e2548eccc,1785392612276,sender -> receiver,0,True,1785392612210.0,-66.0,0.0,False
c2f22f7e-3c31-5362-b675-111e1f359883,1785392613232,sender -> receiver,0,True,1785392613119.0,-113.0,0.0,False
2e0580aa-1197-5db7-a691-505b33a2bc26,1785392613235,sender -> receiver,0,True,1785392613137.0,-98.0,0.0,False
535ecf2c-034c-5f9d-a75b-93c45ea1de27,1785392613238,sender -> receiver,0,True,1785392613154.0,-84.0,0.0,False
b739c822-dac1-5a7b-9a51-06af2055e7e4,1785392613258,sender -> receiver,0,True,1785392613169.0,-89.0,0.0,False
df888d85-16f9-53a2-b2c7-552c63c94c5e,1785392613263,sender -> receiver,0,True,1785392613185.0,-78.0,0.0,False
bdf7cbc3-59b0-5c61-bf93-8d38ab53edc9,1785392614266,sender -> receiver,0,True,1785392614107.0,-159.0,0.0,False
723694dc-e469-5b7c-9402-d8c842ac2ed1,1785392614270,sender -> receiver,0,True,1785392614178.0,-92.0,0.0,False
b3dd60bc-c794-5c21-a7d2-059ee5ace364,1785392614273,sender -> receiver,0,True,1785392614194.0,-79.0,0.0,False
5419b57d-bbfc-50a5-838b-e414c3cf57ba,1785392614277,sender -> receiver,0,True,1785392614210.0,-67.0,0.0,False
61611ac3-7db0-5f4c-b5e2-fa8d36ec126a,1785392614281,sender -> receiver,0,True,1785392614226.0,-55.0,0.0,False
c7530b1e-48fb-5322-bcf7-56721f128a25,1785392614285,sender -> receiver,0,True,1785392614241.0,-44.0,0.0,False
c16ca4f5-122d-51e0-9693-9bd40bc22708,1785392615230,sender -> receiver,0,True,1785392615132.0,-98.0,0.0,False
df3c5c29-f57f-5863-b448-86b1be2600d2,1785392615234,sender -> receiver,0,True,1785392615150.0,-84.0,0.0,False
eeb90ca5-a5c4-5bc5-9afa-1cf56372fefe,1785392615238,sender -> receiver,0,True,1785392615166.0,-72.0,0.0,False
3282089c-e350-5741-a796-e3d5e8f179a0,1785392615241,sender -> receiver,0,True,1785392615182.0,-59.0,0.0,False
cf33ec5f-3d45-5a40-82ed-7d4e49af98c9,1785392615245,sender -> receiver,0,True,1785392615198.0,-47.0,0.0,False
a2983a1b-d835-5a4a-8577-e8af0fa549e5,1785392616249,sender -> receiver,0,True,1785392616098.0,-151.0,0.0,False
32b0e45c-458f-5548-b906-1f32f563c965,1785392616254,sender -> receiver,0,True,1785392616117.0,-137.0,0.0,False
a8404e84-b579-5afb-a07b-5415cf84d78d,1785392616258,sender -> receiver,0,True,1785392616134.0,-124.0,0.0,False
f3c61d20-780f-57ae-9c18-51b008d77bb4,1785392616262,sender -> receiver,0,True,1785392616180.0,-82.0,0.0,False
cf0bae89-61c5-5bb9-9dc2-0b3fbc7c8d9c,1785392616266,sender -> receiver,0,True,1785392616198.0,-68.0,0.0,False
7694bc01-af1a-5f82-9087-da5eed000e6f,1785392617241,sender -> receiver,0,True,1785392617174.0,-67.0,0.0,False
d7eb31c9-9066-5507-bb2d-c96b20a61dfa,1785392617244,sender -> receiver,0,True,1785392617192.0,-52.0,0.0,False
f21d35f1-f304-5c65-a64d-8610e7b533b2,1785392617247,sender -> receiver,0,True,1785392617243.0,-4.0,0.0,False
5287422c-9f25-5210-a397-1ea2a108042b,1785392617250,sender -> receiver,0,True,1785392617261.0,11.0,0.0,False
a0eb5e9e-8ff6-5ce4-a339-1fbcdecc36b6,1785392617253,sender -> receiver,0,True,1785392617278.0,25.0,0.0,False
35440fb0-46ca-5445-95d7-976993e0fd81,1785392618263,sender -> receiver,0,True,1785392618113.0,-150.0,0.0,False
61aa68ef-5f53-506e-941c-01d44337c907,1785392618268,sender -> receiver,0,True,1785392618128.0,-140.0,0.0,False
9ad6ac5d-797f-5eae-bfb6-a9798eabebdc,1785392618271,sender -> receiver,0,True,1785392618143.0,-128.0,0.0,False
b06968e5-2b00-53b0-8e17-d1d45bcbf632,1785392618294,sender -> receiver,0,True,1785392618188.0,-106.0,0.0,False
b8c3272b-9f99-5005-94b3-80c1ea8edd77,1785392618298,sender -> receiver,0,True,1785392618204.0,-94.0,0.0,False
ce661241-3a47-5c48-b372-05530c4de0eb,1785392618302,sender -> receiver,0,True,1785392618220.0,-82.0,0.0,False
0f65b7c5-62b7-5f2e-9aac-11d5c3269d8e,1785392619243,sender -> receiver,0,True,1785392619111.0,-132.0,0.0,False
f45de9f8-ba3c-5adc-b303-b955e050414f,1785392619246,sender -> receiver,0,True,1785392619133.0,-113.0,0.0,False
c87df385-c217-500d-8f76-c8fb1064b5c8,1785392619250,sender -> receiver,0,True,1785392619151.0,-99.0,0.0,False
716c773d-9866-5989-8dd4-4924625230b7,1785392619272,sender -> receiver,0,True,1785392619167.0,-105.0,0.0,False
aaad2239-3db4-5ece-91d0-6e448e0b70c2,1785392619276,sender -> receiver,0,True,1785392619182.0,-94.0,0.0,False
a5e33802-e1c1-506c-955f-3952416b8f04,1785392620247,sender -> receiver,0,True,1785392620105.0,-142.0,0.0,False
045dd005-adf1-5a02-bb86-816c56a3b155,1785392620250,sender -> receiver,0,True,1785392620123.0,-127.0,0.0,False
cf20f0f7-1fb0-5fff-94cc-e38be507d186,1785392620254,sender -> receiver,0,True,1785392620140.0,-114.0,0.0,False
523767a0-ebe3-5cfd-ae70-246b898abf2a,1785392620257,sender -> receiver,0,True,1785392620156.0,-101.0,0.0,False
d545b9da-49e3-5e4e-8945-82abd0d2084b,1785392620262,sender -> receiver,0,True,1785392620172.0,-90.0,0.0,False
c0e2e070-0099-53fd-a6d1-ba3c1529e081,1785392621233,sender -> receiver,0,True,1785392621102.0,-131.0,0.0,False
56a56fd0-8358-5d4f-816b-710f0be73eec,1785392621237,sender -> receiver,0,True,1785392621119.0,-118.0,0.0,False
6105b1f1-8740-519f-9589-e0d49895b1af,1785392621241,sender -> receiver,0,True,1785392621135.0,-106.0,0.0,False
8b8caa82-7f4a-50ac-b5ea-ef93fa1b9364,1785392621245,sender -> receiver,0,True,1785392621151.0,-94.0,0.0,False
329643a9-1a4a-50c3-9401-984d1eaee67f,1785392621268,sender -> receiver,0,True,1785392621204.0,-64.0,0.0,False
316872cb-0157-5ffc-be95-af56a2dbed57,1785392622246,sender -> receiver,0,True,1785392622112.0,-134.0,0.0,False
a053bb54-34ff-5155-abc1-808ae3ebdff4,1785392622251,sender -> receiver,0,True,1785392622129.0,-122.0,0.0,False
daf696a2-8aad-56fd-b0ff-b1f7418e9318,1785392622258,sender -> receiver,0,True,1785392622146.0,-112.0,0.0,False
4f8fa15a-123d-5a90-999d-76f4f45a7bb1,1785392622281,sender -> receiver,0,True,1785392622162.0,-119.0,0.0,False
83dc6247-69a3-58b4-8ddb-3750a852b303,1785392622285,sender -> receiver,0,True,1785392622211.0,-74.0,0.0,False
ff059c78-04b1-5a61-9f63-37a2cf7130e1,1785392622289,sender -> receiver,0,True,1785392622228.0,-61.0,0.0,False
8cd3ab9d-ac95-5c2d-81e4-404c44205841,1785392623237,sender -> receiver,0,True,1785392623125.0,-112.0,0.0,False
b9f6c490-552d-5bb9-a112-535e2e215565,1785392623241,sender -> receiver,0,True,1785392623141.0,-100.0,0.0,False
c1cd1b7b-1cd5-5a19-8f6f-f1ebfde49e82,1785392623244,sender -> receiver,0,True,1785392623158.0,-86.0,0.0,False
309b42c8-c50e-5ecb-b399-077497f8bcc9,1785392623248,sender -> receiver,0,True,1785392623174.0,-74.0,0.0,False
307c8bb8-0d2c-53ac-a817-4faccb746fce,1785392623251,sender -> receiver,0,True,1785392623189.0,-62.0,0.0,False
6f212e8e-76fe-52e8-8da2-177599b46d34,1785392624267,sender -> receiver,0,True,1785392624113.0,-154.0,0.0,False
21d12f77-efb3-5f12-908d-667f4f669cee,1785392624271,sender -> receiver,0,True,1785392624132.0,-139.0,0.0,False
68e5e598-27b4-567d-a7e8-c10ddb55db5c,1785392624294,sender -> receiver,0,True,1785392624148.0,-146.0,0.0,False
905f2572-e540-55d9-9e52-9dae6f9f7884,1785392624300,sender -> receiver,0,True,1785392624164.0,-136.0,0.0,False
e4a1722d-d2bc-515d-8986-8e6973d07d36,1785392624307,sender -> receiver,0,True,1785392624217.0,-90.0,0.0,False
7ae28bfc-af45-51cd-8762-b1d0e5710809,1785392625249,sender -> receiver,0,True,1785392625178.0,-71.0,0.0,False
5d4cc8ed-eb8b-5a86-8e44-ff0ef1404590,1785392625254,sender -> receiver,0,True,1785392625203.0,-51.0,0.0,False
fac6649c-b5e7-566d-bd87-be1b2a1e3604,1785392625257,sender -> receiver,0,True,1785392625218.0,-39.0,0.0,False
04cf4cb3-3c38-5d90-8967-1e6034913a48,1785392625261,sender -> receiver,0,True,1785392625234.0,-27.0,0.0,False
6691b2f6-26a5-5156-9fc8-2e43fa40fcb4,1785392625265,sender -> receiver,0,True,1785392625271.0,6.0,0.0,False
b718a360-5da4-5192-b7a2-1300adc04e40,1785392626241,sender -> receiver,0,True,1785392626109.0,-132.0,0.0,False
12ba761d-fcc7-5255-b845-2625719b6831,1785392626245,sender -> receiver,0,True,1785392626128.0,-117.0,0.0,False
d4b252a5-ab4f-55fc-ac15-52022f6841b7,1785392626263,sender -> receiver,0,True,1785392626144.0,-119.0,0.0,False
92066a8a-fb91-51d0-abad-ea9db5f5fea7,1785392626267,sender -> receiver,0,True,1785392626160.0,-107.0,0.0,False
5bd13b47-2f76-51d1-868c-a6e4f27cca42,1785392626272,sender -> receiver,0,True,1785392626176.0,-96.0,0.0,False
0b47d691-be4e-5c7b-af53-37d1f58841aa,1785392626276,sender -> receiver,0,True,1785392626215.0,-61.0,0.0,False
d0476e9c-7fab-5c55-9af4-3eb3a43a0928,1785392627233,sender -> receiver,0,True,1785392627103.0,-130.0,0.0,False
46a146ec-fb81-551c-b393-d47aa8c74c13,1785392627238,sender -> receiver,0,True,1785392627120.0,-118.0,0.0,False
8af10191-a677-5a49-acae-5e34481cbed2,1785392627243,sender -> receiver,0,True,1785392627137.0,-106.0,0.0,False
ddf02ae7-1f4a-52bc-b308-df1c715ca9c1,1785392627247,sender -> receiver,0,True,1785392627152.0,-95.0,0.0,False
d96e1658-58b2-5b1b-9611-362cf25ffab1,1785392627272,sender -> receiver,0,True,1785392627168.0,-104.0,0.0,False
7d0697b2-460e-5e1a-b232-75d7e7675dbd,1785392628249,sender -> receiver,0,True,1785392628069.0,-180.0,0.0,False
847ebe02-043d-569b-aa36-0abc70d9f310,1785392628254,sender -> receiver,0,True,1785392628102.0,-152.0,0.0,False
4aeb9123-462c-58c5-a7dd-07d5a936f205,1785392628260,sender -> receiver,0,True,1785392628122.0,-138.0,0.0,False
2d7b7aa2-bfe8-593e-bdfa-2df48d20f7cb,1785392628286,sender -> receiver,0,True,1785392628191.0,-95.0,0.0,False
c5a57a46-305b-5245-8f50-740508772519,1785392628292,sender -> receiver,0,True,1785392628216.0,-76.0,0.0,False
693286f3-0321-5814-8bca-172717abc915,1785392629236,sender -> receiver,0,True,1785392629063.0,-173.0,0.0,False
baba5225-969f-5ad8-abd1-e5161eb0a2c5,1785392629242,sender -> receiver,0,True,1785392629096.0,-146.0,0.0,False
80277e5c-23ca-5b80-9335-5994d38a3266,1785392629266,sender -> receiver,0,True,1785392629124.0,-142.0,0.0,False
0489f6b3-4531-5fb4-907f-110b8c5045fe,1785392629271,sender -> receiver,0,True,1785392629179.0,-92.0,0.0,False
40e24ef1-c6c9-51ab-a15b-f6960956e83c,1785392629275,sender -> receiver,0,True,1785392629197.0,-78.0,0.0,False
a28e9ca2-bace-5d64-99ce-6433ed6403dd,1785392671476,sender -> receiver,0,True,1785392671391.0,-85.0,0.0,False
2db809d5-0d47-5837-a151-69b8a4fe2a83,1785392671480,sender -> receiver,0,True,1785392671405.0,-75.0,0.0,False
2ac5084d-94f7-5202-b6d3-be101f125eb3,1785392671484,sender -> receiver,0,True,1785392671444.0,-40.0,0.0,False
419ecdc1-2728-518c-8baf-fb3312618067,1785392671487,sender -> receiver,0,True,1785392671461.0,-26.0,0.0,False
6ef32359-7a63-59a1-a65c-9360472ded73,1785392671525,sender -> receiver,0,True,1785392671494.0,-31.0,0.0,False
8eaa47a5-f12c-528e-b403-6e55318d2295,1785392672475,sender -> receiver,0,True,1785392672304.0,-171.0,0.0,False
0efbc8d1-aed0-5bf4-a0be-04517705ca54,1785392672481,sender -> receiver,0,True,1785392672338.0,-143.0,0.0,False
05f1d97f-4a51-596f-961d-133d017163be,1785392672486,sender -> receiver,0,True,1785392672356.0,-130.0,0.0,False
d9099852-0eb4-5d0c-8bfe-fd4fe317ec0c,1785392672527,sender -> receiver,0,True,1785392672375.0,-152.0,0.0,False
d78d870d-a1cb-528a-a23e-f59be65c4d75,1785392673448,sender -> receiver,0,True,1785392673296.0,-152.0,0.0,False
0a578350-f2b3-5929-b7c4-8dea100c2914,1785392673454,sender -> receiver,0,True,1785392673365.0,-89.0,0.0,False
a234a598-210c-5713-ac5b-6fa82b2a6ec2,1785392673479,sender -> receiver,0,True,1785392673386.0,-93.0,0.0,False
c9c836e8-1701-5497-a5c2-bed438aef0e3,1785392673484,sender -> receiver,0,True,1785392673441.0,-43.0,0.0,False
b31bbdc6-5c6f-5f90-a3ee-ff6d48ae24f2,1785392674445,sender -> receiver,0,True,1785392674289.0,-156.0,0.0,False
9586acc9-35fb-5129-bccd-b89df94d9be3,1785392674449,sender -> receiver,0,True,1785392674309.0,-140.0,0.0,False
5e99c141-497c-5c4d-bc93-c3b3e3484c84,1785392674453,sender -> receiver,0,True,1785392674348.0,-105.0,0.0,False
abf13b80-3f24-5592-a5a0-a3a73191d0b1,1785392674457,sender -> receiver,0,True,1785392674391.0,-66.0,0.0,False
3ca7ef8f-86d3-5824-bd4f-f5af6de43ecd,1785392675446,sender -> receiver,0,True,1785392675275.0,-171.0,0.0,False
c321f0fd-4305-5a3e-8943-164b95e1b8e2,1785392675450,sender -> receiver,0,True,1785392675305.0,-145.0,0.0,False
3693c02a-e33c-564c-b358-0e64fa76dd20,1785392675454,sender -> receiver,0,True,1785392675330.0,-124.0,0.0,False
5cbe6199-c192-5839-bb60-917009913a6a,1785392675459,sender -> receiver,0,True,1785392675383.0,-76.0,0.0,False
f4e58e5e-ef3c-55c2-9784-712f61247f87,1785392676452,sender -> receiver,0,True,1785392676375.0,-77.0,0.0,False
12760d7d-51d0-5350-bbec-62200b813081,1785392676456,sender -> receiver,0,True,1785392676392.0,-64.0,0.0,False
a4ceaee3-009f-5972-a337-9ea7252d4ccb,1785392676480,sender -> receiver,0,True,1785392676409.0,-71.0,0.0,False
5a8165f6-e518-54fa-8735-648384c0af89,1785392676495,sender -> receiver,0,True,1785392676426.0,-69.0,0.0,False
58a83b46-7ad6-530d-aa81-0637f1f4bcdd,1785392677493,sender -> receiver,0,True,1785392677384.0,-109.0,0.0,False
72d496e8-0f34-50c1-a669-62d4b9eec5a4,1785392677499,sender -> receiver,0,True,1785392677408.0,-91.0,0.0,False
1c36b287-fa96-5b0a-a64f-75de57a7650c,1785392677503,sender -> receiver,0,True,1785392677424.0,-79.0,0.0,False
6a9b66c9-0fb3-50b0-8188-1b8b124deeac,1785392677547,sender -> receiver,0,True,1785392677440.0,-107.0,0.0,False
c1c73218-0d8e-5feb-97c2-24199329cdea,1785392677551,sender -> receiver,0,True,1785392677476.0,-75.0,0.0,False
9375d26c-ed3d-5c06-8540-a16dc43b02eb,1785392678466,sender -> receiver,0,True,1785392678290.0,-176.0,0.0,False
4d012ee7-a41e-5182-bd38-d10e090594f2,1785392678470,sender -> receiver,0,True,1785392678328.0,-142.0,0.0,False
f87cf7ae-e1ba-5b04-bdf5-857f8388948a,1785392678474,sender -> receiver,0,True,1785392678349.0,-125.0,0.0,False
35e4265a-39df-5571-b983-2fb21b94c6bc,1785392678477,sender -> receiver,0,True,1785392678395.0,-82.0,0.0,False
a9db68da-6803-5908-aaf9-650e58e04854,1785392679465,sender -> receiver,0,True,1785392679325.0,-140.0,0.0,False
1a833eba-4d68-5bd8-83f9-2a3109bc764d,1785392679470,sender -> receiver,0,True,1785392679354.0,-116.0,0.0,False
937a78b7-5bda-57e9-9aeb-c8d3b219d446,1785392679473,sender -> receiver,0,True,1785392679382.0,-91.0,0.0,False
0c256f27-fbc8-5809-bf70-6b9156c44e06,1785392679476,sender -> receiver,0,True,1785392679423.0,-53.0,0.0,False
d732e47d-7e09-5510-a911-b75de86568cd,1785392680476,sender -> receiver,0,True,1785392680314.0,-162.0,0.0,False
69e2c4dd-e537-5dc7-9a86-2716e192ed65,1785392680482,sender -> receiver,0,True,1785392680344.0,-138.0,0.0,False
74118e88-8226-5afb-9361-f963d1c46622,1785392680487,sender -> receiver,0,True,1785392680373.0,-114.0,0.0,False
7a6a3e26-e83d-5cd4-9f5b-63d4ed47bbf5,1785392680491,sender -> receiver,0,True,1785392680427.0,-64.0,0.0,False
71c5108d-576d-5174-bb67-4895bea39b25,1785392681455,sender -> receiver,0,True,1785392681311.0,-144.0,0.0,False
51be7175-d44d-53f6-bfdc-ba38d370e6b4,1785392681459,sender -> receiver,0,True,1785392681344.0,-115.0,0.0,False
f6748a48-e430-59fc-afe0-f0a6bf3b8364,1785392681500,sender -> receiver,0,True,1785392681370.0,-130.0,0.0,False
0701a6c1-134e-5712-88a5-4e11b5ed0410,1785392681504,sender -> receiver,0,True,1785392681432.0,-72.0,0.0,False
aa3a0bea-d04d-559c-8b2f-ff928315fb90,1785392682451,sender -> receiver,0,True,1785392682297.0,-154.0,0.0,False
278d999b-3c24-56f3-a156-da0eb8c9d297,1785392682455,sender -> receiver,0,True,1785392682328.0,-127.0,0.0,False
a0df34fe-6378-5977-aa07-b25ee326b66a,1785392682480,sender -> receiver,0,True,1785392682344.0,-136.0,0.0,False
a796fdc3-75e4-5d1c-936c-8e6ff79f47ad,1785392682484,sender -> receiver,0,True,1785392682384.0,-100.0,0.0,False
0d5de8b8-b483-55d0-9880-9da7e23e1741,1785392683450,sender -> receiver,0,True,1785392683289.0,-161.0,0.0,False
30091dd8-805b-54c7-a823-13f6e1aad465,1785392683455,sender -> receiver,0,True,1785392683314.0,-141.0,0.0,False
701bbd31-14bb-54de-9bfc-e1fe94872647,1785392683459,sender -> receiver,0,True,1785392683341.0,-118.0,0.0,False
9a5c836c-447f-5f3b-9445-dd204bc88feb,1785392683463,sender -> receiver,0,True,1785392683358.0,-105.0,0.0,False
68b8ca90-7217-55c3-8799-04039dc12652,1785392683467,sender -> receiver,0,True,1785392683374.0,-93.0,0.0,False
a3088eaa-faf7-5d99-af1f-9637ee32420b,1785392684458,sender -> receiver,0,True,1785392684320.0,-138.0,0.0,False
32c2a918-25ba-5054-b0cf-efe1d76d1b1d,1785392684464,sender -> receiver,0,True,1785392684347.0,-117.0,0.0,False
294bd2e4-741f-5044-8b2a-14c03871f999,1785392684492,sender -> receiver,0,True,1785392684369.0,-123.0,0.0,False
a218dafc-4ff7-5df7-a197-209c3112b15a,1785392684498,sender -> receiver,0,True,1785392684420.0,-78.0,0.0,False
94af2c11-a695-5cc8-8414-f1a5831853d0,1785392685462,sender -> receiver,0,True,1785392685375.0,-87.0,0.0,False
6190aafe-78aa-5cc9-bed7-a9ef5679b66a,1785392685502,sender -> receiver,0,True,1785392685400.0,-102.0,0.0,False
84c09d5e-5dcd-598f-b82a-9a43b5add7ba,1785392685506,sender -> receiver,0,True,1785392685417.0,-89.0,0.0,False
5b8b3b40-2537-5087-b265-7f44ebb8f026,1785392685509,sender -> receiver,0,True,1785392685432.0,-77.0,0.0,False
6aa0c8e9-8218-53d0-b907-c16b78ff0f55,1785392686491,sender -> receiver,0,True,1785392686344.0,-147.0,0.0,False
d7c1898e-9a6b-505d-a544-589eca2cbae9,1785392686496,sender -> receiver,0,True,1785392686371.0,-125.0,0.0,False
d82518ba-16a2-5b00-af08-88413b5cc784,1785392686520,sender -> receiver,0,True,1785392686425.0,-95.0,0.0,False
83cc9152-a915-5eb7-b319-aeff0470f5b9,1785392686524,sender -> receiver,0,True,1785392686444.0,-80.0,0.0,False
e2a95bf3-6b6f-51fd-8c0d-4b8ab7bae832,1785392687478,sender -> receiver,0,True,1785392687333.0,-145.0,0.0,False
5f005b58-2325-5739-ba7c-a132e66a5f66,1785392687481,sender -> receiver,0,True,1785392687399.0,-82.0,0.0,False
f3296394-d65f-5f7d-9208-e2e830221116,1785392687485,sender -> receiver,0,True,1785392687419.0,-66.0,0.0,False
f0d0799b-538c-59f4-9d2c-1b266d9bcc44,1785392687528,sender -> receiver,0,True,1785392687436.0,-92.0,0.0,False
29b575af-3455-5a80-a104-0c83dbb430fa,1785392688470,sender -> receiver,0,True,1785392688319.0,-151.0,0.0,False
e191005f-f8c7-5fe4-8305-df98112c5bad,1785392688496,sender -> receiver,0,True,1785392688339.0,-157.0,0.0,False
baa3aaa6-9a20-5d4f-8a63-55440f5afe80,1785392688502,sender -> receiver,0,True,1785392688355.0,-147.0,0.0,False
639c2848-0aff-5ce1-ae33-3affe2782ffa,1785392688507,sender -> receiver,0,True,1785392688373.0,-134.0,0.0,False
20a35bc5-1bd3-5ea1-8958-e83748b5275b,1785392689463,sender -> receiver,0,True,1785392689316.0,-147.0,0.0,False
95e2dfc8-01f1-5141-8379-177192c980e2,1785392689468,sender -> receiver,0,True,1785392689354.0,-114.0,0.0,False
63f0ceae-fe92-587f-91ad-9cd0b60b4710,1785392689496,sender -> receiver,0,True,1785392689381.0,-115.0,0.0,False
0d54b1d7-ec72-5f54-95a9-f768775cc23c,1785392689502,sender -> receiver,0,True,1785392689399.0,-103.0,0.0,False
6575db7e-11e5-53cc-8cb4-a7445a1f67bf,1785392689508,sender -> receiver,0,True,1785392689438.0,-70.0,0.0,False
c6a9049a-d0af-5b36-a0fa-ffdbbaa09d8f,1785392690447,sender -> receiver,0,True,1785392690311.0,-136.0,0.0,False
d50122dd-656e-595a-801b-34b7afa77b3b,1785392690451,sender -> receiver,0,True,1785392690334.0,-117.0,0.0,False
77f2c928-d3e5-5b64-8f20-091d84103d12,1785392690455,sender -> receiver,0,True,1785392690352.0,-103.0,0.0,False
46cb4a2c-da5e-54e3-a2ce-7b1294d0bd06,1785392690459,sender -> receiver,0,True,1785392690370.0,-89.0,0.0,False
21488303-5592-568f-8c50-11cea7c3c252,1785392691466,sender -> receiver,0,True,1785392691327.0,-139.0,0.0,False
64fbf316-3ffc-58d5-b7a0-b87847b00611,1785392691469,sender -> receiver,0,True,1785392691345.0,-124.0,0.0,False
98e42808-4c88-5b3b-891e-8340375edc6e,1785392691473,sender -> receiver,0,True,1785392691394.0,-79.0,0.0,False
c5ed0552-5cb5-5ab9-9661-eeae9d21025c,1785392691476,sender -> receiver,0,True,1785392691414.0,-62.0,0.0,False
2458139c-9c90-5ec8-b2fe-638be700021d,1785392692451,sender -> receiver,0,True,1785392692283.0,-168.0,0.0,False
d224efb6-71b9-57d7-ae56-8fab104b984c,1785392692458,sender -> receiver,0,True,1785392692314.0,-144.0,0.0,False
a2316347-6c59-5fd2-b812-7c51eb78d4e3,1785392692484,sender -> receiver,0,True,1785392692343.0,-141.0,0.0,False
dd296d6f-36ab-511d-b5ba-a7865fdb543c,1785392692488,sender -> receiver,0,True,1785392692361.0,-127.0,0.0,False
f13a9fac-5f73-5938-b1fe-006e797a8074,1785392693451,sender -> receiver,0,True,1785392693272.0,-179.0,0.0,False
ffa8bbdf-dd8b-570b-9f39-d1718a6e8adb,1785392693455,sender -> receiver,0,True,1785392693295.0,-160.0,0.0,False
060298b1-c7cb-5b13-afc5-2da192f4a96f,1785392693459,sender -> receiver,0,True,1785392693346.0,-113.0,0.0,False
35ac9b17-b78e-5881-a1a8-8e6dd2771eb5,1785392693464,sender -> receiver,0,True,1785392693367.0,-97.0,0.0,False
aa929fdb-be3a-5231-bd7a-defe8663127f,1785392694462,sender -> receiver,0,True,1785392694379.0,-83.0,0.0,False
86f526d7-93b8-5689-814b-bcb5096ab175,1785392694466,sender -> receiver,0,True,1785392694399.0,-67.0,0.0,False
a4b21a45-20a5-5e3e-b11a-ae4454a359b9,1785392694469,sender -> receiver,0,True,1785392694417.0,-52.0,0.0,False
c24d699c-2a3a-5256-97bc-b7edcc28bbb7,1785392694508,sender -> receiver,0,True,1785392694459.0,-49.0,0.0,False
aec697e1-206f-57c5-95e1-023b9fc83cd1,1785392751703,sender -> receiver,0,True,1785392751930.0,227.0,0.0,False
69b3ccd6-dc76-553a-8adc-acd38681e725,1785392751707,sender -> receiver,0,True,1785392751946.0,239.0,0.0,False
438785b7-9ac9-586d-a519-57e3bd812d54,1785392751711,sender -> receiver,0,True,1785392752198.0,487.0,0.0,False
5752ce40-7a72-5ff9-8b0e-60cf691d72ac,1785392751737,sender -> receiver,0,True,1785392752216.0,479.0,0.0,False
3ea47c6c-d233-54a9-910c-ec5ce2db7391,1785392751745,sender -> receiver,0,True,1785392752232.0,487.0,0.0,False
298260e8-d9ff-5570-b37b-8e0b439683ab,1785392751750,sender -> receiver,0,True,1785392752248.0,498.0,0.0,False
9a9fce32-86f7-51d3-bb7b-1a5eb500f176,1785392751754,sender -> receiver,0,True,1785392752284.0,530.0,0.0,False
5da1e7b4-3e3d-5047-adca-ebdf25e4eb83,1785392751758,sender -> receiver,0,True,1785392752300.0,542.0,0.0,False
a5ae5541-16df-54e6-a140-27e84af5d5ab,1785392751762,sender -> receiver,0,True,1785392752316.0,554.0,0.0,False
b8bfb768-37f0-593a-8c2a-6f6c02dd3f43,1785392751782,sender -> receiver,0,True,1785392752332.0,550.0,0.0,False
627ee214-df9f-5199-acc9-fd1ce9b35366,1785392751787,sender -> receiver,0,True,1785392752347.0,560.0,0.0,False
c088d30a-a584-547b-a6de-2feccf74c94b,1785392751792,sender -> receiver,0,True,1785392752385.0,593.0,0.0,False
c23ec558-393c-5304-aca1-6b74fd3f358c,1785392752684,sender -> receiver,0,True,1785392752519.0,-165.0,0.0,False
fb6fe3f5-3a06-5f27-a6b7-d10eda8d0cad,1785392752689,sender -> receiver,0,True,1785392752535.0,-154.0,0.0,False
de60d182-1a94-5d43-be8a-1f8a4ae864ad,1785392752692,sender -> receiver,0,True,1785392752559.0,-133.0,0.0,False
c3642347-cc4a-5de9-b795-c61448d1e3a1,1785392752717,sender -> receiver,0,True,1785392752576.0,-141.0,0.0,False
72f6aa2c-a845-56bf-bea1-3b622bdc3b8a,1785392752720,sender -> receiver,0,True,1785392752631.0,-89.0,0.0,False
f9b468a8-de9b-5dfe-bead-a7adde307504,1785392752724,sender -> receiver,0,True,1785392752703.0,-21.0,0.0,False
cf10b975-e701-52bd-b8da-6fa9b756997f,1785392752752,sender -> receiver,0,True,1785392752740.0,-12.0,0.0,False
c29e098d-c7ee-5878-8802-56e4129f3ef6,1785392752757,sender -> receiver,0,True,1785392752756.0,-1.0,0.0,False
90830305-2120-5e00-b684-4f8fb89e4714,1785392752761,sender -> receiver,0,True,1785392752771.0,10.0,0.0,False
3c7b6e08-333e-5ce6-9155-039a7494dae6,1785392752765,sender -> receiver,0,True,1785392752786.0,21.0,0.0,False
4922dc5b-bc5c-5959-8a9a-5af27f4e9f20,1785392752770,sender -> receiver,0,True,1785392752801.0,31.0,0.0,False
3a4dfa6d-3601-54e3-be82-d023b595c801,1785392753716,sender -> receiver,0,True,1785392753542.0,-174.0,0.0,False
0fa3506f-daf3-50a1-88b5-ca4b58edac8a,1785392753720,sender -> receiver,0,True,1785392753569.0,-151.0,0.0,False
7007a8c5-db57-5f8e-a596-6accc97573a3,1785392753724,sender -> receiver,0,True,1785392753587.0,-137.0,0.0,False
84e6af7c-1dd5-571b-aa67-f8ae07640853,1785392753752,sender -> receiver,0,True,1785392753605.0,-147.0,0.0,False
74375ecb-9bf3-52e3-ac89-e4af2ad7bdb5,1785392753756,sender -> receiver,0,True,1785392753677.0,-79.0,0.0,False
b1686352-48d3-59f7-b077-61afb5145c38,1785392753762,sender -> receiver,0,True,1785392753692.0,-70.0,0.0,False
091ff4a6-0280-5bb3-8f64-06d679391e5f,1785392753765,sender -> receiver,0,True,1785392753708.0,-57.0,0.0,False
01b5ab45-4247-5ce7-be4b-b9f7110c674b,1785392753768,sender -> receiver,0,True,1785392753724.0,-44.0,0.0,False
4841057b-2577-57fd-896e-2d920d584dc5,1785392753774,sender -> receiver,0,True,1785392753739.0,-35.0,0.0,False
c790ad1e-697a-598e-bdc6-bc0745e6b079,1785392753798,sender -> receiver,0,True,1785392753774.0,-24.0,0.0,False
77919768-e907-5fb5-81a0-05c53a61a3d8,1785392753802,sender -> receiver,0,True,1785392753807.0,5.0,0.0,False
0621bc60-4133-524b-acab-4e2bf71e2dd0,1785392754692,sender -> receiver,0,True,1785392754601.0,-91.0,0.0,False
eb858dc7-6cff-5bd4-b3e9-407b47bc03d5,1785392754695,sender -> receiver,0,True,1785392754617.0,-78.0,0.0,False
66009b1b-4b7f-5ee7-9c02-1f0c6a61386a,1785392754698,sender -> receiver,0,True,1785392754655.0,-43.0,0.0,False
35aa5c77-0da0-5597-9ec1-ea02dbfa974f,1785392754721,sender -> receiver,0,True,1785392754674.0,-47.0,0.0,False
188aea52-09ae-5339-b5ec-d5e7188a648b,1785392754726,sender -> receiver,0,True,1785392754695.0,-31.0,0.0,False
1da0be68-2824-5950-9ac1-81cf8bebe254,1785392754730,sender -> receiver,0,True,1785392754735.0,5.0,0.0,False
e2eb497f-3a46-5d93-951b-b521cabb3df1,1785392754734,sender -> receiver,0,True,1785392754750.0,16.0,0.0,False
5c0bfa3c-175d-5d9b-ae85-c73be3283567,1785392754760,sender -> receiver,0,True,1785392754766.0,6.0,0.0,False
66eaa8a4-a525-50f8-ab6a-871c87030cb1,1785392754765,sender -> receiver,0,True,1785392754782.0,17.0,0.0,False
b2f80995-d50f-5688-bb76-4d29f4050698,1785392754769,sender -> receiver,0,True,1785392754797.0,28.0,0.0,False
b7067c57-f2e6-54b2-8428-0371072374f4,1785392754800,sender -> receiver,0,True,1785392754844.0,44.0,0.0,False
83ff3530-c315-513a-8a45-b174f5af860d,1785392755713,sender -> receiver,0,True,1785392755652.0,-61.0,0.0,False
0f7f5973-991f-5718-8c33-998142f42def,1785392755717,sender -> receiver,0,True,1785392755669.0,-48.0,0.0,False
f1796398-3c61-5539-8110-d6a8097c0cfd,1785392755721,sender -> receiver,0,True,1785392755712.0,-9.0,0.0,False
332fa94c-4d44-5b14-9976-4c79f48d645a,1785392755724,sender -> receiver,0,True,1785392755729.0,5.0,0.0,False
887c7f3a-b2c7-505c-aa6e-1d5c6eaecb3b,1785392755728,sender -> receiver,0,True,1785392755767.0,39.0,0.0,False
f4bd3fb6-cf69-5511-af6e-2d7d612414e6,1785392755732,sender -> receiver,0,True,1785392755785.0,53.0,0.0,False
f64623bb-9c07-5edf-b8ca-0da894fc56ae,1785392755758,sender -> receiver,0,True,1785392755803.0,45.0,0.0,False
4b4d4db3-3317-57e2-936b-930f84c0673e,1785392755763,sender -> receiver,0,True,1785392755818.0,55.0,0.0,False
a94f5125-3c43-59ee-9df5-8d7f916f3b14,1785392755766,sender -> receiver,0,True,1785392755834.0,68.0,0.0,False
b19ceaea-8473-5c05-9c72-95c614357012,1785392755770,sender -> receiver,0,True,1785392755870.0,100.0,0.0,False
6515b1c4-08c8-55c9-9620-37564a953ef1,1785392755773,sender -> receiver,0,True,1785392755887.0,114.0,0.0,False
e547cdec-09d6-5d49-8311-0eb5a63f5633,1785392756706,sender -> receiver,0,True,1785392756529.0,-177.0,0.0,False
5e7a1de8-e5b2-5312-9b67-dd8c61a61270,1785392756711,sender -> receiver,0,True,1785392756554.0,-157.0,0.0,False
85f358ae-a504-5501-93a8-bdf06edeeabb,1785392756715,sender -> receiver,0,True,1785392756570.0,-145.0,0.0,False
ec600497-7ad4-5fd9-a186-1c19230096e1,1785392756740,sender -> receiver,0,True,1785392756587.0,-153.0,0.0,False
ddc7e9b3-ee55-5d2b-9e29-8f62d7f15eb6,1785392756745,sender -> receiver,0,True,1785392756663.0,-82.0,0.0,False
069003e1-a9b4-5378-8b4f-dce5d0ae545b,1785392756749,sender -> receiver,0,True,1785392756681.0,-68.0,0.0,False
027b4d07-720e-51bc-97d2-f801f5b5b2cd,1785392756753,sender -> receiver,0,True,1785392756697.0,-56.0,0.0,False
5042f42e-832b-55cc-83d7-2028979f31fc,1785392756757,sender -> receiver,0,True,1785392756712.0,-45.0,0.0,False
750d1a1c-2914-543a-86c0-403d1de4d703,1785392756760,sender -> receiver,0,True,1785392756761.0,1.0,0.0,False
6c128c6f-5d46-52d0-92ea-43392b723e7c,1785392756781,sender -> receiver,0,True,1785392756779.0,-2.0,0.0,False
24891ae5-2706-5159-bb3e-7f6f4f65244c,1785392756786,sender -> receiver,0,True,1785392756794.0,8.0,0.0,False
4a473b12-71ce-5476-9ce6-a55c2013dd2d,1785392757714,sender -> receiver,0,True,1785392757653.0,-61.0,0.0,False
d4e7f850-4995-5943-b088-bcd9060fc5be,1785392757717,sender -> receiver,0,True,1785392757669.0,-48.0,0.0,False
f38e13b0-a284-510e-bb0e-6f92d7e0e6c6,1785392757721,sender -> receiver,0,True,1785392757686.0,-35.0,0.0,False
e2d7c8e6-4a47-582f-869c-7502e55ed6a7,1785392757728,sender -> receiver,0,True,1785392757726.0,-2.0,0.0,False
32e9baed-5824-5ad4-9485-705e3ad7f191,1785392757751,sender -> receiver,0,True,1785392757743.0,-8.0,0.0,False
ea46a94f-9423-5bff-851f-ef65196b8b33,1785392757755,sender -> receiver,0,True,1785392757801.0,46.0,0.0,False
efc51cbd-24d4-5fd0-b751-e4ebd292418b,1785392757758,sender -> receiver,0,True,1785392757816.0,58.0,0.0,False
eddd4866-ad64-5ed3-8479-9485ad0e4b26,1785392757784,sender -> receiver,0,True,1785392757832.0,48.0,0.0,False
30a10f4f-07b7-50eb-9ea1-7fac87f17b0f,1785392757788,sender -> receiver,0,True,1785392757847.0,59.0,0.0,False
5f92cbd3-17f2-504b-8e1f-fbed809df7f8,1785392757793,sender -> receiver,0,True,1785392757864.0,71.0,0.0,False
2060414d-57ef-540e-8401-4ecd9712084d,1785392757796,sender -> receiver,0,True,1785392757909.0,113.0,0.0,False
b57534ec-09bd-53f8-8286-eca760be75a9,1785392758697,sender -> receiver,0,True,1785392758512.0,-185.0,0.0,False
9a7e02d1-e3b0-5ac4-8623-f7f23b38fb4c,1785392758702,sender -> receiver,0,True,1785392758529.0,-173.0,0.0,False
b8da7bf0-03df-5892-99db-63b43c1fdab1,1785392758708,sender -> receiver,0,True,1785392758550.0,-158.0,0.0,False
5da11b39-48be-50c8-9e9d-57e844f61a30,1785392758737,sender -> receiver,0,True,1785392758567.0,-170.0,0.0,False
aebf897e-94cb-5fa6-8b33-0adc6d8e276d,1785392758743,sender -> receiver,0,True,1785392758620.0,-123.0,0.0,False
45a9a19a-0019-5f70-9f1d-c7d89b87a686,1785392758747,sender -> receiver,0,True,1785392758642.0,-105.0,0.0,False
d67d825f-d049-51a7-8fde-ade717f1b3f1,1785392758753,sender -> receiver,0,True,1785392758660.0,-93.0,0.0,False
2e571e2b-b71c-52f5-8fa8-305f6e7fefdf,1785392758760,sender -> receiver,0,True,1785392758728.0,-32.0,0.0,False
3af31c8f-a72f-57cf-a6e5-43f35c3a469c,1785392758780,sender -> receiver,0,True,1785392758744.0,-36.0,0.0,False
ad418df9-ffe9-54b1-b84a-bfff7e212661,1785392758784,sender -> receiver,0,True,1785392758761.0,-23.0,0.0,False
00ed161d-ad25-5997-a7ee-aeba8d2d212f,1785392758788,sender -> receiver,0,True,1785392758778.0,-10.0,0.0,False
0f6c14ab-5f64-5748-89d5-08a7e1a00e1f,1785392759689,sender -> receiver,0,True,1785392759558.0,-131.0,0.0,False
8e5aaa57-5dcf-52e2-b352-809316d26ffc,1785392759692,sender -> receiver,0,True,1785392759586.0,-106.0,0.0,False
4d0669d1-5e4c-5c34-9510-c7c69904927d,1785392759696,sender -> receiver,0,True,1785392759603.0,-93.0,0.0,False
ef6c2645-d87c-5d3a-81a9-bb4a8c664f3f,1785392759699,sender -> receiver,0,True,1785392759622.0,-77.0,0.0,False
864fb681-2680-5cfc-86b3-a860310fa809,1785392759718,sender -> receiver,0,True,1785392759674.0,-44.0,0.0,False
f8a1fcdf-1c7b-57e3-a9e4-62330528ac99,1785392759722,sender -> receiver,0,True,1785392759692.0,-30.0,0.0,False
bc413847-f88c-53e3-a31a-9f4d5a6ea07a,1785392759727,sender -> receiver,0,True,1785392759708.0,-19.0,0.0,False
8b272530-3dd5-5a97-af06-5d13e3853053,1785392759731,sender -> receiver,0,True,1785392759724.0,-7.0,0.0,False
d3adf102-00d1-56ce-a97f-d68854fe2185,1785392759735,sender -> receiver,0,True,1785392759739.0,4.0,0.0,False
96799cf9-5389-58d0-ae0c-7e6ad4da61eb,1785392759760,sender -> receiver,0,True,1785392759755.0,-5.0,0.0,False
ce1dd2dc-51b8-5451-adc8-f94e767f42b2,1785392759765,sender -> receiver,0,True,1785392759789.0,24.0,0.0,False
de2c9959-8012-532e-9832-e0d3a606758c,1785392800368,sender -> receiver,0,True,1785392800167.0,-201.0,0.0,False
48354a72-e365-5ab6-8f4a-90bef90856aa,1785392800400,sender -> receiver,0,True,1785392800208.0,-192.0,0.0,False
2a3649d5-ae9f-5c53-90d7-c5d3935ba7c0,1785392800405,sender -> receiver,0,True,1785392800244.0,-161.0,0.0,False
33b34bdc-64df-5aa3-bf73-f75b4fe1b182,1785392800438,sender -> receiver,0,True,1785392800272.0,-166.0,0.0,False
8a67b453-a213-56c8-b473-2a7e2feac34f,1785392801394,sender -> receiver,0,True,1785392801212.0,-182.0,0.0,False
f85a8f8c-e069-546c-9a16-69f0044ff399,1785392801399,sender -> receiver,0,True,1785392801238.0,-161.0,0.0,False
421edb38-74f2-57e1-9e68-76bc58359c7f,1785392801403,sender -> receiver,0,True,1785392801257.0,-146.0,0.0,False
92a318f9-4b03-5ec5-821e-17874a88ea14,1785392801427,sender -> receiver,0,True,1785392801275.0,-152.0,0.0,False
240f628f-16f3-5ebf-a0d8-cedc4effbb2f,1785392802429,sender -> receiver,0,True,1785392802362.0,-67.0,0.0,False
cd209cc3-1c13-5487-aaf9-f799ecb24fda,1785392802436,sender -> receiver,0,True,1785392802382.0,-54.0,0.0,False
51248f02-e472-5405-b4ec-2f32d21af1fb,1785392802440,sender -> receiver,0,True,1785392802399.0,-41.0,0.0,False
99eeb2b2-2343-5ba1-9323-9e91e4f86d4d,1785392802444,sender -> receiver,0,True,1785392802416.0,-28.0,0.0,False
d6b0d345-eee6-5ae6-b8f7-74a2ea2270a7,1785392803395,sender -> receiver,0,True,1785392803258.0,-137.0,0.0,False
6f4c46c2-d216-5c45-8226-9eb3ef5e075d,1785392803424,sender -> receiver,0,True,1785392803285.0,-139.0,0.0,False
1b2eec3e-5fbf-53d6-ba19-f6ffa81a6955,1785392803428,sender -> receiver,0,True,1785392803303.0,-125.0,0.0,False
e64fe36e-138b-5493-9722-c3e642de8c1e,1785392803432,sender -> receiver,0,True,1785392803320.0,-112.0,0.0,False
4416fb9f-f528-5fc7-803d-207bf817ea6c,1785392804383,sender -> receiver,0,True,1785392804229.0,-154.0,0.0,False
3e5a2f06-56dc-596c-962e-07b1443ca919,1785392804386,sender -> receiver,0,True,1785392804245.0,-141.0,0.0,False
eead32e7-19b9-5a30-aa40-c78e4a4028a8,1785392804390,sender -> receiver,0,True,1785392804262.0,-128.0,0.0,False
7fe914bb-5001-54b1-8b3b-78b6c881ca73,1785392804393,sender -> receiver,0,True,1785392804309.0,-84.0,0.0,False
8749b90b-51ed-5038-b89e-76adab3f8a25,1785392805389,sender -> receiver,0,True,1785392805222.0,-167.0,0.0,False
474fdc01-f7c1-57a2-9ff0-c0bb49ca5b69,1785392805392,sender -> receiver,0,True,1785392805249.0,-143.0,0.0,False
1d9dc4d6-c419-5fe2-b5ec-e65621a05f14,1785392805396,sender -> receiver,0,True,1785392805269.0,-127.0,0.0,False
2743148f-4162-5b03-9320-f7ae2da158d1,1785392805400,sender -> receiver,0,True,1785392805287.0,-113.0,0.0,False
6ee152c5-c34f-55d9-9d93-7cb4fba4922d,1785392806398,sender -> receiver,0,True,1785392806256.0,-142.0,0.0,False
d0dff0cb-c8e7-5524-9158-e9e04c9e8604,1785392806402,sender -> receiver,0,True,1785392806276.0,-126.0,0.0,False
21e777ac-1b4a-5360-9cde-d325bca72a3e,1785392806427,sender -> receiver,0,True,1785392806323.0,-104.0,0.0,False
64f24a12-d6bc-559d-9065-0506cff9364a,1785392806432,sender -> receiver,0,True,1785392806348.0,-84.0,0.0,False
f5c8b49b-2c4a-5542-8a4f-8380e671ba14,1785392807384,sender -> receiver,0,True,1785392807207.0,-177.0,0.0,False
40d5dd30-b6d4-510f-be06-9f64377647f8,1785392807408,sender -> receiver,0,True,1785392807234.0,-174.0,0.0,False
c8819d72-c746-5868-a8f6-42d45e4d61c4,1785392807413,sender -> receiver,0,True,1785392807275.0,-138.0,0.0,False
3072e581-f400-5919-8ea5-c1a846bf9dec,1785392807417,sender -> receiver,0,True,1785392807302.0,-115.0,0.0,False
2028ec86-eadf-53a1-afe9-2f6b0c905f75,1785392808387,sender -> receiver,0,True,1785392808253.0,-134.0,0.0,False
268a4881-9ddf-5fe6-8062-84a4216917c6,1785392808416,sender -> receiver,0,True,1785392808284.0,-132.0,0.0,False
985347ad-5363-5cfc-a93f-4d3b931c45ba,1785392808421,sender -> receiver,0,True,1785392808306.0,-115.0,0.0,False
6a734165-37e0-5cb3-909c-3b2f273b80ee,1785392808426,sender -> receiver,0,True,1785392808325.0,-101.0,0.0,False
fa22523b-6b4c-5250-aa7c-16212258c5a9,1785392809393,sender -> receiver,0,True,1785392809229.0,-164.0,0.0,False
6d096804-024a-54b8-a023-81dcbc5832cd,1785392809425,sender -> receiver,0,True,1785392809241.0,-184.0,0.0,False
bb679e2f-2895-530c-bfb8-0769c69e35e3,1785392809434,sender -> receiver,0,True,1785392809274.0,-160.0,0.0,False
5d51faf1-e266-54b5-88cb-b2e791d79ec3,1785392809439,sender -> receiver,0,True,1785392809290.0,-149.0,0.0,False
109f7759-9164-54c6-bf23-014aa31c652e,1785392810368,sender -> receiver,0,True,1785392810219.0,-149.0,0.0,False
ba1c1b1c-571c-505e-a12e-fe7653c72fc8,1785392810395,sender -> receiver,0,True,1785392810244.0,-151.0,0.0,False
097c3aa2-0773-5d66-881c-97cdef923bd0,1785392810400,sender -> receiver,0,True,1785392810262.0,-138.0,0.0,False
123fe69a-48dd-5dbf-b471-9e715a7f79c4,1785392810404,sender -> receiver,0,True,1785392810313.0,-91.0,0.0,False
8682557e-bfac-5c86-9411-7399e9280621,1785392811402,sender -> receiver,0,True,1785392811259.0,-143.0,0.0,False
8a6d1fba-36ed-5874-b82e-74a59124cca5,1785392811406,sender -> receiver,0,True,1785392811275.0,-131.0,0.0,False
4a01719b-a949-57ff-9fb1-83bfbf5bb733,1785392811410,sender -> receiver,0,True,1785392811298.0,-112.0,0.0,False
d03af5dd-202b-52ea-ad16-2c72ce8e4b97,1785392811413,sender -> receiver,0,True,1785392811317.0,-96.0,0.0,False
ca44980e-d764-5b94-9efe-dc08566b9458,1785392812410,sender -> receiver,0,True,1785392812340.0,-70.0,0.0,False
634b5766-1165-5afc-83a4-1e272623fcc6,1785392812445,sender -> receiver,0,True,1785392812392.0,-53.0,0.0,False
eaca6aaf-5e06-53a1-b11e-95fe48669c12,1785392812453,sender -> receiver,0,True,1785392812412.0,-41.0,0.0,False
4e41c9c2-2b24-5626-a4e4-f3cd693880d0,1785392812457,sender -> receiver,0,True,1785392812430.0,-27.0,0.0,False
6945bf36-cd52-5a75-8d5b-a73223630e6b,1785392813380,sender -> receiver,0,True,1785392813376.0,-4.0,0.0,False
0677a274-c78c-53b6-94ee-d8e40d005e80,1785392813383,sender -> receiver,0,True,1785392813398.0,15.0,0.0,False
f142f792-fd64-5485-9217-e8e5f7076c2d,1785392813386,sender -> receiver,0,True,1785392813415.0,29.0,0.0,False
f0bbf65b-3564-54a2-bba0-22da55fb69c2,1785392813390,sender -> receiver,0,True,1785392813431.0,41.0,0.0,False
01f83ca6-33fc-5622-b331-b36ea786f58a,1785392814385,sender -> receiver,0,True,1785392814166.0,-219.0,0.0,False
824d92fd-fba8-5c71-b4d6-3c76ea1c0013,1785392814389,sender -> receiver,0,True,1785392814229.0,-160.0,0.0,False
1ac28611-6551-5311-a6e4-5c1e26b2af6d,1785392814393,sender -> receiver,0,True,1785392814251.0,-142.0,0.0,False
c06d435f-6431-5e1f-bf74-d798ffa1b2f1,1785392814397,sender -> receiver,0,True,1785392814267.0,-130.0,0.0,False
69529f08-a0f2-52f9-8275-5bb901488044,1785392815377,sender -> receiver,0,True,1785392815202.0,-175.0,0.0,False
137336ff-3953-5ce9-996c-93ff18eb8cde,1785392815413,sender -> receiver,0,True,1785392815260.0,-153.0,0.0,False
8a53365e-47f3-56fa-8b3c-fd89bc13bae1,1785392815420,sender -> receiver,0,True,1785392815294.0,-126.0,0.0,False
f786cc5e-3f79-5beb-a0f0-25b7825b8bef,1785392815425,sender -> receiver,0,True,1785392815335.0,-90.0,0.0,False
2c09ae2b-0226-5978-a7f0-fb585088bba9,1785392816419,sender -> receiver,0,True,1785392816303.0,-116.0,0.0,False
7652b86c-364f-5ffe-a788-45368578f4b6,1785392816423,sender -> receiver,0,True,1785392816336.0,-87.0,0.0,False
0f17e110-5568-52f7-9995-8c8441b294ce,1785392816427,sender -> receiver,0,True,1785392816358.0,-69.0,0.0,False
376c8947-ccf5-58fc-b44c-c3ebce859424,1785392816432,sender -> receiver,0,True,1785392816400.0,-32.0,0.0,False
072648c0-39ed-594b-8648-4d5f40f9b0c8,1785392817410,sender -> receiver,0,True,1785392817251.0,-159.0,0.0,False
cb663e5d-4d05-52de-a57f-ccc4bdac690b,1785392817414,sender -> receiver,0,True,1785392817306.0,-108.0,0.0,False
66d8263e-8f4b-5186-8443-48bb4e9378b5,1785392817419,sender -> receiver,0,True,1785392817328.0,-91.0,0.0,False
234e6eb2-6a07-58aa-8261-d603f9cdcc70,1785392817424,sender -> receiver,0,True,1785392817345.0,-79.0,0.0,False
fd9b411f-2f2f-5b55-a445-a49ce71eae68,1785392818381,sender -> receiver,0,True,1785392818244.0,-137.0,0.0,False
94a81bb5-6fe0-59fe-8999-11b535530ef6,1785392818404,sender -> receiver,0,True,1785392818265.0,-139.0,0.0,False
6019fb76-a15c-5be1-a012-5907641fdbfd,1785392818409,sender -> receiver,0,True,1785392818284.0,-125.0,0.0,False
42b74346-7c0c-51f5-8bfd-f436caae8e3e,1785392818414,sender -> receiver,0,True,1785392818302.0,-112.0,0.0,False
87ed8103-6fb2-5993-a4df-4e774726da42,1785392819391,sender -> receiver,0,True,1785392819262.0,-129.0,0.0,False
3c8894ec-ca7c-56d8-bd75-dd547b203aaa,1785392819416,sender -> receiver,0,True,1785392819300.0,-116.0,0.0,False
f36ffff8-838b-59c8-b95d-9da732b7b9c7,1785392819420,sender -> receiver,0,True,1785392819351.0,-69.0,0.0,False
f7261689-e7ec-5e02-8323-f5ff1c043200,1785392819423,sender -> receiver,0,True,1785392819368.0,-55.0,0.0,False
942908d3-0ba3-5ad9-9729-988e31fad052,1785392820393,sender -> receiver,0,True,1785392820250.0,-143.0,0.0,False
83765624-6a1b-5694-9db0-7ccda82c40ca,1785392820398,sender -> receiver,0,True,1785392820262.0,-136.0,0.0,False
5e244cb1-52d4-5255-85e5-e1f8c4c34a47,1785392820402,sender -> receiver,0,True,1785392820295.0,-107.0,0.0,False
2ccf9b10-b1a8-50b2-9039-693ccd6fa783,1785392820425,sender -> receiver,0,True,1785392820311.0,-114.0,0.0,False
b1f5fd9d-d93b-563d-8722-df89dea13b79,1785392821384,sender -> receiver,0,True,1785392821202.0,-182.0,0.0,False
9f043fee-543c-538a-90ff-4ef76a641cd7,1785392821390,sender -> receiver,0,True,1785392821234.0,-156.0,0.0,False
299ca249-519c-5a89-bb87-f673b8dff3cf,1785392821396,sender -> receiver,0,True,1785392821278.0,-118.0,0.0,False
aff52cc3-2e38-5028-9fab-b4a23056f9b8,1785392821404,sender -> receiver,0,True,1785392821306.0,-98.0,0.0,False
f82ca9e0-f0ac-5ece-9b7a-ec8b1a8eddff,1785392822409,sender -> receiver,0,True,1785392822290.0,-119.0,0.0,False
61f0c540-b5b5-5861-82e2-8e38580ec27c,1785392822415,sender -> receiver,0,True,1785392822319.0,-96.0,0.0,False
701e9f42-22b4-5cf7-bc1c-00a7dbbbdca8,1785392822419,sender -> receiver,0,True,1785392822340.0,-79.0,0.0,False
2982ff03-aec9-5c9f-9726-e930c8bc4d1a,1785392822423,sender -> receiver,0,True,1785392822394.0,-29.0,0.0,False
8b3e7bdc-0cdb-55ae-a3ab-596874a3a254,1785392823396,sender -> receiver,0,True,1785392823217.0,-179.0,0.0,False
308c6e21-6527-57f3-ba33-5f00c9b37bb5,1785392823403,sender -> receiver,0,True,1785392823241.0,-162.0,0.0,False
d3a4aa46-9c5a-5bf8-932c-a99c89fdf69b,1785392823411,sender -> receiver,0,True,1785392823258.0,-153.0,0.0,False
5a41147f-a9a2-526a-913b-b12bb964d791,1785392823416,sender -> receiver,0,True,1785392823274.0,-142.0,0.0,False
bf6b9e3a-b1cb-5812-8e38-a3a979cad476,1785392824369,sender -> receiver,0,True,1785392824218.0,-151.0,0.0,False
a994bdb3-18d9-54cc-b883-20b46733631e,1785392824398,sender -> receiver,0,True,1785392824238.0,-160.0,0.0,False
d2b017ee-e6d0-5f75-a5ba-94e2bc5296b8,1785392824402,sender -> receiver,0,True,1785392824256.0,-146.0,0.0,False
839474c3-5683-5578-8eba-6cdf99aa8e03,1785392824406,sender -> receiver,0,True,1785392824274.0,-132.0,0.0,False
684a35ea-8698-5298-bcac-89e13e00c439,1785392865108,sender -> receiver,0,True,1785392864951.0,-157.0,0.0,False
6538715b-d874-5d62-81f8-4dbdf14ea973,1785392865112,sender -> receiver,0,True,1785392864969.0,-143.0,0.0,False
4ad8c5f2-e84e-597b-ab75-64e544379a6c,1785392865116,sender -> receiver,0,True,1785392864986.0,-130.0,0.0,False
416e0d05-0bc1-507f-8ad3-4684ec0f3c05,1785392865137,sender -> receiver,0,True,1785392865002.0,-135.0,0.0,False
17fb49a9-b40f-5fbd-bbb9-7e958e364fdd,1785392866103,sender -> receiver,0,True,1785392865989.0,-114.0,0.0,False
5f2b9015-fcc6-52fd-a4bc-687d6e270e6a,1785392866106,sender -> receiver,0,True,1785392866002.0,-104.0,0.0,False
49dcb8fb-0e4f-5616-aff5-dc7c742d1e1a,1785392866110,sender -> receiver,0,True,1785392866014.0,-96.0,0.0,False
1e6e70b7-c433-58de-8b4f-3ab05a100b5f,1785392866113,sender -> receiver,0,True,1785392866031.0,-82.0,0.0,False
4749a265-772a-5297-bf67-19599ea11b3a,1785392867117,sender -> receiver,0,True,1785392866972.0,-145.0,0.0,False
db6ab9b4-fab6-515a-b969-661b3eb623c5,1785392867121,sender -> receiver,0,True,1785392866997.0,-124.0,0.0,False
8f53890b-def4-5b88-a9ad-ef9bba004d4a,1785392867126,sender -> receiver,0,True,1785392867020.0,-106.0,0.0,False
cb7bacd0-96f2-515e-b2cf-b50b2af5d5d1,1785392867131,sender -> receiver,0,True,1785392867083.0,-48.0,0.0,False
09a79299-98f2-594e-b51d-4d182dc9d197,1785392868104,sender -> receiver,0,True,1785392867962.0,-142.0,0.0,False
e8f7464c-da4c-5433-90fa-10d194776aca,1785392868107,sender -> receiver,0,True,1785392867988.0,-119.0,0.0,False
84a8d16d-f840-5ef5-ad22-51b28b33229c,1785392868111,sender -> receiver,0,True,1785392868015.0,-96.0,0.0,False
0331ad8b-6f6e-515f-8682-73fc92474310,1785392868114,sender -> receiver,0,True,1785392868034.0,-80.0,0.0,False
dc78b34d-b000-591a-8ce6-6f4c13170d89,1785392869120,sender -> receiver,0,True,1785392868952.0,-168.0,0.0,False
7a260ce5-8d1f-580e-8762-7e04cdb4dc5b,1785392869124,sender -> receiver,0,True,1785392868980.0,-144.0,0.0,False
aa339160-6d9c-5f9d-ab28-ae5907cf7baa,1785392869150,sender -> receiver,0,True,1785392869002.0,-148.0,0.0,False
6761285e-ab14-5eb1-a056-87558493647a,1785392869154,sender -> receiver,0,True,1785392869057.0,-97.0,0.0,False
92008491-7ef5-5122-9273-5415009eaa6e,1785392870117,sender -> receiver,0,True,1785392869946.0,-171.0,0.0,False
a57ca7c7-f93d-5503-bbf9-a6281470629e,1785392870121,sender -> receiver,0,True,1785392869975.0,-146.0,0.0,False
d3ed8b81-87fb-5cd4-85f6-79b8347a5736,1785392870128,sender -> receiver,0,True,1785392869997.0,-131.0,0.0,False
ffb33df6-a037-5850-ac1f-ff2e9888911c,1785392870136,sender -> receiver,0,True,1785392870061.0,-75.0,0.0,False
5e7b9ce5-3bd7-5a84-9bcf-947003407e7c,1785392871115,sender -> receiver,0,True,1785392870915.0,-200.0,0.0,False
eb805181-839d-5fe4-91be-e6d3e4a82745,1785392871119,sender -> receiver,0,True,1785392870970.0,-149.0,0.0,False
3885bf29-2b23-5766-a252-81ae4d54a9c1,1785392871124,sender -> receiver,0,True,1785392870989.0,-135.0,0.0,False
86b7acf0-0792-591f-bfde-8632f959f2fc,1785392872108,sender -> receiver,0,True,1785392871967.0,-141.0,0.0,False
1973eab9-5727-5216-9926-bcf59443f4d8,1785392872112,sender -> receiver,0,True,1785392871985.0,-127.0,0.0,False
0c4e036b-4d2f-506d-b4c1-36a1f22593df,1785392872116,sender -> receiver,0,True,1785392872003.0,-113.0,0.0,False
8c1b97da-dabe-5989-b8dc-5aed96e98820,1785392872139,sender -> receiver,0,True,1785392872058.0,-81.0,0.0,False
dd5c02a1-d532-50fa-93e9-2d8706215b7a,1785392873113,sender -> receiver,0,True,1785392872955.0,-158.0,0.0,False
7d837993-adcc-57a9-a889-8a826c779b92,1785392873116,sender -> receiver,0,True,1785392872977.0,-139.0,0.0,False
1cdad969-2497-59ef-958c-b6c3dd3d39d7,1785392873119,sender -> receiver,0,True,1785392873024.0,-95.0,0.0,False
cc70f92e-e11c-58b5-a71d-2c657c0b6f68,1785392873122,sender -> receiver,0,True,1785392873047.0,-75.0,0.0,False
b8af1fd9-8e9f-5139-893f-2e8f990679ce,1785392874116,sender -> receiver,0,True,1785392873948.0,-168.0,0.0,False
8ea4b228-822c-5879-8df3-068571f8eb80,1785392874120,sender -> receiver,0,True,1785392874005.0,-115.0,0.0,False
6b074170-f849-5460-a279-1b008d13ca5b,1785392874124,sender -> receiver,0,True,1785392874025.0,-99.0,0.0,False
e9505c9d-9b86-5a40-acb7-21a3a94d2b6e,1785392874148,sender -> receiver,0,True,1785392874044.0,-104.0,0.0,False
1298c813-cf25-51c3-8ce5-3b8ff0755fd2,1785392875106,sender -> receiver,0,True,1785392874940.0,-166.0,0.0,False
572a79b1-fdb9-599c-8a53-b4b734c68076,1785392875110,sender -> receiver,0,True,1785392874961.0,-149.0,0.0,False
9e2226b7-51a5-5a8b-8558-9eeba3310742,1785392875112,sender -> receiver,0,True,1785392874982.0,-130.0,0.0,False
4ec5ba29-a5c9-5c71-97d6-52a899c0f235,1785392875115,sender -> receiver,0,True,1785392875000.0,-115.0,0.0,False
3c5bb8d9-d0d4-5015-b6fd-e2fb39a18ab7,1785392876108,sender -> receiver,0,True,1785392875975.0,-133.0,0.0,False
6d5b67bc-efd9-518c-aa4b-28babf59a06c,1785392876112,sender -> receiver,0,True,1785392875999.0,-113.0,0.0,False
55572e85-9382-5287-b533-9253e687c066,1785392876116,sender -> receiver,0,True,1785392876020.0,-96.0,0.0,False
a00a3680-4a0f-537a-ab72-901664f9f596,1785392876142,sender -> receiver,0,True,1785392876039.0,-103.0,0.0,False
7d740508-b86a-50d6-8235-75559f1e53fd,1785392877106,sender -> receiver,0,True,1785392876966.0,-140.0,0.0,False
5e529ee4-30ae-5658-802b-39d42124bad2,1785392877110,sender -> receiver,0,True,1785392877002.0,-108.0,0.0,False
021b59f1-ef17-5fce-b252-073887091492,1785392877113,sender -> receiver,0,True,1785392877023.0,-90.0,0.0,False
9663b3ee-9129-5d99-9844-ae66c4bd7923,1785392878115,sender -> receiver,0,True,1785392877957.0,-158.0,0.0,False
b56d5033-6e2c-55fb-abd6-95a18014fe18,1785392878121,sender -> receiver,0,True,1785392877979.0,-142.0,0.0,False
2b088a26-98f6-5718-82fd-64a58c3683f3,1785392878125,sender -> receiver,0,True,1785392878002.0,-123.0,0.0,False
7dc50109-6bb7-5692-bb02-65d60f7976ce,1785392878128,sender -> receiver,0,True,1785392878021.0,-107.0,0.0,False
5d0f3ee9-e522-5869-8d1a-d1ceb3774ad2,1785392879112,sender -> receiver,0,True,1785392878991.0,-121.0,0.0,False
189ff62f-96cb-5fea-a803-8864bdd3f8f9,1785392879116,sender -> receiver,0,True,1785392879021.0,-95.0,0.0,False
9f2e52e9-2960-5b49-b80a-20a5d2bf97f1,1785392879120,sender -> receiver,0,True,1785392879047.0,-73.0,0.0,False
a97e564b-e35e-5878-936e-da61c9139bff,1785392879124,sender -> receiver,0,True,1785392879106.0,-18.0,0.0,False
40b59281-7dbc-51e5-9a6a-f4db9f803c3e,1785392880116,sender -> receiver,0,True,1785392880023.0,-93.0,0.0,False
dbbac229-2fc8-58e1-93b2-58d96efaa413,1785392880120,sender -> receiver,0,True,1785392880046.0,-74.0,0.0,False
8cc72ccf-8d0c-5fa4-aa3a-995718bf745c,1785392880123,sender -> receiver,0,True,1785392880105.0,-18.0,0.0,False
e41ca1ec-b8a6-573d-bd85-4a127f4d0407,1785392880143,sender -> receiver,0,True,1785392880123.0,-20.0,0.0,False
fb617920-4263-5f40-b3a8-914ef2feb150,1785392881120,sender -> receiver,0,True,1785392880950.0,-170.0,0.0,False
b06643fa-2ebc-5735-907b-71cc663e02da,1785392881124,sender -> receiver,0,True,1785392880971.0,-153.0,0.0,False
a0cfe5fd-ac3d-5184-827b-a92f6ef3bde1,1785392881129,sender -> receiver,0,True,1785392880988.0,-141.0,0.0,False
dc666344-b23c-50ca-b971-5e6e2fa52948,1785392881134,sender -> receiver,0,True,1785392881004.0,-130.0,0.0,False
f3012d3b-79ae-590d-9162-1d0aa3bfd94c,1785392882112,sender -> receiver,0,True,1785392881963.0,-149.0,0.0,False
6656afc1-8c08-56b8-8a43-1617e7b6306e,1785392882117,sender -> receiver,0,True,1785392881997.0,-120.0,0.0,False
ab56cd2a-bd4a-56af-9058-93ea9baa51e9,1785392882143,sender -> receiver,0,True,1785392882020.0,-123.0,0.0,False
8d21bdc2-fce1-5096-8c24-309dac432754,1785392882149,sender -> receiver,0,True,1785392882077.0,-72.0,0.0,False
34b78f11-7cba-5695-b257-75b06b55cd38,1785392883114,sender -> receiver,0,True,1785392882957.0,-157.0,0.0,False
4cb40c7d-5845-5155-b59e-84f2787e9407,1785392883118,sender -> receiver,0,True,1785392882970.0,-148.0,0.0,False
2141ca30-0690-5ba1-a59f-df218b8893b5,1785392883122,sender -> receiver,0,True,1785392882982.0,-140.0,0.0,False
d70a3008-f99e-5e63-995a-d5cd6d2c2d31,1785392883126,sender -> receiver,0,True,1785392883001.0,-125.0,0.0,False
e4bc0642-d047-5f13-9e47-bf5c5fb77f10,1785392884125,sender -> receiver,0,True,1785392884032.0,-93.0,0.0,False
c5321b88-98f1-551e-b718-111508056398,1785392884130,sender -> receiver,0,True,1785392884052.0,-78.0,0.0,False
b45a7e2e-5009-5c1e-bc44-6e1e5ab395ef,1785392884134,sender -> receiver,0,True,1785392884070.0,-64.0,0.0,False
c0001a6e-b969-5156-accd-301f7ef8ca7a,1785392885109,sender -> receiver,0,True,1785392884974.0,-135.0,0.0,False
0b3e13a9-e964-5f9e-9a04-3876dcccfb07,1785392885111,sender -> receiver,0,True,1785392884995.0,-116.0,0.0,False
52fdd164-84d1-5e96-bd30-93891df4ff1e,1785392885114,sender -> receiver,0,True,1785392885015.0,-99.0,0.0,False
7b351990-f9e2-5b5a-8ac1-90102d852248,1785392885117,sender -> receiver,0,True,1785392885064.0,-53.0,0.0,False
458422ec-9421-5b0e-9b41-d5ecf5a8eb63,1785392886108,sender -> receiver,0,True,1785392885963.0,-145.0,0.0,False
95fb1226-bc32-5e8f-90e3-7dcfd724134c,1785392886114,sender -> receiver,0,True,1785392885989.0,-125.0,0.0,False
5b906ebb-88d2-5092-9588-0a671d91b36b,1785392886120,sender -> receiver,0,True,1785392886011.0,-109.0,0.0,False
a31ed4e8-ca62-58ab-8724-9d006990de1d,1785392886141,sender -> receiver,0,True,1785392886062.0,-79.0,0.0,False
e1871505-360b-55fd-9130-bb83038915e8,1785392887109,sender -> receiver,0,True,1785392886955.0,-154.0,0.0,False
8e943134-dbf4-5866-90f9-0fa2e36cc59a,1785392887113,sender -> receiver,0,True,1785392886987.0,-126.0,0.0,False
87a23223-0e77-562b-a3b8-1941974ac6ac,1785392887116,sender -> receiver,0,True,1785392887009.0,-107.0,0.0,False
18c3c20d-d2ea-5ac7-b304-7ed0d1903ccc,1785392887136,sender -> receiver,0,True,1785392887029.0,-107.0,0.0,False
0cad530c-29a5-5f52-be29-5a0bd79d05b1,1785392888111,sender -> receiver,0,True,1785392887946.0,-165.0,0.0,False
08d9ecf8-0e9a-506d-8889-1ee2439a0f23,1785392888134,sender -> receiver,0,True,1785392887969.0,-165.0,0.0,False
6acc6d01-b4cf-5457-8ba2-54131d4c1263,1785392888139,sender -> receiver,0,True,1785392888012.0,-127.0,0.0,False
a897b7c7-4dbd-597a-850c-b4a243468be7,1785392888145,sender -> receiver,0,True,1785392888031.0,-114.0,0.0,False
941b2e0d-5353-51ce-9885-fd2aa32599d9,1785392889110,sender -> receiver,0,True,1785392888978.0,-132.0,0.0,False
2573c3c7-7a25-5078-8e12-2c21ea309a04,1785392889115,sender -> receiver,0,True,1785392889005.0,-110.0,0.0,False
36b2327c-fb95-5041-ac64-1e6558d0c9b9,1785392889119,sender -> receiver,0,True,1785392889027.0,-92.0,0.0,False
b2d3d899-e14f-5918-a174-aaefb8846556,1785392889123,sender -> receiver,0,True,1785392889084.0,-39.0,0.0,False
abb9d3f8-70bf-54ac-8d63-ada21eeccabf,1785392890097,sender -> receiver,0,True,1785392889922.0,-175.0,0.0,False
d073ccbe-c792-5e31-b69d-1a08a2d67288,1785392890101,sender -> receiver,0,True,1785392889950.0,-151.0,0.0,False
08a45304-4f0a-5f80-8660-193e6ae7f311,1785392890104,sender -> receiver,0,True,1785392889971.0,-133.0,0.0,False
d3939fe1-a42f-5f93-9e04-85caf625abbf,1785392941820,sender -> receiver,0,True,1785392941655.0,-165.0,0.0,False
9c54b14d-113a-5674-90db-08fe974fb7f5,1785392941843,sender -> receiver,0,True,1785392941712.0,-131.0,0.0,False
2fd09da5-baf6-589b-be5f-7d6ee313a50b,1785392941849,sender -> receiver,0,True,1785392941734.0,-115.0,0.0,False
6b995277-d63c-5220-9cad-6833c4711d5a,1785392941854,sender -> receiver,0,True,1785392941748.0,-106.0,0.0,False
45d36dd1-274a-57d8-8817-327fc58f2158,1785392941858,sender -> receiver,0,True,1785392941763.0,-95.0,0.0,False
44b68a84-f68d-5200-81b7-e5c5b91cf0b5,1785392941863,sender -> receiver,0,True,1785392941802.0,-61.0,0.0,False
551b5466-44a3-5d36-8402-5ea67d4c66ed,1785392941891,sender -> receiver,0,True,1785392941823.0,-68.0,0.0,False
a9ffc0fd-6745-557a-ab15-9fd94093c621,1785392941895,sender -> receiver,0,True,1785392941840.0,-55.0,0.0,False
60b80917-b506-5d12-b540-7155d8a58c70,1785392942844,sender -> receiver,0,True,1785392942692.0,-152.0,0.0,False
67e228e0-570d-5e27-8907-44da9ec913ba,1785392942847,sender -> receiver,0,True,1785392942725.0,-122.0,0.0,False
b7b8f6e6-7586-5862-bc20-5fd007f66f39,1785392942851,sender -> receiver,0,True,1785392942786.0,-65.0,0.0,False
5b1a37eb-1a6f-5fff-9d96-a431901bb988,1785392942856,sender -> receiver,0,True,1785392942814.0,-42.0,0.0,False
e008cff4-48e5-53c2-b0b5-42bcfdd79baf,1785392942859,sender -> receiver,0,True,1785392942833.0,-26.0,0.0,False
a077f6c5-d764-5a1a-be4c-789a62bddd49,1785392942883,sender -> receiver,0,True,1785392942850.0,-33.0,0.0,False
3955059b-e4c1-5f4c-9721-58852e52dc2c,1785392942887,sender -> receiver,0,True,1785392942894.0,7.0,0.0,False
10e2e620-043b-544b-86f7-59afeb06503d,1785392943819,sender -> receiver,0,True,1785392943681.0,-138.0,0.0,False
d23d5626-a2f5-50c1-959b-26726ef548c9,1785392943823,sender -> receiver,0,True,1785392943703.0,-120.0,0.0,False
7eff1ec9-5c5e-59df-bbf7-d171cde6cb28,1785392943828,sender -> receiver,0,True,1785392943721.0,-107.0,0.0,False
2e172635-3639-59a0-a77b-d214d4f6b3bf,1785392943832,sender -> receiver,0,True,1785392943761.0,-71.0,0.0,False
00601fd3-1733-5e6b-9e21-d3136cd5dbc5,1785392943836,sender -> receiver,0,True,1785392943780.0,-56.0,0.0,False
799bcf94-e0ea-5d54-afbf-19460339cd7d,1785392943839,sender -> receiver,0,True,1785392943797.0,-42.0,0.0,False
dcc9c044-5152-51c1-b0ac-3089007c3c48,1785392943861,sender -> receiver,0,True,1785392943813.0,-48.0,0.0,False
4eaf7d97-2424-58ac-b8fd-5c8d31672aab,1785392944809,sender -> receiver,0,True,1785392944675.0,-134.0,0.0,False
1ef22495-704d-5c95-97b1-47e9cfed28d3,1785392944813,sender -> receiver,0,True,1785392944692.0,-121.0,0.0,False
f29d3aec-1666-5cff-8121-562f2135f927,1785392944818,sender -> receiver,0,True,1785392944711.0,-107.0,0.0,False
aff13c81-b19e-5261-ba58-893b857c0cfb,1785392944822,sender -> receiver,0,True,1785392944728.0,-94.0,0.0,False
b5b63b81-b493-5c22-93ac-8bdc7e2afd67,1785392944845,sender -> receiver,0,True,1785392944766.0,-79.0,0.0,False
86e54eb1-c279-51eb-95b5-7225b28c5a2a,1785392944849,sender -> receiver,0,True,1785392944794.0,-55.0,0.0,False
0bc320ca-7dbc-52cb-9f4c-15191e5955d6,1785392944853,sender -> receiver,0,True,1785392944850.0,-3.0,0.0,False
6578ea79-1fda-5c84-b582-0acaff3e91c3,1785392945818,sender -> receiver,0,True,1785392945733.0,-85.0,0.0,False
2d4d5370-1a65-5a9e-af95-2c2ba975bd92,1785392945848,sender -> receiver,0,True,1785392945749.0,-99.0,0.0,False
c9e946ac-b21c-5405-b489-ea2e4626cc88,1785392945852,sender -> receiver,0,True,1785392945767.0,-85.0,0.0,False
0f58ba59-5222-52c7-95b8-7dd306bb1179,1785392945856,sender -> receiver,0,True,1785392945806.0,-50.0,0.0,False
6dee97ef-3ed2-56a3-9024-2f8f9b263b0e,1785392945860,sender -> receiver,0,True,1785392945825.0,-35.0,0.0,False
0a91c316-de27-58d4-9c01-6069c61aa15b,1785392945864,sender -> receiver,0,True,1785392945882.0,18.0,0.0,False
f1eecfef-a605-54e0-b071-3ffaefa09143,1785392945868,sender -> receiver,0,True,1785392945898.0,30.0,0.0,False
68ae6490-7be2-5b0c-9647-be59acb831cc,1785392946823,sender -> receiver,0,True,1785392946645.0,-178.0,0.0,False
d6f0a4cc-05f0-5b9f-9d03-bffcbbee033a,1785392946827,sender -> receiver,0,True,1785392946703.0,-124.0,0.0,False
80b4d962-f445-5b63-abfc-354141f2c69e,1785392946849,sender -> receiver,0,True,1785392946719.0,-130.0,0.0,False
83b1c8d1-b734-5cf3-afc0-eb6deaed8294,1785392946854,sender -> receiver,0,True,1785392946741.0,-113.0,0.0,False
d3a7f7c1-5aa1-5710-99ff-8c5f0cfb1b15,1785392946858,sender -> receiver,0,True,1785392946757.0,-101.0,0.0,False
647ca826-eedd-53f4-81e6-d0b253273e93,1785392946862,sender -> receiver,0,True,1785392946774.0,-88.0,0.0,False
2c91d795-9964-5070-8c21-bc59ca5fd5fe,1785392946865,sender -> receiver,0,True,1785392946812.0,-53.0,0.0,False
10e18706-da64-5735-a4b7-06218be97027,1785392947807,sender -> receiver,0,True,1785392947675.0,-132.0,0.0,False
8a07a488-06d1-5e6d-aec8-9a0b3c8aad23,1785392947811,sender -> receiver,0,True,1785392947700.0,-111.0,0.0,False
5adc979f-3657-5f43-9069-6284a605d2e7,1785392947837,sender -> receiver,0,True,1785392947715.0,-122.0,0.0,False
a8ddf150-4adb-586e-af8b-dd671e8b74f1,1785392947844,sender -> receiver,0,True,1785392947731.0,-113.0,0.0,False
9a90f776-c7b5-53c4-836d-b8045842ebe5,1785392947849,sender -> receiver,0,True,1785392947768.0,-81.0,0.0,False
5b7b0495-018d-5088-bf0d-8d0207e7fad3,1785392947871,sender -> receiver,0,True,1785392947789.0,-82.0,0.0,False
30fe572b-5d32-5850-9994-9c518fdc5998,1785392947875,sender -> receiver,0,True,1785392947822.0,-53.0,0.0,False
6d1b4cd1-6d5b-5f86-81e5-d2626877a263,1785392948824,sender -> receiver,0,True,1785392948737.0,-87.0,0.0,False
6b934b6d-8dd5-529a-a296-a2b60b531569,1785392948853,sender -> receiver,0,True,1785392948755.0,-98.0,0.0,False
f69c1bcb-cec8-537a-b799-e70f72c852ce,1785392948857,sender -> receiver,0,True,1785392948772.0,-85.0,0.0,False
7f27ea04-6163-593c-a998-ff159e764916,1785392948862,sender -> receiver,0,True,1785392948789.0,-73.0,0.0,False
dfec410e-cf0f-5e9a-8cc6-e4382fec5f19,1785392948867,sender -> receiver,0,True,1785392948829.0,-38.0,0.0,False
e296c5b5-e8cc-51c3-b00a-caf1b8bb8b03,1785392948874,sender -> receiver,0,True,1785392948854.0,-20.0,0.0,False
29803f32-d183-53f0-aa7f-abfff3204e69,1785392948902,sender -> receiver,0,True,1785392948907.0,5.0,0.0,False
42a2c708-a07f-5ae4-a129-8f2f1b4e4b8b,1785392948907,sender -> receiver,0,True,1785392948931.0,24.0,0.0,False
e745ccdd-6df7-50e8-af32-5268937c3cd7,1785392949812,sender -> receiver,0,True,1785392949645.0,-167.0,0.0,False
9b2901e4-4746-51c1-a048-d6214f3e316f,1785392949837,sender -> receiver,0,True,1785392949664.0,-173.0,0.0,False
64beb451-b533-5c03-b12b-74b128096f98,1785392949844,sender -> receiver,0,True,1785392949710.0,-134.0,0.0,False
9180db07-6a30-5cf8-b850-4ded071449a1,1785392949849,sender -> receiver,0,True,1785392949727.0,-122.0,0.0,False
df06a179-a54c-5db2-8c24-d1da4bb3c40e,1785392949853,sender -> receiver,0,True,1785392949745.0,-108.0,0.0,False
0f50b0d0-eb80-5935-bb06-edb332026e4f,1785392949879,sender -> receiver,0,True,1785392949761.0,-118.0,0.0,False
acf98670-44d3-5fb1-b4f3-3f1fd38f4155,1785392949885,sender -> receiver,0,True,1785392949816.0,-69.0,0.0,False
56ab7d7c-2bed-52ae-8a9c-1ce7dea6bbbc,1785392950810,sender -> receiver,0,True,1785392950688.0,-122.0,0.0,False
aedf7d42-3b5d-52ce-98e9-a22e2f0609be,1785392950817,sender -> receiver,0,True,1785392950705.0,-112.0,0.0,False
b900f103-05ef-5557-9c9f-b81d28230fd1,1785392950821,sender -> receiver,0,True,1785392950723.0,-98.0,0.0,False
b0caa274-d5de-54c0-886f-ad62d4496d61,1785392950825,sender -> receiver,0,True,1785392950740.0,-85.0,0.0,False
5bee1584-d3a2-578a-9c4d-7dacbedaf180,1785392950829,sender -> receiver,0,True,1785392950756.0,-73.0,0.0,False
43dd8f64-7bc3-5b50-a546-57360bc114f2,1785392950833,sender -> receiver,0,True,1785392950792.0,-41.0,0.0,False
fd432433-cdc5-5c73-96c9-b00132b2c58b,1785392950839,sender -> receiver,0,True,1785392950809.0,-30.0,0.0,False
3ae5741d-1f69-5ac7-9383-816f3ce274ef,1785392951833,sender -> receiver,0,True,1785392951666.0,-167.0,0.0,False
72491ee3-97e2-5b6b-8b41-240958cdb5c2,1785392951838,sender -> receiver,0,True,1785392951683.0,-155.0,0.0,False
90a81124-5463-5b24-b95d-c5a96cb0c81b,1785392951843,sender -> receiver,0,True,1785392951702.0,-141.0,0.0,False
53e309b5-8213-5dd2-bf83-30710df21817,1785392951848,sender -> receiver,0,True,1785392951720.0,-128.0,0.0,False
96ef0cbf-f0fa-50a5-b6f4-8e165a61e283,1785392951853,sender -> receiver,0,True,1785392951766.0,-87.0,0.0,False
b1c4d1de-4213-5de5-9740-1bf331d971cf,1785392951878,sender -> receiver,0,True,1785392951789.0,-89.0,0.0,False
a051046f-6e3e-5fc0-8a52-7d3b8c57eb9f,1785392951883,sender -> receiver,0,True,1785392951851.0,-32.0,0.0,False
5b65409a-34e1-5d2e-8825-f27950563198,1785392952790,sender -> receiver,0,True,1785392952679.0,-111.0,0.0,False
017f06b8-37ab-58eb-9a02-cb1b77519251,1785392952814,sender -> receiver,0,True,1785392952705.0,-109.0,0.0,False
33722824-a677-5ba0-9e83-fb9ab9f80878,1785392952819,sender -> receiver,0,True,1785392952722.0,-97.0,0.0,False
09f2033f-e15e-50d5-aadd-1b28c4e28abf,1785392952823,sender -> receiver,0,True,1785392952758.0,-65.0,0.0,False
6a293600-5421-541d-9bf2-53896dc49929,1785392952828,sender -> receiver,0,True,1785392952775.0,-53.0,0.0,False
7cf17410-febd-56c9-b73b-5b8f1106b275,1785392952832,sender -> receiver,0,True,1785392952793.0,-39.0,0.0,False
602969bb-9e8d-50a9-b16b-c7a166bfc9ae,1785392952860,sender -> receiver,0,True,1785392952834.0,-26.0,0.0,False
ef2da09c-69f5-51e6-95b6-27b7b3ad1ba9,1785392953856,sender -> receiver,0,True,1785392953667.0,-189.0,0.0,False
4e69f70b-e9dd-5f9d-bfd0-319646d33bc8,1785392953862,sender -> receiver,0,True,1785392953687.0,-175.0,0.0,False
ce16bfde-d32a-5876-8c97-2c25435ce4a8,1785392953867,sender -> receiver,0,True,1785392953707.0,-160.0,0.0,False
506fc11c-52f9-5641-9223-bcf94a830e60,1785392953871,sender -> receiver,0,True,1785392953724.0,-147.0,0.0,False
a0aa270e-5099-5013-9ba8-87466c4a2f36,1785392953876,sender -> receiver,0,True,1785392953762.0,-114.0,0.0,False
c7ea4e99-64e4-5a42-a829-ef3313be72df,1785392953900,sender -> receiver,0,True,1785392953778.0,-122.0,0.0,False
5c7b8676-ca2f-57ee-aa0d-0dce804223db,1785392953904,sender -> receiver,0,True,1785392953805.0,-99.0,0.0,False
753ac16b-ccc4-5ff3-bb7f-fdef7f3d043d,1785392954807,sender -> receiver,0,True,1785392954653.0,-154.0,0.0,False
525fade5-1dac-58ad-adec-add4b8bb4b30,1785392954810,sender -> receiver,0,True,1785392954669.0,-141.0,0.0,False
283dbaba-51dc-5927-a8d9-6fddec64e832,1785392954814,sender -> receiver,0,True,1785392954693.0,-121.0,0.0,False
19de143b-bab0-552c-ab60-34415481140f,1785392954818,sender -> receiver,0,True,1785392954730.0,-88.0,0.0,False
d1ddefe9-14f2-5412-a2ce-18b703d4d71e,1785392954823,sender -> receiver,0,True,1785392954750.0,-73.0,0.0,False
527448bb-5f2f-5d59-9ac4-899338b4802e,1785392954843,sender -> receiver,0,True,1785392954769.0,-74.0,0.0,False
17c9caa4-8a5d-52c7-9f59-cc98f469d0f9,1785392954847,sender -> receiver,0,True,1785392954787.0,-60.0,0.0,False
ab89d980-3e9f-5eae-b8ae-b69365eee1a2,1785392995550,sender -> receiver,0,True,1785392995358.0,-192.0,0.0,False
fff0ab16-27c6-52ce-9d2c-c59d36f942ef,1785392995577,sender -> receiver,0,True,1785392995382.0,-195.0,0.0,False
98efffc7-01b5-57a5-a1bf-045880c205ef,1785392995581,sender -> receiver,0,True,1785392995432.0,-149.0,0.0,False
234799b5-901d-530e-8d16-87c344b7ca66,1785392995585,sender -> receiver,0,True,1785392995450.0,-135.0,0.0,False
4b75995c-27b6-5ea8-a1d3-1ab3e060cc54,1785392996608,sender -> receiver,0,True,1785392996466.0,-142.0,0.0,False
c16a9067-7269-5326-89ce-a4950f1937e9,1785392996611,sender -> receiver,0,True,1785392996486.0,-125.0,0.0,False
c9498cc7-4344-507e-8d7e-8279d8a9a466,1785392996617,sender -> receiver,0,True,1785392996504.0,-113.0,0.0,False
0089188b-1ae3-5777-b5bf-5ba87b9746ae,1785392996620,sender -> receiver,0,True,1785392996521.0,-99.0,0.0,False
e73469fe-5e70-58ec-a4af-b59e404009b5,1785392997545,sender -> receiver,0,True,1785392997384.0,-161.0,0.0,False
742370b4-504b-565f-b7c5-0b9a832f34f1,1785392997549,sender -> receiver,0,True,1785392997415.0,-134.0,0.0,False
4d3caadf-3b23-5a72-a0b5-ccfafb648a9e,1785392997553,sender -> receiver,0,True,1785392997433.0,-120.0,0.0,False
7bcefa86-e3ae-5270-9086-90e021bd76a2,1785392997556,sender -> receiver,0,True,1785392997451.0,-105.0,0.0,False
e7f15084-9f48-5248-865d-2746ec47dace,1785392998542,sender -> receiver,0,True,1785392998380.0,-162.0,0.0,False
845b1b49-0a9d-5a0a-82fd-b7535566fd93,1785392998546,sender -> receiver,0,True,1785392998403.0,-143.0,0.0,False
557c5091-af76-5333-8e93-92ad76538196,1785392998550,sender -> receiver,0,True,1785392998421.0,-129.0,0.0,False
0b8c3313-1076-5be4-afa5-eec7677693b6,1785392998554,sender -> receiver,0,True,1785392998437.0,-117.0,0.0,False
3d494959-d73f-5d46-9e6b-e14e4fc60fa1,1785392999538,sender -> receiver,0,True,1785392999375.0,-163.0,0.0,False
77b56d57-7641-51f4-ab38-a1695b80c463,1785392999542,sender -> receiver,0,True,1785392999401.0,-141.0,0.0,False
60768e72-97f8-577e-a095-9dd489c5bc36,1785392999566,sender -> receiver,0,True,1785392999420.0,-146.0,0.0,False
8c7c5cf6-c3c6-5f79-8e07-8faf2da36925,1785392999571,sender -> receiver,0,True,1785392999468.0,-103.0,0.0,False
58ff4776-90fb-516e-b40c-3dfe1f2aa60e,1785393000542,sender -> receiver,0,True,1785393000424.0,-118.0,0.0,False
817e114b-8f8a-59a2-a47d-5d0d586f43f0,1785393000546,sender -> receiver,0,True,1785393000443.0,-103.0,0.0,False
90b8e0c3-6519-52d2-8a01-b84f096ede22,1785393000550,sender -> receiver,0,True,1785393000466.0,-84.0,0.0,False
5bd282c6-3379-591d-b599-273e61c279e0,1785393000554,sender -> receiver,0,True,1785393000483.0,-71.0,0.0,False
0b7f6cd8-e68b-5267-81ff-071a628b4700,1785393001541,sender -> receiver,0,True,1785393001390.0,-151.0,0.0,False
084c1f05-8454-504f-9911-f2e91b578df0,1785393001545,sender -> receiver,0,True,1785393001419.0,-126.0,0.0,False
f2b05b0e-e2ea-599f-a285-6f98257025da,1785393001549,sender -> receiver,0,True,1785393001437.0,-112.0,0.0,False
b457b20b-41b5-5bbf-ad31-776819b53b09,1785393002547,sender -> receiver,0,True,1785393002410.0,-137.0,0.0,False
53e70d4b-4723-56d4-85ec-2a41e3a338eb,1785393002551,sender -> receiver,0,True,1785393002435.0,-116.0,0.0,False
5968e507-bcf2-5464-be7a-e3ace23f7469,1785393002574,sender -> receiver,0,True,1785393002452.0,-122.0,0.0,False
621c9fac-5747-5625-bfe7-6af9d0baba86,1785393002578,sender -> receiver,0,True,1785393002468.0,-110.0,0.0,False
138c5116-7cd4-5178-b70b-63c26c781b0b,1785393003549,sender -> receiver,0,True,1785393003393.0,-156.0,0.0,False
84ba4306-5819-5f41-94ea-6ecdde4aef8f,1785393003553,sender -> receiver,0,True,1785393003414.0,-139.0,0.0,False
263cfa16-6356-5b94-9c82-ba7932c0e871,1785393003556,sender -> receiver,0,True,1785393003432.0,-124.0,0.0,False
b81a8369-d247-5079-803f-94331a15ae0b,1785393003560,sender -> receiver,0,True,1785393003449.0,-111.0,0.0,False
3005eb7c-d10b-5e81-8adf-7fc66d1dcaf4,1785393004548,sender -> receiver,0,True,1785393004385.0,-163.0,0.0,False
15f6cd09-c99e-5658-b1c0-6148bb0f92dc,1785393004554,sender -> receiver,0,True,1785393004417.0,-137.0,0.0,False
2831579e-a7fc-58d7-9c2b-10fa77f83ebe,1785393004559,sender -> receiver,0,True,1785393004460.0,-99.0,0.0,False
d2326f1a-6814-5053-9cba-3cf86be1403a,1785393004563,sender -> receiver,0,True,1785393004478.0,-85.0,0.0,False
30cf2cd6-3d7f-593e-a7cb-919dcbbe6b10,1785393005549,sender -> receiver,0,True,1785393005381.0,-168.0,0.0,False
41bba5de-02f3-52ac-b140-f5611857c9d5,1785393005554,sender -> receiver,0,True,1785393005405.0,-149.0,0.0,False
e9facfff-28f6-5d6b-b531-ab2bb0b4b0f1,1785393005558,sender -> receiver,0,True,1785393005422.0,-136.0,0.0,False
9f92034b-e5f1-5d80-a5ea-4918fcc13452,1785393005585,sender -> receiver,0,True,1785393005439.0,-146.0,0.0,False
02ea48ab-88ad-59b6-a0d1-610050b5de83,1785393006569,sender -> receiver,0,True,1785393006442.0,-127.0,0.0,False
6bcc08d4-ea6b-597f-af1e-b1fac9503c12,1785393006576,sender -> receiver,0,True,1785393006458.0,-118.0,0.0,False
34be191d-7592-5f27-8af6-c2c608a015bf,1785393006579,sender -> receiver,0,True,1785393006474.0,-105.0,0.0,False
d1c671ee-609f-56b7-82b8-82b79141ed44,1785393006583,sender -> receiver,0,True,1785393006491.0,-92.0,0.0,False
d08cc436-7b53-59a2-995d-503b2b8195ca,1785393007534,sender -> receiver,0,True,1785393007357.0,-177.0,0.0,False
d9ac915c-19ad-580c-9dfb-1c8842cfb4a9,1785393007540,sender -> receiver,0,True,1785393007385.0,-155.0,0.0,False
7124c3c8-deec-5df8-a42e-164ecae2672d,1785393007544,sender -> receiver,0,True,1785393007406.0,-138.0,0.0,False
73b7af22-4163-5691-8389-008ad7eacf68,1785393008552,sender -> receiver,0,True,1785393008394.0,-158.0,0.0,False
a6e71a99-a6f3-5e16-a236-f0349f1f81da,1785393008556,sender -> receiver,0,True,1785393008413.0,-143.0,0.0,False
5e5e959b-9da5-5b69-aae3-1aa14cea81c5,1785393008560,sender -> receiver,0,True,1785393008436.0,-124.0,0.0,False
abee96e8-43f5-5cb1-bcf8-3fa198443e0a,1785393008564,sender -> receiver,0,True,1785393008452.0,-112.0,0.0,False
2c999802-1ef4-5c3d-835d-a821d6c3a8cf,1785393009541,sender -> receiver,0,True,1785393009382.0,-159.0,0.0,False
4d104ea6-9db9-59c2-8d2d-dc3aeb15b286,1785393009544,sender -> receiver,0,True,1785393009451.0,-93.0,0.0,False
26ba42e2-4e26-5543-a463-75f73390284b,1785393009549,sender -> receiver,0,True,1785393009468.0,-81.0,0.0,False
e3ab45c3-1311-5683-9f9b-98e442ae7af6,1785393009570,sender -> receiver,0,True,1785393009485.0,-85.0,0.0,False
50553eb2-32bb-518c-bb0a-9a5b53c7b0c6,1785393010548,sender -> receiver,0,True,1785393010376.0,-172.0,0.0,False
9e6e8fab-514a-577c-a4c1-48b28b433167,1785393010553,sender -> receiver,0,True,1785393010393.0,-160.0,0.0,False
d8a23b66-d3f5-58cb-add8-168a0547b331,1785393010557,sender -> receiver,0,True,1785393010410.0,-147.0,0.0,False
5ae7360b-ce35-586d-ba83-673a5f0d717e,1785393010561,sender -> receiver,0,True,1785393010454.0,-107.0,0.0,False
00fd97ed-b374-5118-8e75-2b57244fc0ae,1785393011541,sender -> receiver,0,True,1785393011373.0,-168.0,0.0,False
5ed3a59c-ffee-526f-b1cf-451a46b83727,1785393011546,sender -> receiver,0,True,1785393011397.0,-149.0,0.0,False
d48edd68-e8f5-532b-b29a-b0528913987c,1785393011573,sender -> receiver,0,True,1785393011415.0,-158.0,0.0,False
821bde98-15fa-5133-96f0-c3b44169992b,1785393011577,sender -> receiver,0,True,1785393011465.0,-112.0,0.0,False
c1c914f4-edd3-5105-922f-b248f94d486d,1785393012541,sender -> receiver,0,True,1785393012377.0,-164.0,0.0,False
01d2ac7d-c012-57fb-8016-59abd89660ca,1785393012545,sender -> receiver,0,True,1785393012403.0,-142.0,0.0,False
2ae59c49-7ece-5d01-b9d5-c6f8fd32ff14,1785393012549,sender -> receiver,0,True,1785393012420.0,-129.0,0.0,False
cb48ce64-7bbe-5389-8dfb-24e7e97ad15a,1785393012553,sender -> receiver,0,True,1785393012437.0,-116.0,0.0,False
1ad46183-618d-51d7-b8ea-39a537f34078,1785393013540,sender -> receiver,0,True,1785393013385.0,-155.0,0.0,False
41effe18-9760-5e96-99c0-8c84dfb7c2e6,1785393013543,sender -> receiver,0,True,1785393013409.0,-134.0,0.0,False
1156c803-e37c-5866-9c07-7a1a9ffcf5ab,1785393013546,sender -> receiver,0,True,1785393013426.0,-120.0,0.0,False
d01caf4f-8304-5628-a2c6-6c178051f739,1785393013550,sender -> receiver,0,True,1785393013443.0,-107.0,0.0,False
6e990038-6096-5ae3-a2a8-5a2bf221288f,1785393014537,sender -> receiver,0,True,1785393014381.0,-156.0,0.0,False
63924dc6-4ea5-5171-87c4-cc70e24bbe31,1785393014541,sender -> receiver,0,True,1785393014407.0,-134.0,0.0,False
d0460121-7101-5af2-8493-10ae71141c39,1785393014545,sender -> receiver,0,True,1785393014423.0,-122.0,0.0,False
7547f05b-e811-506e-a388-e06c7caca0c4,1785393015546,sender -> receiver,0,True,1785393015378.0,-168.0,0.0,False
521824b4-099f-50b3-afc0-b7d6478776df,1785393015550,sender -> receiver,0,True,1785393015404.0,-146.0,0.0,False
dcc29de9-d378-5cf6-8b03-343032d536c1,1785393015573,sender -> receiver,0,True,1785393015422.0,-151.0,0.0,False
8dc6fa8d-e1b9-5751-a987-8d6fae3d8c86,1785393015577,sender -> receiver,0,True,1785393015469.0,-108.0,0.0,False
baa010bc-d3c3-5483-94b0-45faadb033c3,1785393016579,sender -> receiver,0,True,1785393016411.0,-168.0,0.0,False
1ec99227-38be-551a-bd69-af57f2abb1fc,1785393016584,sender -> receiver,0,True,1785393016428.0,-156.0,0.0,False
649dde34-a875-5be7-8097-5e974a9892b4,1785393016587,sender -> receiver,0,True,1785393016445.0,-142.0,0.0,False
22d357b6-93bd-5b71-bd5a-72086a28c317,1785393016590,sender -> receiver,0,True,1785393016482.0,-108.0,0.0,False
86f9a024-633e-5953-bc1c-5d306f1528fe,1785393017551,sender -> receiver,0,True,1785393017392.0,-159.0,0.0,False
3a14832d-04aa-53c7-b4a1-0c7a2add8195,1785393017554,sender -> receiver,0,True,1785393017411.0,-143.0,0.0,False
8f6fa635-8637-53df-a05f-ba6506b56509,1785393017557,sender -> receiver,0,True,1785393017431.0,-126.0,0.0,False
9908f294-24b9-5909-b322-1fc9a58d36f5,1785393017560,sender -> receiver,0,True,1785393017447.0,-113.0,0.0,False
744e356e-d5e9-5262-9336-c0ba960198e8,1785393018552,sender -> receiver,0,True,1785393018389.0,-163.0,0.0,False
2cb55294-2697-5c0d-89dd-f29c56b7ed6a,1785393018555,sender -> receiver,0,True,1785393018417.0,-138.0,0.0,False
bf921e0d-eeae-5e15-8253-6b66f48c1fab,1785393018559,sender -> receiver,0,True,1785393018457.0,-102.0,0.0,False
6b1f4362-68c6-557c-b7f0-43e0a230b477,1785393018586,sender -> receiver,0,True,1785393018475.0,-111.0,0.0,False
54f8e730-d632-56bc-9fd1-d49f3eb51c2c,1785393019555,sender -> receiver,0,True,1785393019374.0,-181.0,0.0,False
a4d96793-8ad8-5d5a-87f7-4e26ff07bffa,1785393019560,sender -> receiver,0,True,1785393019397.0,-163.0,0.0,False
8d769300-dce4-533b-8751-9c46634955c9,1785393019591,sender -> receiver,0,True,1785393019419.0,-172.0,0.0,False
bc879738-f589-5b2b-a2c6-90ebc1a4f394,1785393019596,sender -> receiver,0,True,1785393019462.0,-134.0,0.0,False
dda24c69-4a58-5d17-98b9-8a4e244b01cd,1785393020537,sender -> receiver,0,True,1785393020367.0,-170.0,0.0,False
96d4e5c7-6909-5346-907f-323bce639520,1785393020540,sender -> receiver,0,True,1785393020385.0,-155.0,0.0,False
81f17c5d-24f0-57c8-8670-ef37bb6c894c,1785393020545,sender -> receiver,0,True,1785393020403.0,-142.0,0.0,False
1bc83ec9-f82a-54e4-b1e4-4e0233fb955a,1785393061266,sender -> receiver,0,True,1785393061090.0,-176.0,0.0,False
e2725d7d-8c53-52b4-83f4-b9e1854c7354,1785393061270,sender -> receiver,0,True,1785393061132.0,-138.0,0.0,False
93425c74-dfe9-5141-85f7-797f0251e2a1,1785393061273,sender -> receiver,0,True,1785393061196.0,-77.0,0.0,False
371e9cf3-51c2-54d2-b0bb-382a5a265d20,1785393061277,sender -> receiver,0,True,1785393061215.0,-62.0,0.0,False
fadff441-b340-55ae-b460-8ffba46d2079,1785393062258,sender -> receiver,0,True,1785393062120.0,-138.0,0.0,False
2419a236-831c-5c9b-8438-2816c68eaea0,1785393062263,sender -> receiver,0,True,1785393062138.0,-125.0,0.0,False
72a155c1-6d41-5005-88c8-fee8c46bb14b,1785393062289,sender -> receiver,0,True,1785393062158.0,-131.0,0.0,False
43381758-cc8d-59a7-b29e-3caf8d550fb4,1785393062294,sender -> receiver,0,True,1785393062202.0,-92.0,0.0,False
fcdc67bd-76a0-5f47-a49f-53df5ee38f73,1785393063272,sender -> receiver,0,True,1785393063117.0,-155.0,0.0,False
60f2c9f5-08fa-5ddd-93b4-cc66be7f1a7a,1785393063276,sender -> receiver,0,True,1785393063140.0,-136.0,0.0,False
aad9675d-941e-5997-a132-41f4bf91fd56,1785393063280,sender -> receiver,0,True,1785393063159.0,-121.0,0.0,False
6c7fdb52-c2fb-5f62-acb1-343c8ccb4665,1785393063301,sender -> receiver,0,True,1785393063176.0,-125.0,0.0,False
b9cab667-9230-5b1b-bc9e-1a70b51d0c9d,1785393064264,sender -> receiver,0,True,1785393064122.0,-142.0,0.0,False
28555311-7af6-538c-a0ee-d0f5fafee0c4,1785393064269,sender -> receiver,0,True,1785393064144.0,-125.0,0.0,False
c65a93b3-c644-5638-bea8-ac0a1b869049,1785393064274,sender -> receiver,0,True,1785393064162.0,-112.0,0.0,False
3ada6494-b597-529d-9ffc-4b72c8556514,1785393064279,sender -> receiver,0,True,1785393064179.0,-100.0,0.0,False
a9a3c1e3-958a-5d40-ad47-18e9a3906c62,1785393065245,sender -> receiver,0,True,1785393065101.0,-144.0,0.0,False
410194b1-8a28-5ef7-b2f3-1b713d452b0c,1785393065248,sender -> receiver,0,True,1785393065119.0,-129.0,0.0,False
cd6488c7-f3b2-5ff0-951f-8979c9fb17ee,1785393065251,sender -> receiver,0,True,1785393065138.0,-113.0,0.0,False
901b195a-60e5-59fb-8479-1e5fe2d798f4,1785393065255,sender -> receiver,0,True,1785393065155.0,-100.0,0.0,False
1f7dc823-3b3a-5cc0-92a5-06e84bf82d63,1785393066261,sender -> receiver,0,True,1785393066106.0,-155.0,0.0,False
fa064ae1-caba-55bc-b358-3082ecb3f8db,1785393066265,sender -> receiver,0,True,1785393066123.0,-142.0,0.0,False
f785a4e5-3aa6-5008-bc91-1a936b08336a,1785393066269,sender -> receiver,0,True,1785393066141.0,-128.0,0.0,False
72362878-1faf-58ea-a280-ba0c781f0d81,1785393066273,sender -> receiver,0,True,1785393066158.0,-115.0,0.0,False
f14ee689-a907-555c-ad6f-9b8a6e07c3ad,1785393067259,sender -> receiver,0,True,1785393067111.0,-148.0,0.0,False
12ccd0d0-8b28-53b9-9770-43f913b45b0b,1785393067264,sender -> receiver,0,True,1785393067129.0,-135.0,0.0,False
f438bc09-7b28-57dc-bb2b-60e4e33def0f,1785393067269,sender -> receiver,0,True,1785393067148.0,-121.0,0.0,False
fd0a8402-7b61-5f76-88ef-1c97aa2cf25a,1785393067301,sender -> receiver,0,True,1785393067194.0,-107.0,0.0,False
573f73bc-b739-556b-a8d8-cef2c32e58b6,1785393068267,sender -> receiver,0,True,1785393068105.0,-162.0,0.0,False
f9af04e6-3edd-5a38-81b2-767fdf5bc600,1785393068289,sender -> receiver,0,True,1785393068164.0,-125.0,0.0,False
2b8d84ab-3c8d-57f3-9f37-46b5f949d85b,1785393068293,sender -> receiver,0,True,1785393068182.0,-111.0,0.0,False
da800272-7a8d-5555-96e4-9d7ce1e33193,1785393068298,sender -> receiver,0,True,1785393068200.0,-98.0,0.0,False
cb02ba5e-01e2-5760-bc39-fb3e05eb379c,1785393069260,sender -> receiver,0,True,1785393069094.0,-166.0,0.0,False
98445e4b-fdd0-595e-9e1d-0139214b54d8,1785393069264,sender -> receiver,0,True,1785393069113.0,-151.0,0.0,False
4bd57277-f321-504d-bb1c-ce1ca08def6b,1785393069268,sender -> receiver,0,True,1785393069137.0,-131.0,0.0,False
b4540b7d-f244-52e5-9ce9-1a17ced4043c,1785393069272,sender -> receiver,0,True,1785393069180.0,-92.0,0.0,False
aa355ddb-b1fd-5a46-af84-81df39ee4341,1785393070285,sender -> receiver,0,True,1785393070128.0,-157.0,0.0,False
f909079e-7892-58ff-b14d-55eb6dc92023,1785393070289,sender -> receiver,0,True,1785393070149.0,-140.0,0.0,False
00ba3d9b-806e-59f6-b7ec-3bf13cdb5461,1785393070295,sender -> receiver,0,True,1785393070167.0,-128.0,0.0,False
2ca40104-f848-5b74-8dee-dc1a82869a2b,1785393070320,sender -> receiver,0,True,1785393070183.0,-137.0,0.0,False
5b3c6206-21bc-5181-a296-6bdf2bd6056e,1785393071240,sender -> receiver,0,True,1785393071096.0,-144.0,0.0,False
29c67619-2a5a-5873-8487-091ac5967c72,1785393071244,sender -> receiver,0,True,1785393071116.0,-128.0,0.0,False
80959ba6-485d-5192-b06e-c35915d1d345,1785393071248,sender -> receiver,0,True,1785393071134.0,-114.0,0.0,False
6a679d2b-d9be-52b9-8fff-50abedf9b111,1785393071253,sender -> receiver,0,True,1785393071152.0,-101.0,0.0,False
14f710ed-9d13-51d6-8fce-f49fe6aa0218,1785393072258,sender -> receiver,0,True,1785393072071.0,-187.0,0.0,False
8d02575b-57f4-5991-a17b-4f6421f46a70,1785393072262,sender -> receiver,0,True,1785393072089.0,-173.0,0.0,False
bad84043-ab41-54d4-aa63-5dcf92695562,1785393072267,sender -> receiver,0,True,1785393072107.0,-160.0,0.0,False
0192e73d-a208-5a3d-be09-d03852b6a632,1785393072271,sender -> receiver,0,True,1785393072123.0,-148.0,0.0,False
eefab48e-aa72-583b-8017-e9f5a1240b18,1785393073266,sender -> receiver,0,True,1785393073123.0,-143.0,0.0,False
cb0ee0e4-818d-5770-bdff-ca667a61edc0,1785393073271,sender -> receiver,0,True,1785393073141.0,-130.0,0.0,False
f42a452b-1b22-5bb7-af64-2f4735aab593,1785393073274,sender -> receiver,0,True,1785393073159.0,-115.0,0.0,False
a987bfba-b1c6-5730-b23a-543410f0dcb6,1785393073277,sender -> receiver,0,True,1785393073176.0,-101.0,0.0,False
ed98a104-def0-5964-8f1f-6409b409047d,1785393074265,sender -> receiver,0,True,1785393074116.0,-149.0,0.0,False
2af1b878-0be0-5639-826e-883f48cdbb2b,1785393074269,sender -> receiver,0,True,1785393074143.0,-126.0,0.0,False
722ab8d2-90f8-5d7a-ae52-1dfe3bb1f390,1785393074274,sender -> receiver,0,True,1785393074163.0,-111.0,0.0,False
59ddc7d1-2491-5b3a-86c2-a44f53b6dd67,1785393074278,sender -> receiver,0,True,1785393074179.0,-99.0,0.0,False
f8386fca-c14f-5c08-9336-62d6e18666c8,1785393075264,sender -> receiver,0,True,1785393075084.0,-180.0,0.0,False
5b778e25-8ee9-54f0-a3ce-8c53d59778da,1785393075268,sender -> receiver,0,True,1785393075102.0,-166.0,0.0,False
52cc709a-0f24-5666-9f5f-1db3e56366bd,1785393075273,sender -> receiver,0,True,1785393075119.0,-154.0,0.0,False
eca2656a-4251-5992-9f5a-e6a1b543b404,1785393075277,sender -> receiver,0,True,1785393075136.0,-141.0,0.0,False
204b5a99-58da-5f3d-b46a-e00ff7a9e74a,1785393076296,sender -> receiver,0,True,1785393076116.0,-180.0,0.0,False
0ab3a853-b70c-5685-9005-cd9f7bb433ab,1785393076301,sender -> receiver,0,True,1785393076143.0,-158.0,0.0,False
c8c49e33-a670-5a18-bda3-2119d1879e1c,1785393076306,sender -> receiver,0,True,1785393076160.0,-146.0,0.0,False
19d30387-4127-56af-9b08-6b3b766d89a0,1785393076311,sender -> receiver,0,True,1785393076177.0,-134.0,0.0,False
fe851c75-82a4-5d5a-bb99-2450015bebee,1785393077267,sender -> receiver,0,True,1785393077105.0,-162.0,0.0,False
8550aebf-e77d-50b7-8e23-6398ecac6762,1785393077272,sender -> receiver,0,True,1785393077123.0,-149.0,0.0,False
2b5ddbce-6019-5aae-9583-3aaceedd8bd5,1785393077280,sender -> receiver,0,True,1785393077145.0,-135.0,0.0,False
00cc6fb1-fdc7-5394-ae55-f3a437fba9a3,1785393077307,sender -> receiver,0,True,1785393077162.0,-145.0,0.0,False
97122837-42f2-59a5-9ff4-b09e15591668,1785393078268,sender -> receiver,0,True,1785393078128.0,-140.0,0.0,False
8790e714-cdc4-5b66-b1eb-8b875f2bf286,1785393078273,sender -> receiver,0,True,1785393078138.0,-135.0,0.0,False
9dc6497b-9cdf-55d3-a046-417abd9765e4,1785393078303,sender -> receiver,0,True,1785393078148.0,-155.0,0.0,False
66423265-efd6-51b0-aedc-411c0a15d251,1785393078308,sender -> receiver,0,True,1785393078186.0,-122.0,0.0,False
7ead3857-bb71-506b-a698-adc4b03102ae,1785393079284,sender -> receiver,0,True,1785393079124.0,-160.0,0.0,False
f4254636-aa7c-5425-bf10-8e2ee817b4e7,1785393079288,sender -> receiver,0,True,1785393079206.0,-82.0,0.0,False
0ea0222f-0601-51dc-a8ff-1dfd62d4ddc4,1785393079292,sender -> receiver,0,True,1785393079223.0,-69.0,0.0,False
dae0e89d-0e81-59eb-aa0f-a58e8c3bdf01,1785393079296,sender -> receiver,0,True,1785393079240.0,-56.0,0.0,False
b08215a2-f97c-5813-9783-b702b6c0b73c,1785393080285,sender -> receiver,0,True,1785393080136.0,-149.0,0.0,False
7bd3dc02-137c-5e64-92cd-5946d479b4c4,1785393080295,sender -> receiver,0,True,1785393080155.0,-140.0,0.0,False
e65fbc7a-3e47-5018-8cb8-db6dd8965401,1785393080302,sender -> receiver,0,True,1785393080172.0,-130.0,0.0,False
660641c2-91b5-59b8-9445-3a57fd235d70,1785393080337,sender -> receiver,0,True,1785393080188.0,-149.0,0.0,False
91e6327f-0a4f-5d58-bd5c-1952478c84d5,1785393081260,sender -> receiver,0,True,1785393081087.0,-173.0,0.0,False
3e236756-5e75-5295-84f7-6fb6c464cd3b,1785393081264,sender -> receiver,0,True,1785393081105.0,-159.0,0.0,False
8c1efa88-d9dc-57f2-bd33-7fee86c92610,1785393081289,sender -> receiver,0,True,1785393081122.0,-167.0,0.0,False
610cea11-e8b0-5a5a-a948-48c5fe938748,1785393081294,sender -> receiver,0,True,1785393081168.0,-126.0,0.0,False
41f20be7-5fe6-53d8-8cbd-65c43cea06b5,1785393082276,sender -> receiver,0,True,1785393082094.0,-182.0,0.0,False
b538b5ee-25fb-5fe5-8cb0-d70c87bdf36c,1785393082308,sender -> receiver,0,True,1785393082114.0,-194.0,0.0,False
dbc1e3a6-5e1d-5ed8-b697-4af299ac0777,1785393082313,sender -> receiver,0,True,1785393082167.0,-146.0,0.0,False
996fc29a-2ea5-510f-b6a7-69a8116a43f4,1785393082319,sender -> receiver,0,True,1785393082221.0,-98.0,0.0,False
8de01477-8dbe-50c3-b7ff-1f9a12ea7e70,1785393083276,sender -> receiver,0,True,1785393083090.0,-186.0,0.0,False
d05fc8c9-5809-5e5c-b012-cb76146a86b3,1785393083307,sender -> receiver,0,True,1785393083107.0,-200.0,0.0,False
81eb8471-fb28-5ba1-af25-b80121c0b5e5,1785393083312,sender -> receiver,0,True,1785393083131.0,-181.0,0.0,False
8d821d95-5ee1-5ea0-b498-ba3490bba0d6,1785393083317,sender -> receiver,0,True,1785393083177.0,-140.0,0.0,False
4e8d5622-f10d-5d59-a306-e8b355ce0a7a,1785393084268,sender -> receiver,0,True,1785393084103.0,-165.0,0.0,False
b652c578-84b8-525a-b52b-28465276bd2b,1785393084272,sender -> receiver,0,True,1785393084119.0,-153.0,0.0,False
0cc18afd-5d39-5e5d-82d2-b11270bf5752,1785393084275,sender -> receiver,0,True,1785393084140.0,-135.0,0.0,False
2186264a-02c6-5823-880a-02b79d3a4973,1785393084279,sender -> receiver,0,True,1785393084158.0,-121.0,0.0,False
1fee24bd-ca40-53ed-ae9f-c7674bd40dab,1785393085276,sender -> receiver,0,True,1785393085121.0,-155.0,0.0,False
49c9abf5-9022-58d1-a49f-3c73c52d7b90,1785393085301,sender -> receiver,0,True,1785393085138.0,-163.0,0.0,False
984d151e-31c1-5740-8a88-ed61e1ee6041,1785393085305,sender -> receiver,0,True,1785393085160.0,-145.0,0.0,False
7f641528-a907-5717-86f9-2169caecf661,1785393085309,sender -> receiver,0,True,1785393085177.0,-132.0,0.0,False
4a1c2236-9a19-54c9-8d85-aff874b1c3bc,1785393131475,sender -> receiver,0,True,1785393131562.0,87.0,0.0,False
202418b8-058f-55c9-9d84-22955df3a56d,1785393131478,sender -> receiver,0,True,1785393131619.0,141.0,0.0,False
6d51c0ca-3cd9-5e74-bbc3-a2a4afe93b54,1785393131482,sender -> receiver,0,True,1785393131639.0,157.0,0.0,False
f1c9f1ff-6dd2-5cd5-a5fc-bd2fbc90be3e,1785393131485,sender -> receiver,0,True,1785393131660.0,175.0,0.0,False
1b2a721f-8c2c-514b-b398-a24be8ddf3c9,1785393131488,sender -> receiver,0,True,1785393131698.0,210.0,0.0,False
2d8082f9-e820-5bef-a5ad-c5eb48ed9b9b,1785393132516,sender -> receiver,0,True,1785393132328.0,-188.0,0.0,False
03ef118b-7c71-55b5-8c3b-c89c044f8032,1785393132522,sender -> receiver,0,True,1785393132401.0,-121.0,0.0,False
4cad9fd3-e34a-585b-a5f9-b9d2c2e1a505,1785393132570,sender -> receiver,0,True,1785393132429.0,-141.0,0.0,False
82654144-73d3-5e05-8ab5-dd73690497ae,1785393132576,sender -> receiver,0,True,1785393132468.0,-108.0,0.0,False
ee482434-08b6-5a52-a5ba-98053ee22424,1785393132583,sender -> receiver,0,True,1785393132494.0,-89.0,0.0,False
ab4d01ad-8654-5645-82c9-26edee15c76b,1785393133485,sender -> receiver,0,True,1785393133333.0,-152.0,0.0,False
2d393ff4-5cef-5585-9bf1-3fe200f1b577,1785393133491,sender -> receiver,0,True,1785393133356.0,-135.0,0.0,False
bde85780-8c57-5a51-a41c-7145f14ea41f,1785393133496,sender -> receiver,0,True,1785393133404.0,-92.0,0.0,False
9963eec0-60ed-55a0-923c-962243984b44,1785393133502,sender -> receiver,0,True,1785393133422.0,-80.0,0.0,False
05515d2d-f54a-5987-838f-813607b7c540,1785393133546,sender -> receiver,0,True,1785393133439.0,-107.0,0.0,False
b1d2ea2b-effe-539b-a8d6-873b719756c2,1785393134487,sender -> receiver,0,True,1785393134313.0,-174.0,0.0,False
cd62abdd-16ee-55b5-b6a5-17728b255c45,1785393134491,sender -> receiver,0,True,1785393134333.0,-158.0,0.0,False
afa45cee-a3c8-5c3c-a531-999dbf688227,1785393134498,sender -> receiver,0,True,1785393134360.0,-138.0,0.0,False
43c69dae-484c-546a-8390-0f55e0a80178,1785393134533,sender -> receiver,0,True,1785393134404.0,-129.0,0.0,False
b5b5e4c1-3f59-5212-b934-e3233ae9d828,1785393134536,sender -> receiver,0,True,1785393134423.0,-113.0,0.0,False
0900747e-497e-5b95-a541-8f04178df7b9,1785393135482,sender -> receiver,0,True,1785393135289.0,-193.0,0.0,False
98bd4d4d-006e-5a0a-9a9c-2fe91bd230b6,1785393135486,sender -> receiver,0,True,1785393135311.0,-175.0,0.0,False
fcd392a6-ecb7-566f-878b-c272241a8385,1785393135489,sender -> receiver,0,True,1785393135330.0,-159.0,0.0,False
3c8f541f-0852-5db1-9022-aecd2d3d8468,1785393135493,sender -> receiver,0,True,1785393135350.0,-143.0,0.0,False
86bbd300-7d6b-504d-8818-03f135372b65,1785393135527,sender -> receiver,0,True,1785393135389.0,-138.0,0.0,False
654fa65d-1261-5971-a952-7b760a109fe8,1785393136468,sender -> receiver,0,True,1785393136275.0,-193.0,0.0,False
840a1210-2dda-552e-98e8-5ce89aeddb16,1785393136499,sender -> receiver,0,True,1785393136325.0,-174.0,0.0,False
f905afed-7389-50aa-b460-7896e3d6e642,1785393136514,sender -> receiver,0,True,1785393136347.0,-167.0,0.0,False
38bfe1a5-172e-5dee-83e2-46c4bc3c3c66,1785393136519,sender -> receiver,0,True,1785393136365.0,-154.0,0.0,False
68c23bfb-8cd3-5f99-a649-61e713b0b2af,1785393136523,sender -> receiver,0,True,1785393136383.0,-140.0,0.0,False
8c7c0304-fec0-50fe-b679-bab5361af9f0,1785393137495,sender -> receiver,0,True,1785393137423.0,-72.0,0.0,False
a194486b-e903-530b-ad76-dcf211501492,1785393137501,sender -> receiver,0,True,1785393137442.0,-59.0,0.0,False
01a0573d-004a-520d-b7fd-8b561200f793,1785393137507,sender -> receiver,0,True,1785393137460.0,-47.0,0.0,False
4bff574b-6d8d-52ec-84de-97332ab8a908,1785393137550,sender -> receiver,0,True,1785393137479.0,-71.0,0.0,False
1e1705d4-6aaf-54bb-af79-d28d18de8244,1785393137554,sender -> receiver,0,True,1785393137530.0,-24.0,0.0,False
acba9004-8024-538a-8e71-0cc8c9269d5e,1785393138510,sender -> receiver,0,True,1785393138359.0,-151.0,0.0,False
686f8a99-bf8c-5852-a48a-f4690ede7e39,1785393138538,sender -> receiver,0,True,1785393138384.0,-154.0,0.0,False
f22e0748-5337-5b6e-9dba-60bf8d800dde,1785393138544,sender -> receiver,0,True,1785393138401.0,-143.0,0.0,False
47ab189a-d17f-5001-ba9b-d3dbc44f000b,1785393138549,sender -> receiver,0,True,1785393138417.0,-132.0,0.0,False
818509c7-3d93-5c9f-b570-b25293927473,1785393138554,sender -> receiver,0,True,1785393138466.0,-88.0,0.0,False
7408ad23-2827-5873-9fc8-be6396e479c2,1785393139495,sender -> receiver,0,True,1785393139361.0,-134.0,0.0,False
5ad18dfe-48f7-527b-be23-802d95612caa,1785393139501,sender -> receiver,0,True,1785393139378.0,-123.0,0.0,False
d2aeec50-c87e-57f4-b370-5175d7a0f75d,1785393139529,sender -> receiver,0,True,1785393139395.0,-134.0,0.0,False
b86168bd-ccd1-5110-883a-99d0d14099e2,1785393139535,sender -> receiver,0,True,1785393139437.0,-98.0,0.0,False
f7ff2df7-bf4e-53ea-8d91-41eb21fc0b6c,1785393139540,sender -> receiver,0,True,1785393139453.0,-87.0,0.0,False
cb63bbb6-9ada-546a-9885-62678d30fd21,1785393140483,sender -> receiver,0,True,1785393140491.0,8.0,0.0,False
d7a0b8fa-53c6-5e11-ac33-bcdbc6487902,1785393140514,sender -> receiver,0,True,1785393140551.0,37.0,0.0,False
3b65f9f6-ea31-5c4e-ba16-308a1851eba7,1785393140519,sender -> receiver,0,True,1785393140616.0,97.0,0.0,False
0d2339fc-6e6e-5917-b36b-7b261720ea8f,1785393140523,sender -> receiver,0,True,1785393140635.0,112.0,0.0,False
ba6a563e-20ee-56f5-9f08-ed1c77daa2df,1785393140528,sender -> receiver,0,True,1785393140687.0,159.0,0.0,False
15be8b1c-84a8-5d4e-af96-434f6f888257,1785393141466,sender -> receiver,0,True,1785393141347.0,-119.0,0.0,False
c9a7e25a-218a-5446-a2ff-527190297c9c,1785393141487,sender -> receiver,0,True,1785393141364.0,-123.0,0.0,False
2fecad4a-0986-562a-a44e-6d1a46d34380,1785393141491,sender -> receiver,0,True,1785393141384.0,-107.0,0.0,False
8c9b8714-5ad4-5a28-85bf-6104728cc28b,1785393141494,sender -> receiver,0,True,1785393141403.0,-91.0,0.0,False
ae8745eb-b7e6-5ec6-ae25-e38aaf8da7ca,1785393141529,sender -> receiver,0,True,1785393141420.0,-109.0,0.0,False
622aea78-19d7-597d-b71b-988ead574350,1785393142494,sender -> receiver,0,True,1785393142310.0,-184.0,0.0,False
5d57e463-8475-54f2-8b77-d86347373fd1,1785393142498,sender -> receiver,0,True,1785393142374.0,-124.0,0.0,False
8115e360-20db-5a31-92dd-272f147bc1bc,1785393142502,sender -> receiver,0,True,1785393142395.0,-107.0,0.0,False
e871ba78-f7ec-54cc-9eff-a69e5136c6b2,1785393142505,sender -> receiver,0,True,1785393142413.0,-92.0,0.0,False
a5c08058-1cc6-50e9-9a80-852fa178c85a,1785393142508,sender -> receiver,0,True,1785393142431.0,-77.0,0.0,False
f90a9371-c497-5014-9010-19d09b6ae260,1785393143492,sender -> receiver,0,True,1785393143314.0,-178.0,0.0,False
dd5e5c08-f2b5-5f86-9437-5be0e99d2cba,1785393143498,sender -> receiver,0,True,1785393143344.0,-154.0,0.0,False
f77b7ff5-fb38-504f-8b37-4063b6944ed8,1785393143503,sender -> receiver,0,True,1785393143363.0,-140.0,0.0,False
db225310-a1df-5f3f-9af4-9b61d3916016,1785393143543,sender -> receiver,0,True,1785393143413.0,-130.0,0.0,False
5e5ac052-597b-5fe2-ad43-0ee028b09d18,1785393143550,sender -> receiver,0,True,1785393143435.0,-115.0,0.0,False
45a23c7e-dbd5-57a3-91ec-444e276adc12,1785393144457,sender -> receiver,0,True,1785393144307.0,-150.0,0.0,False
65fc9045-ae7e-5254-9ff7-e0eb6dc75354,1785393144478,sender -> receiver,0,True,1785393144327.0,-151.0,0.0,False
697aa7ae-c537-5cdb-abe9-c7095aa5c8a9,1785393144482,sender -> receiver,0,True,1785393144383.0,-99.0,0.0,False
95e76a5f-095b-59f2-b596-fa7bf705289b,1785393144487,sender -> receiver,0,True,1785393144404.0,-83.0,0.0,False
19ff574f-9132-5453-9d79-20039cb5c7d7,1785393144492,sender -> receiver,0,True,1785393144424.0,-68.0,0.0,False
5b5f7229-5b78-5ea4-98ca-9f526696fe59,1785393145517,sender -> receiver,0,True,1785393145369.0,-148.0,0.0,False
b7282ade-f4f9-5203-a5a1-e1836236554a,1785393145544,sender -> receiver,0,True,1785393145390.0,-154.0,0.0,False
5b2b36ed-c0ad-504f-b2cf-e41afc2d4ade,1785393145549,sender -> receiver,0,True,1785393145409.0,-140.0,0.0,False
0ad66846-a97b-5b37-9e83-cfe30de6e347,1785393145553,sender -> receiver,0,True,1785393145426.0,-127.0,0.0,False
80eeb1ed-f473-591c-8a36-5cabedb21612,1785393145557,sender -> receiver,0,True,1785393145468.0,-89.0,0.0,False
aa6c1dab-b25b-557b-b56c-38e51f6bade9,1785393146535,sender -> receiver,0,True,1785393146403.0,-132.0,0.0,False
d41301d2-84a4-5c2c-8f65-005e798a2853,1785393146561,sender -> receiver,0,True,1785393146425.0,-136.0,0.0,False
a021fa5e-b7eb-5c1a-b04a-f8da92f909ed,1785393146569,sender -> receiver,0,True,1785393146437.0,-132.0,0.0,False
7649a6d4-332e-5dae-a05c-1e8cbde87d8f,1785393146576,sender -> receiver,0,True,1785393146463.0,-113.0,0.0,False
1e4d73a5-1344-5d21-a381-c4c96d67799f,1785393146582,sender -> receiver,0,True,1785393146504.0,-78.0,0.0,False
6ec51ca2-ebba-5598-ae6b-771293a20987,1785393147490,sender -> receiver,0,True,1785393147380.0,-110.0,0.0,False
7d814e49-5845-56aa-a989-bea7a648fe3b,1785393147517,sender -> receiver,0,True,1785393147399.0,-118.0,0.0,False
ce0e0b7a-ea96-5d62-b06f-2311f76f5296,1785393147521,sender -> receiver,0,True,1785393147416.0,-105.0,0.0,False
a60ace62-87f1-5ee2-8a92-25543cc2a6e1,1785393147524,sender -> receiver,0,True,1785393147465.0,-59.0,0.0,False
cfc3a4f5-f618-57ea-94df-e2dbc2364c4d,1785393147528,sender -> receiver,0,True,1785393147484.0,-44.0,0.0,False
c82f75a1-5d59-5b1b-89ae-c674bfc279ac,1785393148503,sender -> receiver,0,True,1785393148352.0,-151.0,0.0,False
226240ff-8d99-5d51-9228-4ff876b23ba7,1785393148528,sender -> receiver,0,True,1785393148375.0,-153.0,0.0,False
790ff8fc-1f99-5922-bb53-73a25c9757b4,1785393148533,sender -> receiver,0,True,1785393148394.0,-139.0,0.0,False
b07f8637-7d09-5599-b6f8-31686f2e0627,1785393148538,sender -> receiver,0,True,1785393148410.0,-128.0,0.0,False
4c0ec189-c1b4-5e40-8a45-d4d5c078b5fd,1785393148544,sender -> receiver,0,True,1785393148427.0,-117.0,0.0,False
91176ad4-aa1f-5913-a1a0-8aa8a5885fd6,1785393149496,sender -> receiver,0,True,1785393149325.0,-171.0,0.0,False
f5cdee0c-2a59-5185-b545-6de34922e805,1785393149502,sender -> receiver,0,True,1785393149369.0,-133.0,0.0,False
baf40e5c-656a-5133-b72d-b0c16a5f9721,1785393149507,sender -> receiver,0,True,1785393149386.0,-121.0,0.0,False
7bc8e731-2b07-5524-ac2a-ef2f3dda05f0,1785393149554,sender -> receiver,0,True,1785393149404.0,-150.0,0.0,False
2b107b39-f5ca-5598-b98a-c438da3befab,1785393149559,sender -> receiver,0,True,1785393149455.0,-104.0,0.0,False
d175e9db-64e0-5740-9f70-e2c2a68fede9,1785393150476,sender -> receiver,0,True,1785393150292.0,-184.0,0.0,False
e001f961-6cc7-55cf-8bea-9265c0aacafd,1785393150481,sender -> receiver,0,True,1785393150355.0,-126.0,0.0,False
f6951ef2-48f4-5809-8a58-3694071daaf3,1785393150485,sender -> receiver,0,True,1785393150376.0,-109.0,0.0,False
be218aed-cca6-56bf-9490-df2d33d573a1,1785393150521,sender -> receiver,0,True,1785393150393.0,-128.0,0.0,False
efac21ec-b2b6-5936-8915-ed4f2fdd3552,1785393150526,sender -> receiver,0,True,1785393150432.0,-94.0,0.0,False
b185a5c1-8fea-57cb-a8b7-45f1e867d579,1785393193186,sender -> receiver,0,True,1785393193029.0,-157.0,0.0,False
c49d10a7-09e6-5059-bb15-6af06820a299,1785393193191,sender -> receiver,0,True,1785393193078.0,-113.0,0.0,False
8eb3c42e-ba0e-58db-9a60-c4dc4870e198,1785393193195,sender -> receiver,0,True,1785393193166.0,-29.0,0.0,False
4760eb43-4e05-53b7-98c0-660712a757b4,1785393193200,sender -> receiver,0,True,1785393193188.0,-12.0,0.0,False
d964d689-df7c-51d4-a913-48cd8715d399,1785393193204,sender -> receiver,0,True,1785393193208.0,4.0,0.0,False
42bef158-4baf-5cdd-bfa7-bd77f631868c,1785393194144,sender -> receiver,0,True,1785393194090.0,-54.0,0.0,False
d9b319fc-1498-5f49-99f1-4fcaf65004c8,1785393194148,sender -> receiver,0,True,1785393194107.0,-41.0,0.0,False
9f2d4e27-d6c2-57b2-927e-3c49f42f6b14,1785393194152,sender -> receiver,0,True,1785393194123.0,-29.0,0.0,False
5738eaa9-a080-5885-92f2-401638d2e7f0,1785393194173,sender -> receiver,0,True,1785393194139.0,-34.0,0.0,False
23d5bf7b-a781-52a3-ac2f-7826788e49dc,1785393195151,sender -> receiver,0,True,1785393195001.0,-150.0,0.0,False
30b1404d-46fd-5050-a10a-990dd8c9d696,1785393195155,sender -> receiver,0,True,1785393195017.0,-138.0,0.0,False
c94a982e-c910-585a-af6c-ef651bc991a4,1785393195159,sender -> receiver,0,True,1785393195035.0,-124.0,0.0,False
2024a011-f6b0-50fa-8687-71816a94cd13,1785393195163,sender -> receiver,0,True,1785393195051.0,-112.0,0.0,False
210d9a7c-b331-5a9b-a8f4-66a2b3b32f5c,1785393196143,sender -> receiver,0,True,1785393195961.0,-182.0,0.0,False
c6a6046e-d08f-5ea1-a25e-c2a5f2a907c1,1785393196147,sender -> receiver,0,True,1785393195982.0,-165.0,0.0,False
0b8093fb-9480-5006-89f0-9e632914c4e5,1785393196152,sender -> receiver,0,True,1785393196000.0,-152.0,0.0,False
704a0a4f-652a-569c-9972-494f5711dc49,1785393196177,sender -> receiver,0,True,1785393196087.0,-90.0,0.0,False
93389d21-0c4f-5d7b-a601-05feb5f770b7,1785393197163,sender -> receiver,0,True,1785393197024.0,-139.0,0.0,False
ccfd2c48-4523-5844-af43-cdc737429c61,1785393197167,sender -> receiver,0,True,1785393197047.0,-120.0,0.0,False
45b56626-018b-556f-a565-a0e26f42ad8c,1785393197171,sender -> receiver,0,True,1785393197065.0,-106.0,0.0,False
f5b39320-562c-5dc6-bc40-3f798b41837c,1785393197176,sender -> receiver,0,True,1785393197083.0,-93.0,0.0,False
66295b86-f5b7-5c12-ab62-fe6c848758b7,1785393198192,sender -> receiver,0,True,1785393198082.0,-110.0,0.0,False
3b30b3ee-9d4c-567f-a3f8-4978f4bcc8ad,1785393198196,sender -> receiver,0,True,1785393198099.0,-97.0,0.0,False
2468c949-8549-55a9-9596-2d32206fd28b,1785393198200,sender -> receiver,0,True,1785393198116.0,-84.0,0.0,False
64f8862d-dde7-550c-93f7-106bf6603894,1785393198204,sender -> receiver,0,True,1785393198133.0,-71.0,0.0,False
3ee5363e-1993-5333-86b8-678f3c4c1751,1785393199181,sender -> receiver,0,True,1785393199024.0,-157.0,0.0,False
9a25907c-da7b-5a84-9c92-992b83ecef9a,1785393199186,sender -> receiver,0,True,1785393199050.0,-136.0,0.0,False
581b6415-87d4-5b43-9d86-948cadb1dcc3,1785393199191,sender -> receiver,0,True,1785393199072.0,-119.0,0.0,False
03a7946b-6227-589d-93f0-62a6f787d47d,1785393199217,sender -> receiver,0,True,1785393199142.0,-75.0,0.0,False
5f5eade5-5276-5c9d-9a73-593c4c634b81,1785393199223,sender -> receiver,0,True,1785393199165.0,-58.0,0.0,False
821a263b-50ea-5b92-b03c-54ba9fcb5e62,1785393200173,sender -> receiver,0,True,1785393200030.0,-143.0,0.0,False
e4c18028-bdd9-5018-b6bc-659d9bfeb3f4,1785393200177,sender -> receiver,0,True,1785393200047.0,-130.0,0.0,False
f5d0060a-1be0-5430-a6cc-5a555cd15ad7,1785393200181,sender -> receiver,0,True,1785393200070.0,-111.0,0.0,False
a2e64b01-c604-560d-bd8b-ab12ccf4a2f2,1785393200185,sender -> receiver,0,True,1785393200087.0,-98.0,0.0,False
3de2babf-9d98-5a2c-953e-ccf3a9b907f6,1785393201154,sender -> receiver,0,True,1785393201009.0,-145.0,0.0,False
cdf2923c-068e-5a93-bba1-225e1cdbb4da,1785393201157,sender -> receiver,0,True,1785393201031.0,-126.0,0.0,False
ed7f97f3-bda6-5138-b150-8f1ac64dee64,1785393201160,sender -> receiver,0,True,1785393201072.0,-88.0,0.0,False
74a12d5a-43ba-5d9b-9a7d-fccd5356376e,1785393201164,sender -> receiver,0,True,1785393201100.0,-64.0,0.0,False
d91c077d-11d6-5e49-89e3-7f7206c064b0,1785393202186,sender -> receiver,0,True,1785393202040.0,-146.0,0.0,False
7f51c56b-3c27-582f-a1f2-563423c9f935,1785393202191,sender -> receiver,0,True,1785393202069.0,-122.0,0.0,False
beb229e8-449c-53c8-a4c1-53f33965e3e2,1785393202195,sender -> receiver,0,True,1785393202097.0,-98.0,0.0,False
18c6ec6d-d001-58cd-a3ef-b5cd201f405d,1785393202200,sender -> receiver,0,True,1785393202156.0,-44.0,0.0,False
6af629e8-724a-5462-b198-d3cc54621703,1785393203157,sender -> receiver,0,True,1785393202992.0,-165.0,0.0,False
84e187f2-6fc4-5c08-9523-2b97b3e631d5,1785393203161,sender -> receiver,0,True,1785393203016.0,-145.0,0.0,False
21e785f0-115e-56cc-adfc-82ddfc1f969b,1785393203183,sender -> receiver,0,True,1785393203028.0,-155.0,0.0,False
023d949c-b44b-55f2-80f3-7af3b4df2228,1785393203187,sender -> receiver,0,True,1785393203080.0,-107.0,0.0,False
48f8b238-a929-57ee-b475-a6dae01d9432,1785393204159,sender -> receiver,0,True,1785393204006.0,-153.0,0.0,False
f5e0824b-54a9-5da1-871c-71a5165bf67e,1785393204163,sender -> receiver,0,True,1785393204028.0,-135.0,0.0,False
fc2c9545-1935-5431-be6f-a1a3938c2817,1785393204166,sender -> receiver,0,True,1785393204069.0,-97.0,0.0,False
0c44a7a2-3d4e-55fc-9190-df497be1f075,1785393204169,sender -> receiver,0,True,1785393204093.0,-76.0,0.0,False
c64de396-201c-50ac-9eb3-d2ee36b34363,1785393205171,sender -> receiver,0,True,1785393205011.0,-160.0,0.0,False
c6efe189-d0ba-55f2-a57b-37c69e629f17,1785393205175,sender -> receiver,0,True,1785393205047.0,-128.0,0.0,False
110c7381-0a1f-5f2d-adf7-ad815c3bf1e8,1785393205197,sender -> receiver,0,True,1785393205069.0,-128.0,0.0,False
6e9b7ecd-ab70-5b89-9191-9af2b0fef298,1785393205203,sender -> receiver,0,True,1785393205088.0,-115.0,0.0,False
ab0252d5-c953-58f1-9344-ecfa5ace4d10,1785393205209,sender -> receiver,0,True,1785393205141.0,-68.0,0.0,False
8a1dd30d-4f1f-52da-b6cb-58b5c1df5faa,1785393206170,sender -> receiver,0,True,1785393205982.0,-188.0,0.0,False
21e97ecb-555c-5915-b7d4-cbecfcf9e367,1785393206174,sender -> receiver,0,True,1785393206005.0,-169.0,0.0,False
ce7b6e11-c969-5808-820d-5a3cb658b1ea,1785393206178,sender -> receiver,0,True,1785393206023.0,-155.0,0.0,False
f7867c02-5be7-5102-9ea4-56e7c9dbca77,1785393206201,sender -> receiver,0,True,1785393206041.0,-160.0,0.0,False
5e2f3a54-6418-5f5f-87c5-d7fd07fbea8a,1785393207172,sender -> receiver,0,True,1785393207022.0,-150.0,0.0,False
a4023f8c-3173-5d09-9f34-fc0bd4664db2,1785393207175,sender -> receiver,0,True,1785393207053.0,-122.0,0.0,False
6b18dbbf-07e2-51e6-978d-bebd902767f0,1785393207179,sender -> receiver,0,True,1785393207076.0,-103.0,0.0,False
ff072e0f-0baa-50f3-b759-073be59ca0a9,1785393207183,sender -> receiver,0,True,1785393207095.0,-88.0,0.0,False
2c606421-b9b4-52d5-b643-b09c1a942756,1785393208156,sender -> receiver,0,True,1785393207980.0,-176.0,0.0,False
92d4928b-f124-5d3f-92a5-74a1cc90e59a,1785393208160,sender -> receiver,0,True,1785393208005.0,-155.0,0.0,False
b1a56a6a-fc8b-5f67-ae24-35b02215f56d,1785393208164,sender -> receiver,0,True,1785393208027.0,-137.0,0.0,False
b3bd3436-ede5-594f-a87f-a2d0bb729350,1785393208186,sender -> receiver,0,True,1785393208080.0,-106.0,0.0,False
01d40cf8-fd2d-5117-85b6-4dc1d5fa5d46,1785393209148,sender -> receiver,0,True,1785393209002.0,-146.0,0.0,False
af1b5932-e830-5631-bee6-0a1556b7f5f8,1785393209152,sender -> receiver,0,True,1785393209020.0,-132.0,0.0,False
838947a3-0cf1-5de7-a04e-f0f053db8705,1785393209156,sender -> receiver,0,True,1785393209038.0,-118.0,0.0,False
4827a46b-cd2d-5e07-b2bc-bf1d26535b29,1785393209161,sender -> receiver,0,True,1785393209055.0,-106.0,0.0,False
9ddfa0fe-ef94-5fc8-b185-d2d9d269008b,1785393210156,sender -> receiver,0,True,1785393210107.0,-49.0,0.0,False
3807b258-51cc-51f3-9d39-5a5ec5ce37eb,1785393210161,sender -> receiver,0,True,1785393210124.0,-37.0,0.0,False
cd51fb3f-a562-58d8-bd96-18dadc67e935,1785393210166,sender -> receiver,0,True,1785393210141.0,-25.0,0.0,False
b72f9a33-e0e5-52c3-868a-bbfa279e6c97,1785393210169,sender -> receiver,0,True,1785393210158.0,-11.0,0.0,False
7b098d2a-629d-58db-b830-7b6c89057c8d,1785393211183,sender -> receiver,0,True,1785393211021.0,-162.0,0.0,False
928b941b-2b41-5898-8d9d-a97e325d43e2,1785393211189,sender -> receiver,0,True,1785393211036.0,-153.0,0.0,False
e7bfd4a1-6b3f-5549-890f-b1557010f90e,1785393211211,sender -> receiver,0,True,1785393211060.0,-151.0,0.0,False
7ab9fd6b-b0de-5b60-8921-d5523b19f6e6,1785393211216,sender -> receiver,0,True,1785393211079.0,-137.0,0.0,False
7c443136-55df-5ded-bd0b-58b3e2a6cc25,1785393211221,sender -> receiver,0,True,1785393211098.0,-123.0,0.0,False
7bd93dad-d274-576d-bee9-a9b178327074,1785393212153,sender -> receiver,0,True,1785393211990.0,-163.0,0.0,False
4c456a48-4077-5a84-8657-f91c16687b21,1785393212157,sender -> receiver,0,True,1785393212007.0,-150.0,0.0,False
c0ba2b9d-ba0d-5d92-9c71-4bf9a66ad8eb,1785393212162,sender -> receiver,0,True,1785393212024.0,-138.0,0.0,False
687484e9-b581-5f1c-b22f-9248229253ec,1785393212166,sender -> receiver,0,True,1785393212041.0,-125.0,0.0,False
9a6ef61b-1286-5c94-86be-087f20708bfd,1785393213177,sender -> receiver,0,True,1785393213022.0,-155.0,0.0,False
92ef53de-5be2-5927-8d6c-306eda5640e7,1785393213180,sender -> receiver,0,True,1785393213058.0,-122.0,0.0,False
d9bf4708-5b4d-5c20-be1a-ecbcb3bfb9f7,1785393213183,sender -> receiver,0,True,1785393213128.0,-55.0,0.0,False
d57f3a96-8436-5504-96c1-421fb3d4049c,1785393213204,sender -> receiver,0,True,1785393213153.0,-51.0,0.0,False
71eec2ce-1d53-59a6-a4a6-963024861440,1785393214164,sender -> receiver,0,True,1785393213947.0,-217.0,0.0,False
063d58cc-f2f5-51d0-8823-b0b53f1af6e8,1785393214169,sender -> receiver,0,True,1785393214004.0,-165.0,0.0,False
9c27a4e1-90db-5b42-838a-062bb191231a,1785393214173,sender -> receiver,0,True,1785393214029.0,-144.0,0.0,False
71ddce88-f2a6-50e5-ac83-ff22e4fab4cc,1785393214177,sender -> receiver,0,True,1785393214047.0,-130.0,0.0,False
64c18436-52be-5948-9a4c-83f6077fde96,1785393215155,sender -> receiver,0,True,1785393215002.0,-153.0,0.0,False
5033d665-ed38-5b5b-a63b-4a9cb7d642d9,1785393215161,sender -> receiver,0,True,1785393215034.0,-127.0,0.0,False
f715ecf4-f2b1-5a3e-9b15-4a38fdb9aa85,1785393215165,sender -> receiver,0,True,1785393215069.0,-96.0,0.0,False
a9022cbc-bb74-5629-872e-ae22d28bf7fc,1785393215190,sender -> receiver,0,True,1785393215089.0,-101.0,0.0,False
5daa9d29-6c9e-527d-b2f7-f9b5b84d25b8,1785393216165,sender -> receiver,0,True,1785393215991.0,-174.0,0.0,False
33037a14-dcc5-5845-93c1-d067e2b024e2,1785393216170,sender -> receiver,0,True,1785393216023.0,-147.0,0.0,False
0db2decc-50f6-5c1b-9dac-61861d94d18b,1785393216174,sender -> receiver,0,True,1785393216045.0,-129.0,0.0,False
8266e13d-f70b-5647-b65f-827e9660fd04,1785393216180,sender -> receiver,0,True,1785393216099.0,-81.0,0.0,False
27a02648-3427-5472-a6e3-f15ac39c8c44,1785393321433,sender -> receiver,0,True,1785393321741.0,308.0,0.0,False
e41afd9c-613d-5a62-985c-28c2fba76f96,1785393321461,sender -> receiver,0,True,1785393321757.0,296.0,0.0,False
58a7d637-b399-508c-927f-4eee98aa510d,1785393321465,sender -> receiver,0,True,1785393321776.0,311.0,0.0,False
11ae83b2-2344-5459-bfec-5395a77ec486,1785393321469,sender -> receiver,0,True,1785393321793.0,324.0,0.0,False
6378d63c-6fd1-5e25-a59d-d717ca7eaff1,1785393321506,sender -> receiver,0,True,1785393321810.0,304.0,0.0,False
4defe7da-c441-59c6-81d4-29c201cd6f83,1785393321511,sender -> receiver,0,True,1785393321849.0,338.0,0.0,False
a417802e-e4c4-59ef-81f9-2226b4d0764d,1785393321515,sender -> receiver,0,True,1785393321868.0,353.0,0.0,False
e013c047-525c-5b62-bc5e-b845f186adaa,1785393321519,sender -> receiver,0,True,1785393321887.0,368.0,0.0,False
c6743b4b-88c3-545e-8401-affbbb32bc99,1785393322413,sender -> receiver,0,True,1785393322209.0,-204.0,0.0,False
de8d9c6a-5594-5687-8d8e-5e36d665e179,1785393322417,sender -> receiver,0,True,1785393322262.0,-155.0,0.0,False
a9100e85-dd05-5536-be30-a317da0a87fc,1785393322441,sender -> receiver,0,True,1785393322331.0,-110.0,0.0,False
0d27f5e8-0849-5e58-956a-5c5e3ac37f4a,1785393322447,sender -> receiver,0,True,1785393322359.0,-88.0,0.0,False
671017f9-f90d-5ada-8f9a-15fa533a4754,1785393322453,sender -> receiver,0,True,1785393322383.0,-70.0,0.0,False
291207fa-7c00-569f-addd-b82a1b719b91,1785393322481,sender -> receiver,0,True,1785393322401.0,-80.0,0.0,False
edf4b819-d57d-5ed8-b7bd-68ff237c0fe0,1785393322488,sender -> receiver,0,True,1785393322464.0,-24.0,0.0,False
24096f97-5a6d-571c-99e8-240a95b25abf,1785393323436,sender -> receiver,0,True,1785393323253.0,-183.0,0.0,False
416492e2-8d2e-55b3-9460-06c78984221e,1785393323440,sender -> receiver,0,True,1785393323322.0,-118.0,0.0,False
4620015a-5fd6-5c4f-a746-cbd70f915a5d,1785393323444,sender -> receiver,0,True,1785393323347.0,-97.0,0.0,False
d94831fe-6aa5-5ecd-ac93-b0e35cdc0f83,1785393323447,sender -> receiver,0,True,1785393323369.0,-78.0,0.0,False
3416005e-e478-5ff6-a8d2-d750c20a35e0,1785393323451,sender -> receiver,0,True,1785393323425.0,-26.0,0.0,False
24187690-2d33-53a6-8965-7f5d8fd6161f,1785393323491,sender -> receiver,0,True,1785393323448.0,-43.0,0.0,False
8382d170-68a9-5871-b469-a7020b986c3a,1785393323495,sender -> receiver,0,True,1785393323469.0,-26.0,0.0,False
789220bb-4b13-5f7d-92cf-9a1c947a40fe,1785393324440,sender -> receiver,0,True,1785393324241.0,-199.0,0.0,False
1503d8cd-492b-5ed9-b938-7dff02908de1,1785393324445,sender -> receiver,0,True,1785393324261.0,-184.0,0.0,False
cf17cc1a-7712-51d6-8cb7-282b88ac1848,1785393324450,sender -> receiver,0,True,1785393324332.0,-118.0,0.0,False
547c24b9-31fa-5c0c-8ad6-6d352df78d9b,1785393324453,sender -> receiver,0,True,1785393324389.0,-64.0,0.0,False
43f2332c-7d9b-5a58-a04a-004913270efd,1785393324457,sender -> receiver,0,True,1785393324408.0,-49.0,0.0,False
c6990a63-8c79-5de2-9124-0eb7742c300f,1785393324460,sender -> receiver,0,True,1785393324426.0,-34.0,0.0,False
9f96297f-33ed-5e9c-9474-97768699978d,1785393324498,sender -> receiver,0,True,1785393324443.0,-55.0,0.0,False
15af6c79-9aad-5ebc-8791-03eef36066ad,1785393325482,sender -> receiver,0,True,1785393325293.0,-189.0,0.0,False
5d8c512a-18be-5aff-91d6-87e891d7b704,1785393325486,sender -> receiver,0,True,1785393325377.0,-109.0,0.0,False
b4d6c786-e161-5f81-a995-4678c548e8ba,1785393325490,sender -> receiver,0,True,1785393325397.0,-93.0,0.0,False
a5174fb7-33d7-5564-97f7-c882420ba01f,1785393325494,sender -> receiver,0,True,1785393325413.0,-81.0,0.0,False
f4d84d13-7110-5293-a031-42bb476143d9,1785393325528,sender -> receiver,0,True,1785393325430.0,-98.0,0.0,False
56b7c10c-39e3-57dc-83fa-f64542052feb,1785393325532,sender -> receiver,0,True,1785393325469.0,-63.0,0.0,False
4343b6b9-60fc-532d-b9b7-652aa3d1fea8,1785393325535,sender -> receiver,0,True,1785393325489.0,-46.0,0.0,False
e75345af-33d5-50d3-ae8b-ce0ead0935a7,1785393326449,sender -> receiver,0,True,1785393326280.0,-169.0,0.0,False
8e5ca7ac-cec4-5621-85c4-058e4878ec5d,1785393326480,sender -> receiver,0,True,1785393326312.0,-168.0,0.0,False
dc83058f-3f09-543e-8415-1351cc559df6,1785393326496,sender -> receiver,0,True,1785393326340.0,-156.0,0.0,False
3e239d28-faaf-589d-af0b-3e9ac38eba4c,1785393326500,sender -> receiver,0,True,1785393326359.0,-141.0,0.0,False
3bd805a6-b316-5259-a935-d257e359c6e3,1785393326504,sender -> receiver,0,True,1785393326377.0,-127.0,0.0,False
2ef4fd17-4cc1-5a03-bde0-85adffbe3b65,1785393326509,sender -> receiver,0,True,1785393326414.0,-95.0,0.0,False
dd7cfec5-9859-53aa-b8d8-e3f9eff320ed,1785393326550,sender -> receiver,0,True,1785393326435.0,-115.0,0.0,False
f8b171b1-30c3-5cc7-b66c-622d1873f4ae,1785393327424,sender -> receiver,0,True,1785393327275.0,-149.0,0.0,False
1287817c-3ffd-572e-a81b-a2fad2f16739,1785393327452,sender -> receiver,0,True,1785393327305.0,-147.0,0.0,False
80bce565-35a6-5a6e-8219-d4da9b8501cd,1785393327459,sender -> receiver,0,True,1785393327326.0,-133.0,0.0,False
cefb169c-3a02-59ee-923c-88589065479c,1785393327465,sender -> receiver,0,True,1785393327348.0,-117.0,0.0,False
64faed39-b500-5eca-8009-2b16f31bb449,1785393327470,sender -> receiver,0,True,1785393327404.0,-66.0,0.0,False
ed40659a-e9ad-5269-9bc7-808a57ba224a,1785393327513,sender -> receiver,0,True,1785393327423.0,-90.0,0.0,False
7c8ec5d2-e777-5727-9356-0e50168a9100,1785393327517,sender -> receiver,0,True,1785393327442.0,-75.0,0.0,False
3a69d2e9-ae24-5431-957b-1eee2a369cb0,1785393328436,sender -> receiver,0,True,1785393328291.0,-145.0,0.0,False
a0e07b56-004e-5b2f-a22c-3973505a9942,1785393328441,sender -> receiver,0,True,1785393328352.0,-89.0,0.0,False
ecd470ed-907e-5c5c-9bbd-36885d54700f,1785393328447,sender -> receiver,0,True,1785393328381.0,-66.0,0.0,False
bbcef89c-76ae-572c-b24c-5e8d192bdfb6,1785393328452,sender -> receiver,0,True,1785393328431.0,-21.0,0.0,False
2707a68d-ee54-51c2-87ce-5f893ffaf750,1785393328485,sender -> receiver,0,True,1785393328447.0,-38.0,0.0,False
b3842c87-483f-5520-810d-b159f62bb15c,1785393328490,sender -> receiver,0,True,1785393328464.0,-26.0,0.0,False
7f79195c-00ca-52c4-bbf8-832cd55255b4,1785393328494,sender -> receiver,0,True,1785393328481.0,-13.0,0.0,False
58038640-dd3a-5af9-abdb-f2808dd1c51c,1785393328499,sender -> receiver,0,True,1785393328499.0,0.0,0.0,False
52bd7f9c-b5bd-51b1-abf5-cbe0038799e4,1785393329443,sender -> receiver,0,True,1785393329294.0,-149.0,0.0,False
d826eb25-4869-5875-b7c4-a2d7e16630dd,1785393329448,sender -> receiver,0,True,1785393329313.0,-135.0,0.0,False
423dc0db-5cfe-573f-8338-fb96087de890,1785393329453,sender -> receiver,0,True,1785393329347.0,-106.0,0.0,False
1ae4e7e5-1be9-5d51-9207-b563f0a6d89c,1785393329457,sender -> receiver,0,True,1785393329369.0,-88.0,0.0,False
0e072b91-d50d-50ad-9148-a75e60acae33,1785393329461,sender -> receiver,0,True,1785393329388.0,-73.0,0.0,False
30b54e14-e4e4-57d9-9a11-5e988a03fb90,1785393329465,sender -> receiver,0,True,1785393329426.0,-39.0,0.0,False
6d781090-0412-53df-8916-fdfe7a71f486,1785393329510,sender -> receiver,0,True,1785393329451.0,-59.0,0.0,False
6fe667c1-e1c8-5dbc-a35a-fb5abb93e40a,1785393330479,sender -> receiver,0,True,1785393330321.0,-158.0,0.0,False
6b425179-0df6-559f-bfc0-a55509485e25,1785393330483,sender -> receiver,0,True,1785393330346.0,-137.0,0.0,False
08a39746-8b56-5d16-9b12-d3fd7b3d77f7,1785393330487,sender -> receiver,0,True,1785393330366.0,-121.0,0.0,False
2a3d557c-cc77-5ac4-b8c7-bdf04bc5bbf1,1785393330490,sender -> receiver,0,True,1785393330383.0,-107.0,0.0,False
a3180f23-11f5-5572-b990-165f07b3175c,1785393330494,sender -> receiver,0,True,1785393330427.0,-67.0,0.0,False
70b6e8b9-c63a-585e-a2b1-84ed7f98c3ed,1785393330499,sender -> receiver,0,True,1785393330447.0,-52.0,0.0,False
499ef92a-c358-5759-a3ea-d8b9b88e29a8,1785393330537,sender -> receiver,0,True,1785393330465.0,-72.0,0.0,False
ac685841-1872-5fe2-a299-9c7615d434c2,1785393331407,sender -> receiver,0,True,1785393331215.0,-192.0,0.0,False
35b04015-c0bc-576a-b214-f051b59b4eed,1785393331433,sender -> receiver,0,True,1785393331296.0,-137.0,0.0,False
b57d5757-5381-53b4-bf41-c04a8f4cefbd,1785393331438,sender -> receiver,0,True,1785393331318.0,-120.0,0.0,False
4d17cff2-ada5-5e1d-b3b7-e029b8b4075f,1785393331442,sender -> receiver,0,True,1785393331337.0,-105.0,0.0,False
1ee9cea9-370b-5b2a-8ebd-54b253186711,1785393331463,sender -> receiver,0,True,1785393331357.0,-106.0,0.0,False
a36dbddc-3fa5-5f8b-ab00-1bb684fed995,1785393331468,sender -> receiver,0,True,1785393331376.0,-92.0,0.0,False
8388752a-b07e-5ab4-9b25-e3dfea1a4b70,1785393331471,sender -> receiver,0,True,1785393331416.0,-55.0,0.0,False
d3165250-8014-5748-91c4-6ce728935efb,1785393332430,sender -> receiver,0,True,1785393332276.0,-154.0,0.0,False
1fc3bab9-0d20-5c7e-ad14-d8ea729a00c0,1785393332435,sender -> receiver,0,True,1785393332290.0,-145.0,0.0,False
8d2129fb-0194-58b5-b447-21bda9e90467,1785393332439,sender -> receiver,0,True,1785393332300.0,-139.0,0.0,False
69837cea-55b0-51fe-8318-fd37f53ed03d,1785393332479,sender -> receiver,0,True,1785393332342.0,-137.0,0.0,False
d29a6049-1d87-5160-9de5-5af7eebcceab,1785393332483,sender -> receiver,0,True,1785393332359.0,-124.0,0.0,False
675fbec8-5ca2-5d46-b1cf-af8fc0d127af,1785393332487,sender -> receiver,0,True,1785393332395.0,-92.0,0.0,False
00b2501f-454f-522b-a6e3-5e750258fd73,1785393332492,sender -> receiver,0,True,1785393332416.0,-76.0,0.0,False
c399851f-0a59-521a-a295-8b3592c7cb84,1785393333446,sender -> receiver,0,True,1785393333288.0,-158.0,0.0,False
a8511835-91fb-5cc9-8ae2-803424dc8f76,1785393333453,sender -> receiver,0,True,1785393333299.0,-154.0,0.0,False
a714e65c-1cb8-5438-8d91-ddf4a1db61c5,1785393333463,sender -> receiver,0,True,1785393333335.0,-128.0,0.0,False
d55e477f-ddac-5643-a48b-40a08e1d38d6,1785393333502,sender -> receiver,0,True,1785393333355.0,-147.0,0.0,False
5758740b-c4d0-5147-a8b2-9ae5f7427477,1785393333506,sender -> receiver,0,True,1785393333481.0,-25.0,0.0,False
f9f83c6c-8e4a-5c57-9441-ee895a6efdae,1785393333511,sender -> receiver,0,True,1785393333497.0,-14.0,0.0,False
84e68057-f612-5e06-98e9-4dd1064bf8f0,1785393333515,sender -> receiver,0,True,1785393333514.0,-1.0,0.0,False
00ad7523-7c41-5130-b79e-115f4c374008,1785393334427,sender -> receiver,0,True,1785393334231.0,-196.0,0.0,False
c5625cd4-be50-51dc-8d33-daed6e6eabae,1785393334458,sender -> receiver,0,True,1785393334256.0,-202.0,0.0,False
db02fe8b-5c6c-55ac-8991-bd8343a6124b,1785393334466,sender -> receiver,0,True,1785393334301.0,-165.0,0.0,False
13e66119-cefc-57fd-b2a9-c58f924137c7,1785393334471,sender -> receiver,0,True,1785393334322.0,-149.0,0.0,False
fb075d84-3d7e-5317-b8e0-b2b14eae2744,1785393334475,sender -> receiver,0,True,1785393334344.0,-131.0,0.0,False
9f031f0e-3ca3-5b09-a6b4-6d088c2c1f8a,1785393334479,sender -> receiver,0,True,1785393334361.0,-118.0,0.0,False
5037636f-1d02-5be8-a040-d5e0d67e2589,1785393334484,sender -> receiver,0,True,1785393334378.0,-106.0,0.0,False
b2075107-32d6-50a8-bc75-078b47e60e6e,1785393377177,sender -> receiver,0,True,1785393376995.0,-182.0,0.0,False
56129f86-907f-5b1b-a131-993e272d18a6,1785393377180,sender -> receiver,0,True,1785393377022.0,-158.0,0.0,False
77e2ee57-f49f-5af9-82a3-49cc2fe8d54a,1785393377183,sender -> receiver,0,True,1785393377040.0,-143.0,0.0,False
dc3cf40a-f019-5f59-994b-53398948d8d7,1785393377207,sender -> receiver,0,True,1785393377060.0,-147.0,0.0,False
e1b8cfcc-9fe6-54fe-95a6-c837f0d15ff5,1785393377212,sender -> receiver,0,True,1785393377111.0,-101.0,0.0,False
676092b5-750f-55e8-be6f-8a7a917c4944,1785393378178,sender -> receiver,0,True,1785393377991.0,-187.0,0.0,False
aa359705-9311-581e-8e34-2c12e0464dcc,1785393378182,sender -> receiver,0,True,1785393378027.0,-155.0,0.0,False
c070c2f4-5683-5ad8-a8ba-0695909df8a9,1785393378186,sender -> receiver,0,True,1785393378052.0,-134.0,0.0,False
df8bf2c5-3911-5a10-b154-e8c3610e8879,1785393378189,sender -> receiver,0,True,1785393378120.0,-69.0,0.0,False
81bf3c36-7230-5d71-8dff-7a4f127e53ed,1785393379161,sender -> receiver,0,True,1785393378985.0,-176.0,0.0,False
0a2e2d7b-1b69-5837-8f12-c9ebf1474769,1785393379165,sender -> receiver,0,True,1785393379007.0,-158.0,0.0,False
d780a0e3-0ab6-57b7-acff-add66fa9ce08,1785393379169,sender -> receiver,0,True,1785393379047.0,-122.0,0.0,False
6b6d7a75-09ce-56f4-86cb-d2efd2742cbc,1785393379173,sender -> receiver,0,True,1785393379064.0,-109.0,0.0,False
7b666865-81c8-5008-a7fa-37a4ceae9b91,1785393380163,sender -> receiver,0,True,1785393380021.0,-142.0,0.0,False
644d2e2b-e69c-5628-9fd5-96ee52616314,1785393380168,sender -> receiver,0,True,1785393380042.0,-126.0,0.0,False
7a4a4a28-b3d2-5dec-93e4-90735c0b31e8,1785393380173,sender -> receiver,0,True,1785393380061.0,-112.0,0.0,False
2ae9ed82-67f9-58b6-b2f5-fdcb9f71ffbd,1785393380178,sender -> receiver,0,True,1785393380114.0,-64.0,0.0,False
39eaacbf-5d4d-5f8b-9ec0-37551fe543bc,1785393381161,sender -> receiver,0,True,1785393381048.0,-113.0,0.0,False
ba3202ec-14e1-50f5-bc97-040470846964,1785393381165,sender -> receiver,0,True,1785393381083.0,-82.0,0.0,False
1c7b2f9b-7b4a-5437-801b-24cea12f0014,1785393381169,sender -> receiver,0,True,1785393381107.0,-62.0,0.0,False
d39c5464-1e9c-5b00-b565-10e37527a814,1785393381174,sender -> receiver,0,True,1785393381130.0,-44.0,0.0,False
ac07947b-1374-5844-ad5a-47de458c18fa,1785393382164,sender -> receiver,0,True,1785393382043.0,-121.0,0.0,False
5de14f08-fc1a-52f5-9166-f2d6f998280a,1785393382168,sender -> receiver,0,True,1785393382075.0,-93.0,0.0,False
435b5c58-3b3c-5eeb-bd08-9248c7f1c7cf,1785393382172,sender -> receiver,0,True,1785393382099.0,-73.0,0.0,False
21b7a39b-41bf-58dd-ba2b-5bd37dc3c8e2,1785393382196,sender -> receiver,0,True,1785393382157.0,-39.0,0.0,False
88400891-a58c-5a01-b8ef-ffe7e3ffd75d,1785393383194,sender -> receiver,0,True,1785393383076.0,-118.0,0.0,False
c9bfabf4-e5f4-5087-8a93-a3e776d10c22,1785393383197,sender -> receiver,0,True,1785393383154.0,-43.0,0.0,False
571b7294-73d9-5875-a1df-78b10012134b,1785393383201,sender -> receiver,0,True,1785393383174.0,-27.0,0.0,False
07206102-379d-5715-a69b-c0d6f86fd1f0,1785393383225,sender -> receiver,0,True,1785393383196.0,-29.0,0.0,False
42f79469-7aac-5864-9683-3837b294903a,1785393383229,sender -> receiver,0,True,1785393383214.0,-15.0,0.0,False
06ab6830-2e1c-5cb6-9f70-f7e8fd42b506,1785393384155,sender -> receiver,0,True,1785393383977.0,-178.0,0.0,False
8620a6ee-378f-5a9a-8384-0cbbdf7f9530,1785393384158,sender -> receiver,0,True,1785393384010.0,-148.0,0.0,False
8dfd495f-e0c6-5d41-af8c-70f30848939d,1785393384162,sender -> receiver,0,True,1785393384031.0,-131.0,0.0,False
5c1730ee-a0d0-5ee4-ac47-f8bde7182554,1785393384165,sender -> receiver,0,True,1785393384051.0,-114.0,0.0,False
8ec8dd1e-7988-5a8e-9eff-54c1295bc8a0,1785393385193,sender -> receiver,0,True,1785393385119.0,-74.0,0.0,False
d1153b9b-1298-5c69-a7cb-679137cf3616,1785393385197,sender -> receiver,0,True,1785393385141.0,-56.0,0.0,False
e1aca24b-c480-5f70-af77-f7b31aba6ae6,1785393385200,sender -> receiver,0,True,1785393385159.0,-41.0,0.0,False
c2f99098-a6fb-5c4d-bae0-ce0e85a4ea6c,1785393385204,sender -> receiver,0,True,1785393385177.0,-27.0,0.0,False
26bba733-0732-5204-9192-99211d835599,1785393386162,sender -> receiver,0,True,1785393386001.0,-161.0,0.0,False
18437c76-c4e8-5ece-a568-14a0018c5ee7,1785393386166,sender -> receiver,0,True,1785393386029.0,-137.0,0.0,False
34876c3b-d867-5a98-b10f-c791628b4091,1785393386170,sender -> receiver,0,True,1785393386052.0,-118.0,0.0,False
6222fd27-6787-5e95-bd79-632c667d98f9,1785393386174,sender -> receiver,0,True,1785393386105.0,-69.0,0.0,False
cb25dff4-6ce9-5ce9-95af-5305f47485ce,1785393387196,sender -> receiver,0,True,1785393387108.0,-88.0,0.0,False
01d86589-f79a-5654-a087-78788504e765,1785393387200,sender -> receiver,0,True,1785393387194.0,-6.0,0.0,False
75ac96fc-ce4a-5141-ab05-7e70e34b8ce6,1785393387205,sender -> receiver,0,True,1785393387215.0,10.0,0.0,False
bcaffd6a-8db5-5ee9-bd83-3a064556211e,1785393387208,sender -> receiver,0,True,1785393387232.0,24.0,0.0,False
39785b3c-ad00-581d-9d21-cc2e622d0769,1785393388158,sender -> receiver,0,True,1785393387981.0,-177.0,0.0,False
9d8513fb-c25b-5ece-8dea-6c130d88d3d6,1785393388162,sender -> receiver,0,True,1785393388009.0,-153.0,0.0,False
a967ad7c-6b60-5323-bbfc-a787e1260247,1785393388185,sender -> receiver,0,True,1785393388032.0,-153.0,0.0,False
736eca7d-39f0-509f-b078-4b1988a6caa8,1785393388190,sender -> receiver,0,True,1785393388087.0,-103.0,0.0,False
a8740c2c-37e9-53ea-a287-0180c3bddf7a,1785393389174,sender -> receiver,0,True,1785393389022.0,-152.0,0.0,False
a34be519-587d-58cf-995f-1b94d4f46d8e,1785393389179,sender -> receiver,0,True,1785393389064.0,-115.0,0.0,False
231a8f33-1747-5275-a1ef-ec8fffdf007b,1785393389184,sender -> receiver,0,True,1785393389121.0,-63.0,0.0,False
c7461d6d-af13-5c53-8f7c-e2ee98362989,1785393389212,sender -> receiver,0,True,1785393389145.0,-67.0,0.0,False
1227f3d6-8c10-574d-97ad-4b8fb396d44b,1785393389217,sender -> receiver,0,True,1785393389164.0,-53.0,0.0,False
60b21d8c-26b6-5cb6-9189-8f614979df77,1785393390163,sender -> receiver,0,True,1785393390013.0,-150.0,0.0,False
ce13a7b0-dcea-593e-97c8-8adcef1534ba,1785393390167,sender -> receiver,0,True,1785393390048.0,-119.0,0.0,False
32865ab7-f66f-5c78-99d8-546bb70c7553,1785393390187,sender -> receiver,0,True,1785393390075.0,-112.0,0.0,False
29ddf08c-7665-5512-b0cd-0b24eaf80397,1785393390192,sender -> receiver,0,True,1785393390124.0,-68.0,0.0,False
19a1152d-6d9d-5157-b24f-fe1a44c55a10,1785393391180,sender -> receiver,0,True,1785393391023.0,-157.0,0.0,False
61f1bd52-8bec-5193-aa95-fa6b74717e3b,1785393391185,sender -> receiver,0,True,1785393391048.0,-137.0,0.0,False
37e025a0-bd0a-50a3-ad31-22a7f82c46a8,1785393391190,sender -> receiver,0,True,1785393391066.0,-124.0,0.0,False
c66426a1-138c-5807-b6e5-5e2eb25cfb91,1785393391195,sender -> receiver,0,True,1785393391121.0,-74.0,0.0,False
25c402da-1aa1-5cc8-8ecf-0aae198d927a,1785393392164,sender -> receiver,0,True,1785393391984.0,-180.0,0.0,False
786e12fd-63a6-5993-bf9e-3d44679a6d76,1785393392168,sender -> receiver,0,True,1785393392039.0,-129.0,0.0,False
783dd429-babc-53b5-8d49-af69541514af,1785393392172,sender -> receiver,0,True,1785393392058.0,-114.0,0.0,False
3ce4121b-ee3e-5ea6-b626-5d95b9b1acf0,1785393392176,sender -> receiver,0,True,1785393392078.0,-98.0,0.0,False
79eaf40b-5580-5fa8-b399-f0053fbdabcc,1785393393191,sender -> receiver,0,True,1785393393057.0,-134.0,0.0,False
6ad97ddc-3b08-5e05-9046-897a7d577014,1785393393195,sender -> receiver,0,True,1785393393078.0,-117.0,0.0,False
e018a1bc-3755-54c9-b488-f16eb8e29bbf,1785393393198,sender -> receiver,0,True,1785393393096.0,-102.0,0.0,False
4e1d815e-312e-5415-94f6-c9d66a10058c,1785393393203,sender -> receiver,0,True,1785393393114.0,-89.0,0.0,False
f60a4d8d-1792-54af-9511-add5c3f39967,1785393394162,sender -> receiver,0,True,1785393394018.0,-144.0,0.0,False
5e1a704e-315f-58ed-8234-ed3ab1ea6b5a,1785393394166,sender -> receiver,0,True,1785393394034.0,-132.0,0.0,False
cd6392c5-586a-56da-ba89-4924b615b7fb,1785393394170,sender -> receiver,0,True,1785393394046.0,-124.0,0.0,False
4c9cf8d7-1cae-5139-a25f-8b4e5b4b2269,1785393394175,sender -> receiver,0,True,1785393394067.0,-108.0,0.0,False
5d03a827-c7a4-5c37-b736-257d6172e512,1785393395170,sender -> receiver,0,True,1785393395001.0,-169.0,0.0,False
3e5bdfa5-b4c2-530e-ac49-545b08add21b,1785393395176,sender -> receiver,0,True,1785393395029.0,-147.0,0.0,False
4fb0c370-3568-5511-9479-84b3dc5fcc3b,1785393395181,sender -> receiver,0,True,1785393395052.0,-129.0,0.0,False
dc89f781-af7a-5ae4-bbfe-ba636c31d8e4,1785393395187,sender -> receiver,0,True,1785393395111.0,-76.0,0.0,False
f348d472-b396-532e-9706-a038f6f69e91,1785393395217,sender -> receiver,0,True,1785393395130.0,-87.0,0.0,False
ec485401-9697-5ae2-8f05-6f81071c44e4,1785393396163,sender -> receiver,0,True,1785393396036.0,-127.0,0.0,False
6d8fe21b-43b3-5aa4-9ca8-5419936344a5,1785393396167,sender -> receiver,0,True,1785393396069.0,-98.0,0.0,False
6f02cff2-1688-5808-83b0-9e7290858201,1785393396190,sender -> receiver,0,True,1785393396138.0,-52.0,0.0,False
4f4b3118-a0a3-5f44-9969-f0a322997eb0,1785393396195,sender -> receiver,0,True,1785393396162.0,-33.0,0.0,False
f6e49478-d165-5390-b306-9c955a81b2dd,1785393397160,sender -> receiver,0,True,1785393397032.0,-128.0,0.0,False
e132bffc-c554-5987-836d-cc7b2ab3fda0,1785393397163,sender -> receiver,0,True,1785393397065.0,-98.0,0.0,False
69c0f405-ecab-5957-9ab4-b516720c6881,1785393397184,sender -> receiver,0,True,1785393397086.0,-98.0,0.0,False
3ddead2b-0adb-59b4-943e-e82885ef9b27,1785393397189,sender -> receiver,0,True,1785393397105.0,-84.0,0.0,False
699942bd-b3c8-5ab0-8683-44b52512f748,1785393398167,sender -> receiver,0,True,1785393398060.0,-107.0,0.0,False
f3514a6d-ec59-5654-bab4-5939c27981ca,1785393398171,sender -> receiver,0,True,1785393398079.0,-92.0,0.0,False
1c4695e5-815a-5a75-a25b-f2065a28c9e5,1785393398177,sender -> receiver,0,True,1785393398100.0,-77.0,0.0,False
76e224ab-0964-572f-a6bb-470230fc8d12,1785393398201,sender -> receiver,0,True,1785393398120.0,-81.0,0.0,False
f38222bb-f8a2-57bd-b04a-d36a0914cb93,1785393399167,sender -> receiver,0,True,1785393399007.0,-160.0,0.0,False
f3ce397c-caa3-5a58-910a-6fb60e3f0a39,1785393399171,sender -> receiver,0,True,1785393399035.0,-136.0,0.0,False
a602b163-a9ac-57d4-a6b1-f019c9c8210e,1785393399177,sender -> receiver,0,True,1785393399057.0,-120.0,0.0,False
388a9c49-e097-5898-84a4-afbc61bb453b,1785393399205,sender -> receiver,0,True,1785393399113.0,-92.0,0.0,False
b7251f01-31b1-5adb-9908-9c14d0a5753b,1785393400166,sender -> receiver,0,True,1785393400043.0,-123.0,0.0,False
6e8b5372-055c-5ac2-9734-d226c5fa1b31,1785393400169,sender -> receiver,0,True,1785393400067.0,-102.0,0.0,False
03cafee2-6856-54b1-92f0-d1b5ce84a383,1785393400174,sender -> receiver,0,True,1785393400089.0,-85.0,0.0,False
e1a7e206-1130-5559-8745-193253eff5e9,1785393400196,sender -> receiver,0,True,1785393400145.0,-51.0,0.0,False
15e3525d-b6c7-5d36-a09e-456420425980,1785393442920,sender -> receiver,0,True,1785393442718.0,-202.0,0.0,False
174baa5e-2763-51af-8293-d48efd839fd1,1785393442942,sender -> receiver,0,True,1785393442742.0,-200.0,0.0,False
b6e1f8ca-27e0-5f17-b50d-c7cbc2a88e6d,1785393442949,sender -> receiver,0,True,1785393442817.0,-132.0,0.0,False
ec78b6ea-3ec3-5839-97ee-35d2bb0790d6,1785393442993,sender -> receiver,0,True,1785393442844.0,-149.0,0.0,False
09b62d71-5d24-5444-a336-852dcd531381,1785393442997,sender -> receiver,0,True,1785393442866.0,-131.0,0.0,False
2efb9798-b4df-5f8a-a85f-6318f5f031d2,1785393443944,sender -> receiver,0,True,1785393443825.0,-119.0,0.0,False
796641d7-04f1-5ee3-95c0-a19fd72a682f,1785393443948,sender -> receiver,0,True,1785393443859.0,-89.0,0.0,False
d3be2439-06cc-5c2c-ba46-3f2cf9eaeb89,1785393443953,sender -> receiver,0,True,1785393443880.0,-73.0,0.0,False
37a3ea8b-f426-5b7c-9958-b261694dfacf,1785393443956,sender -> receiver,0,True,1785393443901.0,-55.0,0.0,False
d2a66b2b-3693-55a5-8edf-3543a87bbb29,1785393444933,sender -> receiver,0,True,1785393444771.0,-162.0,0.0,False
62a5a70e-2244-566a-9145-dc9b12fed057,1785393444939,sender -> receiver,0,True,1785393444805.0,-134.0,0.0,False
6653d811-a28e-5dce-8af7-86d1b4b51dfc,1785393444943,sender -> receiver,0,True,1785393444827.0,-116.0,0.0,False
bc4aaad2-bcfe-5089-97fa-9fd2c3ececaa,1785393444947,sender -> receiver,0,True,1785393444847.0,-100.0,0.0,False
f52045c6-4274-585c-9b6b-bcd72e7f25be,1785393444985,sender -> receiver,0,True,1785393444890.0,-95.0,0.0,False
9b0435df-9298-5f35-9899-785f4506a7ab,1785393445922,sender -> receiver,0,True,1785393445805.0,-117.0,0.0,False
221e6608-fc64-56d3-b290-96c0ac165cf7,1785393445948,sender -> receiver,0,True,1785393445839.0,-109.0,0.0,False
f94216bd-d212-5fd8-87d4-0a12af270731,1785393445953,sender -> receiver,0,True,1785393445871.0,-82.0,0.0,False
540f06b4-2cee-57f4-8353-5bfafb9dad9c,1785393445958,sender -> receiver,0,True,1785393445891.0,-67.0,0.0,False
031c76ae-579a-5e1e-96b9-77e7395d4fa6,1785393446935,sender -> receiver,0,True,1785393446834.0,-101.0,0.0,False
5fef9728-2251-540c-a900-4e514b44925a,1785393446941,sender -> receiver,0,True,1785393446860.0,-81.0,0.0,False
76441502-c99e-5d33-93a1-a2f39efb765c,1785393446945,sender -> receiver,0,True,1785393446879.0,-66.0,0.0,False
392c87ed-2ef4-5e02-b898-c9654c66d53b,1785393446948,sender -> receiver,0,True,1785393446897.0,-51.0,0.0,False
8f2ba942-e776-572f-867b-1c0de0c0afb9,1785393447940,sender -> receiver,0,True,1785393447786.0,-154.0,0.0,False
f6c5521a-d3f0-51c7-85ec-a022af252297,1785393447945,sender -> receiver,0,True,1785393447857.0,-88.0,0.0,False
cbad0d1a-70fa-5ea4-a742-b4d1af0955ad,1785393447950,sender -> receiver,0,True,1785393447883.0,-67.0,0.0,False
44a30416-f789-590a-a224-8c23073a08d6,1785393447954,sender -> receiver,0,True,1785393447900.0,-54.0,0.0,False
773ea993-1d1e-50f5-af09-db61ab36cb73,1785393447995,sender -> receiver,0,True,1785393447919.0,-76.0,0.0,False
22553d2c-123d-5249-9b2b-ce6e0c0be7c6,1785393448923,sender -> receiver,0,True,1785393448775.0,-148.0,0.0,False
87f366b6-2ec8-577e-8e3c-20bfbfed7f7d,1785393448929,sender -> receiver,0,True,1785393448803.0,-126.0,0.0,False
64981b79-96ec-5f3a-93df-191c36f2ef84,1785393448934,sender -> receiver,0,True,1785393448823.0,-111.0,0.0,False
69bcc2ee-38e8-5739-a70f-63eac77f9e0a,1785393448938,sender -> receiver,0,True,1785393448886.0,-52.0,0.0,False
ecdc3b00-c910-55fc-92ef-e07a55e9b488,1785393449945,sender -> receiver,0,True,1785393449772.0,-173.0,0.0,False
53cabd56-d30f-531e-8726-7e877524bcdf,1785393449952,sender -> receiver,0,True,1785393449805.0,-147.0,0.0,False
1ca1ed5e-e330-54a1-b277-4b918a23c098,1785393449956,sender -> receiver,0,True,1785393449824.0,-132.0,0.0,False
cdcc5806-6fea-5418-8a96-d513fb1f2294,1785393449959,sender -> receiver,0,True,1785393449841.0,-118.0,0.0,False
cbb6a6c3-593d-5985-8cd5-12ed21d5c29d,1785393450936,sender -> receiver,0,True,1785393450759.0,-177.0,0.0,False
cb6abf12-0500-5798-8a23-18fabb75e7f0,1785393450942,sender -> receiver,0,True,1785393450872.0,-70.0,0.0,False
e7b34c96-a2a6-5633-a906-97a6dd026e43,1785393450946,sender -> receiver,0,True,1785393450897.0,-49.0,0.0,False
e855ab2d-0185-5868-b177-e35d054d126d,1785393450985,sender -> receiver,0,True,1785393450918.0,-67.0,0.0,False
3709a015-45e7-5627-a971-65d884fb9f44,1785393450989,sender -> receiver,0,True,1785393450956.0,-33.0,0.0,False
b5f93aaf-179d-5426-92b7-c2440bfcb09a,1785393451942,sender -> receiver,0,True,1785393451790.0,-152.0,0.0,False
fdf502fb-1446-594d-ad20-4664bd12f781,1785393451947,sender -> receiver,0,True,1785393451816.0,-131.0,0.0,False
ac2965ca-b7df-5a49-895f-d63b3dbea887,1785393451951,sender -> receiver,0,True,1785393451846.0,-105.0,0.0,False
841a2c17-0ffb-53e0-b9c7-aa0b6369f681,1785393451954,sender -> receiver,0,True,1785393451866.0,-88.0,0.0,False
ee754edf-ce25-5370-bd7b-3072f7f2e897,1785393452906,sender -> receiver,0,True,1785393452785.0,-121.0,0.0,False
b83b49a1-ba4b-5566-8ffe-1d3642118700,1785393452933,sender -> receiver,0,True,1785393452871.0,-62.0,0.0,False
23368529-baa6-55d4-82cd-fc88db2a8cb6,1785393452938,sender -> receiver,0,True,1785393452891.0,-47.0,0.0,False
cc54a14c-3a48-5ba9-845b-d01229b4742c,1785393452941,sender -> receiver,0,True,1785393452912.0,-29.0,0.0,False
7909b0a5-8a16-5949-94f3-9d472f19d1fa,1785393453933,sender -> receiver,0,True,1785393453775.0,-158.0,0.0,False
e8ca0232-0346-51a9-acaf-684dfbf63cf2,1785393453938,sender -> receiver,0,True,1785393453798.0,-140.0,0.0,False
5ad001d3-7981-52d8-9eec-16aa96e581cf,1785393453945,sender -> receiver,0,True,1785393453819.0,-126.0,0.0,False
a96fb81f-8525-50dd-b0c5-78a23b4044b9,1785393453949,sender -> receiver,0,True,1785393453840.0,-109.0,0.0,False
26312bb7-4735-5cbb-92e4-e0df97b6a087,1785393453953,sender -> receiver,0,True,1785393453901.0,-52.0,0.0,False
ebd9a4c1-7f5f-507f-86bc-8402d2ccaa77,1785393454928,sender -> receiver,0,True,1785393454809.0,-119.0,0.0,False
2cb566c7-88e5-55c8-b473-5a413db5b584,1785393454933,sender -> receiver,0,True,1785393454883.0,-50.0,0.0,False
a7ace93a-5ada-5c8a-902c-5e32fe6a1405,1785393454937,sender -> receiver,0,True,1785393454901.0,-36.0,0.0,False
30cc9f6f-0484-5b43-bed1-a0839a0262c1,1785393454941,sender -> receiver,0,True,1785393454920.0,-21.0,0.0,False
7e357496-afa1-5b7a-ae58-7cc182b1e1ed,1785393455951,sender -> receiver,0,True,1785393455794.0,-157.0,0.0,False
ec30bfa3-1f47-5b01-a510-8bf4d18dbd7e,1785393455955,sender -> receiver,0,True,1785393455838.0,-117.0,0.0,False
6ae33106-ff19-5096-a3cc-39309fbd9fbb,1785393455959,sender -> receiver,0,True,1785393455864.0,-95.0,0.0,False
aea544c9-2ebc-512d-8be5-b993461f1dec,1785393455962,sender -> receiver,0,True,1785393455908.0,-54.0,0.0,False
a7f32b38-e8c9-5d0e-8bdd-b640638d211d,1785393456929,sender -> receiver,0,True,1785393456724.0,-205.0,0.0,False
a3c3cacf-418c-5a6f-9c5d-ed27514d3432,1785393456935,sender -> receiver,0,True,1785393456788.0,-147.0,0.0,False
0ea4ff6d-c36b-5bd1-b0b8-ec0f2ea64361,1785393456940,sender -> receiver,0,True,1785393456812.0,-128.0,0.0,False
e3502662-6b65-557e-aa1f-86285750d54e,1785393456945,sender -> receiver,0,True,1785393456837.0,-108.0,0.0,False
7d3d94f9-6227-5e01-b049-a1a3023d5c91,1785393456991,sender -> receiver,0,True,1785393456856.0,-135.0,0.0,False
e518d555-28fd-50d7-aea5-d50daa37c039,1785393457925,sender -> receiver,0,True,1785393457777.0,-148.0,0.0,False
f2c88413-63f6-5aa9-9d96-d7f965f1def4,1785393457930,sender -> receiver,0,True,1785393457807.0,-123.0,0.0,False
7085467d-d6f9-5aeb-a771-a7d0659e58d4,1785393457934,sender -> receiver,0,True,1785393457828.0,-106.0,0.0,False
32cb57e4-f3fe-5046-9bc6-b6c443a4dcec,1785393457937,sender -> receiver,0,True,1785393457884.0,-53.0,0.0,False
60454ef3-10f6-57c2-8e32-739d2e94c1c4,1785393458937,sender -> receiver,0,True,1785393458765.0,-172.0,0.0,False
41831e77-d204-5199-8a51-b5626b0d2499,1785393458971,sender -> receiver,0,True,1785393458793.0,-178.0,0.0,False
3027b72b-0d88-5366-96d0-c26d44428c0d,1785393458976,sender -> receiver,0,True,1785393458850.0,-126.0,0.0,False
db603a11-5fdb-5495-845c-0042ea6f5969,1785393458980,sender -> receiver,0,True,1785393458871.0,-109.0,0.0,False
33dce364-b1c0-51d3-a10b-02d3aef741ac,1785393459924,sender -> receiver,0,True,1785393459801.0,-123.0,0.0,False
83302298-6eb8-5815-932b-de91c716bde3,1785393459950,sender -> receiver,0,True,1785393459834.0,-116.0,0.0,False
e37f6d32-d7d7-578d-a4f0-1743eee30bbb,1785393459955,sender -> receiver,0,True,1785393459866.0,-89.0,0.0,False
2dc0ccdd-7477-50e8-983b-4b1e162e3e80,1785393459959,sender -> receiver,0,True,1785393459885.0,-74.0,0.0,False
81ddadf4-10ca-5de1-8822-887e0aa9386e,1785393459963,sender -> receiver,0,True,1785393459909.0,-54.0,0.0,False
6ad0e4a4-aa4c-5ae4-be48-e62e9f459498,1785393460931,sender -> receiver,0,True,1785393460787.0,-144.0,0.0,False
db8d0b2c-077e-51eb-8dc7-85321b9b5857,1785393460937,sender -> receiver,0,True,1785393460834.0,-103.0,0.0,False
b473828a-29c2-53a8-8b2c-d5e7a218fd33,1785393460942,sender -> receiver,0,True,1785393460864.0,-78.0,0.0,False
5949f412-9248-59f2-8a35-a54ffd793845,1785393460946,sender -> receiver,0,True,1785393460911.0,-35.0,0.0,False
8fcc2e0c-a86c-51d8-b490-a12a2fef1530,1785393461933,sender -> receiver,0,True,1785393461786.0,-147.0,0.0,False
33ce06cb-3af0-5d26-bfb3-c4c05f93cdda,1785393461963,sender -> receiver,0,True,1785393461820.0,-143.0,0.0,False
3098671c-80aa-5ba1-8fee-7ef0bfd0553e,1785393461968,sender -> receiver,0,True,1785393461849.0,-119.0,0.0,False
58de9466-9d4a-54ca-aed4-5ecdaa658800,1785393461974,sender -> receiver,0,True,1785393461893.0,-81.0,0.0,False
351b9f76-5ceb-5013-9a28-90898d454612,1785393462937,sender -> receiver,0,True,1785393462818.0,-119.0,0.0,False
3acc5465-cc09-5126-9211-6a142a6741ac,1785393462945,sender -> receiver,0,True,1785393462848.0,-97.0,0.0,False
1b2a95c3-69cd-5abd-882d-e228b4a48a7b,1785393462954,sender -> receiver,0,True,1785393462871.0,-83.0,0.0,False
5bb7be5f-8d33-5b94-98e5-23c08b725d54,1785393462958,sender -> receiver,0,True,1785393462930.0,-28.0,0.0,False
58c9639b-664f-5f1a-a14d-78055f62a296,1785393462961,sender -> receiver,0,True,1785393462952.0,-9.0,0.0,False
ee97ac14-641c-5f50-acc0-0e06bbe71b1d,1785393463955,sender -> receiver,0,True,1785393463809.0,-146.0,0.0,False
8503ba58-5e05-5ef5-aec5-06d09d82754d,1785393463988,sender -> receiver,0,True,1785393463849.0,-139.0,0.0,False
f28ef302-1a51-5421-99df-7dfb9c6fd33a,1785393463993,sender -> receiver,0,True,1785393463899.0,-94.0,0.0,False
76fc0be3-1071-5162-b0c6-b24670bd6f26,1785393463998,sender -> receiver,0,True,1785393463924.0,-74.0,0.0,False
f00f6ba0-e2a2-56d4-bbaa-1ef5f9d24bd9,1785393464922,sender -> receiver,0,True,1785393464751.0,-171.0,0.0,False
8e51024b-4059-5d09-ab50-921e2ba88822,1785393464927,sender -> receiver,0,True,1785393464780.0,-147.0,0.0,False
c586243d-72b8-5757-bf83-6bc64f92a1e8,1785393464931,sender -> receiver,0,True,1785393464803.0,-128.0,0.0,False
2c6dae90-9221-5068-b69b-71da2f934768,1785393464936,sender -> receiver,0,True,1785393464863.0,-73.0,0.0,False
496e25c0-3e8d-50bb-bcab-185ddde9818e,1785393506147,sender -> receiver,0,True,1785393505968.0,-179.0,0.0,False
46610cd5-4cbd-55f6-9024-1c1db9d08628,1785393506175,sender -> receiver,0,True,1785393505991.0,-184.0,0.0,False
28965622-4596-56e0-91b9-6774011d9d1a,1785393506180,sender -> receiver,0,True,1785393506032.0,-148.0,0.0,False
8fd96884-4b43-559b-bf03-078075b9e100,1785393506185,sender -> receiver,0,True,1785393506066.0,-119.0,0.0,False
183b0cc5-83c8-506d-a159-83bcc384ced0,1785393507137,sender -> receiver,0,True,1785393506962.0,-175.0,0.0,False
5e2dd512-875c-5099-961b-c1c9e783a9e1,1785393507141,sender -> receiver,0,True,1785393507004.0,-137.0,0.0,False
20f59194-83f9-502f-8fa5-d1e29289f96b,1785393507176,sender -> receiver,0,True,1785393507025.0,-151.0,0.0,False
d24ed07d-826e-588c-b6d2-f946cbb4c843,1785393507181,sender -> receiver,0,True,1785393507043.0,-138.0,0.0,False
8740a93d-f25e-5498-bbdc-181f69a35c88,1785393508146,sender -> receiver,0,True,1785393507995.0,-151.0,0.0,False
1bf05294-a2f3-5258-bae5-a3d515d90f7e,1785393508149,sender -> receiver,0,True,1785393508023.0,-126.0,0.0,False
120f504a-bdb7-5a6f-bae0-c0ebd8651958,1785393508152,sender -> receiver,0,True,1785393508043.0,-109.0,0.0,False
05faf469-8f4e-5d2d-8df4-feb0724fc752,1785393508155,sender -> receiver,0,True,1785393508066.0,-89.0,0.0,False
4aa09c97-7f7e-5c7a-b7f6-082365073c24,1785393509143,sender -> receiver,0,True,1785393508989.0,-154.0,0.0,False
9380ef80-0066-58c6-aac8-5ac6322c4229,1785393509167,sender -> receiver,0,True,1785393509024.0,-143.0,0.0,False
5e2393ca-67e6-5d7e-b5c6-961b67ffa5d3,1785393509172,sender -> receiver,0,True,1785393509104.0,-68.0,0.0,False
13961941-825b-58e2-b6c9-5892b376e764,1785393509175,sender -> receiver,0,True,1785393509126.0,-49.0,0.0,False
3d647a9e-4688-5a30-9360-e2d2cc251734,1785393510145,sender -> receiver,0,True,1785393509977.0,-168.0,0.0,False
a250b0aa-e849-562c-824c-2cd68c500493,1785393510149,sender -> receiver,0,True,1785393510013.0,-136.0,0.0,False
5a26c282-da91-50ae-80f9-d6b2f5132ae5,1785393510173,sender -> receiver,0,True,1785393510064.0,-109.0,0.0,False
75a7d50a-7201-536a-bbfd-651e3f66352d,1785393510177,sender -> receiver,0,True,1785393510101.0,-76.0,0.0,False
d03bfc88-3536-59e6-b6cc-6157706fb41e,1785393511145,sender -> receiver,0,True,1785393510950.0,-195.0,0.0,False
933283db-fd25-5000-b4a5-08c77da81408,1785393511150,sender -> receiver,0,True,1785393510976.0,-174.0,0.0,False
f009fbdb-07d8-53be-8589-a30c426fca8e,1785393511154,sender -> receiver,0,True,1785393510997.0,-157.0,0.0,False
9f3baa13-e14c-5643-b4ba-969f9ffa447e,1785393511159,sender -> receiver,0,True,1785393511046.0,-113.0,0.0,False
dc9d23de-d1a0-509e-bf08-0c5b670c6bee,1785393512145,sender -> receiver,0,True,1785393512047.0,-98.0,0.0,False
22e7efb7-6330-592c-bd64-6a1b16c0cd0e,1785393512174,sender -> receiver,0,True,1785393512080.0,-94.0,0.0,False
5d238567-9272-568e-97f9-6fb82a8ce3b9,1785393512179,sender -> receiver,0,True,1785393512103.0,-76.0,0.0,False
4ffd2e82-4d17-50ad-9bf0-d995c5ba0ef9,1785393512184,sender -> receiver,0,True,1785393512153.0,-31.0,0.0,False
23644e47-a88f-5768-ac6a-0fb43869a225,1785393513166,sender -> receiver,0,True,1785393513037.0,-129.0,0.0,False
b28f2735-1fad-51e8-a93a-21a6b7a49e95,1785393513170,sender -> receiver,0,True,1785393513063.0,-107.0,0.0,False
08d02781-d95a-58bf-a8e5-d13edfb416ed,1785393513174,sender -> receiver,0,True,1785393513093.0,-81.0,0.0,False
dc2df7d7-38ea-5bab-90e6-5e8ecd95ae9d,1785393513198,sender -> receiver,0,True,1785393513149.0,-49.0,0.0,False
4eb9c607-2336-529a-8da0-b875d680ac30,1785393514145,sender -> receiver,0,True,1785393514024.0,-121.0,0.0,False
8e7b8bcd-a79d-5bea-96cf-88b81ab052e8,1785393514149,sender -> receiver,0,True,1785393514054.0,-95.0,0.0,False
f52a9d7d-9a86-5619-92ec-383ccd14131f,1785393514154,sender -> receiver,0,True,1785393514077.0,-77.0,0.0,False
c38f255d-4753-545a-b412-73ed0029c648,1785393514157,sender -> receiver,0,True,1785393514136.0,-21.0,0.0,False
394fac0f-1b06-51b5-b519-c19f8bfa01e4,1785393515142,sender -> receiver,0,True,1785393514974.0,-168.0,0.0,False
34c6a482-190c-5469-8929-46a57f67a90e,1785393515166,sender -> receiver,0,True,1785393515010.0,-156.0,0.0,False
5a224998-5d0e-5f79-a0cd-f7caf0d79bcf,1785393515171,sender -> receiver,0,True,1785393515039.0,-132.0,0.0,False
25fd034d-0b9b-5d2f-9ed4-71a86283e444,1785393515175,sender -> receiver,0,True,1785393515061.0,-114.0,0.0,False
8845be7d-c222-5759-b596-cd1889ac840f,1785393516139,sender -> receiver,0,True,1785393515964.0,-175.0,0.0,False
4972a89e-655d-521a-b0e7-afcb6c20daa2,1785393516143,sender -> receiver,0,True,1785393515999.0,-144.0,0.0,False
e780e037-68d4-5536-a56b-0fc798c7fbd7,1785393516147,sender -> receiver,0,True,1785393516026.0,-121.0,0.0,False
2b5bd0e9-6526-596a-ba53-5b57432f5679,1785393516151,sender -> receiver,0,True,1785393516093.0,-58.0,0.0,False
db66ef54-c7b4-5b93-beda-76fad0fabcc1,1785393517155,sender -> receiver,0,True,1785393516998.0,-157.0,0.0,False
7a05b972-2eb5-5d8d-8d69-ab453e397bd8,1785393517161,sender -> receiver,0,True,1785393517030.0,-131.0,0.0,False
032b8c65-01ef-53b9-8344-906d76def2e2,1785393517166,sender -> receiver,0,True,1785393517061.0,-105.0,0.0,False
b3d1eeaa-ad44-5bca-a7f1-a3bd444cdbe0,1785393517199,sender -> receiver,0,True,1785393517083.0,-116.0,0.0,False
2fd3ac12-2b69-510d-8823-f0a3f04917b8,1785393518145,sender -> receiver,0,True,1785393517986.0,-159.0,0.0,False
aef7b21f-a32d-5bf9-b253-46472c53cd4b,1785393518170,sender -> receiver,0,True,1785393518066.0,-104.0,0.0,False
efad0dc5-1f97-51b9-ae04-cdc715e573b8,1785393518174,sender -> receiver,0,True,1785393518089.0,-85.0,0.0,False
20d917b1-bb00-54aa-9e98-3386cd74ab77,1785393518177,sender -> receiver,0,True,1785393518108.0,-69.0,0.0,False
0a5b7dd6-d51b-5442-acff-30711c5a88e2,1785393519165,sender -> receiver,0,True,1785393518975.0,-190.0,0.0,False
38f111fe-342f-5cf3-b1dc-06ac9c16d5fe,1785393519170,sender -> receiver,0,True,1785393519014.0,-156.0,0.0,False
cef4964f-11ec-51d4-804a-aed6bea25793,1785393519176,sender -> receiver,0,True,1785393519060.0,-116.0,0.0,False
5987da62-81d4-5248-a17d-379c2799472d,1785393519200,sender -> receiver,0,True,1785393519088.0,-112.0,0.0,False
88af21e0-b100-5b19-b873-7808524e059a,1785393520152,sender -> receiver,0,True,1785393520018.0,-134.0,0.0,False
c508bcbe-10af-5d8b-b135-56f4dffab250,1785393520177,sender -> receiver,0,True,1785393520034.0,-143.0,0.0,False
e14a5e02-fb5a-5cd8-81f7-72813dc95399,1785393520181,sender -> receiver,0,True,1785393520047.0,-134.0,0.0,False
6201d00c-58d6-538f-ae54-8eeb3185b5b0,1785393520186,sender -> receiver,0,True,1785393520069.0,-117.0,0.0,False
fa02d92a-0e67-53b8-b0da-d6ca7916b473,1785393521138,sender -> receiver,0,True,1785393520948.0,-190.0,0.0,False
396b9dad-90fa-5736-b0fb-7ae037c7ffcc,1785393521163,sender -> receiver,0,True,1785393520978.0,-185.0,0.0,False
cbdb9374-46ea-5a56-840b-c48c4615d745,1785393521167,sender -> receiver,0,True,1785393521021.0,-146.0,0.0,False
38fccb66-6107-54d6-ab93-84ee95be0f57,1785393521172,sender -> receiver,0,True,1785393521041.0,-131.0,0.0,False
5b9c4ba5-0ec0-525e-a0ab-d005ba6c6dbd,1785393522146,sender -> receiver,0,True,1785393521991.0,-155.0,0.0,False
5cf88461-1875-5203-a2b1-9867636a220b,1785393522173,sender -> receiver,0,True,1785393522014.0,-159.0,0.0,False
f4438852-2f5a-5aab-a9b5-7728ab8a8171,1785393522179,sender -> receiver,0,True,1785393522097.0,-82.0,0.0,False
3511e482-6612-5ec2-9954-7222f4e77104,1785393522182,sender -> receiver,0,True,1785393522115.0,-67.0,0.0,False
f5bb907a-1fb3-5e07-881e-462acad328c2,1785393523161,sender -> receiver,0,True,1785393522983.0,-178.0,0.0,False
0b9051a7-e477-5019-bf6f-4423a906e21d,1785393523166,sender -> receiver,0,True,1785393523022.0,-144.0,0.0,False
37878316-7c87-508c-88a8-05ef2a5b384a,1785393523171,sender -> receiver,0,True,1785393523071.0,-100.0,0.0,False
562613fe-dd03-59cc-b38e-99be1a03341d,1785393523175,sender -> receiver,0,True,1785393523091.0,-84.0,0.0,False
836d37a7-c4e8-55c3-838b-4a5ff81a4516,1785393524148,sender -> receiver,0,True,1785393524018.0,-130.0,0.0,False
034e1676-a130-59e5-b5e5-c42c78743357,1785393524152,sender -> receiver,0,True,1785393524039.0,-113.0,0.0,False
378bbbeb-bd6a-5ece-a9ef-4b25b1ef9f5a,1785393524156,sender -> receiver,0,True,1785393524061.0,-95.0,0.0,False
eb189cb9-689e-5706-aa8c-02f0f5d744e4,1785393524160,sender -> receiver,0,True,1785393524082.0,-78.0,0.0,False
c9800ec5-f49e-590f-b18f-4edd0c28b0bb,1785393525162,sender -> receiver,0,True,1785393525009.0,-153.0,0.0,False
44a357cc-4c88-5ac8-8dac-72a2ba417c4a,1785393525166,sender -> receiver,0,True,1785393525035.0,-131.0,0.0,False
ec4d8b7f-e876-54ec-9d1f-90a65b88a435,1785393525170,sender -> receiver,0,True,1785393525058.0,-112.0,0.0,False
95fabcb3-a720-568e-9e4b-e380b3ea1190,1785393525174,sender -> receiver,0,True,1785393525080.0,-94.0,0.0,False
8762d150-89d8-5e4f-a659-e05f3f55bd6a,1785393526144,sender -> receiver,0,True,1785393526000.0,-144.0,0.0,False
3cd72e32-f6d9-5e9c-bab4-8a13dfa2db23,1785393526148,sender -> receiver,0,True,1785393526030.0,-118.0,0.0,False
7e896a7a-f566-53eb-a5bc-ebb9a4276266,1785393526152,sender -> receiver,0,True,1785393526054.0,-98.0,0.0,False
0d005d83-f957-5a70-a08f-4648ebfd943a,1785393526156,sender -> receiver,0,True,1785393526118.0,-38.0,0.0,False
561e0272-a381-5385-8d65-77b69f33a9d8,1785393527147,sender -> receiver,0,True,1785393526989.0,-158.0,0.0,False
577ec158-2702-5bd7-ac8e-2a67e2177d02,1785393527178,sender -> receiver,0,True,1785393527022.0,-156.0,0.0,False
36e2296a-baf0-5b34-9b7c-dae89818eb77,1785393527184,sender -> receiver,0,True,1785393527120.0,-64.0,0.0,False
5e33c8c4-8725-5211-97ef-4cd2dcbad35b,1785393527189,sender -> receiver,0,True,1785393527139.0,-50.0,0.0,False
0890e3be-eb54-53df-9cb5-99a500bd365f,1785393528157,sender -> receiver,0,True,1785393528061.0,-96.0,0.0,False
198505dd-3c40-5180-babb-9782b92a853f,1785393528160,sender -> receiver,0,True,1785393528079.0,-81.0,0.0,False
32907285-761f-5571-a7d2-8d398fb661f1,1785393528164,sender -> receiver,0,True,1785393528104.0,-60.0,0.0,False
6e9a9d88-0303-5d87-85d1-520a4f57c896,1785393528167,sender -> receiver,0,True,1785393528122.0,-45.0,0.0,False
70ea3227-fe5c-530b-a9eb-9789a5a0af6a,1785393529148,sender -> receiver,0,True,1785393529010.0,-138.0,0.0,False
54c7855d-71b7-552f-8ec6-053b29d24b63,1785393529152,sender -> receiver,0,True,1785393529040.0,-112.0,0.0,False
29ace70f-9a17-51f2-84e8-c198e4848dc7,1785393529155,sender -> receiver,0,True,1785393529064.0,-91.0,0.0,False
3d196c5a-0147-5bf6-8330-90cd3df5127c,1785393529158,sender -> receiver,0,True,1785393529118.0,-40.0,0.0,False
44d14758-e87b-5402-b026-375bd1f0ecdc,1785393530147,sender -> receiver,0,True,1785393530001.0,-146.0,0.0,False
7f3cd958-e6c2-5618-9be9-0b12f400e4a4,1785393530172,sender -> receiver,0,True,1785393530030.0,-142.0,0.0,False
792e74b7-aaa8-5aaf-91d8-1bb7e929207b,1785393530177,sender -> receiver,0,True,1785393530050.0,-127.0,0.0,False
d68d72f8-dc97-5ef5-b5f6-f411a211b61c,1785393530183,sender -> receiver,0,True,1785393530074.0,-109.0,0.0,False
906293ff-415e-57d7-90cc-6da5f2007644,1785393581331,sender -> receiver,0,True,1785393581731.0,400.0,0.0,False
3b3fbaa2-bb08-5062-ab9b-f332708a3767,1785393581356,sender -> receiver,0,True,1785393581743.0,387.0,0.0,False
d72d1570-a05f-598c-a67b-6d78240183a1,1785393581361,sender -> receiver,0,True,1785393581776.0,415.0,0.0,False
a883dfdd-04d1-5bd3-b590-e6f230088104,1785393581367,sender -> receiver,0,True,1785393581797.0,430.0,0.0,False
f68c38be-af1f-550e-bd04-fa6ad7416078,1785393581372,sender -> receiver,0,True,1785393581817.0,445.0,0.0,False
092dc715-4c1d-52d4-bf0e-dfeff48fd2fc,1785393581393,sender -> receiver,0,True,1785393581864.0,471.0,0.0,False
9a325c13-fe3f-544a-b4b5-4b9b6f05079f,1785393581398,sender -> receiver,0,True,1785393581885.0,487.0,0.0,False
b5ed95b6-35db-5749-bcac-70de35f66ac8,1785393582336,sender -> receiver,0,True,1785393582139.0,-197.0,0.0,False
64fe2420-0d15-52f7-9941-1dd7bdbdc58d,1785393582340,sender -> receiver,0,True,1785393582161.0,-179.0,0.0,False
35e4dade-ff75-5b30-bd47-e92110a7ad53,1785393582344,sender -> receiver,0,True,1785393582183.0,-161.0,0.0,False
550d4bfb-6d40-50e7-892c-8dba0d2a97fd,1785393582348,sender -> receiver,0,True,1785393582233.0,-115.0,0.0,False
bc90f065-46c2-5150-a592-9ba08a844469,1785393582372,sender -> receiver,0,True,1785393582250.0,-122.0,0.0,False
c297fd51-798d-5410-87b2-528877e87337,1785393582377,sender -> receiver,0,True,1785393582269.0,-108.0,0.0,False
d4b686d4-064a-5035-9101-e27c0da83e7c,1785393582382,sender -> receiver,0,True,1785393582318.0,-64.0,0.0,False
4a82a99a-bc3f-538a-be81-7195351ac8d2,1785393583338,sender -> receiver,0,True,1785393583127.0,-211.0,0.0,False
c3c20cfe-c002-5c69-bf21-a92306a31030,1785393583343,sender -> receiver,0,True,1785393583258.0,-85.0,0.0,False
8e37dcae-db7e-5f94-9a99-2bd98d3773f2,1785393583349,sender -> receiver,0,True,1785393583280.0,-69.0,0.0,False
d7325a6a-43cf-55ab-a3bc-eed681c595e8,1785393583369,sender -> receiver,0,True,1785393583377.0,8.0,0.0,False
03cc7f41-6147-5577-bf86-527bcbbc2481,1785393583374,sender -> receiver,0,True,1785393583399.0,25.0,0.0,False
a864a1d5-432d-5cf9-9d73-dd8bb1a49fa0,1785393583377,sender -> receiver,0,True,1785393583421.0,44.0,0.0,False
a0387c8f-2bcd-5c0e-b028-464ab8b249d3,1785393584382,sender -> receiver,0,True,1785393584188.0,-194.0,0.0,False
9a3cb3dd-ab1f-527e-b1ec-39b4f27d3d20,1785393584387,sender -> receiver,0,True,1785393584217.0,-170.0,0.0,False
65eef354-4bbc-5649-9fb6-af33d18c1112,1785393584392,sender -> receiver,0,True,1785393584243.0,-149.0,0.0,False
3a9090fe-b921-5bbb-96d6-3b7eb3917754,1785393584396,sender -> receiver,0,True,1785393584287.0,-109.0,0.0,False
e5caf485-b112-598b-8a24-1292d7b12e18,1785393584418,sender -> receiver,0,True,1785393584311.0,-107.0,0.0,False
4ba4d4e9-608f-5b22-b303-784773f14cb8,1785393584422,sender -> receiver,0,True,1785393584378.0,-44.0,0.0,False
2210e6bb-503e-54a6-855b-88961e693ff4,1785393584425,sender -> receiver,0,True,1785393584395.0,-30.0,0.0,False
8063e3a2-c2f0-5039-9c8f-744bb0f554c4,1785393585358,sender -> receiver,0,True,1785393585199.0,-159.0,0.0,False
4bb218d3-2fe6-5095-9156-2b1550cae5c2,1785393585363,sender -> receiver,0,True,1785393585224.0,-139.0,0.0,False
0b21c987-1c9d-5854-972b-a1bebede3171,1785393585366,sender -> receiver,0,True,1785393585243.0,-123.0,0.0,False
a257ba1a-a293-5056-ae61-2c7dea5e07d5,1785393585369,sender -> receiver,0,True,1785393585262.0,-107.0,0.0,False
f5d24640-744e-56de-b156-7da0f5d20d28,1785393585372,sender -> receiver,0,True,1785393585300.0,-72.0,0.0,False
a2a746e8-77b7-5766-8b7e-165591f674fe,1785393585375,sender -> receiver,0,True,1785393585320.0,-55.0,0.0,False
e38900c2-1ffb-55a7-a58c-b382e7634082,1785393585395,sender -> receiver,0,True,1785393585340.0,-55.0,0.0,False
5fe4560a-04f6-5a5f-80b0-d13f98e5be9a,1785393586334,sender -> receiver,0,True,1785393586142.0,-192.0,0.0,False
fbad2b7e-6c79-5ab2-9de2-58ed2920e01d,1785393586361,sender -> receiver,0,True,1785393586165.0,-196.0,0.0,False
9d539523-4640-5ed4-af52-581a057df86f,1785393586366,sender -> receiver,0,True,1785393586208.0,-158.0,0.0,False
edd0850a-0f11-5640-911b-dde66ab4c381,1785393586371,sender -> receiver,0,True,1785393586237.0,-134.0,0.0,False
fb2eb51e-8962-53e6-8073-26aa4996403a,1785393586375,sender -> receiver,0,True,1785393586255.0,-120.0,0.0,False
86c86625-9e0f-565d-b765-a4c426cd9b3e,1785393586398,sender -> receiver,0,True,1785393586274.0,-124.0,0.0,False
8465878c-7a5e-5364-8ab5-383419ae3fbf,1785393587379,sender -> receiver,0,True,1785393587188.0,-191.0,0.0,False
dd8c556f-c6d5-5b8c-b7e4-a175d71e908a,1785393587385,sender -> receiver,0,True,1785393587224.0,-161.0,0.0,False
f712ecb8-76a5-577c-90bd-cce00b691e98,1785393587388,sender -> receiver,0,True,1785393587274.0,-114.0,0.0,False
b4a20591-044d-56fc-8a5e-f1d8aae3eaca,1785393587391,sender -> receiver,0,True,1785393587298.0,-93.0,0.0,False
89fe2a26-12ea-50ed-a602-1994bec38383,1785393587395,sender -> receiver,0,True,1785393587318.0,-77.0,0.0,False
1fa88651-fd54-57e2-af44-58b6fbef4c56,1785393587398,sender -> receiver,0,True,1785393587365.0,-33.0,0.0,False
00d1dd4d-934d-5762-9c6e-6eb45e9f65c2,1785393587401,sender -> receiver,0,True,1785393587386.0,-15.0,0.0,False
11d13d57-4246-572c-9e3e-22ce36527ec3,1785393588330,sender -> receiver,0,True,1785393588164.0,-166.0,0.0,False
466ed7f2-c4fa-5b9a-ab53-77cf643b9eec,1785393588363,sender -> receiver,0,True,1785393588253.0,-110.0,0.0,False
c827a0de-a5fa-56ed-8082-c2fe7da732f7,1785393588367,sender -> receiver,0,True,1785393588276.0,-91.0,0.0,False
c6e729f6-4df2-574c-ad70-253bfcea7d93,1785393588371,sender -> receiver,0,True,1785393588295.0,-76.0,0.0,False
c251f050-6816-5941-8881-d98e3b8660a8,1785393588374,sender -> receiver,0,True,1785393588335.0,-39.0,0.0,False
7888117e-2ade-578b-b0b2-8b202f6ced15,1785393588377,sender -> receiver,0,True,1785393588360.0,-17.0,0.0,False
19633885-0a13-5780-b33d-36d96370e6a5,1785393588383,sender -> receiver,0,True,1785393588379.0,-4.0,0.0,False
c48f05c6-2e6a-555a-aefd-d01fcc8edbb3,1785393589351,sender -> receiver,0,True,1785393589157.0,-194.0,0.0,False
75149f05-7d8c-5cc5-a175-668407555ce2,1785393589355,sender -> receiver,0,True,1785393589182.0,-173.0,0.0,False
63e9f6a5-8f34-59d1-9e58-c6cc09e5bbd4,1785393589358,sender -> receiver,0,True,1785393589202.0,-156.0,0.0,False
317d712d-e3de-5e2f-b474-6c36d4a3936a,1785393589362,sender -> receiver,0,True,1785393589220.0,-142.0,0.0,False
bf3c9fba-f9f3-5e0f-8274-2b0f133d9815,1785393589368,sender -> receiver,0,True,1785393589259.0,-109.0,0.0,False
03c4e403-2351-542e-b6f7-acbb13994c75,1785393589388,sender -> receiver,0,True,1785393589290.0,-98.0,0.0,False
7f4992d0-42b6-5273-9054-10132cf1fdac,1785393590349,sender -> receiver,0,True,1785393590195.0,-154.0,0.0,False
aedda3a7-2762-557f-81cd-3b4872d5772e,1785393590354,sender -> receiver,0,True,1785393590217.0,-137.0,0.0,False
f8793099-5e39-5044-a2c5-adb6c3b9dc54,1785393590361,sender -> receiver,0,True,1785393590237.0,-124.0,0.0,False
517440e8-1ade-53bc-86f1-1953414bb56d,1785393590368,sender -> receiver,0,True,1785393590255.0,-113.0,0.0,False
087aafc3-d2c4-522c-a124-a118550ec0fa,1785393590388,sender -> receiver,0,True,1785393590294.0,-94.0,0.0,False
b8525764-d5bf-566b-8bb3-d6eb85b8caa7,1785393590394,sender -> receiver,0,True,1785393590330.0,-64.0,0.0,False
6a43860a-63ea-566c-902f-d483598eee6a,1785393590400,sender -> receiver,0,True,1785393590372.0,-28.0,0.0,False
5a13c2e2-bf40-51c8-9947-a8c61f63dea9,1785393591349,sender -> receiver,0,True,1785393591186.0,-163.0,0.0,False
026c96c8-a4f1-563d-bc7f-72bb9c01da0c,1785393591371,sender -> receiver,0,True,1785393591212.0,-159.0,0.0,False
341db0e9-1630-5e50-93df-54b5ecfdfa6e,1785393591375,sender -> receiver,0,True,1785393591233.0,-142.0,0.0,False
43b73138-6c75-5a75-b988-d2f39a6f2787,1785393591378,sender -> receiver,0,True,1785393591251.0,-127.0,0.0,False
273311dd-30e6-5618-8449-47f4da5619cb,1785393591382,sender -> receiver,0,True,1785393591288.0,-94.0,0.0,False
23e15387-7ba9-5ddf-988a-a1119147cd46,1785393591385,sender -> receiver,0,True,1785393591309.0,-76.0,0.0,False
0b338775-e374-539e-b58d-a21473cb75a1,1785393591388,sender -> receiver,0,True,1785393591328.0,-60.0,0.0,False
8ca952ab-145b-5587-b752-5f72882fa31b,1785393592321,sender -> receiver,0,True,1785393592173.0,-148.0,0.0,False
a01f845d-c3b6-50dd-b07f-eca2bc362047,1785393592345,sender -> receiver,0,True,1785393592195.0,-150.0,0.0,False
e43b2a56-942e-5642-85fa-955ea31d077f,1785393592350,sender -> receiver,0,True,1785393592215.0,-135.0,0.0,False
1625f0b3-ec67-5e15-b7c7-0e7c4cda2455,1785393592355,sender -> receiver,0,True,1785393592234.0,-121.0,0.0,False
05ce4539-fde4-5954-aa54-1ba1f30a20a0,1785393592374,sender -> receiver,0,True,1785393592273.0,-101.0,0.0,False
fdb444b6-5b1d-58e2-be36-7db585991220,1785393592381,sender -> receiver,0,True,1785393592293.0,-88.0,0.0,False
8d2fc349-2ad3-5676-a7f3-341af51c4b4a,1785393593350,sender -> receiver,0,True,1785393593158.0,-192.0,0.0,False
27018d1d-fdc2-5fe2-a16c-c0e9b9e506bd,1785393593354,sender -> receiver,0,True,1785393593251.0,-103.0,0.0,False
b6161866-4093-5d0a-8116-657604409103,1785393593358,sender -> receiver,0,True,1785393593274.0,-84.0,0.0,False
4effeef3-d7e6-5c0d-874a-5c8b823a4de6,1785393593362,sender -> receiver,0,True,1785393593292.0,-70.0,0.0,False
5c6dbf29-dde5-53db-b3ef-e6c078c1000f,1785393593366,sender -> receiver,0,True,1785393593310.0,-56.0,0.0,False
2b574cd8-d236-5fd7-bdfa-a8b7cdd1dbda,1785393593370,sender -> receiver,0,True,1785393593350.0,-20.0,0.0,False
654578f3-b43b-5b05-b14a-f95376a5d9ab,1785393593392,sender -> receiver,0,True,1785393593374.0,-18.0,0.0,False
ec83b1e9-59e7-534e-a1e7-e88a7cf85981,1785393594355,sender -> receiver,0,True,1785393594213.0,-142.0,0.0,False
32e885fb-d30e-5c08-96e6-1782ec299bee,1785393594359,sender -> receiver,0,True,1785393594250.0,-109.0,0.0,False
94295212-672e-5a87-bd60-a8e7f5528531,1785393594365,sender -> receiver,0,True,1785393594272.0,-93.0,0.0,False
97538a90-d5bf-5166-a7bd-e0b5f952021a,1785393594370,sender -> receiver,0,True,1785393594319.0,-51.0,0.0,False
3fb773a1-edbc-5896-9646-ed7779d780fd,1785393594397,sender -> receiver,0,True,1785393594340.0,-57.0,0.0,False
af5ad156-9b5b-5567-83ec-60ec16976351,1785393594401,sender -> receiver,0,True,1785393594359.0,-42.0,0.0,False
5c23a30b-63d4-5e49-a535-655c9596329c,1785393594406,sender -> receiver,0,True,1785393594377.0,-29.0,0.0,False
54d063f4-f931-5721-be1f-37251fd3f05d,1785393595344,sender -> receiver,0,True,1785393595191.0,-153.0,0.0,False
caba7e6e-9a3f-5042-94c5-467ff5ed953f,1785393595348,sender -> receiver,0,True,1785393595228.0,-120.0,0.0,False
1695b5e0-ac88-5d27-ae96-33304f60476b,1785393595352,sender -> receiver,0,True,1785393595246.0,-106.0,0.0,False
3c4daf51-8d74-55ec-b507-6aa3ecee7813,1785393595355,sender -> receiver,0,True,1785393595265.0,-90.0,0.0,False
99222bb1-a62c-56d9-9b55-ae689902fdde,1785393595359,sender -> receiver,0,True,1785393595304.0,-55.0,0.0,False
f8f3aaba-c0ef-502f-afe5-ce79bd8c182a,1785393595363,sender -> receiver,0,True,1785393595326.0,-37.0,0.0,False
0f6ae781-3f49-55a7-bd44-6fb5414ef1c7,1785393643586,sender -> receiver,0,True,1785393643387.0,-199.0,0.0,False
7a579cba-96fc-5288-aaec-f0bd83f21381,1785393643609,sender -> receiver,0,True,1785393643456.0,-153.0,0.0,False
52f3f4c5-7656-58dd-a621-bbdf9676714e,1785393643615,sender -> receiver,0,True,1785393643475.0,-140.0,0.0,False
95f7f449-031a-5843-80bf-a2da27662d9f,1785393643620,sender -> receiver,0,True,1785393643491.0,-129.0,0.0,False
0a0c24f9-a169-5dd2-aafc-5ac7e4116ca8,1785393643626,sender -> receiver,0,True,1785393643538.0,-88.0,0.0,False
9e854dfa-9464-5b8d-850a-bad38b0d400b,1785393643659,sender -> receiver,0,True,1785393643562.0,-97.0,0.0,False
b496c808-66e8-5aa0-bb6e-fee5a0886971,1785393644604,sender -> receiver,0,True,1785393644425.0,-179.0,0.0,False
9f9e75af-af08-5544-943f-28465bbb856f,1785393644608,sender -> receiver,0,True,1785393644448.0,-160.0,0.0,False
241ec49c-2b18-5a92-a737-4c1c9853b0a5,1785393644612,sender -> receiver,0,True,1785393644467.0,-145.0,0.0,False
3a5dd759-83b0-5b10-8f63-f72f17ef911a,1785393644616,sender -> receiver,0,True,1785393644486.0,-130.0,0.0,False
62936e3f-3499-5dcc-b271-dc8773184b68,1785393644619,sender -> receiver,0,True,1785393644527.0,-92.0,0.0,False
31bae13a-2b08-55eb-b587-501b3f75445a,1785393644624,sender -> receiver,0,True,1785393644550.0,-74.0,0.0,False
f0273e27-1f06-587b-8dfa-896e331e6aae,1785393645602,sender -> receiver,0,True,1785393645411.0,-191.0,0.0,False
29953b26-9430-5cf7-8ab8-e3302575223d,1785393645606,sender -> receiver,0,True,1785393645429.0,-177.0,0.0,False
113bf9f2-60c9-5b99-b2a9-1391477b3b69,1785393645612,sender -> receiver,0,True,1785393645451.0,-161.0,0.0,False
4fcda5c3-72ae-5382-a5ee-8d6aaebe81af,1785393645617,sender -> receiver,0,True,1785393645470.0,-147.0,0.0,False
4524cea5-ad01-5754-8aab-2ae733d4d316,1785393645621,sender -> receiver,0,True,1785393645490.0,-131.0,0.0,False
1f101daf-fb5c-5c6b-8103-032b4fd2b4da,1785393646598,sender -> receiver,0,True,1785393646447.0,-151.0,0.0,False
e1e7ebd4-b9dc-5b43-a211-2bff4bdd771f,1785393646602,sender -> receiver,0,True,1785393646468.0,-134.0,0.0,False
c51cbbb3-5af6-5e01-86d4-10e1c50f5b14,1785393646627,sender -> receiver,0,True,1785393646487.0,-140.0,0.0,False
31bc8884-c7da-53f8-b435-c386c57d9539,1785393646632,sender -> receiver,0,True,1785393646506.0,-126.0,0.0,False
0c41d6f6-362d-5226-8a51-ccef28cc6221,1785393646636,sender -> receiver,0,True,1785393646550.0,-86.0,0.0,False
a03af872-4da8-522a-ad9b-d19dd0889476,1785393646640,sender -> receiver,0,True,1785393646572.0,-68.0,0.0,False
094763b5-b47d-5fcc-9108-bebf65af9f2a,1785393647600,sender -> receiver,0,True,1785393647435.0,-165.0,0.0,False
71a691ee-bf14-5264-a75c-49f30bd4b58f,1785393647604,sender -> receiver,0,True,1785393647496.0,-108.0,0.0,False
f3604a07-5ddd-5bed-8791-a07846983e77,1785393647608,sender -> receiver,0,True,1785393647518.0,-90.0,0.0,False
6eab836c-983e-5331-b5e1-85d90547833f,1785393647611,sender -> receiver,0,True,1785393647538.0,-73.0,0.0,False
f776714e-b350-532b-a66d-df237d644378,1785393647614,sender -> receiver,0,True,1785393647556.0,-58.0,0.0,False
c2d57cb5-c464-5ae6-a5d1-90b86cfa7ac0,1785393648586,sender -> receiver,0,True,1785393648484.0,-102.0,0.0,False
8877e2c4-7798-5b86-b3cf-35acc970ade7,1785393648589,sender -> receiver,0,True,1785393648517.0,-72.0,0.0,False
0e5fe651-b1a7-5904-adbd-bc4b96bca883,1785393648592,sender -> receiver,0,True,1785393648550.0,-42.0,0.0,False
8755fb6a-b78d-52b6-9ad1-497c1450f785,1785393648595,sender -> receiver,0,True,1785393648609.0,14.0,0.0,False
cb67838c-2a24-5e5d-942e-bbfd3a7f86f7,1785393648618,sender -> receiver,0,True,1785393648646.0,28.0,0.0,False
6c9d6a59-2071-5765-9d26-356afcce5873,1785393648621,sender -> receiver,0,True,1785393648688.0,67.0,0.0,False
8e8b7107-f5ef-5cf0-ab35-5334f73cdcbb,1785393649594,sender -> receiver,0,True,1785393649491.0,-103.0,0.0,False
f86ac991-0056-5800-a1d9-3351631ae18a,1785393649598,sender -> receiver,0,True,1785393649502.0,-96.0,0.0,False
e3653827-dcbd-5ecb-810f-d8342ed502e0,1785393649601,sender -> receiver,0,True,1785393649513.0,-88.0,0.0,False
5cd47283-2519-57db-a790-a9cc007811b4,1785393649604,sender -> receiver,0,True,1785393649530.0,-74.0,0.0,False
4299c531-9d41-57b4-ab14-bdcb84e7b40d,1785393649608,sender -> receiver,0,True,1785393649548.0,-60.0,0.0,False
ec3c99dc-47db-57d2-8030-bae62c7fb351,1785393650599,sender -> receiver,0,True,1785393650461.0,-138.0,0.0,False
797a1249-8295-56b0-be19-40acb022612d,1785393650605,sender -> receiver,0,True,1785393650488.0,-117.0,0.0,False
4c3ab036-7d3c-562b-9dc2-78523b16cd11,1785393650609,sender -> receiver,0,True,1785393650509.0,-100.0,0.0,False
ab732366-fbce-5e28-a796-ec8deaaaf3a9,1785393650633,sender -> receiver,0,True,1785393650529.0,-104.0,0.0,False
784c8b98-7da5-5801-ad1b-bbd4302347ea,1785393650636,sender -> receiver,0,True,1785393650589.0,-47.0,0.0,False
13493547-4a6e-5f29-8b13-48d7d7243da2,1785393650640,sender -> receiver,0,True,1785393650608.0,-32.0,0.0,False
e4fdf16a-d28b-5e35-aade-b54df5a89680,1785393651583,sender -> receiver,0,True,1785393651438.0,-145.0,0.0,False
00e9f4f9-6daa-5ca2-8a35-02110d7f2abc,1785393651608,sender -> receiver,0,True,1785393651465.0,-143.0,0.0,False
ca73c61a-995f-593b-9584-a4edfaf45692,1785393651612,sender -> receiver,0,True,1785393651508.0,-104.0,0.0,False
f30def39-fd41-59a8-9c20-7d3a12987193,1785393651615,sender -> receiver,0,True,1785393651527.0,-88.0,0.0,False
c4fd858a-35a0-5a1b-9a1c-7ba716dac154,1785393651619,sender -> receiver,0,True,1785393651547.0,-72.0,0.0,False
a72796ea-dea9-5cda-951b-0fa781d3a200,1785393652585,sender -> receiver,0,True,1785393652431.0,-154.0,0.0,False
47b33de7-a3e2-5e67-831d-d1a80d2b7879,1785393652613,sender -> receiver,0,True,1785393652457.0,-156.0,0.0,False
42de8ff3-78bf-559e-9a96-ecbe1498447f,1785393652619,sender -> receiver,0,True,1785393652508.0,-111.0,0.0,False
56dc70b4-aad5-50e9-bc7f-257376a26c2e,1785393652624,sender -> receiver,0,True,1785393652530.0,-94.0,0.0,False
00ea11c8-5247-58c8-b930-aa50656cde1f,1785393652628,sender -> receiver,0,True,1785393652551.0,-77.0,0.0,False
a9a80e93-d1ee-5542-9626-c9d0ae82d8b2,1785393652631,sender -> receiver,0,True,1785393652613.0,-18.0,0.0,False
4817205b-fb85-50fe-bb06-b8b505fd9fea,1785393653591,sender -> receiver,0,True,1785393653469.0,-122.0,0.0,False
35ecc50e-efaa-58d1-9cbf-a97645362bac,1785393653595,sender -> receiver,0,True,1785393653493.0,-102.0,0.0,False
7aeafad7-6351-5586-bf9d-9435714884ef,1785393653600,sender -> receiver,0,True,1785393653512.0,-88.0,0.0,False
d1615725-330d-52d7-b770-3c3a53733f40,1785393653624,sender -> receiver,0,True,1785393653530.0,-94.0,0.0,False
0db1095a-1f66-51dd-8959-d4c4f64d2d0f,1785393653629,sender -> receiver,0,True,1785393653566.0,-63.0,0.0,False
385a886c-2879-5d4b-82dc-9520b479f5d0,1785393653633,sender -> receiver,0,True,1785393653585.0,-48.0,0.0,False
7643ec85-6996-5afd-b1cb-8723a93461c2,1785393654583,sender -> receiver,0,True,1785393654461.0,-122.0,0.0,False
e6b163e5-5920-53f3-8b56-5a8affe6e04c,1785393654586,sender -> receiver,0,True,1785393654481.0,-105.0,0.0,False
98619797-716c-5f0d-8f2a-e65c900782c6,1785393654589,sender -> receiver,0,True,1785393654500.0,-89.0,0.0,False
69126dee-43f2-535b-a69d-c033fa357ba9,1785393654592,sender -> receiver,0,True,1785393654549.0,-43.0,0.0,False
eb55da84-f4f8-5a9a-8682-b2099acf786d,1785393654595,sender -> receiver,0,True,1785393654568.0,-27.0,0.0,False
43c354b6-6dd2-5347-8e47-3bef1e937cb1,1785393655604,sender -> receiver,0,True,1785393655514.0,-90.0,0.0,False
c3a69530-8dee-5ab0-a07e-4276fac442d5,1785393655608,sender -> receiver,0,True,1785393655526.0,-82.0,0.0,False
ba3ad0cb-d977-54c3-a78f-66077e293bf6,1785393655612,sender -> receiver,0,True,1785393655537.0,-75.0,0.0,False
c222f90a-7d37-5145-96c3-1969c606b0b4,1785393655615,sender -> receiver,0,True,1785393655554.0,-61.0,0.0,False
99a68ce5-88fc-5b95-8e67-7be4d85bff3d,1785393655618,sender -> receiver,0,True,1785393655570.0,-48.0,0.0,False
b7d54c7d-678b-5bf4-b3a2-aee7a1b6ae34,1785393655621,sender -> receiver,0,True,1785393655588.0,-33.0,0.0,False
b525e939-8758-532f-8486-08f15738b58c,1785393656583,sender -> receiver,0,True,1785393656421.0,-162.0,0.0,False
19890bf1-8b0b-5f3b-a56a-0dd0f2cf4b22,1785393656586,sender -> receiver,0,True,1785393656446.0,-140.0,0.0,False
39761471-8b12-55dc-8491-f61a91ab02f9,1785393656589,sender -> receiver,0,True,1785393656465.0,-124.0,0.0,False
d84b9a17-7bb2-5acb-958f-6645c413906c,1785393656593,sender -> receiver,0,True,1785393656486.0,-107.0,0.0,False
4609a092-7690-5f18-be56-d4e224410ba4,1785393656615,sender -> receiver,0,True,1785393656532.0,-83.0,0.0,False
db6daeed-f477-588d-859a-985f016b3186,1785393657600,sender -> receiver,0,True,1785393657564.0,-36.0,0.0,False
3de92140-ae34-5c20-bc4d-ff4ae7ac6728,1785393657605,sender -> receiver,0,True,1785393657658.0,53.0,0.0,False
c8e20d98-7044-5933-a6f6-4f4a52109575,1785393657609,sender -> receiver,0,True,1785393657706.0,97.0,0.0,False
d2f9da48-0919-5f4a-8272-645ccc948a8e,1785393657634,sender -> receiver,0,True,1785393657724.0,90.0,0.0,False
e62a99e2-9500-52ff-afbd-48e5a2d40663,1785393657638,sender -> receiver,0,True,1785393657742.0,104.0,0.0,False
126e1560-941a-5caa-a21c-65925e3bd37f,1785393657642,sender -> receiver,0,True,1785393657759.0,117.0,0.0,False
f4bc75e1-d49b-50f4-954a-011a4f5df300,1785393658596,sender -> receiver,0,True,1785393658418.0,-178.0,0.0,False
e341d25b-664b-5cc8-9371-477e63477659,1785393658601,sender -> receiver,0,True,1785393658443.0,-158.0,0.0,False
0730ca4f-41ec-5763-a16e-09d500fa64fe,1785393658606,sender -> receiver,0,True,1785393658463.0,-143.0,0.0,False
1b953955-d54d-50f0-b144-7e3148daa702,1785393658609,sender -> receiver,0,True,1785393658508.0,-101.0,0.0,False
ec30d848-a110-5305-996a-8715eeea4acf,1785393658612,sender -> receiver,0,True,1785393658529.0,-83.0,0.0,False
f223096c-c2e3-5200-91a5-a47162da00d9,1785393659599,sender -> receiver,0,True,1785393659406.0,-193.0,0.0,False
94f458b7-57dd-5f49-85ea-c419602f650c,1785393659603,sender -> receiver,0,True,1785393659429.0,-174.0,0.0,False
f24e8110-79db-5ff9-a7b9-08958f84f0b2,1785393659608,sender -> receiver,0,True,1785393659448.0,-160.0,0.0,False
465df289-d6a6-5738-a26b-a556c8a2f529,1785393659613,sender -> receiver,0,True,1785393659468.0,-145.0,0.0,False
ddbaf511-3cd9-5770-a514-223fdd2cfc7c,1785393659617,sender -> receiver,0,True,1785393659510.0,-107.0,0.0,False
70d7d2b8-d5c8-5aec-bde0-a281de9cab23,1785393659639,sender -> receiver,0,True,1785393659534.0,-105.0,0.0,False
74849164-f28f-5a61-aaba-c7a14ceb2539,1785393660580,sender -> receiver,0,True,1785393660395.0,-185.0,0.0,False
750c7bf3-ddbb-5aa8-899c-4cefc83fab12,1785393660584,sender -> receiver,0,True,1785393660417.0,-167.0,0.0,False
a31e9e43-577f-5f99-97a2-9ba0eb4d915c,1785393660588,sender -> receiver,0,True,1785393660437.0,-151.0,0.0,False
519bb71a-a6f5-54a6-a247-7f833bebc3ae,1785393660592,sender -> receiver,0,True,1785393660457.0,-135.0,0.0,False
07fe9733-5243-5d5f-8963-8125837606e5,1785393660596,sender -> receiver,0,True,1785393660497.0,-99.0,0.0,False
b411e7e7-57b5-53d1-a500-fc37b2405ed9,1785393702239,sender -> receiver,0,True,1785393702108.0,-131.0,0.0,False
cf033b2e-936a-5ac5-9a24-5106bbf2eae7,1785393702242,sender -> receiver,0,True,1785393702133.0,-109.0,0.0,False
a2d887a3-3307-5245-9f2c-fc68e5bb632b,1785393702245,sender -> receiver,0,True,1785393702151.0,-94.0,0.0,False
c93f528d-16fa-5ec4-bed1-c4ba9c078465,1785393702265,sender -> receiver,0,True,1785393702167.0,-98.0,0.0,False
48dc0a54-83e9-5691-ac4c-3403e5e60187,1785393703257,sender -> receiver,0,True,1785393703107.0,-150.0,0.0,False
6b10ba92-5fee-524a-91fa-ce74ea1feceb,1785393703263,sender -> receiver,0,True,1785393703128.0,-135.0,0.0,False
736d37d1-51f6-5aaa-8b94-063a5e943053,1785393703267,sender -> receiver,0,True,1785393703150.0,-117.0,0.0,False
28c13676-004c-529c-87b4-b8e382e3d8ca,1785393703273,sender -> receiver,0,True,1785393703212.0,-61.0,0.0,False
ea69463a-95b1-54c1-841a-05f8ff095172,1785393704251,sender -> receiver,0,True,1785393704098.0,-153.0,0.0,False
299b8025-c7c6-58f7-9021-dc8c145c9f1f,1785393704256,sender -> receiver,0,True,1785393704124.0,-132.0,0.0,False
375dea8d-2d0e-5ba9-bc1f-bbb2c364bf02,1785393704260,sender -> receiver,0,True,1785393704144.0,-116.0,0.0,False
75fe1dc5-ae68-56b5-8a88-66b8c8a73490,1785393704286,sender -> receiver,0,True,1785393704218.0,-68.0,0.0,False
55592d59-4b76-585f-9ef6-75cc2ffaa104,1785393705266,sender -> receiver,0,True,1785393705119.0,-147.0,0.0,False
27959d5c-8f6d-5c8b-aaa8-78c513d4031e,1785393705270,sender -> receiver,0,True,1785393705142.0,-128.0,0.0,False
8c6b2fc5-ab01-53dd-97b1-656d5b4472d2,1785393705276,sender -> receiver,0,True,1785393705162.0,-114.0,0.0,False
23ec0c03-e776-5f85-a414-63e2f6edbd4a,1785393705293,sender -> receiver,0,True,1785393705211.0,-82.0,0.0,False
accfceaf-c087-5f6f-a48a-31a9acab3ee8,1785393706245,sender -> receiver,0,True,1785393706074.0,-171.0,0.0,False
e6aafb27-9652-536d-9e59-51492a331cfa,1785393706249,sender -> receiver,0,True,1785393706086.0,-163.0,0.0,False
83cdb2cf-6029-5f85-928e-05a94e4aa314,1785393706253,sender -> receiver,0,True,1785393706097.0,-156.0,0.0,False
a2b0431f-e791-56b3-8f8c-6d4ed106803b,1785393706257,sender -> receiver,0,True,1785393706116.0,-141.0,0.0,False
04ab64eb-0ceb-5f27-a8e2-206f7f1316e3,1785393707254,sender -> receiver,0,True,1785393707125.0,-129.0,0.0,False
d3d1e8f6-f9b8-55ce-bb21-83584c38ab8a,1785393707260,sender -> receiver,0,True,1785393707158.0,-102.0,0.0,False
7462cfc8-3122-5d38-a53c-70b36dcabb9e,1785393707265,sender -> receiver,0,True,1785393707177.0,-88.0,0.0,False
4918177e-8505-527d-9ec3-1c7c611d6a6b,1785393707270,sender -> receiver,0,True,1785393707195.0,-75.0,0.0,False
28f9e780-f0fa-5923-a9c2-428cc6244a48,1785393708256,sender -> receiver,0,True,1785393708181.0,-75.0,0.0,False
c07fd0db-9862-5461-b0cb-86a2bd5e4667,1785393708260,sender -> receiver,0,True,1785393708194.0,-66.0,0.0,False
7c404025-160f-54fd-b57a-fd51a12ee2ff,1785393708264,sender -> receiver,0,True,1785393708204.0,-60.0,0.0,False
f7cc1645-567f-5aea-9936-010eb22b6179,1785393708268,sender -> receiver,0,True,1785393708219.0,-49.0,0.0,False
00ed7ba9-ba35-503a-8c9b-305a62d6898d,1785393709243,sender -> receiver,0,True,1785393709098.0,-145.0,0.0,False
a2e4b611-38fe-59d5-ae84-1aa161e28cd7,1785393709247,sender -> receiver,0,True,1785393709157.0,-90.0,0.0,False
66c2d8a4-a582-5dcb-bbf5-80d4aed9d3a0,1785393709270,sender -> receiver,0,True,1785393709174.0,-96.0,0.0,False
f700144e-1e23-5af1-b649-7e89a126e575,1785393709273,sender -> receiver,0,True,1785393709197.0,-76.0,0.0,False
27ac3e98-8de9-5ad3-b745-2858cdd92727,1785393710248,sender -> receiver,0,True,1785393710159.0,-89.0,0.0,False
0b5bf13b-f5f8-5658-8b5a-74f379b07117,1785393710251,sender -> receiver,0,True,1785393710183.0,-68.0,0.0,False
036c6b98-adcc-5afd-943b-d9095e33f8b7,1785393710258,sender -> receiver,0,True,1785393710203.0,-55.0,0.0,False
7b3c9014-b503-54b1-a659-0a58873a056a,1785393710261,sender -> receiver,0,True,1785393710221.0,-40.0,0.0,False
551a5b8a-97c3-5b28-8e82-7e844a02efce,1785393711287,sender -> receiver,0,True,1785393711174.0,-113.0,0.0,False
31db1646-8b70-54da-b64a-0f97c42a425c,1785393711292,sender -> receiver,0,True,1785393711194.0,-98.0,0.0,False
a0ef0dcf-49c7-5b4b-957a-51c8bc7a6a3f,1785393711297,sender -> receiver,0,True,1785393711215.0,-82.0,0.0,False
584cef86-5643-51ae-8192-1a0ffa7927e3,1785393711301,sender -> receiver,0,True,1785393711235.0,-66.0,0.0,False
1146e492-a78b-50a1-9655-230581a68d27,1785393712238,sender -> receiver,0,True,1785393712090.0,-148.0,0.0,False
3fe67ac5-f869-500a-ae5c-3631d82ac2f4,1785393712241,sender -> receiver,0,True,1785393712110.0,-131.0,0.0,False
72ad52d0-1b14-5c94-aafa-4e3ac7dd7d75,1785393712245,sender -> receiver,0,True,1785393712128.0,-117.0,0.0,False
aece7ff1-a117-56ee-b378-4af5473b82f1,1785393712249,sender -> receiver,0,True,1785393712145.0,-104.0,0.0,False
7425a4b2-eb97-5009-bcb9-246554010ab0,1785393713275,sender -> receiver,0,True,1785393713122.0,-153.0,0.0,False
a727d740-f5e9-58d9-869e-32850c9207f8,1785393713278,sender -> receiver,0,True,1785393713140.0,-138.0,0.0,False
f8ab0d0c-9f8a-5d36-bbea-e5abcef5c183,1785393713283,sender -> receiver,0,True,1785393713160.0,-123.0,0.0,False
b585614c-902e-5fe2-8310-6ffce20ebfba,1785393713309,sender -> receiver,0,True,1785393713207.0,-102.0,0.0,False
3f4941c2-9b36-5445-b8ac-d4cf414debc3,1785393714276,sender -> receiver,0,True,1785393714225.0,-51.0,0.0,False
783bf23f-c0b6-5783-a883-1627da848f8c,1785393714282,sender -> receiver,0,True,1785393714243.0,-39.0,0.0,False
74e4b06c-ff1f-5ba3-b917-62b984e94940,1785393714310,sender -> receiver,0,True,1785393714262.0,-48.0,0.0,False
ac87d77d-184b-5d56-a411-f4e56c425107,1785393714317,sender -> receiver,0,True,1785393714280.0,-37.0,0.0,False
0d5dbe9d-56b5-56b0-83cd-1d95fc0d09c5,1785393715247,sender -> receiver,0,True,1785393715098.0,-149.0,0.0,False
d5e7b997-bce9-56a4-9e7a-31b39584704a,1785393715251,sender -> receiver,0,True,1785393715115.0,-136.0,0.0,False
496f59b8-45fc-5d2a-9ce2-57b242db7176,1785393715255,sender -> receiver,0,True,1785393715133.0,-122.0,0.0,False
ec4236fa-60b0-5f62-a2c0-30f439fb8499,1785393715259,sender -> receiver,0,True,1785393715150.0,-109.0,0.0,False
dcccf226-837b-5460-9e42-40b989d32525,1785393716264,sender -> receiver,0,True,1785393716111.0,-153.0,0.0,False
172e688e-4f7b-5d98-99b1-ab54541a3d5c,1785393716268,sender -> receiver,0,True,1785393716174.0,-94.0,0.0,False
a48c64d9-107e-50c3-8af8-8562ea1fba27,1785393716272,sender -> receiver,0,True,1785393716192.0,-80.0,0.0,False
a9f4a23a-e8f6-5cba-82e8-fb7e2e697ee0,1785393716276,sender -> receiver,0,True,1785393716210.0,-66.0,0.0,False
4d7d1cbd-d6bc-5566-9fa3-1bb25987ff7b,1785393717238,sender -> receiver,0,True,1785393717080.0,-158.0,0.0,False
110a5ad3-384e-54ea-b924-9a6b8c21715d,1785393717242,sender -> receiver,0,True,1785393717092.0,-150.0,0.0,False
417d3fe8-3227-547d-a863-60a9396bbe1c,1785393717246,sender -> receiver,0,True,1785393717107.0,-139.0,0.0,False
064e2140-351e-501a-ac93-f3474059c64e,1785393717250,sender -> receiver,0,True,1785393717124.0,-126.0,0.0,False
55dd2590-6b47-505b-883e-d01a7bd1f8c9,1785393718257,sender -> receiver,0,True,1785393718152.0,-105.0,0.0,False
e4fc67bd-a5d3-5464-99a6-35a973d7f23c,1785393718261,sender -> receiver,0,True,1785393718169.0,-92.0,0.0,False
a69d8f78-99a7-51da-ae4e-03634aec1c95,1785393718265,sender -> receiver,0,True,1785393718189.0,-76.0,0.0,False
9118d868-fa55-5220-b068-78ff6420e258,1785393718269,sender -> receiver,0,True,1785393718208.0,-61.0,0.0,False
29d6a353-4e0c-59db-aacc-c74adf71bf23,1785393719241,sender -> receiver,0,True,1785393719080.0,-161.0,0.0,False
56bcc621-5d72-50db-a1fe-61c877e0112c,1785393719245,sender -> receiver,0,True,1785393719097.0,-148.0,0.0,False
b651d583-81b2-599b-ab1c-e1d33f907c04,1785393719249,sender -> receiver,0,True,1785393719116.0,-133.0,0.0,False
d4309821-e875-5cee-a68d-6202d50b1f6c,1785393719253,sender -> receiver,0,True,1785393719135.0,-118.0,0.0,False
fafa6bce-b4e2-59d8-8d6a-918af423da64,1785393720234,sender -> receiver,0,True,1785393720078.0,-156.0,0.0,False
7e6b257b-adac-5cfb-95d7-b1ef7266a7a3,1785393720238,sender -> receiver,0,True,1785393720101.0,-137.0,0.0,False
90983222-993a-5301-9824-894e7e8a0c2d,1785393720242,sender -> receiver,0,True,1785393720122.0,-120.0,0.0,False
1519f4b0-3d46-583b-9cc3-7c66a7caeff2,1785393720247,sender -> receiver,0,True,1785393720139.0,-108.0,0.0,False
cf136dd1-595b-5322-8ae6-70a98aedcdce,1785393721255,sender -> receiver,0,True,1785393721113.0,-142.0,0.0,False
1e0457b1-f5fd-52c4-811e-57e5da2bb7f2,1785393721260,sender -> receiver,0,True,1785393721134.0,-126.0,0.0,False
69874914-bfd4-53bf-a8b3-dda8d390b86a,1785393721266,sender -> receiver,0,True,1785393721153.0,-113.0,0.0,False
aa1bbe00-60f1-5be4-b937-6ccf19dcbf71,1785393721287,sender -> receiver,0,True,1785393721171.0,-116.0,0.0,False
7e819062-64fc-5989-8dac-de1e5de9ea9f,1785393722242,sender -> receiver,0,True,1785393722104.0,-138.0,0.0,False
c72c04f9-afdc-5f53-b6d2-6501eb781871,1785393722246,sender -> receiver,0,True,1785393722126.0,-120.0,0.0,False
a72c15e7-50d2-52a9-bdbc-0315c667c2cb,1785393722250,sender -> receiver,0,True,1785393722146.0,-104.0,0.0,False
ce58be8e-b5ca-5702-afcc-a923bd353822,1785393722253,sender -> receiver,0,True,1785393722164.0,-89.0,0.0,False
cccc6781-1ba8-547b-956f-7b53922d5cb0,1785393723249,sender -> receiver,0,True,1785393723126.0,-123.0,0.0,False
44e57839-d78a-5e71-bd26-3816a2b232a0,1785393723253,sender -> receiver,0,True,1785393723146.0,-107.0,0.0,False
645df144-4083-541b-8681-d4554a37bf57,1785393723257,sender -> receiver,0,True,1785393723165.0,-92.0,0.0,False
f20574a1-e539-5e15-a56d-ce20beff67c5,1785393723281,sender -> receiver,0,True,1785393723183.0,-98.0,0.0,False
5b306054-b576-5ea6-94da-e8aae31e1730,1785393724243,sender -> receiver,0,True,1785393724081.0,-162.0,0.0,False
427fd3a8-e367-5689-b5f9-28d296194caf,1785393724248,sender -> receiver,0,True,1785393724153.0,-95.0,0.0,False
86851565-0461-535e-be1d-7b569f9071dd,1785393724252,sender -> receiver,0,True,1785393724174.0,-78.0,0.0,False
bbbb8175-6ae9-5366-9cfb-4fed90fc430e,1785393724256,sender -> receiver,0,True,1785393724194.0,-62.0,0.0,False
756c0035-e89f-50d3-9c62-6f03a33a11ac,1785393725253,sender -> receiver,0,True,1785393725112.0,-141.0,0.0,False
81ee3b72-a5b1-5882-9b46-6bf1a0227cf0,1785393725258,sender -> receiver,0,True,1785393725131.0,-127.0,0.0,False
fef2a8af-e9c2-5f66-8a44-284b78c61288,1785393725261,sender -> receiver,0,True,1785393725150.0,-111.0,0.0,False
58a2ae8e-8cec-56a2-bfba-04e14813e68e,1785393725265,sender -> receiver,0,True,1785393725168.0,-97.0,0.0,False
f2f37776-3c5f-5ac0-acd9-5ddf8f80437d,1785393726246,sender -> receiver,0,True,1785393726138.0,-108.0,0.0,False
45809d74-df29-52d6-a531-55a105a62df3,1785393726249,sender -> receiver,0,True,1785393726164.0,-85.0,0.0,False
25ca67a9-4f05-5bda-aa49-d6293ed4a32b,1785393726272,sender -> receiver,0,True,1785393726184.0,-88.0,0.0,False
8287dc50-f42b-5344-88b3-733cddbdad43,1785393726276,sender -> receiver,0,True,1785393726204.0,-72.0,0.0,False
3d61ec61-4b4d-57f5-9751-3f7d7fe7a2b1,1785393767443,sender -> receiver,0,True,1785393767268.0,-175.0,0.0,False
4ad237db-b996-5119-9411-d50224d3a93d,1785393767447,sender -> receiver,0,True,1785393767309.0,-138.0,0.0,False
c1ae3f3e-1a71-5d7d-ac41-fd8b1f5bd4d1,1785393767452,sender -> receiver,0,True,1785393767335.0,-117.0,0.0,False
6c92e153-d5a9-52bf-90cc-bb257b1594ce,1785393767456,sender -> receiver,0,True,1785393767355.0,-101.0,0.0,False
f9d24d9e-0a28-579a-ade3-cab3d03cbae7,1785393768435,sender -> receiver,0,True,1785393768255.0,-180.0,0.0,False
b54866ce-6e61-5769-9ea2-fd68ac67206f,1785393768464,sender -> receiver,0,True,1785393768271.0,-193.0,0.0,False
d22e398a-97a1-508d-a46c-7ab5848d9d4d,1785393768468,sender -> receiver,0,True,1785393768354.0,-114.0,0.0,False
b9fac458-608d-567c-b6b1-c9d72c2e49e8,1785393768472,sender -> receiver,0,True,1785393768380.0,-92.0,0.0,False
87c591ac-2c3a-5497-8288-11439e4e779e,1785393769438,sender -> receiver,0,True,1785393769336.0,-102.0,0.0,False
ed2a580c-382a-5e55-bf93-d24c8a379e2a,1785393769442,sender -> receiver,0,True,1785393769355.0,-87.0,0.0,False
6881af1b-43f0-5d52-a076-bc34e664f012,1785393769447,sender -> receiver,0,True,1785393769372.0,-75.0,0.0,False
0871bc03-56fc-5834-acf5-9371444bdb19,1785393769483,sender -> receiver,0,True,1785393769409.0,-74.0,0.0,False
e652405d-d38e-5015-9047-90006e7d8b61,1785393770468,sender -> receiver,0,True,1785393770301.0,-167.0,0.0,False
aa8e8375-664b-5bf4-85db-236238d0c95e,1785393770472,sender -> receiver,0,True,1785393770382.0,-90.0,0.0,False
3e3f666f-fc24-5d61-8444-c47829bbe439,1785393770475,sender -> receiver,0,True,1785393770402.0,-73.0,0.0,False
da587b77-2cb5-5f1c-bca0-cc4adf94f1bc,1785393770479,sender -> receiver,0,True,1785393770420.0,-59.0,0.0,False
427ae034-ca28-50d7-a8ae-1bcffe1028e5,1785393771433,sender -> receiver,0,True,1785393771288.0,-145.0,0.0,False
e28187b5-7f51-511d-83d4-363c21af6aa4,1785393771438,sender -> receiver,0,True,1785393771317.0,-121.0,0.0,False
ac4ae422-d702-5d05-882a-07baf309df18,1785393771442,sender -> receiver,0,True,1785393771350.0,-92.0,0.0,False
b6e3faba-102c-515c-a23e-50b79c3bd76e,1785393771484,sender -> receiver,0,True,1785393771372.0,-112.0,0.0,False
53027ad2-59a4-51e4-aa07-2e1af7f2a5d8,1785393772434,sender -> receiver,0,True,1785393772259.0,-175.0,0.0,False
b0b9cba3-3873-5efa-a4f7-25e4478e9bba,1785393772438,sender -> receiver,0,True,1785393772286.0,-152.0,0.0,False
597b52a3-941d-5341-9c17-63fd111f1a59,1785393772480,sender -> receiver,0,True,1785393772305.0,-175.0,0.0,False
86f6b9b9-0882-5347-98bd-3f5a212f702a,1785393772484,sender -> receiver,0,True,1785393772351.0,-133.0,0.0,False
70ee546c-7810-58fa-aca2-4f1a77538ebd,1785393773445,sender -> receiver,0,True,1785393773347.0,-98.0,0.0,False
df03d595-85e6-50b8-ac5e-55a7b0297863,1785393773449,sender -> receiver,0,True,1785393773369.0,-80.0,0.0,False
019b1e3b-4f1c-5026-8307-b3f5dcc685c9,1785393773452,sender -> receiver,0,True,1785393773388.0,-64.0,0.0,False
54506651-bf4a-5dd7-ba45-0fcb81f5130a,1785393773492,sender -> receiver,0,True,1785393773405.0,-87.0,0.0,False
9f977452-fcd8-5e7e-bd0e-1ee609a81dac,1785393774462,sender -> receiver,0,True,1785393774306.0,-156.0,0.0,False
76bd2693-755b-58b5-9883-c057c98b11b3,1785393774469,sender -> receiver,0,True,1785393774339.0,-130.0,0.0,False
4766a8c1-8ff3-5e2e-847f-d41652c1b90a,1785393774494,sender -> receiver,0,True,1785393774367.0,-127.0,0.0,False
78d14d76-51e8-5471-87f4-545df4ebb386,1785393774500,sender -> receiver,0,True,1785393774385.0,-115.0,0.0,False
5de0862f-ab98-5d8b-92ca-8445a8f4d531,1785393775434,sender -> receiver,0,True,1785393775276.0,-158.0,0.0,False
5c176848-0627-5e7a-9a97-aec17c4a4ee6,1785393775438,sender -> receiver,0,True,1785393775299.0,-139.0,0.0,False
1b2f6cd1-b71e-520e-8135-634017cb376e,1785393775443,sender -> receiver,0,True,1785393775319.0,-124.0,0.0,False
3a83a6f5-25cd-55ea-ad9b-be00beb5e33d,1785393775447,sender -> receiver,0,True,1785393775339.0,-108.0,0.0,False
5da5663a-af59-5d09-9c26-c9f17a14ddf3,1785393776456,sender -> receiver,0,True,1785393776288.0,-168.0,0.0,False
baed8383-8402-57c6-97af-568e6699833c,1785393776460,sender -> receiver,0,True,1785393776311.0,-149.0,0.0,False
0a2288a6-fa1e-5bb7-8bf4-cfd393fef84e,1785393776463,sender -> receiver,0,True,1785393776329.0,-134.0,0.0,False
0bdd24a6-17b6-553c-a709-616589caca07,1785393776503,sender -> receiver,0,True,1785393776377.0,-126.0,0.0,False
687ab8b7-e010-503f-9b57-ffdba0161fec,1785393777456,sender -> receiver,0,True,1785393777251.0,-205.0,0.0,False
00000b59-4754-5659-87ee-13ad77abbf9e,1785393777462,sender -> receiver,0,True,1785393777314.0,-148.0,0.0,False
b6c14979-5fe9-55e5-807f-342b5c6f9136,1785393777467,sender -> receiver,0,True,1785393777343.0,-124.0,0.0,False
a0a2cae6-6742-5f2d-92ae-583cbb650aca,1785393777510,sender -> receiver,0,True,1785393777364.0,-146.0,0.0,False
cb78aca2-9604-5041-8a38-b73f02fd8ebd,1785393778448,sender -> receiver,0,True,1785393778360.0,-88.0,0.0,False
360da4e4-9436-5a5b-bfe4-246b49a65ffb,1785393778452,sender -> receiver,0,True,1785393778393.0,-59.0,0.0,False
6e690ccc-88e5-5b64-b6f1-415822092785,1785393778456,sender -> receiver,0,True,1785393778433.0,-23.0,0.0,False
65ac61a1-038c-5e4a-b7e3-f6e2d64dad97,1785393778460,sender -> receiver,0,True,1785393778455.0,-5.0,0.0,False
261d72c8-7e7c-55c7-b95d-e243396ad35f,1785393779463,sender -> receiver,0,True,1785393779295.0,-168.0,0.0,False
a38c0687-a59f-51d9-823d-6a441216c3a6,1785393779468,sender -> receiver,0,True,1785393779342.0,-126.0,0.0,False
e6d8b36e-5aeb-5cc5-a191-aa27a6f8a6d7,1785393779471,sender -> receiver,0,True,1785393779362.0,-109.0,0.0,False
a9a629f6-b012-57cb-a7cb-cff3c57777b4,1785393779508,sender -> receiver,0,True,1785393779404.0,-104.0,0.0,False
e91672dc-cff8-5cc2-b42b-88b2873220f0,1785393780494,sender -> receiver,0,True,1785393780322.0,-172.0,0.0,False
a859a883-55ea-530d-96c1-5ead50f79271,1785393780499,sender -> receiver,0,True,1785393780368.0,-131.0,0.0,False
b38ad45a-b15b-548d-bc67-dfda80997c95,1785393780503,sender -> receiver,0,True,1785393780392.0,-111.0,0.0,False
e3c08599-13cf-54a6-a4c9-926f89f7f7f3,1785393780546,sender -> receiver,0,True,1785393780410.0,-136.0,0.0,False
b07fd42a-cfdb-5c69-a2d2-ed9015b30a63,1785393781440,sender -> receiver,0,True,1785393781261.0,-179.0,0.0,False
0944f3c8-b352-5819-9421-910251c0db08,1785393781445,sender -> receiver,0,True,1785393781275.0,-170.0,0.0,False
470e39ce-6c47-50d4-b91b-83b17509bdd0,1785393781451,sender -> receiver,0,True,1785393781344.0,-107.0,0.0,False
a5d539e2-06c7-59ef-b5ed-8e929756a67a,1785393781496,sender -> receiver,0,True,1785393781365.0,-131.0,0.0,False
b7d7aca9-502c-5f16-9735-a2decafd23b1,1785393782434,sender -> receiver,0,True,1785393782265.0,-169.0,0.0,False
a900dd60-9442-5b82-8f8e-70b2d02dc9e5,1785393782438,sender -> receiver,0,True,1785393782306.0,-132.0,0.0,False
7b381d4b-76ce-5573-9720-c58fb37b2ab9,1785393782443,sender -> receiver,0,True,1785393782331.0,-112.0,0.0,False
24ba34fa-616f-5e44-9476-5e0f50911d20,1785393782447,sender -> receiver,0,True,1785393782379.0,-68.0,0.0,False
50b85c8f-16b9-50c6-a555-2f4c9972b191,1785393783442,sender -> receiver,0,True,1785393783297.0,-145.0,0.0,False
077939ad-d8b7-5233-96f0-c3da1027ffd9,1785393783446,sender -> receiver,0,True,1785393783322.0,-124.0,0.0,False
cec1cd59-eff0-52da-8ee3-62bfe357eca4,1785393783481,sender -> receiver,0,True,1785393783341.0,-140.0,0.0,False
421f49c0-16b9-5a56-ac25-34a7597a7e61,1785393783485,sender -> receiver,0,True,1785393783359.0,-126.0,0.0,False
64725c84-65c5-5d13-bdcb-9345341f13c7,1785393784434,sender -> receiver,0,True,1785393784272.0,-162.0,0.0,False
b09fa404-cb69-51b9-a8ac-6090af2274f7,1785393784439,sender -> receiver,0,True,1785393784320.0,-119.0,0.0,False
128e4742-cfa2-5425-88d9-3b9f80436ae5,1785393784443,sender -> receiver,0,True,1785393784349.0,-94.0,0.0,False
e4a7c901-cb2b-5faa-8491-b80f23720326,1785393784485,sender -> receiver,0,True,1785393784395.0,-90.0,0.0,False
2b640630-92f9-5494-9c72-21678d70bd6b,1785393785475,sender -> receiver,0,True,1785393785314.0,-161.0,0.0,False
d97da4ec-97c8-5654-b090-150903f96138,1785393785480,sender -> receiver,0,True,1785393785344.0,-136.0,0.0,False
3b7a0c22-b690-5417-869f-dcbb77e3d03a,1785393785484,sender -> receiver,0,True,1785393785367.0,-117.0,0.0,False
b5fc4f34-e7bd-5180-945d-05b87d7061dd,1785393785488,sender -> receiver,0,True,1785393785387.0,-101.0,0.0,False
f08fb81f-ce08-5bcd-9ae8-33bcd606a43d,1785393786442,sender -> receiver,0,True,1785393786284.0,-158.0,0.0,False
800eec58-3168-55ca-a887-0d2efeb43438,1785393786448,sender -> receiver,0,True,1785393786379.0,-69.0,0.0,False
4a1e2084-3b44-593b-857e-37454b158727,1785393786453,sender -> receiver,0,True,1785393786397.0,-56.0,0.0,False
e1b26809-f4b2-5a8b-a25e-80b66435886f,1785393786494,sender -> receiver,0,True,1785393786414.0,-80.0,0.0,False
302230cf-2434-55ff-afc7-76802ac6f919,1785393787434,sender -> receiver,0,True,1785393787268.0,-166.0,0.0,False
19f03751-f035-5258-bf79-8d7e4d428e25,1785393787439,sender -> receiver,0,True,1785393787293.0,-146.0,0.0,False
e3a4ef21-bfc1-5e26-a5d9-60ff4680e07f,1785393787443,sender -> receiver,0,True,1785393787312.0,-131.0,0.0,False
9ea0b835-39ae-568f-a7ef-0e91e57a50c2,1785393787448,sender -> receiver,0,True,1785393787333.0,-115.0,0.0,False
74aad8da-0f55-5b0e-b444-03c3f8f12ada,1785393788447,sender -> receiver,0,True,1785393788280.0,-167.0,0.0,False
e348569f-af06-5d60-9a65-1d97d7871d82,1785393788454,sender -> receiver,0,True,1785393788299.0,-155.0,0.0,False
c0aa6dea-c006-5f03-824f-655e815bed2b,1785393788461,sender -> receiver,0,True,1785393788347.0,-114.0,0.0,False
292c0bd0-fa8a-5eaf-b0a9-a0fb67a28386,1785393788467,sender -> receiver,0,True,1785393788370.0,-97.0,0.0,False
867b05a7-1256-5514-9f3a-20e30c6186a6,1785393789453,sender -> receiver,0,True,1785393789467.0,14.0,0.0,False
fee14666-d397-5444-8a20-68531dff7b1d,1785393789458,sender -> receiver,0,True,1785393789486.0,28.0,0.0,False
52048a07-85b2-5bd9-ab31-5e87a0078962,1785393789464,sender -> receiver,0,True,1785393789504.0,40.0,0.0,False
8c8dc128-7998-541f-8d43-507f21f49172,1785393789502,sender -> receiver,0,True,1785393789521.0,19.0,0.0,False
2b5a7ca7-454b-5f4f-b78a-e0e57504d193,1785393790431,sender -> receiver,0,True,1785393790366.0,-65.0,0.0,False
07ecc2f1-a85d-5203-80fb-d671b60738ba,1785393790435,sender -> receiver,0,True,1785393790431.0,-4.0,0.0,False
c72ed3d4-1bbf-50ba-8fae-3333b2d3db96,1785393790440,sender -> receiver,0,True,1785393790451.0,11.0,0.0,False
f55ca161-04b1-5cf1-8014-b5e50988ecdd,1785393790443,sender -> receiver,0,True,1785393790584.0,141.0,0.0,False
7221283e-bc64-586f-8a03-e55aa6027e86,1785393791431,sender -> receiver,0,True,1785393791531.0,100.0,0.0,False
abf9b0d3-9936-5979-a7b2-845e9967bd2f,1785393791435,sender -> receiver,0,True,1785393791549.0,114.0,0.0,False
f314a6e8-6c9a-57e0-9bdd-7c3a3bdda5de,1785393791439,sender -> receiver,0,True,1785393791568.0,129.0,0.0,False
13cddcdf-c12f-58e1-9f34-ab464d5cf98d,1785393791483,sender -> receiver,0,True,1785393791634.0,151.0,0.0,False
0314c072-4053-5624-a544-23f8646a2f88,1785393837155,sender -> receiver,0,True,1785393836972.0,-183.0,0.0,False
fce28c33-fd2c-5d4e-90bb-e74bddb98b69,1785393837159,sender -> receiver,0,True,1785393837051.0,-108.0,0.0,False
75142ff8-fd6f-5f7d-90c9-fc6b929f4234,1785393837162,sender -> receiver,0,True,1785393837078.0,-84.0,0.0,False
0c23ed78-752d-5760-8be6-bd42db80b2e3,1785393837167,sender -> receiver,0,True,1785393837102.0,-65.0,0.0,False
5a8b4ec6-8cef-538c-afbe-25969be9320e,1785393837170,sender -> receiver,0,True,1785393837127.0,-43.0,0.0,False
4edaf478-9357-59ca-b1f2-08ae31e151a1,1785393838154,sender -> receiver,0,True,1785393837998.0,-156.0,0.0,False
84362c79-ea66-5696-9a2a-7707e15672bb,1785393838157,sender -> receiver,0,True,1785393838018.0,-139.0,0.0,False
72ee46e8-e4d9-5c7d-a386-54196e1e8682,1785393838160,sender -> receiver,0,True,1785393838040.0,-120.0,0.0,False
0df5e85c-87f3-5301-a4fc-3e6dd85aff2d,1785393838163,sender -> receiver,0,True,1785393838064.0,-99.0,0.0,False
a75f0b92-f0e9-5c2c-a423-8d25215e2c01,1785393838167,sender -> receiver,0,True,1785393838085.0,-82.0,0.0,False
57f91db4-4950-5907-88c6-0e1c062e52ab,1785393839158,sender -> receiver,0,True,1785393838995.0,-163.0,0.0,False
4be1cb5f-6d39-575f-af63-c1aaa9d43d5e,1785393839162,sender -> receiver,0,True,1785393839018.0,-144.0,0.0,False
f251bcb8-7b09-5453-92a3-b4301cbff7e5,1785393839166,sender -> receiver,0,True,1785393839044.0,-122.0,0.0,False
33765645-169a-55a2-97a5-99f303792e26,1785393839192,sender -> receiver,0,True,1785393839113.0,-79.0,0.0,False
70de29c5-3b85-5705-ab06-4af9346e800d,1785393839196,sender -> receiver,0,True,1785393839141.0,-55.0,0.0,False
b1cc65a5-8438-587d-b1b2-44369cfacb70,1785393840156,sender -> receiver,0,True,1785393840047.0,-109.0,0.0,False
fd683378-3532-5418-86ad-05fdf6a09d0e,1785393840159,sender -> receiver,0,True,1785393840058.0,-101.0,0.0,False
04e76579-cac0-5ea9-9690-2184aae2cced,1785393840163,sender -> receiver,0,True,1785393840069.0,-94.0,0.0,False
b9dc3d26-f7f8-51b2-a40b-3bcfd4e5cadc,1785393840184,sender -> receiver,0,True,1785393840085.0,-99.0,0.0,False
5713fea0-0165-53d4-8bf5-6d589afa3721,1785393840187,sender -> receiver,0,True,1785393840101.0,-86.0,0.0,False
5ac2c531-ff1f-504a-9de1-2344ec933ebb,1785393841168,sender -> receiver,0,True,1785393840975.0,-193.0,0.0,False
fcaf45e3-273c-57ae-ae20-469138cdfca2,1785393841172,sender -> receiver,0,True,1785393841048.0,-124.0,0.0,False
1c88862d-a58e-5b73-becc-b2228e5023f2,1785393841176,sender -> receiver,0,True,1785393841068.0,-108.0,0.0,False
ef6bc144-9977-53fb-b841-eda1f2bb541f,1785393841202,sender -> receiver,0,True,1785393841092.0,-110.0,0.0,False
4f460e80-9553-5639-a3b8-c4ec456c443a,1785393842156,sender -> receiver,0,True,1785393842074.0,-82.0,0.0,False
2b23fd81-2032-5362-adda-ee6bdb0f7672,1785393842159,sender -> receiver,0,True,1785393842087.0,-72.0,0.0,False
5264da40-b25d-5c88-9bba-07f57bb8d7d6,1785393842183,sender -> receiver,0,True,1785393842105.0,-78.0,0.0,False
b87d32bd-16f6-50d7-9710-6e3f0ea5714c,1785393842187,sender -> receiver,0,True,1785393842149.0,-38.0,0.0,False
87fd7b14-c62e-5c95-9b96-3e9694b955df,1785393842191,sender -> receiver,0,True,1785393842190.0,-1.0,0.0,False
fa40aaed-3341-57df-b70c-f7e65d84b47e,1785393843164,sender -> receiver,0,True,1785393843054.0,-110.0,0.0,False
334f104c-ce5f-5ee1-aaad-161c2763f3fa,1785393843169,sender -> receiver,0,True,1785393843066.0,-103.0,0.0,False
f3ac3ba5-6bce-5ba1-b191-07f03c7851ef,1785393843174,sender -> receiver,0,True,1785393843077.0,-97.0,0.0,False
007ff5e9-0b8f-5444-b6ed-7cb911f28502,1785393843205,sender -> receiver,0,True,1785393843094.0,-111.0,0.0,False
ca661ba7-004a-5445-8330-cae5c4411f89,1785393843211,sender -> receiver,0,True,1785393843177.0,-34.0,0.0,False
00e84c78-2ac5-54ae-a263-214e7a4cce2f,1785393844198,sender -> receiver,0,True,1785393844126.0,-72.0,0.0,False
9ec50046-a62b-5212-a6c1-0554de4e01f6,1785393844202,sender -> receiver,0,True,1785393844153.0,-49.0,0.0,False
2e3ce8dd-6b75-5b06-accd-38a9e60486b9,1785393844206,sender -> receiver,0,True,1785393844175.0,-31.0,0.0,False
ccf55c0e-f86a-5268-907b-15daf83e88ef,1785393844229,sender -> receiver,0,True,1785393844198.0,-31.0,0.0,False
caafe9de-3044-52f6-9483-a9e3e5ae24db,1785393844234,sender -> receiver,0,True,1785393844248.0,14.0,0.0,False
606b0686-3882-56f6-aab8-a8c5eee2053c,1785393845147,sender -> receiver,0,True,1785393845045.0,-102.0,0.0,False
a1e0a868-9060-5157-95e2-4731a8833288,1785393845150,sender -> receiver,0,True,1785393845072.0,-78.0,0.0,False
0c1880ab-99e9-54d3-9ee8-43ff5f13c866,1785393845174,sender -> receiver,0,True,1785393845103.0,-71.0,0.0,False
5c130748-0d7f-5aa5-a244-84ec8d862b6e,1785393845179,sender -> receiver,0,True,1785393845165.0,-14.0,0.0,False
898764ef-00c3-5e2f-b1a8-e2081ad04760,1785393846186,sender -> receiver,0,True,1785393846036.0,-150.0,0.0,False
86555447-992f-5189-bcbb-eecaa3a4b101,1785393846190,sender -> receiver,0,True,1785393846081.0,-109.0,0.0,False
38906c70-9b41-5e83-b3f7-a65a9dd68d6c,1785393846194,sender -> receiver,0,True,1785393846106.0,-88.0,0.0,False
82422881-2090-5a99-862a-8bab4be91c1a,1785393846199,sender -> receiver,0,True,1785393846128.0,-71.0,0.0,False
3108a015-3d86-5116-86e8-dd1a732f7e59,1785393846229,sender -> receiver,0,True,1785393846194.0,-35.0,0.0,False
eed33a8c-8f45-5b3a-8bef-7c813dcda3ab,1785393847158,sender -> receiver,0,True,1785393846980.0,-178.0,0.0,False
426f338b-1545-54dc-9d1f-eff4bdfef7ec,1785393847163,sender -> receiver,0,True,1785393847038.0,-125.0,0.0,False
8dbf5324-829e-5d0d-baa6-748238d3508c,1785393847191,sender -> receiver,0,True,1785393847058.0,-133.0,0.0,False
7713519d-cc8a-5e18-9c22-5fe741a0c1d5,1785393847196,sender -> receiver,0,True,1785393847078.0,-118.0,0.0,False
9cd0e513-c2e5-5bbc-b6be-97169b866953,1785393847201,sender -> receiver,0,True,1785393847096.0,-105.0,0.0,False
b30d043f-8951-5cb5-ad65-e1d644c1f5b0,1785393848183,sender -> receiver,0,True,1785393847992.0,-191.0,0.0,False
281ad641-4372-5c02-bbca-a9e1bcb7789f,1785393848188,sender -> receiver,0,True,1785393848015.0,-173.0,0.0,False
7051ef8a-521d-5d37-b2bf-c5e1183bea5f,1785393848194,sender -> receiver,0,True,1785393848035.0,-159.0,0.0,False
b91d3fca-6aae-533d-9e43-5f47fe52cbae,1785393848224,sender -> receiver,0,True,1785393848055.0,-169.0,0.0,False
1344781f-d668-5a5b-9b7f-92a55bff5157,1785393848229,sender -> receiver,0,True,1785393848106.0,-123.0,0.0,False
a43456f4-9eb0-5208-8d5b-0d0adb0b5305,1785393849154,sender -> receiver,0,True,1785393849044.0,-110.0,0.0,False
0ff598ec-e352-51e5-b6e3-8b65ace7f90b,1785393849158,sender -> receiver,0,True,1785393849072.0,-86.0,0.0,False
8d85b564-e901-529e-a110-e412db61364b,1785393849180,sender -> receiver,0,True,1785393849092.0,-88.0,0.0,False
37161aab-dd89-5d65-b2e2-1f98596eaa35,1785393849185,sender -> receiver,0,True,1785393849111.0,-74.0,0.0,False
7b8e60bb-3fd5-5b38-b28a-8e00020ae89d,1785393850155,sender -> receiver,0,True,1785393849987.0,-168.0,0.0,False
9d2d9d60-1dbd-5608-b0ca-c3ed1eedd855,1785393850158,sender -> receiver,0,True,1785393850008.0,-150.0,0.0,False
43aaef04-cf0b-50c3-9e49-de84eec173be,1785393850162,sender -> receiver,0,True,1785393850042.0,-120.0,0.0,False
93a7c052-f813-521c-973e-336bcfc845dc,1785393850166,sender -> receiver,0,True,1785393850062.0,-104.0,0.0,False
da8bb4e8-dc6d-5cf6-a54d-865db12e71cc,1785393850169,sender -> receiver,0,True,1785393850082.0,-87.0,0.0,False
723ff928-9034-5bd3-b184-9c7a22bd742c,1785393851163,sender -> receiver,0,True,1785393850962.0,-201.0,0.0,False
335a8e4a-33dc-5a41-8b8b-4a8fefe21d9b,1785393851167,sender -> receiver,0,True,1785393850986.0,-181.0,0.0,False
5e1510b7-af02-5d76-b26a-28ada3942e4d,1785393851171,sender -> receiver,0,True,1785393851006.0,-165.0,0.0,False
2bb48613-75c7-5492-88d4-601d615656f6,1785393851193,sender -> receiver,0,True,1785393851057.0,-136.0,0.0,False
63da1b47-045a-5224-8f95-72451f789f55,1785393851197,sender -> receiver,0,True,1785393851081.0,-116.0,0.0,False
6f7fc168-6584-55a7-9bff-12e23e1bfcb3,1785393852154,sender -> receiver,0,True,1785393852050.0,-104.0,0.0,False
2b086e12-2633-5f19-9eb9-2f6204ac37f8,1785393852158,sender -> receiver,0,True,1785393852080.0,-78.0,0.0,False
34e1638a-b6fa-5e64-9cf1-69444396b40c,1785393852162,sender -> receiver,0,True,1785393852101.0,-61.0,0.0,False
700a853d-09b3-5e97-9349-4f00016e2359,1785393852166,sender -> receiver,0,True,1785393852120.0,-46.0,0.0,False
12e4b4d8-ccc9-5af9-b5b9-ff055bf19e13,1785393852190,sender -> receiver,0,True,1785393852172.0,-18.0,0.0,False
e610df51-925f-510f-9586-7efcb159dd36,1785393853150,sender -> receiver,0,True,1785393853013.0,-137.0,0.0,False
78260478-c967-5e49-ba7b-f6a33919ca34,1785393853154,sender -> receiver,0,True,1785393853040.0,-114.0,0.0,False
3d6aa281-0c7b-5847-b630-2c96dceca9b0,1785393853159,sender -> receiver,0,True,1785393853074.0,-85.0,0.0,False
5c197da4-3e55-5496-bce8-29e21dad66a3,1785393853163,sender -> receiver,0,True,1785393853131.0,-32.0,0.0,False
12cc478c-b7e0-5e00-8504-0a14c313c538,1785393854162,sender -> receiver,0,True,1785393854020.0,-142.0,0.0,False
1628f32a-c28d-5b12-bcc6-fa719bf11c84,1785393854186,sender -> receiver,0,True,1785393854099.0,-87.0,0.0,False
9f8eb126-a8a7-5a8b-a83f-4a7096298d73,1785393854190,sender -> receiver,0,True,1785393854120.0,-70.0,0.0,False
ecc875c3-3857-565e-8011-89043d7fb958,1785393854195,sender -> receiver,0,True,1785393854140.0,-55.0,0.0,False
04c268f2-4d02-5f3a-80ad-f59df97c9f61,1785393854217,sender -> receiver,0,True,1785393854159.0,-58.0,0.0,False
30aba937-a149-5f7d-a707-c41252a1c91e,1785393855177,sender -> receiver,0,True,1785393854985.0,-192.0,0.0,False
d0ee9d90-e226-5674-bad3-931a74fc0a3b,1785393855183,sender -> receiver,0,True,1785393855091.0,-92.0,0.0,False
73bc55e9-29b5-57ac-a8d3-1d8576217b26,1785393855188,sender -> receiver,0,True,1785393855110.0,-78.0,0.0,False
70b419b9-3983-51c7-a543-21f92bc7b3b1,1785393855194,sender -> receiver,0,True,1785393855128.0,-66.0,0.0,False
f2773198-afc9-5b16-8a4f-082452f21244,1785393855220,sender -> receiver,0,True,1785393855145.0,-75.0,0.0,False
1c88234b-328a-5f07-b467-88126878f7ef,1785393856176,sender -> receiver,0,True,1785393855969.0,-207.0,0.0,False
e06d8599-4df4-5a8c-a28a-cc9fe0ca48cb,1785393856181,sender -> receiver,0,True,1785393856002.0,-179.0,0.0,False
d01151a8-7022-58b8-98d7-2cc8c7e60767,1785393856187,sender -> receiver,0,True,1785393856047.0,-140.0,0.0,False
ac3251ab-6ec2-51a2-8d85-e50704077715,1785393856193,sender -> receiver,0,True,1785393856074.0,-119.0,0.0,False
7cb6a018-4e30-5878-abb0-079a8d86ad7d,1785393856217,sender -> receiver,0,True,1785393856096.0,-121.0,0.0,False
effd1423-ad68-55e8-bbcd-76283f624a30,1785393857187,sender -> receiver,0,True,1785393857052.0,-135.0,0.0,False
3449ed6e-53e1-5358-972b-5efde96f5042,1785393857191,sender -> receiver,0,True,1785393857089.0,-102.0,0.0,False
6ec467c8-d227-569b-a26d-4801bd64168d,1785393857194,sender -> receiver,0,True,1785393857111.0,-83.0,0.0,False
2ddaa13d-32fd-57b1-bb3e-594cd8d9c1a0,1785393857198,sender -> receiver,0,True,1785393857180.0,-18.0,0.0,False
0daa8c4c-3583-5a07-b58b-4eaadb9265de,1785393902386,sender -> receiver,0,True,1785393902185.0,-201.0,0.0,False
05206a8c-a736-5cc1-b7d9-b54e0d71f482,1785393902390,sender -> receiver,0,True,1785393902212.0,-178.0,0.0,False
6e353ec6-dc97-5420-8de3-532ed5d57484,1785393902394,sender -> receiver,0,True,1785393902231.0,-163.0,0.0,False
ff478def-fbdd-540a-b57b-8d05e5300f60,1785393902399,sender -> receiver,0,True,1785393902251.0,-148.0,0.0,False
7d34abf4-68f7-5fb4-984e-ef2c086fe2e3,1785393902426,sender -> receiver,0,True,1785393902292.0,-134.0,0.0,False
680af2b5-472e-516c-9e10-e1984c542992,1785393903418,sender -> receiver,0,True,1785393903227.0,-191.0,0.0,False
341fb3f7-bf09-5a5e-8ae1-5650d6f5faca,1785393903423,sender -> receiver,0,True,1785393903258.0,-165.0,0.0,False
2efadc2f-1143-54aa-a600-c3821491cf92,1785393903431,sender -> receiver,0,True,1785393903302.0,-129.0,0.0,False
54462576-2068-5b85-bf8c-d4f90687d1d8,1785393903453,sender -> receiver,0,True,1785393903338.0,-115.0,0.0,False
2ccbabe0-0b54-5fa7-bb1d-99f342b25885,1785393903457,sender -> receiver,0,True,1785393903362.0,-95.0,0.0,False
62e38c34-9d9c-5d54-a2bc-53ef596eaaba,1785393904396,sender -> receiver,0,True,1785393904270.0,-126.0,0.0,False
3e1acaea-72b3-54d6-bfff-fa094ab52445,1785393904400,sender -> receiver,0,True,1785393904282.0,-118.0,0.0,False
514b274e-c376-5f93-b410-d45935ecd1a7,1785393904403,sender -> receiver,0,True,1785393904340.0,-63.0,0.0,False
86de0827-1f37-538d-88c8-4ddaeda38421,1785393904406,sender -> receiver,0,True,1785393904411.0,5.0,0.0,False
58bc7ede-c5ca-58b8-b1f1-05ed238d6e6a,1785393904410,sender -> receiver,0,True,1785393904434.0,24.0,0.0,False
15f896fc-3b45-5f78-b52e-e58a08cdac7d,1785393905374,sender -> receiver,0,True,1785393905260.0,-114.0,0.0,False
f592095e-41bc-5f5c-8ad2-b2ed99ad91d3,1785393905403,sender -> receiver,0,True,1785393905296.0,-107.0,0.0,False
6a392c79-e945-5723-8864-5f9cf0dc4c8a,1785393905408,sender -> receiver,0,True,1785393905318.0,-90.0,0.0,False
f49712af-aa51-59b7-b3df-d4cfd6aace43,1785393905413,sender -> receiver,0,True,1785393905341.0,-72.0,0.0,False
346f439c-e8d6-532f-9dec-e7a9405d6dfa,1785393905418,sender -> receiver,0,True,1785393905386.0,-32.0,0.0,False
aa77928b-4b56-5f73-ba38-550452d654a2,1785393906387,sender -> receiver,0,True,1785393906238.0,-149.0,0.0,False
274d8c08-6353-599e-9927-2861906cc7f2,1785393906390,sender -> receiver,0,True,1785393906268.0,-122.0,0.0,False
ab31a0f6-b679-5125-8bd1-846b421daf30,1785393906394,sender -> receiver,0,True,1785393906292.0,-102.0,0.0,False
94749ed6-3496-51d6-9cf8-0cbde573cfe5,1785393906397,sender -> receiver,0,True,1785393906348.0,-49.0,0.0,False
f40f4ea3-11de-5ae7-87c0-27e3a19c0be1,1785393906400,sender -> receiver,0,True,1785393906368.0,-32.0,0.0,False
1884f027-b087-51ed-b563-e827cc873df6,1785393907387,sender -> receiver,0,True,1785393907224.0,-163.0,0.0,False
43cbd51a-df7a-5261-b5a0-c66387eb2727,1785393907392,sender -> receiver,0,True,1785393907305.0,-87.0,0.0,False
632216e4-5abe-5b1e-915b-2e43c2624e1b,1785393907396,sender -> receiver,0,True,1785393907332.0,-64.0,0.0,False
f6881854-ffd4-5057-9f01-7d276b0a2fb1,1785393907400,sender -> receiver,0,True,1785393907351.0,-49.0,0.0,False
4a54a56d-0d7d-54a1-82ed-252f19efd58c,1785393907405,sender -> receiver,0,True,1785393907370.0,-35.0,0.0,False
a8f96c37-3086-50eb-a672-704716281eb2,1785393908401,sender -> receiver,0,True,1785393908202.0,-199.0,0.0,False
34c7a4c1-5b12-5322-af37-2a337355a397,1785393908406,sender -> receiver,0,True,1785393908225.0,-181.0,0.0,False
e35394ac-47b5-5b46-bc7d-6882c40ef3e5,1785393908412,sender -> receiver,0,True,1785393908272.0,-140.0,0.0,False
4cf26802-7157-5d95-9fc5-eeb873c9ee42,1785393908415,sender -> receiver,0,True,1785393908300.0,-115.0,0.0,False
78461b8d-2264-5b8b-a997-ff0fd367564e,1785393908441,sender -> receiver,0,True,1785393908324.0,-117.0,0.0,False
b8ac28a7-2384-59c1-b2e5-e217406c2b73,1785393909402,sender -> receiver,0,True,1785393909194.0,-208.0,0.0,False
89d6795b-5cdc-5cec-a47c-a1204d7fc13a,1785393909406,sender -> receiver,0,True,1785393909255.0,-151.0,0.0,False
71b71101-894a-52f0-b2e8-f28b39c82218,1785393909411,sender -> receiver,0,True,1785393909276.0,-135.0,0.0,False
47b03ee3-a620-5470-bd58-0b04589e277b,1785393909414,sender -> receiver,0,True,1785393909297.0,-117.0,0.0,False
61eebace-809d-52f9-a535-17282f09af53,1785393909435,sender -> receiver,0,True,1785393909316.0,-119.0,0.0,False
69c0de0e-9c2a-5d94-8b7a-a8d5536b301f,1785393910366,sender -> receiver,0,True,1785393910192.0,-174.0,0.0,False
983a1195-6f66-5ceb-958c-748c065373b0,1785393910395,sender -> receiver,0,True,1785393910272.0,-123.0,0.0,False
fdd3bbd2-6703-5759-a08e-25fb7228a867,1785393910400,sender -> receiver,0,True,1785393910351.0,-49.0,0.0,False
dd027b7c-7e6e-5ecd-bfa5-99ddf42dbc62,1785393910405,sender -> receiver,0,True,1785393910370.0,-35.0,0.0,False
6b05d1c4-dd35-5d84-a41a-53ec8de56058,1785393910408,sender -> receiver,0,True,1785393910389.0,-19.0,0.0,False
59ae9f78-9ee0-5285-a2f3-d6cb6623339f,1785393911406,sender -> receiver,0,True,1785393911223.0,-183.0,0.0,False
2e57e80f-3d6f-51c4-8de9-5a50e67d5d57,1785393911411,sender -> receiver,0,True,1785393911252.0,-159.0,0.0,False
d971c934-2ea9-5b11-b520-e6dc502bdf26,1785393911417,sender -> receiver,0,True,1785393911282.0,-135.0,0.0,False
115c74f3-9517-5dd3-949a-9e73db4459be,1785393911421,sender -> receiver,0,True,1785393911304.0,-117.0,0.0,False
a056798e-2936-598f-8a98-979d2a7e3a6f,1785393911425,sender -> receiver,0,True,1785393911323.0,-102.0,0.0,False
56479ddc-9869-5f84-8465-264971660496,1785393912403,sender -> receiver,0,True,1785393912225.0,-178.0,0.0,False
666a80c0-6d11-51b1-ba9b-901ce8c07ae8,1785393912407,sender -> receiver,0,True,1785393912257.0,-150.0,0.0,False
c8230754-f822-5acd-a775-1c4b2f16a57a,1785393912412,sender -> receiver,0,True,1785393912314.0,-98.0,0.0,False
e8aad1aa-31e6-5577-ae4d-27200dd17643,1785393912417,sender -> receiver,0,True,1785393912337.0,-80.0,0.0,False
628721e7-e0a8-572a-bd30-3d7c88af20e6,1785393912421,sender -> receiver,0,True,1785393912360.0,-61.0,0.0,False
07f2318f-bd6f-5345-909d-117257a0d90e,1785393913390,sender -> receiver,0,True,1785393913212.0,-178.0,0.0,False
63cfe0d9-d58a-5d4f-a3fc-b566ecca5ce9,1785393913395,sender -> receiver,0,True,1785393913249.0,-146.0,0.0,False
7fe28323-0a82-577c-83dc-34017968b427,1785393913400,sender -> receiver,0,True,1785393913306.0,-94.0,0.0,False
f3424265-4a47-52f8-8e12-a30ab6413d7d,1785393913405,sender -> receiver,0,True,1785393913327.0,-78.0,0.0,False
fe22e8a9-fa69-55ba-968a-bebf5d32b525,1785393913429,sender -> receiver,0,True,1785393913348.0,-81.0,0.0,False
aacfafe2-39c8-5765-8713-61926a122f40,1785393914390,sender -> receiver,0,True,1785393914255.0,-135.0,0.0,False
9c3bb8fa-610c-552f-9633-68a062c267da,1785393914394,sender -> receiver,0,True,1785393914302.0,-92.0,0.0,False
47bfa73c-86c7-598d-98af-270512be4566,1785393914397,sender -> receiver,0,True,1785393914329.0,-68.0,0.0,False
ccce53da-dfda-5ede-8860-6d64037b4503,1785393914401,sender -> receiver,0,True,1785393914351.0,-50.0,0.0,False
1862256b-ef24-5366-ac70-a00db5feec7b,1785393914428,sender -> receiver,0,True,1785393914398.0,-30.0,0.0,False
45b26ce7-c1f1-5776-bcec-596c80b8e5f4,1785393915389,sender -> receiver,0,True,1785393915247.0,-142.0,0.0,False
da903155-6e78-5841-b9f1-90ee3430e763,1785393915393,sender -> receiver,0,True,1785393915284.0,-109.0,0.0,False
caf5e1cf-f7cd-5d45-acbd-e6eeba003b2a,1785393915396,sender -> receiver,0,True,1785393915343.0,-53.0,0.0,False
adcbfe8c-0eef-5b04-94d1-dc237be3d3fa,1785393915418,sender -> receiver,0,True,1785393915371.0,-47.0,0.0,False
ff1a869f-bdc7-5761-9d2b-97ab1fc26eaa,1785393915422,sender -> receiver,0,True,1785393915391.0,-31.0,0.0,False
4e08533b-25d8-5904-b0f4-29add068210a,1785393916415,sender -> receiver,0,True,1785393916231.0,-184.0,0.0,False
60669d63-fa20-59e2-b502-564be6e18894,1785393916420,sender -> receiver,0,True,1785393916265.0,-155.0,0.0,False
0134954b-5365-51b6-9b11-1239ee1d72c7,1785393916424,sender -> receiver,0,True,1785393916309.0,-115.0,0.0,False
0520b413-7f2a-582f-ab65-6951e51465e4,1785393916430,sender -> receiver,0,True,1785393916331.0,-99.0,0.0,False
847543eb-865b-5cd8-a9ba-e98d05c2b134,1785393916454,sender -> receiver,0,True,1785393916352.0,-102.0,0.0,False
a4e8ba11-6337-5166-918b-869d9fe77868,1785393917391,sender -> receiver,0,True,1785393917219.0,-172.0,0.0,False
bd745b50-815b-521c-965d-bf07a93d16ef,1785393917395,sender -> receiver,0,True,1785393917257.0,-138.0,0.0,False
8347fdcc-2b08-590f-b9b5-d65b9ae525bd,1785393917399,sender -> receiver,0,True,1785393917280.0,-119.0,0.0,False
4e06b409-f5c1-5b16-b8e5-3ba546ccf95f,1785393917403,sender -> receiver,0,True,1785393917302.0,-101.0,0.0,False
efae44d0-98ff-500a-aa06-bcd078661853,1785393917407,sender -> receiver,0,True,1785393917348.0,-59.0,0.0,False
3db1386e-1257-5dcd-bf75-f9e877f3ab8b,1785393918392,sender -> receiver,0,True,1785393918201.0,-191.0,0.0,False
2e38d32a-6724-5bd8-8ea2-3bf8ff065a0c,1785393918396,sender -> receiver,0,True,1785393918230.0,-166.0,0.0,False
acb7543c-9961-52ae-89de-1edd557ed0a5,1785393918401,sender -> receiver,0,True,1785393918250.0,-151.0,0.0,False
a1202682-37ee-5f92-b919-0117c4077c5b,1785393918405,sender -> receiver,0,True,1785393918297.0,-108.0,0.0,False
138c45f6-7465-5d4c-9692-07d9c50084d9,1785393918430,sender -> receiver,0,True,1785393918317.0,-113.0,0.0,False
4c8d9e5f-827e-5e67-a2ea-d5ce763c16f8,1785393919383,sender -> receiver,0,True,1785393919245.0,-138.0,0.0,False
f58fdabc-ef59-5efa-9ddf-9b4950421774,1785393919387,sender -> receiver,0,True,1785393919283.0,-104.0,0.0,False
5ee92497-593f-54f8-a815-4155e1ee0268,1785393919390,sender -> receiver,0,True,1785393919308.0,-82.0,0.0,False
558085d0-528f-576e-8f43-fa7abe9bef9b,1785393919394,sender -> receiver,0,True,1785393919363.0,-31.0,0.0,False
8e0f0a05-5bd0-5f08-b43e-7493f388065c,1785393919397,sender -> receiver,0,True,1785393919440.0,43.0,0.0,False
159661af-d3ae-5f98-9430-3e81f612de14,1785393920374,sender -> receiver,0,True,1785393920217.0,-157.0,0.0,False
3c1f7dec-a5ac-52d8-a9b4-18418789cf23,1785393920397,sender -> receiver,0,True,1785393920273.0,-124.0,0.0,False
fef5f71a-5b89-5892-bfa3-cd3bfff4e214,1785393920401,sender -> receiver,0,True,1785393920295.0,-106.0,0.0,False
4427c870-a796-5b84-a3a3-33ce3de75da4,1785393920404,sender -> receiver,0,True,1785393920317.0,-87.0,0.0,False
d12e2f2a-2831-56ee-b10a-3eb038762c10,1785393920408,sender -> receiver,0,True,1785393920366.0,-42.0,0.0,False
d1f4bc08-7ec3-5756-b85c-d852a4d73147,1785393921386,sender -> receiver,0,True,1785393921213.0,-173.0,0.0,False
69df424e-25dd-59b1-adc3-a55bc648177a,1785393921390,sender -> receiver,0,True,1785393921242.0,-148.0,0.0,False
eb15614a-af2e-5f9e-bbd9-78d34c5ea8c0,1785393921393,sender -> receiver,0,True,1785393921262.0,-131.0,0.0,False
497d96b5-3267-580b-96dd-6eb3dbc64e4e,1785393921397,sender -> receiver,0,True,1785393921303.0,-94.0,0.0,False
b8577c47-f016-5c80-b514-e76ce7a04e81,1785393921416,sender -> receiver,0,True,1785393921325.0,-91.0,0.0,False
b7d9509f-387e-5c86-9b78-385e6b1272f2,1785394121431,sender -> receiver,0,True,1785394121761.0,330.0,0.0,False
51fa5edd-7d81-5322-91d0-d3cd08ab8026,1785394121458,sender -> receiver,0,True,1785394121771.0,313.0,0.0,False
9554f9e1-f7cb-52ec-a600-26ffd205ff39,1785394121463,sender -> receiver,0,True,1785394121815.0,352.0,0.0,False
649c1279-0b7e-5910-ac9a-46670dbe65b9,1785394121467,sender -> receiver,0,True,1785394121839.0,372.0,0.0,False
b7f8dd88-9121-5bfa-a8a7-f7cfd6bb1336,1785394121471,sender -> receiver,0,True,1785394121860.0,389.0,0.0,False
ac473628-165d-528b-8443-3af12fada163,1785394121512,sender -> receiver,0,True,1785394121877.0,365.0,0.0,False
17077265-185a-5489-b291-a3aba6cf2eee,1785394122446,sender -> receiver,0,True,1785394122234.0,-212.0,0.0,False
76e03692-6702-5feb-9f6a-e7a33bce257d,1785394122452,sender -> receiver,0,True,1785394122317.0,-135.0,0.0,False
217013c6-5f71-59b1-b55b-38baff22b3e1,1785394122457,sender -> receiver,0,True,1785394122355.0,-102.0,0.0,False
e9201ea0-2d18-550e-a5ef-3c48115360e9,1785394122461,sender -> receiver,0,True,1785394122494.0,33.0,0.0,False
4e3c0a65-a177-5064-8cae-30a68f3adaa7,1785394122464,sender -> receiver,0,True,1785394122563.0,99.0,0.0,False
623bd931-10f6-5420-b2db-94f2a2cbd144,1785394122467,sender -> receiver,0,True,1785394122593.0,126.0,0.0,False
4f1e57d4-f2e8-5db8-b42b-94eb69632d1f,1785394123470,sender -> receiver,0,True,1785394123272.0,-198.0,0.0,False
a073db67-dbe4-5c8a-8e24-097348afe203,1785394123476,sender -> receiver,0,True,1785394123303.0,-173.0,0.0,False
8cb8e114-9871-5b7b-b25b-5b6ff6d28b34,1785394123481,sender -> receiver,0,True,1785394123323.0,-158.0,0.0,False
c6028062-17e7-57ac-ae0b-ea8f00174117,1785394123486,sender -> receiver,0,True,1785394123349.0,-137.0,0.0,False
db13b3d1-76ac-511c-97e6-0e2c912befe3,1785394123531,sender -> receiver,0,True,1785394123399.0,-132.0,0.0,False
b31efb6d-9702-5750-8221-572067f13f78,1785394123536,sender -> receiver,0,True,1785394123444.0,-92.0,0.0,False
af545c95-6fdb-54ab-ad48-a29f2fc22603,1785394124459,sender -> receiver,0,True,1785394124278.0,-181.0,0.0,False
3291110d-7e05-5fec-a05c-64aa7a3175fe,1785394124464,sender -> receiver,0,True,1785394124307.0,-157.0,0.0,False
810ef503-3478-54fa-84a2-c0e26480b25f,1785394124469,sender -> receiver,0,True,1785394124334.0,-135.0,0.0,False
6f46fcc9-8605-570b-80b1-d0a405f3a871,1785394124513,sender -> receiver,0,True,1785394124357.0,-156.0,0.0,False
8ed18a1e-1b61-5097-ae25-254fc4bd5a8b,1785394124518,sender -> receiver,0,True,1785394124422.0,-96.0,0.0,False
36cca121-64fe-5bc9-8864-8ef39d879715,1785394124522,sender -> receiver,0,True,1785394124451.0,-71.0,0.0,False
77736757-dfef-57f7-8195-c55a0e74d9b9,1785394125475,sender -> receiver,0,True,1785394125302.0,-173.0,0.0,False
9eebb443-fabe-5bf8-9ee9-2a6d14563aa4,1785394125479,sender -> receiver,0,True,1785394125342.0,-137.0,0.0,False
fae6d525-272c-5455-9d7a-29884dfc972c,1785394125484,sender -> receiver,0,True,1785394125364.0,-120.0,0.0,False
92a37ddf-322e-573e-8aa5-4d9172980e5f,1785394125522,sender -> receiver,0,True,1785394125388.0,-134.0,0.0,False
455adbff-94bb-5132-ac7d-4fc8d2d6928c,1785394125528,sender -> receiver,0,True,1785394125436.0,-92.0,0.0,False
d3ab6e2e-2f51-54b1-87b4-baf6ea0b1329,1785394125533,sender -> receiver,0,True,1785394125462.0,-71.0,0.0,False
fe278be7-88ad-5262-aff0-cf373207a19e,1785394126472,sender -> receiver,0,True,1785394126341.0,-131.0,0.0,False
1e3b73c3-8cb4-52d6-8370-235a48951b96,1785394126478,sender -> receiver,0,True,1785394126392.0,-86.0,0.0,False
c11dd984-9597-5f95-9f42-9e399676a7b4,1785394126494,sender -> receiver,0,True,1785394126412.0,-82.0,0.0,False
1730b914-af53-55d7-9a94-2f3e97f9d684,1785394126497,sender -> receiver,0,True,1785394126432.0,-65.0,0.0,False
a32b6764-5a3c-51bf-9fc6-15f859709790,1785394126537,sender -> receiver,0,True,1785394126451.0,-86.0,0.0,False
357c8f96-2fd2-5819-b58d-268516ce3a3b,1785394126543,sender -> receiver,0,True,1785394126469.0,-74.0,0.0,False
635bf5a5-888f-5d64-9b79-4b49281f0953,1785394127446,sender -> receiver,0,True,1785394127325.0,-121.0,0.0,False
9ff97589-f777-505f-b47a-cb783e53dfa2,1785394127451,sender -> receiver,0,True,1785394127345.0,-106.0,0.0,False
48017788-404b-512d-ad55-3f20f57d8082,1785394127455,sender -> receiver,0,True,1785394127389.0,-66.0,0.0,False
4556adb5-809e-5e03-8133-68c39804bd93,1785394127459,sender -> receiver,0,True,1785394127411.0,-48.0,0.0,False
eff514ea-ae67-5b23-a33d-0fa29611738e,1785394127463,sender -> receiver,0,True,1785394127475.0,12.0,0.0,False
34fa01c4-b717-505f-9734-5959105ee5d2,1785394127504,sender -> receiver,0,True,1785394127495.0,-9.0,0.0,False
f02d5c69-dec0-544a-8cad-a74d02b474d8,1785394128422,sender -> receiver,0,True,1785394128260.0,-162.0,0.0,False
435fa3f8-7120-5182-83e5-eded62910e4b,1785394128449,sender -> receiver,0,True,1785394128281.0,-168.0,0.0,False
97fa22fe-adaf-5ca0-a830-a19fe22e89dd,1785394128456,sender -> receiver,0,True,1785394128308.0,-148.0,0.0,False
97961bc0-c744-5e80-b9ef-f95f43730800,1785394128461,sender -> receiver,0,True,1785394128359.0,-102.0,0.0,False
9c94207f-8592-5715-a3db-3866282b0879,1785394128466,sender -> receiver,0,True,1785394128378.0,-88.0,0.0,False
baffc2fe-509c-5c26-ae16-2c075d2ddef8,1785394128470,sender -> receiver,0,True,1785394128398.0,-72.0,0.0,False
eedabc6c-865c-52be-bf10-12d2fbe28ae9,1785394129429,sender -> receiver,0,True,1785394129405.0,-24.0,0.0,False
30d4344a-222b-5fd1-a30d-50b784da7c55,1785394129433,sender -> receiver,0,True,1785394129424.0,-9.0,0.0,False
e410a8d0-0a0a-5c39-9d38-c2f5244f4c63,1785394129438,sender -> receiver,0,True,1785394129443.0,5.0,0.0,False
4cf594c1-f077-533b-8a19-881c91acb113,1785394129442,sender -> receiver,0,True,1785394129461.0,19.0,0.0,False
04f0b4d9-6d02-5062-bd8c-e908fc3757e1,1785394129487,sender -> receiver,0,True,1785394129480.0,-7.0,0.0,False
d311cee4-d14c-57e6-ae52-d1b7c262bbf5,1785394130459,sender -> receiver,0,True,1785394130417.0,-42.0,0.0,False
c4c16f1c-05b5-524d-8a2c-dfdfa8d9c029,1785394130464,sender -> receiver,0,True,1785394130435.0,-29.0,0.0,False
db592bac-627e-584a-acf6-cd1ee86a84b8,1785394130468,sender -> receiver,0,True,1785394130455.0,-13.0,0.0,False
ce41cc45-b973-53b8-b6b4-8d4394d73d93,1785394130510,sender -> receiver,0,True,1785394130473.0,-37.0,0.0,False
0f8efc5f-c1c4-5a94-a387-e8666d7189fa,1785394130514,sender -> receiver,0,True,1785394130491.0,-23.0,0.0,False
b863d16d-1f82-5f24-9033-faf00ecfe2b7,1785394130517,sender -> receiver,0,True,1785394130535.0,18.0,0.0,False
1d3dfffe-18ae-5df4-9cd6-b976d2e761af,1785394131444,sender -> receiver,0,True,1785394131400.0,-44.0,0.0,False
f5e6c21d-c22e-5ed0-98d6-6ab063f4bbf3,1785394131451,sender -> receiver,0,True,1785394131459.0,8.0,0.0,False
3e53f80c-596c-5c0f-a43e-4b0b9df45518,1785394131456,sender -> receiver,0,True,1785394131478.0,22.0,0.0,False
cea4bb8d-258a-561c-aa67-7457681c0445,1785394131460,sender -> receiver,0,True,1785394131502.0,42.0,0.0,False
800fec77-5cf5-5120-ba94-d87a9ea99689,1785394131467,sender -> receiver,0,True,1785394131521.0,54.0,0.0,False
979ce25f-075a-5f7a-8ac4-7ea7b0655882,1785394131470,sender -> receiver,0,True,1785394131538.0,68.0,0.0,False
cdf865fd-bb6d-5701-ad89-eb6e6faa490b,1785394132445,sender -> receiver,0,True,1785394132256.0,-189.0,0.0,False
458dae9e-3afd-5dee-93d1-e33ca9cf9b5d,1785394132451,sender -> receiver,0,True,1785394132323.0,-128.0,0.0,False
cc5b2dc7-ae91-5607-aafd-7d550c2c25bd,1785394132456,sender -> receiver,0,True,1785394132349.0,-107.0,0.0,False
e9de6916-d191-521e-b840-c5698b654d15,1785394132461,sender -> receiver,0,True,1785394132369.0,-92.0,0.0,False
b57896ae-c0d0-5da7-87ce-4b02e9c83749,1785394132465,sender -> receiver,0,True,1785394132412.0,-53.0,0.0,False
abaad186-4f36-58db-b768-22cb958d9877,1785394132507,sender -> receiver,0,True,1785394132433.0,-74.0,0.0,False
08b8ef43-05df-5eb2-a48e-0ef1ad6545b1,1785394133438,sender -> receiver,0,True,1785394133397.0,-41.0,0.0,False
4d251815-10be-54fa-beb4-0ba1f74e8cb1,1785394133464,sender -> receiver,0,True,1785394133415.0,-49.0,0.0,False
2ea6f144-0903-507d-92b0-b3e3eb3327fb,1785394133469,sender -> receiver,0,True,1785394133435.0,-34.0,0.0,False
bc48f227-a4f9-5173-b597-8ee0699e0a49,1785394133474,sender -> receiver,0,True,1785394133485.0,11.0,0.0,False
cb263a20-86c6-5d41-9f39-7cad244e6464,1785394133478,sender -> receiver,0,True,1785394133507.0,29.0,0.0,False
f0608c0e-cc72-5361-baf6-dee9fce55cd4,1785394133521,sender -> receiver,0,True,1785394133529.0,8.0,0.0,False
f6c954ac-b368-55de-9c7d-d79a8ced310d,1785394134464,sender -> receiver,0,True,1785394134294.0,-170.0,0.0,False
a69f5970-2cba-5d71-a0b6-02e1e7704283,1785394134468,sender -> receiver,0,True,1785394134325.0,-143.0,0.0,False
cc370ed2-bfd0-50e0-a48c-5ca89cab1785,1785394134472,sender -> receiver,0,True,1785394134373.0,-99.0,0.0,False
1650ad93-7403-53e6-a6e8-4697fb4a736c,1785394134475,sender -> receiver,0,True,1785394134396.0,-79.0,0.0,False
294251e1-f193-588a-b8cd-aa8c023da972,1785394134516,sender -> receiver,0,True,1785394134417.0,-99.0,0.0,False
a78210bd-7697-526a-8e6e-66ab28a9f9cd,1785394134520,sender -> receiver,0,True,1785394134468.0,-52.0,0.0,False
2823fb34-fb02-5e8d-b9e1-a93f2f49237e,1785394135438,sender -> receiver,0,True,1785394135321.0,-117.0,0.0,False
78e49110-d3a7-5d9b-bd29-576546a1c298,1785394135467,sender -> receiver,0,True,1785394135347.0,-120.0,0.0,False
ade13436-c500-5be9-a51e-f409b735dfa0,1785394135471,sender -> receiver,0,True,1785394135367.0,-104.0,0.0,False
434a7073-3912-5038-b6e1-cd0d8b0984d1,1785394135475,sender -> receiver,0,True,1785394135387.0,-88.0,0.0,False
567f2d3d-d90f-555e-8867-1f8fac5f31d3,1785394135478,sender -> receiver,0,True,1785394135429.0,-49.0,0.0,False
b6a51070-59c5-50e0-9dbb-51900efe3021,1785394135481,sender -> receiver,0,True,1785394135448.0,-33.0,0.0,False
956e96cb-0108-5988-9135-712414db97c3,1785394136432,sender -> receiver,0,True,1785394136337.0,-95.0,0.0,False
3905d7b1-f585-501c-8cee-a7a11eec0a15,1785394136458,sender -> receiver,0,True,1785394136531.0,73.0,0.0,False
f42dd5f2-1ada-53a0-94ce-53ab5bd00904,1785394136464,sender -> receiver,0,True,1785394136563.0,99.0,0.0,False
56dfe422-c379-52f0-8468-602a2d118b8f,1785394136468,sender -> receiver,0,True,1785394136582.0,114.0,0.0,False
9f3084e5-2b0b-5c03-a732-9374f9967543,1785394136472,sender -> receiver,0,True,1785394136602.0,130.0,0.0,False
f93d0c37-d72a-55ca-b602-40e5018b9044,1785394136479,sender -> receiver,0,True,1785394136657.0,178.0,0.0,False
752c245d-bdb8-54e5-8b16-4db28cf8dee1,1785394137419,sender -> receiver,0,True,1785394137436.0,17.0,0.0,False
9be7a3bd-f858-512b-aaf9-a8290d6693b8,1785394137446,sender -> receiver,0,True,1785394137458.0,12.0,0.0,False
c357a2e3-4a43-56bf-9faa-c696f2298043,1785394137454,sender -> receiver,0,True,1785394137479.0,25.0,0.0,False
a7be201d-d9c3-56cb-93da-a73cf1ee85fe,1785394137458,sender -> receiver,0,True,1785394137500.0,42.0,0.0,False
ebdb879e-0fe9-5919-b395-a7f4551b2cdd,1785394137463,sender -> receiver,0,True,1785394137520.0,57.0,0.0,False
726acbd3-8181-5b79-8c2c-cf0b9384c04c,1785394185189,sender -> receiver,0,True,1785394185451.0,262.0,0.0,False
b2708ab3-5878-5942-8eeb-6905e7b49d3b,1785394185193,sender -> receiver,0,True,1785394186934.0,1741.0,0.0,False
76b5b0a3-5577-5e62-b363-b48a82c74657,1785394185219,sender -> receiver,0,True,1785394188241.0,3022.0,0.0,False
eeea2785-5f20-5651-be19-80f98d6db624,1785394185224,sender -> receiver,0,True,1785394189347.0,4123.0,0.0,False
5884a154-4910-5b70-a29b-d911acf60fbd,1785394185228,sender -> receiver,0,True,1785394190628.0,5400.0,0.0,False
231d4ad0-d986-50dd-bf8f-6690fc135e91,1785394185257,sender -> receiver,0,True,1785394191613.0,6356.0,0.0,False
d6be0dfa-99d9-5b2d-89b8-d7f4f4014cff,1785394186186,sender -> receiver,0,True,1785394192468.0,6282.0,0.0,False
9eb6520e-c6e8-5285-a17f-f928b1e7f4f4,1785394186192,sender -> receiver,0,True,1785394193681.0,7489.0,0.0,False
ba020f42-de39-5167-9bfc-4833a16aaa5c,1785394186197,sender -> receiver,0,True,1785394195132.0,8935.0,0.0,False
6ec73072-993b-501d-a569-abcff226ae92,1785394186228,sender -> receiver,0,True,1785394196149.0,9921.0,0.0,False
7f8a9bca-c746-58c3-9b9f-4acdc427890f,1785394186234,sender -> receiver,0,True,1785394197788.0,11554.0,0.0,False
622d4f59-a0f2-5f90-8b88-80002b8bf738,1785394187177,sender -> receiver,0,True,1785394200454.0,13277.0,0.0,False
78919340-4e59-5eef-900e-af08ccde7a80,1785394187183,sender -> receiver,0,True,1785394201762.0,14579.0,0.0,False
1cc90215-2945-5bb9-9401-323d875374f3,1785394187188,sender -> receiver,0,True,1785394203386.0,16198.0,0.0,False
bcdde153-203e-5e40-9a61-802efd4681ff,1785394187194,sender -> receiver,0,True,1785394204309.0,17115.0,0.0,False
7652a68a-9cb7-5374-ac33-3e7f2774ce7e,1785394187224,sender -> receiver,0,True,1785394205115.0,17891.0,0.0,False
be634d60-abf7-5ad8-81f4-158b5cdc8fbd,1785394188192,sender -> receiver,0,True,1785394206444.0,18252.0,0.0,False
497ba8bd-f951-5d10-b07f-1ccd51d5bd95,1785394188197,sender -> receiver,0,True,1785394207788.0,19591.0,0.0,False
f49df70c-5a85-5bc7-9d81-926ae9d9f746,1785394188201,sender -> receiver,0,True,1785394209177.0,20976.0,0.0,False
3b4c7fac-5314-5e1e-a60b-049ee9f683d3,1785394188205,sender -> receiver,0,True,1785394210598.0,22393.0,0.0,False
8fae4c53-9d31-562a-a800-118d5a406967,1785394188233,sender -> receiver,0,True,1785394211626.0,23393.0,0.0,False
6043fa2e-5376-50fd-8c4d-e9643951e484,1785394188238,sender -> receiver,0,True,1785394211652.0,23414.0,0.0,False
fdaec2cb-1015-513b-ace3-d17f23bc6382,1785394189174,sender -> receiver,0,True,1785394211672.0,22498.0,0.0,False
8fc1eb76-882a-51cb-88ba-3f05931b2546,1785394189178,sender -> receiver,0,True,1785394211697.0,22519.0,0.0,False
4ec0b2ba-a1dc-523d-9d16-6d58d54dedac,1785394189183,sender -> receiver,0,True,1785394211745.0,22562.0,0.0,False
e6fd5f0a-04c3-584a-a5e1-15eeba2c055f,1785394189187,sender -> receiver,0,True,1785394211768.0,22581.0,0.0,False
1415c403-59fc-5d5a-b6e8-858be1315e4b,1785394189214,sender -> receiver,0,True,1785394211790.0,22576.0,0.0,False
bf491678-5af2-573d-ac7a-af957240a1bb,1785394190175,sender -> receiver,0,True,1785394211810.0,21635.0,0.0,False
9ff6cef4-4ff8-5b7f-b825-0cec3e9b2845,1785394190179,sender -> receiver,0,True,1785394211831.0,21652.0,0.0,False
bddae3fa-6faf-5403-a823-6433d01c92ca,1785394190184,sender -> receiver,0,True,1785394211879.0,21695.0,0.0,False
ed674ebf-23f2-5bd1-a5c7-7d8f367df782,1785394190211,sender -> receiver,0,True,1785394211900.0,21689.0,0.0,False
f95967eb-9baa-5c0d-b51c-378f1544a6c7,1785394190218,sender -> receiver,0,True,1785394211923.0,21705.0,0.0,False
972c9aa3-5885-5958-9e7c-e730f9eb0d83,1785394191173,sender -> receiver,0,True,1785394211958.0,20785.0,0.0,False
9de95f0b-6667-50e4-8c01-b74eea6b1334,1785394191176,sender -> receiver,0,True,1785394211977.0,20801.0,0.0,False
c95668d8-b27b-5bad-81e8-8f10c8524230,1785394191180,sender -> receiver,0,True,1785394212015.0,20835.0,0.0,False
0e46e623-44f8-5074-945b-6ec4787fe273,1785394191184,sender -> receiver,0,True,1785394212035.0,20851.0,0.0,False
25a3bf94-13e1-5dca-8e08-309741389797,1785394191209,sender -> receiver,0,True,1785394212115.0,20906.0,0.0,False
59a2cc36-f11e-5c24-bf62-c09fe0ee95dc,1785394192186,sender -> receiver,0,True,1785394212135.0,19949.0,0.0,False
c09b9a78-6ff6-540e-8815-100f2f317e51,1785394192190,sender -> receiver,0,True,1785394212155.0,19965.0,0.0,False
af719dd6-2f6a-5dae-92f8-b39a6dd36d63,1785394192194,sender -> receiver,0,True,1785394212175.0,19981.0,0.0,False
f170ad6d-ed5d-5d6e-8c67-7264b2c8aeaf,1785394192199,sender -> receiver,0,True,1785394212194.0,19995.0,0.0,False
2cf1aced-6a37-5f45-9196-ed5921a9e8e3,1785394192227,sender -> receiver,0,True,1785394212235.0,20008.0,0.0,False
738a00a6-0142-5ee1-afea-7e417d3e9a56,1785394192237,sender -> receiver,0,True,1785394212256.0,20019.0,0.0,False
93a16e56-9888-5da9-a8a3-a923d1d6b0f7,1785394193176,sender -> receiver,0,True,1785394212279.0,19103.0,0.0,False
b617a04c-719f-52d3-b8d5-4c3d74804cb8,1785394193180,sender -> receiver,0,True,1785394212302.0,19122.0,0.0,False
6635cb91-864a-52c0-a85f-f53054d7ea2b,1785394193184,sender -> receiver,0,True,1785394212340.0,19156.0,0.0,False
b282a2c8-fa24-52e5-b8ee-126d3d9caa01,1785394193188,sender -> receiver,0,True,1785394212385.0,19197.0,0.0,False
907fe116-6974-55b1-8823-a8af601bbd1f,1785394193192,sender -> receiver,0,True,1785394212408.0,19216.0,0.0,False
acca8909-80ee-5d08-bea1-b0b1c776a412,1785394194180,sender -> receiver,0,True,1785394212448.0,18268.0,0.0,False
4cf0e797-e362-5886-9917-e89f7939b394,1785394194184,sender -> receiver,0,True,1785394212470.0,18286.0,0.0,False
a0a1c9cc-fd18-5396-b67c-e82c42b6dae7,1785394194189,sender -> receiver,0,True,1785394212491.0,18302.0,0.0,False
3e8852c8-52d4-5341-aa66-5d97e168bcf3,1785394194193,sender -> receiver,0,True,1785394212510.0,18317.0,0.0,False
94937ecd-ee6a-583d-8e28-d5ef5c579c56,1785394194222,sender -> receiver,0,True,1785394212531.0,18309.0,0.0,False
2f079981-df90-556b-825b-7ce7b2e97d46,1785394195180,sender -> receiver,0,True,1785394212573.0,17393.0,0.0,False
d2d152e9-332b-57a6-b3f3-3e7a108e3dcb,1785394195185,sender -> receiver,0,True,1785394212595.0,17410.0,0.0,False
43047de4-7de0-5298-ae54-d1c262816fdd,1785394195190,sender -> receiver,0,True,1785394212658.0,17468.0,0.0,False
c7b16c61-af44-51a2-ab00-325f031a5cb3,1785394195218,sender -> receiver,0,True,1785394212677.0,17459.0,0.0,False
88c06bb4-ccd1-58e0-9426-d1b275785c52,1785394195224,sender -> receiver,0,True,1785394212714.0,17490.0,0.0,False
053a3b5b-1588-58d7-b956-6e22ccfcfe64,1785394196191,sender -> receiver,0,True,1785394212733.0,16542.0,0.0,False
809c1898-1192-5346-bd4a-0a00c14c5f39,1785394196195,sender -> receiver,0,True,1785394212774.0,16579.0,0.0,False
a9e0ed76-718a-5a86-9b46-d282c09107da,1785394196199,sender -> receiver,0,True,1785394212806.0,16607.0,0.0,False
30e88405-0d9c-5aac-af90-fcbb3b26951b,1785394196203,sender -> receiver,0,True,1785394212837.0,16634.0,0.0,False
57fb6263-0bb3-5062-88f7-6b00ec13279a,1785394196230,sender -> receiver,0,True,1785394212887.0,16657.0,0.0,False
ba4288c7-9826-527b-9424-082d385674b4,1785394196237,sender -> receiver,0,True,1785394212917.0,16680.0,0.0,False
7a7b5f53-be4f-5acd-9749-c6144419c918,1785394197181,sender -> receiver,0,True,1785394212946.0,15765.0,0.0,False
1fd6f9c5-e8c9-5123-bd37-8f3addd68453,1785394197185,sender -> receiver,0,True,1785394212994.0,15809.0,0.0,False
5f490887-6a5c-5c27-94df-16ba2fe7bbb1,1785394197212,sender -> receiver,0,True,1785394213016.0,15804.0,0.0,False
5bb758cf-3f75-5371-8cb6-bcccb6b0b84e,1785394197219,sender -> receiver,0,True,1785394213040.0,15821.0,0.0,False
2c9ef28b-215b-52ba-8152-cd4cf105d913,1785394197224,sender -> receiver,0,True,1785394213060.0,15836.0,0.0,False
db0f8edf-6278-5d64-99bb-7311dd8a42bd,1785394198184,sender -> receiver,0,True,1785394213116.0,14932.0,0.0,False
f7500aff-a669-5477-81ed-98cccec2ef79,1785394198188,sender -> receiver,0,True,1785394213142.0,14954.0,0.0,False
39c78f9a-75e6-5111-b21e-0c20a9753cfe,1785394198193,sender -> receiver,0,True,1785394213160.0,14967.0,0.0,False
e7653643-a50f-5271-a1f5-8b6a7a97c130,1785394198198,sender -> receiver,0,True,1785394213179.0,14981.0,0.0,False
1b37621a-8e69-5979-8b76-87f2461ae4cf,1785394198202,sender -> receiver,0,True,1785394213239.0,15037.0,0.0,False
c62178cc-e417-5e53-96a1-c041be4c60d4,1785394199169,sender -> receiver,0,True,1785394213264.0,14095.0,0.0,False
d2b4bfde-35d1-594e-91aa-9e199e9fde0c,1785394199173,sender -> receiver,0,True,1785394213284.0,14111.0,0.0,False
0e721634-581f-5c26-869f-4e6cdd1f573d,1785394199176,sender -> receiver,0,True,1785394213325.0,14149.0,0.0,False
fc88a84a-1a8b-5d03-a273-81f05d6fcb5d,1785394199180,sender -> receiver,0,True,1785394213347.0,14167.0,0.0,False
4f0a62f2-7e21-563c-ace8-5e677c6e3ab9,1785394199205,sender -> receiver,0,True,1785394213366.0,14161.0,0.0,False
e213c926-f870-5ae2-a8b9-66a73216867b,1785394200191,sender -> receiver,0,True,1785394213406.0,13215.0,0.0,False
f5ab3235-7fec-58c4-8c8b-25d3b92ccb0f,1785394200195,sender -> receiver,0,True,1785394213426.0,13231.0,0.0,False
74206c94-9cd1-5386-a53a-04b8b25ccbb8,1785394200221,sender -> receiver,0,True,1785394213462.0,13241.0,0.0,False
2ff55f63-1073-526e-b12e-ef75add3d0b0,1785394200226,sender -> receiver,0,True,1785394213481.0,13255.0,0.0,False
ae4e70f1-c665-553b-959b-df9ad58e77d5,1785394200231,sender -> receiver,0,True,1785394213501.0,13270.0,0.0,False
3aa26982-8103-50fa-9b8c-d8a4cef28687,1785394200236,sender -> receiver,0,True,1785394213552.0,13316.0,0.0,False
71188f95-0d68-5a64-826a-03f828098674,1785394201192,sender -> receiver,0,True,1785394213575.0,12383.0,0.0,False
7bfd9a3e-dc2e-592b-bc36-59e52e70ed16,1785394201197,sender -> receiver,0,True,1785394213594.0,12397.0,0.0,False
dbfa8f5d-cd52-5e95-91f8-b7eb6ae228c4,1785394201201,sender -> receiver,0,True,1785394213615.0,12414.0,0.0,False
98b7a445-7ff7-50af-9a7d-b571de515dc3,1785394201205,sender -> receiver,0,True,1785394213670.0,12465.0,0.0,False
2a7242af-01d0-5759-974b-3cc55c482129,1785394201210,sender -> receiver,0,True,1785394213693.0,12483.0,0.0,False
15bdd934-d087-5a8f-9ec6-d108867e78b1,1785394202175,sender -> receiver,0,True,1785394213714.0,11539.0,0.0,False
f2130f70-18a3-5337-9f69-226a063d5d8a,1785394202180,sender -> receiver,0,True,1785394213733.0,11553.0,0.0,False
c7adcaba-9622-59d4-b229-a1421fbeacff,1785394202184,sender -> receiver,0,True,1785394213753.0,11569.0,0.0,False
be4bad7c-1cc7-50d6-b2a1-d0e20c566a80,1785394202188,sender -> receiver,0,True,1785394213794.0,11606.0,0.0,False
0410c0b9-1928-5c62-9da6-69849418e60d,1785394202192,sender -> receiver,0,True,1785394213834.0,11642.0,0.0,False
cc3d1487-fb10-510c-8964-c63f265edd39,1785394203174,sender -> receiver,0,True,1785394213855.0,10681.0,0.0,False
1fc6e553-01af-50ec-8cf2-cfdd617c98ac,1785394203178,sender -> receiver,0,True,1785394213875.0,10697.0,0.0,False
c252bed1-e932-5e2e-8046-681513012145,1785394203183,sender -> receiver,0,True,1785394213915.0,10732.0,0.0,False
9285691d-a731-58f8-b2b1-d964b1914953,1785394203187,sender -> receiver,0,True,1785394213938.0,10751.0,0.0,False
0184e9ee-8e7c-5f5f-b9ec-d34e1f63346b,1785394203213,sender -> receiver,0,True,1785394213989.0,10776.0,0.0,False
75ac4424-7b6b-57f2-bc20-614e741db30c,1785394245910,sender -> receiver,0,True,1785394245711.0,-199.0,0.0,False
bda99da2-30da-5ec9-a212-7ac0a72b09f5,1785394245942,sender -> receiver,0,True,1785394245742.0,-200.0,0.0,False
22d8ffee-aa1f-5c6b-a617-686f6fefaa6c,1785394245951,sender -> receiver,0,True,1785394245791.0,-160.0,0.0,False
faed614b-1be4-52be-9d38-a80947609c44,1785394245960,sender -> receiver,0,True,1785394245820.0,-140.0,0.0,False
905435cf-3668-5c63-925f-330579589a49,1785394246008,sender -> receiver,0,True,1785394245873.0,-135.0,0.0,False
d75536a5-67b9-5ce2-b96d-1453fc76e212,1785394246923,sender -> receiver,0,True,1785394246756.0,-167.0,0.0,False
d2880307-cc51-515e-a981-5951710cd93d,1785394246928,sender -> receiver,0,True,1785394246803.0,-125.0,0.0,False
de7242df-4074-5741-b378-32f9a1b7e0f1,1785394246936,sender -> receiver,0,True,1785394246823.0,-113.0,0.0,False
40d10a8d-a93f-5343-8abd-8dd36d975dc6,1785394246945,sender -> receiver,0,True,1785394246863.0,-82.0,0.0,False
412e3212-fc50-5963-a59f-e4882621efd3,1785394247931,sender -> receiver,0,True,1785394247730.0,-201.0,0.0,False
0c2557e0-bba6-5270-b91d-af3110c2c186,1785394247940,sender -> receiver,0,True,1785394247752.0,-188.0,0.0,False
68b72f91-5c16-5c2c-a064-2b46ec386d12,1785394247948,sender -> receiver,0,True,1785394247845.0,-103.0,0.0,False
9049baf1-6479-5780-be3d-a2058a25cbb3,1785394247953,sender -> receiver,0,True,1785394247865.0,-88.0,0.0,False
eb4e338a-2629-5225-a195-fa692bd30cbd,1785394247957,sender -> receiver,0,True,1785394247885.0,-72.0,0.0,False
c94df78f-267f-5223-9013-af005b3618f4,1785394248917,sender -> receiver,0,True,1785394248737.0,-180.0,0.0,False
900f7631-25ff-5899-8676-33829e100e81,1785394248923,sender -> receiver,0,True,1785394248943.0,20.0,0.0,False
a635c96b-1275-575d-a164-b23f11db7165,1785394248928,sender -> receiver,0,True,1785394248965.0,37.0,0.0,False
e9de4860-ee41-54cc-a2a6-aabd5a6d7e01,1785394248934,sender -> receiver,0,True,1785394248986.0,52.0,0.0,False
ad7fedf1-6626-5572-92ea-020a6925dfc0,1785394249911,sender -> receiver,0,True,1785394249763.0,-148.0,0.0,False
2aa54561-edea-5eaa-99d0-c278affe7563,1785394249917,sender -> receiver,0,True,1785394249784.0,-133.0,0.0,False
75c03657-873d-5fc7-8334-2363fa35b5b6,1785394249921,sender -> receiver,0,True,1785394249810.0,-111.0,0.0,False
d821a999-c9d6-541a-a2eb-db5acec8dbb1,1785394249926,sender -> receiver,0,True,1785394249832.0,-94.0,0.0,False
8e28afe2-240c-57c0-8a5b-01b407ecc1cc,1785394250960,sender -> receiver,0,True,1785394250878.0,-82.0,0.0,False
cc356896-4d50-517c-9e96-ba61e7addad9,1785394250966,sender -> receiver,0,True,1785394250899.0,-67.0,0.0,False
4f5cc33b-8ade-58ef-a0cb-ab82e234049a,1785394250970,sender -> receiver,0,True,1785394250925.0,-45.0,0.0,False
f706e76f-d3ac-56a2-84af-6a4c0538ef98,1785394250975,sender -> receiver,0,True,1785394250944.0,-31.0,0.0,False
90455972-f697-5567-8e3e-44bff8e4584a,1785394250980,sender -> receiver,0,True,1785394250964.0,-16.0,0.0,False
b0602c97-3d0e-522b-887c-06d06208377c,1785394251896,sender -> receiver,0,True,1785394251817.0,-79.0,0.0,False
5b7ca734-71b6-5c6e-b5b7-b27be7df673c,1785394251900,sender -> receiver,0,True,1785394251829.0,-71.0,0.0,False
ae26a524-f82d-5f66-83b7-91696df04268,1785394251904,sender -> receiver,0,True,1785394251840.0,-64.0,0.0,False
014ef86f-2305-518f-ad7a-1a3ec54bf52a,1785394251908,sender -> receiver,0,True,1785394251860.0,-48.0,0.0,False
69ee249f-2922-5ca6-ae77-de29e111814a,1785394252907,sender -> receiver,0,True,1785394252880.0,-27.0,0.0,False
d942c43a-ff03-57df-9fed-07fa8ff5245f,1785394252913,sender -> receiver,0,True,1785394252906.0,-7.0,0.0,False
5716d12f-add7-50e1-8d50-5624ea007520,1785394252919,sender -> receiver,0,True,1785394252925.0,6.0,0.0,False
879b1014-c916-5880-96a6-d7df4e1f30eb,1785394252924,sender -> receiver,0,True,1785394252945.0,21.0,0.0,False
7dbd82ec-e9f4-5663-a0e9-4668fcb9f578,1785394253924,sender -> receiver,0,True,1785394253988.0,64.0,0.0,False
8dc963ca-bc11-5c5d-a97f-f39a0f9ce7dc,1785394253931,sender -> receiver,0,True,1785394254014.0,83.0,0.0,False
a870261d-68a2-5e50-940f-0dca88fb64b4,1785394253937,sender -> receiver,0,True,1785394254033.0,96.0,0.0,False
a8b2e7a0-eb0e-5db1-b99c-5bc0597622ff,1785394253941,sender -> receiver,0,True,1785394254051.0,110.0,0.0,False
b7fa5454-c2d8-5714-84c8-07dc51151af8,1785394253989,sender -> receiver,0,True,1785394254070.0,81.0,0.0,False
71bb4a67-dad5-5710-9428-ff68c38fb05b,1785394254900,sender -> receiver,0,True,1785394254819.0,-81.0,0.0,False
fea892be-fc8b-5a4c-9246-ad08c76c76f4,1785394254904,sender -> receiver,0,True,1785394254840.0,-64.0,0.0,False
df0faaaf-37ee-527e-bb89-4637ac085ef2,1785394254909,sender -> receiver,0,True,1785394254854.0,-55.0,0.0,False
d12db2a6-3390-5364-9953-1de5e166bf96,1785394254937,sender -> receiver,0,True,1785394254900.0,-37.0,0.0,False
40921e5e-8746-53d9-b342-021624b55090,1785394255912,sender -> receiver,0,True,1785394255733.0,-179.0,0.0,False
8346b0f8-4139-59ae-8865-8e741b64bd4b,1785394255917,sender -> receiver,0,True,1785394255754.0,-163.0,0.0,False
92fe7f93-81b5-5258-98b5-8d6210d23dff,1785394255926,sender -> receiver,0,True,1785394255865.0,-61.0,0.0,False
183f5de8-2a50-58fd-98ca-14881b14cc53,1785394255933,sender -> receiver,0,True,1785394255888.0,-45.0,0.0,False
cadc376e-7d57-5573-98b8-def99d37d270,1785394256903,sender -> receiver,0,True,1785394256752.0,-151.0,0.0,False
7822a7d9-b932-5e4b-9160-b95a6837d8da,1785394256939,sender -> receiver,0,True,1785394256772.0,-167.0,0.0,False
473c8067-bde5-5b15-858f-025e79042395,1785394256949,sender -> receiver,0,True,1785394256860.0,-89.0,0.0,False
3403122b-0310-5b56-9e91-114f9596b244,1785394256957,sender -> receiver,0,True,1785394256908.0,-49.0,0.0,False
3a46dbea-a628-5a92-bad0-bd8a3579eea6,1785394256962,sender -> receiver,0,True,1785394256930.0,-32.0,0.0,False
6d98a4ed-7f06-514f-b680-2918e6e4cf84,1785394257917,sender -> receiver,0,True,1785394257832.0,-85.0,0.0,False
c84f2186-c9b3-526b-a774-d84575b086f1,1785394257921,sender -> receiver,0,True,1785394257853.0,-68.0,0.0,False
a01b316e-5f39-59b4-a780-69f0a1cfecf0,1785394257926,sender -> receiver,0,True,1785394257876.0,-50.0,0.0,False
04bb24f2-2ef5-59ad-97de-990e9076b0a2,1785394257934,sender -> receiver,0,True,1785394257928.0,-6.0,0.0,False
b6c22b01-6a7a-576d-adf3-f6858b80dd74,1785394258911,sender -> receiver,0,True,1785394258749.0,-162.0,0.0,False
24690787-b0ed-5778-b7e9-90ab73dcf82e,1785394258916,sender -> receiver,0,True,1785394258872.0,-44.0,0.0,False
54fb2fc7-43c2-5a24-ab34-7fa05b324571,1785394258921,sender -> receiver,0,True,1785394258891.0,-30.0,0.0,False
5f4e7a3d-dd1e-5ec3-901b-50993806d032,1785394258926,sender -> receiver,0,True,1785394258913.0,-13.0,0.0,False
e631cb12-a704-5ae3-98a3-43e49854f988,1785394259920,sender -> receiver,0,True,1785394259786.0,-134.0,0.0,False
8c33f8f5-7c3c-5faf-8218-ac44244f3bc9,1785394259926,sender -> receiver,0,True,1785394259811.0,-115.0,0.0,False
66370e94-2be9-5b27-9e17-56769c4c0658,1785394259932,sender -> receiver,0,True,1785394259832.0,-100.0,0.0,False
0ea1cc3c-2c92-55e2-9d44-048635e7b49c,1785394259937,sender -> receiver,0,True,1785394259851.0,-86.0,0.0,False
84273f10-09bd-5e80-a127-14555fb27ad9,1785394259942,sender -> receiver,0,True,1785394259894.0,-48.0,0.0,False
f8c86933-a9a8-5bcf-92df-9046ac58fbf5,1785394260917,sender -> receiver,0,True,1785394260781.0,-136.0,0.0,False
d783a84b-cfbe-56da-983e-1837cef8eca9,1785394260926,sender -> receiver,0,True,1785394260800.0,-126.0,0.0,False
6f5fdcad-9d98-5721-b7bb-7100248c3069,1785394260934,sender -> receiver,0,True,1785394260842.0,-92.0,0.0,False
1b0622d7-5f44-5814-90e4-00d32c5c80bc,1785394260939,sender -> receiver,0,True,1785394260863.0,-76.0,0.0,False
fa26f045-5855-592b-bea8-e41b2e48ebd7,1785394261909,sender -> receiver,0,True,1785394261809.0,-100.0,0.0,False
94b20100-8ef9-5da4-bc47-d9d100252e5a,1785394261915,sender -> receiver,0,True,1785394261832.0,-83.0,0.0,False
ed69621c-7fd6-5fe9-af68-7a715c302c49,1785394261920,sender -> receiver,0,True,1785394261851.0,-69.0,0.0,False
eec56f45-317e-5ff0-af58-520f0876b56c,1785394261932,sender -> receiver,0,True,1785394261872.0,-60.0,0.0,False
c23c3b2e-8b10-5a80-b91d-34a09091e2ed,1785394262926,sender -> receiver,0,True,1785394262814.0,-112.0,0.0,False
38c0de1e-9a40-58f9-a970-139a0c9bd21b,1785394262933,sender -> receiver,0,True,1785394262877.0,-56.0,0.0,False
9fe2f4b9-92b5-5841-ad0c-d28d7237041d,1785394262938,sender -> receiver,0,True,1785394262898.0,-40.0,0.0,False
9d0ba9a3-3ddc-5488-bf4f-b3f54b5c8387,1785394262964,sender -> receiver,0,True,1785394262923.0,-41.0,0.0,False
fc29aed5-abca-55f2-8241-7b46b085609f,1785394262969,sender -> receiver,0,True,1785394262944.0,-25.0,0.0,False
25333fd2-c2b6-56d6-a0e2-2273bd719ca7,1785394263912,sender -> receiver,0,True,1785394263841.0,-71.0,0.0,False
d07b1d55-78ca-5e2c-b009-e2c1dd9c7314,1785394263919,sender -> receiver,0,True,1785394263868.0,-51.0,0.0,False
9c962211-c8a9-598e-a7de-d3a7577ee1df,1785394263923,sender -> receiver,0,True,1785394263901.0,-22.0,0.0,False
165d10c5-a031-5f96-a5e4-d1b722e30378,1785394263927,sender -> receiver,0,True,1785394263925.0,-2.0,0.0,False
989caa0b-aa73-52e4-9bc9-3ded18fa84e1,1785394264914,sender -> receiver,0,True,1785394264828.0,-86.0,0.0,False
3af61138-416c-5d5a-8db1-9d2bf1d57dd0,1785394264919,sender -> receiver,0,True,1785394264854.0,-65.0,0.0,False
be017612-af1f-53dd-b869-b86383b6388e,1785394264923,sender -> receiver,0,True,1785394264876.0,-47.0,0.0,False
aeec05d3-066d-55ec-9ec4-8eb49d8b9139,1785394264927,sender -> receiver,0,True,1785394264894.0,-33.0,0.0,False
27b1102c-32f5-5f0d-aab6-bbc47bb389b4,1785394265922,sender -> receiver,0,True,1785394265743.0,-179.0,0.0,False
8089ff78-c419-5b9b-82c3-178300a344a9,1785394265928,sender -> receiver,0,True,1785394265753.0,-175.0,0.0,False
7c4ceed4-ae25-51f6-8380-39ee69ccb516,1785394265935,sender -> receiver,0,True,1785394265765.0,-170.0,0.0,False
f1bf029a-7e5e-5356-accf-1bd2e5731591,1785394265970,sender -> receiver,0,True,1785394265817.0,-153.0,0.0,False
356e0153-cb3a-5694-84dd-5d9840a0480f,1785394265977,sender -> receiver,0,True,1785394265862.0,-115.0,0.0,False
68cb027a-e950-5750-8953-e8c9fd8912b2,1785394266923,sender -> receiver,0,True,1785394266832.0,-91.0,0.0,False
5a83bbe2-ac74-5420-ae4b-6d483fdfd61d,1785394266931,sender -> receiver,0,True,1785394266843.0,-88.0,0.0,False
c4ef6534-7141-56be-9539-b0bbbf04cd9f,1785394266936,sender -> receiver,0,True,1785394267003.0,67.0,0.0,False
6f006de9-a4fd-50c9-aba4-af907565dea0,1785394266940,sender -> receiver,0,True,1785394267023.0,83.0,0.0,False
72a6a9d7-edbc-53f2-bdcf-760f180cd938,1785394267906,sender -> receiver,0,True,1785394267820.0,-86.0,0.0,False
883c90d3-01a7-5cce-9b40-057977f3084a,1785394267949,sender -> receiver,0,True,1785394267851.0,-98.0,0.0,False
42dd136f-ccb3-54c7-a2f7-1dccca8dc411,1785394267955,sender -> receiver,0,True,1785394267873.0,-82.0,0.0,False
975ab524-dc27-5a4b-83e1-426c17285bc2,1785394267964,sender -> receiver,0,True,1785394267892.0,-72.0,0.0,False
19b7823e-94f0-5b1f-9d43-22e8c3a2304b,1785394309653,sender -> receiver,0,True,1785394309479.0,-174.0,0.0,False
72c58acb-665d-585a-807c-21ddada65dac,1785394309657,sender -> receiver,0,True,1785394309510.0,-147.0,0.0,False
5417e500-9ccb-511a-a3b2-250519fa9c0a,1785394309662,sender -> receiver,0,True,1785394309547.0,-115.0,0.0,False
1d671c67-b427-52bb-961a-b4f70b2c8d29,1785394309666,sender -> receiver,0,True,1785394309568.0,-98.0,0.0,False
d14354ac-80f8-5f86-b15a-ac699081f579,1785394310656,sender -> receiver,0,True,1785394310508.0,-148.0,0.0,False
03965e35-bb03-50d0-97c8-f62b8f728a90,1785394310661,sender -> receiver,0,True,1785394310534.0,-127.0,0.0,False
7950980f-caa8-576a-a4ea-d11d84157333,1785394310667,sender -> receiver,0,True,1785394310561.0,-106.0,0.0,False
da4ca614-6667-585c-9561-1db0d7ec074a,1785394310694,sender -> receiver,0,True,1785394310632.0,-62.0,0.0,False
64cf2ab4-b180-51ba-9b2f-bbf84f80ad74,1785394311671,sender -> receiver,0,True,1785394311485.0,-186.0,0.0,False
e3418379-5ecd-55e1-b4b8-78e18eb6bc0b,1785394311675,sender -> receiver,0,True,1785394311524.0,-151.0,0.0,False
d3114e75-481a-5d32-8a32-0dbf41212429,1785394311680,sender -> receiver,0,True,1785394311544.0,-136.0,0.0,False
321c7f25-8a79-5622-a99d-8e14cd5698e3,1785394311712,sender -> receiver,0,True,1785394311588.0,-124.0,0.0,False
eb068ab7-1598-5e4e-ac86-ad4b07a4910a,1785394312658,sender -> receiver,0,True,1785394312609.0,-49.0,0.0,False
996ac9de-41fd-53a2-b72f-0770b8539a8b,1785394312692,sender -> receiver,0,True,1785394312635.0,-57.0,0.0,False
cb6959cf-ff69-55d5-9f63-9639a8ffe9ee,1785394312697,sender -> receiver,0,True,1785394312661.0,-36.0,0.0,False
b9c6fccb-916e-5c04-b76b-1bfc56d46f79,1785394312702,sender -> receiver,0,True,1785394312685.0,-17.0,0.0,False
a3bf7c09-a47a-57cf-9ca6-b3f5f6121387,1785394313663,sender -> receiver,0,True,1785394313553.0,-110.0,0.0,False
9ff67d26-7111-5ee7-ab93-f99911cdd5d9,1785394313667,sender -> receiver,0,True,1785394313566.0,-101.0,0.0,False
01869770-ac74-54e8-9eb5-983aa4c283cc,1785394313683,sender -> receiver,0,True,1785394313579.0,-104.0,0.0,False
b5082836-ee1c-50c1-8ee7-f89389294836,1785394313688,sender -> receiver,0,True,1785394313602.0,-86.0,0.0,False
0d2f0160-cb3c-5431-8f36-8e8862a78dd2,1785394314655,sender -> receiver,0,True,1785394314479.0,-176.0,0.0,False
a7900928-c421-5fc1-915c-f9cdd6cb9bbe,1785394314661,sender -> receiver,0,True,1785394314524.0,-137.0,0.0,False
38ffa39d-3ea3-5406-9ce7-bfe67629c09e,1785394314667,sender -> receiver,0,True,1785394314579.0,-88.0,0.0,False
dcc6bcb3-1830-5bd9-9f03-929ef981d52c,1785394314673,sender -> receiver,0,True,1785394314603.0,-70.0,0.0,False
d009c799-208f-5ebb-bf74-15d9c8a1d342,1785394315652,sender -> receiver,0,True,1785394315562.0,-90.0,0.0,False
7c601a33-1dcc-5abf-a4db-77490b63ab96,1785394315657,sender -> receiver,0,True,1785394315602.0,-55.0,0.0,False
1548b4cb-ff01-5c8e-9b6d-3e9b7c323a3b,1785394315687,sender -> receiver,0,True,1785394315629.0,-58.0,0.0,False
e988ef9b-5a59-5076-ab02-3749d17d6fbf,1785394315692,sender -> receiver,0,True,1785394315709.0,17.0,0.0,False
733975a5-804e-5610-8ed6-a47e1f3a9a7e,1785394316661,sender -> receiver,0,True,1785394316599.0,-62.0,0.0,False
1c4eae28-5478-5e71-8848-1afd6718bcef,1785394316665,sender -> receiver,0,True,1785394316621.0,-44.0,0.0,False
ba8e6193-3275-5141-a01d-064c443c3f19,1785394316670,sender -> receiver,0,True,1785394316642.0,-28.0,0.0,False
dd5b4eea-70e1-55e9-8ce6-07e885e40475,1785394316698,sender -> receiver,0,True,1785394316661.0,-37.0,0.0,False
34d28a4a-1c82-5719-a1fc-3eaa94f9fa9c,1785394317654,sender -> receiver,0,True,1785394317540.0,-114.0,0.0,False
460e2443-2488-5feb-a561-ee81f5faa94d,1785394317659,sender -> receiver,0,True,1785394317574.0,-85.0,0.0,False
21400005-8ba0-5bcb-adec-4775f2d63bd1,1785394317664,sender -> receiver,0,True,1785394317609.0,-55.0,0.0,False
c2e89a20-33ca-58e0-82a6-febcebf0d4a1,1785394317669,sender -> receiver,0,True,1785394317667.0,-2.0,0.0,False
a0d611bd-c8ec-5b18-9924-f72d7cfddfd2,1785394318658,sender -> receiver,0,True,1785394318528.0,-130.0,0.0,False
0e7f652e-6b30-5bde-9206-fa1a5e693ef9,1785394318663,sender -> receiver,0,True,1785394318561.0,-102.0,0.0,False
9b0cdfcc-61d2-5130-bec9-a8b45cf77f50,1785394318667,sender -> receiver,0,True,1785394318585.0,-82.0,0.0,False
385cfe99-d69d-5a67-a115-c100006143d6,1785394318696,sender -> receiver,0,True,1785394318608.0,-88.0,0.0,False
8600b9e2-b959-5aee-b35d-c757ffad71d4,1785394319651,sender -> receiver,0,True,1785394319468.0,-183.0,0.0,False
2ee09d65-7aee-5e18-8e10-a68087994c20,1785394319654,sender -> receiver,0,True,1785394319503.0,-151.0,0.0,False
d85ac48c-ec1b-540f-9e0b-6051ee10db97,1785394319658,sender -> receiver,0,True,1785394319535.0,-123.0,0.0,False
dccc9ba7-7fbd-50c6-82e4-a82f28036f9a,1785394319663,sender -> receiver,0,True,1785394319558.0,-105.0,0.0,False
4764e772-a9c7-520d-aed5-95529b056535,1785394320658,sender -> receiver,0,True,1785394320511.0,-147.0,0.0,False
bf94953f-ce56-56ac-adc4-2d13d9197d33,1785394320664,sender -> receiver,0,True,1785394320554.0,-110.0,0.0,False
6e840c3c-e0dc-5921-9a2f-78a23c784ddd,1785394320695,sender -> receiver,0,True,1785394320577.0,-118.0,0.0,False
ab402f1a-e010-513d-930f-d367765fe4b9,1785394320700,sender -> receiver,0,True,1785394320600.0,-100.0,0.0,False
e0d9b798-e517-53e3-b357-9a90b6c60418,1785394321656,sender -> receiver,0,True,1785394321499.0,-157.0,0.0,False
cc36522e-756c-5ab9-a018-9727e00e9c5a,1785394321660,sender -> receiver,0,True,1785394321531.0,-129.0,0.0,False
1b8abab7-79d9-5675-a79a-6f09645abbf6,1785394321664,sender -> receiver,0,True,1785394321584.0,-80.0,0.0,False
610e40fe-5f0c-5871-97b3-877c78f66fad,1785394321669,sender -> receiver,0,True,1785394321609.0,-60.0,0.0,False
f6c9b2ba-9247-5d05-9cdf-c52292a910c4,1785394322670,sender -> receiver,0,True,1785394322489.0,-181.0,0.0,False
0dcd3e0f-27dc-5e4f-adf1-df4d221fdb9c,1785394322676,sender -> receiver,0,True,1785394322525.0,-151.0,0.0,False
7dada7cb-512e-5a70-9502-70d9b0b398c6,1785394322698,sender -> receiver,0,True,1785394322582.0,-116.0,0.0,False
bfb0834d-1d30-5eb6-9e82-a5719fba3f8a,1785394322702,sender -> receiver,0,True,1785394322608.0,-94.0,0.0,False
becb0796-eae3-5fce-aff2-2fae18a801d6,1785394323658,sender -> receiver,0,True,1785394323532.0,-126.0,0.0,False
6de0ed99-57fc-5f08-b384-f2c5e0eeb7c3,1785394323662,sender -> receiver,0,True,1785394323567.0,-95.0,0.0,False
e6d96a69-ac9c-5235-b63d-3a9857a10299,1785394323666,sender -> receiver,0,True,1785394323689.0,23.0,0.0,False
ff74f48c-62f4-5187-b04e-514340e2b4cb,1785394323670,sender -> receiver,0,True,1785394323720.0,50.0,0.0,False
66a90278-6ca0-5aa3-ab1a-3bef4c3624c3,1785394324666,sender -> receiver,0,True,1785394324613.0,-53.0,0.0,False
13707b64-f198-5aca-b5f8-ec91ff4d98ac,1785394324673,sender -> receiver,0,True,1785394324636.0,-37.0,0.0,False
a5caf657-3b6b-53c9-92c6-fdd8543c26ef,1785394324703,sender -> receiver,0,True,1785394324656.0,-47.0,0.0,False
043956ef-0296-566a-bffc-810eb1d4d065,1785394324709,sender -> receiver,0,True,1785394324676.0,-33.0,0.0,False
724d0be1-f60c-5646-a14a-651f417d91ec,1785394325661,sender -> receiver,0,True,1785394325553.0,-108.0,0.0,False
297f57a1-9f6d-5517-9b5b-e76c4a1e6726,1785394325666,sender -> receiver,0,True,1785394325595.0,-71.0,0.0,False
1b251eac-f6c1-5d93-8a3b-48175bc029dc,1785394325671,sender -> receiver,0,True,1785394325633.0,-38.0,0.0,False
af347b3c-4da1-5bd2-b5b4-a9e16206eec6,1785394325697,sender -> receiver,0,True,1785394325656.0,-41.0,0.0,False
fca619b6-ead3-58c1-9bb2-105eba59a2a3,1785394326653,sender -> receiver,0,True,1785394326485.0,-168.0,0.0,False
6ef4608b-e3df-5190-a9f9-a1aa6832d133,1785394326657,sender -> receiver,0,True,1785394326508.0,-149.0,0.0,False
1c4499a6-b32f-500e-8ebf-e61bd15889c8,1785394326662,sender -> receiver,0,True,1785394326529.0,-133.0,0.0,False
dde4d27a-c693-54a7-b881-52dfaf33dabf,1785394326666,sender -> receiver,0,True,1785394326549.0,-117.0,0.0,False
be49b491-0be7-5db9-8a03-5043a18b4458,1785394327654,sender -> receiver,0,True,1785394327487.0,-167.0,0.0,False
7af70a6c-44e7-5435-9801-3f54e9fdbb87,1785394327659,sender -> receiver,0,True,1785394327608.0,-51.0,0.0,False
209d6b02-77b4-5839-b7a4-517842bfeab4,1785394327666,sender -> receiver,0,True,1785394327628.0,-38.0,0.0,False
0ea62275-62d6-565a-9575-788670b5b6eb,1785394327696,sender -> receiver,0,True,1785394327649.0,-47.0,0.0,False
4a4aaa9b-e0c8-5c2b-806b-97a30b75a8bc,1785394328649,sender -> receiver,0,True,1785394328521.0,-128.0,0.0,False
92ec27cc-92a7-5af3-8df2-efba74533d8b,1785394328654,sender -> receiver,0,True,1785394328556.0,-98.0,0.0,False
d94c666a-34e0-5110-8d69-195d9a241bc2,1785394328659,sender -> receiver,0,True,1785394328578.0,-81.0,0.0,False
0b6911dd-538a-57cf-b880-a784ea3a4fa7,1785394328690,sender -> receiver,0,True,1785394328602.0,-88.0,0.0,False
72369c31-31c3-5e6c-abe6-fe3e6bf83c07,1785394329658,sender -> receiver,0,True,1785394329513.0,-145.0,0.0,False
a063dae1-67cc-58c5-953f-d6e320af74fd,1785394329662,sender -> receiver,0,True,1785394329562.0,-100.0,0.0,False
da1188b1-eb7c-53cf-97cd-5ae6f0b921ea,1785394329689,sender -> receiver,0,True,1785394329588.0,-101.0,0.0,False
0c0a9b91-639b-5bfd-8eb5-18035878fdfb,1785394329695,sender -> receiver,0,True,1785394329611.0,-84.0,0.0,False
7f71080b-5be8-5e37-a1e9-b63dbd0a6579,1785394330652,sender -> receiver,0,True,1785394330485.0,-167.0,0.0,False
8604d9ac-b0b5-5f99-a4e8-910a72400ebe,1785394330656,sender -> receiver,0,True,1785394330517.0,-139.0,0.0,False
3c8de89a-bb54-5e9e-9912-dbdb3189e8ab,1785394330661,sender -> receiver,0,True,1785394330571.0,-90.0,0.0,False
e347f366-b4eb-555e-99d0-11a24ba78094,1785394330666,sender -> receiver,0,True,1785394330601.0,-65.0,0.0,False
ccd138ca-eaa5-5be1-8599-11bd11545b00,1785394331659,sender -> receiver,0,True,1785394331491.0,-168.0,0.0,False
4a7b23fc-f9b3-5025-94ff-25d2a1c56dab,1785394331667,sender -> receiver,0,True,1785394331518.0,-149.0,0.0,False
c82b10d4-d2e4-5125-88f8-b47ec18dccbb,1785394331672,sender -> receiver,0,True,1785394331541.0,-131.0,0.0,False
b1d6bd1b-f798-5edb-bd19-702a1f06148a,1785394331701,sender -> receiver,0,True,1785394331566.0,-135.0,0.0,False
4838f39e-a80d-5ddd-9003-7dc25774ade9,1785394332653,sender -> receiver,0,True,1785394332569.0,-84.0,0.0,False
932f700f-8555-52a8-bc52-92461aa96149,1785394332657,sender -> receiver,0,True,1785394332594.0,-63.0,0.0,False
ee6b933c-a603-5126-8b2a-3ee8e9367b61,1785394332662,sender -> receiver,0,True,1785394332662.0,0.0,0.0,False
68297fbc-9a30-51af-a07d-d7d06e0b545d,1785394332666,sender -> receiver,0,True,1785394332698.0,32.0,0.0,False
3aced256-3ff5-5a17-bf8d-29bbbff9014d,1785394333654,sender -> receiver,0,True,1785394333524.0,-130.0,0.0,False
20d1bc6a-b0c3-5807-a2de-46035c2735c3,1785394333658,sender -> receiver,0,True,1785394333543.0,-115.0,0.0,False
79b7ffde-933d-5436-88b6-641233535338,1785394333662,sender -> receiver,0,True,1785394333555.0,-107.0,0.0,False
f2612088-97b4-5c7d-82bb-7ebbdc826e30,1785394333667,sender -> receiver,0,True,1785394333579.0,-88.0,0.0,False
e2db08bd-43bc-568e-a5cf-fc071ae3df1f,1785394375343,sender -> receiver,0,True,1785394375139.0,-204.0,0.0,False
85e9249c-1bb9-51e3-93e8-65637a4de8d3,1785394375377,sender -> receiver,0,True,1785394375212.0,-165.0,0.0,False
e8978ff9-db89-53c9-a3ee-be1ff5b1b369,1785394375381,sender -> receiver,0,True,1785394375246.0,-135.0,0.0,False
7567ac35-ed43-5d9e-a532-dcab059dbdee,1785394375386,sender -> receiver,0,True,1785394375265.0,-121.0,0.0,False
c56201bb-9dbc-525c-b97d-94872861a3a0,1785394376367,sender -> receiver,0,True,1785394376357.0,-10.0,0.0,False
f03a130a-68a2-54c6-9c1f-e28e7aa38b8e,1785394376372,sender -> receiver,0,True,1785394376424.0,52.0,0.0,False
aade2699-88a2-519c-8098-e73915d3713d,1785394376376,sender -> receiver,0,True,1785394376446.0,70.0,0.0,False
14304746-7d1f-52bf-8071-94e025790d21,1785394376401,sender -> receiver,0,True,1785394376469.0,68.0,0.0,False
8e2a8040-7a79-5801-b4a0-55c14405a106,1785394377372,sender -> receiver,0,True,1785394377195.0,-177.0,0.0,False
50dc4c50-70d2-597b-a5cc-8a319e18940a,1785394377377,sender -> receiver,0,True,1785394377221.0,-156.0,0.0,False
9b40d179-7427-5e97-92c6-c95dfae94230,1785394377382,sender -> receiver,0,True,1785394377246.0,-136.0,0.0,False
7cff950e-61c3-5eea-ab26-c90a9cbf1e18,1785394377386,sender -> receiver,0,True,1785394377268.0,-118.0,0.0,False
7f6c0a6f-2cd1-5eb6-8d3d-0ab15bbbdea8,1785394378361,sender -> receiver,0,True,1785394378187.0,-174.0,0.0,False
a8518c6b-56f3-5b85-b83c-d9da89a5abfc,1785394378367,sender -> receiver,0,True,1785394378214.0,-153.0,0.0,False
2a9f08c0-5d16-50cc-bce8-fb9462384c1a,1785394378372,sender -> receiver,0,True,1785394378247.0,-125.0,0.0,False
46ae03cb-71bd-5c4b-ac0b-583664acdb94,1785394378376,sender -> receiver,0,True,1785394378294.0,-82.0,0.0,False
ced3054d-9263-5acd-8d12-40fdb60b19ee,1785394379374,sender -> receiver,0,True,1785394379173.0,-201.0,0.0,False
77d67b15-1960-512a-a41c-8306608e4c09,1785394379383,sender -> receiver,0,True,1785394379243.0,-140.0,0.0,False
10e0e0c5-2b7a-5f40-ae4a-9dfbb5ba14dd,1785394379388,sender -> receiver,0,True,1785394379273.0,-115.0,0.0,False
f006cf5a-946f-53ea-943d-4c1695d1ceb3,1785394379418,sender -> receiver,0,True,1785394379296.0,-122.0,0.0,False
b28e60c8-fc0c-5944-808b-92f286082945,1785394380359,sender -> receiver,0,True,1785394380270.0,-89.0,0.0,False
93985b8b-719e-5694-b187-91d3c3cd528e,1785394380365,sender -> receiver,0,True,1785394380301.0,-64.0,0.0,False
fc637970-b084-529c-b08e-8e85701ece03,1785394380370,sender -> receiver,0,True,1785394380331.0,-39.0,0.0,False
c044541b-15b0-51c2-8dba-76a29977148d,1785394380374,sender -> receiver,0,True,1785394380353.0,-21.0,0.0,False
c8e18c74-a64d-518e-8d66-d7bc006808f8,1785394381339,sender -> receiver,0,True,1785394381149.0,-190.0,0.0,False
2088674d-bb3d-51e3-9dfa-221a980b57ed,1785394381376,sender -> receiver,0,True,1785394381177.0,-199.0,0.0,False
5647b309-100f-522e-ad4f-fcd444e61267,1785394381382,sender -> receiver,0,True,1785394381226.0,-156.0,0.0,False
3329bdcb-5750-56f9-bba5-4915ba02fa39,1785394381387,sender -> receiver,0,True,1785394381247.0,-140.0,0.0,False
d84e5e93-edf9-57e4-952c-370d018d9276,1785394382362,sender -> receiver,0,True,1785394382249.0,-113.0,0.0,False
5bc05eda-2464-584a-bf9f-f8e4e9abdf7e,1785394382368,sender -> receiver,0,True,1785394382286.0,-82.0,0.0,False
72cf056a-65ba-5870-b97c-4535f90b5d7c,1785394382374,sender -> receiver,0,True,1785394382313.0,-61.0,0.0,False
a0173b5f-3265-59de-91f8-3fdd34ed96ba,1785394382379,sender -> receiver,0,True,1785394382336.0,-43.0,0.0,False
745565b2-5f4e-57ef-8c73-fd7dc3efd9ea,1785394383357,sender -> receiver,0,True,1785394383243.0,-114.0,0.0,False
7f152890-f41f-5c92-a0be-487bb6250e44,1785394383363,sender -> receiver,0,True,1785394383273.0,-90.0,0.0,False
70002a9d-3bb6-5163-8571-3e352665167b,1785394383397,sender -> receiver,0,True,1785394383298.0,-99.0,0.0,False
c6819462-f009-5a37-aa03-25563bbd9c85,1785394383403,sender -> receiver,0,True,1785394383358.0,-45.0,0.0,False
da6d2675-d1f6-5014-81fc-1f47d95e7b71,1785394384343,sender -> receiver,0,True,1785394384169.0,-174.0,0.0,False
dfbcc804-576d-5713-8b2b-3c77a0c07638,1785394384380,sender -> receiver,0,True,1785394384201.0,-179.0,0.0,False
d35784b4-5ef5-5184-85d2-1a9acc33b274,1785394384388,sender -> receiver,0,True,1785394384255.0,-133.0,0.0,False
fb87cbd1-a48e-5e9a-86b3-11d75a48cff3,1785394384395,sender -> receiver,0,True,1785394384279.0,-116.0,0.0,False
9c195410-69a5-505e-910f-b848fcf427bf,1785394385344,sender -> receiver,0,True,1785394385154.0,-190.0,0.0,False
29432689-f4a1-5917-ab32-63b7afdfdb81,1785394385350,sender -> receiver,0,True,1785394385226.0,-124.0,0.0,False
39cdffa3-a5f0-5f32-9df2-145936bb69d0,1785394385357,sender -> receiver,0,True,1785394385249.0,-108.0,0.0,False
cf32e344-bd93-52ae-ac26-f84e0db70136,1785394385394,sender -> receiver,0,True,1785394385270.0,-124.0,0.0,False
086ca9fd-3822-58ae-a00b-18aa848f814c,1785394386365,sender -> receiver,0,True,1785394386257.0,-108.0,0.0,False
3746cf1a-363e-5a55-8f0f-06dd3991b1ee,1785394386370,sender -> receiver,0,True,1785394386300.0,-70.0,0.0,False
d917ab9f-b6ba-5a9a-bd84-c5a2831f1027,1785394386376,sender -> receiver,0,True,1785394386324.0,-52.0,0.0,False
ec6d2a57-42fd-5724-91ed-d62419d9fa1e,1785394386380,sender -> receiver,0,True,1785394386346.0,-34.0,0.0,False
1bf0928f-2b55-5744-be14-d63b12664ea2,1785394387363,sender -> receiver,0,True,1785394387180.0,-183.0,0.0,False
ebc50f9b-9995-5df7-975b-c44df5f13b04,1785394387368,sender -> receiver,0,True,1785394387204.0,-164.0,0.0,False
dac2cf3f-ff07-59b2-8cc7-dc95b97d753a,1785394387373,sender -> receiver,0,True,1785394387249.0,-124.0,0.0,False
f2fa33d8-1fdb-5360-a6f0-f569396c556c,1785394387378,sender -> receiver,0,True,1785394387274.0,-104.0,0.0,False
ab51590b-4cc2-527c-aafc-0a1e861f1e85,1785394388360,sender -> receiver,0,True,1785394388174.0,-186.0,0.0,False
633fcc22-4202-5b3f-a32c-00f4121fe164,1785394388365,sender -> receiver,0,True,1785394388206.0,-159.0,0.0,False
7fb89c1f-f558-56c5-91aa-b133c0c06755,1785394388370,sender -> receiver,0,True,1785394388230.0,-140.0,0.0,False
ad0f55a1-482b-58f6-95bd-d14e03b4fe9f,1785394388375,sender -> receiver,0,True,1785394388253.0,-122.0,0.0,False
6baff3ef-fd98-5b4a-b104-f298fab4b1c5,1785394389364,sender -> receiver,0,True,1785394389161.0,-203.0,0.0,False
7dab0e6e-9ad4-5a9f-9447-d7b1086899f3,1785394389370,sender -> receiver,0,True,1785394389232.0,-138.0,0.0,False
837b689d-6838-5cb2-8e13-914c78ad82b0,1785394389376,sender -> receiver,0,True,1785394389261.0,-115.0,0.0,False
96e94a96-9119-598b-938b-0e7fa436f398,1785394389380,sender -> receiver,0,True,1785394389281.0,-99.0,0.0,False
b9df09d1-4ce8-5fde-9708-e335d577a629,1785394390361,sender -> receiver,0,True,1785394390246.0,-115.0,0.0,False
54cb2c22-0618-5618-9743-d2469ab0c4c7,1785394390366,sender -> receiver,0,True,1785394390278.0,-88.0,0.0,False
22d1fa2b-8d28-57ca-9694-25ed89205a34,1785394390371,sender -> receiver,0,True,1785394390308.0,-63.0,0.0,False
78010d91-ff34-569d-9b95-dafd897a6cbb,1785394390375,sender -> receiver,0,True,1785394390328.0,-47.0,0.0,False
93ec4755-4f5f-57a9-a8c1-8fe5a846762c,1785394391368,sender -> receiver,0,True,1785394391190.0,-178.0,0.0,False
86b708a0-f599-5606-9c5e-604c3cd245a9,1785394391374,sender -> receiver,0,True,1785394391211.0,-163.0,0.0,False
09c18c2a-49fa-5397-8ecf-6ca4d2bdb840,1785394391380,sender -> receiver,0,True,1785394391273.0,-107.0,0.0,False
12585b1a-b43e-512e-93f3-53c13f984b61,1785394391414,sender -> receiver,0,True,1785394391298.0,-116.0,0.0,False
8f7d747f-179b-5eb4-b7e5-61549874382d,1785394392354,sender -> receiver,0,True,1785394392180.0,-174.0,0.0,False
96a4cc50-7504-59ec-b879-3c0965d66fff,1785394392387,sender -> receiver,0,True,1785394392244.0,-143.0,0.0,False
ecc046d9-ad1f-5974-a5bf-7b26022259b4,1785394392393,sender -> receiver,0,True,1785394392276.0,-117.0,0.0,False
bb0e8d84-ffb2-5a83-b3dc-8cd9bef60c84,1785394392398,sender -> receiver,0,True,1785394392297.0,-101.0,0.0,False
6038b139-bbc3-52e9-99f4-3dc1b52113e3,1785394393364,sender -> receiver,0,True,1785394393215.0,-149.0,0.0,False
f9382e5d-6df2-55de-a8b3-9166bf303201,1785394393369,sender -> receiver,0,True,1785394393244.0,-125.0,0.0,False
0e0186d5-8884-5b32-9292-d6fba94fd22d,1785394393373,sender -> receiver,0,True,1785394393268.0,-105.0,0.0,False
4976b88c-0f64-53d5-adca-6c77a1995161,1785394393377,sender -> receiver,0,True,1785394393316.0,-61.0,0.0,False
94a9c2a2-378a-517e-9752-98811d582baa,1785394394367,sender -> receiver,0,True,1785394394262.0,-105.0,0.0,False
3d739955-fc99-5808-8964-9ec03f78370c,1785394394373,sender -> receiver,0,True,1785394394290.0,-83.0,0.0,False
deb72348-5d06-5cc0-9481-18f564235540,1785394394378,sender -> receiver,0,True,1785394394322.0,-56.0,0.0,False
3de6e7d7-6a8a-5d75-9c60-c1ced396ba29,1785394394382,sender -> receiver,0,True,1785394394342.0,-40.0,0.0,False
82fec3c6-014f-5008-8f7a-c4277e68f9cc,1785394395366,sender -> receiver,0,True,1785394395145.0,-221.0,0.0,False
82708a88-d391-527c-ab8c-6a0f4c01fc2d,1785394395373,sender -> receiver,0,True,1785394395200.0,-173.0,0.0,False
61507079-fbc9-594b-b18f-a2f79b9553e7,1785394395379,sender -> receiver,0,True,1785394395234.0,-145.0,0.0,False
428b75aa-7b06-5a39-a3e7-8fd371f672aa,1785394395384,sender -> receiver,0,True,1785394395296.0,-88.0,0.0,False
17004762-eda4-51a4-bfdb-5f46bb384e5f,1785394396366,sender -> receiver,0,True,1785394396228.0,-138.0,0.0,False
ca55b1e7-b17d-59a5-bcba-7e5f8d9d7ba5,1785394396372,sender -> receiver,0,True,1785394396301.0,-71.0,0.0,False
cdddbc06-e0e4-5e12-99eb-a45011383881,1785394396377,sender -> receiver,0,True,1785394396326.0,-51.0,0.0,False
1f196c9d-39b5-519f-8ec4-8d0a834507aa,1785394396381,sender -> receiver,0,True,1785394396347.0,-34.0,0.0,False
ad0a207f-4e4c-5a8a-970a-92ee46f168c2,1785394397364,sender -> receiver,0,True,1785394397281.0,-83.0,0.0,False
6586e52e-429d-5f90-b1b3-974f65b21e91,1785394397369,sender -> receiver,0,True,1785394397313.0,-56.0,0.0,False
a2d7b809-6eab-5a94-b5bf-155aefba9aae,1785394397374,sender -> receiver,0,True,1785394397344.0,-30.0,0.0,False
a284773c-5dee-55e2-94f0-a043cc652651,1785394397379,sender -> receiver,0,True,1785394397365.0,-14.0,0.0,False
4fdbbfd2-6a59-504f-80ac-7ab2d29f8a0a,1785394398334,sender -> receiver,0,True,1785394398170.0,-164.0,0.0,False
cf5d5060-de41-5cd6-a809-36de64e1fc97,1785394398365,sender -> receiver,0,True,1785394398190.0,-175.0,0.0,False
2056b1cb-788e-5ec4-ac54-d5a11dea62e8,1785394398370,sender -> receiver,0,True,1785394398238.0,-132.0,0.0,False
44ddd8c5-0d2b-5a29-8542-a6a8fe132dea,1785394398375,sender -> receiver,0,True,1785394398260.0,-115.0,0.0,False
c5dbab5e-9d5a-561b-82f4-d3e4dcd461ea,1785394399354,sender -> receiver,0,True,1785394399198.0,-156.0,0.0,False
c3ba426b-5165-532d-a9c0-a1a7cc2e3b09,1785394399358,sender -> receiver,0,True,1785394399224.0,-134.0,0.0,False
569d861c-5294-5f19-a59a-85e2d2d32acb,1785394399362,sender -> receiver,0,True,1785394399249.0,-113.0,0.0,False
2dd309e1-a3d3-53b9-8097-7cb074723927,1785394399391,sender -> receiver,0,True,1785394399269.0,-122.0,0.0,False
1b652c8d-7453-5efe-94b9-7bf7472251e7,1785394441653,sender -> receiver,0,True,1785394441503.0,-150.0,0.0,False
b5ed0983-9b76-5a0d-b4f9-d581836351e2,1785394441660,sender -> receiver,0,True,1785394441524.0,-136.0,0.0,False
33eee895-ee91-57ec-a1e3-1042df23acd1,1785394441665,sender -> receiver,0,True,1785394441560.0,-105.0,0.0,False
ccfbc9c1-8b2d-504c-8678-7174e5bec0c3,1785394441670,sender -> receiver,0,True,1785394441580.0,-90.0,0.0,False
97dff59e-e929-5bfe-865e-833f0dcb0f6c,1785394441675,sender -> receiver,0,True,1785394441600.0,-75.0,0.0,False
25fbf035-0b41-5d78-8b98-35a24407c4a3,1785394442626,sender -> receiver,0,True,1785394442494.0,-132.0,0.0,False
7e15ee04-459c-56a5-91eb-6c3cecf79ad9,1785394442630,sender -> receiver,0,True,1785394442518.0,-112.0,0.0,False
a6e76a2d-84eb-5f0b-8b73-a6c203b200fc,1785394442634,sender -> receiver,0,True,1785394442575.0,-59.0,0.0,False
baaeeab4-ad18-53b3-b349-e994ee42eca1,1785394442638,sender -> receiver,0,True,1785394442672.0,34.0,0.0,False
c3baf2d3-002a-57e5-adc0-8751d05fc8ad,1785394443620,sender -> receiver,0,True,1785394443483.0,-137.0,0.0,False
a5e20102-5186-5baf-9275-344a0558398b,1785394443624,sender -> receiver,0,True,1785394443512.0,-112.0,0.0,False
6a76b8c7-fd37-5e5b-942c-8fb43f568151,1785394443650,sender -> receiver,0,True,1785394443542.0,-108.0,0.0,False
c8dfa8f0-c84e-55f2-8407-bd309c5dd219,1785394443655,sender -> receiver,0,True,1785394443585.0,-70.0,0.0,False
9710f82d-0cf8-5c1a-9f66-dd4725c85df0,1785394443659,sender -> receiver,0,True,1785394443608.0,-51.0,0.0,False
2ce00059-1ac1-51de-b7a3-5a64cb510adf,1785394444610,sender -> receiver,0,True,1785394444421.0,-189.0,0.0,False
3781fed6-1d5f-5cc5-b623-46fa98f9e1cf,1785394444614,sender -> receiver,0,True,1785394444448.0,-166.0,0.0,False
ca31cb25-b9e8-585e-9adb-41bb207de367,1785394444619,sender -> receiver,0,True,1785394444514.0,-105.0,0.0,False
32c609de-2b7e-5703-8f5f-e0e33612bf19,1785394444650,sender -> receiver,0,True,1785394444545.0,-105.0,0.0,False
bbad24b6-9c0d-543c-b324-b1e5d0c989be,1785394445633,sender -> receiver,0,True,1785394445564.0,-69.0,0.0,False
e6888bc9-49bd-5ded-9f19-3d25f24677c8,1785394445637,sender -> receiver,0,True,1785394445600.0,-37.0,0.0,False
62db99e2-7cea-5a69-8383-ab38a3e2489f,1785394445641,sender -> receiver,0,True,1785394445623.0,-18.0,0.0,False
8b74d825-8ac1-5329-9c80-0c54b5733bca,1785394445645,sender -> receiver,0,True,1785394445653.0,8.0,0.0,False
0fe1bb3f-8d37-5766-b6f4-46c9bad8e99f,1785394446616,sender -> receiver,0,True,1785394446491.0,-125.0,0.0,False
966f36b4-7c82-52ec-a3f8-f9d9d6018716,1785394446621,sender -> receiver,0,True,1785394446516.0,-105.0,0.0,False
16129e64-9ec7-5220-abd9-65c3a24b6e6b,1785394446626,sender -> receiver,0,True,1785394446537.0,-89.0,0.0,False
d1556545-4b3e-5c27-8b30-a1e2a1276d30,1785394446631,sender -> receiver,0,True,1785394446586.0,-45.0,0.0,False
d67ee1fc-e566-5704-99cc-9a813aad30a0,1785394446661,sender -> receiver,0,True,1785394446608.0,-53.0,0.0,False
0dfe3bc8-334d-5f05-a37c-1ee601650e86,1785394447607,sender -> receiver,0,True,1785394447437.0,-170.0,0.0,False
36c9ade7-b2af-59a9-bd6b-894096b4e29d,1785394447611,sender -> receiver,0,True,1785394447464.0,-147.0,0.0,False
adacb343-1bab-53c5-bcaa-6c7bc64a91ad,1785394447616,sender -> receiver,0,True,1785394447484.0,-132.0,0.0,False
06072f11-e941-552b-8f73-087dfc7606a2,1785394447645,sender -> receiver,0,True,1785394447505.0,-140.0,0.0,False
15831ef3-fadc-5737-97b8-5fdbf4252bad,1785394448629,sender -> receiver,0,True,1785394448423.0,-206.0,0.0,False
767ee410-6e11-524f-a328-3aaca6a630c2,1785394448635,sender -> receiver,0,True,1785394448495.0,-140.0,0.0,False
3ff37449-96f0-51e3-bec0-8d41a26d2406,1785394448642,sender -> receiver,0,True,1785394448523.0,-119.0,0.0,False
aa40235b-b1d5-5099-bce1-45eba82efa36,1785394448647,sender -> receiver,0,True,1785394448575.0,-72.0,0.0,False
64756dc8-10d1-529e-85ca-115bc75381cf,1785394449617,sender -> receiver,0,True,1785394449417.0,-200.0,0.0,False
014a916b-0757-5243-a063-58b3d9c901f1,1785394449652,sender -> receiver,0,True,1785394449562.0,-90.0,0.0,False
d74504f8-2527-58d5-a7ef-186a279d04a8,1785394449657,sender -> receiver,0,True,1785394449583.0,-74.0,0.0,False
5f61e166-558e-57ef-a136-fb4c9e8efa5a,1785394449662,sender -> receiver,0,True,1785394449604.0,-58.0,0.0,False
644e5a4c-fd53-55fa-bbac-fbe8077763b8,1785394449692,sender -> receiver,0,True,1785394449624.0,-68.0,0.0,False
8e34d8b3-9b19-5338-a835-43bb1197d6e5,1785394450623,sender -> receiver,0,True,1785394450622.0,-1.0,0.0,False
0d467489-6bbd-51a3-b86a-123f180796cb,1785394450628,sender -> receiver,0,True,1785394450652.0,24.0,0.0,False
1a4719d0-38ff-5622-a984-94beb39a440b,1785394450655,sender -> receiver,0,True,1785394450673.0,18.0,0.0,False
69bb723e-7c94-5b49-ab06-aea1cd3274ac,1785394450661,sender -> receiver,0,True,1785394450694.0,33.0,0.0,False
e2d914b5-7581-5f00-9a47-d49204aaede6,1785394451610,sender -> receiver,0,True,1785394451499.0,-111.0,0.0,False
f164bbbb-4328-5c32-bad0-00e6af0bf0b3,1785394451616,sender -> receiver,0,True,1785394451529.0,-87.0,0.0,False
30975929-27d8-585c-8933-0db4c5a57df1,1785394451620,sender -> receiver,0,True,1785394451552.0,-68.0,0.0,False
f7ae4798-3693-5304-9091-f1243973cf89,1785394451651,sender -> receiver,0,True,1785394451577.0,-74.0,0.0,False
171b077a-400f-5b9e-8204-2cdb081809f2,1785394452623,sender -> receiver,0,True,1785394452495.0,-128.0,0.0,False
369cbe7c-a09a-5c7e-bff0-1dddedece8f7,1785394452627,sender -> receiver,0,True,1785394452552.0,-75.0,0.0,False
678a10e3-32b8-5792-a548-0d66b5678e97,1785394452632,sender -> receiver,0,True,1785394452580.0,-52.0,0.0,False
6a7de228-5e5b-559c-8444-1b6e747d1736,1785394452636,sender -> receiver,0,True,1785394452603.0,-33.0,0.0,False
f16fe5cc-efab-51aa-9f3a-08b5912a3e9e,1785394452663,sender -> receiver,0,True,1785394452624.0,-39.0,0.0,False
f4603de3-ff44-5f91-af88-f2a9eb7b11d0,1785394453610,sender -> receiver,0,True,1785394453474.0,-136.0,0.0,False
ca4ee70f-ba5b-5e82-93b9-af7cbdad667d,1785394453614,sender -> receiver,0,True,1785394453498.0,-116.0,0.0,False
0e1f1cde-eab1-59e9-a5e2-ffb7f50c1d17,1785394453619,sender -> receiver,0,True,1785394453518.0,-101.0,0.0,False
1550fd89-3c07-5b5f-b45d-0ca9783dfd66,1785394453647,sender -> receiver,0,True,1785394453541.0,-106.0,0.0,False
be3f4a01-c8ea-5df3-b1ee-bddcaf75b0f4,1785394454605,sender -> receiver,0,True,1785394454519.0,-86.0,0.0,False
802fc663-ca70-5e08-9c59-9715660e8da3,1785394454609,sender -> receiver,0,True,1785394454548.0,-61.0,0.0,False
730ffadc-6572-54e6-bb19-af78e5d464b9,1785394454614,sender -> receiver,0,True,1785394454633.0,19.0,0.0,False
f3d2ffa3-9808-589b-8fcb-d61ae51e8e89,1785394454618,sender -> receiver,0,True,1785394454659.0,41.0,0.0,False
a08a859d-3af1-55fd-b7c5-73e5b46eecfd,1785394455618,sender -> receiver,0,True,1785394455557.0,-61.0,0.0,False
7a606ae2-3233-5ce2-bd45-0220336e90b9,1785394455622,sender -> receiver,0,True,1785394455591.0,-31.0,0.0,False
67185543-5c25-51c1-926c-a90996737c7b,1785394455626,sender -> receiver,0,True,1785394455626.0,0.0,0.0,False
29557096-41d9-5333-8ea8-c1b4950d7c45,1785394455630,sender -> receiver,0,True,1785394455701.0,71.0,0.0,False
f562a347-4936-512c-ac9b-247d16ba2c6b,1785394455658,sender -> receiver,0,True,1785394455723.0,65.0,0.0,False
23b3ac75-3b35-5636-a221-e3abf50246ee,1785394456613,sender -> receiver,0,True,1785394456481.0,-132.0,0.0,False
4a747957-d84e-53d4-9141-337026be4071,1785394456617,sender -> receiver,0,True,1785394456510.0,-107.0,0.0,False
aeafe05a-eb38-57c6-a01f-470b6635eefe,1785394456621,sender -> receiver,0,True,1785394456531.0,-90.0,0.0,False
27c435ba-983d-5a6a-9ce7-f1111989b0a4,1785394456625,sender -> receiver,0,True,1785394456582.0,-43.0,0.0,False
f4588de6-a1aa-51ae-b73c-79d0f4a313fc,1785394457619,sender -> receiver,0,True,1785394457424.0,-195.0,0.0,False
fe3e6eec-f026-5a66-bb8b-0a4bac7667fc,1785394457627,sender -> receiver,0,True,1785394457488.0,-139.0,0.0,False
cf92e55b-d2d4-582c-8bdb-e629b041ee5d,1785394457634,sender -> receiver,0,True,1785394457513.0,-121.0,0.0,False
0bfbdbfa-5d88-5384-a34b-c0cb45073500,1785394457665,sender -> receiver,0,True,1785394457534.0,-131.0,0.0,False
70a16782-e73b-58e2-825b-1f7e31303fe8,1785394458626,sender -> receiver,0,True,1785394458469.0,-157.0,0.0,False
36f0d632-e7e8-57e6-bf3b-4ff3f9784b9c,1785394458630,sender -> receiver,0,True,1785394458528.0,-102.0,0.0,False
91ac177f-cb1a-5a77-81ba-7558ea4a931f,1785394458634,sender -> receiver,0,True,1785394458551.0,-83.0,0.0,False
7a90a8d7-166a-5833-8039-69d7d6755cee,1785394458639,sender -> receiver,0,True,1785394458573.0,-66.0,0.0,False
a724768a-9c26-536e-bc80-33f6917617b7,1785394458644,sender -> receiver,0,True,1785394458594.0,-50.0,0.0,False
ec64d8b8-a374-57f2-9a47-04d6aad2b0be,1785394459612,sender -> receiver,0,True,1785394459519.0,-93.0,0.0,False
32f0535e-8145-5f48-96dd-6068ced1c08f,1785394459617,sender -> receiver,0,True,1785394459552.0,-65.0,0.0,False
9613ceed-9908-50c2-9e08-7e98027a501c,1785394459621,sender -> receiver,0,True,1785394459574.0,-47.0,0.0,False
f1ff069a-f21d-501d-8385-455b22ea2611,1785394459648,sender -> receiver,0,True,1785394459631.0,-17.0,0.0,False
c548e5ac-176c-505f-94c4-c2d66a18643f,1785394460609,sender -> receiver,0,True,1785394460505.0,-104.0,0.0,False
80a8232b-e07a-5b8d-95ad-eb1d59bb7b6e,1785394460613,sender -> receiver,0,True,1785394460538.0,-75.0,0.0,False
745db264-3e9b-5859-9ac9-0f18bae08d0a,1785394460618,sender -> receiver,0,True,1785394460563.0,-55.0,0.0,False
46258b43-6ca8-587c-96b9-6b67d5b5524a,1785394460623,sender -> receiver,0,True,1785394460584.0,-39.0,0.0,False
e29fb2a7-31c4-5c10-aee0-3628c2670a62,1785394461616,sender -> receiver,0,True,1785394461712.0,96.0,0.0,False
0542547a-fdc3-5339-a429-3c144c498b14,1785394461619,sender -> receiver,0,True,1785394461745.0,126.0,0.0,False
6a5e4d3c-4ea4-52db-bbc1-60755a9c458c,1785394461623,sender -> receiver,0,True,1785394461801.0,178.0,0.0,False
211b1cca-f27f-54d0-9186-f80cb28615d6,1785394461627,sender -> receiver,0,True,1785394461825.0,198.0,0.0,False
a82ebf66-8641-5d4b-bb62-b6986e1c137c,1785394461631,sender -> receiver,0,True,1785394461847.0,216.0,0.0,False
c40a5f47-afe0-5966-960e-6e3505e33540,1785394462607,sender -> receiver,0,True,1785394462485.0,-122.0,0.0,False
1422eda7-f6e5-51de-9604-60399cd77892,1785394462612,sender -> receiver,0,True,1785394462526.0,-86.0,0.0,False
e2a778d1-5e04-5d52-8806-3a0608f99cd5,1785394462616,sender -> receiver,0,True,1785394462550.0,-66.0,0.0,False
038992a0-a45c-5b78-8176-25941b84fe30,1785394462644,sender -> receiver,0,True,1785394462602.0,-42.0,0.0,False
fd748add-3560-5ae6-924b-021e7ace8246,1785394463608,sender -> receiver,0,True,1785394463472.0,-136.0,0.0,False
3a6f5a68-ac4d-5831-83f2-579e2932970a,1785394463612,sender -> receiver,0,True,1785394463510.0,-102.0,0.0,False
e4950dbf-f257-5102-a67f-c9ac4872653c,1785394463637,sender -> receiver,0,True,1785394463535.0,-102.0,0.0,False
3410ac48-f556-594f-a7ad-c8ec3bb67c26,1785394463643,sender -> receiver,0,True,1785394463558.0,-85.0,0.0,False
16e1b018-f4aa-5fec-9c02-fff98c66c562,1785394517382,sender -> receiver,0,True,1785394517763.0,381.0,0.0,False
5826dbc6-419e-5424-9248-e7ab570ee020,1785394517386,sender -> receiver,0,True,1785394518250.0,864.0,0.0,False
cf29de24-cb34-5a83-93cf-69729ff9965d,1785394517413,sender -> receiver,0,True,1785394518888.0,1475.0,0.0,False
6059e893-ba51-52f1-a544-24134c3ccef5,1785394517418,sender -> receiver,0,True,1785394519432.0,2014.0,0.0,False
e0176a59-7d43-5454-ada4-fa57496affe0,1785394517423,sender -> receiver,0,True,1785394519929.0,2506.0,0.0,False
5c4b8fd9-f6eb-5e0b-8352-f18fb8419265,1785394517427,sender -> receiver,0,True,1785394520590.0,3163.0,0.0,False
b66ca87d-8197-5932-970a-48b3165ee9c8,1785394517433,sender -> receiver,0,True,1785394521146.0,3713.0,0.0,False
41dd1723-0a7f-51c6-a2dd-30758c056cca,1785394517437,sender -> receiver,0,True,1785394521684.0,4247.0,0.0,False
e26263e1-af28-55d7-a7f1-655c5b807f4c,1785394518365,sender -> receiver,0,True,1785394522441.0,4076.0,0.0,False
89d61889-42d3-5962-b0a2-b259e0eb3e17,1785394518370,sender -> receiver,0,True,1785394522942.0,4572.0,0.0,False
41d6c5cb-28d4-5ec7-9362-155483470691,1785394518394,sender -> receiver,0,True,1785394523396.0,5002.0,0.0,False
4233b737-b179-564d-b25c-7569761dbf73,1785394518400,sender -> receiver,0,True,1785394524123.0,5723.0,0.0,False
47a49fdd-9055-5c1f-94bf-3e1ded4870ed,1785394518404,sender -> receiver,0,True,1785394524586.0,6182.0,0.0,False
0ce0d655-4f30-5e1b-abb4-7d25332ce105,1785394518409,sender -> receiver,0,True,1785394525021.0,6612.0,0.0,False
2fb818b5-75e9-5c18-97a1-8ae025d13efe,1785394518413,sender -> receiver,0,True,1785394525641.0,7228.0,0.0,False
0deebae0-a839-59fb-a18e-95e3199760ca,1785394518417,sender -> receiver,0,True,1785394526152.0,7735.0,0.0,False
df4ec52d-da1d-5a24-af3f-509678c90c7c,1785394519365,sender -> receiver,0,True,1785394526779.0,7414.0,0.0,False
a6f6dd32-86a4-5610-8ed0-48de1f90e8cb,1785394519369,sender -> receiver,0,True,1785394527316.0,7947.0,0.0,False
b4a642c4-8cee-572b-89dd-c08597f45900,1785394519395,sender -> receiver,0,True,1785394527773.0,8378.0,0.0,False
ba341eb6-1dae-58c4-ade5-5c59ec09da86,1785394519400,sender -> receiver,0,True,1785394528273.0,8873.0,0.0,False
da073fe2-9b29-50d1-b45c-3dd5ffac16d8,1785394519404,sender -> receiver,0,True,1785394528746.0,9342.0,0.0,False
3e006201-6c4e-55e4-a588-50d72dba03ef,1785394519409,sender -> receiver,0,True,1785394529266.0,9857.0,0.0,False
227bdce0-c172-5f39-b1cc-d3583a71a01f,1785394519413,sender -> receiver,0,True,1785394529867.0,10454.0,0.0,False
de5d309a-31d2-50cf-a87e-8c1251a52709,1785394519417,sender -> receiver,0,True,1785394530301.0,10884.0,0.0,False
87fab9cd-bfc5-5399-9f85-3b976512e981,1785394520353,sender -> receiver,0,True,1785394530983.0,10630.0,0.0,False
f522fb09-a3a3-5d6a-9ab9-46e5ba22c18f,1785394520357,sender -> receiver,0,True,1785394531464.0,11107.0,0.0,False
480cc851-53af-5b1b-98ad-677f38da4107,1785394520361,sender -> receiver,0,True,1785394531996.0,11635.0,0.0,False
d194f77b-7c42-55e3-be0a-60b3da9cadc9,1785394520367,sender -> receiver,0,True,1785394532704.0,12337.0,0.0,False
dfa62023-c52d-5199-a7f2-c8dd84559fd2,1785394520396,sender -> receiver,0,True,1785394533090.0,12694.0,0.0,False
d83d523f-8578-5f00-a2d7-298771989a0e,1785394520401,sender -> receiver,0,True,1785394533655.0,13254.0,0.0,False
654bb015-2671-506e-94cc-dca234f74c55,1785394520406,sender -> receiver,0,True,1785394534168.0,13762.0,0.0,False
e79c358c-216b-58d3-89d9-6c68a4736d47,1785394521376,sender -> receiver,0,True,1785394534643.0,13267.0,0.0,False
c07230d2-0fb7-5e63-a74b-5cefd995c84a,1785394521381,sender -> receiver,0,True,1785394535242.0,13861.0,0.0,False
edffaae0-b441-53ea-a839-fc84049c1380,1785394521411,sender -> receiver,0,True,1785394535829.0,14418.0,0.0,False
8ffa5ff1-c242-5910-8c6e-7db9930b8bd4,1785394521416,sender -> receiver,0,True,1785394536409.0,14993.0,0.0,False
f6b5b6d3-670f-5ff2-9761-64af614f0bd2,1785394521420,sender -> receiver,0,True,1785394536943.0,15523.0,0.0,False
a6744dac-10cb-5210-8772-59639e8b11c4,1785394521424,sender -> receiver,0,True,1785394537587.0,16163.0,0.0,False
28093e8a-0ce9-5f2c-80ff-c2ec3fc894c6,1785394521428,sender -> receiver,0,True,1785394537795.0,16367.0,0.0,False
9067aecb-006c-5411-9421-20f3ed2c04ba,1785394521435,sender -> receiver,0,True,1785394537819.0,16384.0,0.0,False
818910a1-6bc6-5483-bdcd-8ff7c8006777,1785394522391,sender -> receiver,0,True,1785394537841.0,15450.0,0.0,False
7dfb701f-77c5-5480-85f1-a069e60cd61b,1785394522394,sender -> receiver,0,True,1785394537863.0,15469.0,0.0,False
c701094c-15fc-5d28-85f1-df87ba6ab0bd,1785394522419,sender -> receiver,0,True,1785394537913.0,15494.0,0.0,False
92603aed-719b-5860-b484-f8d67f165a98,1785394522423,sender -> receiver,0,True,1785394537935.0,15512.0,0.0,False
8cb98ba2-ba8f-514e-9e8f-d75483b2ed6c,1785394522428,sender -> receiver,0,True,1785394537955.0,15527.0,0.0,False
e3666773-3a87-5da7-9c04-1522bfd82cbc,1785394522453,sender -> receiver,0,True,1785394537974.0,15521.0,0.0,False
0bf02026-3245-5a37-8495-1d118cd026fe,1785394522459,sender -> receiver,0,True,1785394538023.0,15564.0,0.0,False
6cd1ac58-126f-5ccb-8b10-3d725059f2df,1785394522465,sender -> receiver,0,True,1785394538044.0,15579.0,0.0,False
7be7e38a-27cc-512d-8c91-8551cb7793da,1785394523374,sender -> receiver,0,True,1785394538068.0,14694.0,0.0,False
5f46aaec-f95b-50e8-a126-c98f3a4a483f,1785394523378,sender -> receiver,0,True,1785394538088.0,14710.0,0.0,False
21c4f94c-42a1-5330-85f5-03fe9e500091,1785394523403,sender -> receiver,0,True,1785394538159.0,14756.0,0.0,False
31e835b7-72e0-5bca-8fc6-02c00ecf7f47,1785394523408,sender -> receiver,0,True,1785394538182.0,14774.0,0.0,False
2df8ff44-efe0-5374-a30b-f9c16228ff4f,1785394523413,sender -> receiver,0,True,1785394538207.0,14794.0,0.0,False
fd932de0-ea12-527c-bb57-56d90efbe2b8,1785394523417,sender -> receiver,0,True,1785394538225.0,14808.0,0.0,False
27ba1334-5527-55e3-9bbd-5f8be3c7d172,1785394523421,sender -> receiver,0,True,1785394538284.0,14863.0,0.0,False
66de89ef-c55e-5e29-be50-c4f9d5fd550e,1785394524372,sender -> receiver,0,True,1785394538308.0,13936.0,0.0,False
b00c54ad-ec11-5540-ad25-e5d7fb00dbca,1785394524398,sender -> receiver,0,True,1785394538329.0,13931.0,0.0,False
bc7c05f2-c979-51d7-8e6f-7ebe9d0afcb9,1785394524403,sender -> receiver,0,True,1785394538348.0,13945.0,0.0,False
d1394ed1-5bbb-5cc7-ae72-01981b1fb71a,1785394524409,sender -> receiver,0,True,1785394538367.0,13958.0,0.0,False
ca3c8058-16ab-5080-9446-63f17beed33a,1785394524434,sender -> receiver,0,True,1785394538408.0,13974.0,0.0,False
1d43ead1-8466-5625-8191-f140eac88b97,1785394524440,sender -> receiver,0,True,1785394538432.0,13992.0,0.0,False
721f7a14-c2c9-57f6-8c07-a87d039018f4,1785394524444,sender -> receiver,0,True,1785394538453.0,14009.0,0.0,False
26e4c269-232f-55e7-aa6c-c240a7c58d02,1785394524448,sender -> receiver,0,True,1785394538472.0,14024.0,0.0,False
6dce7db2-88d9-5176-8f42-25b4feae9aa2,1785394525369,sender -> receiver,0,True,1785394538508.0,13139.0,0.0,False
c6d50371-9fb7-5066-93d5-87671c47909d,1785394525373,sender -> receiver,0,True,1785394538549.0,13176.0,0.0,False
2caff1e4-192f-5be2-87d2-02d214a91425,1785394525401,sender -> receiver,0,True,1785394538571.0,13170.0,0.0,False
2726f589-0eca-5291-8a10-d732d045755c,1785394525406,sender -> receiver,0,True,1785394538590.0,13184.0,0.0,False
5c8cc90c-54d7-5003-bb6c-ac054ec7a7be,1785394525410,sender -> receiver,0,True,1785394538611.0,13201.0,0.0,False
81a4b422-c65d-532f-adfb-1f6f1d15859a,1785394525414,sender -> receiver,0,True,1785394538668.0,13254.0,0.0,False
fbe41ac0-6a7f-5fb8-a311-84a79b64c86e,1785394525419,sender -> receiver,0,True,1785394538690.0,13271.0,0.0,False
0cae2926-f455-5b54-b0e0-a9100fa972ea,1785394525423,sender -> receiver,0,True,1785394538715.0,13292.0,0.0,False
674437a4-6aaa-57c0-9aba-10e7a27031e5,1785394526358,sender -> receiver,0,True,1785394538736.0,12378.0,0.0,False
718608a7-684e-5b2c-abc8-c1f421d1f9c1,1785394526362,sender -> receiver,0,True,1785394538756.0,12394.0,0.0,False
90d61f5e-d41c-56e8-8734-ec97899509a8,1785394526367,sender -> receiver,0,True,1785394538800.0,12433.0,0.0,False
85cbe1c9-e937-5ed8-b02d-c5fae4d3e5eb,1785394526371,sender -> receiver,0,True,1785394538830.0,12459.0,0.0,False
ebc663bc-938a-50f5-afa0-2f4cf126e039,1785394526400,sender -> receiver,0,True,1785394538871.0,12471.0,0.0,False
a8e03ad2-1f00-5f6c-946c-40b590361fc6,1785394526405,sender -> receiver,0,True,1785394538892.0,12487.0,0.0,False
2a7e80da-7e0a-5f94-a4da-c852019411da,1785394526409,sender -> receiver,0,True,1785394538926.0,12517.0,0.0,False
353b149d-902e-59a5-acfd-643995642ccf,1785394527370,sender -> receiver,0,True,1785394538957.0,11587.0,0.0,False
a799c160-c652-5bd8-8569-c75254b73232,1785394527374,sender -> receiver,0,True,1785394539036.0,11662.0,0.0,False
cf245ba7-0cb3-55f3-8e38-6cc6671191f1,1785394527379,sender -> receiver,0,True,1785394539054.0,11675.0,0.0,False
3a4f6a3a-5caa-58d9-9cbd-111a6ba49cc3,1785394527383,sender -> receiver,0,True,1785394539075.0,11692.0,0.0,False
33e815aa-a3c6-59a1-8c27-d2fa87a68c33,1785394527410,sender -> receiver,0,True,1785394539098.0,11688.0,0.0,False
3727197e-a4dd-51a3-adc9-95e1f8d439a5,1785394527415,sender -> receiver,0,True,1785394539137.0,11722.0,0.0,False
53e8ac9d-6e65-58a3-b233-652e4bcd6758,1785394527419,sender -> receiver,0,True,1785394539168.0,11749.0,0.0,False
db9d03ff-a0ef-580d-ba53-c022c006b39f,1785394527423,sender -> receiver,0,True,1785394539192.0,11769.0,0.0,False
92f06f25-3301-5abb-867b-a75da1404681,1785394528375,sender -> receiver,0,True,1785394539213.0,10838.0,0.0,False
2cfdf6f7-780f-5f0a-83f1-935ba438b05c,1785394528380,sender -> receiver,0,True,1785394539279.0,10899.0,0.0,False
251d58af-a47d-5b1a-87e5-af4cae3f53c4,1785394528385,sender -> receiver,0,True,1785394539300.0,10915.0,0.0,False
acb2306f-9635-5791-9c28-c346b37edc70,1785394528389,sender -> receiver,0,True,1785394539319.0,10930.0,0.0,False
07746991-a660-50ae-9592-8ff5c0a1de30,1785394528416,sender -> receiver,0,True,1785394539339.0,10923.0,0.0,False
4c33242d-6788-5d4d-b806-89d17a220cf6,1785394528421,sender -> receiver,0,True,1785394539358.0,10937.0,0.0,False
e8633e0c-8148-54bd-b73d-0d6a7465bb5d,1785394528425,sender -> receiver,0,True,1785394539397.0,10972.0,0.0,False
d1a6a4ee-0c35-5573-8583-92d8fe1dd7d2,1785394528430,sender -> receiver,0,True,1785394539421.0,10991.0,0.0,False
b4997859-a45c-54b6-acda-1fe09d099537,1785394529358,sender -> receiver,0,True,1785394539442.0,10084.0,0.0,False
2179ada1-098b-58b9-9c7b-f030f1bc01df,1785394529361,sender -> receiver,0,True,1785394539462.0,10101.0,0.0,False
35700c1e-dc77-5581-acfb-1eaf75e538b3,1785394529366,sender -> receiver,0,True,1785394539502.0,10136.0,0.0,False
0127fe11-6be3-500c-85b0-cef02073b7f0,1785394529393,sender -> receiver,0,True,1785394539527.0,10134.0,0.0,False
a22ff812-d75d-5f5b-a471-bea5c10d2b3c,1785394529398,sender -> receiver,0,True,1785394539549.0,10151.0,0.0,False
fd785ec3-57d9-5c71-9263-007d2787598a,1785394529402,sender -> receiver,0,True,1785394539572.0,10170.0,0.0,False
7199dbab-3388-5f0c-ab92-f0062e12c5ab,1785394529406,sender -> receiver,0,True,1785394539607.0,10201.0,0.0,False
5798db00-9227-566d-86b5-77e1945ea9d0,1785394571567,sender -> receiver,0,True,1785394571379.0,-188.0,0.0,False
5b0634ac-129d-546b-bfa8-6bc3fd9e6f5a,1785394571605,sender -> receiver,0,True,1785394571410.0,-195.0,0.0,False
c7351b69-3f6f-55c9-82e7-3e7a3ccadb4a,1785394571611,sender -> receiver,0,True,1785394571431.0,-180.0,0.0,False
8f0f3613-aa7b-56bc-9941-a321a6708c2b,1785394571617,sender -> receiver,0,True,1785394571504.0,-113.0,0.0,False
a2b28edd-15e2-505b-abab-e9cc63fb0691,1785394571641,sender -> receiver,0,True,1785394571575.0,-66.0,0.0,False
d9f00f46-ba98-50e2-8b56-608e9e2686bc,1785394572579,sender -> receiver,0,True,1785394572403.0,-176.0,0.0,False
9b9939ca-9a81-586c-aea6-306b710a08fb,1785394572584,sender -> receiver,0,True,1785394572426.0,-158.0,0.0,False
c1e592b7-2194-53e9-abb0-86df05691320,1785394572611,sender -> receiver,0,True,1785394572451.0,-160.0,0.0,False
96c8c349-de24-5a9b-85d3-e2e8830735cf,1785394572617,sender -> receiver,0,True,1785394572494.0,-123.0,0.0,False
6b898744-19d7-5ec8-a7a4-96fc72052ec9,1785394573552,sender -> receiver,0,True,1785394573400.0,-152.0,0.0,False
772bcd24-91d3-50f1-bc0a-6c010076b132,1785394573557,sender -> receiver,0,True,1785394573437.0,-120.0,0.0,False
b5bb003a-5969-54b5-9c92-c2ec82c69973,1785394573562,sender -> receiver,0,True,1785394573459.0,-103.0,0.0,False
4cd25806-c8de-5463-a34f-bc6bf68ab4a2,1785394573567,sender -> receiver,0,True,1785394573501.0,-66.0,0.0,False
eb9e89ef-3064-5e78-918a-7d3d2f7879c0,1785394574560,sender -> receiver,0,True,1785394574369.0,-191.0,0.0,False
e27ec116-581c-5e50-8791-c2b63dcec4cf,1785394574565,sender -> receiver,0,True,1785394574395.0,-170.0,0.0,False
91234191-25c8-5c0a-93a1-515c65bbcbcb,1785394574570,sender -> receiver,0,True,1785394574468.0,-102.0,0.0,False
3c03ac2e-843a-5680-9b95-b5c66f5692e0,1785394574601,sender -> receiver,0,True,1785394574494.0,-107.0,0.0,False
903aad3c-85e8-59ee-b926-a231d6667a79,1785394575573,sender -> receiver,0,True,1785394575418.0,-155.0,0.0,False
0585fc6d-0e80-5817-9ffe-e5d025af06b2,1785394575578,sender -> receiver,0,True,1785394575463.0,-115.0,0.0,False
2799f157-d91a-5a05-a26c-f28f0149c38c,1785394575583,sender -> receiver,0,True,1785394575520.0,-63.0,0.0,False
1273434a-5343-52d9-a099-b8de5027f51d,1785394575611,sender -> receiver,0,True,1785394575541.0,-70.0,0.0,False
7ffc1456-4da8-5662-8dc9-0584345ac69f,1785394576568,sender -> receiver,0,True,1785394576380.0,-188.0,0.0,False
e0e7c7f0-4be3-56a3-b90c-cd9083d3bd9e,1785394576573,sender -> receiver,0,True,1785394576428.0,-145.0,0.0,False
5082c0cc-d23c-53e4-a862-8b0dc70da5bd,1785394576577,sender -> receiver,0,True,1785394576455.0,-122.0,0.0,False
9c16508b-dae9-536c-86c4-9e67cbe4f517,1785394576611,sender -> receiver,0,True,1785394576502.0,-109.0,0.0,False
b08deade-a383-52a3-ba9d-023da6c77341,1785394577559,sender -> receiver,0,True,1785394577396.0,-163.0,0.0,False
89ddbd4d-6a89-5546-a043-8650d221f3fb,1785394577563,sender -> receiver,0,True,1785394577484.0,-79.0,0.0,False
d73b0f1a-eae4-58aa-af98-26fc932d64fe,1785394577590,sender -> receiver,0,True,1785394577508.0,-82.0,0.0,False
f762ffa9-f58c-5f96-b200-72dab4530ba5,1785394577595,sender -> receiver,0,True,1785394577530.0,-65.0,0.0,False
0bd23c60-0352-5150-8311-d7a1b41e97db,1785394577600,sender -> receiver,0,True,1785394577552.0,-48.0,0.0,False
c43028cf-601c-5574-9f02-a3c116deda2b,1785394578553,sender -> receiver,0,True,1785394578385.0,-168.0,0.0,False
2c907a91-c523-5ade-854e-30490f0beb82,1785394578557,sender -> receiver,0,True,1785394578411.0,-146.0,0.0,False
fd77c3a6-def0-586a-a3d2-afbbb2734c00,1785394578563,sender -> receiver,0,True,1785394578431.0,-132.0,0.0,False
7c471c6b-c2ce-51f9-bfc4-192dc64c23cb,1785394578588,sender -> receiver,0,True,1785394578452.0,-136.0,0.0,False
7bea2716-c937-5470-94b3-00df9218aea0,1785394579551,sender -> receiver,0,True,1785394579381.0,-170.0,0.0,False
b514b74a-dffb-55dd-a9e6-a74e402a38ad,1785394579556,sender -> receiver,0,True,1785394579407.0,-149.0,0.0,False
ff073137-219d-5965-b038-8cb6ced1321d,1785394579585,sender -> receiver,0,True,1785394579435.0,-150.0,0.0,False
1ea686c1-1ed5-515f-9dfb-339f197440a4,1785394579591,sender -> receiver,0,True,1785394579485.0,-106.0,0.0,False
edc4c186-e6be-5608-b83d-9b74875bdc20,1785394580554,sender -> receiver,0,True,1785394580453.0,-101.0,0.0,False
42ca9506-3ebf-5848-b3c3-7095b908f23e,1785394580559,sender -> receiver,0,True,1785394580478.0,-81.0,0.0,False
4855266d-e1fb-5f74-9008-881e55497d55,1785394580564,sender -> receiver,0,True,1785394580500.0,-64.0,0.0,False
d63a95dc-b09e-5789-9a06-f2b03f571cc8,1785394580569,sender -> receiver,0,True,1785394580521.0,-48.0,0.0,False
1b444c72-41e7-5e0a-84e6-af96ad424062,1785394581553,sender -> receiver,0,True,1785394581403.0,-150.0,0.0,False
83dfc697-905c-5a56-a24c-a73327086896,1785394581557,sender -> receiver,0,True,1785394581433.0,-124.0,0.0,False
25d02d94-867f-5aba-a310-eef4fd523a67,1785394581589,sender -> receiver,0,True,1785394581453.0,-136.0,0.0,False
c68fe177-2faf-5631-ae48-41c143b707eb,1785394581595,sender -> receiver,0,True,1785394581475.0,-120.0,0.0,False
5e239407-fa93-563b-acf1-9ae7700f13fd,1785394582554,sender -> receiver,0,True,1785394582445.0,-109.0,0.0,False
1a182edd-686b-55f9-8a8a-e726d4411b39,1785394582560,sender -> receiver,0,True,1785394582466.0,-94.0,0.0,False
ac4382c0-c3b7-5640-96ae-568e94c37900,1785394582565,sender -> receiver,0,True,1785394582527.0,-38.0,0.0,False
f8f93ea9-fea7-55a8-b7e3-144dfe5a5b2f,1785394582570,sender -> receiver,0,True,1785394582562.0,-8.0,0.0,False
fcea3f2c-e56f-56d2-8e93-7981de53f370,1785394583563,sender -> receiver,0,True,1785394583383.0,-180.0,0.0,False
29ab4056-86fd-510e-b3a3-9f2197523ea9,1785394583568,sender -> receiver,0,True,1785394583456.0,-112.0,0.0,False
1529e967-f272-5773-ba69-85865379ff35,1785394583598,sender -> receiver,0,True,1785394583477.0,-121.0,0.0,False
5e01c49c-b8ed-557d-b469-5fd3862000d4,1785394583603,sender -> receiver,0,True,1785394583502.0,-101.0,0.0,False
2ab135a7-d5e7-56ee-b1f6-c690f940d4d3,1785394583609,sender -> receiver,0,True,1785394583524.0,-85.0,0.0,False
5355af4a-1503-5008-987d-53a251a2fc72,1785394584553,sender -> receiver,0,True,1785394584375.0,-178.0,0.0,False
aeab6ee1-79aa-52ba-aa5c-0c809a2bb652,1785394584557,sender -> receiver,0,True,1785394584401.0,-156.0,0.0,False
fbd43d1a-0945-594d-b8b6-5dd75502310c,1785394584561,sender -> receiver,0,True,1785394584517.0,-44.0,0.0,False
8c011799-c27f-501f-91ed-c3a6571e2b25,1785394584566,sender -> receiver,0,True,1785394584539.0,-27.0,0.0,False
b6766a8b-5ccf-5858-a611-eee0adb75434,1785394585550,sender -> receiver,0,True,1785394585411.0,-139.0,0.0,False
16bed1c1-8895-5e03-bb43-0379bdae9b09,1785394585553,sender -> receiver,0,True,1785394585470.0,-83.0,0.0,False
5c2d39db-1022-5596-9c26-90c61a08e3f8,1785394585557,sender -> receiver,0,True,1785394585505.0,-52.0,0.0,False
b55f757a-4e4e-573a-845b-4cdfac3b6a42,1785394585561,sender -> receiver,0,True,1785394585527.0,-34.0,0.0,False
1d2a6828-24a4-5f33-8252-3f45240dc0ea,1785394586566,sender -> receiver,0,True,1785394586484.0,-82.0,0.0,False
dcf5cac0-f4df-5e19-984f-b93ef5e99a3d,1785394586570,sender -> receiver,0,True,1785394586538.0,-32.0,0.0,False
355e18c4-671f-5d6f-bf64-17234af9f48f,1785394586574,sender -> receiver,0,True,1785394586562.0,-12.0,0.0,False
20b9a869-8bac-5e38-9297-ad834ffb6011,1785394586578,sender -> receiver,0,True,1785394586585.0,7.0,0.0,False
7899f936-172a-541f-b7d3-807833c8e758,1785394587551,sender -> receiver,0,True,1785394587487.0,-64.0,0.0,False
1e3ee49b-9c33-57a0-bf79-d262b98bf3f3,1785394587558,sender -> receiver,0,True,1785394587515.0,-43.0,0.0,False
d85ee7cb-ccb4-562e-9104-ee23150bf077,1785394587584,sender -> receiver,0,True,1785394587539.0,-45.0,0.0,False
afc3ff97-4ff4-5eea-af11-bd743dc2365e,1785394587588,sender -> receiver,0,True,1785394587562.0,-26.0,0.0,False
7cee5029-e4d7-5ceb-b666-ed091d9a3291,1785394588558,sender -> receiver,0,True,1785394588378.0,-180.0,0.0,False
ca36c89f-379e-5b5b-8950-a33eae4e903c,1785394588563,sender -> receiver,0,True,1785394588458.0,-105.0,0.0,False
fd74feb3-c3e6-5170-ac12-dfd574d3ce14,1785394588568,sender -> receiver,0,True,1785394588483.0,-85.0,0.0,False
bc1ad457-b359-5d92-809c-1f534bf901dc,1785394588573,sender -> receiver,0,True,1785394588503.0,-70.0,0.0,False
57719bc8-46b2-5f82-b728-e4a1bf39d968,1785394589566,sender -> receiver,0,True,1785394589372.0,-194.0,0.0,False
821e081f-c069-5ea8-b2c5-ef52e7b16d51,1785394589571,sender -> receiver,0,True,1785394589456.0,-115.0,0.0,False
76e79344-0baa-5643-82ce-1f23982d7088,1785394589575,sender -> receiver,0,True,1785394589481.0,-94.0,0.0,False
5e449f72-fb33-5957-9933-f4650a24d94f,1785394589603,sender -> receiver,0,True,1785394589501.0,-102.0,0.0,False
d03385be-ce34-5287-ba17-11df648f424b,1785394589608,sender -> receiver,0,True,1785394589523.0,-85.0,0.0,False
9b596616-adbe-5565-b684-c48f890d85e3,1785394590549,sender -> receiver,0,True,1785394590402.0,-147.0,0.0,False
7241c5f8-5482-5d36-ac17-40c8a14cbb70,1785394590554,sender -> receiver,0,True,1785394590534.0,-20.0,0.0,False
96415d46-0dee-551a-a250-b6ff9a36be63,1785394590583,sender -> receiver,0,True,1785394590559.0,-24.0,0.0,False
84e848a8-7a9e-50af-abab-c61862e822b3,1785394590589,sender -> receiver,0,True,1785394590627.0,38.0,0.0,False
fa54f675-d32a-5ec1-92a3-25e37d420b94,1785394591557,sender -> receiver,0,True,1785394591390.0,-167.0,0.0,False
11cfa3fc-613a-5bab-b8a3-d37d51f34b7b,1785394591565,sender -> receiver,0,True,1785394591482.0,-83.0,0.0,False
e5d906dd-6583-5bf0-bed9-4c5e1adfa96f,1785394591569,sender -> receiver,0,True,1785394591510.0,-59.0,0.0,False
e485268d-ac21-5b20-9706-af96c7c4987b,1785394591600,sender -> receiver,0,True,1785394591530.0,-70.0,0.0,False
3908c2e8-c5e4-5711-b180-5878c81ef25c,1785394592551,sender -> receiver,0,True,1785394592381.0,-170.0,0.0,False
b99663ea-7b04-5767-87eb-4253dd19ecb9,1785394592555,sender -> receiver,0,True,1785394592409.0,-146.0,0.0,False
653876d1-fb0f-5573-9f12-692d6815bf53,1785394592560,sender -> receiver,0,True,1785394592432.0,-128.0,0.0,False
88a0ed9a-0c69-50c0-a605-50073c3aaf41,1785394592564,sender -> receiver,0,True,1785394592452.0,-112.0,0.0,False
fb840f4e-e72e-5294-8add-a06f6d2abea6,1785394593560,sender -> receiver,0,True,1785394593417.0,-143.0,0.0,False
800edf73-65d9-5bd1-b1b7-3ae6758a2029,1785394593564,sender -> receiver,0,True,1785394593445.0,-119.0,0.0,False
3af72eba-f40a-51dd-9946-a15773ab586b,1785394593568,sender -> receiver,0,True,1785394593467.0,-101.0,0.0,False
0b3e9fa4-eff1-5242-9367-15903aa7b982,1785394593597,sender -> receiver,0,True,1785394593488.0,-109.0,0.0,False
d69e9d5e-9e87-503b-afef-70c718c92f17,1785394594550,sender -> receiver,0,True,1785394594458.0,-92.0,0.0,False
f30c8fbc-02d7-5713-82bc-0f35bef135bb,1785394594554,sender -> receiver,0,True,1785394594491.0,-63.0,0.0,False
7a3ded6f-5b7a-5d2a-a45c-c7367d6c3ed8,1785394594561,sender -> receiver,0,True,1785394594515.0,-46.0,0.0,False
e7cd9595-e68a-5d9a-a41e-2f7dddc27aa1,1785394594565,sender -> receiver,0,True,1785394594536.0,-29.0,0.0,False
4e70cacc-aa20-5906-8d0e-0a1b3d96d662,1785394653405,sender -> receiver,0,True,1785394653828.0,423.0,0.0,False
9a3f3979-cc8d-508e-b2cd-e073fbb299f4,1785394653411,sender -> receiver,0,True,1785394654625.0,1214.0,0.0,False
d14d4db3-98ad-58bc-9cbe-bff15fa5f7ba,1785394653416,sender -> receiver,0,True,1785394655151.0,1735.0,0.0,False
897332d6-8b5d-5a8a-a87d-5bc5df0a3d8b,1785394653421,sender -> receiver,0,True,1785394655626.0,2205.0,0.0,False
4574b216-e427-5dca-a290-6b05b70328de,1785394653448,sender -> receiver,0,True,1785394656038.0,2590.0,0.0,False
aa438bb1-2348-51d8-80d8-a88191f95c2d,1785394653455,sender -> receiver,0,True,1785394656586.0,3131.0,0.0,False
03c94111-84b4-528f-8a1f-fbd3aa670e07,1785394653460,sender -> receiver,0,True,1785394657220.0,3760.0,0.0,False
778607da-6917-5f9f-b435-d44cde70dd29,1785394653464,sender -> receiver,0,True,1785394657898.0,4434.0,0.0,False
0b92e1a7-39e8-56d5-99fe-0dffd097a56e,1785394653468,sender -> receiver,0,True,1785394658391.0,4923.0,0.0,False
a714bd48-19bb-5c41-87aa-60fc763da5d1,1785394653511,sender -> receiver,0,True,1785394658974.0,5463.0,0.0,False
9bd63efb-4909-57db-9b7c-45d6c53055f4,1785394653516,sender -> receiver,0,True,1785394659762.0,6246.0,0.0,False
59767395-c4e1-58f2-a5b6-106ff8b583f6,1785394653541,sender -> receiver,0,True,1785394660344.0,6803.0,0.0,False
d323c244-b7b5-5780-bec8-be933e72181c,1785394653546,sender -> receiver,0,True,1785394660946.0,7400.0,0.0,False
23c0af27-51aa-576b-a0fa-baea9770fa19,1785394653551,sender -> receiver,0,True,1785394661487.0,7936.0,0.0,False
a64b6595-5136-5d57-9dfb-4d651b138148,1785394653588,sender -> receiver,0,True,1785394662131.0,8543.0,0.0,False
2f79d12d-5cb6-5ac3-b796-96ca3d6cb5a8,1785394654384,sender -> receiver,0,True,1785394662748.0,8364.0,0.0,False
0583b706-909f-5141-b896-5ce1c7425218,1785394654391,sender -> receiver,0,True,1785394663208.0,8817.0,0.0,False
efb2dcb0-3c0b-5319-8cc1-10e0280e4482,1785394654398,sender -> receiver,0,True,1785394663879.0,9481.0,0.0,False
2d30ef62-f51c-5ae6-b2eb-57734ae74e12,1785394654404,sender -> receiver,0,True,1785394664380.0,9976.0,0.0,False
0cf7ac3e-fe54-5cba-98ee-44e888b43f20,1785394654437,sender -> receiver,0,True,1785394664948.0,10511.0,0.0,False
b3fcf56e-bba8-51bb-9ce8-bebd031a3570,1785394654443,sender -> receiver,0,True,1785394665691.0,11248.0,0.0,False
acdd92bd-b2a6-5011-b8a7-0f01842cfb3e,1785394654447,sender -> receiver,0,True,1785394666345.0,11898.0,0.0,False
9e20b3eb-275f-53c5-b270-e22d4be83365,1785394654451,sender -> receiver,0,True,1785394666824.0,12373.0,0.0,False
09d7900e-dc19-537e-9313-822a49b4e4cb,1785394654495,sender -> receiver,0,True,1785394667432.0,12937.0,0.0,False
1361040c-9b0f-538a-815c-e29421718000,1785394654501,sender -> receiver,0,True,1785394667886.0,13385.0,0.0,False
ffd1e1e8-64d0-5dca-90b0-ddd6f49f0b96,1785394654507,sender -> receiver,0,True,1785394668203.0,13696.0,0.0,False
a143e62a-a526-51c0-9dcc-d2ae379ac515,1785394654510,sender -> receiver,0,True,1785394668234.0,13724.0,0.0,False
1cbea2f3-c5d5-5e90-b58a-0497a8419aca,1785394654515,sender -> receiver,0,True,1785394668278.0,13763.0,0.0,False
65647d9b-da44-5aa7-a11d-0dad0872b23b,1785394654519,sender -> receiver,0,True,1785394668303.0,13784.0,0.0,False
a5fe006d-8d4f-53b3-9cc4-35318560f377,1785394655385,sender -> receiver,0,True,1785394668326.0,12941.0,0.0,False
65ad4356-030b-5320-9735-ea4776525c37,1785394655391,sender -> receiver,0,True,1785394668356.0,12965.0,0.0,False
fdcbd801-4385-5842-be22-feb42950c84c,1785394655397,sender -> receiver,0,True,1785394668385.0,12988.0,0.0,False
b555d561-a7f6-5bd2-affd-a591486e8294,1785394655401,sender -> receiver,0,True,1785394668435.0,13034.0,0.0,False
5d31473b-6265-5b35-a812-1cabb600ea8f,1785394655432,sender -> receiver,0,True,1785394668460.0,13028.0,0.0,False
18d4c85d-a547-5fd2-a7ef-a269fb141d00,1785394655439,sender -> receiver,0,True,1785394668486.0,13047.0,0.0,False
1a5b70f8-367f-53b0-93b1-4cf0c6b509a3,1785394655444,sender -> receiver,0,True,1785394668507.0,13063.0,0.0,False
52e049f7-c3b6-5aad-ac60-b9ab117498ea,1785394655448,sender -> receiver,0,True,1785394668555.0,13107.0,0.0,False
5c71de78-4171-53f1-aa7c-a79ca935a1f3,1785394655452,sender -> receiver,0,True,1785394668598.0,13146.0,0.0,False
9da37feb-c9f9-5da6-b9cc-eeb86d153048,1785394655495,sender -> receiver,0,True,1785394668621.0,13126.0,0.0,False
d65daab5-1ff0-5229-ba76-7b6c63cd0169,1785394655500,sender -> receiver,0,True,1785394668643.0,13143.0,0.0,False
952fb984-8ff0-533d-beb1-ceee9efe0e1a,1785394655507,sender -> receiver,0,True,1785394668668.0,13161.0,0.0,False
96a2fc9e-eb0c-5210-baa7-7a8cf02be493,1785394655512,sender -> receiver,0,True,1785394668723.0,13211.0,0.0,False
7e6f58b7-8357-56c4-b1a0-d50f4ca94cf0,1785394655516,sender -> receiver,0,True,1785394668743.0,13227.0,0.0,False
ec84696b-6ac5-554d-8bd7-083038acdd85,1785394656391,sender -> receiver,0,True,1785394668769.0,12378.0,0.0,False
c6d6d2cd-81e9-53ef-8e15-a045a362717c,1785394656397,sender -> receiver,0,True,1785394668788.0,12391.0,0.0,False
718b63fa-cf55-50e1-80ff-199e9db14845,1785394656403,sender -> receiver,0,True,1785394668858.0,12455.0,0.0,False
0c817fe4-253b-54cc-a36b-c48485f9cdb7,1785394656408,sender -> receiver,0,True,1785394668876.0,12468.0,0.0,False
91021005-7d7a-501f-abbd-f7bc8783aa47,1785394656414,sender -> receiver,0,True,1785394668897.0,12483.0,0.0,False
277c67bb-95fd-5410-bd2f-76691d7f7829,1785394656421,sender -> receiver,0,True,1785394668919.0,12498.0,0.0,False
1dd8a40e-d5d6-59af-b81e-096ab7beed31,1785394656462,sender -> receiver,0,True,1785394668940.0,12478.0,0.0,False
9f681e6e-ab54-5c54-9d0a-d5627e7ebc37,1785394656468,sender -> receiver,0,True,1785394668992.0,12524.0,0.0,False
95a73501-8628-5c96-876f-d00068b78659,1785394656473,sender -> receiver,0,True,1785394669015.0,12542.0,0.0,False
6239a612-8af2-5e34-aa86-ac47bb82c29a,1785394656476,sender -> receiver,0,True,1785394669034.0,12558.0,0.0,False
2bb21d94-9702-57de-8dbd-525892046755,1785394656489,sender -> receiver,0,True,1785394669053.0,12564.0,0.0,False
9e68be2a-e978-5e38-b298-f7d509a89e46,1785394656531,sender -> receiver,0,True,1785394669093.0,12562.0,0.0,False
aba9a1c6-92b1-5de5-8edb-7c8cfc7519d6,1785394656536,sender -> receiver,0,True,1785394669115.0,12579.0,0.0,False
cef048ca-c3cf-5fc3-9b63-e3ad66210605,1785394656540,sender -> receiver,0,True,1785394669136.0,12596.0,0.0,False
48072ac3-159a-5d08-85f8-8c7e26ac8fea,1785394656544,sender -> receiver,0,True,1785394669157.0,12613.0,0.0,False
ec4df884-a1e2-5625-b491-5635b2906ed8,1785394657380,sender -> receiver,0,True,1785394669216.0,11836.0,0.0,False
7d9ad0dc-5270-54b8-b43c-d28b88096318,1785394657385,sender -> receiver,0,True,1785394669237.0,11852.0,0.0,False
63d4e722-d701-575d-b542-f45d58faeadc,1785394657389,sender -> receiver,0,True,1785394669257.0,11868.0,0.0,False
f65a2b26-9350-56f4-8057-320537dbb057,1785394657393,sender -> receiver,0,True,1785394669278.0,11885.0,0.0,False
29bf0fad-3352-5688-92f3-c285e0914e09,1785394657398,sender -> receiver,0,True,1785394669309.0,11911.0,0.0,False
ab553c89-ac2c-5abe-9fe7-993c422d8954,1785394657427,sender -> receiver,0,True,1785394669345.0,11918.0,0.0,False
3aa71cae-b8cb-546b-bbef-478875f17a70,1785394657433,sender -> receiver,0,True,1785394669368.0,11935.0,0.0,False
8a50fb96-beeb-5ba1-8a76-b87ab425a6c1,1785394657438,sender -> receiver,0,True,1785394669388.0,11950.0,0.0,False
5563c296-5909-5018-ade0-38afbe42ade6,1785394657442,sender -> receiver,0,True,1785394669407.0,11965.0,0.0,False
f32fbf58-8462-5bfe-a229-b330534f6d3f,1785394657446,sender -> receiver,0,True,1785394669428.0,11982.0,0.0,False
2d42c607-181f-5860-ad8d-dc8d6a60803a,1785394657489,sender -> receiver,0,True,1785394669470.0,11981.0,0.0,False
4c9ad451-a72b-5d88-b376-6f0b9870e21c,1785394657495,sender -> receiver,0,True,1785394669491.0,11996.0,0.0,False
c414ee12-031e-5d3f-b8e9-8a337768233c,1785394657502,sender -> receiver,0,True,1785394669514.0,12012.0,0.0,False
782257df-feaf-528a-86a8-6ac49d4fee16,1785394657506,sender -> receiver,0,True,1785394669532.0,12026.0,0.0,False
a395b146-44b5-5e4d-815b-af7370357301,1785394658385,sender -> receiver,0,True,1785394669570.0,11185.0,0.0,False
57e34c65-8f5c-5a76-a96b-ecb006f95857,1785394658389,sender -> receiver,0,True,1785394669591.0,11202.0,0.0,False
c148247f-3212-5191-b28b-b8139fb9fcaa,1785394658393,sender -> receiver,0,True,1785394669613.0,11220.0,0.0,False
67eb9f8f-a3eb-5459-b158-ec0dfcb686cf,1785394658427,sender -> receiver,0,True,1785394669645.0,11218.0,0.0,False
31724eec-64b1-5310-a32e-e3ffa2462999,1785394658433,sender -> receiver,0,True,1785394669665.0,11232.0,0.0,False
8bdf1a9e-1ee9-585f-adba-16856d5576da,1785394658437,sender -> receiver,0,True,1785394669719.0,11282.0,0.0,False
2712e436-6382-58ae-999d-b248bb161507,1785394658442,sender -> receiver,0,True,1785394669743.0,11301.0,0.0,False
b84c1fd7-9204-59b1-b943-9ee8de4d1683,1785394658447,sender -> receiver,0,True,1785394669765.0,11318.0,0.0,False
f957d7de-0bc5-5079-a102-7414141a16d8,1785394658505,sender -> receiver,0,True,1785394669786.0,11281.0,0.0,False
f500f0e4-5160-5671-b12c-834fe2244761,1785394658510,sender -> receiver,0,True,1785394669829.0,11319.0,0.0,False
07895677-b953-573e-b39a-2ca298dae175,1785394658516,sender -> receiver,0,True,1785394669851.0,11335.0,0.0,False
7263377b-eecd-5f9a-813b-a044c4dda432,1785394658521,sender -> receiver,0,True,1785394669871.0,11350.0,0.0,False
2e74951c-c825-5fa3-a29a-5889eba2a965,1785394658526,sender -> receiver,0,True,1785394669889.0,11363.0,0.0,False
fa677329-274c-553c-9861-994754941e04,1785394658530,sender -> receiver,0,True,1785394669927.0,11397.0,0.0,False
71b4f05f-b1d6-5f40-8fc7-9010651b7694,1785394659404,sender -> receiver,0,True,1785394669947.0,10543.0,0.0,False
404ab6ad-87c1-564f-b9ed-2ffab7bf9979,1785394659409,sender -> receiver,0,True,1785394669981.0,10572.0,0.0,False
c7f6d1bc-2035-5cdf-b5e2-11a0bd147541,1785394659413,sender -> receiver,0,True,1785394669999.0,10586.0,0.0,False
3f6131b3-9723-5b48-927e-e15e78c2e9ad,1785394659417,sender -> receiver,0,True,1785394670018.0,10601.0,0.0,False
f2e69ef7-597f-5d2c-b88c-ac1773ec6e63,1785394659421,sender -> receiver,0,True,1785394670055.0,10634.0,0.0,False
37857cad-0e11-5706-8ba8-4eba5e1248f9,1785394659425,sender -> receiver,0,True,1785394670076.0,10651.0,0.0,False
fd31958b-7c0b-5fd5-a1f5-737907a76698,1785394659434,sender -> receiver,0,True,1785394670097.0,10663.0,0.0,False
ea5bd757-beb7-5753-87bc-e191cb264f32,1785394659458,sender -> receiver,0,True,1785394670115.0,10657.0,0.0,False
6ef5f4f7-999a-5a63-832c-cf84b0b6cdeb,1785394659464,sender -> receiver,0,True,1785394670134.0,10670.0,0.0,False
b72764f9-3048-52fd-9bbb-43c006d69598,1785394659467,sender -> receiver,0,True,1785394670186.0,10719.0,0.0,False
fffed765-03d6-5903-ac40-9bf39dd62e51,1785394659471,sender -> receiver,0,True,1785394670206.0,10735.0,0.0,False
13181990-dc06-5775-af15-0a23877ce586,1785394659475,sender -> receiver,0,True,1785394670227.0,10752.0,0.0,False
86f68865-e5a6-5f2e-a540-86c76df7320a,1785394659517,sender -> receiver,0,True,1785394670247.0,10730.0,0.0,False
710fa530-efa3-568f-bd7b-ad4c5062893b,1785394659522,sender -> receiver,0,True,1785394670265.0,10743.0,0.0,False
70d6b129-83de-50a4-9744-a9e10ad357ba,1785394702049,sender -> receiver,0,True,1785394701878.0,-171.0,0.0,False
c5f487b8-cffc-5676-a018-2702d352f207,1785394702078,sender -> receiver,0,True,1785394701967.0,-111.0,0.0,False
de5b293f-37b2-5ddd-8c46-bae3b334ce7b,1785394702084,sender -> receiver,0,True,1785394701990.0,-94.0,0.0,False
10a1c87c-dce7-541c-83b2-5f637d5ae4c7,1785394702089,sender -> receiver,0,True,1785394702012.0,-77.0,0.0,False
8ae3b5d2-399a-5588-8be4-8bf74dba0a83,1785394702094,sender -> receiver,0,True,1785394702034.0,-60.0,0.0,False
2c410d5a-afff-5618-bad7-c117270e8f0b,1785394703037,sender -> receiver,0,True,1785394702923.0,-114.0,0.0,False
9e8cc862-666e-524e-b1be-51d912af8760,1785394703041,sender -> receiver,0,True,1785394702951.0,-90.0,0.0,False
b3d656e8-48e4-5edd-b7c3-6f75504adccb,1785394703046,sender -> receiver,0,True,1785394702982.0,-64.0,0.0,False
71974e40-4ee7-5071-8085-5916eefe020b,1785394703051,sender -> receiver,0,True,1785394703003.0,-48.0,0.0,False
e2a2c8d5-5c2c-5442-8b5f-6c44744f6d1f,1785394704039,sender -> receiver,0,True,1785394703851.0,-188.0,0.0,False
f178a18d-b50b-5f7d-b1af-27a95f203685,1785394704043,sender -> receiver,0,True,1785394703876.0,-167.0,0.0,False
37e47e41-d010-53f9-a376-e36c75e69ae1,1785394704047,sender -> receiver,0,True,1785394703899.0,-148.0,0.0,False
4df89357-6177-52bc-b678-b3478914b7f4,1785394704075,sender -> receiver,0,True,1785394703920.0,-155.0,0.0,False
b5f74fa3-d020-5719-b58d-85bbc7b16d39,1785394705023,sender -> receiver,0,True,1785394704952.0,-71.0,0.0,False
867228cd-f21e-5ed9-93e5-e2c22329f971,1785394705027,sender -> receiver,0,True,1785394704984.0,-43.0,0.0,False
ae9f77d8-dca8-5da6-9ad6-30cb47822de9,1785394705052,sender -> receiver,0,True,1785394705017.0,-35.0,0.0,False
2b4300d5-9f1e-5298-8e7b-3d05b748c659,1785394705056,sender -> receiver,0,True,1785394705065.0,9.0,0.0,False
6395244d-5b01-5568-9a2e-5227971cfc70,1785394706044,sender -> receiver,0,True,1785394705869.0,-175.0,0.0,False
5ee4e3eb-63f9-560c-a3d1-7f6eb38a34b0,1785394706078,sender -> receiver,0,True,1785394705903.0,-175.0,0.0,False
5583b31e-bba2-5bb3-808b-52203a00cb8b,1785394706083,sender -> receiver,0,True,1785394706008.0,-75.0,0.0,False
88ca549f-2ae2-5e45-b0f2-5a7abe0f092e,1785394706088,sender -> receiver,0,True,1785394706038.0,-50.0,0.0,False
4ba4cbfc-7710-58d5-b0b8-474f5e87ee03,1785394707013,sender -> receiver,0,True,1785394706881.0,-132.0,0.0,False
0304c5be-2256-53dc-8d44-3e51cf6d82fb,1785394707017,sender -> receiver,0,True,1785394706931.0,-86.0,0.0,False
5c08d8d6-e79d-54b6-9b60-b6e9ea82aa02,1785394707023,sender -> receiver,0,True,1785394706962.0,-61.0,0.0,False
9bc0cb09-18b8-58db-ace9-a3496bb8eba5,1785394707056,sender -> receiver,0,True,1785394706986.0,-70.0,0.0,False
fe9701a3-1ce3-5f53-aa5e-fe981f4bbbe4,1785394708035,sender -> receiver,0,True,1785394707876.0,-159.0,0.0,False
44e349ff-a3ee-59fc-9e42-4df71cfe3451,1785394708040,sender -> receiver,0,True,1785394707913.0,-127.0,0.0,False
4a234ca9-f575-53eb-a78d-6e545d472467,1785394708069,sender -> receiver,0,True,1785394707937.0,-132.0,0.0,False
96d72c89-cabd-5464-937b-cb69ee6a900f,1785394708074,sender -> receiver,0,True,1785394708072.0,-2.0,0.0,False
32612b46-1962-5234-9262-f0058735dfff,1785394708078,sender -> receiver,0,True,1785394708153.0,75.0,0.0,False
562f2875-8e65-5d3c-b93c-c3c86798f7b7,1785394709021,sender -> receiver,0,True,1785394708952.0,-69.0,0.0,False
8790832c-ea41-5df8-a997-1ffda0a97f9e,1785394709025,sender -> receiver,0,True,1785394708982.0,-43.0,0.0,False
72418af3-5e3f-5fab-92c9-dac6360e914d,1785394709029,sender -> receiver,0,True,1785394709012.0,-17.0,0.0,False
fcb1706a-54ef-5cfb-93b3-23bb15bb5041,1785394709033,sender -> receiver,0,True,1785394709035.0,2.0,0.0,False
6b3de04d-4f9f-5245-a957-e371fbdec05f,1785394710036,sender -> receiver,0,True,1785394709893.0,-143.0,0.0,False
f383ccf0-319a-500e-b8a5-2c9bae9db507,1785394710040,sender -> receiver,0,True,1785394709927.0,-113.0,0.0,False
75d15cc6-d08d-5189-8e68-a140aca92a34,1785394710043,sender -> receiver,0,True,1785394709951.0,-92.0,0.0,False
aa19f56b-0f97-594b-9ff2-9da2a49e2450,1785394710047,sender -> receiver,0,True,1785394709975.0,-72.0,0.0,False
fe6f4ce8-d1ef-5c4c-90e2-6157c143de36,1785394711031,sender -> receiver,0,True,1785394710963.0,-68.0,0.0,False
a2db4df3-ce83-5968-8dfd-edd721211c58,1785394711035,sender -> receiver,0,True,1785394710985.0,-50.0,0.0,False
a3378671-4a4f-5197-a623-1f6bf125e0c8,1785394711063,sender -> receiver,0,True,1785394711007.0,-56.0,0.0,False
1a6dc915-9e44-5916-b28f-20b00cba9e9c,1785394711069,sender -> receiver,0,True,1785394711027.0,-42.0,0.0,False
f33a0e2c-1cfc-50e2-b6bc-005d92ad7830,1785394712023,sender -> receiver,0,True,1785394711877.0,-146.0,0.0,False
3ad15ca0-fabe-5eb6-8797-d2c9a557c8cf,1785394712028,sender -> receiver,0,True,1785394711909.0,-119.0,0.0,False
525b261e-32fe-5bda-b96a-a314979a3e0d,1785394712032,sender -> receiver,0,True,1785394711944.0,-88.0,0.0,False
522bea06-dfba-5eca-a91b-4652da07e474,1785394712058,sender -> receiver,0,True,1785394711968.0,-90.0,0.0,False
b53de43c-d36b-5e87-bcb8-4120ad061ef5,1785394713026,sender -> receiver,0,True,1785394712865.0,-161.0,0.0,False
12fb5fa0-695c-5f01-ad36-5181cbcf1767,1785394713031,sender -> receiver,0,True,1785394712909.0,-122.0,0.0,False
aeb31cb2-2f59-5476-a58f-0fa2a582d9d2,1785394713058,sender -> receiver,0,True,1785394712935.0,-123.0,0.0,False
7544167d-4f9b-57ab-accc-b1fb0bfa5ee3,1785394713064,sender -> receiver,0,True,1785394712959.0,-105.0,0.0,False
6bff6ef6-554f-5959-8901-77798db6d50e,1785394714043,sender -> receiver,0,True,1785394713991.0,-52.0,0.0,False
1f2350ce-a22e-5907-a543-c08697ba2001,1785394714047,sender -> receiver,0,True,1785394714018.0,-29.0,0.0,False
07756559-6282-5da8-884d-838d1956faab,1785394714072,sender -> receiver,0,True,1785394714041.0,-31.0,0.0,False
8f99e0a3-39a1-5ae0-a799-17470873e6e1,1785394714078,sender -> receiver,0,True,1785394714106.0,28.0,0.0,False
644b2479-c760-50e2-80d5-b66b007ec615,1785394714083,sender -> receiver,0,True,1785394714129.0,46.0,0.0,False
0b76fb90-7f9e-5267-8601-a3fbf8a88680,1785394715026,sender -> receiver,0,True,1785394714888.0,-138.0,0.0,False
d04c5627-d5be-529c-ab2f-786a9ec89676,1785394715050,sender -> receiver,0,True,1785394714924.0,-126.0,0.0,False
99ba25d8-f980-571b-95a2-60350bbc714b,1785394715054,sender -> receiver,0,True,1785394714949.0,-105.0,0.0,False
3badd4da-f0ee-52ec-87f6-0fbabbccffd6,1785394715058,sender -> receiver,0,True,1785394714974.0,-84.0,0.0,False
06a54416-b049-55b8-869b-0e6285dc88ca,1785394716021,sender -> receiver,0,True,1785394715973.0,-48.0,0.0,False
ee13093e-3a62-5337-9e25-7d9ebc7221e3,1785394716028,sender -> receiver,0,True,1785394716003.0,-25.0,0.0,False
c7a4f62a-bd21-59ec-9d57-35cd184f3076,1785394716053,sender -> receiver,0,True,1785394716024.0,-29.0,0.0,False
c42d179b-de1d-508d-9af0-b0dfdbfadb3c,1785394716060,sender -> receiver,0,True,1785394716045.0,-15.0,0.0,False
ca7c71dc-45d2-5fdb-bba8-b91a0e0839fe,1785394717022,sender -> receiver,0,True,1785394716897.0,-125.0,0.0,False
43f81fab-2967-5fe3-822d-80fc73bd4575,1785394717027,sender -> receiver,0,True,1785394716921.0,-106.0,0.0,False
57425856-a9e4-5a00-a5dc-527e23432f7f,1785394717060,sender -> receiver,0,True,1785394716942.0,-118.0,0.0,False
d135257b-bbd1-508d-aa3a-352c7cce2c87,1785394717066,sender -> receiver,0,True,1785394716963.0,-103.0,0.0,False
227c728a-6844-5cd1-91ee-249987466a7c,1785394718032,sender -> receiver,0,True,1785394717898.0,-134.0,0.0,False
32e93519-b739-56b9-bf0c-744f956559d5,1785394718036,sender -> receiver,0,True,1785394717927.0,-109.0,0.0,False
699c4353-2fac-5788-bc46-3481cdaa01fb,1785394718061,sender -> receiver,0,True,1785394717958.0,-103.0,0.0,False
7600fa45-43cb-55c3-9aec-9b1138d97a45,1785394718066,sender -> receiver,0,True,1785394717981.0,-85.0,0.0,False
c671711e-f956-5f04-a797-fb7fdb2e3479,1785394719043,sender -> receiver,0,True,1785394718939.0,-104.0,0.0,False
6e0c1697-3b1a-50b6-84ea-5c401898acb8,1785394719047,sender -> receiver,0,True,1785394718977.0,-70.0,0.0,False
9d1fbf9f-0d2c-54fb-bcff-91d83bfc007c,1785394719051,sender -> receiver,0,True,1785394719004.0,-47.0,0.0,False
6ac79039-51ee-5e4b-900a-e314267fb572,1785394719077,sender -> receiver,0,True,1785394719028.0,-49.0,0.0,False
dbbadf2d-07cd-5b1b-a420-b4cf88fd7f01,1785394720030,sender -> receiver,0,True,1785394719884.0,-146.0,0.0,False
8793ae76-f7b0-500c-9dde-2ea15ce795a6,1785394720036,sender -> receiver,0,True,1785394719924.0,-112.0,0.0,False
81d3ae4f-180a-503a-adb5-b0c0f829530a,1785394720066,sender -> receiver,0,True,1785394719949.0,-117.0,0.0,False
a8df2297-14af-5f91-800d-d8db15c790cf,1785394720072,sender -> receiver,0,True,1785394719972.0,-100.0,0.0,False
c17ec951-4822-558e-9194-542870fd9729,1785394720077,sender -> receiver,0,True,1785394720021.0,-56.0,0.0,False
1c1d6a58-b55c-5f44-86a8-767cc549417f,1785394721030,sender -> receiver,0,True,1785394720958.0,-72.0,0.0,False
b6e15205-70b1-530f-93d2-cd415c34315c,1785394721034,sender -> receiver,0,True,1785394720987.0,-47.0,0.0,False
38e9c059-3886-51f0-93df-0659c7ecc006,1785394721058,sender -> receiver,0,True,1785394721014.0,-44.0,0.0,False
b672816a-042a-5496-98be-a01e5d057047,1785394721062,sender -> receiver,0,True,1785394721033.0,-29.0,0.0,False
140481fb-5b02-5a69-81dc-dd3053214899,1785394722029,sender -> receiver,0,True,1785394721871.0,-158.0,0.0,False
85959238-dfb7-5cb2-b3ef-aac7a38e5551,1785394722056,sender -> receiver,0,True,1785394721907.0,-149.0,0.0,False
7129eb37-bb57-5d0c-90df-0eb70e2a43f2,1785394722060,sender -> receiver,0,True,1785394721931.0,-129.0,0.0,False
57596c4e-a541-5c97-9581-0295cd1691e8,1785394722064,sender -> receiver,0,True,1785394721955.0,-109.0,0.0,False
54ac4eff-a5f5-5501-a629-ae685ba7ab39,1785394723025,sender -> receiver,0,True,1785394722863.0,-162.0,0.0,False
37e6a03f-692f-5a03-b249-5287b6ad21d0,1785394723029,sender -> receiver,0,True,1785394722897.0,-132.0,0.0,False
62208ce9-ccfc-5c02-a790-39f140d36f87,1785394723056,sender -> receiver,0,True,1785394722924.0,-132.0,0.0,False
51839bc3-c351-5f5c-9b6e-00d22bd414b5,1785394723061,sender -> receiver,0,True,1785394722981.0,-80.0,0.0,False
99f81331-330e-51ef-a9b1-6fcaa7283b11,1785394724026,sender -> receiver,0,True,1785394723933.0,-93.0,0.0,False
e0eb7249-d976-59f3-b9cc-757c13c52678,1785394724056,sender -> receiver,0,True,1785394723969.0,-87.0,0.0,False
6860c20e-89e4-5ee4-a7d9-79470f989d2b,1785394724061,sender -> receiver,0,True,1785394723995.0,-66.0,0.0,False
962b1832-45c3-5cb7-8999-4268647490cb,1785394724066,sender -> receiver,0,True,1785394724058.0,-8.0,0.0,False
6af8e06a-e3b8-5a5f-8b2d-e05d6e8735fd,1785394725048,sender -> receiver,0,True,1785394724879.0,-169.0,0.0,False
0ebb9963-3a07-59bf-a654-38a1030a17b4,1785394725053,sender -> receiver,0,True,1785394724915.0,-138.0,0.0,False
7860a871-0cec-589b-832b-ca5b776f6011,1785394725059,sender -> receiver,0,True,1785394724941.0,-118.0,0.0,False
ce6dca5c-28c6-5f67-8846-9701d2162092,1785394725085,sender -> receiver,0,True,1785394725002.0,-83.0,0.0,False
4ba6dbb9-4e39-5ec1-abdc-ca3bcba8275c,1785394841787,sender -> receiver,0,True,1785394842366.0,579.0,0.0,False
dfdc1cca-bb4c-53e5-ba61-33d7a410d217,1785394841792,sender -> receiver,0,True,1785394842395.0,603.0,0.0,False
e9238d35-dc34-543b-bfcc-87717a2e2c08,1785394841797,sender -> receiver,0,True,1785394842415.0,618.0,0.0,False
2a600e5e-2daa-5be5-b7b5-c3796c0d941c,1785394841823,sender -> receiver,0,True,1785394842436.0,613.0,0.0,False
d3d51ebd-f1a7-57d5-9c27-b057b13f193b,1785394841828,sender -> receiver,0,True,1785394842481.0,653.0,0.0,False
fed9e9bd-1aa7-59f3-b4a5-119ceffb28a1,1785394841833,sender -> receiver,0,True,1785394842510.0,677.0,0.0,False
259fa5a3-bd93-5943-a00b-5363f7de7555,1785394841837,sender -> receiver,0,True,1785394842533.0,696.0,0.0,False
94100d60-1a35-5db1-aba3-d93718ecfd0c,1785394841844,sender -> receiver,0,True,1785394842555.0,711.0,0.0,False
8f89cd7e-73b9-52c3-89ed-f4840d0e329d,1785394841848,sender -> receiver,0,True,1785394842578.0,730.0,0.0,False
cf774927-8484-5f58-98cc-a0fbe957f789,1785394841874,sender -> receiver,0,True,1785394842621.0,747.0,0.0,False
42493d21-e6ad-5688-b40d-f8a6d388ebe2,1785394842811,sender -> receiver,0,True,1785394842747.0,-64.0,0.0,False
07c3291b-d651-59d1-b87c-d0c3d6e0833a,1785394842815,sender -> receiver,0,True,1785394842765.0,-50.0,0.0,False
9ffff1e8-6c69-5961-a0f9-377f7552e184,1785394842819,sender -> receiver,0,True,1785394842785.0,-34.0,0.0,False
9948106f-9855-54c3-9eb7-a3f54bac47d6,1785394842823,sender -> receiver,0,True,1785394842807.0,-16.0,0.0,False
dbeeed5b-57f9-5090-aac6-693b43de329e,1785394842827,sender -> receiver,0,True,1785394842827.0,0.0,0.0,False
31121187-eed8-5685-86a0-62c9f5ad92cb,1785394842856,sender -> receiver,0,True,1785394842875.0,19.0,0.0,False
a4e6c45f-9084-5731-9fb9-76966841c469,1785394842861,sender -> receiver,0,True,1785394842899.0,38.0,0.0,False
ba35baad-d825-5b96-86f1-e199a65aa36d,1785394842865,sender -> receiver,0,True,1785394842920.0,55.0,0.0,False
37756b32-93c4-5433-94f3-208212c94a0e,1785394842870,sender -> receiver,0,True,1785394842940.0,70.0,0.0,False
22767367-3469-5c43-8454-2e147e525b70,1785394842875,sender -> receiver,0,True,1785394842961.0,86.0,0.0,False
91c9eed6-6eb8-5643-a741-f39f683c70f2,1785394843776,sender -> receiver,0,True,1785394843595.0,-181.0,0.0,False
1493455e-95f9-50ab-959b-3a0f648afa89,1785394843782,sender -> receiver,0,True,1785394843618.0,-164.0,0.0,False
29a10bc8-089d-5e76-8120-3c15440350bf,1785394843792,sender -> receiver,0,True,1785394843645.0,-147.0,0.0,False
b8014a9e-1805-508e-b56e-6bf7b02c4d02,1785394843819,sender -> receiver,0,True,1785394843842.0,23.0,0.0,False
3ab352d6-b18c-559c-bae2-e81b58fdef90,1785394843825,sender -> receiver,0,True,1785394843875.0,50.0,0.0,False
f19bc2df-110c-5bd7-8b62-f5ba5bae39f3,1785394843830,sender -> receiver,0,True,1785394843899.0,69.0,0.0,False
15e2b64a-f4d9-582a-ad16-3a4f5c70099e,1785394843836,sender -> receiver,0,True,1785394843941.0,105.0,0.0,False
923c419d-b02e-575c-963a-7e9be33d19b3,1785394843841,sender -> receiver,0,True,1785394843967.0,126.0,0.0,False
c0e911f0-ce2b-5d0d-844b-8cbfb6ae6fad,1785394843876,sender -> receiver,0,True,1785394843991.0,115.0,0.0,False
bc449b8a-d6c9-5c15-9de7-be9533bd5114,1785394843882,sender -> receiver,0,True,1785394844013.0,131.0,0.0,False
aae050eb-9ed1-509e-a4ae-5147c316ecbb,1785394844816,sender -> receiver,0,True,1785394844661.0,-155.0,0.0,False
29c7fb02-d961-5710-bf29-5f6d32af89cc,1785394844822,sender -> receiver,0,True,1785394844699.0,-123.0,0.0,False
d8421910-b0dd-52a6-90cb-b255eb0dd688,1785394844852,sender -> receiver,0,True,1785394844720.0,-132.0,0.0,False
ae22a9d8-e5fb-517d-bc84-a47cbce4ff00,1785394844860,sender -> receiver,0,True,1785394844789.0,-71.0,0.0,False
07cf668e-a21b-55a4-9045-bfbb7813fc63,1785394844866,sender -> receiver,0,True,1785394844812.0,-54.0,0.0,False
8b2f7258-c8c7-5fd7-b2ed-5e1d6f6c4441,1785394844873,sender -> receiver,0,True,1785394844832.0,-41.0,0.0,False
2050d5f5-e930-5a5f-a99b-816d1ed0c642,1785394844898,sender -> receiver,0,True,1785394844853.0,-45.0,0.0,False
07f95ba4-903c-5dc7-ba5a-801631ed89f1,1785394844904,sender -> receiver,0,True,1785394844897.0,-7.0,0.0,False
6ca396be-4329-502d-8798-4d3b006b030f,1785394844909,sender -> receiver,0,True,1785394844923.0,14.0,0.0,False
d7a3df04-4f0d-5e9e-9032-2feb2a61f6a3,1785394844914,sender -> receiver,0,True,1785394844949.0,35.0,0.0,False
1189a172-79c9-5f28-8607-0be643b7444f,1785394845778,sender -> receiver,0,True,1785394845643.0,-135.0,0.0,False
8b65faf2-0466-5c20-9d2a-375a1b840012,1785394845783,sender -> receiver,0,True,1785394845672.0,-111.0,0.0,False
796d35c1-a550-5b57-b519-60c74e5f658f,1785394845787,sender -> receiver,0,True,1785394845692.0,-95.0,0.0,False
1c193814-8274-548b-b093-c5520e01f5d5,1785394845817,sender -> receiver,0,True,1785394845735.0,-82.0,0.0,False
8a8af8be-3abd-5348-b670-40796ab01ea0,1785394845822,sender -> receiver,0,True,1785394845758.0,-64.0,0.0,False
94464786-ccd8-5e7f-ac2c-dd1a693c690d,1785394845827,sender -> receiver,0,True,1785394845780.0,-47.0,0.0,False
462048e1-2528-5e90-ab0d-ede289324013,1785394845831,sender -> receiver,0,True,1785394845801.0,-30.0,0.0,False
f61f2bd6-a27c-5fdb-b95b-6d90a2d040da,1785394845836,sender -> receiver,0,True,1785394845848.0,12.0,0.0,False
8c0b5ae0-5b90-5393-becf-9a10b1adc2b5,1785394845865,sender -> receiver,0,True,1785394845952.0,87.0,0.0,False
b709440c-6f43-582c-b21f-9bf8b68a135d,1785394845871,sender -> receiver,0,True,1785394846010.0,139.0,0.0,False
c60d8a44-1838-5ace-9cad-9612bf731391,1785394846776,sender -> receiver,0,True,1785394846827.0,51.0,0.0,False
48ceb791-d424-5727-be45-f55a6b9e9bc8,1785394846780,sender -> receiver,0,True,1785394846856.0,76.0,0.0,False
302bbaa1-58ee-549b-9467-a4bb60aae335,1785394846786,sender -> receiver,0,True,1785394846879.0,93.0,0.0,False
c8ae93e2-64a6-5ce4-87d0-1b90df3e073f,1785394846815,sender -> receiver,0,True,1785394846906.0,91.0,0.0,False
9ecd8a3e-670a-5b14-95d6-6be3e83fd340,1785394846823,sender -> receiver,0,True,1785394846952.0,129.0,0.0,False
465e972d-f5fa-5429-b71d-883a28dfda68,1785394846830,sender -> receiver,0,True,1785394847026.0,196.0,0.0,False
b4931006-5c3c-5542-bbcb-d6a89662468f,1785394846835,sender -> receiver,0,True,1785394847051.0,216.0,0.0,False
e6cf2fca-cb8d-5cf3-9e5d-f61b4cee64f3,1785394846865,sender -> receiver,0,True,1785394847120.0,255.0,0.0,False
702e6626-9e1c-5e00-b08b-8f12e71787bb,1785394846871,sender -> receiver,0,True,1785394847194.0,323.0,0.0,False
dc68314c-ef7a-52a7-b45b-7aa36ede2e2a,1785394846876,sender -> receiver,0,True,1785394847215.0,339.0,0.0,False
bb580468-5444-5544-a5fb-aa65130ef529,1785394847777,sender -> receiver,0,True,1785394847668.0,-109.0,0.0,False
9be3abfe-815b-5890-b10a-853c7c97f0cf,1785394847781,sender -> receiver,0,True,1785394847701.0,-80.0,0.0,False
5cfe9be6-aed3-5020-ae86-32312a5e4c0c,1785394847810,sender -> receiver,0,True,1785394847748.0,-62.0,0.0,False
61eb11cb-48dd-57be-8f09-9711b6e35afe,1785394847816,sender -> receiver,0,True,1785394847772.0,-44.0,0.0,False
cf686602-2aab-57a0-ba9c-60929a4c0c77,1785394847820,sender -> receiver,0,True,1785394847801.0,-19.0,0.0,False
f8d28168-3470-5211-8299-f81c509d3452,1785394847825,sender -> receiver,0,True,1785394847823.0,-2.0,0.0,False
4894952b-f4cd-5287-b7ee-1c26f67821e4,1785394847829,sender -> receiver,0,True,1785394847877.0,48.0,0.0,False
c64319ad-6922-5bac-9288-8174ce2703b8,1785394847861,sender -> receiver,0,True,1785394847987.0,126.0,0.0,False
71c1e09b-f276-5184-8d73-bafe058ade28,1785394847867,sender -> receiver,0,True,1785394848017.0,150.0,0.0,False
71a1e74c-6688-54a1-a003-5e5f06b02b4f,1785394847873,sender -> receiver,0,True,1785394848043.0,170.0,0.0,False
e7b606ca-268d-5dfe-ac57-983c335e9182,1785394848801,sender -> receiver,0,True,1785394848762.0,-39.0,0.0,False
8cd9841f-7a55-5ae3-bed1-ffead000deec,1785394848805,sender -> receiver,0,True,1785394848779.0,-26.0,0.0,False
decd9f48-e052-504f-8f16-53d4a25b7185,1785394848810,sender -> receiver,0,True,1785394848831.0,21.0,0.0,False
f45a5ca5-d4cc-5a67-8d18-c79945c26024,1785394848815,sender -> receiver,0,True,1785394848879.0,64.0,0.0,False
3c3dbd24-d4a1-5872-b31d-1a7649f4ebb5,1785394848843,sender -> receiver,0,True,1785394848902.0,59.0,0.0,False
74737256-9d35-5f7e-907f-82879c144a80,1785394848849,sender -> receiver,0,True,1785394848924.0,75.0,0.0,False
091d3d33-b8e5-5314-8082-2474a48aba70,1785394848854,sender -> receiver,0,True,1785394848946.0,92.0,0.0,False
82f92456-eb72-5192-9a68-edaabf86d89e,1785394848885,sender -> receiver,0,True,1785394848970.0,85.0,0.0,False
df00c9e8-3572-5f53-9e50-e7a8d83ce884,1785394848891,sender -> receiver,0,True,1785394849013.0,122.0,0.0,False
08af91b3-0592-56bf-beb4-586219b021ab,1785394848896,sender -> receiver,0,True,1785394849115.0,219.0,0.0,False
600f100e-2dcb-5f00-ba89-cb5a53f78bd3,1785394849777,sender -> receiver,0,True,1785394849649.0,-128.0,0.0,False
7f348af7-a057-5936-8478-08dbcb83e396,1785394849783,sender -> receiver,0,True,1785394849714.0,-69.0,0.0,False
072b4b53-f355-57b4-b13b-d8d93dca3798,1785394849788,sender -> receiver,0,True,1785394849749.0,-39.0,0.0,False
f87a90cf-505b-56f2-b3b7-7eeca834d18e,1785394849793,sender -> receiver,0,True,1785394849772.0,-21.0,0.0,False
dab478c2-f51c-5e06-a462-79b43aa5cbec,1785394849823,sender -> receiver,0,True,1785394849792.0,-31.0,0.0,False
57eeda51-ad81-5121-b433-47783549f27e,1785394849828,sender -> receiver,0,True,1785394849815.0,-13.0,0.0,False
2df61a0c-ef65-53e5-83ad-8543464242fa,1785394849834,sender -> receiver,0,True,1785394849872.0,38.0,0.0,False
0ed1d8f3-5638-57ca-a197-994a47e6ea75,1785394849839,sender -> receiver,0,True,1785394849893.0,54.0,0.0,False
2d93bf16-d6b8-5fac-bdab-6f775b285209,1785394849870,sender -> receiver,0,True,1785394849915.0,45.0,0.0,False
3af2b9a7-7b61-5a27-a7b0-0831ec76706a,1785394849875,sender -> receiver,0,True,1785394849935.0,60.0,0.0,False
74c16986-9bee-5956-a6cf-04870d26c15e,1785394850805,sender -> receiver,0,True,1785394850643.0,-162.0,0.0,False
a6f57f88-1c85-58b1-af88-d614110f1249,1785394850809,sender -> receiver,0,True,1785394850667.0,-142.0,0.0,False
76ac6a6b-687c-594b-907d-631a912fcdc7,1785394850813,sender -> receiver,0,True,1785394850688.0,-125.0,0.0,False
3f6bf90f-a81b-54a2-92f1-f9b77ec5148b,1785394850817,sender -> receiver,0,True,1785394850709.0,-108.0,0.0,False
a5b3ca55-2e74-5163-8475-50e3bef787a7,1785394850821,sender -> receiver,0,True,1785394850767.0,-54.0,0.0,False
18a319f6-1b09-5dcd-8112-91e2dda01530,1785394850852,sender -> receiver,0,True,1785394850793.0,-59.0,0.0,False
674202e8-cea5-583c-a524-d51c103372f9,1785394850858,sender -> receiver,0,True,1785394851060.0,202.0,0.0,False
2d22b6f4-6842-579e-b49e-1ddbf061ca40,1785394850863,sender -> receiver,0,True,1785394851097.0,234.0,0.0,False
2035e766-8878-540c-8ce4-8dc86c81b469,1785394850867,sender -> receiver,0,True,1785394851125.0,258.0,0.0,False
a883e5b6-c6e3-55a3-a404-4f96d7b8394d,1785394850872,sender -> receiver,0,True,1785394851200.0,328.0,0.0,False
3061b398-b898-5c93-a1fe-210cec3f4ef5,1785395023879,sender -> receiver,0,True,1785395023702.0,-177.0,0.0,False
ab022757-e988-55ec-a45b-2d492669a2ed,1785395023913,sender -> receiver,0,True,1785395023797.0,-116.0,0.0,False
1751606c-a289-5b6c-90bd-13ce0de923bf,1785395023919,sender -> receiver,0,True,1785395023824.0,-95.0,0.0,False
7d966607-8189-5009-88ab-37ff78e8e3d6,1785395023926,sender -> receiver,0,True,1785395023845.0,-81.0,0.0,False
c7f68d13-9eb5-52d6-8385-545aa86e5db3,1785395023956,sender -> receiver,0,True,1785395023898.0,-58.0,0.0,False
46977b96-98a7-5479-b650-0e9e5f604cf1,1785395024886,sender -> receiver,0,True,1785395024699.0,-187.0,0.0,False
a80caa67-e3b7-5124-933f-c04b4c524422,1785395024891,sender -> receiver,0,True,1785395024728.0,-163.0,0.0,False
6f0722bd-91a4-59ee-9386-952bf87fb191,1785395024897,sender -> receiver,0,True,1785395024983.0,86.0,0.0,False
5210760b-5284-5856-9659-4bc3eca9399a,1785395024901,sender -> receiver,0,True,1785395025015.0,114.0,0.0,False
b05fd5ac-2fbd-5565-916c-70aedbd78aef,1785395025876,sender -> receiver,0,True,1785395025734.0,-142.0,0.0,False
416470be-d438-5d98-901b-55cfa3f2bce0,1785395025880,sender -> receiver,0,True,1785395025767.0,-113.0,0.0,False
16f8c5d5-19e9-52db-abbe-a67f0a75335d,1785395025885,sender -> receiver,0,True,1785395025809.0,-76.0,0.0,False
1c4ec19b-1663-51e1-9637-3a57574d24c2,1785395025890,sender -> receiver,0,True,1785395025870.0,-20.0,0.0,False
83fce790-b9a1-5299-8a32-67e8a761b462,1785395025921,sender -> receiver,0,True,1785395026239.0,318.0,0.0,False
85bd1b92-2fff-537a-951c-82841c88574f,1785395026891,sender -> receiver,0,True,1785395026778.0,-113.0,0.0,False
cd45caa2-2fda-596d-a635-99411d8d6170,1785395026895,sender -> receiver,0,True,1785395026788.0,-107.0,0.0,False
51d20124-bf43-5cc3-8948-147de234ef89,1785395026900,sender -> receiver,0,True,1785395026798.0,-102.0,0.0,False
d5a61a6d-f8f2-5dff-8ec6-088dc5861128,1785395026904,sender -> receiver,0,True,1785395026819.0,-85.0,0.0,False
eb74e0eb-deb9-55e0-9a27-0df282168928,1785395027897,sender -> receiver,0,True,1785395027911.0,14.0,0.0,False
e1a3fcb9-2d03-50a9-bf06-7ccd9f0ec5f0,1785395027902,sender -> receiver,0,True,1785395028010.0,108.0,0.0,False
4693d789-a826-56d2-b9f8-af1021544aa7,1785395027932,sender -> receiver,0,True,1785395028036.0,104.0,0.0,False
3144a0eb-1841-51e5-a02c-8b9b857c278d,1785395027940,sender -> receiver,0,True,1785395028059.0,119.0,0.0,False
2e734d6c-a4c0-5f5f-8bd7-f72ae6d936c7,1785395028901,sender -> receiver,0,True,1785395028745.0,-156.0,0.0,False
d47fc420-949e-5359-af21-9aa927c35507,1785395028907,sender -> receiver,0,True,1785395028835.0,-72.0,0.0,False
0a602a6d-b2a9-5e56-8d64-185adf88f26f,1785395028913,sender -> receiver,0,True,1785395028860.0,-53.0,0.0,False
0a8b9248-2560-5fec-99db-16c677d1a2da,1785395028919,sender -> receiver,0,True,1785395028880.0,-39.0,0.0,False
1614a492-57e1-53af-8687-4a5284df491c,1785395028953,sender -> receiver,0,True,1785395028901.0,-52.0,0.0,False
76fe5a72-dcc6-53ac-aa65-2da150a1f18c,1785395029882,sender -> receiver,0,True,1785395029685.0,-197.0,0.0,False
1748be8f-e6f0-58ca-92e6-d70b2206df89,1785395029887,sender -> receiver,0,True,1785395030095.0,208.0,0.0,False
2aae9153-26c0-595b-8b2a-2c4978013547,1785395029893,sender -> receiver,0,True,1785395030128.0,235.0,0.0,False
73471aea-8722-5ccd-aab7-1cd0ac04ebd1,1785395029897,sender -> receiver,0,True,1785395030149.0,252.0,0.0,False
296a6cde-309e-58a5-91b7-257ee99d5393,1785395030917,sender -> receiver,0,True,1785395030724.0,-193.0,0.0,False
d7f84b5f-bf94-5a45-add6-e9372b1ce095,1785395030923,sender -> receiver,0,True,1785395030798.0,-125.0,0.0,False
764e5807-c5de-50cf-8560-089e7d4e3465,1785395030930,sender -> receiver,0,True,1785395030843.0,-87.0,0.0,False
f9f3bb08-6c85-5a01-a59b-d1502c91d0fa,1785395030960,sender -> receiver,0,True,1785395030863.0,-97.0,0.0,False
383cac0a-8143-52c1-82b1-dfc6e6302254,1785395031885,sender -> receiver,0,True,1785395031780.0,-105.0,0.0,False
46703257-f3f5-5b36-ba8d-239ecf732481,1785395031889,sender -> receiver,0,True,1785395031819.0,-70.0,0.0,False
865f615a-dcc8-510a-b23f-13a25763a0a0,1785395031894,sender -> receiver,0,True,1785395031844.0,-50.0,0.0,False
eb874bec-8320-5a36-b312-33e1c90be4f4,1785395031924,sender -> receiver,0,True,1785395031867.0,-57.0,0.0,False
de9b86d9-da14-5e72-92de-cdc4ac92d6ad,1785395031931,sender -> receiver,0,True,1785395031905.0,-26.0,0.0,False
21194bb1-fafb-52b1-8ebf-82caef1c6729,1785395032891,sender -> receiver,0,True,1785395032728.0,-163.0,0.0,False
ecb3a71e-e329-5444-aac2-d6f715ad66d2,1785395032897,sender -> receiver,0,True,1785395032753.0,-144.0,0.0,False
a3c52ded-69c3-5dfd-b937-9bfff5474937,1785395032903,sender -> receiver,0,True,1785395032789.0,-114.0,0.0,False
78dda80e-0e2d-50b2-bee8-667a51856445,1785395032908,sender -> receiver,0,True,1785395032811.0,-97.0,0.0,False
b7e2189a-3afb-57f1-afd4-5b7a29e975d8,1785395033887,sender -> receiver,0,True,1785395033737.0,-150.0,0.0,False
05d441b5-7bbf-5df0-81af-8cf4c8b3db33,1785395033891,sender -> receiver,0,True,1785395033762.0,-129.0,0.0,False
ba1c95a4-2cc6-5c43-98f5-ac8467fe6e7b,1785395033896,sender -> receiver,0,True,1785395033783.0,-113.0,0.0,False
39cb184d-4bd5-5db6-9d9f-c4a8cf79537c,1785395033930,sender -> receiver,0,True,1785395033805.0,-125.0,0.0,False
8d54a994-770a-553f-b36b-9d83a82e43c7,1785395034889,sender -> receiver,0,True,1785395034864.0,-25.0,0.0,False
84ef6ba7-4737-58ba-851e-018807aa7f74,1785395034895,sender -> receiver,0,True,1785395034875.0,-20.0,0.0,False
166b2e39-8c5b-5fca-a98b-bb72c8a3c9a0,1785395034898,sender -> receiver,0,True,1785395034949.0,51.0,0.0,False
affef4b9-52fb-5554-9d54-361ff2bd4433,1785395034902,sender -> receiver,0,True,1785395035019.0,117.0,0.0,False
a8df4933-a010-5ba9-ae2c-c54b3326de97,1785395034906,sender -> receiver,0,True,1785395035043.0,137.0,0.0,False
da955165-4ff4-50d7-9c1a-87de3e1371c4,1785395035890,sender -> receiver,0,True,1785395035719.0,-171.0,0.0,False
3f4d01a1-b609-57b7-ad7d-113c610fdcb4,1785395035896,sender -> receiver,0,True,1785395035780.0,-116.0,0.0,False
cc4d2b6f-df67-58d3-9523-4260b1d6e98a,1785395035901,sender -> receiver,0,True,1785395035805.0,-96.0,0.0,False
a95ddc89-1711-5ae5-bd75-aa9384a5f670,1785395035906,sender -> receiver,0,True,1785395035828.0,-78.0,0.0,False
7bf9ed55-249b-5f40-9f19-42338093f9b5,1785395036903,sender -> receiver,0,True,1785395036772.0,-131.0,0.0,False
8fcc6718-3b5c-5941-8655-34d6f245016b,1785395036910,sender -> receiver,0,True,1785395036807.0,-103.0,0.0,False
3088439a-2ab7-5713-836e-9283cd3013dc,1785395036915,sender -> receiver,0,True,1785395036985.0,70.0,0.0,False
cd9fac56-9dd6-5d3f-8340-23120712f029,1785395036921,sender -> receiver,0,True,1785395037268.0,347.0,0.0,False
8bf7380f-a224-58a0-aad9-92c230045a5c,1785395037903,sender -> receiver,0,True,1785395037813.0,-90.0,0.0,False
cfabc672-09fc-5827-a348-7278d3ff52b9,1785395037910,sender -> receiver,0,True,1785395037841.0,-69.0,0.0,False
7f04401f-6b07-53ff-b745-471ea891ccea,1785395037915,sender -> receiver,0,True,1785395037976.0,61.0,0.0,False
b96729d0-3ca5-5158-a96a-707b726c311b,1785395037943,sender -> receiver,0,True,1785395038012.0,69.0,0.0,False
313e7e85-3141-570e-b237-18b9e277bf1e,1785395037950,sender -> receiver,0,True,1785395038060.0,110.0,0.0,False
7611a46c-bb68-55f4-8c83-ae664dc9804c,1785395038889,sender -> receiver,0,True,1785395038731.0,-158.0,0.0,False
a2d7f713-8b0f-56d9-b76e-3d0395c24014,1785395038895,sender -> receiver,0,True,1785395038764.0,-131.0,0.0,False
07b1cfe5-90f0-5078-82d5-0f82a1826b35,1785395038901,sender -> receiver,0,True,1785395038819.0,-82.0,0.0,False
c19d1fdd-e3de-5e0d-bafe-a48b107c7a2f,1785395038906,sender -> receiver,0,True,1785395038846.0,-60.0,0.0,False
e09aaf10-ebc9-562a-abc4-a0dbc86d7d71,1785395039888,sender -> receiver,0,True,1785395039946.0,58.0,0.0,False
0656eab7-ac1d-585c-9bf9-3db7ea122b37,1785395039894,sender -> receiver,0,True,1785395039973.0,79.0,0.0,False
ca4bce1c-4fd7-5d36-961c-359a48f2bb69,1785395039899,sender -> receiver,0,True,1785395039995.0,96.0,0.0,False
f3fde418-95d5-5767-af1a-855cac250bbc,1785395039904,sender -> receiver,0,True,1785395040087.0,183.0,0.0,False
62a74aee-ff1c-5e66-ab83-1557362c1261,1785395040905,sender -> receiver,0,True,1785395040711.0,-194.0,0.0,False
29849bc6-83db-52d9-a095-9a570488f0f0,1785395040911,sender -> receiver,0,True,1785395040736.0,-175.0,0.0,False
43238bb2-4be8-554f-89c4-19e89025fd85,1785395040918,sender -> receiver,0,True,1785395040824.0,-94.0,0.0,False
1d99e606-bd54-5e50-9524-a2fadca10a93,1785395040923,sender -> receiver,0,True,1785395040847.0,-76.0,0.0,False
d517fe76-2e5d-546b-b8d0-cbb049b88069,1785395040930,sender -> receiver,0,True,1785395040869.0,-61.0,0.0,False
02cb157a-6736-566b-a947-ea576468eb90,1785395041867,sender -> receiver,0,True,1785395041747.0,-120.0,0.0,False
eb66ac8e-c9e4-5b43-bfb7-746c2099a240,1785395041900,sender -> receiver,0,True,1785395041774.0,-126.0,0.0,False
ad08ec36-a89d-5a75-b739-e137419cc575,1785395041906,sender -> receiver,0,True,1785395041799.0,-107.0,0.0,False
3f0f3b73-7509-5349-ad38-8a3f850be24f,1785395041912,sender -> receiver,0,True,1785395041823.0,-89.0,0.0,False
2542f672-e411-5a9b-adae-d59d73b69460,1785395042871,sender -> receiver,0,True,1785395042690.0,-181.0,0.0,False
62dfec1a-a61d-55cb-8eb0-713a29035712,1785395042907,sender -> receiver,0,True,1785395042720.0,-187.0,0.0,False
5bfbc7dd-a71c-55aa-89a0-79b5f2920ace,1785395042914,sender -> receiver,0,True,1785395042789.0,-125.0,0.0,False
8131da80-23a1-54eb-a2a6-bdf6f7e4e171,1785395042919,sender -> receiver,0,True,1785395042817.0,-102.0,0.0,False
9c545dd6-6953-5e3d-9c48-28ab59923d5a,1785395043878,sender -> receiver,0,True,1785395043682.0,-196.0,0.0,False
c0c76a90-fc7c-5670-a8eb-f952531a971a,1785395043913,sender -> receiver,0,True,1785395043711.0,-202.0,0.0,False
0d8bc08f-03d8-552d-9c64-8cc880a50c27,1785395043918,sender -> receiver,0,True,1785395044000.0,82.0,0.0,False
8159a0ea-80a6-54b9-bb39-ac92ff95eef7,1785395043923,sender -> receiver,0,True,1785395044061.0,138.0,0.0,False
f053da41-368d-579f-94d3-e161de1389f6,1785395043929,sender -> receiver,0,True,1785395044084.0,155.0,0.0,False
1e8d7384-2937-5ac2-af60-25e68a092b63,1785395044915,sender -> receiver,0,True,1785395044955.0,40.0,0.0,False
ff8e02d9-3deb-50fe-9c19-a3010c415df7,1785395044922,sender -> receiver,0,True,1785395044967.0,45.0,0.0,False
d4cd8d10-e52e-515a-b646-637dbbd74d04,1785395044929,sender -> receiver,0,True,1785395044978.0,49.0,0.0,False
df2866ae-b9d4-5704-88be-8683ae04b753,1785395044942,sender -> receiver,0,True,1785395045034.0,92.0,0.0,False
c1c60c68-02c4-59fa-aa82-85e4e3fea373,1785395045890,sender -> receiver,0,True,1785395045736.0,-154.0,0.0,False
70e5fd44-4b95-5ab6-a822-71f63e939999,1785395045894,sender -> receiver,0,True,1785395045757.0,-137.0,0.0,False
0635dc6a-21f2-5268-9d8f-9aa229b871ed,1785395045900,sender -> receiver,0,True,1785395045779.0,-121.0,0.0,False
4de749ae-912b-589e-8d3d-dc4a14367166,1785395045931,sender -> receiver,0,True,1785395045800.0,-131.0,0.0,False
90bce394-0963-5c8c-beb5-2502d3f2a411,1785395089636,sender -> receiver,0,True,1785395089594.0,-42.0,0.0,False
c112b0e0-fac2-5eec-af98-d78e7864eaee,1785395089641,sender -> receiver,0,True,1785395089622.0,-19.0,0.0,False
fb8cb48f-3403-532b-a181-e0ccbf7a3926,1785395089646,sender -> receiver,0,True,1785395089649.0,3.0,0.0,False
7667958a-14e5-531d-bd90-f40078482a87,1785395089652,sender -> receiver,0,True,1785395089669.0,17.0,0.0,False
9aec8c75-b2ae-5b19-ae1f-2bdaba0d5c48,1785395089685,sender -> receiver,0,True,1785395089691.0,6.0,0.0,False
089034b2-539d-5d5c-867d-31a7fe2e2de6,1785395090627,sender -> receiver,0,True,1785395090528.0,-99.0,0.0,False
143385f4-ea04-5af5-ae42-8418e1ac6bf8,1785395090633,sender -> receiver,0,True,1785395090659.0,26.0,0.0,False
ce5da4b2-9af8-56fa-83a7-c0b6c1706b78,1785395090663,sender -> receiver,0,True,1785395090890.0,227.0,0.0,False
577e6654-1200-5a1c-bd47-74e8f1ebd701,1785395090668,sender -> receiver,0,True,1785395090918.0,250.0,0.0,False
562dcc55-01fc-5700-8011-5d985003d3c1,1785395091661,sender -> receiver,0,True,1785395091484.0,-177.0,0.0,False
1c6885b7-386c-59a8-9f2a-0ef6e273968c,1785395091668,sender -> receiver,0,True,1785395091498.0,-170.0,0.0,False
71c27528-3b41-5120-b83d-a256ceac907c,1785395091675,sender -> receiver,0,True,1785395091536.0,-139.0,0.0,False
2441b603-53f6-552d-9d72-e78232970a8e,1785395091680,sender -> receiver,0,True,1785395091558.0,-122.0,0.0,False
09ce0631-d846-5eaa-ba5c-215975c5e18c,1785395091684,sender -> receiver,0,True,1785395091581.0,-103.0,0.0,False
d2384c5a-a259-5fc8-aaf9-98bcd46467e8,1785395092620,sender -> receiver,0,True,1785395092452.0,-168.0,0.0,False
9fcea1ca-bbf9-59be-aed8-5ae3f4c4fd9b,1785395092627,sender -> receiver,0,True,1785395092462.0,-165.0,0.0,False
183952cf-66f5-5dcd-a374-1a7f01a22e2c,1785395092634,sender -> receiver,0,True,1785395092530.0,-104.0,0.0,False
918e4446-40d2-569e-9644-a25fc99aef86,1785395092662,sender -> receiver,0,True,1785395092570.0,-92.0,0.0,False
2d781307-838d-573a-a67e-8c301d93c1d0,1785395093614,sender -> receiver,0,True,1785395093588.0,-26.0,0.0,False
dae99160-51af-500c-a57e-bac29ed1998e,1785395093618,sender -> receiver,0,True,1785395093615.0,-3.0,0.0,False
91fad6e6-3c84-5b6f-9838-2f08505a600d,1785395093624,sender -> receiver,0,True,1785395093639.0,15.0,0.0,False
165a3203-52d1-5743-b1cb-ce13f7864b3f,1785395093629,sender -> receiver,0,True,1785395093872.0,243.0,0.0,False
37239f68-087a-5f48-88c6-90478d5919ee,1785395094637,sender -> receiver,0,True,1785395094601.0,-36.0,0.0,False
9bf9e2f3-9b17-537c-afdb-a89388aa47bc,1785395094642,sender -> receiver,0,True,1785395094622.0,-20.0,0.0,False
d5dc4f09-0e04-54c5-aad2-07564f68173c,1785395094647,sender -> receiver,0,True,1785395094643.0,-4.0,0.0,False
5b71e625-5a10-5d4f-b048-532329d4712f,1785395094675,sender -> receiver,0,True,1785395094664.0,-11.0,0.0,False
817152e9-c11e-5290-9eaf-659268cb1285,1785395094680,sender -> receiver,0,True,1785395094683.0,3.0,0.0,False
860918a4-95aa-579e-80d0-095c636133bc,1785395095635,sender -> receiver,0,True,1785395095809.0,174.0,0.0,False
80469e64-b094-5f8e-b849-e0fad790a284,1785395095642,sender -> receiver,0,True,1785395095844.0,202.0,0.0,False
c3e20e0b-f8f9-5773-9e17-a155d6e0dbb0,1785395095647,sender -> receiver,0,True,1785395095900.0,253.0,0.0,False
6d129c71-f3af-5b09-b5ed-1246d833c845,1785395095676,sender -> receiver,0,True,1785395095925.0,249.0,0.0,False
9761b68f-a1cb-5096-894d-1f7a42dde2de,1785395096627,sender -> receiver,0,True,1785395096442.0,-185.0,0.0,False
23efb026-b0cd-59fb-9b97-8e88141f7018,1785395096632,sender -> receiver,0,True,1785395096710.0,78.0,0.0,False
b66e992d-5d4b-53a1-93d3-4cd83e956a9b,1785395096637,sender -> receiver,0,True,1785395096732.0,95.0,0.0,False
459ce2d3-b3ac-531e-9cf0-765a070e4463,1785395096664,sender -> receiver,0,True,1785395096754.0,90.0,0.0,False
e9679b60-369a-5f3a-8104-7ef585cacecf,1785395097638,sender -> receiver,0,True,1785395097592.0,-46.0,0.0,False
17547b3a-1b8f-5372-9439-30e0255e2090,1785395097642,sender -> receiver,0,True,1785395097613.0,-29.0,0.0,False
21444008-9093-58f8-b267-38dbdf8f96d7,1785395097646,sender -> receiver,0,True,1785395097637.0,-9.0,0.0,False
29e15698-2771-5191-a492-eb06c0748363,1785395097650,sender -> receiver,0,True,1785395097663.0,13.0,0.0,False
7a3b8368-6aa8-573d-ae93-8720fce11289,1785395097653,sender -> receiver,0,True,1785395097686.0,33.0,0.0,False
f9e8a57f-2cbd-5767-b131-505a39f08a0b,1785395098627,sender -> receiver,0,True,1785395098453.0,-174.0,0.0,False
e175d604-2853-5ff8-a668-1ff0a7b34c84,1785395098633,sender -> receiver,0,True,1785395098485.0,-148.0,0.0,False
8d416fa3-cf05-5436-aa13-39b318e7e9a9,1785395098639,sender -> receiver,0,True,1785395098506.0,-133.0,0.0,False
c93c2a03-9a11-515e-80a4-2f40178a9f22,1785395098681,sender -> receiver,0,True,1785395098529.0,-152.0,0.0,False
8961794c-e97f-5c12-9c4e-bc1519add389,1785395099623,sender -> receiver,0,True,1785395099607.0,-16.0,0.0,False
bfec3493-ad21-53a8-96c3-e3b9aea79511,1785395099634,sender -> receiver,0,True,1785395099634.0,0.0,0.0,False
325e60c5-46c9-501c-bbbc-bafe2d1383c0,1785395099660,sender -> receiver,0,True,1785395099690.0,30.0,0.0,False
b4a6b81d-bbf6-5249-8895-0b7787787062,1785395099664,sender -> receiver,0,True,1785395099714.0,50.0,0.0,False
ab3ade8d-4b16-5b68-8ad4-1c8d88632251,1785395100630,sender -> receiver,0,True,1785395100526.0,-104.0,0.0,False
942cbb65-3f4b-5391-8bd6-35e0dfffc632,1785395100635,sender -> receiver,0,True,1785395100554.0,-81.0,0.0,False
6629a634-4c19-51c1-af71-5feee5b066b8,1785395100639,sender -> receiver,0,True,1785395100633.0,-6.0,0.0,False
a8b62586-3291-5f60-b4e6-66d73b6fd78c,1785395100664,sender -> receiver,0,True,1785395100657.0,-7.0,0.0,False
b8f9ef1a-3183-577c-a9b4-25844f112611,1785395100669,sender -> receiver,0,True,1785395100678.0,9.0,0.0,False
3211570b-a751-5f92-84c1-7748eae7c50c,1785395101630,sender -> receiver,0,True,1785395101477.0,-153.0,0.0,False
6e91287d-c8bb-5d0a-9f01-b0514304c75a,1785395101634,sender -> receiver,0,True,1785395101513.0,-121.0,0.0,False
241849c8-9886-5e94-b05a-4301ea64cc38,1785395101663,sender -> receiver,0,True,1785395101539.0,-124.0,0.0,False
19b367b8-781c-50da-8ead-2be422b0e2d2,1785395101671,sender -> receiver,0,True,1785395101563.0,-108.0,0.0,False
242331f1-f784-5d57-af5f-285e8a165c56,1785395102624,sender -> receiver,0,True,1785395102497.0,-127.0,0.0,False
47ab67c2-8713-5171-8c03-8c631a4e138a,1785395102630,sender -> receiver,0,True,1785395102535.0,-95.0,0.0,False
fd71147d-a777-5bfd-b585-0171ad170b89,1785395102660,sender -> receiver,0,True,1785395102553.0,-107.0,0.0,False
aed67129-bedf-50e2-a0a0-3f3b422a4c82,1785395102666,sender -> receiver,0,True,1785395102574.0,-92.0,0.0,False
164618a7-6c20-543f-96a1-79173795db8f,1785395103630,sender -> receiver,0,True,1785395103442.0,-188.0,0.0,False
92ef8a9e-2c08-538d-818c-c605fc1976c8,1785395103636,sender -> receiver,0,True,1785395103467.0,-169.0,0.0,False
83dc1fdb-1e7a-50d5-bf22-e45d06236bfe,1785395103641,sender -> receiver,0,True,1785395103488.0,-153.0,0.0,False
9c6d929a-9bae-5d6a-a1bf-8da54ef2cb6b,1785395103647,sender -> receiver,0,True,1785395103511.0,-136.0,0.0,False
70cde5a1-1f46-5c50-a3c1-b4dd865710d9,1785395103678,sender -> receiver,0,True,1785395103555.0,-123.0,0.0,False
2346b397-68a7-5147-99c0-058c3b4f1734,1785395104619,sender -> receiver,0,True,1785395104611.0,-8.0,0.0,False
3b58b965-40e7-5f60-bc05-ffebc1a95fa1,1785395104623,sender -> receiver,0,True,1785395104671.0,48.0,0.0,False
5247581b-1c37-56ef-af25-df5a696f9e63,1785395104629,sender -> receiver,0,True,1785395104705.0,76.0,0.0,False
3bd04484-e2a3-51b7-afce-11986cd5b5c0,1785395104656,sender -> receiver,0,True,1785395104726.0,70.0,0.0,False
77b95ffe-3037-59ad-a1d0-020aeaff1fc5,1785395105621,sender -> receiver,0,True,1785395105431.0,-190.0,0.0,False
1e743cc3-248b-5e67-ba29-14dff8b6c88c,1785395105628,sender -> receiver,0,True,1785395105513.0,-115.0,0.0,False
f62aedf0-9fa9-5ffe-8ccb-c261323c54b0,1785395105660,sender -> receiver,0,True,1785395105539.0,-121.0,0.0,False
a4fff53c-9bb1-59a5-9725-52752e7be7e8,1785395105666,sender -> receiver,0,True,1785395105560.0,-106.0,0.0,False
26a1913e-6cde-5040-8cd3-1ffa4b9c889a,1785395106626,sender -> receiver,0,True,1785395106455.0,-171.0,0.0,False
e3ccb569-5dbd-5bb8-953c-3d3ab00b391f,1785395106630,sender -> receiver,0,True,1785395106480.0,-150.0,0.0,False
eea21a93-0bd7-5646-9d28-b1b6e07aa041,1785395106635,sender -> receiver,0,True,1785395106502.0,-133.0,0.0,False
956a1e62-dfe5-5600-a3e4-ed5b3a8807cb,1785395106639,sender -> receiver,0,True,1785395106525.0,-114.0,0.0,False
b683dc5e-f47b-52d4-8499-e965c58aec23,1785395106644,sender -> receiver,0,True,1785395106568.0,-76.0,0.0,False
5571e60a-fc40-52fd-820b-d0677abf7080,1785395107635,sender -> receiver,0,True,1785395107586.0,-49.0,0.0,False
bc9ad9f9-0ee1-5a40-aa70-677ad65a3434,1785395107644,sender -> receiver,0,True,1785395107614.0,-30.0,0.0,False
25b3c5dd-7a2b-5140-bd36-01e50154850f,1785395107678,sender -> receiver,0,True,1785395107636.0,-42.0,0.0,False
89f57197-df10-540f-a0cb-c496fad8e70e,1785395107684,sender -> receiver,0,True,1785395107656.0,-28.0,0.0,False
61b49df6-6536-5487-9f43-1cd0afa687ee,1785395108637,sender -> receiver,0,True,1785395108487.0,-150.0,0.0,False
5c9ec17a-62d9-511c-9cf8-7d1746e04682,1785395108644,sender -> receiver,0,True,1785395108801.0,157.0,0.0,False
c502a1f0-bd2e-5acd-a705-7130abb0cb84,1785395108651,sender -> receiver,0,True,1785395108814.0,163.0,0.0,False
281fedca-2f7f-548e-ba9f-e1aebc2e53d6,1785395108658,sender -> receiver,0,True,1785395108878.0,220.0,0.0,False
6fe50f77-53d2-518a-bcf0-49cc398a6f23,1785395109649,sender -> receiver,0,True,1785395109606.0,-43.0,0.0,False
37df9880-72f8-5ff0-b3c5-d6efe6592d1c,1785395109655,sender -> receiver,0,True,1785395109628.0,-27.0,0.0,False
d464c71f-2adc-5977-ad87-06e3a267458f,1785395109686,sender -> receiver,0,True,1785395109651.0,-35.0,0.0,False
917d1b19-1fc3-5e30-a871-e57def235836,1785395109693,sender -> receiver,0,True,1785395109671.0,-22.0,0.0,False
901e425b-7c51-54a8-900b-5bcc37c8e95f,1785395109699,sender -> receiver,0,True,1785395109691.0,-8.0,0.0,False
85dda6d0-a73b-59f4-8000-357761bd4acb,1785395110621,sender -> receiver,0,True,1785395110471.0,-150.0,0.0,False
cc8e8f7f-ea86-5fbb-8730-6971725fe4ec,1785395110627,sender -> receiver,0,True,1785395110482.0,-145.0,0.0,False
316c250a-a4b1-5593-98fc-b3009b59bb96,1785395110633,sender -> receiver,0,True,1785395110593.0,-40.0,0.0,False
3bc6add6-450e-5b98-a246-98a7018937b4,1785395110639,sender -> receiver,0,True,1785395110616.0,-23.0,0.0,False
7a0e1295-fa2a-5a6c-97fe-505e3ca37172,1785395111631,sender -> receiver,0,True,1785395111475.0,-156.0,0.0,False
66528af4-4cf9-5f0e-ae9c-dc5b3956051f,1785395111638,sender -> receiver,0,True,1785395111497.0,-141.0,0.0,False
935e2c2c-5c53-5f97-ba08-1652eff2a0fd,1785395111644,sender -> receiver,0,True,1785395111521.0,-123.0,0.0,False
940f0eed-af8f-508d-818e-5070ec81a0d5,1785395111650,sender -> receiver,0,True,1785395111542.0,-108.0,0.0,False
615a30c3-1934-5ab9-9390-b1411aee49fe,1785395154819,sender -> receiver,0,True,1785395154788.0,-31.0,0.0,False
45d9504d-baa0-5b6f-9edf-9ac6b1ed4715,1785395154823,sender -> receiver,0,True,1785395154817.0,-6.0,0.0,False
594c68db-6acf-525d-b712-712276eb9a9f,1785395154853,sender -> receiver,0,True,1785395155014.0,161.0,0.0,False
1b90e2ec-a2f4-5438-8ce2-df507d134917,1785395154859,sender -> receiver,0,True,1785395155038.0,179.0,0.0,False
a9d8a55a-049c-5a1d-aec7-2209143a9562,1785395154865,sender -> receiver,0,True,1785395155061.0,196.0,0.0,False
2345407b-3b55-580e-b2e4-4191fc25eabf,1785395155817,sender -> receiver,0,True,1785395155647.0,-170.0,0.0,False
90b8c3b0-8c01-5a7f-b624-a71ea0bacf9d,1785395155824,sender -> receiver,0,True,1785395155677.0,-147.0,0.0,False
eb622ffa-cbc8-5d18-9758-08b662008ee9,1785395155831,sender -> receiver,0,True,1785395155710.0,-121.0,0.0,False
c6356b85-20a8-54cc-8e7c-ebb4d77c120e,1785395155873,sender -> receiver,0,True,1785395155758.0,-115.0,0.0,False
5f0b9a62-e4f4-54a0-bcb1-a611ce40b981,1785395156813,sender -> receiver,0,True,1785395156637.0,-176.0,0.0,False
befd8135-152a-531d-a636-88c3db8150b8,1785395156817,sender -> receiver,0,True,1785395156672.0,-145.0,0.0,False
925e60fa-2bf5-561d-aa70-3a71104005f1,1785395156823,sender -> receiver,0,True,1785395156703.0,-120.0,0.0,False
2f68bcaf-5c54-57db-a788-083862d433b0,1785395156855,sender -> receiver,0,True,1785395156724.0,-131.0,0.0,False
3f61940e-9b29-50e5-b12c-352502361e63,1785395156861,sender -> receiver,0,True,1785395156773.0,-88.0,0.0,False
2f2455cd-57d0-50c9-a1a0-f5b486ca84ae,1785395157803,sender -> receiver,0,True,1785395157636.0,-167.0,0.0,False
79c4f323-90e9-5ceb-8dce-0dea67baef5b,1785395157831,sender -> receiver,0,True,1785395157693.0,-138.0,0.0,False
36952c5a-cc00-5ed6-9286-12f15e838976,1785395157838,sender -> receiver,0,True,1785395157718.0,-120.0,0.0,False
36b9aae1-4ed4-5fd5-8739-14fb8fbcc894,1785395157844,sender -> receiver,0,True,1785395157741.0,-103.0,0.0,False
d9bf09f3-99af-5f2b-b6fb-b664d2909425,1785395158801,sender -> receiver,0,True,1785395158766.0,-35.0,0.0,False
9fa7a1bc-659a-503f-bf31-3c4de296773b,1785395158805,sender -> receiver,0,True,1785395158795.0,-10.0,0.0,False
15410ad6-95a9-53ea-a09a-b73826585212,1785395158839,sender -> receiver,0,True,1785395158817.0,-22.0,0.0,False
3df682ea-d14f-579a-8c8d-c690a48cef49,1785395158843,sender -> receiver,0,True,1785395158847.0,4.0,0.0,False
75e33dbe-a8f6-55ae-ae48-9581113fc366,1785395159846,sender -> receiver,0,True,1785395159654.0,-192.0,0.0,False
8bfb9e8a-2240-52f5-aff7-cfe9ed17021c,1785395159851,sender -> receiver,0,True,1785395159679.0,-172.0,0.0,False
0261775e-e4fb-5049-9708-441f70c642d9,1785395159857,sender -> receiver,0,True,1785395159703.0,-154.0,0.0,False
07bf63c0-1554-53d1-bc3c-acfa3023d978,1785395159861,sender -> receiver,0,True,1785395159754.0,-107.0,0.0,False
1255c941-947c-50f6-84c1-e9d659fc7c14,1785395159866,sender -> receiver,0,True,1785395159781.0,-85.0,0.0,False
f7a485eb-278d-54aa-81a4-69331b351543,1785395160800,sender -> receiver,0,True,1785395160654.0,-146.0,0.0,False
5c29cfe0-9483-5a2f-9ec2-8d7a262440ee,1785395160826,sender -> receiver,0,True,1785395160715.0,-111.0,0.0,False
34998655-9aaa-5a90-9191-0682642c6a83,1785395160832,sender -> receiver,0,True,1785395160737.0,-95.0,0.0,False
8d0ebd9a-3df5-52c7-b84b-df83d2991092,1785395160837,sender -> receiver,0,True,1785395160759.0,-78.0,0.0,False
7328c133-5d3e-5d0a-a826-1ad51a892579,1785395161805,sender -> receiver,0,True,1785395161627.0,-178.0,0.0,False
9f5dfa98-0fb5-5508-bcd5-34f4a4616f33,1785395161813,sender -> receiver,0,True,1785395161760.0,-53.0,0.0,False
414ac431-6036-5665-a9da-c285729a801e,1785395161819,sender -> receiver,0,True,1785395161817.0,-2.0,0.0,False
a0f8ddae-7655-5d45-9f64-49b9e9d71453,1785395161853,sender -> receiver,0,True,1785395161840.0,-13.0,0.0,False
3433af7c-6d44-5fdf-9bfd-23734880c504,1785395162814,sender -> receiver,0,True,1785395162769.0,-45.0,0.0,False
cb6ad2d5-d4cb-5c77-8f0d-7549c9cb265c,1785395162822,sender -> receiver,0,True,1785395162804.0,-18.0,0.0,False
94c062d1-2c5a-5c83-8efd-0b5fa218902c,1785395162828,sender -> receiver,0,True,1785395162828.0,0.0,0.0,False
4008f0a6-18ee-5e40-9075-ae773f7d61a4,1785395162855,sender -> receiver,0,True,1785395162892.0,37.0,0.0,False
8c55262c-5231-515b-8dee-f6a8f010f106,1785395162860,sender -> receiver,0,True,1785395162929.0,69.0,0.0,False
26a5520b-6d3b-5b4c-9d97-e643594215d9,1785395163801,sender -> receiver,0,True,1785395163618.0,-183.0,0.0,False
1247817d-7404-57ed-950d-5ab2bc0836b4,1785395163806,sender -> receiver,0,True,1785395163651.0,-155.0,0.0,False
1263c5d8-4194-5ed1-86aa-474556426d2b,1785395163811,sender -> receiver,0,True,1785395163686.0,-125.0,0.0,False
ee8d1055-0cfb-5ef7-9854-34672982be5a,1785395163847,sender -> receiver,0,True,1785395163730.0,-117.0,0.0,False
7ceccf8e-690e-513c-944f-cba20dce22c8,1785395164832,sender -> receiver,0,True,1785395164636.0,-196.0,0.0,False
2b592cf7-d7f2-52ba-bf14-fd51b0ad2c57,1785395164838,sender -> receiver,0,True,1785395164661.0,-177.0,0.0,False
fd51ea06-3969-5d63-ac81-04654f8577c2,1785395164843,sender -> receiver,0,True,1785395165033.0,190.0,0.0,False
c739a1df-3e58-5c72-b6e3-0369f8ed1686,1785395164847,sender -> receiver,0,True,1785395165056.0,209.0,0.0,False
e7bec854-0703-5f57-a67b-2fce732c6508,1785395165848,sender -> receiver,0,True,1785395165666.0,-182.0,0.0,False
d738b451-da2f-5825-88ed-eaf5fea3f0ed,1785395165853,sender -> receiver,0,True,1785395165689.0,-164.0,0.0,False
a6cd9845-0bdb-5277-82d7-58bddadd59f3,1785395165858,sender -> receiver,0,True,1785395165712.0,-146.0,0.0,False
79c75e5c-4549-55ab-8fd5-a064c2d54777,1785395165885,sender -> receiver,0,True,1785395165768.0,-117.0,0.0,False
d1cddc03-14c8-51e7-b4eb-9a22277e02d3,1785395165890,sender -> receiver,0,True,1785395165801.0,-89.0,0.0,False
de4b88a9-a4f8-541c-8f1c-003428dfb23b,1785395166800,sender -> receiver,0,True,1785395166773.0,-27.0,0.0,False
ccddc24b-df80-5c0d-b66b-14d4825a6ac8,1785395166804,sender -> receiver,0,True,1785395166795.0,-9.0,0.0,False
71e05738-7830-503f-a68d-44d78fd14fc1,1785395166835,sender -> receiver,0,True,1785395166817.0,-18.0,0.0,False
7e2d116c-b1f7-50f7-bf32-7730afeb8456,1785395166841,sender -> receiver,0,True,1785395166842.0,1.0,0.0,False
2ffae4f5-ddaa-5634-ba0f-abd109820fdf,1785395167819,sender -> receiver,0,True,1785395167772.0,-47.0,0.0,False
ff5e1f56-43bb-59cc-bbe3-1da89e40eefe,1785395167825,sender -> receiver,0,True,1785395167784.0,-41.0,0.0,False
eef1a5b9-41e7-52b8-8725-01bbaf222de5,1785395167830,sender -> receiver,0,True,1785395167795.0,-35.0,0.0,False
99158fb2-9a3f-5857-8d72-22be22fb63f5,1785395167836,sender -> receiver,0,True,1785395167818.0,-18.0,0.0,False
f74d2570-2e0e-51fe-a4a1-ec6e6be43c0f,1785395168818,sender -> receiver,0,True,1785395168652.0,-166.0,0.0,False
0886a5ae-bf46-5c63-a55c-6fe24cba3403,1785395168825,sender -> receiver,0,True,1785395168678.0,-147.0,0.0,False
2fe6bf6c-6223-5f2a-ad5c-8e775d394883,1785395168856,sender -> receiver,0,True,1785395168827.0,-29.0,0.0,False
a48299b0-2246-5702-9a90-2b333d7e55ee,1785395168862,sender -> receiver,0,True,1785395168854.0,-8.0,0.0,False
ba7f293b-c1b4-50c2-95e3-04671edd50fd,1785395168867,sender -> receiver,0,True,1785395168898.0,31.0,0.0,False
50050f13-3cb8-5689-97d8-7c7118aa399f,1785395169813,sender -> receiver,0,True,1785395169636.0,-177.0,0.0,False
f97356bf-def9-58fb-9fb9-a493ef341142,1785395169819,sender -> receiver,0,True,1785395169662.0,-157.0,0.0,False
4fd99193-f022-5dab-bd53-1155f9671ba2,1785395169848,sender -> receiver,0,True,1785395169685.0,-163.0,0.0,False
69d220fc-7567-5abf-bfb7-adb0f2b07cda,1785395169854,sender -> receiver,0,True,1785395169804.0,-50.0,0.0,False
ec3b0d66-48d9-577c-ae00-175b81e837e2,1785395170804,sender -> receiver,0,True,1785395170624.0,-180.0,0.0,False
d0f5a0a9-89ea-5dce-9f71-e5dec09d8c08,1785395170808,sender -> receiver,0,True,1785395170672.0,-136.0,0.0,False
48844f5d-db3a-5c6d-aef9-7ad386ff1ac5,1785395170814,sender -> receiver,0,True,1785395170695.0,-119.0,0.0,False
1c981f86-32ef-51b9-bb9f-2b38dd015f9c,1785395170819,sender -> receiver,0,True,1785395170715.0,-104.0,0.0,False
866fc643-69e8-5b7c-acff-9f2d86eccf32,1785395171817,sender -> receiver,0,True,1785395171625.0,-192.0,0.0,False
51abc256-8fc3-5e6d-ace7-e043631fe62d,1785395171823,sender -> receiver,0,True,1785395171660.0,-163.0,0.0,False
07e2a2df-faa1-5189-9d48-01543c37352c,1785395171830,sender -> receiver,0,True,1785395171705.0,-125.0,0.0,False
6969145c-eb42-510e-9b57-766c20c79d1f,1785395171861,sender -> receiver,0,True,1785395171729.0,-132.0,0.0,False
a0a80710-7150-557c-9e52-b01dbe996c9c,1785395171869,sender -> receiver,0,True,1785395171794.0,-75.0,0.0,False
9b7fe8d2-0f19-5f8b-9742-4dd82282ac8f,1785395172823,sender -> receiver,0,True,1785395172651.0,-172.0,0.0,False
961a126e-c705-52b9-befa-a72bb7d6f498,1785395172829,sender -> receiver,0,True,1785395172680.0,-149.0,0.0,False
6a67a5bc-5127-57fc-a46d-d42ba882c801,1785395172866,sender -> receiver,0,True,1785395172705.0,-161.0,0.0,False
229b58ab-43f5-58f5-91eb-6e85ec917e08,1785395172872,sender -> receiver,0,True,1785395172763.0,-109.0,0.0,False
d53e0b74-7fb8-5120-8e09-f52268ae21ce,1785395173810,sender -> receiver,0,True,1785395173641.0,-169.0,0.0,False
f6db23a0-3ef1-55bf-a358-dd246ce82d9d,1785395173816,sender -> receiver,0,True,1785395173731.0,-85.0,0.0,False
61f7732d-de36-52ef-b36a-e817847c3999,1785395173822,sender -> receiver,0,True,1785395173756.0,-66.0,0.0,False
9ba5de1b-36f9-5d09-8b7e-be01e93046c4,1785395173828,sender -> receiver,0,True,1785395173778.0,-50.0,0.0,False
2385b822-44ce-5110-9b72-88dde17bb909,1785395174834,sender -> receiver,0,True,1785395174629.0,-205.0,0.0,False
b7cf7cc8-6150-5e3d-b585-468630c7ca2d,1785395174843,sender -> receiver,0,True,1785395175010.0,167.0,0.0,False
39ad2a5d-f9c5-57dd-bd8a-ecd495eb82e9,1785395174878,sender -> receiver,0,True,1785395175039.0,161.0,0.0,False
b4e66900-4ced-504f-b963-d0f3dbcdde0f,1785395174885,sender -> receiver,0,True,1785395175075.0,190.0,0.0,False
e4781148-a3d7-530f-a4e3-f44a2c885fae,1785395174892,sender -> receiver,0,True,1785395175098.0,206.0,0.0,False
0db328b7-b34b-5036-aa6b-4db1736531cf,1785395175820,sender -> receiver,0,True,1785395175621.0,-199.0,0.0,False
3d0b4c99-e02c-5539-aaf6-75379de32ef6,1785395175828,sender -> receiver,0,True,1785395175680.0,-148.0,0.0,False
8baa0688-b043-501c-925b-66a4ff61c176,1785395175861,sender -> receiver,0,True,1785395175704.0,-157.0,0.0,False
d3da0393-be3a-5479-9bcc-5e613941cdcf,1785395175866,sender -> receiver,0,True,1785395175725.0,-141.0,0.0,False
461205c8-0f55-5536-921a-1c43d1ffd010,1785395176823,sender -> receiver,0,True,1785395176660.0,-163.0,0.0,False
7dd329b1-5d93-5ff4-b4ec-7bd03d85e19c,1785395176830,sender -> receiver,0,True,1785395176801.0,-29.0,0.0,False
d7168cfe-7c44-54b5-ab96-13e452302df0,1785395176838,sender -> receiver,0,True,1785395176822.0,-16.0,0.0,False
c990d846-92d8-534b-97d4-a96a86740e9d,1785395176844,sender -> receiver,0,True,1785395176843.0,-1.0,0.0,False
9634df58-1886-5d84-ba8e-4bb0d4bd3be8,1785395241646,sender -> receiver,0,True,1785395241509.0,-137.0,0.0,False
20096767-4087-5d48-8d6d-c7f7e0810df3,1785395241652,sender -> receiver,0,True,1785395241534.0,-118.0,0.0,False
78b8256e-43ac-5675-bded-25febf655fdb,1785395241659,sender -> receiver,0,True,1785395241557.0,-102.0,0.0,False
ab9fcdc4-d8e7-52b9-b607-c54671bb070c,1785395241711,sender -> receiver,0,True,1785395241680.0,-31.0,0.0,False
08f71f7f-2b1c-5c83-b58e-bc158632090c,1785395241717,sender -> receiver,0,True,1785395241786.0,69.0,0.0,False
804c5973-da1a-52a8-8a98-3e4e36e57b87,1785395241723,sender -> receiver,0,True,1785395241802.0,79.0,0.0,False
ce4dcc55-fafe-524b-9e34-42f7211bfd3c,1785395241747,sender -> receiver,0,True,1785395241827.0,80.0,0.0,False
8e23a56d-05b9-5747-9409-c904baf8bbf8,1785395241754,sender -> receiver,0,True,1785395241845.0,91.0,0.0,False
a340372e-5c8a-5902-8930-6f9436a29e18,1785395241761,sender -> receiver,0,True,1785395241863.0,102.0,0.0,False
4eece220-bcac-528c-893b-e22762558059,1785395241766,sender -> receiver,0,True,1785395241881.0,115.0,0.0,False
e8468ccb-f3a5-5a74-add5-1dd64d679c0a,1785395241771,sender -> receiver,0,True,1785395241935.0,164.0,0.0,False
48890133-1e25-51a8-a327-76318cb3a66b,1785395241775,sender -> receiver,0,True,1785395241957.0,182.0,0.0,False
891d0dd0-b3ad-5b8d-a4c2-6c0ef296777e,1785395241799,sender -> receiver,0,True,1785395242006.0,207.0,0.0,False
08784d2b-b979-58fd-92a4-eedd1b601f0b,1785395241804,sender -> receiver,0,True,1785395242029.0,225.0,0.0,False
ff9d2e74-3cdb-5685-8d9b-20b4ccfeb377,1785395241809,sender -> receiver,0,True,1785395242051.0,242.0,0.0,False
95bc9f32-faff-5d77-8042-6b1b47912d4f,1785395241813,sender -> receiver,0,True,1785395242072.0,259.0,0.0,False
00a3d7e2-d0f5-5bc0-a72c-ca6f51b8387b,1785395241818,sender -> receiver,0,True,1785395242093.0,275.0,0.0,False
3d3eba32-1740-5bc7-8555-b7788f5d509a,1785395241822,sender -> receiver,0,True,1785395242136.0,314.0,0.0,False
5be2f772-870a-516d-92b4-d1a164e0ce27,1785395241846,sender -> receiver,0,True,1785395242245.0,399.0,0.0,False
9ded04a9-d7f4-5bc1-aa51-6755f8644584,1785395241851,sender -> receiver,0,True,1785395242265.0,414.0,0.0,False
f7ca3f3c-aaba-52c6-a9b3-3595cdcb4034,1785395241856,sender -> receiver,0,True,1785395242288.0,432.0,0.0,False
bb4b0eaa-e5fb-5da3-997c-81c0ec69bf6d,1785395241881,sender -> receiver,0,True,1785395242311.0,430.0,0.0,False
111ebd81-ed13-5185-9210-a714e2130cf2,1785395241886,sender -> receiver,0,True,1785395242333.0,447.0,0.0,False
4046bebf-a188-5314-830a-07ba6db3b3a3,1785395241891,sender -> receiver,0,True,1785395242379.0,488.0,0.0,False
185edbc2-1b48-5a95-be42-61ad5e25d22c,1785395241896,sender -> receiver,0,True,1785395242403.0,507.0,0.0,False
8c62b536-ea47-5dfe-9f80-bfb0bd97668e,1785395241900,sender -> receiver,0,True,1785395242426.0,526.0,0.0,False
30dce8c2-737b-52ee-80e4-ad47f51b4e95,1785395241906,sender -> receiver,0,True,1785395242448.0,542.0,0.0,False
cfac1642-1432-56b3-a8b9-edf530b0b056,1785395241930,sender -> receiver,0,True,1785395242490.0,560.0,0.0,False
b8669f6e-15b7-5c0a-a2a0-70dc6323564e,1785395241938,sender -> receiver,0,True,1785395242513.0,575.0,0.0,False
54cffed5-694b-5558-9f83-cd91f8af2114,1785395241943,sender -> receiver,0,True,1785395242538.0,595.0,0.0,False
26988bb7-618d-5e64-b3df-12f7f0263bb6,1785395241947,sender -> receiver,0,True,1785395242560.0,613.0,0.0,False
e21600ef-d8dc-513f-b32a-2f139a5c5b3b,1785395241952,sender -> receiver,0,True,1785395242588.0,636.0,0.0,False
4693ccfd-4300-54d7-b839-4e37a7c385a6,1785395241956,sender -> receiver,0,True,1785395242637.0,681.0,0.0,False
caad15f2-e419-530b-945f-6f9ba209d8f3,1785395242012,sender -> receiver,0,True,1785395242660.0,648.0,0.0,False
771da97a-a9d4-5a76-b638-caad339de38e,1785395242567,sender -> receiver,0,True,1785395242680.0,113.0,0.0,False
d3c134e1-38ca-5333-b360-42cacf6356d4,1785395242576,sender -> receiver,0,True,1785395242789.0,213.0,0.0,False
3a841146-561d-5bc9-92a9-d0789ee80f8e,1785395242584,sender -> receiver,0,True,1785395242810.0,226.0,0.0,False
6c0d8ca8-4e85-58fe-8f0a-7393ea69c031,1785395242616,sender -> receiver,0,True,1785395242832.0,216.0,0.0,False
22a91884-a71d-5183-916b-ef4d99f6d8ee,1785395242643,sender -> receiver,0,True,1785395242854.0,211.0,0.0,False
91a54dfd-eb4c-58d3-9f21-7c560f4df8f0,1785395242687,sender -> receiver,0,True,1785395242877.0,190.0,0.0,False
2003b458-1226-54c3-a879-f83adf1689e0,1785395242694,sender -> receiver,0,True,1785395242917.0,223.0,0.0,False
5f8c0884-995a-58bf-b7ee-be3ec1512b61,1785395242699,sender -> receiver,0,True,1785395242947.0,248.0,0.0,False
f0489600-ec46-5bb3-922a-10f363a075d7,1785395242703,sender -> receiver,0,True,1785395242970.0,267.0,0.0,False
23d4680a-ce0d-5461-bae5-22962e3a3983,1785395242729,sender -> receiver,0,True,1785395242997.0,268.0,0.0,False
9d56d6ef-715b-5ae1-8269-9dfd94caf424,1785395242736,sender -> receiver,0,True,1785395243037.0,301.0,0.0,False
7c9bae3f-465a-54f9-b69e-65731ec49ecc,1785395242743,sender -> receiver,0,True,1785395243078.0,335.0,0.0,False
00cc0f14-f408-516f-b2f5-029169e984ed,1785395242749,sender -> receiver,0,True,1785395243109.0,360.0,0.0,False
528b63cb-4ed8-5594-b6c6-9ae0d8561de5,1785395242755,sender -> receiver,0,True,1785395243131.0,376.0,0.0,False
a5f5cb9d-2cae-5639-98fc-8dd3b890c348,1785395242779,sender -> receiver,0,True,1785395243152.0,373.0,0.0,False
f2b96f2f-6d26-5115-af53-745f2d7d4ac2,1785395242786,sender -> receiver,0,True,1785395243174.0,388.0,0.0,False
44af083d-7014-5c9b-9f72-bd632036fa7b,1785395242851,sender -> receiver,0,True,1785395243278.0,427.0,0.0,False
6d5a9a7d-4621-5f83-977b-f4bcd500af1f,1785395242856,sender -> receiver,0,True,1785395243301.0,445.0,0.0,False
662947d3-5177-5292-a11d-6cc31e5caa83,1785395242860,sender -> receiver,0,True,1785395243325.0,465.0,0.0,False
a1b669df-dd94-5700-8742-4208a635664e,1785395242863,sender -> receiver,0,True,1785395243348.0,485.0,0.0,False
fbaace4e-5d40-51cc-af0b-111cdb16d8ab,1785395242868,sender -> receiver,0,True,1785395243385.0,517.0,0.0,False
547170f9-e6f6-57e2-9168-bcf99435a224,1785395242871,sender -> receiver,0,True,1785395243406.0,535.0,0.0,False
e74723af-1988-5e1a-a5d5-3eb2c92eb1d2,1785395242898,sender -> receiver,0,True,1785395243427.0,529.0,0.0,False
f23e5586-4040-55af-92a7-422a1c6f6f7f,1785395242910,sender -> receiver,0,True,1785395243448.0,538.0,0.0,False
b32cca64-6c4e-5b1c-80dd-ac0b871d0dd8,1785395242914,sender -> receiver,0,True,1785395243468.0,554.0,0.0,False
d785aa4c-d0d6-5648-a831-a7ec81f9fb6c,1785395242918,sender -> receiver,0,True,1785395243512.0,594.0,0.0,False
55fe2ee0-a219-58d8-889d-57bdbdbb8f19,1785395242922,sender -> receiver,0,True,1785395243537.0,615.0,0.0,False
70317d74-131c-5ed1-b6c9-471fc69827b2,1785395242943,sender -> receiver,0,True,1785395243559.0,616.0,0.0,False
0a76f223-9da9-5da0-b44b-77fe7c92b306,1785395242948,sender -> receiver,0,True,1785395243583.0,635.0,0.0,False
f497ca7c-eafd-52ad-9345-86a5c45d5515,1785395242952,sender -> receiver,0,True,1785395243607.0,655.0,0.0,False
026bf20a-d689-5472-8a8f-ba8e0eaf7d65,1785395242956,sender -> receiver,0,True,1785395243650.0,694.0,0.0,False
6e8146dc-64cc-5a14-b5ab-86adf3b535a0,1785395242994,sender -> receiver,0,True,1785395243686.0,692.0,0.0,False
c2c7f0e5-49c1-5bd1-8620-2f2bef7384a6,1785395242998,sender -> receiver,0,True,1785395243795.0,797.0,0.0,False
fdd4174a-a1f2-5e2f-8256-963423755e5e,1785395243002,sender -> receiver,0,True,1785395243816.0,814.0,0.0,False
d4ce30c4-36a5-5fba-b99d-dc3c58e8d897,1785395243030,sender -> receiver,0,True,1785395243854.0,824.0,0.0,False
7a141e2b-815d-558f-bf79-490af99c8ecf,1785395243036,sender -> receiver,0,True,1785395243875.0,839.0,0.0,False
d0a71ded-344b-501f-813f-13a3bd5aca4b,1785395243042,sender -> receiver,0,True,1785395243896.0,854.0,0.0,False
94b9fea1-6a92-5be9-a7cc-b75df48b42e2,1785395243047,sender -> receiver,0,True,1785395243937.0,890.0,0.0,False
9befb757-7c15-5382-aecb-b4c56cb1f3e2,1785395243051,sender -> receiver,0,True,1785395243968.0,917.0,0.0,False
d678d5d6-2213-52ce-981e-2c5b6796c13b,1785395243076,sender -> receiver,0,True,1785395243992.0,916.0,0.0,False
ae23be24-6a2b-5a2f-ae67-602d15938fa8,1785395243081,sender -> receiver,0,True,1785395244016.0,935.0,0.0,False
af721c0a-1dbb-5359-8588-ae9598542854,1785395243086,sender -> receiver,0,True,1785395244038.0,952.0,0.0,False
ddb6f7bc-06cb-5875-bc3b-712a13ab1346,1785395243110,sender -> receiver,0,True,1785395244086.0,976.0,0.0,False
68924f6d-8dd7-5dc5-a974-857506ebd327,1785395243116,sender -> receiver,0,True,1785395244115.0,999.0,0.0,False
89794e17-cca9-5fb4-8ba0-cbc609823561,1785395243121,sender -> receiver,0,True,1785395244139.0,1018.0,0.0,False
b6224a17-674a-5819-9550-00fbecd8d422,1785395243149,sender -> receiver,0,True,1785395244160.0,1011.0,0.0,False
4702b435-16e5-5c5b-b834-93f62accf4c8,1785395243157,sender -> receiver,0,True,1785395244183.0,1026.0,0.0,False
12c0a7ac-fcb1-58bf-aeea-8fd4183cd9ff,1785395243162,sender -> receiver,0,True,1785395244242.0,1080.0,0.0,False
119694dc-2dba-5590-91cc-50706df25224,1785395243167,sender -> receiver,0,True,1785395244268.0,1101.0,0.0,False
875a34f1-1486-5cbd-a6d4-7f7a59c178c4,1785395243173,sender -> receiver,0,True,1785395244291.0,1118.0,0.0,False
8c9c0f21-9b16-5c4a-a123-cb914a7362ac,1785395243211,sender -> receiver,0,True,1785395244313.0,1102.0,0.0,False
18bdd366-20b5-5357-bb16-6af7a9c50283,1785395243217,sender -> receiver,0,True,1785395244334.0,1117.0,0.0,False
c5f5cb38-0f6f-511e-a9d9-963e277ff4e4,1785395243223,sender -> receiver,0,True,1785395244376.0,1153.0,0.0,False
19ad6993-b453-5128-b7af-f16bd069c4c1,1785395243227,sender -> receiver,0,True,1785395244403.0,1176.0,0.0,False
534fae26-28a6-5aea-b0f4-a3a105c7bf0a,1785395243231,sender -> receiver,0,True,1785395244425.0,1194.0,0.0,False
632715bc-ae80-5558-bad5-4ca2d3d36cc5,1785395243236,sender -> receiver,0,True,1785395244445.0,1209.0,0.0,False
827698c8-e1b7-5ebb-b91b-8fb03953a29d,1785395243263,sender -> receiver,0,True,1785395244483.0,1220.0,0.0,False
a3b9904a-4c0a-5a85-b973-38c818af3f52,1785395243269,sender -> receiver,0,True,1785395244504.0,1235.0,0.0,False
24a0c4ed-4839-5abe-a73a-df1cfdd8cfbe,1785395243276,sender -> receiver,0,True,1785395244525.0,1249.0,0.0,False
30b681e9-8c53-57c8-b2d6-d6602717f695,1785395243281,sender -> receiver,0,True,1785395244548.0,1267.0,0.0,False
1f353137-ef6a-572b-ac14-56193a119653,1785395243286,sender -> receiver,0,True,1785395244606.0,1320.0,0.0,False
0f39f275-6cac-5992-8877-65012e3a4d35,1785395243310,sender -> receiver,0,True,1785395244629.0,1319.0,0.0,False
906dfe18-3faf-50e7-bf82-5997e73c4e43,1785395243316,sender -> receiver,0,True,1785395244650.0,1334.0,0.0,False
7b776f4c-30a4-55d3-9714-fc205fc71698,1785395243324,sender -> receiver,0,True,1785395244670.0,1346.0,0.0,False
d4c5f41f-d52d-5bb8-8de5-2ea38d77914a,1785395243350,sender -> receiver,0,True,1785395244691.0,1341.0,0.0,False
cc32a01f-d502-5d27-b5ab-6280d492776f,1785395243356,sender -> receiver,0,True,1785395244747.0,1391.0,0.0,False
c73dafb6-4fcd-594c-9743-b1dd8104a0ac,1785395438735,sender -> receiver,0,True,1785395438621.0,-114.0,0.0,False
c212c068-034c-512e-bc21-b55760640345,1785395438786,sender -> receiver,0,True,1785395438642.0,-144.0,0.0,False
5472a88b-d7c8-533c-981c-b125779e37e7,1785395438792,sender -> receiver,0,True,1785395438663.0,-129.0,0.0,False
15eccb7d-b308-5795-95ce-36cebabdfa1a,1785395438797,sender -> receiver,0,True,1785395438686.0,-111.0,0.0,False
33a375ab-1886-5f10-a89e-f9a26360e08d,1785395438804,sender -> receiver,0,True,1785395438735.0,-69.0,0.0,False
ff0b5b31-a04c-503b-9834-39dadd2cb7dd,1785395438807,sender -> receiver,0,True,1785395438763.0,-44.0,0.0,False
bbca8577-5ee7-5d1a-a868-e1909476b481,1785395438812,sender -> receiver,0,True,1785395438817.0,5.0,0.0,False
4e122fb2-b87d-5d0f-9789-32053f0ee556,1785395438856,sender -> receiver,0,True,1785395438840.0,-16.0,0.0,False
021542fd-f19f-58a5-b54e-4a12c8a0fa7c,1785395438862,sender -> receiver,0,True,1785395438893.0,31.0,0.0,False
f4bd428d-6be3-54c2-b61f-6ca341e70a9a,1785395438867,sender -> receiver,0,True,1785395438917.0,50.0,0.0,False
d6d235cf-6bf7-5623-a52e-b1d3072b6a68,1785395438872,sender -> receiver,0,True,1785395438939.0,67.0,0.0,False
d62f004f-dd9f-5b34-979e-3ddc98e22093,1785395438899,sender -> receiver,0,True,1785395438959.0,60.0,0.0,False
e6cd3a6b-a605-50f9-966c-a25f83451f5a,1785395438904,sender -> receiver,0,True,1785395439047.0,143.0,0.0,False
ad5d38c3-1766-5d57-a7ee-40a5db1bfefa,1785395438909,sender -> receiver,0,True,1785395439148.0,239.0,0.0,False
675597e8-c48d-5187-b11f-6b31146a6e18,1785395438914,sender -> receiver,0,True,1785395439169.0,255.0,0.0,False
60d48c1e-7366-5aae-a3ca-b41e70a36e73,1785395438918,sender -> receiver,0,True,1785395439193.0,275.0,0.0,False
d37fb7ba-7a34-5175-b1e6-f1527e746a65,1785395438922,sender -> receiver,0,True,1785395439215.0,293.0,0.0,False
1cad1217-b3da-5e66-853b-43a92f995d30,1785395438947,sender -> receiver,0,True,1785395439238.0,291.0,0.0,False
751bb4f3-8cd8-5f56-b9dd-bbe393f78987,1785395438955,sender -> receiver,0,True,1785395439281.0,326.0,0.0,False
0866cb64-a4d8-5fca-a039-6ee45b6b6518,1785395438960,sender -> receiver,0,True,1785395439312.0,352.0,0.0,False
f4718fa4-ea3e-5aa4-86b4-853e47646d9c,1785395438965,sender -> receiver,0,True,1785395439335.0,370.0,0.0,False
a604bce3-4039-54c6-a796-75235eae9142,1785395438969,sender -> receiver,0,True,1785395439387.0,418.0,0.0,False
fb3d4f57-b655-5677-b277-5069f077585d,1785395438973,sender -> receiver,0,True,1785395439413.0,440.0,0.0,False
f566e3ee-331c-5b4b-b026-271ead90dd37,1785395439014,sender -> receiver,0,True,1785395439507.0,493.0,0.0,False
61eb4509-2265-5a77-9272-c05959ec9342,1785395439020,sender -> receiver,0,True,1785395439533.0,513.0,0.0,False
9c23433d-d8fb-5751-9d04-0ad920461234,1785395439024,sender -> receiver,0,True,1785395439594.0,570.0,0.0,False
520eb53d-2615-5942-95f4-6518b84653ba,1785395439029,sender -> receiver,0,True,1785395439615.0,586.0,0.0,False
abf2db43-a938-5570-9068-ec50b1a15d48,1785395439033,sender -> receiver,0,True,1785395439636.0,603.0,0.0,False
cdfc29c3-aae0-5aad-aacf-f1e95333eb8f,1785395439038,sender -> receiver,0,True,1785395439710.0,672.0,0.0,False
bbb07b5d-c321-5a59-9d0a-da02390d953f,1785395439063,sender -> receiver,0,True,1785395439739.0,676.0,0.0,False
adf68a26-7ff4-51a4-856c-30bf59ab5e1e,1785395439069,sender -> receiver,0,True,1785395439762.0,693.0,0.0,False
121dc3b1-63c5-5339-a3a5-275cd18dfcc3,1785395439076,sender -> receiver,0,True,1785395439783.0,707.0,0.0,False
76375c9d-fb8d-5204-a4b4-f49018e24d17,1785395439100,sender -> receiver,0,True,1785395439841.0,741.0,0.0,False
0c178a58-a076-5b39-b04b-e270ba90b7af,1785395439108,sender -> receiver,0,True,1785395439880.0,772.0,0.0,False
8790e68b-2493-5136-98d7-5e0378be9671,1785395439668,sender -> receiver,0,True,1785395439961.0,293.0,0.0,False
229a985f-6c8e-58f8-b791-cbc5267ce7cc,1785395439675,sender -> receiver,0,True,1785395439984.0,309.0,0.0,False
06b783a0-f7e5-5559-90e2-7ea319f0e7da,1785395439705,sender -> receiver,0,True,1785395440007.0,302.0,0.0,False
1ede902e-c84e-549b-b9ea-41a16c3d8ade,1785395439712,sender -> receiver,0,True,1785395440031.0,319.0,0.0,False
6793b448-5a55-56d4-85b6-923fed35de18,1785395439717,sender -> receiver,0,True,1785395440074.0,357.0,0.0,False
aaad8988-cddb-53e1-af64-94bf79851e56,1785395439725,sender -> receiver,0,True,1785395440103.0,378.0,0.0,False
05b54fd5-57fa-5791-adde-dabaf4fdc705,1785395439733,sender -> receiver,0,True,1785395440128.0,395.0,0.0,False
7f2556de-8b3c-5b98-8ca7-8dfdba2cd38e,1785395439786,sender -> receiver,0,True,1785395440150.0,364.0,0.0,False
c67d66a0-d6e6-5a10-8ec9-2c02ae2c80f7,1785395439792,sender -> receiver,0,True,1785395440218.0,426.0,0.0,False
7743ef93-999c-5c85-9727-dd47fd86c790,1785395439797,sender -> receiver,0,True,1785395440239.0,442.0,0.0,False
5327df58-6f5c-5992-aa21-151bffc4ddf4,1785395439802,sender -> receiver,0,True,1785395440260.0,458.0,0.0,False
66d738e9-8337-5df2-a74c-3fd438adf496,1785395439808,sender -> receiver,0,True,1785395440282.0,474.0,0.0,False
a6902e39-4f89-5f95-9382-35ff3594bcc1,1785395439832,sender -> receiver,0,True,1785395440331.0,499.0,0.0,False
1df87bef-c131-5e4e-b744-10f025d3df97,1785395439838,sender -> receiver,0,True,1785395440357.0,519.0,0.0,False
70a47709-721c-5955-8d08-af38ecbe7231,1785395439844,sender -> receiver,0,True,1785395440380.0,536.0,0.0,False
c560f6e1-6a44-5f32-9272-d1e66e71da02,1785395439848,sender -> receiver,0,True,1785395440421.0,573.0,0.0,False
3e78cfed-ee27-597f-9629-661a3fac6733,1785395439914,sender -> receiver,0,True,1785395440450.0,536.0,0.0,False
2a7c379d-514d-57f3-b4fd-73a36bb1aac7,1785395439919,sender -> receiver,0,True,1785395440474.0,555.0,0.0,False
69c5233c-a405-5f46-9b7e-a44e9c34101c,1785395439923,sender -> receiver,0,True,1785395440500.0,577.0,0.0,False
e8bb093b-386c-536c-a1eb-ceae6812e67e,1785395439927,sender -> receiver,0,True,1785395440543.0,616.0,0.0,False
ae36273c-d8e0-51bc-af01-72bacef1bb8f,1785395439934,sender -> receiver,0,True,1785395440569.0,635.0,0.0,False
e5d41d84-7cf6-563d-b4fd-a52ee8cebf97,1785395439939,sender -> receiver,0,True,1785395440592.0,653.0,0.0,False
e02a8264-7e56-5efa-9dc7-651fb7276f1c,1785395439969,sender -> receiver,0,True,1785395440617.0,648.0,0.0,False
37b80b72-48df-5e88-81bb-b04ec6713674,1785395439974,sender -> receiver,0,True,1785395440694.0,720.0,0.0,False
ac5b3412-9f35-54c4-97d9-4fd5bdc1e235,1785395439979,sender -> receiver,0,True,1785395440732.0,753.0,0.0,False
2a0dee6d-b9b1-592f-847a-54ca6b7e680f,1785395439983,sender -> receiver,0,True,1785395440755.0,772.0,0.0,False
8464b691-2873-540f-bd85-936d7f0e9f01,1785395439988,sender -> receiver,0,True,1785395440775.0,787.0,0.0,False
45ae35c1-5431-5d09-9ae9-508192bb2d40,1785395440035,sender -> receiver,0,True,1785395440798.0,763.0,0.0,False
34a3a539-7c58-542d-b74b-df47d6888a07,1785395440041,sender -> receiver,0,True,1785395440956.0,915.0,0.0,False
c709a89c-8b42-5bb0-b3d5-d015bd35802f,1785395440045,sender -> receiver,0,True,1785395441040.0,995.0,0.0,False
f05a76ef-985b-534b-bf3a-fe285e843715,1785395440050,sender -> receiver,0,True,1785395441146.0,1096.0,0.0,False
fa72b7ed-705f-5d1f-86ee-f3d95f683290,1785395440054,sender -> receiver,0,True,1785395441201.0,1147.0,0.0,False
a7eac13e-b38b-59dc-84ec-9767fa7db307,1785395440079,sender -> receiver,0,True,1785395441230.0,1151.0,0.0,False
62558878-16ca-57ed-b751-87c0193efb5a,1785395440084,sender -> receiver,0,True,1785395441252.0,1168.0,0.0,False
d2a894ac-42f4-5cc6-8cf1-069cba780245,1785395440088,sender -> receiver,0,True,1785395441275.0,1187.0,0.0,False
35c262c1-44c8-57e2-ac5e-d3fe37d9a7c3,1785395440113,sender -> receiver,0,True,1785395441318.0,1205.0,0.0,False
ee789cb6-8f4d-5d44-8a4f-f0a1d6d66918,1785395440119,sender -> receiver,0,True,1785395441345.0,1226.0,0.0,False
2fd3a18c-0645-5711-a541-3a06a3d6d226,1785395440124,sender -> receiver,0,True,1785395441368.0,1244.0,0.0,False
52235214-5acf-5a6e-958c-957a669de613,1785395440128,sender -> receiver,0,True,1785395441390.0,1262.0,0.0,False
e716fad2-e404-5a61-b7f7-31b0b0884e15,1785395440133,sender -> receiver,0,True,1785395441412.0,1279.0,0.0,False
f1edc112-000e-5322-bd15-6373111e3594,1785395440137,sender -> receiver,0,True,1785395441454.0,1317.0,0.0,False
2cbb6642-4436-599b-9f57-591bb60f6cf7,1785395440173,sender -> receiver,0,True,1785395441481.0,1308.0,0.0,False
0a3c821e-1101-5e12-9f4b-5a53bb047aa8,1785395440179,sender -> receiver,0,True,1785395441505.0,1326.0,0.0,False
c2b2c1cb-01a4-5bb2-8462-e52df275f873,1785395440183,sender -> receiver,0,True,1785395441527.0,1344.0,0.0,False
9b1cbf34-e346-5de2-b38d-c54210767479,1785395440188,sender -> receiver,0,True,1785395441574.0,1386.0,0.0,False
4514c6af-7367-5457-b228-fdcdf5b0cf60,1785395440213,sender -> receiver,0,True,1785395441602.0,1389.0,0.0,False
9b824127-f7e0-5b06-957f-df97d7941554,1785395440219,sender -> receiver,0,True,1785395441624.0,1405.0,0.0,False
e56f7989-61d1-5735-bc6a-fec8f9005397,1785395440225,sender -> receiver,0,True,1785395441666.0,1441.0,0.0,False
cf32bf87-973f-5f32-87b1-5862711c68e2,1785395440230,sender -> receiver,0,True,1785395441723.0,1493.0,0.0,False
0f0f9c9c-98d3-50f5-b5fc-ab90650aba0e,1785395440235,sender -> receiver,0,True,1785395441748.0,1513.0,0.0,False
52ed33c6-f778-5a28-8aab-cab585132335,1785395440240,sender -> receiver,0,True,1785395441770.0,1530.0,0.0,False
087b4fc5-6507-51a2-914d-977e79408d52,1785395440265,sender -> receiver,0,True,1785395441791.0,1526.0,0.0,False
4c4052e5-df60-5ada-816b-b8cfdb348f18,1785395440272,sender -> receiver,0,True,1785395441839.0,1567.0,0.0,False
7e6dae2f-f625-5fd3-ba8a-3c1725c2d017,1785395440278,sender -> receiver,0,True,1785395441863.0,1585.0,0.0,False
b661a77b-4aad-5e3d-b1b8-10c55304fcac,1785395440283,sender -> receiver,0,True,1785395441885.0,1602.0,0.0,False
9ae8ecc4-e5b6-54fd-9b88-985b7a359db3,1785395440288,sender -> receiver,0,True,1785395441906.0,1618.0,0.0,False
5b066f05-32aa-5d79-b3cd-376694a0da70,1785395440314,sender -> receiver,0,True,1785395441928.0,1614.0,0.0,False
ae9a896a-b6c2-58a5-bd02-a9c7af08b6c2,1785395440320,sender -> receiver,0,True,1785395441970.0,1650.0,0.0,False
089b8e57-fc6e-5c0f-99ed-ce8bcee602e1,1785395440326,sender -> receiver,0,True,1785395441994.0,1668.0,0.0,False
cbb9ac21-fbd1-5e38-bbf6-8226c9d2a084,1785395440332,sender -> receiver,0,True,1785395442016.0,1684.0,0.0,False
8732ed4e-58e2-500e-b32b-eef00062326f,1785395440337,sender -> receiver,0,True,1785395442038.0,1701.0,0.0,False
53ffdec6-ddbf-5bdb-ac30-7c754194a522,1785395440364,sender -> receiver,0,True,1785395442059.0,1695.0,0.0,False
4c85aa11-5db3-5241-9cc0-bf10487c43fe,1785395440369,sender -> receiver,0,True,1785395442132.0,1763.0,0.0,False
5357d16c-acd1-5c25-aa8e-ca1bafcc741b,1785395440376,sender -> receiver,0,True,1785395442154.0,1778.0,0.0,False
4123a774-2e6b-51c9-b3bb-cbffdc18f33c,1785395440380,sender -> receiver,0,True,1785395442183.0,1803.0,0.0,False
b5eed6b6-4661-568e-903e-283cddbbb30b,1785395440384,sender -> receiver,0,True,1785395442204.0,1820.0,0.0,False
0a418c25-fd5f-57b5-82a2-96d308a86956,1785395853140,sender -> receiver,0,True,1785395853355.0,215.0,0.0,False
065f6413-eb2d-57b4-9e45-4f6b56031059,1785395853145,sender -> receiver,0,True,1785395853591.0,446.0,0.0,False
b681ac40-9f53-5e98-964b-7aed24929bd3,1785395853175,sender -> receiver,0,True,1785395853859.0,684.0,0.0,False
15f67fbb-72f8-5186-b0f2-b7a3dcbb2bef,1785395853180,sender -> receiver,0,True,1785395853890.0,710.0,0.0,False
1389ed21-abe4-5af6-a2ad-ee477e00f4db,1785395853185,sender -> receiver,0,True,1785395853913.0,728.0,0.0,False
d7d34178-f985-5890-8ea8-339ae6f44c08,1785395853189,sender -> receiver,0,True,1785395853937.0,748.0,0.0,False
d7c70f5b-e3bf-5d5a-a5aa-a3b07ef85aba,1785395853194,sender -> receiver,0,True,1785395853981.0,787.0,0.0,False
0a9ffc57-e3eb-544c-a691-f66b60226efc,1785395853198,sender -> receiver,0,True,1785395854004.0,806.0,0.0,False
19492767-3d59-50e1-9da2-35c194f8f175,1785395853265,sender -> receiver,0,True,1785395854098.0,833.0,0.0,False
411bc63a-eecc-5c8d-b809-325343b29e71,1785395853269,sender -> receiver,0,True,1785395854118.0,849.0,0.0,False
1b0629de-7cd3-53ed-a188-a54474ca021c,1785395853273,sender -> receiver,0,True,1785395854139.0,866.0,0.0,False
95bb86cf-1a28-53cd-9200-316a83628aea,1785395853276,sender -> receiver,0,True,1785395854163.0,887.0,0.0,False
090c6f8a-5eaa-5dca-800b-770494927473,1785395853280,sender -> receiver,0,True,1785395854221.0,941.0,0.0,False
693905ed-5797-539c-817c-84ea3295d5c5,1785395853302,sender -> receiver,0,True,1785395854250.0,948.0,0.0,False
f00ea412-8533-5d32-a390-dc365053b380,1785395853307,sender -> receiver,0,True,1785395854270.0,963.0,0.0,False
b93ea5c9-bdab-52a9-970c-038b799134f6,1785395853312,sender -> receiver,0,True,1785395854479.0,1167.0,0.0,False
b682fb41-b182-561e-8dca-e8efd2f8bc32,1785395853319,sender -> receiver,0,True,1785395854951.0,1632.0,0.0,False
9cfa4242-e9c2-5fcd-9280-7578e8f19a3c,1785395853345,sender -> receiver,0,True,1785395854964.0,1619.0,0.0,False
74b0ca76-eae3-5d0f-89f7-556c90d5486e,1785395853351,sender -> receiver,0,True,1785395855005.0,1654.0,0.0,False
fbabbf1c-3e4f-5add-a80b-deaac9daab33,1785395853355,sender -> receiver,0,True,1785395855027.0,1672.0,0.0,False
bb7d03e7-319a-56f3-bb62-8cdef63386bc,1785395853359,sender -> receiver,0,True,1785395855049.0,1690.0,0.0,False
e4773151-137c-5da4-be1d-527f230bae1c,1785395853363,sender -> receiver,0,True,1785395855093.0,1730.0,0.0,False
331426d7-f701-5ac2-b4c5-1a00e2cb1b88,1785395853391,sender -> receiver,0,True,1785395855117.0,1726.0,0.0,False
3838155d-d62b-5e25-9976-4f8319cd4237,1785395853397,sender -> receiver,0,True,1785395855141.0,1744.0,0.0,False
b836949b-aba5-5e09-bee6-4214bf8db0c0,1785395853403,sender -> receiver,0,True,1785395855430.0,2027.0,0.0,False
cc7b0ddf-cb2c-5309-9182-3b2aba7ad2a3,1785395853407,sender -> receiver,0,True,1785395855481.0,2074.0,0.0,False
2b275956-c05f-5d3d-b6ca-df6d325fc7f0,1785395853411,sender -> receiver,0,True,1785395855509.0,2098.0,0.0,False
6cd98f4b-3038-5095-8d82-e668ae196a0e,1785395853434,sender -> receiver,0,True,1785395855533.0,2099.0,0.0,False
4813fbb0-9452-5186-bb28-5c631c35f7c9,1785395853440,sender -> receiver,0,True,1785395855556.0,2116.0,0.0,False
4d88ce92-742e-549a-9c89-a61c7c945bfa,1785395853445,sender -> receiver,0,True,1785395856635.0,3190.0,0.0,False
0fe840be-afc7-599a-b70e-e65e9bdb008a,1785395853449,sender -> receiver,0,True,1785395856659.0,3210.0,0.0,False
1ed90b7f-ffff-5008-b4cc-caf8bc348940,1785395853495,sender -> receiver,0,True,1785395856683.0,3188.0,0.0,False
aa128afd-c7e2-5f8d-9e57-6fbd634589ed,1785395853501,sender -> receiver,0,True,1785395856706.0,3205.0,0.0,False
5e369c4d-fd1f-5dfb-97cf-147e0637af87,1785395853505,sender -> receiver,0,True,1785395856731.0,3226.0,0.0,False
47a12b37-8b87-5343-a012-a2fe690f2f5e,1785395853509,sender -> receiver,0,True,1785395856774.0,3265.0,0.0,False
21e45366-cd24-5c5a-8c0b-80e504c9683f,1785395854058,sender -> receiver,0,True,1785395856799.0,2741.0,0.0,False
35439c97-4aae-5664-a60d-f5e2f3691f82,1785395854098,sender -> receiver,0,True,1785395856861.0,2763.0,0.0,False
408e2bfc-1313-5f1f-a45c-8a23ecf4abd4,1785395854104,sender -> receiver,0,True,1785395856996.0,2892.0,0.0,False
0cb35e7d-7ea3-5638-9e51-68695f792321,1785395854111,sender -> receiver,0,True,1785395857023.0,2912.0,0.0,False
91710f43-e3b8-5ec2-b5df-6a62f910f517,1785395854169,sender -> receiver,0,True,1785395857045.0,2876.0,0.0,False
b9ea3974-4129-5224-af0a-9c5f72cb5791,1785395854178,sender -> receiver,0,True,1785395857070.0,2892.0,0.0,False
753c0c31-88c0-5d74-9f76-47483884a925,1785395854185,sender -> receiver,0,True,1785395857499.0,3314.0,0.0,False
17fc8341-8cbf-5e08-be8e-1c53f7d9904e,1785395854212,sender -> receiver,0,True,1785395857534.0,3322.0,0.0,False
857341e2-3097-54c3-b791-4fd358be67d3,1785395854217,sender -> receiver,0,True,1785395857811.0,3594.0,0.0,False
b60e43a7-b302-5f78-a0b9-47b5d69949d5,1785395854221,sender -> receiver,0,True,1785395857970.0,3749.0,0.0,False
d357db55-8a42-55ce-bbf3-2fec43cea848,1785395854225,sender -> receiver,0,True,1785395858278.0,4053.0,0.0,False
a7995d9c-b4c3-5bd2-88a1-03385fb00465,1785395854229,sender -> receiver,0,True,1785395858597.0,4368.0,0.0,False
e15b3580-285d-515c-ae58-36860c3041e9,1785395854260,sender -> receiver,0,True,1785395858621.0,4361.0,0.0,False
0e760edb-f0fb-5339-aeb2-7d8c08e881d4,1785395854266,sender -> receiver,0,True,1785395858643.0,4377.0,0.0,False
ecabd781-02aa-589d-a313-9dfc48c57064,1785395854270,sender -> receiver,0,True,1785395858667.0,4397.0,0.0,False
cb432f61-7754-5370-a42a-cdefba11294d,1785395854309,sender -> receiver,0,True,1785395858724.0,4415.0,0.0,False
5bde8640-a1ae-56b9-8a98-faad8473a9ce,1785395854313,sender -> receiver,0,True,1785395858749.0,4436.0,0.0,False
5912033b-3ee8-5a45-a2e3-350761fa54eb,1785395854317,sender -> receiver,0,True,1785395858869.0,4552.0,0.0,False
fc50e07a-ea49-5ead-9783-d02e7dd56849,1785395854321,sender -> receiver,0,True,1785395858892.0,4571.0,0.0,False
51938e8b-8f20-5125-92ae-9820f0d62a28,1785395854324,sender -> receiver,0,True,1785395859027.0,4703.0,0.0,False
2c41a382-6e30-5bf5-ae5c-5ce7c2b7b021,1785395854328,sender -> receiver,0,True,1785395859172.0,4844.0,0.0,False
f790c19c-efdf-5591-a090-e1f6109bd8bc,1785395854352,sender -> receiver,0,True,1785395859938.0,5586.0,0.0,False
5b72c0a6-760c-5a99-aff1-08c6c8a4d217,1785395854358,sender -> receiver,0,True,1785395859981.0,5623.0,0.0,False
da27695b-0dbf-5525-8d89-0e1d0f040a3b,1785395854363,sender,0,False,,,,False
2e96207f-8885-5b30-9e2d-517f8e5d98f4,1785395854390,sender,0,False,,,,False
f4826758-2f39-5907-879a-ed3e983026e1,1785395854395,sender,0,False,,,,False
751355c2-24b9-52bd-a62f-7d2c7a5fa78e,1785395854402,sender,0,False,,,,False
ff9da70e-64e6-5c1d-80c1-2608ad4e5d88,1785395854406,sender,0,False,,,,False
31edbf53-b326-5298-808c-f0cf95d50671,1785395854411,sender,0,False,,,,False
72f96749-0fb3-5516-a56e-ae550e75baf4,1785395854415,sender,0,False,,,,False
d9fd0440-4c8e-5432-918e-81f441ab2b94,1785395854442,sender,0,False,,,,False
5d4d3778-3cce-56da-a36d-d7dec6324d35,1785395854450,sender,0,False,,,,False
f458fc8b-8da6-593c-a339-1288475929e4,1785395854455,sender,0,False,,,,False
7405c61e-de70-59ac-975d-c89eab595937,1785395854459,sender,0,False,,,,False
17d6b840-bad5-52cb-bf5e-5a823e681615,1785395854465,sender,0,False,,,,False
676f1afd-3172-52b6-8510-b6c809fd2620,1785395854510,sender,0,False,,,,False
0dc6c50e-52e3-5acc-b61e-11da3d2a0fce,1785395854515,sender,0,False,,,,False
a1753760-d2f9-53b0-8860-88365576e7a0,1785395854519,sender,0,False,,,,False
41b4ada9-4d3f-5cc3-be43-b9ac3914b385,1785395854523,sender,0,False,,,,False
65ae1611-c951-5d82-96c4-c2af016e8e1e,1785395854527,sender,0,False,,,,False
f5fc28f9-06ba-52ee-a170-652768a2411a,1785395854530,sender,0,False,,,,False
504c36a8-9716-537c-9997-1c9e082d490f,1785395854553,sender,0,False,,,,False
d7cf5cdc-9592-521b-85bf-1faf2269c1f4,1785395854558,sender,0,False,,,,False
a7b28b49-44d8-5414-a146-31fe85ea3b57,1785395854563,sender,0,False,,,,False
0e8022e0-f3ee-569c-a6c3-11a8385f7595,1785395854586,sender,0,False,,,,False
b5abb363-b872-5993-a00a-68bdf9c227dd,1785395854591,sender,0,False,,,,False
f2c1d073-b783-5c8c-a21d-fddd074859c2,1785395854596,sender,0,False,,,,False
62105a32-2630-5fcd-8bcb-639e0956fad6,1785395854621,sender,0,False,,,,False
5def2404-4153-5b46-9946-3d7f4762331e,1785395854627,sender,0,False,,,,False
dd77f046-8297-581b-9698-f61de21ce60b,1785395854632,sender,0,False,,,,False
0ed8ba8d-97f5-544f-a86a-95ac6aeab199,1785395854637,sender,0,False,,,,False
2d213402-70a3-5f95-a3f2-a7f7a345d015,1785395854640,sender,0,False,,,,False
87b6a809-fe5e-5b7c-a5dd-af620c0fa23e,1785395854645,sender,0,False,,,,False
965544e8-e317-5f94-8b4f-37f2c9a119cc,1785395854649,sender,0,False,,,,False
4d5df9ed-08c6-52af-b929-3ce7d6b1b6e7,1785395854672,sender,0,False,,,,False
a2b05ef9-0063-5933-b3a6-b18e9499ad08,1785395854677,sender,0,False,,,,False
10b99ac0-512a-51c4-ab32-69e640f57ce4,1785395854683,sender,0,False,,,,False
e15b0a71-10d2-57d2-a225-61e2f413ec3c,1785395854687,sender,0,False,,,,False
434860a6-9ea7-5d08-9e24-4f5b341723d7,1785395854692,sender,0,False,,,,False
dcc548c8-ffa2-5a56-88e3-ad97d8648ffa,1785395854696,sender,0,False,,,,False
9d156264-5869-5624-917d-e1f0747ec7b1,1785395854721,sender,0,False,,,,False
0efd7e12-fbe4-58b8-8945-eba3bb3dde09,1785395854726,sender,0,False,,,,False
f49760e9-1485-504e-9a0e-5007974c8ad7,1785395854730,sender,0,False,,,,False
b896e0f7-70f1-526a-96c6-6206753c5b70,1785395854735,sender,0,False,,,,False
a4a43ebb-5944-54b1-8614-c435b5e5c7e0,1785395854739,sender,0,False,,,,False
243bc217-96d5-5e46-97fc-1935ff562433,1785395906944,sender -> receiver,0,True,1785395906873.0,-71.0,0.0,False
0cd024e7-d364-536f-b051-2a8140aa1cbc,1785395906951,sender -> receiver,0,True,1785395906906.0,-45.0,0.0,False
f78c561d-3a68-5fdf-84c4-f1d20805fda6,1785395906977,sender -> receiver,0,True,1785395906928.0,-49.0,0.0,False
db31aefa-0893-5a0b-921d-f508fd6ebd9f,1785395906984,sender -> receiver,0,True,1785395906951.0,-33.0,0.0,False
dc7519ab-f3d6-57ef-8f08-5f3cc5ce5e37,1785395906990,sender -> receiver,0,True,1785395906994.0,4.0,0.0,False
383a09ba-656f-5c30-a939-7d1b3fd6e4ba,1785395906995,sender -> receiver,0,True,1785395907023.0,28.0,0.0,False
f188f928-54a8-5141-b383-b58b65645367,1785395907046,sender -> receiver,0,True,1785395907046.0,0.0,0.0,False
b791b2c3-e00b-5d89-8993-14418c134817,1785395907052,sender -> receiver,0,True,1785395907073.0,21.0,0.0,False
9a769fb5-f26f-5f19-b51e-9eefccc4124b,1785395907057,sender -> receiver,0,True,1785395907161.0,104.0,0.0,False
19b1b367-0434-5017-a35d-916f9e211071,1785395907062,sender -> receiver,0,True,1785395907379.0,317.0,0.0,False
6fae8dd3-a305-57fa-abaf-0d5727d75eef,1785395907925,sender -> receiver,0,True,1785395907969.0,44.0,0.0,False
6e394a9d-38ba-5539-8751-35d9a06244a0,1785395907930,sender -> receiver,0,True,1785395908404.0,474.0,0.0,False
808fc05e-7fa8-5b9d-bb6d-ac4a4ef3954f,1785395907936,sender -> receiver,0,True,1785395908542.0,606.0,0.0,False
c7149a50-5c82-5909-9056-259cc4c520dc,1785395907972,sender -> receiver,0,True,1785395908564.0,592.0,0.0,False
77c1eee7-b775-57b1-8e9e-510dce5ffee0,1785395907978,sender -> receiver,0,True,1785395908624.0,646.0,0.0,False
c8ce7170-7d03-52f6-9ceb-b909e99254a4,1785395907983,sender -> receiver,0,True,1785395908650.0,667.0,0.0,False
09e65aa2-323f-5d91-9e8e-709cfd1aafc4,1785395908030,sender -> receiver,0,True,1785395908899.0,869.0,0.0,False
608aa921-20f0-593e-bb48-95736e124ed9,1785395908037,sender -> receiver,0,True,1785395909038.0,1001.0,0.0,False
fb0d0872-ace5-511a-9f37-25f121eb7d22,1785395908042,sender -> receiver,0,True,1785395909206.0,1164.0,0.0,False
7b125656-d92a-5c1d-a78f-227522aaf69a,1785395908932,sender -> receiver,0,True,1785395909238.0,306.0,0.0,False
f38252b7-8021-5118-b664-c78f9280e8d5,1785395908938,sender -> receiver,0,True,1785395909261.0,323.0,0.0,False
b277bc75-8057-5667-aa32-0c5b6e81fa00,1785395908943,sender -> receiver,0,True,1785395909284.0,341.0,0.0,False
af960dc2-dee6-5d2d-8ae8-1b6f5cd1179f,1785395908949,sender -> receiver,0,True,1785395909328.0,379.0,0.0,False
36f326a2-119d-5ced-ab08-7e90d59fcc51,1785395908996,sender -> receiver,0,True,1785395909352.0,356.0,0.0,False
c2c2d29c-b709-5ae6-b6c5-a742b5bd66bc,1785395909002,sender -> receiver,0,True,1785395909375.0,373.0,0.0,False
2bd871f6-37c8-5351-9cdb-d877cbe9def4,1785395909007,sender -> receiver,0,True,1785395909397.0,390.0,0.0,False
62f32677-ed09-5c72-8871-48fa20275e21,1785395909012,sender -> receiver,0,True,1785395909460.0,448.0,0.0,False
b52daede-38fe-5147-95a3-59416f618273,1785395909018,sender -> receiver,0,True,1785395909483.0,465.0,0.0,False
bcd7f37a-aa29-5ac3-8d6b-9bf697d7fb49,1785395909926,sender -> receiver,0,True,1785395910692.0,766.0,0.0,False
fa679e19-7407-51b4-bf1f-ff48459657de,1785395909933,sender -> receiver,0,True,1785395910872.0,939.0,0.0,False
c336af53-6abe-5bd4-b2d9-2f8285c4479d,1785395909961,sender -> receiver,0,True,1785395911098.0,1137.0,0.0,False
b1345dbb-9db1-55b6-82d9-1032fc74f294,1785395909966,sender -> receiver,0,True,1785395911387.0,1421.0,0.0,False
0fe265d9-7d20-5e01-9372-d30671e6add3,1785395909972,sender -> receiver,0,True,1785395911641.0,1669.0,0.0,False
ddf144ed-54fe-5cb5-a97a-62ff1203ff79,1785395909977,sender -> receiver,0,True,1785395911697.0,1720.0,0.0,False
8dc4a6b8-7ca6-56c6-a5b9-a8ed510a0b13,1785395909982,sender -> receiver,0,True,1785395911722.0,1740.0,0.0,False
d2e1b5b3-39e1-5257-85c8-4baa030b7362,1785395910023,sender -> receiver,0,True,1785395911745.0,1722.0,0.0,False
00028ce7-b911-53ad-8e6e-ec0ae221cb3c,1785395910028,sender -> receiver,0,True,1785395911798.0,1770.0,0.0,False
cd020e71-1d08-5736-9cda-bfb9dae19f35,1785395910943,sender -> receiver,0,True,1785395911822.0,879.0,0.0,False
709c00a5-f8e0-5d27-a766-d3d676ce0076,1785395910949,sender -> receiver,0,True,1785395911882.0,933.0,0.0,False
9c27beba-a597-5b3b-89ab-03d0f6af0a3c,1785395910955,sender -> receiver,0,True,1785395911907.0,952.0,0.0,False
896d550b-6bbd-582c-81fe-7275ae961522,1785395910961,sender -> receiver,0,True,1785395911928.0,967.0,0.0,False
4697ec56-618b-5136-bf09-01f5e50ce916,1785395911012,sender -> receiver,0,True,1785395911950.0,938.0,0.0,False
9bd7ca0f-4dcf-5e63-85ee-9c3a8a968e91,1785395911018,sender -> receiver,0,True,1785395912004.0,986.0,0.0,False
03244d79-021d-55d2-80b1-50f8d04e35ed,1785395911024,sender -> receiver,0,True,1785395912027.0,1003.0,0.0,False
ad888033-d9d8-5631-a151-9fcd31bda76d,1785395911030,sender -> receiver,0,True,1785395912049.0,1019.0,0.0,False
4ac30636-8ac4-589f-9c4e-d2b5208392a8,1785395911056,sender -> receiver,0,True,1785395912072.0,1016.0,0.0,False
d8af8d34-3941-50cf-b6f8-acca3563ff12,1785395911946,sender -> receiver,0,True,1785395912096.0,150.0,0.0,False
6b882c64-eb65-5005-aa75-222680c47a3d,1785395911953,sender -> receiver,0,True,1785395912140.0,187.0,0.0,False
34002668-abd0-50c6-b7bc-bbe9e4d34306,1785395912005,sender -> receiver,0,True,1785395912164.0,159.0,0.0,False
0486342b-5933-5ea5-b645-abe8d007859d,1785395912010,sender -> receiver,0,True,1785395912187.0,177.0,0.0,False
a4d8b52c-d1cf-59ae-935c-228cdf1b999e,1785395912015,sender -> receiver,0,True,1785395912555.0,540.0,0.0,False
1943a4ef-9c4c-5117-b267-1caf1deb0b0d,1785395912042,sender -> receiver,0,True,1785395912566.0,524.0,0.0,False
2af65dad-d6c9-56e9-8152-2d154707e48c,1785395912047,sender -> receiver,0,True,1785395912612.0,565.0,0.0,False
4ef49b32-4e1b-501b-953e-e7fe3a4b699c,1785395912052,sender -> receiver,0,True,1785395912638.0,586.0,0.0,False
7d5d0784-977e-54d1-8c89-394bddf89277,1785395912056,sender -> receiver,0,True,1785395913318.0,1262.0,0.0,False
096dd543-1500-589b-a65c-19abf1c34cc4,1785395912926,sender -> receiver,0,True,1785395914208.0,1282.0,0.0,False
07641cdb-3344-52cf-9289-a2d60c46f65c,1785395912934,sender -> receiver,0,True,1785395914242.0,1308.0,0.0,False
44fe2c79-8c8f-5d25-b896-195121c8a111,1785395912942,sender -> receiver,0,True,1785395914270.0,1328.0,0.0,False
f34725eb-5c6e-50c3-ab24-20d1d2569401,1785395912977,sender -> receiver,0,True,1785395914709.0,1732.0,0.0,False
98c00d3d-ef38-5da2-86f2-484711463434,1785395912983,sender -> receiver,0,True,1785395914750.0,1767.0,0.0,False
148fce17-e2f9-5939-b116-7cbb1b609599,1785395912988,sender -> receiver,0,True,1785395914840.0,1852.0,0.0,False
40dc0a02-a8fe-5eaf-9b91-c5f8e4de8959,1785395912999,sender -> receiver,0,True,1785395914872.0,1873.0,0.0,False
35d7e39c-c243-5937-989d-394f76daf306,1785395913042,sender -> receiver,0,True,1785395914896.0,1854.0,0.0,False
15322e98-4f3d-5101-a8e7-13a50d832a65,1785395913048,sender -> receiver,0,True,1785395914919.0,1871.0,0.0,False
31cc8a3e-2d65-58ad-af75-e3f7183187bd,1785395913946,sender -> receiver,0,True,1785395914964.0,1018.0,0.0,False
54f23de0-fba8-591f-a0d5-95132f6a8372,1785395913952,sender -> receiver,0,True,1785395915006.0,1054.0,0.0,False
ba1989f0-ee2f-5ea4-b6e8-fe71d0f4f6e2,1785395913958,sender -> receiver,0,True,1785395915099.0,1141.0,0.0,False
297eaa6b-c063-564b-a1f6-676b885b2d40,1785395914011,sender -> receiver,0,True,1785395915196.0,1185.0,0.0,False
c8f0c5ed-0421-5ad9-a777-6c9816043687,1785395914017,sender -> receiver,0,True,1785395915228.0,1211.0,0.0,False
d6201eff-a296-5763-916f-0ff91c484a38,1785395914021,sender -> receiver,0,True,1785395915250.0,1229.0,0.0,False
b001662b-df8f-5265-8340-815eff33ec78,1785395914048,sender -> receiver,0,True,1785395915271.0,1223.0,0.0,False
295c8e63-32ac-5f8f-8f62-7baa88a635ac,1785395914054,sender -> receiver,0,True,1785395915314.0,1260.0,0.0,False
75e9338c-0a41-5894-82c5-38a74b61c38f,1785395914058,sender -> receiver,0,True,1785395915340.0,1282.0,0.0,False
e32b77bd-ec66-5ffc-a390-4325c87a8b4f,1785395914974,sender -> receiver,0,True,1785395915364.0,390.0,0.0,False
322b5b05-77ec-5afe-ac43-4a886d0cff14,1785395914980,sender -> receiver,0,True,1785395915427.0,447.0,0.0,False
63d46df7-4ac8-52d7-b16d-a1e1d43b61c7,1785395914985,sender -> receiver,0,True,1785395915648.0,663.0,0.0,False
0ec5f938-6cc8-51ff-b32a-598f04729d11,1785395915042,sender -> receiver,0,True,1785395915707.0,665.0,0.0,False
0612cfe8-9de7-5eab-af6c-4d10c47dc701,1785395915052,sender -> receiver,0,True,1785395915731.0,679.0,0.0,False
5016ea04-89b7-539d-87ad-c5ce6baeaaa3,1785395915060,sender -> receiver,0,True,1785395915754.0,694.0,0.0,False
3c4bcf8f-4005-5c2d-a5de-f113630c1021,1785395915067,sender -> receiver,0,True,1785395915813.0,746.0,0.0,False
ffa4b6ce-648e-5e93-88fa-ef80a8bf8202,1785395915073,sender -> receiver,0,True,1785395915839.0,766.0,0.0,False
20210044-d41a-51cc-83eb-8ed657a11494,1785395915097,sender -> receiver,0,True,1785395915864.0,767.0,0.0,False
d97485b0-f2f1-5824-84f1-4c7c362bdf15,1785395915960,sender -> receiver,0,True,1785395915919.0,-41.0,0.0,False
791b7e24-ddcf-570e-9020-f087aa80741a,1785395915967,sender -> receiver,0,True,1785395915943.0,-24.0,0.0,False
9e361962-d104-5472-875e-1d8149fdb98e,1785395916020,sender -> receiver,0,True,1785395915967.0,-53.0,0.0,False
c0bfde5c-63b0-5ab2-8ce8-615806ea4011,1785395916026,sender -> receiver,0,True,1785395915989.0,-37.0,0.0,False
a267cbe2-a226-5241-874f-101d9cf7537f,1785395916032,sender -> receiver,0,True,1785395916231.0,199.0,0.0,False
6f80ec35-9c2a-5e10-ae61-86f18edae3f3,1785395916041,sender -> receiver,0,True,1785395916360.0,319.0,0.0,False
a5e4f44f-9b53-5093-8f0f-6c925844f6bb,1785395916067,sender -> receiver,0,True,1785395916443.0,376.0,0.0,False
4dbb0ebc-bbc2-555f-9fab-e9207fa16265,1785395916073,sender -> receiver,0,True,1785395916638.0,565.0,0.0,False
631138c3-ab49-53ab-89c7-32085e30f8b3,1785395916079,sender -> receiver,0,True,1785395916668.0,589.0,0.0,False
a25a331a-7321-52fb-98ad-ac9e9218599d,1785395916950,sender -> receiver,0,True,1785395917332.0,382.0,0.0,False
332b0b2b-69b8-536a-b499-2f7ed0b6af71,1785395916956,sender -> receiver,0,True,1785395917553.0,597.0,0.0,False
7e8586a7-7ee2-5d30-b926-b13d28a1de67,1785395917004,sender -> receiver,0,True,1785395917589.0,585.0,0.0,False
913de430-c6f9-5a77-a7b0-a1b502a45889,1785395917010,sender -> receiver,0,True,1785395917615.0,605.0,0.0,False
c1bd62fb-6252-52f8-9ee9-66df77934175,1785395917015,sender -> receiver,0,True,1785395917687.0,672.0,0.0,False
45203beb-3e2c-5c11-8d7d-46b3e3894b9d,1785395917020,sender -> receiver,0,True,1785395918324.0,1304.0,0.0,False
b4fbaeef-9751-5b54-b2bf-b9419855447d,1785395917045,sender -> receiver,0,True,1785395918354.0,1309.0,0.0,False
dc10d6dc-036e-5453-9136-69fb756a10c0,1785395917051,sender -> receiver,0,True,1785395918388.0,1337.0,0.0,False
de1dcc61-4429-5a28-b424-9aea5b22e4b5,1785395917058,sender -> receiver,0,True,1785395918440.0,1382.0,0.0,False
b0b64647-c757-56f5-94db-6b154012dbe4,1785396048937,sender -> receiver,0,True,1785396048980.0,43.0,0.0,False
7fd7fcc2-59de-55f2-863a-f6306a62720d,1785396048946,sender -> receiver,0,True,1785396049022.0,76.0,0.0,False
478c30a3-5e7a-59f5-99da-1cec7d195e0d,1785396048992,sender -> receiver,0,True,1785396049808.0,816.0,0.0,False
0c44f772-14a1-5564-9623-e20d1bc4feb1,1785396048998,sender -> receiver,0,True,1785396050016.0,1018.0,0.0,False
f39ab4c0-e6bd-5ba5-a306-fc9f1caf04ba,1785396049003,sender -> receiver,0,True,1785396050045.0,1042.0,0.0,False
aaa6ed8f-85ed-54cd-9308-4d10c6903449,1785396049008,sender -> receiver,0,True,1785396050089.0,1081.0,0.0,False
c54c1aba-7227-5394-90cc-04693018884e,1785396049012,sender -> receiver,0,True,1785396050894.0,1882.0,0.0,False
df541957-f664-5719-892b-3b11fc716a85,1785396049016,sender -> receiver,0,True,1785396051134.0,2118.0,0.0,False
f4207597-f7b7-50d6-bce2-eed0110657cc,1785396049060,sender -> receiver,0,True,1785396051677.0,2617.0,0.0,False
6feb1d1e-64fd-5d53-bfa9-3acada7387f1,1785396049068,sender -> receiver,0,True,1785396051707.0,2639.0,0.0,False
b5f590df-e9d4-56fe-82e3-af73869bf6d6,1785396049073,sender -> receiver,0,True,1785396052866.0,3793.0,0.0,False
be5d4823-bba9-5b0b-b898-5d43dcd57d9d,1785396049077,sender -> receiver,0,True,1785396052892.0,3815.0,0.0,False
dbbe5b9c-3201-5dac-92aa-6e898eb33607,1785396049082,sender -> receiver,0,True,1785396052929.0,3847.0,0.0,False
e5959b59-8b8b-5ede-82a7-5ba2390c4736,1785396049107,sender -> receiver,0,True,1785396052954.0,3847.0,0.0,False
10d7c81d-51b7-5f4e-9de2-57d424d1c42f,1785396049114,sender -> receiver,0,True,1785396052976.0,3862.0,0.0,False
39fa54e9-9a6c-5404-9f34-ab748241de46,1785396049118,sender -> receiver,0,True,1785396053020.0,3902.0,0.0,False
7c551496-1dd1-5b20-be50-39e1e39d421c,1785396049123,sender -> receiver,0,True,1785396053045.0,3922.0,0.0,False
1544d7a4-d903-5f96-a684-357be1611627,1785396049127,sender -> receiver,0,True,1785396053072.0,3945.0,0.0,False
fcdf6664-8c4e-5798-a5f7-45efdc80d072,1785396049131,sender -> receiver,0,True,1785396053170.0,4039.0,0.0,False
682d18cd-1631-56ce-a6c7-979dc23c5edd,1785396049159,sender -> receiver,0,True,1785396053193.0,4034.0,0.0,False
7b17ee7e-a9f1-5b0e-8314-557178190c68,1785396049164,sender -> receiver,0,True,1785396053217.0,4053.0,0.0,False
0be23c09-7767-56d3-ab96-ecc9c2b66d3a,1785396049169,sender -> receiver,0,True,1785396053240.0,4071.0,0.0,False
482e3a70-7312-5818-8db9-b1534deefdbe,1785396049173,sender -> receiver,0,True,1785396054537.0,5364.0,0.0,False
b6d61534-aa11-544d-8dc4-091537fc0ce4,1785396049177,sender -> receiver,0,True,1785396054589.0,5412.0,0.0,False
912ec20d-d033-5817-b6e1-6bd9187b2df4,1785396049181,sender -> receiver,0,True,1785396054984.0,5803.0,0.0,False
d4ab9bc4-e5f2-5468-964e-763a1272b952,1785396049206,sender -> receiver,0,True,1785396055038.0,5832.0,0.0,False
8667e486-3871-5182-9b22-cb4f1357faed,1785396049211,sender -> receiver,0,True,1785396055080.0,5869.0,0.0,False
598c63fe-68f2-582f-b5f2-91cc0e3120ba,1785396049215,sender -> receiver,0,True,1785396055107.0,5892.0,0.0,False
2d55deee-fb6d-5d25-a7c7-ce5306110c23,1785396049240,sender -> receiver,0,True,1785396056142.0,6902.0,0.0,False
2b685883-b435-522e-9363-4dfed7b6d4b0,1785396049246,sender -> receiver,0,True,1785396056191.0,6945.0,0.0,False
20eea70f-0331-546a-90bd-feb64de819a3,1785396049253,sender -> receiver,0,True,1785396056355.0,7102.0,0.0,False
da6dc649-109e-5988-897d-8a7322604ea2,1785396049257,sender -> receiver,0,True,1785396057877.0,8620.0,0.0,False
bb07b245-e84b-519d-9394-4d888422a3ac,1785396049263,sender,0,False,,,,False
ba8352ba-5425-54f7-bc3f-48610d5f5d87,1785396049267,sender,0,False,,,,False
2d6547fd-db4f-5605-b1ff-2945923f4cac,1785396049292,sender,0,False,,,,False
d8cdb72c-3d9c-529f-bc2e-b5ce3e7c126e,1785396049831,sender,0,False,,,,False
8ededeaf-2d9e-5ab5-94ac-574c968f6b11,1785396049841,sender,0,False,,,,False
87385e29-79c1-5b33-9327-74c91a92c8af,1785396049885,sender,0,False,,,,False
985e2e88-4f5f-54d9-a34d-972aabda5a6e,1785396049894,sender,0,False,,,,False
559a746e-99e3-5e1b-b6c0-bd015b1c38e2,1785396049901,sender,0,False,,,,False
e31d8e5d-765d-5342-b2a9-cad45a0257b4,1785396049907,sender,0,False,,,,False
91d8229b-fa22-5e9d-a8de-72dec957983b,1785396049912,sender,0,False,,,,False
7d7960d4-0213-5bad-875a-281bf2c1d336,1785396049958,sender,0,False,,,,False
47a1064c-058c-5be2-8964-810ff1b7e811,1785396049966,sender,0,False,,,,False
60699c62-7503-5b8c-b0f6-da1090249d4d,1785396049971,sender,0,False,,,,False
6406eebc-a374-5301-b506-857889f98ba2,1785396049976,sender,0,False,,,,False
5ceb33f4-c5bd-5d11-8634-885379202d14,1785396049980,sender,0,False,,,,False
86b2c0cf-774b-5bc8-b599-04427f279396,1785396050024,sender,0,False,,,,False
18ec494f-1f88-5504-b5b0-a30c1dd65ec3,1785396050029,sender,0,False,,,,False
a41441ff-0c3f-5fe9-bd3c-3eb4d3e937d5,1785396050034,sender,0,False,,,,False
d908f4d8-b1a2-5d39-a927-497df8176e8e,1785396050044,sender,0,False,,,,False
942ba12c-76ce-5791-a88d-f2fe86276b8b,1785396050048,sender,0,False,,,,False
1cbaaf5d-b392-5a03-a086-861ebb075e3a,1785396050072,sender,0,False,,,,False
183cbf05-6e6d-52c6-9636-35cc45afe43b,1785396050077,sender,0,False,,,,False
8d096c9d-30a6-5a80-8ce3-037534f67e4f,1785396050083,sender,0,False,,,,False
e8d874f1-0f32-5c27-bab9-ba0cd4c8d3f3,1785396050108,sender,0,False,,,,False
f704210b-e302-5425-8fa1-3ed93090c6b2,1785396050113,sender,0,False,,,,False
65407ea2-ab15-5643-97a1-c52385f69330,1785396050118,sender,0,False,,,,False
f9badd3b-5aaf-5717-a434-96f552da3c99,1785396050121,sender,0,False,,,,False
aa89caf6-3d79-5702-a006-c788306a6f3a,1785396050126,sender,0,False,,,,False
2ffa1bcd-9794-54e8-a3ef-f6c14edabfe4,1785396050130,sender,0,False,,,,False
ec4fdfeb-8240-5d11-a6f0-d3e4b3a74954,1785396050153,sender,0,False,,,,False
e2c8842d-814c-5fc6-9a9b-bd13a57beb80,1785396050159,sender,0,False,,,,False
c62b87a3-c70c-5e07-9c0a-eba7e1b8cb12,1785396050164,sender,0,False,,,,False
16db5456-71f8-5c5c-a33d-b139a98c6445,1785396050190,sender,0,False,,,,False
4bf9a046-2868-533f-b0e9-0d7841e1c192,1785396050197,sender,0,False,,,,False
d3828004-01fb-5812-8ccc-e89004b0c95c,1785396050203,sender,0,False,,,,False
521689ff-552f-5381-acfc-249cb703f7ef,1785396050208,sender,0,False,,,,False
a8654e29-5a51-55b3-9d1a-3330c094602b,1785396050213,sender,0,False,,,,False
599ceecf-3ead-53a4-8941-49b234579888,1785396050244,sender,0,False,,,,False
13e31404-8e9f-5ec3-8143-afb13979f8b7,1785396050251,sender,0,False,,,,False
2bd0ffd0-6a4e-5bf2-a05a-4b2aba0e6faf,1785396050255,sender,0,False,,,,False
9031a68b-f3eb-5d30-aba7-5df0628f2629,1785396050260,sender,0,False,,,,False
1e3ab57e-e82c-54c1-9357-880ec8abba30,1785396050266,sender,0,False,,,,False
f7cba763-624a-54e5-87ea-47968f52072c,1785396050291,sender,0,False,,,,False
adf7c201-b498-5b2e-8043-c2c01ffa82f9,1785396050297,sender,0,False,,,,False
7a2f0784-0ff1-55f3-a24f-62b97926e77c,1785396050303,sender,0,False,,,,False
7a7cab7e-56b1-5ebb-810c-5fb231c2e496,1785396050307,sender,0,False,,,,False
99ff884b-1996-5250-bfed-901ba3695016,1785396050310,sender,0,False,,,,False
3af7a36d-9216-5166-920b-faaf4f3f40e5,1785396050314,sender,0,False,,,,False
d64e7c0b-1aa9-5878-be4a-a9c72966c497,1785396050337,sender,0,False,,,,False
fed4a2ea-32ed-58d6-9e98-9c843e25d3d6,1785396050343,sender,0,False,,,,False
dbe7d4b8-9653-5297-b3b2-cf5558dfa2fa,1785396050348,sender,0,False,,,,False
3d292176-021d-5d1d-a384-b6ac21351497,1785396050372,sender,0,False,,,,False
9a9d43e1-11b0-5e21-a3bd-97153c6e51a1,1785396050378,sender,0,False,,,,False
ff10c5b3-6093-5551-a563-b7272978ab61,1785396050382,sender,0,False,,,,False
057c82ab-456e-5231-86dc-a29825ace76f,1785396050387,sender,0,False,,,,False
6273c406-e4e5-5833-970b-152ed9b9e353,1785396050391,sender,0,False,,,,False
826b1a3b-9724-5fbe-8542-59f1b5ac6d17,1785396050395,sender,0,False,,,,False
e7916938-10f7-5b5d-9765-6e2e251d1548,1785396050399,sender,0,False,,,,False
82770299-2e65-5d69-ae13-7bc2de0c7e44,1785396050422,sender,0,False,,,,False
4826db79-93c0-578b-9338-f7785e28a9d5,1785396050428,sender,0,False,,,,False
de312af7-79d4-5a66-a627-41a775509b20,1785396050434,sender,0,False,,,,False
07644835-a1f4-5e8d-9b51-18a1973685cb,1785396050439,sender,0,False,,,,False
9e1182e4-9416-5ed2-8eac-b762550146c2,1785396050444,sender,0,False,,,,False
060d2854-c3a1-5c4f-932b-88c90055ae8c,1785396050448,sender,0,False,,,,False
9850bef5-dffe-5c36-a2f6-2a5032ff2198,1785396050496,sender,0,False,,,,False
81b30720-f0fb-510c-9db6-4a5cc8236a4d,1785396050522,sender,0,False,,,,False
e56896fc-3f44-5d7e-9baa-150c25fa39bf,1785396050527,sender,0,False,,,,False
130b21bd-e079-5acf-ab18-f5dfbe9ace8b,1785396050550,sender,0,False,,,,False
c7069a8f-5b94-5a48-aeba-dce6300b4a41,1785396103228,sender -> receiver,0,True,1785396104315.0,1087.0,0.0,False
7583805b-fb5f-5121-ba58-59fb239c00ec,1785396103256,sender -> receiver,0,True,1785396104339.0,1083.0,0.0,False
979d5d6d-03a1-5191-8d37-5b7f25195d80,1785396103261,sender -> receiver,0,True,1785396104362.0,1101.0,0.0,False
67ab241f-8944-5cce-8e98-82dc350d7143,1785396103268,sender -> receiver,0,True,1785396104384.0,1116.0,0.0,False
f2f7d5e1-35ae-5190-b75a-af3a28e3ce7f,1785396103299,sender -> receiver,0,True,1785396104428.0,1129.0,0.0,False
93422cea-65aa-59fe-9180-a1e32184e7d9,1785396103305,sender -> receiver,0,True,1785396104453.0,1148.0,0.0,False
965e4214-90f0-54cc-898f-2fbbaa345838,1785396103311,sender -> receiver,0,True,1785396104476.0,1165.0,0.0,False
12ade292-1401-578b-ae3e-b974c26a4f18,1785396103316,sender -> receiver,0,True,1785396104600.0,1284.0,0.0,False
cfccef52-4975-59bf-93d4-dd6c8a9dab45,1785396103349,sender -> receiver,0,True,1785396104622.0,1273.0,0.0,False
b3ee0cd7-f2e5-515a-b7c2-9d730c0ed546,1785396103354,sender -> receiver,0,True,1785396105109.0,1755.0,0.0,False
72ba43e8-5201-54be-8653-8513259f1bd5,1785396104242,sender -> receiver,0,True,1785396105143.0,901.0,0.0,False
46612001-ec03-5479-ac95-7729afe861af,1785396104247,sender -> receiver,0,True,1785396105167.0,920.0,0.0,False
4b2e2ac9-bd66-5a95-894d-2fd8f96b1425,1785396104252,sender -> receiver,0,True,1785396105218.0,966.0,0.0,False
096db696-92d9-5824-b2aa-00b287de55e4,1785396104256,sender -> receiver,0,True,1785396105245.0,989.0,0.0,False
6b82cf51-453c-52a5-920e-053940e25536,1785396104261,sender -> receiver,0,True,1785396105267.0,1006.0,0.0,False
21023e50-9b1f-572e-8e4f-18dfc9a4310a,1785396104265,sender -> receiver,0,True,1785396105401.0,1136.0,0.0,False
72e7fe20-5cbc-5fca-b466-7f53ef329d37,1785396104292,sender -> receiver,0,True,1785396105464.0,1172.0,0.0,False
bfc4921a-df54-502e-89e4-8d1bd2e507f1,1785396104297,sender -> receiver,0,True,1785396105492.0,1195.0,0.0,False
caa52881-9397-59a3-a0dc-cd341732c427,1785396104304,sender -> receiver,0,True,1785396105601.0,1297.0,0.0,False
bea18739-ba68-5de0-8d85-3fb4a36edc20,1785396104309,sender -> receiver,0,True,1785396105682.0,1373.0,0.0,False
a57c285c-94ea-5ac5-954d-2b829ca9254c,1785396105269,sender -> receiver,0,True,1785396106353.0,1084.0,0.0,False
e554d1f4-a719-5d66-9ebd-cd3460440383,1785396105274,sender -> receiver,0,True,1785396106384.0,1110.0,0.0,False
304df501-5703-5a76-8eb6-fb690335b0ab,1785396105280,sender -> receiver,0,True,1785396106639.0,1359.0,0.0,False
0a878ced-3af9-5fcf-af27-5a4d1e3aac47,1785396105286,sender -> receiver,0,True,1785396106661.0,1375.0,0.0,False
44135161-7da1-5cd7-bf7e-a4d55d7ec2b0,1785396105312,sender -> receiver,0,True,1785396106691.0,1379.0,0.0,False
4b5a5c17-6f4f-5a7f-b3bf-f19b2d617ef5,1785396105317,sender -> receiver,0,True,1785396106715.0,1398.0,0.0,False
1b5c4c8d-38c5-5a78-8f64-29cda40f007d,1785396105321,sender -> receiver,0,True,1785396106739.0,1418.0,0.0,False
977311df-8d95-5cfe-989b-c65d4776eaeb,1785396105326,sender -> receiver,0,True,1785396106784.0,1458.0,0.0,False
e8908a9a-ac7d-5004-8567-6df1b51e9481,1785396105329,sender -> receiver,0,True,1785396106813.0,1484.0,0.0,False
945e7732-fafb-52fd-8574-c36e1fc61595,1785396105335,sender -> receiver,0,True,1785396106838.0,1503.0,0.0,False
17561849-42ce-5138-89fe-7aa26101f992,1785396106247,sender -> receiver,0,True,1785396106862.0,615.0,0.0,False
0dab5cf5-56d0-5121-9356-bd42d6847b7e,1785396106252,sender -> receiver,0,True,1785396106938.0,686.0,0.0,False
d6dbfe00-1ad2-5ded-b6ff-b057f67f51f6,1785396106256,sender -> receiver,0,True,1785396106961.0,705.0,0.0,False
daaa95f1-2285-5106-9a5c-62da43dec1ad,1785396106261,sender -> receiver,0,True,1785396106984.0,723.0,0.0,False
1bdf4009-a8e4-5c44-b247-07fe995a0f77,1785396106267,sender -> receiver,0,True,1785396107031.0,764.0,0.0,False
3dabb001-faec-5c9f-b8ff-8fb6d79844f5,1785396106295,sender -> receiver,0,True,1785396107058.0,763.0,0.0,False
25b7b73a-3221-5423-8b6f-0f546c5b2414,1785396106300,sender -> receiver,0,True,1785396107093.0,793.0,0.0,False
b247d59b-b7da-5b56-8b52-854b9de7f517,1785396106304,sender -> receiver,0,True,1785396107114.0,810.0,0.0,False
49961233-be84-546f-a313-e811a25698d5,1785396106308,sender -> receiver,0,True,1785396107136.0,828.0,0.0,False
472f25c9-4071-5b83-9094-246599198d67,1785396106312,sender -> receiver,0,True,1785396107191.0,879.0,0.0,False
a2c106a5-15cf-569a-b5dc-1e52c8e87ed1,1785396107221,sender -> receiver,0,True,1785396107290.0,69.0,0.0,False
063e73d1-5567-5cb0-8338-21f23340ee63,1785396107227,sender -> receiver,0,True,1785396107310.0,83.0,0.0,False
a6f6c22b-2eb2-5d50-9ba2-cbc41882e6f7,1785396107258,sender -> receiver,0,True,1785396107330.0,72.0,0.0,False
4c4c473f-ede3-5e54-bf3c-72ae1a11d3c1,1785396107264,sender -> receiver,0,True,1785396107355.0,91.0,0.0,False
8be9d447-c66f-55c7-9945-86454d4124b0,1785396107269,sender -> receiver,0,True,1785396107708.0,439.0,0.0,False
59edb581-6e90-5731-8499-a4b46b4ba299,1785396107274,sender -> receiver,0,True,1785396107742.0,468.0,0.0,False
1e91b63c-45b5-531f-8fc1-8e6a4dba0ba0,1785396107282,sender -> receiver,0,True,1785396107766.0,484.0,0.0,False
86d1a9f0-987e-5f4a-aa50-92f5efc23e57,1785396107312,sender -> receiver,0,True,1785396107790.0,478.0,0.0,False
248cc7b8-a19e-53e5-bf08-7cdc451d2d1d,1785396107318,sender -> receiver,0,True,1785396107836.0,518.0,0.0,False
15a57ee3-58f5-5406-9baa-5aa1c331dcba,1785396107323,sender -> receiver,0,True,1785396107863.0,540.0,0.0,False
cf40f4d9-5d97-5552-aafa-325e379e5656,1785396108256,sender -> receiver,0,True,1785396108242.0,-14.0,0.0,False
0865f5ad-cb0f-5d70-8e8c-0d5ee414cb34,1785396108262,sender -> receiver,0,True,1785396108271.0,9.0,0.0,False
3be97613-c164-50a7-91b5-c3506cc87163,1785396108269,sender -> receiver,0,True,1785396108480.0,211.0,0.0,False
d6a5ad04-62f0-5bb2-9a15-075ead3b1592,1785396108274,sender -> receiver,0,True,1785396108613.0,339.0,0.0,False
a3002690-6afb-52a5-81fc-64996959a01e,1785396108280,sender -> receiver,0,True,1785396108634.0,354.0,0.0,False
201485bf-5184-5978-818b-14c361455492,1785396108309,sender -> receiver,0,True,1785396108810.0,501.0,0.0,False
dbc25c3e-d8e8-56cb-9a4e-cb535872f084,1785396108314,sender -> receiver,0,True,1785396108835.0,521.0,0.0,False
6f9cb889-6d2b-57ee-9493-c8197e0d754b,1785396108319,sender -> receiver,0,True,1785396108857.0,538.0,0.0,False
9b4a19ec-82db-57bc-a087-140b2f158a2e,1785396108324,sender -> receiver,0,True,1785396108879.0,555.0,0.0,False
42149b4b-59fd-5a34-80ec-137372da4d53,1785396108329,sender -> receiver,0,True,1785396108923.0,594.0,0.0,False
7bd6748f-f7d1-5586-9c62-f4208338996d,1785396109254,sender -> receiver,0,True,1785396109616.0,362.0,0.0,False
987b2e8e-1c84-59d2-a56e-dc730f588cff,1785396109261,sender -> receiver,0,True,1785396109638.0,377.0,0.0,False
a8ee0291-2dff-559f-8771-5fe4ee9e19d9,1785396109268,sender -> receiver,0,True,1785396109661.0,393.0,0.0,False
0c862059-58d1-5519-86bb-830a29bd9cab,1785396109274,sender -> receiver,0,True,1785396109684.0,410.0,0.0,False
f6edbd53-e696-5db2-8733-40afd71297fb,1785396109303,sender -> receiver,0,True,1785396109735.0,432.0,0.0,False
16d05c35-86c6-566d-9d2f-65a83da6c8e9,1785396109309,sender -> receiver,0,True,1785396109774.0,465.0,0.0,False
60106d6c-cc84-5e07-b07f-8e21f9484671,1785396109314,sender -> receiver,0,True,1785396109796.0,482.0,0.0,False
268b9985-0408-5d3d-bb36-348c039d581c,1785396109318,sender -> receiver,0,True,1785396109914.0,596.0,0.0,False
720f02ac-6a70-56c4-8a96-7c56867ef059,1785396109323,sender -> receiver,0,True,1785396109940.0,617.0,0.0,False
fb603f58-c6e4-5695-a72c-7855ec0f970b,1785396109351,sender -> receiver,0,True,1785396109966.0,615.0,0.0,False
e7241f3f-3e2c-5ce6-9207-6ede3fa862c9,1785396110247,sender -> receiver,0,True,1785396110133.0,-114.0,0.0,False
a85a3631-943c-534d-b716-7daefd624d0e,1785396110254,sender -> receiver,0,True,1785396110158.0,-96.0,0.0,False
5de7458c-6b1b-5186-8b7c-2450485e63a7,1785396110264,sender -> receiver,0,True,1785396110940.0,676.0,0.0,False
eaf46e79-d9d5-5161-8202-dce0f3410887,1785396110291,sender -> receiver,0,True,1785396110968.0,677.0,0.0,False
eb7d004a-5612-5c4d-a38c-c7c252964dd3,1785396110298,sender -> receiver,0,True,1785396110991.0,693.0,0.0,False
7aec9110-3d05-5f5a-b6a9-2066c59cc537,1785396110303,sender -> receiver,0,True,1785396111015.0,712.0,0.0,False
1df9488b-9ffa-5267-ac9a-b4d9eb1bdb29,1785396110308,sender -> receiver,0,True,1785396111058.0,750.0,0.0,False
4712810e-e3d0-55a0-95ac-b70fd700c2e6,1785396110336,sender -> receiver,0,True,1785396111085.0,749.0,0.0,False
8d890ec3-3267-50bd-bc82-80e8da758564,1785396110347,sender -> receiver,0,True,1785396111258.0,911.0,0.0,False
f1faa8d5-7340-52c4-8828-7f931bda4168,1785396110354,sender -> receiver,0,True,1785396111290.0,936.0,0.0,False
c13a5335-b980-5eb5-b293-c4a4f0127f69,1785396111255,sender -> receiver,0,True,1785396111336.0,81.0,0.0,False
aa3c1794-5421-5d87-81d7-71a1e4ae4fb3,1785396111263,sender -> receiver,0,True,1785396111581.0,318.0,0.0,False
bb6c5cdc-219f-5d77-b8bd-56003da279a7,1785396111270,sender -> receiver,0,True,1785396111606.0,336.0,0.0,False
58e5a954-c424-5f36-83f8-d849d6c8730b,1785396111277,sender -> receiver,0,True,1785396111629.0,352.0,0.0,False
02ce3cbe-7470-50e7-96fe-c8d730af6a6b,1785396111304,sender -> receiver,0,True,1785396111809.0,505.0,0.0,False
0c9ff323-2e99-5b93-8379-27a0dbe6fd77,1785396111310,sender -> receiver,0,True,1785396112091.0,781.0,0.0,False
42d936fc-7049-58d0-9f75-4356ec38bd9c,1785396111317,sender -> receiver,0,True,1785396112291.0,974.0,0.0,False
92a90c83-2acd-5cbd-addc-c7465173150a,1785396111322,sender -> receiver,0,True,1785396112520.0,1198.0,0.0,False
624d8e46-87ae-5b6b-a5a6-e06b11a3721c,1785396111348,sender -> receiver,0,True,1785396112554.0,1206.0,0.0,False
34c2957d-7023-5622-84a8-35215454efe3,1785396111354,sender -> receiver,0,True,1785396112967.0,1613.0,0.0,False
698a0b6a-1d82-5d60-8fce-e02dff712da6,1785396112221,sender -> receiver,0,True,1785396112991.0,770.0,0.0,False
bde10adf-e01a-567f-95e4-097add77be24,1785396112253,sender -> receiver,0,True,1785396113013.0,760.0,0.0,False
0337f853-3b21-5aba-b20e-f22fe044a3ff,1785396112259,sender -> receiver,0,True,1785396113037.0,778.0,0.0,False
2aefc64b-b440-5847-961e-a9a6c69da1ec,1785396112266,sender -> receiver,0,True,1785396113081.0,815.0,0.0,False
22d0280e-1729-5d6c-a7aa-388db94d4ab1,1785396112271,sender -> receiver,0,True,1785396113112.0,841.0,0.0,False
ab906165-140d-567b-a082-49a69b95790d,1785396112299,sender -> receiver,0,True,1785396113183.0,884.0,0.0,False
da7b9bd6-2873-55b0-ac25-5676d1864f75,1785396112305,sender -> receiver,0,True,1785396113210.0,905.0,0.0,False
bd29f0f6-a6ca-5275-b5e5-db90ce77749b,1785396112309,sender -> receiver,0,True,1785396113231.0,922.0,0.0,False
4f091195-e492-581f-9aeb-2c4be81caa15,1785396112313,sender -> receiver,0,True,1785396113306.0,993.0,0.0,False
46d08f9e-2128-5783-a0dc-528d761c9500,1785396112317,sender -> receiver,0,True,1785396113331.0,1014.0,0.0,False
1986be5b-fd8e-54d9-9eb2-3bdb0cf729ea,1785396158350,sender -> receiver,0,True,1785396158379.0,29.0,0.0,False
b31041f1-62f7-5d0a-ac99-0be75639ce4d,1785396158356,sender -> receiver,0,True,1785396158400.0,44.0,0.0,False
631ae143-a05b-5360-bb2e-c1dcaaed1b4f,1785396158386,sender -> receiver,0,True,1785396158432.0,46.0,0.0,False
686c4315-7f73-5147-b515-68c292659870,1785396158393,sender -> receiver,0,True,1785396158680.0,287.0,0.0,False
9ac83884-107a-50dd-a13f-daa0ddfbc308,1785396158399,sender -> receiver,0,True,1785396158691.0,292.0,0.0,False
1cdab673-d007-5f3f-aed1-4177aa9f5fe7,1785396159346,sender -> receiver,0,True,1785396159185.0,-161.0,0.0,False
216b3791-0e48-54eb-8d40-9215dc28182e,1785396159356,sender -> receiver,0,True,1785396159211.0,-145.0,0.0,False
e4d5895a-e91a-5abc-8c82-214dc37ce1b8,1785396159363,sender -> receiver,0,True,1785396159235.0,-128.0,0.0,False
92a33552-f9a7-5ce7-ba9f-0afaf91b79b4,1785396159400,sender -> receiver,0,True,1785396159257.0,-143.0,0.0,False
443e4405-7626-587a-968f-4f11291877f8,1785396159407,sender -> receiver,0,True,1785396159546.0,139.0,0.0,False
ab331510-b9d5-5137-ae8e-2b31b6f5f5e5,1785396160344,sender -> receiver,0,True,1785396160438.0,94.0,0.0,False
e633bdb4-3ee5-5ae5-a173-9c8e670f242d,1785396160348,sender -> receiver,0,True,1785396160448.0,100.0,0.0,False
4c049783-55cc-5083-8b77-1d6cc4b5b558,1785396160353,sender -> receiver,0,True,1785396160459.0,106.0,0.0,False
65342d97-cd2e-50db-aed2-d749fbf7e530,1785396160385,sender -> receiver,0,True,1785396160482.0,97.0,0.0,False
9c4097ec-f168-5f91-8ee0-c1381a0c7439,1785396160390,sender -> receiver,0,True,1785396160504.0,114.0,0.0,False
0cf8c256-e675-551a-a299-8086c8b28458,1785396161349,sender -> receiver,0,True,1785396161211.0,-138.0,0.0,False
4c8feccb-2838-532f-bb2c-e4823749d714,1785396161353,sender -> receiver,0,True,1785396161263.0,-90.0,0.0,False
fb75c371-4240-5da0-96d6-20844a69d4e4,1785396161357,sender -> receiver,0,True,1785396161289.0,-68.0,0.0,False
df29cb1f-664f-53a9-9730-61ace294672d,1785396161361,sender -> receiver,0,True,1785396161315.0,-46.0,0.0,False
55efc419-b543-547f-aa7b-569724b44a14,1785396161365,sender -> receiver,0,True,1785396161338.0,-27.0,0.0,False
66091a4f-4dfb-5fb1-9b72-5fba26383fcd,1785396162341,sender -> receiver,0,True,1785396162174.0,-167.0,0.0,False
448fc519-e9f5-502c-a3cf-5032d1114f23,1785396162346,sender -> receiver,0,True,1785396162364.0,18.0,0.0,False
abe32193-3ce8-53e3-89b8-3b57a1d47c7f,1785396162351,sender -> receiver,0,True,1785396162389.0,38.0,0.0,False
5b377185-3aba-56e2-bae2-19ff493d8732,1785396162384,sender -> receiver,0,True,1785396162413.0,29.0,0.0,False
f48f4c10-016a-53a5-98e1-bd4758d1bccb,1785396163343,sender -> receiver,0,True,1785396163282.0,-61.0,0.0,False
a05feb70-ebda-54aa-88a0-152c47f5012d,1785396163348,sender -> receiver,0,True,1785396163311.0,-37.0,0.0,False
467c1ddb-7102-515f-8c1c-b355b8200d7a,1785396163378,sender -> receiver,0,True,1785396163334.0,-44.0,0.0,False
64af63c4-59c0-5dbd-9e26-935348dfe671,1785396163383,sender -> receiver,0,True,1785396163357.0,-26.0,0.0,False
0181f952-8619-5e7b-b5d6-12cb8f79ea74,1785396163390,sender -> receiver,0,True,1785396163400.0,10.0,0.0,False
cc048e53-9588-5ccf-a68a-93dd3dde735b,1785396164343,sender -> receiver,0,True,1785396164194.0,-149.0,0.0,False
4fff4659-45eb-5b55-affc-7f3df78d9cdc,1785396164349,sender -> receiver,0,True,1785396164239.0,-110.0,0.0,False
a6311f58-0563-59a3-b569-5dcbe5fbcf4e,1785396164353,sender -> receiver,0,True,1785396164263.0,-90.0,0.0,False
97053646-9c3c-5e3c-95c5-7cb26c2a157c,1785396164358,sender -> receiver,0,True,1785396164288.0,-70.0,0.0,False
4b7d8ca7-5984-56a3-8def-d5890fd1915b,1785396164363,sender -> receiver,0,True,1785396164334.0,-29.0,0.0,False
9e2af9e6-7851-515e-8f02-154980496d25,1785396165342,sender -> receiver,0,True,1785396165276.0,-66.0,0.0,False
b5388e73-b9bd-5ae4-ab99-b323f54a2db7,1785396165346,sender -> receiver,0,True,1785396165309.0,-37.0,0.0,False
dbbd23da-a4e4-5f62-bb11-08aebab3da40,1785396165351,sender -> receiver,0,True,1785396165333.0,-18.0,0.0,False
698876e0-7096-5a12-b52c-5e4ac9dbf08f,1785396165356,sender -> receiver,0,True,1785396165354.0,-2.0,0.0,False
8363a4b1-8ac7-58ce-bc12-b96dbd72763a,1785396165361,sender -> receiver,0,True,1785396165402.0,41.0,0.0,False
68d13bc5-4799-5879-af0e-754efe639852,1785396166338,sender -> receiver,0,True,1785396166204.0,-134.0,0.0,False
df718053-525d-5c60-9765-448d58ad7739,1785396166345,sender -> receiver,0,True,1785396166242.0,-103.0,0.0,False
a89a9cfa-67a3-5873-87c8-0314882f5cdd,1785396166378,sender -> receiver,0,True,1785396166267.0,-111.0,0.0,False
37bc8a4e-ccd5-5653-837e-20f1affdfd48,1785396166389,sender -> receiver,0,True,1785396166290.0,-99.0,0.0,False
5812214c-8c73-5e6a-b3dc-c29637303d63,1785396167345,sender -> receiver,0,True,1785396167280.0,-65.0,0.0,False
c311209b-df47-5457-846b-fc95ea319e9d,1785396167349,sender -> receiver,0,True,1785396167367.0,18.0,0.0,False
0d6229b7-b3fd-5231-907b-2cc31dff5d38,1785396167354,sender -> receiver,0,True,1785396167388.0,34.0,0.0,False
31297344-4ab0-51a5-94d4-94abe59f83ee,1785396167359,sender -> receiver,0,True,1785396167522.0,163.0,0.0,False
67adaf3c-c3f3-586e-8223-926f8f6fcb3c,1785396167390,sender -> receiver,0,True,1785396167549.0,159.0,0.0,False
b5c8b863-2848-5c53-a8d7-32fbf23c5f31,1785396168349,sender -> receiver,0,True,1785396168372.0,23.0,0.0,False
5152a17b-6bb2-5cc3-8584-e72ce487a0cc,1785396168354,sender -> receiver,0,True,1785396168636.0,282.0,0.0,False
4135a494-b79f-587a-8102-9e8dce3655c4,1785396168359,sender -> receiver,0,True,1785396168733.0,374.0,0.0,False
f424177d-3d2c-5e0e-9bed-cc8d63b2991a,1785396168390,sender -> receiver,0,True,1785396168756.0,366.0,0.0,False
5e608e4d-c598-5899-a630-710ef4734ab1,1785396168395,sender -> receiver,0,True,1785396168779.0,384.0,0.0,False
13f32eae-71cf-51e4-ab26-0b1b731957f2,1785396169346,sender -> receiver,0,True,1785396169182.0,-164.0,0.0,False
e1f1df4f-c9eb-5c4b-8312-22fea2cf7a6a,1785396169350,sender -> receiver,0,True,1785396169212.0,-138.0,0.0,False
0a4f71df-f87a-590f-a6b3-f8ff9b9aea0b,1785396169354,sender -> receiver,0,True,1785396169266.0,-88.0,0.0,False
744083bd-e551-5057-88ee-b6c775bb8ae9,1785396169386,sender -> receiver,0,True,1785396169293.0,-93.0,0.0,False
36c8cabb-9c8c-5ef6-89c1-b6e7a615aa9a,1785396169391,sender -> receiver,0,True,1785396169316.0,-75.0,0.0,False
d703d412-9dde-50f9-a7e7-b279fcc72e29,1785396170335,sender -> receiver,0,True,1785396170248.0,-87.0,0.0,False
29872c70-4937-5cc1-ab13-55a2ee63476a,1785396170340,sender -> receiver,0,True,1785396170339.0,-1.0,0.0,False
958295bf-3408-5615-a8d4-dcf0423f5d28,1785396170345,sender -> receiver,0,True,1785396170407.0,62.0,0.0,False
4c42e2ad-b584-58bd-9cbb-c34c2dc3af4e,1785396170349,sender -> receiver,0,True,1785396170656.0,307.0,0.0,False
c4704329-2fde-50a6-a616-df3e69f759a2,1785396171339,sender -> receiver,0,True,1785396171242.0,-97.0,0.0,False
6858c609-e1c5-5811-8476-365cc1782560,1785396171344,sender -> receiver,0,True,1785396171271.0,-73.0,0.0,False
ff67ef5b-43bc-53f5-b3a2-cab39e6a11f4,1785396171348,sender -> receiver,0,True,1785396171295.0,-53.0,0.0,False
863796dd-59e0-5e2a-a96c-b0b5cb33c7fd,1785396171378,sender -> receiver,0,True,1785396171338.0,-40.0,0.0,False
c186726e-a685-5d50-8c42-8055d502ed73,1785396171383,sender -> receiver,0,True,1785396171364.0,-19.0,0.0,False
ea15f540-f351-51ff-896f-1d2f40807ce1,1785396172365,sender -> receiver,0,True,1785396172192.0,-173.0,0.0,False
c30aae8e-9e3f-5f85-b5cb-6c880e335e00,1785396172371,sender -> receiver,0,True,1785396172220.0,-151.0,0.0,False
2a0017e9-5dc3-5df4-95f3-e11087a263ec,1785396172377,sender -> receiver,0,True,1785396172243.0,-134.0,0.0,False
360ce50e-db30-5bdc-8936-72e77a0ba046,1785396172383,sender -> receiver,0,True,1785396172387.0,4.0,0.0,False
60350034-f211-5e2b-a099-58b0716971f3,1785396172420,sender -> receiver,0,True,1785396172409.0,-11.0,0.0,False
b00b2fba-c8b4-56f9-9ffc-02f310004dbf,1785396173366,sender -> receiver,0,True,1785396173962.0,596.0,0.0,False
22e58338-88fd-5f13-a646-ff1628102444,1785396173375,sender -> receiver,0,True,1785396174045.0,670.0,0.0,False
a3f4cd67-b5b8-59c1-bc39-246aa16f2e4f,1785396173383,sender -> receiver,0,True,1785396174120.0,737.0,0.0,False
a5b2ed88-a63b-53c6-9ec8-0ab1fcc8d0d1,1785396173389,sender -> receiver,0,True,1785396174141.0,752.0,0.0,False
ae86328c-a374-5eb6-bccd-7a6bd11907f7,1785396173424,sender -> receiver,0,True,1785396174169.0,745.0,0.0,False
fae0ad1a-6c03-5d18-8c79-b35df5354eac,1785396174332,sender -> receiver,0,True,1785396174224.0,-108.0,0.0,False
94be1339-78d4-558b-80cd-579d87a20135,1785396174338,sender -> receiver,0,True,1785396174536.0,198.0,0.0,False
7425c86e-b328-5bc7-8756-51a8952b4614,1785396174344,sender -> receiver,0,True,1785396174663.0,319.0,0.0,False
95766c00-d2c9-50b8-a8cf-07a14117747d,1785396174377,sender -> receiver,0,True,1785396175268.0,891.0,0.0,False
5099b83b-cecf-5d00-a534-869b96e45d14,1785396175366,sender -> receiver,0,True,1785396175340.0,-26.0,0.0,False
8a7a9f9f-c610-590d-b968-b68e98f5ff0a,1785396175372,sender -> receiver,0,True,1785396175365.0,-7.0,0.0,False
eae8d6ac-5914-50e2-bd94-4d21764f99fe,1785396175378,sender -> receiver,0,True,1785396175388.0,10.0,0.0,False
7b21969e-34d9-5d93-96d5-eaa9a5fb2a76,1785396175407,sender -> receiver,0,True,1785396175410.0,3.0,0.0,False
72e7b387-c6f7-535e-93cb-65f38c3cb743,1785396175414,sender -> receiver,0,True,1785396175453.0,39.0,0.0,False
69890991-c771-5fdc-8342-ae542de0083b,1785396176366,sender -> receiver,0,True,1785396176191.0,-175.0,0.0,False
c955e329-5bb9-55cb-988d-623ea3be9ebb,1785396176371,sender -> receiver,0,True,1785396176216.0,-155.0,0.0,False
f562a34e-762a-51ae-9987-85f83e02aa96,1785396176377,sender -> receiver,0,True,1785396176987.0,610.0,0.0,False
5a4d13b6-887b-5d93-8413-6d8f92f0abde,1785396176383,sender -> receiver,0,True,1785396177044.0,661.0,0.0,False
836c7e86-1037-5bb6-af15-4f12c2571375,1785396176416,sender -> receiver,0,True,1785396177074.0,658.0,0.0,False
53778a39-660b-5dab-a686-57157f773664,1785396177364,sender -> receiver,0,True,1785396177363.0,-1.0,0.0,False
9b24c00e-6395-57c8-b288-aac291de34ad,1785396177369,sender -> receiver,0,True,1785396177375.0,6.0,0.0,False
ad5f5270-4e4e-56f3-847c-4802e4330246,1785396177374,sender -> receiver,0,True,1785396177391.0,17.0,0.0,False
45bc9b22-cd83-5fd8-9f51-1c3e2f67e66c,1785396177404,sender -> receiver,0,True,1785396177413.0,9.0,0.0,False
d4155dba-2adc-5b48-8f99-40716243630c,1785396177409,sender -> receiver,0,True,1785396177508.0,99.0,0.0,False
2dfe26e2-6785-5e62-bcab-a283fb88e041,1785396178337,sender -> receiver,0,True,1785396178268.0,-69.0,0.0,False
2ea4f120-1d70-5fb7-9437-b76b83f27898,1785396178342,sender -> receiver,0,True,1785396178298.0,-44.0,0.0,False
fae89d08-55bf-570b-8082-7efc917b5152,1785396178347,sender -> receiver,0,True,1785396178634.0,287.0,0.0,False
b715c64f-2d31-5e32-ab6f-9db9a6f20437,1785396178353,sender -> receiver,0,True,1785396178662.0,309.0,0.0,False
d3d5da34-bbc6-5bac-ac39-1fdf1b5b17cb,1785396683826,sender -> receiver,0,True,1785396684657.0,831.0,0.0,False
16f76aaf-770e-507b-a360-a83ea9e34681,1785396683872,sender -> receiver,0,True,1785396684668.0,796.0,0.0,False
207214ab-9470-5941-9e2e-da5e2b657744,1785396683878,sender -> receiver,0,True,1785396685001.0,1123.0,0.0,False
209dd5ec-4533-5de2-978e-8ff4f9344b99,1785396683882,sender -> receiver,0,True,1785396685030.0,1148.0,0.0,False
5f0a9e25-24a4-558b-9082-a5e81128531a,1785396683886,sender -> receiver,0,True,1785396685054.0,1168.0,0.0,False
df732ced-fea0-5e46-b5d0-43a6e0db68de,1785396683892,sender -> receiver,0,True,1785396685079.0,1187.0,0.0,False
8f00d06c-0fc1-58f1-8314-bd12eb15807a,1785396683934,sender -> receiver,0,True,1785396685123.0,1189.0,0.0,False
cdd8f2bd-46aa-5e4a-8e77-e86f110f6d8a,1785396683941,sender -> receiver,0,True,1785396685213.0,1272.0,0.0,False
c30fa270-db71-58aa-979c-5982e46b45c2,1785396683946,sender -> receiver,0,True,1785396685235.0,1289.0,0.0,False
36fca7c2-ea6e-5fa1-b096-5fad58bc8298,1785396683951,sender -> receiver,0,True,1785396685436.0,1485.0,0.0,False
6966f278-695c-5968-bb9b-3f4fdd48b8bc,1785396683999,sender -> receiver,0,True,1785396685959.0,1960.0,0.0,False
08f94aff-f540-59cd-b972-88d246af400f,1785396684004,sender -> receiver,0,True,1785396686313.0,2309.0,0.0,False
b94c3442-d78b-584c-8882-bc23f8fd09f3,1785396684010,sender -> receiver,0,True,1785396686344.0,2334.0,0.0,False
62e643b3-d41d-5478-8334-3379611a01de,1785396684013,sender -> receiver,0,True,1785396686367.0,2354.0,0.0,False
d946a1dc-751c-5b49-ba1f-a0c27a117c31,1785396684017,sender -> receiver,0,True,1785396686668.0,2651.0,0.0,False
34f3fca8-e37d-5808-972b-d6db65498fe8,1785396684021,sender -> receiver,0,True,1785396687276.0,3255.0,0.0,False
54b1ca89-3c6f-54b0-ad90-a47981b1f265,1785396684044,sender -> receiver,0,True,1785396689281.0,5237.0,0.0,False
dfc8f3b6-d962-57b5-b60d-4e1c517d04c9,1785396684048,sender -> receiver,0,True,1785396690003.0,5955.0,0.0,False
ebd07ae9-6205-5c0d-8f75-f6aee05904c7,1785396684052,sender -> receiver,0,True,1785396690036.0,5984.0,0.0,False
3166687d-923b-5433-820a-1a86b0334f36,1785396684056,sender -> receiver,0,True,1785396690062.0,6006.0,0.0,False
214dfa04-b212-51f1-bdc7-3a5f7e5e5fc5,1785396684079,sender -> receiver,0,True,1785396690087.0,6008.0,0.0,False
4b7ee84c-fac4-5ce3-87e8-3aca47077a3f,1785396684084,sender -> receiver,0,True,1785396691307.0,7223.0,0.0,False
12b9a675-0684-558e-99de-4a7676d59a5c,1785396684089,sender -> receiver,0,True,1785396691319.0,7230.0,0.0,False
2434f96c-934d-5cc3-8549-9f403890c26d,1785396684095,sender,0,False,,,,False
2faafec9-e46b-5ad5-b9f6-2ba7d9c264a5,1785396684099,sender,0,False,,,,False
623053cf-e1dd-5df0-a828-c791875259cc,1785396684103,sender,0,False,,,,False
958d4253-cb43-58c8-a4dd-519d81a0f16f,1785396684128,sender,0,False,,,,False
b6ad6ba8-a033-526d-80c1-898a759714df,1785396684133,sender,0,False,,,,False
6c2af006-9c4f-54b8-96e2-2e692f4628a8,1785396684139,sender,0,False,,,,False
bced83a4-514a-5c4c-b3a1-d3e6a68dd545,1785396684165,sender,0,False,,,,False
063ef3b9-6ebb-55ff-a4e2-47f4093cd170,1785396684170,sender,0,False,,,,False
2d932c06-8989-53b9-8c42-25b38bb7ec3e,1785396684177,sender,0,False,,,,False
328e3e2b-0bb6-56ec-9fdd-261127d33ee7,1785396684180,sender,0,False,,,,False
ecd2ae0f-b426-5597-8ba1-a348687576b0,1785396684184,sender,0,False,,,,False
45d29c9a-575c-5648-a278-8bae88465af7,1785396684188,sender,0,False,,,,False
8363ea28-9e8f-55a3-a4c2-6ea407594e28,1785396684211,sender,0,False,,,,False
75f118af-4e0c-5a77-b214-2370ea7f1758,1785396684216,sender,0,False,,,,False
0b178fc2-2963-57c7-8d3e-33c15af831aa,1785396684220,sender,0,False,,,,False
3e6facc3-ff54-50ad-9f33-98760154de6c,1785396684244,sender,0,False,,,,False
34ebb76b-f9a8-58a0-a24e-ce6c86dfd843,1785396684249,sender,0,False,,,,False
b2135296-acf5-5a1e-965e-56387ba543fb,1785396684252,sender,0,False,,,,False
279039d4-f6fe-55c6-af5e-529fe928f355,1785396684301,sender,0,False,,,,False
b9fe16aa-1755-50ef-b1e3-14ba0c8e3934,1785396684306,sender,0,False,,,,False
db4e1a1f-95f8-5555-82be-7005c9b28957,1785396684309,sender,0,False,,,,False
1e052f61-398d-5d84-9701-01908961e4b6,1785396684313,sender,0,False,,,,False
d9043ca9-e740-583e-8700-4bed23c9d847,1785396684317,sender,0,False,,,,False
8e8b664c-2c59-5103-b00a-fe5c1edaa0d3,1785396684321,sender,0,False,,,,False
43e6a8ff-2cb2-580b-b917-05798e05ecd8,1785396684350,sender,0,False,,,,False
fb1546dc-c834-5f90-80d5-c6f43fbd5bbd,1785396684362,sender,0,False,,,,False
f8d0d48d-f1ea-54cd-8904-4a93e40a3882,1785396684366,sender,0,False,,,,False
825fdf42-3747-57c0-96c0-533beed20d1e,1785396684371,sender,0,False,,,,False
f8a62a65-2a92-5cde-ae9b-c14bc62c2910,1785396684396,sender,0,False,,,,False
d696b7d7-0f23-54c7-ad67-e10096158d9e,1785396684400,sender,0,False,,,,False
4bf244b7-c14e-5ebe-8e20-6ef2f4e169d7,1785396684423,sender,0,False,,,,False
6682ef3a-2030-55c7-af97-3cafaa0b3b65,1785396684428,sender,0,False,,,,False
a6075eaf-f8ba-5342-970d-801e29a00b24,1785396684432,sender,0,False,,,,False
a09e28b4-3b12-5e93-a0ef-0a89dd06e972,1785396684436,sender,0,False,,,,False
fe3fee1f-d1d5-573c-9fa9-ec9d87fdd678,1785396684458,sender,0,False,,,,False
9f3a6abc-acd0-5a29-9206-475a99143727,1785396684462,sender,0,False,,,,False
eca55aee-655d-5751-904c-a1cf2a93ece9,1785396684465,sender,0,False,,,,False
34f90802-6a35-5e7d-b8a1-dbff90d915f4,1785396684469,sender,0,False,,,,False
26935a95-2482-522d-bf30-46872964cccb,1785396684530,sender,0,False,,,,False
b13029ea-4eaa-5944-a3a1-d000d70872ef,1785396684534,sender,0,False,,,,False
46e1b6d3-70c2-594a-a09d-6d949e91a4c1,1785396684538,sender,0,False,,,,False
191c4269-bbc2-585a-9365-ef9c72202b26,1785396684542,sender,0,False,,,,False
aba58405-88b6-5cb3-9cb7-beb299eebc6f,1785396684546,sender,0,False,,,,False
90c27fcc-ebf0-5a32-99c7-5b787c2f3fb9,1785396684549,sender,0,False,,,,False
f4dd877a-85ed-5997-b8e8-68fea30fcc06,1785396684553,sender,0,False,,,,False
33bafc68-a623-5530-b463-f97b82b76e59,1785396684576,sender,0,False,,,,False
3905eae0-55fb-53a7-a2bb-636250de368a,1785396684580,sender,0,False,,,,False
cb281c87-b7c3-59eb-9c89-e6520d3f3971,1785396684584,sender,0,False,,,,False
675b4650-0db3-564c-91f9-df7a658f5aac,1785396684588,sender,0,False,,,,False
19f1d95d-a019-51af-8465-b4ab9d100c17,1785396684617,sender,0,False,,,,False
d4377d37-77ad-5944-a3db-0818c89b52f4,1785396684624,sender,0,False,,,,False
08d70418-7e70-5393-a83f-d2072dc41361,1785396684628,sender,0,False,,,,False
6de26bcd-709b-5ce3-a58d-48c66740f955,1785396684632,sender,0,False,,,,False
bb6a9b70-196e-5c37-98f9-e6d50c1c63cb,1785396684635,sender,0,False,,,,False
957a85b8-3c16-5bc0-8f40-2ac3707f6814,1785396684660,sender,0,False,,,,False
63067550-0a4c-51ad-9592-e7acf1c61ec3,1785396684664,sender,0,False,,,,False
bc36412d-dd2c-5cf3-95ae-f7f329042fc1,1785396684668,sender,0,False,,,,False
8f65d43a-635d-558b-9244-a5d9caf33aac,1785396684697,sender,0,False,,,,False
0dc4f578-8e5b-5ea8-a74b-9c8f1198e686,1785396684702,sender,0,False,,,,False
95f6cec0-1bb8-5b14-95a4-35f775817a37,1785396684708,sender,0,False,,,,False
c18449e5-b4a2-559b-8f1e-f8d7b7869b89,1785396684712,sender,0,False,,,,False
31f377c0-332a-51cd-a6f4-2bd45072b839,1785396684716,sender,0,False,,,,False
6052850b-89c3-59f1-a792-2c3111bb3618,1785396684740,sender,0,False,,,,False
1b34bd42-309a-5764-a9da-a9c241b20538,1785396684745,sender,0,False,,,,False
08ab1545-cc47-5741-b1d0-03b259081ff1,1785396684750,sender,0,False,,,,False
095e02f0-a04c-5d41-a840-d875f32d4319,1785396684754,sender,0,False,,,,False
db712fa0-10f8-5b06-833f-3b439e05b64a,1785396684777,sender,0,False,,,,False
ca9349b7-62e7-5c38-abbb-422283dbe8c8,1785396684783,sender,0,False,,,,False
2221e238-dc98-5a84-9b39-47df24fa5cbc,1785396684787,sender,0,False,,,,False
ca4b617d-1d1b-5d8a-aaa3-ec3d1163917c,1785396684792,sender,0,False,,,,False
74ad66d3-029d-5e51-be06-554056bbd4d2,1785396684796,sender,0,False,,,,False
85b6bf54-8640-594c-9211-a05c871fa946,1785396684805,sender,0,False,,,,False
7f70bac3-ec1f-5be0-868f-2434fbd522f6,1785396684852,sender,0,False,,,,False
20d754e9-0b48-5601-a7c1-b671a523321a,1785396684857,sender,0,False,,,,False
e4ace205-ad16-5123-960b-cb03ec4c8a17,1785396684861,sender,0,False,,,,False
2af095ed-09bd-558e-bb2d-a0e391b17949,1785396684866,sender,0,False,,,,False
a9df449b-5db6-5ffd-ba71-8f8af8788967,1785396684870,sender,0,False,,,,False
6f93ac52-0784-5150-8258-2db895a9139e,1785397249668,sender -> receiver,0,True,1785397250946.0,1278.0,0.0,False
c4468c9f-ee4e-5249-85ee-1a933d019972,1785397249693,sender -> receiver,0,True,1785397250969.0,1276.0,0.0,False
1e289770-ab28-56b4-b978-855913b7ab4a,1785397249698,sender -> receiver,0,True,1785397250993.0,1295.0,0.0,False
99382c07-21a2-5111-8928-76d330653ff4,1785397249702,sender -> receiver,0,True,1785397251044.0,1342.0,0.0,False
183b3f6a-ade5-50e3-8ed0-f79f67f4b974,1785397249706,sender -> receiver,0,True,1785397251123.0,1417.0,0.0,False
a054ce10-1677-59a5-96a1-270f342e09ac,1785397250681,sender -> receiver,0,True,1785397251811.0,1130.0,0.0,False
d5988c61-2721-5595-bc39-6a899f846308,1785397250686,sender -> receiver,0,True,1785397251848.0,1162.0,0.0,False
25efb7e8-4190-59e2-a320-8c464d9b93ff,1785397250692,sender -> receiver,0,True,1785397251871.0,1179.0,0.0,False
561de8aa-9662-5149-a7df-527b0888459d,1785397250698,sender -> receiver,0,True,1785397252055.0,1357.0,0.0,False
bed644b9-6979-52f6-b587-9421fe2f615c,1785397250729,sender -> receiver,0,True,1785397252515.0,1786.0,0.0,False
2f3d05db-94a8-585d-b7ae-c6b851dcaeb0,1785397251664,sender -> receiver,0,True,1785397252755.0,1091.0,0.0,False
5c6e5392-14bc-5e3b-9de9-7c0f6db76d24,1785397251668,sender -> receiver,0,True,1785397252806.0,1138.0,0.0,False
b1c87490-d337-5ed2-86b1-d5e7662fd17b,1785397251672,sender -> receiver,0,True,1785397252961.0,1289.0,0.0,False
dc30e54e-cf2c-5cae-8b3b-a7be68d2ad2b,1785397251677,sender -> receiver,0,True,1785397252985.0,1308.0,0.0,False
cb397667-d7e3-5493-bcbc-8f77f1006faf,1785397251706,sender -> receiver,0,True,1785397253040.0,1334.0,0.0,False
63ed55de-f981-5de9-be79-85ceae0aa065,1785397252666,sender -> receiver,0,True,1785397253280.0,614.0,0.0,False
89636777-5cf0-5410-a8d4-fb3e1d266375,1785397252670,sender -> receiver,0,True,1785397253354.0,684.0,0.0,False
c01f1888-082e-5ac1-bcde-e199c234b825,1785397252674,sender -> receiver,0,True,1785397253578.0,904.0,0.0,False
b3304dd2-b804-5e34-8c73-4b8f122753da,1785397252702,sender -> receiver,0,True,1785397253829.0,1127.0,0.0,False
7197a4bf-66ac-550b-94d9-2b21395a69ef,1785397252708,sender -> receiver,0,True,1785397253854.0,1146.0,0.0,False
76b25474-2c5d-50d9-a712-a76591107a63,1785397253678,sender -> receiver,0,True,1785397253973.0,295.0,0.0,False
6754f27b-f167-5e1b-bf64-80876a4f8362,1785397253683,sender -> receiver,0,True,1785397254439.0,756.0,0.0,False
85a498e5-70b2-5315-9c02-699546c1db4c,1785397253687,sender -> receiver,0,True,1785397254462.0,775.0,0.0,False
e710854b-2fd3-5e8d-ae39-6a728a9dc3e7,1785397253692,sender -> receiver,0,True,1785397254487.0,795.0,0.0,False
fe6ce530-12ef-51d5-b443-e24aaa999ec7,1785397253721,sender -> receiver,0,True,1785397254509.0,788.0,0.0,False
505359ba-853d-59a3-aadf-70b44d1fe4f8,1785397254686,sender -> receiver,0,True,1785397255067.0,381.0,0.0,False
029b4900-46d9-548f-8cc6-c3ddd2e9bdca,1785397254690,sender -> receiver,0,True,1785397255389.0,699.0,0.0,False
34cdd375-e2d8-5b92-ae0a-7bc44704af4e,1785397254695,sender -> receiver,0,True,1785397255471.0,776.0,0.0,False
2505e60e-aae7-5356-81f5-e206dc420633,1785397254700,sender -> receiver,0,True,1785397255493.0,793.0,0.0,False
699349f3-7225-557d-ae21-569aaa8df228,1785397254705,sender -> receiver,0,True,1785397255616.0,911.0,0.0,False
df002c75-2d56-5ca0-8e30-235c300c8478,1785397255679,sender -> receiver,0,True,1785397255638.0,-41.0,0.0,False
0694bca0-29f9-51cb-8d0f-00af335f3893,1785397255684,sender -> receiver,0,True,1785397255991.0,307.0,0.0,False
51db475c-7565-5237-9685-205cf6aa4f8f,1785397255716,sender -> receiver,0,True,1785397256017.0,301.0,0.0,False
12fca84d-a2a6-588c-9062-e9bf8b65b878,1785397255723,sender -> receiver,0,True,1785397256040.0,317.0,0.0,False
da1f621d-a23d-5a32-a17f-3d7b469a3e59,1785397255729,sender -> receiver,0,True,1785397256064.0,335.0,0.0,False
e84e1d8e-3967-51ee-a6d4-a100956b6a88,1785397256670,sender -> receiver,0,True,1785397257121.0,451.0,0.0,False
7329ce2f-ed56-5214-95dd-b1e74ddd511b,1785397256674,sender -> receiver,0,True,1785397257144.0,470.0,0.0,False
cd696b52-8998-5994-950e-c74d2ad9466e,1785397256678,sender -> receiver,0,True,1785397257890.0,1212.0,0.0,False
555b3c2a-daab-5d45-bf65-68165cb0e81f,1785397256682,sender -> receiver,0,True,1785397257902.0,1220.0,0.0,False
8eb5f908-829b-59ef-9fa9-2de53c0d368e,1785397256685,sender -> receiver,0,True,1785397258341.0,1656.0,0.0,False
60b65a33-2af0-503e-a6d5-edc4c06c8478,1785397257672,sender -> receiver,0,True,1785397258657.0,985.0,0.0,False
24b481dd-af99-52dd-84ca-1d1fd66eff46,1785397257676,sender -> receiver,0,True,1785397258780.0,1104.0,0.0,False
a5847451-2270-5120-a887-a15cc14eab36,1785397257680,sender -> receiver,0,True,1785397260444.0,2764.0,0.0,False
454364b5-a644-5175-86c4-6e9181e01d42,1785397257684,sender -> receiver,0,True,1785397260559.0,2875.0,0.0,False
682a4734-c965-5342-90ae-de871a5500c2,1785397257708,sender -> receiver,0,True,1785397261017.0,3309.0,0.0,False
78d30e3e-c0d0-5f77-b2d5-0247662df8d4,1785397258666,sender -> receiver,0,True,1785397261040.0,2374.0,0.0,False
f2f5066d-f7b6-5eed-b15c-ba45a6bcf3ce,1785397258670,sender -> receiver,0,True,1785397261071.0,2401.0,0.0,False
0abedadf-be0a-54ed-8e69-8c3cefb4bbd6,1785397258675,sender -> receiver,0,True,1785397261098.0,2423.0,0.0,False
9931acfe-81d0-5c2d-91d2-a750ecc79c67,1785397258679,sender -> receiver,0,True,1785397261122.0,2443.0,0.0,False
9a947c09-2288-54af-9aba-724814e4e6ef,1785397258709,sender -> receiver,0,True,1785397261186.0,2477.0,0.0,False
b5938a9e-5dd8-51f3-9b64-843e445786e8,1785397259665,sender -> receiver,0,True,1785397261270.0,1605.0,0.0,False
b109489d-d0db-5269-8fc9-dcb9e5aea127,1785397259669,sender -> receiver,0,True,1785397261293.0,1624.0,0.0,False
1f01b97e-63bb-55a1-ac19-c5ac4df0785f,1785397259672,sender -> receiver,0,True,1785397261315.0,1643.0,0.0,False
e9fbec5b-9eb3-54e1-8d4d-721f106f8743,1785397259676,sender -> receiver,0,True,1785397261446.0,1770.0,0.0,False
70da125c-059e-549b-921e-89385264f2a7,1785397259680,sender -> receiver,0,True,1785397261638.0,1958.0,0.0,False
b7181f47-bd60-525d-b6e3-95cfa3ecc6be,1785397260671,sender -> receiver,0,True,1785397261668.0,997.0,0.0,False
68f03989-1908-5a2e-9d8e-1335b0a5c85a,1785397260676,sender -> receiver,0,True,1785397261694.0,1018.0,0.0,False
f1e26042-4467-5096-a8a2-48f66e60a0d4,1785397260681,sender -> receiver,0,True,1785397262247.0,1566.0,0.0,False
bfa5cce6-0ff5-5db9-8349-4f9d4f97a831,1785397260716,sender -> receiver,0,True,1785397262619.0,1903.0,0.0,False
7e6f6229-3442-5967-9bc7-ae50a722071e,1785397260722,sender -> receiver,0,True,1785397262654.0,1932.0,0.0,False
9674829c-52f7-5f0d-b7e1-f968e6541cd6,1785397261679,sender -> receiver,0,True,1785397262685.0,1006.0,0.0,False
c58f01bb-5891-5ea8-9593-7b7606eedca3,1785397261684,sender -> receiver,0,True,1785397262728.0,1044.0,0.0,False
436f92c2-759b-5485-8973-a32ecb728987,1785397261690,sender -> receiver,0,True,1785397262760.0,1070.0,0.0,False
fd99e10c-7b0f-57fc-a043-96c3989e4e50,1785397261695,sender -> receiver,0,True,1785397262788.0,1093.0,0.0,False
6b34fee1-7270-56b3-b1ee-84a999f9b7cb,1785397261727,sender -> receiver,0,True,1785397262846.0,1119.0,0.0,False
7477bf69-2654-5367-a6ee-83d8366e2249,1785397262681,sender -> receiver,0,True,1785397262871.0,190.0,0.0,False
589ae20f-0baa-51be-b3d8-da32e1445d90,1785397262687,sender -> receiver,0,True,1785397262894.0,207.0,0.0,False
481ad800-0f39-58a1-931c-92404ff6b726,1785397262692,sender -> receiver,0,True,1785397262917.0,225.0,0.0,False
47226c98-993e-5dcd-a593-aa3ddf0337df,1785397262723,sender -> receiver,0,True,1785397262940.0,217.0,0.0,False
9c882da9-faf2-5479-9c0a-4fdccab35543,1785397262728,sender -> receiver,0,True,1785397262985.0,257.0,0.0,False
b014d15e-014d-5910-b4e5-9ad1e9c7ea41,1785397263687,sender -> receiver,0,True,1785397263670.0,-17.0,0.0,False
bd70f50b-9c34-5e1f-9a76-5ab6e665ce75,1785397263691,sender -> receiver,0,True,1785397263681.0,-10.0,0.0,False
54ec2297-d107-552d-8f7f-b62e5abede70,1785397263697,sender -> receiver,0,True,1785397263756.0,59.0,0.0,False
e208cfd3-2a63-5ecb-9532-af9ba96ac755,1785397263703,sender -> receiver,0,True,1785397264291.0,588.0,0.0,False
42cf832a-1b03-5896-8c5e-01357f7f7f3d,1785397263709,sender -> receiver,0,True,1785397264303.0,594.0,0.0,False
80bb5313-4712-5d1c-a271-d9ecaa9bf510,1785397264686,sender -> receiver,0,True,1785397264581.0,-105.0,0.0,False
4ba89a01-71be-53dd-8c05-1db16320a877,1785397264714,sender -> receiver,0,True,1785397264991.0,277.0,0.0,False
f8bcb7d4-b642-58ea-9d35-0290fca6359e,1785397264720,sender -> receiver,0,True,1785397265016.0,296.0,0.0,False
c27f7f11-0c1d-5a1f-8932-60e7c09c2333,1785397264724,sender -> receiver,0,True,1785397265615.0,891.0,0.0,False
ff0369db-7fc5-5d0c-932c-b581a76ec5f5,1785397264729,sender -> receiver,0,True,1785397266156.0,1427.0,0.0,False
e3d7c55f-b4d4-5e3f-a8dc-1d23ee8cd895,1785397265688,sender -> receiver,0,True,1785397266167.0,479.0,0.0,False
788ed967-7721-5bf4-bd44-bc12b7016e2d,1785397265693,sender -> receiver,0,True,1785397266178.0,485.0,0.0,False
9fcfa687-9afd-5368-8560-e7b5be90af13,1785397265699,sender -> receiver,0,True,1785397266201.0,502.0,0.0,False
d636debb-ffcf-5464-b2aa-03e4a40736de,1785397265705,sender -> receiver,0,True,1785397266578.0,873.0,0.0,False
ae28bc32-fa91-5a02-ad28-dfdeca795771,1785397265737,sender -> receiver,0,True,1785397266608.0,871.0,0.0,False
e0850645-424b-5f1e-8d15-afee1883be89,1785397266671,sender -> receiver,0,True,1785397266668.0,-3.0,0.0,False
3fc0574d-8b0e-5160-b1f3-18f0b9f5b2a4,1785397266676,sender -> receiver,0,True,1785397267613.0,937.0,0.0,False
a91e0c33-d246-5b31-abe9-30870afd7802,1785397266680,sender -> receiver,0,True,1785397267638.0,958.0,0.0,False
50f3e3c8-faa0-545a-90dc-6b1d74b2e12c,1785397266684,sender -> receiver,0,True,1785397267695.0,1011.0,0.0,False
ac2774a1-f967-51ee-a01e-b65e1ac1280c,1785397266712,sender -> receiver,0,True,1785397267721.0,1009.0,0.0,False
f124219a-bbca-5c6b-a9eb-d563bbb14b31,1785397267691,sender -> receiver,0,True,1785397267746.0,55.0,0.0,False
91b87e14-921a-546e-a2b1-fffcd2f5e1c8,1785397267697,sender -> receiver,0,True,1785397267767.0,70.0,0.0,False
c2cccffa-0789-5c35-ad92-8dc807900159,1785397267703,sender -> receiver,0,True,1785397267790.0,87.0,0.0,False
64e0e1bc-1b7c-5fd3-b0a2-dd0305aea4fa,1785397267737,sender -> receiver,0,True,1785397267832.0,95.0,0.0,False
4de5147a-78af-5eb1-b635-a2f371129172,1785397267742,sender -> receiver,0,True,1785397267911.0,169.0,0.0,False
6dadb20e-3afb-5c3e-a49e-442eb20c74b7,1785397268684,sender -> receiver,0,True,1785397268778.0,94.0,0.0,False
e1a23788-1894-50d7-b963-98f8999ebe0b,1785397268689,sender -> receiver,0,True,1785397268883.0,194.0,0.0,False
fafd3bc0-7734-521b-bf45-0b03187045cb,1785397268694,sender -> receiver,0,True,1785397269376.0,682.0,0.0,False
41ef91bc-26cc-5a92-849e-5a3dfdac4f78,1785397268698,sender -> receiver,0,True,1785397269400.0,702.0,0.0,False
8ea14129-8582-576c-8fc7-71f5aee11d60,1785397268728,sender -> receiver,0,True,1785397269424.0,696.0,0.0,False
